CrashId,Fatal Case Status,Fatal Case Status Text Format,CrashId,CrashId,Latitude,Longitude,DOT Case Number,Town Name,Town Number,Town Number,Town Number Text Format,Date Of Crash,Year,Month,Month Text Format,Day,Day of the Week,Day of the Week Text Format,Time of Crash,Hour of the Day,Case Identifier,Crash Severity,Number Of Motor Vehicles,Motor vehicle action,Most harmful event,Crash Severity Text Format,Most Severe Injury,Most Severe Injury Text Format,Number Of Non-Motorist,Number Of Witnesses,Route Class,Route Class Text Format,Milemarker,Road Number,Road Description,Roadway Name,Intersecting Roadway Name,Landmark Description,Distance From Nearest Landmark,Unit Of Measure From Nearest Landmark,Direction From Nearest Landmark,Latitude,Longitude,First Harmful Event,First Harmful Event Text Format,Manner of Crash / Collision Impact,Manner of Crash / Collision Impact Text Format,Location of First Harmful Event,Location of First Harmful Event Text Format,Weather Condition,Weather Condition Text Format,Weather 2,Weather 2 Text Format,Light Condition,Light Condition Text Format,Road Surface Condition,Road Surface Condition Text Format,"Contributing Circumstances, Environment","Contributing Circumstances, Environment Text Format",Environment 2,Environment 2 Text Format,Environment 3,Environment 3 Text Format,"Contributing Circumstances, Road","Contributing Circumstances, Road Text Format",Road 2,Road 2 Text Format,Road 3,Road 3 Text Format,Crash Specific Location,Crash Specific Location Text Format,Type of Intersection,Type of Intersection Text Format,School Bus Related,School Bus Related Text Format,Work Zone Related,Work Zone Related Text Format,Location Of Crash Relative To Work Zone,Location Of Crash Relative To Work Zone Text Format,Type of Work Zone,Type of Work Zone Text Format,Worker Presence,Worker Presence Text Format,Law Enforcement Presence,Law Enforcement Presence Text Format,Were Vehicles Moved Prior To Police Arrival,Trafficway Ownership,Trafficway Ownership Text Format,Trafficway Class,Trafficway Class Text Format,Police Agency,Police Agency Text Format,Badge Number,Approval Date,Police Case Status,Police Case Status Text Format,Crash Report Submission Date,Related Case Identifiers,No. of Through Lanes (Log Dir.),Average Daily Traffic,Functional Classification,Functional Classification Text Format,Rural or Urban,Rural or Urban Text Format
884314,1,Complete,884314,884314,41.310441,-72.940529,3386412,New Haven,93,93,New Haven,1/20/2021,2021,1,January,20,4,Wednesday,6:32:00,6,21002343,A,3,,Motor Vehicle In Motion,"Injury of any type (Serious, Minor, Possible)",C,Possible Injury (C),0,0,4,Local,2.59,97,CHAPEL ST,CHAPEL ST,,KENSINGTON ST,75,Feet,E,41.310441,-72.940529,14,Motor Vehicle in Operation,3,Angle,1,On Roadway,1,Clear,88,Not Applicable,1,Daylight,1,Dry,0,None,88,Not Applicable,88,Not Applicable,0,None,88,Not Applicable,88,Not Applicable,1,Non-Junction,1,Not at Intersection,1,No,1,No,88,Not Applicable,88,Not Applicable,88,Not Applicable,88,Not Applicable,FALSE,1,Public Road,1,"Trafficway, On Road",CT0009300,New Haven PD,40789,58:01.0,C,Closed,42:41.0,,,,,,,
884316,1,Complete,884316,884316,41.290326,-72.939417,3386414,New Haven,93,93,New Haven,1/20/2021,2021,1,January,20,4,Wednesday,10:46:00,10,21002358,A,2,,Motor Vehicle In Motion,"Injury of any type (Serious, Minor, Possible)",C,Possible Injury (C),0,0,4,Local,0.06,350,LAMBERTON ST,LAMBERTON ST,,ELLA T GRASSO BLVD,200,Feet,W,41.290326,-72.939417,14,Motor Vehicle in Operation,3,Angle,1,On Roadway,1,Clear,88,Not Applicable,1,Daylight,1,Dry,0,None,88,Not Applicable,88,Not Applicable,0,None,88,Not Applicable,88,Not Applicable,1,Non-Junction,1,Not at Intersection,1,No,1,No,88,Not Applicable,88,Not Applicable,88,Not Applicable,88,Not Applicable,FALSE,1,Public Road,1,"Trafficway, On Road",CT0009300,New Haven PD,40807,41:10.0,C,Closed,42:36.0,,,,,,,
884319,1,Complete,884319,884319,41.31296,-72.93302,3386417,New Haven,93,93,New Haven,1/20/2021,2021,1,January,20,4,Wednesday,14:00:00,14,21002379,A,1,,Ran Off Roadway Left,"Injury of any type (Serious, Minor, Possible)",C,Possible Injury (C),0,0,4,Local,0.93,653,WHALLEY AV,WHALLEY AV,TOWER PKWY,,,,,41.31296,-72.93302,34,Traffic Sign Support,88,Not Applicable,1,On Roadway,1,Clear,88,Not Applicable,1,Daylight,1,Dry,0,None,88,Not Applicable,88,Not Applicable,0,None,88,Not Applicable,88,Not Applicable,3,Intersection-Related,4,Y-Intersection,1,No,1,No,88,Not Applicable,88,Not Applicable,88,Not Applicable,88,Not Applicable,FALSE,1,Public Road,1,"Trafficway, On Road",CT0009300,New Haven PD,62,14:27.0,C,Closed,42:43.0,,4,21100,3,PRINCIPAL ARTERIAL - OTHER - NEW HPMS,2,Urban
884320,1,Complete,884320,884320,41.306747,-72.93665,3386418,New Haven,93,93,New Haven,1/20/2021,2021,1,January,20,4,Wednesday,15:55:00,15,21002384,A,2,,Motor Vehicle In Motion,"Injury of any type (Serious, Minor, Possible)",C,Possible Injury (C),0,0,4,Local,0.71,809,REV DR MLK JR BLVD,REV DR MLK JR BLVD,,HOWE ST,20,Feet,E,41.306747,-72.93665,14,Motor Vehicle in Operation,1,Front to rear,1,On Roadway,1,Clear,88,Not Applicable,1,Daylight,1,Dry,0,None,88,Not Applicable,88,Not Applicable,0,None,88,Not Applicable,88,Not Applicable,1,Non-Junction,1,Not at Intersection,1,No,1,No,88,Not Applicable,88,Not Applicable,88,Not Applicable,88,Not Applicable,TRUE,1,Public Road,1,"Trafficway, On Road",CT0009300,New Haven PD,261,21:42.0,C,Closed,42:58.0,,,,,,,
884321,1,Complete,884321,884321,41.316111,-72.933117,3386419,New Haven,93,93,New Haven,1/20/2021,2021,1,January,20,4,Wednesday,16:05:00,16,21002387,A,2,,Motor Vehicle In Motion,"Injury of any type (Serious, Minor, Possible)",C,Possible Injury (C),0,0,4,Local,0.23,152,DIXWELL AV,DIXWELL AV,,FRANCES HUNTER DR,100,Feet,N,41.316111,-72.933117,14,Motor Vehicle in Operation,2,Front to front,1,On Roadway,1,Clear,88,Not Applicable,1,Daylight,1,Dry,0,None,88,Not Applicable,88,Not Applicable,0,None,88,Not Applicable,88,Not Applicable,1,Non-Junction,1,Not at Intersection,1,No,1,No,88,Not Applicable,88,Not Applicable,88,Not Applicable,88,Not Applicable,FALSE,1,Public Road,1,"Trafficway, On Road",CT0009300,New Haven PD,41103,20:30.0,C,Closed,42:38.0,,,,,,,
884326,1,Complete,884326,884326,41.30676,-72.95275,3386424,New Haven,93,93,New Haven,1/21/2021,2021,1,January,21,5,Thursday,6:50:00,6,21002433,A,1,,Embankment,"Injury of any type (Serious, Minor, Possible)",C,Possible Injury (C),0,0,3,State,2.13,10,10-N,10-N,REV DR MLK JR BLVD,,,,,41.30676,-72.95275,27,Embankment,88,Not Applicable,1,On Roadway,1,Clear,88,Not Applicable,1,Daylight,1,Dry,0,None,88,Not Applicable,88,Not Applicable,0,None,88,Not Applicable,88,Not Applicable,2,Intersection,3,T-Intersection,1,No,1,No,88,Not Applicable,88,Not Applicable,88,Not Applicable,88,Not Applicable,FALSE,1,Public Road,1,"Trafficway, On Road",CT0009300,New Haven PD,40789,59:10.0,C,Closed,43:15.0,,2,3535,7,LOCAL - NEW HPMS,2,Urban
884334,1,Complete,884334,884334,41.311624,-72.899874,3386432,New Haven,93,93,New Haven,1/21/2021,2021,1,January,21,5,Thursday,15:28:00,15,21002493,A,2,,Motor Vehicle In Motion,"Injury of any type (Serious, Minor, Possible)",C,Possible Injury (C),0,0,4,Local,0.6,57,BLATCHLEY AV,BLATCHLEY AV,PINE ST NO 1,,,,,41.311624,-72.899874,14,Motor Vehicle in Operation,3,Angle,1,On Roadway,1,Clear,88,Not Applicable,1,Daylight,1,Dry,0,None,88,Not Applicable,88,Not Applicable,0,None,88,Not Applicable,88,Not Applicable,2,Intersection,2,Four-Way Intersection,1,No,1,No,88,Not Applicable,88,Not Applicable,88,Not Applicable,88,Not Applicable,FALSE,1,Public Road,1,"Trafficway, On Road",CT0009300,New Haven PD,83,02:28.0,C,Closed,42:50.0,,,,,,,
884337,1,Complete,884337,884337,41.289041,-72.894381,3386435,New Haven,93,93,New Haven,1/21/2021,2021,1,January,21,5,Thursday,17:33:00,17,21002515,A,2,,Motor Vehicle In Motion,"Injury of any type (Serious, Minor, Possible)",C,Possible Injury (C),0,0,4,Local,1.31,678,WOODWARD AV,WOODWARD AV,ALLEN PL,,,,,41.289041,-72.894381,14,Motor Vehicle in Operation,1,Front to rear,1,On Roadway,1,Clear,88,Not Applicable,3,Dusk,1,Dry,0,None,88,Not Applicable,88,Not Applicable,0,None,88,Not Applicable,88,Not Applicable,2,Intersection,2,Four-Way Intersection,1,No,1,No,88,Not Applicable,88,Not Applicable,88,Not Applicable,88,Not Applicable,FALSE,1,Public Road,1,"Trafficway, On Road",CT0009300,New Haven PD,40788,23:41.0,C,Closed,42:49.0,,,,,,,
884338,1,Complete,884338,884338,41.33808,-72.976693,3386436,New Haven,93,93,New Haven,1/21/2021,2021,1,January,21,5,Thursday,19:39:00,19,21002536,A,1,,Pedestrian,"Injury of any type (Serious, Minor, Possible)",C,Possible Injury (C),2,1,3,State,0.1,15,15-N-114,15-N-114,69-N,,,,,41.33808,-72.976693,9,Pedestrian,88,Not Applicable,1,On Roadway,1,Clear,88,Not Applicable,5,Dark-Not Lighted,1,Dry,0,None,88,Not Applicable,88,Not Applicable,0,None,88,Not Applicable,88,Not Applicable,2,Intersection,3,T-Intersection,1,No,1,No,88,Not Applicable,88,Not Applicable,88,Not Applicable,88,Not Applicable,FALSE,1,Public Road,1,"Trafficway, On Road",CT0009300,New Haven PD,402,16:50.0,C,Closed,42:46.0,,1,5500,2,PRIN ART-OTHER FREEWAYS & EXPRESSWAYS - NEW HPMS,2,Urban
884353,1,Complete,884353,884353,41.315321,-72.950903,3386451,New Haven,93,93,New Haven,1/22/2021,2021,1,January,22,6,Friday,20:35:00,20,21002656,A,2,,Motor Vehicle In Motion,"Injury of any type (Serious, Minor, Possible)",C,Possible Injury (C),0,1,3,State,2.76,10,10-N,10-N,EDGEWOOD AV,,,,,41.315321,-72.950903,14,Motor Vehicle in Operation,3,Angle,1,On Roadway,1,Clear,88,Not Applicable,4,Dark-Lighted,1,Dry,0,None,88,Not Applicable,88,Not Applicable,0,None,88,Not Applicable,88,Not Applicable,2,Intersection,2,Four-Way Intersection,1,No,1,No,88,Not Applicable,88,Not Applicable,88,Not Applicable,88,Not Applicable,FALSE,1,Public Road,1,"Trafficway, On Road",CT0009300,New Haven PD,7,43:28.0,C,Closed,43:03.0,,2,10100,3,PRINCIPAL ARTERIAL - OTHER - NEW HPMS,2,Urban
884365,1,Complete,884365,884365,41.314524,-72.93865,3386463,New Haven,93,93,New Haven,1/24/2021,2021,1,January,24,1,Sunday,8:40:00,8,21002787,A,1,,Not Applicable,"Injury of any type (Serious, Minor, Possible)",C,Possible Injury (C),1,0,,,,,,WHALLEY AVE,,ORCHARCD ST,100,Feet,N,41.314524,-72.93865,9,Pedestrian,88,Not Applicable,9,Outside Right-of-Way (trafficway),1,Clear,88,Not Applicable,1,Daylight,1,Dry,0,None,88,Not Applicable,88,Not Applicable,0,None,88,Not Applicable,88,Not Applicable,97,Other,1,Not at Intersection,1,No,1,No,88,Not Applicable,88,Not Applicable,88,Not Applicable,88,Not Applicable,FALSE,2,Private Road,4,Parking Lot,CT0009300,New Haven PD,91,25:44.0,C,Closed,43:16.0,,,,,,,
884367,1,Complete,884367,884367,41.313713,-72.938682,3386465,New Haven,93,93,New Haven,1/24/2021,2021,1,January,24,1,Sunday,10:51:00,10,21002797,A,2,,Motor Vehicle In Motion,"Injury of any type (Serious, Minor, Possible)",C,Possible Injury (C),0,0,4,Local,0,338,KENSINGTON ST,KENSINGTON ST,ELM ST NO 1,,,,,41.313713,-72.938682,14,Motor Vehicle in Operation,3,Angle,1,On Roadway,1,Clear,88,Not Applicable,1,Daylight,1,Dry,0,None,88,Not Applicable,88,Not Applicable,0,None,88,Not Applicable,88,Not Applicable,2,Intersection,3,T-Intersection,1,No,1,No,88,Not Applicable,88,Not Applicable,88,Not Applicable,88,Not Applicable,FALSE,1,Public Road,1,"Trafficway, On Road",CT0009300,New Haven PD,465,01:17.0,C,Closed,43:07.0,,,,,,,
884368,1,Complete,884368,884368,41.32695,-72.93518,3386466,New Haven,93,93,New Haven,1/24/2021,2021,1,January,24,1,Sunday,13:13:00,13,21002807,A,2,,Separation of Units,"Injury of any type (Serious, Minor, Possible)",C,Possible Injury (C),0,1,4,Local,1,152,DIXWELL AV,DIXWELL AV,DIVISION ST,,,,,41.32695,-72.93518,14,Motor Vehicle in Operation,1,Front to rear,1,On Roadway,1,Clear,88,Not Applicable,1,Daylight,1,Dry,0,None,88,Not Applicable,88,Not Applicable,0,None,88,Not Applicable,88,Not Applicable,3,Intersection-Related,3,T-Intersection,1,No,1,No,88,Not Applicable,88,Not Applicable,88,Not Applicable,88,Not Applicable,FALSE,1,Public Road,1,"Trafficway, On Road",CT0009300,New Haven PD,991,19:35.0,O,Open,43:14.0,,,,,,,
884370,1,Complete,884370,884370,41.30734,-72.89679,3386468,New Haven,93,93,New Haven,1/24/2021,2021,1,January,24,1,Sunday,18:59:00,18,21002836,A,1,,Pedestrian,"Injury of any type (Serious, Minor, Possible)",B,Suspected Minor Injury (B),1,0,4,Local,0.38,487,POPLAR ST,POPLAR ST,EXCHANGE ST,,,,,41.30734,-72.89679,9,Pedestrian,88,Not Applicable,1,On Roadway,1,Clear,88,Not Applicable,5,Dark-Not Lighted,1,Dry,0,None,88,Not Applicable,88,Not Applicable,0,None,88,Not Applicable,88,Not Applicable,2,Intersection,2,Four-Way Intersection,1,No,1,No,88,Not Applicable,88,Not Applicable,88,Not Applicable,88,Not Applicable,FALSE,1,Public Road,1,"Trafficway, On Road",CT0009300,New Haven PD,10,46:55.0,C,Closed,43:10.0,,2,3209,7,LOCAL - NEW HPMS,2,Urban
884371,1,Complete,884371,884371,41.30395,-72.936773,3386469,New Haven,93,93,New Haven,1/24/2021,2021,1,January,24,1,Sunday,19:54:00,19,21002841,A,2,,Motor Vehicle In Motion,"Injury of any type (Serious, Minor, Possible)",C,Possible Injury (C),0,0,4,Local,0.12,308,HOWARD AV,HOWARD AV,,SYLVAN AVE,395,Feet,S,41.30395,-72.936773,14,Motor Vehicle in Operation,3,Angle,1,On Roadway,1,Clear,88,Not Applicable,4,Dark-Lighted,1,Dry,0,None,88,Not Applicable,88,Not Applicable,0,None,88,Not Applicable,88,Not Applicable,9,Driveway Access-Related,1,Not at Intersection,1,No,1,No,88,Not Applicable,88,Not Applicable,88,Not Applicable,88,Not Applicable,FALSE,1,Public Road,1,"Trafficway, On Road",CT0009300,New Haven PD,319,11:39.0,C,Closed,43:08.0,,2,9300,4,MINOR ARTERIAL - NEW HPMS,2,Urban
884421,1,Complete,884421,884421,41.30491,-72.934342,3386519,New Haven,93,93,New Haven,1/25/2021,2021,1,January,25,2,Monday,16:50:00,16,21002952,A,3,,Motor Vehicle In Motion,"Injury of any type (Serious, Minor, Possible)",C,Possible Injury (C),0,0,4,Local,0.19,565,SOUTH FRONTAGE RD-RT 34,SOUTH FRONTAGE RD-RT 34,YORK ST,,,,,41.30491,-72.934342,14,Motor Vehicle in Operation,1,Front to rear,1,On Roadway,1,Clear,88,Not Applicable,4,Dark-Lighted,1,Dry,0,None,88,Not Applicable,88,Not Applicable,0,None,88,Not Applicable,88,Not Applicable,2,Intersection,2,Four-Way Intersection,1,No,1,No,88,Not Applicable,88,Not Applicable,88,Not Applicable,88,Not Applicable,TRUE,1,Public Road,1,"Trafficway, On Road",CT0009300,New Haven PD,319,07:32.0,C,Closed,43:20.0,,,,,,,
884424,1,Complete,884424,884424,41.290999,-72.934746,3386522,New Haven,93,93,New Haven,1/25/2021,2021,1,January,25,2,Monday,20:37:00,20,21002978,A,1,,Unknown,"Injury of any type (Serious, Minor, Possible)",A,Suspected Serious Injury (A),0,0,4,Local,0.28,483,PLYMOUTH ST,PLYMOUTH ST,LAMBERTON ST,,,,,41.290999,-72.934746,22,Bridge Rail,88,Not Applicable,1,On Roadway,1,Clear,88,Not Applicable,4,Dark-Lighted,1,Dry,0,None,88,Not Applicable,88,Not Applicable,0,None,88,Not Applicable,88,Not Applicable,2,Intersection,3,T-Intersection,1,No,1,No,88,Not Applicable,88,Not Applicable,88,Not Applicable,88,Not Applicable,FALSE,1,Public Road,1,"Trafficway, On Road",CT0009300,New Haven PD,266,30:36.0,C,Closed,43:37.0,,1,5348,7,LOCAL - NEW HPMS,2,Urban
884426,1,Complete,884426,884426,41.306824,-72.946318,3386524,New Haven,93,93,New Haven,1/26/2021,2021,1,January,26,3,Tuesday,0:34:00,0,21002995,A,2,,Motor Vehicle In Motion,"Injury of any type (Serious, Minor, Possible)",C,Possible Injury (C),0,0,4,Local,1.22,809,REV DR MLK JR BLVD,REV DR MLK JR BLVD,,,,,,41.306824,-72.946318,14,Motor Vehicle in Operation,1,Front to rear,1,On Roadway,1,Clear,88,Not Applicable,3,Dusk,1,Dry,0,None,88,Not Applicable,88,Not Applicable,0,None,88,Not Applicable,88,Not Applicable,2,Intersection,2,Four-Way Intersection,1,No,1,No,88,Not Applicable,88,Not Applicable,88,Not Applicable,88,Not Applicable,FALSE,1,Public Road,1,"Trafficway, On Road",CT0009300,New Haven PD,40789,09:25.0,C,Closed,43:26.0,,,,,,,
884437,1,Complete,884437,884437,41.330237,-72.944459,3386535,New Haven,93,93,New Haven,1/26/2021,2021,1,January,26,3,Tuesday,22:25:00,22,21003084,A,1,,Tree (standing),"Injury of any type (Serious, Minor, Possible)",C,Possible Injury (C),0,0,4,Local,0.81,690,ELLA T GRASSO BLVD,ELLA T GRASSO BLVD,CRESCENT ST,,,,,41.330237,-72.944459,32,Tree (standing),88,Not Applicable,4,Roadside,7,Snow,88,Not Applicable,3,Dusk,5,Ice / Frost,1,Weather Conditions,88,Not Applicable,88,Not Applicable,5,"Road Surface Condition (wet, icy, snow, slush, etc.)",88,Not Applicable,88,Not Applicable,2,Intersection,3,T-Intersection,1,No,1,No,88,Not Applicable,88,Not Applicable,88,Not Applicable,88,Not Applicable,FALSE,1,Public Road,1,"Trafficway, On Road",CT0009300,New Haven PD,41103,11:41.0,C,Closed,43:28.0,,4,9200,4,MINOR ARTERIAL - NEW HPMS,2,Urban
884445,1,Complete,884445,884445,41.304056,-72.934899,3386543,New Haven,93,93,New Haven,2/2/2021,2021,2,February,2,3,Tuesday,15:30:00,15,21003151,A,2,,Motor Vehicle In Motion,"Injury of any type (Serious, Minor, Possible)",C,Possible Injury (C),0,0,4,Local,0.1,766,YORK ST,YORK ST,,HOWARD AVE,50,Feet,W,41.304056,-72.934899,14,Motor Vehicle in Operation,3,Angle,1,On Roadway,1,Clear,88,Not Applicable,1,Daylight,1,Dry,0,None,88,Not Applicable,88,Not Applicable,0,None,88,Not Applicable,88,Not Applicable,1,Non-Junction,1,Not at Intersection,1,No,1,No,88,Not Applicable,88,Not Applicable,88,Not Applicable,88,Not Applicable,TRUE,1,Public Road,1,"Trafficway, On Road",CT0009300,New Haven PD,708,38:27.0,C,Closed,44:27.0,,,,,,,
884451,1,Complete,884451,884451,41.30462,-72.90263,3386549,New Haven,93,93,New Haven,1/27/2021,2021,1,January,27,4,Wednesday,19:54:00,19,21003202,A,2,,Motor Vehicle In Motion,"Injury of any type (Serious, Minor, Possible)",C,Possible Injury (C),0,0,4,Local,0.82,327,JAMES ST,JAMES ST,SALTONSTALL AV,,,,,41.30462,-72.90263,14,Motor Vehicle in Operation,3,Angle,1,On Roadway,1,Clear,88,Not Applicable,4,Dark-Lighted,1,Dry,0,None,88,Not Applicable,88,Not Applicable,0,None,88,Not Applicable,88,Not Applicable,2,Intersection,2,Four-Way Intersection,1,No,1,No,88,Not Applicable,88,Not Applicable,88,Not Applicable,88,Not Applicable,FALSE,1,Public Road,1,"Trafficway, On Road",CT0009300,New Haven PD,754,09:31.0,O,Open,43:37.0,,,,,,,
884453,1,Complete,884453,884453,41.291971,-72.936296,3386551,New Haven,93,93,New Haven,1/27/2021,2021,1,January,27,4,Wednesday,20:38:00,20,21003206,A,4,,Motor Vehicle In Motion,"Injury of any type (Serious, Minor, Possible)",B,Suspected Minor Injury (B),0,0,4,Local,0.08,78,BUTTON ST,BUTTON ST,,LAMBERTON ST,400,Feet,S,41.291971,-72.936296,14,Motor Vehicle in Operation,4,"Sideswipe, same direction",1,On Roadway,1,Clear,88,Not Applicable,1,Daylight,2,Wet,0,None,88,Not Applicable,88,Not Applicable,0,None,88,Not Applicable,88,Not Applicable,1,Non-Junction,1,Not at Intersection,1,No,1,No,88,Not Applicable,88,Not Applicable,88,Not Applicable,88,Not Applicable,FALSE,1,Public Road,1,"Trafficway, On Road",CT0009300,New Haven PD,266,37:01.0,C,Closed,44:21.0,,,,,,,
884455,1,Complete,884455,884455,41.290269,-72.894347,3386553,New Haven,93,93,New Haven,1/28/2021,2021,1,January,28,5,Thursday,10:03:00,10,21003254,A,2,,Motor Vehicle In Motion,"Injury of any type (Serious, Minor, Possible)",C,Possible Injury (C),0,0,2,USRoute,50.15,1,1-N,1-N,WOODWARD AV,,,,,41.290269,-72.894347,14,Motor Vehicle in Operation,4,"Sideswipe, same direction",1,On Roadway,2,Cloudy,88,Not Applicable,1,Daylight,1,Dry,0,None,88,Not Applicable,88,Not Applicable,0,None,88,Not Applicable,88,Not Applicable,2,Intersection,2,Four-Way Intersection,1,No,1,No,88,Not Applicable,88,Not Applicable,88,Not Applicable,88,Not Applicable,FALSE,1,Public Road,1,"Trafficway, On Road",CT0009300,New Haven PD,156,47:13.0,C,Closed,43:39.0,,4,9400,3,PRINCIPAL ARTERIAL - OTHER - NEW HPMS,2,Urban
884458,1,Complete,884458,884458,41.307245,-72.928391,3386556,New Haven,93,93,New Haven,1/28/2021,2021,1,January,28,5,Thursday,11:44:00,11,21003269,A,2,,Motor Vehicle In Motion,"Injury of any type (Serious, Minor, Possible)",C,Possible Injury (C),0,0,4,Local,1.92,97,CHAPEL ST,CHAPEL ST,,College St ,50,Feet,E,41.307245,-72.928391,14,Motor Vehicle in Operation,1,Front to rear,1,On Roadway,1,Clear,88,Not Applicable,1,Daylight,1,Dry,0,None,88,Not Applicable,88,Not Applicable,0,None,88,Not Applicable,88,Not Applicable,3,Intersection-Related,2,Four-Way Intersection,1,No,1,No,88,Not Applicable,88,Not Applicable,88,Not Applicable,88,Not Applicable,FALSE,1,Public Road,1,"Trafficway, On Road",CT0009300,New Haven PD,165,36:27.0,C,Closed,43:36.0,,,,,,,
884463,1,Complete,884463,884463,41.307025,-72.938904,3386561,New Haven,93,93,New Haven,1/28/2021,2021,1,January,28,5,Thursday,23:31:00,23,21003370,A,2,,Motor Vehicle In Motion,"Injury of any type (Serious, Minor, Possible)",A,Suspected Serious Injury (A),0,0,4,Local,0.84,809,REV DR MLK JR BLVD,REV DR MLK JR BLVD,DWIGHT ST,,,,,41.307025,-72.938904,14,Motor Vehicle in Operation,3,Angle,1,On Roadway,2,Cloudy,88,Not Applicable,4,Dark-Lighted,1,Dry,0,None,88,Not Applicable,88,Not Applicable,0,None,88,Not Applicable,88,Not Applicable,2,Intersection,2,Four-Way Intersection,1,No,1,No,88,Not Applicable,88,Not Applicable,88,Not Applicable,88,Not Applicable,FALSE,1,Public Road,1,"Trafficway, On Road",CT0009300,New Haven PD,40956,57:45.0,C,Closed,43:45.0,,,,,,,
884472,1,Complete,884472,884472,41.327256,-72.96838,3386570,New Haven,93,93,New Haven,1/29/2021,2021,1,January,29,6,Friday,13:16:00,13,21003427,A,2,,Motor Vehicle In Motion,"Injury of any type (Serious, Minor, Possible)",C,Possible Injury (C),0,0,3,State,3.37,122,122-N,122-N,243-W,,,,,41.327256,-72.96838,14,Motor Vehicle in Operation,4,"Sideswipe, same direction",1,On Roadway,1,Clear,88,Not Applicable,1,Daylight,1,Dry,0,None,88,Not Applicable,88,Not Applicable,0,None,88,Not Applicable,88,Not Applicable,2,Intersection,2,Four-Way Intersection,1,No,1,No,88,Not Applicable,88,Not Applicable,88,Not Applicable,88,Not Applicable,TRUE,1,Public Road,1,"Trafficway, On Road",CT0009300,New Haven PD,313,06:23.0,C,Closed,43:57.0,,1,11600,4,MINOR ARTERIAL - NEW HPMS,2,Urban
884474,1,Complete,884474,884474,41.315452,-72.939235,3386572,New Haven,93,93,New Haven,1/29/2021,2021,1,January,29,6,Friday,15:54:00,15,21003437,A,2,,Motor Vehicle In Motion,"Injury of any type (Serious, Minor, Possible)",B,Suspected Minor Injury (B),0,0,4,Local,0.56,653,WHALLEY AV,WHALLEY AV,ORCHARD ST,,,,,41.315452,-72.939235,14,Motor Vehicle in Operation,3,Angle,1,On Roadway,1,Clear,88,Not Applicable,1,Daylight,1,Dry,0,None,88,Not Applicable,88,Not Applicable,0,None,88,Not Applicable,88,Not Applicable,2,Intersection,2,Four-Way Intersection,1,No,1,No,88,Not Applicable,88,Not Applicable,88,Not Applicable,88,Not Applicable,FALSE,1,Public Road,1,"Trafficway, On Road",CT0009300,New Haven PD,79,39:40.0,C,Closed,43:52.0,,,,,,,
884478,1,Complete,884478,884478,41.319609,-72.871798,3386576,New Haven,93,93,New Haven,1/29/2021,2021,1,January,29,6,Friday,15:58:00,15,21003468,A,2,,Motor Vehicle In Motion,"Injury of any type (Serious, Minor, Possible)",C,Possible Injury (C),0,0,4,Local,0.9,167,EASTERN ST,EASTERN ST,,FOXON BLVD,200,Feet,S,41.319609,-72.871798,14,Motor Vehicle in Operation,4,"Sideswipe, same direction",1,On Roadway,1,Clear,88,Not Applicable,1,Daylight,1,Dry,0,None,88,Not Applicable,88,Not Applicable,0,None,88,Not Applicable,88,Not Applicable,3,Intersection-Related,3,T-Intersection,1,No,1,No,88,Not Applicable,88,Not Applicable,88,Not Applicable,88,Not Applicable,TRUE,1,Public Road,1,"Trafficway, On Road",CT0009300,New Haven PD,736,15:29.0,C,Closed,43:52.0,,,,,,,
884485,1,Complete,884485,884485,41.315444,-72.89485,3386583,New Haven,93,93,New Haven,1/29/2021,2021,1,January,29,6,Friday,22:05:00,22,21003522,A,2,,Parked Vehicle,"Injury of any type (Serious, Minor, Possible)",C,Possible Injury (C),0,0,4,Local,0.48,379,LOMBARD ST,LOMBARD ST,,ROWE ST,100,Feet,E,41.315444,-72.89485,15,Parked Motor Vehicle,4,"Sideswipe, same direction",1,On Roadway,1,Clear,88,Not Applicable,4,Dark-Lighted,1,Dry,0,None,88,Not Applicable,88,Not Applicable,0,None,88,Not Applicable,88,Not Applicable,1,Non-Junction,1,Not at Intersection,1,No,1,No,88,Not Applicable,88,Not Applicable,88,Not Applicable,88,Not Applicable,FALSE,1,Public Road,1,"Trafficway, On Road",CT0009300,New Haven PD,83,49:56.0,C,Closed,44:08.0,,,,,,,
884486,1,Complete,884486,884486,41.316622,-72.93364,3386584,New Haven,93,93,New Haven,1/29/2021,2021,1,January,29,6,Friday,22:40:00,22,21003527,A,1,,Fence,"Injury of any type (Serious, Minor, Possible)",B,Suspected Minor Injury (B),0,0,4,Local,0.34,631,WEBSTER ST,WEBSTER ST,,DIXWELL AVE,50,Feet,S,41.316622,-72.93364,25,Curb,88,Not Applicable,4,Roadside,1,Clear,88,Not Applicable,5,Dark-Not Lighted,1,Dry,99,Unknown,88,Not Applicable,88,Not Applicable,99,Unknown,88,Not Applicable,88,Not Applicable,1,Non-Junction,1,Not at Intersection,1,No,1,No,88,Not Applicable,88,Not Applicable,88,Not Applicable,88,Not Applicable,FALSE,1,Public Road,1,"Trafficway, On Road",CT0009300,New Haven PD,469,20:16.0,C,Closed,52:20.0,,2,6825,7,LOCAL - NEW HPMS,2,Urban