CrashId,Fatal Case Status,Fatal Case Status Text Format,CrashId,CrashId,Latitude,Longitude,DOT Case Number,Town Name,Town Number,Town Number,Town Number Text Format,Date Of Crash,Year,Month,Month Text Format,Day,Day of the Week,Day of the Week Text Format,Time of Crash,Hour of the Day,Case Identifier,Crash Severity,Number Of Motor Vehicles,Motor vehicle action,Most harmful event,Crash Severity Text Format,Most Severe Injury,Most Severe Injury Text Format,Number Of Non-Motorist,Number Of Witnesses,Route Class,Route Class Text Format,Milemarker,Road Number,Road Description,Roadway Name,Intersecting Roadway Name,Landmark Description,Distance From Nearest Landmark,Unit Of Measure From Nearest Landmark,Direction From Nearest Landmark,Latitude,Longitude,First Harmful Event,First Harmful Event Text Format,Manner of Crash / Collision Impact,Manner of Crash / Collision Impact Text Format,Location of First Harmful Event,Location of First Harmful Event Text Format,Weather Condition,Weather Condition Text Format,Weather 2,Weather 2 Text Format,Light Condition,Light Condition Text Format,Road Surface Condition,Road Surface Condition Text Format,"Contributing Circumstances, Environment","Contributing Circumstances, Environment Text Format",Environment 2,Environment 2 Text Format,Environment 3,Environment 3 Text Format,"Contributing Circumstances, Road","Contributing Circumstances, Road Text Format",Road 2,Road 2 Text Format,Road 3,Road 3 Text Format,Crash Specific Location,Crash Specific Location Text Format,Type of Intersection,Type of Intersection Text Format,School Bus Related,School Bus Related Text Format,Work Zone Related,Work Zone Related Text Format,Location Of Crash Relative To Work Zone,Location Of Crash Relative To Work Zone Text Format,Type of Work Zone,Type of Work Zone Text Format,Worker Presence,Worker Presence Text Format,Law Enforcement Presence,Law Enforcement Presence Text Format,Were Vehicles Moved Prior To Police Arrival,Trafficway Ownership,Trafficway Ownership Text Format,Trafficway Class,Trafficway Class Text Format,Police Agency,Police Agency Text Format,Badge Number,Approval Date,Police Case Status,Police Case Status Text Format,Crash Report Submission Date,Related Case Identifiers,No. of Through Lanes (Log Dir.),Average Daily Traffic,Functional Classification,Functional Classification Text Format,Rural or Urban,Rural or Urban Text Format
884489,1,Complete,884489,884489,41.2905,-72.9337,3386587,New Haven,93,93,New Haven,1/30/2021,2021,1,January,30,7,Saturday,2:14:00,2,21003543,A,2,,Motor Vehicle In Motion,"Injury of any type (Serious, Minor, Possible)",C,Possible Injury (C),0,0,4,Local,0.11,339,KIMBERLY AV,KIMBERLY AV,GREENWICH AV NO 1,,,,,41.2905,-72.9337,14,Motor Vehicle in Operation,4,"Sideswipe, same direction",1,On Roadway,1,Clear,88,Not Applicable,4,Dark-Lighted,1,Dry,0,None,88,Not Applicable,88,Not Applicable,0,None,88,Not Applicable,88,Not Applicable,2,Intersection,3,T-Intersection,1,No,1,No,88,Not Applicable,88,Not Applicable,88,Not Applicable,88,Not Applicable,FALSE,1,Public Road,1,"Trafficway, On Road",CT0009300,New Haven PD,40955,34:37.0,C,Closed,43:53.0,,,,,,,
884490,1,Complete,884490,884490,41.338454,-72.976612,3386588,New Haven,93,93,New Haven,1/30/2021,2021,1,January,30,7,Saturday,7:10:00,7,21003553,A,2,,Motor Vehicle In Motion,"Injury of any type (Serious, Minor, Possible)",C,Possible Injury (C),0,0,3,State,0.28,69,69-N,69-N,,POND LILY AVE,200,Feet,E,41.338454,-72.976612,14,Motor Vehicle in Operation,4,"Sideswipe, same direction",1,On Roadway,1,Clear,88,Not Applicable,1,Daylight,1,Dry,0,None,88,Not Applicable,88,Not Applicable,0,None,88,Not Applicable,88,Not Applicable,5,Entrance / Exit Ramp-Related,1,Not at Intersection,1,No,1,No,88,Not Applicable,88,Not Applicable,88,Not Applicable,88,Not Applicable,FALSE,1,Public Road,1,"Trafficway, On Road",CT0009300,New Haven PD,313,04:59.0,C,Closed,43:58.0,,3,21000,3,PRINCIPAL ARTERIAL - OTHER - NEW HPMS,2,Urban
884491,1,Complete,884491,884491,41.326226,-72.960049,3386589,New Haven,93,93,New Haven,1/30/2021,2021,1,January,30,7,Saturday,10:39:00,10,21003562,A,2,,Motor Vehicle In Motion,"Injury of any type (Serious, Minor, Possible)",B,Suspected Minor Injury (B),0,0,3,State,6.64,243,243-E,243-E,CENTRAL AV,,,,,41.326226,-72.960049,14,Motor Vehicle in Operation,2,Front to front,1,On Roadway,1,Clear,88,Not Applicable,1,Daylight,1,Dry,1,Weather Conditions,88,Not Applicable,88,Not Applicable,0,None,88,Not Applicable,88,Not Applicable,2,Intersection,2,Four-Way Intersection,1,No,1,No,88,Not Applicable,88,Not Applicable,88,Not Applicable,88,Not Applicable,FALSE,1,Public Road,1,"Trafficway, On Road",CT0009300,New Haven PD,378,14:37.0,C,Closed,44:00.0,,2,9700,4,MINOR ARTERIAL - NEW HPMS,2,Urban
884497,1,Complete,884497,884497,41.330906,-72.874603,3386595,New Haven,93,93,New Haven,1/30/2021,2021,1,January,30,7,Saturday,16:12:00,16,21003587,A,3,,Motor Vehicle In Motion,"Injury of any type (Serious, Minor, Possible)",B,Suspected Minor Injury (B),0,0,3,State,0.83,17,17-N,17-N,CROSS ST,,,,,41.330906,-72.874603,14,Motor Vehicle in Operation,97,Other,1,On Roadway,1,Clear,88,Not Applicable,1,Daylight,1,Dry,0,None,88,Not Applicable,88,Not Applicable,0,None,88,Not Applicable,88,Not Applicable,2,Intersection,3,T-Intersection,1,No,1,No,88,Not Applicable,88,Not Applicable,88,Not Applicable,88,Not Applicable,FALSE,1,Public Road,1,"Trafficway, On Road",CT0009300,New Haven PD,430,16:45.0,O,Open,44:01.0,,2,14200,3,PRINCIPAL ARTERIAL - OTHER - NEW HPMS,2,Urban
884499,1,Complete,884499,884499,41.309665,-72.937048,3386597,New Haven,93,93,New Haven,1/30/2021,2021,1,January,30,7,Saturday,17:29:00,17,21003598,A,2,,Motor Vehicle In Motion,"Injury of any type (Serious, Minor, Possible)",C,Possible Injury (C),0,0,4,Local,2.41,97,CHAPEL ST,CHAPEL ST,DWIGHT ST,,,,,41.309665,-72.937048,14,Motor Vehicle in Operation,3,Angle,1,On Roadway,1,Clear,88,Not Applicable,4,Dark-Lighted,1,Dry,0,None,88,Not Applicable,88,Not Applicable,0,None,88,Not Applicable,88,Not Applicable,3,Intersection-Related,3,T-Intersection,1,No,1,No,88,Not Applicable,88,Not Applicable,88,Not Applicable,88,Not Applicable,FALSE,1,Public Road,1,"Trafficway, On Road",CT0009300,New Haven PD,42053,33:20.0,C,Closed,44:49.0,21003598,,,,,,
884503,1,Complete,884503,884503,41.33185,-72.935859,3386601,New Haven,93,93,New Haven,1/30/2021,2021,1,January,30,7,Saturday,19:26:00,19,21003621,A,3,,Motor Vehicle In Motion,"Injury of any type (Serious, Minor, Possible)",C,Possible Injury (C),0,0,4,Local,0.03,664,WILLIS ST,WILLIS ST,,DIXWELL AVE,100,Feet,W,41.33185,-72.935859,14,Motor Vehicle in Operation,4,"Sideswipe, same direction",1,On Roadway,2,Cloudy,88,Not Applicable,3,Dusk,1,Dry,0,None,88,Not Applicable,88,Not Applicable,0,None,88,Not Applicable,88,Not Applicable,1,Non-Junction,1,Not at Intersection,1,No,1,No,88,Not Applicable,88,Not Applicable,88,Not Applicable,88,Not Applicable,FALSE,1,Public Road,1,"Trafficway, On Road",CT0009300,New Haven PD,516,29:49.0,C,Closed,44:04.0,,,,,,,
884504,1,Complete,884504,884504,41.312313,-72.940806,3386602,New Haven,93,93,New Haven,1/30/2021,2021,1,January,30,7,Saturday,20:38:00,20,21003626,A,2,,Motor Vehicle In Motion,"Injury of any type (Serious, Minor, Possible)",C,Possible Injury (C),0,0,4,Local,1.63,179,EDGEWOOD AV,EDGEWOOD AV,ORCHARD ST,,,,,41.312313,-72.940806,14,Motor Vehicle in Operation,1,Front to rear,1,On Roadway,1,Clear,88,Not Applicable,4,Dark-Lighted,1,Dry,0,None,88,Not Applicable,88,Not Applicable,0,None,88,Not Applicable,88,Not Applicable,2,Intersection,3,T-Intersection,1,No,1,No,88,Not Applicable,88,Not Applicable,88,Not Applicable,88,Not Applicable,TRUE,1,Public Road,1,"Trafficway, On Road",CT0009300,New Haven PD,39,17:01.0,O,Open,44:07.0,21003626,,,,,,
884508,1,Complete,884508,884508,41.28256,-72.93807,3386606,New Haven,93,93,New Haven,1/31/2021,2021,1,January,31,1,Sunday,0:25:00,0,21003654,A,2,,Motor Vehicle In Motion,"Injury of any type (Serious, Minor, Possible)",C,Possible Injury (C),0,0,3,State,0,10,10-N,10-N,745-E,,,,,41.28256,-72.93807,14,Motor Vehicle in Operation,3,Angle,1,On Roadway,1,Clear,88,Not Applicable,4,Dark-Lighted,1,Dry,99,Unknown,88,Not Applicable,88,Not Applicable,99,Unknown,88,Not Applicable,88,Not Applicable,2,Intersection,2,Four-Way Intersection,1,No,1,No,88,Not Applicable,88,Not Applicable,88,Not Applicable,88,Not Applicable,FALSE,1,Public Road,1,"Trafficway, On Road",CT0009300,New Haven PD,40819,38:14.0,C,Closed,44:06.0,,2,1171,7,LOCAL - NEW HPMS,2,Urban
884542,1,Complete,884542,884542,41.297578,-72.948489,3386640,New Haven,93,93,New Haven,1/31/2021,2021,1,January,31,1,Sunday,8:45:00,8,21003672,A,2,,Motor Vehicle In Motion,"Injury of any type (Serious, Minor, Possible)",C,Possible Injury (C),0,1,3,State,1.47,10,10-N,10-N,1-N,,,,,41.297578,-72.948489,14,Motor Vehicle in Operation,3,Angle,1,On Roadway,10,"Blowing Sand, Soil, Dirt",88,Not Applicable,1,Daylight,4,Slush,0,None,88,Not Applicable,88,Not Applicable,0,None,88,Not Applicable,88,Not Applicable,2,Intersection,2,Four-Way Intersection,1,No,1,No,88,Not Applicable,88,Not Applicable,88,Not Applicable,88,Not Applicable,FALSE,1,Public Road,1,"Trafficway, On Road",CT0009300,New Haven PD,301,40:21.0,C,Closed,44:39.0,,4,20700,3,PRINCIPAL ARTERIAL - OTHER - NEW HPMS,2,Urban
884548,1,Complete,884548,884548,41.320894,-72.874397,3386646,New Haven,93,93,New Haven,1/31/2021,2021,1,January,31,1,Sunday,22:34:00,22,21003752,A,2,,Motor Vehicle In Motion,"Injury of any type (Serious, Minor, Possible)",C,Possible Injury (C),0,0,3,State,0.42,80,80-E,80-E,,QUINNIPIAC AVE,300,Feet,W,41.320894,-72.874397,14,Motor Vehicle in Operation,3,Angle,1,On Roadway,1,Clear,88,Not Applicable,4,Dark-Lighted,1,Dry,0,None,88,Not Applicable,88,Not Applicable,0,None,88,Not Applicable,88,Not Applicable,1,Non-Junction,1,Not at Intersection,1,No,1,No,88,Not Applicable,88,Not Applicable,88,Not Applicable,88,Not Applicable,FALSE,1,Public Road,1,"Trafficway, On Road",CT0009300,New Haven PD,40952,21:29.0,C,Closed,44:33.0,,4,32100,3,PRINCIPAL ARTERIAL - OTHER - NEW HPMS,2,Urban
884555,1,Complete,884555,884555,41.30905,-72.903212,3386653,New Haven,93,93,New Haven,2/1/2021,2021,2,February,1,2,Monday,13:17:00,13,21003788,A,1,,Tree (standing),"Injury of any type (Serious, Minor, Possible)",B,Suspected Minor Injury (B),0,0,4,Local,0.51,327,JAMES ST,JAMES ST,,GRAND AVE,100,Feet,N,41.30905,-72.903212,25,Curb,88,Not Applicable,1,On Roadway,7,Snow,88,Not Applicable,1,Daylight,3,Snow,1,Weather Conditions,88,Not Applicable,88,Not Applicable,5,"Road Surface Condition (wet, icy, snow, slush, etc.)",88,Not Applicable,88,Not Applicable,3,Intersection-Related,2,Four-Way Intersection,1,No,1,No,88,Not Applicable,88,Not Applicable,88,Not Applicable,88,Not Applicable,FALSE,1,Public Road,1,"Trafficway, On Road",CT0009300,New Haven PD,86,25:51.0,C,Closed,44:19.0,,2,14400,4,MINOR ARTERIAL - NEW HPMS,2,Urban
884556,1,Complete,884556,884556,41.30529,-72.9264,3386654,New Haven,93,93,New Haven,2/1/2021,2021,2,February,1,2,Monday,17:53:00,17,21003799,A,2,,Motor Vehicle In Motion,"Injury of any type (Serious, Minor, Possible)",C,Possible Injury (C),0,0,4,Local,0.12,103,CHURCH ST,CHURCH ST,CENTER ST,,,,,41.30529,-72.9264,14,Motor Vehicle in Operation,3,Angle,1,On Roadway,7,Snow,88,Not Applicable,4,Dark-Lighted,3,Snow,1,Weather Conditions,88,Not Applicable,88,Not Applicable,5,"Road Surface Condition (wet, icy, snow, slush, etc.)",88,Not Applicable,88,Not Applicable,2,Intersection,2,Four-Way Intersection,1,No,1,No,88,Not Applicable,88,Not Applicable,88,Not Applicable,88,Not Applicable,TRUE,1,Public Road,1,"Trafficway, On Road",CT0009300,New Haven PD,42045,30:52.0,C,Closed,44:25.0,NONE,,,,,,
884558,1,Complete,884558,884558,41.321171,-72.925486,3386656,New Haven,93,93,New Haven,2/1/2021,2021,2,February,1,2,Monday,19:50:00,19,21003807,A,2,,Motor Vehicle In Motion,"Injury of any type (Serious, Minor, Possible)",C,Possible Injury (C),0,0,4,Local,0.12,296,HILLSIDE PL,HILLSIDE PL,,MANSFIELD ST,50,Feet,E,41.321171,-72.925486,14,Motor Vehicle in Operation,1,Front to rear,1,On Roadway,7,Snow,88,Not Applicable,4,Dark-Lighted,3,Snow,1,Weather Conditions,88,Not Applicable,88,Not Applicable,5,"Road Surface Condition (wet, icy, snow, slush, etc.)",88,Not Applicable,88,Not Applicable,1,Non-Junction,1,Not at Intersection,1,No,1,No,88,Not Applicable,88,Not Applicable,88,Not Applicable,88,Not Applicable,FALSE,1,Public Road,1,"Trafficway, On Road",CT0009300,New Haven PD,125,00:14.0,C,Closed,44:20.0,,,,,,,
884561,1,Complete,884561,884561,41.304434,-72.89449,3386659,New Haven,93,93,New Haven,2/2/2021,2021,2,February,2,3,Tuesday,6:42:00,6,21003835,A,2,,Motor Vehicle In Motion,"Injury of any type (Serious, Minor, Possible)",B,Suspected Minor Injury (B),0,0,4,Local,1.08,213,FERRY ST,FERRY ST,,,,,,41.304434,-72.89449,14,Motor Vehicle in Operation,6,Rear to side,1,On Roadway,1,Clear,88,Not Applicable,4,Dark-Lighted,3,Snow,99,Unknown,88,Not Applicable,88,Not Applicable,99,Unknown,88,Not Applicable,88,Not Applicable,2,Intersection,2,Four-Way Intersection,1,No,1,No,88,Not Applicable,88,Not Applicable,88,Not Applicable,88,Not Applicable,FALSE,1,Public Road,1,"Trafficway, On Road",CT0009300,New Haven PD,47,44:02.0,C,Closed,44:22.0,,,,,,,
884579,1,Complete,884579,884579,41.315532,-72.921316,3386677,New Haven,93,93,New Haven,2/3/2021,2021,2,February,3,4,Wednesday,13:12:00,13,21004095,A,2,,Motor Vehicle In Motion,"Injury of any type (Serious, Minor, Possible)",C,Possible Injury (C),0,0,4,Local,0.02,536,SACHEM ST,SACHEM ST,,WHITNEY AVE,20,Feet,W,41.315532,-72.921316,14,Motor Vehicle in Operation,1,Front to rear,1,On Roadway,2,Cloudy,88,Not Applicable,1,Daylight,1,Dry,0,None,88,Not Applicable,88,Not Applicable,0,None,88,Not Applicable,88,Not Applicable,1,Non-Junction,1,Not at Intersection,1,No,1,No,88,Not Applicable,88,Not Applicable,88,Not Applicable,88,Not Applicable,FALSE,1,Public Road,1,"Trafficway, On Road",CT0009300,New Haven PD,32,38:51.0,C,Closed,44:41.0,,,,,,,
884585,1,Complete,884585,884585,41.328208,-72.958502,3386683,New Haven,93,93,New Haven,2/3/2021,2021,2,February,3,4,Wednesday,17:40:00,17,21004130,A,2,,Motor Vehicle In Motion,"Injury of any type (Serious, Minor, Possible)",C,Possible Injury (C),0,0,4,Local,0.88,56,BLAKE ST,BLAKE ST,,STONE ST,50,Feet,W,41.328208,-72.958502,14,Motor Vehicle in Operation,1,Front to rear,1,On Roadway,1,Clear,88,Not Applicable,1,Daylight,1,Dry,0,None,88,Not Applicable,88,Not Applicable,0,None,88,Not Applicable,88,Not Applicable,1,Non-Junction,1,Not at Intersection,1,No,1,No,99,Unknown,88,Not Applicable,88,Not Applicable,88,Not Applicable,FALSE,1,Public Road,1,"Trafficway, On Road",CT0009300,New Haven PD,42043,39:27.0,C,Closed,44:37.0,,,,,,,
884599,1,Complete,884599,884599,41.31751,-72.92951,3386697,New Haven,93,93,New Haven,2/4/2021,2021,2,February,4,5,Thursday,16:10:00,16,21004247,A,2,,Motor Vehicle In Motion,"Injury of any type (Serious, Minor, Possible)",C,Possible Injury (C),0,0,4,Local,0.12,631,WEBSTER ST,WEBSTER ST,ASHMUN ST NO 2,,,,,41.31751,-72.92951,14,Motor Vehicle in Operation,4,"Sideswipe, same direction",1,On Roadway,2,Cloudy,88,Not Applicable,1,Daylight,1,Dry,0,None,88,Not Applicable,88,Not Applicable,0,None,88,Not Applicable,88,Not Applicable,2,Intersection,2,Four-Way Intersection,1,No,1,No,88,Not Applicable,88,Not Applicable,88,Not Applicable,88,Not Applicable,FALSE,1,Public Road,1,"Trafficway, On Road",CT0009300,New Haven PD,42052,43:41.0,C,Closed,44:46.0,,,,,,,
884601,1,Complete,884601,884601,41.330258,-72.868208,3386699,New Haven,93,93,New Haven,2/4/2021,2021,2,February,4,5,Thursday,12:00:00,12,21004254,A,2,,Motor Vehicle In Motion,"Injury of any type (Serious, Minor, Possible)",C,Possible Injury (C),0,0,3,State,0.71,103,103-N,103-N,,FIORE ST,100,Feet,N,41.330258,-72.868208,14,Motor Vehicle in Operation,1,Front to rear,1,On Roadway,1,Clear,88,Not Applicable,1,Daylight,1,Dry,99,Unknown,88,Not Applicable,88,Not Applicable,99,Unknown,88,Not Applicable,88,Not Applicable,1,Non-Junction,1,Not at Intersection,1,No,1,No,88,Not Applicable,88,Not Applicable,88,Not Applicable,88,Not Applicable,TRUE,1,Public Road,1,"Trafficway, On Road",CT0009300,New Haven PD,476,36:50.0,C,Closed,44:43.0,,2,9000,4,MINOR ARTERIAL - NEW HPMS,2,Urban
884613,1,Complete,884613,884613,41.312629,-72.920586,3386711,New Haven,93,93,New Haven,2/5/2021,2021,2,February,5,6,Friday,16:10:00,16,21004369,A,2,,Motor Vehicle In Motion,"Injury of any type (Serious, Minor, Possible)",C,Possible Injury (C),0,0,4,Local,0.24,601,TRUMBULL ST,TRUMBULL ST,,LINCOLN ST,100,Feet,W,41.312629,-72.920586,14,Motor Vehicle in Operation,1,Front to rear,1,On Roadway,1,Clear,1,Clear,1,Daylight,2,Wet,0,None,88,Not Applicable,88,Not Applicable,3,Backup Due to Regular Congestion,88,Not Applicable,88,Not Applicable,1,Non-Junction,1,Not at Intersection,1,No,1,No,88,Not Applicable,88,Not Applicable,88,Not Applicable,88,Not Applicable,TRUE,1,Public Road,1,"Trafficway, On Road",CT0009300,New Haven PD,40952,12:51.0,C,Closed,44:54.0,,,,,,,
884614,1,Complete,884614,884614,41.327861,-72.959731,3386712,New Haven,93,93,New Haven,2/5/2021,2021,2,February,5,6,Friday,16:53:00,16,21004381,A,1,,Pedestrian,"Injury of any type (Serious, Minor, Possible)",C,Possible Injury (C),1,3,4,Local,0.95,56,BLAKE ST,BLAKE ST,VALLEY ST NO 1,,,,,41.327861,-72.959731,9,Pedestrian,88,Not Applicable,2,Shoulder,1,Clear,88,Not Applicable,3,Dusk,4,Slush,0,None,88,Not Applicable,88,Not Applicable,1,Backup Due to Prior Crash,88,Not Applicable,88,Not Applicable,2,Intersection,3,T-Intersection,1,No,1,No,88,Not Applicable,88,Not Applicable,88,Not Applicable,88,Not Applicable,FALSE,1,Public Road,1,"Trafficway, On Road",CT0009300,New Haven PD,402,24:29.0,C,Closed,44:58.0,,2,11500,5,MAJOR COLLECTOR - NEW HPMS,2,Urban
884620,1,Complete,884620,884620,41.3325006,-72.9351629,3386718,New Haven,93,93,New Haven,2/5/2021,2021,2,February,5,6,Friday,22:03:00,22,21004426,A,2,,Motor Vehicle In Motion,"Injury of any type (Serious, Minor, Possible)",C,Possible Injury (C),0,0,4,Local,1.38,152,DIXWELL AV,DIXWELL AV,BASSETT ST,,,,,41.3325006,-72.9351629,14,Motor Vehicle in Operation,3,Angle,1,On Roadway,1,Clear,88,Not Applicable,4,Dark-Lighted,1,Dry,0,None,88,Not Applicable,88,Not Applicable,0,None,88,Not Applicable,88,Not Applicable,2,Intersection,2,Four-Way Intersection,1,No,1,No,88,Not Applicable,88,Not Applicable,88,Not Applicable,88,Not Applicable,TRUE,1,Public Road,1,"Trafficway, On Road",CT0009300,New Haven PD,40952,53:24.0,C,Closed,44:59.0,,,,,,,
884632,1,Complete,884632,884632,41.324204,-72.882525,3386730,New Haven,93,93,New Haven,2/6/2021,2021,2,February,6,7,Saturday,19:31:00,19,21004529,A,2,,Motor Vehicle In Motion,"Injury of any type (Serious, Minor, Possible)",C,Possible Injury (C),0,0,3,State,0.16,17,17-S,17-S,,I91 S ENT RAMP,200,Feet,W,41.324204,-72.882525,14,Motor Vehicle in Operation,3,Angle,1,On Roadway,1,Clear,88,Not Applicable,5,Dark-Not Lighted,2,Wet,0,None,88,Not Applicable,88,Not Applicable,0,None,88,Not Applicable,88,Not Applicable,1,Non-Junction,1,Not at Intersection,1,No,1,No,88,Not Applicable,88,Not Applicable,88,Not Applicable,88,Not Applicable,TRUE,1,Public Road,1,"Trafficway, On Road",CT0009300,New Haven PD,220,05:28.0,C,Closed,45:04.0,,4,30000,3,PRINCIPAL ARTERIAL - OTHER - NEW HPMS,2,Urban
884636,1,Complete,884636,884636,41.323861,-72.881881,3386734,New Haven,93,93,New Haven,2/7/2021,2021,2,February,7,1,Sunday,1:20:00,1,21004565,A,2,,Motor Vehicle In Motion,"Injury of any type (Serious, Minor, Possible)",B,Suspected Minor Injury (B),0,0,3,State,0.19,17,17-N,17-N,,,,,,41.323861,-72.881881,14,Motor Vehicle in Operation,1,Front to rear,1,On Roadway,1,Clear,88,Not Applicable,4,Dark-Lighted,1,Dry,0,None,88,Not Applicable,88,Not Applicable,0,None,88,Not Applicable,88,Not Applicable,2,Intersection,2,Four-Way Intersection,1,No,1,No,88,Not Applicable,88,Not Applicable,88,Not Applicable,88,Not Applicable,FALSE,1,Public Road,1,"Trafficway, On Road",CT0009300,New Haven PD,421,53:59.0,C,Closed,45:54.0,,1,8500,1,INTERSTATE - NEW HPMS,2,Urban
884638,1,Complete,884638,884638,41.32489,-72.956728,3386736,New Haven,93,93,New Haven,2/7/2021,2021,2,February,7,1,Sunday,10:54:00,10,21004592,A,2,,Motor Vehicle In Motion,"Injury of any type (Serious, Minor, Possible)",C,Possible Injury (C),0,1,3,State,3.59,10,10-N,10-N,,,,,,41.32489,-72.956728,14,Motor Vehicle in Operation,4,"Sideswipe, same direction",1,On Roadway,7,Snow,88,Not Applicable,1,Daylight,3,Snow,1,Weather Conditions,88,Not Applicable,88,Not Applicable,0,None,88,Not Applicable,88,Not Applicable,2,Intersection,3,T-Intersection,1,No,1,No,88,Not Applicable,88,Not Applicable,88,Not Applicable,88,Not Applicable,TRUE,1,Public Road,1,"Trafficway, On Road",CT0009300,New Haven PD,90,51:01.0,C,Closed,45:11.0,,4,23100,3,PRINCIPAL ARTERIAL - OTHER - NEW HPMS,2,Urban
884661,1,Complete,884661,884661,41.314578,-72.873665,3386759,New Haven,93,93,New Haven,2/7/2021,2021,2,February,7,1,Sunday,12:01:00,12,21004601,A,2,,Motor Vehicle In Motion,"Injury of any type (Serious, Minor, Possible)",C,Possible Injury (C),0,0,4,Local,0.27,287,HEMINGWAY ST,HEMINGWAY ST,,Eastern St,50,Feet,W,41.314578,-72.873665,14,Motor Vehicle in Operation,97,Other,1,On Roadway,7,Snow,88,Not Applicable,1,Daylight,3,Snow,1,Weather Conditions,88,Not Applicable,88,Not Applicable,5,"Road Surface Condition (wet, icy, snow, slush, etc.)",88,Not Applicable,88,Not Applicable,2,Intersection,3,T-Intersection,1,No,1,No,88,Not Applicable,88,Not Applicable,88,Not Applicable,88,Not Applicable,TRUE,1,Public Road,1,"Trafficway, On Road",CT0009300,New Haven PD,416,46:42.0,C,Closed,45:16.0,,,,,,,
884667,1,Complete,884667,884667,41.332556,-72.975051,3386765,New Haven,93,93,New Haven,2/7/2021,2021,2,February,7,1,Sunday,12:01:00,12,21004617,A,2,,Motor Vehicle In Motion,"Injury of any type (Serious, Minor, Possible)",C,Possible Injury (C),0,0,3,State,1.12,63,63-N,63-N,EAST RAMSDELL ST,,,,,41.332556,-72.975051,14,Motor Vehicle in Operation,3,Angle,1,On Roadway,7,Snow,88,Not Applicable,1,Daylight,3,Snow,99,Unknown,88,Not Applicable,88,Not Applicable,99,Unknown,88,Not Applicable,88,Not Applicable,2,Intersection,2,Four-Way Intersection,1,No,1,No,88,Not Applicable,88,Not Applicable,88,Not Applicable,88,Not Applicable,TRUE,1,Public Road,1,"Trafficway, On Road",CT0009300,New Haven PD,402,48:38.0,O,Open,45:14.0,,4,22900,3,PRINCIPAL ARTERIAL - OTHER - NEW HPMS,2,Urban
884680,1,Complete,884680,884680,41.318282,-72.937399,3386778,New Haven,93,93,New Haven,2/8/2021,2021,2,February,8,2,Monday,9:17:00,9,21004678,A,2,,Motor Vehicle In Motion,"Injury of any type (Serious, Minor, Possible)",C,Possible Injury (C),0,0,4,Local,1.21,453,ORCHARD ST,ORCHARD ST,ORCHARD PL,,,,,41.318282,-72.937399,14,Motor Vehicle in Operation,1,Front to rear,1,On Roadway,7,Snow,88,Not Applicable,1,Daylight,2,Wet,1,Weather Conditions,88,Not Applicable,88,Not Applicable,0,None,88,Not Applicable,88,Not Applicable,2,Intersection,2,Four-Way Intersection,1,No,1,No,88,Not Applicable,88,Not Applicable,88,Not Applicable,88,Not Applicable,FALSE,1,Public Road,1,"Trafficway, On Road",CT0009300,New Haven PD,91,00:06.0,C,Closed,45:18.0,,,,,,,
884682,1,Complete,884682,884682,41.313524,-72.940227,3386780,New Haven,93,93,New Haven,2/8/2021,2021,2,February,8,2,Monday,11:36:00,11,21004711,A,4,,Motor Vehicle In Motion,"Injury of any type (Serious, Minor, Possible)",C,Possible Injury (C),0,0,4,Local,0.86,453,ORCHARD ST,ORCHARD ST,,ELM ST,50,Feet,S,41.313524,-72.940227,14,Motor Vehicle in Operation,4,"Sideswipe, same direction",1,On Roadway,2,Cloudy,88,Not Applicable,1,Daylight,3,Snow,0,None,88,Not Applicable,88,Not Applicable,0,None,88,Not Applicable,88,Not Applicable,1,Non-Junction,1,Not at Intersection,1,No,1,No,88,Not Applicable,88,Not Applicable,88,Not Applicable,88,Not Applicable,FALSE,1,Public Road,1,"Trafficway, On Road",CT0009300,New Haven PD,465,55:39.0,O,Open,45:27.0,,,,,,,
884687,1,Complete,884687,884687,41.313711,-72.896642,3386785,New Haven,93,93,New Haven,2/8/2021,2021,2,February,8,2,Monday,16:01:00,16,21004729,A,2,,Motor Vehicle In Motion,"Injury of any type (Serious, Minor, Possible)",C,Possible Injury (C),0,0,4,Local,0.41,213,FERRY ST,FERRY ST,,CHATHAM ST,25,Feet,S,41.313711,-72.896642,14,Motor Vehicle in Operation,3,Angle,1,On Roadway,7,Snow,88,Not Applicable,1,Daylight,1,Dry,0,None,88,Not Applicable,88,Not Applicable,0,None,88,Not Applicable,88,Not Applicable,11,Through Roadway,1,Not at Intersection,1,No,1,No,88,Not Applicable,88,Not Applicable,88,Not Applicable,88,Not Applicable,FALSE,1,Public Road,1,"Trafficway, On Road",CT0009300,New Haven PD,40793,21:40.0,C,Closed,45:20.0,,,,,,,