CrashId,Fatal Case Status,Fatal Case Status Text Format,CrashId,CrashId,Latitude,Longitude,DOT Case Number,Town Name,Town Number,Town Number,Town Number Text Format,Date Of Crash,Year,Month,Month Text Format,Day,Day of the Week,Day of the Week Text Format,Time of Crash,Hour of the Day,Case Identifier,Crash Severity,Number Of Motor Vehicles,Motor vehicle action,Most harmful event,Crash Severity Text Format,Most Severe Injury,Most Severe Injury Text Format,Number Of Non-Motorist,Number Of Witnesses,Route Class,Route Class Text Format,Milemarker,Road Number,Road Description,Roadway Name,Intersecting Roadway Name,Landmark Description,Distance From Nearest Landmark,Unit Of Measure From Nearest Landmark,Direction From Nearest Landmark,Latitude,Longitude,First Harmful Event,First Harmful Event Text Format,Manner of Crash / Collision Impact,Manner of Crash / Collision Impact Text Format,Location of First Harmful Event,Location of First Harmful Event Text Format,Weather Condition,Weather Condition Text Format,Weather 2,Weather 2 Text Format,Light Condition,Light Condition Text Format,Road Surface Condition,Road Surface Condition Text Format,"Contributing Circumstances, Environment","Contributing Circumstances, Environment Text Format",Environment 2,Environment 2 Text Format,Environment 3,Environment 3 Text Format,"Contributing Circumstances, Road","Contributing Circumstances, Road Text Format",Road 2,Road 2 Text Format,Road 3,Road 3 Text Format,Crash Specific Location,Crash Specific Location Text Format,Type of Intersection,Type of Intersection Text Format,School Bus Related,School Bus Related Text Format,Work Zone Related,Work Zone Related Text Format,Location Of Crash Relative To Work Zone,Location Of Crash Relative To Work Zone Text Format,Type of Work Zone,Type of Work Zone Text Format,Worker Presence,Worker Presence Text Format,Law Enforcement Presence,Law Enforcement Presence Text Format,Were Vehicles Moved Prior To Police Arrival,Trafficway Ownership,Trafficway Ownership Text Format,Trafficway Class,Trafficway Class Text Format,Police Agency,Police Agency Text Format,Badge Number,Approval Date,Police Case Status,Police Case Status Text Format,Crash Report Submission Date,Related Case Identifiers,No. of Through Lanes (Log Dir.),Average Daily Traffic,Functional Classification,Functional Classification Text Format,Rural or Urban,Rural or Urban Text Format
884690,1,Complete,884690,884690,41.303616,-72.910462,3386788,New Haven,93,93,New Haven,2/8/2021,2021,2,February,8,2,Monday,16:56:00,16,21004743,A,2,,Motor Vehicle In Motion,"Injury of any type (Serious, Minor, Possible)",C,Possible Injury (C),0,0,4,Local,0.87,165,EAST ST,EAST ST,CHAPEL ST,,,,,41.303616,-72.910462,14,Motor Vehicle in Operation,1,Front to rear,1,On Roadway,1,Clear,88,Not Applicable,1,Daylight,1,Dry,0,None,88,Not Applicable,88,Not Applicable,0,None,88,Not Applicable,88,Not Applicable,2,Intersection,2,Four-Way Intersection,1,No,1,No,88,Not Applicable,88,Not Applicable,88,Not Applicable,88,Not Applicable,FALSE,1,Public Road,1,"Trafficway, On Road",CT0009300,New Haven PD,193,07:58.0,C,Closed,45:25.0,,,,,,,
884691,1,Complete,884691,884691,41.305445,-72.910535,3386789,New Haven,93,93,New Haven,2/8/2021,2021,2,February,8,2,Monday,17:43:00,17,21004752,A,2,,Motor Vehicle In Motion,"Injury of any type (Serious, Minor, Possible)",C,Possible Injury (C),0,0,4,Local,0.11,325,IVES PL,IVES PL,,EAST ST,8,Feet,W,41.305445,-72.910535,14,Motor Vehicle in Operation,1,Front to rear,1,On Roadway,7,Snow,88,Not Applicable,3,Dusk,4,Slush,1,Weather Conditions,88,Not Applicable,88,Not Applicable,0,None,88,Not Applicable,88,Not Applicable,11,Through Roadway,1,Not at Intersection,1,No,1,No,88,Not Applicable,88,Not Applicable,88,Not Applicable,88,Not Applicable,FALSE,1,Public Road,1,"Trafficway, On Road",CT0009300,New Haven PD,40793,29:56.0,C,Closed,45:24.0,,,,,,,
884697,1,Complete,884697,884697,41.31677,-72.89227,3386795,New Haven,93,93,New Haven,2/9/2021,2021,2,February,9,3,Tuesday,10:23:00,10,21004826,A,2,,Motor Vehicle In Motion,"Injury of any type (Serious, Minor, Possible)",C,Possible Injury (C),0,0,4,Local,0.26,737,PECK ST NO 2,PECK ST NO 2,CLINTON AV,,,,,41.31677,-72.89227,14,Motor Vehicle in Operation,3,Angle,1,On Roadway,2,Cloudy,88,Not Applicable,1,Daylight,2,Wet,0,None,88,Not Applicable,88,Not Applicable,0,None,88,Not Applicable,88,Not Applicable,2,Intersection,2,Four-Way Intersection,1,No,1,No,88,Not Applicable,88,Not Applicable,88,Not Applicable,88,Not Applicable,TRUE,1,Public Road,1,"Trafficway, On Road",CT0009300,New Haven PD,47,24:47.0,C,Closed,45:43.0,,,,,,,
884703,1,Complete,884703,884703,41.312025,-72.944294,3386801,New Haven,93,93,New Haven,2/9/2021,2021,2,February,9,3,Tuesday,16:24:00,16,21004866,A,2,,Motor Vehicle In Motion,"Injury of any type (Serious, Minor, Possible)",C,Possible Injury (C),0,0,4,Local,0.44,556,SHERMAN AV,SHERMAN AV,,CHAPEL ST,100,Feet,N,41.312025,-72.944294,14,Motor Vehicle in Operation,3,Angle,1,On Roadway,7,Snow,88,Not Applicable,1,Daylight,3,Snow,0,None,88,Not Applicable,88,Not Applicable,0,None,88,Not Applicable,88,Not Applicable,9,Driveway Access-Related,1,Not at Intersection,1,No,1,No,88,Not Applicable,88,Not Applicable,88,Not Applicable,88,Not Applicable,FALSE,1,Public Road,1,"Trafficway, On Road",CT0009300,New Haven PD,40951,21:09.0,C,Closed,45:33.0,,,,,,,
884718,1,Complete,884718,884718,41.308821,-72.910149,3386816,New Haven,93,93,New Haven,2/10/2021,2021,2,February,10,4,Wednesday,8:15:00,8,21004932,A,2,,Motor Vehicle In Motion,"Injury of any type (Serious, Minor, Possible)",C,Possible Injury (C),1,0,4,Local,1.28,264,GRAND AV,GRAND AV,,EAST ST,90,Feet,W,41.308821,-72.910149,14,Motor Vehicle in Operation,1,Front to rear,1,On Roadway,1,Clear,88,Not Applicable,1,Daylight,2,Wet,0,None,88,Not Applicable,88,Not Applicable,0,None,88,Not Applicable,88,Not Applicable,1,Non-Junction,1,Not at Intersection,1,No,1,No,88,Not Applicable,88,Not Applicable,88,Not Applicable,88,Not Applicable,FALSE,1,Public Road,1,"Trafficway, On Road",CT0009300,New Haven PD,47,16:56.0,O,Open,45:40.0,,2,9100,4,MINOR ARTERIAL - NEW HPMS,2,Urban
884725,1,Complete,884725,884725,41.290857,-72.94135,3386823,New Haven,93,93,New Haven,2/10/2021,2021,2,February,10,4,Wednesday,11:48:00,11,21004975,A,4,,Motor Vehicle In Motion,"Injury of any type (Serious, Minor, Possible)",B,Suspected Minor Injury (B),0,0,3,State,0.88,10,10-N,10-N,WASHINGTON AV NO 1,,,,,41.290857,-72.94135,14,Motor Vehicle in Operation,1,Front to rear,1,On Roadway,1,Clear,88,Not Applicable,1,Daylight,2,Wet,0,None,88,Not Applicable,88,Not Applicable,0,None,88,Not Applicable,88,Not Applicable,2,Intersection,2,Four-Way Intersection,1,No,1,No,88,Not Applicable,88,Not Applicable,88,Not Applicable,88,Not Applicable,FALSE,1,Public Road,1,"Trafficway, On Road",CT0009300,New Haven PD,362,31:13.0,C,Closed,45:49.0,,4,20200,3,PRINCIPAL ARTERIAL - OTHER - NEW HPMS,2,Urban
884727,1,Complete,884727,884727,41.316269,-72.904289,3386825,New Haven,93,93,New Haven,2/10/2021,2021,2,February,10,4,Wednesday,14:31:00,14,21004991,A,3,,Motor Vehicle In Motion,"Injury of any type (Serious, Minor, Possible)",C,Possible Injury (C),0,0,1,Interstate,0.17,91,91-N-138,91-N-138,STATE ST,,,,,41.316269,-72.904289,14,Motor Vehicle in Operation,1,Front to rear,1,On Roadway,1,Clear,88,Not Applicable,1,Daylight,5,Ice / Frost,3,Glare,88,Not Applicable,88,Not Applicable,0,None,88,Not Applicable,88,Not Applicable,2,Intersection,3,T-Intersection,1,No,1,No,88,Not Applicable,88,Not Applicable,88,Not Applicable,88,Not Applicable,FALSE,1,Public Road,1,"Trafficway, On Road",CT0009300,New Haven PD,251,48:57.0,C,Closed,45:46.0,,2,70300,1,INTERSTATE - NEW HPMS,2,Urban
884743,1,Complete,884743,884743,41.310967,-72.895962,3386841,New Haven,93,93,New Haven,2/11/2021,2021,2,February,11,5,Thursday,17:04:00,17,21005128,A,2,,Motor Vehicle In Motion,"Injury of any type (Serious, Minor, Possible)",C,Possible Injury (C),0,1,4,Local,0.62,213,FERRY ST,FERRY ST,CLAY ST NO 2,,,,,41.310967,-72.895962,14,Motor Vehicle in Operation,3,Angle,1,On Roadway,1,Clear,88,Not Applicable,1,Daylight,1,Dry,0,None,88,Not Applicable,88,Not Applicable,0,None,88,Not Applicable,88,Not Applicable,2,Intersection,3,T-Intersection,1,No,1,No,88,Not Applicable,88,Not Applicable,88,Not Applicable,88,Not Applicable,FALSE,1,Public Road,1,"Trafficway, On Road",CT0009300,New Haven PD,42054,22:34.0,C,Closed,46:11.0,,,,,,,
884746,1,Complete,884746,884746,41.334192,-72.976398,3386844,New Haven,93,93,New Haven,2/11/2021,2021,2,February,11,5,Thursday,15:37:00,15,21005137,A,2,,Motor Vehicle In Motion,"Injury of any type (Serious, Minor, Possible)",B,Suspected Minor Injury (B),0,0,3,State,1.26,63,63-N,63-N,GLEN VIEW TER,,,,,41.334192,-72.976398,14,Motor Vehicle in Operation,3,Angle,1,On Roadway,1,Clear,88,Not Applicable,1,Daylight,1,Dry,2,Visual Obstruction(s),88,Not Applicable,88,Not Applicable,0,None,88,Not Applicable,88,Not Applicable,3,Intersection-Related,3,T-Intersection,1,No,1,No,88,Not Applicable,88,Not Applicable,88,Not Applicable,88,Not Applicable,FALSE,1,Public Road,1,"Trafficway, On Road",CT0009300,New Haven PD,42056,54:18.0,C,Closed,46:01.0,,3,26900,3,PRINCIPAL ARTERIAL - OTHER - NEW HPMS,2,Urban
884747,1,Complete,884747,884747,41.326885,-72.879543,3386845,New Haven,93,93,New Haven,2/11/2021,2021,2,February,11,5,Thursday,16:47:00,16,21005163,A,3,,Motor Vehicle In Motion,"Injury of any type (Serious, Minor, Possible)",B,Suspected Minor Injury (B),0,0,3,State,0.45,17,17-N,17-N,BARNES AV,,,,,41.326885,-72.879543,14,Motor Vehicle in Operation,97,Other,1,On Roadway,1,Clear,88,Not Applicable,1,Daylight,1,Dry,0,None,0,None,88,Not Applicable,0,None,0,None,0,None,2,Intersection,3,T-Intersection,1,No,1,No,88,Not Applicable,88,Not Applicable,88,Not Applicable,88,Not Applicable,TRUE,1,Public Road,1,"Trafficway, On Road",CT0009300,New Haven PD,42042,21:42.0,C,Closed,46:10.0,,3,21500,3,PRINCIPAL ARTERIAL - OTHER - NEW HPMS,2,Urban
884752,1,Complete,884752,884752,41.2909,-72.9414,3386850,New Haven,93,93,New Haven,2/13/2021,2021,2,February,13,7,Saturday,0:17:00,0,21005226,A,2,,Motor Vehicle In Motion,"Injury of any type (Serious, Minor, Possible)",A,Suspected Serious Injury (A),0,1,3,State,0.88,10,10-N,10-N,WASHINGTON AV NO 1,,,,,41.2909,-72.9414,14,Motor Vehicle in Operation,1,Front to rear,1,On Roadway,1,Clear,88,Not Applicable,4,Dark-Lighted,1,Dry,0,None,88,Not Applicable,88,Not Applicable,0,None,88,Not Applicable,88,Not Applicable,2,Intersection,2,Four-Way Intersection,1,No,1,No,88,Not Applicable,88,Not Applicable,88,Not Applicable,88,Not Applicable,FALSE,1,Public Road,1,"Trafficway, On Road",CT0009300,New Haven PD,40955,05:35.0,O,Open,46:13.0,,4,20200,3,PRINCIPAL ARTERIAL - OTHER - NEW HPMS,2,Urban
884774,1,Complete,884774,884774,41.334348,-72.947458,3386872,New Haven,93,93,New Haven,2/12/2021,2021,2,February,12,6,Friday,16:45:00,16,21005326,A,2,,Motor Vehicle In Motion,"Injury of any type (Serious, Minor, Possible)",C,Possible Injury (C),0,0,3,State,4.44,10,10-N,10-N,PINE ROCK AV,,,,,41.334348,-72.947458,14,Motor Vehicle in Operation,1,Front to rear,1,On Roadway,1,Clear,88,Not Applicable,1,Daylight,1,Dry,0,None,88,Not Applicable,88,Not Applicable,0,None,88,Not Applicable,88,Not Applicable,2,Intersection,3,T-Intersection,1,No,1,No,88,Not Applicable,88,Not Applicable,88,Not Applicable,88,Not Applicable,TRUE,1,Public Road,1,"Trafficway, On Road",CT0009300,New Haven PD,42043,41:45.0,C,Closed,46:16.0,,4,10600,4,MINOR ARTERIAL - NEW HPMS,2,Urban
884779,1,Complete,884779,884779,41.318175,-72.94949,3386877,New Haven,93,93,New Haven,2/12/2021,2021,2,February,12,6,Friday,19:17:00,19,21005356,A,2,,Motor Vehicle In Motion,"Injury of any type (Serious, Minor, Possible)",C,Possible Injury (C),0,1,3,State,2.97,10,10-N,10-N,ARGONNE ST,,,,,41.318175,-72.94949,14,Motor Vehicle in Operation,3,Angle,1,On Roadway,1,Clear,88,Not Applicable,4,Dark-Lighted,1,Dry,0,None,88,Not Applicable,88,Not Applicable,0,None,88,Not Applicable,88,Not Applicable,1,Non-Junction,1,Not at Intersection,1,No,1,No,88,Not Applicable,88,Not Applicable,88,Not Applicable,88,Not Applicable,FALSE,1,Public Road,1,"Trafficway, On Road",CT0009300,New Haven PD,40812,25:48.0,C,Closed,46:12.0,,2,10100,3,PRINCIPAL ARTERIAL - OTHER - NEW HPMS,2,Urban
884788,1,Complete,884788,884788,41.325661,-72.914001,3386886,New Haven,93,93,New Haven,2/13/2021,2021,2,February,13,7,Saturday,21:18:00,21,21005463,A,2,,Motor Vehicle In Motion,"Injury of any type (Serious, Minor, Possible)",C,Possible Injury (C),0,0,4,Local,0.23,116,COLD SPRING ST,COLD SPRING ST,EVERIT ST NO 2,,,,,41.325661,-72.914001,14,Motor Vehicle in Operation,3,Angle,1,On Roadway,2,Cloudy,88,Not Applicable,4,Dark-Lighted,1,Dry,0,None,88,Not Applicable,88,Not Applicable,0,None,88,Not Applicable,88,Not Applicable,2,Intersection,2,Four-Way Intersection,1,No,1,No,88,Not Applicable,88,Not Applicable,88,Not Applicable,88,Not Applicable,FALSE,1,Public Road,1,"Trafficway, On Road",CT0009300,New Haven PD,516,57:49.0,C,Closed,47:33.0,,,,,,,
884796,1,Complete,884796,884796,41.30359,-72.93144,3386894,New Haven,93,93,New Haven,2/14/2021,2021,2,February,14,1,Sunday,0:10:00,0,21005517,A,2,,Motor Vehicle In Motion,"Injury of any type (Serious, Minor, Possible)",B,Suspected Minor Injury (B),0,1,4,Local,0.09,564,SOUTH FRONTAGE RD,SOUTH FRONTAGE RD,COLLEGE ST,,,,,41.30359,-72.93144,14,Motor Vehicle in Operation,4,"Sideswipe, same direction",1,On Roadway,1,Clear,88,Not Applicable,4,Dark-Lighted,1,Dry,0,None,88,Not Applicable,88,Not Applicable,0,None,88,Not Applicable,88,Not Applicable,2,Intersection,2,Four-Way Intersection,1,No,1,No,88,Not Applicable,88,Not Applicable,88,Not Applicable,88,Not Applicable,FALSE,1,Public Road,1,"Trafficway, On Road",CT0009300,New Haven PD,40819,30:16.0,C,Closed,46:25.0,,,,,,,
884798,1,Complete,884798,884798,41.316086,-72.916193,3386896,New Haven,93,93,New Haven,2/14/2021,2021,2,February,14,1,Sunday,12:10:00,12,21005564,A,2,,Motor Vehicle In Motion,"Injury of any type (Serious, Minor, Possible)",C,Possible Injury (C),0,0,4,Local,0.88,450,ORANGE ST NO 1,ORANGE ST NO 1,HUMPHREY ST,,,,,41.316086,-72.916193,14,Motor Vehicle in Operation,1,Front to rear,1,On Roadway,1,Clear,88,Not Applicable,1,Daylight,1,Dry,0,None,88,Not Applicable,88,Not Applicable,0,None,88,Not Applicable,88,Not Applicable,2,Intersection,2,Four-Way Intersection,1,No,1,No,88,Not Applicable,88,Not Applicable,88,Not Applicable,88,Not Applicable,TRUE,1,Public Road,1,"Trafficway, On Road",CT0009300,New Haven PD,26,39:32.0,C,Closed,48:18.0,,,,,,,
884807,1,Complete,884807,884807,41.321221,-72.876874,3386905,New Haven,93,93,New Haven,2/15/2021,2021,2,February,15,2,Monday,12:50:00,12,21005718,A,1,,Pedestrian,"Injury of any type (Serious, Minor, Possible)",C,Possible Injury (C),1,0,,,,,,315 FOXON BLVD,,QUINNIPIAC AVE,500,Feet,W,41.321221,-72.876874,9,Pedestrian,88,Not Applicable,1,On Roadway,4,Rain,88,Not Applicable,1,Daylight,2,Wet,0,None,88,Not Applicable,88,Not Applicable,0,None,88,Not Applicable,88,Not Applicable,97,Other,1,Not at Intersection,1,No,1,No,88,Not Applicable,88,Not Applicable,88,Not Applicable,88,Not Applicable,FALSE,2,Private Road,4,Parking Lot,CT0009300,New Haven PD,268,50:17.0,C,Closed,46:28.0,,,,,,,
884809,1,Complete,884809,884809,41.314101,-72.939902,3386907,New Haven,93,93,New Haven,2/15/2021,2021,2,February,15,2,Monday,15:48:00,15,21005730,A,2,,Pedalcycle/Pedalcyclist,"Injury of any type (Serious, Minor, Possible)",A,Suspected Serious Injury (A),1,2,4,Local,0.9,453,ORCHARD ST,ORCHARD ST,ELM ST NO 1,,,,,41.314101,-72.939902,14,Motor Vehicle in Operation,3,Angle,1,On Roadway,6,Freezing Rain or Freezing Drizzle,88,Not Applicable,1,Daylight,2,Wet,1,Weather Conditions,88,Not Applicable,88,Not Applicable,0,None,88,Not Applicable,88,Not Applicable,2,Intersection,2,Four-Way Intersection,1,No,1,No,88,Not Applicable,88,Not Applicable,88,Not Applicable,88,Not Applicable,FALSE,1,Public Road,1,"Trafficway, On Road",CT0009300,New Haven PD,261,04:39.0,C,Closed,46:30.0,,,,,,,
884813,1,Complete,884813,884813,41.298618,-72.91203,3386911,New Haven,93,93,New Haven,2/15/2021,2021,2,February,15,2,Monday,23:16:00,23,21005793,A,1,,Overturn/Rollover,"Injury of any type (Serious, Minor, Possible)",A,Suspected Serious Injury (A),0,0,4,Local,1.14,513,LONG WHARF DR,LONG WHARF DR,,HAMILTON ST,400,Feet,W,41.298618,-72.91203,1,Overturn/Rollover,88,Not Applicable,4,Roadside,4,Rain,88,Not Applicable,4,Dark-Lighted,2,Wet,99,Unknown,88,Not Applicable,88,Not Applicable,0,None,88,Not Applicable,88,Not Applicable,1,Non-Junction,1,Not at Intersection,1,No,1,No,88,Not Applicable,88,Not Applicable,88,Not Applicable,88,Not Applicable,FALSE,88,Not Applicable,3,Non-trafficway,CT0009300,New Haven PD,40811,12:16.0,C,Closed,46:33.0,,4,9100,4,MINOR ARTERIAL - NEW HPMS,2,Urban
884827,1,Complete,884827,884827,41.308564,-72.942193,3386925,New Haven,93,93,New Haven,2/17/2021,2021,2,February,17,4,Wednesday,12:33:00,12,21005974,A,2,,Motor Vehicle In Motion,"Injury of any type (Serious, Minor, Possible)",C,Possible Injury (C),0,0,4,Local,0.49,453,ORCHARD ST,ORCHARD ST,,GILBERT AVE,150,Feet,N,41.308564,-72.942193,15,Parked Motor Vehicle,4,"Sideswipe, same direction",1,On Roadway,1,Clear,2,Cloudy,1,Daylight,1,Dry,0,None,0,None,0,None,8,Work Zone (construction / maintenance / utility),0,None,0,None,1,Non-Junction,1,Not at Intersection,99,Unknown,2,Yes,4,Activity Area,3,Work on Shoulder or Median,1,No,2,Yes,FALSE,1,Public Road,1,"Trafficway, On Road",CT0009300,New Haven PD,91,19:22.0,C,Closed,46:43.0,,2,4200,4,MINOR ARTERIAL - NEW HPMS,2,Urban
884832,1,Complete,884832,884832,41.314317,-72.90406,3386930,New Haven,93,93,New Haven,2/17/2021,2021,2,February,17,4,Wednesday,17:37:00,17,21006015,A,2,,Not Applicable,"Injury of any type (Serious, Minor, Possible)",C,Possible Injury (C),0,0,4,Local,0.14,327,JAMES ST,JAMES ST,,LOMBARD ST,70,Feet,N,41.314317,-72.90406,14,Motor Vehicle in Operation,1,Front to rear,1,On Roadway,1,Clear,88,Not Applicable,3,Dusk,1,Dry,0,None,88,Not Applicable,88,Not Applicable,0,None,88,Not Applicable,88,Not Applicable,3,Intersection-Related,2,Four-Way Intersection,1,No,1,No,88,Not Applicable,88,Not Applicable,88,Not Applicable,88,Not Applicable,FALSE,1,Public Road,1,"Trafficway, On Road",CT0009300,New Haven PD,10,04:59.0,C,Closed,46:46.0,,,,,,,
884838,1,Complete,884838,884838,41.29109,-72.934126,3386936,New Haven,93,93,New Haven,2/18/2021,2021,2,February,18,5,Thursday,9:30:00,9,21006072,A,2,,Motor Vehicle In Motion,"Injury of any type (Serious, Minor, Possible)",C,Possible Injury (C),0,0,4,Local,0.33,350,LAMBERTON ST,LAMBERTON ST,DEWITT ST,,,,,41.29109,-72.934126,14,Motor Vehicle in Operation,3,Angle,1,On Roadway,2,Cloudy,88,Not Applicable,1,Daylight,1,Dry,2,Visual Obstruction(s),88,Not Applicable,88,Not Applicable,0,None,88,Not Applicable,88,Not Applicable,2,Intersection,3,T-Intersection,1,No,1,No,88,Not Applicable,88,Not Applicable,88,Not Applicable,88,Not Applicable,FALSE,1,Public Road,1,"Trafficway, On Road",CT0009300,New Haven PD,42044,23:12.0,C,Closed,47:10.0,,,,,,,
884843,1,Complete,884843,884843,41.297098,-72.9485,3386941,New Haven,93,93,New Haven,2/18/2021,2021,2,February,18,5,Thursday,12:03:00,12,21006092,A,3,,Motor Vehicle In Motion,"Injury of any type (Serious, Minor, Possible)",C,Possible Injury (C),0,0,3,State,1.44,10,10-N,10-N,,COLUMBUS AVE,150,Feet,S,41.297098,-72.9485,14,Motor Vehicle in Operation,1,Front to rear,1,On Roadway,7,Snow,88,Not Applicable,1,Daylight,3,Snow,99,Unknown,88,Not Applicable,88,Not Applicable,99,Unknown,88,Not Applicable,88,Not Applicable,3,Intersection-Related,2,Four-Way Intersection,1,No,1,No,88,Not Applicable,88,Not Applicable,88,Not Applicable,88,Not Applicable,TRUE,1,Public Road,1,"Trafficway, On Road",CT0009300,New Haven PD,281,49:37.0,O,Open,47:39.0,,4,20700,3,PRINCIPAL ARTERIAL - OTHER - NEW HPMS,2,Urban
884844,1,Complete,884844,884844,41.313221,-72.951964,3386942,New Haven,93,93,New Haven,2/18/2021,2021,2,February,18,5,Thursday,12:06:00,12,21006093,A,2,,Motor Vehicle In Motion,"Injury of any type (Serious, Minor, Possible)",C,Possible Injury (C),0,0,3,State,2.61,10,10-N,10-N,,CHAPEL ST,65,Feet,N,41.313221,-72.951964,14,Motor Vehicle in Operation,1,Front to rear,1,On Roadway,7,Snow,88,Not Applicable,1,Daylight,3,Snow,1,Weather Conditions,88,Not Applicable,88,Not Applicable,0,None,88,Not Applicable,88,Not Applicable,2,Intersection,2,Four-Way Intersection,1,No,1,No,88,Not Applicable,88,Not Applicable,88,Not Applicable,88,Not Applicable,FALSE,1,Public Road,1,"Trafficway, On Road",CT0009300,New Haven PD,465,43:25.0,C,Closed,46:50.0,,2,16800,3,PRINCIPAL ARTERIAL - OTHER - NEW HPMS,2,Urban
884847,1,Complete,884847,884847,41.307433,-72.920733,3386945,New Haven,93,93,New Haven,2/18/2021,2021,2,February,18,5,Thursday,12:57:00,12,21006096,A,1,,Motor Vehicle In Motion,"Injury of any type (Serious, Minor, Possible)",C,Possible Injury (C),1,0,4,Local,1.13,575,STATE ST,STATE ST,,ELM ST,180,Feet,N,41.307433,-72.920733,8,Other Non-Collision,1,Front to rear,1,On Roadway,7,Snow,88,Not Applicable,1,Daylight,3,Snow,1,Weather Conditions,88,Not Applicable,88,Not Applicable,0,None,88,Not Applicable,88,Not Applicable,1,Non-Junction,1,Not at Intersection,1,No,1,No,88,Not Applicable,88,Not Applicable,88,Not Applicable,88,Not Applicable,FALSE,1,Public Road,1,"Trafficway, On Road",CT0009300,New Haven PD,32,31:12.0,C,Closed,46:54.0,,,,,,,
884848,1,Complete,884848,884848,41.324481,-72.896475,3386946,New Haven,93,93,New Haven,2/18/2021,2021,2,February,18,5,Thursday,12:19:00,12,21006097,A,2,,Motor Vehicle In Motion,"Injury of any type (Serious, Minor, Possible)",C,Possible Injury (C),0,0,2,USRoute,0.74,5,5-N,5-N,LYMAN ST,,,,,41.324481,-72.896475,14,Motor Vehicle in Operation,1,Front to rear,1,On Roadway,7,Snow,88,Not Applicable,1,Daylight,3,Snow,1,Weather Conditions,88,Not Applicable,88,Not Applicable,97,Other,88,Not Applicable,88,Not Applicable,3,Intersection-Related,3,T-Intersection,1,No,1,No,88,Not Applicable,88,Not Applicable,88,Not Applicable,88,Not Applicable,TRUE,1,Public Road,1,"Trafficway, On Road",CT0009300,New Haven PD,736,42:44.0,C,Closed,46:51.0,,2,17300,4,MINOR ARTERIAL - NEW HPMS,2,Urban
884849,1,Complete,884849,884849,41.317018,-72.950129,3386947,New Haven,93,93,New Haven,2/18/2021,2021,2,February,18,5,Thursday,13:01:00,13,21006098,A,3,,Motor Vehicle In Motion,"Injury of any type (Serious, Minor, Possible)",C,Possible Injury (C),0,1,3,State,2.88,10,10-N,10-N,,MAPLE ST,220,Feet,N,41.317018,-72.950129,14,Motor Vehicle in Operation,3,Angle,1,On Roadway,7,Snow,88,Not Applicable,1,Daylight,3,Snow,0,None,88,Not Applicable,88,Not Applicable,5,"Road Surface Condition (wet, icy, snow, slush, etc.)",88,Not Applicable,88,Not Applicable,11,Through Roadway,1,Not at Intersection,1,No,1,No,88,Not Applicable,88,Not Applicable,88,Not Applicable,88,Not Applicable,TRUE,1,Public Road,1,"Trafficway, On Road",CT0009300,New Haven PD,359,30:30.0,C,Closed,47:06.0,,2,10100,3,PRINCIPAL ARTERIAL - OTHER - NEW HPMS,2,Urban
884851,1,Complete,884851,884851,41.286752,-72.924542,3386949,New Haven,93,93,New Haven,2/18/2021,2021,2,February,18,5,Thursday,13:35:00,13,21006105,A,2,,Motor Vehicle In Motion,"Injury of any type (Serious, Minor, Possible)",C,Possible Injury (C),0,0,4,Local,0.08,513,LONG WHARF DR,LONG WHARF DR,,SARGENT DR,350,Feet,S,41.286752,-72.924542,14,Motor Vehicle in Operation,1,Front to rear,1,On Roadway,7,Snow,88,Not Applicable,1,Daylight,3,Snow,0,None,88,Not Applicable,88,Not Applicable,0,None,88,Not Applicable,88,Not Applicable,1,Non-Junction,1,Not at Intersection,1,No,1,No,88,Not Applicable,88,Not Applicable,88,Not Applicable,88,Not Applicable,TRUE,1,Public Road,1,"Trafficway, On Road",CT0009300,New Haven PD,281,55:38.0,O,Open,47:03.0,,,,,,,
884864,1,Complete,884864,884864,41.332845,-72.867608,3386962,New Haven,93,93,New Haven,2/19/2021,2021,2,February,19,6,Friday,9:25:00,9,21006175,A,2,,Motor Vehicle In Motion,"Injury of any type (Serious, Minor, Possible)",C,Possible Injury (C),0,0,3,State,0.9,103,103-N,103-N,GLEN HAVEN RD,,,,,41.332845,-72.867608,14,Motor Vehicle in Operation,1,Front to rear,1,On Roadway,7,Snow,99,Unknown,1,Daylight,3,Snow,1,Weather Conditions,88,Not Applicable,88,Not Applicable,0,None,88,Not Applicable,88,Not Applicable,2,Intersection,3,T-Intersection,1,No,1,No,88,Not Applicable,88,Not Applicable,88,Not Applicable,88,Not Applicable,TRUE,1,Public Road,1,"Trafficway, On Road",CT0009300,New Haven PD,351,25:13.0,O,Open,47:01.0,,1,6500,4,MINOR ARTERIAL - NEW HPMS,2,Urban
884888,1,Complete,884888,884888,41.306077,-72.942901,3386986,New Haven,93,93,New Haven,2/19/2021,2021,2,February,19,6,Friday,19:21:00,19,21006266,A,2,,Motor Vehicle In Motion,"Injury of any type (Serious, Minor, Possible)",C,Possible Injury (C),0,0,4,Local,0.5,360,LEGION AV-RT 34,LEGION AV-RT 34,,,,,,41.306077,-72.942901,14,Motor Vehicle in Operation,1,Front to rear,1,On Roadway,7,Snow,88,Not Applicable,4,Dark-Lighted,3,Snow,1,Weather Conditions,88,Not Applicable,88,Not Applicable,0,None,88,Not Applicable,88,Not Applicable,2,Intersection,2,Four-Way Intersection,1,No,1,No,88,Not Applicable,88,Not Applicable,88,Not Applicable,88,Not Applicable,FALSE,1,Public Road,1,"Trafficway, On Road",CT0009300,New Haven PD,11439,29:37.0,C,Closed,47:14.0,,,,,,,