CrashId,Fatal Case Status,Fatal Case Status Text Format,CrashId,CrashId,Latitude,Longitude,DOT Case Number,Town Name,Town Number,Town Number,Town Number Text Format,Date Of Crash,Year,Month,Month Text Format,Day,Day of the Week,Day of the Week Text Format,Time of Crash,Hour of the Day,Case Identifier,Crash Severity,Number Of Motor Vehicles,Motor vehicle action,Most harmful event,Crash Severity Text Format,Most Severe Injury,Most Severe Injury Text Format,Number Of Non-Motorist,Number Of Witnesses,Route Class,Route Class Text Format,Milemarker,Road Number,Road Description,Roadway Name,Intersecting Roadway Name,Landmark Description,Distance From Nearest Landmark,Unit Of Measure From Nearest Landmark,Direction From Nearest Landmark,Latitude,Longitude,First Harmful Event,First Harmful Event Text Format,Manner of Crash / Collision Impact,Manner of Crash / Collision Impact Text Format,Location of First Harmful Event,Location of First Harmful Event Text Format,Weather Condition,Weather Condition Text Format,Weather 2,Weather 2 Text Format,Light Condition,Light Condition Text Format,Road Surface Condition,Road Surface Condition Text Format,"Contributing Circumstances, Environment","Contributing Circumstances, Environment Text Format",Environment 2,Environment 2 Text Format,Environment 3,Environment 3 Text Format,"Contributing Circumstances, Road","Contributing Circumstances, Road Text Format",Road 2,Road 2 Text Format,Road 3,Road 3 Text Format,Crash Specific Location,Crash Specific Location Text Format,Type of Intersection,Type of Intersection Text Format,School Bus Related,School Bus Related Text Format,Work Zone Related,Work Zone Related Text Format,Location Of Crash Relative To Work Zone,Location Of Crash Relative To Work Zone Text Format,Type of Work Zone,Type of Work Zone Text Format,Worker Presence,Worker Presence Text Format,Law Enforcement Presence,Law Enforcement Presence Text Format,Were Vehicles Moved Prior To Police Arrival,Trafficway Ownership,Trafficway Ownership Text Format,Trafficway Class,Trafficway Class Text Format,Police Agency,Police Agency Text Format,Badge Number,Approval Date,Police Case Status,Police Case Status Text Format,Crash Report Submission Date,Related Case Identifiers,No. of Through Lanes (Log Dir.),Average Daily Traffic,Functional Classification,Functional Classification Text Format,Rural or Urban,Rural or Urban Text Format
885349,1,Complete,885349,885349,41.319951,-72.898112,3387447,New Haven,93,93,New Haven,3/18/2021,2021,3,March,18,5,Thursday,19:49:00,19,21009984,A,1,,Pedestrian,"Injury of any type (Serious, Minor, Possible)",C,Possible Injury (C),1,0,2,USRoute,0.42,5,5-N,5-N,GRACE ST,,,,,41.319951,-72.898112,9,Pedestrian,88,Not Applicable,1,On Roadway,4,Rain,88,Not Applicable,4,Dark-Lighted,2,Wet,99,Unknown,88,Not Applicable,88,Not Applicable,99,Unknown,88,Not Applicable,88,Not Applicable,2,Intersection,3,T-Intersection,1,No,1,No,88,Not Applicable,88,Not Applicable,88,Not Applicable,88,Not Applicable,FALSE,1,Public Road,1,"Trafficway, On Road",CT0009300,New Haven PD,40947,41:41.0,C,Closed,49:29.0,,3,19300,4,MINOR ARTERIAL - NEW HPMS,2,Urban
885350,1,Complete,885350,885350,41.313539,-72.923598,3387448,New Haven,93,93,New Haven,3/18/2021,2021,3,March,18,5,Thursday,20:55:00,20,21009986,A,2,,Motor Vehicle In Motion,"Injury of any type (Serious, Minor, Possible)",C,Possible Injury (C),0,0,4,Local,0.08,601,TRUMBULL ST,TRUMBULL ST,HILLHOUSE AV,,,,,41.313539,-72.923598,14,Motor Vehicle in Operation,1,Front to rear,1,On Roadway,4,Rain,88,Not Applicable,4,Dark-Lighted,2,Wet,0,None,88,Not Applicable,88,Not Applicable,0,None,88,Not Applicable,88,Not Applicable,2,Intersection,2,Four-Way Intersection,1,No,1,No,88,Not Applicable,88,Not Applicable,88,Not Applicable,88,Not Applicable,FALSE,1,Public Road,1,"Trafficway, On Road",CT0009300,New Haven PD,241,16:18.0,C,Closed,49:29.0,,,,,,,
885351,1,Complete,885351,885351,41.293581,-72.897728,3387449,New Haven,93,93,New Haven,3/19/2021,2021,3,March,19,6,Friday,10:24:00,10,21010024,A,2,,Motor Vehicle In Motion,"Injury of any type (Serious, Minor, Possible)",C,Possible Injury (C),0,2,2,USRoute,49.82,1,1-N,1-N,FULTON TER,,,,,41.293581,-72.897728,14,Motor Vehicle in Operation,3,Angle,1,On Roadway,1,Clear,88,Not Applicable,1,Daylight,1,Dry,0,None,88,Not Applicable,88,Not Applicable,0,None,88,Not Applicable,88,Not Applicable,2,Intersection,3,T-Intersection,1,No,1,No,88,Not Applicable,88,Not Applicable,88,Not Applicable,88,Not Applicable,FALSE,1,Public Road,1,"Trafficway, On Road",CT0009300,New Haven PD,156,28:27.0,C,Closed,49:31.0,,2,9400,3,PRINCIPAL ARTERIAL - OTHER - NEW HPMS,2,Urban
885352,1,Complete,885352,885352,41.296668,-72.896742,3387450,New Haven,93,93,New Haven,3/19/2021,2021,3,March,19,6,Friday,16:30:00,16,21010064,A,2,,Motor Vehicle In Motion,"Injury of any type (Serious, Minor, Possible)",C,Possible Injury (C),0,0,4,Local,0.11,260,GOODWIN ST,GOODWIN ST,,GOODWIN ST,500,Feet,N,41.296668,-72.896742,14,Motor Vehicle in Operation,3,Angle,8,"Off Roadway,  Location Unknown",1,Clear,88,Not Applicable,3,Dusk,1,Dry,0,None,88,Not Applicable,88,Not Applicable,0,None,88,Not Applicable,88,Not Applicable,1,Non-Junction,1,Not at Intersection,1,No,1,No,88,Not Applicable,88,Not Applicable,88,Not Applicable,88,Not Applicable,TRUE,88,Not Applicable,3,Non-trafficway,CT0009300,New Haven PD,409,12:43.0,C,Closed,50:32.0,,,,,,,
885353,1,Complete,885353,885353,41.298779,-72.896739,3387451,New Haven,93,93,New Haven,3/19/2021,2021,3,March,19,6,Friday,19:11:00,19,21010088,A,2,,Motor Vehicle In Motion,"Injury of any type (Serious, Minor, Possible)",C,Possible Injury (C),0,0,,,,,,WHEELER ST,,FUTTON ST,1125,Feet,W,41.298779,-72.896739,14,Motor Vehicle in Operation,3,Angle,7,In Parking Lane or Zone,1,Clear,88,Not Applicable,1,Daylight,1,Dry,0,None,88,Not Applicable,88,Not Applicable,0,None,88,Not Applicable,88,Not Applicable,17,"Other Location Not Listed Above Within an Interchange Area (median, shoulder and roadside)",1,Not at Intersection,1,No,1,No,88,Not Applicable,88,Not Applicable,88,Not Applicable,88,Not Applicable,TRUE,2,Private Road,4,Parking Lot,CT0009300,New Haven PD,409,37:22.0,C,Closed,49:31.0,,,,,,,
885355,1,Complete,885355,885355,41.30738,-72.91921,3387453,New Haven,93,93,New Haven,3/19/2021,2021,3,March,19,6,Friday,22:06:00,22,21010126,A,2,,Motor Vehicle In Motion,"Injury of any type (Serious, Minor, Possible)",C,Possible Injury (C),0,0,4,Local,1.75,264,GRAND AV,GRAND AV,OLIVE ST,,,,,41.30738,-72.91921,14,Motor Vehicle in Operation,3,Angle,1,On Roadway,1,Clear,88,Not Applicable,4,Dark-Lighted,1,Dry,0,None,88,Not Applicable,88,Not Applicable,0,None,88,Not Applicable,88,Not Applicable,2,Intersection,2,Four-Way Intersection,1,No,1,No,88,Not Applicable,88,Not Applicable,88,Not Applicable,88,Not Applicable,FALSE,1,Public Road,1,"Trafficway, On Road",CT0009300,New Haven PD,97,55:56.0,C,Closed,49:48.0,,,,,,,
885356,1,Complete,885356,885356,41.303986,-72.898695,3387454,New Haven,93,93,New Haven,3/19/2021,2021,3,March,19,6,Friday,22:49:00,22,21010130,A,2,,Motor Vehicle In Motion,"Injury of any type (Serious, Minor, Possible)",C,Possible Injury (C),0,0,4,Local,0.32,97,CHAPEL ST,CHAPEL ST,BLATCHLEY AV,,,,,41.303986,-72.898695,14,Motor Vehicle in Operation,3,Angle,1,On Roadway,1,Clear,88,Not Applicable,4,Dark-Lighted,1,Dry,0,None,88,Not Applicable,88,Not Applicable,0,None,88,Not Applicable,88,Not Applicable,2,Intersection,2,Four-Way Intersection,1,No,1,No,88,Not Applicable,88,Not Applicable,88,Not Applicable,88,Not Applicable,FALSE,1,Public Road,1,"Trafficway, On Road",CT0009300,New Haven PD,353,04:34.0,C,Closed,49:32.0,,,,,,,
885359,1,Complete,885359,885359,41.314417,-72.901709,3387457,New Haven,93,93,New Haven,3/20/2021,2021,3,March,20,7,Saturday,3:44:00,3,21010148,A,2,,Motor Vehicle In Motion,"Injury of any type (Serious, Minor, Possible)",C,Possible Injury (C),0,0,4,Local,0.12,379,LOMBARD ST,LOMBARD ST,MONROE ST,,,,,41.314417,-72.901709,14,Motor Vehicle in Operation,3,Angle,1,On Roadway,1,Clear,88,Not Applicable,4,Dark-Lighted,1,Dry,0,None,88,Not Applicable,88,Not Applicable,0,None,88,Not Applicable,88,Not Applicable,2,Intersection,2,Four-Way Intersection,1,No,1,No,88,Not Applicable,88,Not Applicable,88,Not Applicable,88,Not Applicable,FALSE,1,Public Road,1,"Trafficway, On Road",CT0009300,New Haven PD,40807,33:47.0,C,Closed,49:42.0,,,,,,,
885361,1,Complete,885361,885361,41.321525,-72.929857,3387459,New Haven,93,93,New Haven,3/20/2021,2021,3,March,20,7,Saturday,9:50:00,9,21010162,A,1,,Fence,"Injury of any type (Serious, Minor, Possible)",B,Suspected Minor Injury (B),0,0,4,Local,0.21,429,MUNSON ST,MUNSON ST,CANAL ST NO 1,,,,,41.321525,-72.929857,36,Fence,88,Not Applicable,2,Shoulder,1,Clear,88,Not Applicable,1,Daylight,1,Dry,0,None,88,Not Applicable,88,Not Applicable,0,None,88,Not Applicable,88,Not Applicable,2,Intersection,4,Y-Intersection,1,No,1,No,88,Not Applicable,88,Not Applicable,88,Not Applicable,88,Not Applicable,FALSE,1,Public Road,1,"Trafficway, On Road",CT0009300,New Haven PD,295,17:13.0,C,Closed,49:34.0,,2,8600,4,MINOR ARTERIAL - NEW HPMS,2,Urban
885363,1,Complete,885363,885363,41.305913,-72.925948,3387461,New Haven,93,93,New Haven,3/20/2021,2021,3,March,20,7,Saturday,11:45:00,11,21010170,A,2,,Motor Vehicle In Motion,"Injury of any type (Serious, Minor, Possible)",C,Possible Injury (C),0,0,4,Local,0.17,103,CHURCH ST,CHURCH ST,CHAPEL ST,,,,,41.305913,-72.925948,14,Motor Vehicle in Operation,1,Front to rear,1,On Roadway,1,Clear,88,Not Applicable,1,Daylight,1,Dry,0,None,88,Not Applicable,88,Not Applicable,0,None,88,Not Applicable,88,Not Applicable,2,Intersection,2,Four-Way Intersection,1,No,1,No,88,Not Applicable,88,Not Applicable,88,Not Applicable,88,Not Applicable,FALSE,1,Public Road,1,"Trafficway, On Road",CT0009300,New Haven PD,165,42:04.0,C,Closed,49:35.0,,,,,,,
885364,1,Complete,885364,885364,41.308914,-72.909927,3387462,New Haven,93,93,New Haven,3/20/2021,2021,3,March,20,7,Saturday,13:11:00,13,21010181,A,1,,Ran Off Roadway Right,"Injury of any type (Serious, Minor, Possible)",C,Possible Injury (C),0,0,4,Local,0.49,165,EAST ST,EAST ST,GRAND AV,,,,,41.308914,-72.909927,25,Curb,88,Not Applicable,4,Roadside,1,Clear,88,Not Applicable,1,Daylight,1,Dry,0,None,88,Not Applicable,88,Not Applicable,0,None,88,Not Applicable,88,Not Applicable,2,Intersection,2,Four-Way Intersection,1,No,1,No,88,Not Applicable,88,Not Applicable,88,Not Applicable,88,Not Applicable,FALSE,1,Public Road,2,"Trafficway, Not on Road",CT0009300,New Haven PD,263,34:47.0,C,Closed,50:02.0,,2,19000,4,MINOR ARTERIAL - NEW HPMS,2,Urban
885365,1,Complete,885365,885365,41.318517,-72.918919,3387463,New Haven,93,93,New Haven,3/20/2021,2021,3,March,20,7,Saturday,13:11:00,13,21010182,A,2,,Motor Vehicle In Motion,"Injury of any type (Serious, Minor, Possible)",C,Possible Injury (C),0,0,4,Local,0.49,55,BISHOP ST,BISHOP ST,,WHITNEY AVE,100,Feet,E,41.318517,-72.918919,14,Motor Vehicle in Operation,1,Front to rear,1,On Roadway,1,Clear,88,Not Applicable,1,Daylight,1,Dry,0,None,88,Not Applicable,88,Not Applicable,0,None,88,Not Applicable,88,Not Applicable,1,Non-Junction,1,Not at Intersection,1,No,1,No,88,Not Applicable,88,Not Applicable,88,Not Applicable,88,Not Applicable,FALSE,1,Public Road,1,"Trafficway, On Road",CT0009300,New Haven PD,32,41:21.0,C,Closed,49:34.0,,,,,,,
885366,1,Complete,885366,885366,41.30821,-72.88622,3387464,New Haven,93,93,New Haven,3/20/2021,2021,3,March,20,7,Saturday,13:19:00,13,21010183,A,2,,Motor Vehicle In Motion,"Injury of any type (Serious, Minor, Possible)",C,Possible Injury (C),0,0,4,Local,1.12,498,QUINNIPIAC AV,QUINNIPIAC AV,GRAND AV,,,,,41.30821,-72.88622,14,Motor Vehicle in Operation,1,Front to rear,1,On Roadway,1,Clear,88,Not Applicable,1,Daylight,1,Dry,0,None,88,Not Applicable,88,Not Applicable,0,None,88,Not Applicable,88,Not Applicable,2,Intersection,2,Four-Way Intersection,1,No,1,No,88,Not Applicable,88,Not Applicable,88,Not Applicable,88,Not Applicable,FALSE,1,Public Road,1,"Trafficway, On Road",CT0009300,New Haven PD,351,59:18.0,C,Closed,49:34.0,,,,,,,
885368,1,Complete,885368,885368,41.306823,-72.902955,3387466,New Haven,93,93,New Haven,3/20/2021,2021,3,March,20,7,Saturday,15:26:00,15,21010196,A,2,,Motor Vehicle In Motion,"Injury of any type (Serious, Minor, Possible)",C,Possible Injury (C),0,0,4,Local,0.66,327,JAMES ST,JAMES ST,EXCHANGE ST,,,,,41.306823,-72.902955,14,Motor Vehicle in Operation,3,Angle,1,On Roadway,1,Clear,88,Not Applicable,1,Daylight,1,Dry,0,None,88,Not Applicable,88,Not Applicable,0,None,88,Not Applicable,88,Not Applicable,2,Intersection,2,Four-Way Intersection,1,No,1,No,88,Not Applicable,88,Not Applicable,88,Not Applicable,88,Not Applicable,TRUE,1,Public Road,1,"Trafficway, On Road",CT0009300,New Haven PD,40793,15:31.0,C,Closed,49:35.0,21010196,,,,,,
885376,1,Complete,885376,885376,41.288838,-72.892616,3387474,New Haven,93,93,New Haven,3/20/2021,2021,3,March,20,7,Saturday,22:14:00,22,21010246,A,2,,Motor Vehicle In Motion,"Injury of any type (Serious, Minor, Possible)",C,Possible Injury (C),0,0,3,State,0.07,337,337-E,337-E,MAIN ST NO 2,,,,,41.288838,-72.892616,14,Motor Vehicle in Operation,3,Angle,1,On Roadway,1,Clear,88,Not Applicable,4,Dark-Lighted,1,Dry,0,None,88,Not Applicable,88,Not Applicable,0,None,88,Not Applicable,88,Not Applicable,2,Intersection,2,Four-Way Intersection,1,No,1,No,88,Not Applicable,88,Not Applicable,88,Not Applicable,88,Not Applicable,FALSE,1,Public Road,1,"Trafficway, On Road",CT0009300,New Haven PD,220,09:05.0,C,Closed,49:50.0,,4,14000,4,MINOR ARTERIAL - NEW HPMS,2,Urban
885377,1,Complete,885377,885377,41.303333,-72.936435,3387475,New Haven,93,93,New Haven,3/20/2021,2021,3,March,20,7,Saturday,22:43:00,22,21010253,A,2,,Motor Vehicle In Motion,"Injury of any type (Serious, Minor, Possible)",C,Possible Injury (C),0,0,4,Local,0.2,308,HOWARD AV,HOWARD AV,,YORK ST,20,Feet,N,41.303333,-72.936435,14,Motor Vehicle in Operation,3,Angle,1,On Roadway,1,Clear,88,Not Applicable,4,Dark-Lighted,1,Dry,0,None,88,Not Applicable,88,Not Applicable,0,None,88,Not Applicable,88,Not Applicable,1,Non-Junction,1,Not at Intersection,1,No,1,No,88,Not Applicable,88,Not Applicable,88,Not Applicable,88,Not Applicable,FALSE,1,Public Road,1,"Trafficway, On Road",CT0009300,New Haven PD,40814,34:13.0,C,Closed,49:40.0,,,,,,,
885382,1,Complete,885382,885382,41.309598,-72.941887,3387480,New Haven,93,93,New Haven,3/21/2021,2021,3,March,21,1,Sunday,15:06:00,15,21010313,A,1,,Tree (standing),"Injury of any type (Serious, Minor, Possible)",B,Suspected Minor Injury (B),0,1,4,Local,0.57,453,ORCHARD ST,ORCHARD ST,,GEORGE STREET,100,Feet,N,41.309598,-72.941887,32,Tree (standing),88,Not Applicable,4,Roadside,1,Clear,88,Not Applicable,1,Daylight,1,Dry,0,None,88,Not Applicable,88,Not Applicable,0,None,88,Not Applicable,88,Not Applicable,1,Non-Junction,1,Not at Intersection,1,No,1,No,88,Not Applicable,88,Not Applicable,88,Not Applicable,88,Not Applicable,FALSE,1,Public Road,1,"Trafficway, On Road",CT0009300,New Haven PD,42045,17:04.0,C,Closed,49:41.0,,2,4200,4,MINOR ARTERIAL - NEW HPMS,2,Urban
885383,1,Complete,885383,885383,41.292404,-72.943092,3387481,New Haven,93,93,New Haven,3/25/2021,2021,3,March,25,5,Thursday,15:30:00,15,21010314,A,2,,Motor Vehicle In Motion,"Injury of any type (Serious, Minor, Possible)",C,Possible Injury (C),0,0,3,State,1.01,10,10-N,10-N,,FRANK ST,25,Feet,S,41.292404,-72.943092,14,Motor Vehicle in Operation,1,Front to rear,1,On Roadway,1,Clear,88,Not Applicable,1,Daylight,1,Dry,0,None,88,Not Applicable,88,Not Applicable,0,None,88,Not Applicable,88,Not Applicable,3,Intersection-Related,3,T-Intersection,1,No,1,No,88,Not Applicable,88,Not Applicable,88,Not Applicable,88,Not Applicable,FALSE,1,Public Road,1,"Trafficway, On Road",CT0009300,New Haven PD,42056,46:16.0,C,Closed,49:55.0,,4,20200,3,PRINCIPAL ARTERIAL - OTHER - NEW HPMS,2,Urban
885384,1,Complete,885384,885384,41.314506,-72.873445,3387482,New Haven,93,93,New Haven,3/21/2021,2021,3,March,21,1,Sunday,15:26:00,15,21010315,A,2,,Motor Vehicle In Motion,"Injury of any type (Serious, Minor, Possible)",B,Suspected Minor Injury (B),0,0,4,Local,0.55,167,EASTERN ST,EASTERN ST,HEMINGWAY ST,,,,,41.314506,-72.873445,14,Motor Vehicle in Operation,1,Front to rear,1,On Roadway,1,Clear,88,Not Applicable,1,Daylight,1,Dry,0,None,88,Not Applicable,88,Not Applicable,0,None,88,Not Applicable,88,Not Applicable,2,Intersection,4,Y-Intersection,1,No,1,No,88,Not Applicable,88,Not Applicable,88,Not Applicable,88,Not Applicable,FALSE,1,Public Road,1,"Trafficway, On Road",CT0009300,New Haven PD,221,42:59.0,C,Closed,49:39.0,,,,,,,
885386,1,Complete,885386,885386,41.31888,-72.948712,3387484,New Haven,93,93,New Haven,3/21/2021,2021,3,March,21,1,Sunday,16:15:00,16,21010322,A,3,,Motor Vehicle In Motion,"Injury of any type (Serious, Minor, Possible)",C,Possible Injury (C),0,0,4,Local,0.02,653,WHALLEY AV,WHALLEY AV,,ELLA T GRASSO BLVD,115,Feet,E,41.31888,-72.948712,14,Motor Vehicle in Operation,1,Front to rear,1,On Roadway,1,Clear,88,Not Applicable,1,Daylight,1,Dry,0,None,88,Not Applicable,88,Not Applicable,0,None,88,Not Applicable,88,Not Applicable,1,Non-Junction,1,Not at Intersection,1,No,1,No,88,Not Applicable,88,Not Applicable,88,Not Applicable,88,Not Applicable,FALSE,1,Public Road,1,"Trafficway, On Road",CT0009300,New Haven PD,40804,01:33.0,C,Closed,49:40.0,,,,,,,
885393,1,Complete,885393,885393,41.316669,-72.942416,3387491,New Haven,93,93,New Haven,3/23/2021,2021,3,March,23,3,Tuesday,14:51:00,14,21010438,A,2,,Motor Vehicle In Motion,"Injury of any type (Serious, Minor, Possible)",C,Possible Injury (C),0,0,4,Local,0.38,653,WHALLEY AV,WHALLEY AV,SHERMAN AV,,,,,41.316669,-72.942416,14,Motor Vehicle in Operation,3,Angle,1,On Roadway,1,Clear,88,Not Applicable,1,Daylight,1,Dry,0,None,88,Not Applicable,88,Not Applicable,0,None,88,Not Applicable,88,Not Applicable,2,Intersection,2,Four-Way Intersection,1,No,1,No,88,Not Applicable,88,Not Applicable,88,Not Applicable,88,Not Applicable,TRUE,1,Public Road,1,"Trafficway, On Road",CT0009300,New Haven PD,90,46:22.0,C,Closed,49:47.0,,,,,,,
885399,1,Complete,885399,885399,41.315142,-72.89685,3387497,New Haven,93,93,New Haven,3/22/2021,2021,3,March,22,2,Monday,23:30:00,23,21010526,A,3,,Motor Vehicle In Motion,"Injury of any type (Serious, Minor, Possible)",C,Possible Injury (C),0,0,4,Local,0.32,213,FERRY ST,FERRY ST,LOMBARD ST,,,,,41.315142,-72.89685,14,Motor Vehicle in Operation,3,Angle,1,On Roadway,1,Clear,88,Not Applicable,4,Dark-Lighted,1,Dry,0,None,88,Not Applicable,88,Not Applicable,0,None,88,Not Applicable,88,Not Applicable,2,Intersection,2,Four-Way Intersection,1,No,1,No,88,Not Applicable,88,Not Applicable,88,Not Applicable,88,Not Applicable,TRUE,1,Public Road,1,"Trafficway, On Road",CT0009300,New Haven PD,23,44:08.0,C,Closed,50:01.0,,,,,,,
885419,1,Complete,885419,885419,41.33038,-72.94453,3387517,New Haven,93,93,New Haven,3/23/2021,2021,3,March,23,3,Tuesday,18:14:00,18,21010628,A,2,,Motor Vehicle In Motion,"Injury of any type (Serious, Minor, Possible)",C,Possible Injury (C),0,0,4,Local,0.77,133,CRESCENT ST,CRESCENT ST,ROGER WHITE DR,,,,,41.33038,-72.94453,14,Motor Vehicle in Operation,1,Front to rear,1,On Roadway,1,Clear,88,Not Applicable,3,Dusk,1,Dry,0,None,88,Not Applicable,88,Not Applicable,0,None,88,Not Applicable,88,Not Applicable,2,Intersection,5,L-Intersection,1,No,1,No,88,Not Applicable,88,Not Applicable,88,Not Applicable,88,Not Applicable,FALSE,1,Public Road,1,"Trafficway, On Road",CT0009300,New Haven PD,40804,11:46.0,O,Open,49:47.0,,,,,,,
885423,1,Complete,885423,885423,41.306164,-72.93528,3387521,New Haven,93,93,New Haven,3/24/2021,2021,3,March,24,4,Wednesday,14:17:00,14,21010704,A,2,,Motor Vehicle In Motion,"Injury of any type (Serious, Minor, Possible)",C,Possible Injury (C),0,0,4,Local,0.63,809,REV DR MLK JR BLVD,REV DR MLK JR BLVD,,PARK ST,70,Feet,E,41.306164,-72.93528,14,Motor Vehicle in Operation,1,Front to rear,1,On Roadway,1,Clear,88,Not Applicable,1,Daylight,1,Dry,0,None,88,Not Applicable,88,Not Applicable,0,None,88,Not Applicable,88,Not Applicable,2,Intersection,2,Four-Way Intersection,1,No,1,No,88,Not Applicable,88,Not Applicable,88,Not Applicable,88,Not Applicable,TRUE,1,Public Road,1,"Trafficway, On Road",CT0009300,New Haven PD,301,39:59.0,C,Closed,50:08.0,,,,,,,
885427,1,Complete,885427,885427,41.31534,-72.89536,3387525,New Haven,93,93,New Haven,3/24/2021,2021,3,March,24,4,Wednesday,14:16:00,14,21010758,A,2,,Motor Vehicle In Motion,"Injury of any type (Serious, Minor, Possible)",C,Possible Injury (C),0,0,4,Local,0.45,379,LOMBARD ST,LOMBARD ST,ROWE ST,,,,,41.31534,-72.89536,14,Motor Vehicle in Operation,3,Angle,1,On Roadway,1,Clear,88,Not Applicable,1,Daylight,1,Dry,0,None,88,Not Applicable,88,Not Applicable,0,None,88,Not Applicable,88,Not Applicable,2,Intersection,2,Four-Way Intersection,1,No,1,No,88,Not Applicable,88,Not Applicable,88,Not Applicable,88,Not Applicable,FALSE,1,Public Road,1,"Trafficway, On Road",CT0009300,New Haven PD,293,30:43.0,O,Open,13:53.0,,,,,,,
885429,1,Complete,885429,885429,41.33434,-72.980415,3387527,New Haven,93,93,New Haven,3/24/2021,2021,3,March,24,4,Wednesday,16:54:00,16,21010776,A,1,,Pedestrian,"Injury of any type (Serious, Minor, Possible)",A,Suspected Serious Injury (A),1,0,4,Local,0.1,233,FOWLER ST,FOWLER ST,,Federick ST,150,Feet,W,41.33434,-72.980415,9,Pedestrian,88,Not Applicable,1,On Roadway,2,Cloudy,88,Not Applicable,1,Daylight,1,Dry,0,None,88,Not Applicable,88,Not Applicable,0,None,88,Not Applicable,88,Not Applicable,1,Non-Junction,1,Not at Intersection,1,No,1,No,88,Not Applicable,88,Not Applicable,88,Not Applicable,88,Not Applicable,TRUE,1,Public Road,1,"Trafficway, On Road",CT0009300,New Haven PD,402,23:24.0,C,Closed,49:51.0,,2,3271,7,LOCAL - NEW HPMS,2,Urban
885430,1,Complete,885430,885430,41.288021,-72.935259,3387528,New Haven,93,93,New Haven,3/24/2021,2021,3,March,24,4,Wednesday,19:38:00,19,21010798,A,2,,Motor Vehicle In Motion,"Injury of any type (Serious, Minor, Possible)",B,Suspected Minor Injury (B),0,0,4,Local,0.31,339,KIMBERLY AV,KIMBERLY AV,,GRANT ST,50,Feet,S,41.288021,-72.935259,14,Motor Vehicle in Operation,1,Front to rear,1,On Roadway,4,Rain,88,Not Applicable,4,Dark-Lighted,2,Wet,99,Unknown,88,Not Applicable,88,Not Applicable,0,None,88,Not Applicable,88,Not Applicable,3,Intersection-Related,3,T-Intersection,1,No,1,No,88,Not Applicable,88,Not Applicable,88,Not Applicable,88,Not Applicable,FALSE,1,Public Road,1,"Trafficway, On Road",CT0009300,New Haven PD,40814,33:23.0,C,Closed,50:09.0,,,,,,,
885431,1,Complete,885431,885431,41.313955,-72.896656,3387529,New Haven,93,93,New Haven,3/24/2021,2021,3,March,24,4,Wednesday,21:31:00,21,21010812,A,2,,Motor Vehicle In Motion,"Injury of any type (Serious, Minor, Possible)",B,Suspected Minor Injury (B),0,0,4,Local,0.39,213,FERRY ST,FERRY ST,,CHATHAM STREET,75,Feet,,41.313955,-72.896656,14,Motor Vehicle in Operation,5,"Sideswipe, opposite direction",1,On Roadway,1,Clear,88,Not Applicable,4,Dark-Lighted,1,Dry,0,None,88,Not Applicable,88,Not Applicable,0,None,88,Not Applicable,88,Not Applicable,2,Intersection,2,Four-Way Intersection,1,No,1,No,88,Not Applicable,88,Not Applicable,88,Not Applicable,88,Not Applicable,FALSE,1,Public Road,1,"Trafficway, On Road",CT0009300,New Haven PD,42046,45:38.0,C,Closed,50:14.0,,,,,,,
885432,1,Complete,885432,885432,41.297283,-72.948702,3387530,New Haven,93,93,New Haven,3/25/2021,2021,3,March,25,5,Thursday,0:15:00,0,21010821,A,2,,Motor Vehicle In Motion,"Injury of any type (Serious, Minor, Possible)",C,Possible Injury (C),0,0,3,State,1.45,10,10-N,10-N,,COLUMBUS AVE,50,Feet,S,41.297283,-72.948702,14,Motor Vehicle in Operation,1,Front to rear,1,On Roadway,1,Clear,88,Not Applicable,4,Dark-Lighted,1,Dry,0,None,88,Not Applicable,88,Not Applicable,0,None,88,Not Applicable,88,Not Applicable,2,Intersection,2,Four-Way Intersection,1,No,1,No,88,Not Applicable,88,Not Applicable,88,Not Applicable,88,Not Applicable,FALSE,1,Public Road,1,"Trafficway, On Road",CT0009300,New Haven PD,293,35:14.0,O,Open,50:07.0,,4,20700,3,PRINCIPAL ARTERIAL - OTHER - NEW HPMS,2,Urban
885433,1,Complete,885433,885433,41.316566,-72.893954,3387531,New Haven,93,93,New Haven,3/25/2021,2021,3,March,25,5,Thursday,9:22:00,9,21010845,A,2,,Motor Vehicle In Motion,"Injury of any type (Serious, Minor, Possible)",B,Suspected Minor Injury (B),0,1,4,Local,0.17,737,PECK ST NO 2,PECK ST NO 2,ATWATER ST,,,,,41.316566,-72.893954,14,Motor Vehicle in Operation,97,Other,1,On Roadway,1,Clear,88,Not Applicable,1,Daylight,1,Dry,0,None,88,Not Applicable,88,Not Applicable,0,None,88,Not Applicable,88,Not Applicable,2,Intersection,2,Four-Way Intersection,1,No,1,No,88,Not Applicable,88,Not Applicable,88,Not Applicable,88,Not Applicable,FALSE,1,Public Road,1,"Trafficway, On Road",CT0009300,New Haven PD,86,02:56.0,C,Closed,49:52.0,,,,,,,