CrashId,Fatal Case Status,Fatal Case Status Text Format,CrashId,CrashId,Latitude,Longitude,DOT Case Number,Town Name,Town Number,Town Number,Town Number Text Format,Date Of Crash,Year,Month,Month Text Format,Day,Day of the Week,Day of the Week Text Format,Time of Crash,Hour of the Day,Case Identifier,Crash Severity,Number Of Motor Vehicles,Motor vehicle action,Most harmful event,Crash Severity Text Format,Most Severe Injury,Most Severe Injury Text Format,Number Of Non-Motorist,Number Of Witnesses,Route Class,Route Class Text Format,Milemarker,Road Number,Road Description,Roadway Name,Intersecting Roadway Name,Landmark Description,Distance From Nearest Landmark,Unit Of Measure From Nearest Landmark,Direction From Nearest Landmark,Latitude,Longitude,First Harmful Event,First Harmful Event Text Format,Manner of Crash / Collision Impact,Manner of Crash / Collision Impact Text Format,Location of First Harmful Event,Location of First Harmful Event Text Format,Weather Condition,Weather Condition Text Format,Weather 2,Weather 2 Text Format,Light Condition,Light Condition Text Format,Road Surface Condition,Road Surface Condition Text Format,"Contributing Circumstances, Environment","Contributing Circumstances, Environment Text Format",Environment 2,Environment 2 Text Format,Environment 3,Environment 3 Text Format,"Contributing Circumstances, Road","Contributing Circumstances, Road Text Format",Road 2,Road 2 Text Format,Road 3,Road 3 Text Format,Crash Specific Location,Crash Specific Location Text Format,Type of Intersection,Type of Intersection Text Format,School Bus Related,School Bus Related Text Format,Work Zone Related,Work Zone Related Text Format,Location Of Crash Relative To Work Zone,Location Of Crash Relative To Work Zone Text Format,Type of Work Zone,Type of Work Zone Text Format,Worker Presence,Worker Presence Text Format,Law Enforcement Presence,Law Enforcement Presence Text Format,Were Vehicles Moved Prior To Police Arrival,Trafficway Ownership,Trafficway Ownership Text Format,Trafficway Class,Trafficway Class Text Format,Police Agency,Police Agency Text Format,Badge Number,Approval Date,Police Case Status,Police Case Status Text Format,Crash Report Submission Date,Related Case Identifiers,No. of Through Lanes (Log Dir.),Average Daily Traffic,Functional Classification,Functional Classification Text Format,Rural or Urban,Rural or Urban Text Format
885559,1,Complete,885559,885559,41.3326,-72.9378,3387657,New Haven,93,93,New Haven,3/31/2021,2021,3,March,31,4,Wednesday,18:42:00,18,21011710,A,2,,Motor Vehicle In Motion,"Injury of any type (Serious, Minor, Possible)",C,Possible Injury (C),0,0,4,Local,0.95,557,SHERMAN PKWY,SHERMAN PKWY,BASSETT ST,,,,,41.3326,-72.9378,14,Motor Vehicle in Operation,1,Front to rear,1,On Roadway,4,Rain,88,Not Applicable,1,Daylight,2,Wet,99,Unknown,88,Not Applicable,88,Not Applicable,99,Unknown,88,Not Applicable,88,Not Applicable,3,Intersection-Related,2,Four-Way Intersection,1,No,1,No,88,Not Applicable,88,Not Applicable,88,Not Applicable,88,Not Applicable,TRUE,1,Public Road,1,"Trafficway, On Road",CT0009300,New Haven PD,921,31:51.0,C,Closed,50:30.0,,,,,,,
885562,1,Complete,885562,885562,41.31309,-72.89647,3387660,New Haven,93,93,New Haven,3/31/2021,2021,3,March,31,4,Wednesday,19:24:00,19,21011716,A,2,,Motor Vehicle In Motion,"Injury of any type (Serious, Minor, Possible)",C,Possible Injury (C),0,0,4,Local,0.46,213,FERRY ST,FERRY ST,GRAFTON ST,,,,,41.31309,-72.89647,14,Motor Vehicle in Operation,1,Front to rear,1,On Roadway,4,Rain,88,Not Applicable,4,Dark-Lighted,2,Wet,0,None,88,Not Applicable,88,Not Applicable,0,None,88,Not Applicable,88,Not Applicable,2,Intersection,3,T-Intersection,1,No,1,No,88,Not Applicable,88,Not Applicable,88,Not Applicable,88,Not Applicable,FALSE,1,Public Road,1,"Trafficway, On Road",CT0009300,New Haven PD,83,44:44.0,C,Closed,50:25.0,,,,,,,
885563,1,Complete,885563,885563,41.303672,-72.88751,3387661,New Haven,93,93,New Haven,3/31/2021,2021,3,March,31,4,Wednesday,17:49:00,17,21011719,A,2,,Motor Vehicle In Motion,"Injury of any type (Serious, Minor, Possible)",B,Suspected Minor Injury (B),0,0,4,Local,0.08,456,OXFORD ST,OXFORD ST,LENOX ST,,,,,41.303672,-72.88751,14,Motor Vehicle in Operation,3,Angle,1,On Roadway,4,Rain,88,Not Applicable,4,Dark-Lighted,2,Wet,1,Weather Conditions,88,Not Applicable,88,Not Applicable,0,None,88,Not Applicable,88,Not Applicable,2,Intersection,2,Four-Way Intersection,1,No,1,No,88,Not Applicable,88,Not Applicable,88,Not Applicable,88,Not Applicable,FALSE,1,Public Road,1,"Trafficway, On Road",CT0009300,New Haven PD,42050,08:28.0,C,Closed,50:30.0,,,,,,,
885566,1,Complete,885566,885566,41.33721,-72.972647,3387664,New Haven,93,93,New Haven,4/1/2021,2021,4,April,1,5,Thursday,9:51:00,9,21011750,A,2,,Motor Vehicle In Motion,"Injury of any type (Serious, Minor, Possible)",C,Possible Injury (C),0,0,4,Local,0.2,612,VALLEY ST NO 1,VALLEY ST NO 1,,MOUNTAIN RD,100,Feet,S,41.33721,-72.972647,14,Motor Vehicle in Operation,1,Front to rear,1,On Roadway,2,Cloudy,88,Not Applicable,97,Other,1,Dry,0,None,88,Not Applicable,88,Not Applicable,0,None,88,Not Applicable,88,Not Applicable,1,Non-Junction,1,Not at Intersection,1,No,1,No,88,Not Applicable,88,Not Applicable,88,Not Applicable,88,Not Applicable,FALSE,1,Public Road,1,"Trafficway, On Road",CT0009300,New Haven PD,42054,52:32.0,C,Closed,50:39.0,,,,,,,
885568,1,Complete,885568,885568,41.31299,-72.952,3387666,New Haven,93,93,New Haven,4/1/2021,2021,4,April,1,5,Thursday,11:17:00,11,21011763,A,2,,Motor Vehicle In Motion,"Injury of any type (Serious, Minor, Possible)",C,Possible Injury (C),0,0,3,State,2.59,10,10-N,10-N,CHAPEL ST,,,,,41.31299,-72.952,14,Motor Vehicle in Operation,1,Front to rear,1,On Roadway,2,Cloudy,88,Not Applicable,1,Daylight,1,Dry,0,None,88,Not Applicable,88,Not Applicable,0,None,88,Not Applicable,88,Not Applicable,2,Intersection,2,Four-Way Intersection,1,No,1,No,88,Not Applicable,88,Not Applicable,88,Not Applicable,88,Not Applicable,TRUE,1,Public Road,1,"Trafficway, On Road",CT0009300,New Haven PD,332,38:33.0,C,Closed,50:27.0,,2,19700,3,PRINCIPAL ARTERIAL - OTHER - NEW HPMS,2,Urban
885571,1,Complete,885571,885571,41.28873,-72.936148,3387669,New Haven,93,93,New Haven,4/1/2021,2021,4,April,1,5,Thursday,16:30:00,16,21011835,A,1,,Pedalcycle/Pedalcyclist,"Injury of any type (Serious, Minor, Possible)",C,Possible Injury (C),1,1,4,Local,0.11,483,PLYMOUTH ST,PLYMOUTH ST,,GRANT ST,60,Feet,N,41.28873,-72.936148,10,Pedalcycle/Pedalcyclist,3,Angle,1,On Roadway,1,Clear,88,Not Applicable,1,Daylight,1,Dry,0,None,88,Not Applicable,88,Not Applicable,0,None,88,Not Applicable,88,Not Applicable,1,Non-Junction,1,Not at Intersection,1,No,1,No,88,Not Applicable,88,Not Applicable,88,Not Applicable,88,Not Applicable,FALSE,1,Public Road,1,"Trafficway, On Road",CT0009300,New Haven PD,40818,19:33.0,C,Closed,50:29.0,,,,,,,
885572,1,Complete,885572,885572,41.296846,-72.893938,3387670,New Haven,93,93,New Haven,4/1/2021,2021,4,April,1,5,Thursday,18:16:00,18,21011875,A,2,,Motor Vehicle In Motion,"Injury of any type (Serious, Minor, Possible)",C,Possible Injury (C),0,1,4,Local,0.31,207,FAIRMONT AV,FAIRMONT AV,,FULTON ST,30,Feet,N,41.296846,-72.893938,14,Motor Vehicle in Operation,1,Front to rear,1,On Roadway,1,Clear,88,Not Applicable,1,Daylight,1,Dry,0,None,88,Not Applicable,88,Not Applicable,0,None,88,Not Applicable,88,Not Applicable,1,Non-Junction,1,Not at Intersection,1,No,1,No,88,Not Applicable,88,Not Applicable,88,Not Applicable,88,Not Applicable,FALSE,1,Public Road,1,"Trafficway, On Road",CT0009300,New Haven PD,220,13:58.0,C,Closed,50:54.0,,,,,,,
885573,1,Complete,885573,885573,41.318907,-72.936931,3387671,New Haven,93,93,New Haven,4/1/2021,2021,4,April,1,5,Thursday,18:25:00,18,21011877,A,1,,Utility Pole,"Injury of any type (Serious, Minor, Possible)",A,Suspected Serious Injury (A),0,0,4,Local,1.27,453,ORCHARD ST,ORCHARD ST,,CHARLES ST,50,Feet,S,41.318907,-72.936931,33,Utility Pole/Light Support,88,Not Applicable,2,Shoulder,1,Clear,88,Not Applicable,1,Daylight,1,Dry,0,None,88,Not Applicable,88,Not Applicable,0,None,88,Not Applicable,88,Not Applicable,1,Non-Junction,1,Not at Intersection,1,No,1,No,88,Not Applicable,88,Not Applicable,88,Not Applicable,88,Not Applicable,FALSE,1,Public Road,1,"Trafficway, On Road",CT0009300,New Haven PD,251,02:19.0,O,Open,50:32.0,,2,4200,4,MINOR ARTERIAL - NEW HPMS,2,Urban
885580,1,Complete,885580,885580,41.319859,-72.940399,3387678,New Haven,93,93,New Haven,4/2/2021,2021,4,April,2,6,Friday,10:51:00,10,21011934,A,2,,Motor Vehicle In Motion,"Injury of any type (Serious, Minor, Possible)",C,Possible Injury (C),0,0,4,Local,0,557,SHERMAN PKWY,SHERMAN PKWY,SHERMAN AV,,,,,41.319859,-72.940399,14,Motor Vehicle in Operation,3,Angle,1,On Roadway,1,Clear,88,Not Applicable,1,Daylight,1,Dry,0,None,88,Not Applicable,88,Not Applicable,0,None,88,Not Applicable,88,Not Applicable,2,Intersection,2,Four-Way Intersection,1,No,1,No,88,Not Applicable,88,Not Applicable,88,Not Applicable,88,Not Applicable,FALSE,1,Public Road,1,"Trafficway, On Road",CT0009300,New Haven PD,62,29:20.0,C,Closed,50:31.0,,,,,,,
885582,1,Complete,885582,885582,41.335167,-72.97669,3387680,New Haven,93,93,New Haven,4/2/2021,2021,4,April,2,6,Friday,13:53:00,13,21011977,A,2,,Motor Vehicle In Motion,"Injury of any type (Serious, Minor, Possible)",C,Possible Injury (C),0,0,3,State,0.04,69,69-N,69-N,,AMITY RD,200,Feet,W,41.335167,-72.97669,14,Motor Vehicle in Operation,3,Angle,1,On Roadway,1,Clear,88,Not Applicable,1,Daylight,1,Dry,0,None,88,Not Applicable,88,Not Applicable,0,None,88,Not Applicable,88,Not Applicable,1,Non-Junction,1,Not at Intersection,1,No,1,No,88,Not Applicable,88,Not Applicable,88,Not Applicable,88,Not Applicable,FALSE,1,Public Road,1,"Trafficway, On Road",CT0009300,New Haven PD,42057,27:59.0,C,Closed,50:34.0,,3,18000,3,PRINCIPAL ARTERIAL - OTHER - NEW HPMS,2,Urban
885588,1,Complete,885588,885588,41.287081,-72.925553,3387686,New Haven,93,93,New Haven,4/3/2021,2021,4,April,3,7,Saturday,9:34:00,9,21012078,A,1,,"Other Fixed Object (wall, building, tunnel, etc.)","Injury of any type (Serious, Minor, Possible)",C,Possible Injury (C),0,0,4,Local,0.02,513,LONG WHARF DR,LONG WHARF DR,,SARGENT DRIVE,20,Feet,S,41.287081,-72.925553,20,Bridge Overhead Structure,88,Not Applicable,1,On Roadway,1,Clear,88,Not Applicable,1,Daylight,1,Dry,97,Other,88,Not Applicable,88,Not Applicable,0,None,88,Not Applicable,88,Not Applicable,1,Non-Junction,1,Not at Intersection,1,No,1,No,88,Not Applicable,88,Not Applicable,88,Not Applicable,88,Not Applicable,FALSE,1,Public Road,1,"Trafficway, On Road",CT0009300,New Haven PD,42048,43:35.0,C,Closed,51:09.0,,4,9100,4,MINOR ARTERIAL - NEW HPMS,2,Urban
885596,1,Complete,885596,885596,41.328221,-72.951932,3387694,New Haven,93,93,New Haven,4/3/2021,2021,4,April,3,7,Saturday,22:00:00,22,21012150,A,2,,Motor Vehicle In Motion,"Injury of any type (Serious, Minor, Possible)",B,Suspected Minor Injury (B),0,0,3,State,3.95,10,10-N,10-N,,,,,,41.328221,-72.951932,14,Motor Vehicle in Operation,3,Angle,1,On Roadway,1,Clear,88,Not Applicable,4,Dark-Lighted,1,Dry,0,None,88,Not Applicable,88,Not Applicable,0,None,88,Not Applicable,88,Not Applicable,2,Intersection,3,T-Intersection,1,No,1,No,88,Not Applicable,88,Not Applicable,88,Not Applicable,88,Not Applicable,FALSE,1,Public Road,1,"Trafficway, On Road",CT0009300,New Haven PD,79,26:25.0,C,Closed,51:22.0,,2,13100,4,MINOR ARTERIAL - NEW HPMS,2,Urban
885607,1,Complete,885607,885607,41.317131,-72.876389,921076,New Haven,93,93,New Haven,4/4/2021,2021,4,April,4,1,Sunday,18:22:00,18,21012249,K,2,Overtaking/Passing,Parked Vehicle,Fatal (Kill),K,Fatal Injury (K),0,5,4,Local,1.94,498,QUINNIPIAC AV,QUINNIPIAC AV,ESSEX ST,,,,,41.317131,-72.876389,15,Parked Motor Vehicle,3,Angle,1,On Roadway,1,Clear,88,Not Applicable,1,Daylight,1,Dry,0,None,88,Not Applicable,88,Not Applicable,0,None,88,Not Applicable,88,Not Applicable,2,Intersection,4,Y-Intersection,1,No,1,No,88,Not Applicable,88,Not Applicable,88,Not Applicable,88,Not Applicable,FALSE,1,Public Road,1,"Trafficway, On Road",CT0009300,New Haven PD,220,31:24.0,O,Open,50:44.0,,1,6400,4,MINOR ARTERIAL - NEW HPMS,2,Urban
885608,1,Complete,885608,885608,41.305069,-72.930176,3387706,New Haven,93,93,New Haven,4/4/2021,2021,4,April,4,1,Sunday,20:06:00,20,21012259,A,1,,Other Non-Fixed Object,"Injury of any type (Serious, Minor, Possible)",C,Possible Injury (C),0,0,4,Local,0.52,117,COLLEGE ST,COLLEGE ST,GEORGE ST,,,,,41.305069,-72.930176,18,Other Non-Fixed Object,88,Not Applicable,1,On Roadway,1,Clear,88,Not Applicable,4,Dark-Lighted,1,Dry,0,None,88,Not Applicable,88,Not Applicable,0,None,88,Not Applicable,88,Not Applicable,2,Intersection,3,T-Intersection,1,No,1,No,88,Not Applicable,88,Not Applicable,88,Not Applicable,88,Not Applicable,FALSE,1,Public Road,1,"Trafficway, On Road",CT0009300,New Haven PD,40808,06:54.0,C,Closed,50:50.0,,4,5400,3,PRINCIPAL ARTERIAL - OTHER - NEW HPMS,2,Urban
885611,1,Complete,885611,885611,41.2955,-72.9336,3387709,New Haven,93,93,New Haven,4/5/2021,2021,4,April,5,2,Monday,3:30:00,3,21012283,A,2,,Motor Vehicle In Motion,"Injury of any type (Serious, Minor, Possible)",B,Suspected Minor Injury (B),0,0,4,Local,0.76,308,HOWARD AV,HOWARD AV,PUTNAM ST NO 1,,,,,41.2955,-72.9336,14,Motor Vehicle in Operation,1,Front to rear,1,On Roadway,1,Clear,88,Not Applicable,4,Dark-Lighted,1,Dry,0,None,88,Not Applicable,88,Not Applicable,0,None,88,Not Applicable,88,Not Applicable,2,Intersection,2,Four-Way Intersection,1,No,1,No,88,Not Applicable,88,Not Applicable,88,Not Applicable,88,Not Applicable,FALSE,1,Public Road,1,"Trafficway, On Road",CT0009300,New Haven PD,40955,17:00.0,C,Closed,51:35.0,,,,,,,
885612,1,Complete,885612,885612,41.3202495,-72.8688077,3387710,New Haven,93,93,New Haven,4/5/2021,2021,4,April,5,2,Monday,7:48:00,7,21012285,A,2,,Motor Vehicle In Motion,"Injury of any type (Serious, Minor, Possible)",C,Possible Injury (C),0,0,3,State,0.73,80,80-E,80-E,OLD FOXON RD,,,,,41.3202495,-72.8688077,14,Motor Vehicle in Operation,3,Angle,1,On Roadway,1,Clear,88,Not Applicable,1,Daylight,1,Dry,99,Unknown,88,Not Applicable,88,Not Applicable,0,None,88,Not Applicable,88,Not Applicable,2,Intersection,3,T-Intersection,1,No,1,No,88,Not Applicable,88,Not Applicable,88,Not Applicable,88,Not Applicable,FALSE,1,Public Road,1,"Trafficway, On Road",CT0009300,New Haven PD,980,57:30.0,C,Closed,50:47.0,,4,32100,3,PRINCIPAL ARTERIAL - OTHER - NEW HPMS,2,Urban
885619,1,Complete,885619,885619,41.32027,-72.87173,3387717,New Haven,93,93,New Haven,4/5/2021,2021,4,April,5,2,Monday,17:24:00,17,21012392,A,2,,Separation of Units,"Injury of any type (Serious, Minor, Possible)",C,Possible Injury (C),0,0,3,State,0.57,80,80-E,80-E,EASTERN ST,,,,,41.32027,-72.87173,14,Motor Vehicle in Operation,1,Front to rear,1,On Roadway,1,Clear,88,Not Applicable,1,Daylight,1,Dry,0,None,88,Not Applicable,88,Not Applicable,0,None,88,Not Applicable,88,Not Applicable,2,Intersection,2,Four-Way Intersection,1,No,1,No,88,Not Applicable,88,Not Applicable,88,Not Applicable,88,Not Applicable,FALSE,1,Public Road,1,"Trafficway, On Road",CT0009300,New Haven PD,991,29:53.0,C,Closed,50:51.0,,4,32100,3,PRINCIPAL ARTERIAL - OTHER - NEW HPMS,2,Urban
885623,1,Complete,885623,885623,41.293242,-72.892696,3387721,New Haven,93,93,New Haven,4/6/2021,2021,4,April,6,3,Tuesday,8:59:00,8,21012460,A,2,,Motor Vehicle In Motion,"Injury of any type (Serious, Minor, Possible)",C,Possible Injury (C),0,0,4,Local,0,597,TOWNSEND AV,TOWNSEND AV,QUINNIPIAC AV,,,,,41.293242,-72.892696,14,Motor Vehicle in Operation,2,Front to front,1,On Roadway,1,Clear,88,Not Applicable,1,Daylight,1,Dry,0,None,88,Not Applicable,88,Not Applicable,0,None,88,Not Applicable,88,Not Applicable,2,Intersection,2,Four-Way Intersection,1,No,1,No,88,Not Applicable,88,Not Applicable,88,Not Applicable,88,Not Applicable,FALSE,1,Public Road,1,"Trafficway, On Road",CT0009300,New Haven PD,156,09:23.0,C,Closed,52:33.0,,,,,,,
885627,1,Complete,885627,885627,41.293815,-72.918276,3387725,New Haven,93,93,New Haven,4/6/2021,2021,4,April,6,3,Tuesday,14:12:00,14,21012521,A,2,,Motor Vehicle In Motion,"Injury of any type (Serious, Minor, Possible)",C,Possible Injury (C),0,1,4,Local,0.66,513,LONG WHARF DR,LONG WHARF DR,,CANAL DOCK RD,795,Feet,S,41.293815,-72.918276,14,Motor Vehicle in Operation,4,"Sideswipe, same direction",1,On Roadway,1,Clear,88,Not Applicable,1,Daylight,1,Dry,0,None,88,Not Applicable,88,Not Applicable,0,None,88,Not Applicable,88,Not Applicable,1,Non-Junction,1,Not at Intersection,1,No,1,No,88,Not Applicable,88,Not Applicable,88,Not Applicable,88,Not Applicable,TRUE,1,Public Road,1,"Trafficway, On Road",CT0009300,New Haven PD,301,43:26.0,C,Closed,51:54.0,,,,,,,
885628,1,Complete,885628,885628,41.32713,-72.97219,3387726,New Haven,93,93,New Haven,4/6/2021,2021,4,April,6,3,Tuesday,15:30:00,15,21012527,A,2,,Motor Vehicle In Motion,"Injury of any type (Serious, Minor, Possible)",C,Possible Injury (C),0,0,3,State,6.01,243,243-E,243-E,WEST PROSPECT ST,,,,,41.32713,-72.97219,14,Motor Vehicle in Operation,1,Front to rear,1,On Roadway,1,Clear,88,Not Applicable,1,Daylight,1,Dry,0,None,88,Not Applicable,88,Not Applicable,0,None,88,Not Applicable,88,Not Applicable,2,Intersection,3,T-Intersection,1,No,1,No,88,Not Applicable,88,Not Applicable,88,Not Applicable,88,Not Applicable,FALSE,1,Public Road,1,"Trafficway, On Road",CT0009300,New Haven PD,74,21:40.0,C,Closed,51:03.0,,2,10800,4,MINOR ARTERIAL - NEW HPMS,2,Urban
885629,1,Complete,885629,885629,41.306229,-72.894888,3387727,New Haven,93,93,New Haven,4/6/2021,2021,4,April,6,3,Tuesday,14:29:00,14,21012531,A,2,,Motor Vehicle In Motion,"Injury of any type (Serious, Minor, Possible)",C,Possible Injury (C),0,0,4,Local,0.95,213,FERRY ST,FERRY ST,,CHAMEBERS ST,5,Feet,N,41.306229,-72.894888,14,Motor Vehicle in Operation,1,Front to rear,1,On Roadway,1,Clear,88,Not Applicable,1,Daylight,1,Dry,0,None,88,Not Applicable,88,Not Applicable,0,None,88,Not Applicable,88,Not Applicable,11,Through Roadway,1,Not at Intersection,1,No,1,No,88,Not Applicable,88,Not Applicable,88,Not Applicable,88,Not Applicable,FALSE,1,Public Road,1,"Trafficway, On Road",CT0009300,New Haven PD,40793,57:52.0,C,Closed,50:58.0,,,,,,,
885655,1,Complete,885655,885655,41.320689,-72.874167,3387753,New Haven,93,93,New Haven,4/6/2021,2021,4,April,6,3,Tuesday,15:59:00,15,21012536,A,2,,Motor Vehicle In Motion,"Injury of any type (Serious, Minor, Possible)",C,Possible Injury (C),0,0,4,Local,2.21,498,QUINNIPIAC AV,QUINNIPIAC AV,,,,,,41.320689,-72.874167,14,Motor Vehicle in Operation,4,"Sideswipe, same direction",1,On Roadway,1,Clear,88,Not Applicable,1,Daylight,1,Dry,0,None,88,Not Applicable,88,Not Applicable,0,None,88,Not Applicable,88,Not Applicable,2,Intersection,2,Four-Way Intersection,2,"Yes, School Bus Directly Involved",1,No,88,Not Applicable,88,Not Applicable,88,Not Applicable,88,Not Applicable,TRUE,1,Public Road,1,"Trafficway, On Road",CT0009300,New Haven PD,416,12:54.0,O,Open,50:59.0,,,,,,,
885666,1,Complete,885666,885666,41.315321,-72.895496,3387764,New Haven,93,93,New Haven,4/6/2021,2021,4,April,6,3,Tuesday,23:30:00,23,21012612,A,2,,Ran Off Roadway Right,"Injury of any type (Serious, Minor, Possible)",B,Suspected Minor Injury (B),0,0,4,Local,0.45,379,LOMBARD ST,LOMBARD ST,,FERRY STREET,50,Feet,E,41.315321,-72.895496,14,Motor Vehicle in Operation,1,Front to rear,2,Shoulder,1,Clear,88,Not Applicable,4,Dark-Lighted,1,Dry,0,None,88,Not Applicable,88,Not Applicable,0,None,88,Not Applicable,88,Not Applicable,1,Non-Junction,1,Not at Intersection,1,No,1,No,88,Not Applicable,88,Not Applicable,88,Not Applicable,88,Not Applicable,FALSE,1,Public Road,1,"Trafficway, On Road",CT0009300,New Haven PD,42049,50:21.0,C,Closed,51:08.0,21-012612,,,,,,
885671,1,Complete,885671,885671,41.308094,-72.924239,3387769,New Haven,93,93,New Haven,4/7/2021,2021,4,April,7,4,Wednesday,14:43:00,14,21012661,A,2,,Motor Vehicle In Motion,"Injury of any type (Serious, Minor, Possible)",C,Possible Injury (C),0,0,4,Local,0.34,103,CHURCH ST,CHURCH ST,ELM ST NO 2,,,,,41.308094,-72.924239,14,Motor Vehicle in Operation,4,"Sideswipe, same direction",1,On Roadway,1,Clear,88,Not Applicable,1,Daylight,1,Dry,0,None,88,Not Applicable,88,Not Applicable,0,None,88,Not Applicable,88,Not Applicable,2,Intersection,2,Four-Way Intersection,1,No,1,No,88,Not Applicable,88,Not Applicable,88,Not Applicable,88,Not Applicable,TRUE,1,Public Road,1,"Trafficway, On Road",CT0009300,New Haven PD,20,12:34.0,C,Closed,51:16.0,NONE,,,,,,
885682,1,Complete,885682,885682,41.331219,-72.930391,3387780,New Haven,93,93,New Haven,4/8/2021,2021,4,April,8,5,Thursday,1:06:00,1,21012759,A,1,,Tree (standing),"Injury of any type (Serious, Minor, Possible)",C,Possible Injury (C),0,0,4,Local,0.11,77,BUTLER ST,BUTLER ST,,BASSETT ST,20,Feet,S,41.331219,-72.930391,32,Tree (standing),88,Not Applicable,4,Roadside,1,Clear,88,Not Applicable,4,Dark-Lighted,1,Dry,0,None,88,Not Applicable,88,Not Applicable,0,None,88,Not Applicable,88,Not Applicable,3,Intersection-Related,2,Four-Way Intersection,1,No,1,No,88,Not Applicable,88,Not Applicable,88,Not Applicable,88,Not Applicable,FALSE,1,Public Road,1,"Trafficway, On Road",CT0009300,New Haven PD,42055,58:02.0,C,Closed,51:20.0,,2,6200,5,MAJOR COLLECTOR - NEW HPMS,2,Urban
885683,1,Complete,885683,885683,41.289977,-72.940249,921055,New Haven,93,93,New Haven,4/8/2021,2021,4,April,8,5,Thursday,1:11:00,1,21012763,K,1,Straight Ahead,Pedestrian,Fatal (Kill),K,Fatal Injury (K),1,0,3,State,0.79,10,10-N,10-N,,,,,,41.289977,-72.940249,9,Pedestrian,88,Not Applicable,1,On Roadway,1,Clear,88,Not Applicable,4,Dark-Lighted,1,Dry,0,None,88,Not Applicable,88,Not Applicable,99,Unknown,88,Not Applicable,88,Not Applicable,2,Intersection,3,T-Intersection,1,No,1,No,88,Not Applicable,88,Not Applicable,88,Not Applicable,88,Not Applicable,FALSE,1,Public Road,1,"Trafficway, On Road",CT0009300,New Haven PD,40819,00:09.0,O,Open,52:05.0,,4,17900,3,PRINCIPAL ARTERIAL - OTHER - NEW HPMS,2,Urban
885686,1,Complete,885686,885686,41.32954,-72.935143,3387784,New Haven,93,93,New Haven,4/8/2021,2021,4,April,8,5,Thursday,13:40:00,13,21012822,A,3,,Motor Vehicle In Motion,"Injury of any type (Serious, Minor, Possible)",C,Possible Injury (C),0,0,4,Local,1.18,152,DIXWELL AV,DIXWELL AV,HAZEL ST,,,,,41.32954,-72.935143,14,Motor Vehicle in Operation,5,"Sideswipe, opposite direction",1,On Roadway,1,Clear,88,Not Applicable,1,Daylight,1,Dry,0,None,88,Not Applicable,88,Not Applicable,0,None,88,Not Applicable,88,Not Applicable,2,Intersection,3,T-Intersection,1,No,1,No,88,Not Applicable,88,Not Applicable,88,Not Applicable,88,Not Applicable,FALSE,1,Public Road,1,"Trafficway, On Road",CT0009300,New Haven PD,351,19:59.0,C,Closed,51:33.0,,,,,,,
885693,1,Complete,885693,885693,41.319139,-72.954219,3387791,New Haven,93,93,New Haven,4/8/2021,2021,4,April,8,5,Thursday,17:19:00,17,21012884,A,4,,Motor Vehicle In Motion,"Injury of any type (Serious, Minor, Possible)",C,Possible Injury (C),0,1,4,Local,1.2,194,ELM ST NO 1,ELM ST NO 1,HUBINGER ST,,,,,41.319139,-72.954219,14,Motor Vehicle in Operation,3,Angle,1,On Roadway,1,Clear,88,Not Applicable,1,Daylight,1,Dry,0,None,88,Not Applicable,88,Not Applicable,0,None,88,Not Applicable,88,Not Applicable,2,Intersection,2,Four-Way Intersection,1,No,1,No,88,Not Applicable,88,Not Applicable,88,Not Applicable,88,Not Applicable,FALSE,1,Public Road,1,"Trafficway, On Road",CT0009300,New Haven PD,276,47:09.0,O,Open,51:24.0,21012884,,,,,,
885694,1,Complete,885694,885694,41.301533,-72.89266,3387792,New Haven,93,93,New Haven,4/8/2021,2021,4,April,8,5,Thursday,17:11:00,17,21012888,A,3,,Motor Vehicle In Motion,"Injury of any type (Serious, Minor, Possible)",B,Suspected Minor Injury (B),0,0,4,Local,0.15,795,EAST FERRY ST,EAST FERRY ST,,FARREN ST,1000,Feet,N,41.301533,-72.89266,14,Motor Vehicle in Operation,1,Front to rear,1,On Roadway,1,Clear,88,Not Applicable,1,Daylight,1,Dry,0,None,88,Not Applicable,88,Not Applicable,0,None,88,Not Applicable,88,Not Applicable,1,Non-Junction,1,Not at Intersection,1,No,1,No,88,Not Applicable,88,Not Applicable,88,Not Applicable,88,Not Applicable,FALSE,1,Public Road,1,"Trafficway, On Road",CT0009300,New Haven PD,971,40:56.0,C,Closed,52:06.0,21-012888,,,,,,
885695,1,Complete,885695,885695,41.306016,-72.925766,3387793,New Haven,93,93,New Haven,4/8/2021,2021,4,April,8,5,Thursday,17:26:00,17,21012892,A,1,,Pedalcycle/Pedalcyclist,"Injury of any type (Serious, Minor, Possible)",C,Possible Injury (C),1,0,4,Local,0.17,103,CHURCH ST,CHURCH ST,CHAPEL ST,,,,,41.306016,-72.925766,10,Pedalcycle/Pedalcyclist,97,Other,1,On Roadway,1,Clear,88,Not Applicable,1,Daylight,1,Dry,0,None,88,Not Applicable,88,Not Applicable,0,None,88,Not Applicable,88,Not Applicable,2,Intersection,2,Four-Way Intersection,1,No,1,No,88,Not Applicable,88,Not Applicable,88,Not Applicable,88,Not Applicable,FALSE,1,Public Road,1,"Trafficway, On Road",CT0009300,New Haven PD,42045,59:04.0,C,Closed,51:30.0,,,,,,,