CrashId,Fatal Case Status,Fatal Case Status Text Format,CrashId,CrashId,Latitude,Longitude,DOT Case Number,Town Name,Town Number,Town Number,Town Number Text Format,Date Of Crash,Year,Month,Month Text Format,Day,Day of the Week,Day of the Week Text Format,Time of Crash,Hour of the Day,Case Identifier,Crash Severity,Number Of Motor Vehicles,Motor vehicle action,Most harmful event,Crash Severity Text Format,Most Severe Injury,Most Severe Injury Text Format,Number Of Non-Motorist,Number Of Witnesses,Route Class,Route Class Text Format,Milemarker,Road Number,Road Description,Roadway Name,Intersecting Roadway Name,Landmark Description,Distance From Nearest Landmark,Unit Of Measure From Nearest Landmark,Direction From Nearest Landmark,Latitude,Longitude,First Harmful Event,First Harmful Event Text Format,Manner of Crash / Collision Impact,Manner of Crash / Collision Impact Text Format,Location of First Harmful Event,Location of First Harmful Event Text Format,Weather Condition,Weather Condition Text Format,Weather 2,Weather 2 Text Format,Light Condition,Light Condition Text Format,Road Surface Condition,Road Surface Condition Text Format,"Contributing Circumstances, Environment","Contributing Circumstances, Environment Text Format",Environment 2,Environment 2 Text Format,Environment 3,Environment 3 Text Format,"Contributing Circumstances, Road","Contributing Circumstances, Road Text Format",Road 2,Road 2 Text Format,Road 3,Road 3 Text Format,Crash Specific Location,Crash Specific Location Text Format,Type of Intersection,Type of Intersection Text Format,School Bus Related,School Bus Related Text Format,Work Zone Related,Work Zone Related Text Format,Location Of Crash Relative To Work Zone,Location Of Crash Relative To Work Zone Text Format,Type of Work Zone,Type of Work Zone Text Format,Worker Presence,Worker Presence Text Format,Law Enforcement Presence,Law Enforcement Presence Text Format,Were Vehicles Moved Prior To Police Arrival,Trafficway Ownership,Trafficway Ownership Text Format,Trafficway Class,Trafficway Class Text Format,Police Agency,Police Agency Text Format,Badge Number,Approval Date,Police Case Status,Police Case Status Text Format,Crash Report Submission Date,Related Case Identifiers,No. of Through Lanes (Log Dir.),Average Daily Traffic,Functional Classification,Functional Classification Text Format,Rural or Urban,Rural or Urban Text Format
886125,1,Complete,886125,886125,41.338901,-72.976769,3388223,New Haven,93,93,New Haven,5/4/2021,2021,5,May,4,3,Tuesday,0:30:00,0,21016463,A,2,,Motor Vehicle In Motion,"Injury of any type (Serious, Minor, Possible)",C,Possible Injury (C),0,0,3,State,0.31,69,69-N,69-N,POND LILY AV,,,,,41.338901,-72.976769,14,Motor Vehicle in Operation,1,Front to rear,1,On Roadway,1,Clear,88,Not Applicable,4,Dark-Lighted,2,Wet,0,None,88,Not Applicable,88,Not Applicable,0,None,88,Not Applicable,88,Not Applicable,2,Intersection,3,T-Intersection,1,No,1,No,88,Not Applicable,88,Not Applicable,88,Not Applicable,88,Not Applicable,FALSE,1,Public Road,1,"Trafficway, On Road",CT0009300,New Haven PD,293,38:33.0,C,Closed,55:17.0,,3,21000,3,PRINCIPAL ARTERIAL - OTHER - NEW HPMS,2,Urban
886131,1,Complete,886131,886131,41.31057,-72.95147,3388229,New Haven,93,93,New Haven,5/4/2021,2021,5,May,4,3,Tuesday,12:47:00,12,21016505,A,1,,"Other Post, Pole, or Support","Injury of any type (Serious, Minor, Possible)",B,Suspected Minor Injury (B),0,0,4,Local,0.3,147,DERBY AV,DERBY AV,ELLSWORTH AV,,,,,41.31057,-72.95147,38,"Other Post, Pole or Support",88,Not Applicable,1,On Roadway,1,Clear,88,Not Applicable,1,Daylight,1,Dry,0,None,88,Not Applicable,88,Not Applicable,0,None,88,Not Applicable,88,Not Applicable,2,Intersection,2,Four-Way Intersection,1,No,1,No,88,Not Applicable,88,Not Applicable,88,Not Applicable,88,Not Applicable,FALSE,1,Public Road,1,"Trafficway, On Road",CT0009300,New Haven PD,359,29:30.0,C,Closed,55:24.0,,3,8000,4,MINOR ARTERIAL - NEW HPMS,2,Urban
886138,1,Complete,886138,886138,41.305409,-72.952536,3388236,New Haven,93,93,New Haven,5/4/2021,2021,5,May,4,3,Tuesday,20:04:00,20,21016541,A,2,,Motor Vehicle In Motion,"Injury of any type (Serious, Minor, Possible)",C,Possible Injury (C),0,1,3,State,2.05,10,10-N,10-N,LEGION AV-RT 34,,,,,41.305409,-72.952536,14,Motor Vehicle in Operation,3,Angle,1,On Roadway,1,Clear,88,Not Applicable,1,Daylight,1,Dry,0,None,88,Not Applicable,88,Not Applicable,0,None,88,Not Applicable,88,Not Applicable,2,Intersection,3,T-Intersection,1,No,1,No,88,Not Applicable,88,Not Applicable,88,Not Applicable,88,Not Applicable,TRUE,1,Public Road,1,"Trafficway, On Road",CT0009300,New Haven PD,319,47:45.0,C,Closed,55:20.0,,4,24400,3,PRINCIPAL ARTERIAL - OTHER - NEW HPMS,2,Urban
886145,1,Complete,886145,886145,41.32576,-72.958328,3388243,New Haven,93,93,New Haven,5/5/2021,2021,5,May,5,4,Wednesday,7:17:00,7,21016598,A,2,,Motor Vehicle In Motion,"Injury of any type (Serious, Minor, Possible)",C,Possible Injury (C),0,0,3,State,0.09,63,63-N,63-N,,WEST ROCK AVENUE,50,Feet,E,41.32576,-72.958328,14,Motor Vehicle in Operation,4,"Sideswipe, same direction",1,On Roadway,2,Cloudy,88,Not Applicable,1,Daylight,2,Wet,0,None,88,Not Applicable,88,Not Applicable,0,None,88,Not Applicable,88,Not Applicable,1,Non-Junction,1,Not at Intersection,1,No,1,No,88,Not Applicable,88,Not Applicable,88,Not Applicable,88,Not Applicable,TRUE,1,Public Road,1,"Trafficway, On Road",CT0009300,New Haven PD,381,16:12.0,C,Closed,55:27.0,,4,23100,3,PRINCIPAL ARTERIAL - OTHER - NEW HPMS,2,Urban
886147,1,Complete,886147,886147,41.320258,-72.97002,3388245,New Haven,93,93,New Haven,5/5/2021,2021,5,May,5,4,Wednesday,11:09:00,11,21016616,A,2,,Motor Vehicle In Motion,"Injury of any type (Serious, Minor, Possible)",C,Possible Injury (C),0,0,3,State,2.88,122,122-N,122-N,EDGEWOOD WAY,,,,,41.320258,-72.97002,14,Motor Vehicle in Operation,97,Other,1,On Roadway,4,Rain,88,Not Applicable,1,Daylight,2,Wet,99,Unknown,88,Not Applicable,88,Not Applicable,0,None,88,Not Applicable,88,Not Applicable,2,Intersection,2,Four-Way Intersection,1,No,1,No,88,Not Applicable,88,Not Applicable,88,Not Applicable,88,Not Applicable,FALSE,1,Public Road,1,"Trafficway, On Road",CT0009300,New Haven PD,90,19:01.0,C,Closed,55:32.0,,2,11700,4,MINOR ARTERIAL - NEW HPMS,2,Urban
886148,1,Complete,886148,886148,41.332398,-72.935142,3388246,New Haven,93,93,New Haven,5/5/2021,2021,5,May,5,4,Wednesday,11:43:00,11,21016621,A,2,,Motor Vehicle In Motion,"Injury of any type (Serious, Minor, Possible)",C,Possible Injury (C),0,0,4,Local,1.37,152,DIXWELL AV,DIXWELL AV,,BASSET ST,10,Feet,S,41.332398,-72.935142,14,Motor Vehicle in Operation,1,Front to rear,1,On Roadway,4,Rain,88,Not Applicable,1,Daylight,2,Wet,1,Weather Conditions,88,Not Applicable,88,Not Applicable,0,None,88,Not Applicable,88,Not Applicable,11,Through Roadway,1,Not at Intersection,1,No,1,No,88,Not Applicable,88,Not Applicable,88,Not Applicable,88,Not Applicable,FALSE,1,Public Road,1,"Trafficway, On Road",CT0009300,New Haven PD,40793,42:43.0,C,Closed,55:25.0,,,,,,,
886149,1,Complete,886149,886149,41.31979,-72.940375,3388247,New Haven,93,93,New Haven,5/5/2021,2021,5,May,5,4,Wednesday,12:30:00,12,21016625,A,2,,Motor Vehicle In Motion,"Injury of any type (Serious, Minor, Possible)",C,Possible Injury (C),0,0,4,Local,0,557,SHERMAN PKWY,SHERMAN PKWY,SHERMAN AV,,,,,41.31979,-72.940375,14,Motor Vehicle in Operation,3,Angle,1,On Roadway,4,Rain,88,Not Applicable,1,Daylight,2,Wet,0,None,88,Not Applicable,88,Not Applicable,0,None,88,Not Applicable,88,Not Applicable,2,Intersection,2,Four-Way Intersection,1,No,1,No,88,Not Applicable,88,Not Applicable,88,Not Applicable,88,Not Applicable,FALSE,1,Public Road,1,"Trafficway, On Road",CT0009300,New Haven PD,359,54:23.0,C,Closed,55:37.0,,,,,,,
886153,1,Complete,886153,886153,41.328351,-72.951772,3388251,New Haven,93,93,New Haven,5/5/2021,2021,5,May,5,4,Wednesday,15:35:00,15,21016644,A,2,,Motor Vehicle In Motion,"Injury of any type (Serious, Minor, Possible)",C,Possible Injury (C),0,0,3,State,3.97,10,10-N,10-N,DYER ST,,,,,41.328351,-72.951772,14,Motor Vehicle in Operation,3,Angle,1,On Roadway,4,Rain,88,Not Applicable,1,Daylight,2,Wet,0,None,88,Not Applicable,88,Not Applicable,0,None,88,Not Applicable,88,Not Applicable,2,Intersection,3,T-Intersection,1,No,1,No,88,Not Applicable,88,Not Applicable,88,Not Applicable,88,Not Applicable,TRUE,1,Public Road,1,"Trafficway, On Road",CT0009300,New Haven PD,402,37:46.0,C,Closed,55:27.0,,2,13100,4,MINOR ARTERIAL - NEW HPMS,2,Urban
886155,1,Complete,886155,886155,41.338858,-72.97674,3388253,New Haven,93,93,New Haven,5/5/2021,2021,5,May,5,4,Wednesday,16:02:00,16,21016649,A,2,,Motor Vehicle In Motion,"Injury of any type (Serious, Minor, Possible)",B,Suspected Minor Injury (B),0,0,3,State,0.31,69,69-N,69-N,POND LILY AV,,,,,41.338858,-72.97674,14,Motor Vehicle in Operation,3,Angle,1,On Roadway,4,Rain,88,Not Applicable,1,Daylight,2,Wet,0,None,88,Not Applicable,88,Not Applicable,0,None,88,Not Applicable,88,Not Applicable,3,Intersection-Related,2,Four-Way Intersection,1,No,1,No,88,Not Applicable,88,Not Applicable,88,Not Applicable,88,Not Applicable,FALSE,1,Public Road,1,"Trafficway, On Road",CT0009300,New Haven PD,40803,42:12.0,C,Closed,55:26.0,,3,21000,3,PRINCIPAL ARTERIAL - OTHER - NEW HPMS,2,Urban
886162,1,Complete,886162,886162,41.315242,-72.910337,3388260,New Haven,93,93,New Haven,5/5/2021,2021,5,May,5,4,Wednesday,19:13:00,19,21016688,A,2,,Motor Vehicle In Motion,"Injury of any type (Serious, Minor, Possible)",C,Possible Injury (C),0,0,4,Local,0.35,575,STATE ST,STATE ST,HINES PL,,,,,41.315242,-72.910337,14,Motor Vehicle in Operation,6,Rear to side,1,On Roadway,1,Clear,88,Not Applicable,3,Dusk,1,Dry,0,None,88,Not Applicable,88,Not Applicable,0,None,88,Not Applicable,88,Not Applicable,2,Intersection,3,T-Intersection,1,No,1,No,88,Not Applicable,88,Not Applicable,88,Not Applicable,88,Not Applicable,FALSE,1,Public Road,1,"Trafficway, On Road",CT0009300,New Haven PD,40799,15:13.0,C,Closed,56:11.0,,,,,,,
886166,1,Complete,886166,886166,41.300198,-72.924681,3388264,New Haven,93,93,New Haven,5/5/2021,2021,5,May,5,4,Wednesday,23:47:00,23,21016718,A,2,,Motor Vehicle In Motion,"Injury of any type (Serious, Minor, Possible)",C,Possible Injury (C),0,0,2,USRoute,48.18,1,1-N,1-N,,MEADOW ST,500,Feet,E,41.300198,-72.924681,14,Motor Vehicle in Operation,1,Front to rear,2,Shoulder,1,Clear,88,Not Applicable,4,Dark-Lighted,1,Dry,0,None,88,Not Applicable,88,Not Applicable,0,None,88,Not Applicable,88,Not Applicable,1,Non-Junction,1,Not at Intersection,1,No,1,No,88,Not Applicable,88,Not Applicable,88,Not Applicable,88,Not Applicable,FALSE,1,Public Road,1,"Trafficway, On Road",CT0009300,New Haven PD,746,57:32.0,C,Closed,55:30.0,,4,11600,3,PRINCIPAL ARTERIAL - OTHER - NEW HPMS,2,Urban
886167,1,Complete,886167,886167,41.337081,-72.972577,3388265,New Haven,93,93,New Haven,5/6/2021,2021,5,May,6,5,Thursday,0:01:00,0,21016721,A,1,,Pedestrian,"Injury of any type (Serious, Minor, Possible)",C,Possible Injury (C),1,0,4,Local,0.16,612,VALLEY ST NO 1,VALLEY ST NO 1,,MOUNTAIN RD,200,Feet,S,41.337081,-72.972577,9,Pedestrian,88,Not Applicable,1,On Roadway,1,Clear,88,Not Applicable,5,Dark-Not Lighted,1,Dry,99,Unknown,88,Not Applicable,88,Not Applicable,0,None,88,Not Applicable,88,Not Applicable,2,Intersection,3,T-Intersection,1,No,1,No,88,Not Applicable,88,Not Applicable,88,Not Applicable,88,Not Applicable,FALSE,1,Public Road,1,"Trafficway, On Road",CT0009300,New Haven PD,200,03:26.0,O,Open,56:31.0,,2,11500,5,MAJOR COLLECTOR - NEW HPMS,2,Urban
886176,1,Complete,886176,886176,41.318862,-72.933842,3388274,New Haven,93,93,New Haven,5/6/2021,2021,5,May,6,5,Thursday,14:19:00,14,21016824,A,2,,Motor Vehicle In Motion,"Injury of any type (Serious, Minor, Possible)",C,Possible Injury (C),0,0,4,Local,0.41,152,DIXWELL AV,DIXWELL AV,,ADMIRAL ST,300,Feet,S,41.318862,-72.933842,14,Motor Vehicle in Operation,97,Other,7,In Parking Lane or Zone,1,Clear,88,Not Applicable,1,Daylight,1,Dry,0,None,88,Not Applicable,88,Not Applicable,0,None,88,Not Applicable,88,Not Applicable,9,Driveway Access-Related,1,Not at Intersection,1,No,1,No,88,Not Applicable,88,Not Applicable,88,Not Applicable,88,Not Applicable,TRUE,1,Public Road,1,"Trafficway, On Road",CT0009300,New Haven PD,42042,43:27.0,C,Closed,55:50.0,,,,,,,
886187,1,Complete,886187,886187,41.311634,-72.899881,3388285,New Haven,93,93,New Haven,5/7/2021,2021,5,May,7,6,Friday,8:21:00,8,21016907,A,2,,Motor Vehicle In Motion,"Injury of any type (Serious, Minor, Possible)",C,Possible Injury (C),0,0,4,Local,0.6,57,BLATCHLEY AV,BLATCHLEY AV,PINE ST NO 1,,,,,41.311634,-72.899881,14,Motor Vehicle in Operation,1,Front to rear,1,On Roadway,1,Clear,88,Not Applicable,1,Daylight,1,Dry,0,None,88,Not Applicable,88,Not Applicable,0,None,88,Not Applicable,88,Not Applicable,2,Intersection,2,Four-Way Intersection,1,No,1,No,88,Not Applicable,88,Not Applicable,88,Not Applicable,88,Not Applicable,FALSE,1,Public Road,1,"Trafficway, On Road",CT0009300,New Haven PD,754,07:51.0,C,Closed,55:42.0,,,,,,,
886188,1,Complete,886188,886188,41.297304,-72.948705,3388286,New Haven,93,93,New Haven,5/7/2021,2021,5,May,7,6,Friday,8:21:00,8,21016909,A,2,,Motor Vehicle In Motion,"Injury of any type (Serious, Minor, Possible)",C,Possible Injury (C),0,0,3,State,1.47,10,10-N,10-N,1-N,,,,,41.297304,-72.948705,14,Motor Vehicle in Operation,1,Front to rear,1,On Roadway,1,Clear,88,Not Applicable,1,Daylight,1,Dry,0,None,88,Not Applicable,88,Not Applicable,0,None,88,Not Applicable,88,Not Applicable,3,Intersection-Related,2,Four-Way Intersection,1,No,1,No,88,Not Applicable,88,Not Applicable,88,Not Applicable,88,Not Applicable,TRUE,1,Public Road,1,"Trafficway, On Road",CT0009300,New Haven PD,26,40:23.0,C,Closed,12:23.0,,4,20700,3,PRINCIPAL ARTERIAL - OTHER - NEW HPMS,2,Urban
886189,1,Complete,886189,886189,41.31238,-72.92012,3388287,New Haven,93,93,New Haven,5/7/2021,2021,5,May,7,6,Friday,8:30:00,8,21016910,A,2,,Motor Vehicle In Motion,"Injury of any type (Serious, Minor, Possible)",C,Possible Injury (C),0,0,4,Local,0.27,601,TRUMBULL ST,TRUMBULL ST,LINCOLN ST,,,,,41.31238,-72.92012,14,Motor Vehicle in Operation,1,Front to rear,1,On Roadway,1,Clear,88,Not Applicable,1,Daylight,1,Dry,0,None,88,Not Applicable,88,Not Applicable,0,None,88,Not Applicable,88,Not Applicable,2,Intersection,2,Four-Way Intersection,1,No,1,No,88,Not Applicable,88,Not Applicable,88,Not Applicable,88,Not Applicable,FALSE,1,Public Road,1,"Trafficway, On Road",CT0009300,New Haven PD,87,29:30.0,C,Closed,55:48.0,,,,,,,
886190,1,Complete,886190,886190,41.318806,-72.897351,3388288,New Haven,93,93,New Haven,5/7/2021,2021,5,May,7,6,Friday,9:12:00,9,21016911,A,2,,Motor Vehicle In Motion,"Injury of any type (Serious, Minor, Possible)",C,Possible Injury (C),0,0,4,Local,0.73,411,MIDDLETOWN AV,MIDDLETOWN AV,,FERRY ST,20,Feet,E,41.318806,-72.897351,14,Motor Vehicle in Operation,3,Angle,1,On Roadway,1,Clear,88,Not Applicable,1,Daylight,1,Dry,0,None,88,Not Applicable,88,Not Applicable,0,None,88,Not Applicable,88,Not Applicable,1,Non-Junction,1,Not at Intersection,1,No,1,No,88,Not Applicable,88,Not Applicable,88,Not Applicable,88,Not Applicable,TRUE,1,Public Road,1,"Trafficway, On Road",CT0009300,New Haven PD,120,42:20.0,C,Closed,55:48.0,,,,,,,
886192,1,Complete,886192,886192,41.30808,-72.923826,3388290,New Haven,93,93,New Haven,5/7/2021,2021,5,May,7,6,Friday,12:43:00,12,21016959,A,2,,Motor Vehicle In Motion,"Injury of any type (Serious, Minor, Possible)",C,Possible Injury (C),0,0,4,Local,0.57,726,ELM ST NO 2,ELM ST NO 2,,CHURCH ST.,50,Feet,E,41.30808,-72.923826,14,Motor Vehicle in Operation,1,Front to rear,1,On Roadway,1,Clear,88,Not Applicable,1,Daylight,1,Dry,0,None,88,Not Applicable,88,Not Applicable,0,None,88,Not Applicable,88,Not Applicable,1,Non-Junction,1,Not at Intersection,1,No,1,No,88,Not Applicable,88,Not Applicable,88,Not Applicable,88,Not Applicable,FALSE,1,Public Road,1,"Trafficway, On Road",CT0009300,New Haven PD,106,34:46.0,C,Closed,55:41.0,,,,,,,
886193,1,Complete,886193,886193,41.338517,-72.973399,3388291,New Haven,93,93,New Haven,5/7/2021,2021,5,May,7,6,Friday,13:00:00,13,21016961,A,1,,Traffic Sign Support,"Injury of any type (Serious, Minor, Possible)",C,Possible Injury (C),0,0,4,Local,0.1,612,VALLEY ST NO 1,VALLEY ST NO 1,HARPER AV,,,,,41.338517,-72.973399,34,Traffic Sign Support,88,Not Applicable,2,Shoulder,1,Clear,88,Not Applicable,1,Daylight,1,Dry,0,None,88,Not Applicable,88,Not Applicable,0,None,88,Not Applicable,88,Not Applicable,2,Intersection,2,Four-Way Intersection,1,No,1,No,88,Not Applicable,88,Not Applicable,88,Not Applicable,88,Not Applicable,FALSE,1,Public Road,1,"Trafficway, On Road",CT0009300,New Haven PD,40810,33:13.0,C,Closed,55:42.0,,2,11500,5,MAJOR COLLECTOR - NEW HPMS,2,Urban
886195,1,Complete,886195,886195,41.286365,-72.936222,3388293,New Haven,93,93,New Haven,5/7/2021,2021,5,May,7,6,Friday,13:53:00,13,21016968,A,2,,Motor Vehicle In Motion,"Injury of any type (Serious, Minor, Possible)",B,Suspected Minor Injury (B),0,0,3,State,0.46,10,10-N,10-N,745-E,,,,,41.286365,-72.936222,14,Motor Vehicle in Operation,1,Front to rear,1,On Roadway,1,Clear,88,Not Applicable,1,Daylight,1,Dry,0,None,88,Not Applicable,88,Not Applicable,0,None,88,Not Applicable,88,Not Applicable,2,Intersection,2,Four-Way Intersection,1,No,1,No,88,Not Applicable,88,Not Applicable,88,Not Applicable,88,Not Applicable,FALSE,1,Public Road,1,"Trafficway, On Road",CT0009300,New Haven PD,281,34:01.0,C,Closed,55:42.0,,4,18500,3,PRINCIPAL ARTERIAL - OTHER - NEW HPMS,2,Urban
886196,1,Complete,886196,886196,41.30847,-72.94386,3388294,New Haven,93,93,New Haven,5/7/2021,2021,5,May,7,6,Friday,14:24:00,14,21016973,A,2,,Motor Vehicle In Motion,"Injury of any type (Serious, Minor, Possible)",C,Possible Injury (C),0,0,4,Local,0.11,772,GREENWOOD ST NO 2,GREENWOOD ST NO 2,GILBERT AV,,,,,41.30847,-72.94386,14,Motor Vehicle in Operation,3,Angle,1,On Roadway,1,Clear,88,Not Applicable,1,Daylight,1,Dry,0,None,88,Not Applicable,88,Not Applicable,0,None,88,Not Applicable,88,Not Applicable,2,Intersection,2,Four-Way Intersection,1,No,1,No,88,Not Applicable,88,Not Applicable,88,Not Applicable,88,Not Applicable,TRUE,1,Public Road,1,"Trafficway, On Road",CT0009300,New Haven PD,261,50:50.0,C,Closed,55:45.0,,,,,,,
886197,1,Complete,886197,886197,41.323879,-72.881531,3388295,New Haven,93,93,New Haven,5/7/2021,2021,5,May,7,6,Friday,18:30:00,18,21016977,A,2,,Motor Vehicle In Motion,"Injury of any type (Serious, Minor, Possible)",B,Suspected Minor Injury (B),0,2,3,State,0.22,17,17-N,17-N,80-W,,,,,41.323879,-72.881531,14,Motor Vehicle in Operation,2,Front to front,1,On Roadway,1,Clear,88,Not Applicable,1,Daylight,1,Dry,0,None,88,Not Applicable,88,Not Applicable,0,None,88,Not Applicable,88,Not Applicable,2,Intersection,2,Four-Way Intersection,1,No,1,No,88,Not Applicable,88,Not Applicable,88,Not Applicable,88,Not Applicable,FALSE,1,Public Road,1,"Trafficway, On Road",CT0009300,New Haven PD,42365,24:04.0,C,Closed,55:48.0,,1,8500,1,INTERSTATE - NEW HPMS,2,Urban
886221,1,Complete,886221,886221,41.317923,-72.945928,3388319,New Haven,93,93,New Haven,5/7/2021,2021,5,May,7,6,Friday,19:14:00,19,21017018,A,2,,Motor Vehicle In Motion,"Injury of any type (Serious, Minor, Possible)",C,Possible Injury (C),0,0,4,Local,0.17,653,WHALLEY AV,WHALLEY AV,NORTON ST,,,,,41.317923,-72.945928,14,Motor Vehicle in Operation,3,Angle,1,On Roadway,1,Clear,88,Not Applicable,1,Daylight,1,Dry,0,None,88,Not Applicable,88,Not Applicable,0,None,88,Not Applicable,88,Not Applicable,2,Intersection,2,Four-Way Intersection,1,No,1,No,88,Not Applicable,88,Not Applicable,88,Not Applicable,88,Not Applicable,FALSE,1,Public Road,1,"Trafficway, On Road",CT0009300,New Haven PD,276,49:19.0,C,Closed,55:44.0,21017018,,,,,,
886222,1,Complete,886222,886222,41.319225,-72.875078,3388320,New Haven,93,93,New Haven,5/7/2021,2021,5,May,7,6,Friday,20:53:00,20,21017031,A,3,,Parked Vehicle,"Injury of any type (Serious, Minor, Possible)",C,Possible Injury (C),0,0,4,Local,2.1,498,QUINNIPIAC AV,QUINNIPIAC AV,,FOXON ST,100,Feet,S,41.319225,-72.875078,15,Parked Motor Vehicle,1,Front to rear,1,On Roadway,1,Clear,88,Not Applicable,4,Dark-Lighted,1,Dry,0,None,88,Not Applicable,88,Not Applicable,0,None,88,Not Applicable,88,Not Applicable,1,Non-Junction,1,Not at Intersection,1,No,1,No,88,Not Applicable,88,Not Applicable,88,Not Applicable,88,Not Applicable,FALSE,1,Public Road,1,"Trafficway, On Road",CT0009300,New Haven PD,42044,23:45.0,C,Closed,56:11.0,,,,,,,
886224,1,Complete,886224,886224,41.31137,-72.94456,3388322,New Haven,93,93,New Haven,5/7/2021,2021,5,May,7,6,Friday,22:47:00,22,21017045,A,2,,Motor Vehicle In Motion,"Injury of any type (Serious, Minor, Possible)",C,Possible Injury (C),0,0,4,Local,0.39,556,SHERMAN AV,SHERMAN AV,CHAPEL ST,,,,,41.31137,-72.94456,14,Motor Vehicle in Operation,1,Front to rear,1,On Roadway,1,Clear,88,Not Applicable,4,Dark-Lighted,1,Dry,0,None,88,Not Applicable,88,Not Applicable,0,None,88,Not Applicable,88,Not Applicable,2,Intersection,3,T-Intersection,1,No,1,No,88,Not Applicable,88,Not Applicable,88,Not Applicable,88,Not Applicable,TRUE,1,Public Road,1,"Trafficway, On Road",CT0009300,New Haven PD,39,29:15.0,O,Open,57:33.0,21017045,,,,,,
886226,1,Complete,886226,886226,41.325651,-72.952629,3388324,New Haven,93,93,New Haven,5/8/2021,2021,5,May,8,7,Saturday,0:37:00,0,21017057,A,2,,Motor Vehicle In Motion,"Injury of any type (Serious, Minor, Possible)",C,Possible Injury (C),0,0,4,Local,0.41,56,BLAKE ST,BLAKE ST,DIAMOND ST,,,,,41.325651,-72.952629,14,Motor Vehicle in Operation,1,Front to rear,1,On Roadway,2,Cloudy,88,Not Applicable,4,Dark-Lighted,1,Dry,0,None,88,Not Applicable,88,Not Applicable,0,None,88,Not Applicable,88,Not Applicable,2,Intersection,3,T-Intersection,1,No,1,No,88,Not Applicable,88,Not Applicable,88,Not Applicable,88,Not Applicable,FALSE,1,Public Road,1,"Trafficway, On Road",CT0009300,New Haven PD,40956,37:35.0,C,Closed,55:46.0,,,,,,,
886232,1,Complete,886232,886232,41.324109,-72.974854,3388330,New Haven,93,93,New Haven,5/8/2021,2021,5,May,8,7,Saturday,9:48:00,9,21017081,A,1,,Pedestrian,"Injury of any type (Serious, Minor, Possible)",B,Suspected Minor Injury (B),1,1,4,Local,0,124,CONRAD DR,CONRAD DR,BIRCH DR,,,,,41.324109,-72.974854,11,Other Non-motorist,88,Not Applicable,1,On Roadway,2,Cloudy,88,Not Applicable,1,Daylight,1,Dry,0,None,88,Not Applicable,88,Not Applicable,0,None,88,Not Applicable,88,Not Applicable,2,Intersection,2,Four-Way Intersection,1,No,1,No,88,Not Applicable,88,Not Applicable,88,Not Applicable,88,Not Applicable,TRUE,1,Public Road,1,"Trafficway, On Road",CT0009300,New Haven PD,313,50:27.0,C,Closed,55:53.0,,2,3744,7,LOCAL - NEW HPMS,2,Urban
886233,1,Complete,886233,886233,41.323142,-72.948741,3388331,New Haven,93,93,New Haven,5/8/2021,2021,5,May,8,7,Saturday,11:54:00,11,21017094,A,2,,Motor Vehicle In Motion,"Injury of any type (Serious, Minor, Possible)",C,Possible Injury (C),0,0,4,Local,0.28,690,ELLA T GRASSO BLVD,ELLA T GRASSO BLVD,GOFFE TER,,,,,41.323142,-72.948741,14,Motor Vehicle in Operation,3,Angle,1,On Roadway,1,Clear,88,Not Applicable,1,Daylight,1,Dry,0,None,88,Not Applicable,88,Not Applicable,0,None,88,Not Applicable,88,Not Applicable,2,Intersection,2,Four-Way Intersection,1,No,1,No,88,Not Applicable,88,Not Applicable,88,Not Applicable,88,Not Applicable,TRUE,1,Public Road,1,"Trafficway, On Road",CT0009300,New Haven PD,359,38:52.0,C,Closed,56:07.0,,,,,,,
886238,1,Complete,886238,886238,41.297396,-72.949519,3388336,New Haven,93,93,New Haven,5/8/2021,2021,5,May,8,7,Saturday,15:12:00,15,21017111,A,2,,Motor Vehicle In Motion,"Injury of any type (Serious, Minor, Possible)",C,Possible Injury (C),0,0,2,USRoute,46.61,1,1-N,1-N,,ELLA T GRASSO BLVD,100,Feet,W,41.297396,-72.949519,14,Motor Vehicle in Operation,1,Front to rear,1,On Roadway,1,Clear,88,Not Applicable,1,Daylight,1,Dry,0,None,88,Not Applicable,88,Not Applicable,0,None,88,Not Applicable,88,Not Applicable,1,Non-Junction,1,Not at Intersection,1,No,1,No,88,Not Applicable,88,Not Applicable,88,Not Applicable,88,Not Applicable,FALSE,1,Public Road,1,"Trafficway, On Road",CT0009300,New Haven PD,966,57:01.0,C,Closed,55:50.0,,4,20500,3,PRINCIPAL ARTERIAL - OTHER - NEW HPMS,2,Urban
886243,1,Complete,886243,886243,41.325078,-72.884414,3388341,New Haven,93,93,New Haven,5/9/2021,2021,5,May,9,1,Sunday,0:39:00,0,21017171,A,1,,Guardrail End,"Injury of any type (Serious, Minor, Possible)",B,Suspected Minor Injury (B),0,0,4,Local,0,721,DUMP RD,DUMP RD,,FRONT ST,300,Feet,E,41.325078,-72.884414,28,Guardrail Face,88,Not Applicable,2,Shoulder,1,Clear,88,Not Applicable,5,Dark-Not Lighted,1,Dry,0,None,88,Not Applicable,88,Not Applicable,0,None,88,Not Applicable,88,Not Applicable,1,Non-Junction,1,Not at Intersection,1,No,1,No,88,Not Applicable,88,Not Applicable,88,Not Applicable,88,Not Applicable,FALSE,1,Public Road,1,"Trafficway, On Road",CT0009300,New Haven PD,42057,58:29.0,C,Closed,55:52.0,,2,3099,7,LOCAL - NEW HPMS,2,Urban