CrashId,Fatal Case Status,Fatal Case Status Text Format,CrashId,CrashId,Latitude,Longitude,DOT Case Number,Town Name,Town Number,Town Number,Town Number Text Format,Date Of Crash,Year,Month,Month Text Format,Day,Day of the Week,Day of the Week Text Format,Time of Crash,Hour of the Day,Case Identifier,Crash Severity,Number Of Motor Vehicles,Motor vehicle action,Most harmful event,Crash Severity Text Format,Most Severe Injury,Most Severe Injury Text Format,Number Of Non-Motorist,Number Of Witnesses,Route Class,Route Class Text Format,Milemarker,Road Number,Road Description,Roadway Name,Intersecting Roadway Name,Landmark Description,Distance From Nearest Landmark,Unit Of Measure From Nearest Landmark,Direction From Nearest Landmark,Latitude,Longitude,First Harmful Event,First Harmful Event Text Format,Manner of Crash / Collision Impact,Manner of Crash / Collision Impact Text Format,Location of First Harmful Event,Location of First Harmful Event Text Format,Weather Condition,Weather Condition Text Format,Weather 2,Weather 2 Text Format,Light Condition,Light Condition Text Format,Road Surface Condition,Road Surface Condition Text Format,"Contributing Circumstances, Environment","Contributing Circumstances, Environment Text Format",Environment 2,Environment 2 Text Format,Environment 3,Environment 3 Text Format,"Contributing Circumstances, Road","Contributing Circumstances, Road Text Format",Road 2,Road 2 Text Format,Road 3,Road 3 Text Format,Crash Specific Location,Crash Specific Location Text Format,Type of Intersection,Type of Intersection Text Format,School Bus Related,School Bus Related Text Format,Work Zone Related,Work Zone Related Text Format,Location Of Crash Relative To Work Zone,Location Of Crash Relative To Work Zone Text Format,Type of Work Zone,Type of Work Zone Text Format,Worker Presence,Worker Presence Text Format,Law Enforcement Presence,Law Enforcement Presence Text Format,Were Vehicles Moved Prior To Police Arrival,Trafficway Ownership,Trafficway Ownership Text Format,Trafficway Class,Trafficway Class Text Format,Police Agency,Police Agency Text Format,Badge Number,Approval Date,Police Case Status,Police Case Status Text Format,Crash Report Submission Date,Related Case Identifiers,No. of Through Lanes (Log Dir.),Average Daily Traffic,Functional Classification,Functional Classification Text Format,Rural or Urban,Rural or Urban Text Format
886245,1,Complete,886245,886245,41.305691,-72.93365,3388343,New Haven,93,93,New Haven,5/9/2021,2021,5,May,9,1,Sunday,10:07:00,10,21017190,A,2,,Motor Vehicle In Motion,"Injury of any type (Serious, Minor, Possible)",C,Possible Injury (C),0,0,4,Local,0.23,766,YORK ST,YORK ST,,N FRONTAGE RD,30,Feet,S,41.305691,-72.93365,14,Motor Vehicle in Operation,97,Other,1,On Roadway,1,Clear,88,Not Applicable,1,Daylight,1,Dry,0,None,88,Not Applicable,88,Not Applicable,0,None,88,Not Applicable,88,Not Applicable,1,Non-Junction,1,Not at Intersection,1,No,1,No,88,Not Applicable,88,Not Applicable,88,Not Applicable,88,Not Applicable,FALSE,1,Public Road,1,"Trafficway, On Road",CT0009300,New Haven PD,42370,42:52.0,C,Closed,55:53.0,,,,,,,
886249,1,Complete,886249,886249,41.297718,-72.937537,3388347,New Haven,93,93,New Haven,5/9/2021,2021,5,May,9,1,Sunday,15:12:00,15,21017207,A,2,,Motor Vehicle In Motion,"Injury of any type (Serious, Minor, Possible)",C,Possible Injury (C),0,0,2,USRoute,47.22,1,1-N,1-N,WASHINGTON AV NO 1,,,,,41.297718,-72.937537,14,Motor Vehicle in Operation,3,Angle,1,On Roadway,1,Clear,88,Not Applicable,1,Daylight,1,Dry,0,None,88,Not Applicable,88,Not Applicable,0,None,88,Not Applicable,88,Not Applicable,2,Intersection,3,T-Intersection,1,No,1,No,88,Not Applicable,88,Not Applicable,88,Not Applicable,88,Not Applicable,FALSE,1,Public Road,1,"Trafficway, On Road",CT0009300,New Haven PD,966,58:51.0,C,Closed,55:55.0,,2,8600,3,PRINCIPAL ARTERIAL - OTHER - NEW HPMS,2,Urban
886251,1,Complete,886251,886251,41.30827,-72.92425,3388349,New Haven,93,93,New Haven,5/9/2021,2021,5,May,9,1,Sunday,19:15:00,19,21017238,A,2,,Motor Vehicle In Motion,"Injury of any type (Serious, Minor, Possible)",C,Possible Injury (C),0,0,4,Local,0.34,103,CHURCH ST,CHURCH ST,ELM ST NO 2,,,,,41.30827,-72.92425,14,Motor Vehicle in Operation,1,Front to rear,1,On Roadway,4,Rain,88,Not Applicable,1,Daylight,2,Wet,0,None,88,Not Applicable,88,Not Applicable,0,None,88,Not Applicable,88,Not Applicable,3,Intersection-Related,2,Four-Way Intersection,1,No,1,No,88,Not Applicable,88,Not Applicable,88,Not Applicable,88,Not Applicable,FALSE,1,Public Road,1,"Trafficway, On Road",CT0009300,New Haven PD,97,33:32.0,C,Closed,55:56.0,,,,,,,
886254,1,Complete,886254,886254,41.323778,-72.881579,3388352,New Haven,93,93,New Haven,5/12/2021,2021,5,May,12,4,Wednesday,19:35:00,19,21017247,A,2,,Motor Vehicle In Motion,"Injury of any type (Serious, Minor, Possible)",C,Possible Injury (C),0,0,3,State,0.22,17,17-N,17-N,80-W,,,,,41.323778,-72.881579,14,Motor Vehicle in Operation,3,Angle,1,On Roadway,4,Rain,88,Not Applicable,4,Dark-Lighted,2,Wet,0,None,88,Not Applicable,88,Not Applicable,0,None,88,Not Applicable,88,Not Applicable,2,Intersection,2,Four-Way Intersection,1,No,1,No,88,Not Applicable,88,Not Applicable,88,Not Applicable,88,Not Applicable,FALSE,1,Public Road,1,"Trafficway, On Road",CT0009300,New Haven PD,42044,34:16.0,C,Closed,56:27.0,,1,8500,1,INTERSTATE - NEW HPMS,2,Urban
886260,1,Complete,886260,886260,41.315978,-72.945193,3388358,New Haven,93,93,New Haven,5/9/2021,2021,5,May,9,1,Sunday,23:41:00,23,21017270,A,4,,Motor Vehicle In Motion,"Injury of any type (Serious, Minor, Possible)",C,Possible Injury (C),0,0,4,Local,0.67,194,ELM ST NO 1,ELM ST NO 1,WINTHROP AV NO 2,,,,,41.315978,-72.945193,14,Motor Vehicle in Operation,3,Angle,1,On Roadway,4,Rain,88,Not Applicable,6,Dark-Unknown Lighting,2,Wet,99,Unknown,88,Not Applicable,88,Not Applicable,99,Unknown,88,Not Applicable,88,Not Applicable,2,Intersection,2,Four-Way Intersection,1,No,1,No,88,Not Applicable,88,Not Applicable,88,Not Applicable,88,Not Applicable,FALSE,1,Public Road,1,"Trafficway, On Road",CT0009300,New Haven PD,200,28:17.0,C,Closed,56:13.0,,,,,,,
886268,1,Complete,886268,886268,41.3035,-72.9105,3388366,New Haven,93,93,New Haven,5/10/2021,2021,5,May,10,2,Monday,14:25:00,14,21017345,A,2,,Motor Vehicle In Motion,"Injury of any type (Serious, Minor, Possible)",B,Suspected Minor Injury (B),0,0,4,Local,0.87,165,EAST ST,EAST ST,CHAPEL ST,,,,,41.3035,-72.9105,14,Motor Vehicle in Operation,97,Other,1,On Roadway,1,Clear,88,Not Applicable,1,Daylight,1,Dry,0,None,88,Not Applicable,88,Not Applicable,0,None,88,Not Applicable,88,Not Applicable,2,Intersection,2,Four-Way Intersection,1,No,1,No,88,Not Applicable,88,Not Applicable,88,Not Applicable,88,Not Applicable,FALSE,1,Public Road,1,"Trafficway, On Road",CT0009300,New Haven PD,223,33:35.0,C,Closed,56:03.0,,,,,,,
886274,1,Complete,886274,886274,41.29093,-72.936998,3388372,New Haven,93,93,New Haven,5/10/2021,2021,5,May,10,2,Monday,21:44:00,21,21017400,A,2,,Motor Vehicle In Motion,"Injury of any type (Serious, Minor, Possible)",B,Suspected Minor Injury (B),1,1,4,Local,0.27,320,HURLBURT ST,HURLBURT ST,,LAMBERTON ST,75,Feet,N,41.29093,-72.936998,15,Parked Motor Vehicle,4,"Sideswipe, same direction",1,On Roadway,1,Clear,88,Not Applicable,4,Dark-Lighted,1,Dry,0,None,88,Not Applicable,88,Not Applicable,0,None,88,Not Applicable,88,Not Applicable,1,Non-Junction,1,Not at Intersection,1,No,1,No,88,Not Applicable,88,Not Applicable,88,Not Applicable,88,Not Applicable,FALSE,1,Public Road,1,"Trafficway, On Road",CT0009300,New Haven PD,40810,17:53.0,O,Open,56:05.0,,,,,,,
886275,1,Complete,886275,886275,41.294866,-72.917325,3388373,New Haven,93,93,New Haven,5/10/2021,2021,5,May,10,2,Monday,21:50:00,21,21017401,A,1,,Pedestrian,"Injury of any type (Serious, Minor, Possible)",B,Suspected Minor Injury (B),1,1,4,Local,0.75,513,LONG WHARF DR,LONG WHARF DR,,CANAL DOCK RD,300,Feet,W,41.294866,-72.917325,9,Pedestrian,88,Not Applicable,1,On Roadway,1,Clear,88,Not Applicable,4,Dark-Lighted,1,Dry,0,None,88,Not Applicable,88,Not Applicable,0,None,88,Not Applicable,88,Not Applicable,1,Non-Junction,1,Not at Intersection,1,No,1,No,88,Not Applicable,88,Not Applicable,88,Not Applicable,88,Not Applicable,FALSE,1,Public Road,1,"Trafficway, On Road",CT0009300,New Haven PD,476,15:33.0,C,Closed,56:00.0,,2,9100,4,MINOR ARTERIAL - NEW HPMS,2,Urban
886277,1,Complete,886277,886277,41.29783,-72.93427,3388375,New Haven,93,93,New Haven,5/11/2021,2021,5,May,11,3,Tuesday,6:45:00,6,21017420,A,2,,Motor Vehicle In Motion,"Injury of any type (Serious, Minor, Possible)",C,Possible Injury (C),0,0,2,USRoute,47.4,1,1-N,1-N,HOWARD AV,,,,,41.29783,-72.93427,14,Motor Vehicle in Operation,3,Angle,1,On Roadway,1,Clear,88,Not Applicable,1,Daylight,1,Dry,0,None,88,Not Applicable,88,Not Applicable,0,None,88,Not Applicable,88,Not Applicable,2,Intersection,2,Four-Way Intersection,1,No,1,No,88,Not Applicable,88,Not Applicable,88,Not Applicable,88,Not Applicable,FALSE,1,Public Road,1,"Trafficway, On Road",CT0009300,New Haven PD,293,23:52.0,C,Closed,12:24.0,,2,8400,3,PRINCIPAL ARTERIAL - OTHER - NEW HPMS,2,Urban
886292,1,Complete,886292,886292,41.3035,-72.9104,3388390,New Haven,93,93,New Haven,5/12/2021,2021,5,May,12,4,Wednesday,1:30:00,1,21017598,A,2,,Motor Vehicle In Motion,"Injury of any type (Serious, Minor, Possible)",B,Suspected Minor Injury (B),0,0,4,Local,0.87,165,EAST ST,EAST ST,CHAPEL ST,,,,,41.3035,-72.9104,14,Motor Vehicle in Operation,1,Front to rear,1,On Roadway,1,Clear,88,Not Applicable,4,Dark-Lighted,1,Dry,0,None,88,Not Applicable,88,Not Applicable,0,None,88,Not Applicable,88,Not Applicable,2,Intersection,2,Four-Way Intersection,1,No,1,No,88,Not Applicable,88,Not Applicable,88,Not Applicable,88,Not Applicable,FALSE,1,Public Road,1,"Trafficway, On Road",CT0009300,New Haven PD,40955,37:49.0,C,Closed,56:12.0,,,,,,,
886293,1,Complete,886293,886293,41.30136,-72.9353,3388391,New Haven,93,93,New Haven,5/12/2021,2021,5,May,12,4,Wednesday,5:02:00,5,21017605,A,1,,Pedestrian,"Injury of any type (Serious, Minor, Possible)",B,Suspected Minor Injury (B),1,0,4,Local,0.35,308,HOWARD AV,HOWARD AV,CONGRESS AV,,,,,41.30136,-72.9353,9,Pedestrian,88,Not Applicable,1,On Roadway,1,Clear,88,Not Applicable,4,Dark-Lighted,1,Dry,0,None,88,Not Applicable,88,Not Applicable,0,None,88,Not Applicable,88,Not Applicable,2,Intersection,2,Four-Way Intersection,1,No,1,No,88,Not Applicable,88,Not Applicable,88,Not Applicable,88,Not Applicable,FALSE,1,Public Road,1,"Trafficway, On Road",CT0009300,New Haven PD,476,49:03.0,C,Closed,56:08.0,,2,9300,4,MINOR ARTERIAL - NEW HPMS,2,Urban
886294,1,Complete,886294,886294,41.32042,-72.91846,3388392,New Haven,93,93,New Haven,5/12/2021,2021,5,May,12,4,Wednesday,9:30:00,9,21017611,A,1,,Separation of Units,"Injury of any type (Serious, Minor, Possible)",C,Possible Injury (C),1,0,4,Local,0.72,656,WHITNEY AV,WHITNEY AV,LAWRENCE ST NO 2,,,,,41.32042,-72.91846,14,Motor Vehicle in Operation,3,Angle,1,On Roadway,1,Clear,88,Not Applicable,1,Daylight,1,Dry,0,None,88,Not Applicable,88,Not Applicable,0,None,88,Not Applicable,88,Not Applicable,3,Intersection-Related,3,T-Intersection,1,No,1,No,88,Not Applicable,88,Not Applicable,88,Not Applicable,88,Not Applicable,FALSE,1,Public Road,1,"Trafficway, On Road",CT0009300,New Haven PD,991,46:36.0,C,Closed,56:09.0,,,,,,,
886296,1,Complete,886296,886296,41.308867,-72.953229,3388394,New Haven,93,93,New Haven,5/12/2021,2021,5,May,12,4,Wednesday,11:21:00,11,21017623,A,2,,Motor Vehicle In Motion,"Injury of any type (Serious, Minor, Possible)",C,Possible Injury (C),0,0,3,State,2.29,10,10-N,10-N,,DERBY AVE,400,Feet,S,41.308867,-72.953229,14,Motor Vehicle in Operation,1,Front to rear,1,On Roadway,1,Clear,88,Not Applicable,1,Daylight,1,Dry,0,None,88,Not Applicable,88,Not Applicable,0,None,88,Not Applicable,88,Not Applicable,1,Non-Junction,1,Not at Intersection,1,No,1,No,88,Not Applicable,88,Not Applicable,88,Not Applicable,88,Not Applicable,FALSE,1,Public Road,1,"Trafficway, On Road",CT0009300,New Haven PD,42370,01:41.0,C,Closed,56:08.0,,4,33100,3,PRINCIPAL ARTERIAL - OTHER - NEW HPMS,2,Urban
886308,1,Complete,886308,886308,41.31137,-72.94456,3388406,New Haven,93,93,New Haven,5/13/2021,2021,5,May,13,5,Thursday,12:12:00,12,21017735,A,2,,Motor Vehicle In Motion,"Injury of any type (Serious, Minor, Possible)",C,Possible Injury (C),0,0,4,Local,2.82,97,CHAPEL ST,CHAPEL ST,SHERMAN AV,,,,,41.31137,-72.94456,14,Motor Vehicle in Operation,3,Angle,1,On Roadway,1,Clear,88,Not Applicable,1,Daylight,1,Dry,0,None,88,Not Applicable,88,Not Applicable,0,None,88,Not Applicable,88,Not Applicable,2,Intersection,2,Four-Way Intersection,1,No,1,No,88,Not Applicable,88,Not Applicable,88,Not Applicable,88,Not Applicable,FALSE,1,Public Road,1,"Trafficway, On Road",CT0009300,New Haven PD,42370,26:08.0,C,Closed,56:14.0,,,,,,,
886342,1,Complete,886342,886342,41.333866,-72.935183,921108,New Haven,93,93,New Haven,5/13/2021,2021,5,May,13,5,Thursday,22:19:00,22,21017848,K,2,Making U-Turn,Reentering Roadway,Fatal (Kill),K,Fatal Injury (K),0,3,4,Local,1.48,152,DIXWELL AV,DIXWELL AV,,DORMAN STREET,150,Feet,N,41.333866,-72.935183,14,Motor Vehicle in Operation,97,Other,1,On Roadway,1,Clear,88,Not Applicable,4,Dark-Lighted,1,Dry,99,Unknown,88,Not Applicable,88,Not Applicable,99,Unknown,88,Not Applicable,88,Not Applicable,1,Non-Junction,1,Not at Intersection,1,No,1,No,88,Not Applicable,88,Not Applicable,88,Not Applicable,88,Not Applicable,FALSE,1,Public Road,1,"Trafficway, On Road",CT0009300,New Haven PD,42042,06:51.0,O,Open,56:23.0,,2,15300,3,PRINCIPAL ARTERIAL - OTHER - NEW HPMS,2,Urban
886351,1,Complete,886351,886351,41.30887,-72.89703,3388449,New Haven,93,93,New Haven,5/14/2021,2021,5,May,14,6,Friday,12:42:00,12,21017904,A,2,,Motor Vehicle In Motion,"Injury of any type (Serious, Minor, Possible)",C,Possible Injury (C),0,0,4,Local,0.59,264,GRAND AV,GRAND AV,POPLAR ST,,,,,41.30887,-72.89703,14,Motor Vehicle in Operation,1,Front to rear,1,On Roadway,1,Clear,88,Not Applicable,1,Daylight,1,Dry,0,None,88,Not Applicable,88,Not Applicable,0,None,88,Not Applicable,88,Not Applicable,2,Intersection,2,Four-Way Intersection,1,No,1,No,88,Not Applicable,88,Not Applicable,88,Not Applicable,88,Not Applicable,FALSE,1,Public Road,1,"Trafficway, On Road",CT0009300,New Haven PD,40967,35:07.0,C,Closed,56:20.0,,,,,,,
886353,1,Complete,886353,886353,41.331806,-72.935199,3388451,New Haven,93,93,New Haven,5/14/2021,2021,5,May,14,6,Friday,16:42:00,16,21017920,A,1,,Motor Vehicle In Motion,"Injury of any type (Serious, Minor, Possible)",B,Suspected Minor Injury (B),1,1,4,Local,1.33,152,DIXWELL AV,DIXWELL AV,WILLIS ST,,,,,41.331806,-72.935199,14,Motor Vehicle in Operation,3,Angle,1,On Roadway,1,Clear,88,Not Applicable,1,Daylight,1,Dry,0,None,88,Not Applicable,88,Not Applicable,0,None,88,Not Applicable,88,Not Applicable,2,Intersection,3,T-Intersection,1,No,1,No,88,Not Applicable,88,Not Applicable,88,Not Applicable,88,Not Applicable,FALSE,1,Public Road,1,"Trafficway, On Road",CT0009300,New Haven PD,42042,37:48.0,C,Closed,56:29.0,,,,,,,
886355,1,Complete,886355,886355,41.32388,-72.881531,3388453,New Haven,93,93,New Haven,5/14/2021,2021,5,May,14,6,Friday,17:11:00,17,21017923,A,2,,Motor Vehicle In Motion,"Injury of any type (Serious, Minor, Possible)",C,Possible Injury (C),0,0,3,State,0.22,17,17-N,17-N,80-W,,,,,41.32388,-72.881531,14,Motor Vehicle in Operation,1,Front to rear,1,On Roadway,1,Clear,88,Not Applicable,99,Unknown,1,Dry,0,None,88,Not Applicable,88,Not Applicable,0,None,88,Not Applicable,88,Not Applicable,2,Intersection,4,Y-Intersection,1,No,1,No,88,Not Applicable,88,Not Applicable,88,Not Applicable,88,Not Applicable,FALSE,1,Public Road,1,"Trafficway, On Road",CT0009300,New Haven PD,42051,40:06.0,C,Closed,56:59.0,,1,8500,1,INTERSTATE - NEW HPMS,2,Urban
886356,1,Complete,886356,886356,41.324973,-72.956864,3388454,New Haven,93,93,New Haven,5/14/2021,2021,5,May,14,6,Friday,17:22:00,17,21017925,A,2,,Motor Vehicle In Motion,"Injury of any type (Serious, Minor, Possible)",A,Suspected Serious Injury (A),0,1,3,State,0,63,63-N,63-N,10-N,,,,,41.324973,-72.956864,14,Motor Vehicle in Operation,3,Angle,1,On Roadway,1,Clear,88,Not Applicable,1,Daylight,1,Dry,0,None,88,Not Applicable,88,Not Applicable,0,None,88,Not Applicable,88,Not Applicable,3,Intersection-Related,2,Four-Way Intersection,1,No,1,No,88,Not Applicable,88,Not Applicable,88,Not Applicable,88,Not Applicable,FALSE,1,Public Road,1,"Trafficway, On Road",CT0009300,New Haven PD,79,18:43.0,C,Closed,56:22.0,,4,23100,3,PRINCIPAL ARTERIAL - OTHER - NEW HPMS,2,Urban
886357,1,Complete,886357,886357,41.3158799,-72.9488118,3388455,New Haven,93,93,New Haven,5/14/2021,2021,5,May,14,6,Friday,17:19:00,17,21017928,A,2,,Motor Vehicle In Motion,"Injury of any type (Serious, Minor, Possible)",C,Possible Injury (C),0,0,4,Local,0.4,193,ELLSWORTH AV,ELLSWORTH AV,MAPLE ST,,,,,41.3158799,-72.9488118,14,Motor Vehicle in Operation,3,Angle,1,On Roadway,1,Clear,88,Not Applicable,1,Daylight,1,Dry,0,None,88,Not Applicable,88,Not Applicable,0,None,88,Not Applicable,88,Not Applicable,2,Intersection,2,Four-Way Intersection,1,No,1,No,88,Not Applicable,88,Not Applicable,88,Not Applicable,88,Not Applicable,FALSE,1,Public Road,1,"Trafficway, On Road",CT0009300,New Haven PD,11439,46:38.0,C,Closed,56:24.0,,,,,,,
886359,1,Complete,886359,886359,41.332644,-72.949152,3388457,New Haven,93,93,New Haven,5/14/2021,2021,5,May,14,6,Friday,16:13:00,16,21017938,A,3,,Motor Vehicle In Motion,"Injury of any type (Serious, Minor, Possible)",C,Possible Injury (C),0,0,3,State,4.31,10,10-S,10-S,WINTERGREEN AV,,,,,41.332644,-72.949152,14,Motor Vehicle in Operation,4,"Sideswipe, same direction",1,On Roadway,1,Clear,88,Not Applicable,1,Daylight,1,Dry,99,Unknown,88,Not Applicable,88,Not Applicable,99,Unknown,88,Not Applicable,88,Not Applicable,2,Intersection,3,T-Intersection,2,"Yes, School Bus Directly Involved",1,No,88,Not Applicable,88,Not Applicable,88,Not Applicable,88,Not Applicable,TRUE,1,Public Road,1,"Trafficway, On Road",CT0009300,New Haven PD,402,21:01.0,O,Open,56:21.0,,4,10600,4,MINOR ARTERIAL - NEW HPMS,2,Urban
886361,1,Complete,886361,886361,41.309,-72.896,3388459,New Haven,93,93,New Haven,5/14/2021,2021,5,May,14,6,Friday,20:42:00,20,21017958,A,3,,Motor Vehicle In Motion,"Injury of any type (Serious, Minor, Possible)",C,Possible Injury (C),0,0,4,Local,0.53,264,GRAND AV,GRAND AV,,FERRY ST,50,Feet,W,41.309,-72.896,14,Motor Vehicle in Operation,1,Front to rear,1,On Roadway,1,Clear,88,Not Applicable,4,Dark-Lighted,1,Dry,0,None,88,Not Applicable,88,Not Applicable,0,None,88,Not Applicable,88,Not Applicable,1,Non-Junction,1,Not at Intersection,1,No,1,No,88,Not Applicable,88,Not Applicable,88,Not Applicable,88,Not Applicable,TRUE,1,Public Road,1,"Trafficway, On Road",CT0009300,New Haven PD,971,36:38.0,C,Closed,56:54.0,21-17958,,,,,,
886363,1,Complete,886363,886363,41.3083646,-72.8952507,3388461,New Haven,93,93,New Haven,5/14/2021,2021,5,May,14,6,Friday,23:42:00,23,21017981,A,2,,Motor Vehicle In Motion,"Injury of any type (Serious, Minor, Possible)",C,Possible Injury (C),0,0,4,Local,0.79,213,FERRY ST,FERRY ST,,GRAND AVENUE,300,Feet,S,41.3083646,-72.8952507,14,Motor Vehicle in Operation,3,Angle,1,On Roadway,1,Clear,88,Not Applicable,4,Dark-Lighted,1,Dry,0,None,88,Not Applicable,88,Not Applicable,0,None,88,Not Applicable,88,Not Applicable,1,Non-Junction,1,Not at Intersection,1,No,1,No,88,Not Applicable,88,Not Applicable,88,Not Applicable,88,Not Applicable,FALSE,1,Public Road,1,"Trafficway, On Road",CT0009300,New Haven PD,370,49:56.0,O,Open,57:13.0,,,,,,,
886372,1,Complete,886372,886372,41.3157709,-72.9390553,3388470,New Haven,93,93,New Haven,5/15/2021,2021,5,May,15,7,Saturday,17:20:00,17,21018055,A,2,,Motor Vehicle In Motion,"Injury of any type (Serious, Minor, Possible)",B,Suspected Minor Injury (B),0,0,4,Local,1.03,453,ORCHARD ST,ORCHARD ST,,WHALLEY AVE,100,Feet,N,41.3157709,-72.9390553,14,Motor Vehicle in Operation,99,Unknown,1,On Roadway,1,Clear,88,Not Applicable,1,Daylight,1,Dry,0,None,88,Not Applicable,88,Not Applicable,0,None,88,Not Applicable,88,Not Applicable,1,Non-Junction,1,Not at Intersection,1,No,1,No,88,Not Applicable,88,Not Applicable,88,Not Applicable,88,Not Applicable,TRUE,1,Public Road,1,"Trafficway, On Road",CT0009300,New Haven PD,42053,25:18.0,C,Closed,56:28.0,,,,,,,
886373,1,Complete,886373,886373,41.32751,-72.93519,3388471,New Haven,93,93,New Haven,5/15/2021,2021,5,May,15,7,Saturday,18:43:00,18,21018066,A,2,,Motor Vehicle In Motion,"Injury of any type (Serious, Minor, Possible)",C,Possible Injury (C),0,0,4,Local,1.04,152,DIXWELL AV,DIXWELL AV,HARDING PL,,,,,41.32751,-72.93519,14,Motor Vehicle in Operation,3,Angle,1,On Roadway,1,Clear,88,Not Applicable,1,Daylight,1,Dry,0,None,88,Not Applicable,88,Not Applicable,0,None,88,Not Applicable,88,Not Applicable,2,Intersection,3,T-Intersection,1,No,1,No,88,Not Applicable,88,Not Applicable,88,Not Applicable,88,Not Applicable,TRUE,1,Public Road,1,"Trafficway, On Road",CT0009300,New Haven PD,42052,04:37.0,C,Closed,56:26.0,,,,,,,
886374,1,Complete,886374,886374,41.31557,-72.90091,3388472,New Haven,93,93,New Haven,5/16/2021,2021,5,May,16,1,Sunday,1:34:00,1,21018103,A,2,,Motor Vehicle In Motion,"Injury of any type (Serious, Minor, Possible)",C,Possible Injury (C),0,0,4,Local,0.88,57,BLATCHLEY AV,BLATCHLEY AV,PECK ST NO 1,,,,,41.31557,-72.90091,14,Motor Vehicle in Operation,3,Angle,1,On Roadway,1,Clear,88,Not Applicable,4,Dark-Lighted,1,Dry,99,Unknown,88,Not Applicable,88,Not Applicable,0,None,88,Not Applicable,88,Not Applicable,2,Intersection,2,Four-Way Intersection,1,No,1,No,88,Not Applicable,88,Not Applicable,1,No,88,Not Applicable,FALSE,1,Public Road,1,"Trafficway, On Road",CT0009300,New Haven PD,415,59:32.0,C,Closed,59:09.0,,,,,,,
886381,1,Complete,886381,886381,41.31487,-72.94562,3388479,New Haven,93,93,New Haven,5/16/2021,2021,5,May,16,1,Sunday,11:45:00,11,21018146,A,2,,Motor Vehicle In Motion,"Injury of any type (Serious, Minor, Possible)",B,Suspected Minor Injury (B),0,0,4,Local,0.12,393,MAPLE ST,MAPLE ST,WINTHROP AV NO 2,,,,,41.31487,-72.94562,14,Motor Vehicle in Operation,3,Angle,1,On Roadway,1,Clear,88,Not Applicable,1,Daylight,1,Dry,0,None,88,Not Applicable,88,Not Applicable,0,None,88,Not Applicable,88,Not Applicable,2,Intersection,2,Four-Way Intersection,1,No,1,No,88,Not Applicable,88,Not Applicable,88,Not Applicable,88,Not Applicable,FALSE,1,Public Road,1,"Trafficway, On Road",CT0009300,New Haven PD,238,51:50.0,C,Closed,56:48.0,,,,,,,
886386,1,Complete,886386,886386,41.297502,-72.93056,3388484,New Haven,93,93,New Haven,5/16/2021,2021,5,May,16,1,Sunday,16:02:00,16,21018170,A,2,,Motor Vehicle In Motion,"Injury of any type (Serious, Minor, Possible)",C,Possible Injury (C),0,0,4,Local,0.06,710,LIBERTY ST NO 1,LIBERTY ST NO 1,PORTSEA ST,,,,,41.297502,-72.93056,14,Motor Vehicle in Operation,3,Angle,1,On Roadway,2,Cloudy,88,Not Applicable,1,Daylight,1,Dry,0,None,88,Not Applicable,88,Not Applicable,0,None,88,Not Applicable,88,Not Applicable,2,Intersection,2,Four-Way Intersection,1,No,1,No,88,Not Applicable,88,Not Applicable,88,Not Applicable,88,Not Applicable,TRUE,1,Public Road,1,"Trafficway, On Road",CT0009300,New Haven PD,40947,11:31.0,C,Closed,56:29.0,,,,,,,
886388,1,Complete,886388,886388,41.296585,-72.928318,3388486,New Haven,93,93,New Haven,5/16/2021,2021,5,May,16,1,Sunday,17:47:00,17,21018182,A,2,,Motor Vehicle In Motion,"Injury of any type (Serious, Minor, Possible)",C,Possible Injury (C),0,0,2,USRoute,47.84,1,1-N,1-N,CHURCH ST SOUTH NO 2,,,,,41.296585,-72.928318,14,Motor Vehicle in Operation,1,Front to rear,1,On Roadway,1,Clear,88,Not Applicable,1,Daylight,1,Dry,0,None,88,Not Applicable,88,Not Applicable,0,None,88,Not Applicable,88,Not Applicable,2,Intersection,2,Four-Way Intersection,1,No,1,No,88,Not Applicable,88,Not Applicable,88,Not Applicable,88,Not Applicable,FALSE,1,Public Road,1,"Trafficway, On Road",CT0009300,New Haven PD,958,09:13.0,O,Open,56:30.0,21-018182,2,9500,3,PRINCIPAL ARTERIAL - OTHER - NEW HPMS,2,Urban
886391,1,Complete,886391,886391,41.320725,-72.874078,3388489,New Haven,93,93,New Haven,5/17/2021,2021,5,May,17,2,Monday,4:25:00,4,21018230,A,2,,Motor Vehicle In Motion,"Injury of any type (Serious, Minor, Possible)",B,Suspected Minor Injury (B),0,0,3,State,0.44,80,80-E,80-E,QUINNIPIAC AV,,,,,41.320725,-72.874078,14,Motor Vehicle in Operation,3,Angle,1,On Roadway,1,Clear,88,Not Applicable,4,Dark-Lighted,1,Dry,0,None,88,Not Applicable,88,Not Applicable,0,None,88,Not Applicable,88,Not Applicable,2,Intersection,3,T-Intersection,1,No,1,No,88,Not Applicable,88,Not Applicable,88,Not Applicable,88,Not Applicable,FALSE,1,Public Road,1,"Trafficway, On Road",CT0009300,New Haven PD,40807,53:27.0,O,Open,56:34.0,,4,32100,3,PRINCIPAL ARTERIAL - OTHER - NEW HPMS,2,Urban