CrashId,Fatal Case Status,Fatal Case Status Text Format,CrashId,CrashId,Latitude,Longitude,DOT Case Number,Town Name,Town Number,Town Number,Town Number Text Format,Date Of Crash,Year,Month,Month Text Format,Day,Day of the Week,Day of the Week Text Format,Time of Crash,Hour of the Day,Case Identifier,Crash Severity,Number Of Motor Vehicles,Motor vehicle action,Most harmful event,Crash Severity Text Format,Most Severe Injury,Most Severe Injury Text Format,Number Of Non-Motorist,Number Of Witnesses,Route Class,Route Class Text Format,Milemarker,Road Number,Road Description,Roadway Name,Intersecting Roadway Name,Landmark Description,Distance From Nearest Landmark,Unit Of Measure From Nearest Landmark,Direction From Nearest Landmark,Latitude,Longitude,First Harmful Event,First Harmful Event Text Format,Manner of Crash / Collision Impact,Manner of Crash / Collision Impact Text Format,Location of First Harmful Event,Location of First Harmful Event Text Format,Weather Condition,Weather Condition Text Format,Weather 2,Weather 2 Text Format,Light Condition,Light Condition Text Format,Road Surface Condition,Road Surface Condition Text Format,"Contributing Circumstances, Environment","Contributing Circumstances, Environment Text Format",Environment 2,Environment 2 Text Format,Environment 3,Environment 3 Text Format,"Contributing Circumstances, Road","Contributing Circumstances, Road Text Format",Road 2,Road 2 Text Format,Road 3,Road 3 Text Format,Crash Specific Location,Crash Specific Location Text Format,Type of Intersection,Type of Intersection Text Format,School Bus Related,School Bus Related Text Format,Work Zone Related,Work Zone Related Text Format,Location Of Crash Relative To Work Zone,Location Of Crash Relative To Work Zone Text Format,Type of Work Zone,Type of Work Zone Text Format,Worker Presence,Worker Presence Text Format,Law Enforcement Presence,Law Enforcement Presence Text Format,Were Vehicles Moved Prior To Police Arrival,Trafficway Ownership,Trafficway Ownership Text Format,Trafficway Class,Trafficway Class Text Format,Police Agency,Police Agency Text Format,Badge Number,Approval Date,Police Case Status,Police Case Status Text Format,Crash Report Submission Date,Related Case Identifiers,No. of Through Lanes (Log Dir.),Average Daily Traffic,Functional Classification,Functional Classification Text Format,Rural or Urban,Rural or Urban Text Format
886392,1,Complete,886392,886392,41.31919,-72.93399,3388490,New Haven,93,93,New Haven,5/17/2021,2021,5,May,17,2,Monday,8:29:00,8,21018242,A,2,,Motor Vehicle In Motion,"Injury of any type (Serious, Minor, Possible)",C,Possible Injury (C),0,0,4,Local,0.44,152,DIXWELL AV,DIXWELL AV,CHARLES ST,,,,,41.31919,-72.93399,14,Motor Vehicle in Operation,4,"Sideswipe, same direction",1,On Roadway,2,Cloudy,88,Not Applicable,1,Daylight,1,Dry,0,None,88,Not Applicable,88,Not Applicable,0,None,88,Not Applicable,88,Not Applicable,2,Intersection,3,T-Intersection,1,No,1,No,88,Not Applicable,88,Not Applicable,88,Not Applicable,88,Not Applicable,FALSE,1,Public Road,1,"Trafficway, On Road",CT0009300,New Haven PD,201,17:05.0,O,Open,56:34.0,,,,,,,
886393,1,Complete,886393,886393,41.319443,-72.970197,3388491,New Haven,93,93,New Haven,5/17/2021,2021,5,May,17,2,Monday,8:30:00,8,21018243,A,2,,Motor Vehicle In Motion,"Injury of any type (Serious, Minor, Possible)",C,Possible Injury (C),0,0,3,State,2.82,122,122-N,122-N,,EDGEWOOD WAY,100,Feet,S,41.319443,-72.970197,14,Motor Vehicle in Operation,4,"Sideswipe, same direction",1,On Roadway,1,Clear,88,Not Applicable,1,Daylight,1,Dry,0,None,88,Not Applicable,88,Not Applicable,0,None,88,Not Applicable,88,Not Applicable,9,Driveway Access-Related,1,Not at Intersection,1,No,1,No,88,Not Applicable,88,Not Applicable,88,Not Applicable,88,Not Applicable,TRUE,1,Public Road,1,"Trafficway, On Road",CT0009300,New Haven PD,313,42:29.0,C,Closed,56:39.0,,1,11700,4,MINOR ARTERIAL - NEW HPMS,2,Urban
886400,1,Complete,886400,886400,41.296966,-72.948267,3388498,New Haven,93,93,New Haven,5/17/2021,2021,5,May,17,2,Monday,15:35:00,15,21018311,A,2,,Motor Vehicle In Motion,"Injury of any type (Serious, Minor, Possible)",C,Possible Injury (C),0,0,3,State,1.42,10,10-N,10-N,,COLUMBUS AVE,225,Feet,S,41.296966,-72.948267,14,Motor Vehicle in Operation,1,Front to rear,1,On Roadway,1,Clear,88,Not Applicable,1,Daylight,1,Dry,0,None,88,Not Applicable,88,Not Applicable,0,None,88,Not Applicable,88,Not Applicable,2,Intersection,2,Four-Way Intersection,1,No,1,No,88,Not Applicable,88,Not Applicable,88,Not Applicable,88,Not Applicable,TRUE,1,Public Road,1,"Trafficway, On Road",CT0009300,New Haven PD,34,51:11.0,C,Closed,56:36.0,,4,20200,3,PRINCIPAL ARTERIAL - OTHER - NEW HPMS,2,Urban
886408,1,Complete,886408,886408,41.333095,-72.935182,3388506,New Haven,93,93,New Haven,5/17/2021,2021,5,May,17,2,Monday,18:20:00,18,21018354,A,2,,Motor Vehicle In Motion,"Injury of any type (Serious, Minor, Possible)",C,Possible Injury (C),0,0,4,Local,1.42,152,DIXWELL AV,DIXWELL AV,,BASSETT ST,200,Feet,N,41.333095,-72.935182,14,Motor Vehicle in Operation,1,Front to rear,1,On Roadway,1,Clear,88,Not Applicable,1,Daylight,1,Dry,0,None,88,Not Applicable,88,Not Applicable,0,None,88,Not Applicable,88,Not Applicable,1,Non-Junction,1,Not at Intersection,1,No,1,No,88,Not Applicable,88,Not Applicable,88,Not Applicable,88,Not Applicable,TRUE,1,Public Road,1,"Trafficway, On Road",CT0009300,New Haven PD,30,54:57.0,C,Closed,56:35.0,NONE,,,,,,
886412,1,Complete,886412,886412,41.322486,-72.878209,3388510,New Haven,93,93,New Haven,5/17/2021,2021,5,May,17,2,Monday,23:32:00,23,21018375,A,3,,Motor Vehicle In Motion,"Injury of any type (Serious, Minor, Possible)",C,Possible Injury (C),0,0,3,State,0.19,80,80-E,80-E,,QUINNIPIAC AVE,1260,Feet,W,41.322486,-72.878209,14,Motor Vehicle in Operation,3,Angle,1,On Roadway,1,Clear,88,Not Applicable,4,Dark-Lighted,1,Dry,0,None,88,Not Applicable,88,Not Applicable,0,None,88,Not Applicable,88,Not Applicable,2,Intersection,3,T-Intersection,1,No,1,No,88,Not Applicable,88,Not Applicable,88,Not Applicable,88,Not Applicable,TRUE,1,Public Road,1,"Trafficway, On Road",CT0009300,New Haven PD,42055,04:04.0,O,Open,57:02.0,,5,32100,3,PRINCIPAL ARTERIAL - OTHER - NEW HPMS,2,Urban
886418,1,Complete,886418,886418,41.307223,-72.938733,3388516,New Haven,93,93,New Haven,5/18/2021,2021,5,May,18,3,Tuesday,13:29:00,13,21018429,A,2,,Motor Vehicle In Motion,"Injury of any type (Serious, Minor, Possible)",C,Possible Injury (C),0,0,4,Local,0.51,160,DWIGHT ST,DWIGHT ST,,MLK Jr Blvd,45,Feet,N,41.307223,-72.938733,14,Motor Vehicle in Operation,1,Front to rear,1,On Roadway,1,Clear,88,Not Applicable,1,Daylight,1,Dry,0,None,88,Not Applicable,88,Not Applicable,0,None,88,Not Applicable,88,Not Applicable,3,Intersection-Related,2,Four-Way Intersection,1,No,1,No,88,Not Applicable,88,Not Applicable,88,Not Applicable,88,Not Applicable,FALSE,1,Public Road,1,"Trafficway, On Road",CT0009300,New Haven PD,381,05:51.0,C,Closed,56:40.0,,,,,,,
886419,1,Complete,886419,886419,41.311919,-72.946895,3388517,New Haven,93,93,New Haven,5/18/2021,2021,5,May,18,3,Tuesday,16:27:00,16,21018434,A,2,,Motor Vehicle In Motion,"Injury of any type (Serious, Minor, Possible)",C,Possible Injury (C),0,0,4,Local,2.95,97,CHAPEL ST,CHAPEL ST,WINTHROP AV NO 2,,,,,41.311919,-72.946895,14,Motor Vehicle in Operation,3,Angle,1,On Roadway,1,Clear,88,Not Applicable,1,Daylight,1,Dry,99,Unknown,88,Not Applicable,88,Not Applicable,0,None,88,Not Applicable,88,Not Applicable,2,Intersection,2,Four-Way Intersection,1,No,1,No,88,Not Applicable,88,Not Applicable,88,Not Applicable,88,Not Applicable,FALSE,1,Public Road,1,"Trafficway, On Road",CT0009300,New Haven PD,11439,12:34.0,C,Closed,56:41.0,,,,,,,
886422,1,Complete,886422,886422,41.297502,-72.948855,3388520,New Haven,93,93,New Haven,5/18/2021,2021,5,May,18,3,Tuesday,17:45:00,17,21018447,A,2,,Motor Vehicle In Motion,"Injury of any type (Serious, Minor, Possible)",C,Possible Injury (C),0,0,3,State,1.47,10,10-N,10-N,1-N,,,,,41.297502,-72.948855,14,Motor Vehicle in Operation,3,Angle,1,On Roadway,1,Clear,88,Not Applicable,1,Daylight,1,Dry,0,None,88,Not Applicable,88,Not Applicable,0,None,88,Not Applicable,88,Not Applicable,2,Intersection,2,Four-Way Intersection,1,No,1,No,88,Not Applicable,88,Not Applicable,88,Not Applicable,88,Not Applicable,FALSE,1,Public Road,1,"Trafficway, On Road",CT0009300,New Haven PD,266,53:56.0,C,Closed,56:42.0,,4,20700,3,PRINCIPAL ARTERIAL - OTHER - NEW HPMS,2,Urban
886428,1,Complete,886428,886428,41.314391,-72.936316,3388526,New Haven,93,93,New Haven,5/18/2021,2021,5,May,18,3,Tuesday,21:26:00,21,21018488,A,1,,Utility Pole,"Injury of any type (Serious, Minor, Possible)",A,Suspected Serious Injury (A),0,0,4,Local,0.73,653,WHALLEY AV,WHALLEY AV,,SPERRY ST,125,Feet,W,41.314391,-72.936316,33,Utility Pole/Light Support,88,Not Applicable,1,On Roadway,1,Clear,88,Not Applicable,4,Dark-Lighted,1,Dry,0,None,88,Not Applicable,88,Not Applicable,0,None,88,Not Applicable,88,Not Applicable,1,Non-Junction,1,Not at Intersection,1,No,1,No,88,Not Applicable,88,Not Applicable,88,Not Applicable,88,Not Applicable,FALSE,1,Public Road,1,"Trafficway, On Road",CT0009300,New Haven PD,503,30:26.0,C,Closed,57:26.0,,4,21100,3,PRINCIPAL ARTERIAL - OTHER - NEW HPMS,2,Urban
886447,1,Complete,886447,886447,41.292053,-72.921559,3388545,New Haven,93,93,New Haven,5/14/2021,2021,5,May,14,6,Friday,8:00:00,8,21018597,A,3,,Motor Vehicle In Motion,"Injury of any type (Serious, Minor, Possible)",C,Possible Injury (C),0,0,4,Local,0.63,359,SARGENT DR,SARGENT DR,CHURCH ST SOUTH NO 2,,,,,41.292053,-72.921559,14,Motor Vehicle in Operation,1,Front to rear,1,On Roadway,99,Unknown,88,Not Applicable,99,Unknown,99,Unknown,99,Unknown,88,Not Applicable,88,Not Applicable,99,Unknown,88,Not Applicable,88,Not Applicable,2,Intersection,3,T-Intersection,1,No,1,No,88,Not Applicable,88,Not Applicable,88,Not Applicable,88,Not Applicable,TRUE,1,Public Road,1,"Trafficway, On Road",CT0009300,New Haven PD,42366,40:58.0,C,Closed,56:55.0,,,,,,,
886449,1,Complete,886449,886449,41.327623,-72.932892,3388547,New Haven,93,93,New Haven,5/19/2021,2021,5,May,19,4,Wednesday,21:04:00,21,21018611,A,2,,Traffic Sign Support,"Injury of any type (Serious, Minor, Possible)",C,Possible Injury (C),0,0,4,Local,0.38,552,SHELTON AV,SHELTON AV,THOMPSON ST,,,,,41.327623,-72.932892,14,Motor Vehicle in Operation,3,Angle,1,On Roadway,1,Clear,88,Not Applicable,1,Daylight,1,Dry,0,None,88,Not Applicable,88,Not Applicable,0,None,88,Not Applicable,88,Not Applicable,2,Intersection,2,Four-Way Intersection,1,No,1,No,88,Not Applicable,88,Not Applicable,88,Not Applicable,88,Not Applicable,FALSE,1,Public Road,1,"Trafficway, On Road",CT0009300,New Haven PD,42052,02:53.0,C,Closed,56:45.0,,,,,,,
886450,1,Complete,886450,886450,41.303503,-72.923758,3388548,New Haven,93,93,New Haven,5/19/2021,2021,5,May,19,4,Wednesday,23:19:00,23,21018619,A,2,,Motor Vehicle In Motion,"Injury of any type (Serious, Minor, Possible)",C,Possible Injury (C),0,0,4,Local,1.45,575,STATE ST,STATE ST,CROWN ST,,,,,41.303503,-72.923758,14,Motor Vehicle in Operation,3,Angle,1,On Roadway,1,Clear,88,Not Applicable,4,Dark-Lighted,1,Dry,0,None,88,Not Applicable,88,Not Applicable,0,None,88,Not Applicable,88,Not Applicable,2,Intersection,2,Four-Way Intersection,1,No,1,No,88,Not Applicable,88,Not Applicable,88,Not Applicable,88,Not Applicable,TRUE,1,Public Road,1,"Trafficway, On Road",CT0009300,New Haven PD,344,14:27.0,O,Open,56:46.0,21-018619,,,,,,
886452,1,Complete,886452,886452,41.2892,-72.9241,3388550,New Haven,93,93,New Haven,5/20/2021,2021,5,May,20,5,Thursday,2:03:00,2,21018631,A,2,,Motor Vehicle In Motion,"Injury of any type (Serious, Minor, Possible)",C,Possible Injury (C),0,0,1,Interstate,0.24,95,95-S-329,95-S-329,SARGENT DR,,,,,41.2892,-72.9241,14,Motor Vehicle in Operation,4,"Sideswipe, same direction",1,On Roadway,1,Clear,88,Not Applicable,4,Dark-Lighted,1,Dry,0,None,88,Not Applicable,88,Not Applicable,0,None,88,Not Applicable,88,Not Applicable,4,Entrance / Exit Ramp,1,Not at Intersection,1,No,1,No,88,Not Applicable,88,Not Applicable,88,Not Applicable,88,Not Applicable,FALSE,1,Public Road,1,"Trafficway, On Road",CT0009300,New Haven PD,40955,01:01.0,C,Closed,56:53.0,,2,9700,1,INTERSTATE - NEW HPMS,2,Urban
886453,1,Complete,886453,886453,41.329499,-72.969279,3388551,New Haven,93,93,New Haven,5/20/2021,2021,5,May,20,5,Thursday,9:35:00,9,21018648,A,2,,Motor Vehicle In Motion,"Injury of any type (Serious, Minor, Possible)",C,Possible Injury (C),0,1,3,State,0.75,63,63-N,63-N,,DAYTON ST,200,Feet,N,41.329499,-72.969279,14,Motor Vehicle in Operation,97,Other,1,On Roadway,1,Clear,88,Not Applicable,1,Daylight,1,Dry,0,None,88,Not Applicable,88,Not Applicable,0,None,88,Not Applicable,88,Not Applicable,9,Driveway Access-Related,1,Not at Intersection,1,No,1,No,88,Not Applicable,88,Not Applicable,88,Not Applicable,88,Not Applicable,FALSE,1,Public Road,1,"Trafficway, On Road",CT0009300,New Haven PD,90,30:10.0,C,Closed,56:49.0,,3,22900,3,PRINCIPAL ARTERIAL - OTHER - NEW HPMS,2,Urban
886459,1,Complete,886459,886459,41.305775,-72.925158,3388557,New Haven,93,93,New Haven,5/20/2021,2021,5,May,20,5,Thursday,14:59:00,14,21018684,A,2,,Motor Vehicle In Motion,"Injury of any type (Serious, Minor, Possible)",C,Possible Injury (C),0,0,4,Local,1.73,97,CHAPEL ST,CHAPEL ST,,CHURCH ST,200,Feet,E,41.305775,-72.925158,14,Motor Vehicle in Operation,3,Angle,1,On Roadway,1,Clear,88,Not Applicable,1,Daylight,1,Dry,0,None,88,Not Applicable,88,Not Applicable,0,None,88,Not Applicable,88,Not Applicable,1,Non-Junction,1,Not at Intersection,1,No,1,No,88,Not Applicable,88,Not Applicable,88,Not Applicable,88,Not Applicable,TRUE,1,Public Road,1,"Trafficway, On Road",CT0009300,New Haven PD,40952,31:05.0,C,Closed,57:02.0,,,,,,,
886460,1,Complete,886460,886460,41.314157,-72.903564,3388558,New Haven,93,93,New Haven,5/20/2021,2021,5,May,20,5,Thursday,16:38:00,16,21018688,A,2,,Motor Vehicle In Motion,"Injury of any type (Serious, Minor, Possible)",C,Possible Injury (C),0,0,4,Local,0.02,379,LOMBARD ST,LOMBARD ST,,JAMES ST.,110,Feet,E,41.314157,-72.903564,14,Motor Vehicle in Operation,1,Front to rear,1,On Roadway,1,Clear,88,Not Applicable,1,Daylight,1,Dry,0,None,88,Not Applicable,88,Not Applicable,0,None,88,Not Applicable,88,Not Applicable,1,Non-Junction,1,Not at Intersection,1,No,1,No,88,Not Applicable,88,Not Applicable,88,Not Applicable,88,Not Applicable,FALSE,1,Public Road,1,"Trafficway, On Road",CT0009300,New Haven PD,106,32:43.0,C,Closed,56:52.0,,,,,,,
886465,1,Complete,886465,886465,41.308464,-72.903193,3388563,New Haven,93,93,New Haven,5/20/2021,2021,5,May,20,5,Thursday,22:07:00,22,21018731,A,2,,Motor Vehicle In Motion,"Injury of any type (Serious, Minor, Possible)",C,Possible Injury (C),0,0,4,Local,0.92,264,GRAND AV,GRAND AV,JAMES ST,,,,,41.308464,-72.903193,14,Motor Vehicle in Operation,3,Angle,1,On Roadway,1,Clear,88,Not Applicable,4,Dark-Lighted,1,Dry,0,None,88,Not Applicable,88,Not Applicable,0,None,88,Not Applicable,88,Not Applicable,2,Intersection,2,Four-Way Intersection,1,No,1,No,88,Not Applicable,88,Not Applicable,88,Not Applicable,88,Not Applicable,FALSE,1,Public Road,1,"Trafficway, On Road",CT0009300,New Haven PD,40793,08:11.0,C,Closed,56:54.0,,,,,,,
886466,1,Complete,886466,886466,41.30418,-72.89635,3388564,New Haven,93,93,New Haven,5/21/2021,2021,5,May,21,6,Friday,2:54:00,2,21018749,A,2,,Motor Vehicle In Motion,"Injury of any type (Serious, Minor, Possible)",C,Possible Injury (C),0,0,4,Local,0.21,97,CHAPEL ST,CHAPEL ST,POPLAR ST,,,,,41.30418,-72.89635,14,Motor Vehicle in Operation,3,Angle,1,On Roadway,1,Clear,88,Not Applicable,4,Dark-Lighted,1,Dry,0,None,88,Not Applicable,88,Not Applicable,0,None,88,Not Applicable,88,Not Applicable,2,Intersection,2,Four-Way Intersection,1,No,1,No,88,Not Applicable,88,Not Applicable,88,Not Applicable,88,Not Applicable,TRUE,1,Public Road,1,"Trafficway, On Road",CT0009300,New Haven PD,105,48:01.0,C,Closed,57:28.0,,,,,,,
886467,1,Complete,886467,886467,41.29362,-72.937728,3388565,New Haven,93,93,New Haven,5/21/2021,2021,5,May,21,6,Friday,12:06:00,12,21018784,A,2,,Motor Vehicle In Motion,"Injury of any type (Serious, Minor, Possible)",C,Possible Injury (C),0,0,4,Local,0.09,571,SPRING ST,SPRING ST,HURLBURT ST,,,,,41.29362,-72.937728,14,Motor Vehicle in Operation,3,Angle,1,On Roadway,1,Clear,88,Not Applicable,1,Daylight,1,Dry,0,None,88,Not Applicable,88,Not Applicable,0,None,88,Not Applicable,88,Not Applicable,2,Intersection,2,Four-Way Intersection,1,No,1,No,88,Not Applicable,88,Not Applicable,88,Not Applicable,88,Not Applicable,TRUE,1,Public Road,1,"Trafficway, On Road",CT0009300,New Haven PD,281,22:22.0,C,Closed,56:55.0,,,,,,,
886476,1,Complete,886476,886476,41.319575,-72.905509,3388574,New Haven,93,93,New Haven,5/21/2021,2021,5,May,21,6,Friday,16:05:00,16,21018814,A,2,,Motor Vehicle In Motion,"Injury of any type (Serious, Minor, Possible)",C,Possible Injury (C),0,0,4,Local,0.26,666,WILLOW ST,WILLOW ST,,MITCHELL DRIVE,230,Feet,E,41.319575,-72.905509,14,Motor Vehicle in Operation,1,Front to rear,1,On Roadway,1,Clear,88,Not Applicable,1,Daylight,1,Dry,0,None,88,Not Applicable,88,Not Applicable,0,None,88,Not Applicable,88,Not Applicable,3,Intersection-Related,3,T-Intersection,1,No,1,No,88,Not Applicable,88,Not Applicable,88,Not Applicable,88,Not Applicable,TRUE,1,Public Road,1,"Trafficway, On Road",CT0009300,New Haven PD,42052,35:16.0,C,Closed,56:57.0,,,,,,,
886477,1,Complete,886477,886477,41.31532,-72.947086,3388575,New Haven,93,93,New Haven,5/21/2021,2021,5,May,21,6,Friday,16:30:00,16,21018819,A,3,,Motor Vehicle In Motion,"Injury of any type (Serious, Minor, Possible)",C,Possible Injury (C),0,1,4,Local,0.21,393,MAPLE ST,MAPLE ST,NORTON ST,,,,,41.31532,-72.947086,14,Motor Vehicle in Operation,3,Angle,1,On Roadway,1,Clear,88,Not Applicable,1,Daylight,1,Dry,0,None,88,Not Applicable,88,Not Applicable,0,None,88,Not Applicable,88,Not Applicable,2,Intersection,2,Four-Way Intersection,1,No,1,No,88,Not Applicable,88,Not Applicable,88,Not Applicable,88,Not Applicable,FALSE,1,Public Road,1,"Trafficway, On Road",CT0009300,New Haven PD,40821,23:03.0,C,Closed,56:56.0,,,,,,,
886480,1,Complete,886480,886480,41.313934,-72.912381,3388578,New Haven,93,93,New Haven,5/21/2021,2021,5,May,21,6,Friday,19:55:00,19,21018859,A,2,,Motor Vehicle In Motion,"Injury of any type (Serious, Minor, Possible)",C,Possible Injury (C),0,0,4,Local,0.49,575,STATE ST,STATE ST,,HUMPHREY ST,100,Feet,S,41.313934,-72.912381,14,Motor Vehicle in Operation,1,Front to rear,1,On Roadway,1,Clear,88,Not Applicable,1,Daylight,1,Dry,0,None,88,Not Applicable,88,Not Applicable,0,None,88,Not Applicable,88,Not Applicable,1,Non-Junction,1,Not at Intersection,1,No,1,No,88,Not Applicable,88,Not Applicable,88,Not Applicable,88,Not Applicable,TRUE,1,Public Road,1,"Trafficway, On Road",CT0009300,New Haven PD,800,02:14.0,C,Closed,56:56.0,,,,,,,
886483,1,Complete,886483,886483,41.32785,-72.95022,3388581,New Haven,93,93,New Haven,5/21/2021,2021,5,May,21,6,Friday,21:26:00,21,21018872,A,2,,Motor Vehicle In Motion,"Injury of any type (Serious, Minor, Possible)",C,Possible Injury (C),0,0,4,Local,0.21,149,DIAMOND ST,DIAMOND ST,DYER ST,,,,,41.32785,-72.95022,14,Motor Vehicle in Operation,3,Angle,1,On Roadway,1,Clear,88,Not Applicable,6,Dark-Unknown Lighting,1,Dry,0,None,88,Not Applicable,88,Not Applicable,0,None,88,Not Applicable,88,Not Applicable,2,Intersection,2,Four-Way Intersection,1,No,1,No,88,Not Applicable,88,Not Applicable,88,Not Applicable,88,Not Applicable,FALSE,1,Public Road,1,"Trafficway, On Road",CT0009300,New Haven PD,40821,41:49.0,C,Closed,56:59.0,,,,,,,
886484,1,Complete,886484,886484,41.332521,-72.97515,3388582,New Haven,93,93,New Haven,5/21/2021,2021,5,May,21,6,Friday,21:13:00,21,21018883,A,2,,Motor Vehicle In Motion,"Injury of any type (Serious, Minor, Possible)",C,Possible Injury (C),0,0,3,State,1.12,63,63-N,63-N,EAST RAMSDELL ST,,,,,41.332521,-72.97515,14,Motor Vehicle in Operation,3,Angle,1,On Roadway,1,Clear,88,Not Applicable,5,Dark-Not Lighted,1,Dry,0,None,88,Not Applicable,88,Not Applicable,0,None,88,Not Applicable,88,Not Applicable,2,Intersection,2,Four-Way Intersection,1,No,1,No,88,Not Applicable,88,Not Applicable,88,Not Applicable,88,Not Applicable,FALSE,1,Public Road,1,"Trafficway, On Road",CT0009300,New Haven PD,402,18:55.0,C,Closed,57:35.0,,4,22900,3,PRINCIPAL ARTERIAL - OTHER - NEW HPMS,2,Urban
886485,1,Complete,886485,886485,41.311698,-72.899885,3388583,New Haven,93,93,New Haven,5/22/2021,2021,5,May,22,7,Saturday,3:23:00,3,21018913,A,3,,Motor Vehicle In Motion,"Injury of any type (Serious, Minor, Possible)",C,Possible Injury (C),0,0,4,Local,0.6,57,BLATCHLEY AV,BLATCHLEY AV,PINE ST NO 1,,,,,41.311698,-72.899885,14,Motor Vehicle in Operation,3,Angle,1,On Roadway,1,Clear,88,Not Applicable,4,Dark-Lighted,1,Dry,0,None,88,Not Applicable,88,Not Applicable,0,None,88,Not Applicable,88,Not Applicable,2,Intersection,2,Four-Way Intersection,1,No,1,No,88,Not Applicable,88,Not Applicable,88,Not Applicable,88,Not Applicable,FALSE,1,Public Road,1,"Trafficway, On Road",CT0009300,New Haven PD,40805,56:51.0,C,Closed,57:28.0,,,,,,,
886487,1,Complete,886487,886487,41.302221,-72.928707,3388585,New Haven,93,93,New Haven,5/22/2021,2021,5,May,22,7,Saturday,5:00:00,5,21018919,A,2,,Motor Vehicle In Motion,"Injury of any type (Serious, Minor, Possible)",C,Possible Injury (C),0,0,4,Local,0.25,104,CHURCH ST SOUTH NO 1,CHURCH ST SOUTH NO 1,SOUTH FRONTAGE RD,,,,,41.302221,-72.928707,14,Motor Vehicle in Operation,3,Angle,1,On Roadway,1,Clear,88,Not Applicable,1,Daylight,1,Dry,0,None,88,Not Applicable,88,Not Applicable,0,None,88,Not Applicable,88,Not Applicable,2,Intersection,2,Four-Way Intersection,1,No,1,No,88,Not Applicable,88,Not Applicable,88,Not Applicable,88,Not Applicable,FALSE,1,Public Road,1,"Trafficway, On Road",CT0009300,New Haven PD,40955,48:55.0,C,Closed,57:01.0,,,,,,,
886491,1,Complete,886491,886491,41.28965,-72.89653,3388589,New Haven,93,93,New Haven,5/22/2021,2021,5,May,22,7,Saturday,15:59:00,15,21018951,A,2,,Motor Vehicle In Motion,"Injury of any type (Serious, Minor, Possible)",A,Suspected Serious Injury (A),0,0,1,Interstate,0.25,95,95-N-346,95-N-346,921-W,,,,,41.28965,-72.89653,14,Motor Vehicle in Operation,97,Other,1,On Roadway,1,Clear,88,Not Applicable,1,Daylight,1,Dry,0,None,88,Not Applicable,88,Not Applicable,0,None,88,Not Applicable,88,Not Applicable,2,Intersection,3,T-Intersection,1,No,1,No,88,Not Applicable,88,Not Applicable,88,Not Applicable,88,Not Applicable,FALSE,1,Public Road,1,"Trafficway, On Road",CT0009300,New Haven PD,279,49:03.0,O,Open,57:08.0,,2,9700,1,INTERSTATE - NEW HPMS,2,Urban
886492,1,Complete,886492,886492,41.3209377,-72.9423586,3388590,New Haven,93,93,New Haven,5/22/2021,2021,5,May,22,7,Saturday,16:30:00,16,21018954,A,2,,Motor Vehicle In Motion,"Injury of any type (Serious, Minor, Possible)",C,Possible Injury (C),0,0,4,Local,0.48,258,GOFFE TER,GOFFE TER,WINTHROP AV NO 2,,,,,41.3209377,-72.9423586,14,Motor Vehicle in Operation,3,Angle,1,On Roadway,1,Clear,88,Not Applicable,1,Daylight,1,Dry,99,Unknown,88,Not Applicable,88,Not Applicable,0,None,88,Not Applicable,88,Not Applicable,2,Intersection,2,Four-Way Intersection,1,No,1,No,88,Not Applicable,88,Not Applicable,88,Not Applicable,88,Not Applicable,FALSE,1,Public Road,1,"Trafficway, On Road",CT0009300,New Haven PD,11439,23:59.0,C,Closed,57:05.0,,,,,,,
886499,1,Complete,886499,886499,41.30855033,-72.90195382,921091,New Haven,93,93,New Haven,5/22/2021,2021,5,May,22,7,Saturday,21:51:00,21,21018995,K,1,Straight Ahead,Pedestrian,Fatal (Kill),K,Fatal Injury (K),1,0,4,Local,0.85,,GRAND AV,GRAND AVE,,MALBY PL,25,Feet,E,41.30855033,-72.90195382,9,Pedestrian,88,Not Applicable,1,On Roadway,1,Clear,88,Not Applicable,4,Dark-Lighted,1,Dry,0,None,88,Not Applicable,88,Not Applicable,0,None,88,Not Applicable,88,Not Applicable,3,Intersection-Related,3,T-Intersection,1,No,1,No,88,Not Applicable,88,Not Applicable,88,Not Applicable,88,Not Applicable,FALSE,1,Public Road,1,"Trafficway, On Road",CT0009300,New Haven PD,971,27:12.0,O,Open,57:05.0,21018995,2,14400,4,MINOR ARTERIAL - NEW HPMS,2,Urban
886500,1,Complete,886500,886500,41.305336,-72.93099,3388598,New Haven,93,93,New Haven,5/22/2021,2021,5,May,22,7,Saturday,23:15:00,23,21019000,A,2,,Motor Vehicle In Motion,"Injury of any type (Serious, Minor, Possible)",A,Suspected Serious Injury (A),0,1,4,Local,1.07,248,GEORGE ST,GEORGE ST,,COLLEGE ST,200,Feet,W,41.305336,-72.93099,14,Motor Vehicle in Operation,1,Front to rear,1,On Roadway,1,Clear,88,Not Applicable,4,Dark-Lighted,1,Dry,0,None,88,Not Applicable,88,Not Applicable,0,None,88,Not Applicable,88,Not Applicable,1,Non-Junction,1,Not at Intersection,1,No,1,No,88,Not Applicable,88,Not Applicable,88,Not Applicable,88,Not Applicable,FALSE,1,Public Road,1,"Trafficway, On Road",CT0009300,New Haven PD,40790,51:08.0,C,Closed,57:06.0,,,,,,,