CrashId,Fatal Case Status,Fatal Case Status Text Format,CrashId,CrashId,Latitude,Longitude,DOT Case Number,Town Name,Town Number,Town Number,Town Number Text Format,Date Of Crash,Year,Month,Month Text Format,Day,Day of the Week,Day of the Week Text Format,Time of Crash,Hour of the Day,Case Identifier,Crash Severity,Number Of Motor Vehicles,Motor vehicle action,Most harmful event,Crash Severity Text Format,Most Severe Injury,Most Severe Injury Text Format,Number Of Non-Motorist,Number Of Witnesses,Route Class,Route Class Text Format,Milemarker,Road Number,Road Description,Roadway Name,Intersecting Roadway Name,Landmark Description,Distance From Nearest Landmark,Unit Of Measure From Nearest Landmark,Direction From Nearest Landmark,Latitude,Longitude,First Harmful Event,First Harmful Event Text Format,Manner of Crash / Collision Impact,Manner of Crash / Collision Impact Text Format,Location of First Harmful Event,Location of First Harmful Event Text Format,Weather Condition,Weather Condition Text Format,Weather 2,Weather 2 Text Format,Light Condition,Light Condition Text Format,Road Surface Condition,Road Surface Condition Text Format,"Contributing Circumstances, Environment","Contributing Circumstances, Environment Text Format",Environment 2,Environment 2 Text Format,Environment 3,Environment 3 Text Format,"Contributing Circumstances, Road","Contributing Circumstances, Road Text Format",Road 2,Road 2 Text Format,Road 3,Road 3 Text Format,Crash Specific Location,Crash Specific Location Text Format,Type of Intersection,Type of Intersection Text Format,School Bus Related,School Bus Related Text Format,Work Zone Related,Work Zone Related Text Format,Location Of Crash Relative To Work Zone,Location Of Crash Relative To Work Zone Text Format,Type of Work Zone,Type of Work Zone Text Format,Worker Presence,Worker Presence Text Format,Law Enforcement Presence,Law Enforcement Presence Text Format,Were Vehicles Moved Prior To Police Arrival,Trafficway Ownership,Trafficway Ownership Text Format,Trafficway Class,Trafficway Class Text Format,Police Agency,Police Agency Text Format,Badge Number,Approval Date,Police Case Status,Police Case Status Text Format,Crash Report Submission Date,Related Case Identifiers,No. of Through Lanes (Log Dir.),Average Daily Traffic,Functional Classification,Functional Classification Text Format,Rural or Urban,Rural or Urban Text Format
886502,1,Complete,886502,886502,41.32455,-72.916553,3388600,New Haven,93,93,New Haven,5/26/2021,2021,5,May,26,4,Wednesday,0:38:00,0,21019014,A,2,,Motor Vehicle In Motion,"Injury of any type (Serious, Minor, Possible)",C,Possible Injury (C),0,0,4,Local,1.04,656,WHITNEY AV,WHITNEY AV,CANNER ST,,,,,41.32455,-72.916553,14,Motor Vehicle in Operation,1,Front to rear,1,On Roadway,1,Clear,88,Not Applicable,4,Dark-Lighted,1,Dry,0,None,88,Not Applicable,88,Not Applicable,0,None,88,Not Applicable,88,Not Applicable,2,Intersection,2,Four-Way Intersection,1,No,1,No,88,Not Applicable,88,Not Applicable,88,Not Applicable,88,Not Applicable,FALSE,1,Public Road,1,"Trafficway, On Road",CT0009300,New Haven PD,104,43:58.0,C,Closed,08:52.0,,,,,,,
886504,1,Complete,886504,886504,41.327474,-72.960457,3388602,New Haven,93,93,New Haven,5/23/2021,2021,5,May,23,1,Sunday,2:41:00,2,21019017,A,2,,Motor Vehicle In Motion,"Injury of any type (Serious, Minor, Possible)",C,Possible Injury (C),0,1,3,State,0.25,63,63-N,63-N,BLAKE ST,,,,,41.327474,-72.960457,38,"Other Post, Pole or Support",97,Other,1,On Roadway,1,Clear,88,Not Applicable,4,Dark-Lighted,1,Dry,99,Unknown,88,Not Applicable,88,Not Applicable,0,None,88,Not Applicable,88,Not Applicable,2,Intersection,3,T-Intersection,1,No,1,No,88,Not Applicable,88,Not Applicable,88,Not Applicable,88,Not Applicable,FALSE,1,Public Road,1,"Trafficway, On Road",CT0009300,New Haven PD,160,39:43.0,C,Closed,57:12.0,,2,15400,3,PRINCIPAL ARTERIAL - OTHER - NEW HPMS,2,Urban
886505,1,Complete,886505,886505,41.312966,-72.932514,3388603,New Haven,93,93,New Haven,5/23/2021,2021,5,May,23,1,Sunday,3:33:00,3,21019020,A,1,,Concrete Traffic Barrier,"Injury of any type (Serious, Minor, Possible)",A,Suspected Serious Injury (A),0,0,4,Local,0.23,596,TOWER PKWY,TOWER PKWY,GOFFE ST,,,,,41.312966,-72.932514,30,Concrete Traffic Barrier,88,Not Applicable,1,On Roadway,1,Clear,88,Not Applicable,4,Dark-Lighted,1,Dry,0,None,88,Not Applicable,88,Not Applicable,0,None,88,Not Applicable,88,Not Applicable,2,Intersection,6,Traffic Circle,1,No,1,No,88,Not Applicable,88,Not Applicable,88,Not Applicable,88,Not Applicable,FALSE,1,Public Road,1,"Trafficway, On Road",CT0009300,New Haven PD,40790,10:04.0,C,Closed,57:12.0,,2,9600,3,PRINCIPAL ARTERIAL - OTHER - NEW HPMS,2,Urban
886506,1,Complete,886506,886506,41.30557,-72.9525,3388604,New Haven,93,93,New Haven,5/23/2021,2021,5,May,23,1,Sunday,5:24:00,5,21019024,A,1,,"Other Post, Pole, or Support","Injury of any type (Serious, Minor, Possible)",B,Suspected Minor Injury (B),0,0,3,State,2.05,10,10-N,10-N,LEGION AV-RT 34,,,,,41.30557,-72.9525,38,"Other Post, Pole or Support",88,Not Applicable,1,On Roadway,1,Clear,88,Not Applicable,1,Daylight,1,Dry,99,Unknown,88,Not Applicable,88,Not Applicable,0,None,88,Not Applicable,88,Not Applicable,2,Intersection,3,T-Intersection,1,No,1,No,88,Not Applicable,88,Not Applicable,88,Not Applicable,88,Not Applicable,FALSE,1,Public Road,2,"Trafficway, Not on Road",CT0009300,New Haven PD,88,09:30.0,C,Closed,57:07.0,,4,24400,3,PRINCIPAL ARTERIAL - OTHER - NEW HPMS,2,Urban
886512,1,Complete,886512,886512,41.314682,-72.939604,3388610,New Haven,93,93,New Haven,5/23/2021,2021,5,May,23,1,Sunday,15:43:00,15,21019071,A,2,,Motor Vehicle In Motion,"Injury of any type (Serious, Minor, Possible)",C,Possible Injury (C),0,0,4,Local,0.95,453,ORCHARD ST,ORCHARD ST,,ELM ST,200,Feet,N,41.314682,-72.939604,14,Motor Vehicle in Operation,3,Angle,1,On Roadway,1,Clear,88,Not Applicable,1,Daylight,1,Dry,0,None,88,Not Applicable,88,Not Applicable,0,None,88,Not Applicable,88,Not Applicable,2,Intersection,3,T-Intersection,1,No,1,No,88,Not Applicable,88,Not Applicable,88,Not Applicable,88,Not Applicable,FALSE,1,Public Road,1,"Trafficway, On Road",CT0009300,New Haven PD,7,00:33.0,C,Closed,57:10.0,,,,,,,
886513,1,Complete,886513,886513,41.307363,-72.896804,3388611,New Haven,93,93,New Haven,5/23/2021,2021,5,May,23,1,Sunday,13:44:00,13,21019073,A,2,,Motor Vehicle In Motion,"Injury of any type (Serious, Minor, Possible)",C,Possible Injury (C),0,0,4,Local,0.38,487,POPLAR ST,POPLAR ST,EXCHANGE ST,,,,,41.307363,-72.896804,14,Motor Vehicle in Operation,3,Angle,1,On Roadway,1,Clear,88,Not Applicable,1,Daylight,1,Dry,0,None,88,Not Applicable,88,Not Applicable,0,None,88,Not Applicable,88,Not Applicable,2,Intersection,2,Four-Way Intersection,1,No,1,No,88,Not Applicable,88,Not Applicable,88,Not Applicable,88,Not Applicable,FALSE,1,Public Road,1,"Trafficway, On Road",CT0009300,New Haven PD,83,59:06.0,C,Closed,57:10.0,,,,,,,
886521,1,Complete,886521,886521,41.2941838,-72.8943513,3388619,New Haven,93,93,New Haven,5/24/2021,2021,5,May,24,2,Monday,0:27:00,0,21019129,A,1,,Other Non-Fixed Object,"Injury of any type (Serious, Minor, Possible)",B,Suspected Minor Injury (B),0,0,4,Local,0.15,95,CHAMBERLAIN ST,CHAMBERLAIN ST,,FAIRMONT AVENUE,300,Feet,W,41.2941838,-72.8943513,18,Other Non-Fixed Object,88,Not Applicable,1,On Roadway,1,Clear,88,Not Applicable,4,Dark-Lighted,1,Dry,0,None,88,Not Applicable,88,Not Applicable,0,None,88,Not Applicable,88,Not Applicable,1,Non-Junction,1,Not at Intersection,1,No,1,No,88,Not Applicable,88,Not Applicable,88,Not Applicable,88,Not Applicable,FALSE,1,Public Road,1,"Trafficway, On Road",CT0009300,New Haven PD,370,04:54.0,C,Closed,57:18.0,,2,654,7,LOCAL - NEW HPMS,2,Urban
886524,1,Complete,886524,886524,41.308799,-72.925648,3388622,New Haven,93,93,New Haven,5/24/2021,2021,5,May,24,2,Monday,16:42:00,16,21019224,A,2,,Motor Vehicle In Motion,"Injury of any type (Serious, Minor, Possible)",C,Possible Injury (C),0,0,4,Local,0.48,726,ELM ST NO 2,ELM ST NO 2,TEMPLE ST,,,,,41.308799,-72.925648,14,Motor Vehicle in Operation,1,Front to rear,1,On Roadway,1,Clear,88,Not Applicable,1,Daylight,1,Dry,0,None,88,Not Applicable,88,Not Applicable,0,None,88,Not Applicable,88,Not Applicable,2,Intersection,2,Four-Way Intersection,1,No,1,No,88,Not Applicable,88,Not Applicable,88,Not Applicable,88,Not Applicable,FALSE,1,Public Road,1,"Trafficway, On Road",CT0009300,New Haven PD,42042,58:17.0,C,Closed,57:16.0,,,,,,,
886533,1,Complete,886533,886533,41.297662,-72.934267,3388631,New Haven,93,93,New Haven,5/25/2021,2021,5,May,25,3,Tuesday,5:06:00,5,21019309,A,2,,Motor Vehicle In Motion,"Injury of any type (Serious, Minor, Possible)",C,Possible Injury (C),0,0,4,Local,0.62,308,HOWARD AV,HOWARD AV,,1-N,50,Feet,S,41.297662,-72.934267,14,Motor Vehicle in Operation,1,Front to rear,1,On Roadway,1,Clear,88,Not Applicable,1,Daylight,1,Dry,0,None,88,Not Applicable,88,Not Applicable,0,None,88,Not Applicable,88,Not Applicable,1,Non-Junction,1,Not at Intersection,1,No,1,No,88,Not Applicable,88,Not Applicable,88,Not Applicable,88,Not Applicable,FALSE,1,Public Road,1,"Trafficway, On Road",CT0009300,New Haven PD,40821,14:59.0,C,Closed,57:20.0,,,,,,,
886535,1,Complete,886535,886535,41.334297,-72.935226,3388633,New Haven,93,93,New Haven,5/25/2021,2021,5,May,25,3,Tuesday,12:54:00,12,21019350,A,2,,Motor Vehicle In Motion,"Injury of any type (Serious, Minor, Possible)",C,Possible Injury (C),0,0,4,Local,1.51,152,DIXWELL AV,DIXWELL AV,POND ST,,,,,41.334297,-72.935226,14,Motor Vehicle in Operation,1,Front to rear,1,On Roadway,1,Clear,88,Not Applicable,1,Daylight,1,Dry,0,None,88,Not Applicable,88,Not Applicable,0,None,88,Not Applicable,88,Not Applicable,2,Intersection,3,T-Intersection,1,No,1,No,88,Not Applicable,88,Not Applicable,88,Not Applicable,88,Not Applicable,FALSE,1,Public Road,1,"Trafficway, On Road",CT0009300,New Haven PD,2,04:53.0,C,Closed,57:24.0,,2,15300,3,PRINCIPAL ARTERIAL - OTHER - NEW HPMS,2,Urban
886548,1,Complete,886548,886548,41.31951,-72.967227,3388646,New Haven,93,93,New Haven,5/25/2021,2021,5,May,25,3,Tuesday,18:07:00,18,21019406,A,2,,Motor Vehicle In Motion,"Injury of any type (Serious, Minor, Possible)",B,Suspected Minor Injury (B),0,0,4,Local,0.16,179,EDGEWOOD AV,EDGEWOOD AV,MCKINLEY AV,,,,,41.31951,-72.967227,14,Motor Vehicle in Operation,3,Angle,1,On Roadway,1,Clear,88,Not Applicable,1,Daylight,1,Dry,0,None,88,Not Applicable,88,Not Applicable,0,None,88,Not Applicable,88,Not Applicable,2,Intersection,2,Four-Way Intersection,1,No,1,No,88,Not Applicable,88,Not Applicable,88,Not Applicable,88,Not Applicable,FALSE,1,Public Road,1,"Trafficway, On Road",CT0009300,New Haven PD,268,50:00.0,C,Closed,57:34.0,,,,,,,
886550,1,Complete,886550,886550,41.331192,-72.973124,3388648,New Haven,93,93,New Haven,5/25/2021,2021,5,May,25,3,Tuesday,18:15:00,18,21019411,A,2,,Reentering Roadway,"Injury of any type (Serious, Minor, Possible)",C,Possible Injury (C),0,1,3,State,0.99,63,63-N,63-N,,DAVIS ST,85,Feet,W,41.331192,-72.973124,14,Motor Vehicle in Operation,3,Angle,1,On Roadway,1,Clear,88,Not Applicable,1,Daylight,1,Dry,0,None,88,Not Applicable,88,Not Applicable,0,None,88,Not Applicable,88,Not Applicable,1,Non-Junction,1,Not at Intersection,1,No,1,No,88,Not Applicable,88,Not Applicable,88,Not Applicable,88,Not Applicable,FALSE,1,Public Road,1,"Trafficway, On Road",CT0009300,New Haven PD,42045,37:20.0,C,Closed,57:20.0,,4,22900,3,PRINCIPAL ARTERIAL - OTHER - NEW HPMS,2,Urban
886553,1,Complete,886553,886553,41.308021,-72.953091,3388651,New Haven,93,93,New Haven,5/25/2021,2021,5,May,25,3,Tuesday,19:04:00,19,21019420,A,2,,Motor Vehicle In Motion,"Injury of any type (Serious, Minor, Possible)",C,Possible Injury (C),0,0,3,State,2.24,10,10-N,10-N,JUDSON AV,,,,,41.308021,-72.953091,14,Motor Vehicle in Operation,1,Front to rear,1,On Roadway,1,Clear,88,Not Applicable,1,Daylight,1,Dry,0,None,88,Not Applicable,88,Not Applicable,0,None,88,Not Applicable,88,Not Applicable,2,Intersection,3,T-Intersection,1,No,1,No,88,Not Applicable,88,Not Applicable,88,Not Applicable,88,Not Applicable,FALSE,1,Public Road,1,"Trafficway, On Road",CT0009300,New Haven PD,40951,14:35.0,C,Closed,57:21.0,,4,33100,3,PRINCIPAL ARTERIAL - OTHER - NEW HPMS,2,Urban
886554,1,Complete,886554,886554,41.325566,-72.957703,3388652,New Haven,93,93,New Haven,5/25/2021,2021,5,May,25,3,Tuesday,21:09:00,21,21019435,A,2,,Motor Vehicle In Motion,"Injury of any type (Serious, Minor, Possible)",B,Suspected Minor Injury (B),0,1,3,State,0.06,63,63-N,63-N,,W ROCK AVE,100,Feet,E,41.325566,-72.957703,14,Motor Vehicle in Operation,97,Other,1,On Roadway,1,Clear,88,Not Applicable,4,Dark-Lighted,1,Dry,0,None,88,Not Applicable,88,Not Applicable,0,None,88,Not Applicable,88,Not Applicable,1,Non-Junction,1,Not at Intersection,1,No,1,No,88,Not Applicable,88,Not Applicable,88,Not Applicable,88,Not Applicable,FALSE,1,Public Road,1,"Trafficway, On Road",CT0009300,New Haven PD,243,43:01.0,C,Closed,57:27.0,,5,23100,3,PRINCIPAL ARTERIAL - OTHER - NEW HPMS,2,Urban
886555,1,Complete,886555,886555,41.3255498,-72.9277195,3388653,New Haven,93,93,New Haven,5/26/2021,2021,5,May,26,4,Wednesday,4:48:00,4,21019461,A,2,,Motor Vehicle In Motion,"Injury of any type (Serious, Minor, Possible)",B,Suspected Minor Injury (B),0,0,4,Local,0.68,669,WINCHESTER AV,WINCHESTER AV,DIVISION ST,,,,,41.3255498,-72.9277195,14,Motor Vehicle in Operation,3,Angle,1,On Roadway,1,Clear,88,Not Applicable,2,Dawn,1,Dry,0,None,88,Not Applicable,88,Not Applicable,0,None,88,Not Applicable,88,Not Applicable,2,Intersection,2,Four-Way Intersection,1,No,1,No,88,Not Applicable,88,Not Applicable,88,Not Applicable,88,Not Applicable,FALSE,1,Public Road,1,"Trafficway, On Road",CT0009300,New Haven PD,40812,01:21.0,C,Closed,57:22.0,,,,,,,
886560,1,Complete,886560,886560,41.327843,-72.960849,3388658,New Haven,93,93,New Haven,5/26/2021,2021,5,May,26,4,Wednesday,13:03:00,13,21019525,A,2,,Motor Vehicle In Motion,"Injury of any type (Serious, Minor, Possible)",C,Possible Injury (C),0,0,3,State,0.27,63,63-N,63-N,PHILIP ST,,,,,41.327843,-72.960849,14,Motor Vehicle in Operation,1,Front to rear,1,On Roadway,1,Clear,88,Not Applicable,1,Daylight,1,Dry,0,None,88,Not Applicable,88,Not Applicable,0,None,88,Not Applicable,88,Not Applicable,2,Intersection,3,T-Intersection,1,No,1,No,88,Not Applicable,88,Not Applicable,88,Not Applicable,88,Not Applicable,FALSE,1,Public Road,1,"Trafficway, On Road",CT0009300,New Haven PD,40953,56:49.0,C,Closed,57:24.0,,2,20300,3,PRINCIPAL ARTERIAL - OTHER - NEW HPMS,2,Urban
886563,1,Complete,886563,886563,41.291155,-72.941213,3388661,New Haven,93,93,New Haven,5/26/2021,2021,5,May,26,4,Wednesday,12:57:00,12,21019533,A,3,,Motor Vehicle In Motion,"Injury of any type (Serious, Minor, Possible)",C,Possible Injury (C),0,0,3,State,0.88,10,10-N,10-N,WASHINGTON AV NO 1,,,,,41.291155,-72.941213,14,Motor Vehicle in Operation,1,Front to rear,1,On Roadway,1,Clear,88,Not Applicable,1,Daylight,1,Dry,0,None,88,Not Applicable,88,Not Applicable,0,None,88,Not Applicable,88,Not Applicable,2,Intersection,2,Four-Way Intersection,1,No,1,No,88,Not Applicable,88,Not Applicable,88,Not Applicable,88,Not Applicable,TRUE,1,Public Road,1,"Trafficway, On Road",CT0009300,New Haven PD,313,13:12.0,O,Open,57:43.0,,4,20200,3,PRINCIPAL ARTERIAL - OTHER - NEW HPMS,2,Urban
886565,1,Complete,886565,886565,41.311762,-72.915795,3388663,New Haven,93,93,New Haven,5/26/2021,2021,5,May,26,4,Wednesday,19:08:00,19,21019575,A,2,,Motor Vehicle In Motion,"Injury of any type (Serious, Minor, Possible)",C,Possible Injury (C),0,0,4,Local,0.72,575,STATE ST,STATE ST,,BRADLEY ST,125,Feet,N,41.311762,-72.915795,14,Motor Vehicle in Operation,1,Front to rear,1,On Roadway,1,Clear,88,Not Applicable,1,Daylight,1,Dry,0,None,88,Not Applicable,88,Not Applicable,0,None,88,Not Applicable,88,Not Applicable,1,Non-Junction,1,Not at Intersection,1,No,1,No,88,Not Applicable,88,Not Applicable,88,Not Applicable,88,Not Applicable,TRUE,1,Public Road,1,"Trafficway, On Road",CT0009300,New Haven PD,30,29:21.0,C,Closed,57:30.0,NONE,,,,,,
886566,1,Complete,886566,886566,41.33245,-72.93527,3388664,New Haven,93,93,New Haven,5/26/2021,2021,5,May,26,4,Wednesday,20:04:00,20,21019583,A,2,,Motor Vehicle In Motion,"Injury of any type (Serious, Minor, Possible)",B,Suspected Minor Injury (B),0,1,4,Local,1.38,152,DIXWELL AV,DIXWELL AV,BASSETT ST,,,,,41.33245,-72.93527,14,Motor Vehicle in Operation,3,Angle,1,On Roadway,1,Clear,88,Not Applicable,1,Daylight,1,Dry,0,None,88,Not Applicable,88,Not Applicable,0,None,88,Not Applicable,88,Not Applicable,2,Intersection,2,Four-Way Intersection,1,No,1,No,88,Not Applicable,88,Not Applicable,88,Not Applicable,88,Not Applicable,FALSE,1,Public Road,1,"Trafficway, On Road",CT0009300,New Haven PD,42050,55:50.0,C,Closed,58:34.0,,,,,,,
886573,1,Complete,886573,886573,41.315571,-72.893795,3388671,New Haven,93,93,New Haven,5/27/2021,2021,5,May,27,5,Thursday,8:45:00,8,21019616,A,2,,Motor Vehicle In Motion,"Injury of any type (Serious, Minor, Possible)",C,Possible Injury (C),0,0,4,Local,0.54,379,LOMBARD ST,LOMBARD ST,ATWATER ST,,,,,41.315571,-72.893795,14,Motor Vehicle in Operation,3,Angle,1,On Roadway,1,Clear,88,Not Applicable,1,Daylight,1,Dry,0,None,88,Not Applicable,88,Not Applicable,0,None,88,Not Applicable,88,Not Applicable,2,Intersection,2,Four-Way Intersection,1,No,1,No,88,Not Applicable,88,Not Applicable,88,Not Applicable,88,Not Applicable,TRUE,1,Public Road,1,"Trafficway, On Road",CT0009300,New Haven PD,263,58:48.0,C,Closed,57:31.0,,,,,,,
886579,1,Complete,886579,886579,41.29381,-72.944827,3388677,New Haven,93,93,New Haven,5/27/2021,2021,5,May,27,5,Thursday,10:03:00,10,21019627,A,1,,Pedalcycle/Pedalcyclist,"Injury of any type (Serious, Minor, Possible)",A,Suspected Serious Injury (A),1,0,3,State,1.14,10,10-N,10-N,,ADELINE ST,340,Feet,N,41.29381,-72.944827,14,Motor Vehicle in Operation,1,Front to rear,1,On Roadway,1,Clear,88,Not Applicable,1,Daylight,1,Dry,0,None,88,Not Applicable,88,Not Applicable,0,None,88,Not Applicable,88,Not Applicable,1,Non-Junction,1,Not at Intersection,1,No,1,No,88,Not Applicable,88,Not Applicable,88,Not Applicable,88,Not Applicable,FALSE,1,Public Road,1,"Trafficway, On Road",CT0009300,New Haven PD,281,24:37.0,C,Closed,57:39.0,,4,20200,3,PRINCIPAL ARTERIAL - OTHER - NEW HPMS,2,Urban
886586,1,Complete,886586,886586,41.2974898,-72.9143263,3388684,New Haven,93,93,New Haven,5/27/2021,2021,5,May,27,5,Thursday,16:20:00,16,21019674,A,2,,Motor Vehicle In Motion,"Injury of any type (Serious, Minor, Possible)",A,Suspected Serious Injury (A),0,2,4,Local,1,513,LONG WHARF DR,LONG WHARF DR,,HAMILTON ST,300,Feet,W,41.2974898,-72.9143263,14,Motor Vehicle in Operation,3,Angle,1,On Roadway,1,Clear,88,Not Applicable,1,Daylight,1,Dry,0,None,88,Not Applicable,88,Not Applicable,0,None,88,Not Applicable,88,Not Applicable,8,Driveway Access,1,Not at Intersection,1,No,1,No,88,Not Applicable,88,Not Applicable,88,Not Applicable,88,Not Applicable,FALSE,1,Public Road,1,"Trafficway, On Road",CT0009300,New Haven PD,42053,20:31.0,C,Closed,57:42.0,,4,9100,4,MINOR ARTERIAL - NEW HPMS,2,Urban
886587,1,Complete,886587,886587,41.302845,-72.937367,3388685,New Haven,93,93,New Haven,5/27/2021,2021,5,May,27,5,Thursday,16:06:00,16,21019679,A,2,,Motor Vehicle In Motion,"Injury of any type (Serious, Minor, Possible)",C,Possible Injury (C),0,0,4,Local,0.66,141,DAVENPORT AV,DAVENPORT AV,VERNON ST,,,,,41.302845,-72.937367,14,Motor Vehicle in Operation,3,Angle,1,On Roadway,1,Clear,88,Not Applicable,1,Daylight,1,Dry,0,None,88,Not Applicable,88,Not Applicable,0,None,88,Not Applicable,88,Not Applicable,3,Intersection-Related,2,Four-Way Intersection,1,No,1,No,88,Not Applicable,88,Not Applicable,88,Not Applicable,88,Not Applicable,FALSE,1,Public Road,1,"Trafficway, On Road",CT0009300,New Haven PD,40814,25:56.0,C,Closed,57:34.0,,,,,,,
886592,1,Complete,886592,886592,41.316245,-72.895589,3388690,New Haven,93,93,New Haven,5/28/2021,2021,5,May,28,6,Friday,4:22:00,4,21019741,A,4,,Motor Vehicle In Motion,"Injury of any type (Serious, Minor, Possible)",C,Possible Injury (C),0,0,4,Local,0.27,531,ROWE ST,ROWE ST,,PECK ST,10,Feet,S,41.316245,-72.895589,14,Motor Vehicle in Operation,4,"Sideswipe, same direction",1,On Roadway,1,Clear,88,Not Applicable,4,Dark-Lighted,1,Dry,0,None,88,Not Applicable,88,Not Applicable,0,None,88,Not Applicable,88,Not Applicable,1,Non-Junction,1,Not at Intersection,1,No,1,No,88,Not Applicable,88,Not Applicable,88,Not Applicable,88,Not Applicable,FALSE,1,Public Road,1,"Trafficway, On Road",CT0009300,New Haven PD,105,10:02.0,C,Closed,57:38.0,,,,,,,
886598,1,Complete,886598,886598,41.317574,-72.937913,3388696,New Haven,93,93,New Haven,5/28/2021,2021,5,May,28,6,Friday,11:49:00,11,21019776,A,2,,Motor Vehicle In Motion,"Injury of any type (Serious, Minor, Possible)",C,Possible Injury (C),0,0,4,Local,1.17,453,ORCHARD ST,ORCHARD ST,,GOFFE ST,100,Feet,S,41.317574,-72.937913,14,Motor Vehicle in Operation,2,Front to front,1,On Roadway,1,Clear,88,Not Applicable,1,Daylight,1,Dry,0,None,88,Not Applicable,88,Not Applicable,0,None,88,Not Applicable,88,Not Applicable,1,Non-Junction,1,Not at Intersection,1,No,1,No,88,Not Applicable,88,Not Applicable,88,Not Applicable,88,Not Applicable,FALSE,1,Public Road,1,"Trafficway, On Road",CT0009300,New Haven PD,125,47:14.0,C,Closed,57:38.0,,,,,,,
886602,1,Complete,886602,886602,41.307359,-72.91925,3388700,New Haven,93,93,New Haven,5/28/2021,2021,5,May,28,6,Friday,14:49:00,14,21019803,A,2,,Motor Vehicle In Motion,"Injury of any type (Serious, Minor, Possible)",C,Possible Injury (C),0,3,4,Local,1.75,264,GRAND AV,GRAND AV,OLIVE ST,,,,,41.307359,-72.91925,14,Motor Vehicle in Operation,3,Angle,1,On Roadway,1,Clear,88,Not Applicable,1,Daylight,1,Dry,0,None,88,Not Applicable,88,Not Applicable,0,None,88,Not Applicable,88,Not Applicable,2,Intersection,2,Four-Way Intersection,1,No,1,No,88,Not Applicable,88,Not Applicable,88,Not Applicable,88,Not Applicable,FALSE,1,Public Road,1,"Trafficway, On Road",CT0009300,New Haven PD,106,45:51.0,C,Closed,57:44.0,,,,,,,
886603,1,Complete,886603,886603,41.304736,-72.922881,3388701,New Haven,93,93,New Haven,5/28/2021,2021,5,May,28,6,Friday,17:40:00,17,21019832,A,2,,Motor Vehicle In Motion,"Injury of any type (Serious, Minor, Possible)",C,Possible Injury (C),0,0,4,Local,1.34,575,STATE ST,STATE ST,CHAPEL ST,,,,,41.304736,-72.922881,14,Motor Vehicle in Operation,1,Front to rear,1,On Roadway,4,Rain,88,Not Applicable,1,Daylight,2,Wet,0,None,88,Not Applicable,88,Not Applicable,0,None,88,Not Applicable,88,Not Applicable,2,Intersection,2,Four-Way Intersection,1,No,1,No,88,Not Applicable,88,Not Applicable,88,Not Applicable,88,Not Applicable,FALSE,1,Public Road,1,"Trafficway, On Road",CT0009300,New Haven PD,243,32:21.0,C,Closed,57:42.0,,,,,,,
886604,1,Complete,886604,886604,41.33151,-72.935175,3388702,New Haven,93,93,New Haven,5/28/2021,2021,5,May,28,6,Friday,18:08:00,18,21019840,A,2,,Motor Vehicle In Motion,"Injury of any type (Serious, Minor, Possible)",B,Suspected Minor Injury (B),0,0,4,Local,1.31,152,DIXWELL AV,DIXWELL AV,BREWSTER ST,,,,,41.33151,-72.935175,14,Motor Vehicle in Operation,3,Angle,1,On Roadway,4,Rain,88,Not Applicable,3,Dusk,2,Wet,0,None,88,Not Applicable,88,Not Applicable,0,None,88,Not Applicable,88,Not Applicable,2,Intersection,2,Four-Way Intersection,1,No,1,No,88,Not Applicable,88,Not Applicable,88,Not Applicable,88,Not Applicable,FALSE,1,Public Road,1,"Trafficway, On Road",CT0009300,New Haven PD,40799,38:41.0,C,Closed,59:16.0,,,,,,,
886607,1,Complete,886607,886607,41.300826,-72.909538,3388705,New Haven,93,93,New Haven,5/28/2021,2021,5,May,28,6,Friday,21:49:00,21,21019857,A,1,,Curb,"Injury of any type (Serious, Minor, Possible)",B,Suspected Minor Injury (B),0,0,2,USRoute,49.03,1,1-N,1-N,,EAST ST,300,Feet,E,41.300826,-72.909538,25,Curb,88,Not Applicable,2,Shoulder,4,Rain,88,Not Applicable,4,Dark-Lighted,2,Wet,1,Weather Conditions,88,Not Applicable,88,Not Applicable,5,"Road Surface Condition (wet, icy, snow, slush, etc.)",88,Not Applicable,88,Not Applicable,1,Non-Junction,1,Not at Intersection,1,No,1,No,88,Not Applicable,88,Not Applicable,88,Not Applicable,88,Not Applicable,FALSE,1,Public Road,1,"Trafficway, On Road",CT0009300,New Haven PD,220,16:43.0,C,Closed,58:27.0,,4,12400,3,PRINCIPAL ARTERIAL - OTHER - NEW HPMS,2,Urban
886611,1,Complete,886611,886611,41.32878,-72.96496,3388709,New Haven,93,93,New Haven,5/28/2021,2021,5,May,28,6,Friday,23:31:00,23,21019863,A,2,,Motor Vehicle In Motion,"Injury of any type (Serious, Minor, Possible)",C,Possible Injury (C),0,0,3,State,0.52,63,63-N,63-N,EMERSON ST NO 1,,,,,41.32878,-72.96496,14,Motor Vehicle in Operation,1,Front to rear,1,On Roadway,4,Rain,88,Not Applicable,4,Dark-Lighted,2,Wet,99,Unknown,88,Not Applicable,88,Not Applicable,99,Unknown,88,Not Applicable,88,Not Applicable,2,Intersection,2,Four-Way Intersection,1,No,1,No,88,Not Applicable,88,Not Applicable,88,Not Applicable,88,Not Applicable,FALSE,1,Public Road,1,"Trafficway, On Road",CT0009300,New Haven PD,160,43:32.0,C,Closed,57:42.0,,3,20300,3,PRINCIPAL ARTERIAL - OTHER - NEW HPMS,2,Urban