CrashId,Fatal Case Status,Fatal Case Status Text Format,CrashId,CrashId,Latitude,Longitude,DOT Case Number,Town Name,Town Number,Town Number,Town Number Text Format,Date Of Crash,Year,Month,Month Text Format,Day,Day of the Week,Day of the Week Text Format,Time of Crash,Hour of the Day,Case Identifier,Crash Severity,Number Of Motor Vehicles,Motor vehicle action,Most harmful event,Crash Severity Text Format,Most Severe Injury,Most Severe Injury Text Format,Number Of Non-Motorist,Number Of Witnesses,Route Class,Route Class Text Format,Milemarker,Road Number,Road Description,Roadway Name,Intersecting Roadway Name,Landmark Description,Distance From Nearest Landmark,Unit Of Measure From Nearest Landmark,Direction From Nearest Landmark,Latitude,Longitude,First Harmful Event,First Harmful Event Text Format,Manner of Crash / Collision Impact,Manner of Crash / Collision Impact Text Format,Location of First Harmful Event,Location of First Harmful Event Text Format,Weather Condition,Weather Condition Text Format,Weather 2,Weather 2 Text Format,Light Condition,Light Condition Text Format,Road Surface Condition,Road Surface Condition Text Format,"Contributing Circumstances, Environment","Contributing Circumstances, Environment Text Format",Environment 2,Environment 2 Text Format,Environment 3,Environment 3 Text Format,"Contributing Circumstances, Road","Contributing Circumstances, Road Text Format",Road 2,Road 2 Text Format,Road 3,Road 3 Text Format,Crash Specific Location,Crash Specific Location Text Format,Type of Intersection,Type of Intersection Text Format,School Bus Related,School Bus Related Text Format,Work Zone Related,Work Zone Related Text Format,Location Of Crash Relative To Work Zone,Location Of Crash Relative To Work Zone Text Format,Type of Work Zone,Type of Work Zone Text Format,Worker Presence,Worker Presence Text Format,Law Enforcement Presence,Law Enforcement Presence Text Format,Were Vehicles Moved Prior To Police Arrival,Trafficway Ownership,Trafficway Ownership Text Format,Trafficway Class,Trafficway Class Text Format,Police Agency,Police Agency Text Format,Badge Number,Approval Date,Police Case Status,Police Case Status Text Format,Crash Report Submission Date,Related Case Identifiers,No. of Through Lanes (Log Dir.),Average Daily Traffic,Functional Classification,Functional Classification Text Format,Rural or Urban,Rural or Urban Text Format
886619,1,Complete,886619,886619,41.28984,-72.892543,3388717,New Haven,93,93,New Haven,5/29/2021,2021,5,May,29,7,Saturday,13:41:00,13,21019893,A,2,,Motor Vehicle In Motion,"Injury of any type (Serious, Minor, Possible)",B,Suspected Minor Injury (B),0,0,2,USRoute,50.25,1,1-N,1-N,TOWNSEND AV,,,,,41.28984,-72.892543,14,Motor Vehicle in Operation,1,Front to rear,1,On Roadway,2,Cloudy,88,Not Applicable,1,Daylight,2,Wet,0,None,88,Not Applicable,88,Not Applicable,0,None,88,Not Applicable,88,Not Applicable,2,Intersection,3,T-Intersection,1,No,1,No,88,Not Applicable,88,Not Applicable,88,Not Applicable,88,Not Applicable,FALSE,1,Public Road,1,"Trafficway, On Road",CT0009300,New Haven PD,42365,09:50.0,C,Closed,57:51.0,,2,9100,3,PRINCIPAL ARTERIAL - OTHER - NEW HPMS,2,Urban
886624,1,Complete,886624,886624,41.312399,-72.944058,3388722,New Haven,93,93,New Haven,5/29/2021,2021,5,May,29,7,Saturday,17:43:00,17,21019918,A,3,,Motor Vehicle In Motion,"Injury of any type (Serious, Minor, Possible)",C,Possible Injury (C),0,0,4,Local,1.46,179,EDGEWOOD AV,EDGEWOOD AV,SHERMAN AV,,,,,41.312399,-72.944058,14,Motor Vehicle in Operation,3,Angle,1,On Roadway,4,Rain,88,Not Applicable,1,Daylight,2,Wet,1,Weather Conditions,88,Not Applicable,88,Not Applicable,0,None,88,Not Applicable,88,Not Applicable,2,Intersection,3,T-Intersection,1,No,1,No,88,Not Applicable,88,Not Applicable,88,Not Applicable,88,Not Applicable,FALSE,1,Public Road,1,"Trafficway, On Road",CT0009300,New Haven PD,40951,15:42.0,C,Closed,57:49.0,,,,,,,
886628,1,Complete,886628,886628,41.32283,-72.93524,3388726,New Haven,93,93,New Haven,5/30/2021,2021,5,May,30,1,Sunday,0:12:00,0,21019951,A,2,,Motor Vehicle In Motion,"Injury of any type (Serious, Minor, Possible)",C,Possible Injury (C),0,0,4,Local,1.55,453,ORCHARD ST,ORCHARD ST,MUNSON ST,,,,,41.32283,-72.93524,14,Motor Vehicle in Operation,1,Front to rear,1,On Roadway,1,Clear,88,Not Applicable,4,Dark-Lighted,1,Dry,0,None,88,Not Applicable,88,Not Applicable,0,None,88,Not Applicable,88,Not Applicable,2,Intersection,2,Four-Way Intersection,1,No,1,No,88,Not Applicable,88,Not Applicable,88,Not Applicable,88,Not Applicable,FALSE,1,Public Road,1,"Trafficway, On Road",CT0009300,New Haven PD,7,20:44.0,C,Closed,57:49.0,,,,,,,
886630,1,Complete,886630,886630,41.333011,-72.935213,3388728,New Haven,93,93,New Haven,5/30/2021,2021,5,May,30,1,Sunday,10:37:00,10,21019973,A,2,,Motor Vehicle In Motion,"Injury of any type (Serious, Minor, Possible)",C,Possible Injury (C),0,0,4,Local,1.42,152,DIXWELL AV,DIXWELL AV,,BASSETT ST,100,Feet,N,41.333011,-72.935213,14,Motor Vehicle in Operation,3,Angle,1,On Roadway,4,Rain,88,Not Applicable,1,Daylight,2,Wet,0,None,88,Not Applicable,88,Not Applicable,0,None,88,Not Applicable,88,Not Applicable,1,Non-Junction,1,Not at Intersection,1,No,1,No,88,Not Applicable,88,Not Applicable,88,Not Applicable,88,Not Applicable,TRUE,1,Public Road,1,"Trafficway, On Road",CT0009300,New Haven PD,182,25:58.0,C,Closed,57:51.0,,,,,,,
886631,1,Complete,886631,886631,41.315417,-72.962875,3388729,New Haven,93,93,New Haven,5/30/2021,2021,5,May,30,1,Sunday,11:37:00,11,21019979,A,2,,Motor Vehicle In Motion,"Injury of any type (Serious, Minor, Possible)",C,Possible Injury (C),0,0,4,Local,3.81,97,CHAPEL ST,CHAPEL ST,,CENTRAL AVE,172,Feet,E,41.315417,-72.962875,14,Motor Vehicle in Operation,1,Front to rear,1,On Roadway,4,Rain,88,Not Applicable,1,Daylight,2,Wet,99,Unknown,88,Not Applicable,88,Not Applicable,99,Unknown,88,Not Applicable,88,Not Applicable,1,Non-Junction,1,Not at Intersection,1,No,1,No,88,Not Applicable,88,Not Applicable,88,Not Applicable,88,Not Applicable,FALSE,1,Public Road,1,"Trafficway, On Road",CT0009300,New Haven PD,42370,44:54.0,C,Closed,57:51.0,,,,,,,
886643,1,Complete,886643,886643,41.303616,-72.912752,3388741,New Haven,93,93,New Haven,6/1/2021,2021,6,June,1,3,Tuesday,9:57:00,9,21020222,A,1,,Curb,"Injury of any type (Serious, Minor, Possible)",B,Suspected Minor Injury (B),0,1,4,Local,1.05,97,CHAPEL ST,CHAPEL ST,,HAMILTON ST,50,Feet,E,41.303616,-72.912752,25,Curb,88,Not Applicable,1,On Roadway,1,Clear,88,Not Applicable,1,Daylight,1,Dry,0,None,88,Not Applicable,88,Not Applicable,0,None,88,Not Applicable,88,Not Applicable,3,Intersection-Related,3,T-Intersection,1,No,1,No,88,Not Applicable,88,Not Applicable,88,Not Applicable,88,Not Applicable,FALSE,1,Public Road,1,"Trafficway, On Road",CT0009300,New Haven PD,86,14:58.0,C,Closed,57:58.0,,2,7700,4,MINOR ARTERIAL - NEW HPMS,2,Urban
886645,1,Complete,886645,886645,41.311934,-72.933505,3388743,New Haven,93,93,New Haven,6/1/2021,2021,6,June,1,3,Tuesday,10:41:00,10,21020230,A,2,,Motor Vehicle In Motion,"Injury of any type (Serious, Minor, Possible)",C,Possible Injury (C),0,0,4,Local,0.44,310,HOWE ST,HOWE ST,ELM ST NO 1,,,,,41.311934,-72.933505,14,Motor Vehicle in Operation,3,Angle,1,On Roadway,1,Clear,88,Not Applicable,1,Daylight,1,Dry,0,None,88,Not Applicable,88,Not Applicable,0,None,88,Not Applicable,88,Not Applicable,2,Intersection,2,Four-Way Intersection,1,No,1,No,88,Not Applicable,88,Not Applicable,88,Not Applicable,88,Not Applicable,FALSE,1,Public Road,1,"Trafficway, On Road",CT0009300,New Haven PD,40803,24:08.0,C,Closed,57:57.0,,,,,,,
886647,1,Complete,886647,886647,41.324295,-72.896379,3388745,New Haven,93,93,New Haven,6/1/2021,2021,6,June,1,3,Tuesday,13:17:00,13,21020250,A,4,,Motor Vehicle In Motion,"Injury of any type (Serious, Minor, Possible)",A,Suspected Serious Injury (A),0,4,2,USRoute,0.74,5,5-N,5-N,LYMAN ST,,,,,41.324295,-72.896379,14,Motor Vehicle in Operation,1,Front to rear,1,On Roadway,1,Clear,88,Not Applicable,1,Daylight,1,Dry,0,None,88,Not Applicable,88,Not Applicable,0,None,88,Not Applicable,88,Not Applicable,2,Intersection,3,T-Intersection,1,No,1,No,88,Not Applicable,88,Not Applicable,88,Not Applicable,88,Not Applicable,FALSE,1,Public Road,1,"Trafficway, On Road",CT0009300,New Haven PD,2,41:32.0,C,Closed,58:11.0,,2,17300,4,MINOR ARTERIAL - NEW HPMS,2,Urban
886658,1,Complete,886658,886658,41.308843,-72.909806,3388756,New Haven,93,93,New Haven,6/1/2021,2021,6,June,1,3,Tuesday,14:30:00,14,21020251,A,2,,Motor Vehicle In Motion,"Injury of any type (Serious, Minor, Possible)",C,Possible Injury (C),0,1,4,Local,0.49,165,EAST ST,EAST ST,GRAND AV,,,,,41.308843,-72.909806,14,Motor Vehicle in Operation,4,"Sideswipe, same direction",1,On Roadway,1,Clear,88,Not Applicable,1,Daylight,1,Dry,0,None,88,Not Applicable,88,Not Applicable,8,Work Zone (construction / maintenance / utility),88,Not Applicable,88,Not Applicable,3,Intersection-Related,2,Four-Way Intersection,1,No,2,Yes,5,Termination Area,1,Lane Closure,2,Yes,2,Yes,TRUE,1,Public Road,1,"Trafficway, On Road",CT0009300,New Haven PD,165,05:11.0,C,Closed,58:10.0,,2,19000,4,MINOR ARTERIAL - NEW HPMS,2,Urban
886664,1,Complete,886664,886664,41.308803,-72.89823,3388762,New Haven,93,93,New Haven,6/1/2021,2021,6,June,1,3,Tuesday,19:06:00,19,21020279,A,2,,Motor Vehicle In Motion,"Injury of any type (Serious, Minor, Possible)",C,Possible Injury (C),0,0,4,Local,0.65,264,GRAND AV,GRAND AV,,FILMORE ST,9,Feet,W,41.308803,-72.89823,14,Motor Vehicle in Operation,3,Angle,1,On Roadway,1,Clear,88,Not Applicable,1,Daylight,1,Dry,0,None,88,Not Applicable,88,Not Applicable,97,Other,88,Not Applicable,88,Not Applicable,11,Through Roadway,1,Not at Intersection,1,No,1,No,88,Not Applicable,88,Not Applicable,88,Not Applicable,88,Not Applicable,FALSE,1,Public Road,1,"Trafficway, On Road",CT0009300,New Haven PD,40793,26:52.0,C,Closed,58:07.0,,,,,,,
886665,1,Complete,886665,886665,41.299024,-72.949635,3388763,New Haven,93,93,New Haven,6/1/2021,2021,6,June,1,3,Tuesday,17:00:00,17,21020282,A,2,,Motor Vehicle In Motion,"Injury of any type (Serious, Minor, Possible)",C,Possible Injury (C),0,0,3,State,1.58,10,10-N,10-N,,COLUMBUS AVENUE,400,Feet,N,41.299024,-72.949635,14,Motor Vehicle in Operation,1,Front to rear,1,On Roadway,1,Clear,88,Not Applicable,1,Daylight,1,Dry,99,Unknown,88,Not Applicable,88,Not Applicable,99,Unknown,88,Not Applicable,88,Not Applicable,1,Non-Junction,1,Not at Intersection,1,No,1,No,88,Not Applicable,88,Not Applicable,88,Not Applicable,88,Not Applicable,FALSE,1,Public Road,1,"Trafficway, On Road",CT0009300,New Haven PD,40947,21:18.0,C,Closed,58:03.0,,4,20700,3,PRINCIPAL ARTERIAL - OTHER - NEW HPMS,2,Urban
886667,1,Complete,886667,886667,41.308584,-72.901177,3388765,New Haven,93,93,New Haven,6/1/2021,2021,6,June,1,3,Tuesday,19:06:00,19,21020310,A,1,,Ran Off Roadway Right,"Injury of any type (Serious, Minor, Possible)",A,Suspected Serious Injury (A),1,1,4,Local,0.81,264,GRAND AV,GRAND AV,,LLOYD ST,50,Feet,W,41.308584,-72.901177,9,Pedestrian,88,Not Applicable,8,"Off Roadway,  Location Unknown",1,Clear,88,Not Applicable,1,Daylight,1,Dry,0,None,88,Not Applicable,88,Not Applicable,0,None,88,Not Applicable,88,Not Applicable,97,Other,1,Not at Intersection,1,No,1,No,88,Not Applicable,88,Not Applicable,88,Not Applicable,88,Not Applicable,FALSE,1,Public Road,1,"Trafficway, On Road",CT0009300,New Haven PD,40788,46:30.0,O,Open,58:12.0,,2,14400,4,MINOR ARTERIAL - NEW HPMS,2,Urban
886668,1,Complete,886668,886668,41.312083,-72.90944,3388766,New Haven,93,93,New Haven,6/1/2021,2021,6,June,1,3,Tuesday,19:06:00,19,21020313,A,2,,Motor Vehicle In Motion,"Injury of any type (Serious, Minor, Possible)",C,Possible Injury (C),0,0,4,Local,0.27,165,EAST ST,EAST ST,WALNUT ST,,,,,41.312083,-72.90944,14,Motor Vehicle in Operation,97,Other,1,On Roadway,1,Clear,88,Not Applicable,1,Daylight,1,Dry,0,None,88,Not Applicable,88,Not Applicable,0,None,88,Not Applicable,88,Not Applicable,2,Intersection,2,Four-Way Intersection,1,No,1,No,88,Not Applicable,88,Not Applicable,88,Not Applicable,88,Not Applicable,TRUE,1,Public Road,1,"Trafficway, On Road",CT0009300,New Haven PD,381,37:35.0,C,Closed,58:00.0,,,,,,,
886669,1,Complete,886669,886669,41.297971,-72.934312,3388767,New Haven,93,93,New Haven,6/1/2021,2021,6,June,1,3,Tuesday,19:42:00,19,21020319,A,2,,Motor Vehicle In Motion,"Injury of any type (Serious, Minor, Possible)",C,Possible Injury (C),0,0,4,Local,0.6,308,HOWARD AV,HOWARD AV,RT 1,,,,,41.297971,-72.934312,14,Motor Vehicle in Operation,1,Front to rear,1,On Roadway,1,Clear,88,Not Applicable,1,Daylight,1,Dry,0,None,88,Not Applicable,88,Not Applicable,0,None,88,Not Applicable,88,Not Applicable,2,Intersection,2,Four-Way Intersection,1,No,1,No,88,Not Applicable,88,Not Applicable,88,Not Applicable,88,Not Applicable,TRUE,1,Public Road,1,"Trafficway, On Road",CT0009300,New Haven PD,319,15:46.0,O,Open,58:02.0,,,,,,,
886670,1,Complete,886670,886670,41.296156,-72.947447,3388768,New Haven,93,93,New Haven,6/1/2021,2021,6,June,1,3,Tuesday,21:28:00,21,21020329,A,3,,Motor Vehicle In Motion,"Injury of any type (Serious, Minor, Possible)",C,Possible Injury (C),0,0,3,State,1.36,10,10-N,10-N,LONGHINI LA,,,,,41.296156,-72.947447,14,Motor Vehicle in Operation,1,Front to rear,1,On Roadway,1,Clear,88,Not Applicable,4,Dark-Lighted,1,Dry,0,None,88,Not Applicable,88,Not Applicable,2,Backup Due to Prior Non-Recurring Incident,88,Not Applicable,88,Not Applicable,2,Intersection,3,T-Intersection,1,No,1,No,88,Not Applicable,88,Not Applicable,88,Not Applicable,88,Not Applicable,TRUE,1,Public Road,1,"Trafficway, On Road",CT0009300,New Haven PD,266,55:21.0,C,Closed,58:03.0,,4,20200,3,PRINCIPAL ARTERIAL - OTHER - NEW HPMS,2,Urban
886673,1,Complete,886673,886673,41.321024,-72.874577,3388771,New Haven,93,93,New Haven,6/2/2021,2021,6,June,2,4,Wednesday,7:30:00,7,21020354,A,2,,Motor Vehicle In Motion,"Injury of any type (Serious, Minor, Possible)",B,Suspected Minor Injury (B),0,0,3,State,0.41,80,80-E,80-E,,103-N,160,Feet,W,41.321024,-72.874577,14,Motor Vehicle in Operation,5,"Sideswipe, opposite direction",1,On Roadway,1,Clear,88,Not Applicable,1,Daylight,1,Dry,0,None,88,Not Applicable,88,Not Applicable,0,None,88,Not Applicable,88,Not Applicable,2,Intersection,2,Four-Way Intersection,1,No,1,No,88,Not Applicable,88,Not Applicable,88,Not Applicable,88,Not Applicable,FALSE,1,Public Road,1,"Trafficway, On Road",CT0009300,New Haven PD,42365,50:37.0,C,Closed,58:06.0,,4,32100,3,PRINCIPAL ARTERIAL - OTHER - NEW HPMS,2,Urban
886674,1,Complete,886674,886674,41.328417,-72.921972,3388772,New Haven,93,93,New Haven,6/2/2021,2021,6,June,2,4,Wednesday,8:00:00,8,21020355,A,2,,Motor Vehicle In Motion,"Injury of any type (Serious, Minor, Possible)",C,Possible Injury (C),0,0,4,Local,1.18,495,PROSPECT ST,PROSPECT ST,HIGHLAND ST,,,,,41.328417,-72.921972,14,Motor Vehicle in Operation,3,Angle,1,On Roadway,1,Clear,88,Not Applicable,1,Daylight,1,Dry,0,None,88,Not Applicable,88,Not Applicable,0,None,88,Not Applicable,88,Not Applicable,2,Intersection,2,Four-Way Intersection,1,No,1,No,88,Not Applicable,88,Not Applicable,88,Not Applicable,88,Not Applicable,FALSE,1,Public Road,1,"Trafficway, On Road",CT0009300,New Haven PD,991,14:31.0,C,Closed,58:08.0,,,,,,,
886675,1,Complete,886675,886675,41.305919,-72.946878,3388773,New Haven,93,93,New Haven,6/2/2021,2021,6,June,2,4,Wednesday,8:03:00,8,21020359,A,2,,Motor Vehicle In Motion,"Injury of any type (Serious, Minor, Possible)",C,Possible Injury (C),0,0,4,Local,0.29,360,LEGION AV-RT 34,LEGION AV-RT 34,SHERMAN AV,,,,,41.305919,-72.946878,14,Motor Vehicle in Operation,3,Angle,1,On Roadway,1,Clear,88,Not Applicable,1,Daylight,1,Dry,0,None,88,Not Applicable,88,Not Applicable,0,None,88,Not Applicable,88,Not Applicable,2,Intersection,2,Four-Way Intersection,1,No,1,No,88,Not Applicable,88,Not Applicable,88,Not Applicable,88,Not Applicable,TRUE,1,Public Road,1,"Trafficway, On Road",CT0009300,New Haven PD,319,24:17.0,C,Closed,58:06.0,,,,,,,
886678,1,Complete,886678,886678,41.315609,-72.934914,3388776,New Haven,93,93,New Haven,6/2/2021,2021,6,June,2,4,Wednesday,11:37:00,11,21020380,A,2,,Motor Vehicle In Motion,"Injury of any type (Serious, Minor, Possible)",C,Possible Injury (C),0,0,4,Local,0.48,257,GOFFE ST,GOFFE ST,WEBSTER ST,,,,,41.315609,-72.934914,14,Motor Vehicle in Operation,3,Angle,1,On Roadway,1,Clear,88,Not Applicable,1,Daylight,1,Dry,0,None,88,Not Applicable,88,Not Applicable,0,None,88,Not Applicable,88,Not Applicable,2,Intersection,2,Four-Way Intersection,1,No,1,No,88,Not Applicable,88,Not Applicable,88,Not Applicable,88,Not Applicable,FALSE,1,Public Road,1,"Trafficway, On Road",CT0009300,New Haven PD,201,59:10.0,O,Open,58:49.0,,,,,,,
886689,1,Complete,886689,886689,41.312078,-72.939353,3388787,New Haven,93,93,New Haven,6/3/2021,2021,6,June,3,5,Thursday,7:33:00,7,21020471,A,2,,Motor Vehicle In Motion,"Injury of any type (Serious, Minor, Possible)",C,Possible Injury (C),0,0,4,Local,1.71,179,EDGEWOOD AV,EDGEWOOD AV,KENSINGTON ST,,,,,41.312078,-72.939353,14,Motor Vehicle in Operation,3,Angle,1,On Roadway,2,Cloudy,88,Not Applicable,1,Daylight,1,Dry,0,None,88,Not Applicable,88,Not Applicable,0,None,88,Not Applicable,88,Not Applicable,2,Intersection,2,Four-Way Intersection,1,No,1,No,88,Not Applicable,88,Not Applicable,88,Not Applicable,88,Not Applicable,FALSE,1,Public Road,1,"Trafficway, On Road",CT0009300,New Haven PD,465,29:45.0,C,Closed,58:19.0,,,,,,,
886694,1,Complete,886694,886694,41.310398,-72.903486,3388792,New Haven,93,93,New Haven,6/3/2021,2021,6,June,3,5,Thursday,11:02:00,11,21020493,A,2,,Motor Vehicle In Motion,"Injury of any type (Serious, Minor, Possible)",C,Possible Injury (C),0,0,4,Local,0.41,327,JAMES ST,JAMES ST,,CLAY ST,100,Feet,N,41.310398,-72.903486,14,Motor Vehicle in Operation,3,Angle,1,On Roadway,4,Rain,88,Not Applicable,1,Daylight,2,Wet,0,None,88,Not Applicable,88,Not Applicable,0,None,88,Not Applicable,88,Not Applicable,1,Non-Junction,1,Not at Intersection,1,No,1,No,88,Not Applicable,88,Not Applicable,88,Not Applicable,88,Not Applicable,TRUE,1,Public Road,1,"Trafficway, On Road",CT0009300,New Haven PD,263,07:50.0,C,Closed,58:29.0,,,,,,,
886695,1,Complete,886695,886695,41.297719,-72.938953,3388793,New Haven,93,93,New Haven,6/3/2021,2021,6,June,3,5,Thursday,11:38:00,11,21020499,A,2,,Motor Vehicle In Motion,"Injury of any type (Serious, Minor, Possible)",C,Possible Injury (C),0,0,2,USRoute,47.17,1,1-N,1-N,WHITE ST,,,,,41.297719,-72.938953,14,Motor Vehicle in Operation,1,Front to rear,1,On Roadway,4,Rain,88,Not Applicable,1,Daylight,2,Wet,0,None,88,Not Applicable,88,Not Applicable,0,None,88,Not Applicable,88,Not Applicable,2,Intersection,3,T-Intersection,1,No,1,No,88,Not Applicable,88,Not Applicable,88,Not Applicable,88,Not Applicable,TRUE,1,Public Road,1,"Trafficway, On Road",CT0009300,New Haven PD,281,14:32.0,O,Open,58:32.0,,2,8600,3,PRINCIPAL ARTERIAL - OTHER - NEW HPMS,2,Urban
886703,1,Complete,886703,886703,41.310839,-72.930299,3388801,New Haven,93,93,New Haven,6/3/2021,2021,6,June,3,5,Thursday,14:24:00,14,21020523,A,2,,Motor Vehicle In Motion,"Injury of any type (Serious, Minor, Possible)",C,Possible Injury (C),0,0,4,Local,0,68,BROADWAY,BROADWAY,,YORK ST,50,Feet,W,41.310839,-72.930299,14,Motor Vehicle in Operation,1,Front to rear,1,On Roadway,2,Cloudy,88,Not Applicable,1,Daylight,1,Dry,0,None,88,Not Applicable,88,Not Applicable,0,None,88,Not Applicable,88,Not Applicable,1,Non-Junction,1,Not at Intersection,1,No,1,No,88,Not Applicable,88,Not Applicable,88,Not Applicable,88,Not Applicable,TRUE,1,Public Road,1,"Trafficway, On Road",CT0009300,New Haven PD,261,16:23.0,C,Closed,58:25.0,,,,,,,
886707,1,Complete,886707,886707,41.28733,-72.93738,3388805,New Haven,93,93,New Haven,6/3/2021,2021,6,June,3,5,Thursday,17:23:00,17,21020558,A,2,,Motor Vehicle In Motion,"Injury of any type (Serious, Minor, Possible)",C,Possible Injury (C),0,0,3,State,0.56,10,10-N,10-N,,PLYMOUTH STREET,150,Feet,N,41.28733,-72.93738,14,Motor Vehicle in Operation,1,Front to rear,1,On Roadway,97,Other,88,Not Applicable,99,Unknown,99,Unknown,0,None,88,Not Applicable,88,Not Applicable,0,None,88,Not Applicable,88,Not Applicable,1,Non-Junction,1,Not at Intersection,1,No,1,No,88,Not Applicable,88,Not Applicable,88,Not Applicable,88,Not Applicable,TRUE,1,Public Road,1,"Trafficway, On Road",CT0009300,New Haven PD,42051,15:29.0,C,Closed,58:36.0,21020558,4,17900,3,PRINCIPAL ARTERIAL - OTHER - NEW HPMS,2,Urban
886710,1,Complete,886710,886710,41.290812,-72.941313,3388808,New Haven,93,93,New Haven,6/3/2021,2021,6,June,3,5,Thursday,21:06:00,21,21020580,A,2,,Motor Vehicle In Motion,"Injury of any type (Serious, Minor, Possible)",C,Possible Injury (C),0,1,3,State,0.88,10,10-N,10-N,WASHINGTON AV NO 1,,,,,41.290812,-72.941313,14,Motor Vehicle in Operation,1,Front to rear,1,On Roadway,4,Rain,88,Not Applicable,6,Dark-Unknown Lighting,2,Wet,0,None,88,Not Applicable,88,Not Applicable,0,None,88,Not Applicable,88,Not Applicable,2,Intersection,2,Four-Way Intersection,1,No,1,No,88,Not Applicable,88,Not Applicable,88,Not Applicable,88,Not Applicable,FALSE,1,Public Road,1,"Trafficway, On Road",CT0009300,New Haven PD,958,42:40.0,C,Closed,58:27.0,21-020580,4,20200,3,PRINCIPAL ARTERIAL - OTHER - NEW HPMS,2,Urban
886719,1,Complete,886719,886719,41.284436,-72.9347,3388817,New Haven,93,93,New Haven,6/4/2021,2021,6,June,4,6,Friday,12:51:00,12,21020675,A,2,,Motor Vehicle In Motion,"Injury of any type (Serious, Minor, Possible)",C,Possible Injury (C),0,0,3,State,0.31,10,10-N,10-N,,95 SOUTH RAMP,10,Feet,S,41.284436,-72.9347,14,Motor Vehicle in Operation,4,"Sideswipe, same direction",1,On Roadway,1,Clear,88,Not Applicable,1,Daylight,1,Dry,0,None,88,Not Applicable,88,Not Applicable,0,None,88,Not Applicable,88,Not Applicable,11,Through Roadway,1,Not at Intersection,1,No,1,No,88,Not Applicable,88,Not Applicable,88,Not Applicable,88,Not Applicable,FALSE,1,Public Road,1,"Trafficway, On Road",CT0009300,New Haven PD,40793,15:19.0,C,Closed,58:31.0,,1,7000,1,INTERSTATE - NEW HPMS,2,Urban
886720,1,Complete,886720,886720,41.315585,-72.9008,3388818,New Haven,93,93,New Haven,6/4/2021,2021,6,June,4,6,Friday,13:30:00,13,21020682,A,2,,Motor Vehicle In Motion,"Injury of any type (Serious, Minor, Possible)",B,Suspected Minor Injury (B),0,0,4,Local,0.88,57,BLATCHLEY AV,BLATCHLEY AV,PECK ST NO 1,,,,,41.315585,-72.9008,14,Motor Vehicle in Operation,97,Other,1,On Roadway,1,Clear,88,Not Applicable,1,Daylight,1,Dry,0,None,88,Not Applicable,88,Not Applicable,0,None,88,Not Applicable,88,Not Applicable,2,Intersection,2,Four-Way Intersection,1,No,1,No,88,Not Applicable,88,Not Applicable,88,Not Applicable,88,Not Applicable,FALSE,1,Public Road,1,"Trafficway, On Road",CT0009300,New Haven PD,86,17:14.0,C,Closed,59:11.0,,,,,,,
886724,1,Complete,886724,886724,41.286244,-72.936042,3388822,New Haven,93,93,New Haven,6/4/2021,2021,6,June,4,6,Friday,17:30:00,17,21020706,A,2,,Motor Vehicle In Motion,"Injury of any type (Serious, Minor, Possible)",C,Possible Injury (C),0,0,3,State,0.46,10,10-N,10-N,745-E,,,,,41.286244,-72.936042,14,Motor Vehicle in Operation,1,Front to rear,1,On Roadway,1,Clear,88,Not Applicable,1,Daylight,1,Dry,0,None,88,Not Applicable,88,Not Applicable,0,None,88,Not Applicable,88,Not Applicable,2,Intersection,2,Four-Way Intersection,1,No,1,No,88,Not Applicable,88,Not Applicable,88,Not Applicable,88,Not Applicable,FALSE,1,Public Road,1,"Trafficway, On Road",CT0009300,New Haven PD,958,12:21.0,C,Closed,58:33.0,,4,18500,3,PRINCIPAL ARTERIAL - OTHER - NEW HPMS,2,Urban
886728,1,Complete,886728,886728,41.327236,-72.968077,3388826,New Haven,93,93,New Haven,6/5/2021,2021,6,June,5,7,Saturday,11:32:00,11,21020795,A,2,,Motor Vehicle In Motion,"Injury of any type (Serious, Minor, Possible)",C,Possible Injury (C),0,0,3,State,3.37,122,122-N,122-N,243-W,,,,,41.327236,-72.968077,14,Motor Vehicle in Operation,1,Front to rear,1,On Roadway,1,Clear,88,Not Applicable,1,Daylight,1,Dry,0,None,88,Not Applicable,88,Not Applicable,0,None,88,Not Applicable,88,Not Applicable,2,Intersection,3,T-Intersection,1,No,1,No,88,Not Applicable,88,Not Applicable,88,Not Applicable,88,Not Applicable,TRUE,1,Public Road,1,"Trafficway, On Road",CT0009300,New Haven PD,281,13:57.0,C,Closed,58:41.0,,1,11600,4,MINOR ARTERIAL - NEW HPMS,2,Urban
886732,1,Complete,886732,886732,41.303035,-72.893591,3388830,New Haven,93,93,New Haven,6/5/2021,2021,6,June,5,7,Saturday,13:18:00,13,21020808,A,2,,Motor Vehicle In Motion,"Injury of any type (Serious, Minor, Possible)",C,Possible Injury (C),0,0,4,Local,0.04,795,EAST FERRY ST,EAST FERRY ST,,RIVER ST,200,Feet,S,41.303035,-72.893591,14,Motor Vehicle in Operation,1,Front to rear,1,On Roadway,1,Clear,88,Not Applicable,1,Daylight,1,Dry,0,None,88,Not Applicable,88,Not Applicable,0,None,88,Not Applicable,88,Not Applicable,1,Non-Junction,1,Not at Intersection,1,No,1,No,88,Not Applicable,88,Not Applicable,88,Not Applicable,88,Not Applicable,TRUE,1,Public Road,1,"Trafficway, On Road",CT0009300,New Haven PD,980,25:03.0,C,Closed,59:01.0,,,,,,,