CrashId,Fatal Case Status,Fatal Case Status Text Format,CrashId,CrashId,Latitude,Longitude,DOT Case Number,Town Name,Town Number,Town Number,Town Number Text Format,Date Of Crash,Year,Month,Month Text Format,Day,Day of the Week,Day of the Week Text Format,Time of Crash,Hour of the Day,Case Identifier,Crash Severity,Number Of Motor Vehicles,Motor vehicle action,Most harmful event,Crash Severity Text Format,Most Severe Injury,Most Severe Injury Text Format,Number Of Non-Motorist,Number Of Witnesses,Route Class,Route Class Text Format,Milemarker,Road Number,Road Description,Roadway Name,Intersecting Roadway Name,Landmark Description,Distance From Nearest Landmark,Unit Of Measure From Nearest Landmark,Direction From Nearest Landmark,Latitude,Longitude,First Harmful Event,First Harmful Event Text Format,Manner of Crash / Collision Impact,Manner of Crash / Collision Impact Text Format,Location of First Harmful Event,Location of First Harmful Event Text Format,Weather Condition,Weather Condition Text Format,Weather 2,Weather 2 Text Format,Light Condition,Light Condition Text Format,Road Surface Condition,Road Surface Condition Text Format,"Contributing Circumstances, Environment","Contributing Circumstances, Environment Text Format",Environment 2,Environment 2 Text Format,Environment 3,Environment 3 Text Format,"Contributing Circumstances, Road","Contributing Circumstances, Road Text Format",Road 2,Road 2 Text Format,Road 3,Road 3 Text Format,Crash Specific Location,Crash Specific Location Text Format,Type of Intersection,Type of Intersection Text Format,School Bus Related,School Bus Related Text Format,Work Zone Related,Work Zone Related Text Format,Location Of Crash Relative To Work Zone,Location Of Crash Relative To Work Zone Text Format,Type of Work Zone,Type of Work Zone Text Format,Worker Presence,Worker Presence Text Format,Law Enforcement Presence,Law Enforcement Presence Text Format,Were Vehicles Moved Prior To Police Arrival,Trafficway Ownership,Trafficway Ownership Text Format,Trafficway Class,Trafficway Class Text Format,Police Agency,Police Agency Text Format,Badge Number,Approval Date,Police Case Status,Police Case Status Text Format,Crash Report Submission Date,Related Case Identifiers,No. of Through Lanes (Log Dir.),Average Daily Traffic,Functional Classification,Functional Classification Text Format,Rural or Urban,Rural or Urban Text Format
886734,1,Complete,886734,886734,41.31465,-72.97083,3388832,New Haven,93,93,New Haven,6/5/2021,2021,6,June,5,7,Saturday,20:49:00,20,21020815,A,2,,Motor Vehicle In Motion,"Injury of any type (Serious, Minor, Possible)",C,Possible Injury (C),0,0,3,State,2.48,122,122-N,122-N,ROGER RD,,,,,41.31465,-72.97083,14,Motor Vehicle in Operation,97,Other,1,On Roadway,1,Clear,88,Not Applicable,1,Daylight,1,Dry,0,None,88,Not Applicable,88,Not Applicable,0,None,88,Not Applicable,88,Not Applicable,2,Intersection,3,T-Intersection,1,No,1,No,88,Not Applicable,88,Not Applicable,88,Not Applicable,88,Not Applicable,TRUE,1,Public Road,1,"Trafficway, On Road",CT0009300,New Haven PD,42370,08:50.0,C,Closed,58:43.0,,2,11700,4,MINOR ARTERIAL - NEW HPMS,2,Urban
886736,1,Complete,886736,886736,41.321023,-72.933173,3388834,New Haven,93,93,New Haven,6/5/2021,2021,6,June,5,7,Saturday,17:50:00,17,21020838,A,2,,Motor Vehicle In Motion,"Injury of any type (Serious, Minor, Possible)",C,Possible Injury (C),0,0,4,Local,0.31,289,HENRY ST,HENRY ST,,DIXWELL AVE,150,Feet,E,41.321023,-72.933173,14,Motor Vehicle in Operation,3,Angle,1,On Roadway,1,Clear,88,Not Applicable,1,Daylight,1,Dry,0,None,88,Not Applicable,88,Not Applicable,0,None,88,Not Applicable,88,Not Applicable,1,Non-Junction,1,Not at Intersection,1,No,1,No,88,Not Applicable,88,Not Applicable,88,Not Applicable,88,Not Applicable,FALSE,1,Public Road,1,"Trafficway, On Road",CT0009300,New Haven PD,41103,26:55.0,C,Closed,58:46.0,,,,,,,
886740,1,Complete,886740,886740,41.307912,-72.899276,3388838,New Haven,93,93,New Haven,6/5/2021,2021,6,June,5,7,Saturday,23:58:00,23,21020881,A,2,,Motor Vehicle In Motion,"Injury of any type (Serious, Minor, Possible)",C,Possible Injury (C),0,0,4,Local,0.33,57,BLATCHLEY AV,BLATCHLEY AV,WOOLSEY ST,,,,,41.307912,-72.899276,14,Motor Vehicle in Operation,3,Angle,1,On Roadway,1,Clear,88,Not Applicable,4,Dark-Lighted,1,Dry,0,None,88,Not Applicable,88,Not Applicable,0,None,88,Not Applicable,88,Not Applicable,2,Intersection,2,Four-Way Intersection,1,No,1,No,88,Not Applicable,88,Not Applicable,88,Not Applicable,88,Not Applicable,FALSE,1,Public Road,1,"Trafficway, On Road",CT0009300,New Haven PD,370,24:03.0,C,Closed,59:00.0,,,,,,,
886745,1,Complete,886745,886745,41.292897,-72.920918,3388843,New Haven,93,93,New Haven,6/6/2021,2021,6,June,6,1,Sunday,15:04:00,15,21020936,A,2,,Motor Vehicle In Motion,"Injury of any type (Serious, Minor, Possible)",B,Suspected Minor Injury (B),0,2,4,Local,0.7,359,SARGENT DR,SARGENT DR,,CHURCH ST. SOUTH EXT,306,Feet,N,41.292897,-72.920918,14,Motor Vehicle in Operation,3,Angle,1,On Roadway,1,Clear,1,Clear,1,Daylight,1,Dry,0,None,88,Not Applicable,88,Not Applicable,0,None,88,Not Applicable,88,Not Applicable,9,Driveway Access-Related,1,Not at Intersection,1,No,1,No,88,Not Applicable,88,Not Applicable,88,Not Applicable,88,Not Applicable,FALSE,1,Public Road,1,"Trafficway, On Road",CT0009300,New Haven PD,301,54:30.0,C,Closed,01:41.0,,,,,,,
886747,1,Complete,886747,886747,41.304335,-72.952212,3388845,New Haven,93,93,New Haven,6/6/2021,2021,6,June,6,1,Sunday,19:00:00,19,21020944,A,2,,Motor Vehicle In Motion,"Injury of any type (Serious, Minor, Possible)",C,Possible Injury (C),0,0,3,State,1.97,10,10-N,10-N,,LEGION AVENUE,400,Feet,E,41.304335,-72.952212,14,Motor Vehicle in Operation,1,Front to rear,1,On Roadway,1,Clear,88,Not Applicable,1,Daylight,1,Dry,0,None,88,Not Applicable,88,Not Applicable,0,None,88,Not Applicable,88,Not Applicable,1,Non-Junction,1,Not at Intersection,1,No,1,No,88,Not Applicable,88,Not Applicable,88,Not Applicable,88,Not Applicable,TRUE,1,Public Road,1,"Trafficway, On Road",CT0009300,New Haven PD,42051,16:21.0,C,Closed,59:45.0,21020944,4,20700,3,PRINCIPAL ARTERIAL - OTHER - NEW HPMS,2,Urban
886753,1,Complete,886753,886753,41.307458,-72.938629,3388851,New Haven,93,93,New Haven,6/7/2021,2021,6,June,7,2,Monday,17:53:00,17,21021048,A,2,,Motor Vehicle In Motion,"Injury of any type (Serious, Minor, Possible)",C,Possible Injury (C),0,0,4,Local,0.49,160,DWIGHT ST,DWIGHT ST,,N FRONTAGE RD,150,Feet,N,41.307458,-72.938629,14,Motor Vehicle in Operation,4,"Sideswipe, same direction",1,On Roadway,1,Clear,88,Not Applicable,1,Daylight,1,Dry,0,None,88,Not Applicable,88,Not Applicable,0,None,88,Not Applicable,88,Not Applicable,1,Non-Junction,1,Not at Intersection,1,No,1,No,88,Not Applicable,88,Not Applicable,88,Not Applicable,88,Not Applicable,TRUE,1,Public Road,1,"Trafficway, On Road",CT0009300,New Haven PD,251,11:23.0,C,Closed,58:53.0,,,,,,,
886789,1,Complete,886789,886789,41.319131,-72.892881,3388887,New Haven,93,93,New Haven,6/7/2021,2021,6,June,7,2,Monday,16:20:00,16,21021056,A,3,,Motor Vehicle In Motion,"Injury of any type (Serious, Minor, Possible)",C,Possible Injury (C),0,0,4,Local,0.69,113,CLINTON AV,CLINTON AV,BAILEY ST,,,,,41.319131,-72.892881,14,Motor Vehicle in Operation,3,Angle,1,On Roadway,1,Clear,88,Not Applicable,1,Daylight,1,Dry,0,None,88,Not Applicable,88,Not Applicable,0,None,88,Not Applicable,88,Not Applicable,2,Intersection,2,Four-Way Intersection,1,No,1,No,88,Not Applicable,88,Not Applicable,88,Not Applicable,88,Not Applicable,FALSE,1,Public Road,1,"Trafficway, On Road",CT0009300,New Haven PD,971,08:01.0,C,Closed,59:56.0,21021056,,,,,,
886793,1,Complete,886793,886793,41.317149,-72.970926,3388891,New Haven,93,93,New Haven,6/7/2021,2021,6,June,7,2,Monday,18:52:00,18,21021080,A,2,,Motor Vehicle In Motion,"Injury of any type (Serious, Minor, Possible)",C,Possible Injury (C),0,0,3,State,2.65,122,122-N,122-N,CHAPEL ST,,,,,41.317149,-72.970926,14,Motor Vehicle in Operation,3,Angle,1,On Roadway,1,Clear,88,Not Applicable,1,Daylight,1,Dry,0,None,88,Not Applicable,88,Not Applicable,0,None,88,Not Applicable,88,Not Applicable,2,Intersection,3,T-Intersection,1,No,1,No,88,Not Applicable,88,Not Applicable,88,Not Applicable,88,Not Applicable,FALSE,1,Public Road,1,"Trafficway, On Road",CT0009300,New Haven PD,74,20:20.0,C,Closed,00:34.0,,2,11700,4,MINOR ARTERIAL - NEW HPMS,2,Urban
886799,1,Complete,886799,886799,41.283693,-72.937799,3388897,New Haven,93,93,New Haven,6/8/2021,2021,6,June,8,3,Tuesday,7:44:00,7,21021134,A,2,,Motor Vehicle In Motion,"Injury of any type (Serious, Minor, Possible)",C,Possible Injury (C),0,0,3,State,0,10,10-N,10-N,745-E,,,,,41.283693,-72.937799,14,Motor Vehicle in Operation,1,Front to rear,1,On Roadway,1,Clear,88,Not Applicable,1,Daylight,1,Dry,0,None,88,Not Applicable,88,Not Applicable,0,None,88,Not Applicable,88,Not Applicable,2,Intersection,3,T-Intersection,1,No,1,No,88,Not Applicable,88,Not Applicable,88,Not Applicable,88,Not Applicable,TRUE,1,Public Road,1,"Trafficway, On Road",CT0009300,New Haven PD,26,21:34.0,C,Closed,03:51.0,,2,1171,7,LOCAL - NEW HPMS,2,Urban
886807,1,Complete,886807,886807,41.326148,-72.915794,3388905,New Haven,93,93,New Haven,6/8/2021,2021,6,June,8,3,Tuesday,17:03:00,17,21021229,A,2,,Motor Vehicle In Motion,"Injury of any type (Serious, Minor, Possible)",B,Suspected Minor Injury (B),0,0,4,Local,1.15,656,WHITNEY AV,WHITNEY AV,COLD SPRING ST,,,,,41.326148,-72.915794,14,Motor Vehicle in Operation,1,Front to rear,1,On Roadway,4,Rain,88,Not Applicable,1,Daylight,2,Wet,0,None,88,Not Applicable,88,Not Applicable,0,None,88,Not Applicable,88,Not Applicable,2,Intersection,3,T-Intersection,1,No,1,No,88,Not Applicable,88,Not Applicable,88,Not Applicable,88,Not Applicable,FALSE,1,Public Road,1,"Trafficway, On Road",CT0009300,New Haven PD,241,16:09.0,C,Closed,59:03.0,,,,,,,
886812,1,Complete,886812,886812,41.334375,-72.976661,3388910,New Haven,93,93,New Haven,6/8/2021,2021,6,June,8,3,Tuesday,23:41:00,23,21021272,A,1,,"Other Post, Pole, or Support","Injury of any type (Serious, Minor, Possible)",B,Suspected Minor Injury (B),0,1,3,State,1.27,63,63-N,63-N,,Wright Ave,215,Feet,S,41.334375,-72.976661,38,"Other Post, Pole or Support",88,Not Applicable,4,Roadside,4,Rain,88,Not Applicable,4,Dark-Lighted,2,Wet,1,Weather Conditions,88,Not Applicable,88,Not Applicable,0,None,88,Not Applicable,88,Not Applicable,11,Through Roadway,1,Not at Intersection,1,No,1,No,88,Not Applicable,88,Not Applicable,88,Not Applicable,88,Not Applicable,FALSE,1,Public Road,1,"Trafficway, On Road",CT0009300,New Haven PD,160,10:51.0,C,Closed,00:25.0,,3,26900,3,PRINCIPAL ARTERIAL - OTHER - NEW HPMS,2,Urban
886816,1,Complete,886816,886816,41.32092,-72.934404,3388914,New Haven,93,93,New Haven,6/9/2021,2021,6,June,9,4,Wednesday,9:57:00,9,21021303,A,2,,Motor Vehicle In Motion,"Injury of any type (Serious, Minor, Possible)",C,Possible Injury (C),0,0,4,Local,0.56,152,DIXWELL AV,DIXWELL AV,HENRY ST,,,,,41.32092,-72.934404,14,Motor Vehicle in Operation,3,Angle,1,On Roadway,1,Clear,88,Not Applicable,1,Daylight,1,Dry,0,None,88,Not Applicable,88,Not Applicable,0,None,88,Not Applicable,88,Not Applicable,2,Intersection,2,Four-Way Intersection,1,No,1,No,88,Not Applicable,88,Not Applicable,88,Not Applicable,88,Not Applicable,FALSE,1,Public Road,1,"Trafficway, On Road",CT0009300,New Haven PD,32,39:40.0,C,Closed,59:12.0,,,,,,,
886819,1,Complete,886819,886819,41.288763,-72.931713,3388917,New Haven,93,93,New Haven,6/9/2021,2021,6,June,9,4,Wednesday,14:20:00,14,21021344,A,2,,Motor Vehicle In Motion,"Injury of any type (Serious, Minor, Possible)",B,Suspected Minor Injury (B),0,0,4,Local,1.24,308,HOWARD AV,HOWARD AV,,SECOND ST,50,Feet,S,41.288763,-72.931713,14,Motor Vehicle in Operation,3,Angle,1,On Roadway,1,Clear,88,Not Applicable,1,Daylight,1,Dry,0,None,88,Not Applicable,88,Not Applicable,0,None,88,Not Applicable,88,Not Applicable,1,Non-Junction,1,Not at Intersection,1,No,1,No,88,Not Applicable,88,Not Applicable,88,Not Applicable,88,Not Applicable,FALSE,1,Public Road,1,"Trafficway, On Road",CT0009300,New Haven PD,223,42:19.0,C,Closed,59:27.0,,,,,,,
886822,1,Complete,886822,886822,41.277463,-72.898861,3388920,New Haven,93,93,New Haven,6/9/2021,2021,6,June,9,4,Wednesday,16:35:00,16,21021366,A,1,,Pedestrian,"Injury of any type (Serious, Minor, Possible)",B,Suspected Minor Injury (B),1,2,4,Local,0.53,678,WOODWARD AV,WOODWARD AV,,RAYNHAM RD,50,Feet,S,41.277463,-72.898861,9,Pedestrian,88,Not Applicable,1,On Roadway,1,Clear,88,Not Applicable,1,Daylight,1,Dry,0,None,88,Not Applicable,88,Not Applicable,0,None,88,Not Applicable,88,Not Applicable,11,Through Roadway,1,Not at Intersection,1,No,1,No,88,Not Applicable,88,Not Applicable,88,Not Applicable,88,Not Applicable,FALSE,1,Public Road,1,"Trafficway, On Road",CT0009300,New Haven PD,279,48:05.0,C,Closed,59:43.0,,2,6700,7,LOCAL - NEW HPMS,2,Urban
886825,1,Complete,886825,886825,41.316635,-72.907218,3388923,New Haven,93,93,New Haven,6/9/2021,2021,6,June,9,4,Wednesday,17:33:00,17,21021382,A,2,,Motor Vehicle In Motion,"Injury of any type (Serious, Minor, Possible)",C,Possible Injury (C),0,0,4,Local,0.15,575,STATE ST,STATE ST,,MILL RIVER,150,Feet,N,41.316635,-72.907218,14,Motor Vehicle in Operation,97,Other,1,On Roadway,1,Clear,88,Not Applicable,1,Daylight,1,Dry,0,None,88,Not Applicable,88,Not Applicable,0,None,88,Not Applicable,88,Not Applicable,1,Non-Junction,1,Not at Intersection,1,No,1,No,88,Not Applicable,88,Not Applicable,88,Not Applicable,88,Not Applicable,FALSE,1,Public Road,1,"Trafficway, On Road",CT0009300,New Haven PD,241,15:09.0,C,Closed,59:18.0,,,,,,,
886827,1,Complete,886827,886827,41.348196,-72.954081,3388925,New Haven,93,93,New Haven,6/9/2021,2021,6,June,9,4,Wednesday,18:27:00,18,21021398,A,1,,"Other Fixed Object (wall, building, tunnel, etc.)","Injury of any type (Serious, Minor, Possible)",C,Possible Injury (C),0,0,4,Local,0.02,800,BOSLEY ST,BOSLEY ST,,JENNINGS WAY,85,Feet,S,41.348196,-72.954081,25,Curb,88,Not Applicable,1,On Roadway,1,Clear,88,Not Applicable,1,Daylight,1,Dry,1,Weather Conditions,88,Not Applicable,88,Not Applicable,0,None,88,Not Applicable,88,Not Applicable,1,Non-Junction,1,Not at Intersection,1,No,1,No,88,Not Applicable,88,Not Applicable,88,Not Applicable,88,Not Applicable,FALSE,1,Public Road,2,"Trafficway, Not on Road",CT0009300,New Haven PD,751,26:07.0,C,Closed,59:33.0,,2,644,7,LOCAL - NEW HPMS,2,Urban
886839,1,Complete,886839,886839,41.299374,-72.9427,3388937,New Haven,93,93,New Haven,6/10/2021,2021,6,June,10,5,Thursday,13:22:00,13,21021477,A,2,,Motor Vehicle In Motion,"Injury of any type (Serious, Minor, Possible)",C,Possible Injury (C),0,0,4,Local,0.3,123,CONGRESS AV,CONGRESS AV,WEST ST,,,,,41.299374,-72.9427,14,Motor Vehicle in Operation,1,Front to rear,1,On Roadway,1,Clear,88,Not Applicable,1,Daylight,1,Dry,0,None,88,Not Applicable,88,Not Applicable,0,None,88,Not Applicable,88,Not Applicable,2,Intersection,2,Four-Way Intersection,1,No,1,No,88,Not Applicable,88,Not Applicable,88,Not Applicable,88,Not Applicable,TRUE,1,Public Road,1,"Trafficway, On Road",CT0009300,New Haven PD,26,50:25.0,C,Closed,12:03.0,,,,,,,
886841,1,Complete,886841,886841,41.29767052,-72.89260045,3388939,New Haven,93,93,New Haven,6/10/2021,2021,6,June,10,5,Thursday,13:50:00,13,21021508,A,2,,Motor Vehicle In Motion,"Injury of any type (Serious, Minor, Possible)",B,Suspected Minor Injury (B),0,0,4,Local,0.23,210,FARREN AV,Ferry St ,,Farren Ave ,50,Feet,E,41.29767052,-72.89260045,14,Motor Vehicle in Operation,1,Front to rear,1,On Roadway,1,Clear,88,Not Applicable,1,Daylight,1,Dry,0,None,88,Not Applicable,88,Not Applicable,0,None,88,Not Applicable,88,Not Applicable,3,Intersection-Related,4,Y-Intersection,1,No,1,No,88,Not Applicable,88,Not Applicable,88,Not Applicable,88,Not Applicable,FALSE,1,Public Road,1,"Trafficway, On Road",CT0009300,New Haven PD,42365,36:43.0,O,Open,00:04.0,,,,,,,
886844,1,Complete,886844,886844,41.307091,-72.921406,3388942,New Haven,93,93,New Haven,6/10/2021,2021,6,June,10,5,Thursday,14:55:00,14,21021514,A,2,,Motor Vehicle In Motion,"Injury of any type (Serious, Minor, Possible)",C,Possible Injury (C),0,0,4,Local,0.73,726,ELM ST NO 2,ELM ST NO 2,STATE ST,,,,,41.307091,-72.921406,14,Motor Vehicle in Operation,4,"Sideswipe, same direction",1,On Roadway,1,Clear,88,Not Applicable,1,Daylight,1,Dry,0,None,88,Not Applicable,88,Not Applicable,0,None,88,Not Applicable,88,Not Applicable,2,Intersection,2,Four-Way Intersection,1,No,1,No,88,Not Applicable,88,Not Applicable,88,Not Applicable,88,Not Applicable,TRUE,1,Public Road,1,"Trafficway, On Road",CT0009300,New Haven PD,97,58:11.0,C,Closed,00:24.0,,,,,,,
886850,1,Complete,886850,886850,41.318347,-72.949462,3388948,New Haven,93,93,New Haven,6/10/2021,2021,6,June,10,5,Thursday,19:26:00,19,21021554,A,2,,Motor Vehicle In Motion,"Injury of any type (Serious, Minor, Possible)",C,Possible Injury (C),0,0,3,State,2.98,10,10-N,10-N,,ARGONNE ST,30,Feet,N,41.318347,-72.949462,14,Motor Vehicle in Operation,1,Front to rear,1,On Roadway,1,Clear,88,Not Applicable,1,Daylight,1,Dry,0,None,0,None,88,Not Applicable,0,None,88,Not Applicable,88,Not Applicable,1,Non-Junction,1,Not at Intersection,1,No,1,No,88,Not Applicable,88,Not Applicable,88,Not Applicable,88,Not Applicable,FALSE,1,Public Road,1,"Trafficway, On Road",CT0009300,New Haven PD,40951,25:43.0,C,Closed,59:32.0,,2,10100,3,PRINCIPAL ARTERIAL - OTHER - NEW HPMS,2,Urban
886856,1,Complete,886856,886856,41.324083,-72.881304,3388954,New Haven,93,93,New Haven,6/11/2021,2021,6,June,11,6,Friday,8:56:00,8,21021599,A,2,,Motor Vehicle In Motion,"Injury of any type (Serious, Minor, Possible)",C,Possible Injury (C),0,0,3,State,0.22,17,17-N,17-N,80-W,,,,,41.324083,-72.881304,14,Motor Vehicle in Operation,1,Front to rear,1,On Roadway,1,Clear,88,Not Applicable,1,Daylight,1,Dry,0,None,88,Not Applicable,88,Not Applicable,0,None,88,Not Applicable,88,Not Applicable,3,Intersection-Related,2,Four-Way Intersection,1,No,1,No,88,Not Applicable,88,Not Applicable,88,Not Applicable,88,Not Applicable,FALSE,1,Public Road,1,"Trafficway, On Road",CT0009300,New Haven PD,322,16:07.0,C,Closed,00:42.0,,1,8500,1,INTERSTATE - NEW HPMS,2,Urban
886857,1,Complete,886857,886857,41.321071,-72.874492,3388955,New Haven,93,93,New Haven,6/11/2021,2021,6,June,11,6,Friday,10:00:00,10,21021620,A,2,,Motor Vehicle In Motion,"Injury of any type (Serious, Minor, Possible)",B,Suspected Minor Injury (B),0,0,3,State,0.41,80,80-E,80-E,,QUINNIPIAC AVE,100,Feet,W,41.321071,-72.874492,14,Motor Vehicle in Operation,1,Front to rear,1,On Roadway,1,Clear,88,Not Applicable,1,Daylight,1,Dry,0,None,88,Not Applicable,88,Not Applicable,0,None,88,Not Applicable,88,Not Applicable,1,Non-Junction,1,Not at Intersection,1,No,1,No,88,Not Applicable,88,Not Applicable,88,Not Applicable,88,Not Applicable,FALSE,1,Public Road,1,"Trafficway, On Road",CT0009300,New Haven PD,156,36:45.0,C,Closed,59:37.0,,4,32100,3,PRINCIPAL ARTERIAL - OTHER - NEW HPMS,2,Urban
886860,1,Complete,886860,886860,41.291205,-72.932401,3388958,New Haven,93,93,New Haven,6/11/2021,2021,6,June,11,6,Friday,11:12:00,11,21021630,A,2,,Motor Vehicle In Motion,"Injury of any type (Serious, Minor, Possible)",C,Possible Injury (C),0,0,4,Local,1.05,308,HOWARD AV,HOWARD AV,LAMBERTON ST,,,,,41.291205,-72.932401,14,Motor Vehicle in Operation,1,Front to rear,1,On Roadway,1,Clear,88,Not Applicable,1,Daylight,1,Dry,0,None,88,Not Applicable,88,Not Applicable,0,None,88,Not Applicable,88,Not Applicable,2,Intersection,2,Four-Way Intersection,1,No,1,No,88,Not Applicable,88,Not Applicable,88,Not Applicable,88,Not Applicable,FALSE,1,Public Road,1,"Trafficway, On Road",CT0009300,New Haven PD,40803,04:28.0,C,Closed,59:40.0,,,,,,,
886864,1,Complete,886864,886864,41.3305444,-72.8734815,3388962,New Haven,93,93,New Haven,6/11/2021,2021,6,June,11,6,Friday,16:35:00,16,21021663,A,2,,Motor Vehicle In Motion,"Injury of any type (Serious, Minor, Possible)",B,Suspected Minor Injury (B),0,0,4,Local,0.29,652,WEYBOSSET ST,WEYBOSSET ST,,CROSS ST,50,Feet,N,41.3305444,-72.8734815,14,Motor Vehicle in Operation,2,Front to front,1,On Roadway,1,Clear,88,Not Applicable,1,Daylight,1,Dry,0,None,88,Not Applicable,88,Not Applicable,0,None,88,Not Applicable,88,Not Applicable,1,Non-Junction,1,Not at Intersection,1,No,1,No,88,Not Applicable,88,Not Applicable,88,Not Applicable,88,Not Applicable,FALSE,1,Public Road,1,"Trafficway, On Road",CT0009300,New Haven PD,42055,50:06.0,C,Closed,59:47.0,,,,,,,
886867,1,Complete,886867,886867,41.33,-72.937926,3388965,New Haven,93,93,New Haven,6/11/2021,2021,6,June,11,6,Friday,21:08:00,21,21021703,A,2,,Motor Vehicle In Motion,"Injury of any type (Serious, Minor, Possible)",B,Suspected Minor Injury (B),0,0,4,Local,0.76,557,SHERMAN PKWY,WEST HAZEL ST,SHERMAN PKWY,,,,,41.33,-72.937926,14,Motor Vehicle in Operation,99,Unknown,1,On Roadway,1,Clear,88,Not Applicable,4,Dark-Lighted,1,Dry,0,None,88,Not Applicable,88,Not Applicable,0,None,88,Not Applicable,88,Not Applicable,2,Intersection,3,T-Intersection,1,No,1,No,88,Not Applicable,88,Not Applicable,88,Not Applicable,88,Not Applicable,TRUE,1,Public Road,1,"Trafficway, On Road",CT0009300,New Haven PD,42042,57:48.0,O,Open,00:01.0,,,,,,,
886871,1,Complete,886871,886871,41.306555,-72.953248,3388969,New Haven,93,93,New Haven,6/12/2021,2021,6,June,12,7,Saturday,2:59:00,2,21021732,A,1,,Ran Off Roadway Right,"Injury of any type (Serious, Minor, Possible)",C,Possible Injury (C),0,0,3,State,2.13,10,10-N,10-N,REV DR MLK JR BLVD,,,,,41.306555,-72.953248,26,Ditch,88,Not Applicable,1,On Roadway,1,Clear,88,Not Applicable,4,Dark-Lighted,1,Dry,0,None,88,Not Applicable,88,Not Applicable,0,None,88,Not Applicable,88,Not Applicable,2,Intersection,3,T-Intersection,1,No,1,No,88,Not Applicable,88,Not Applicable,88,Not Applicable,88,Not Applicable,FALSE,1,Public Road,1,"Trafficway, On Road",CT0009300,New Haven PD,40800,16:27.0,C,Closed,00:08.0,,2,3535,7,LOCAL - NEW HPMS,2,Urban
886874,1,Complete,886874,886874,41.297857,-72.934263,3388972,New Haven,93,93,New Haven,6/12/2021,2021,6,June,12,7,Saturday,9:37:00,9,21021752,A,2,,Motor Vehicle In Motion,"Injury of any type (Serious, Minor, Possible)",B,Suspected Minor Injury (B),0,0,2,USRoute,47.4,1,1-N,1-N,HOWARD AV,,,,,41.297857,-72.934263,14,Motor Vehicle in Operation,3,Angle,1,On Roadway,4,Rain,88,Not Applicable,1,Daylight,2,Wet,0,None,88,Not Applicable,88,Not Applicable,0,None,88,Not Applicable,88,Not Applicable,2,Intersection,2,Four-Way Intersection,1,No,1,No,88,Not Applicable,88,Not Applicable,88,Not Applicable,88,Not Applicable,TRUE,1,Public Road,1,"Trafficway, On Road",CT0009300,New Haven PD,362,08:38.0,C,Closed,59:54.0,,2,8400,3,PRINCIPAL ARTERIAL - OTHER - NEW HPMS,2,Urban
886879,1,Complete,886879,886879,41.296251,-72.933784,3388977,New Haven,93,93,New Haven,6/12/2021,2021,6,June,12,7,Saturday,19:08:00,19,21021790,A,2,,Motor Vehicle In Motion,"Injury of any type (Serious, Minor, Possible)",C,Possible Injury (C),0,0,4,Local,0.72,308,HOWARD AV,HOWARD AV,CARLISLE ST,,,,,41.296251,-72.933784,14,Motor Vehicle in Operation,3,Angle,1,On Roadway,1,Clear,88,Not Applicable,1,Daylight,1,Dry,0,None,88,Not Applicable,88,Not Applicable,0,None,88,Not Applicable,88,Not Applicable,2,Intersection,3,T-Intersection,1,No,1,No,88,Not Applicable,88,Not Applicable,88,Not Applicable,88,Not Applicable,FALSE,1,Public Road,1,"Trafficway, On Road",CT0009300,New Haven PD,958,59:07.0,C,Closed,00:02.0,21-021790,,,,,,
886882,1,Complete,886882,886882,41.326331,-72.956059,3388980,New Haven,93,93,New Haven,6/13/2021,2021,6,June,13,1,Sunday,1:57:00,1,21021828,A,2,,Motor Vehicle In Motion,"Injury of any type (Serious, Minor, Possible)",B,Suspected Minor Injury (B),0,1,3,State,3.7,10,10-N,10-N,,WHALLEY AVE,1,TenthsofMile,N,41.326331,-72.956059,14,Motor Vehicle in Operation,3,Angle,1,On Roadway,1,Clear,88,Not Applicable,4,Dark-Lighted,1,Dry,0,None,88,Not Applicable,88,Not Applicable,0,None,88,Not Applicable,88,Not Applicable,9,Driveway Access-Related,1,Not at Intersection,1,No,1,No,88,Not Applicable,88,Not Applicable,88,Not Applicable,88,Not Applicable,FALSE,1,Public Road,1,"Trafficway, On Road",CT0009300,New Haven PD,40794,36:46.0,O,Open,00:03.0,21-021830,2,8800,4,MINOR ARTERIAL - NEW HPMS,2,Urban
886886,1,Complete,886886,886886,41.3129305,-72.9520361,3388984,New Haven,93,93,New Haven,6/13/2021,2021,6,June,13,1,Sunday,3:05:00,3,21021834,A,2,,Motor Vehicle In Motion,"Injury of any type (Serious, Minor, Possible)",C,Possible Injury (C),0,0,3,State,2.59,10,10-N,10-N,CHAPEL ST,,,,,41.3129305,-72.9520361,14,Motor Vehicle in Operation,1,Front to rear,1,On Roadway,1,Clear,88,Not Applicable,4,Dark-Lighted,1,Dry,0,None,88,Not Applicable,88,Not Applicable,0,None,88,Not Applicable,88,Not Applicable,2,Intersection,2,Four-Way Intersection,1,No,1,No,88,Not Applicable,88,Not Applicable,88,Not Applicable,88,Not Applicable,FALSE,1,Public Road,1,"Trafficway, On Road",CT0009300,New Haven PD,42053,37:04.0,C,Closed,00:08.0,,2,19700,3,PRINCIPAL ARTERIAL - OTHER - NEW HPMS,2,Urban
886954,1,Complete,886954,886954,41.31335,-72.953772,921130,New Haven,93,93,New Haven,6/13/2021,2021,6,June,13,1,Sunday,9:17:00,9,21021849,K,1,Straight Ahead,Utility Pole,Fatal (Kill),K,Fatal Injury (K),0,1,4,Local,3.32,97,CHAPEL ST,CHAPEL ST,,ELLA T GRASSO BLVD,450,Feet,W,41.31335,-72.953772,33,Utility Pole/Light Support,88,Not Applicable,4,Roadside,1,Clear,88,Not Applicable,1,Daylight,1,Dry,99,Unknown,88,Not Applicable,88,Not Applicable,0,None,88,Not Applicable,88,Not Applicable,1,Non-Junction,1,Not at Intersection,1,No,1,No,88,Not Applicable,88,Not Applicable,88,Not Applicable,88,Not Applicable,FALSE,88,Not Applicable,1,"Trafficway, On Road",CT0009300,New Haven PD,332,22:01.0,O,Open,00:11.0,21021849,2,4100,5,MAJOR COLLECTOR - NEW HPMS,2,Urban