CrashId,Fatal Case Status,Fatal Case Status Text Format,CrashId,CrashId,Latitude,Longitude,DOT Case Number,Town Name,Town Number,Town Number,Town Number Text Format,Date Of Crash,Year,Month,Month Text Format,Day,Day of the Week,Day of the Week Text Format,Time of Crash,Hour of the Day,Case Identifier,Crash Severity,Number Of Motor Vehicles,Motor vehicle action,Most harmful event,Crash Severity Text Format,Most Severe Injury,Most Severe Injury Text Format,Number Of Non-Motorist,Number Of Witnesses,Route Class,Route Class Text Format,Milemarker,Road Number,Road Description,Roadway Name,Intersecting Roadway Name,Landmark Description,Distance From Nearest Landmark,Unit Of Measure From Nearest Landmark,Direction From Nearest Landmark,Latitude,Longitude,First Harmful Event,First Harmful Event Text Format,Manner of Crash / Collision Impact,Manner of Crash / Collision Impact Text Format,Location of First Harmful Event,Location of First Harmful Event Text Format,Weather Condition,Weather Condition Text Format,Weather 2,Weather 2 Text Format,Light Condition,Light Condition Text Format,Road Surface Condition,Road Surface Condition Text Format,"Contributing Circumstances, Environment","Contributing Circumstances, Environment Text Format",Environment 2,Environment 2 Text Format,Environment 3,Environment 3 Text Format,"Contributing Circumstances, Road","Contributing Circumstances, Road Text Format",Road 2,Road 2 Text Format,Road 3,Road 3 Text Format,Crash Specific Location,Crash Specific Location Text Format,Type of Intersection,Type of Intersection Text Format,School Bus Related,School Bus Related Text Format,Work Zone Related,Work Zone Related Text Format,Location Of Crash Relative To Work Zone,Location Of Crash Relative To Work Zone Text Format,Type of Work Zone,Type of Work Zone Text Format,Worker Presence,Worker Presence Text Format,Law Enforcement Presence,Law Enforcement Presence Text Format,Were Vehicles Moved Prior To Police Arrival,Trafficway Ownership,Trafficway Ownership Text Format,Trafficway Class,Trafficway Class Text Format,Police Agency,Police Agency Text Format,Badge Number,Approval Date,Police Case Status,Police Case Status Text Format,Crash Report Submission Date,Related Case Identifiers,No. of Through Lanes (Log Dir.),Average Daily Traffic,Functional Classification,Functional Classification Text Format,Rural or Urban,Rural or Urban Text Format
886960,1,Complete,886960,886960,41.288994,-72.931809,3389058,New Haven,93,93,New Haven,6/13/2021,2021,6,June,13,1,Sunday,16:49:00,16,21021896,A,1,,Pedestrian,"Injury of any type (Serious, Minor, Possible)",C,Possible Injury (C),1,1,4,Local,1.23,308,HOWARD AV,HOWARD AV,SECOND ST NO 1,,,,,41.288994,-72.931809,9,Pedestrian,88,Not Applicable,1,On Roadway,1,Clear,88,Not Applicable,1,Daylight,1,Dry,0,None,88,Not Applicable,88,Not Applicable,0,None,88,Not Applicable,88,Not Applicable,2,Intersection,2,Four-Way Intersection,1,No,1,No,88,Not Applicable,88,Not Applicable,88,Not Applicable,88,Not Applicable,FALSE,1,Public Road,1,"Trafficway, On Road",CT0009300,New Haven PD,40810,04:21.0,C,Closed,00:28.0,,2,5100,4,MINOR ARTERIAL - NEW HPMS,2,Urban
886962,1,Complete,886962,886962,41.3005835,-72.9431174,3389060,New Haven,93,93,New Haven,6/13/2021,2021,6,June,13,1,Sunday,18:22:00,18,21021908,A,2,,Motor Vehicle In Motion,"Injury of any type (Serious, Minor, Possible)",C,Possible Injury (C),0,0,4,Local,0.31,141,DAVENPORT AV,DAVENPORT AV,WINTHROP AV NO 1,,,,,41.3005835,-72.9431174,14,Motor Vehicle in Operation,1,Front to rear,1,On Roadway,1,Clear,88,Not Applicable,1,Daylight,1,Dry,0,None,88,Not Applicable,88,Not Applicable,0,None,88,Not Applicable,88,Not Applicable,2,Intersection,3,T-Intersection,1,No,1,No,88,Not Applicable,88,Not Applicable,88,Not Applicable,88,Not Applicable,TRUE,1,Public Road,1,"Trafficway, On Road",CT0009300,New Haven PD,42053,03:41.0,C,Closed,00:16.0,,,,,,,
886968,1,Complete,886968,886968,41.290576,-72.933674,3389066,New Haven,93,93,New Haven,6/14/2021,2021,6,June,14,2,Monday,9:12:00,9,21021978,A,3,,Motor Vehicle In Motion,"Injury of any type (Serious, Minor, Possible)",C,Possible Injury (C),0,0,4,Local,0.11,339,KIMBERLY AV,KIMBERLY AV,GREENWICH AV NO 1,,,,,41.290576,-72.933674,14,Motor Vehicle in Operation,3,Angle,1,On Roadway,4,Rain,88,Not Applicable,1,Daylight,2,Wet,0,None,88,Not Applicable,88,Not Applicable,0,None,88,Not Applicable,88,Not Applicable,2,Intersection,2,Four-Way Intersection,1,No,1,No,88,Not Applicable,88,Not Applicable,88,Not Applicable,88,Not Applicable,TRUE,1,Public Road,1,"Trafficway, On Road",CT0009300,New Haven PD,281,11:32.0,O,Open,00:31.0,,,,,,,
886975,1,Complete,886975,886975,41.326277,-72.87064,3389073,New Haven,93,93,New Haven,6/14/2021,2021,6,June,14,2,Monday,22:26:00,22,21022073,A,2,,Motor Vehicle In Motion,"Injury of any type (Serious, Minor, Possible)",B,Suspected Minor Injury (B),0,0,3,State,0.41,103,103-N,103-N,,HEMINGWAY PL,400,Feet,S,41.326277,-72.87064,14,Motor Vehicle in Operation,3,Angle,1,On Roadway,1,Clear,88,Not Applicable,4,Dark-Lighted,1,Dry,0,None,88,Not Applicable,88,Not Applicable,0,None,88,Not Applicable,88,Not Applicable,9,Driveway Access-Related,1,Not at Intersection,1,No,1,No,88,Not Applicable,88,Not Applicable,88,Not Applicable,88,Not Applicable,FALSE,1,Public Road,1,"Trafficway, On Road",CT0009300,New Haven PD,220,22:05.0,C,Closed,00:46.0,,2,9000,4,MINOR ARTERIAL - NEW HPMS,2,Urban
886981,1,Complete,886981,886981,41.297716,-72.937279,3389079,New Haven,93,93,New Haven,6/15/2021,2021,6,June,15,3,Tuesday,11:00:00,11,21022135,A,2,,Motor Vehicle In Motion,"Injury of any type (Serious, Minor, Possible)",C,Possible Injury (C),0,0,2,USRoute,47.24,1,1-N,1-N,,WASHINGTON AVE,75,Feet,E,41.297716,-72.937279,14,Motor Vehicle in Operation,1,Front to rear,1,On Roadway,1,Clear,88,Not Applicable,1,Daylight,1,Dry,0,None,88,Not Applicable,88,Not Applicable,0,None,88,Not Applicable,88,Not Applicable,3,Intersection-Related,2,Four-Way Intersection,1,No,1,No,88,Not Applicable,88,Not Applicable,88,Not Applicable,88,Not Applicable,FALSE,1,Public Road,1,"Trafficway, On Road",CT0009300,New Haven PD,26,00:14.0,O,Open,11:59.0,,2,8600,3,PRINCIPAL ARTERIAL - OTHER - NEW HPMS,2,Urban
886993,1,Complete,886993,886993,41.287922,-72.892834,3389091,New Haven,93,93,New Haven,6/15/2021,2021,6,June,15,3,Tuesday,20:12:00,20,21022206,A,2,,Motor Vehicle In Motion,"Injury of any type (Serious, Minor, Possible)",C,Possible Injury (C),0,0,3,State,0.13,337,337-E,337-E,,MAIN ST,300,Feet,S,41.287922,-72.892834,14,Motor Vehicle in Operation,3,Angle,1,On Roadway,1,Clear,88,Not Applicable,5,Dark-Not Lighted,1,Dry,0,None,88,Not Applicable,88,Not Applicable,0,None,88,Not Applicable,88,Not Applicable,1,Non-Junction,1,Not at Intersection,1,No,1,No,88,Not Applicable,88,Not Applicable,88,Not Applicable,88,Not Applicable,TRUE,1,Public Road,1,"Trafficway, On Road",CT0009300,New Haven PD,243,55:17.0,C,Closed,00:49.0,,2,9100,4,MINOR ARTERIAL - NEW HPMS,2,Urban
886996,1,Complete,886996,886996,41.31056,-72.941126,3389094,New Haven,93,93,New Haven,6/15/2021,2021,6,June,15,3,Tuesday,21:30:00,21,21022215,A,1,,Parked Vehicle,"Injury of any type (Serious, Minor, Possible)",C,Possible Injury (C),1,0,4,Local,2.63,97,CHAPEL ST,CHAPEL ST,,ORCHARD ST,75,Feet,E,41.31056,-72.941126,10,Pedalcycle/Pedalcyclist,97,Other,1,On Roadway,1,Clear,88,Not Applicable,6,Dark-Unknown Lighting,1,Dry,0,None,88,Not Applicable,88,Not Applicable,0,None,88,Not Applicable,88,Not Applicable,1,Non-Junction,1,Not at Intersection,1,No,1,No,88,Not Applicable,88,Not Applicable,88,Not Applicable,88,Not Applicable,FALSE,1,Public Road,1,"Trafficway, On Road",CT0009300,New Haven PD,40789,14:42.0,C,Closed,01:24.0,,,,,,,
886998,1,Complete,886998,886998,41.308626,-72.900611,3389096,New Haven,93,93,New Haven,6/16/2021,2021,6,June,16,4,Wednesday,6:33:00,6,21022227,A,2,,Motor Vehicle In Motion,"Injury of any type (Serious, Minor, Possible)",C,Possible Injury (C),0,0,4,Local,0.78,264,GRAND AV,GRAND AV,,SHELTER ST,100,Feet,W,41.308626,-72.900611,14,Motor Vehicle in Operation,3,Angle,1,On Roadway,1,Clear,88,Not Applicable,1,Daylight,1,Dry,0,None,88,Not Applicable,88,Not Applicable,0,None,88,Not Applicable,88,Not Applicable,1,Non-Junction,1,Not at Intersection,1,No,1,No,88,Not Applicable,88,Not Applicable,88,Not Applicable,88,Not Applicable,FALSE,1,Public Road,1,"Trafficway, On Road",CT0009300,New Haven PD,40807,32:30.0,C,Closed,01:01.0,,,,,,,
887000,1,Complete,887000,887000,41.285067,-72.932028,3389098,New Haven,93,93,New Haven,6/16/2021,2021,6,June,16,4,Wednesday,12:06:00,12,21022230,A,2,,Motor Vehicle In Motion,"Injury of any type (Serious, Minor, Possible)",C,Possible Injury (C),0,0,4,Local,0,215,FIFTH ST,FIFTH ST,GREENWICH AV NO 1,,,,,41.285067,-72.932028,14,Motor Vehicle in Operation,3,Angle,1,On Roadway,1,Clear,88,Not Applicable,1,Daylight,1,Dry,0,None,88,Not Applicable,88,Not Applicable,0,None,88,Not Applicable,88,Not Applicable,2,Intersection,3,T-Intersection,1,No,1,No,88,Not Applicable,88,Not Applicable,88,Not Applicable,88,Not Applicable,FALSE,1,Public Road,1,"Trafficway, On Road",CT0009300,New Haven PD,26,56:47.0,C,Closed,09:40.0,,,,,,,
887004,1,Complete,887004,887004,41.32285,-72.90679,3389102,New Haven,93,93,New Haven,6/16/2021,2021,6,June,16,4,Wednesday,13:28:00,13,21022261,A,2,,Motor Vehicle In Motion,"Injury of any type (Serious, Minor, Possible)",C,Possible Injury (C),0,0,4,Local,0.23,418,MITCHELL DR,MITCHELL DR,,NICHOLL ST,30,Feet,W,41.32285,-72.90679,14,Motor Vehicle in Operation,1,Front to rear,1,On Roadway,1,Clear,88,Not Applicable,1,Daylight,1,Dry,0,None,88,Not Applicable,88,Not Applicable,0,None,88,Not Applicable,88,Not Applicable,1,Non-Junction,1,Not at Intersection,1,No,1,No,88,Not Applicable,88,Not Applicable,88,Not Applicable,88,Not Applicable,TRUE,1,Public Road,1,"Trafficway, On Road",CT0009300,New Haven PD,47,24:16.0,C,Closed,02:27.0,,,,,,,
887005,1,Complete,887005,887005,41.332378,-72.976687,3389103,New Haven,93,93,New Haven,6/16/2021,2021,6,June,16,4,Wednesday,13:35:00,13,21022265,A,2,,Motor Vehicle In Motion,"Injury of any type (Serious, Minor, Possible)",C,Possible Injury (C),0,0,4,Local,0.24,641,WESTERLEIGH RD,WESTERLEIGH RD,,FREDERICK ST,75,Feet,S,41.332378,-72.976687,14,Motor Vehicle in Operation,7,Rear to rear,1,On Roadway,1,Clear,88,Not Applicable,1,Daylight,1,Dry,2,Visual Obstruction(s),88,Not Applicable,88,Not Applicable,0,None,88,Not Applicable,88,Not Applicable,1,Non-Junction,1,Not at Intersection,1,No,1,No,88,Not Applicable,88,Not Applicable,88,Not Applicable,88,Not Applicable,TRUE,1,Public Road,1,"Trafficway, On Road",CT0009300,New Haven PD,313,49:25.0,C,Closed,01:15.0,,,,,,,
887011,1,Complete,887011,887011,41.297463,-72.94891,3389109,New Haven,93,93,New Haven,6/16/2021,2021,6,June,16,4,Wednesday,17:54:00,17,21022307,A,2,,Motor Vehicle In Motion,"Injury of any type (Serious, Minor, Possible)",B,Suspected Minor Injury (B),0,0,3,State,1.47,10,10-N,10-N,1-N,,,,,41.297463,-72.94891,14,Motor Vehicle in Operation,3,Angle,1,On Roadway,1,Clear,88,Not Applicable,1,Daylight,1,Dry,0,None,88,Not Applicable,88,Not Applicable,0,None,88,Not Applicable,88,Not Applicable,2,Intersection,2,Four-Way Intersection,1,No,1,No,88,Not Applicable,88,Not Applicable,88,Not Applicable,88,Not Applicable,FALSE,1,Public Road,1,"Trafficway, On Road",CT0009300,New Haven PD,720,33:59.0,C,Closed,01:11.0,,4,20700,3,PRINCIPAL ARTERIAL - OTHER - NEW HPMS,2,Urban
887024,1,Complete,887024,887024,41.298412,-72.930717,3389122,New Haven,93,93,New Haven,6/17/2021,2021,6,June,17,5,Thursday,12:09:00,12,21022409,A,2,,Motor Vehicle In Motion,"Injury of any type (Serious, Minor, Possible)",C,Possible Injury (C),0,0,2,USRoute,47.59,1,1-N,1-N,LIBERTY ST NO 1,,,,,41.298412,-72.930717,14,Motor Vehicle in Operation,2,Front to front,1,On Roadway,1,Clear,88,Not Applicable,1,Daylight,1,Dry,0,None,88,Not Applicable,88,Not Applicable,0,None,88,Not Applicable,88,Not Applicable,2,Intersection,3,T-Intersection,1,No,1,No,88,Not Applicable,88,Not Applicable,88,Not Applicable,88,Not Applicable,FALSE,1,Public Road,1,"Trafficway, On Road",CT0009300,New Haven PD,26,14:53.0,C,Closed,12:23.0,,4,9000,3,PRINCIPAL ARTERIAL - OTHER - NEW HPMS,2,Urban
887027,1,Complete,887027,887027,41.313613,-72.925071,3389125,New Haven,93,93,New Haven,6/17/2021,2021,6,June,17,5,Thursday,13:34:00,13,21022418,A,2,,Motor Vehicle In Motion,"Injury of any type (Serious, Minor, Possible)",C,Possible Injury (C),0,0,4,Local,0.14,495,PROSPECT ST,PROSPECT ST,,TRUMBULL ST,50,Feet,S,41.313613,-72.925071,14,Motor Vehicle in Operation,1,Front to rear,1,On Roadway,1,Clear,88,Not Applicable,1,Daylight,1,Dry,0,None,88,Not Applicable,88,Not Applicable,0,None,88,Not Applicable,88,Not Applicable,3,Intersection-Related,2,Four-Way Intersection,1,No,1,No,88,Not Applicable,88,Not Applicable,88,Not Applicable,88,Not Applicable,FALSE,1,Public Road,1,"Trafficway, On Road",CT0009300,New Haven PD,279,59:02.0,C,Closed,01:27.0,,,,,,,
887029,1,Complete,887029,887029,41.3239343,-72.8815453,3389127,New Haven,93,93,New Haven,6/17/2021,2021,6,June,17,5,Thursday,16:01:00,16,21022436,A,2,,Motor Vehicle In Motion,"Injury of any type (Serious, Minor, Possible)",B,Suspected Minor Injury (B),0,2,3,State,0.22,17,17-N,17-N,80-W,,,,,41.3239343,-72.8815453,14,Motor Vehicle in Operation,3,Angle,1,On Roadway,1,Clear,88,Not Applicable,1,Daylight,1,Dry,0,None,88,Not Applicable,88,Not Applicable,0,None,88,Not Applicable,88,Not Applicable,2,Intersection,2,Four-Way Intersection,1,No,1,No,88,Not Applicable,88,Not Applicable,88,Not Applicable,88,Not Applicable,FALSE,1,Public Road,1,"Trafficway, On Road",CT0009300,New Haven PD,42055,43:19.0,C,Closed,01:22.0,,1,8500,1,INTERSTATE - NEW HPMS,2,Urban
887030,1,Complete,887030,887030,41.323466,-72.880486,3389128,New Haven,93,93,New Haven,6/17/2021,2021,6,June,17,5,Thursday,17:16:00,17,21022440,A,2,,Motor Vehicle In Motion,"Injury of any type (Serious, Minor, Possible)",C,Possible Injury (C),0,0,3,State,0.05,80,80-W,80-W,,MIDDELTOWN AVE,200,Feet,E,41.323466,-72.880486,14,Motor Vehicle in Operation,3,Angle,1,On Roadway,1,Clear,88,Not Applicable,1,Daylight,1,Dry,0,None,88,Not Applicable,88,Not Applicable,0,None,88,Not Applicable,88,Not Applicable,1,Non-Junction,1,Not at Intersection,1,No,1,No,88,Not Applicable,88,Not Applicable,88,Not Applicable,88,Not Applicable,FALSE,1,Public Road,1,"Trafficway, On Road",CT0009300,New Haven PD,42049,37:49.0,C,Closed,01:21.0,,4,32100,3,PRINCIPAL ARTERIAL - OTHER - NEW HPMS,2,Urban
887038,1,Complete,887038,887038,41.320468,-72.918449,3389136,New Haven,93,93,New Haven,6/18/2021,2021,6,June,18,6,Friday,12:16:00,12,21022507,A,2,,Motor Vehicle In Motion,"Injury of any type (Serious, Minor, Possible)",C,Possible Injury (C),0,0,4,Local,0.72,656,WHITNEY AV,WHITNEY AV,LAWRENCE ST NO 2,,,,,41.320468,-72.918449,14,Motor Vehicle in Operation,3,Angle,1,On Roadway,1,Clear,88,Not Applicable,1,Daylight,1,Dry,0,None,88,Not Applicable,88,Not Applicable,0,None,88,Not Applicable,88,Not Applicable,2,Intersection,2,Four-Way Intersection,1,No,1,No,88,Not Applicable,88,Not Applicable,88,Not Applicable,88,Not Applicable,FALSE,1,Public Road,1,"Trafficway, On Road",CT0009300,New Haven PD,40799,43:37.0,C,Closed,01:29.0,,,,,,,
887039,1,Complete,887039,887039,41.318879,-72.87167,3389137,New Haven,93,93,New Haven,6/18/2021,2021,6,June,18,6,Friday,12:16:00,12,21022509,A,2,,Motor Vehicle In Motion,"Injury of any type (Serious, Minor, Possible)",C,Possible Injury (C),0,0,4,Local,0.85,167,EASTERN ST,EASTERN ST,,FOXON BLVD,477,Feet,S,41.318879,-72.87167,14,Motor Vehicle in Operation,3,Angle,1,On Roadway,1,Clear,88,Not Applicable,1,Daylight,1,Dry,0,None,88,Not Applicable,88,Not Applicable,0,None,0,None,88,Not Applicable,1,Non-Junction,1,Not at Intersection,1,No,1,No,88,Not Applicable,88,Not Applicable,88,Not Applicable,88,Not Applicable,FALSE,1,Public Road,1,"Trafficway, On Road",CT0009300,New Haven PD,351,26:27.0,C,Closed,01:26.0,,,,,,,
887042,1,Complete,887042,887042,41.308059,-72.953115,3389140,New Haven,93,93,New Haven,6/18/2021,2021,6,June,18,6,Friday,17:11:00,17,21022529,A,2,,Motor Vehicle In Motion,"Injury of any type (Serious, Minor, Possible)",C,Possible Injury (C),0,0,3,State,2.24,10,10-N,10-N,JUDSON AV,,,,,41.308059,-72.953115,14,Motor Vehicle in Operation,3,Angle,1,On Roadway,1,Clear,88,Not Applicable,1,Daylight,1,Dry,0,None,88,Not Applicable,88,Not Applicable,0,None,88,Not Applicable,88,Not Applicable,3,Intersection-Related,3,T-Intersection,1,No,1,No,88,Not Applicable,88,Not Applicable,88,Not Applicable,88,Not Applicable,FALSE,1,Public Road,1,"Trafficway, On Road",CT0009300,New Haven PD,261,27:32.0,C,Closed,02:04.0,,4,33100,3,PRINCIPAL ARTERIAL - OTHER - NEW HPMS,2,Urban
887044,1,Complete,887044,887044,41.289054,-72.894776,3389142,New Haven,93,93,New Haven,6/18/2021,2021,6,June,18,6,Friday,21:00:00,21,21022558,A,2,,Motor Vehicle In Motion,"Injury of any type (Serious, Minor, Possible)",C,Possible Injury (C),0,0,1,Interstate,0.39,95,95-N-346,95-N-346,WOODWARD AV,,,,,41.289054,-72.894776,14,Motor Vehicle in Operation,4,"Sideswipe, same direction",1,On Roadway,1,Clear,88,Not Applicable,6,Dark-Unknown Lighting,1,Dry,0,None,88,Not Applicable,88,Not Applicable,0,None,88,Not Applicable,88,Not Applicable,2,Intersection,2,Four-Way Intersection,1,No,1,No,88,Not Applicable,88,Not Applicable,88,Not Applicable,88,Not Applicable,TRUE,1,Public Road,1,"Trafficway, On Road",CT0009300,New Haven PD,42055,01:03.0,C,Closed,01:44.0,,2,20600,1,INTERSTATE - NEW HPMS,,
887046,1,Complete,887046,887046,41.29448,-72.899526,3389144,New Haven,93,93,New Haven,6/18/2021,2021,6,June,18,6,Friday,23:55:00,23,21022580,A,2,,Motor Vehicle In Motion,"Injury of any type (Serious, Minor, Possible)",C,Possible Injury (C),0,0,2,USRoute,49.71,1,1-N,1-N,,STILES STREET,100,Feet,N,41.29448,-72.899526,14,Motor Vehicle in Operation,4,"Sideswipe, same direction",1,On Roadway,1,Clear,88,Not Applicable,4,Dark-Lighted,1,Dry,0,None,88,Not Applicable,88,Not Applicable,0,None,88,Not Applicable,88,Not Applicable,1,Non-Junction,1,Not at Intersection,1,No,1,No,88,Not Applicable,88,Not Applicable,88,Not Applicable,88,Not Applicable,FALSE,1,Public Road,1,"Trafficway, On Road",CT0009300,New Haven PD,180,37:50.0,O,Open,01:32.0,21-022580,4,9400,3,PRINCIPAL ARTERIAL - OTHER - NEW HPMS,2,Urban
887048,1,Complete,887048,887048,41.297434,-72.948809,3389146,New Haven,93,93,New Haven,6/19/2021,2021,6,June,19,7,Saturday,1:34:00,1,21022586,A,2,,Motor Vehicle In Motion,"Injury of any type (Serious, Minor, Possible)",C,Possible Injury (C),0,0,3,State,1.47,10,10-N,10-N,RT 1,,,,,41.297434,-72.948809,14,Motor Vehicle in Operation,3,Angle,1,On Roadway,1,Clear,88,Not Applicable,4,Dark-Lighted,1,Dry,0,None,88,Not Applicable,88,Not Applicable,0,None,88,Not Applicable,88,Not Applicable,2,Intersection,2,Four-Way Intersection,1,No,1,No,88,Not Applicable,88,Not Applicable,88,Not Applicable,88,Not Applicable,FALSE,1,Public Road,1,"Trafficway, On Road",CT0009300,New Haven PD,42056,02:54.0,O,Open,02:33.0,,4,20700,3,PRINCIPAL ARTERIAL - OTHER - NEW HPMS,2,Urban
887052,1,Complete,887052,887052,41.32459,-72.956304,3389150,New Haven,93,93,New Haven,6/19/2021,2021,6,June,19,7,Saturday,11:51:00,11,21022626,A,2,,Motor Vehicle In Motion,"Injury of any type (Serious, Minor, Possible)",C,Possible Injury (C),0,0,3,State,3.56,10,10-N,10-N,JEWELL ST,,,,,41.32459,-72.956304,14,Motor Vehicle in Operation,1,Front to rear,1,On Roadway,1,Clear,88,Not Applicable,1,Daylight,1,Dry,0,None,88,Not Applicable,88,Not Applicable,0,None,88,Not Applicable,88,Not Applicable,2,Intersection,3,T-Intersection,1,No,1,No,88,Not Applicable,88,Not Applicable,88,Not Applicable,88,Not Applicable,FALSE,1,Public Road,1,"Trafficway, On Road",CT0009300,New Haven PD,359,17:00.0,C,Closed,01:40.0,,4,18000,3,PRINCIPAL ARTERIAL - OTHER - NEW HPMS,2,Urban
887056,1,Complete,887056,887056,41.319622,-72.898417,3389154,New Haven,93,93,New Haven,6/19/2021,2021,6,June,19,7,Saturday,13:00:00,13,21022638,A,4,,Motor Vehicle In Motion,"Injury of any type (Serious, Minor, Possible)",C,Possible Injury (C),0,0,2,USRoute,0.39,5,5-N,5-N,,FERRY ST,100,Feet,N,41.319622,-72.898417,14,Motor Vehicle in Operation,3,Angle,1,On Roadway,1,Clear,88,Not Applicable,1,Daylight,1,Dry,0,None,88,Not Applicable,88,Not Applicable,0,None,88,Not Applicable,88,Not Applicable,1,Non-Junction,1,Not at Intersection,1,No,1,No,88,Not Applicable,88,Not Applicable,88,Not Applicable,88,Not Applicable,FALSE,1,Public Road,1,"Trafficway, On Road",CT0009300,New Haven PD,32,43:00.0,C,Closed,01:50.0,,3,19300,4,MINOR ARTERIAL - NEW HPMS,2,Urban
887062,1,Complete,887062,887062,41.309021,-72.925245,3389160,New Haven,93,93,New Haven,6/19/2021,2021,6,June,19,7,Saturday,16:11:00,16,21022648,A,2,,Motor Vehicle In Motion,"Injury of any type (Serious, Minor, Possible)",B,Suspected Minor Injury (B),0,0,4,Local,0.38,588,TEMPLE ST,TEMPLE ST,,ELM ST,100,Feet,N,41.309021,-72.925245,14,Motor Vehicle in Operation,1,Front to rear,1,On Roadway,1,Clear,1,Clear,1,Daylight,1,Dry,0,None,88,Not Applicable,88,Not Applicable,0,None,88,Not Applicable,88,Not Applicable,1,Non-Junction,1,Not at Intersection,1,No,1,No,88,Not Applicable,88,Not Applicable,88,Not Applicable,88,Not Applicable,FALSE,1,Public Road,1,"Trafficway, On Road",CT0009300,New Haven PD,41103,15:48.0,C,Closed,01:53.0,,,,,,,
887064,1,Complete,887064,887064,41.30889,-72.933503,3389162,New Haven,93,93,New Haven,6/19/2021,2021,6,June,19,7,Saturday,20:00:00,20,21022673,A,3,,Motor Vehicle In Motion,"Injury of any type (Serious, Minor, Possible)",C,Possible Injury (C),0,0,4,Local,0.19,463,PARK ST,PARK ST,CHAPEL ST,,,,,41.30889,-72.933503,14,Motor Vehicle in Operation,1,Front to rear,1,On Roadway,4,Rain,88,Not Applicable,4,Dark-Lighted,2,Wet,0,None,88,Not Applicable,88,Not Applicable,0,None,88,Not Applicable,0,None,2,Intersection,2,Four-Way Intersection,1,No,1,No,88,Not Applicable,88,Not Applicable,88,Not Applicable,88,Not Applicable,FALSE,1,Public Road,1,"Trafficway, On Road",CT0009300,New Haven PD,746,22:06.0,C,Closed,01:46.0,,,,,,,
887069,1,Complete,887069,887069,41.311322,-72.8819,3389167,New Haven,93,93,New Haven,6/19/2021,2021,6,June,19,7,Saturday,23:21:00,23,21022690,A,2,,Motor Vehicle In Motion,"Injury of any type (Serious, Minor, Possible)",B,Suspected Minor Injury (B),0,0,4,Local,1.43,498,QUINNIPIAC AV,QUINNIPIAC AV,RUNO TER,,,,,41.311322,-72.8819,14,Motor Vehicle in Operation,4,"Sideswipe, same direction",1,On Roadway,4,Rain,88,Not Applicable,4,Dark-Lighted,2,Wet,0,None,88,Not Applicable,88,Not Applicable,0,None,88,Not Applicable,88,Not Applicable,2,Intersection,3,T-Intersection,1,No,1,No,88,Not Applicable,88,Not Applicable,88,Not Applicable,88,Not Applicable,FALSE,1,Public Road,1,"Trafficway, On Road",CT0009300,New Haven PD,42057,28:49.0,C,Closed,02:00.0,,,,,,,
887070,1,Complete,887070,887070,41.294302,-72.933258,3389168,New Haven,93,93,New Haven,6/19/2021,2021,6,June,19,7,Saturday,2:05:00,2,21022691,A,2,,Motor Vehicle In Motion,"Injury of any type (Serious, Minor, Possible)",B,Suspected Minor Injury (B),0,0,4,Local,0.85,308,HOWARD AV,HOWARD AV,SPRING ST,,,,,41.294302,-72.933258,14,Motor Vehicle in Operation,1,Front to rear,1,On Roadway,1,Clear,88,Not Applicable,5,Dark-Not Lighted,1,Dry,0,None,88,Not Applicable,88,Not Applicable,0,None,88,Not Applicable,88,Not Applicable,2,Intersection,2,Four-Way Intersection,1,No,1,No,88,Not Applicable,88,Not Applicable,88,Not Applicable,88,Not Applicable,FALSE,1,Public Road,1,"Trafficway, On Road",CT0009300,New Haven PD,42054,01:42.0,C,Closed,03:55.0,,,,,,,
887074,1,Complete,887074,887074,41.328482,-72.921958,3389172,New Haven,93,93,New Haven,6/20/2021,2021,6,June,20,1,Sunday,14:02:00,14,21022734,A,3,,Motor Vehicle In Motion,"Injury of any type (Serious, Minor, Possible)",B,Suspected Minor Injury (B),0,1,4,Local,1.18,495,PROSPECT ST,PROSPECT ST,HIGHLAND ST,,,,,41.328482,-72.921958,14,Motor Vehicle in Operation,5,"Sideswipe, opposite direction",1,On Roadway,1,Clear,88,Not Applicable,1,Daylight,1,Dry,0,None,88,Not Applicable,88,Not Applicable,0,None,88,Not Applicable,88,Not Applicable,2,Intersection,2,Four-Way Intersection,1,No,1,No,88,Not Applicable,88,Not Applicable,88,Not Applicable,88,Not Applicable,FALSE,1,Public Road,1,"Trafficway, On Road",CT0009300,New Haven PD,286,45:49.0,C,Closed,03:57.0,,,,,,,
887075,1,Complete,887075,887075,41.296802,-72.948297,3389173,New Haven,93,93,New Haven,6/20/2021,2021,6,June,20,1,Sunday,15:03:00,15,21022740,A,2,,Motor Vehicle In Motion,"Injury of any type (Serious, Minor, Possible)",C,Possible Injury (C),0,0,3,State,1.42,10,10-N,10-N,,ORANGE AVE,300,Feet,S,41.296802,-72.948297,14,Motor Vehicle in Operation,3,Angle,1,On Roadway,1,Clear,88,Not Applicable,1,Daylight,1,Dry,0,None,88,Not Applicable,88,Not Applicable,0,None,88,Not Applicable,88,Not Applicable,1,Non-Junction,1,Not at Intersection,1,No,1,No,88,Not Applicable,88,Not Applicable,88,Not Applicable,88,Not Applicable,FALSE,1,Public Road,1,"Trafficway, On Road",CT0009300,New Haven PD,266,25:37.0,C,Closed,01:52.0,,4,20200,3,PRINCIPAL ARTERIAL - OTHER - NEW HPMS,2,Urban