CrashId,Fatal Case Status,Fatal Case Status Text Format,CrashId,CrashId,Latitude,Longitude,DOT Case Number,Town Name,Town Number,Town Number,Town Number Text Format,Date Of Crash,Year,Month,Month Text Format,Day,Day of the Week,Day of the Week Text Format,Time of Crash,Hour of the Day,Case Identifier,Crash Severity,Number Of Motor Vehicles,Motor vehicle action,Most harmful event,Crash Severity Text Format,Most Severe Injury,Most Severe Injury Text Format,Number Of Non-Motorist,Number Of Witnesses,Route Class,Route Class Text Format,Milemarker,Road Number,Road Description,Roadway Name,Intersecting Roadway Name,Landmark Description,Distance From Nearest Landmark,Unit Of Measure From Nearest Landmark,Direction From Nearest Landmark,Latitude,Longitude,First Harmful Event,First Harmful Event Text Format,Manner of Crash / Collision Impact,Manner of Crash / Collision Impact Text Format,Location of First Harmful Event,Location of First Harmful Event Text Format,Weather Condition,Weather Condition Text Format,Weather 2,Weather 2 Text Format,Light Condition,Light Condition Text Format,Road Surface Condition,Road Surface Condition Text Format,"Contributing Circumstances, Environment","Contributing Circumstances, Environment Text Format",Environment 2,Environment 2 Text Format,Environment 3,Environment 3 Text Format,"Contributing Circumstances, Road","Contributing Circumstances, Road Text Format",Road 2,Road 2 Text Format,Road 3,Road 3 Text Format,Crash Specific Location,Crash Specific Location Text Format,Type of Intersection,Type of Intersection Text Format,School Bus Related,School Bus Related Text Format,Work Zone Related,Work Zone Related Text Format,Location Of Crash Relative To Work Zone,Location Of Crash Relative To Work Zone Text Format,Type of Work Zone,Type of Work Zone Text Format,Worker Presence,Worker Presence Text Format,Law Enforcement Presence,Law Enforcement Presence Text Format,Were Vehicles Moved Prior To Police Arrival,Trafficway Ownership,Trafficway Ownership Text Format,Trafficway Class,Trafficway Class Text Format,Police Agency,Police Agency Text Format,Badge Number,Approval Date,Police Case Status,Police Case Status Text Format,Crash Report Submission Date,Related Case Identifiers,No. of Through Lanes (Log Dir.),Average Daily Traffic,Functional Classification,Functional Classification Text Format,Rural or Urban,Rural or Urban Text Format
887079,1,Complete,887079,887079,41.315202,-72.943113,3389177,New Haven,93,93,New Haven,6/20/2021,2021,6,June,20,1,Sunday,17:26:00,17,21022766,A,2,,Motor Vehicle In Motion,"Injury of any type (Serious, Minor, Possible)",B,Suspected Minor Injury (B),0,0,4,Local,0.67,556,SHERMAN AV,SHERMAN AV,ELM ST NO 1,,,,,41.315202,-72.943113,14,Motor Vehicle in Operation,1,Front to rear,1,On Roadway,1,Clear,1,Clear,1,Daylight,1,Dry,0,None,0,None,88,Not Applicable,0,None,88,Not Applicable,88,Not Applicable,2,Intersection,2,Four-Way Intersection,1,No,1,No,88,Not Applicable,88,Not Applicable,88,Not Applicable,88,Not Applicable,FALSE,1,Public Road,1,"Trafficway, On Road",CT0009300,New Haven PD,42046,30:20.0,C,Closed,02:55.0,,,,,,,
887080,1,Complete,887080,887080,41.2888137,-72.8926483,3389178,New Haven,93,93,New Haven,6/20/2021,2021,6,June,20,1,Sunday,17:54:00,17,21022768,A,2,,Motor Vehicle In Motion,"Injury of any type (Serious, Minor, Possible)",C,Possible Injury (C),0,0,3,State,0.07,337,337-E,337-E,MAIN ST NO 2,,,,,41.2888137,-72.8926483,14,Motor Vehicle in Operation,3,Angle,1,On Roadway,1,Clear,88,Not Applicable,1,Daylight,1,Dry,0,None,88,Not Applicable,88,Not Applicable,0,None,88,Not Applicable,88,Not Applicable,2,Intersection,2,Four-Way Intersection,1,No,1,No,88,Not Applicable,88,Not Applicable,88,Not Applicable,88,Not Applicable,TRUE,1,Public Road,1,"Trafficway, On Road",CT0009300,New Haven PD,42055,24:22.0,C,Closed,01:56.0,,4,14000,4,MINOR ARTERIAL - NEW HPMS,2,Urban
887085,1,Complete,887085,887085,41.30015,-72.926682,3389183,New Haven,93,93,New Haven,6/21/2021,2021,6,June,21,2,Monday,7:20:00,7,21022822,A,2,,Motor Vehicle In Motion,"Injury of any type (Serious, Minor, Possible)",C,Possible Injury (C),0,0,4,Local,0.14,627,WEST WATER ST,WEST WATER ST,SOUTH ORANGE ST,,,,,41.30015,-72.926682,14,Motor Vehicle in Operation,1,Front to rear,1,On Roadway,1,Clear,88,Not Applicable,1,Daylight,1,Dry,0,None,88,Not Applicable,88,Not Applicable,0,None,88,Not Applicable,88,Not Applicable,2,Intersection,3,T-Intersection,1,No,1,No,88,Not Applicable,88,Not Applicable,88,Not Applicable,88,Not Applicable,TRUE,1,Public Road,1,"Trafficway, On Road",CT0009300,New Haven PD,26,47:57.0,C,Closed,02:02.0,,,,,,,
887087,1,Complete,887087,887087,41.293289,-72.944097,3389185,New Haven,93,93,New Haven,6/21/2021,2021,6,June,21,2,Monday,8:41:00,8,21022832,A,2,,Motor Vehicle In Motion,"Injury of any type (Serious, Minor, Possible)",C,Possible Injury (C),0,0,3,State,1.09,10,10-N,10-N,,ADELINE ST,80,Feet,N,41.293289,-72.944097,14,Motor Vehicle in Operation,1,Front to rear,1,On Roadway,2,Cloudy,88,Not Applicable,1,Daylight,1,Dry,0,None,88,Not Applicable,88,Not Applicable,0,None,88,Not Applicable,88,Not Applicable,3,Intersection-Related,3,T-Intersection,1,No,1,No,88,Not Applicable,88,Not Applicable,88,Not Applicable,88,Not Applicable,FALSE,1,Public Road,1,"Trafficway, On Road",CT0009300,New Haven PD,516,43:19.0,C,Closed,02:01.0,,4,20200,3,PRINCIPAL ARTERIAL - OTHER - NEW HPMS,2,Urban
887088,1,Complete,887088,887088,41.291187,-72.941695,3389186,New Haven,93,93,New Haven,6/21/2021,2021,6,June,21,2,Monday,13:35:00,13,21022860,A,2,,Motor Vehicle In Motion,"Injury of any type (Serious, Minor, Possible)",B,Suspected Minor Injury (B),0,0,3,State,0.9,10,10-N,10-N,,WASHINGTON AVE,130,Feet,N,41.291187,-72.941695,14,Motor Vehicle in Operation,3,Angle,1,On Roadway,1,Clear,88,Not Applicable,1,Daylight,1,Dry,0,None,88,Not Applicable,88,Not Applicable,0,None,88,Not Applicable,88,Not Applicable,8,Driveway Access,1,Not at Intersection,1,No,1,No,88,Not Applicable,88,Not Applicable,88,Not Applicable,88,Not Applicable,TRUE,1,Public Road,1,"Trafficway, On Road",CT0009300,New Haven PD,301,31:06.0,C,Closed,02:03.0,,4,20200,3,PRINCIPAL ARTERIAL - OTHER - NEW HPMS,2,Urban
887089,1,Complete,887089,887089,41.3054784,-72.9223041,3389187,New Haven,93,93,New Haven,6/21/2021,2021,6,June,21,2,Monday,17:34:00,17,21022878,A,2,,Motor Vehicle In Motion,"Injury of any type (Serious, Minor, Possible)",C,Possible Injury (C),0,0,4,Local,1.3,575,STATE ST,STATE ST,PITKIN ALLEY TUNNEL,,,,,41.3054784,-72.9223041,14,Motor Vehicle in Operation,1,Front to rear,1,On Roadway,1,Clear,88,Not Applicable,1,Daylight,1,Dry,0,None,88,Not Applicable,88,Not Applicable,0,None,88,Not Applicable,88,Not Applicable,2,Intersection,3,T-Intersection,1,No,1,No,88,Not Applicable,88,Not Applicable,88,Not Applicable,88,Not Applicable,FALSE,1,Public Road,1,"Trafficway, On Road",CT0009300,New Haven PD,40952,28:39.0,C,Closed,02:07.0,,,,,,,
887098,1,Complete,887098,887098,41.282865,-72.934698,3389196,New Haven,93,93,New Haven,6/22/2021,2021,6,June,22,3,Tuesday,14:31:00,14,21023009,A,2,,Motor Vehicle In Motion,"Injury of any type (Serious, Minor, Possible)",C,Possible Injury (C),0,0,3,State,0.19,10,10-N,10-N,SEA ST,,,,,41.282865,-72.934698,14,Motor Vehicle in Operation,1,Front to rear,1,On Roadway,4,Rain,88,Not Applicable,1,Daylight,2,Wet,1,Weather Conditions,88,Not Applicable,88,Not Applicable,0,None,88,Not Applicable,88,Not Applicable,2,Intersection,2,Four-Way Intersection,1,No,1,No,88,Not Applicable,88,Not Applicable,88,Not Applicable,88,Not Applicable,FALSE,1,Public Road,1,"Trafficway, On Road",CT0009300,New Haven PD,958,52:41.0,C,Closed,02:12.0,,1,3800,1,INTERSTATE - NEW HPMS,2,Urban
887103,1,Complete,887103,887103,41.302351,-72.919387,3389201,New Haven,93,93,New Haven,6/23/2021,2021,6,June,23,4,Wednesday,0:07:00,0,21023058,A,1,,Fence,"Injury of any type (Serious, Minor, Possible)",B,Suspected Minor Injury (B),0,0,4,Local,0.03,624,WARREN ST,WARREN ST,,WOOSTER ST #1,200,Feet,S,41.302351,-72.919387,36,Fence,88,Not Applicable,4,Roadside,1,Clear,88,Not Applicable,4,Dark-Lighted,1,Dry,0,None,88,Not Applicable,88,Not Applicable,0,None,88,Not Applicable,88,Not Applicable,9,Driveway Access-Related,1,Not at Intersection,1,No,1,No,88,Not Applicable,88,Not Applicable,88,Not Applicable,88,Not Applicable,FALSE,88,Not Applicable,4,Parking Lot,CT0009300,New Haven PD,221,23:31.0,O,Open,02:15.0,,,,,,,
887109,1,Complete,887109,887109,41.31309,-72.89647,3389207,New Haven,93,93,New Haven,6/23/2021,2021,6,June,23,4,Wednesday,13:35:00,13,21023121,A,2,,Motor Vehicle In Motion,"Injury of any type (Serious, Minor, Possible)",C,Possible Injury (C),0,0,4,Local,0.46,213,FERRY ST,FERRY ST,GRAFTON ST,,,,,41.31309,-72.89647,14,Motor Vehicle in Operation,4,"Sideswipe, same direction",1,On Roadway,1,Clear,88,Not Applicable,1,Daylight,1,Dry,0,None,88,Not Applicable,88,Not Applicable,0,None,88,Not Applicable,88,Not Applicable,2,Intersection,3,T-Intersection,1,No,1,No,88,Not Applicable,88,Not Applicable,88,Not Applicable,88,Not Applicable,FALSE,1,Public Road,1,"Trafficway, On Road",CT0009300,New Haven PD,86,06:09.0,C,Closed,02:40.0,,,,,,,
887113,1,Complete,887113,887113,41.319892,-72.906266,3389211,New Haven,93,93,New Haven,6/23/2021,2021,6,June,23,4,Wednesday,17:36:00,17,21023147,A,2,,Motor Vehicle In Motion,"Injury of any type (Serious, Minor, Possible)",C,Possible Injury (C),0,0,4,Local,0.31,666,WILLOW ST,WILLOW ST,MITCHELL DR,,,,,41.319892,-72.906266,14,Motor Vehicle in Operation,1,Front to rear,1,On Roadway,1,Clear,88,Not Applicable,1,Daylight,1,Dry,0,None,88,Not Applicable,88,Not Applicable,0,None,88,Not Applicable,88,Not Applicable,3,Intersection-Related,3,T-Intersection,1,No,1,No,88,Not Applicable,88,Not Applicable,88,Not Applicable,88,Not Applicable,TRUE,1,Public Road,1,"Trafficway, On Road",CT0009300,New Haven PD,30,43:15.0,C,Closed,02:21.0,NONE,,,,,,
887115,1,Complete,887115,887115,41.29022,-72.893972,3389213,New Haven,93,93,New Haven,6/23/2021,2021,6,June,23,4,Wednesday,20:43:00,20,21023172,A,2,,Motor Vehicle In Motion,"Injury of any type (Serious, Minor, Possible)",C,Possible Injury (C),0,0,2,USRoute,50.15,1,1-N,1-N,WOODWARD AV,,,,,41.29022,-72.893972,14,Motor Vehicle in Operation,3,Angle,1,On Roadway,1,Clear,88,Not Applicable,3,Dusk,1,Dry,0,None,88,Not Applicable,88,Not Applicable,0,None,88,Not Applicable,88,Not Applicable,2,Intersection,2,Four-Way Intersection,1,No,1,No,88,Not Applicable,88,Not Applicable,88,Not Applicable,88,Not Applicable,FALSE,1,Public Road,1,"Trafficway, On Road",CT0009300,New Haven PD,42049,07:11.0,C,Closed,03:11.0,,4,9400,3,PRINCIPAL ARTERIAL - OTHER - NEW HPMS,2,Urban
887116,1,Complete,887116,887116,41.31837,-72.95219,3389214,New Haven,93,93,New Haven,6/23/2021,2021,6,June,23,4,Wednesday,21:25:00,21,21023175,A,2,,Motor Vehicle In Motion,"Injury of any type (Serious, Minor, Possible)",C,Possible Injury (C),0,0,4,Local,1.08,194,ELM ST NO 1,ELM ST NO 1,HOBART ST,,,,,41.31837,-72.95219,14,Motor Vehicle in Operation,97,Other,1,On Roadway,1,Clear,88,Not Applicable,4,Dark-Lighted,1,Dry,0,None,88,Not Applicable,88,Not Applicable,0,None,88,Not Applicable,88,Not Applicable,2,Intersection,2,Four-Way Intersection,1,No,1,No,88,Not Applicable,88,Not Applicable,88,Not Applicable,88,Not Applicable,TRUE,1,Public Road,1,"Trafficway, On Road",CT0009300,New Haven PD,40951,44:01.0,C,Closed,02:22.0,,,,,,,
887117,1,Complete,887117,887117,41.3093118,-72.935522,3389215,New Haven,93,93,New Haven,6/23/2021,2021,6,June,23,4,Wednesday,21:45:00,21,21023180,A,2,,Motor Vehicle In Motion,"Injury of any type (Serious, Minor, Possible)",B,Suspected Minor Injury (B),0,0,4,Local,0.24,310,HOWE ST,HOWE ST,CHAPEL ST,,,,,41.3093118,-72.935522,14,Motor Vehicle in Operation,3,Angle,1,On Roadway,1,Clear,1,Clear,4,Dark-Lighted,1,Dry,0,None,88,Not Applicable,88,Not Applicable,0,None,88,Not Applicable,88,Not Applicable,2,Intersection,2,Four-Way Intersection,1,No,1,No,88,Not Applicable,88,Not Applicable,88,Not Applicable,88,Not Applicable,FALSE,1,Public Road,1,"Trafficway, On Road",CT0009300,New Haven PD,42046,29:39.0,C,Closed,02:23.0,,,,,,,
887121,1,Complete,887121,887121,41.33152,-72.930325,3389219,New Haven,93,93,New Haven,6/24/2021,2021,6,June,24,5,Thursday,8:23:00,8,21023217,A,2,,Motor Vehicle In Motion,"Injury of any type (Serious, Minor, Possible)",C,Possible Injury (C),0,0,4,Local,0.46,42,BASSETT ST,BASSETT ST,BUTLER ST,,,,,41.33152,-72.930325,14,Motor Vehicle in Operation,3,Angle,1,On Roadway,1,Clear,88,Not Applicable,1,Daylight,1,Dry,0,None,88,Not Applicable,88,Not Applicable,0,None,88,Not Applicable,88,Not Applicable,2,Intersection,2,Four-Way Intersection,1,No,1,No,88,Not Applicable,88,Not Applicable,88,Not Applicable,88,Not Applicable,FALSE,1,Public Road,1,"Trafficway, On Road",CT0009300,New Haven PD,32,42:23.0,C,Closed,02:29.0,,,,,,,
887132,1,Complete,887132,887132,41.330319,-72.9716,3389230,New Haven,93,93,New Haven,6/24/2021,2021,6,June,24,5,Thursday,19:55:00,19,21023296,A,2,,Motor Vehicle In Motion,"Injury of any type (Serious, Minor, Possible)",C,Possible Injury (C),0,0,3,State,0.89,63,63-N,63-N,,W PROSPECT ST,65,Feet,E,41.330319,-72.9716,14,Motor Vehicle in Operation,1,Front to rear,1,On Roadway,1,Clear,88,Not Applicable,3,Dusk,1,Dry,0,None,0,None,0,None,0,None,88,Not Applicable,88,Not Applicable,3,Intersection-Related,3,T-Intersection,1,No,1,No,88,Not Applicable,88,Not Applicable,88,Not Applicable,88,Not Applicable,FALSE,1,Public Road,1,"Trafficway, On Road",CT0009300,New Haven PD,55,13:09.0,C,Closed,02:43.0,,4,22900,3,PRINCIPAL ARTERIAL - OTHER - NEW HPMS,2,Urban
887134,1,Complete,887134,887134,41.327741,-72.869718,3389232,New Haven,93,93,New Haven,6/24/2021,2021,6,June,24,5,Thursday,22:13:00,22,21023308,A,2,,Motor Vehicle In Motion,"Injury of any type (Serious, Minor, Possible)",C,Possible Injury (C),0,0,3,State,0.52,103,103-N,103-N,,ASSUMPTION ST,165,Feet,S,41.327741,-72.869718,14,Motor Vehicle in Operation,1,Front to rear,1,On Roadway,1,Clear,88,Not Applicable,4,Dark-Lighted,1,Dry,0,None,88,Not Applicable,88,Not Applicable,0,None,88,Not Applicable,88,Not Applicable,1,Non-Junction,1,Not at Intersection,1,No,1,No,88,Not Applicable,88,Not Applicable,88,Not Applicable,88,Not Applicable,FALSE,1,Public Road,1,"Trafficway, On Road",CT0009300,New Haven PD,42055,12:15.0,C,Closed,02:50.0,,2,9000,4,MINOR ARTERIAL - NEW HPMS,2,Urban
887135,1,Complete,887135,887135,41.302211,-72.939324,3389233,New Haven,93,93,New Haven,6/25/2021,2021,6,June,25,6,Friday,7:00:00,7,21023321,A,2,,Motor Vehicle In Motion,"Injury of any type (Serious, Minor, Possible)",C,Possible Injury (C),0,0,4,Local,0.55,141,DAVENPORT AV,DAVENPORT AV,ASYLUM ST,,,,,41.302211,-72.939324,14,Motor Vehicle in Operation,3,Angle,1,On Roadway,4,Rain,2,Cloudy,1,Daylight,2,Wet,0,None,88,Not Applicable,88,Not Applicable,0,None,88,Not Applicable,88,Not Applicable,2,Intersection,2,Four-Way Intersection,1,No,1,No,88,Not Applicable,88,Not Applicable,88,Not Applicable,88,Not Applicable,TRUE,1,Public Road,1,"Trafficway, On Road",CT0009300,New Haven PD,204,55:01.0,C,Closed,02:38.0,,,,,,,
887136,1,Complete,887136,887136,41.308472,-72.903191,3389234,New Haven,93,93,New Haven,6/25/2021,2021,6,June,25,6,Friday,12:30:00,12,21023347,A,2,,Motor Vehicle In Motion,"Injury of any type (Serious, Minor, Possible)",B,Suspected Minor Injury (B),0,0,4,Local,0.92,264,GRAND AV,GRAND AV,JAMES ST,,,,,41.308472,-72.903191,14,Motor Vehicle in Operation,3,Angle,1,On Roadway,1,Clear,88,Not Applicable,1,Daylight,1,Dry,0,None,88,Not Applicable,88,Not Applicable,0,None,88,Not Applicable,88,Not Applicable,2,Intersection,2,Four-Way Intersection,1,No,1,No,88,Not Applicable,88,Not Applicable,88,Not Applicable,88,Not Applicable,TRUE,1,Public Road,1,"Trafficway, On Road",CT0009300,New Haven PD,86,15:51.0,C,Closed,02:50.0,,,,,,,
887137,1,Complete,887137,887137,41.308875,-72.88912,3389235,New Haven,93,93,New Haven,6/25/2021,2021,6,June,25,6,Friday,12:56:00,12,21023353,A,1,,Pedestrian,"Injury of any type (Serious, Minor, Possible)",B,Suspected Minor Injury (B),1,2,4,Local,0.94,240,FRONT ST,FRONT ST,,GRAND AVE,200,Feet,S,41.308875,-72.88912,9,Pedestrian,88,Not Applicable,1,On Roadway,1,Clear,88,Not Applicable,1,Daylight,1,Dry,0,None,88,Not Applicable,88,Not Applicable,0,None,88,Not Applicable,88,Not Applicable,1,Non-Junction,1,Not at Intersection,1,No,1,No,88,Not Applicable,88,Not Applicable,88,Not Applicable,88,Not Applicable,FALSE,1,Public Road,1,"Trafficway, On Road",CT0009300,New Haven PD,42366,14:33.0,C,Closed,02:43.0,,2,4249,7,LOCAL - NEW HPMS,2,Urban
887146,1,Complete,887146,887146,41.309167,-72.919319,3389244,New Haven,93,93,New Haven,6/25/2021,2021,6,June,25,6,Friday,23:28:00,23,21023429,A,2,,Motor Vehicle In Motion,"Injury of any type (Serious, Minor, Possible)",C,Possible Injury (C),0,0,4,Local,1,575,STATE ST,STATE ST,GROVE ST,,,,,41.309167,-72.919319,14,Motor Vehicle in Operation,4,"Sideswipe, same direction",1,On Roadway,1,Clear,88,Not Applicable,4,Dark-Lighted,1,Dry,0,None,88,Not Applicable,88,Not Applicable,0,None,88,Not Applicable,88,Not Applicable,3,Intersection-Related,2,Four-Way Intersection,1,No,1,No,88,Not Applicable,88,Not Applicable,88,Not Applicable,88,Not Applicable,TRUE,1,Public Road,1,"Trafficway, On Road",CT0009300,New Haven PD,344,20:50.0,C,Closed,02:45.0,21-023429,,,,,,
887147,1,Complete,887147,887147,41.321732,-72.95283,921148,New Haven,93,93,New Haven,6/26/2021,2021,6,June,26,7,Saturday,1:30:00,1,21023437,K,2,Unknown,Motor Vehicle In Motion,Fatal (Kill),K,Fatal Injury (K),0,0,3,State,3.3,10,10-N,10-N,HUBINGER ST,,,,,41.321732,-72.95283,14,Motor Vehicle in Operation,99,Unknown,1,On Roadway,1,Clear,88,Not Applicable,4,Dark-Lighted,1,Dry,0,None,88,Not Applicable,88,Not Applicable,0,None,88,Not Applicable,88,Not Applicable,2,Intersection,3,T-Intersection,1,No,1,No,88,Not Applicable,88,Not Applicable,88,Not Applicable,88,Not Applicable,TRUE,1,Public Road,1,"Trafficway, On Road",CT0009300,New Haven PD,82,31:34.0,O,Open,02:46.0,,4,18000,3,PRINCIPAL ARTERIAL - OTHER - NEW HPMS,2,Urban
887152,1,Complete,887152,887152,41.318014,-72.946347,3389250,New Haven,93,93,New Haven,6/26/2021,2021,6,June,26,7,Saturday,13:37:00,13,21023465,A,2,,Motor Vehicle In Motion,"Injury of any type (Serious, Minor, Possible)",C,Possible Injury (C),0,0,4,Local,0.15,653,WHALLEY AV,WHALLEY AV,,NORTON ST,90,Feet,W,41.318014,-72.946347,14,Motor Vehicle in Operation,1,Front to rear,1,On Roadway,1,Clear,88,Not Applicable,1,Daylight,1,Dry,0,None,88,Not Applicable,88,Not Applicable,0,None,88,Not Applicable,88,Not Applicable,2,Intersection,2,Four-Way Intersection,1,No,1,No,88,Not Applicable,88,Not Applicable,88,Not Applicable,88,Not Applicable,FALSE,1,Public Road,1,"Trafficway, On Road",CT0009300,New Haven PD,295,15:16.0,C,Closed,02:51.0,,,,,,,
887153,1,Complete,887153,887153,41.290227,-72.894068,3389251,New Haven,93,93,New Haven,6/26/2021,2021,6,June,26,7,Saturday,14:08:00,14,21023467,A,2,,Motor Vehicle In Motion,"Injury of any type (Serious, Minor, Possible)",B,Suspected Minor Injury (B),0,0,2,USRoute,50.15,1,1-N,1-N,WOODWARD AV,,,,,41.290227,-72.894068,14,Motor Vehicle in Operation,3,Angle,1,On Roadway,1,Clear,88,Not Applicable,1,Daylight,1,Dry,0,None,88,Not Applicable,88,Not Applicable,0,None,88,Not Applicable,88,Not Applicable,2,Intersection,2,Four-Way Intersection,1,No,1,No,88,Not Applicable,88,Not Applicable,88,Not Applicable,88,Not Applicable,FALSE,1,Public Road,1,"Trafficway, On Road",CT0009300,New Haven PD,42369,41:00.0,C,Closed,03:40.0,,4,9400,3,PRINCIPAL ARTERIAL - OTHER - NEW HPMS,2,Urban
887155,1,Complete,887155,887155,41.332479,-72.975123,3389253,New Haven,93,93,New Haven,6/26/2021,2021,6,June,26,7,Saturday,16:06:00,16,21023475,A,3,,Motor Vehicle In Motion,"Injury of any type (Serious, Minor, Possible)",C,Possible Injury (C),0,0,3,State,1.12,63,63-N,63-N,RAMSDELL ST,,,,,41.332479,-72.975123,14,Motor Vehicle in Operation,1,Front to rear,1,On Roadway,1,Clear,88,Not Applicable,1,Daylight,1,Dry,0,None,88,Not Applicable,88,Not Applicable,0,None,88,Not Applicable,88,Not Applicable,2,Intersection,2,Four-Way Intersection,1,No,1,No,88,Not Applicable,88,Not Applicable,88,Not Applicable,88,Not Applicable,FALSE,1,Public Road,1,"Trafficway, On Road",CT0009300,New Haven PD,402,03:17.0,C,Closed,02:56.0,,4,22900,3,PRINCIPAL ARTERIAL - OTHER - NEW HPMS,2,Urban
887163,1,Complete,887163,887163,41.312192,-72.948201,3389261,New Haven,93,93,New Haven,6/26/2021,2021,6,June,26,7,Saturday,19:23:00,19,21023495,A,1,,Not Applicable,"Injury of any type (Serious, Minor, Possible)",C,Possible Injury (C),1,0,4,Local,3.02,97,CHAPEL ST,CHAPEL ST,,NORTON ST,115,Feet,E,41.312192,-72.948201,10,Pedalcycle/Pedalcyclist,4,"Sideswipe, same direction",1,On Roadway,1,Clear,88,Not Applicable,1,Daylight,1,Dry,0,None,88,Not Applicable,88,Not Applicable,0,None,88,Not Applicable,88,Not Applicable,1,Non-Junction,1,Not at Intersection,1,No,1,No,88,Not Applicable,88,Not Applicable,88,Not Applicable,88,Not Applicable,FALSE,99,Unknown,1,"Trafficway, On Road",CT0009300,New Haven PD,261,37:16.0,C,Closed,03:01.0,,,,,,,
887164,1,Complete,887164,887164,41.263118,-72.890517,3389262,New Haven,93,93,New Haven,6/26/2021,2021,6,June,26,7,Saturday,19:27:00,19,21023496,A,1,,Ran Off Roadway Left,"Injury of any type (Serious, Minor, Possible)",A,Suspected Serious Injury (A),0,0,4,Local,0.31,144,DEAN ST,DEAN ST,,ARDEN ST,130,Feet,S,41.263118,-72.890517,8,Other Non-Collision,88,Not Applicable,1,On Roadway,1,Clear,88,Not Applicable,1,Daylight,1,Dry,0,None,88,Not Applicable,88,Not Applicable,0,None,88,Not Applicable,88,Not Applicable,1,Non-Junction,1,Not at Intersection,1,No,1,No,88,Not Applicable,88,Not Applicable,88,Not Applicable,88,Not Applicable,FALSE,1,Public Road,1,"Trafficway, On Road",CT0009300,New Haven PD,416,42:02.0,C,Closed,02:54.0,,2,2578,7,LOCAL - NEW HPMS,2,Urban
887171,1,Complete,887171,887171,41.333703,-72.935151,3389269,New Haven,93,93,New Haven,6/27/2021,2021,6,June,27,1,Sunday,4:06:00,4,21023536,A,2,,Motor Vehicle In Motion,"Injury of any type (Serious, Minor, Possible)",C,Possible Injury (C),0,0,4,Local,1.47,152,DIXWELL AV,DIXWELL AV,,DOORMAN ST,100,Feet,N,41.333703,-72.935151,14,Motor Vehicle in Operation,1,Front to rear,2,Shoulder,1,Clear,88,Not Applicable,4,Dark-Lighted,1,Dry,0,None,88,Not Applicable,88,Not Applicable,0,None,88,Not Applicable,88,Not Applicable,1,Non-Junction,1,Not at Intersection,1,No,1,No,88,Not Applicable,88,Not Applicable,88,Not Applicable,88,Not Applicable,FALSE,1,Public Road,1,"Trafficway, On Road",CT0009300,New Haven PD,432,00:10.0,C,Closed,03:15.0,,,,,,,
887177,1,Complete,887177,887177,41.311013,-72.944684,3389275,New Haven,93,93,New Haven,6/27/2021,2021,6,June,27,1,Sunday,15:56:00,15,21023568,A,2,,Motor Vehicle In Motion,"Injury of any type (Serious, Minor, Possible)",C,Possible Injury (C),0,0,4,Local,0.37,556,SHERMAN AV,SHERMAN AV,,CHAPEL ST,140,Feet,S,41.311013,-72.944684,14,Motor Vehicle in Operation,1,Front to rear,1,On Roadway,1,Clear,88,Not Applicable,1,Daylight,1,Dry,0,None,88,Not Applicable,88,Not Applicable,0,None,88,Not Applicable,88,Not Applicable,1,Non-Junction,1,Not at Intersection,1,No,1,No,88,Not Applicable,88,Not Applicable,88,Not Applicable,88,Not Applicable,TRUE,1,Public Road,1,"Trafficway, On Road",CT0009300,New Haven PD,72,33:21.0,C,Closed,03:07.0,,,,,,,
887181,1,Complete,887181,887181,41.309378,-72.926825,3389279,New Haven,93,93,New Haven,6/27/2021,2021,6,June,27,1,Sunday,15:48:00,15,21023572,A,3,,Parked Vehicle,"Injury of any type (Serious, Minor, Possible)",A,Suspected Serious Injury (A),0,1,4,Local,0.39,726,ELM ST NO 2,ELM ST NO 2,,COLLEGE ST,50,Feet,E,41.309378,-72.926825,15,Parked Motor Vehicle,1,Front to rear,1,On Roadway,1,Clear,88,Not Applicable,1,Daylight,1,Dry,0,None,88,Not Applicable,88,Not Applicable,0,None,88,Not Applicable,88,Not Applicable,2,Intersection,2,Four-Way Intersection,1,No,1,No,88,Not Applicable,88,Not Applicable,88,Not Applicable,88,Not Applicable,FALSE,1,Public Road,1,"Trafficway, On Road",CT0009300,New Haven PD,42044,45:15.0,O,Open,03:27.0,,,,,,,
887183,1,Complete,887183,887183,41.324975,-72.871312,3389281,New Haven,93,93,New Haven,6/27/2021,2021,6,June,27,1,Sunday,18:09:00,18,21023584,A,2,,Motor Vehicle In Motion,"Injury of any type (Serious, Minor, Possible)",B,Suspected Minor Injury (B),0,0,3,State,0.31,103,103-N,103-N,,ST ANTHONY ST,100,Feet,S,41.324975,-72.871312,14,Motor Vehicle in Operation,3,Angle,1,On Roadway,1,Clear,1,Clear,1,Daylight,1,Dry,0,None,88,Not Applicable,88,Not Applicable,0,None,88,Not Applicable,88,Not Applicable,1,Non-Junction,1,Not at Intersection,1,No,1,No,88,Not Applicable,88,Not Applicable,88,Not Applicable,88,Not Applicable,TRUE,1,Public Road,1,"Trafficway, On Road",CT0009300,New Haven PD,409,29:35.0,C,Closed,03:14.0,,2,9000,4,MINOR ARTERIAL - NEW HPMS,2,Urban