CrashId,Fatal Case Status,Fatal Case Status Text Format,CrashId,CrashId,Latitude,Longitude,DOT Case Number,Town Name,Town Number,Town Number,Town Number Text Format,Date Of Crash,Year,Month,Month Text Format,Day,Day of the Week,Day of the Week Text Format,Time of Crash,Hour of the Day,Case Identifier,Crash Severity,Number Of Motor Vehicles,Motor vehicle action,Most harmful event,Crash Severity Text Format,Most Severe Injury,Most Severe Injury Text Format,Number Of Non-Motorist,Number Of Witnesses,Route Class,Route Class Text Format,Milemarker,Road Number,Road Description,Roadway Name,Intersecting Roadway Name,Landmark Description,Distance From Nearest Landmark,Unit Of Measure From Nearest Landmark,Direction From Nearest Landmark,Latitude,Longitude,First Harmful Event,First Harmful Event Text Format,Manner of Crash / Collision Impact,Manner of Crash / Collision Impact Text Format,Location of First Harmful Event,Location of First Harmful Event Text Format,Weather Condition,Weather Condition Text Format,Weather 2,Weather 2 Text Format,Light Condition,Light Condition Text Format,Road Surface Condition,Road Surface Condition Text Format,"Contributing Circumstances, Environment","Contributing Circumstances, Environment Text Format",Environment 2,Environment 2 Text Format,Environment 3,Environment 3 Text Format,"Contributing Circumstances, Road","Contributing Circumstances, Road Text Format",Road 2,Road 2 Text Format,Road 3,Road 3 Text Format,Crash Specific Location,Crash Specific Location Text Format,Type of Intersection,Type of Intersection Text Format,School Bus Related,School Bus Related Text Format,Work Zone Related,Work Zone Related Text Format,Location Of Crash Relative To Work Zone,Location Of Crash Relative To Work Zone Text Format,Type of Work Zone,Type of Work Zone Text Format,Worker Presence,Worker Presence Text Format,Law Enforcement Presence,Law Enforcement Presence Text Format,Were Vehicles Moved Prior To Police Arrival,Trafficway Ownership,Trafficway Ownership Text Format,Trafficway Class,Trafficway Class Text Format,Police Agency,Police Agency Text Format,Badge Number,Approval Date,Police Case Status,Police Case Status Text Format,Crash Report Submission Date,Related Case Identifiers,No. of Through Lanes (Log Dir.),Average Daily Traffic,Functional Classification,Functional Classification Text Format,Rural or Urban,Rural or Urban Text Format
887321,1,Complete,887321,887321,41.298686,-72.929203,3389418,New Haven,93,93,New Haven,7/4/2021,2021,7,July,4,1,Sunday,23:27:00,23,21024450,A,2,,Motor Vehicle In Motion,"Injury of any type (Serious, Minor, Possible)",C,Possible Injury (C),0,0,4,Local,0,767,COLUMBUS AV NO 1,COLUMBUS AV NO 1,,CHURCH ST S,50,Feet,W,41.298686,-72.929203,14,Motor Vehicle in Operation,1,Front to rear,1,On Roadway,1,Clear,88,Not Applicable,4,Dark-Lighted,1,Dry,0,None,88,Not Applicable,88,Not Applicable,0,None,88,Not Applicable,88,Not Applicable,1,Non-Junction,1,Not at Intersection,1,No,1,No,88,Not Applicable,88,Not Applicable,88,Not Applicable,88,Not Applicable,FALSE,1,Public Road,1,"Trafficway, On Road",CT0009300,New Haven PD,293,23:54.0,C,Closed,05:06.0,,,,,,,
887326,1,Complete,887326,887326,41.296993,-72.89272,3389423,New Haven,93,93,New Haven,7/5/2021,2021,7,July,5,2,Monday,3:50:00,3,21024463,A,2,,Motor Vehicle In Motion,"Injury of any type (Serious, Minor, Possible)",C,Possible Injury (C),0,0,4,Local,0.18,210,FARREN AV,FARREN AV,FULTON ST,,,,,41.296993,-72.89272,14,Motor Vehicle in Operation,3,Angle,1,On Roadway,1,Clear,88,Not Applicable,4,Dark-Lighted,1,Dry,0,None,88,Not Applicable,88,Not Applicable,99,Unknown,88,Not Applicable,88,Not Applicable,2,Intersection,2,Four-Way Intersection,1,No,1,No,88,Not Applicable,88,Not Applicable,88,Not Applicable,88,Not Applicable,FALSE,1,Public Road,1,"Trafficway, On Road",CT0009300,New Haven PD,221,31:43.0,O,Open,05:14.0,,,,,,,
887334,1,Complete,887334,887334,41.31325,-72.87375,3389431,New Haven,93,93,New Haven,7/5/2021,2021,7,July,5,2,Monday,20:30:00,20,21024545,A,1,,Other Non-Collision,"Injury of any type (Serious, Minor, Possible)",B,Suspected Minor Injury (B),0,1,4,Local,0.45,167,EASTERN ST,EASTERN ST,,HEMINGWAY ST,500,Feet,S,41.31325,-72.87375,8,Other Non-Collision,88,Not Applicable,1,On Roadway,1,Clear,88,Not Applicable,4,Dark-Lighted,1,Dry,0,None,88,Not Applicable,88,Not Applicable,0,None,88,Not Applicable,88,Not Applicable,1,Non-Junction,1,Not at Intersection,1,No,1,No,88,Not Applicable,88,Not Applicable,88,Not Applicable,88,Not Applicable,FALSE,1,Public Road,1,"Trafficway, On Road",CT0009300,New Haven PD,42366,44:47.0,C,Closed,04:44.0,,2,11800,5,MAJOR COLLECTOR - NEW HPMS,2,Urban
887338,1,Complete,887338,887338,41.300467,-72.890197,3389435,New Haven,93,93,New Haven,7/6/2021,2021,7,July,6,3,Tuesday,10:07:00,10,21024593,A,2,,Motor Vehicle In Motion,"Injury of any type (Serious, Minor, Possible)",C,Possible Injury (C),0,0,4,Local,0.55,498,QUINNIPIAC AV,QUINNIPIAC AV,QUINNIPIAC AV,,,,,41.300467,-72.890197,14,Motor Vehicle in Operation,1,Front to rear,1,On Roadway,1,Clear,88,Not Applicable,1,Daylight,1,Dry,0,None,88,Not Applicable,88,Not Applicable,0,None,88,Not Applicable,88,Not Applicable,2,Intersection,7,Roundabout,1,No,1,No,88,Not Applicable,88,Not Applicable,88,Not Applicable,88,Not Applicable,FALSE,1,Public Road,1,"Trafficway, On Road",CT0009300,New Haven PD,416,22:43.0,C,Closed,04:45.0,,,,,,,
887347,1,Complete,887347,887347,41.306277,-72.935479,3389444,New Haven,93,93,New Haven,7/6/2021,2021,7,July,6,3,Tuesday,17:28:00,17,21024650,A,2,,Motor Vehicle In Motion,"Injury of any type (Serious, Minor, Possible)",B,Suspected Minor Injury (B),0,0,4,Local,0.64,809,REV DR MLK JR BLVD,REV DR MLK JR BLVD,PARK ST,,,,,41.306277,-72.935479,14,Motor Vehicle in Operation,3,Angle,1,On Roadway,2,Cloudy,88,Not Applicable,1,Daylight,1,Dry,0,None,88,Not Applicable,88,Not Applicable,0,None,88,Not Applicable,88,Not Applicable,2,Intersection,2,Four-Way Intersection,1,No,1,No,88,Not Applicable,88,Not Applicable,88,Not Applicable,88,Not Applicable,FALSE,1,Public Road,1,"Trafficway, On Road",CT0009300,New Haven PD,42369,27:50.0,C,Closed,04:52.0,,,,,,,
887348,1,Complete,887348,887348,41.305549,-72.933743,3389445,New Haven,93,93,New Haven,7/6/2021,2021,7,July,6,3,Tuesday,17:33:00,17,21024657,A,2,,Motor Vehicle In Motion,"Injury of any type (Serious, Minor, Possible)",C,Possible Injury (C),0,0,4,Local,0.54,809,REV DR MLK JR BLVD,REV DR MLK JR BLVD,,YORK STREET,300,Feet,E,41.305549,-72.933743,14,Motor Vehicle in Operation,1,Front to rear,1,On Roadway,1,Clear,88,Not Applicable,1,Daylight,1,Dry,99,Unknown,88,Not Applicable,88,Not Applicable,99,Unknown,88,Not Applicable,88,Not Applicable,1,Non-Junction,1,Not at Intersection,1,No,1,No,88,Not Applicable,88,Not Applicable,88,Not Applicable,88,Not Applicable,TRUE,1,Public Road,1,"Trafficway, On Road",CT0009300,New Haven PD,40947,36:40.0,C,Closed,04:48.0,,,,,,,
887353,1,Complete,887353,887353,41.309333,-72.902219,3389450,New Haven,93,93,New Haven,7/7/2021,2021,7,July,7,4,Wednesday,2:04:00,2,21024695,A,3,,Motor Vehicle In Motion,"Injury of any type (Serious, Minor, Possible)",B,Suspected Minor Injury (B),0,0,4,Local,0.05,389,MALTBY PL,MALTBY PL,,CLAY STREET,341.2000122,Feet,S,41.309333,-72.902219,14,Motor Vehicle in Operation,1,Front to rear,1,On Roadway,1,Clear,88,Not Applicable,4,Dark-Lighted,1,Dry,0,None,88,Not Applicable,88,Not Applicable,0,None,88,Not Applicable,88,Not Applicable,1,Non-Junction,1,Not at Intersection,1,No,1,No,88,Not Applicable,88,Not Applicable,88,Not Applicable,88,Not Applicable,FALSE,1,Public Road,1,"Trafficway, On Road",CT0009300,New Haven PD,370,27:30.0,C,Closed,05:52.0,,,,,,,
887354,1,Complete,887354,887354,41.30428,-72.9309,3389451,New Haven,93,93,New Haven,7/7/2021,2021,7,July,7,4,Wednesday,3:10:00,3,21024696,A,2,,Motor Vehicle In Motion,"Injury of any type (Serious, Minor, Possible)",C,Possible Injury (C),0,0,4,Local,0.52,117,COLLEGE ST,COLLEGE ST,GEORGE ST,,,,,41.30428,-72.9309,14,Motor Vehicle in Operation,3,Angle,1,On Roadway,1,Clear,88,Not Applicable,4,Dark-Lighted,2,Wet,0,None,88,Not Applicable,88,Not Applicable,0,None,88,Not Applicable,88,Not Applicable,3,Intersection-Related,3,T-Intersection,1,No,1,No,88,Not Applicable,88,Not Applicable,88,Not Applicable,88,Not Applicable,TRUE,1,Public Road,1,"Trafficway, On Road",CT0009300,New Haven PD,40800,36:59.0,C,Closed,04:54.0,,,,,,,
887358,1,Complete,887358,887358,41.32937,-72.94951,3389455,New Haven,93,93,New Haven,7/7/2021,2021,7,July,7,4,Wednesday,9:42:00,9,21024717,A,2,,Motor Vehicle In Motion,"Injury of any type (Serious, Minor, Possible)",C,Possible Injury (C),0,0,4,Local,0.32,149,DIAMOND ST,DIAMOND ST,,DYER ST,100,Feet,N,41.32937,-72.94951,14,Motor Vehicle in Operation,3,Angle,1,On Roadway,1,Clear,88,Not Applicable,1,Daylight,1,Dry,0,None,88,Not Applicable,88,Not Applicable,0,None,88,Not Applicable,88,Not Applicable,1,Non-Junction,1,Not at Intersection,1,No,1,No,88,Not Applicable,88,Not Applicable,88,Not Applicable,88,Not Applicable,FALSE,1,Public Road,1,"Trafficway, On Road",CT0009300,New Haven PD,772,46:22.0,C,Closed,05:18.0,,,,,,,
887360,1,Complete,887360,887360,41.33367,-72.975994,3389457,New Haven,93,93,New Haven,7/7/2021,2021,7,July,7,4,Wednesday,11:54:00,11,21024739,A,3,,Motor Vehicle In Motion,"Injury of any type (Serious, Minor, Possible)",B,Suspected Minor Injury (B),0,0,3,State,1.22,63,63-N,63-N,,WESTERLEIGH AVENUE,100,Feet,W,41.33367,-72.975994,14,Motor Vehicle in Operation,4,"Sideswipe, same direction",1,On Roadway,1,Clear,88,Not Applicable,1,Daylight,1,Dry,0,None,88,Not Applicable,88,Not Applicable,0,None,88,Not Applicable,88,Not Applicable,1,Non-Junction,1,Not at Intersection,1,No,1,No,88,Not Applicable,88,Not Applicable,88,Not Applicable,88,Not Applicable,TRUE,1,Public Road,1,"Trafficway, On Road",CT0009300,New Haven PD,90,02:46.0,C,Closed,05:00.0,,3,26900,3,PRINCIPAL ARTERIAL - OTHER - NEW HPMS,2,Urban
887362,1,Complete,887362,887362,41.307494,-72.93684,3389459,New Haven,93,93,New Haven,7/7/2021,2021,7,July,7,4,Wednesday,15:37:00,15,21024761,A,2,,Motor Vehicle In Motion,"Injury of any type (Serious, Minor, Possible)",C,Possible Injury (C),0,0,4,Local,0.1,310,HOWE ST,HOWE ST,,GEORGE ST,90,Feet,S,41.307494,-72.93684,14,Motor Vehicle in Operation,1,Front to rear,1,On Roadway,1,Clear,88,Not Applicable,1,Daylight,1,Dry,0,None,88,Not Applicable,88,Not Applicable,0,None,88,Not Applicable,88,Not Applicable,1,Non-Junction,1,Not at Intersection,1,No,1,No,88,Not Applicable,88,Not Applicable,88,Not Applicable,88,Not Applicable,FALSE,1,Public Road,1,"Trafficway, On Road",CT0009300,New Haven PD,39,00:51.0,C,Closed,05:41.0,,,,,,,
887364,1,Complete,887364,887364,41.32345,-72.880476,3389461,New Haven,93,93,New Haven,7/7/2021,2021,7,July,7,4,Wednesday,16:42:00,16,21024767,A,2,,Motor Vehicle In Motion,"Injury of any type (Serious, Minor, Possible)",B,Suspected Minor Injury (B),0,0,3,State,0.05,80,80-W,80-W,,MIDDLETOWN AVE,300,Feet,E,41.32345,-72.880476,14,Motor Vehicle in Operation,3,Angle,1,On Roadway,1,Clear,88,Not Applicable,1,Daylight,1,Dry,0,None,88,Not Applicable,88,Not Applicable,0,None,88,Not Applicable,88,Not Applicable,1,Non-Junction,1,Not at Intersection,1,No,1,No,88,Not Applicable,88,Not Applicable,88,Not Applicable,88,Not Applicable,FALSE,1,Public Road,1,"Trafficway, On Road",CT0009300,New Haven PD,220,33:00.0,C,Closed,05:03.0,,4,32100,3,PRINCIPAL ARTERIAL - OTHER - NEW HPMS,2,Urban
887366,1,Complete,887366,887366,41.3324792,-72.9351717,3389463,New Haven,93,93,New Haven,7/7/2021,2021,7,July,7,4,Wednesday,18:15:00,18,21024783,A,2,,Motor Vehicle In Motion,"Injury of any type (Serious, Minor, Possible)",C,Possible Injury (C),0,0,4,Local,1.38,152,DIXWELL AV,DIXWELL AV,BASSETT ST,,,,,41.3324792,-72.9351717,14,Motor Vehicle in Operation,3,Angle,1,On Roadway,1,Clear,88,Not Applicable,1,Daylight,1,Dry,0,None,88,Not Applicable,88,Not Applicable,0,None,88,Not Applicable,88,Not Applicable,2,Intersection,2,Four-Way Intersection,1,No,1,No,88,Not Applicable,88,Not Applicable,88,Not Applicable,88,Not Applicable,TRUE,1,Public Road,1,"Trafficway, On Road",CT0009300,New Haven PD,40952,14:48.0,O,Open,05:01.0,,,,,,,
887370,1,Complete,887370,887370,41.315277,-72.943029,3389467,New Haven,93,93,New Haven,7/7/2021,2021,7,July,7,4,Wednesday,20:07:00,20,21024795,A,2,,Motor Vehicle In Motion,"Injury of any type (Serious, Minor, Possible)",C,Possible Injury (C),0,0,4,Local,0.68,556,SHERMAN AV,SHERMAN AV,,ELM ST,20,Feet,N,41.315277,-72.943029,14,Motor Vehicle in Operation,1,Front to rear,1,On Roadway,1,Clear,88,Not Applicable,1,Daylight,1,Dry,0,None,88,Not Applicable,88,Not Applicable,0,None,88,Not Applicable,88,Not Applicable,1,Non-Junction,1,Not at Intersection,1,No,1,No,88,Not Applicable,88,Not Applicable,88,Not Applicable,88,Not Applicable,FALSE,1,Public Road,1,"Trafficway, On Road",CT0009300,New Haven PD,503,45:44.0,C,Closed,05:10.0,,,,,,,
887407,1,Complete,887407,887407,41.314423,-72.936063,3389504,New Haven,93,93,New Haven,7/8/2021,2021,7,July,8,5,Thursday,10:22:00,10,21024838,A,3,,Motor Vehicle In Motion,"Injury of any type (Serious, Minor, Possible)",C,Possible Injury (C),0,0,4,Local,0.74,653,WHALLEY AV,WHALLEY AV,,SPERRY ST,100,Feet,W,41.314423,-72.936063,14,Motor Vehicle in Operation,1,Front to rear,1,On Roadway,1,Clear,88,Not Applicable,1,Daylight,1,Dry,0,None,88,Not Applicable,88,Not Applicable,0,None,88,Not Applicable,88,Not Applicable,1,Non-Junction,1,Not at Intersection,1,No,1,No,88,Not Applicable,88,Not Applicable,88,Not Applicable,88,Not Applicable,FALSE,1,Public Road,1,"Trafficway, On Road",CT0009300,New Haven PD,62,06:42.0,C,Closed,05:07.0,,,,,,,
887410,1,Complete,887410,887410,41.334509,-72.926956,3389507,New Haven,93,93,New Haven,7/8/2021,2021,7,July,8,5,Thursday,14:10:00,14,21024923,A,3,,Motor Vehicle In Motion,"Injury of any type (Serious, Minor, Possible)",C,Possible Injury (C),0,0,4,Local,0.01,434,NEWHALL ST,NEWHALL ST,,LANDER ST,140,Feet,N,41.334509,-72.926956,14,Motor Vehicle in Operation,4,"Sideswipe, same direction",1,On Roadway,1,Clear,88,Not Applicable,1,Daylight,1,Dry,0,None,88,Not Applicable,88,Not Applicable,0,None,88,Not Applicable,88,Not Applicable,1,Non-Junction,1,Not at Intersection,1,No,1,No,88,Not Applicable,88,Not Applicable,88,Not Applicable,88,Not Applicable,TRUE,1,Public Road,1,"Trafficway, On Road",CT0009300,New Haven PD,30,42:19.0,O,Open,05:14.0,NONE,,,,,,
887411,1,Complete,887411,887411,41.289749,-72.892342,3389508,New Haven,93,93,New Haven,7/8/2021,2021,7,July,8,5,Thursday,16:29:00,16,21024924,A,2,,Motor Vehicle In Motion,"Injury of any type (Serious, Minor, Possible)",C,Possible Injury (C),0,0,3,State,0,337,337-E,337-E,RT 1,,,,,41.289749,-72.892342,14,Motor Vehicle in Operation,3,Angle,1,On Roadway,4,Rain,88,Not Applicable,1,Daylight,2,Wet,0,None,88,Not Applicable,88,Not Applicable,0,None,88,Not Applicable,88,Not Applicable,2,Intersection,2,Four-Way Intersection,1,No,1,No,88,Not Applicable,88,Not Applicable,88,Not Applicable,88,Not Applicable,FALSE,1,Public Road,1,"Trafficway, On Road",CT0009300,New Haven PD,279,35:47.0,C,Closed,05:24.0,,4,17500,3,PRINCIPAL ARTERIAL - OTHER - NEW HPMS,2,Urban
887414,1,Complete,887414,887414,41.315762,-72.95072,3389511,New Haven,93,93,New Haven,7/8/2021,2021,7,July,8,5,Thursday,16:30:00,16,21024933,A,2,,Motor Vehicle In Motion,"Injury of any type (Serious, Minor, Possible)",C,Possible Injury (C),0,0,3,State,2.79,10,10-N,10-N,,EDGEWOOD AVE,170,Feet,N,41.315762,-72.95072,14,Motor Vehicle in Operation,1,Front to rear,1,On Roadway,4,Rain,88,Not Applicable,1,Daylight,2,Wet,1,Weather Conditions,88,Not Applicable,88,Not Applicable,0,None,88,Not Applicable,88,Not Applicable,1,Non-Junction,1,Not at Intersection,1,No,1,No,88,Not Applicable,88,Not Applicable,88,Not Applicable,88,Not Applicable,TRUE,1,Public Road,1,"Trafficway, On Road",CT0009300,New Haven PD,503,47:19.0,C,Closed,05:09.0,,2,10100,3,PRINCIPAL ARTERIAL - OTHER - NEW HPMS,2,Urban
887417,1,Complete,887417,887417,41.3276692,-72.9530124,3389514,New Haven,93,93,New Haven,7/8/2021,2021,7,July,8,5,Thursday,18:40:00,18,21024950,A,1,,Utility Pole,"Injury of any type (Serious, Minor, Possible)",B,Suspected Minor Injury (B),0,0,3,State,3.86,10,10-N,10-N,BLAKE ST,,,,,41.3276692,-72.9530124,33,Utility Pole/Light Support,88,Not Applicable,2,Shoulder,4,Rain,88,Not Applicable,3,Dusk,2,Wet,0,None,88,Not Applicable,88,Not Applicable,0,None,88,Not Applicable,88,Not Applicable,1,Non-Junction,1,Not at Intersection,1,No,1,No,88,Not Applicable,88,Not Applicable,88,Not Applicable,88,Not Applicable,FALSE,1,Public Road,1,"Trafficway, On Road",CT0009300,New Haven PD,40812,49:36.0,C,Closed,05:12.0,,2,13100,4,MINOR ARTERIAL - NEW HPMS,2,Urban
887421,1,Complete,887421,887421,41.26499,-72.89655,3389518,New Haven,93,93,New Haven,7/9/2021,2021,7,July,9,6,Friday,2:18:00,2,21024976,A,1,,Utility Pole,"Injury of any type (Serious, Minor, Possible)",B,Suspected Minor Injury (B),0,0,3,State,1.73,337,337-E,337-E,,BURR ST,228,Feet,N,41.26499,-72.89655,33,Utility Pole/Light Support,88,Not Applicable,1,On Roadway,4,Rain,88,Not Applicable,4,Dark-Lighted,2,Wet,99,Unknown,88,Not Applicable,88,Not Applicable,99,Unknown,88,Not Applicable,88,Not Applicable,1,Non-Junction,1,Not at Intersection,1,No,1,No,88,Not Applicable,88,Not Applicable,88,Not Applicable,88,Not Applicable,FALSE,1,Public Road,1,"Trafficway, On Road",CT0009300,New Haven PD,415,06:33.0,C,Closed,05:17.0,,2,5400,4,MINOR ARTERIAL - NEW HPMS,2,Urban
887422,1,Complete,887422,887422,41.317427,-72.901436,3389519,New Haven,93,93,New Haven,7/9/2021,2021,7,July,9,6,Friday,7:24:00,7,21024984,A,2,,Motor Vehicle In Motion,"Injury of any type (Serious, Minor, Possible)",C,Possible Injury (C),0,0,4,Local,0,666,BLATCHLEY AV,Blatchley Ave,5-N,,,,,41.317427,-72.901436,14,Motor Vehicle in Operation,3,Angle,1,On Roadway,4,Rain,88,Not Applicable,1,Daylight,2,Wet,1,Weather Conditions,88,Not Applicable,88,Not Applicable,0,None,88,Not Applicable,88,Not Applicable,2,Intersection,2,Four-Way Intersection,1,No,1,No,88,Not Applicable,88,Not Applicable,88,Not Applicable,88,Not Applicable,FALSE,1,Public Road,1,"Trafficway, On Road",CT0009300,New Haven PD,40793,02:13.0,O,Open,05:19.0,21-024984,,,,,,
887428,1,Complete,887428,887428,41.289185,-72.924072,3389525,New Haven,93,93,New Haven,7/9/2021,2021,7,July,9,6,Friday,14:19:00,14,21025017,A,2,,Motor Vehicle In Motion,"Injury of any type (Serious, Minor, Possible)",A,Suspected Serious Injury (A),0,0,1,Interstate,0.24,95,95-S-329,95-S-329,SARGENT DR,,,,,41.289185,-72.924072,14,Motor Vehicle in Operation,3,Angle,1,On Roadway,1,Clear,88,Not Applicable,1,Daylight,1,Dry,99,Unknown,88,Not Applicable,88,Not Applicable,0,None,88,Not Applicable,88,Not Applicable,2,Intersection,2,Four-Way Intersection,1,No,1,No,88,Not Applicable,88,Not Applicable,88,Not Applicable,88,Not Applicable,FALSE,1,Public Road,1,"Trafficway, On Road",CT0009300,New Haven PD,352,02:58.0,C,Closed,05:56.0,,2,9700,1,INTERSTATE - NEW HPMS,2,Urban
887435,1,Complete,887435,887435,41.313592,-72.924006,3389532,New Haven,93,93,New Haven,7/9/2021,2021,7,July,9,6,Friday,20:59:00,20,21025080,A,3,,Motor Vehicle In Motion,"Injury of any type (Serious, Minor, Possible)",C,Possible Injury (C),0,0,4,Local,0.08,601,TRUMBULL ST,TRUMBULL ST,HILLHOUSE AV,,,,,41.313592,-72.924006,14,Motor Vehicle in Operation,1,Front to rear,1,On Roadway,1,Clear,88,Not Applicable,1,Daylight,1,Dry,0,None,88,Not Applicable,88,Not Applicable,0,None,88,Not Applicable,88,Not Applicable,2,Intersection,2,Four-Way Intersection,1,No,1,No,88,Not Applicable,88,Not Applicable,88,Not Applicable,88,Not Applicable,FALSE,1,Public Road,1,"Trafficway, On Road",CT0009300,New Haven PD,42052,45:25.0,C,Closed,05:37.0,,,,,,,
887439,1,Complete,887439,887439,41.318633,-72.875431,3389536,New Haven,93,93,New Haven,7/10/2021,2021,7,July,10,7,Saturday,12:03:00,12,21025114,A,1,,Utility Pole,"Injury of any type (Serious, Minor, Possible)",C,Possible Injury (C),0,0,4,Local,2.05,498,QUINNIPIAC AV,QUINNIPIAC AV,,ESSEX ST,480,Feet,N,41.318633,-72.875431,33,Utility Pole/Light Support,88,Not Applicable,1,On Roadway,1,Clear,88,Not Applicable,1,Daylight,1,Dry,0,None,88,Not Applicable,88,Not Applicable,0,None,88,Not Applicable,88,Not Applicable,97,Other,1,Not at Intersection,1,No,1,No,88,Not Applicable,88,Not Applicable,88,Not Applicable,88,Not Applicable,FALSE,1,Public Road,1,"Trafficway, On Road",CT0009300,New Haven PD,40807,20:30.0,O,Open,05:28.0,,2,6400,4,MINOR ARTERIAL - NEW HPMS,2,Urban
887440,1,Complete,887440,887440,41.305108,-72.896493,3389537,New Haven,93,93,New Haven,7/10/2021,2021,7,July,10,7,Saturday,10:45:00,10,21025116,A,1,,Motor Vehicle In Motion,"Injury of any type (Serious, Minor, Possible)",B,Suspected Minor Injury (B),1,1,4,Local,0.22,487,POPLAR ST,POPLAR ST,SALTONSTALL AV,,,,,41.305108,-72.896493,14,Motor Vehicle in Operation,3,Angle,1,On Roadway,1,Clear,88,Not Applicable,1,Daylight,1,Dry,0,None,88,Not Applicable,88,Not Applicable,0,None,88,Not Applicable,88,Not Applicable,2,Intersection,2,Four-Way Intersection,1,No,1,No,88,Not Applicable,88,Not Applicable,88,Not Applicable,88,Not Applicable,TRUE,1,Public Road,1,"Trafficway, On Road",CT0009300,New Haven PD,980,46:25.0,C,Closed,05:36.0,,,,,,,
887441,1,Complete,887441,887441,41.316002,-72.908941,3389538,New Haven,93,93,New Haven,7/10/2021,2021,7,July,10,7,Saturday,12:33:00,12,21025121,A,2,,Separation of Units,"Injury of any type (Serious, Minor, Possible)",C,Possible Injury (C),0,0,4,Local,0,165,EAST ST,EAST ST,STATE ST,,,,,41.316002,-72.908941,14,Motor Vehicle in Operation,1,Front to rear,1,On Roadway,1,Clear,88,Not Applicable,1,Daylight,1,Dry,0,None,88,Not Applicable,88,Not Applicable,0,None,88,Not Applicable,88,Not Applicable,2,Intersection,2,Four-Way Intersection,1,No,1,No,88,Not Applicable,88,Not Applicable,88,Not Applicable,88,Not Applicable,FALSE,1,Public Road,1,"Trafficway, On Road",CT0009300,New Haven PD,991,41:38.0,C,Closed,05:30.0,,,,,,,
887442,1,Complete,887442,887442,41.322499,-72.878339,3389539,New Haven,93,93,New Haven,7/10/2021,2021,7,July,10,7,Saturday,12:30:00,12,21025123,A,2,,Motor Vehicle In Motion,"Injury of any type (Serious, Minor, Possible)",C,Possible Injury (C),0,0,3,State,0.19,80,80-E,80-E,,QUINNIPIAC AVE,1305,Feet,W,41.322499,-72.878339,14,Motor Vehicle in Operation,4,"Sideswipe, same direction",1,On Roadway,1,Clear,88,Not Applicable,1,Daylight,1,Dry,99,Unknown,88,Not Applicable,88,Not Applicable,0,None,88,Not Applicable,88,Not Applicable,1,Non-Junction,1,Not at Intersection,1,No,1,No,88,Not Applicable,88,Not Applicable,88,Not Applicable,88,Not Applicable,FALSE,1,Public Road,1,"Trafficway, On Road",CT0009300,New Haven PD,322,34:22.0,C,Closed,05:38.0,,5,32100,3,PRINCIPAL ARTERIAL - OTHER - NEW HPMS,2,Urban
887447,1,Complete,887447,887447,41.31526,-72.897058,3389544,New Haven,93,93,New Haven,7/10/2021,2021,7,July,10,7,Saturday,18:37:00,18,21025149,A,2,,Motor Vehicle In Motion,"Injury of any type (Serious, Minor, Possible)",B,Suspected Minor Injury (B),0,0,4,Local,0.32,213,FERRY ST,FERRY ST,LOMBARD ST,,,,,41.31526,-72.897058,14,Motor Vehicle in Operation,1,Front to rear,1,On Roadway,1,Clear,88,Not Applicable,1,Daylight,1,Dry,0,None,88,Not Applicable,88,Not Applicable,0,None,88,Not Applicable,88,Not Applicable,2,Intersection,2,Four-Way Intersection,1,No,1,No,88,Not Applicable,88,Not Applicable,88,Not Applicable,88,Not Applicable,FALSE,1,Public Road,1,"Trafficway, On Road",CT0009300,New Haven PD,42057,24:01.0,C,Closed,05:29.0,,,,,,,
887453,1,Complete,887453,887453,41.3088205,-72.9455857,3389550,New Haven,93,93,New Haven,7/10/2021,2021,7,July,10,7,Saturday,20:34:00,20,21025162,A,2,,Motor Vehicle In Motion,"Injury of any type (Serious, Minor, Possible)",C,Possible Injury (C),0,0,4,Local,0.21,556,SHERMAN AV,SHERMAN AV,GILBERT AV,,,,,41.3088205,-72.9455857,14,Motor Vehicle in Operation,3,Angle,1,On Roadway,1,Clear,1,Clear,1,Daylight,1,Dry,0,None,88,Not Applicable,88,Not Applicable,0,None,88,Not Applicable,88,Not Applicable,2,Intersection,2,Four-Way Intersection,1,No,1,No,88,Not Applicable,88,Not Applicable,88,Not Applicable,88,Not Applicable,FALSE,1,Public Road,1,"Trafficway, On Road",CT0009300,New Haven PD,42046,25:29.0,C,Closed,06:03.0,,,,,,,
887454,1,Complete,887454,887454,41.315561,-72.900893,3389551,New Haven,93,93,New Haven,7/10/2021,2021,7,July,10,7,Saturday,21:27:00,21,21025165,A,2,,Motor Vehicle In Motion,"Injury of any type (Serious, Minor, Possible)",B,Suspected Minor Injury (B),0,0,4,Local,0.88,57,BLATCHLEY AV,BLATCHLEY AV,PECK ST NO 1,,,,,41.315561,-72.900893,14,Motor Vehicle in Operation,3,Angle,1,On Roadway,1,Clear,88,Not Applicable,4,Dark-Lighted,1,Dry,0,None,88,Not Applicable,88,Not Applicable,0,None,88,Not Applicable,88,Not Applicable,2,Intersection,2,Four-Way Intersection,1,No,1,No,88,Not Applicable,88,Not Applicable,88,Not Applicable,88,Not Applicable,FALSE,1,Public Road,1,"Trafficway, On Road",CT0009300,New Haven PD,42057,23:15.0,C,Closed,05:36.0,,,,,,,
887455,1,Complete,887455,887455,41.320855,-72.934521,3389552,New Haven,93,93,New Haven,7/10/2021,2021,7,July,10,7,Saturday,22:47:00,22,21025174,A,1,,Pedestrian,"Injury of any type (Serious, Minor, Possible)",C,Possible Injury (C),1,2,4,Local,0.24,289,HENRY ST,HENRY ST,DIXWELL AVE,,,,,41.320855,-72.934521,9,Pedestrian,88,Not Applicable,1,On Roadway,1,Clear,88,Not Applicable,4,Dark-Lighted,1,Dry,0,None,88,Not Applicable,88,Not Applicable,0,None,88,Not Applicable,88,Not Applicable,2,Intersection,2,Four-Way Intersection,1,No,1,No,88,Not Applicable,88,Not Applicable,88,Not Applicable,88,Not Applicable,FALSE,1,Public Road,1,"Trafficway, On Road",CT0009300,New Haven PD,42054,29:30.0,C,Closed,05:34.0,21025174,2,6400,3,PRINCIPAL ARTERIAL - OTHER - NEW HPMS,2,Urban