CrashId,Fatal Case Status,Fatal Case Status Text Format,CrashId,CrashId,Latitude,Longitude,DOT Case Number,Town Name,Town Number,Town Number,Town Number Text Format,Date Of Crash,Year,Month,Month Text Format,Day,Day of the Week,Day of the Week Text Format,Time of Crash,Hour of the Day,Case Identifier,Crash Severity,Number Of Motor Vehicles,Motor vehicle action,Most harmful event,Crash Severity Text Format,Most Severe Injury,Most Severe Injury Text Format,Number Of Non-Motorist,Number Of Witnesses,Route Class,Route Class Text Format,Milemarker,Road Number,Road Description,Roadway Name,Intersecting Roadway Name,Landmark Description,Distance From Nearest Landmark,Unit Of Measure From Nearest Landmark,Direction From Nearest Landmark,Latitude,Longitude,First Harmful Event,First Harmful Event Text Format,Manner of Crash / Collision Impact,Manner of Crash / Collision Impact Text Format,Location of First Harmful Event,Location of First Harmful Event Text Format,Weather Condition,Weather Condition Text Format,Weather 2,Weather 2 Text Format,Light Condition,Light Condition Text Format,Road Surface Condition,Road Surface Condition Text Format,"Contributing Circumstances, Environment","Contributing Circumstances, Environment Text Format",Environment 2,Environment 2 Text Format,Environment 3,Environment 3 Text Format,"Contributing Circumstances, Road","Contributing Circumstances, Road Text Format",Road 2,Road 2 Text Format,Road 3,Road 3 Text Format,Crash Specific Location,Crash Specific Location Text Format,Type of Intersection,Type of Intersection Text Format,School Bus Related,School Bus Related Text Format,Work Zone Related,Work Zone Related Text Format,Location Of Crash Relative To Work Zone,Location Of Crash Relative To Work Zone Text Format,Type of Work Zone,Type of Work Zone Text Format,Worker Presence,Worker Presence Text Format,Law Enforcement Presence,Law Enforcement Presence Text Format,Were Vehicles Moved Prior To Police Arrival,Trafficway Ownership,Trafficway Ownership Text Format,Trafficway Class,Trafficway Class Text Format,Police Agency,Police Agency Text Format,Badge Number,Approval Date,Police Case Status,Police Case Status Text Format,Crash Report Submission Date,Related Case Identifiers,No. of Through Lanes (Log Dir.),Average Daily Traffic,Functional Classification,Functional Classification Text Format,Rural or Urban,Rural or Urban Text Format
887460,1,Complete,887460,887460,41.306755,-72.946017,3389557,New Haven,93,93,New Haven,7/11/2021,2021,7,July,11,1,Sunday,14:48:00,14,21025229,A,6,,Motor Vehicle In Motion,"Injury of any type (Serious, Minor, Possible)",C,Possible Injury (C),0,0,4,Local,1.2,809,REV DR MLK JR BLVD,REV DR MLK JR BLVD,,Sherman Ave ,85,Feet,E,41.306755,-72.946017,14,Motor Vehicle in Operation,1,Front to rear,1,On Roadway,1,Clear,88,Not Applicable,1,Daylight,1,Dry,0,None,88,Not Applicable,88,Not Applicable,0,None,88,Not Applicable,88,Not Applicable,3,Intersection-Related,2,Four-Way Intersection,1,No,1,No,88,Not Applicable,88,Not Applicable,88,Not Applicable,88,Not Applicable,FALSE,1,Public Road,1,"Trafficway, On Road",CT0009300,New Haven PD,818,26:58.0,C,Closed,06:03.0,,,,,,,
887463,1,Complete,887463,887463,41.291204,-72.933327,3389560,New Haven,93,93,New Haven,7/11/2021,2021,7,July,11,1,Sunday,16:38:00,16,21025238,A,2,,Motor Vehicle In Motion,"Injury of any type (Serious, Minor, Possible)",B,Suspected Minor Injury (B),0,0,4,Local,0.07,339,KIMBERLY AV,KIMBERLY AV,LAMBERTON ST,,,,,41.291204,-72.933327,14,Motor Vehicle in Operation,3,Angle,1,On Roadway,1,Clear,88,Not Applicable,1,Daylight,1,Dry,0,None,88,Not Applicable,88,Not Applicable,0,None,88,Not Applicable,88,Not Applicable,2,Intersection,2,Four-Way Intersection,1,No,1,No,88,Not Applicable,88,Not Applicable,88,Not Applicable,88,Not Applicable,FALSE,1,Public Road,1,"Trafficway, On Road",CT0009300,New Haven PD,42369,04:55.0,C,Closed,05:51.0,,,,,,,
887464,1,Complete,887464,887464,41.306505,-72.894965,3389561,New Haven,93,93,New Haven,7/11/2021,2021,7,July,11,1,Sunday,17:41:00,17,21025249,A,3,,Motor Vehicle In Motion,"Injury of any type (Serious, Minor, Possible)",C,Possible Injury (C),0,1,4,Local,0.93,213,FERRY ST,FERRY ST,WOLCOTT ST,,,,,41.306505,-72.894965,14,Motor Vehicle in Operation,5,"Sideswipe, opposite direction",1,On Roadway,1,Clear,88,Not Applicable,1,Daylight,1,Dry,0,None,88,Not Applicable,88,Not Applicable,0,None,88,Not Applicable,88,Not Applicable,2,Intersection,3,T-Intersection,1,No,1,No,88,Not Applicable,88,Not Applicable,88,Not Applicable,88,Not Applicable,FALSE,1,Public Road,1,"Trafficway, On Road",CT0009300,New Haven PD,40788,46:42.0,O,Open,05:40.0,,,,,,,
887466,1,Complete,887466,887466,41.300853,-72.91077,3389563,New Haven,93,93,New Haven,7/11/2021,2021,7,July,11,1,Sunday,18:55:00,18,21025264,A,2,,Motor Vehicle In Motion,"Injury of any type (Serious, Minor, Possible)",C,Possible Injury (C),0,1,2,USRoute,48.96,1,1-N,1-N,EAST ST,,,,,41.300853,-72.91077,14,Motor Vehicle in Operation,3,Angle,1,On Roadway,1,Clear,88,Not Applicable,1,Daylight,1,Dry,0,None,88,Not Applicable,88,Not Applicable,0,None,88,Not Applicable,88,Not Applicable,2,Intersection,2,Four-Way Intersection,1,No,1,No,88,Not Applicable,88,Not Applicable,88,Not Applicable,88,Not Applicable,FALSE,1,Public Road,1,"Trafficway, On Road",CT0009300,New Haven PD,40793,05:40.0,C,Closed,05:42.0,,4,12400,3,PRINCIPAL ARTERIAL - OTHER - NEW HPMS,2,Urban
887470,1,Complete,887470,887470,41.32946,-72.935143,3389567,New Haven,93,93,New Haven,7/12/2021,2021,7,July,12,2,Monday,9:55:00,9,21025319,A,2,,Motor Vehicle In Motion,"Injury of any type (Serious, Minor, Possible)",C,Possible Injury (C),0,1,4,Local,1.18,152,DIXWELL AV,DIXWELL AV,HAZEL ST,,,,,41.32946,-72.935143,14,Motor Vehicle in Operation,3,Angle,1,On Roadway,1,Clear,1,Clear,1,Daylight,1,Dry,0,None,88,Not Applicable,88,Not Applicable,0,None,88,Not Applicable,88,Not Applicable,11,Through Roadway,1,Not at Intersection,1,No,1,No,88,Not Applicable,88,Not Applicable,88,Not Applicable,88,Not Applicable,FALSE,1,Public Road,1,"Trafficway, On Road",CT0009300,New Haven PD,40793,48:12.0,C,Closed,05:46.0,,2,10900,3,PRINCIPAL ARTERIAL - OTHER - NEW HPMS,2,Urban
887476,1,Complete,887476,887476,41.326474,-72.897429,3389573,New Haven,93,93,New Haven,7/12/2021,2021,7,July,12,2,Monday,17:37:00,17,21025394,A,3,,Motor Vehicle In Motion,"Injury of any type (Serious, Minor, Possible)",A,Suspected Serious Injury (A),0,1,2,USRoute,0.89,5,5-N,5-N,ALBERT ST,,,,,41.326474,-72.897429,14,Motor Vehicle in Operation,1,Front to rear,1,On Roadway,1,Clear,88,Not Applicable,1,Daylight,1,Dry,0,None,88,Not Applicable,88,Not Applicable,0,None,88,Not Applicable,88,Not Applicable,2,Intersection,3,T-Intersection,1,No,1,No,88,Not Applicable,88,Not Applicable,88,Not Applicable,88,Not Applicable,TRUE,1,Public Road,1,"Trafficway, On Road",CT0009300,New Haven PD,125,45:07.0,C,Closed,05:50.0,,2,17300,4,MINOR ARTERIAL - NEW HPMS,2,Urban
887478,1,Complete,887478,887478,41.338901,-72.976779,3389575,New Haven,93,93,New Haven,7/12/2021,2021,7,July,12,2,Monday,16:52:00,16,21025413,A,2,,Motor Vehicle In Motion,"Injury of any type (Serious, Minor, Possible)",C,Possible Injury (C),0,0,3,State,0.31,69,69-N,69-N,POND LILY AV,,,,,41.338901,-72.976779,14,Motor Vehicle in Operation,3,Angle,1,On Roadway,1,Clear,88,Not Applicable,1,Daylight,1,Dry,0,None,88,Not Applicable,88,Not Applicable,0,None,88,Not Applicable,88,Not Applicable,2,Intersection,3,T-Intersection,1,No,1,No,88,Not Applicable,88,Not Applicable,88,Not Applicable,88,Not Applicable,TRUE,1,Public Road,1,"Trafficway, On Road",CT0009300,New Haven PD,40803,36:16.0,O,Open,05:49.0,,3,21000,3,PRINCIPAL ARTERIAL - OTHER - NEW HPMS,2,Urban
887483,1,Complete,887483,887483,41.326709,-72.933235,3389580,New Haven,93,93,New Haven,7/13/2021,2021,7,July,13,3,Tuesday,7:51:00,7,21025457,A,2,,Motor Vehicle In Motion,"Injury of any type (Serious, Minor, Possible)",C,Possible Injury (C),0,0,4,Local,0.1,151,DIVISION ST,DIVISION ST,SHELTON AV,,,,,41.326709,-72.933235,14,Motor Vehicle in Operation,3,Angle,1,On Roadway,2,Cloudy,88,Not Applicable,1,Daylight,2,Wet,0,None,88,Not Applicable,88,Not Applicable,0,None,88,Not Applicable,88,Not Applicable,2,Intersection,2,Four-Way Intersection,1,No,1,No,88,Not Applicable,88,Not Applicable,88,Not Applicable,88,Not Applicable,FALSE,1,Public Road,1,"Trafficway, On Road",CT0009300,New Haven PD,87,26:29.0,C,Closed,05:55.0,,2,3700,4,MINOR ARTERIAL - NEW HPMS,2,Urban
887492,1,Complete,887492,887492,41.297833,-72.934274,3389589,New Haven,93,93,New Haven,7/13/2021,2021,7,July,13,3,Tuesday,21:33:00,21,21025575,A,2,,Motor Vehicle In Motion,"Injury of any type (Serious, Minor, Possible)",C,Possible Injury (C),0,2,2,USRoute,47.4,1,1-N,1-N,HOWARD AV,,,,,41.297833,-72.934274,14,Motor Vehicle in Operation,97,Other,1,On Roadway,4,Rain,88,Not Applicable,4,Dark-Lighted,2,Wet,99,Unknown,88,Not Applicable,88,Not Applicable,99,Unknown,88,Not Applicable,88,Not Applicable,2,Intersection,2,Four-Way Intersection,1,No,1,No,88,Not Applicable,88,Not Applicable,88,Not Applicable,88,Not Applicable,FALSE,1,Public Road,1,"Trafficway, On Road",CT0009300,New Haven PD,40947,36:24.0,C,Closed,06:01.0,,2,8400,3,PRINCIPAL ARTERIAL - OTHER - NEW HPMS,2,Urban
887493,1,Complete,887493,887493,41.317558,-72.944873,3389590,New Haven,93,93,New Haven,7/14/2021,2021,7,July,14,4,Wednesday,4:17:00,4,21025601,A,2,,Parked Vehicle,"Injury of any type (Serious, Minor, Possible)",C,Possible Injury (C),0,0,4,Local,0.24,653,WHALLEY AV,WHALLEY AV,,WITHROP AVE,108,Feet,W,41.317558,-72.944873,15,Parked Motor Vehicle,4,"Sideswipe, same direction",2,Shoulder,4,Rain,88,Not Applicable,4,Dark-Lighted,2,Wet,0,None,88,Not Applicable,88,Not Applicable,0,None,88,Not Applicable,88,Not Applicable,1,Non-Junction,1,Not at Intersection,1,No,1,No,88,Not Applicable,88,Not Applicable,88,Not Applicable,88,Not Applicable,FALSE,1,Public Road,1,"Trafficway, On Road",CT0009300,New Haven PD,40956,03:34.0,C,Closed,06:01.0,,,,,,,
887495,1,Complete,887495,887495,41.315196,-72.942964,3389592,New Haven,93,93,New Haven,7/14/2021,2021,7,July,14,4,Wednesday,8:33:00,8,21025617,A,2,,Motor Vehicle In Motion,"Injury of any type (Serious, Minor, Possible)",C,Possible Injury (C),0,0,4,Local,0.67,556,SHERMAN AV,SHERMAN AV,ELM ST NO 1,,,,,41.315196,-72.942964,14,Motor Vehicle in Operation,3,Angle,1,On Roadway,2,Cloudy,88,Not Applicable,1,Daylight,1,Dry,0,None,88,Not Applicable,88,Not Applicable,0,None,88,Not Applicable,88,Not Applicable,2,Intersection,2,Four-Way Intersection,1,No,1,No,88,Not Applicable,88,Not Applicable,88,Not Applicable,88,Not Applicable,FALSE,1,Public Road,1,"Trafficway, On Road",CT0009300,New Haven PD,359,20:59.0,C,Closed,06:04.0,,,,,,,
887499,1,Complete,887499,887499,41.3069,-72.94243,3389596,New Haven,93,93,New Haven,7/14/2021,2021,7,July,14,4,Wednesday,12:02:00,12,21025631,A,2,,Motor Vehicle In Motion,"Injury of any type (Serious, Minor, Possible)",C,Possible Injury (C),0,0,4,Local,1.02,809,REV DR MLK JR BLVD,REV DR MLK JR BLVD,ORCHARD ST,,,,,41.3069,-72.94243,14,Motor Vehicle in Operation,4,"Sideswipe, same direction",1,On Roadway,2,Cloudy,88,Not Applicable,1,Daylight,1,Dry,0,None,88,Not Applicable,88,Not Applicable,0,None,88,Not Applicable,88,Not Applicable,2,Intersection,2,Four-Way Intersection,1,No,1,No,88,Not Applicable,88,Not Applicable,88,Not Applicable,88,Not Applicable,TRUE,1,Public Road,1,"Trafficway, On Road",CT0009300,New Haven PD,332,40:54.0,O,Open,06:07.0,,,,,,,
887526,1,Complete,887526,887526,41.322256,-72.953419,3389623,New Haven,93,93,New Haven,7/14/2021,2021,7,July,14,4,Wednesday,19:20:00,19,21025685,A,2,,Motor Vehicle In Motion,"Injury of any type (Serious, Minor, Possible)",C,Possible Injury (C),0,0,3,State,3.35,10,10-N,10-N,OSBORN AV,,,,,41.322256,-72.953419,14,Motor Vehicle in Operation,3,Angle,1,On Roadway,1,Clear,88,Not Applicable,1,Daylight,1,Dry,0,None,88,Not Applicable,88,Not Applicable,0,None,88,Not Applicable,88,Not Applicable,2,Intersection,3,T-Intersection,1,No,1,No,88,Not Applicable,88,Not Applicable,88,Not Applicable,88,Not Applicable,FALSE,1,Public Road,1,"Trafficway, On Road",CT0009300,New Haven PD,79,36:16.0,C,Closed,06:12.0,,4,18000,3,PRINCIPAL ARTERIAL - OTHER - NEW HPMS,2,Urban
887531,1,Complete,887531,887531,41.330683,-72.921409,3389628,New Haven,93,93,New Haven,7/15/2021,2021,7,July,15,5,Thursday,9:29:00,9,21025763,A,2,,Motor Vehicle In Motion,"Injury of any type (Serious, Minor, Possible)",C,Possible Injury (C),0,0,4,Local,1.33,495,PROSPECT ST,PROSPECT ST,HUNTINGTON ST,,,,,41.330683,-72.921409,14,Motor Vehicle in Operation,3,Angle,1,On Roadway,1,Clear,88,Not Applicable,1,Daylight,1,Dry,0,None,88,Not Applicable,88,Not Applicable,0,None,88,Not Applicable,88,Not Applicable,2,Intersection,2,Four-Way Intersection,1,No,1,No,88,Not Applicable,88,Not Applicable,88,Not Applicable,88,Not Applicable,TRUE,1,Public Road,1,"Trafficway, On Road",CT0009300,New Haven PD,2,14:39.0,C,Closed,06:33.0,,,,,,,
887533,1,Complete,887533,887533,41.322528,-72.8785,3389630,New Haven,93,93,New Haven,7/15/2021,2021,7,July,15,5,Thursday,11:23:00,11,21025789,A,2,,Motor Vehicle In Motion,"Injury of any type (Serious, Minor, Possible)",C,Possible Injury (C),0,0,3,State,0.18,80,80-E,80-E,,MIDDLETOWN AVE,950,Feet,E,41.322528,-72.8785,14,Motor Vehicle in Operation,3,Angle,1,On Roadway,1,Clear,88,Not Applicable,1,Daylight,1,Dry,0,None,88,Not Applicable,88,Not Applicable,0,None,88,Not Applicable,88,Not Applicable,1,Non-Junction,1,Not at Intersection,1,No,1,No,88,Not Applicable,88,Not Applicable,88,Not Applicable,88,Not Applicable,FALSE,1,Public Road,1,"Trafficway, On Road",CT0009300,New Haven PD,430,31:10.0,C,Closed,06:16.0,,5,32100,3,PRINCIPAL ARTERIAL - OTHER - NEW HPMS,2,Urban
887534,1,Complete,887534,887534,41.317039,-72.943307,3389631,New Haven,93,93,New Haven,7/15/2021,2021,7,July,15,5,Thursday,12:16:00,12,21025794,A,2,,Motor Vehicle In Motion,"Injury of any type (Serious, Minor, Possible)",C,Possible Injury (C),0,0,4,Local,0.33,653,WHALLEY AV,WHALLEY AV,,CARMEL ST,25,Feet,E,41.317039,-72.943307,14,Motor Vehicle in Operation,1,Front to rear,1,On Roadway,1,Clear,88,Not Applicable,1,Daylight,1,Dry,0,None,88,Not Applicable,88,Not Applicable,0,None,88,Not Applicable,88,Not Applicable,1,Non-Junction,1,Not at Intersection,1,No,1,No,88,Not Applicable,88,Not Applicable,88,Not Applicable,88,Not Applicable,TRUE,1,Public Road,1,"Trafficway, On Road",CT0009300,New Haven PD,332,30:14.0,C,Closed,06:17.0,,,,,,,
887535,1,Complete,887535,887535,41.329498,-72.876353,3389632,New Haven,93,93,New Haven,7/15/2021,2021,7,July,15,5,Thursday,11:44:00,11,21025798,A,2,,Motor Vehicle In Motion,"Injury of any type (Serious, Minor, Possible)",C,Possible Injury (C),0,0,3,State,0.69,17,17-N,17-N,ELLIS ST,,,,,41.329498,-72.876353,14,Motor Vehicle in Operation,3,Angle,1,On Roadway,1,Clear,88,Not Applicable,1,Daylight,1,Dry,0,None,88,Not Applicable,88,Not Applicable,0,None,88,Not Applicable,88,Not Applicable,2,Intersection,3,T-Intersection,1,No,1,No,88,Not Applicable,88,Not Applicable,88,Not Applicable,88,Not Applicable,FALSE,1,Public Road,1,"Trafficway, On Road",CT0009300,New Haven PD,156,46:30.0,C,Closed,06:17.0,,2,14200,3,PRINCIPAL ARTERIAL - OTHER - NEW HPMS,2,Urban
887540,1,Complete,887540,887540,41.326569,-72.963,3389637,New Haven,93,93,New Haven,7/15/2021,2021,7,July,15,5,Thursday,15:39:00,15,21025817,A,3,,Motor Vehicle In Motion,"Injury of any type (Serious, Minor, Possible)",C,Possible Injury (C),0,0,3,State,6.5,243,243-E,243-E,HARRISON ST,,,,,41.326569,-72.963,14,Motor Vehicle in Operation,3,Angle,1,On Roadway,1,Clear,88,Not Applicable,1,Daylight,1,Dry,0,None,88,Not Applicable,88,Not Applicable,0,None,88,Not Applicable,88,Not Applicable,2,Intersection,3,T-Intersection,1,No,1,No,88,Not Applicable,88,Not Applicable,88,Not Applicable,88,Not Applicable,FALSE,1,Public Road,1,"Trafficway, On Road",CT0009300,New Haven PD,40804,58:20.0,C,Closed,06:47.0,,1,10500,4,MINOR ARTERIAL - NEW HPMS,2,Urban
887541,1,Complete,887541,887541,41.298589,-72.929005,3389638,New Haven,93,93,New Haven,7/15/2021,2021,7,July,15,5,Thursday,16:45:00,16,21025829,A,2,,Motor Vehicle In Motion,"Injury of any type (Serious, Minor, Possible)",A,Suspected Serious Injury (A),0,0,2,USRoute,47.67,1,1-N,1-N,COLUMBUS AV NO 1,,,,,41.298589,-72.929005,14,Motor Vehicle in Operation,3,Angle,1,On Roadway,1,Clear,88,Not Applicable,1,Daylight,1,Dry,0,None,88,Not Applicable,88,Not Applicable,0,None,88,Not Applicable,88,Not Applicable,2,Intersection,2,Four-Way Intersection,1,No,1,No,88,Not Applicable,88,Not Applicable,88,Not Applicable,88,Not Applicable,FALSE,1,Public Road,1,"Trafficway, On Road",CT0009300,New Haven PD,156,20:15.0,C,Closed,06:21.0,,4,9000,3,PRINCIPAL ARTERIAL - OTHER - NEW HPMS,2,Urban
887547,1,Complete,887547,887547,41.298757,-72.929124,3389644,New Haven,93,93,New Haven,7/16/2021,2021,7,July,16,6,Friday,13:26:00,13,21025941,A,2,,Motor Vehicle In Motion,"Injury of any type (Serious, Minor, Possible)",C,Possible Injury (C),0,0,2,USRoute,47.67,1,1-S,1-S,CHURCH ST SOUTH NO 1,,,,,41.298757,-72.929124,14,Motor Vehicle in Operation,2,Front to front,1,On Roadway,1,Clear,88,Not Applicable,1,Daylight,1,Dry,0,None,88,Not Applicable,88,Not Applicable,0,None,88,Not Applicable,88,Not Applicable,2,Intersection,2,Four-Way Intersection,1,No,1,No,88,Not Applicable,88,Not Applicable,88,Not Applicable,88,Not Applicable,TRUE,1,Public Road,1,"Trafficway, On Road",CT0009300,New Haven PD,26,10:40.0,C,Closed,06:54.0,,4,9000,3,PRINCIPAL ARTERIAL - OTHER - NEW HPMS,2,Urban
887553,1,Complete,887553,887553,41.313103,-72.921758,3389650,New Haven,93,93,New Haven,7/16/2021,2021,7,July,16,6,Friday,20:28:00,20,21025989,A,2,,Motor Vehicle In Motion,"Injury of any type (Serious, Minor, Possible)",C,Possible Injury (C),0,0,4,Local,0.17,601,TRUMBULL ST,TRUMBULL ST,WHITNEY AV,,,,,41.313103,-72.921758,14,Motor Vehicle in Operation,3,Angle,1,On Roadway,4,Rain,88,Not Applicable,3,Dusk,2,Wet,0,None,88,Not Applicable,88,Not Applicable,0,None,88,Not Applicable,88,Not Applicable,2,Intersection,3,T-Intersection,1,No,1,No,88,Not Applicable,88,Not Applicable,88,Not Applicable,88,Not Applicable,FALSE,1,Public Road,1,"Trafficway, On Road",CT0009300,New Haven PD,42048,29:38.0,C,Closed,07:02.0,,,,,,,
887557,1,Complete,887557,887557,41.304223,-72.895604,3389654,New Haven,93,93,New Haven,7/17/2021,2021,7,July,17,7,Saturday,0:26:00,0,21026012,A,2,,Motor Vehicle In Motion,"Injury of any type (Serious, Minor, Possible)",C,Possible Injury (C),0,0,4,Local,0.17,97,CHAPEL ST,CHAPEL ST,,POPLAR STREET,190,Feet,E,41.304223,-72.895604,14,Motor Vehicle in Operation,6,Rear to side,1,On Roadway,1,Clear,88,Not Applicable,4,Dark-Lighted,1,Dry,0,None,88,Not Applicable,88,Not Applicable,0,None,88,Not Applicable,88,Not Applicable,1,Non-Junction,1,Not at Intersection,1,No,1,No,88,Not Applicable,88,Not Applicable,88,Not Applicable,88,Not Applicable,FALSE,1,Public Road,1,"Trafficway, On Road",CT0009300,New Haven PD,370,19:22.0,C,Closed,08:49.0,,,,,,,
887558,1,Complete,887558,887558,41.314153,-72.941082,3389655,New Haven,93,93,New Haven,7/16/2021,2021,7,July,16,6,Friday,22:58:00,22,21026017,A,2,,Motor Vehicle In Motion,"Injury of any type (Serious, Minor, Possible)",C,Possible Injury (C),0,0,4,Local,0.23,50,BEERS ST,BEERS ST,,ELM ST,100,Feet,S,41.314153,-72.941082,14,Motor Vehicle in Operation,1,Front to rear,1,On Roadway,1,Clear,88,Not Applicable,3,Dusk,1,Dry,0,None,88,Not Applicable,88,Not Applicable,0,None,88,Not Applicable,88,Not Applicable,1,Non-Junction,1,Not at Intersection,1,No,1,No,88,Not Applicable,88,Not Applicable,88,Not Applicable,88,Not Applicable,FALSE,1,Public Road,1,"Trafficway, On Road",CT0009300,New Haven PD,40789,17:16.0,C,Closed,06:41.0,,,,,,,
887560,1,Complete,887560,887560,41.295748,-72.893005,3389657,New Haven,93,93,New Haven,7/17/2021,2021,7,July,17,7,Saturday,3:21:00,3,21026024,A,2,,Motor Vehicle In Motion,"Injury of any type (Serious, Minor, Possible)",B,Suspected Minor Injury (B),0,0,4,Local,0.09,210,FARREN AV,FARREN AV,,CHAIMBERLAIN ST,400,Feet,N,41.295748,-72.893005,14,Motor Vehicle in Operation,2,Front to front,1,On Roadway,1,Clear,88,Not Applicable,4,Dark-Lighted,1,Dry,0,None,88,Not Applicable,88,Not Applicable,0,None,88,Not Applicable,88,Not Applicable,1,Non-Junction,1,Not at Intersection,1,No,1,No,88,Not Applicable,88,Not Applicable,88,Not Applicable,88,Not Applicable,FALSE,1,Public Road,1,"Trafficway, On Road",CT0009300,New Haven PD,415,14:39.0,C,Closed,07:06.0,,,,,,,
887563,1,Complete,887563,887563,41.302331,-72.927703,3389660,New Haven,93,93,New Haven,7/17/2021,2021,7,July,17,7,Saturday,13:19:00,13,21026049,A,2,,Motor Vehicle In Motion,"Injury of any type (Serious, Minor, Possible)",C,Possible Injury (C),0,0,4,Local,0.15,809,REV DR MLK JR BLVD,REV DR MLK JR BLVD,,CHURCH ST,200,Feet,S,41.302331,-72.927703,14,Motor Vehicle in Operation,1,Front to rear,1,On Roadway,1,Clear,88,Not Applicable,1,Daylight,1,Dry,0,None,88,Not Applicable,88,Not Applicable,0,None,88,Not Applicable,88,Not Applicable,1,Non-Junction,1,Not at Intersection,1,No,1,No,88,Not Applicable,88,Not Applicable,88,Not Applicable,88,Not Applicable,FALSE,1,Public Road,1,"Trafficway, On Road",CT0009300,New Haven PD,125,55:18.0,C,Closed,06:37.0,,,,,,,
887564,1,Complete,887564,887564,41.31171,-72.8999,3389661,New Haven,93,93,New Haven,7/17/2021,2021,7,July,17,7,Saturday,14:02:00,14,21026051,A,2,,Motor Vehicle In Motion,"Injury of any type (Serious, Minor, Possible)",C,Possible Injury (C),0,0,4,Local,0.6,57,BLATCHLEY AV,BLATCHLEY AV,PINE ST NO 1,,,,,41.31171,-72.8999,14,Motor Vehicle in Operation,3,Angle,1,On Roadway,1,Clear,88,Not Applicable,1,Daylight,1,Dry,0,None,88,Not Applicable,88,Not Applicable,0,None,88,Not Applicable,88,Not Applicable,2,Intersection,2,Four-Way Intersection,1,No,1,No,88,Not Applicable,88,Not Applicable,88,Not Applicable,88,Not Applicable,FALSE,1,Public Road,1,"Trafficway, On Road",CT0009300,New Haven PD,40789,09:04.0,C,Closed,06:51.0,,,,,,,
887570,1,Complete,887570,887570,41.312624,-72.896333,3389667,New Haven,93,93,New Haven,7/18/2021,2021,7,July,18,1,Sunday,1:09:00,1,21026102,A,2,,Parked Vehicle,"Injury of any type (Serious, Minor, Possible)",C,Possible Injury (C),0,1,4,Local,0.5,213,FERRY ST,FERRY ST,,GRAFTON ST,175,Feet,S,41.312624,-72.896333,15,Parked Motor Vehicle,4,"Sideswipe, same direction",2,Shoulder,4,Rain,88,Not Applicable,4,Dark-Lighted,2,Wet,0,None,88,Not Applicable,88,Not Applicable,0,None,88,Not Applicable,88,Not Applicable,1,Non-Junction,1,Not at Intersection,1,No,1,No,88,Not Applicable,88,Not Applicable,88,Not Applicable,88,Not Applicable,TRUE,1,Public Road,1,"Trafficway, On Road",CT0009300,New Haven PD,971,29:04.0,C,Closed,06:50.0,21026102,,,,,,
887571,1,Complete,887571,887571,41.311703,-72.944411,3389668,New Haven,93,93,New Haven,7/18/2021,2021,7,July,18,1,Sunday,3:31:00,3,21026111,A,3,,Motor Vehicle In Motion,"Injury of any type (Serious, Minor, Possible)",C,Possible Injury (C),0,0,4,Local,0.42,556,SHERMAN AV,SHERMAN AV,,CHAPEL ST,100,Feet,N,41.311703,-72.944411,14,Motor Vehicle in Operation,1,Front to rear,1,On Roadway,1,Clear,88,Not Applicable,3,Dusk,1,Dry,0,None,88,Not Applicable,88,Not Applicable,0,None,88,Not Applicable,88,Not Applicable,2,Intersection,2,Four-Way Intersection,1,No,1,No,88,Not Applicable,88,Not Applicable,88,Not Applicable,88,Not Applicable,FALSE,1,Public Road,1,"Trafficway, On Road",CT0009300,New Haven PD,40789,09:56.0,C,Closed,07:34.0,,,,,,,
887572,1,Complete,887572,887572,41.322237,-72.877777,3389669,New Haven,93,93,New Haven,7/18/2021,2021,7,July,18,1,Sunday,7:26:00,7,21026117,A,2,,Motor Vehicle In Motion,"Injury of any type (Serious, Minor, Possible)",C,Possible Injury (C),0,0,3,State,0.22,80,80-E,80-E,,MIDDLETOWN AVE,1186,Feet,E,41.322237,-72.877777,14,Motor Vehicle in Operation,1,Front to rear,1,On Roadway,1,Clear,88,Not Applicable,1,Daylight,2,Wet,0,None,88,Not Applicable,88,Not Applicable,0,None,88,Not Applicable,88,Not Applicable,3,Intersection-Related,3,T-Intersection,1,No,1,No,88,Not Applicable,88,Not Applicable,88,Not Applicable,88,Not Applicable,FALSE,1,Public Road,1,"Trafficway, On Road",CT0009300,New Haven PD,86,59:58.0,C,Closed,06:43.0,,5,32100,3,PRINCIPAL ARTERIAL - OTHER - NEW HPMS,2,Urban
887574,1,Complete,887574,887574,41.325715,-72.95831,3389671,New Haven,93,93,New Haven,7/18/2021,2021,7,July,18,1,Sunday,8:42:00,8,21026122,A,2,,Motor Vehicle In Motion,"Injury of any type (Serious, Minor, Possible)",C,Possible Injury (C),0,0,3,State,0.1,63,63-N,63-N,WEST ROCK AV NO 1,,,,,41.325715,-72.95831,14,Motor Vehicle in Operation,1,Front to rear,1,On Roadway,2,Cloudy,88,Not Applicable,1,Daylight,2,Wet,0,None,88,Not Applicable,88,Not Applicable,0,None,88,Not Applicable,88,Not Applicable,2,Intersection,2,Four-Way Intersection,1,No,1,No,88,Not Applicable,88,Not Applicable,88,Not Applicable,88,Not Applicable,TRUE,1,Public Road,1,"Trafficway, On Road",CT0009300,New Haven PD,91,27:19.0,C,Closed,06:41.0,,4,23100,3,PRINCIPAL ARTERIAL - OTHER - NEW HPMS,2,Urban