CrashId,Fatal Case Status,Fatal Case Status Text Format,CrashId,CrashId,Latitude,Longitude,DOT Case Number,Town Name,Town Number,Town Number,Town Number Text Format,Date Of Crash,Year,Month,Month Text Format,Day,Day of the Week,Day of the Week Text Format,Time of Crash,Hour of the Day,Case Identifier,Crash Severity,Number Of Motor Vehicles,Motor vehicle action,Most harmful event,Crash Severity Text Format,Most Severe Injury,Most Severe Injury Text Format,Number Of Non-Motorist,Number Of Witnesses,Route Class,Route Class Text Format,Milemarker,Road Number,Road Description,Roadway Name,Intersecting Roadway Name,Landmark Description,Distance From Nearest Landmark,Unit Of Measure From Nearest Landmark,Direction From Nearest Landmark,Latitude,Longitude,First Harmful Event,First Harmful Event Text Format,Manner of Crash / Collision Impact,Manner of Crash / Collision Impact Text Format,Location of First Harmful Event,Location of First Harmful Event Text Format,Weather Condition,Weather Condition Text Format,Weather 2,Weather 2 Text Format,Light Condition,Light Condition Text Format,Road Surface Condition,Road Surface Condition Text Format,"Contributing Circumstances, Environment","Contributing Circumstances, Environment Text Format",Environment 2,Environment 2 Text Format,Environment 3,Environment 3 Text Format,"Contributing Circumstances, Road","Contributing Circumstances, Road Text Format",Road 2,Road 2 Text Format,Road 3,Road 3 Text Format,Crash Specific Location,Crash Specific Location Text Format,Type of Intersection,Type of Intersection Text Format,School Bus Related,School Bus Related Text Format,Work Zone Related,Work Zone Related Text Format,Location Of Crash Relative To Work Zone,Location Of Crash Relative To Work Zone Text Format,Type of Work Zone,Type of Work Zone Text Format,Worker Presence,Worker Presence Text Format,Law Enforcement Presence,Law Enforcement Presence Text Format,Were Vehicles Moved Prior To Police Arrival,Trafficway Ownership,Trafficway Ownership Text Format,Trafficway Class,Trafficway Class Text Format,Police Agency,Police Agency Text Format,Badge Number,Approval Date,Police Case Status,Police Case Status Text Format,Crash Report Submission Date,Related Case Identifiers,No. of Through Lanes (Log Dir.),Average Daily Traffic,Functional Classification,Functional Classification Text Format,Rural or Urban,Rural or Urban Text Format
887580,1,Complete,887580,887580,41.311666,-72.899886,3389677,New Haven,93,93,New Haven,7/18/2021,2021,7,July,18,1,Sunday,16:41:00,16,21026162,A,2,,Motor Vehicle In Motion,"Injury of any type (Serious, Minor, Possible)",C,Possible Injury (C),0,0,4,Local,0.6,57,BLATCHLEY AV,BLATCHLEY AV,PINE ST NO 1,,,,,41.311666,-72.899886,14,Motor Vehicle in Operation,5,"Sideswipe, opposite direction",1,On Roadway,1,Clear,88,Not Applicable,1,Daylight,1,Dry,0,None,88,Not Applicable,88,Not Applicable,0,None,88,Not Applicable,88,Not Applicable,2,Intersection,2,Four-Way Intersection,1,No,1,No,88,Not Applicable,88,Not Applicable,88,Not Applicable,88,Not Applicable,TRUE,1,Public Road,1,"Trafficway, On Road",CT0009300,New Haven PD,40788,54:10.0,C,Closed,06:45.0,,,,,,,
887585,1,Complete,887585,887585,41.3155812,-72.9009045,3389682,New Haven,93,93,New Haven,7/18/2021,2021,7,July,18,1,Sunday,19:06:00,19,21026180,A,2,,Motor Vehicle In Motion,"Injury of any type (Serious, Minor, Possible)",C,Possible Injury (C),0,0,4,Local,0.88,57,BLATCHLEY AV,BLATCHLEY AV,PECK ST NO 1,,,,,41.3155812,-72.9009045,14,Motor Vehicle in Operation,3,Angle,1,On Roadway,1,Clear,88,Not Applicable,1,Daylight,1,Dry,0,None,88,Not Applicable,88,Not Applicable,0,None,88,Not Applicable,88,Not Applicable,2,Intersection,2,Four-Way Intersection,1,No,1,No,88,Not Applicable,88,Not Applicable,88,Not Applicable,88,Not Applicable,FALSE,1,Public Road,1,"Trafficway, On Road",CT0009300,New Haven PD,42055,19:52.0,C,Closed,06:47.0,,,,,,,
887587,1,Complete,887587,887587,41.320611,-72.941287,3389684,New Haven,93,93,New Haven,7/18/2021,2021,7,July,18,1,Sunday,19:58:00,19,21026193,A,3,,Motor Vehicle In Motion,"Injury of any type (Serious, Minor, Possible)",C,Possible Injury (C),0,1,4,Local,0.55,258,GOFFE TER,GOFFE TER,CRESCENT ST,,,,,41.320611,-72.941287,14,Motor Vehicle in Operation,3,Angle,1,On Roadway,2,Cloudy,88,Not Applicable,1,Daylight,1,Dry,0,None,88,Not Applicable,88,Not Applicable,0,None,88,Not Applicable,88,Not Applicable,2,Intersection,2,Four-Way Intersection,1,No,1,No,88,Not Applicable,88,Not Applicable,88,Not Applicable,88,Not Applicable,FALSE,1,Public Road,1,"Trafficway, On Road",CT0009300,New Haven PD,40821,01:52.0,O,Open,06:58.0,,,,,,,
887589,1,Complete,887589,887589,41.29771,-72.93764,3389686,New Haven,93,93,New Haven,7/18/2021,2021,7,July,18,1,Sunday,21:34:00,21,21026209,A,2,,Motor Vehicle In Motion,"Injury of any type (Serious, Minor, Possible)",B,Suspected Minor Injury (B),0,1,2,USRoute,47.22,1,1-N,1-N,WASHINGTON AV NO 1,,,,,41.29771,-72.93764,14,Motor Vehicle in Operation,1,Front to rear,1,On Roadway,1,Clear,88,Not Applicable,6,Dark-Unknown Lighting,1,Dry,0,None,88,Not Applicable,88,Not Applicable,0,None,88,Not Applicable,88,Not Applicable,2,Intersection,3,T-Intersection,1,No,1,No,88,Not Applicable,88,Not Applicable,88,Not Applicable,88,Not Applicable,FALSE,1,Public Road,1,"Trafficway, On Road",CT0009300,New Haven PD,42369,23:11.0,C,Closed,07:01.0,,2,8600,3,PRINCIPAL ARTERIAL - OTHER - NEW HPMS,2,Urban
887590,1,Complete,887590,887590,41.31009,-72.95325,3389687,New Haven,93,93,New Haven,7/18/2021,2021,7,July,18,1,Sunday,23:00:00,23,21026217,A,2,,Motor Vehicle In Motion,"Injury of any type (Serious, Minor, Possible)",C,Possible Injury (C),0,0,3,State,2.38,10,10-N,10-N,DERBY AV,,,,,41.31009,-72.95325,14,Motor Vehicle in Operation,1,Front to rear,1,On Roadway,1,Clear,88,Not Applicable,4,Dark-Lighted,1,Dry,0,None,88,Not Applicable,88,Not Applicable,0,None,88,Not Applicable,88,Not Applicable,2,Intersection,2,Four-Way Intersection,1,No,1,No,88,Not Applicable,88,Not Applicable,88,Not Applicable,88,Not Applicable,TRUE,1,Public Road,1,"Trafficway, On Road",CT0009300,New Haven PD,746,13:32.0,C,Closed,06:58.0,,4,33100,3,PRINCIPAL ARTERIAL - OTHER - NEW HPMS,2,Urban
887591,1,Complete,887591,887591,41.297521,-72.948921,3389688,New Haven,93,93,New Haven,7/19/2021,2021,7,July,19,2,Monday,1:32:00,1,21026228,A,2,,Motor Vehicle In Motion,"Injury of any type (Serious, Minor, Possible)",C,Possible Injury (C),0,0,3,State,1.47,10,10-N,10-N,1-N,,,,,41.297521,-72.948921,14,Motor Vehicle in Operation,3,Angle,1,On Roadway,1,Clear,88,Not Applicable,4,Dark-Lighted,1,Dry,0,None,88,Not Applicable,88,Not Applicable,0,None,88,Not Applicable,88,Not Applicable,2,Intersection,2,Four-Way Intersection,1,No,1,No,88,Not Applicable,88,Not Applicable,88,Not Applicable,88,Not Applicable,FALSE,1,Public Road,1,"Trafficway, On Road",CT0009300,New Haven PD,293,57:52.0,C,Closed,07:04.0,,4,20700,3,PRINCIPAL ARTERIAL - OTHER - NEW HPMS,2,Urban
887600,1,Complete,887600,887600,41.3035242,-72.9104682,3389697,New Haven,93,93,New Haven,7/19/2021,2021,7,July,19,2,Monday,19:45:00,19,21026324,A,2,,Motor Vehicle In Motion,"Injury of any type (Serious, Minor, Possible)",C,Possible Injury (C),0,0,4,Local,0.93,97,CHAPEL ST,CHAPEL ST,EAST ST,,,,,41.3035242,-72.9104682,14,Motor Vehicle in Operation,4,"Sideswipe, same direction",1,On Roadway,99,Unknown,88,Not Applicable,6,Dark-Unknown Lighting,99,Unknown,0,None,88,Not Applicable,88,Not Applicable,0,None,88,Not Applicable,88,Not Applicable,2,Intersection,2,Four-Way Intersection,1,No,1,No,88,Not Applicable,88,Not Applicable,88,Not Applicable,88,Not Applicable,TRUE,1,Public Road,1,"Trafficway, On Road",CT0009300,New Haven PD,42055,32:15.0,O,Open,07:00.0,,,,,,,
887601,1,Complete,887601,887601,41.314567,-72.90074,3389698,New Haven,93,93,New Haven,7/19/2021,2021,7,July,19,2,Monday,21:22:00,21,21026332,A,1,,Pedalcycle/Pedalcyclist,"Injury of any type (Serious, Minor, Possible)",A,Suspected Serious Injury (A),1,0,4,Local,0.18,379,LOMBARD ST,LOMBARD ST,BLATCHLEY AV,,,,,41.314567,-72.90074,10,Pedalcycle/Pedalcyclist,3,Angle,1,On Roadway,1,Clear,88,Not Applicable,4,Dark-Lighted,1,Dry,0,None,88,Not Applicable,88,Not Applicable,0,None,88,Not Applicable,88,Not Applicable,2,Intersection,2,Four-Way Intersection,1,No,1,No,88,Not Applicable,88,Not Applicable,88,Not Applicable,88,Not Applicable,FALSE,1,Public Road,1,"Trafficway, On Road",CT0009300,New Haven PD,42053,44:22.0,O,Open,07:02.0,,,,,,,
887602,1,Complete,887602,887602,41.313083,-72.932395,3389699,New Haven,93,93,New Haven,7/18/2021,2021,7,July,18,1,Sunday,21:00:00,21,21026339,A,2,,Motor Vehicle In Motion,"Injury of any type (Serious, Minor, Possible)",C,Possible Injury (C),0,0,4,Local,0.69,257,GOFFE ST,GOFFE ST,,BROAD WAY,20,Feet,E,41.313083,-72.932395,14,Motor Vehicle in Operation,1,Front to rear,1,On Roadway,1,Clear,88,Not Applicable,4,Dark-Lighted,1,Dry,99,Unknown,88,Not Applicable,88,Not Applicable,0,None,88,Not Applicable,88,Not Applicable,1,Non-Junction,1,Not at Intersection,1,No,1,No,88,Not Applicable,88,Not Applicable,88,Not Applicable,88,Not Applicable,FALSE,1,Public Road,1,"Trafficway, On Road",CT0009300,New Haven PD,40808,21:37.0,C,Closed,07:53.0,,,,,,,
887603,1,Complete,887603,887603,41.303539,-72.931279,3389700,New Haven,93,93,New Haven,7/19/2021,2021,7,July,19,2,Monday,22:20:00,22,21026341,A,1,,Work Zone/Maintenance Equipment,"Injury of any type (Serious, Minor, Possible)",B,Suspected Minor Injury (B),0,1,4,Local,0.11,564,SOUTH FRONTAGE RD,SOUTH FRONTAGE RD,,COLLEGE ST,100,Feet,W,41.303539,-72.931279,17,Work Zone/Maintenance Equipment,88,Not Applicable,8,"Off Roadway,  Location Unknown",1,Clear,88,Not Applicable,4,Dark-Lighted,1,Dry,0,None,88,Not Applicable,88,Not Applicable,0,None,88,Not Applicable,88,Not Applicable,1,Non-Junction,1,Not at Intersection,1,No,1,No,88,Not Applicable,88,Not Applicable,88,Not Applicable,88,Not Applicable,FALSE,1,Public Road,1,"Trafficway, On Road",CT0009300,New Haven PD,476,16:34.0,O,Open,07:03.0,,2,3200,3,PRINCIPAL ARTERIAL - OTHER - NEW HPMS,2,Urban
887610,1,Complete,887610,887610,41.31592,-72.94049,3389707,New Haven,93,93,New Haven,7/20/2021,2021,7,July,20,3,Tuesday,13:49:00,13,21026397,A,3,,Motor Vehicle In Motion,"Injury of any type (Serious, Minor, Possible)",B,Suspected Minor Injury (B),0,0,4,Local,0.49,653,WHALLEY AV,WHALLEY AV,,COUNTY ST,50,Feet,W,41.31592,-72.94049,14,Motor Vehicle in Operation,1,Front to rear,1,On Roadway,1,Clear,88,Not Applicable,1,Daylight,1,Dry,0,None,88,Not Applicable,88,Not Applicable,0,None,88,Not Applicable,88,Not Applicable,9,Driveway Access-Related,1,Not at Intersection,1,No,1,No,88,Not Applicable,88,Not Applicable,88,Not Applicable,88,Not Applicable,FALSE,1,Public Road,1,"Trafficway, On Road",CT0009300,New Haven PD,238,35:09.0,C,Closed,07:11.0,,,,,,,
887611,1,Complete,887611,887611,41.310944,-72.930564,3389708,New Haven,93,93,New Haven,7/20/2021,2021,7,July,20,3,Tuesday,15:28:00,15,21026405,A,2,,Motor Vehicle In Motion,"Injury of any type (Serious, Minor, Possible)",C,Possible Injury (C),0,0,4,Local,0.16,726,ELM ST NO 2,ELM ST NO 2,,,,,,41.310944,-72.930564,14,Motor Vehicle in Operation,1,Front to rear,1,On Roadway,1,Clear,88,Not Applicable,1,Daylight,1,Dry,0,None,88,Not Applicable,88,Not Applicable,0,None,88,Not Applicable,88,Not Applicable,2,Intersection,4,Y-Intersection,1,No,1,No,88,Not Applicable,88,Not Applicable,88,Not Applicable,88,Not Applicable,FALSE,1,Public Road,1,"Trafficway, On Road",CT0009300,New Haven PD,114,35:02.0,C,Closed,07:07.0,,,,,,,
887612,1,Complete,887612,887612,41.316757,-72.95179,3389709,New Haven,93,93,New Haven,7/20/2021,2021,7,July,20,3,Tuesday,16:44:00,16,21026413,A,2,,Motor Vehicle In Motion,"Injury of any type (Serious, Minor, Possible)",B,Suspected Minor Injury (B),0,1,4,Local,0.1,72,BROWNELL ST,BROWNELL ST,MAPLE ST,,,,,41.316757,-72.95179,14,Motor Vehicle in Operation,3,Angle,1,On Roadway,1,Clear,88,Not Applicable,1,Daylight,1,Dry,0,None,88,Not Applicable,88,Not Applicable,0,None,88,Not Applicable,88,Not Applicable,2,Intersection,2,Four-Way Intersection,1,No,1,No,88,Not Applicable,88,Not Applicable,88,Not Applicable,88,Not Applicable,FALSE,1,Public Road,1,"Trafficway, On Road",CT0009300,New Haven PD,276,57:55.0,C,Closed,07:07.0,21026413,,,,,,
887622,1,Complete,887622,887622,41.304334,-72.894406,3389719,New Haven,93,93,New Haven,7/16/2021,2021,7,July,16,6,Friday,23:00:00,23,21026442,A,2,,Motor Vehicle In Motion,"Injury of any type (Serious, Minor, Possible)",C,Possible Injury (C),0,0,4,Local,1.09,213,FERRY ST,FERRY ST,CHAPEL ST,,,,,41.304334,-72.894406,14,Motor Vehicle in Operation,3,Angle,1,On Roadway,99,Unknown,88,Not Applicable,4,Dark-Lighted,99,Unknown,0,None,88,Not Applicable,88,Not Applicable,0,None,88,Not Applicable,88,Not Applicable,2,Intersection,2,Four-Way Intersection,1,No,1,No,88,Not Applicable,88,Not Applicable,88,Not Applicable,88,Not Applicable,TRUE,1,Public Road,1,"Trafficway, On Road",CT0009300,New Haven PD,150,14:03.0,O,Open,07:08.0,,,,,,,
887623,1,Complete,887623,887623,41.288555,-72.892631,3389720,New Haven,93,93,New Haven,7/20/2021,2021,7,July,20,3,Tuesday,9:47:00,9,21026454,A,2,,Motor Vehicle In Motion,"Injury of any type (Serious, Minor, Possible)",B,Suspected Minor Injury (B),0,0,3,State,0.09,337,337-E,337-E,,MAIN ST ,60,Feet,S,41.288555,-72.892631,14,Motor Vehicle in Operation,3,Angle,1,On Roadway,1,Clear,88,Not Applicable,1,Daylight,1,Dry,0,None,88,Not Applicable,88,Not Applicable,0,None,88,Not Applicable,88,Not Applicable,9,Driveway Access-Related,1,Not at Intersection,1,No,1,No,88,Not Applicable,88,Not Applicable,88,Not Applicable,88,Not Applicable,FALSE,1,Public Road,1,"Trafficway, On Road",CT0009300,New Haven PD,220,00:18.0,C,Closed,07:15.0,,2,9100,4,MINOR ARTERIAL - NEW HPMS,2,Urban
887627,1,Complete,887627,887627,41.290082,-72.940365,3389724,New Haven,93,93,New Haven,7/21/2021,2021,7,July,21,4,Wednesday,11:30:00,11,21026498,A,2,,Motor Vehicle In Motion,"Injury of any type (Serious, Minor, Possible)",C,Possible Injury (C),0,0,3,State,0.8,10,10-N,10-N,LAMBERTON ST,,,,,41.290082,-72.940365,14,Motor Vehicle in Operation,1,Front to rear,1,On Roadway,1,Clear,88,Not Applicable,1,Daylight,1,Dry,0,None,88,Not Applicable,88,Not Applicable,0,None,88,Not Applicable,88,Not Applicable,2,Intersection,3,T-Intersection,1,No,1,No,88,Not Applicable,88,Not Applicable,88,Not Applicable,88,Not Applicable,TRUE,1,Public Road,1,"Trafficway, On Road",CT0009300,New Haven PD,26,39:50.0,C,Closed,10:33.0,,4,17900,3,PRINCIPAL ARTERIAL - OTHER - NEW HPMS,2,Urban
887633,1,Complete,887633,887633,41.310213,-72.928812,3389730,New Haven,93,93,New Haven,7/21/2021,2021,7,July,21,4,Wednesday,14:39:00,14,21026531,A,2,,Motor Vehicle In Motion,"Injury of any type (Serious, Minor, Possible)",C,Possible Injury (C),0,0,4,Local,0.28,726,ELM ST NO 2,ELM ST NO 2,HIGH ST,,,,,41.310213,-72.928812,14,Motor Vehicle in Operation,3,Angle,1,On Roadway,1,Clear,88,Not Applicable,1,Daylight,1,Dry,0,None,88,Not Applicable,88,Not Applicable,0,None,88,Not Applicable,88,Not Applicable,2,Intersection,3,T-Intersection,1,No,1,No,88,Not Applicable,88,Not Applicable,88,Not Applicable,88,Not Applicable,FALSE,1,Public Road,1,"Trafficway, On Road",CT0009300,New Haven PD,42044,29:10.0,C,Closed,13:48.0,,,,,,,
887638,1,Complete,887638,887638,41.316583,-72.942388,3389735,New Haven,93,93,New Haven,7/22/2021,2021,7,July,22,5,Thursday,1:38:00,1,21026590,A,2,,Motor Vehicle In Motion,"Injury of any type (Serious, Minor, Possible)",C,Possible Injury (C),0,0,4,Local,0.38,653,WHALLEY AV,WHALLEY AV,SHERMAN AV,,,,,41.316583,-72.942388,14,Motor Vehicle in Operation,1,Front to rear,1,On Roadway,2,Cloudy,88,Not Applicable,4,Dark-Lighted,1,Dry,0,None,88,Not Applicable,88,Not Applicable,0,None,88,Not Applicable,88,Not Applicable,2,Intersection,2,Four-Way Intersection,1,No,1,No,88,Not Applicable,88,Not Applicable,88,Not Applicable,88,Not Applicable,FALSE,1,Public Road,1,"Trafficway, On Road",CT0009300,New Haven PD,40956,40:28.0,C,Closed,07:20.0,,,,,,,
887642,1,Complete,887642,887642,41.315291,-72.873203,3389739,New Haven,93,93,New Haven,7/22/2021,2021,7,July,22,5,Thursday,9:51:00,9,21026609,A,2,,Motor Vehicle In Motion,"Injury of any type (Serious, Minor, Possible)",C,Possible Injury (C),0,0,4,Local,0.6,167,EASTERN ST,EASTERN ST,,HEMINGWAY STREET,200,Feet,N,41.315291,-72.873203,14,Motor Vehicle in Operation,3,Angle,1,On Roadway,1,Clear,88,Not Applicable,1,Daylight,1,Dry,0,None,88,Not Applicable,88,Not Applicable,0,None,88,Not Applicable,88,Not Applicable,1,Non-Junction,1,Not at Intersection,1,No,1,No,88,Not Applicable,88,Not Applicable,88,Not Applicable,88,Not Applicable,FALSE,1,Public Road,1,"Trafficway, On Road",CT0009300,New Haven PD,180,17:07.0,C,Closed,07:24.0,21026609,,,,,,
887644,1,Complete,887644,887644,41.324161,-72.881324,3389741,New Haven,93,93,New Haven,7/22/2021,2021,7,July,22,5,Thursday,10:30:00,10,21026614,A,2,,Motor Vehicle In Motion,"Injury of any type (Serious, Minor, Possible)",C,Possible Injury (C),0,0,3,State,0.22,17,17-N,17-N,80-W,,,,,41.324161,-72.881324,14,Motor Vehicle in Operation,1,Front to rear,1,On Roadway,1,Clear,88,Not Applicable,1,Daylight,1,Dry,0,None,88,Not Applicable,88,Not Applicable,0,None,88,Not Applicable,88,Not Applicable,2,Intersection,2,Four-Way Intersection,1,No,1,No,88,Not Applicable,88,Not Applicable,88,Not Applicable,88,Not Applicable,TRUE,1,Public Road,1,"Trafficway, On Road",CT0009300,New Haven PD,416,17:15.0,C,Closed,07:22.0,,1,8500,1,INTERSTATE - NEW HPMS,2,Urban
887645,1,Complete,887645,887645,41.30627,-72.93547,3389742,New Haven,93,93,New Haven,7/22/2021,2021,7,July,22,5,Thursday,12:58:00,12,21026630,A,2,,Motor Vehicle In Motion,"Injury of any type (Serious, Minor, Possible)",C,Possible Injury (C),0,0,4,Local,0.64,809,REV DR MLK JR BLVD,REV DR MLK JR BLVD,PARK ST,,,,,41.30627,-72.93547,14,Motor Vehicle in Operation,1,Front to rear,1,On Roadway,1,Clear,88,Not Applicable,1,Daylight,1,Dry,0,None,88,Not Applicable,88,Not Applicable,0,None,88,Not Applicable,88,Not Applicable,2,Intersection,2,Four-Way Intersection,1,No,1,No,88,Not Applicable,88,Not Applicable,88,Not Applicable,88,Not Applicable,FALSE,1,Public Road,1,"Trafficway, On Road",CT0009300,New Haven PD,105,57:29.0,C,Closed,07:59.0,,,,,,,
887646,1,Complete,887646,887646,41.324541,-72.963338,3389743,New Haven,93,93,New Haven,7/22/2021,2021,7,July,22,5,Thursday,15:17:00,15,21026644,A,2,,Motor Vehicle In Motion,"Injury of any type (Serious, Minor, Possible)",C,Possible Injury (C),0,0,4,Local,0.14,6,ALDEN AV,ALDEN AV,WILLARD ST,,,,,41.324541,-72.963338,14,Motor Vehicle in Operation,3,Angle,1,On Roadway,1,Clear,88,Not Applicable,1,Daylight,1,Dry,0,None,88,Not Applicable,88,Not Applicable,0,None,88,Not Applicable,88,Not Applicable,2,Intersection,2,Four-Way Intersection,1,No,1,No,88,Not Applicable,88,Not Applicable,88,Not Applicable,88,Not Applicable,TRUE,1,Public Road,1,"Trafficway, On Road",CT0009300,New Haven PD,402,50:41.0,C,Closed,07:27.0,,,,,,,
887648,1,Complete,887648,887648,41.299523,-72.949935,3389745,New Haven,93,93,New Haven,7/22/2021,2021,7,July,22,5,Thursday,15:47:00,15,21026651,A,5,,Motor Vehicle In Motion,"Injury of any type (Serious, Minor, Possible)",C,Possible Injury (C),0,0,3,State,1.62,10,10-N,10-N,,COLUMBUS AVE,500,Feet,N,41.299523,-72.949935,14,Motor Vehicle in Operation,1,Front to rear,1,On Roadway,1,Clear,88,Not Applicable,1,Daylight,1,Dry,0,None,88,Not Applicable,88,Not Applicable,0,None,88,Not Applicable,88,Not Applicable,1,Non-Junction,1,Not at Intersection,1,No,1,No,88,Not Applicable,88,Not Applicable,88,Not Applicable,88,Not Applicable,TRUE,1,Public Road,1,"Trafficway, On Road",CT0009300,New Haven PD,261,24:41.0,C,Closed,07:29.0,,4,20700,3,PRINCIPAL ARTERIAL - OTHER - NEW HPMS,2,Urban
887649,1,Complete,887649,887649,41.2908621,-72.9412539,3389746,New Haven,93,93,New Haven,7/22/2021,2021,7,July,22,5,Thursday,16:18:00,16,21026653,A,2,,Motor Vehicle In Motion,"Injury of any type (Serious, Minor, Possible)",C,Possible Injury (C),0,0,3,State,0.88,10,10-N,10-N,WASHINGTON AV NO 1,,,,,41.2908621,-72.9412539,1,Overturn/Rollover,1,Front to rear,1,On Roadway,1,Clear,88,Not Applicable,1,Daylight,1,Dry,0,None,88,Not Applicable,88,Not Applicable,0,None,88,Not Applicable,88,Not Applicable,2,Intersection,2,Four-Way Intersection,1,No,1,No,88,Not Applicable,88,Not Applicable,88,Not Applicable,88,Not Applicable,FALSE,1,Public Road,1,"Trafficway, On Road",CT0009300,New Haven PD,42046,47:11.0,C,Closed,07:28.0,,4,20200,3,PRINCIPAL ARTERIAL - OTHER - NEW HPMS,2,Urban
887655,1,Complete,887655,887655,41.324055,-72.881832,3389752,New Haven,93,93,New Haven,7/22/2021,2021,7,July,22,5,Thursday,19:51:00,19,21026684,A,2,,Motor Vehicle In Motion,"Injury of any type (Serious, Minor, Possible)",B,Suspected Minor Injury (B),0,0,3,State,0.22,17,17-N,17-N,80-W,,,,,41.324055,-72.881832,14,Motor Vehicle in Operation,1,Front to rear,1,On Roadway,1,Clear,88,Not Applicable,1,Daylight,1,Dry,0,None,88,Not Applicable,88,Not Applicable,0,None,88,Not Applicable,88,Not Applicable,2,Intersection,2,Four-Way Intersection,1,No,1,No,88,Not Applicable,88,Not Applicable,88,Not Applicable,88,Not Applicable,FALSE,1,Public Road,1,"Trafficway, On Road",CT0009300,New Haven PD,42054,24:43.0,C,Closed,08:20.0,21026684,1,8500,1,INTERSTATE - NEW HPMS,2,Urban
887656,1,Complete,887656,887656,41.304891,-72.923112,3389753,New Haven,93,93,New Haven,7/22/2021,2021,7,July,22,5,Thursday,20:12:00,20,21026686,A,1,,Pedestrian,"Injury of any type (Serious, Minor, Possible)",C,Possible Injury (C),1,0,4,Local,1.6,97,CHAPEL ST,CHAPEL ST,,STATE ST,80,Feet,W,41.304891,-72.923112,9,Pedestrian,88,Not Applicable,1,On Roadway,1,Clear,88,Not Applicable,3,Dusk,1,Dry,0,None,88,Not Applicable,88,Not Applicable,0,None,88,Not Applicable,88,Not Applicable,2,Intersection,2,Four-Way Intersection,1,No,1,No,88,Not Applicable,88,Not Applicable,88,Not Applicable,88,Not Applicable,FALSE,1,Public Road,1,"Trafficway, On Road",CT0009300,New Haven PD,20,39:00.0,C,Closed,07:37.0,NONE,4,10200,3,PRINCIPAL ARTERIAL - OTHER - NEW HPMS,2,Urban
887657,1,Complete,887657,887657,41.318251,-72.94588,3389754,New Haven,93,93,New Haven,7/22/2021,2021,7,July,22,5,Thursday,20:27:00,20,21026687,A,2,,Motor Vehicle In Motion,"Injury of any type (Serious, Minor, Possible)",C,Possible Injury (C),0,0,4,Local,0.56,439,NORTON ST,NORTON ST,,WHALLEY AVE,75,Feet,N,41.318251,-72.94588,14,Motor Vehicle in Operation,3,Angle,1,On Roadway,1,Clear,88,Not Applicable,4,Dark-Lighted,1,Dry,0,None,88,Not Applicable,88,Not Applicable,0,None,88,Not Applicable,88,Not Applicable,1,Non-Junction,1,Not at Intersection,1,No,1,No,88,Not Applicable,88,Not Applicable,88,Not Applicable,88,Not Applicable,FALSE,99,Unknown,1,"Trafficway, On Road",CT0009300,New Haven PD,40804,44:10.0,C,Closed,07:30.0,,,,,,,
887660,1,Complete,887660,887660,41.325349,-72.912705,3389757,New Haven,93,93,New Haven,7/23/2021,2021,7,July,23,6,Friday,7:53:00,7,21026735,A,2,,Motor Vehicle In Motion,"Injury of any type (Serious, Minor, Possible)",C,Possible Injury (C),0,0,4,Local,0.16,116,COLD SPRING ST,COLD SPRING ST,LIVINGSTON ST,,,,,41.325349,-72.912705,14,Motor Vehicle in Operation,3,Angle,1,On Roadway,1,Clear,88,Not Applicable,1,Daylight,1,Dry,0,None,88,Not Applicable,88,Not Applicable,0,None,88,Not Applicable,88,Not Applicable,2,Intersection,2,Four-Way Intersection,1,No,1,No,88,Not Applicable,88,Not Applicable,88,Not Applicable,88,Not Applicable,FALSE,1,Public Road,1,"Trafficway, On Road",CT0009300,New Haven PD,87,46:38.0,C,Closed,07:37.0,,,,,,,
887668,1,Complete,887668,887668,41.333503,-72.937834,3389765,New Haven,93,93,New Haven,7/23/2021,2021,7,July,23,6,Friday,16:02:00,16,21026779,A,2,,Motor Vehicle In Motion,"Injury of any type (Serious, Minor, Possible)",C,Possible Injury (C),0,0,4,Local,1.01,557,SHERMAN PKWY,SHERMAN PKWY,DORMAN ST NO 2,,,,,41.333503,-72.937834,14,Motor Vehicle in Operation,97,Other,1,On Roadway,1,Clear,88,Not Applicable,1,Daylight,1,Dry,0,None,88,Not Applicable,88,Not Applicable,0,None,88,Not Applicable,88,Not Applicable,2,Intersection,2,Four-Way Intersection,1,No,1,No,88,Not Applicable,88,Not Applicable,88,Not Applicable,88,Not Applicable,FALSE,1,Public Road,1,"Trafficway, On Road",CT0009300,New Haven PD,42042,30:43.0,O,Open,07:38.0,,,,,,,
887671,1,Complete,887671,887671,41.303492,-72.909593,3389768,New Haven,93,93,New Haven,7/23/2021,2021,7,July,23,6,Friday,17:25:00,17,21026785,A,2,,Motor Vehicle In Motion,"Injury of any type (Serious, Minor, Possible)",C,Possible Injury (C),0,0,4,Local,0.89,97,CHAPEL ST,CHAPEL ST,,EAST STREET,100,Feet,W,41.303492,-72.909593,14,Motor Vehicle in Operation,1,Front to rear,1,On Roadway,1,Clear,88,Not Applicable,1,Daylight,1,Dry,0,None,88,Not Applicable,88,Not Applicable,0,None,88,Not Applicable,88,Not Applicable,1,Non-Junction,1,Not at Intersection,1,No,1,No,88,Not Applicable,88,Not Applicable,88,Not Applicable,88,Not Applicable,FALSE,1,Public Road,1,"Trafficway, On Road",CT0009300,New Haven PD,42057,10:26.0,C,Closed,07:41.0,,,,,,,