CrashId,Fatal Case Status,Fatal Case Status Text Format,CrashId,CrashId,Latitude,Longitude,DOT Case Number,Town Name,Town Number,Town Number,Town Number Text Format,Date Of Crash,Year,Month,Month Text Format,Day,Day of the Week,Day of the Week Text Format,Time of Crash,Hour of the Day,Case Identifier,Crash Severity,Number Of Motor Vehicles,Motor vehicle action,Most harmful event,Crash Severity Text Format,Most Severe Injury,Most Severe Injury Text Format,Number Of Non-Motorist,Number Of Witnesses,Route Class,Route Class Text Format,Milemarker,Road Number,Road Description,Roadway Name,Intersecting Roadway Name,Landmark Description,Distance From Nearest Landmark,Unit Of Measure From Nearest Landmark,Direction From Nearest Landmark,Latitude,Longitude,First Harmful Event,First Harmful Event Text Format,Manner of Crash / Collision Impact,Manner of Crash / Collision Impact Text Format,Location of First Harmful Event,Location of First Harmful Event Text Format,Weather Condition,Weather Condition Text Format,Weather 2,Weather 2 Text Format,Light Condition,Light Condition Text Format,Road Surface Condition,Road Surface Condition Text Format,"Contributing Circumstances, Environment","Contributing Circumstances, Environment Text Format",Environment 2,Environment 2 Text Format,Environment 3,Environment 3 Text Format,"Contributing Circumstances, Road","Contributing Circumstances, Road Text Format",Road 2,Road 2 Text Format,Road 3,Road 3 Text Format,Crash Specific Location,Crash Specific Location Text Format,Type of Intersection,Type of Intersection Text Format,School Bus Related,School Bus Related Text Format,Work Zone Related,Work Zone Related Text Format,Location Of Crash Relative To Work Zone,Location Of Crash Relative To Work Zone Text Format,Type of Work Zone,Type of Work Zone Text Format,Worker Presence,Worker Presence Text Format,Law Enforcement Presence,Law Enforcement Presence Text Format,Were Vehicles Moved Prior To Police Arrival,Trafficway Ownership,Trafficway Ownership Text Format,Trafficway Class,Trafficway Class Text Format,Police Agency,Police Agency Text Format,Badge Number,Approval Date,Police Case Status,Police Case Status Text Format,Crash Report Submission Date,Related Case Identifiers,No. of Through Lanes (Log Dir.),Average Daily Traffic,Functional Classification,Functional Classification Text Format,Rural or Urban,Rural or Urban Text Format
887785,1,Complete,887785,887785,41.315534,-72.934936,3389882,New Haven,93,93,New Haven,7/30/2021,2021,7,July,30,6,Friday,22:09:00,22,21027675,A,2,,Motor Vehicle In Motion,"Injury of any type (Serious, Minor, Possible)",C,Possible Injury (C),0,0,4,Local,0.48,257,GOFFE ST,GOFFE ST,GOFFE ST,,,,,41.315534,-72.934936,14,Motor Vehicle in Operation,1,Front to rear,1,On Roadway,2,Cloudy,88,Not Applicable,4,Dark-Lighted,1,Dry,0,None,88,Not Applicable,88,Not Applicable,3,Backup Due to Regular Congestion,88,Not Applicable,88,Not Applicable,3,Intersection-Related,2,Four-Way Intersection,1,No,1,No,88,Not Applicable,88,Not Applicable,88,Not Applicable,88,Not Applicable,TRUE,1,Public Road,1,"Trafficway, On Road",CT0009300,New Haven PD,40956,58:14.0,C,Closed,08:52.0,,,,,,,
887790,1,Complete,887790,887790,41.311533,-72.916166,3389887,New Haven,93,93,New Haven,7/31/2021,2021,7,July,31,7,Saturday,11:02:00,11,21027706,A,2,,Motor Vehicle In Motion,"Injury of any type (Serious, Minor, Possible)",C,Possible Injury (C),0,0,4,Local,0.75,575,STATE ST,STATE ST,BRADLEY ST NO 1,,,,,41.311533,-72.916166,14,Motor Vehicle in Operation,3,Angle,1,On Roadway,1,Clear,88,Not Applicable,1,Daylight,1,Dry,0,None,88,Not Applicable,88,Not Applicable,0,None,88,Not Applicable,88,Not Applicable,2,Intersection,3,T-Intersection,1,No,1,No,88,Not Applicable,88,Not Applicable,88,Not Applicable,88,Not Applicable,FALSE,1,Public Road,1,"Trafficway, On Road",CT0009300,New Haven PD,319,50:50.0,C,Closed,08:56.0,,,,,,,
887801,1,Complete,887801,887801,41.319369,-72.898619,3389898,New Haven,93,93,New Haven,7/31/2021,2021,7,July,31,7,Saturday,21:58:00,21,21027799,A,2,,Motor Vehicle In Motion,"Injury of any type (Serious, Minor, Possible)",C,Possible Injury (C),0,0,4,Local,0,213,FERRY ST,FERRY ST,5-N,,,,,41.319369,-72.898619,14,Motor Vehicle in Operation,1,Front to rear,1,On Roadway,1,Clear,88,Not Applicable,4,Dark-Lighted,1,Dry,0,None,88,Not Applicable,88,Not Applicable,0,None,88,Not Applicable,88,Not Applicable,3,Intersection-Related,3,T-Intersection,1,No,1,No,88,Not Applicable,88,Not Applicable,88,Not Applicable,88,Not Applicable,FALSE,1,Public Road,1,"Trafficway, On Road",CT0009300,New Haven PD,40801,40:40.0,C,Closed,09:07.0,,,,,,,
887804,1,Complete,887804,887804,41.28636,-72.9361,3389901,New Haven,93,93,New Haven,8/1/2021,2021,8,August,1,1,Sunday,12:04:00,12,21027850,A,2,,Motor Vehicle In Motion,"Injury of any type (Serious, Minor, Possible)",C,Possible Injury (C),0,0,3,State,0.46,10,10-N,10-N,745-E,,,,,41.28636,-72.9361,14,Motor Vehicle in Operation,97,Other,1,On Roadway,1,Clear,88,Not Applicable,1,Daylight,1,Dry,0,None,88,Not Applicable,88,Not Applicable,0,None,88,Not Applicable,88,Not Applicable,2,Intersection,2,Four-Way Intersection,1,No,1,No,88,Not Applicable,88,Not Applicable,88,Not Applicable,88,Not Applicable,FALSE,1,Public Road,1,"Trafficway, On Road",CT0009300,New Haven PD,241,19:28.0,C,Closed,09:04.0,,4,18500,3,PRINCIPAL ARTERIAL - OTHER - NEW HPMS,2,Urban
887808,1,Complete,887808,887808,41.320184,-72.86877,3389905,New Haven,93,93,New Haven,8/1/2021,2021,8,August,1,1,Sunday,15:03:00,15,21027863,A,2,,Motor Vehicle In Motion,"Injury of any type (Serious, Minor, Possible)",C,Possible Injury (C),0,3,3,State,0.73,80,80-E,80-E,OLD FOXON RD,,,,,41.320184,-72.86877,14,Motor Vehicle in Operation,3,Angle,1,On Roadway,1,Clear,88,Not Applicable,1,Daylight,1,Dry,0,None,88,Not Applicable,88,Not Applicable,0,None,88,Not Applicable,88,Not Applicable,2,Intersection,3,T-Intersection,1,No,1,No,88,Not Applicable,88,Not Applicable,88,Not Applicable,88,Not Applicable,FALSE,1,Public Road,1,"Trafficway, On Road",CT0009300,New Haven PD,409,35:38.0,C,Closed,09:09.0,,4,32100,3,PRINCIPAL ARTERIAL - OTHER - NEW HPMS,2,Urban
887810,1,Complete,887810,887810,41.32591,-72.897109,3389907,New Haven,93,93,New Haven,8/1/2021,2021,8,August,1,1,Sunday,15:36:00,15,21027868,A,2,,Motor Vehicle In Motion,"Injury of any type (Serious, Minor, Possible)",C,Possible Injury (C),0,0,2,USRoute,0.86,5,5-N,5-N,,ALBERT ST,200,Feet,S,41.32591,-72.897109,14,Motor Vehicle in Operation,2,Front to front,1,On Roadway,1,Clear,88,Not Applicable,1,Daylight,1,Dry,0,None,88,Not Applicable,88,Not Applicable,0,None,88,Not Applicable,88,Not Applicable,1,Non-Junction,1,Not at Intersection,1,No,1,No,88,Not Applicable,88,Not Applicable,88,Not Applicable,88,Not Applicable,FALSE,1,Public Road,1,"Trafficway, On Road",CT0009300,New Haven PD,42048,03:52.0,C,Closed,09:08.0,,2,17300,4,MINOR ARTERIAL - NEW HPMS,2,Urban
887814,1,Complete,887814,887814,41.31958,-72.91886,3389911,New Haven,93,93,New Haven,8/1/2021,2021,8,August,1,1,Sunday,23:01:00,23,21027913,A,2,,Motor Vehicle In Motion,"Injury of any type (Serious, Minor, Possible)",C,Possible Injury (C),0,1,4,Local,0.66,656,WHITNEY AV,WHITNEY AV,EDWARDS ST,,,,,41.31958,-72.91886,14,Motor Vehicle in Operation,3,Angle,1,On Roadway,1,Clear,88,Not Applicable,4,Dark-Lighted,1,Dry,0,None,88,Not Applicable,88,Not Applicable,0,None,88,Not Applicable,88,Not Applicable,2,Intersection,3,T-Intersection,1,No,1,No,88,Not Applicable,88,Not Applicable,88,Not Applicable,88,Not Applicable,FALSE,1,Public Road,1,"Trafficway, On Road",CT0009300,New Haven PD,42052,10:26.0,C,Closed,09:10.0,,,,,,,
887815,1,Complete,887815,887815,41.290243,-72.894134,3389912,New Haven,93,93,New Haven,8/1/2021,2021,8,August,1,1,Sunday,23:24:00,23,21027914,A,2,,Motor Vehicle In Motion,"Injury of any type (Serious, Minor, Possible)",C,Possible Injury (C),0,0,2,USRoute,50.15,1,1-N,1-N,WOODWARD AV,,,,,41.290243,-72.894134,14,Motor Vehicle in Operation,97,Other,1,On Roadway,1,Clear,88,Not Applicable,4,Dark-Lighted,1,Dry,0,None,88,Not Applicable,88,Not Applicable,0,None,88,Not Applicable,88,Not Applicable,2,Intersection,2,Four-Way Intersection,1,No,1,No,88,Not Applicable,88,Not Applicable,88,Not Applicable,88,Not Applicable,FALSE,1,Public Road,1,"Trafficway, On Road",CT0009300,New Haven PD,432,32:30.0,C,Closed,09:15.0,,4,9400,3,PRINCIPAL ARTERIAL - OTHER - NEW HPMS,2,Urban
887837,1,Complete,887837,887837,41.3342,-72.94747,3389934,New Haven,93,93,New Haven,8/3/2021,2021,8,August,3,3,Tuesday,6:25:00,6,21028067,A,2,,Motor Vehicle In Motion,"Injury of any type (Serious, Minor, Possible)",C,Possible Injury (C),0,0,3,State,4.44,10,10-N,10-N,PINE ROCK AV,,,,,41.3342,-72.94747,14,Motor Vehicle in Operation,1,Front to rear,1,On Roadway,1,Clear,88,Not Applicable,1,Daylight,1,Dry,0,None,88,Not Applicable,88,Not Applicable,0,None,88,Not Applicable,88,Not Applicable,2,Intersection,2,Four-Way Intersection,1,No,1,No,88,Not Applicable,88,Not Applicable,88,Not Applicable,88,Not Applicable,FALSE,1,Public Road,1,"Trafficway, On Road",CT0009300,New Haven PD,40805,46:09.0,C,Closed,09:29.0,,4,10600,4,MINOR ARTERIAL - NEW HPMS,2,Urban
887845,1,Complete,887845,887845,41.305605,-72.952782,3389942,New Haven,93,93,New Haven,8/3/2021,2021,8,August,3,3,Tuesday,9:30:00,9,21028122,A,2,,Motor Vehicle In Motion,"Injury of any type (Serious, Minor, Possible)",C,Possible Injury (C),0,0,3,State,2.06,10,10-N,10-N,,LEGION AVE,10,Feet,N,41.305605,-72.952782,14,Motor Vehicle in Operation,1,Front to rear,1,On Roadway,1,Clear,88,Not Applicable,1,Daylight,1,Dry,0,None,88,Not Applicable,88,Not Applicable,0,None,88,Not Applicable,88,Not Applicable,1,Non-Junction,1,Not at Intersection,1,No,1,No,88,Not Applicable,88,Not Applicable,88,Not Applicable,88,Not Applicable,FALSE,1,Public Road,1,"Trafficway, On Road",CT0009300,New Haven PD,42370,53:23.0,C,Closed,09:52.0,,2,3535,7,LOCAL - NEW HPMS,2,Urban
887847,1,Complete,887847,887847,41.311539,-72.916115,3389944,New Haven,93,93,New Haven,8/3/2021,2021,8,August,3,3,Tuesday,13:53:00,13,21028135,A,1,,Pedalcycle/Pedalcyclist,"Injury of any type (Serious, Minor, Possible)",C,Possible Injury (C),1,0,4,Local,0.75,575,STATE ST,STATE ST,BRADLEY ST NO 1,,,,,41.311539,-72.916115,10,Pedalcycle/Pedalcyclist,3,Angle,1,On Roadway,1,Clear,88,Not Applicable,1,Daylight,1,Dry,0,None,88,Not Applicable,88,Not Applicable,0,None,88,Not Applicable,88,Not Applicable,2,Intersection,3,T-Intersection,1,No,1,No,88,Not Applicable,88,Not Applicable,88,Not Applicable,88,Not Applicable,FALSE,1,Public Road,1,"Trafficway, On Road",CT0009300,New Haven PD,199,44:54.0,C,Closed,09:32.0,,,,,,,
887855,1,Complete,887855,887855,41.320748,-72.897462,3389952,New Haven,93,93,New Haven,8/4/2021,2021,8,August,4,4,Wednesday,3:57:00,3,21028198,A,2,,Motor Vehicle In Motion,"Injury of any type (Serious, Minor, Possible)",C,Possible Injury (C),0,2,2,USRoute,0.48,5,5-N,5-N,,ROCK ST,100,Feet,S,41.320748,-72.897462,14,Motor Vehicle in Operation,1,Front to rear,2,Shoulder,1,Clear,88,Not Applicable,4,Dark-Lighted,1,Dry,0,None,88,Not Applicable,88,Not Applicable,0,None,88,Not Applicable,88,Not Applicable,1,Non-Junction,1,Not at Intersection,1,No,1,No,88,Not Applicable,88,Not Applicable,88,Not Applicable,88,Not Applicable,FALSE,1,Public Road,1,"Trafficway, On Road",CT0009300,New Haven PD,432,12:44.0,C,Closed,09:37.0,,2,17300,4,MINOR ARTERIAL - NEW HPMS,2,Urban
887857,1,Complete,887857,887857,41.308146,-72.942232,3389954,New Haven,93,93,New Haven,8/4/2021,2021,8,August,4,4,Wednesday,8:31:00,8,21028209,A,2,,Motor Vehicle In Motion,"Injury of any type (Serious, Minor, Possible)",C,Possible Injury (C),0,0,4,Local,0.46,453,ORCHARD ST,ORCHARD ST,GILBERT AV,,,,,41.308146,-72.942232,14,Motor Vehicle in Operation,3,Angle,1,On Roadway,1,Clear,88,Not Applicable,1,Daylight,1,Dry,0,None,88,Not Applicable,88,Not Applicable,0,None,88,Not Applicable,88,Not Applicable,2,Intersection,2,Four-Way Intersection,1,No,1,No,88,Not Applicable,88,Not Applicable,88,Not Applicable,88,Not Applicable,FALSE,1,Public Road,1,"Trafficway, On Road",CT0009300,New Haven PD,62,59:16.0,C,Closed,09:31.0,,,,,,,
887859,1,Complete,887859,887859,41.313821,-72.877595,3389956,New Haven,93,93,New Haven,8/4/2021,2021,8,August,4,4,Wednesday,12:22:00,12,21028256,A,2,,Motor Vehicle In Motion,"Injury of any type (Serious, Minor, Possible)",C,Possible Injury (C),0,0,4,Local,0.07,287,HEMINGWAY ST,HEMINGWAY ST,,1ST AVE,50,Feet,W,41.313821,-72.877595,14,Motor Vehicle in Operation,1,Front to rear,1,On Roadway,1,Clear,88,Not Applicable,1,Daylight,1,Dry,0,None,88,Not Applicable,88,Not Applicable,0,None,88,Not Applicable,88,Not Applicable,1,Non-Junction,1,Not at Intersection,1,No,1,No,88,Not Applicable,88,Not Applicable,88,Not Applicable,88,Not Applicable,FALSE,1,Public Road,1,"Trafficway, On Road",CT0009300,New Haven PD,322,04:33.0,C,Closed,10:08.0,,,,,,,
887861,1,Complete,887861,887861,41.326674,-72.897471,3389958,New Haven,93,93,New Haven,8/4/2021,2021,8,August,4,4,Wednesday,13:11:00,13,21028269,A,2,,Motor Vehicle In Motion,"Injury of any type (Serious, Minor, Possible)",C,Possible Injury (C),0,0,2,USRoute,0.91,5,5-N,5-N,,ALBERT ST,110,Feet,N,41.326674,-72.897471,14,Motor Vehicle in Operation,1,Front to rear,1,On Roadway,1,Clear,88,Not Applicable,1,Daylight,1,Dry,0,None,88,Not Applicable,88,Not Applicable,3,Backup Due to Regular Congestion,88,Not Applicable,88,Not Applicable,3,Intersection-Related,3,T-Intersection,1,No,1,No,88,Not Applicable,88,Not Applicable,88,Not Applicable,88,Not Applicable,FALSE,1,Public Road,1,"Trafficway, On Road",CT0009300,New Haven PD,40803,32:06.0,C,Closed,09:35.0,,2,17300,4,MINOR ARTERIAL - NEW HPMS,2,Urban
887863,1,Complete,887863,887863,41.327693,-72.92903,3389960,New Haven,93,93,New Haven,8/4/2021,2021,8,August,4,4,Wednesday,16:13:00,16,21028289,A,2,,Motor Vehicle In Motion,"Injury of any type (Serious, Minor, Possible)",C,Possible Injury (C),0,0,4,Local,0.49,434,NEWHALL ST,NEWHALL ST,STARR ST NO 1,,,,,41.327693,-72.92903,14,Motor Vehicle in Operation,3,Angle,1,On Roadway,1,Clear,88,Not Applicable,1,Daylight,1,Dry,0,None,88,Not Applicable,88,Not Applicable,0,None,88,Not Applicable,88,Not Applicable,2,Intersection,2,Four-Way Intersection,1,No,1,No,88,Not Applicable,88,Not Applicable,88,Not Applicable,88,Not Applicable,TRUE,1,Public Road,1,"Trafficway, On Road",CT0009300,New Haven PD,42052,56:23.0,C,Closed,09:34.0,,,,,,,
887865,1,Complete,887865,887865,41.319124,-72.904386,3389962,New Haven,93,93,New Haven,8/4/2021,2021,8,August,4,4,Wednesday,16:37:00,16,21028294,A,2,,Motor Vehicle In Motion,"Injury of any type (Serious, Minor, Possible)",C,Possible Injury (C),0,0,4,Local,0.19,666,WILLOW ST,WILLOW ST,,STATE ST,300,Feet,W,41.319124,-72.904386,14,Motor Vehicle in Operation,1,Front to rear,1,On Roadway,1,Clear,88,Not Applicable,1,Daylight,1,Dry,0,None,88,Not Applicable,88,Not Applicable,0,None,88,Not Applicable,88,Not Applicable,1,Non-Junction,1,Not at Intersection,1,No,1,No,88,Not Applicable,88,Not Applicable,88,Not Applicable,88,Not Applicable,TRUE,1,Public Road,1,"Trafficway, On Road",CT0009300,New Haven PD,30,15:23.0,C,Closed,09:36.0,NONE,,,,,,
887869,1,Complete,887869,887869,41.307394,-72.91926,3389966,New Haven,93,93,New Haven,8/5/2021,2021,8,August,5,5,Thursday,1:18:00,1,21028341,A,2,,Motor Vehicle In Motion,"Injury of any type (Serious, Minor, Possible)",C,Possible Injury (C),0,0,4,Local,1.75,264,GRAND AV,GRAND AV,OLIVE ST,,,,,41.307394,-72.91926,14,Motor Vehicle in Operation,3,Angle,1,On Roadway,4,Rain,88,Not Applicable,4,Dark-Lighted,2,Wet,0,None,88,Not Applicable,88,Not Applicable,0,None,88,Not Applicable,88,Not Applicable,2,Intersection,2,Four-Way Intersection,1,No,1,No,88,Not Applicable,88,Not Applicable,88,Not Applicable,88,Not Applicable,FALSE,1,Public Road,1,"Trafficway, On Road",CT0009300,New Haven PD,421,57:47.0,C,Closed,10:15.0,,,,,,,
887875,1,Complete,887875,887875,41.32234,-72.93467,3389972,New Haven,93,93,New Haven,8/5/2021,2021,8,August,5,5,Thursday,13:30:00,13,21028408,A,2,,Motor Vehicle In Motion,"Injury of any type (Serious, Minor, Possible)",C,Possible Injury (C),0,0,4,Local,0.67,152,DIXWELL AV,DIXWELL AV,SHELTON AV,,,,,41.32234,-72.93467,14,Motor Vehicle in Operation,1,Front to rear,1,On Roadway,2,Cloudy,88,Not Applicable,1,Daylight,1,Dry,0,None,88,Not Applicable,88,Not Applicable,0,None,88,Not Applicable,88,Not Applicable,2,Intersection,2,Four-Way Intersection,1,No,1,No,88,Not Applicable,88,Not Applicable,88,Not Applicable,88,Not Applicable,TRUE,1,Public Road,1,"Trafficway, On Road",CT0009300,New Haven PD,182,14:48.0,O,Open,10:00.0,,,,,,,
887876,1,Complete,887876,887876,41.323439,-72.951531,3389973,New Haven,93,93,New Haven,8/5/2021,2021,8,August,5,5,Thursday,15:39:00,15,21028413,A,2,,Motor Vehicle In Motion,"Injury of any type (Serious, Minor, Possible)",C,Possible Injury (C),0,0,4,Local,0.13,454,OSBORN AV,OSBORN AV,BLAKE ST,,,,,41.323439,-72.951531,14,Motor Vehicle in Operation,3,Angle,1,On Roadway,1,Clear,88,Not Applicable,1,Daylight,1,Dry,0,None,88,Not Applicable,88,Not Applicable,0,None,88,Not Applicable,88,Not Applicable,2,Intersection,2,Four-Way Intersection,1,No,1,No,88,Not Applicable,88,Not Applicable,88,Not Applicable,88,Not Applicable,FALSE,1,Public Road,1,"Trafficway, On Road",CT0009300,New Haven PD,79,19:09.0,O,Open,09:47.0,,,,,,,
887877,1,Complete,887877,887877,41.30951,-72.936441,3389974,New Haven,93,93,New Haven,8/5/2021,2021,8,August,5,5,Thursday,16:30:00,16,21028423,A,2,,Motor Vehicle In Motion,"Injury of any type (Serious, Minor, Possible)",C,Possible Injury (C),0,0,4,Local,2.38,97,CHAPEL ST,CHAPEL ST,,DWIGHT ST,20,Feet,E,41.30951,-72.936441,14,Motor Vehicle in Operation,1,Front to rear,1,On Roadway,1,Clear,88,Not Applicable,1,Daylight,1,Dry,0,None,88,Not Applicable,88,Not Applicable,0,None,88,Not Applicable,88,Not Applicable,1,Non-Junction,1,Not at Intersection,1,No,1,No,88,Not Applicable,88,Not Applicable,88,Not Applicable,88,Not Applicable,FALSE,1,Public Road,1,"Trafficway, On Road",CT0009300,New Haven PD,261,59:46.0,C,Closed,09:59.0,,,,,,,
887880,1,Complete,887880,887880,41.307368,-72.952953,3389977,New Haven,93,93,New Haven,8/5/2021,2021,8,August,5,5,Thursday,17:41:00,17,21028442,A,3,,Motor Vehicle In Motion,"Injury of any type (Serious, Minor, Possible)",C,Possible Injury (C),0,0,3,State,2.19,10,10-N,10-N,,N FRONTAGE RD,277,Feet,N,41.307368,-72.952953,14,Motor Vehicle in Operation,1,Front to rear,1,On Roadway,2,Cloudy,88,Not Applicable,1,Daylight,1,Dry,0,None,88,Not Applicable,88,Not Applicable,0,None,88,Not Applicable,88,Not Applicable,1,Non-Junction,1,Not at Intersection,1,No,1,No,88,Not Applicable,88,Not Applicable,88,Not Applicable,88,Not Applicable,FALSE,1,Public Road,1,"Trafficway, On Road",CT0009300,New Haven PD,40951,01:04.0,C,Closed,09:47.0,,4,33100,3,PRINCIPAL ARTERIAL - OTHER - NEW HPMS,2,Urban
887881,1,Complete,887881,887881,41.315746,-72.916606,3389978,New Haven,93,93,New Haven,8/5/2021,2021,8,August,5,5,Thursday,18:14:00,18,21028452,A,2,,Motor Vehicle In Motion,"Injury of any type (Serious, Minor, Possible)",C,Possible Injury (C),0,0,4,Local,0.91,450,ORANGE ST NO 1,ORANGE ST NO 1,,HUMPHREY AT,165,Feet,S,41.315746,-72.916606,14,Motor Vehicle in Operation,1,Front to rear,1,On Roadway,1,Clear,1,Clear,1,Daylight,1,Dry,0,None,88,Not Applicable,88,Not Applicable,0,None,88,Not Applicable,88,Not Applicable,9,Driveway Access-Related,1,Not at Intersection,1,No,1,No,88,Not Applicable,88,Not Applicable,88,Not Applicable,88,Not Applicable,TRUE,1,Public Road,1,"Trafficway, On Road",CT0009300,New Haven PD,42042,53:16.0,O,Open,09:49.0,,,,,,,
887884,1,Complete,887884,887884,41.29334,-72.932983,3389981,New Haven,93,93,New Haven,8/6/2021,2021,8,August,6,6,Friday,10:03:00,10,21028504,A,2,,Motor Vehicle In Motion,"Injury of any type (Serious, Minor, Possible)",C,Possible Injury (C),0,0,4,Local,0.92,308,HOWARD AV,HOWARD AV,ROSETTE ST,,,,,41.29334,-72.932983,14,Motor Vehicle in Operation,4,"Sideswipe, same direction",1,On Roadway,1,Clear,88,Not Applicable,1,Daylight,1,Dry,0,None,88,Not Applicable,88,Not Applicable,0,None,88,Not Applicable,88,Not Applicable,2,Intersection,2,Four-Way Intersection,1,No,1,No,88,Not Applicable,88,Not Applicable,88,Not Applicable,88,Not Applicable,TRUE,1,Public Road,1,"Trafficway, On Road",CT0009300,New Haven PD,26,24:19.0,C,Closed,10:01.0,,,,,,,
887887,1,Complete,887887,887887,41.29646,-72.93249,3389984,New Haven,93,93,New Haven,8/6/2021,2021,8,August,6,6,Friday,13:37:00,13,21028527,A,2,,Motor Vehicle In Motion,"Injury of any type (Serious, Minor, Possible)",B,Suspected Minor Injury (B),0,0,4,Local,0.12,541,SALEM ST,SALEM ST,CARLISLE ST,,,,,41.29646,-72.93249,14,Motor Vehicle in Operation,3,Angle,1,On Roadway,1,Clear,88,Not Applicable,1,Daylight,1,Dry,0,None,88,Not Applicable,88,Not Applicable,0,None,88,Not Applicable,88,Not Applicable,2,Intersection,2,Four-Way Intersection,1,No,1,No,88,Not Applicable,88,Not Applicable,88,Not Applicable,88,Not Applicable,FALSE,1,Public Road,1,"Trafficway, On Road",CT0009300,New Haven PD,251,50:58.0,C,Closed,10:07.0,,,,,,,
887896,1,Complete,887896,887896,41.30142,-72.923943,3389993,New Haven,93,93,New Haven,8/6/2021,2021,8,August,6,6,Friday,21:38:00,21,21028582,A,2,,Motor Vehicle In Motion,"Injury of any type (Serious, Minor, Possible)",A,Suspected Serious Injury (A),0,0,4,Local,0,729,STATE ST NORTH,STATE ST NORTH,1-N,,,,,41.30142,-72.923943,14,Motor Vehicle in Operation,3,Angle,1,On Roadway,1,Clear,88,Not Applicable,3,Dusk,1,Dry,0,None,88,Not Applicable,88,Not Applicable,0,None,88,Not Applicable,88,Not Applicable,2,Intersection,2,Four-Way Intersection,1,No,1,No,88,Not Applicable,88,Not Applicable,88,Not Applicable,88,Not Applicable,FALSE,1,Public Road,1,"Trafficway, On Road",CT0009300,New Haven PD,42045,15:11.0,C,Closed,10:02.0,,,,,,,
887898,1,Complete,887898,887898,41.330537,-72.9351667,3389995,New Haven,93,93,New Haven,8/6/2021,2021,8,August,6,6,Friday,21:41:00,21,21028591,A,1,,Unknown,"Injury of any type (Serious, Minor, Possible)",C,Possible Injury (C),1,2,4,Local,1.24,152,DIXWELL AV,DIXWELL AV,IVY ST NO 1,IVY ST,50,Feet,E,41.330537,-72.9351667,9,Pedestrian,88,Not Applicable,1,On Roadway,1,Clear,88,Not Applicable,4,Dark-Lighted,1,Dry,0,None,88,Not Applicable,88,Not Applicable,99,Unknown,88,Not Applicable,88,Not Applicable,2,Intersection,3,T-Intersection,1,No,1,No,88,Not Applicable,88,Not Applicable,88,Not Applicable,88,Not Applicable,FALSE,1,Public Road,1,"Trafficway, On Road",CT0009300,New Haven PD,42048,50:30.0,O,Open,10:05.0,,2,10900,3,PRINCIPAL ARTERIAL - OTHER - NEW HPMS,2,Urban
887901,1,Complete,887901,887901,41.310312,-72.920623,3389998,New Haven,93,93,New Haven,8/6/2021,2021,8,August,6,6,Friday,22:11:00,22,21028600,A,1,,Curb,"Injury of any type (Serious, Minor, Possible)",C,Possible Injury (C),0,0,4,Local,1.34,450,ORANGE ST NO 1,ORANGE ST NO 1,,GROVE ST,50,Feet,N,41.310312,-72.920623,25,Curb,88,Not Applicable,2,Shoulder,2,Cloudy,88,Not Applicable,4,Dark-Lighted,1,Dry,0,None,88,Not Applicable,88,Not Applicable,0,None,88,Not Applicable,88,Not Applicable,1,Non-Junction,1,Not at Intersection,1,No,1,No,88,Not Applicable,88,Not Applicable,88,Not Applicable,88,Not Applicable,FALSE,1,Public Road,1,"Trafficway, On Road",CT0009300,New Haven PD,42054,58:42.0,C,Closed,10:28.0,,2,9400,4,MINOR ARTERIAL - NEW HPMS,2,Urban
887903,1,Complete,887903,887903,41.327338,-72.960351,3390000,New Haven,93,93,New Haven,8/7/2021,2021,8,August,7,7,Saturday,1:03:00,1,21028622,A,2,,Motor Vehicle In Motion,"Injury of any type (Serious, Minor, Possible)",C,Possible Injury (C),0,0,3,State,0.24,63,63-N,63-N,,,,,,41.327338,-72.960351,14,Motor Vehicle in Operation,1,Front to rear,1,On Roadway,1,Clear,88,Not Applicable,4,Dark-Lighted,1,Dry,0,None,88,Not Applicable,88,Not Applicable,0,None,88,Not Applicable,88,Not Applicable,2,Intersection,3,T-Intersection,1,No,1,No,88,Not Applicable,88,Not Applicable,88,Not Applicable,88,Not Applicable,FALSE,1,Public Road,1,"Trafficway, On Road",CT0009300,New Haven PD,503,27:08.0,C,Closed,10:00.0,,2,15400,3,PRINCIPAL ARTERIAL - OTHER - NEW HPMS,2,Urban
887907,1,Complete,887907,887907,41.294007,-72.934939,3390004,New Haven,93,93,New Haven,8/7/2021,2021,8,August,7,7,Saturday,17:43:00,17,21028689,A,1,,Pedestrian,"Injury of any type (Serious, Minor, Possible)",C,Possible Injury (C),1,0,4,Local,0.24,571,SPRING ST,SPRING ST,DEWITT ST,,,,,41.294007,-72.934939,9,Pedestrian,88,Not Applicable,1,On Roadway,1,Clear,88,Not Applicable,1,Daylight,1,Dry,99,Unknown,88,Not Applicable,88,Not Applicable,99,Unknown,88,Not Applicable,88,Not Applicable,2,Intersection,2,Four-Way Intersection,1,No,1,No,88,Not Applicable,88,Not Applicable,88,Not Applicable,88,Not Applicable,FALSE,1,Public Road,1,"Trafficway, On Road",CT0009300,New Haven PD,42045,22:18.0,C,Closed,10:02.0,,1,5600,5,MAJOR COLLECTOR - NEW HPMS,2,Urban