CrashId,Fatal Case Status,Fatal Case Status Text Format,CrashId,CrashId,Latitude,Longitude,DOT Case Number,Town Name,Town Number,Town Number,Town Number Text Format,Date Of Crash,Year,Month,Month Text Format,Day,Day of the Week,Day of the Week Text Format,Time of Crash,Hour of the Day,Case Identifier,Crash Severity,Number Of Motor Vehicles,Motor vehicle action,Most harmful event,Crash Severity Text Format,Most Severe Injury,Most Severe Injury Text Format,Number Of Non-Motorist,Number Of Witnesses,Route Class,Route Class Text Format,Milemarker,Road Number,Road Description,Roadway Name,Intersecting Roadway Name,Landmark Description,Distance From Nearest Landmark,Unit Of Measure From Nearest Landmark,Direction From Nearest Landmark,Latitude,Longitude,First Harmful Event,First Harmful Event Text Format,Manner of Crash / Collision Impact,Manner of Crash / Collision Impact Text Format,Location of First Harmful Event,Location of First Harmful Event Text Format,Weather Condition,Weather Condition Text Format,Weather 2,Weather 2 Text Format,Light Condition,Light Condition Text Format,Road Surface Condition,Road Surface Condition Text Format,"Contributing Circumstances, Environment","Contributing Circumstances, Environment Text Format",Environment 2,Environment 2 Text Format,Environment 3,Environment 3 Text Format,"Contributing Circumstances, Road","Contributing Circumstances, Road Text Format",Road 2,Road 2 Text Format,Road 3,Road 3 Text Format,Crash Specific Location,Crash Specific Location Text Format,Type of Intersection,Type of Intersection Text Format,School Bus Related,School Bus Related Text Format,Work Zone Related,Work Zone Related Text Format,Location Of Crash Relative To Work Zone,Location Of Crash Relative To Work Zone Text Format,Type of Work Zone,Type of Work Zone Text Format,Worker Presence,Worker Presence Text Format,Law Enforcement Presence,Law Enforcement Presence Text Format,Were Vehicles Moved Prior To Police Arrival,Trafficway Ownership,Trafficway Ownership Text Format,Trafficway Class,Trafficway Class Text Format,Police Agency,Police Agency Text Format,Badge Number,Approval Date,Police Case Status,Police Case Status Text Format,Crash Report Submission Date,Related Case Identifiers,No. of Through Lanes (Log Dir.),Average Daily Traffic,Functional Classification,Functional Classification Text Format,Rural or Urban,Rural or Urban Text Format
887911,1,Complete,887911,887911,41.28716,-72.9371,3390008,New Haven,93,93,New Haven,8/7/2021,2021,8,August,7,7,Saturday,23:35:00,23,21028726,A,2,,Motor Vehicle In Motion,"Injury of any type (Serious, Minor, Possible)",C,Possible Injury (C),0,0,3,State,0.54,10,10-N,10-N,PLYMOUTH ST,,,,,41.28716,-72.9371,14,Motor Vehicle in Operation,3,Angle,1,On Roadway,1,Clear,88,Not Applicable,4,Dark-Lighted,1,Dry,0,None,88,Not Applicable,88,Not Applicable,0,None,88,Not Applicable,88,Not Applicable,2,Intersection,3,T-Intersection,1,No,1,No,88,Not Applicable,88,Not Applicable,88,Not Applicable,88,Not Applicable,FALSE,1,Public Road,1,"Trafficway, On Road",CT0009300,New Haven PD,88,54:33.0,C,Closed,10:06.0,,4,17900,3,PRINCIPAL ARTERIAL - OTHER - NEW HPMS,2,Urban
887912,1,Complete,887912,887912,41.314779,-72.896963,3390009,New Haven,93,93,New Haven,8/12/2021,2021,8,August,12,5,Thursday,0:26:00,0,21028734,A,2,,Motor Vehicle In Motion,"Injury of any type (Serious, Minor, Possible)",B,Suspected Minor Injury (B),0,0,4,Local,0.34,213,FERRY ST,FERRY ST,,LOMBARD STREET,150,Feet,S,41.314779,-72.896963,14,Motor Vehicle in Operation,4,"Sideswipe, same direction",1,On Roadway,1,Clear,88,Not Applicable,4,Dark-Lighted,1,Dry,0,None,88,Not Applicable,88,Not Applicable,0,None,88,Not Applicable,88,Not Applicable,1,Non-Junction,1,Not at Intersection,1,No,1,No,88,Not Applicable,88,Not Applicable,88,Not Applicable,88,Not Applicable,FALSE,1,Public Road,1,"Trafficway, On Road",CT0009300,New Haven PD,370,21:56.0,O,Open,10:26.0,,,,,,,
887914,1,Complete,887914,887914,41.286239,-72.936265,3390011,New Haven,93,93,New Haven,8/8/2021,2021,8,August,8,1,Sunday,6:08:00,6,21028752,A,2,,Motor Vehicle In Motion,"Injury of any type (Serious, Minor, Possible)",C,Possible Injury (C),0,0,3,State,1.2,745,745-E,745-E,,ELLA T GRASSO BLVD,36,Feet,S,41.286239,-72.936265,14,Motor Vehicle in Operation,3,Angle,1,On Roadway,1,Clear,88,Not Applicable,1,Daylight,1,Dry,0,None,88,Not Applicable,88,Not Applicable,0,None,88,Not Applicable,88,Not Applicable,3,Intersection-Related,2,Four-Way Intersection,1,No,1,No,88,Not Applicable,88,Not Applicable,88,Not Applicable,88,Not Applicable,FALSE,1,Public Road,1,"Trafficway, On Road",CT0009300,New Haven PD,42056,04:21.0,C,Closed,10:25.0,,2,15000,4,MINOR ARTERIAL - NEW HPMS,2,Urban
887940,1,Complete,887940,887940,41.294576,-72.945594,3390037,New Haven,93,93,New Haven,8/9/2021,2021,8,August,9,2,Monday,15:55:00,15,21028878,A,2,,Motor Vehicle In Motion,"Injury of any type (Serious, Minor, Possible)",C,Possible Injury (C),0,0,3,State,1.2,10,10-N,10-N,,PRINTERS LANE,200,Feet,S,41.294576,-72.945594,14,Motor Vehicle in Operation,1,Front to rear,1,On Roadway,1,Clear,88,Not Applicable,1,Daylight,1,Dry,0,None,88,Not Applicable,88,Not Applicable,0,None,88,Not Applicable,88,Not Applicable,1,Non-Junction,1,Not at Intersection,1,No,1,No,88,Not Applicable,88,Not Applicable,88,Not Applicable,88,Not Applicable,FALSE,1,Public Road,1,"Trafficway, On Road",CT0009300,New Haven PD,476,52:15.0,C,Closed,10:14.0,,4,20200,3,PRINCIPAL ARTERIAL - OTHER - NEW HPMS,2,Urban
887941,1,Complete,887941,887941,41.309026,-72.895289,3390038,New Haven,93,93,New Haven,8/9/2021,2021,8,August,9,2,Monday,14:02:00,14,21028881,A,2,,Motor Vehicle In Motion,"Injury of any type (Serious, Minor, Possible)",C,Possible Injury (C),0,0,4,Local,0.49,264,GRAND AV,GRAND AV,,FERRY ST,20,Feet,E,41.309026,-72.895289,14,Motor Vehicle in Operation,3,Angle,1,On Roadway,1,Clear,88,Not Applicable,1,Daylight,1,Dry,0,None,88,Not Applicable,88,Not Applicable,0,None,88,Not Applicable,88,Not Applicable,11,Through Roadway,1,Not at Intersection,1,No,1,No,88,Not Applicable,88,Not Applicable,88,Not Applicable,88,Not Applicable,FALSE,1,Public Road,1,"Trafficway, On Road",CT0009300,New Haven PD,150,06:24.0,C,Closed,10:13.0,,,,,,,
887948,1,Complete,887948,887948,41.30475,-72.952236,3390045,New Haven,93,93,New Haven,8/9/2021,2021,8,August,9,2,Monday,20:17:00,20,21028930,A,1,,Pedestrian,"Injury of any type (Serious, Minor, Possible)",A,Suspected Serious Injury (A),1,0,3,State,2,10,10-N,10-N,,SOUTH FRONTAGE RD,100,Feet,S,41.30475,-72.952236,9,Pedestrian,88,Not Applicable,1,On Roadway,4,Rain,88,Not Applicable,5,Dark-Not Lighted,2,Wet,0,None,88,Not Applicable,88,Not Applicable,0,None,88,Not Applicable,88,Not Applicable,1,Non-Junction,1,Not at Intersection,1,No,1,No,88,Not Applicable,88,Not Applicable,88,Not Applicable,88,Not Applicable,TRUE,1,Public Road,1,"Trafficway, On Road",CT0009300,New Haven PD,428,56:10.0,C,Closed,10:23.0,,4,20700,3,PRINCIPAL ARTERIAL - OTHER - NEW HPMS,2,Urban
887950,1,Complete,887950,887950,41.321413,-72.928821,3390047,New Haven,93,93,New Haven,8/10/2021,2021,8,August,10,3,Tuesday,8:07:00,8,21028951,A,2,,Motor Vehicle In Motion,"Injury of any type (Serious, Minor, Possible)",C,Possible Injury (C),0,0,4,Local,0.16,429,MUNSON ST,MUNSON ST,WINCHESTER AV,,,,,41.321413,-72.928821,14,Motor Vehicle in Operation,3,Angle,1,On Roadway,1,Clear,88,Not Applicable,1,Daylight,1,Dry,0,None,88,Not Applicable,88,Not Applicable,0,None,88,Not Applicable,88,Not Applicable,2,Intersection,2,Four-Way Intersection,1,No,1,No,88,Not Applicable,88,Not Applicable,88,Not Applicable,88,Not Applicable,FALSE,1,Public Road,1,"Trafficway, On Road",CT0009300,New Haven PD,2,14:54.0,C,Closed,10:27.0,,,,,,,
887952,1,Complete,887952,887952,41.328491,-72.921975,3390049,New Haven,93,93,New Haven,8/10/2021,2021,8,August,10,3,Tuesday,8:47:00,8,21028955,A,2,,Motor Vehicle In Motion,"Injury of any type (Serious, Minor, Possible)",C,Possible Injury (C),0,1,4,Local,1.18,495,PROSPECT ST,PROSPECT ST,HIGHLAND ST,,,,,41.328491,-72.921975,14,Motor Vehicle in Operation,3,Angle,1,On Roadway,1,Clear,88,Not Applicable,1,Daylight,1,Dry,0,None,88,Not Applicable,88,Not Applicable,0,None,88,Not Applicable,88,Not Applicable,2,Intersection,2,Four-Way Intersection,1,No,1,No,88,Not Applicable,88,Not Applicable,88,Not Applicable,88,Not Applicable,FALSE,1,Public Road,1,"Trafficway, On Road",CT0009300,New Haven PD,199,24:00.0,C,Closed,10:16.0,,,,,,,
887953,1,Complete,887953,887953,41.28257,-72.937576,3390050,New Haven,93,93,New Haven,8/10/2021,2021,8,August,10,3,Tuesday,10:10:00,10,21028963,A,2,,Motor Vehicle In Motion,"Injury of any type (Serious, Minor, Possible)",C,Possible Injury (C),0,0,3,State,0,10,10-N,10-N,745-E,,,,,41.28257,-72.937576,14,Motor Vehicle in Operation,1,Front to rear,1,On Roadway,1,Clear,88,Not Applicable,1,Daylight,1,Dry,0,None,88,Not Applicable,88,Not Applicable,0,None,88,Not Applicable,88,Not Applicable,2,Intersection,4,Y-Intersection,1,No,1,No,88,Not Applicable,88,Not Applicable,88,Not Applicable,88,Not Applicable,TRUE,1,Public Road,1,"Trafficway, On Road",CT0009300,New Haven PD,295,44:27.0,C,Closed,10:16.0,,2,1171,7,LOCAL - NEW HPMS,2,Urban
887955,1,Complete,887955,887955,41.304571,-72.940538,3390052,New Haven,93,93,New Haven,8/10/2021,2021,8,August,10,3,Tuesday,12:44:00,12,21029000,A,1,,Pedestrian,"Injury of any type (Serious, Minor, Possible)",B,Suspected Minor Injury (B),1,0,4,Local,0,28,ASYLUM ST,ASYLUM ST,,SYLVAN AVE,10,Feet,S,41.304571,-72.940538,9,Pedestrian,88,Not Applicable,1,On Roadway,2,Cloudy,88,Not Applicable,1,Daylight,1,Dry,0,None,88,Not Applicable,88,Not Applicable,0,None,88,Not Applicable,88,Not Applicable,1,Non-Junction,1,Not at Intersection,1,No,1,No,88,Not Applicable,88,Not Applicable,88,Not Applicable,88,Not Applicable,FALSE,1,Public Road,1,"Trafficway, On Road",CT0009300,New Haven PD,305,39:24.0,C,Closed,10:23.0,,2,1224,7,LOCAL - NEW HPMS,2,Urban
887956,1,Complete,887956,887956,41.305066,-72.934598,3390053,New Haven,93,93,New Haven,8/10/2021,2021,8,August,10,3,Tuesday,15:00:00,15,21029036,A,3,,Motor Vehicle In Motion,"Injury of any type (Serious, Minor, Possible)",C,Possible Injury (C),0,0,4,Local,0.17,565,SOUTH FRONTAGE RD-RT 34,SOUTH FRONTAGE RD-RT 34,,YORK STREET,100,Feet,W,41.305066,-72.934598,14,Motor Vehicle in Operation,1,Front to rear,1,On Roadway,1,Clear,1,Clear,1,Daylight,1,Dry,0,None,88,Not Applicable,88,Not Applicable,0,None,88,Not Applicable,88,Not Applicable,1,Non-Junction,1,Not at Intersection,1,No,1,No,88,Not Applicable,88,Not Applicable,88,Not Applicable,88,Not Applicable,FALSE,1,Public Road,1,"Trafficway, On Road",CT0009300,New Haven PD,428,14:49.0,C,Closed,12:22.0,,,,,,,
887959,1,Complete,887959,887959,41.287422,-72.889749,3390056,New Haven,93,93,New Haven,8/10/2021,2021,8,August,10,3,Tuesday,17:02:00,17,21029045,A,2,,Motor Vehicle In Motion,"Injury of any type (Serious, Minor, Possible)",C,Possible Injury (C),0,0,4,Local,0,317,HUNTINGTON AV,HUNTINGTON AV,,,,,,41.287422,-72.889749,14,Motor Vehicle in Operation,1,Front to rear,1,On Roadway,1,Clear,88,Not Applicable,1,Daylight,1,Dry,0,None,88,Not Applicable,88,Not Applicable,0,None,88,Not Applicable,88,Not Applicable,2,Intersection,3,T-Intersection,1,No,1,No,88,Not Applicable,88,Not Applicable,88,Not Applicable,88,Not Applicable,FALSE,1,Public Road,1,"Trafficway, On Road",CT0009300,New Haven PD,220,54:22.0,O,Open,10:18.0,,,,,,,
887962,1,Complete,887962,887962,41.330837,-72.926906,3390059,New Haven,93,93,New Haven,8/11/2021,2021,8,August,11,4,Wednesday,2:34:00,2,21029084,A,3,,Motor Vehicle In Motion,"Injury of any type (Serious, Minor, Possible)",C,Possible Injury (C),0,0,4,Local,0.65,42,BASSETT ST,BASSETT ST,,NEWHALL ST,200,Feet,E,41.330837,-72.926906,14,Motor Vehicle in Operation,1,Front to rear,1,On Roadway,1,Clear,88,Not Applicable,4,Dark-Lighted,1,Dry,0,None,88,Not Applicable,88,Not Applicable,0,None,88,Not Applicable,88,Not Applicable,1,Non-Junction,1,Not at Intersection,1,No,1,No,88,Not Applicable,88,Not Applicable,88,Not Applicable,88,Not Applicable,FALSE,1,Public Road,1,"Trafficway, On Road",CT0009300,New Haven PD,41104,29:23.0,C,Closed,10:20.0,,,,,,,
887966,1,Complete,887966,887966,41.293088,-72.942653,3390063,New Haven,93,93,New Haven,8/11/2021,2021,8,August,11,4,Wednesday,11:55:00,11,21029132,A,2,,Motor Vehicle In Motion,"Injury of any type (Serious, Minor, Possible)",C,Possible Injury (C),0,0,4,Local,0.13,39,BARCLAY ST,BARCLAY ST,FRANK ST,,,,,41.293088,-72.942653,14,Motor Vehicle in Operation,3,Angle,1,On Roadway,1,Clear,88,Not Applicable,1,Daylight,1,Dry,0,None,88,Not Applicable,88,Not Applicable,0,None,88,Not Applicable,88,Not Applicable,2,Intersection,2,Four-Way Intersection,1,No,1,No,88,Not Applicable,88,Not Applicable,88,Not Applicable,88,Not Applicable,TRUE,1,Public Road,1,"Trafficway, On Road",CT0009300,New Haven PD,281,11:15.0,O,Open,10:30.0,,,,,,,
887969,1,Complete,887969,887969,41.302245,-72.939351,3390066,New Haven,93,93,New Haven,8/11/2021,2021,8,August,11,4,Wednesday,10:52:00,10,21029139,A,2,,Motor Vehicle In Motion,"Injury of any type (Serious, Minor, Possible)",C,Possible Injury (C),0,0,4,Local,0.55,141,DAVENPORT AV,DAVENPORT AV,ASYLUM ST,,,,,41.302245,-72.939351,14,Motor Vehicle in Operation,3,Angle,1,On Roadway,1,Clear,88,Not Applicable,1,Daylight,1,Dry,0,None,88,Not Applicable,88,Not Applicable,0,None,88,Not Applicable,88,Not Applicable,2,Intersection,2,Four-Way Intersection,1,No,1,No,88,Not Applicable,88,Not Applicable,88,Not Applicable,88,Not Applicable,TRUE,1,Public Road,1,"Trafficway, On Road",CT0009300,New Haven PD,301,54:20.0,C,Closed,11:43.0,,,,,,,
887971,1,Complete,887971,887971,41.310366,-72.922699,3390068,New Haven,93,93,New Haven,8/11/2021,2021,8,August,11,4,Wednesday,13:15:00,13,21029145,A,2,,Motor Vehicle In Motion,"Injury of any type (Serious, Minor, Possible)",C,Possible Injury (C),0,1,4,Local,0.52,103,CHURCH ST,CHURCH ST,,GROVE ST,40,Feet,S,41.310366,-72.922699,14,Motor Vehicle in Operation,2,Front to front,1,On Roadway,1,Clear,88,Not Applicable,1,Daylight,1,Dry,0,None,88,Not Applicable,88,Not Applicable,0,None,88,Not Applicable,88,Not Applicable,3,Intersection-Related,2,Four-Way Intersection,1,No,1,No,88,Not Applicable,88,Not Applicable,88,Not Applicable,88,Not Applicable,FALSE,1,Public Road,1,"Trafficway, On Road",CT0009300,New Haven PD,165,50:09.0,C,Closed,10:22.0,,,,,,,
887972,1,Complete,887972,887972,41.297765,-72.934998,3390069,New Haven,93,93,New Haven,8/11/2021,2021,8,August,11,4,Wednesday,14:00:00,14,21029147,A,3,,Motor Vehicle In Motion,"Injury of any type (Serious, Minor, Possible)",C,Possible Injury (C),0,0,2,USRoute,47.36,1,1-N,1-N,,HOWARD AVE,200,Feet,W,41.297765,-72.934998,14,Motor Vehicle in Operation,1,Front to rear,1,On Roadway,1,Clear,88,Not Applicable,1,Daylight,1,Dry,0,None,88,Not Applicable,88,Not Applicable,0,None,88,Not Applicable,88,Not Applicable,3,Intersection-Related,2,Four-Way Intersection,1,No,1,No,88,Not Applicable,88,Not Applicable,88,Not Applicable,88,Not Applicable,TRUE,1,Public Road,1,"Trafficway, On Road",CT0009300,New Haven PD,281,45:33.0,C,Closed,10:29.0,,2,8400,3,PRINCIPAL ARTERIAL - OTHER - NEW HPMS,2,Urban
887975,1,Complete,887975,887975,41.290544,-72.932242,3390072,New Haven,93,93,New Haven,8/11/2021,2021,8,August,11,4,Wednesday,14:38:00,14,21029155,A,2,,Motor Vehicle In Motion,"Injury of any type (Serious, Minor, Possible)",C,Possible Injury (C),0,0,4,Local,1.11,308,HOWARD AV,HOWARD AV,,1ST ST,170,Feet,N,41.290544,-72.932242,14,Motor Vehicle in Operation,3,Angle,1,On Roadway,1,Clear,88,Not Applicable,1,Daylight,1,Dry,0,None,88,Not Applicable,88,Not Applicable,0,None,88,Not Applicable,88,Not Applicable,1,Non-Junction,1,Not at Intersection,1,No,1,No,88,Not Applicable,88,Not Applicable,88,Not Applicable,88,Not Applicable,FALSE,1,Public Road,1,"Trafficway, On Road",CT0009300,New Haven PD,958,23:27.0,C,Closed,10:41.0,,,,,,,
887977,1,Complete,887977,887977,41.311373,-72.922383,3390074,New Haven,93,93,New Haven,8/11/2021,2021,8,August,11,4,Wednesday,17:03:00,17,21029168,A,2,,Motor Vehicle In Motion,"Injury of any type (Serious, Minor, Possible)",C,Possible Injury (C),0,0,4,Local,0.06,656,WHITNEY AV,WHITNEY AV,,AUDUBON,130,Feet,S,41.311373,-72.922383,14,Motor Vehicle in Operation,1,Front to rear,1,On Roadway,1,Clear,88,Not Applicable,1,Daylight,1,Dry,0,None,88,Not Applicable,88,Not Applicable,0,None,88,Not Applicable,88,Not Applicable,1,Non-Junction,1,Not at Intersection,1,No,1,No,88,Not Applicable,88,Not Applicable,88,Not Applicable,88,Not Applicable,FALSE,1,Public Road,1,"Trafficway, On Road",CT0009300,New Haven PD,40808,58:37.0,C,Closed,10:25.0,,,,,,,
887984,1,Complete,887984,887984,41.289482,-72.896926,3390081,New Haven,93,93,New Haven,8/12/2021,2021,8,August,12,5,Thursday,10:42:00,10,21029239,A,2,,Motor Vehicle In Motion,"Injury of any type (Serious, Minor, Possible)",C,Possible Injury (C),0,0,3,State,0.03,921,921-W,921-W,,95-N-346   EXIT 50,120,Feet,S,41.289482,-72.896926,14,Motor Vehicle in Operation,2,Front to front,1,On Roadway,1,Clear,88,Not Applicable,1,Daylight,1,Dry,0,None,88,Not Applicable,88,Not Applicable,0,None,88,Not Applicable,88,Not Applicable,3,Intersection-Related,2,Four-Way Intersection,1,No,1,No,88,Not Applicable,88,Not Applicable,88,Not Applicable,88,Not Applicable,FALSE,1,Public Road,1,"Trafficway, On Road",CT0009300,New Haven PD,430,56:39.0,C,Closed,10:28.0,,2,5200,1,INTERSTATE - NEW HPMS,2,Urban
887985,1,Complete,887985,887985,41.298692,-72.929073,3390082,New Haven,93,93,New Haven,8/12/2021,2021,8,August,12,5,Thursday,13:05:00,13,21029255,A,2,,Motor Vehicle In Motion,"Injury of any type (Serious, Minor, Possible)",C,Possible Injury (C),0,0,2,USRoute,47.67,1,1-S,1-S,COLUMBUS AV NO 1,,,,,41.298692,-72.929073,14,Motor Vehicle in Operation,3,Angle,1,On Roadway,1,Clear,88,Not Applicable,1,Daylight,1,Dry,0,None,88,Not Applicable,88,Not Applicable,0,None,88,Not Applicable,88,Not Applicable,2,Intersection,2,Four-Way Intersection,1,No,1,No,88,Not Applicable,88,Not Applicable,88,Not Applicable,88,Not Applicable,FALSE,1,Public Road,1,"Trafficway, On Road",CT0009300,New Haven PD,137,12:11.0,C,Closed,10:39.0,,4,9000,3,PRINCIPAL ARTERIAL - OTHER - NEW HPMS,2,Urban
887989,1,Complete,887989,887989,41.312232,-72.919193,3390086,New Haven,93,93,New Haven,8/12/2021,2021,8,August,12,5,Thursday,17:49:00,17,21029287,A,1,,"Other Fixed Object (wall, building, tunnel, etc.)","Injury of any type (Serious, Minor, Possible)",A,Suspected Serious Injury (A),0,1,4,Local,1.17,450,ORANGE ST NO 1,ORANGE ST NO 1,,,,,,41.312232,-72.919193,39,"Other Fixed Object (wall, building, tunnel, etc.)",88,Not Applicable,8,"Off Roadway,  Location Unknown",1,Clear,88,Not Applicable,1,Daylight,1,Dry,0,None,88,Not Applicable,88,Not Applicable,0,None,88,Not Applicable,88,Not Applicable,2,Intersection,2,Four-Way Intersection,1,No,1,No,88,Not Applicable,88,Not Applicable,88,Not Applicable,88,Not Applicable,FALSE,1,Public Road,1,"Trafficway, On Road",CT0009300,New Haven PD,42042,37:29.0,C,Closed,10:47.0,,2,900,3,PRINCIPAL ARTERIAL - OTHER - NEW HPMS,2,Urban
887993,1,Complete,887993,887993,41.323883,-72.881497,3390090,New Haven,93,93,New Haven,8/12/2021,2021,8,August,12,5,Thursday,22:55:00,22,21029316,A,2,,Motor Vehicle In Motion,"Injury of any type (Serious, Minor, Possible)",C,Possible Injury (C),0,0,3,State,0.22,17,17-N,17-N,80-W,,,,,41.323883,-72.881497,14,Motor Vehicle in Operation,3,Angle,1,On Roadway,1,Clear,88,Not Applicable,4,Dark-Lighted,1,Dry,0,None,88,Not Applicable,88,Not Applicable,0,None,88,Not Applicable,88,Not Applicable,2,Intersection,2,Four-Way Intersection,1,No,1,No,88,Not Applicable,88,Not Applicable,88,Not Applicable,88,Not Applicable,FALSE,1,Public Road,1,"Trafficway, On Road",CT0009300,New Haven PD,42055,14:42.0,O,Open,10:31.0,,1,8500,1,INTERSTATE - NEW HPMS,2,Urban
888002,1,Complete,888002,888002,41.3117276,-72.9444766,3390099,New Haven,93,93,New Haven,8/13/2021,2021,8,August,13,6,Friday,13:52:00,13,21029387,A,2,,Motor Vehicle In Motion,"Injury of any type (Serious, Minor, Possible)",B,Suspected Minor Injury (B),0,0,4,Local,0.42,556,SHERMAN AV,SHERMAN AV,,CHAPEL STREET,15,Feet,S,41.3117276,-72.9444766,14,Motor Vehicle in Operation,3,Angle,1,On Roadway,1,Clear,88,Not Applicable,1,Daylight,1,Dry,0,None,88,Not Applicable,88,Not Applicable,0,None,88,Not Applicable,88,Not Applicable,1,Non-Junction,1,Not at Intersection,1,No,1,No,88,Not Applicable,88,Not Applicable,88,Not Applicable,88,Not Applicable,FALSE,1,Public Road,1,"Trafficway, On Road",CT0009300,New Haven PD,42046,15:27.0,C,Closed,11:00.0,,,,,,,
888003,1,Complete,888003,888003,41.326742,-72.93677,3390100,New Haven,93,93,New Haven,8/13/2021,2021,8,August,13,6,Friday,14:11:00,14,21029388,A,3,,Motor Vehicle In Motion,"Injury of any type (Serious, Minor, Possible)",A,Suspected Serious Injury (A),0,1,4,Local,0.53,557,SHERMAN PKWY,SHERMAN PKWY,,W DIVISION ST,500,Feet,S,41.326742,-72.93677,14,Motor Vehicle in Operation,4,"Sideswipe, same direction",1,On Roadway,1,Clear,88,Not Applicable,1,Daylight,1,Dry,0,None,88,Not Applicable,88,Not Applicable,0,None,88,Not Applicable,88,Not Applicable,1,Non-Junction,1,Not at Intersection,1,No,1,No,88,Not Applicable,88,Not Applicable,88,Not Applicable,88,Not Applicable,TRUE,1,Public Road,1,"Trafficway, On Road",CT0009300,New Haven PD,182,11:18.0,O,Open,10:38.0,,,,,,,
888004,1,Complete,888004,888004,41.318271,-72.91461,3390101,New Haven,93,93,New Haven,8/13/2021,2021,8,August,13,6,Friday,15:19:00,15,21029392,A,2,,Motor Vehicle In Motion,"Injury of any type (Serious, Minor, Possible)",C,Possible Injury (C),0,0,4,Local,0.7,450,ORANGE ST NO 1,ORANGE ST NO 1,,,,,,41.318271,-72.91461,14,Motor Vehicle in Operation,1,Front to rear,1,On Roadway,1,Clear,88,Not Applicable,1,Daylight,1,Dry,0,None,88,Not Applicable,88,Not Applicable,0,None,88,Not Applicable,88,Not Applicable,2,Intersection,2,Four-Way Intersection,1,No,1,No,88,Not Applicable,88,Not Applicable,88,Not Applicable,88,Not Applicable,TRUE,1,Public Road,1,"Trafficway, On Road",CT0009300,New Haven PD,40790,29:17.0,C,Closed,10:34.0,,,,,,,
888007,1,Complete,888007,888007,41.308472,-72.943863,3390104,New Haven,93,93,New Haven,8/13/2021,2021,8,August,13,6,Friday,16:34:00,16,21029400,A,2,,Motor Vehicle In Motion,"Injury of any type (Serious, Minor, Possible)",C,Possible Injury (C),0,0,4,Local,0.11,772,GREENWOOD ST NO 2,GREENWOOD ST NO 2,GILBERT AV,,,,,41.308472,-72.943863,14,Motor Vehicle in Operation,3,Angle,1,On Roadway,1,Clear,88,Not Applicable,1,Daylight,1,Dry,0,None,88,Not Applicable,88,Not Applicable,0,None,88,Not Applicable,88,Not Applicable,2,Intersection,2,Four-Way Intersection,1,No,1,No,88,Not Applicable,88,Not Applicable,88,Not Applicable,88,Not Applicable,FALSE,1,Public Road,1,"Trafficway, On Road",CT0009300,New Haven PD,261,55:12.0,C,Closed,10:32.0,,,,,,,
888008,1,Complete,888008,888008,41.317744,-72.946154,3390105,New Haven,93,93,New Haven,8/13/2021,2021,8,August,13,6,Friday,16:28:00,16,21029401,A,2,,Motor Vehicle In Motion,"Injury of any type (Serious, Minor, Possible)",C,Possible Injury (C),0,0,4,Local,0.52,439,NORTON ST,NORTON ST,,WHALLEY AVE,20,Feet,S,41.317744,-72.946154,14,Motor Vehicle in Operation,4,"Sideswipe, same direction",2,Shoulder,1,Clear,88,Not Applicable,1,Daylight,1,Dry,99,Unknown,88,Not Applicable,88,Not Applicable,0,None,88,Not Applicable,88,Not Applicable,1,Non-Junction,1,Not at Intersection,1,No,1,No,88,Not Applicable,88,Not Applicable,88,Not Applicable,88,Not Applicable,FALSE,1,Public Road,1,"Trafficway, On Road",CT0009300,New Haven PD,9,28:10.0,O,Open,11:09.0,,,,,,,
888010,1,Complete,888010,888010,41.290449,-72.892185,3390107,New Haven,93,93,New Haven,8/13/2021,2021,8,August,13,6,Friday,17:53:00,17,21029411,A,3,,Motor Vehicle In Motion,"Injury of any type (Serious, Minor, Possible)",C,Possible Injury (C),0,0,4,Local,0.2,597,TOWNSEND AV,TOWNSEND AV,,ASHLAND PL,50,Feet,N,41.290449,-72.892185,14,Motor Vehicle in Operation,1,Front to rear,1,On Roadway,1,Clear,88,Not Applicable,1,Daylight,1,Dry,0,None,88,Not Applicable,88,Not Applicable,0,None,88,Not Applicable,88,Not Applicable,1,Non-Junction,1,Not at Intersection,1,No,1,No,88,Not Applicable,88,Not Applicable,88,Not Applicable,88,Not Applicable,FALSE,1,Public Road,1,"Trafficway, On Road",CT0009300,New Haven PD,279,44:30.0,C,Closed,10:53.0,,,,,,,
888012,1,Complete,888012,888012,41.320566,-72.897712,3390109,New Haven,93,93,New Haven,8/13/2021,2021,8,August,13,6,Friday,20:48:00,20,21029433,A,1,,"Other Post, Pole, or Support","Injury of any type (Serious, Minor, Possible)",C,Possible Injury (C),0,0,2,USRoute,0.46,5,5-N,5-N,,ROCK STREET,200,Feet,S,41.320566,-72.897712,33,Utility Pole/Light Support,88,Not Applicable,1,On Roadway,1,Clear,88,Not Applicable,1,Daylight,1,Dry,0,None,88,Not Applicable,88,Not Applicable,0,None,88,Not Applicable,88,Not Applicable,1,Non-Junction,1,Not at Intersection,1,No,1,No,88,Not Applicable,88,Not Applicable,88,Not Applicable,88,Not Applicable,FALSE,1,Public Road,1,"Trafficway, On Road",CT0009300,New Haven PD,42052,29:59.0,C,Closed,10:36.0,,2,17300,4,MINOR ARTERIAL - NEW HPMS,2,Urban