CrashId,Fatal Case Status,Fatal Case Status Text Format,CrashId,CrashId,Latitude,Longitude,DOT Case Number,Town Name,Town Number,Town Number,Town Number Text Format,Date Of Crash,Year,Month,Month Text Format,Day,Day of the Week,Day of the Week Text Format,Time of Crash,Hour of the Day,Case Identifier,Crash Severity,Number Of Motor Vehicles,Motor vehicle action,Most harmful event,Crash Severity Text Format,Most Severe Injury,Most Severe Injury Text Format,Number Of Non-Motorist,Number Of Witnesses,Route Class,Route Class Text Format,Milemarker,Road Number,Road Description,Roadway Name,Intersecting Roadway Name,Landmark Description,Distance From Nearest Landmark,Unit Of Measure From Nearest Landmark,Direction From Nearest Landmark,Latitude,Longitude,First Harmful Event,First Harmful Event Text Format,Manner of Crash / Collision Impact,Manner of Crash / Collision Impact Text Format,Location of First Harmful Event,Location of First Harmful Event Text Format,Weather Condition,Weather Condition Text Format,Weather 2,Weather 2 Text Format,Light Condition,Light Condition Text Format,Road Surface Condition,Road Surface Condition Text Format,"Contributing Circumstances, Environment","Contributing Circumstances, Environment Text Format",Environment 2,Environment 2 Text Format,Environment 3,Environment 3 Text Format,"Contributing Circumstances, Road","Contributing Circumstances, Road Text Format",Road 2,Road 2 Text Format,Road 3,Road 3 Text Format,Crash Specific Location,Crash Specific Location Text Format,Type of Intersection,Type of Intersection Text Format,School Bus Related,School Bus Related Text Format,Work Zone Related,Work Zone Related Text Format,Location Of Crash Relative To Work Zone,Location Of Crash Relative To Work Zone Text Format,Type of Work Zone,Type of Work Zone Text Format,Worker Presence,Worker Presence Text Format,Law Enforcement Presence,Law Enforcement Presence Text Format,Were Vehicles Moved Prior To Police Arrival,Trafficway Ownership,Trafficway Ownership Text Format,Trafficway Class,Trafficway Class Text Format,Police Agency,Police Agency Text Format,Badge Number,Approval Date,Police Case Status,Police Case Status Text Format,Crash Report Submission Date,Related Case Identifiers,No. of Through Lanes (Log Dir.),Average Daily Traffic,Functional Classification,Functional Classification Text Format,Rural or Urban,Rural or Urban Text Format
888013,1,Complete,888013,888013,41.291141,-72.934032,3390110,New Haven,93,93,New Haven,8/13/2021,2021,8,August,13,6,Friday,21:16:00,21,21029436,A,1,,Pedestrian,"Injury of any type (Serious, Minor, Possible)",C,Possible Injury (C),1,0,4,Local,0.33,350,LAMBERTON ST,LAMBERTON ST,DEWITT ST,,,,,41.291141,-72.934032,9,Pedestrian,88,Not Applicable,1,On Roadway,1,Clear,88,Not Applicable,5,Dark-Not Lighted,1,Dry,0,None,88,Not Applicable,88,Not Applicable,0,None,88,Not Applicable,88,Not Applicable,2,Intersection,3,T-Intersection,1,No,1,No,88,Not Applicable,88,Not Applicable,88,Not Applicable,88,Not Applicable,FALSE,1,Public Road,1,"Trafficway, On Road",CT0009300,New Haven PD,42045,47:05.0,C,Closed,10:35.0,,1,5348,7,LOCAL - NEW HPMS,2,Urban
888022,1,Complete,888022,888022,41.31129,-72.94466,3390119,New Haven,93,93,New Haven,8/14/2021,2021,8,August,14,7,Saturday,14:10:00,14,21029503,A,1,,Pedestrian,"Injury of any type (Serious, Minor, Possible)",C,Possible Injury (C),1,2,4,Local,0.38,556,SHERMAN AV,SHERMAN AV,,,,,,41.31129,-72.94466,9,Pedestrian,88,Not Applicable,1,On Roadway,1,Clear,88,Not Applicable,1,Daylight,1,Dry,0,None,88,Not Applicable,88,Not Applicable,0,None,88,Not Applicable,88,Not Applicable,2,Intersection,2,Four-Way Intersection,1,No,1,No,88,Not Applicable,88,Not Applicable,88,Not Applicable,88,Not Applicable,FALSE,1,Public Road,1,"Trafficway, On Road",CT0009300,New Haven PD,268,48:44.0,C,Closed,10:42.0,,2,10900,4,MINOR ARTERIAL - NEW HPMS,2,Urban
888025,1,Complete,888025,888025,41.285105,-72.936828,3390122,New Haven,93,93,New Haven,8/14/2021,2021,8,August,14,7,Saturday,15:22:00,15,21029510,A,2,,Motor Vehicle In Motion,"Injury of any type (Serious, Minor, Possible)",A,Suspected Serious Injury (A),0,0,3,State,1.12,745,745-E,745-E,,ELLA T GRASSO BLVD,200,Feet,S,41.285105,-72.936828,14,Motor Vehicle in Operation,3,Angle,1,On Roadway,1,Clear,88,Not Applicable,1,Daylight,1,Dry,0,None,88,Not Applicable,88,Not Applicable,0,None,88,Not Applicable,88,Not Applicable,1,Non-Junction,1,Not at Intersection,1,No,1,No,88,Not Applicable,88,Not Applicable,88,Not Applicable,88,Not Applicable,FALSE,1,Public Road,1,"Trafficway, On Road",CT0009300,New Haven PD,958,22:26.0,C,Closed,10:41.0,,2,15000,4,MINOR ARTERIAL - NEW HPMS,2,Urban
888028,1,Complete,888028,888028,41.306759,-72.946449,3390125,New Haven,93,93,New Haven,8/15/2021,2021,8,August,15,1,Sunday,0:59:00,0,21029553,A,2,,Motor Vehicle In Motion,"Injury of any type (Serious, Minor, Possible)",B,Suspected Minor Injury (B),0,0,4,Local,1.23,809,REV DR MLK JR BLVD,REV DR MLK JR BLVD,SHERMAN AV,,,,,41.306759,-72.946449,14,Motor Vehicle in Operation,3,Angle,1,On Roadway,1,Clear,88,Not Applicable,4,Dark-Lighted,1,Dry,99,Unknown,88,Not Applicable,88,Not Applicable,99,Unknown,88,Not Applicable,88,Not Applicable,2,Intersection,2,Four-Way Intersection,1,No,1,No,88,Not Applicable,88,Not Applicable,88,Not Applicable,88,Not Applicable,FALSE,1,Public Road,1,"Trafficway, On Road",CT0009300,New Haven PD,11439,22:14.0,C,Closed,10:43.0,,,,,,,
888047,1,Complete,888047,888047,41.32173,-72.95277,3390144,New Haven,93,93,New Haven,8/15/2021,2021,8,August,15,1,Sunday,16:46:00,16,21029623,A,2,,Motor Vehicle In Motion,"Injury of any type (Serious, Minor, Possible)",C,Possible Injury (C),0,0,3,State,3.3,10,10-N,10-N,HUBINGER ST,,,,,41.32173,-72.95277,14,Motor Vehicle in Operation,3,Angle,1,On Roadway,1,Clear,88,Not Applicable,1,Daylight,1,Dry,99,Unknown,88,Not Applicable,88,Not Applicable,99,Unknown,88,Not Applicable,88,Not Applicable,2,Intersection,2,Four-Way Intersection,1,No,1,No,88,Not Applicable,88,Not Applicable,88,Not Applicable,88,Not Applicable,FALSE,1,Public Road,1,"Trafficway, On Road",CT0009300,New Haven PD,11439,23:39.0,C,Closed,10:44.0,,4,18000,3,PRINCIPAL ARTERIAL - OTHER - NEW HPMS,2,Urban
888048,1,Complete,888048,888048,41.332265,-72.93405,3390145,New Haven,93,93,New Haven,8/15/2021,2021,8,August,15,1,Sunday,19:09:00,19,21029625,A,3,,Motor Vehicle In Motion,"Injury of any type (Serious, Minor, Possible)",C,Possible Injury (C),0,1,4,Local,0.27,42,BASSETT ST,BASSETT ST,,WATSON ST,50,Feet,W,41.332265,-72.93405,14,Motor Vehicle in Operation,1,Front to rear,1,On Roadway,1,Clear,88,Not Applicable,1,Daylight,1,Dry,0,None,88,Not Applicable,88,Not Applicable,0,None,88,Not Applicable,88,Not Applicable,1,Non-Junction,1,Not at Intersection,1,No,1,No,88,Not Applicable,88,Not Applicable,88,Not Applicable,88,Not Applicable,FALSE,1,Public Road,1,"Trafficway, On Road",CT0009300,New Haven PD,40801,21:32.0,C,Closed,10:45.0,,,,,,,
888051,1,Complete,888051,888051,41.32973,-72.87317,3390148,New Haven,93,93,New Haven,8/16/2021,2021,8,August,16,2,Monday,1:36:00,1,21029654,A,2,,Motor Vehicle In Motion,"Injury of any type (Serious, Minor, Possible)",C,Possible Injury (C),0,0,4,Local,0.32,561,SMITH AV,SMITH AV,,CROSS ST,50,Feet,S,41.32973,-72.87317,14,Motor Vehicle in Operation,1,Front to rear,1,On Roadway,1,Clear,88,Not Applicable,4,Dark-Lighted,1,Dry,0,None,88,Not Applicable,88,Not Applicable,0,None,88,Not Applicable,88,Not Applicable,1,Non-Junction,1,Not at Intersection,1,No,1,No,88,Not Applicable,88,Not Applicable,88,Not Applicable,88,Not Applicable,FALSE,1,Public Road,1,"Trafficway, On Road",CT0009300,New Haven PD,415,37:05.0,C,Closed,11:05.0,,,,,,,
888056,1,Complete,888056,888056,41.32879,-72.95643,3390153,New Haven,93,93,New Haven,8/16/2021,2021,8,August,16,2,Monday,15:29:00,15,21029714,A,3,,Motor Vehicle In Motion,"Injury of any type (Serious, Minor, Possible)",C,Possible Injury (C),0,0,4,Local,0.76,56,BLAKE ST,BLAKE ST,,AUSTIN ST,100,Feet,W,41.32879,-72.95643,14,Motor Vehicle in Operation,1,Front to rear,1,On Roadway,1,Clear,88,Not Applicable,1,Daylight,1,Dry,0,None,88,Not Applicable,88,Not Applicable,0,None,88,Not Applicable,88,Not Applicable,1,Non-Junction,1,Not at Intersection,1,No,1,No,88,Not Applicable,88,Not Applicable,88,Not Applicable,88,Not Applicable,FALSE,1,Public Road,1,"Trafficway, On Road",CT0009300,New Haven PD,751,11:21.0,C,Closed,10:49.0,,,,,,,
888061,1,Complete,888061,888061,41.3310268,-72.9278675,3390158,New Haven,93,93,New Haven,8/16/2021,2021,8,August,16,2,Monday,17:15:00,17,21029730,A,2,,Motor Vehicle In Motion,"Injury of any type (Serious, Minor, Possible)",C,Possible Injury (C),0,0,4,Local,0.6,42,BASSETT ST,BASSETT ST,NEWHALL ST,,,,,41.3310268,-72.9278675,14,Motor Vehicle in Operation,99,Unknown,1,On Roadway,1,Clear,88,Not Applicable,3,Dusk,1,Dry,0,None,88,Not Applicable,88,Not Applicable,0,None,88,Not Applicable,88,Not Applicable,2,Intersection,2,Four-Way Intersection,1,No,1,No,88,Not Applicable,88,Not Applicable,88,Not Applicable,88,Not Applicable,FALSE,1,Public Road,1,"Trafficway, On Road",CT0009300,New Haven PD,42048,36:59.0,C,Closed,10:49.0,,,,,,,
888067,1,Complete,888067,888067,41.302587,-72.923479,3390164,New Haven,93,93,New Haven,8/17/2021,2021,8,August,17,3,Tuesday,11:29:00,11,21029813,A,2,,Motor Vehicle In Motion,"Injury of any type (Serious, Minor, Possible)",B,Suspected Minor Injury (B),0,0,4,Local,0.08,729,STATE ST NORTH,STATE ST NORTH,STATE ST,,,,,41.302587,-72.923479,14,Motor Vehicle in Operation,3,Angle,1,On Roadway,2,Cloudy,88,Not Applicable,1,Daylight,1,Dry,0,None,88,Not Applicable,88,Not Applicable,0,None,88,Not Applicable,88,Not Applicable,2,Intersection,2,Four-Way Intersection,1,No,1,No,88,Not Applicable,88,Not Applicable,88,Not Applicable,88,Not Applicable,TRUE,1,Public Road,1,"Trafficway, On Road",CT0009300,New Haven PD,166,47:20.0,C,Closed,10:52.0,,,,,,,
888070,1,Complete,888070,888070,41.313,-72.952026,3390167,New Haven,93,93,New Haven,8/17/2021,2021,8,August,17,3,Tuesday,14:34:00,14,21029830,A,2,,Motor Vehicle In Motion,"Injury of any type (Serious, Minor, Possible)",C,Possible Injury (C),0,0,3,State,2.59,10,10-N,10-N,CHAPEL ST,,,,,41.313,-72.952026,14,Motor Vehicle in Operation,4,"Sideswipe, same direction",1,On Roadway,1,Clear,88,Not Applicable,1,Daylight,1,Dry,0,None,88,Not Applicable,88,Not Applicable,0,None,88,Not Applicable,88,Not Applicable,2,Intersection,2,Four-Way Intersection,1,No,1,No,88,Not Applicable,88,Not Applicable,88,Not Applicable,88,Not Applicable,TRUE,1,Public Road,1,"Trafficway, On Road",CT0009300,New Haven PD,261,43:20.0,C,Closed,10:56.0,,2,19700,3,PRINCIPAL ARTERIAL - OTHER - NEW HPMS,2,Urban
888075,1,Complete,888075,888075,41.306553,-72.952729,3390172,New Haven,93,93,New Haven,8/17/2021,2021,8,August,17,3,Tuesday,17:09:00,17,21029857,A,2,,Motor Vehicle In Motion,"Injury of any type (Serious, Minor, Possible)",C,Possible Injury (C),0,0,4,Local,1.55,809,REV DR MLK JR BLVD,REV DR MLK JR BLVD,,,,,,41.306553,-72.952729,14,Motor Vehicle in Operation,1,Front to rear,1,On Roadway,1,Clear,88,Not Applicable,1,Daylight,1,Dry,0,None,88,Not Applicable,88,Not Applicable,0,None,88,Not Applicable,88,Not Applicable,3,Intersection-Related,3,T-Intersection,1,No,1,No,88,Not Applicable,88,Not Applicable,88,Not Applicable,88,Not Applicable,FALSE,1,Public Road,1,"Trafficway, On Road",CT0009300,New Haven PD,261,38:52.0,C,Closed,10:55.0,,,,,,,
888076,1,Complete,888076,888076,41.314948,-72.897893,3390173,New Haven,93,93,New Haven,8/17/2021,2021,8,August,17,3,Tuesday,19:30:00,19,21029871,A,1,,Pedestrian,"Injury of any type (Serious, Minor, Possible)",B,Suspected Minor Injury (B),1,1,4,Local,0.33,379,LOMBARD ST,LOMBARD ST,,FERRY STREET,100,Feet,W,41.314948,-72.897893,9,Pedestrian,88,Not Applicable,2,Shoulder,1,Clear,88,Not Applicable,1,Daylight,1,Dry,0,None,88,Not Applicable,88,Not Applicable,0,None,88,Not Applicable,88,Not Applicable,1,Non-Junction,1,Not at Intersection,1,No,1,No,88,Not Applicable,88,Not Applicable,88,Not Applicable,88,Not Applicable,FALSE,1,Public Road,99,Unknown,CT0009300,New Haven PD,42369,25:14.0,C,Closed,11:10.0,,2,7500,5,MAJOR COLLECTOR - NEW HPMS,2,Urban
888079,1,Complete,888079,888079,41.32433,-72.93404,3390176,New Haven,93,93,New Haven,8/18/2021,2021,8,August,18,4,Wednesday,2:00:00,2,21029893,A,2,,Motor Vehicle In Motion,"Injury of any type (Serious, Minor, Possible)",B,Suspected Minor Injury (B),0,0,4,Local,0.14,552,SHELTON AV,SHELTON AV,ARGYLE ST,,,,,41.32433,-72.93404,14,Motor Vehicle in Operation,3,Angle,1,On Roadway,1,Clear,88,Not Applicable,2,Dawn,1,Dry,0,None,88,Not Applicable,88,Not Applicable,0,None,88,Not Applicable,88,Not Applicable,2,Intersection,3,T-Intersection,1,No,1,No,88,Not Applicable,88,Not Applicable,88,Not Applicable,88,Not Applicable,TRUE,1,Public Road,1,"Trafficway, On Road",CT0009300,New Haven PD,40802,44:34.0,C,Closed,11:14.0,21029893,,,,,,
888080,1,Complete,888080,888080,41.31269,-72.934729,3390177,New Haven,93,93,New Haven,8/18/2021,2021,8,August,18,4,Wednesday,0:40:00,0,21029894,A,1,,Pedestrian,"Injury of any type (Serious, Minor, Possible)",C,Possible Injury (C),1,0,4,Local,0.06,160,DWIGHT ST,DWIGHT ST,,ELM STREET,100,Feet,N,41.31269,-72.934729,9,Pedestrian,88,Not Applicable,2,Shoulder,1,Clear,88,Not Applicable,5,Dark-Not Lighted,1,Dry,0,None,88,Not Applicable,88,Not Applicable,0,None,88,Not Applicable,88,Not Applicable,1,Non-Junction,1,Not at Intersection,1,No,1,No,88,Not Applicable,88,Not Applicable,88,Not Applicable,88,Not Applicable,TRUE,1,Public Road,1,"Trafficway, On Road",CT0009300,New Haven PD,11107,29:02.0,C,Closed,10:57.0,,1,3100,4,MINOR ARTERIAL - NEW HPMS,2,Urban
888081,1,Complete,888081,888081,41.31307,-72.92191,3390178,New Haven,93,93,New Haven,8/18/2021,2021,8,August,18,4,Wednesday,6:34:00,6,21029902,A,2,,Motor Vehicle In Motion,"Injury of any type (Serious, Minor, Possible)",C,Possible Injury (C),0,2,4,Local,0.17,601,TRUMBULL ST,TRUMBULL ST,,,,,,41.31307,-72.92191,14,Motor Vehicle in Operation,4,"Sideswipe, same direction",1,On Roadway,1,Clear,88,Not Applicable,1,Daylight,1,Dry,0,None,88,Not Applicable,88,Not Applicable,0,None,88,Not Applicable,88,Not Applicable,2,Intersection,2,Four-Way Intersection,1,No,1,No,88,Not Applicable,88,Not Applicable,88,Not Applicable,88,Not Applicable,TRUE,1,Public Road,1,"Trafficway, On Road",CT0009300,New Haven PD,2,19:54.0,C,Closed,10:57.0,,,,,,,
888085,1,Complete,888085,888085,41.303807,-72.918048,3390182,New Haven,93,93,New Haven,8/18/2021,2021,8,August,18,4,Wednesday,12:41:00,12,21029966,A,2,,Motor Vehicle In Motion,"Injury of any type (Serious, Minor, Possible)",C,Possible Injury (C),0,0,4,Local,1.33,97,CHAPEL ST,CHAPEL ST,DEPALMA CT,,,,,41.303807,-72.918048,14,Motor Vehicle in Operation,3,Angle,1,On Roadway,2,Cloudy,88,Not Applicable,1,Daylight,1,Dry,0,None,88,Not Applicable,88,Not Applicable,0,None,88,Not Applicable,88,Not Applicable,2,Intersection,3,T-Intersection,1,No,1,No,88,Not Applicable,88,Not Applicable,88,Not Applicable,88,Not Applicable,FALSE,1,Public Road,1,"Trafficway, On Road",CT0009300,New Haven PD,166,47:13.0,C,Closed,10:59.0,,,,,,,
888089,1,Complete,888089,888089,41.320384,-72.970561,3390186,New Haven,93,93,New Haven,8/18/2021,2021,8,August,18,4,Wednesday,20:58:00,20,21030018,A,2,,Motor Vehicle In Motion,"Injury of any type (Serious, Minor, Possible)",C,Possible Injury (C),0,0,4,Local,0.17,180,EDGEWOOD WAY,EDGEWOOD WAY,,FOREST RD,50,Feet,N,41.320384,-72.970561,14,Motor Vehicle in Operation,1,Front to rear,1,On Roadway,1,Clear,1,Clear,4,Dark-Lighted,1,Dry,0,None,88,Not Applicable,88,Not Applicable,0,None,88,Not Applicable,88,Not Applicable,1,Non-Junction,1,Not at Intersection,1,No,1,No,88,Not Applicable,88,Not Applicable,88,Not Applicable,88,Not Applicable,TRUE,1,Public Road,1,"Trafficway, On Road",CT0009300,New Haven PD,55,36:35.0,C,Closed,11:01.0,,,,,,,
888093,1,Complete,888093,888093,41.30625,-72.93562,3390190,New Haven,93,93,New Haven,8/19/2021,2021,8,August,19,5,Thursday,7:14:00,7,21030045,A,2,,Motor Vehicle In Motion,"Injury of any type (Serious, Minor, Possible)",A,Suspected Serious Injury (A),0,0,4,Local,0.64,809,REV DR MLK JR BLVD,REV DR MLK JR BLVD,PARK ST,,,,,41.30625,-72.93562,14,Motor Vehicle in Operation,3,Angle,1,On Roadway,4,Rain,88,Not Applicable,1,Daylight,2,Wet,0,None,88,Not Applicable,88,Not Applicable,0,None,88,Not Applicable,88,Not Applicable,2,Intersection,2,Four-Way Intersection,1,No,1,No,88,Not Applicable,88,Not Applicable,88,Not Applicable,88,Not Applicable,FALSE,1,Public Road,1,"Trafficway, On Road",CT0009300,New Haven PD,137,18:55.0,C,Closed,11:02.0,,,,,,,
888096,1,Complete,888096,888096,41.326727,-72.897413,3390193,New Haven,93,93,New Haven,8/19/2021,2021,8,August,19,5,Thursday,11:09:00,11,21030070,A,2,,Motor Vehicle In Motion,"Injury of any type (Serious, Minor, Possible)",C,Possible Injury (C),0,0,2,USRoute,0.91,5,5-N,5-N,,ALBERT ST,125,Feet,N,41.326727,-72.897413,14,Motor Vehicle in Operation,3,Angle,7,In Parking Lane or Zone,1,Clear,88,Not Applicable,1,Daylight,1,Dry,0,None,88,Not Applicable,88,Not Applicable,0,None,88,Not Applicable,88,Not Applicable,11,Through Roadway,1,Not at Intersection,1,No,1,No,88,Not Applicable,88,Not Applicable,88,Not Applicable,88,Not Applicable,FALSE,1,Public Road,1,"Trafficway, On Road",CT0009300,New Haven PD,40793,42:38.0,C,Closed,11:03.0,,2,17300,4,MINOR ARTERIAL - NEW HPMS,2,Urban
888100,1,Complete,888100,888100,41.299394,-72.925599,3390197,New Haven,93,93,New Haven,8/19/2021,2021,8,August,19,5,Thursday,14:26:00,14,21030090,A,1,,Motor Vehicle In Motion,"Injury of any type (Serious, Minor, Possible)",B,Suspected Minor Injury (B),1,1,2,USRoute,48.11,1,1-N,1-N,MEADOW ST,,,,,41.299394,-72.925599,10,Pedalcycle/Pedalcyclist,1,Front to rear,1,On Roadway,1,Clear,88,Not Applicable,1,Daylight,1,Dry,0,None,88,Not Applicable,88,Not Applicable,0,None,88,Not Applicable,88,Not Applicable,2,Intersection,3,T-Intersection,1,No,1,No,88,Not Applicable,88,Not Applicable,88,Not Applicable,88,Not Applicable,FALSE,1,Public Road,1,"Trafficway, On Road",CT0009300,New Haven PD,159,43:23.0,O,Open,11:26.0,,4,11600,3,PRINCIPAL ARTERIAL - OTHER - NEW HPMS,2,Urban
888102,1,Complete,888102,888102,41.309134,-72.94202,3390199,New Haven,93,93,New Haven,8/19/2021,2021,8,August,19,5,Thursday,15:56:00,15,21030103,A,2,,Motor Vehicle In Motion,"Injury of any type (Serious, Minor, Possible)",C,Possible Injury (C),0,0,4,Local,0.43,248,GEORGE ST,GEORGE ST,ORCHARD ST,,,,,41.309134,-72.94202,14,Motor Vehicle in Operation,3,Angle,1,On Roadway,1,Clear,88,Not Applicable,1,Daylight,1,Dry,0,None,88,Not Applicable,88,Not Applicable,0,None,88,Not Applicable,88,Not Applicable,2,Intersection,2,Four-Way Intersection,1,No,1,No,88,Not Applicable,88,Not Applicable,88,Not Applicable,88,Not Applicable,FALSE,1,Public Road,1,"Trafficway, On Road",CT0009300,New Haven PD,72,43:24.0,C,Closed,11:04.0,,,,,,,
888104,1,Complete,888104,888104,41.288197,-72.8890273,3390201,New Haven,93,93,New Haven,8/19/2021,2021,8,August,19,5,Thursday,15:19:00,15,21030111,A,2,,Motor Vehicle In Motion,"Injury of any type (Serious, Minor, Possible)",C,Possible Injury (C),0,0,4,Local,0.06,702,OAKLEY ST NO 2,OAKLEY ST NO 2,,ROUTE 1,10,Feet,W,41.288197,-72.8890273,14,Motor Vehicle in Operation,1,Front to rear,1,On Roadway,1,Clear,88,Not Applicable,1,Daylight,1,Dry,0,None,88,Not Applicable,88,Not Applicable,0,None,88,Not Applicable,88,Not Applicable,4,Entrance / Exit Ramp,1,Not at Intersection,1,No,1,No,88,Not Applicable,88,Not Applicable,88,Not Applicable,88,Not Applicable,FALSE,1,Public Road,1,"Trafficway, On Road",CT0009300,New Haven PD,42055,46:15.0,C,Closed,11:02.0,,,,,,,
888108,1,Complete,888108,888108,41.311132,-72.895944,3390205,New Haven,93,93,New Haven,8/19/2021,2021,8,August,19,5,Thursday,18:37:00,18,21030139,A,2,,Motor Vehicle In Motion,"Injury of any type (Serious, Minor, Possible)",C,Possible Injury (C),0,1,4,Local,0.6,213,FERRY ST,FERRY ST,,CLAY ST,70,Feet,N,41.311132,-72.895944,14,Motor Vehicle in Operation,3,Angle,1,On Roadway,1,Clear,88,Not Applicable,1,Daylight,1,Dry,0,None,88,Not Applicable,88,Not Applicable,0,None,88,Not Applicable,88,Not Applicable,8,Driveway Access,1,Not at Intersection,1,No,1,No,88,Not Applicable,88,Not Applicable,88,Not Applicable,88,Not Applicable,FALSE,1,Public Road,1,"Trafficway, On Road",CT0009300,New Haven PD,150,14:34.0,C,Closed,11:05.0,,,,,,,
888111,1,Complete,888111,888111,41.28716,-72.92594,3390208,New Haven,93,93,New Haven,8/20/2021,2021,8,August,20,6,Friday,8:00:00,8,21030178,A,2,,Motor Vehicle In Motion,"Injury of any type (Serious, Minor, Possible)",C,Possible Injury (C),0,0,4,Local,0.23,359,SARGENT DR,SARGENT DR,LONG WHARF DR,,,,,41.28716,-72.92594,14,Motor Vehicle in Operation,5,"Sideswipe, opposite direction",1,On Roadway,1,Clear,88,Not Applicable,1,Daylight,1,Dry,0,None,88,Not Applicable,88,Not Applicable,0,None,88,Not Applicable,88,Not Applicable,2,Intersection,2,Four-Way Intersection,1,No,1,No,88,Not Applicable,88,Not Applicable,88,Not Applicable,88,Not Applicable,FALSE,1,Public Road,1,"Trafficway, On Road",CT0009300,New Haven PD,26,12:31.0,C,Closed,12:46.0,,,,,,,
888114,1,Complete,888114,888114,41.29869,-72.92901,3390211,New Haven,93,93,New Haven,8/20/2021,2021,8,August,20,6,Friday,9:35:00,9,21030188,A,2,,Motor Vehicle In Motion,"Injury of any type (Serious, Minor, Possible)",C,Possible Injury (C),0,0,2,USRoute,47.67,1,1-S,1-S,COLUMBUS AV NO 1,,,,,41.29869,-72.92901,14,Motor Vehicle in Operation,3,Angle,1,On Roadway,1,Clear,88,Not Applicable,1,Daylight,1,Dry,0,None,88,Not Applicable,88,Not Applicable,0,None,88,Not Applicable,88,Not Applicable,2,Intersection,2,Four-Way Intersection,1,No,1,No,88,Not Applicable,88,Not Applicable,88,Not Applicable,88,Not Applicable,FALSE,1,Public Road,1,"Trafficway, On Road",CT0009300,New Haven PD,42370,34:42.0,C,Closed,11:21.0,,4,9000,3,PRINCIPAL ARTERIAL - OTHER - NEW HPMS,2,Urban
888125,1,Complete,888125,888125,41.31982,-72.8982,3390222,New Haven,93,93,New Haven,8/20/2021,2021,8,August,20,6,Friday,18:18:00,18,21030248,A,2,,Motor Vehicle In Motion,"Injury of any type (Serious, Minor, Possible)",B,Suspected Minor Injury (B),0,0,2,USRoute,0.41,5,5-N,5-N,,,,,,41.31982,-72.8982,14,Motor Vehicle in Operation,1,Front to rear,1,On Roadway,1,Clear,88,Not Applicable,1,Daylight,1,Dry,0,None,88,Not Applicable,88,Not Applicable,0,None,88,Not Applicable,88,Not Applicable,3,Intersection-Related,2,Four-Way Intersection,1,No,1,No,88,Not Applicable,88,Not Applicable,88,Not Applicable,88,Not Applicable,FALSE,1,Public Road,1,"Trafficway, On Road",CT0009300,New Haven PD,42042,42:58.0,C,Closed,11:17.0,,3,19300,4,MINOR ARTERIAL - NEW HPMS,2,Urban
888132,1,Complete,888132,888132,41.283284,-72.934564,3390229,New Haven,93,93,New Haven,8/21/2021,2021,8,August,21,7,Saturday,13:40:00,13,21030334,A,2,,Motor Vehicle In Motion,"Injury of any type (Serious, Minor, Possible)",B,Suspected Minor Injury (B),0,0,3,State,0.22,10,10-N,10-N,,95-N-367,50,Feet,S,41.283284,-72.934564,14,Motor Vehicle in Operation,1,Front to rear,1,On Roadway,1,Clear,88,Not Applicable,1,Daylight,1,Dry,0,None,88,Not Applicable,88,Not Applicable,0,None,88,Not Applicable,88,Not Applicable,1,Non-Junction,1,Not at Intersection,1,No,1,No,88,Not Applicable,88,Not Applicable,88,Not Applicable,88,Not Applicable,TRUE,1,Public Road,1,"Trafficway, On Road",CT0009300,New Haven PD,251,25:16.0,C,Closed,11:15.0,,5,127700,1,INTERSTATE - NEW HPMS,2,Urban
888137,1,Complete,888137,888137,41.31444,-72.901735,3390234,New Haven,93,93,New Haven,8/21/2021,2021,8,August,21,7,Saturday,16:19:00,16,21030346,A,2,,Motor Vehicle In Motion,"Injury of any type (Serious, Minor, Possible)",C,Possible Injury (C),0,0,4,Local,0.12,379,LOMBARD ST,LOMBARD ST,MONROE ST,,,,,41.31444,-72.901735,14,Motor Vehicle in Operation,97,Other,1,On Roadway,1,Clear,88,Not Applicable,1,Daylight,1,Dry,0,None,88,Not Applicable,88,Not Applicable,0,None,88,Not Applicable,88,Not Applicable,2,Intersection,2,Four-Way Intersection,1,No,1,No,88,Not Applicable,88,Not Applicable,88,Not Applicable,88,Not Applicable,FALSE,1,Public Road,1,"Trafficway, On Road",CT0009300,New Haven PD,416,51:34.0,C,Closed,11:16.0,,,,,,,
888139,1,Complete,888139,888139,41.306067,-72.925761,3390236,New Haven,93,93,New Haven,8/21/2021,2021,8,August,21,7,Saturday,16:51:00,16,21030354,A,2,,Motor Vehicle In Motion,"Injury of any type (Serious, Minor, Possible)",C,Possible Injury (C),0,0,4,Local,0.17,103,CHURCH ST,CHURCH ST,CHAPEL ST,,,,,41.306067,-72.925761,14,Motor Vehicle in Operation,3,Angle,1,On Roadway,1,Clear,88,Not Applicable,1,Daylight,1,Dry,0,None,88,Not Applicable,88,Not Applicable,0,None,88,Not Applicable,88,Not Applicable,2,Intersection,2,Four-Way Intersection,1,No,1,No,88,Not Applicable,88,Not Applicable,88,Not Applicable,88,Not Applicable,FALSE,1,Public Road,1,"Trafficway, On Road",CT0009300,New Haven PD,383,36:09.0,C,Closed,11:19.0,,,,,,,