CrashId,Fatal Case Status,Fatal Case Status Text Format,CrashId,CrashId,Latitude,Longitude,DOT Case Number,Town Name,Town Number,Town Number,Town Number Text Format,Date Of Crash,Year,Month,Month Text Format,Day,Day of the Week,Day of the Week Text Format,Time of Crash,Hour of the Day,Case Identifier,Crash Severity,Number Of Motor Vehicles,Motor vehicle action,Most harmful event,Crash Severity Text Format,Most Severe Injury,Most Severe Injury Text Format,Number Of Non-Motorist,Number Of Witnesses,Route Class,Route Class Text Format,Milemarker,Road Number,Road Description,Roadway Name,Intersecting Roadway Name,Landmark Description,Distance From Nearest Landmark,Unit Of Measure From Nearest Landmark,Direction From Nearest Landmark,Latitude,Longitude,First Harmful Event,First Harmful Event Text Format,Manner of Crash / Collision Impact,Manner of Crash / Collision Impact Text Format,Location of First Harmful Event,Location of First Harmful Event Text Format,Weather Condition,Weather Condition Text Format,Weather 2,Weather 2 Text Format,Light Condition,Light Condition Text Format,Road Surface Condition,Road Surface Condition Text Format,"Contributing Circumstances, Environment","Contributing Circumstances, Environment Text Format",Environment 2,Environment 2 Text Format,Environment 3,Environment 3 Text Format,"Contributing Circumstances, Road","Contributing Circumstances, Road Text Format",Road 2,Road 2 Text Format,Road 3,Road 3 Text Format,Crash Specific Location,Crash Specific Location Text Format,Type of Intersection,Type of Intersection Text Format,School Bus Related,School Bus Related Text Format,Work Zone Related,Work Zone Related Text Format,Location Of Crash Relative To Work Zone,Location Of Crash Relative To Work Zone Text Format,Type of Work Zone,Type of Work Zone Text Format,Worker Presence,Worker Presence Text Format,Law Enforcement Presence,Law Enforcement Presence Text Format,Were Vehicles Moved Prior To Police Arrival,Trafficway Ownership,Trafficway Ownership Text Format,Trafficway Class,Trafficway Class Text Format,Police Agency,Police Agency Text Format,Badge Number,Approval Date,Police Case Status,Police Case Status Text Format,Crash Report Submission Date,Related Case Identifiers,No. of Through Lanes (Log Dir.),Average Daily Traffic,Functional Classification,Functional Classification Text Format,Rural or Urban,Rural or Urban Text Format
888413,1,Complete,888413,888413,41.3087437,-72.9397452,3390510,New Haven,93,93,New Haven,9/4/2021,2021,9,September,4,7,Saturday,4:13:00,4,21032225,A,2,,Motor Vehicle In Motion,"Injury of any type (Serious, Minor, Possible)",C,Possible Injury (C),0,0,4,Local,0.55,248,GEORGE ST,GEORGE ST,DAY ST,,,,,41.3087437,-72.9397452,14,Motor Vehicle in Operation,1,Front to rear,4,Roadside,1,Clear,88,Not Applicable,4,Dark-Lighted,1,Dry,99,Unknown,88,Not Applicable,88,Not Applicable,99,Unknown,88,Not Applicable,88,Not Applicable,2,Intersection,2,Four-Way Intersection,1,No,1,No,88,Not Applicable,88,Not Applicable,88,Not Applicable,88,Not Applicable,FALSE,1,Public Road,2,"Trafficway, Not on Road",CT0009300,New Haven PD,11439,57:17.0,C,Closed,13:03.0,,,,,,,
888424,1,Complete,888424,888424,41.30701,-72.93496,3390521,New Haven,93,93,New Haven,9/4/2021,2021,9,September,4,7,Saturday,18:09:00,18,21032314,A,2,,Motor Vehicle In Motion,"Injury of any type (Serious, Minor, Possible)",C,Possible Injury (C),0,1,4,Local,0.34,463,PARK ST,PARK ST,GEORGE ST,,,,,41.30701,-72.93496,14,Motor Vehicle in Operation,3,Angle,1,On Roadway,1,Clear,88,Not Applicable,1,Daylight,1,Dry,0,None,88,Not Applicable,88,Not Applicable,0,None,88,Not Applicable,88,Not Applicable,2,Intersection,2,Four-Way Intersection,1,No,1,No,88,Not Applicable,88,Not Applicable,88,Not Applicable,88,Not Applicable,FALSE,1,Public Road,1,"Trafficway, On Road",CT0009300,New Haven PD,7,33:01.0,C,Closed,13:00.0,,,,,,,
888427,1,Complete,888427,888427,41.3154837,-72.8971316,3390524,New Haven,93,93,New Haven,9/4/2021,2021,9,September,4,7,Saturday,23:06:00,23,21032349,A,2,,Motor Vehicle In Motion,"Injury of any type (Serious, Minor, Possible)",C,Possible Injury (C),0,0,4,Local,0.29,213,FERRY ST,FERRY ST,,LOMBARD STREET,132,Feet,N,41.3154837,-72.8971316,14,Motor Vehicle in Operation,4,"Sideswipe, same direction",1,On Roadway,1,Clear,88,Not Applicable,4,Dark-Lighted,1,Dry,0,None,88,Not Applicable,88,Not Applicable,0,None,88,Not Applicable,88,Not Applicable,1,Non-Junction,1,Not at Intersection,1,No,1,No,88,Not Applicable,88,Not Applicable,88,Not Applicable,88,Not Applicable,FALSE,1,Public Road,1,"Trafficway, On Road",CT0009300,New Haven PD,370,25:36.0,O,Open,14:45.0,,,,,,,
888428,1,Complete,888428,888428,41.315654,-72.887081,3390525,New Haven,93,93,New Haven,9/4/2021,2021,9,September,4,7,Saturday,23:45:00,23,21032351,A,1,,Ran Off Roadway Right,"Injury of any type (Serious, Minor, Possible)",C,Possible Injury (C),0,0,4,Local,0.43,240,FRONT ST,FRONT ST,,CHATHAM ST,70,Feet,S,41.315654,-72.887081,33,Utility Pole/Light Support,88,Not Applicable,1,On Roadway,1,Clear,88,Not Applicable,4,Dark-Lighted,1,Dry,0,None,88,Not Applicable,88,Not Applicable,0,None,88,Not Applicable,88,Not Applicable,1,Non-Junction,1,Not at Intersection,1,No,1,No,88,Not Applicable,88,Not Applicable,88,Not Applicable,88,Not Applicable,FALSE,1,Public Road,1,"Trafficway, On Road",CT0009300,New Haven PD,374,11:12.0,C,Closed,13:06.0,,2,2944,7,LOCAL - NEW HPMS,2,Urban
888429,1,Complete,888429,888429,41.301555,-72.935479,3390526,New Haven,93,93,New Haven,9/5/2021,2021,9,September,5,1,Sunday,0:05:00,0,21032353,A,2,,Motor Vehicle In Motion,"Injury of any type (Serious, Minor, Possible)",C,Possible Injury (C),0,0,4,Local,0.71,123,CONGRESS AV,CONGRESS AV,HOWARD AV,,,,,41.301555,-72.935479,14,Motor Vehicle in Operation,1,Front to rear,1,On Roadway,1,Clear,88,Not Applicable,4,Dark-Lighted,1,Dry,99,Unknown,88,Not Applicable,88,Not Applicable,99,Unknown,88,Not Applicable,88,Not Applicable,2,Intersection,2,Four-Way Intersection,1,No,1,No,88,Not Applicable,88,Not Applicable,88,Not Applicable,88,Not Applicable,FALSE,1,Public Road,1,"Trafficway, On Road",CT0009300,New Haven PD,11439,25:39.0,C,Closed,13:18.0,,,,,,,
888430,1,Complete,888430,888430,41.309399,-72.935441,3390527,New Haven,93,93,New Haven,9/5/2021,2021,9,September,5,1,Sunday,3:53:00,3,21032354,A,1,,Pedestrian,"Injury of any type (Serious, Minor, Possible)",C,Possible Injury (C),1,0,4,Local,2.34,97,CHAPEL ST,CHAPEL ST,HOWE ST,,,,,41.309399,-72.935441,9,Pedestrian,88,Not Applicable,1,On Roadway,1,Clear,88,Not Applicable,4,Dark-Lighted,1,Dry,0,None,88,Not Applicable,88,Not Applicable,0,None,88,Not Applicable,88,Not Applicable,2,Intersection,2,Four-Way Intersection,1,No,1,No,88,Not Applicable,88,Not Applicable,88,Not Applicable,88,Not Applicable,FALSE,1,Public Road,1,"Trafficway, On Road",CT0009300,New Haven PD,11107,59:22.0,C,Closed,13:08.0,,2,7700,4,MINOR ARTERIAL - NEW HPMS,2,Urban
888431,1,Complete,888431,888431,41.321745,-72.952842,3390528,New Haven,93,93,New Haven,9/5/2021,2021,9,September,5,1,Sunday,1:57:00,1,21032367,A,2,,Motor Vehicle In Motion,"Injury of any type (Serious, Minor, Possible)",C,Possible Injury (C),0,0,3,State,3.3,10,10-N,10-N,HUBINGER ST,,,,,41.321745,-72.952842,14,Motor Vehicle in Operation,3,Angle,1,On Roadway,2,Cloudy,88,Not Applicable,4,Dark-Lighted,1,Dry,0,None,88,Not Applicable,88,Not Applicable,0,None,88,Not Applicable,88,Not Applicable,2,Intersection,3,T-Intersection,1,No,1,No,88,Not Applicable,88,Not Applicable,88,Not Applicable,88,Not Applicable,FALSE,1,Public Road,1,"Trafficway, On Road",CT0009300,New Haven PD,40956,51:21.0,C,Closed,13:06.0,,4,18000,3,PRINCIPAL ARTERIAL - OTHER - NEW HPMS,2,Urban
888435,1,Complete,888435,888435,41.327249,-72.968427,3390532,New Haven,93,93,New Haven,9/5/2021,2021,9,September,5,1,Sunday,6:54:00,6,21032387,A,2,,Motor Vehicle In Motion,"Injury of any type (Serious, Minor, Possible)",C,Possible Injury (C),0,0,3,State,3.38,122,122-N,122-N,,FOREST RD,50,Feet,W,41.327249,-72.968427,14,Motor Vehicle in Operation,4,"Sideswipe, same direction",1,On Roadway,1,Clear,88,Not Applicable,1,Daylight,1,Dry,0,None,88,Not Applicable,88,Not Applicable,0,None,88,Not Applicable,88,Not Applicable,1,Non-Junction,1,Not at Intersection,1,No,1,No,88,Not Applicable,88,Not Applicable,88,Not Applicable,88,Not Applicable,FALSE,1,Public Road,1,"Trafficway, On Road",CT0009300,New Haven PD,42370,32:29.0,C,Closed,13:13.0,,2,7400,4,MINOR ARTERIAL - NEW HPMS,2,Urban
888436,1,Complete,888436,888436,41.305922,-72.946859,3390533,New Haven,93,93,New Haven,9/5/2021,2021,9,September,5,1,Sunday,8:13:00,8,21032391,A,2,,Motor Vehicle In Motion,"Injury of any type (Serious, Minor, Possible)",B,Suspected Minor Injury (B),0,0,4,Local,0.29,360,LEGION AV-RT 34,LEGION AV-RT 34,SHERMAN AV,,,,,41.305922,-72.946859,14,Motor Vehicle in Operation,3,Angle,1,On Roadway,1,Clear,88,Not Applicable,1,Daylight,1,Dry,0,None,88,Not Applicable,88,Not Applicable,0,None,88,Not Applicable,88,Not Applicable,2,Intersection,2,Four-Way Intersection,1,No,1,No,88,Not Applicable,88,Not Applicable,88,Not Applicable,88,Not Applicable,FALSE,1,Public Road,1,"Trafficway, On Road",CT0009300,New Haven PD,137,51:18.0,C,Closed,13:09.0,,,,,,,
888462,1,Complete,888462,888462,41.305009,-72.930261,3390559,New Haven,93,93,New Haven,9/6/2021,2021,9,September,6,2,Monday,20:20:00,20,21032557,A,1,,Pedestrian,"Injury of any type (Serious, Minor, Possible)",B,Suspected Minor Injury (B),1,1,4,Local,0.52,117,COLLEGE ST,COLLEGE ST,GEORGE ST,,,,,41.305009,-72.930261,9,Pedestrian,88,Not Applicable,1,On Roadway,1,Clear,88,Not Applicable,4,Dark-Lighted,1,Dry,0,None,88,Not Applicable,88,Not Applicable,0,None,88,Not Applicable,88,Not Applicable,2,Intersection,2,Four-Way Intersection,1,No,1,No,88,Not Applicable,88,Not Applicable,88,Not Applicable,88,Not Applicable,FALSE,1,Public Road,1,"Trafficway, On Road",CT0009300,New Haven PD,221,53:59.0,C,Closed,13:27.0,,4,5400,3,PRINCIPAL ARTERIAL - OTHER - NEW HPMS,2,Urban
888508,1,Complete,888508,888508,41.312185,-72.948273,921227,New Haven,93,93,New Haven,9/6/2021,2021,9,September,6,2,Monday,21:53:00,21,21032567,K,1,Straight Ahead,Pedestrian,Fatal (Kill),K,Fatal Injury (K),1,3,4,Local,3.02,97,CHAPEL ST,CHAPEL ST,,NORTON ST,60,Feet,E,41.312185,-72.948273,9,Pedestrian,88,Not Applicable,1,On Roadway,1,Clear,88,Not Applicable,4,Dark-Lighted,1,Dry,0,None,88,Not Applicable,88,Not Applicable,0,None,88,Not Applicable,88,Not Applicable,1,Non-Junction,1,Not at Intersection,1,No,1,No,88,Not Applicable,88,Not Applicable,88,Not Applicable,88,Not Applicable,FALSE,1,Public Road,1,"Trafficway, On Road",CT0009300,New Haven PD,40951,05:39.0,O,Open,13:28.0,,2,7700,5,MAJOR COLLECTOR - NEW HPMS,2,Urban
888510,1,Complete,888510,888510,41.29288,-72.93661,3390607,New Haven,93,93,New Haven,9/7/2021,2021,9,September,7,3,Tuesday,3:08:00,3,21032577,A,2,,Motor Vehicle In Motion,"Injury of any type (Serious, Minor, Possible)",C,Possible Injury (C),0,0,4,Local,0.31,529,ROSETTE ST,ROSETTE ST,BUTTON ST,,,,,41.29288,-72.93661,14,Motor Vehicle in Operation,1,Front to rear,1,On Roadway,1,Clear,88,Not Applicable,4,Dark-Lighted,1,Dry,0,None,88,Not Applicable,88,Not Applicable,0,None,88,Not Applicable,88,Not Applicable,2,Intersection,2,Four-Way Intersection,1,No,1,No,88,Not Applicable,88,Not Applicable,88,Not Applicable,88,Not Applicable,FALSE,1,Public Road,1,"Trafficway, On Road",CT0009300,New Haven PD,79,02:29.0,C,Closed,13:29.0,,,,,,,
888513,1,Complete,888513,888513,41.3022,-72.92649,3390610,New Haven,93,93,New Haven,9/7/2021,2021,9,September,7,3,Tuesday,5:46:00,5,21032585,A,1,,Pedestrian,"Injury of any type (Serious, Minor, Possible)",C,Possible Injury (C),1,0,4,Local,0,727,ORANGE ST NO 2,ORANGE ST NO 2,NORTH FRONTAGE RD,,,,,41.3022,-72.92649,9,Pedestrian,88,Not Applicable,1,On Roadway,1,Clear,88,Not Applicable,4,Dark-Lighted,1,Dry,0,None,88,Not Applicable,88,Not Applicable,0,None,88,Not Applicable,88,Not Applicable,2,Intersection,3,T-Intersection,1,No,1,No,88,Not Applicable,88,Not Applicable,88,Not Applicable,88,Not Applicable,FALSE,1,Public Road,1,"Trafficway, On Road",CT0009300,New Haven PD,88,03:51.0,C,Closed,13:29.0,,4,9500,4,MINOR ARTERIAL - NEW HPMS,2,Urban
888520,1,Complete,888520,888520,41.333167,-72.871943,3390617,New Haven,93,93,New Haven,9/7/2021,2021,9,September,7,3,Tuesday,15:12:00,15,21032641,A,3,,Motor Vehicle In Motion,"Injury of any type (Serious, Minor, Possible)",C,Possible Injury (C),0,0,3,State,1.04,17,17-N,17-N,,GANDO DR,310,Feet,S,41.333167,-72.871943,14,Motor Vehicle in Operation,1,Front to rear,1,On Roadway,1,Clear,88,Not Applicable,1,Daylight,1,Dry,0,None,88,Not Applicable,88,Not Applicable,3,Backup Due to Regular Congestion,88,Not Applicable,88,Not Applicable,1,Non-Junction,1,Not at Intersection,1,No,1,No,88,Not Applicable,88,Not Applicable,88,Not Applicable,88,Not Applicable,FALSE,1,Public Road,1,"Trafficway, On Road",CT0009300,New Haven PD,409,21:01.0,C,Closed,14:04.0,,2,9800,3,PRINCIPAL ARTERIAL - OTHER - NEW HPMS,2,Urban
888524,1,Complete,888524,888524,41.315247,-72.920915,3390621,New Haven,93,93,New Haven,9/7/2021,2021,9,September,7,3,Tuesday,15:28:00,15,21032659,A,2,,Motor Vehicle In Motion,"Injury of any type (Serious, Minor, Possible)",C,Possible Injury (C),0,0,4,Local,0.34,656,WHITNEY AV,WHITNEY AV,,SACHEM ST,65,Feet,S,41.315247,-72.920915,14,Motor Vehicle in Operation,1,Front to rear,1,On Roadway,1,Clear,88,Not Applicable,1,Daylight,1,Dry,0,None,88,Not Applicable,88,Not Applicable,0,None,88,Not Applicable,88,Not Applicable,3,Intersection-Related,3,T-Intersection,1,No,1,No,88,Not Applicable,88,Not Applicable,88,Not Applicable,88,Not Applicable,FALSE,1,Public Road,1,"Trafficway, On Road",CT0009300,New Haven PD,65,45:30.0,C,Closed,14:56.0,,,,,,,
888529,1,Complete,888529,888529,41.321865,-72.945577,3390626,New Haven,93,93,New Haven,9/7/2021,2021,9,September,7,3,Tuesday,19:09:00,19,21032680,A,3,,Motor Vehicle In Motion,"Injury of any type (Serious, Minor, Possible)",C,Possible Injury (C),0,1,4,Local,0.3,258,GOFFE TER,Ellsworth Ave,,Goffe Terrace ,50,Feet,S,41.321865,-72.945577,14,Motor Vehicle in Operation,1,Front to rear,1,On Roadway,1,Clear,88,Not Applicable,1,Daylight,1,Dry,0,None,88,Not Applicable,88,Not Applicable,0,None,88,Not Applicable,88,Not Applicable,3,Intersection-Related,2,Four-Way Intersection,1,No,1,No,88,Not Applicable,88,Not Applicable,88,Not Applicable,88,Not Applicable,FALSE,1,Public Road,1,"Trafficway, On Road",CT0009300,New Haven PD,40821,55:32.0,O,Open,13:50.0,,,,,,,
888531,1,Complete,888531,888531,41.319247,-72.904611,3390628,New Haven,93,93,New Haven,9/7/2021,2021,9,September,7,3,Tuesday,20:19:00,20,21032686,A,2,,Motor Vehicle In Motion,"Injury of any type (Serious, Minor, Possible)",C,Possible Injury (C),0,0,4,Local,0.21,666,WILLOW ST,WILLOW ST,,91-S-139,70,Feet,E,41.319247,-72.904611,14,Motor Vehicle in Operation,1,Front to rear,1,On Roadway,1,Clear,88,Not Applicable,4,Dark-Lighted,1,Dry,0,None,88,Not Applicable,88,Not Applicable,0,None,88,Not Applicable,88,Not Applicable,1,Non-Junction,1,Not at Intersection,1,No,1,No,88,Not Applicable,88,Not Applicable,88,Not Applicable,88,Not Applicable,FALSE,1,Public Road,1,"Trafficway, On Road",CT0009300,New Haven PD,125,18:48.0,C,Closed,13:40.0,,,,,,,
888541,1,Complete,888541,888541,41.31438,-72.943313,3390638,New Haven,93,93,New Haven,9/8/2021,2021,9,September,8,4,Wednesday,14:58:00,14,21032763,A,3,,Motor Vehicle In Motion,"Injury of any type (Serious, Minor, Possible)",C,Possible Injury (C),0,0,4,Local,0.61,556,SHERMAN AV,SHERMAN AV,,MAPLE ST,70,Feet,N,41.31438,-72.943313,14,Motor Vehicle in Operation,3,Angle,1,On Roadway,1,Clear,88,Not Applicable,1,Daylight,1,Dry,0,None,88,Not Applicable,88,Not Applicable,0,None,88,Not Applicable,88,Not Applicable,1,Non-Junction,1,Not at Intersection,1,No,1,No,88,Not Applicable,88,Not Applicable,88,Not Applicable,88,Not Applicable,TRUE,1,Public Road,1,"Trafficway, On Road",CT0009300,New Haven PD,40790,32:37.0,C,Closed,13:52.0,,,,,,,
888542,1,Complete,888542,888542,41.296848,-72.948198,3390639,New Haven,93,93,New Haven,9/8/2021,2021,9,September,8,4,Wednesday,15:06:00,15,21032764,A,2,,Motor Vehicle In Motion,"Injury of any type (Serious, Minor, Possible)",C,Possible Injury (C),0,0,3,State,1.47,10,10-N,10-N,1-N,,,,,41.296848,-72.948198,14,Motor Vehicle in Operation,3,Angle,1,On Roadway,1,Clear,88,Not Applicable,1,Daylight,1,Dry,99,Unknown,88,Not Applicable,88,Not Applicable,99,Unknown,88,Not Applicable,88,Not Applicable,2,Intersection,3,T-Intersection,1,No,1,No,88,Not Applicable,88,Not Applicable,88,Not Applicable,88,Not Applicable,TRUE,1,Public Road,1,"Trafficway, On Road",CT0009300,New Haven PD,40947,15:47.0,C,Closed,13:51.0,,4,20700,3,PRINCIPAL ARTERIAL - OTHER - NEW HPMS,2,Urban
888543,1,Complete,888543,888543,41.324097,-72.881323,3390640,New Haven,93,93,New Haven,9/8/2021,2021,9,September,8,4,Wednesday,15:39:00,15,21032767,A,2,,Motor Vehicle In Motion,"Injury of any type (Serious, Minor, Possible)",C,Possible Injury (C),0,0,3,State,0.22,17,17-N,17-N,80-W,,,,,41.324097,-72.881323,14,Motor Vehicle in Operation,3,Angle,1,On Roadway,1,Clear,88,Not Applicable,1,Daylight,1,Dry,0,None,88,Not Applicable,88,Not Applicable,0,None,88,Not Applicable,88,Not Applicable,3,Intersection-Related,4,Y-Intersection,1,No,1,No,88,Not Applicable,88,Not Applicable,88,Not Applicable,88,Not Applicable,FALSE,1,Public Road,1,"Trafficway, On Road",CT0009300,New Haven PD,40793,48:33.0,C,Closed,13:51.0,,1,8500,1,INTERSTATE - NEW HPMS,2,Urban
888544,1,Complete,888544,888544,41.307473,-72.929143,3390641,New Haven,93,93,New Haven,9/8/2021,2021,9,September,8,4,Wednesday,14:52:00,14,21032771,A,2,,Motor Vehicle In Motion,"Injury of any type (Serious, Minor, Possible)",C,Possible Injury (C),0,0,4,Local,1.97,97,CHAPEL ST,CHAPEL ST,,COLLEGE STREET,140,Feet,W,41.307473,-72.929143,14,Motor Vehicle in Operation,1,Front to rear,1,On Roadway,1,Clear,88,Not Applicable,1,Daylight,1,Dry,0,None,88,Not Applicable,88,Not Applicable,0,None,88,Not Applicable,88,Not Applicable,1,Non-Junction,1,Not at Intersection,1,No,1,No,88,Not Applicable,88,Not Applicable,88,Not Applicable,88,Not Applicable,FALSE,1,Public Road,1,"Trafficway, On Road",CT0009300,New Haven PD,40808,58:41.0,C,Closed,14:19.0,,,,,,,
888549,1,Complete,888549,888549,41.298634,-72.932008,3390646,New Haven,93,93,New Haven,9/8/2021,2021,9,September,8,4,Wednesday,19:12:00,19,21032796,A,1,,Not Applicable,"Injury of any type (Serious, Minor, Possible)",C,Possible Injury (C),1,0,4,Local,0.23,746,CEDAR ST NO 2,CEDAR ST NO 2,,COLLUMBUS AVE,100,Feet,N,41.298634,-72.932008,9,Pedestrian,88,Not Applicable,1,On Roadway,1,Clear,88,Not Applicable,3,Dusk,1,Dry,0,None,88,Not Applicable,88,Not Applicable,0,None,88,Not Applicable,88,Not Applicable,1,Non-Junction,1,Not at Intersection,1,No,1,No,88,Not Applicable,88,Not Applicable,88,Not Applicable,88,Not Applicable,TRUE,1,Public Road,1,"Trafficway, On Road",CT0009300,New Haven PD,428,35:00.0,C,Closed,15:06.0,,2,6198,7,LOCAL - NEW HPMS,2,Urban
888550,1,Complete,888550,888550,41.298674,-72.929267,3390647,New Haven,93,93,New Haven,9/8/2021,2021,9,September,8,4,Wednesday,19:14:00,19,21032800,A,1,,Pedestrian,"Injury of any type (Serious, Minor, Possible)",A,Suspected Serious Injury (A),1,2,2,USRoute,47.67,1,1-S,1-S,COLUMBUS AV NO 1,,,,,41.298674,-72.929267,9,Pedestrian,88,Not Applicable,1,On Roadway,1,Clear,88,Not Applicable,5,Dark-Not Lighted,1,Dry,0,None,88,Not Applicable,88,Not Applicable,0,None,88,Not Applicable,88,Not Applicable,2,Intersection,2,Four-Way Intersection,1,No,1,No,88,Not Applicable,88,Not Applicable,88,Not Applicable,88,Not Applicable,FALSE,1,Public Road,1,"Trafficway, On Road",CT0009300,New Haven PD,42043,35:19.0,O,Open,14:11.0,,4,9000,3,PRINCIPAL ARTERIAL - OTHER - NEW HPMS,2,Urban
888552,1,Complete,888552,888552,41.304833,-72.937138,3390649,New Haven,93,93,New Haven,9/8/2021,2021,9,September,8,4,Wednesday,21:30:00,21,21032805,A,2,,Motor Vehicle In Motion,"Injury of any type (Serious, Minor, Possible)",C,Possible Injury (C),0,0,4,Local,0.02,563,SOUTH ST,SOUTH ST,HOWARD AV,,,,,41.304833,-72.937138,14,Motor Vehicle in Operation,3,Angle,1,On Roadway,1,Clear,88,Not Applicable,4,Dark-Lighted,1,Dry,99,Unknown,88,Not Applicable,88,Not Applicable,99,Unknown,88,Not Applicable,88,Not Applicable,2,Intersection,3,T-Intersection,1,No,1,No,88,Not Applicable,88,Not Applicable,88,Not Applicable,88,Not Applicable,TRUE,1,Public Road,1,"Trafficway, On Road",CT0009300,New Haven PD,40947,54:46.0,C,Closed,13:55.0,,,,,,,
888553,1,Complete,888553,888553,41.301421,-72.923952,3390650,New Haven,93,93,New Haven,9/8/2021,2021,9,September,8,4,Wednesday,23:28:00,23,21032811,A,2,,Motor Vehicle In Motion,"Injury of any type (Serious, Minor, Possible)",C,Possible Injury (C),0,0,4,Local,0,729,STATE ST NORTH,STATE ST NORTH,1-N,,,,,41.301421,-72.923952,14,Motor Vehicle in Operation,3,Angle,1,On Roadway,1,Clear,88,Not Applicable,4,Dark-Lighted,1,Dry,0,None,88,Not Applicable,88,Not Applicable,0,None,88,Not Applicable,88,Not Applicable,2,Intersection,4,Y-Intersection,1,No,1,No,88,Not Applicable,88,Not Applicable,88,Not Applicable,88,Not Applicable,FALSE,1,Public Road,1,"Trafficway, On Road",CT0009300,New Haven PD,40819,58:47.0,C,Closed,13:57.0,,,,,,,
888554,1,Complete,888554,888554,41.321505,-72.943878,3390651,New Haven,93,93,New Haven,9/8/2021,2021,9,September,8,4,Wednesday,11:02:00,11,21032813,A,2,,Motor Vehicle In Motion,"Injury of any type (Serious, Minor, Possible)",C,Possible Injury (C),0,0,4,Local,0.39,258,GOFFE TER,GOFFE TER,NORTON ST,,,,,41.321505,-72.943878,14,Motor Vehicle in Operation,3,Angle,1,On Roadway,1,Clear,88,Not Applicable,4,Dark-Lighted,1,Dry,0,None,88,Not Applicable,88,Not Applicable,0,None,88,Not Applicable,88,Not Applicable,2,Intersection,2,Four-Way Intersection,1,No,1,No,88,Not Applicable,88,Not Applicable,88,Not Applicable,88,Not Applicable,TRUE,1,Public Road,1,"Trafficway, On Road",CT0009300,New Haven PD,82,01:09.0,O,Open,14:12.0,,,,,,,
888555,1,Complete,888555,888555,41.32388,-72.88153,3390652,New Haven,93,93,New Haven,9/9/2021,2021,9,September,9,5,Thursday,0:08:00,0,21032815,A,2,,Motor Vehicle In Motion,"Injury of any type (Serious, Minor, Possible)",C,Possible Injury (C),0,1,3,State,0.22,17,17-N,17-N,80-W,,,,,41.32388,-72.88153,14,Motor Vehicle in Operation,3,Angle,1,On Roadway,1,Clear,88,Not Applicable,4,Dark-Lighted,1,Dry,0,None,88,Not Applicable,88,Not Applicable,0,None,88,Not Applicable,88,Not Applicable,2,Intersection,2,Four-Way Intersection,1,No,1,No,88,Not Applicable,88,Not Applicable,88,Not Applicable,88,Not Applicable,FALSE,1,Public Road,1,"Trafficway, On Road",CT0009300,New Haven PD,180,50:13.0,C,Closed,13:58.0,21-032815,1,8500,1,INTERSTATE - NEW HPMS,2,Urban
888556,1,Complete,888556,888556,41.304329,-72.936913,3390653,New Haven,93,93,New Haven,9/9/2021,2021,9,September,9,5,Thursday,8:32:00,8,21032839,A,2,,Motor Vehicle In Motion,"Injury of any type (Serious, Minor, Possible)",C,Possible Injury (C),0,0,4,Local,0.13,308,HOWARD AV,HOWARD AV,PARK ST,,,,S,41.304329,-72.936913,14,Motor Vehicle in Operation,4,"Sideswipe, same direction",1,On Roadway,4,Rain,88,Not Applicable,1,Daylight,2,Wet,0,None,88,Not Applicable,88,Not Applicable,0,None,88,Not Applicable,88,Not Applicable,1,Non-Junction,1,Not at Intersection,1,No,1,No,88,Not Applicable,88,Not Applicable,88,Not Applicable,88,Not Applicable,FALSE,1,Public Road,1,"Trafficway, On Road",CT0009300,New Haven PD,476,57:35.0,C,Closed,14:02.0,,,,,,,
888562,1,Complete,888562,888562,41.306797,-72.946156,3390659,New Haven,93,93,New Haven,9/9/2021,2021,9,September,9,5,Thursday,10:37:00,10,21032854,A,2,,Motor Vehicle In Motion,"Injury of any type (Serious, Minor, Possible)",C,Possible Injury (C),0,0,4,Local,1.21,809,REV DR MLK JR BLVD,REV DR MLK JR BLVD,,SHERMAN AVE,75,Feet,E,41.306797,-72.946156,14,Motor Vehicle in Operation,1,Front to rear,1,On Roadway,4,Rain,88,Not Applicable,1,Daylight,2,Wet,0,None,88,Not Applicable,88,Not Applicable,0,None,88,Not Applicable,88,Not Applicable,2,Intersection,2,Four-Way Intersection,1,No,1,No,88,Not Applicable,88,Not Applicable,88,Not Applicable,88,Not Applicable,TRUE,1,Public Road,1,"Trafficway, On Road",CT0009300,New Haven PD,349,19:25.0,O,Open,13:59.0,,,,,,,
888563,1,Complete,888563,888563,41.306991,-72.934978,3390660,New Haven,93,93,New Haven,9/9/2021,2021,9,September,9,5,Thursday,10:39:00,10,21032860,A,2,,Motor Vehicle In Motion,"Injury of any type (Serious, Minor, Possible)",C,Possible Injury (C),0,0,4,Local,0.34,463,PARK ST,PARK ST,GEORGE ST,,,,,41.306991,-72.934978,14,Motor Vehicle in Operation,3,Angle,1,On Roadway,4,Rain,88,Not Applicable,1,Daylight,2,Wet,0,None,88,Not Applicable,88,Not Applicable,0,None,88,Not Applicable,88,Not Applicable,2,Intersection,2,Four-Way Intersection,1,No,1,No,88,Not Applicable,88,Not Applicable,88,Not Applicable,88,Not Applicable,TRUE,1,Public Road,1,"Trafficway, On Road",CT0009300,New Haven PD,349,27:51.0,C,Closed,14:03.0,,,,,,,