CrashId,Fatal Case Status,Fatal Case Status Text Format,CrashId,CrashId,Latitude,Longitude,DOT Case Number,Town Name,Town Number,Town Number,Town Number Text Format,Date Of Crash,Year,Month,Month Text Format,Day,Day of the Week,Day of the Week Text Format,Time of Crash,Hour of the Day,Case Identifier,Crash Severity,Number Of Motor Vehicles,Motor vehicle action,Most harmful event,Crash Severity Text Format,Most Severe Injury,Most Severe Injury Text Format,Number Of Non-Motorist,Number Of Witnesses,Route Class,Route Class Text Format,Milemarker,Road Number,Road Description,Roadway Name,Intersecting Roadway Name,Landmark Description,Distance From Nearest Landmark,Unit Of Measure From Nearest Landmark,Direction From Nearest Landmark,Latitude,Longitude,First Harmful Event,First Harmful Event Text Format,Manner of Crash / Collision Impact,Manner of Crash / Collision Impact Text Format,Location of First Harmful Event,Location of First Harmful Event Text Format,Weather Condition,Weather Condition Text Format,Weather 2,Weather 2 Text Format,Light Condition,Light Condition Text Format,Road Surface Condition,Road Surface Condition Text Format,"Contributing Circumstances, Environment","Contributing Circumstances, Environment Text Format",Environment 2,Environment 2 Text Format,Environment 3,Environment 3 Text Format,"Contributing Circumstances, Road","Contributing Circumstances, Road Text Format",Road 2,Road 2 Text Format,Road 3,Road 3 Text Format,Crash Specific Location,Crash Specific Location Text Format,Type of Intersection,Type of Intersection Text Format,School Bus Related,School Bus Related Text Format,Work Zone Related,Work Zone Related Text Format,Location Of Crash Relative To Work Zone,Location Of Crash Relative To Work Zone Text Format,Type of Work Zone,Type of Work Zone Text Format,Worker Presence,Worker Presence Text Format,Law Enforcement Presence,Law Enforcement Presence Text Format,Were Vehicles Moved Prior To Police Arrival,Trafficway Ownership,Trafficway Ownership Text Format,Trafficway Class,Trafficway Class Text Format,Police Agency,Police Agency Text Format,Badge Number,Approval Date,Police Case Status,Police Case Status Text Format,Crash Report Submission Date,Related Case Identifiers,No. of Through Lanes (Log Dir.),Average Daily Traffic,Functional Classification,Functional Classification Text Format,Rural or Urban,Rural or Urban Text Format
888573,1,Complete,888573,888573,41.306204,-72.929523,3390670,New Haven,93,93,New Haven,9/9/2021,2021,9,September,9,5,Thursday,21:03:00,21,21032920,A,2,,Motor Vehicle In Motion,"Injury of any type (Serious, Minor, Possible)",C,Possible Injury (C),0,0,4,Local,0.43,117,COLLEGE ST,COLLEGE ST,,CROWN ST,75,Feet,N,41.306204,-72.929523,14,Motor Vehicle in Operation,1,Front to rear,1,On Roadway,1,Clear,88,Not Applicable,4,Dark-Lighted,2,Wet,0,None,88,Not Applicable,88,Not Applicable,0,None,88,Not Applicable,88,Not Applicable,1,Non-Junction,1,Not at Intersection,1,No,1,No,88,Not Applicable,88,Not Applicable,88,Not Applicable,88,Not Applicable,TRUE,1,Public Road,1,"Trafficway, On Road",CT0009300,New Haven PD,221,31:04.0,C,Closed,14:10.0,,,,,,,
888574,1,Complete,888574,888574,41.31791,-72.94599,3390671,New Haven,93,93,New Haven,9/9/2021,2021,9,September,9,5,Thursday,21:54:00,21,21032924,A,1,,Pedestrian,"Injury of any type (Serious, Minor, Possible)",C,Possible Injury (C),1,0,4,Local,0.17,653,WHALLEY AV,WHALLEY AV,NORTON ST,,,,,41.31791,-72.94599,9,Pedestrian,88,Not Applicable,1,On Roadway,4,Rain,88,Not Applicable,4,Dark-Lighted,2,Wet,99,Unknown,88,Not Applicable,88,Not Applicable,0,None,88,Not Applicable,88,Not Applicable,2,Intersection,2,Four-Way Intersection,1,No,1,No,88,Not Applicable,88,Not Applicable,88,Not Applicable,88,Not Applicable,FALSE,1,Public Road,1,"Trafficway, On Road",CT0009300,New Haven PD,40821,33:10.0,C,Closed,15:04.0,,2,21100,3,PRINCIPAL ARTERIAL - OTHER - NEW HPMS,2,Urban
888580,1,Complete,888580,888580,41.314574,-72.900663,3390677,New Haven,93,93,New Haven,9/10/2021,2021,9,September,10,6,Friday,9:11:00,9,21032964,A,2,,Motor Vehicle In Motion,"Injury of any type (Serious, Minor, Possible)",C,Possible Injury (C),0,1,4,Local,0.18,379,LOMBARD ST,LOMBARD ST,BLATCHLEY AV,,,,,41.314574,-72.900663,14,Motor Vehicle in Operation,3,Angle,1,On Roadway,1,Clear,88,Not Applicable,97,Other,1,Dry,0,None,88,Not Applicable,88,Not Applicable,0,None,88,Not Applicable,88,Not Applicable,2,Intersection,2,Four-Way Intersection,1,No,1,No,88,Not Applicable,88,Not Applicable,88,Not Applicable,88,Not Applicable,TRUE,1,Public Road,1,"Trafficway, On Road",CT0009300,New Haven PD,980,18:43.0,C,Closed,14:16.0,,,,,,,
888581,1,Complete,888581,888581,41.31561,-72.93491,3390678,New Haven,93,93,New Haven,9/10/2021,2021,9,September,10,6,Friday,9:17:00,9,21032965,A,2,,Motor Vehicle In Motion,"Injury of any type (Serious, Minor, Possible)",C,Possible Injury (C),0,0,4,Local,0.48,257,GOFFE ST,GOFFE ST,GOFFE ST,,,,,41.31561,-72.93491,14,Motor Vehicle in Operation,3,Angle,1,On Roadway,1,Clear,88,Not Applicable,1,Daylight,1,Dry,0,None,88,Not Applicable,88,Not Applicable,0,None,88,Not Applicable,88,Not Applicable,2,Intersection,2,Four-Way Intersection,1,No,1,No,88,Not Applicable,88,Not Applicable,88,Not Applicable,88,Not Applicable,FALSE,1,Public Road,1,"Trafficway, On Road",CT0009300,New Haven PD,32,00:31.0,C,Closed,14:16.0,,,,,,,
888583,1,Complete,888583,888583,41.307039,-72.934938,3390680,New Haven,93,93,New Haven,9/10/2021,2021,9,September,10,6,Friday,10:15:00,10,21032975,A,2,,Motor Vehicle In Motion,"Injury of any type (Serious, Minor, Possible)",C,Possible Injury (C),0,0,4,Local,0.34,463,PARK ST,PARK ST,GEORGE ST,,,,,41.307039,-72.934938,14,Motor Vehicle in Operation,3,Angle,1,On Roadway,1,Clear,88,Not Applicable,1,Daylight,1,Dry,0,None,88,Not Applicable,88,Not Applicable,0,None,88,Not Applicable,88,Not Applicable,2,Intersection,2,Four-Way Intersection,1,No,1,No,88,Not Applicable,88,Not Applicable,88,Not Applicable,88,Not Applicable,FALSE,1,Public Road,1,"Trafficway, On Road",CT0009300,New Haven PD,465,37:33.0,C,Closed,14:17.0,,,,,,,
888585,1,Complete,888585,888585,41.300582,-72.943123,3390682,New Haven,93,93,New Haven,9/10/2021,2021,9,September,10,6,Friday,11:38:00,11,21032980,A,3,,Motor Vehicle In Motion,"Injury of any type (Serious, Minor, Possible)",C,Possible Injury (C),0,0,4,Local,0,672,WINTHROP AV NO 1,WINTHROP AV NO 1,DAVENPORT AV,,,,,41.300582,-72.943123,14,Motor Vehicle in Operation,4,"Sideswipe, same direction",1,On Roadway,1,Clear,88,Not Applicable,1,Daylight,1,Dry,0,None,88,Not Applicable,88,Not Applicable,0,None,88,Not Applicable,88,Not Applicable,2,Intersection,3,T-Intersection,1,No,1,No,88,Not Applicable,88,Not Applicable,88,Not Applicable,88,Not Applicable,FALSE,1,Public Road,1,"Trafficway, On Road",CT0009300,New Haven PD,40810,11:00.0,C,Closed,14:22.0,,,,,,,
888588,1,Complete,888588,888588,41.301324,-72.935264,3390685,New Haven,93,93,New Haven,9/10/2021,2021,9,September,10,6,Friday,13:01:00,13,21032997,A,2,,Motor Vehicle In Motion,"Injury of any type (Serious, Minor, Possible)",C,Possible Injury (C),0,0,4,Local,0.71,123,CONGRESS AV,CONGRESS AV,HOWARD AV,,,,,41.301324,-72.935264,14,Motor Vehicle in Operation,3,Angle,1,On Roadway,1,Clear,88,Not Applicable,1,Daylight,1,Dry,0,None,88,Not Applicable,88,Not Applicable,0,None,88,Not Applicable,88,Not Applicable,3,Intersection-Related,2,Four-Way Intersection,1,No,1,No,88,Not Applicable,88,Not Applicable,88,Not Applicable,88,Not Applicable,TRUE,1,Public Road,1,"Trafficway, On Road",CT0009300,New Haven PD,349,50:36.0,C,Closed,14:20.0,,,,,,,
888593,1,Complete,888593,888593,41.306806,-72.926821,3390690,New Haven,93,93,New Haven,9/10/2021,2021,9,September,10,6,Friday,15:41:00,15,21033009,A,1,,Pedestrian,"Injury of any type (Serious, Minor, Possible)",B,Suspected Minor Injury (B),1,1,4,Local,0.55,588,TEMPLE ST,TEMPLE ST,,CHAPEL ST,50,Feet,N,41.306806,-72.926821,9,Pedestrian,88,Not Applicable,1,On Roadway,1,Clear,88,Not Applicable,1,Daylight,1,Dry,0,None,88,Not Applicable,88,Not Applicable,0,None,88,Not Applicable,88,Not Applicable,1,Non-Junction,1,Not at Intersection,1,No,1,No,88,Not Applicable,88,Not Applicable,88,Not Applicable,88,Not Applicable,TRUE,1,Public Road,1,"Trafficway, On Road",CT0009300,New Haven PD,221,29:02.0,C,Closed,14:21.0,,1,5200,3,PRINCIPAL ARTERIAL - OTHER - NEW HPMS,2,Urban
888597,1,Complete,888597,888597,41.321533,-72.876006,3390694,New Haven,93,93,New Haven,9/10/2021,2021,9,September,10,6,Friday,17:28:00,17,21033032,A,2,,Motor Vehicle In Motion,"Injury of any type (Serious, Minor, Possible)",C,Possible Injury (C),0,0,3,State,0.33,80,80-E,80-E,,QUINNIPIAC AVE,350,Feet,W,41.321533,-72.876006,14,Motor Vehicle in Operation,1,Front to rear,1,On Roadway,1,Clear,88,Not Applicable,1,Daylight,1,Dry,0,None,88,Not Applicable,88,Not Applicable,3,Backup Due to Regular Congestion,88,Not Applicable,88,Not Applicable,97,Other,1,Not at Intersection,1,No,1,No,88,Not Applicable,88,Not Applicable,88,Not Applicable,88,Not Applicable,TRUE,1,Public Road,1,"Trafficway, On Road",CT0009300,New Haven PD,409,36:52.0,C,Closed,15:13.0,,4,32100,3,PRINCIPAL ARTERIAL - OTHER - NEW HPMS,2,Urban
888599,1,Complete,888599,888599,41.308845,-72.945625,3390696,New Haven,93,93,New Haven,9/10/2021,2021,9,September,10,6,Friday,21:01:00,21,21033051,A,2,,Motor Vehicle In Motion,"Injury of any type (Serious, Minor, Possible)",B,Suspected Minor Injury (B),0,0,4,Local,0.21,556,SHERMAN AV,SHERMAN AV,GILBERT AV,,,,,41.308845,-72.945625,14,Motor Vehicle in Operation,3,Angle,1,On Roadway,1,Clear,88,Not Applicable,4,Dark-Lighted,1,Dry,0,None,88,Not Applicable,88,Not Applicable,0,None,88,Not Applicable,88,Not Applicable,2,Intersection,2,Four-Way Intersection,1,No,1,No,88,Not Applicable,88,Not Applicable,88,Not Applicable,88,Not Applicable,TRUE,1,Public Road,1,"Trafficway, On Road",CT0009300,New Haven PD,39,02:36.0,C,Closed,14:32.0,21033051,,,,,,
888600,1,Complete,888600,888600,41.305505,-72.912682,3390697,New Haven,93,93,New Haven,9/10/2021,2021,9,September,10,6,Friday,22:09:00,22,21033056,A,1,,Pedestrian,"Injury of any type (Serious, Minor, Possible)",B,Suspected Minor Injury (B),1,1,4,Local,0,325,IVES PL,IVES PL,HAMILTON ST NO 2,,,,,41.305505,-72.912682,9,Pedestrian,88,Not Applicable,1,On Roadway,1,Clear,88,Not Applicable,4,Dark-Lighted,1,Dry,0,None,88,Not Applicable,88,Not Applicable,0,None,88,Not Applicable,88,Not Applicable,3,Intersection-Related,2,Four-Way Intersection,1,No,1,No,88,Not Applicable,88,Not Applicable,88,Not Applicable,88,Not Applicable,FALSE,1,Public Road,1,"Trafficway, On Road",CT0009300,New Haven PD,40793,31:32.0,C,Closed,15:05.0,,3,3500,1,INTERSTATE - NEW HPMS,2,Urban
888605,1,Complete,888605,888605,41.32608,-72.95901,3390702,New Haven,93,93,New Haven,9/11/2021,2021,9,September,11,7,Saturday,11:10:00,11,21033091,A,1,,Not Applicable,"Injury of any type (Serious, Minor, Possible)",B,Suspected Minor Injury (B),0,0,3,State,0.13,63,63-N,63-N,243-E,,,,,41.32608,-72.95901,33,Utility Pole/Light Support,88,Not Applicable,1,On Roadway,1,Clear,88,Not Applicable,1,Daylight,1,Dry,0,None,88,Not Applicable,88,Not Applicable,0,None,88,Not Applicable,88,Not Applicable,2,Intersection,4,Y-Intersection,1,No,1,No,88,Not Applicable,88,Not Applicable,88,Not Applicable,88,Not Applicable,TRUE,1,Public Road,1,"Trafficway, On Road",CT0009300,New Haven PD,313,14:49.0,C,Closed,14:27.0,,3,23100,3,PRINCIPAL ARTERIAL - OTHER - NEW HPMS,2,Urban
888690,1,Complete,888690,888690,41.3047789,-72.8964584,3390787,New Haven,93,93,New Haven,9/12/2021,2021,9,September,12,1,Sunday,0:45:00,0,21033175,A,2,,Motor Vehicle In Motion,"Injury of any type (Serious, Minor, Possible)",C,Possible Injury (C),0,0,4,Local,0.2,487,POPLAR ST,POPLAR ST,,SALTONSTALL AVENUE,125,Feet,S,41.3047789,-72.8964584,14,Motor Vehicle in Operation,4,"Sideswipe, same direction",1,On Roadway,1,Clear,88,Not Applicable,4,Dark-Lighted,1,Dry,0,None,88,Not Applicable,88,Not Applicable,0,None,88,Not Applicable,88,Not Applicable,1,Non-Junction,1,Not at Intersection,1,No,1,No,88,Not Applicable,88,Not Applicable,88,Not Applicable,88,Not Applicable,FALSE,1,Public Road,1,"Trafficway, On Road",CT0009300,New Haven PD,370,06:39.0,C,Closed,14:44.0,,,,,,,
888700,1,Complete,888700,888700,41.32672,-72.91218,3390797,New Haven,93,93,New Haven,9/12/2021,2021,9,September,12,1,Sunday,20:30:00,20,21033232,A,2,,Motor Vehicle In Motion,"Injury of any type (Serious, Minor, Possible)",C,Possible Injury (C),0,0,4,Local,0.28,376,LIVINGSTON ST,LIVINGSTON ST,,COLD SPRING STREET,400,Feet,N,41.32672,-72.91218,14,Motor Vehicle in Operation,1,Front to rear,1,On Roadway,1,Clear,88,Not Applicable,4,Dark-Lighted,1,Dry,0,None,88,Not Applicable,88,Not Applicable,0,None,0,None,88,Not Applicable,1,Non-Junction,1,Not at Intersection,1,No,1,No,88,Not Applicable,88,Not Applicable,88,Not Applicable,88,Not Applicable,FALSE,1,Public Road,1,"Trafficway, On Road",CT0009300,New Haven PD,42052,25:59.0,C,Closed,14:43.0,,,,,,,
888704,1,Complete,888704,888704,41.29753937,-72.93054465,3390801,New Haven,93,93,New Haven,9/13/2021,2021,9,September,13,2,Monday,8:51:00,8,21033258,A,2,,Motor Vehicle In Motion,"Injury of any type (Serious, Minor, Possible)",C,Possible Injury (C),0,0,4,Local,0.06,710,LIBERTY ST NO 1,LIBERTY ST NO 1,PORTSEA ST,,,,,41.29753937,-72.93054465,14,Motor Vehicle in Operation,3,Angle,1,On Roadway,1,Clear,1,Clear,1,Daylight,1,Dry,0,None,88,Not Applicable,88,Not Applicable,0,None,88,Not Applicable,88,Not Applicable,2,Intersection,2,Four-Way Intersection,1,No,1,No,88,Not Applicable,88,Not Applicable,88,Not Applicable,88,Not Applicable,FALSE,1,Public Road,1,"Trafficway, On Road",CT0009300,New Haven PD,301,54:58.0,C,Closed,14:49.0,,,,,,,
888710,1,Complete,888710,888710,41.28975,-72.89234,3390807,New Haven,93,93,New Haven,9/13/2021,2021,9,September,13,2,Monday,16:51:00,16,21033333,A,2,,Motor Vehicle In Motion,"Injury of any type (Serious, Minor, Possible)",A,Suspected Serious Injury (A),0,2,2,USRoute,50.25,1,1-N,1-N,TOWNSEND AV,,,,,41.28975,-72.89234,14,Motor Vehicle in Operation,3,Angle,1,On Roadway,1,Clear,88,Not Applicable,1,Daylight,1,Dry,0,None,88,Not Applicable,88,Not Applicable,0,None,88,Not Applicable,88,Not Applicable,2,Intersection,2,Four-Way Intersection,1,No,1,No,88,Not Applicable,88,Not Applicable,88,Not Applicable,88,Not Applicable,FALSE,1,Public Road,1,"Trafficway, On Road",CT0009300,New Haven PD,220,29:14.0,C,Closed,15:43.0,,2,9100,3,PRINCIPAL ARTERIAL - OTHER - NEW HPMS,2,Urban
888712,1,Complete,888712,888712,41.31242,-72.94074,3390809,New Haven,93,93,New Haven,9/13/2021,2021,9,September,13,2,Monday,17:58:00,17,21033336,A,2,,Motor Vehicle In Motion,"Injury of any type (Serious, Minor, Possible)",C,Possible Injury (C),0,0,4,Local,1.63,179,EDGEWOOD AV,EDGEWOOD AV,ORCHARD ST,,,,,41.31242,-72.94074,14,Motor Vehicle in Operation,3,Angle,1,On Roadway,1,Clear,88,Not Applicable,1,Daylight,1,Dry,0,None,88,Not Applicable,88,Not Applicable,0,None,88,Not Applicable,88,Not Applicable,3,Intersection-Related,3,T-Intersection,1,No,1,No,88,Not Applicable,88,Not Applicable,88,Not Applicable,88,Not Applicable,TRUE,1,Public Road,1,"Trafficway, On Road",CT0009300,New Haven PD,39,42:03.0,C,Closed,16:39.0,21033336,,,,,,
888715,1,Complete,888715,888715,41.332599,-72.937856,3390812,New Haven,93,93,New Haven,9/13/2021,2021,9,September,13,2,Monday,18:36:00,18,21033345,A,3,,Motor Vehicle In Motion,"Injury of any type (Serious, Minor, Possible)",C,Possible Injury (C),0,0,4,Local,0.95,557,SHERMAN PKWY,SHERMAN PKWY,BASSETT ST,,,,,41.332599,-72.937856,14,Motor Vehicle in Operation,3,Angle,1,On Roadway,1,Clear,88,Not Applicable,1,Daylight,1,Dry,0,None,88,Not Applicable,88,Not Applicable,0,None,88,Not Applicable,88,Not Applicable,2,Intersection,2,Four-Way Intersection,1,No,1,No,88,Not Applicable,88,Not Applicable,88,Not Applicable,88,Not Applicable,TRUE,1,Public Road,1,"Trafficway, On Road",CT0009300,New Haven PD,416,06:08.0,O,Open,14:59.0,,,,,,,
888720,1,Complete,888720,888720,41.30547,-72.887864,3390817,New Haven,93,93,New Haven,9/13/2021,2021,9,September,13,2,Monday,21:48:00,21,21033372,A,2,,Motor Vehicle In Motion,"Injury of any type (Serious, Minor, Possible)",C,Possible Injury (C),0,0,4,Local,0.92,498,QUINNIPIAC AV,QUINNIPIAC AV,ANER ST,,,,,41.30547,-72.887864,14,Motor Vehicle in Operation,1,Front to rear,1,On Roadway,1,Clear,88,Not Applicable,4,Dark-Lighted,1,Dry,0,None,88,Not Applicable,88,Not Applicable,0,None,88,Not Applicable,88,Not Applicable,2,Intersection,3,T-Intersection,1,No,1,No,88,Not Applicable,88,Not Applicable,88,Not Applicable,88,Not Applicable,FALSE,1,Public Road,1,"Trafficway, On Road",CT0009300,New Haven PD,156,02:05.0,C,Closed,15:20.0,,,,,,,
888723,1,Complete,888723,888723,41.320365,-72.970061,3390820,New Haven,93,93,New Haven,9/14/2021,2021,9,September,14,3,Tuesday,11:15:00,11,21033419,A,2,,Motor Vehicle In Motion,"Injury of any type (Serious, Minor, Possible)",C,Possible Injury (C),0,0,3,State,2.88,122,122-N,122-N,EDGEWOOD AV,,,,,41.320365,-72.970061,14,Motor Vehicle in Operation,1,Front to rear,1,On Roadway,1,Clear,88,Not Applicable,1,Daylight,1,Dry,0,None,88,Not Applicable,88,Not Applicable,0,None,88,Not Applicable,88,Not Applicable,3,Intersection-Related,2,Four-Way Intersection,1,No,1,No,88,Not Applicable,88,Not Applicable,88,Not Applicable,88,Not Applicable,FALSE,1,Public Road,1,"Trafficway, On Road",CT0009300,New Haven PD,62,39:37.0,C,Closed,15:00.0,,2,11700,4,MINOR ARTERIAL - NEW HPMS,2,Urban
888733,1,Complete,888733,888733,41.31773,-72.897627,3390830,New Haven,93,93,New Haven,9/14/2021,2021,9,September,14,3,Tuesday,20:15:00,20,21033497,A,2,,Motor Vehicle In Motion,"Injury of any type (Serious, Minor, Possible)",A,Suspected Serious Injury (A),0,0,1,Interstate,0,91,91-N-14,91-N-14,FERRY ST,,,,N,41.31773,-72.897627,14,Motor Vehicle in Operation,3,Angle,1,On Roadway,1,Clear,88,Not Applicable,5,Dark-Not Lighted,1,Dry,0,None,88,Not Applicable,88,Not Applicable,0,None,88,Not Applicable,88,Not Applicable,11,Through Roadway,1,Not at Intersection,1,No,1,No,88,Not Applicable,88,Not Applicable,88,Not Applicable,88,Not Applicable,FALSE,1,Public Road,1,"Trafficway, On Road",CT0009300,New Haven PD,150,31:44.0,O,Open,15:10.0,,1,7400,1,INTERSTATE - NEW HPMS,2,Urban
888734,1,Complete,888734,888734,41.311741,-72.937974,3390831,New Haven,93,93,New Haven,9/16/2021,2021,9,September,16,5,Thursday,6:57:00,6,21033529,A,2,,Motor Vehicle In Motion,"Injury of any type (Serious, Minor, Possible)",C,Possible Injury (C),0,0,4,Local,1.79,179,EDGEWOOD AV,EDGEWOOD AV,GARDEN ST,,,,,41.311741,-72.937974,14,Motor Vehicle in Operation,3,Angle,1,On Roadway,1,Clear,88,Not Applicable,1,Daylight,1,Dry,0,None,88,Not Applicable,88,Not Applicable,0,None,88,Not Applicable,88,Not Applicable,2,Intersection,3,T-Intersection,1,No,1,No,88,Not Applicable,88,Not Applicable,88,Not Applicable,88,Not Applicable,TRUE,1,Public Road,1,"Trafficway, On Road",CT0009300,New Haven PD,408,56:41.0,C,Closed,15:17.0,21-033529,,,,,,
888739,1,Complete,888739,888739,41.324118,-72.88464,3390836,New Haven,93,93,New Haven,9/15/2021,2021,9,September,15,4,Wednesday,13:58:00,13,21033572,A,2,,Motor Vehicle In Motion,"Injury of any type (Serious, Minor, Possible)",C,Possible Injury (C),0,0,4,Local,0,411,MIDDLETOWN AV,MIDDLETOWN AV,DUMP RD,,,,,41.324118,-72.88464,14,Motor Vehicle in Operation,3,Angle,1,On Roadway,1,Clear,88,Not Applicable,1,Daylight,1,Dry,0,None,88,Not Applicable,88,Not Applicable,0,None,88,Not Applicable,88,Not Applicable,2,Intersection,4,Y-Intersection,1,No,1,No,88,Not Applicable,88,Not Applicable,88,Not Applicable,88,Not Applicable,FALSE,1,Public Road,1,"Trafficway, On Road",CT0009300,New Haven PD,40807,27:56.0,C,Closed,16:21.0,,,,,,,
888740,1,Complete,888740,888740,41.311674,-72.899895,3390837,New Haven,93,93,New Haven,9/15/2021,2021,9,September,15,4,Wednesday,14:04:00,14,21033574,A,2,,Motor Vehicle In Motion,"Injury of any type (Serious, Minor, Possible)",C,Possible Injury (C),0,0,4,Local,0.6,57,BLATCHLEY AV,BLATCHLEY AV,PINE ST NO 1,,,,,41.311674,-72.899895,14,Motor Vehicle in Operation,3,Angle,1,On Roadway,1,Clear,88,Not Applicable,1,Daylight,1,Dry,0,None,88,Not Applicable,88,Not Applicable,0,None,88,Not Applicable,88,Not Applicable,2,Intersection,2,Four-Way Intersection,1,No,1,No,88,Not Applicable,88,Not Applicable,88,Not Applicable,88,Not Applicable,FALSE,1,Public Road,1,"Trafficway, On Road",CT0009300,New Haven PD,40793,32:27.0,C,Closed,15:10.0,,,,,,,
888743,1,Complete,888743,888743,41.297573,-72.949033,3390840,New Haven,93,93,New Haven,9/15/2021,2021,9,September,15,4,Wednesday,16:45:00,16,21033583,A,3,,Motor Vehicle In Motion,"Injury of any type (Serious, Minor, Possible)",C,Possible Injury (C),0,0,3,State,1.47,10,10-N,10-N,1-N,,,,,41.297573,-72.949033,14,Motor Vehicle in Operation,1,Front to rear,1,On Roadway,1,Clear,88,Not Applicable,1,Daylight,1,Dry,0,None,88,Not Applicable,88,Not Applicable,0,None,88,Not Applicable,88,Not Applicable,2,Intersection,2,Four-Way Intersection,1,No,1,No,88,Not Applicable,88,Not Applicable,88,Not Applicable,88,Not Applicable,FALSE,1,Public Road,1,"Trafficway, On Road",CT0009300,New Haven PD,40810,54:37.0,C,Closed,15:22.0,,4,20700,3,PRINCIPAL ARTERIAL - OTHER - NEW HPMS,2,Urban
888744,1,Complete,888744,888744,41.306992,-72.921314,3390841,New Haven,93,93,New Haven,9/29/2021,2021,9,September,29,4,Wednesday,15:36:00,15,21033587,A,1,,Pedalcycle/Pedalcyclist,"Injury of any type (Serious, Minor, Possible)",C,Possible Injury (C),1,0,4,Local,1.17,575,STATE ST,STATE ST,ELM ST NO 2,,,,,41.306992,-72.921314,10,Pedalcycle/Pedalcyclist,3,Angle,1,On Roadway,1,Clear,88,Not Applicable,1,Daylight,1,Dry,0,None,88,Not Applicable,88,Not Applicable,0,None,88,Not Applicable,88,Not Applicable,2,Intersection,3,T-Intersection,1,No,1,No,88,Not Applicable,88,Not Applicable,88,Not Applicable,88,Not Applicable,FALSE,1,Public Road,1,"Trafficway, On Road",CT0009300,New Haven PD,40808,13:15.0,C,Closed,25:40.0,,,,,,,
888745,1,Complete,888745,888745,41.306799,-72.94653,3390842,New Haven,93,93,New Haven,9/15/2021,2021,9,September,15,4,Wednesday,18:42:00,18,21033603,A,2,,Motor Vehicle In Motion,"Injury of any type (Serious, Minor, Possible)",C,Possible Injury (C),0,0,4,Local,1.23,809,REV DR MLK JR BLVD,REV DR MLK JR BLVD,SHERMAN AV,,,,,41.306799,-72.94653,14,Motor Vehicle in Operation,3,Angle,1,On Roadway,1,Clear,88,Not Applicable,3,Dusk,1,Dry,0,None,88,Not Applicable,88,Not Applicable,0,None,88,Not Applicable,88,Not Applicable,2,Intersection,2,Four-Way Intersection,1,No,1,No,88,Not Applicable,88,Not Applicable,88,Not Applicable,88,Not Applicable,TRUE,1,Public Road,1,"Trafficway, On Road",CT0009300,New Haven PD,34,15:29.0,C,Closed,15:19.0,,,,,,,
888751,1,Complete,888751,888751,41.3253,-72.92632,3390848,New Haven,93,93,New Haven,9/15/2021,2021,9,September,15,4,Wednesday,21:56:00,21,21033624,A,1,,"Other Post, Pole, or Support","Injury of any type (Serious, Minor, Possible)",C,Possible Injury (C),0,0,4,Local,0.47,151,DIVISION ST,DIVISION ST,SHEFFIELD AV,,,,,41.3253,-72.92632,33,Utility Pole/Light Support,88,Not Applicable,1,On Roadway,1,Clear,88,Not Applicable,4,Dark-Lighted,1,Dry,0,None,88,Not Applicable,88,Not Applicable,0,None,88,Not Applicable,88,Not Applicable,2,Intersection,3,T-Intersection,1,No,1,No,88,Not Applicable,88,Not Applicable,88,Not Applicable,88,Not Applicable,FALSE,1,Public Road,1,"Trafficway, On Road",CT0009300,New Haven PD,42052,04:09.0,C,Closed,15:23.0,,2,3700,4,MINOR ARTERIAL - NEW HPMS,2,Urban
888753,1,Complete,888753,888753,41.31876,-72.897431,3390850,New Haven,93,93,New Haven,9/16/2021,2021,9,September,16,5,Thursday,8:50:00,8,21033653,A,2,,Motor Vehicle In Motion,"Injury of any type (Serious, Minor, Possible)",C,Possible Injury (C),0,0,4,Local,0.74,411,MIDDLETOWN AV,MIDDLETOWN AV,FERRY ST,,,,,41.31876,-72.897431,14,Motor Vehicle in Operation,3,Angle,1,On Roadway,2,Cloudy,88,Not Applicable,1,Daylight,2,Wet,0,None,88,Not Applicable,88,Not Applicable,0,None,88,Not Applicable,88,Not Applicable,2,Intersection,3,T-Intersection,1,No,1,No,88,Not Applicable,88,Not Applicable,88,Not Applicable,88,Not Applicable,TRUE,1,Public Road,1,"Trafficway, On Road",CT0009300,New Haven PD,980,02:47.0,C,Closed,15:21.0,,,,,,,
888758,1,Complete,888758,888758,41.329014,-72.928564,3390855,New Haven,93,93,New Haven,9/16/2021,2021,9,September,16,5,Thursday,20:16:00,20,21033729,A,1,,Pedestrian,"Injury of any type (Serious, Minor, Possible)",C,Possible Injury (C),1,0,4,Local,0.4,434,NEWHALL ST,NEWHALL ST,,IVY ST,20,Feet,S,41.329014,-72.928564,9,Pedestrian,88,Not Applicable,1,On Roadway,1,Clear,88,Not Applicable,4,Dark-Lighted,1,Dry,0,None,88,Not Applicable,88,Not Applicable,0,None,88,Not Applicable,88,Not Applicable,1,Non-Junction,1,Not at Intersection,1,No,1,No,88,Not Applicable,88,Not Applicable,88,Not Applicable,88,Not Applicable,FALSE,1,Public Road,1,"Trafficway, On Road",CT0009300,New Haven PD,30,37:53.0,C,Closed,15:24.0,NONE,2,3210,7,LOCAL - NEW HPMS,2,Urban