CrashId,Fatal Case Status,Fatal Case Status Text Format,CrashId,CrashId,Latitude,Longitude,DOT Case Number,Town Name,Town Number,Town Number,Town Number Text Format,Date Of Crash,Year,Month,Month Text Format,Day,Day of the Week,Day of the Week Text Format,Time of Crash,Hour of the Day,Case Identifier,Crash Severity,Number Of Motor Vehicles,Motor vehicle action,Most harmful event,Crash Severity Text Format,Most Severe Injury,Most Severe Injury Text Format,Number Of Non-Motorist,Number Of Witnesses,Route Class,Route Class Text Format,Milemarker,Road Number,Road Description,Roadway Name,Intersecting Roadway Name,Landmark Description,Distance From Nearest Landmark,Unit Of Measure From Nearest Landmark,Direction From Nearest Landmark,Latitude,Longitude,First Harmful Event,First Harmful Event Text Format,Manner of Crash / Collision Impact,Manner of Crash / Collision Impact Text Format,Location of First Harmful Event,Location of First Harmful Event Text Format,Weather Condition,Weather Condition Text Format,Weather 2,Weather 2 Text Format,Light Condition,Light Condition Text Format,Road Surface Condition,Road Surface Condition Text Format,"Contributing Circumstances, Environment","Contributing Circumstances, Environment Text Format",Environment 2,Environment 2 Text Format,Environment 3,Environment 3 Text Format,"Contributing Circumstances, Road","Contributing Circumstances, Road Text Format",Road 2,Road 2 Text Format,Road 3,Road 3 Text Format,Crash Specific Location,Crash Specific Location Text Format,Type of Intersection,Type of Intersection Text Format,School Bus Related,School Bus Related Text Format,Work Zone Related,Work Zone Related Text Format,Location Of Crash Relative To Work Zone,Location Of Crash Relative To Work Zone Text Format,Type of Work Zone,Type of Work Zone Text Format,Worker Presence,Worker Presence Text Format,Law Enforcement Presence,Law Enforcement Presence Text Format,Were Vehicles Moved Prior To Police Arrival,Trafficway Ownership,Trafficway Ownership Text Format,Trafficway Class,Trafficway Class Text Format,Police Agency,Police Agency Text Format,Badge Number,Approval Date,Police Case Status,Police Case Status Text Format,Crash Report Submission Date,Related Case Identifiers,No. of Through Lanes (Log Dir.),Average Daily Traffic,Functional Classification,Functional Classification Text Format,Rural or Urban,Rural or Urban Text Format
889070,1,Complete,889070,889070,41.339306,-72.975794,3391167,New Haven,93,93,New Haven,10/2/2021,2021,10,October,2,7,Saturday,14:18:00,14,21035533,A,2,,Motor Vehicle In Motion,"Injury of any type (Serious, Minor, Possible)",B,Suspected Minor Injury (B),0,0,4,Local,0.06,485,POND LILY AV,POND LILY AV,BANK ST,,,,,41.339306,-72.975794,14,Motor Vehicle in Operation,3,Angle,1,On Roadway,1,Clear,1,Clear,1,Daylight,1,Dry,0,None,88,Not Applicable,88,Not Applicable,0,None,88,Not Applicable,88,Not Applicable,2,Intersection,3,T-Intersection,1,No,1,No,88,Not Applicable,88,Not Applicable,88,Not Applicable,88,Not Applicable,FALSE,1,Public Road,1,"Trafficway, On Road",CT0009300,New Haven PD,74,03:26.0,C,Closed,17:11.0,,,,,,,
889077,1,Complete,889077,889077,41.317508,-72.949785,3391174,New Haven,93,93,New Haven,10/3/2021,2021,10,October,3,1,Sunday,2:23:00,2,21035596,A,3,,Motor Vehicle In Motion,"Injury of any type (Serious, Minor, Possible)",C,Possible Injury (C),0,1,3,State,2.92,10,10-N,10-N,ELM ST NO 1,,,,,41.317508,-72.949785,14,Motor Vehicle in Operation,3,Angle,1,On Roadway,1,Clear,88,Not Applicable,4,Dark-Lighted,1,Dry,0,None,88,Not Applicable,88,Not Applicable,0,None,88,Not Applicable,88,Not Applicable,2,Intersection,2,Four-Way Intersection,1,No,1,No,88,Not Applicable,88,Not Applicable,88,Not Applicable,88,Not Applicable,FALSE,1,Public Road,1,"Trafficway, On Road",CT0009300,New Haven PD,105,48:09.0,C,Closed,17:13.0,,2,10100,3,PRINCIPAL ARTERIAL - OTHER - NEW HPMS,2,Urban
889079,1,Complete,889079,889079,41.304789,-72.893934,3391176,New Haven,93,93,New Haven,10/3/2021,2021,10,October,3,1,Sunday,9:55:00,9,21035618,A,1,,Pedestrian,"Injury of any type (Serious, Minor, Possible)",C,Possible Injury (C),1,0,4,Local,0.18,307,HOUSTON ST NO 1,HOUSTON ST NO 1,SANFORD ST,,,,,41.304789,-72.893934,9,Pedestrian,88,Not Applicable,1,On Roadway,1,Clear,88,Not Applicable,1,Daylight,1,Dry,2,Visual Obstruction(s),88,Not Applicable,88,Not Applicable,0,None,88,Not Applicable,88,Not Applicable,2,Intersection,3,T-Intersection,1,No,1,No,88,Not Applicable,88,Not Applicable,88,Not Applicable,88,Not Applicable,FALSE,1,Public Road,1,"Trafficway, On Road",CT0009300,New Haven PD,40786,36:15.0,C,Closed,17:21.0,,2,7700,7,LOCAL - NEW HPMS,2,Urban
889081,1,Complete,889081,889081,41.31299,-72.952,3391178,New Haven,93,93,New Haven,10/3/2021,2021,10,October,3,1,Sunday,19:07:00,19,21035679,A,2,,Motor Vehicle In Motion,"Injury of any type (Serious, Minor, Possible)",C,Possible Injury (C),0,0,3,State,2.59,10,10-N,10-N,CHAPEL ST,,,,,41.31299,-72.952,14,Motor Vehicle in Operation,3,Angle,1,On Roadway,1,Clear,88,Not Applicable,4,Dark-Lighted,1,Dry,0,None,88,Not Applicable,88,Not Applicable,0,None,88,Not Applicable,88,Not Applicable,2,Intersection,2,Four-Way Intersection,1,No,1,No,88,Not Applicable,88,Not Applicable,88,Not Applicable,88,Not Applicable,FALSE,1,Public Road,1,"Trafficway, On Road",CT0009300,New Haven PD,7,31:10.0,C,Closed,17:15.0,,2,19700,3,PRINCIPAL ARTERIAL - OTHER - NEW HPMS,2,Urban
889086,1,Complete,889086,889086,41.303861,-72.918518,3391183,New Haven,93,93,New Haven,10/4/2021,2021,10,October,4,2,Monday,9:17:00,9,21035724,A,2,,Motor Vehicle In Motion,"Injury of any type (Serious, Minor, Possible)",C,Possible Injury (C),0,1,4,Local,1.35,97,CHAPEL ST,CHAPEL ST,ACADEMY ST,,,,,41.303861,-72.918518,14,Motor Vehicle in Operation,3,Angle,1,On Roadway,4,Rain,88,Not Applicable,1,Daylight,2,Wet,0,None,88,Not Applicable,88,Not Applicable,0,None,88,Not Applicable,88,Not Applicable,2,Intersection,3,T-Intersection,1,No,1,No,88,Not Applicable,88,Not Applicable,88,Not Applicable,88,Not Applicable,TRUE,1,Public Road,1,"Trafficway, On Road",CT0009300,New Haven PD,2,40:42.0,C,Closed,17:19.0,,,,,,,
889090,1,Complete,889090,889090,41.310624,-72.941229,3391187,New Haven,93,93,New Haven,10/4/2021,2021,10,October,4,2,Monday,11:20:00,11,21035762,A,2,,Motor Vehicle In Motion,"Injury of any type (Serious, Minor, Possible)",C,Possible Injury (C),0,0,4,Local,2.64,97,CHAPEL ST,CHAPEL ST,,ORCHARD ST,40,Feet,E,41.310624,-72.941229,14,Motor Vehicle in Operation,1,Front to rear,1,On Roadway,4,Rain,88,Not Applicable,1,Daylight,2,Wet,0,None,88,Not Applicable,88,Not Applicable,0,None,88,Not Applicable,88,Not Applicable,1,Non-Junction,1,Not at Intersection,1,No,1,No,88,Not Applicable,88,Not Applicable,88,Not Applicable,88,Not Applicable,FALSE,1,Public Road,1,"Trafficway, On Road",CT0009300,New Haven PD,324,06:31.0,C,Closed,17:21.0,21035762,,,,,,
889091,1,Complete,889091,889091,41.305592,-72.936058,3391188,New Haven,93,93,New Haven,10/4/2021,2021,10,October,4,2,Monday,14:49:00,14,21035782,A,2,,Motor Vehicle In Motion,"Injury of any type (Serious, Minor, Possible)",C,Possible Injury (C),0,1,4,Local,0.08,565,SOUTH FRONTAGE RD-RT 34,SOUTH FRONTAGE RD-RT 34,PARK ST,,,,,41.305592,-72.936058,14,Motor Vehicle in Operation,3,Angle,1,On Roadway,4,Rain,88,Not Applicable,1,Daylight,2,Wet,0,None,88,Not Applicable,88,Not Applicable,0,None,88,Not Applicable,88,Not Applicable,2,Intersection,2,Four-Way Intersection,1,No,1,No,88,Not Applicable,88,Not Applicable,88,Not Applicable,88,Not Applicable,FALSE,1,Public Road,1,"Trafficway, On Road",CT0009300,New Haven PD,301,45:54.0,C,Closed,17:28.0,,,,,,,
889101,1,Complete,889101,889101,41.288899,-72.933192,3391198,New Haven,93,93,New Haven,10/4/2021,2021,10,October,4,2,Monday,22:57:00,22,21035844,A,2,,Motor Vehicle In Motion,"Injury of any type (Serious, Minor, Possible)",C,Possible Injury (C),0,0,4,Local,0.16,268,GREENWICH AV NO 1,GREENWICH AV NO 1,,SECOND ST,50,Feet,N,41.288899,-72.933192,14,Motor Vehicle in Operation,6,Rear to side,1,On Roadway,4,Rain,88,Not Applicable,5,Dark-Not Lighted,2,Wet,0,None,88,Not Applicable,88,Not Applicable,0,None,88,Not Applicable,88,Not Applicable,1,Non-Junction,1,Not at Intersection,1,No,1,No,88,Not Applicable,88,Not Applicable,88,Not Applicable,88,Not Applicable,FALSE,1,Public Road,1,"Trafficway, On Road",CT0009300,New Haven PD,42367,54:45.0,C,Closed,17:25.0,,,,,,,
889130,1,Complete,889130,889130,41.327315,-72.968527,3391227,New Haven,93,93,New Haven,10/5/2021,2021,10,October,5,3,Tuesday,12:25:00,12,21035919,A,2,,Motor Vehicle In Motion,"Injury of any type (Serious, Minor, Possible)",C,Possible Injury (C),0,1,3,State,3.37,122,122-N,122-N,243-W,,,,,41.327315,-72.968527,14,Motor Vehicle in Operation,3,Angle,1,On Roadway,2,Cloudy,88,Not Applicable,1,Daylight,1,Dry,0,None,88,Not Applicable,88,Not Applicable,0,None,88,Not Applicable,88,Not Applicable,2,Intersection,2,Four-Way Intersection,1,No,1,No,88,Not Applicable,88,Not Applicable,88,Not Applicable,88,Not Applicable,FALSE,1,Public Road,1,"Trafficway, On Road",CT0009300,New Haven PD,313,52:37.0,C,Closed,17:28.0,,1,11600,4,MINOR ARTERIAL - NEW HPMS,2,Urban
889136,1,Complete,889136,889136,41.325463,-72.921839,3391233,New Haven,93,93,New Haven,10/5/2021,2021,10,October,5,3,Tuesday,14:30:00,14,21035969,A,2,,Motor Vehicle In Motion,"Injury of any type (Serious, Minor, Possible)",C,Possible Injury (C),0,0,4,Local,0.05,83,CANNER ST,CANNER ST,,PROSPECT ST,260,Feet,E,41.325463,-72.921839,14,Motor Vehicle in Operation,3,Angle,1,On Roadway,2,Cloudy,88,Not Applicable,1,Daylight,1,Dry,0,None,88,Not Applicable,88,Not Applicable,0,None,88,Not Applicable,88,Not Applicable,1,Non-Junction,1,Not at Intersection,1,No,1,No,88,Not Applicable,88,Not Applicable,88,Not Applicable,88,Not Applicable,TRUE,1,Public Road,1,"Trafficway, On Road",CT0009300,New Haven PD,40801,53:19.0,C,Closed,17:29.0,,,,,,,
889142,1,Complete,889142,889142,41.337534,-72.976546,3391239,New Haven,93,93,New Haven,10/6/2021,2021,10,October,6,4,Wednesday,9:17:00,9,21036031,A,2,,Motor Vehicle In Motion,"Injury of any type (Serious, Minor, Possible)",C,Possible Injury (C),0,0,3,State,0.21,69,69-N,69-N,,POND LILY AVE,500,Feet,S,41.337534,-72.976546,14,Motor Vehicle in Operation,3,Angle,1,On Roadway,1,Clear,88,Not Applicable,1,Daylight,1,Dry,0,None,88,Not Applicable,88,Not Applicable,0,None,88,Not Applicable,88,Not Applicable,1,Non-Junction,1,Not at Intersection,1,No,1,No,88,Not Applicable,88,Not Applicable,88,Not Applicable,88,Not Applicable,FALSE,1,Public Road,1,"Trafficway, On Road",CT0009300,New Haven PD,40807,01:01.0,C,Closed,17:31.0,,3,18000,3,PRINCIPAL ARTERIAL - OTHER - NEW HPMS,2,Urban
889149,1,Complete,889149,889149,41.309196,-72.895483,3391246,New Haven,93,93,New Haven,10/6/2021,2021,10,October,6,4,Wednesday,19:45:00,19,21036134,A,1,,Pedestrian,"Injury of any type (Serious, Minor, Possible)",A,Suspected Serious Injury (A),1,1,4,Local,0.74,213,FERRY ST,FERRY ST,,GRAND AVE,60,Feet,N,41.309196,-72.895483,9,Pedestrian,88,Not Applicable,1,On Roadway,1,Clear,88,Not Applicable,4,Dark-Lighted,1,Dry,0,None,88,Not Applicable,88,Not Applicable,0,None,88,Not Applicable,88,Not Applicable,11,Through Roadway,1,Not at Intersection,1,No,1,No,88,Not Applicable,88,Not Applicable,88,Not Applicable,88,Not Applicable,FALSE,1,Public Road,1,"Trafficway, On Road",CT0009300,New Haven PD,40793,41:26.0,O,Open,17:40.0,,4,13500,4,MINOR ARTERIAL - NEW HPMS,2,Urban
889152,1,Complete,889152,889152,41.282196,-72.928551,3391249,New Haven,93,93,New Haven,10/7/2021,2021,10,October,7,5,Thursday,7:53:00,7,21036172,A,1,,Pedestrian,"Injury of any type (Serious, Minor, Possible)",B,Suspected Minor Injury (B),1,0,4,Local,0.1,568,SOUTH WATER ST,SOUTH WATER ST,,SEA ST,500,Feet,W,41.282196,-72.928551,9,Pedestrian,88,Not Applicable,1,On Roadway,1,Clear,88,Not Applicable,1,Daylight,1,Dry,0,None,88,Not Applicable,88,Not Applicable,0,None,88,Not Applicable,88,Not Applicable,1,Non-Junction,1,Not at Intersection,1,No,1,No,88,Not Applicable,88,Not Applicable,88,Not Applicable,88,Not Applicable,FALSE,1,Public Road,1,"Trafficway, On Road",CT0009300,New Haven PD,40807,28:39.0,C,Closed,17:43.0,,2,816,7,LOCAL - NEW HPMS,2,Urban
889156,1,Complete,889156,889156,41.30073,-72.910748,3391253,New Haven,93,93,New Haven,10/7/2021,2021,10,October,7,5,Thursday,13:06:00,13,21036212,A,1,,Motor Vehicle In Motion,"Injury of any type (Serious, Minor, Possible)",B,Suspected Minor Injury (B),1,1,2,USRoute,48.96,1,1-N,1-N,EAST ST,,,,S,41.30073,-72.910748,14,Motor Vehicle in Operation,97,Other,1,On Roadway,1,Clear,88,Not Applicable,1,Daylight,1,Dry,2,Visual Obstruction(s),88,Not Applicable,88,Not Applicable,0,None,88,Not Applicable,88,Not Applicable,3,Intersection-Related,2,Four-Way Intersection,1,No,1,No,88,Not Applicable,88,Not Applicable,88,Not Applicable,88,Not Applicable,TRUE,1,Public Road,1,"Trafficway, On Road",CT0009300,New Haven PD,86,22:06.0,C,Closed,17:50.0,,4,12400,3,PRINCIPAL ARTERIAL - OTHER - NEW HPMS,2,Urban
889158,1,Complete,889158,889158,41.304075,-72.898099,3391255,New Haven,93,93,New Haven,10/7/2021,2021,10,October,7,5,Thursday,16:10:00,16,21036227,A,2,,Motor Vehicle In Motion,"Injury of any type (Serious, Minor, Possible)",C,Possible Injury (C),0,0,4,Local,0.29,97,CHAPEL ST,CHAPEL ST,,BLATCHLEY AVE,30,Feet,E,41.304075,-72.898099,14,Motor Vehicle in Operation,4,"Sideswipe, same direction",1,On Roadway,1,Clear,88,Not Applicable,1,Daylight,1,Dry,0,None,88,Not Applicable,88,Not Applicable,0,None,88,Not Applicable,88,Not Applicable,11,Through Roadway,1,Not at Intersection,1,No,1,No,88,Not Applicable,88,Not Applicable,88,Not Applicable,88,Not Applicable,FALSE,1,Public Road,1,"Trafficway, On Road",CT0009300,New Haven PD,150,11:43.0,C,Closed,17:37.0,,,,,,,
889159,1,Complete,889159,889159,41.29936,-72.93637,3391256,New Haven,93,93,New Haven,10/7/2021,2021,10,October,7,5,Thursday,15:57:00,15,21036228,A,3,,Motor Vehicle In Motion,"Injury of any type (Serious, Minor, Possible)",C,Possible Injury (C),0,0,4,Local,0.11,138,DAGGETT ST,DAGGETT ST,,Congress ave,570,Feet,S,41.29936,-72.93637,14,Motor Vehicle in Operation,1,Front to rear,1,On Roadway,1,Clear,88,Not Applicable,1,Daylight,1,Dry,0,None,88,Not Applicable,88,Not Applicable,0,None,88,Not Applicable,88,Not Applicable,1,Non-Junction,1,Not at Intersection,1,No,1,No,88,Not Applicable,88,Not Applicable,88,Not Applicable,88,Not Applicable,FALSE,1,Public Road,1,"Trafficway, On Road",CT0009300,New Haven PD,251,08:21.0,C,Closed,17:39.0,,,,,,,
889163,1,Complete,889163,889163,41.32202,-72.94551,3391260,New Haven,93,93,New Haven,10/7/2021,2021,10,October,7,5,Thursday,16:33:00,16,21036236,A,2,,Motor Vehicle In Motion,"Injury of any type (Serious, Minor, Possible)",C,Possible Injury (C),0,1,4,Local,0.3,258,GOFFE TER,GOFFE TER,ELLSWORTH AV,,,,,41.32202,-72.94551,14,Motor Vehicle in Operation,3,Angle,1,On Roadway,1,Clear,88,Not Applicable,1,Daylight,1,Dry,0,None,88,Not Applicable,88,Not Applicable,0,None,88,Not Applicable,88,Not Applicable,2,Intersection,2,Four-Way Intersection,1,No,1,No,88,Not Applicable,88,Not Applicable,88,Not Applicable,88,Not Applicable,FALSE,1,Public Road,1,"Trafficway, On Road",CT0009300,New Haven PD,40821,42:29.0,C,Closed,17:41.0,,,,,,,
889166,1,Complete,889166,889166,41.323862,-72.881571,3391263,New Haven,93,93,New Haven,10/7/2021,2021,10,October,7,5,Thursday,17:07:00,17,21036243,A,2,,Motor Vehicle In Motion,"Injury of any type (Serious, Minor, Possible)",C,Possible Injury (C),0,0,3,State,0.22,17,17-N,17-N,80-W,,,,,41.323862,-72.881571,14,Motor Vehicle in Operation,3,Angle,1,On Roadway,1,Clear,88,Not Applicable,1,Daylight,1,Dry,99,Unknown,88,Not Applicable,88,Not Applicable,0,None,88,Not Applicable,88,Not Applicable,2,Intersection,2,Four-Way Intersection,1,No,1,No,88,Not Applicable,88,Not Applicable,88,Not Applicable,88,Not Applicable,TRUE,1,Public Road,1,"Trafficway, On Road",CT0009300,New Haven PD,263,03:07.0,C,Closed,17:42.0,,1,8500,1,INTERSTATE - NEW HPMS,2,Urban
889173,1,Complete,889173,889173,41.33092,-72.978478,3391270,New Haven,93,93,New Haven,10/7/2021,2021,10,October,7,5,Thursday,21:07:00,21,21036275,A,2,,Motor Vehicle In Motion,"Injury of any type (Serious, Minor, Possible)",C,Possible Injury (C),0,1,4,Local,0.09,641,WESTERLEIGH RD,WESTERLEIGH RD,,FAIRFEILD ST,100,Feet,S,41.33092,-72.978478,14,Motor Vehicle in Operation,1,Front to rear,1,On Roadway,1,Clear,1,Clear,5,Dark-Not Lighted,1,Dry,0,None,88,Not Applicable,88,Not Applicable,7,"Rut, Holes, Bumps",88,Not Applicable,88,Not Applicable,1,Non-Junction,1,Not at Intersection,1,No,1,No,88,Not Applicable,88,Not Applicable,88,Not Applicable,88,Not Applicable,FALSE,1,Public Road,1,"Trafficway, On Road",CT0009300,New Haven PD,55,48:26.0,C,Closed,17:42.0,,,,,,,
889178,1,Complete,889178,889178,41.330388,-72.964073,3391275,New Haven,93,93,New Haven,10/8/2021,2021,10,October,8,6,Friday,11:08:00,11,21036321,A,3,,Motor Vehicle In Motion,"Injury of any type (Serious, Minor, Possible)",C,Possible Injury (C),0,0,4,Local,0.91,612,VALLEY ST NO 1,VALLEY ST NO 1,EMERSON ST NO 1,,,,,41.330388,-72.964073,14,Motor Vehicle in Operation,3,Angle,1,On Roadway,1,Clear,88,Not Applicable,1,Daylight,1,Dry,0,None,88,Not Applicable,88,Not Applicable,0,None,88,Not Applicable,88,Not Applicable,2,Intersection,3,T-Intersection,2,"Yes, School Bus Directly Involved",1,No,88,Not Applicable,88,Not Applicable,88,Not Applicable,88,Not Applicable,FALSE,1,Public Road,1,"Trafficway, On Road",CT0009300,New Haven PD,313,36:32.0,C,Closed,17:46.0,,,,,,,
889182,1,Complete,889182,889182,41.325653,-72.927701,3391279,New Haven,93,93,New Haven,10/8/2021,2021,10,October,8,6,Friday,17:37:00,17,21036355,A,3,,Motor Vehicle In Motion,"Injury of any type (Serious, Minor, Possible)",C,Possible Injury (C),0,0,4,Local,0.4,151,DIVISION ST,DIVISION ST,WINCHESTER AV,,,,,41.325653,-72.927701,14,Motor Vehicle in Operation,3,Angle,1,On Roadway,1,Clear,88,Not Applicable,1,Daylight,1,Dry,3,Glare,88,Not Applicable,88,Not Applicable,0,None,88,Not Applicable,88,Not Applicable,2,Intersection,2,Four-Way Intersection,1,No,1,No,88,Not Applicable,88,Not Applicable,88,Not Applicable,88,Not Applicable,TRUE,1,Public Road,1,"Trafficway, On Road",CT0009300,New Haven PD,40801,50:24.0,C,Closed,17:46.0,,,,,,,
889185,1,Complete,889185,889185,41.310753,-72.930107,3391282,New Haven,93,93,New Haven,10/8/2021,2021,10,October,8,6,Friday,19:39:00,19,21036375,A,2,,Motor Vehicle In Motion,"Injury of any type (Serious, Minor, Possible)",B,Suspected Minor Injury (B),0,0,4,Local,0.2,726,ELM ST NO 2,ELM ST NO 2,YORK ST,,,,,41.310753,-72.930107,14,Motor Vehicle in Operation,5,"Sideswipe, opposite direction",1,On Roadway,1,Clear,88,Not Applicable,4,Dark-Lighted,1,Dry,0,None,88,Not Applicable,88,Not Applicable,0,None,88,Not Applicable,88,Not Applicable,2,Intersection,4,Y-Intersection,1,No,1,No,88,Not Applicable,88,Not Applicable,88,Not Applicable,88,Not Applicable,FALSE,1,Public Road,1,"Trafficway, On Road",CT0009300,New Haven PD,42054,41:47.0,C,Closed,17:47.0,21036375,,,,,,
889186,1,Complete,889186,889186,41.31300755,-72.94822235,921242,New Haven,93,93,New Haven,10/8/2021,2021,10,October,8,6,Friday,19:47:00,19,21036376,K,1,Straight Ahead,Pedestrian,Fatal (Kill),K,Fatal Injury (K),1,1,4,Local,0.18,439,NORTON ST,NORTON ST,STANLEY ST,,,,,41.31300755,-72.94822235,9,Pedestrian,88,Not Applicable,1,On Roadway,1,Clear,88,Not Applicable,4,Dark-Lighted,1,Dry,0,None,88,Not Applicable,88,Not Applicable,0,None,88,Not Applicable,88,Not Applicable,2,Intersection,3,T-Intersection,1,No,1,No,88,Not Applicable,88,Not Applicable,88,Not Applicable,88,Not Applicable,FALSE,1,Public Road,1,"Trafficway, On Road",CT0009300,New Haven PD,40951,36:51.0,O,Open,17:48.0,,2,3846,7,LOCAL - NEW HPMS,2,Urban
889192,1,Complete,889192,889192,41.29357,-72.89767,3391289,New Haven,93,93,New Haven,10/9/2021,2021,10,October,9,7,Saturday,2:04:00,2,21036414,A,2,,Motor Vehicle In Motion,"Injury of any type (Serious, Minor, Possible)",C,Possible Injury (C),0,0,2,USRoute,49.82,1,1-N,1-N,FULTON TER,,,,,41.29357,-72.89767,14,Motor Vehicle in Operation,3,Angle,1,On Roadway,1,Clear,88,Not Applicable,4,Dark-Lighted,1,Dry,0,None,88,Not Applicable,88,Not Applicable,0,None,88,Not Applicable,88,Not Applicable,2,Intersection,2,Four-Way Intersection,1,No,1,No,88,Not Applicable,88,Not Applicable,88,Not Applicable,88,Not Applicable,FALSE,1,Public Road,1,"Trafficway, On Road",CT0009300,New Haven PD,40807,26:18.0,C,Closed,18:13.0,,2,9400,3,PRINCIPAL ARTERIAL - OTHER - NEW HPMS,2,Urban
889194,1,Complete,889194,889194,41.325914,-72.952669,3391291,New Haven,93,93,New Haven,10/9/2021,2021,10,October,9,7,Saturday,10:49:00,10,21036439,A,2,,Motor Vehicle In Motion,"Injury of any type (Serious, Minor, Possible)",C,Possible Injury (C),0,1,4,Local,0.44,56,BLAKE ST,BLAKE ST,JEWELL ST,,,,,41.325914,-72.952669,14,Motor Vehicle in Operation,4,"Sideswipe, same direction",1,On Roadway,1,Clear,88,Not Applicable,1,Daylight,1,Dry,0,None,88,Not Applicable,88,Not Applicable,0,None,88,Not Applicable,88,Not Applicable,2,Intersection,3,T-Intersection,1,No,1,No,88,Not Applicable,88,Not Applicable,88,Not Applicable,88,Not Applicable,FALSE,1,Public Road,1,"Trafficway, On Road",CT0009300,New Haven PD,324,28:45.0,C,Closed,17:51.0,,,,,,,
889196,1,Complete,889196,889196,41.309636,-72.937005,3391293,New Haven,93,93,New Haven,10/9/2021,2021,10,October,9,7,Saturday,12:11:00,12,21036450,A,2,,Motor Vehicle In Motion,"Injury of any type (Serious, Minor, Possible)",C,Possible Injury (C),0,0,4,Local,0.3,160,DWIGHT ST,DWIGHT ST,CHAPEL ST,,,,,41.309636,-72.937005,14,Motor Vehicle in Operation,3,Angle,1,On Roadway,1,Clear,88,Not Applicable,1,Daylight,1,Dry,0,None,88,Not Applicable,88,Not Applicable,0,None,88,Not Applicable,88,Not Applicable,2,Intersection,2,Four-Way Intersection,1,No,1,No,88,Not Applicable,88,Not Applicable,88,Not Applicable,88,Not Applicable,FALSE,1,Public Road,1,"Trafficway, On Road",CT0009300,New Haven PD,251,47:36.0,C,Closed,18:00.0,,,,,,,
889198,1,Complete,889198,889198,41.286628,-72.936471,3391295,New Haven,93,93,New Haven,10/9/2021,2021,10,October,9,7,Saturday,13:56:00,13,21036458,A,2,,Motor Vehicle In Motion,"Injury of any type (Serious, Minor, Possible)",C,Possible Injury (C),0,1,3,State,0.49,10,10-N,10-N,,KIMBERLY AVE,150,Feet,N,41.286628,-72.936471,14,Motor Vehicle in Operation,3,Angle,1,On Roadway,1,Clear,88,Not Applicable,1,Daylight,1,Dry,0,None,88,Not Applicable,88,Not Applicable,0,None,88,Not Applicable,88,Not Applicable,3,Intersection-Related,2,Four-Way Intersection,1,No,1,No,88,Not Applicable,88,Not Applicable,88,Not Applicable,88,Not Applicable,FALSE,1,Public Road,1,"Trafficway, On Road",CT0009300,New Haven PD,42366,52:10.0,O,Open,17:51.0,,4,17900,3,PRINCIPAL ARTERIAL - OTHER - NEW HPMS,2,Urban
889202,1,Complete,889202,889202,41.317829,-72.937739,3391299,New Haven,93,93,New Haven,10/9/2021,2021,10,October,9,7,Saturday,17:14:00,17,21036473,A,2,,Motor Vehicle In Motion,"Injury of any type (Serious, Minor, Possible)",B,Suspected Minor Injury (B),0,0,4,Local,0.27,257,GOFFE ST,GOFFE ST,ORCHARD ST,,,,,41.317829,-72.937739,14,Motor Vehicle in Operation,97,Other,1,On Roadway,1,Clear,88,Not Applicable,1,Daylight,1,Dry,0,None,88,Not Applicable,88,Not Applicable,0,None,88,Not Applicable,88,Not Applicable,2,Intersection,2,Four-Way Intersection,1,No,1,No,88,Not Applicable,88,Not Applicable,88,Not Applicable,88,Not Applicable,TRUE,1,Public Road,1,"Trafficway, On Road",CT0009300,New Haven PD,42042,39:58.0,O,Open,17:53.0,,,,,,,
889206,1,Complete,889206,889206,41.314409,-72.901719,3391303,New Haven,93,93,New Haven,10/9/2021,2021,10,October,9,7,Saturday,23:32:00,23,21036513,A,2,,Motor Vehicle In Motion,"Injury of any type (Serious, Minor, Possible)",B,Suspected Minor Injury (B),0,0,4,Local,0.12,379,LOMBARD ST,LOMBARD ST,MONROE ST,,,,,41.314409,-72.901719,14,Motor Vehicle in Operation,3,Angle,1,On Roadway,1,Clear,88,Not Applicable,4,Dark-Lighted,1,Dry,0,None,88,Not Applicable,88,Not Applicable,0,None,88,Not Applicable,88,Not Applicable,2,Intersection,2,Four-Way Intersection,1,No,1,No,88,Not Applicable,88,Not Applicable,88,Not Applicable,88,Not Applicable,FALSE,1,Public Road,1,"Trafficway, On Road",CT0009300,New Haven PD,42048,48:44.0,O,Open,18:05.0,,,,,,,
889208,1,Complete,889208,889208,41.297383,-72.891081,3391305,New Haven,93,93,New Haven,10/10/2021,2021,10,October,10,1,Sunday,9:42:00,9,21036552,A,2,,Motor Vehicle In Motion,"Injury of any type (Serious, Minor, Possible)",C,Possible Injury (C),0,1,4,Local,0.3,498,QUINNIPIAC AV,QUINNIPIAC AV,FULTON ST,,,,,41.297383,-72.891081,14,Motor Vehicle in Operation,3,Angle,1,On Roadway,1,Clear,88,Not Applicable,1,Daylight,1,Dry,0,None,88,Not Applicable,88,Not Applicable,0,None,88,Not Applicable,88,Not Applicable,2,Intersection,4,Y-Intersection,1,No,1,No,88,Not Applicable,88,Not Applicable,88,Not Applicable,88,Not Applicable,FALSE,1,Public Road,1,"Trafficway, On Road",CT0009300,New Haven PD,156,53:27.0,C,Closed,17:55.0,,,,,,,