CrashId,Fatal Case Status,Fatal Case Status Text Format,CrashId,CrashId,Latitude,Longitude,DOT Case Number,Town Name,Town Number,Town Number,Town Number Text Format,Date Of Crash,Year,Month,Month Text Format,Day,Day of the Week,Day of the Week Text Format,Time of Crash,Hour of the Day,Case Identifier,Crash Severity,Number Of Motor Vehicles,Motor vehicle action,Most harmful event,Crash Severity Text Format,Most Severe Injury,Most Severe Injury Text Format,Number Of Non-Motorist,Number Of Witnesses,Route Class,Route Class Text Format,Milemarker,Road Number,Road Description,Roadway Name,Intersecting Roadway Name,Landmark Description,Distance From Nearest Landmark,Unit Of Measure From Nearest Landmark,Direction From Nearest Landmark,Latitude,Longitude,First Harmful Event,First Harmful Event Text Format,Manner of Crash / Collision Impact,Manner of Crash / Collision Impact Text Format,Location of First Harmful Event,Location of First Harmful Event Text Format,Weather Condition,Weather Condition Text Format,Weather 2,Weather 2 Text Format,Light Condition,Light Condition Text Format,Road Surface Condition,Road Surface Condition Text Format,"Contributing Circumstances, Environment","Contributing Circumstances, Environment Text Format",Environment 2,Environment 2 Text Format,Environment 3,Environment 3 Text Format,"Contributing Circumstances, Road","Contributing Circumstances, Road Text Format",Road 2,Road 2 Text Format,Road 3,Road 3 Text Format,Crash Specific Location,Crash Specific Location Text Format,Type of Intersection,Type of Intersection Text Format,School Bus Related,School Bus Related Text Format,Work Zone Related,Work Zone Related Text Format,Location Of Crash Relative To Work Zone,Location Of Crash Relative To Work Zone Text Format,Type of Work Zone,Type of Work Zone Text Format,Worker Presence,Worker Presence Text Format,Law Enforcement Presence,Law Enforcement Presence Text Format,Were Vehicles Moved Prior To Police Arrival,Trafficway Ownership,Trafficway Ownership Text Format,Trafficway Class,Trafficway Class Text Format,Police Agency,Police Agency Text Format,Badge Number,Approval Date,Police Case Status,Police Case Status Text Format,Crash Report Submission Date,Related Case Identifiers,No. of Through Lanes (Log Dir.),Average Daily Traffic,Functional Classification,Functional Classification Text Format,Rural or Urban,Rural or Urban Text Format
889651,1,Complete,889651,889651,41.324275,-72.871744,3391748,New Haven,93,93,New Haven,11/1/2021,2021,11,November,1,2,Monday,12:55:00,12,21039550,A,2,,Motor Vehicle In Motion,"Injury of any type (Serious, Minor, Possible)",C,Possible Injury (C),0,0,3,State,0.26,103,103-N,103-N,,EASTERN STREET,500,Feet,N,41.324275,-72.871744,14,Motor Vehicle in Operation,6,Rear to side,1,On Roadway,1,Clear,88,Not Applicable,1,Daylight,1,Dry,0,None,88,Not Applicable,88,Not Applicable,0,None,88,Not Applicable,88,Not Applicable,1,Non-Junction,1,Not at Intersection,1,No,1,No,88,Not Applicable,88,Not Applicable,88,Not Applicable,88,Not Applicable,FALSE,1,Public Road,1,"Trafficway, On Road",CT0009300,New Haven PD,351,49:20.0,C,Closed,21:33.0,,2,9000,4,MINOR ARTERIAL - NEW HPMS,2,Urban
889653,1,Complete,889653,889653,41.31611,-72.92643,3391750,New Haven,93,93,New Haven,11/1/2021,2021,11,November,1,2,Monday,13:45:00,13,21039557,A,1,,Separation of Units,"Injury of any type (Serious, Minor, Possible)",C,Possible Injury (C),1,0,4,Local,0.3,536,SACHEM ST,SACHEM ST,WINCHESTER AV,,,,,41.31611,-72.92643,10,Pedalcycle/Pedalcyclist,3,Angle,1,On Roadway,1,Clear,88,Not Applicable,1,Daylight,1,Dry,0,None,88,Not Applicable,88,Not Applicable,99,Unknown,88,Not Applicable,88,Not Applicable,3,Intersection-Related,5,L-Intersection,1,No,1,No,88,Not Applicable,88,Not Applicable,88,Not Applicable,88,Not Applicable,FALSE,1,Public Road,1,"Trafficway, On Road",CT0009300,New Haven PD,991,48:53.0,C,Closed,22:05.0,,,,,,,
889654,1,Complete,889654,889654,41.311061,-72.941246,3391751,New Haven,93,93,New Haven,12/8/2021,2021,12,December,8,4,Wednesday,15:20:00,15,21039564,A,2,,Motor Vehicle In Motion,"Injury of any type (Serious, Minor, Possible)",C,Possible Injury (C),0,0,4,Local,0.68,453,ORCHARD ST,ORCHARD ST,,CHAPEL ST,30,Feet,N,41.311061,-72.941246,14,Motor Vehicle in Operation,1,Front to rear,1,On Roadway,1,Clear,88,Not Applicable,1,Daylight,1,Dry,0,None,88,Not Applicable,88,Not Applicable,0,None,88,Not Applicable,88,Not Applicable,1,Non-Junction,1,Not at Intersection,1,No,1,No,88,Not Applicable,88,Not Applicable,88,Not Applicable,88,Not Applicable,TRUE,1,Public Road,1,"Trafficway, On Road",CT0009300,New Haven PD,261,24:15.0,C,Closed,27:45.0,,,,,,,
889665,1,Complete,889665,889665,41.30891,-72.90986,3391762,New Haven,93,93,New Haven,11/2/2021,2021,11,November,2,3,Tuesday,9:33:00,9,21039641,A,2,,Motor Vehicle In Motion,"Injury of any type (Serious, Minor, Possible)",C,Possible Injury (C),0,0,4,Local,0.49,165,EAST ST,EAST ST,GRAND AV,,,,,41.30891,-72.90986,14,Motor Vehicle in Operation,1,Front to rear,1,On Roadway,1,Clear,88,Not Applicable,1,Daylight,1,Dry,0,None,88,Not Applicable,88,Not Applicable,0,None,88,Not Applicable,88,Not Applicable,2,Intersection,2,Four-Way Intersection,1,No,1,No,88,Not Applicable,88,Not Applicable,88,Not Applicable,88,Not Applicable,FALSE,1,Public Road,1,"Trafficway, On Road",CT0009300,New Haven PD,263,21:32.0,C,Closed,21:42.0,,2,19000,4,MINOR ARTERIAL - NEW HPMS,2,Urban
889667,1,Complete,889667,889667,41.32762474,-72.93522479,3391764,New Haven,93,93,New Haven,11/2/2021,2021,11,November,2,3,Tuesday,11:28:00,11,21039656,A,2,,Motor Vehicle In Motion,"Injury of any type (Serious, Minor, Possible)",C,Possible Injury (C),0,0,4,Local,1.04,152,DIXWELL AV,DIXWELL AV,HARDING PL,,,,,41.32762474,-72.93522479,14,Motor Vehicle in Operation,4,"Sideswipe, same direction",1,On Roadway,1,Clear,88,Not Applicable,1,Daylight,1,Dry,0,None,88,Not Applicable,88,Not Applicable,0,None,88,Not Applicable,88,Not Applicable,3,Intersection-Related,3,T-Intersection,1,No,1,No,88,Not Applicable,88,Not Applicable,88,Not Applicable,88,Not Applicable,FALSE,1,Public Road,1,"Trafficway, On Road",CT0009300,New Haven PD,62,11:52.0,C,Closed,21:41.0,,,,,,,
889668,1,Complete,889668,889668,41.300851,-72.892093,3391765,New Haven,93,93,New Haven,11/2/2021,2021,11,November,2,3,Tuesday,14:05:00,14,21039679,A,2,,Motor Vehicle In Motion,"Injury of any type (Serious, Minor, Possible)",C,Possible Injury (C),0,0,4,Local,0.2,795,EAST FERRY ST,EAST FERRY ST,FAIRMONT AV,,,,,41.300851,-72.892093,14,Motor Vehicle in Operation,1,Front to rear,1,On Roadway,1,Clear,88,Not Applicable,1,Daylight,1,Dry,0,None,88,Not Applicable,88,Not Applicable,0,None,88,Not Applicable,88,Not Applicable,2,Intersection,4,Y-Intersection,1,No,1,No,88,Not Applicable,88,Not Applicable,88,Not Applicable,88,Not Applicable,TRUE,1,Public Road,1,"Trafficway, On Road",CT0009300,New Haven PD,263,36:43.0,C,Closed,21:48.0,,,,,,,
889669,1,Complete,889669,889669,41.305506,-72.952668,3391766,New Haven,93,93,New Haven,11/2/2021,2021,11,November,2,3,Tuesday,15:00:00,15,21039681,A,2,,Motor Vehicle In Motion,"Injury of any type (Serious, Minor, Possible)",C,Possible Injury (C),0,0,4,Local,0,360,LEGION AV-RT 34,LEGION AV-RT 34,10-N,,,,,41.305506,-72.952668,14,Motor Vehicle in Operation,3,Angle,1,On Roadway,1,Clear,88,Not Applicable,1,Daylight,1,Dry,0,None,88,Not Applicable,88,Not Applicable,0,None,88,Not Applicable,88,Not Applicable,2,Intersection,3,T-Intersection,1,No,1,No,88,Not Applicable,88,Not Applicable,88,Not Applicable,88,Not Applicable,TRUE,1,Public Road,1,"Trafficway, On Road",CT0009300,New Haven PD,428,31:40.0,C,Closed,22:21.0,,,,,,,
889672,1,Complete,889672,889672,41.333263,-72.867697,3391769,New Haven,93,93,New Haven,11/5/2021,2021,11,November,5,6,Friday,18:37:00,18,21039708,A,2,,Motor Vehicle In Motion,"Injury of any type (Serious, Minor, Possible)",C,Possible Injury (C),0,1,3,State,0.93,103,103-N,103-N,,GLEN HAVEN RD,130,Feet,N,41.333263,-72.867697,14,Motor Vehicle in Operation,5,"Sideswipe, opposite direction",1,On Roadway,2,Cloudy,88,Not Applicable,1,Daylight,1,Dry,0,None,88,Not Applicable,88,Not Applicable,0,None,88,Not Applicable,88,Not Applicable,1,Non-Junction,1,Not at Intersection,1,No,1,No,88,Not Applicable,88,Not Applicable,88,Not Applicable,88,Not Applicable,FALSE,1,Public Road,1,"Trafficway, On Road",CT0009300,New Haven PD,409,39:26.0,C,Closed,22:28.0,,2,6500,4,MINOR ARTERIAL - NEW HPMS,2,Urban
889684,1,Complete,889684,889684,41.323134,-72.948726,3391781,New Haven,93,93,New Haven,11/3/2021,2021,11,November,3,4,Wednesday,11:15:00,11,21039782,A,1,,"Other Post, Pole, or Support","Injury of any type (Serious, Minor, Possible)",C,Possible Injury (C),0,1,4,Local,0.28,690,ELLA T GRASSO BLVD,ELLA T GRASSO BLVD,GOFFE TER,,,,,41.323134,-72.948726,38,"Other Post, Pole or Support",88,Not Applicable,1,On Roadway,1,Clear,88,Not Applicable,1,Daylight,1,Dry,0,None,88,Not Applicable,88,Not Applicable,0,None,88,Not Applicable,88,Not Applicable,2,Intersection,2,Four-Way Intersection,1,No,1,No,88,Not Applicable,88,Not Applicable,88,Not Applicable,88,Not Applicable,FALSE,1,Public Road,1,"Trafficway, On Road",CT0009300,New Haven PD,324,33:51.0,C,Closed,23:01.0,21039782,2,6700,4,MINOR ARTERIAL - NEW HPMS,2,Urban
889688,1,Complete,889688,889688,41.31884,-72.94914,3391785,New Haven,93,93,New Haven,11/3/2021,2021,11,November,3,4,Wednesday,16:16:00,16,21039823,A,2,,Motor Vehicle In Motion,"Injury of any type (Serious, Minor, Possible)",C,Possible Injury (C),0,0,3,State,3.02,10,10-N,10-N,,WHALLEY AVE,30,Feet,S,41.31884,-72.94914,14,Motor Vehicle in Operation,1,Front to rear,1,On Roadway,1,Clear,88,Not Applicable,1,Daylight,1,Dry,0,None,88,Not Applicable,88,Not Applicable,0,None,88,Not Applicable,88,Not Applicable,1,Non-Junction,1,Not at Intersection,1,No,1,No,88,Not Applicable,88,Not Applicable,88,Not Applicable,88,Not Applicable,FALSE,1,Public Road,1,"Trafficway, On Road",CT0009300,New Haven PD,40951,55:58.0,C,Closed,21:53.0,,4,19800,3,PRINCIPAL ARTERIAL - OTHER - NEW HPMS,2,Urban
889689,1,Complete,889689,889689,41.320323,-72.868458,3391786,New Haven,93,93,New Haven,11/3/2021,2021,11,November,3,4,Wednesday,16:40:00,16,21039828,A,2,,Motor Vehicle In Motion,"Injury of any type (Serious, Minor, Possible)",C,Possible Injury (C),0,0,3,State,0.73,80,80-E,80-E,OLD FOXON RD,,,,,41.320323,-72.868458,14,Motor Vehicle in Operation,1,Front to rear,1,On Roadway,1,Clear,88,Not Applicable,1,Daylight,1,Dry,0,None,88,Not Applicable,88,Not Applicable,0,None,88,Not Applicable,88,Not Applicable,2,Intersection,3,T-Intersection,1,No,1,No,88,Not Applicable,88,Not Applicable,88,Not Applicable,88,Not Applicable,FALSE,1,Public Road,1,"Trafficway, On Road",CT0009300,New Haven PD,42049,04:45.0,O,Open,22:04.0,,4,32100,3,PRINCIPAL ARTERIAL - OTHER - NEW HPMS,2,Urban
889699,1,Complete,889699,889699,41.312334,-72.940545,3391796,New Haven,93,93,New Haven,11/3/2021,2021,11,November,3,4,Wednesday,15:15:00,15,21039853,A,2,,Motor Vehicle In Motion,"Injury of any type (Serious, Minor, Possible)",C,Possible Injury (C),0,0,4,Local,1.64,179,EDGEWOOD AV,EDGEWOOD AV,,ORCHARD ST,50,Feet,E,41.312334,-72.940545,14,Motor Vehicle in Operation,1,Front to rear,1,On Roadway,1,Clear,88,Not Applicable,1,Daylight,1,Dry,0,None,88,Not Applicable,88,Not Applicable,0,None,88,Not Applicable,88,Not Applicable,1,Non-Junction,1,Not at Intersection,1,No,1,No,88,Not Applicable,88,Not Applicable,88,Not Applicable,88,Not Applicable,FALSE,1,Public Road,1,"Trafficway, On Road",CT0009300,New Haven PD,7,09:53.0,C,Closed,22:08.0,,,,,,,
889702,1,Complete,889702,889702,41.29204,-72.94268,3391799,New Haven,93,93,New Haven,11/4/2021,2021,11,November,4,5,Thursday,1:59:00,1,21039887,A,2,,Motor Vehicle In Motion,"Injury of any type (Serious, Minor, Possible)",C,Possible Injury (C),0,0,3,State,0.98,10,10-N,10-N,,TRUMAN ST,50,Feet,N,41.29204,-72.94268,14,Motor Vehicle in Operation,3,Angle,1,On Roadway,1,Clear,88,Not Applicable,4,Dark-Lighted,1,Dry,0,None,88,Not Applicable,88,Not Applicable,0,None,88,Not Applicable,88,Not Applicable,1,Non-Junction,1,Not at Intersection,1,No,1,No,88,Not Applicable,88,Not Applicable,88,Not Applicable,88,Not Applicable,FALSE,1,Public Road,1,"Trafficway, On Road",CT0009300,New Haven PD,40955,32:29.0,C,Closed,22:51.0,,4,20200,3,PRINCIPAL ARTERIAL - OTHER - NEW HPMS,2,Urban
889706,1,Complete,889706,889706,41.3245,-72.9633,3391803,New Haven,93,93,New Haven,11/4/2021,2021,11,November,4,5,Thursday,9:21:00,9,21039909,A,2,,Motor Vehicle In Motion,"Injury of any type (Serious, Minor, Possible)",B,Suspected Minor Injury (B),0,0,4,Local,0.14,6,ALDEN AV,ALDEN AV,WILLARD ST,,,,,41.3245,-72.9633,14,Motor Vehicle in Operation,3,Angle,1,On Roadway,1,Clear,88,Not Applicable,1,Daylight,1,Dry,0,None,88,Not Applicable,88,Not Applicable,0,None,88,Not Applicable,88,Not Applicable,2,Intersection,2,Four-Way Intersection,1,No,1,No,88,Not Applicable,88,Not Applicable,88,Not Applicable,88,Not Applicable,TRUE,1,Public Road,1,"Trafficway, On Road",CT0009300,New Haven PD,40790,57:59.0,C,Closed,22:01.0,,,,,,,
889708,1,Complete,889708,889708,41.305863,-72.902779,3391805,New Haven,93,93,New Haven,11/4/2021,2021,11,November,4,5,Thursday,12:10:00,12,21039925,A,2,,Motor Vehicle In Motion,"Injury of any type (Serious, Minor, Possible)",C,Possible Injury (C),0,0,4,Local,0.73,327,JAMES ST,JAMES ST,WOLCOTT ST,,,,,41.305863,-72.902779,14,Motor Vehicle in Operation,3,Angle,1,On Roadway,1,Clear,88,Not Applicable,1,Daylight,1,Dry,0,None,88,Not Applicable,88,Not Applicable,0,None,88,Not Applicable,88,Not Applicable,2,Intersection,2,Four-Way Intersection,1,No,1,No,88,Not Applicable,88,Not Applicable,88,Not Applicable,88,Not Applicable,FALSE,1,Public Road,1,"Trafficway, On Road",CT0009300,New Haven PD,42052,24:04.0,C,Closed,22:01.0,,,,,,,
889712,1,Complete,889712,889712,41.312816,-72.932938,3391809,New Haven,93,93,New Haven,11/4/2021,2021,11,November,4,5,Thursday,14:26:00,14,21039942,A,3,,Motor Vehicle In Motion,"Injury of any type (Serious, Minor, Possible)",C,Possible Injury (C),0,0,4,Local,0.95,653,WHALLEY AV,WHALLEY AV,HOWE ST,,,,,41.312816,-72.932938,14,Motor Vehicle in Operation,1,Front to rear,1,On Roadway,1,Clear,88,Not Applicable,1,Daylight,1,Dry,0,None,88,Not Applicable,88,Not Applicable,0,None,88,Not Applicable,88,Not Applicable,2,Intersection,3,T-Intersection,1,No,1,No,88,Not Applicable,88,Not Applicable,88,Not Applicable,88,Not Applicable,FALSE,1,Public Road,1,"Trafficway, On Road",CT0009300,New Haven PD,79,51:25.0,C,Closed,22:06.0,,,,,,,
889714,1,Complete,889714,889714,41.31683,-72.90308,3391811,New Haven,93,93,New Haven,11/4/2021,2021,11,November,4,5,Thursday,16:15:00,16,21039946,A,2,,Motor Vehicle In Motion,"Injury of any type (Serious, Minor, Possible)",C,Possible Injury (C),0,0,2,USRoute,0.07,5,5-N,5-N,,BLATCHLEY AVE,100,Feet,W,41.31683,-72.90308,14,Motor Vehicle in Operation,1,Front to rear,1,On Roadway,1,Clear,88,Not Applicable,1,Daylight,1,Dry,0,None,88,Not Applicable,88,Not Applicable,0,None,88,Not Applicable,88,Not Applicable,1,Non-Junction,1,Not at Intersection,1,No,1,No,88,Not Applicable,88,Not Applicable,88,Not Applicable,88,Not Applicable,FALSE,1,Public Road,1,"Trafficway, On Road",CT0009300,New Haven PD,40815,15:32.0,O,Open,22:02.0,21039946,2,12800,4,MINOR ARTERIAL - NEW HPMS,2,Urban
889720,1,Complete,889720,889720,41.31466,-72.91723,3391817,New Haven,93,93,New Haven,11/5/2021,2021,11,November,5,6,Friday,8:58:00,8,21040035,A,2,,Motor Vehicle In Motion,"Injury of any type (Serious, Minor, Possible)",C,Possible Injury (C),0,0,4,Local,1,450,ORANGE ST NO 1,ORANGE ST NO 1,PEARL ST,,,,,41.31466,-72.91723,14,Motor Vehicle in Operation,1,Front to rear,1,On Roadway,1,Clear,88,Not Applicable,1,Daylight,1,Dry,0,None,88,Not Applicable,88,Not Applicable,0,None,88,Not Applicable,88,Not Applicable,2,Intersection,2,Four-Way Intersection,1,No,1,No,88,Not Applicable,88,Not Applicable,88,Not Applicable,88,Not Applicable,FALSE,1,Public Road,1,"Trafficway, On Road",CT0009300,New Haven PD,42052,46:46.0,C,Closed,22:14.0,,,,,,,
889732,1,Complete,889732,889732,41.300108,-72.924725,3391829,New Haven,93,93,New Haven,11/5/2021,2021,11,November,5,6,Friday,16:40:00,16,21040077,A,2,,Motor Vehicle In Motion,"Injury of any type (Serious, Minor, Possible)",C,Possible Injury (C),0,0,2,USRoute,48.17,1,1-N,1-N,,COLLUMBUS AVE,500,Feet,E,41.300108,-72.924725,14,Motor Vehicle in Operation,1,Front to rear,1,On Roadway,1,Clear,88,Not Applicable,1,Daylight,1,Dry,0,None,88,Not Applicable,88,Not Applicable,0,None,88,Not Applicable,88,Not Applicable,1,Non-Junction,1,Not at Intersection,1,No,1,No,88,Not Applicable,88,Not Applicable,88,Not Applicable,88,Not Applicable,FALSE,1,Public Road,1,"Trafficway, On Road",CT0009300,New Haven PD,42056,11:50.0,C,Closed,23:28.0,,4,11600,3,PRINCIPAL ARTERIAL - OTHER - NEW HPMS,2,Urban
889734,1,Complete,889734,889734,41.337527,-72.976575,3391831,New Haven,93,93,New Haven,11/5/2021,2021,11,November,5,6,Friday,15:20:00,15,21040084,A,2,,Motor Vehicle In Motion,"Injury of any type (Serious, Minor, Possible)",B,Suspected Minor Injury (B),0,0,3,State,0.21,69,69-N,69-N,,15-N-114,205,Feet,S,41.337527,-72.976575,14,Motor Vehicle in Operation,3,Angle,1,On Roadway,1,Clear,1,Clear,1,Daylight,1,Dry,0,None,0,None,0,None,0,None,0,None,0,None,1,Non-Junction,1,Not at Intersection,1,No,1,No,88,Not Applicable,88,Not Applicable,88,Not Applicable,88,Not Applicable,TRUE,1,Public Road,1,"Trafficway, On Road",CT0009300,New Haven PD,55,57:33.0,C,Closed,22:35.0,,3,18000,3,PRINCIPAL ARTERIAL - OTHER - NEW HPMS,2,Urban
889742,1,Complete,889742,889742,41.291172,-72.888612,3391839,New Haven,93,93,New Haven,11/5/2021,2021,11,November,5,6,Friday,20:52:00,20,21040115,A,3,,Motor Vehicle In Motion,"Injury of any type (Serious, Minor, Possible)",C,Possible Injury (C),0,0,4,Local,0.06,442,OAKLEY ST NO 1,OAKLEY ST NO 1,CHESTER ST,,,,,41.291172,-72.888612,14,Motor Vehicle in Operation,3,Angle,1,On Roadway,1,Clear,88,Not Applicable,5,Dark-Not Lighted,1,Dry,0,None,88,Not Applicable,88,Not Applicable,0,None,88,Not Applicable,88,Not Applicable,3,Intersection-Related,2,Four-Way Intersection,1,No,1,No,88,Not Applicable,88,Not Applicable,88,Not Applicable,88,Not Applicable,FALSE,1,Public Road,1,"Trafficway, On Road",CT0009300,New Haven PD,165,58:52.0,C,Closed,22:23.0,,,,,,,
889745,1,Complete,889745,889745,41.317463,-72.944586,3391842,New Haven,93,93,New Haven,11/6/2021,2021,11,November,6,7,Saturday,0:34:00,0,21040134,A,2,,Motor Vehicle In Motion,"Injury of any type (Serious, Minor, Possible)",C,Possible Injury (C),0,0,4,Local,0.26,653,WHALLEY AV,WHALLEY AV,WINTHROP AV NO 2,,,,,41.317463,-72.944586,14,Motor Vehicle in Operation,3,Angle,1,On Roadway,1,Clear,88,Not Applicable,6,Dark-Unknown Lighting,1,Dry,0,None,88,Not Applicable,88,Not Applicable,0,None,88,Not Applicable,88,Not Applicable,2,Intersection,2,Four-Way Intersection,1,No,1,No,88,Not Applicable,88,Not Applicable,88,Not Applicable,88,Not Applicable,FALSE,1,Public Road,1,"Trafficway, On Road",CT0009300,New Haven PD,40789,31:38.0,C,Closed,22:50.0,,,,,,,
889753,1,Complete,889753,889753,41.315446,-72.93918,3391850,New Haven,93,93,New Haven,11/6/2021,2021,11,November,6,7,Saturday,16:24:00,16,21040188,A,2,,Motor Vehicle In Motion,"Injury of any type (Serious, Minor, Possible)",C,Possible Injury (C),0,0,4,Local,0.56,653,WHALLEY AV,WHALLEY AV,ORCHARD ST,,,,,41.315446,-72.93918,14,Motor Vehicle in Operation,3,Angle,1,On Roadway,1,Clear,88,Not Applicable,1,Daylight,1,Dry,0,None,88,Not Applicable,88,Not Applicable,0,None,88,Not Applicable,88,Not Applicable,2,Intersection,2,Four-Way Intersection,1,No,1,No,88,Not Applicable,88,Not Applicable,88,Not Applicable,88,Not Applicable,FALSE,1,Public Road,1,"Trafficway, On Road",CT0009300,New Haven PD,11439,23:03.0,C,Closed,22:35.0,,,,,,,
889762,1,Complete,889762,889762,41.315258,-72.895353,3391859,New Haven,93,93,New Haven,11/8/2021,2021,11,November,8,2,Monday,15:07:00,15,21040230,A,6,,Motor Vehicle In Motion,"Injury of any type (Serious, Minor, Possible)",A,Suspected Serious Injury (A),0,0,4,Local,0.45,379,LOMBARD ST,LOMBARD ST,ROWE ST,,,,,41.315258,-72.895353,14,Motor Vehicle in Operation,1,Front to rear,1,On Roadway,1,Clear,88,Not Applicable,4,Dark-Lighted,1,Dry,0,None,88,Not Applicable,88,Not Applicable,0,None,88,Not Applicable,88,Not Applicable,2,Intersection,2,Four-Way Intersection,1,No,1,No,88,Not Applicable,88,Not Applicable,88,Not Applicable,88,Not Applicable,FALSE,1,Public Road,1,"Trafficway, On Road",CT0009300,New Haven PD,370,50:32.0,O,Open,24:36.0,,,,,,,
889765,1,Complete,889765,889765,41.3208272,-72.8740323,3391862,New Haven,93,93,New Haven,11/7/2021,2021,11,November,7,1,Sunday,1:51:00,1,21040242,A,2,,Motor Vehicle In Motion,"Injury of any type (Serious, Minor, Possible)",C,Possible Injury (C),0,0,3,State,0.44,80,80-E,80-E,QUINNIPIAC AV,,,,,41.3208272,-72.8740323,14,Motor Vehicle in Operation,3,Angle,1,On Roadway,1,Clear,88,Not Applicable,4,Dark-Lighted,1,Dry,0,None,88,Not Applicable,88,Not Applicable,0,None,88,Not Applicable,88,Not Applicable,2,Intersection,2,Four-Way Intersection,1,No,1,No,88,Not Applicable,88,Not Applicable,88,Not Applicable,88,Not Applicable,FALSE,1,Public Road,1,"Trafficway, On Road",CT0009300,New Haven PD,42048,41:23.0,C,Closed,22:42.0,,4,32100,3,PRINCIPAL ARTERIAL - OTHER - NEW HPMS,2,Urban
889768,1,Complete,889768,889768,41.302783,-72.928232,3391865,New Haven,93,93,New Haven,11/7/2021,2021,11,November,7,1,Sunday,4:00:00,4,21040251,A,2,,Motor Vehicle In Motion,"Injury of any type (Serious, Minor, Possible)",C,Possible Injury (C),0,0,4,Local,0.29,104,CHURCH ST SOUTH NO 1,CHURCH ST SOUTH NO 1,REV DR MLK JR BLVD,,,,,41.302783,-72.928232,14,Motor Vehicle in Operation,3,Angle,1,On Roadway,1,Clear,88,Not Applicable,4,Dark-Lighted,1,Dry,0,None,88,Not Applicable,88,Not Applicable,0,None,88,Not Applicable,88,Not Applicable,2,Intersection,2,Four-Way Intersection,1,No,1,No,88,Not Applicable,88,Not Applicable,88,Not Applicable,88,Not Applicable,FALSE,2,Private Road,1,"Trafficway, On Road",CT0009300,New Haven PD,40801,56:54.0,C,Closed,23:27.0,,,,,,,
889779,1,Complete,889779,889779,41.316839,-72.942836,3391876,New Haven,93,93,New Haven,11/7/2021,2021,11,November,7,1,Sunday,22:31:00,22,21040314,A,2,,Motor Vehicle In Motion,"Injury of any type (Serious, Minor, Possible)",C,Possible Injury (C),0,0,4,Local,0.35,653,WHALLEY AV,WHALLEY AV,,SHERMAN AVE,105,Feet,W,41.316839,-72.942836,14,Motor Vehicle in Operation,3,Angle,1,On Roadway,1,Clear,88,Not Applicable,4,Dark-Lighted,1,Dry,0,None,88,Not Applicable,88,Not Applicable,0,None,88,Not Applicable,88,Not Applicable,8,Driveway Access,1,Not at Intersection,1,No,1,No,88,Not Applicable,88,Not Applicable,88,Not Applicable,88,Not Applicable,FALSE,1,Public Road,1,"Trafficway, On Road",CT0009300,New Haven PD,11439,20:37.0,C,Closed,22:57.0,,,,,,,
889808,1,Complete,889808,889808,41.309481,-72.890634,3391905,New Haven,93,93,New Haven,11/8/2021,2021,11,November,8,2,Monday,13:16:00,13,21040383,A,2,,Motor Vehicle In Motion,"Injury of any type (Serious, Minor, Possible)",C,Possible Injury (C),0,0,4,Local,0.25,264,GRAND AV,GRAND AV,CLINTON AV,,,,,41.309481,-72.890634,14,Motor Vehicle in Operation,1,Front to rear,1,On Roadway,1,Clear,88,Not Applicable,1,Daylight,1,Dry,0,None,88,Not Applicable,88,Not Applicable,0,None,88,Not Applicable,88,Not Applicable,2,Intersection,2,Four-Way Intersection,1,No,1,No,88,Not Applicable,88,Not Applicable,88,Not Applicable,88,Not Applicable,TRUE,1,Public Road,1,"Trafficway, On Road",CT0009300,New Haven PD,263,16:24.0,C,Closed,22:56.0,,,,,,,
889813,1,Complete,889813,889813,41.329645,-72.935141,3391910,New Haven,93,93,New Haven,11/9/2021,2021,11,November,9,3,Tuesday,7:18:00,7,21040470,A,2,,Motor Vehicle In Motion,"Injury of any type (Serious, Minor, Possible)",C,Possible Injury (C),0,0,4,Local,1.19,152,DIXWELL AV,DIXWELL AV,,WEST HAZEL,75,Feet,S,41.329645,-72.935141,14,Motor Vehicle in Operation,3,Angle,1,On Roadway,1,Clear,88,Not Applicable,1,Daylight,1,Dry,0,None,88,Not Applicable,88,Not Applicable,0,None,88,Not Applicable,88,Not Applicable,1,Non-Junction,1,Not at Intersection,1,No,1,No,88,Not Applicable,88,Not Applicable,88,Not Applicable,88,Not Applicable,FALSE,1,Public Road,1,"Trafficway, On Road",CT0009300,New Haven PD,199,57:57.0,C,Closed,23:04.0,,,,,,,
889818,1,Complete,889818,889818,41.329366,-72.96906,3391915,New Haven,93,93,New Haven,11/9/2021,2021,11,November,9,3,Tuesday,11:35:00,11,21040529,A,2,,Motor Vehicle In Motion,"Injury of any type (Serious, Minor, Possible)",C,Possible Injury (C),0,0,3,State,0.74,63,63-N,63-N,,122-N,140,Feet,W,41.329366,-72.96906,14,Motor Vehicle in Operation,3,Angle,1,On Roadway,1,Clear,88,Not Applicable,1,Daylight,1,Dry,0,None,88,Not Applicable,88,Not Applicable,0,None,88,Not Applicable,88,Not Applicable,1,Non-Junction,1,Not at Intersection,1,No,1,No,88,Not Applicable,88,Not Applicable,88,Not Applicable,88,Not Applicable,FALSE,1,Public Road,1,"Trafficway, On Road",CT0009300,New Haven PD,62,14:24.0,C,Closed,23:06.0,,3,22900,3,PRINCIPAL ARTERIAL - OTHER - NEW HPMS,2,Urban