CrashId,Fatal Case Status,Fatal Case Status Text Format,CrashId,CrashId,Latitude,Longitude,DOT Case Number,Town Name,Town Number,Town Number,Town Number Text Format,Date Of Crash,Year,Month,Month Text Format,Day,Day of the Week,Day of the Week Text Format,Time of Crash,Hour of the Day,Case Identifier,Crash Severity,Number Of Motor Vehicles,Motor vehicle action,Most harmful event,Crash Severity Text Format,Most Severe Injury,Most Severe Injury Text Format,Number Of Non-Motorist,Number Of Witnesses,Route Class,Route Class Text Format,Milemarker,Road Number,Road Description,Roadway Name,Intersecting Roadway Name,Landmark Description,Distance From Nearest Landmark,Unit Of Measure From Nearest Landmark,Direction From Nearest Landmark,Latitude,Longitude,First Harmful Event,First Harmful Event Text Format,Manner of Crash / Collision Impact,Manner of Crash / Collision Impact Text Format,Location of First Harmful Event,Location of First Harmful Event Text Format,Weather Condition,Weather Condition Text Format,Weather 2,Weather 2 Text Format,Light Condition,Light Condition Text Format,Road Surface Condition,Road Surface Condition Text Format,"Contributing Circumstances, Environment","Contributing Circumstances, Environment Text Format",Environment 2,Environment 2 Text Format,Environment 3,Environment 3 Text Format,"Contributing Circumstances, Road","Contributing Circumstances, Road Text Format",Road 2,Road 2 Text Format,Road 3,Road 3 Text Format,Crash Specific Location,Crash Specific Location Text Format,Type of Intersection,Type of Intersection Text Format,School Bus Related,School Bus Related Text Format,Work Zone Related,Work Zone Related Text Format,Location Of Crash Relative To Work Zone,Location Of Crash Relative To Work Zone Text Format,Type of Work Zone,Type of Work Zone Text Format,Worker Presence,Worker Presence Text Format,Law Enforcement Presence,Law Enforcement Presence Text Format,Were Vehicles Moved Prior To Police Arrival,Trafficway Ownership,Trafficway Ownership Text Format,Trafficway Class,Trafficway Class Text Format,Police Agency,Police Agency Text Format,Badge Number,Approval Date,Police Case Status,Police Case Status Text Format,Crash Report Submission Date,Related Case Identifiers,No. of Through Lanes (Log Dir.),Average Daily Traffic,Functional Classification,Functional Classification Text Format,Rural or Urban,Rural or Urban Text Format
889819,1,Complete,889819,889819,41.297901,-72.934162,3391916,New Haven,93,93,New Haven,11/9/2021,2021,11,November,9,3,Tuesday,12:24:00,12,21040530,A,2,,Motor Vehicle In Motion,"Injury of any type (Serious, Minor, Possible)",C,Possible Injury (C),0,0,2,USRoute,47.4,1,1-N,1-N,HOWARD AV,,,,,41.297901,-72.934162,14,Motor Vehicle in Operation,1,Front to rear,1,On Roadway,1,Clear,88,Not Applicable,1,Daylight,1,Dry,0,None,88,Not Applicable,88,Not Applicable,0,None,88,Not Applicable,88,Not Applicable,2,Intersection,2,Four-Way Intersection,1,No,1,No,88,Not Applicable,88,Not Applicable,88,Not Applicable,88,Not Applicable,FALSE,1,Public Road,1,"Trafficway, On Road",CT0009300,New Haven PD,319,45:19.0,C,Closed,23:09.0,,2,8400,3,PRINCIPAL ARTERIAL - OTHER - NEW HPMS,2,Urban
889822,1,Complete,889822,889822,41.301468,-72.923945,3391919,New Haven,93,93,New Haven,11/9/2021,2021,11,November,9,3,Tuesday,14:42:00,14,21040554,A,2,,Motor Vehicle In Motion,"Injury of any type (Serious, Minor, Possible)",C,Possible Injury (C),0,0,2,USRoute,48.27,1,1-N,1-N,State Street North,,,,,41.301468,-72.923945,14,Motor Vehicle in Operation,3,Angle,1,On Roadway,1,Clear,88,Not Applicable,1,Daylight,1,Dry,3,Glare,88,Not Applicable,88,Not Applicable,0,None,88,Not Applicable,88,Not Applicable,2,Intersection,8,"Five-Point, or More",1,No,1,No,88,Not Applicable,88,Not Applicable,88,Not Applicable,88,Not Applicable,FALSE,1,Public Road,1,"Trafficway, On Road",CT0009300,New Haven PD,980,15:11.0,C,Closed,23:08.0,,1,11600,3,PRINCIPAL ARTERIAL - OTHER - NEW HPMS,2,Urban
889829,1,Complete,889829,889829,41.319288,-72.949502,3391926,New Haven,93,93,New Haven,11/9/2021,2021,11,November,9,3,Tuesday,20:38:00,20,21040617,A,2,,Motor Vehicle In Motion,"Injury of any type (Serious, Minor, Possible)",C,Possible Injury (C),0,0,3,State,3.04,10,10-N,10-N,ELLA T GRASSO BLVD,,,,,41.319288,-72.949502,14,Motor Vehicle in Operation,1,Front to rear,1,On Roadway,1,Clear,88,Not Applicable,4,Dark-Lighted,1,Dry,0,None,88,Not Applicable,88,Not Applicable,0,None,88,Not Applicable,88,Not Applicable,2,Intersection,2,Four-Way Intersection,1,No,1,No,88,Not Applicable,88,Not Applicable,88,Not Applicable,88,Not Applicable,FALSE,1,Public Road,1,"Trafficway, On Road",CT0009300,New Haven PD,40804,23:38.0,C,Closed,23:11.0,,4,19800,3,PRINCIPAL ARTERIAL - OTHER - NEW HPMS,2,Urban
889831,1,Complete,889831,889831,41.297796,-72.934425,3391928,New Haven,93,93,New Haven,11/10/2021,2021,11,November,10,4,Wednesday,0:43:00,0,21040630,A,2,,Motor Vehicle In Motion,"Injury of any type (Serious, Minor, Possible)",C,Possible Injury (C),0,0,2,USRoute,47.4,1,1-N,1-N,HOWARD AV,,,,,41.297796,-72.934425,14,Motor Vehicle in Operation,1,Front to rear,1,On Roadway,1,Clear,88,Not Applicable,4,Dark-Lighted,1,Dry,0,None,88,Not Applicable,88,Not Applicable,0,None,88,Not Applicable,88,Not Applicable,2,Intersection,2,Four-Way Intersection,1,No,1,No,88,Not Applicable,88,Not Applicable,88,Not Applicable,88,Not Applicable,FALSE,1,Public Road,1,"Trafficway, On Road",CT0009300,New Haven PD,40819,50:44.0,O,Open,23:13.0,,2,8400,3,PRINCIPAL ARTERIAL - OTHER - NEW HPMS,2,Urban
889837,1,Complete,889837,889837,41.329445,-72.969249,3391934,New Haven,93,93,New Haven,11/10/2021,2021,11,November,10,4,Wednesday,9:12:00,9,21040654,A,2,,Motor Vehicle In Motion,"Injury of any type (Serious, Minor, Possible)",A,Suspected Serious Injury (A),0,1,3,State,0.75,63,63-N,63-N,,DAYTON ST,150,Feet,W,41.329445,-72.969249,14,Motor Vehicle in Operation,3,Angle,1,On Roadway,1,Clear,88,Not Applicable,1,Daylight,1,Dry,0,None,88,Not Applicable,88,Not Applicable,0,None,88,Not Applicable,88,Not Applicable,8,Driveway Access,1,Not at Intersection,1,No,1,No,88,Not Applicable,88,Not Applicable,88,Not Applicable,88,Not Applicable,FALSE,1,Public Road,1,"Trafficway, On Road",CT0009300,New Haven PD,359,25:01.0,C,Closed,23:17.0,,3,22900,3,PRINCIPAL ARTERIAL - OTHER - NEW HPMS,2,Urban
889844,1,Complete,889844,889844,41.29895,-72.93995,3391941,New Haven,93,93,New Haven,11/10/2021,2021,11,November,10,4,Wednesday,14:28:00,14,21040685,A,2,,Motor Vehicle In Motion,"Injury of any type (Serious, Minor, Possible)",C,Possible Injury (C),0,0,4,Local,0.1,655,WHITE ST,WHITE ST,,CONGRESS AVE,350,Feet,S,41.29895,-72.93995,14,Motor Vehicle in Operation,1,Front to rear,1,On Roadway,1,Clear,88,Not Applicable,1,Daylight,1,Dry,0,None,88,Not Applicable,88,Not Applicable,0,None,88,Not Applicable,88,Not Applicable,1,Non-Junction,1,Not at Intersection,1,No,1,No,88,Not Applicable,88,Not Applicable,88,Not Applicable,88,Not Applicable,TRUE,1,Public Road,1,"Trafficway, On Road",CT0009300,New Haven PD,708,58:26.0,C,Closed,23:29.0,,,,,,,
889846,1,Complete,889846,889846,41.315921,-72.872878,3391943,New Haven,93,93,New Haven,11/10/2021,2021,11,November,10,4,Wednesday,15:40:00,15,21040697,A,2,,Motor Vehicle In Motion,"Injury of any type (Serious, Minor, Possible)",B,Suspected Minor Injury (B),0,1,4,Local,0.64,167,EASTERN ST,EASTERN ST,,HEMINGWAY ST,500,Feet,N,41.315921,-72.872878,14,Motor Vehicle in Operation,97,Other,1,On Roadway,1,Clear,88,Not Applicable,1,Daylight,1,Dry,0,None,88,Not Applicable,88,Not Applicable,0,None,88,Not Applicable,88,Not Applicable,1,Non-Junction,1,Not at Intersection,1,No,1,No,88,Not Applicable,88,Not Applicable,88,Not Applicable,88,Not Applicable,FALSE,1,Public Road,1,"Trafficway, On Road",CT0009300,New Haven PD,416,26:01.0,C,Closed,23:24.0,,,,,,,
889848,1,Complete,889848,889848,41.334942,-72.977165,3391945,New Haven,93,93,New Haven,11/10/2021,2021,11,November,10,4,Wednesday,16:00:00,16,21040709,A,2,,Motor Vehicle In Motion,"Injury of any type (Serious, Minor, Possible)",C,Possible Injury (C),0,0,3,State,1.31,63,63-N,63-N,WRIGHT ST,,,,,41.334942,-72.977165,14,Motor Vehicle in Operation,4,"Sideswipe, same direction",1,On Roadway,1,Clear,88,Not Applicable,5,Dark-Not Lighted,1,Dry,0,None,88,Not Applicable,88,Not Applicable,3,Backup Due to Regular Congestion,88,Not Applicable,88,Not Applicable,2,Intersection,4,Y-Intersection,1,No,1,No,88,Not Applicable,88,Not Applicable,88,Not Applicable,88,Not Applicable,TRUE,1,Public Road,1,"Trafficway, On Road",CT0009300,New Haven PD,402,24:26.0,C,Closed,23:22.0,,3,17100,3,PRINCIPAL ARTERIAL - OTHER - NEW HPMS,2,Urban
889851,1,Complete,889851,889851,41.2923254,-72.921247,3391948,New Haven,93,93,New Haven,11/11/2021,2021,11,November,11,5,Thursday,12:07:00,12,21040735,A,2,,Motor Vehicle In Motion,"Injury of any type (Serious, Minor, Possible)",B,Suspected Minor Injury (B),0,0,4,Local,0.63,359,SARGENT DR,SARGENT DR,CHURCH ST SOUTH NO 2,,,,,41.2923254,-72.921247,14,Motor Vehicle in Operation,1,Front to rear,1,On Roadway,1,Clear,88,Not Applicable,1,Daylight,1,Dry,0,None,88,Not Applicable,88,Not Applicable,0,None,88,Not Applicable,88,Not Applicable,2,Intersection,3,T-Intersection,1,No,1,No,88,Not Applicable,88,Not Applicable,88,Not Applicable,88,Not Applicable,FALSE,1,Public Road,1,"Trafficway, On Road",CT0009300,New Haven PD,42046,25:12.0,C,Closed,23:35.0,,,,,,,
889852,1,Complete,889852,889852,41.289487,-72.892394,3391949,New Haven,93,93,New Haven,11/10/2021,2021,11,November,10,4,Wednesday,17:24:00,17,21040741,A,2,,Motor Vehicle In Motion,"Injury of any type (Serious, Minor, Possible)",C,Possible Injury (C),0,0,4,Local,0.22,597,TOWNSEND AV,TOWNSEND AV,ASHLAND ST,,,,,41.289487,-72.892394,14,Motor Vehicle in Operation,1,Front to rear,1,On Roadway,1,Clear,88,Not Applicable,4,Dark-Lighted,1,Dry,0,None,88,Not Applicable,88,Not Applicable,0,None,88,Not Applicable,88,Not Applicable,3,Intersection-Related,2,Four-Way Intersection,1,No,1,No,88,Not Applicable,88,Not Applicable,88,Not Applicable,88,Not Applicable,FALSE,1,Public Road,1,"Trafficway, On Road",CT0009300,New Haven PD,279,12:03.0,C,Closed,23:37.0,,,,,,,
889856,1,Complete,889856,889856,41.319451,-72.940683,3391953,New Haven,93,93,New Haven,11/10/2021,2021,11,November,10,4,Wednesday,22:45:00,22,21040788,A,1,,Pedestrian,"Injury of any type (Serious, Minor, Possible)",C,Possible Injury (C),1,0,4,Local,0.98,556,SHERMAN AV,SHERMAN AV,,GOFFE ST,150,Feet,S,41.319451,-72.940683,9,Pedestrian,88,Not Applicable,1,On Roadway,2,Cloudy,88,Not Applicable,4,Dark-Lighted,1,Dry,0,None,88,Not Applicable,88,Not Applicable,0,None,88,Not Applicable,88,Not Applicable,1,Non-Junction,1,Not at Intersection,1,No,1,No,88,Not Applicable,88,Not Applicable,88,Not Applicable,88,Not Applicable,FALSE,1,Public Road,1,"Trafficway, On Road",CT0009300,New Haven PD,40956,11:58.0,C,Closed,23:29.0,,4,10900,4,MINOR ARTERIAL - NEW HPMS,2,Urban
889863,1,Complete,889863,889863,41.310803,-72.930233,3391960,New Haven,93,93,New Haven,11/11/2021,2021,11,November,11,5,Thursday,11:39:00,11,21040852,A,2,,Motor Vehicle In Motion,"Injury of any type (Serious, Minor, Possible)",C,Possible Injury (C),0,0,4,Local,0.18,726,ELM ST NO 2,ELM ST NO 2,,YORK ST,50,Feet,W,41.310803,-72.930233,14,Motor Vehicle in Operation,1,Front to rear,1,On Roadway,1,Clear,88,Not Applicable,1,Daylight,1,Dry,0,None,88,Not Applicable,88,Not Applicable,0,None,88,Not Applicable,88,Not Applicable,1,Non-Junction,1,Not at Intersection,1,No,1,No,88,Not Applicable,88,Not Applicable,88,Not Applicable,88,Not Applicable,FALSE,1,Public Road,1,"Trafficway, On Road",CT0009300,New Haven PD,166,31:54.0,C,Closed,23:33.0,,,,,,,
889864,1,Complete,889864,889864,41.311567,-72.916019,3391961,New Haven,93,93,New Haven,11/11/2021,2021,11,November,11,5,Thursday,12:07:00,12,21040858,A,3,,Motor Vehicle In Motion,"Injury of any type (Serious, Minor, Possible)",B,Suspected Minor Injury (B),0,2,4,Local,0.75,575,STATE ST,STATE ST,BRADLEY ST NO 1,,,,,41.311567,-72.916019,14,Motor Vehicle in Operation,3,Angle,1,On Roadway,1,Clear,88,Not Applicable,1,Daylight,1,Dry,0,None,88,Not Applicable,88,Not Applicable,0,None,88,Not Applicable,88,Not Applicable,2,Intersection,3,T-Intersection,1,No,1,No,88,Not Applicable,88,Not Applicable,88,Not Applicable,88,Not Applicable,FALSE,1,Public Road,1,"Trafficway, On Road",CT0009300,New Haven PD,182,36:36.0,O,Open,23:42.0,,,,,,,
889867,1,Complete,889867,889867,41.330979,-72.945534,3391964,New Haven,93,93,New Haven,11/11/2021,2021,11,November,11,5,Thursday,16:30:00,16,21040900,A,2,,Motor Vehicle In Motion,"Injury of any type (Serious, Minor, Possible)",C,Possible Injury (C),0,0,4,Local,0.83,133,CRESCENT ST,CRESCENT ST,,ROGER WHITE DR,280,Feet,W,41.330979,-72.945534,14,Motor Vehicle in Operation,4,"Sideswipe, same direction",1,On Roadway,1,Clear,88,Not Applicable,3,Dusk,1,Dry,0,None,88,Not Applicable,88,Not Applicable,3,Backup Due to Regular Congestion,88,Not Applicable,88,Not Applicable,1,Non-Junction,1,Not at Intersection,1,No,1,No,88,Not Applicable,88,Not Applicable,88,Not Applicable,88,Not Applicable,TRUE,1,Public Road,1,"Trafficway, On Road",CT0009300,New Haven PD,402,52:40.0,C,Closed,23:34.0,,,,,,,
889869,1,Complete,889869,889869,41.308927,-72.909784,3391966,New Haven,93,93,New Haven,11/11/2021,2021,11,November,11,5,Thursday,18:45:00,18,21040919,A,2,,Motor Vehicle In Motion,"Injury of any type (Serious, Minor, Possible)",C,Possible Injury (C),0,1,4,Local,0.49,165,EAST ST,EAST ST,GRAND AV,,,,,41.308927,-72.909784,14,Motor Vehicle in Operation,2,Front to front,1,On Roadway,1,Clear,88,Not Applicable,4,Dark-Lighted,1,Dry,0,None,88,Not Applicable,88,Not Applicable,0,None,88,Not Applicable,88,Not Applicable,2,Intersection,2,Four-Way Intersection,1,No,1,No,88,Not Applicable,88,Not Applicable,88,Not Applicable,88,Not Applicable,FALSE,1,Public Road,1,"Trafficway, On Road",CT0009300,New Haven PD,754,34:34.0,C,Closed,23:48.0,,,,,,,
889870,1,Complete,889870,889870,41.30877,-72.899306,3391967,New Haven,93,93,New Haven,11/11/2021,2021,11,November,11,5,Thursday,19:32:00,19,21040923,A,2,,Motor Vehicle In Motion,"Injury of any type (Serious, Minor, Possible)",C,Possible Injury (C),0,0,4,Local,0.71,264,GRAND AV,GRAND AV,BLATCHLEY AV,,,,,41.30877,-72.899306,14,Motor Vehicle in Operation,3,Angle,1,On Roadway,1,Clear,88,Not Applicable,4,Dark-Lighted,1,Dry,0,None,88,Not Applicable,88,Not Applicable,0,None,88,Not Applicable,88,Not Applicable,2,Intersection,2,Four-Way Intersection,1,No,1,No,88,Not Applicable,88,Not Applicable,88,Not Applicable,88,Not Applicable,FALSE,1,Public Road,1,"Trafficway, On Road",CT0009300,New Haven PD,40786,08:25.0,C,Closed,23:37.0,,,,,,,
889871,1,Complete,889871,889871,41.320445,-72.905838,3391968,New Haven,93,93,New Haven,11/11/2021,2021,11,November,11,5,Thursday,20:13:00,20,21040928,A,2,,Motor Vehicle In Motion,"Injury of any type (Serious, Minor, Possible)",B,Suspected Minor Injury (B),0,0,4,Local,0.04,418,MITCHELL DR,MITCHELL DR,,WILLOW ST,225,Feet,N,41.320445,-72.905838,14,Motor Vehicle in Operation,2,Front to front,1,On Roadway,1,Clear,88,Not Applicable,4,Dark-Lighted,1,Dry,0,None,88,Not Applicable,88,Not Applicable,0,None,88,Not Applicable,88,Not Applicable,1,Non-Junction,1,Not at Intersection,1,No,1,No,88,Not Applicable,88,Not Applicable,88,Not Applicable,88,Not Applicable,FALSE,1,Public Road,1,"Trafficway, On Road",CT0009300,New Haven PD,42046,23:19.0,C,Closed,23:54.0,,,,,,,
889873,1,Complete,889873,889873,41.297419,-72.948933,3391970,New Haven,93,93,New Haven,11/11/2021,2021,11,November,11,5,Thursday,23:39:00,23,21040954,A,2,,Motor Vehicle In Motion,"Injury of any type (Serious, Minor, Possible)",B,Suspected Minor Injury (B),0,1,3,State,1.47,10,10-N,10-N,1-N,,,,,41.297419,-72.948933,14,Motor Vehicle in Operation,3,Angle,1,On Roadway,1,Clear,88,Not Applicable,4,Dark-Lighted,1,Dry,0,None,88,Not Applicable,88,Not Applicable,0,None,88,Not Applicable,88,Not Applicable,2,Intersection,2,Four-Way Intersection,1,No,1,No,88,Not Applicable,88,Not Applicable,88,Not Applicable,88,Not Applicable,FALSE,1,Public Road,1,"Trafficway, On Road",CT0009300,New Haven PD,40819,55:29.0,O,Open,23:40.0,,4,20700,3,PRINCIPAL ARTERIAL - OTHER - NEW HPMS,2,Urban
889875,1,Complete,889875,889875,41.290855,-72.941478,3391972,New Haven,93,93,New Haven,11/12/2021,2021,11,November,12,6,Friday,7:38:00,7,21040971,A,3,,Motor Vehicle In Motion,"Injury of any type (Serious, Minor, Possible)",C,Possible Injury (C),0,0,3,State,0.88,10,10-N,10-N,WASHINGTON AV NO 1,,,,,41.290855,-72.941478,14,Motor Vehicle in Operation,1,Front to rear,1,On Roadway,1,Clear,88,Not Applicable,1,Daylight,1,Dry,0,None,88,Not Applicable,88,Not Applicable,0,None,88,Not Applicable,88,Not Applicable,2,Intersection,2,Four-Way Intersection,1,No,1,No,88,Not Applicable,88,Not Applicable,88,Not Applicable,88,Not Applicable,TRUE,1,Public Road,1,"Trafficway, On Road",CT0009300,New Haven PD,26,16:21.0,C,Closed,23:45.0,,4,20200,3,PRINCIPAL ARTERIAL - OTHER - NEW HPMS,2,Urban
889878,1,Complete,889878,889878,41.30763,-72.92277,3391975,New Haven,93,93,New Haven,11/12/2021,2021,11,November,12,6,Friday,7:44:00,7,21040979,A,2,,Motor Vehicle In Motion,"Injury of any type (Serious, Minor, Possible)",C,Possible Injury (C),0,0,4,Local,0.64,726,ELM ST NO 2,ELM ST NO 2,ORANGE ST NO 1,,,,,41.30763,-72.92277,14,Motor Vehicle in Operation,1,Front to rear,1,On Roadway,2,Cloudy,88,Not Applicable,1,Daylight,1,Dry,0,None,88,Not Applicable,88,Not Applicable,0,None,88,Not Applicable,88,Not Applicable,1,Non-Junction,1,Not at Intersection,1,No,1,No,88,Not Applicable,88,Not Applicable,88,Not Applicable,88,Not Applicable,TRUE,1,Public Road,1,"Trafficway, On Road",CT0009300,New Haven PD,166,14:14.0,C,Closed,23:42.0,,3,18200,3,PRINCIPAL ARTERIAL - OTHER - NEW HPMS,2,Urban
889882,1,Complete,889882,889882,41.327547,-72.937106,3391979,New Haven,93,93,New Haven,11/12/2021,2021,11,November,12,6,Friday,13:28:00,13,21041008,A,2,,Motor Vehicle In Motion,"Injury of any type (Serious, Minor, Possible)",C,Possible Injury (C),0,0,4,Local,0.58,557,SHERMAN PKWY,SHERMAN PKWY,HARDING PL,,,,,41.327547,-72.937106,14,Motor Vehicle in Operation,3,Angle,1,On Roadway,4,Rain,88,Not Applicable,1,Daylight,2,Wet,0,None,88,Not Applicable,88,Not Applicable,0,None,88,Not Applicable,88,Not Applicable,2,Intersection,3,T-Intersection,1,No,1,No,88,Not Applicable,88,Not Applicable,88,Not Applicable,88,Not Applicable,FALSE,1,Public Road,1,"Trafficway, On Road",CT0009300,New Haven PD,40790,00:54.0,C,Closed,23:47.0,,,,,,,
889885,1,Complete,889885,889885,41.319348,-72.918986,3391982,New Haven,93,93,New Haven,11/12/2021,2021,11,November,12,6,Friday,15:14:00,15,21041023,A,3,,Motor Vehicle In Motion,"Injury of any type (Serious, Minor, Possible)",C,Possible Injury (C),0,0,4,Local,0.64,656,WHITNEY AV,WHITNEY AV,,EDWARDS ST,75,Feet,S,41.319348,-72.918986,14,Motor Vehicle in Operation,1,Front to rear,1,On Roadway,2,Cloudy,88,Not Applicable,2,Dawn,2,Wet,0,None,88,Not Applicable,88,Not Applicable,0,None,88,Not Applicable,88,Not Applicable,3,Intersection-Related,2,Four-Way Intersection,1,No,1,No,88,Not Applicable,88,Not Applicable,88,Not Applicable,88,Not Applicable,FALSE,1,Public Road,1,"Trafficway, On Road",CT0009300,New Haven PD,42048,00:02.0,C,Closed,24:08.0,,,,,,,
889887,1,Complete,889887,889887,41.309395,-72.890815,3391984,New Haven,93,93,New Haven,11/12/2021,2021,11,November,12,6,Friday,17:14:00,17,21041032,A,2,,Motor Vehicle In Motion,"Injury of any type (Serious, Minor, Possible)",C,Possible Injury (C),0,0,4,Local,0.25,264,GRAND AV,GRAND AV,CLINTON AV,,,,,41.309395,-72.890815,14,Motor Vehicle in Operation,1,Front to rear,1,On Roadway,1,Clear,88,Not Applicable,4,Dark-Lighted,1,Dry,0,None,88,Not Applicable,88,Not Applicable,0,None,88,Not Applicable,88,Not Applicable,2,Intersection,3,T-Intersection,1,No,1,No,88,Not Applicable,88,Not Applicable,88,Not Applicable,88,Not Applicable,FALSE,1,Public Road,1,"Trafficway, On Road",CT0009300,New Haven PD,193,46:03.0,O,Open,24:01.0,,,,,,,
889891,1,Complete,889891,889891,41.315803,-72.872912,3391988,New Haven,93,93,New Haven,11/12/2021,2021,11,November,12,6,Friday,18:59:00,18,21041045,A,2,,Motor Vehicle In Motion,"Injury of any type (Serious, Minor, Possible)",B,Suspected Minor Injury (B),0,0,4,Local,0.64,167,EASTERN ST,EASTERN ST,,BELLA VISTA DR,30,Feet,S,41.315803,-72.872912,14,Motor Vehicle in Operation,1,Front to rear,1,On Roadway,4,Rain,88,Not Applicable,1,Daylight,2,Wet,99,Unknown,88,Not Applicable,88,Not Applicable,0,None,88,Not Applicable,88,Not Applicable,2,Intersection,3,T-Intersection,1,No,1,No,88,Not Applicable,88,Not Applicable,88,Not Applicable,88,Not Applicable,FALSE,1,Public Road,1,"Trafficway, On Road",CT0009300,New Haven PD,42049,37:42.0,C,Closed,23:55.0,,,,,,,
889897,1,Complete,889897,889897,41.314591,-72.893483,3391994,New Haven,93,93,New Haven,11/13/2021,2021,11,November,13,7,Saturday,0:28:00,0,21041074,A,4,,Motor Vehicle In Motion,"Injury of any type (Serious, Minor, Possible)",A,Suspected Serious Injury (A),0,0,4,Local,0.34,99,CHATHAM ST,CHATHAM ST,ATWATER ST,,,,,41.314591,-72.893483,14,Motor Vehicle in Operation,1,Front to rear,1,On Roadway,1,Clear,88,Not Applicable,4,Dark-Lighted,1,Dry,0,None,88,Not Applicable,88,Not Applicable,0,None,88,Not Applicable,88,Not Applicable,2,Intersection,2,Four-Way Intersection,1,No,1,No,88,Not Applicable,88,Not Applicable,88,Not Applicable,88,Not Applicable,FALSE,1,Public Road,1,"Trafficway, On Road",CT0009300,New Haven PD,370,42:56.0,O,Open,24:59.0,,,,,,,
889898,1,Complete,889898,889898,41.305319,-72.927932,3391995,New Haven,93,93,New Haven,11/13/2021,2021,11,November,13,7,Saturday,1:57:00,1,21041079,A,2,,Motor Vehicle In Motion,"Injury of any type (Serious, Minor, Possible)",A,Suspected Serious Injury (A),2,0,4,Local,0.67,588,TEMPLE ST,TEMPLE ST,CROWN ST,,,,,41.305319,-72.927932,14,Motor Vehicle in Operation,4,"Sideswipe, same direction",1,On Roadway,1,Clear,88,Not Applicable,4,Dark-Lighted,1,Dry,0,None,88,Not Applicable,88,Not Applicable,0,None,88,Not Applicable,88,Not Applicable,3,Intersection-Related,2,Four-Way Intersection,1,No,1,No,88,Not Applicable,88,Not Applicable,88,Not Applicable,88,Not Applicable,TRUE,1,Public Road,1,"Trafficway, On Road",CT0009300,New Haven PD,97,35:11.0,O,Open,24:06.0,,,,,,,
889924,1,Complete,889924,889924,41.304206,-72.925431,3392021,New Haven,93,93,New Haven,11/13/2021,2021,11,November,13,7,Saturday,15:26:00,15,21041110,A,2,,Motor Vehicle In Motion,"Injury of any type (Serious, Minor, Possible)",C,Possible Injury (C),0,0,4,Local,0.12,136,CROWN ST,CROWN ST,,ORANGE ST,30,Feet,W,41.304206,-72.925431,14,Motor Vehicle in Operation,4,"Sideswipe, same direction",1,On Roadway,4,Rain,88,Not Applicable,1,Daylight,2,Wet,99,Unknown,88,Not Applicable,88,Not Applicable,0,None,88,Not Applicable,88,Not Applicable,1,Non-Junction,1,Not at Intersection,1,No,1,No,88,Not Applicable,88,Not Applicable,88,Not Applicable,88,Not Applicable,FALSE,1,Public Road,1,"Trafficway, On Road",CT0009300,New Haven PD,221,46:28.0,C,Closed,24:00.0,,,,,,,
889925,1,Complete,889925,889925,41.308464,-72.912653,3392022,New Haven,93,93,New Haven,11/13/2021,2021,11,November,13,7,Saturday,15:52:00,15,21041113,A,2,,Motor Vehicle In Motion,"Injury of any type (Serious, Minor, Possible)",C,Possible Injury (C),0,0,4,Local,1.38,264,GRAND AV,GRAND AV,HAMILTON ST NO 2,,,,,41.308464,-72.912653,14,Motor Vehicle in Operation,1,Front to rear,1,On Roadway,4,Rain,88,Not Applicable,1,Daylight,2,Wet,0,None,88,Not Applicable,88,Not Applicable,0,None,88,Not Applicable,88,Not Applicable,2,Intersection,2,Four-Way Intersection,1,No,1,No,88,Not Applicable,88,Not Applicable,88,Not Applicable,88,Not Applicable,TRUE,1,Public Road,1,"Trafficway, On Road",CT0009300,New Haven PD,150,08:00.0,C,Closed,24:01.0,,,,,,,
889929,1,Complete,889929,889929,41.304279,-72.89567,3392026,New Haven,93,93,New Haven,11/13/2021,2021,11,November,13,7,Saturday,19:28:00,19,21041149,A,3,,Motor Vehicle In Motion,"Injury of any type (Serious, Minor, Possible)",C,Possible Injury (C),0,0,4,Local,0.17,97,CHAPEL ST,CHAPEL ST,,POPLAR ST,100,Feet,E,41.304279,-72.89567,14,Motor Vehicle in Operation,5,"Sideswipe, opposite direction",1,On Roadway,1,Clear,88,Not Applicable,4,Dark-Lighted,1,Dry,0,None,88,Not Applicable,88,Not Applicable,0,None,88,Not Applicable,88,Not Applicable,1,Non-Junction,1,Not at Intersection,1,No,1,No,88,Not Applicable,88,Not Applicable,88,Not Applicable,88,Not Applicable,FALSE,1,Public Road,1,"Trafficway, On Road",CT0009300,New Haven PD,40788,42:58.0,O,Open,24:03.0,,,,,,,
889934,1,Complete,889934,889934,41.28247,-72.937953,3392031,New Haven,93,93,New Haven,11/14/2021,2021,11,November,14,1,Sunday,5:40:00,5,21041173,A,2,,Motor Vehicle In Motion,"Injury of any type (Serious, Minor, Possible)",B,Suspected Minor Injury (B),0,0,3,State,0,10,10-N,10-N,745-E,,,,,41.28247,-72.937953,14,Motor Vehicle in Operation,3,Angle,1,On Roadway,1,Clear,88,Not Applicable,5,Dark-Not Lighted,1,Dry,0,None,88,Not Applicable,88,Not Applicable,0,None,88,Not Applicable,88,Not Applicable,2,Intersection,3,T-Intersection,1,No,1,No,88,Not Applicable,88,Not Applicable,88,Not Applicable,88,Not Applicable,FALSE,1,Public Road,1,"Trafficway, On Road",CT0009300,New Haven PD,42043,01:33.0,C,Closed,24:36.0,,2,1171,7,LOCAL - NEW HPMS,2,Urban