CrashId,Fatal Case Status,Fatal Case Status Text Format,CrashId,CrashId,Latitude,Longitude,DOT Case Number,Town Name,Town Number,Town Number,Town Number Text Format,Date Of Crash,Year,Month,Month Text Format,Day,Day of the Week,Day of the Week Text Format,Time of Crash,Hour of the Day,Case Identifier,Crash Severity,Number Of Motor Vehicles,Motor vehicle action,Most harmful event,Crash Severity Text Format,Most Severe Injury,Most Severe Injury Text Format,Number Of Non-Motorist,Number Of Witnesses,Route Class,Route Class Text Format,Milemarker,Road Number,Road Description,Roadway Name,Intersecting Roadway Name,Landmark Description,Distance From Nearest Landmark,Unit Of Measure From Nearest Landmark,Direction From Nearest Landmark,Latitude,Longitude,First Harmful Event,First Harmful Event Text Format,Manner of Crash / Collision Impact,Manner of Crash / Collision Impact Text Format,Location of First Harmful Event,Location of First Harmful Event Text Format,Weather Condition,Weather Condition Text Format,Weather 2,Weather 2 Text Format,Light Condition,Light Condition Text Format,Road Surface Condition,Road Surface Condition Text Format,"Contributing Circumstances, Environment","Contributing Circumstances, Environment Text Format",Environment 2,Environment 2 Text Format,Environment 3,Environment 3 Text Format,"Contributing Circumstances, Road","Contributing Circumstances, Road Text Format",Road 2,Road 2 Text Format,Road 3,Road 3 Text Format,Crash Specific Location,Crash Specific Location Text Format,Type of Intersection,Type of Intersection Text Format,School Bus Related,School Bus Related Text Format,Work Zone Related,Work Zone Related Text Format,Location Of Crash Relative To Work Zone,Location Of Crash Relative To Work Zone Text Format,Type of Work Zone,Type of Work Zone Text Format,Worker Presence,Worker Presence Text Format,Law Enforcement Presence,Law Enforcement Presence Text Format,Were Vehicles Moved Prior To Police Arrival,Trafficway Ownership,Trafficway Ownership Text Format,Trafficway Class,Trafficway Class Text Format,Police Agency,Police Agency Text Format,Badge Number,Approval Date,Police Case Status,Police Case Status Text Format,Crash Report Submission Date,Related Case Identifiers,No. of Through Lanes (Log Dir.),Average Daily Traffic,Functional Classification,Functional Classification Text Format,Rural or Urban,Rural or Urban Text Format
889935,1,Complete,889935,889935,41.30299,-72.90023,3392032,New Haven,93,93,New Haven,11/14/2021,2021,11,November,14,1,Sunday,2:39:00,2,21041176,A,1,,Concrete Traffic Barrier,"Injury of any type (Serious, Minor, Possible)",B,Suspected Minor Injury (B),0,0,4,Local,0.32,514,RIVER ST,RIVER ST,LLOYD ST,,,,,41.30299,-72.90023,30,Concrete Traffic Barrier,88,Not Applicable,1,On Roadway,4,Rain,88,Not Applicable,4,Dark-Lighted,2,Wet,0,None,88,Not Applicable,88,Not Applicable,0,None,88,Not Applicable,88,Not Applicable,2,Intersection,3,T-Intersection,1,No,1,No,88,Not Applicable,88,Not Applicable,88,Not Applicable,88,Not Applicable,FALSE,1,Public Road,1,"Trafficway, On Road",CT0009300,New Haven PD,370,22:25.0,C,Closed,25:50.0,,2,900,5,MAJOR COLLECTOR - NEW HPMS,2,Urban
889940,1,Complete,889940,889940,41.328967,-72.93244,3392037,New Haven,93,93,New Haven,11/14/2021,2021,11,November,14,1,Sunday,15:30:00,15,21041213,A,2,,Motor Vehicle In Motion,"Injury of any type (Serious, Minor, Possible)",B,Suspected Minor Injury (B),0,0,4,Local,0.47,552,SHELTON AV,SHELTON AV,HAZEL ST,,,,,41.328967,-72.93244,14,Motor Vehicle in Operation,3,Angle,1,On Roadway,1,Clear,88,Not Applicable,1,Daylight,1,Dry,0,None,88,Not Applicable,88,Not Applicable,0,None,88,Not Applicable,88,Not Applicable,2,Intersection,2,Four-Way Intersection,1,No,1,No,88,Not Applicable,88,Not Applicable,88,Not Applicable,88,Not Applicable,TRUE,1,Public Road,1,"Trafficway, On Road",CT0009300,New Haven PD,40790,07:19.0,C,Closed,24:07.0,,,,,,,
889942,1,Complete,889942,889942,41.288154,-72.889025,3392039,New Haven,93,93,New Haven,11/14/2021,2021,11,November,14,1,Sunday,17:43:00,17,21041225,A,2,,Motor Vehicle In Motion,"Injury of any type (Serious, Minor, Possible)",C,Possible Injury (C),0,0,4,Local,0.05,702,OAKLEY ST NO 2,OAKLEY ST NO 2,,,,,,41.288154,-72.889025,14,Motor Vehicle in Operation,1,Front to rear,1,On Roadway,1,Clear,88,Not Applicable,6,Dark-Unknown Lighting,1,Dry,0,None,88,Not Applicable,88,Not Applicable,0,None,88,Not Applicable,88,Not Applicable,3,Intersection-Related,3,T-Intersection,1,No,1,No,88,Not Applicable,88,Not Applicable,88,Not Applicable,88,Not Applicable,FALSE,1,Public Road,1,"Trafficway, On Road",CT0009300,New Haven PD,42369,00:27.0,C,Closed,24:09.0,,,,,,,
889944,1,Complete,889944,889944,41.3166265,-72.9423915,3392041,New Haven,93,93,New Haven,11/15/2021,2021,11,November,15,2,Monday,0:48:00,0,21041252,A,2,,Motor Vehicle In Motion,"Injury of any type (Serious, Minor, Possible)",C,Possible Injury (C),0,0,4,Local,0.38,653,WHALLEY AV,WHALLEY AV,SHERMAN AV,,,,,41.3166265,-72.9423915,14,Motor Vehicle in Operation,3,Angle,1,On Roadway,2,Cloudy,88,Not Applicable,4,Dark-Lighted,2,Wet,0,None,88,Not Applicable,88,Not Applicable,0,None,88,Not Applicable,88,Not Applicable,2,Intersection,2,Four-Way Intersection,1,No,1,No,88,Not Applicable,88,Not Applicable,88,Not Applicable,88,Not Applicable,FALSE,1,Public Road,1,"Trafficway, On Road",CT0009300,New Haven PD,40812,35:19.0,C,Closed,24:11.0,,,,,,,
889946,1,Complete,889946,889946,41.326572,-72.959548,3392043,New Haven,93,93,New Haven,11/15/2021,2021,11,November,15,2,Monday,8:11:00,8,21041261,A,2,,Motor Vehicle In Motion,"Injury of any type (Serious, Minor, Possible)",C,Possible Injury (C),0,0,3,State,0.19,63,63-N,63-N,CENTRAL AV,,,,,41.326572,-72.959548,14,Motor Vehicle in Operation,1,Front to rear,1,On Roadway,1,Clear,88,Not Applicable,1,Daylight,1,Dry,0,None,88,Not Applicable,88,Not Applicable,0,None,88,Not Applicable,88,Not Applicable,2,Intersection,3,T-Intersection,1,No,1,No,88,Not Applicable,88,Not Applicable,88,Not Applicable,88,Not Applicable,FALSE,1,Public Road,1,"Trafficway, On Road",CT0009300,New Haven PD,991,51:01.0,C,Closed,24:15.0,,3,15400,3,PRINCIPAL ARTERIAL - OTHER - NEW HPMS,2,Urban
889949,1,Complete,889949,889949,41.30677,-72.902931,3392046,New Haven,93,93,New Haven,11/15/2021,2021,11,November,15,2,Monday,8:50:00,8,21041286,A,3,,Motor Vehicle In Motion,"Injury of any type (Serious, Minor, Possible)",C,Possible Injury (C),0,0,4,Local,0.66,327,JAMES ST,JAMES ST,EXCHANGE ST,,,,,41.30677,-72.902931,14,Motor Vehicle in Operation,3,Angle,1,On Roadway,1,Clear,88,Not Applicable,1,Daylight,1,Dry,99,Unknown,88,Not Applicable,88,Not Applicable,0,None,88,Not Applicable,88,Not Applicable,2,Intersection,2,Four-Way Intersection,1,No,1,No,88,Not Applicable,88,Not Applicable,88,Not Applicable,88,Not Applicable,TRUE,1,Public Road,1,"Trafficway, On Road",CT0009300,New Haven PD,980,56:26.0,C,Closed,24:15.0,,,,,,,
889954,1,Complete,889954,889954,41.307115,-72.9400501,3392051,New Haven,93,93,New Haven,11/15/2021,2021,11,November,15,2,Monday,16:52:00,16,21041359,A,2,,Motor Vehicle In Motion,"Injury of any type (Serious, Minor, Possible)",C,Possible Injury (C),0,0,4,Local,0.9,809,REV DR MLK JR BLVD,REV DR MLK JR BLVD,,DWIGHT ST,250,Feet,W,41.307115,-72.9400501,14,Motor Vehicle in Operation,1,Front to rear,1,On Roadway,1,Clear,88,Not Applicable,1,Daylight,1,Dry,0,None,88,Not Applicable,88,Not Applicable,0,None,88,Not Applicable,88,Not Applicable,1,Non-Junction,1,Not at Intersection,1,No,1,No,88,Not Applicable,88,Not Applicable,88,Not Applicable,88,Not Applicable,FALSE,1,Public Road,1,"Trafficway, On Road",CT0009300,New Haven PD,39,36:59.0,C,Closed,24:18.0,,,,,,,
889960,1,Complete,889960,889960,41.31647,-72.926672,3392057,New Haven,93,93,New Haven,11/16/2021,2021,11,November,16,3,Tuesday,0:48:00,0,21041415,A,2,,Motor Vehicle In Motion,"Injury of any type (Serious, Minor, Possible)",B,Suspected Minor Injury (B),0,0,4,Local,0.03,669,WINCHESTER AV,WINCHESTER AV,,SACHEM ST,100,Feet,N,41.31647,-72.926672,14,Motor Vehicle in Operation,4,"Sideswipe, same direction",1,On Roadway,1,Clear,1,Clear,4,Dark-Lighted,1,Dry,0,None,88,Not Applicable,88,Not Applicable,0,None,88,Not Applicable,88,Not Applicable,1,Non-Junction,1,Not at Intersection,1,No,1,No,88,Not Applicable,88,Not Applicable,88,Not Applicable,88,Not Applicable,FALSE,1,Public Road,1,"Trafficway, On Road",CT0009300,New Haven PD,41103,14:21.0,C,Closed,24:22.0,,,,,,,
889961,1,Complete,889961,889961,41.3274733,-72.9533494,3392058,New Haven,93,93,New Haven,11/15/2021,2021,11,November,15,2,Monday,23:46:00,23,21041416,A,2,,Motor Vehicle In Motion,"Injury of any type (Serious, Minor, Possible)",C,Possible Injury (C),0,0,3,State,3.86,10,10-N,10-N,BLAKE ST,,,,,41.3274733,-72.9533494,14,Motor Vehicle in Operation,1,Front to rear,1,On Roadway,1,Clear,88,Not Applicable,4,Dark-Lighted,1,Dry,0,None,88,Not Applicable,88,Not Applicable,0,None,88,Not Applicable,88,Not Applicable,2,Intersection,2,Four-Way Intersection,1,No,1,No,88,Not Applicable,88,Not Applicable,88,Not Applicable,88,Not Applicable,TRUE,1,Public Road,1,"Trafficway, On Road",CT0009300,New Haven PD,42045,02:00.0,C,Closed,24:20.0,,2,13100,4,MINOR ARTERIAL - NEW HPMS,2,Urban
889964,1,Complete,889964,889964,41.313586,-72.921626,3392061,New Haven,93,93,New Haven,11/16/2021,2021,11,November,16,3,Tuesday,0:54:00,0,21041423,A,1,,Other Traffic Barrier,"Injury of any type (Serious, Minor, Possible)",B,Suspected Minor Injury (B),0,0,4,Local,0.22,656,WHITNEY AV,WHITNEY AV,,TRUMBULL ST,185,Feet,N,41.313586,-72.921626,31,Other Traffic Barrier,88,Not Applicable,1,On Roadway,1,Clear,88,Not Applicable,4,Dark-Lighted,1,Dry,0,None,88,Not Applicable,88,Not Applicable,0,None,88,Not Applicable,88,Not Applicable,1,Non-Junction,1,Not at Intersection,1,No,1,No,88,Not Applicable,88,Not Applicable,88,Not Applicable,88,Not Applicable,FALSE,1,Public Road,1,"Trafficway, On Road",CT0009300,New Haven PD,41103,57:26.0,C,Closed,24:23.0,21041415,2,12100,3,PRINCIPAL ARTERIAL - OTHER - NEW HPMS,2,Urban
889965,1,Complete,889965,889965,41.31664,-72.94238,3392062,New Haven,93,93,New Haven,11/16/2021,2021,11,November,16,3,Tuesday,7:34:00,7,21041427,A,2,,Motor Vehicle In Motion,"Injury of any type (Serious, Minor, Possible)",C,Possible Injury (C),0,0,4,Local,0.77,556,SHERMAN AV,SHERMAN AV,,WHALLEY AVE,100,Feet,S,41.31664,-72.94238,14,Motor Vehicle in Operation,3,Angle,1,On Roadway,1,Clear,88,Not Applicable,1,Daylight,1,Dry,0,None,88,Not Applicable,88,Not Applicable,13,Non-Highway Work,88,Not Applicable,88,Not Applicable,8,Driveway Access,1,Not at Intersection,1,No,1,No,88,Not Applicable,88,Not Applicable,88,Not Applicable,88,Not Applicable,FALSE,1,Public Road,1,"Trafficway, On Road",CT0009300,New Haven PD,238,14:17.0,C,Closed,24:23.0,,,,,,,
889968,1,Complete,889968,889968,41.306251,-72.935571,3392065,New Haven,93,93,New Haven,11/16/2021,2021,11,November,16,3,Tuesday,10:02:00,10,21041464,A,2,,Motor Vehicle In Motion,"Injury of any type (Serious, Minor, Possible)",A,Suspected Serious Injury (A),0,1,4,Local,0.34,463,PARK ST,PARK ST,GEORGE ST,,,,,41.306251,-72.935571,14,Motor Vehicle in Operation,3,Angle,1,On Roadway,1,Clear,88,Not Applicable,1,Daylight,1,Dry,0,None,88,Not Applicable,88,Not Applicable,0,None,88,Not Applicable,88,Not Applicable,2,Intersection,2,Four-Way Intersection,1,No,1,No,88,Not Applicable,88,Not Applicable,88,Not Applicable,88,Not Applicable,FALSE,1,Public Road,1,"Trafficway, On Road",CT0009300,New Haven PD,324,09:44.0,C,Closed,24:28.0,21041464,,,,,,
889970,1,Complete,889970,889970,41.312915,-72.932181,3392067,New Haven,93,93,New Haven,11/16/2021,2021,11,November,16,3,Tuesday,13:38:00,13,21041505,A,2,,Motor Vehicle In Motion,"Injury of any type (Serious, Minor, Possible)",C,Possible Injury (C),0,1,4,Local,0.21,596,TOWER PKWY,TOWER PKWY,Dixwell Ave,,,,,41.312915,-72.932181,14,Motor Vehicle in Operation,4,"Sideswipe, same direction",1,On Roadway,1,Clear,88,Not Applicable,1,Daylight,1,Dry,0,None,88,Not Applicable,88,Not Applicable,0,None,88,Not Applicable,88,Not Applicable,2,Intersection,2,Four-Way Intersection,1,No,1,No,88,Not Applicable,88,Not Applicable,88,Not Applicable,88,Not Applicable,FALSE,1,Public Road,1,"Trafficway, On Road",CT0009300,New Haven PD,359,04:11.0,C,Closed,24:30.0,,2,9600,3,PRINCIPAL ARTERIAL - OTHER - NEW HPMS,2,Urban
889974,1,Complete,889974,889974,41.31267,-72.9286,3392071,New Haven,93,93,New Haven,11/16/2021,2021,11,November,16,3,Tuesday,17:45:00,17,21041546,A,2,,Motor Vehicle In Motion,"Injury of any type (Serious, Minor, Possible)",C,Possible Injury (C),0,0,4,Local,0,596,TOWER PKWY,TOWER PKWY,,BROADWAY,20,Feet,W,41.31267,-72.9286,14,Motor Vehicle in Operation,1,Front to rear,1,On Roadway,1,Clear,88,Not Applicable,1,Daylight,1,Dry,0,None,88,Not Applicable,88,Not Applicable,0,None,88,Not Applicable,88,Not Applicable,1,Non-Junction,1,Not at Intersection,1,No,1,No,88,Not Applicable,88,Not Applicable,88,Not Applicable,88,Not Applicable,FALSE,1,Public Road,1,"Trafficway, On Road",CT0009300,New Haven PD,40808,44:10.0,C,Closed,24:35.0,,,,,,,
889977,1,Complete,889977,889977,41.313874,-72.905363,3392074,New Haven,93,93,New Haven,11/17/2021,2021,11,November,17,4,Wednesday,5:45:00,5,21041601,A,1,,Pedestrian,"Injury of any type (Serious, Minor, Possible)",B,Suspected Minor Injury (B),1,0,4,Local,0.85,316,HUMPHREY ST,HUMPHREY ST,,James St,350,Feet,W,41.313874,-72.905363,9,Pedestrian,88,Not Applicable,2,Shoulder,1,Clear,88,Not Applicable,5,Dark-Not Lighted,1,Dry,0,None,88,Not Applicable,88,Not Applicable,0,None,88,Not Applicable,88,Not Applicable,1,Non-Junction,1,Not at Intersection,1,No,1,No,88,Not Applicable,88,Not Applicable,88,Not Applicable,88,Not Applicable,FALSE,1,Public Road,1,"Trafficway, On Road",CT0009300,New Haven PD,971,59:13.0,C,Closed,24:27.0,21041601,4,5800,5,MAJOR COLLECTOR - NEW HPMS,2,Urban
889983,1,Complete,889983,889983,41.276103,-72.895981,3392080,New Haven,93,93,New Haven,11/17/2021,2021,11,November,17,4,Wednesday,12:36:00,12,21041629,A,1,,Ran Off Roadway Right,"Injury of any type (Serious, Minor, Possible)",C,Possible Injury (C),0,0,3,State,0.96,337,337-E,337-E,,RAYNHAM RD,50,Feet,S,41.276103,-72.895981,33,Utility Pole/Light Support,88,Not Applicable,1,On Roadway,1,Clear,88,Not Applicable,1,Daylight,1,Dry,0,None,0,None,88,Not Applicable,0,None,88,Not Applicable,88,Not Applicable,3,Intersection-Related,3,T-Intersection,1,No,1,No,88,Not Applicable,88,Not Applicable,88,Not Applicable,88,Not Applicable,FALSE,1,Public Road,1,"Trafficway, On Road",CT0009300,New Haven PD,351,18:31.0,C,Closed,24:37.0,,2,9100,4,MINOR ARTERIAL - NEW HPMS,2,Urban
889987,1,Complete,889987,889987,41.308889,-72.909842,3392084,New Haven,93,93,New Haven,11/17/2021,2021,11,November,17,4,Wednesday,15:11:00,15,21041643,A,1,,Other Non-Collision,"Injury of any type (Serious, Minor, Possible)",A,Suspected Serious Injury (A),0,2,4,Local,0.49,165,EAST ST,EAST ST,GRAND AV,,,,,41.308889,-72.909842,8,Other Non-Collision,88,Not Applicable,1,On Roadway,1,Clear,88,Not Applicable,1,Daylight,1,Dry,0,None,88,Not Applicable,88,Not Applicable,0,None,88,Not Applicable,88,Not Applicable,2,Intersection,2,Four-Way Intersection,1,No,1,No,88,Not Applicable,88,Not Applicable,88,Not Applicable,88,Not Applicable,FALSE,1,Public Road,1,"Trafficway, On Road",CT0009300,New Haven PD,150,12:20.0,C,Closed,24:32.0,,2,19000,4,MINOR ARTERIAL - NEW HPMS,2,Urban
889992,1,Complete,889992,889992,41.331736,-72.931481,3392089,New Haven,93,93,New Haven,11/18/2021,2021,11,November,18,5,Thursday,1:32:00,1,21041707,A,2,,Motor Vehicle In Motion,"Injury of any type (Serious, Minor, Possible)",C,Possible Injury (C),0,0,4,Local,0.67,552,SHELTON AV,SHELTON AV,BASSETT ST,,,,,41.331736,-72.931481,14,Motor Vehicle in Operation,3,Angle,1,On Roadway,1,Clear,88,Not Applicable,4,Dark-Lighted,1,Dry,0,None,88,Not Applicable,88,Not Applicable,0,None,88,Not Applicable,88,Not Applicable,2,Intersection,2,Four-Way Intersection,1,No,1,No,88,Not Applicable,88,Not Applicable,88,Not Applicable,88,Not Applicable,FALSE,1,Public Road,1,"Trafficway, On Road",CT0009300,New Haven PD,65,39:48.0,C,Closed,26:39.0,,,,,,,
889993,1,Complete,889993,889993,41.323904,-72.881253,3392090,New Haven,93,93,New Haven,11/18/2021,2021,11,November,18,5,Thursday,7:36:00,7,21041715,A,2,,Motor Vehicle In Motion,"Injury of any type (Serious, Minor, Possible)",C,Possible Injury (C),0,0,3,State,0.22,17,17-N,17-N,80-W,,,,,41.323904,-72.881253,14,Motor Vehicle in Operation,1,Front to rear,1,On Roadway,1,Clear,88,Not Applicable,1,Daylight,1,Dry,0,None,88,Not Applicable,88,Not Applicable,0,None,88,Not Applicable,88,Not Applicable,2,Intersection,2,Four-Way Intersection,1,No,1,No,88,Not Applicable,88,Not Applicable,88,Not Applicable,88,Not Applicable,TRUE,1,Public Road,1,"Trafficway, On Road",CT0009300,New Haven PD,416,59:33.0,C,Closed,24:41.0,,1,8500,1,INTERSTATE - NEW HPMS,2,Urban
890000,1,Complete,890000,890000,41.315465,-72.942913,3392097,New Haven,93,93,New Haven,11/18/2021,2021,11,November,18,5,Thursday,13:53:00,13,21041758,A,2,,Motor Vehicle In Motion,"Injury of any type (Serious, Minor, Possible)",C,Possible Injury (C),0,0,4,Local,0.67,556,SHERMAN AV,SHERMAN AV,ELM ST NO 1,,,,,41.315465,-72.942913,14,Motor Vehicle in Operation,3,Angle,1,On Roadway,1,Clear,88,Not Applicable,1,Daylight,1,Dry,0,None,88,Not Applicable,88,Not Applicable,0,None,88,Not Applicable,88,Not Applicable,2,Intersection,2,Four-Way Intersection,1,No,1,No,88,Not Applicable,88,Not Applicable,88,Not Applicable,88,Not Applicable,FALSE,1,Public Road,1,"Trafficway, On Road",CT0009300,New Haven PD,182,40:57.0,C,Closed,24:39.0,,,,,,,
890001,1,Complete,890001,890001,41.328708,-72.956815,3392098,New Haven,93,93,New Haven,11/18/2021,2021,11,November,18,5,Thursday,14:33:00,14,21041761,A,2,,Motor Vehicle In Motion,"Injury of any type (Serious, Minor, Possible)",C,Possible Injury (C),0,2,4,Local,0.78,56,BLAKE ST,BLAKE ST,,AUSTIN ST,100,Feet,W,41.328708,-72.956815,14,Motor Vehicle in Operation,3,Angle,1,On Roadway,1,Clear,88,Not Applicable,1,Daylight,1,Dry,0,None,88,Not Applicable,88,Not Applicable,0,None,88,Not Applicable,88,Not Applicable,9,Driveway Access-Related,1,Not at Intersection,1,No,1,No,88,Not Applicable,88,Not Applicable,88,Not Applicable,88,Not Applicable,TRUE,1,Public Road,1,"Trafficway, On Road",CT0009300,New Haven PD,281,10:56.0,C,Closed,25:22.0,,,,,,,
890002,1,Complete,890002,890002,41.307344,-72.896888,3392099,New Haven,93,93,New Haven,11/18/2021,2021,11,November,18,5,Thursday,16:14:00,16,21041771,A,2,,Motor Vehicle In Motion,"Injury of any type (Serious, Minor, Possible)",B,Suspected Minor Injury (B),0,0,4,Local,0.38,487,POPLAR ST,POPLAR ST,EXCHANGE ST,,,,,41.307344,-72.896888,14,Motor Vehicle in Operation,3,Angle,1,On Roadway,1,Clear,88,Not Applicable,99,Unknown,1,Dry,0,None,88,Not Applicable,88,Not Applicable,0,None,88,Not Applicable,88,Not Applicable,2,Intersection,2,Four-Way Intersection,1,No,1,No,88,Not Applicable,88,Not Applicable,88,Not Applicable,88,Not Applicable,FALSE,1,Public Road,1,"Trafficway, On Road",CT0009300,New Haven PD,42057,56:27.0,C,Closed,24:45.0,,,,,,,
890014,1,Complete,890014,890014,41.32612,-72.915799,3392111,New Haven,93,93,New Haven,11/19/2021,2021,11,November,19,6,Friday,7:21:00,7,21041839,A,2,,Motor Vehicle In Motion,"Injury of any type (Serious, Minor, Possible)",C,Possible Injury (C),0,0,4,Local,1.15,656,WHITNEY AV,WHITNEY AV,COLD SPRING ST,,,,,41.32612,-72.915799,14,Motor Vehicle in Operation,3,Angle,1,On Roadway,1,Clear,88,Not Applicable,1,Daylight,2,Wet,0,None,88,Not Applicable,88,Not Applicable,0,None,88,Not Applicable,88,Not Applicable,2,Intersection,3,T-Intersection,1,No,1,No,88,Not Applicable,88,Not Applicable,88,Not Applicable,88,Not Applicable,FALSE,1,Public Road,1,"Trafficway, On Road",CT0009300,New Haven PD,87,37:51.0,C,Closed,24:47.0,,,,,,,
890015,1,Complete,890015,890015,41.30444,-72.93115,3392112,New Haven,93,93,New Haven,11/19/2021,2021,11,November,19,6,Friday,7:04:00,7,21041840,A,2,,Motor Vehicle In Motion,"Injury of any type (Serious, Minor, Possible)",C,Possible Injury (C),0,0,4,Local,0.39,809,REV DR MLK JR BLVD,REV DR MLK JR BLVD,,,,,,41.30444,-72.93115,14,Motor Vehicle in Operation,1,Front to rear,1,On Roadway,1,Clear,88,Not Applicable,1,Daylight,1,Dry,0,None,88,Not Applicable,88,Not Applicable,0,None,88,Not Applicable,88,Not Applicable,2,Intersection,2,Four-Way Intersection,1,No,1,No,88,Not Applicable,88,Not Applicable,88,Not Applicable,88,Not Applicable,FALSE,1,Public Road,1,"Trafficway, On Road",CT0009300,New Haven PD,26,42:35.0,C,Closed,24:55.0,,,,,,,
890016,1,Complete,890016,890016,41.320226,-72.871738,3392113,New Haven,93,93,New Haven,11/19/2021,2021,11,November,19,6,Friday,7:34:00,7,21041844,A,2,,Motor Vehicle In Motion,"Injury of any type (Serious, Minor, Possible)",C,Possible Injury (C),0,0,3,State,0.57,80,80-E,80-E,EASTERN ST,,,,,41.320226,-72.871738,14,Motor Vehicle in Operation,3,Angle,1,On Roadway,1,Clear,88,Not Applicable,1,Daylight,1,Dry,0,None,88,Not Applicable,88,Not Applicable,0,None,88,Not Applicable,88,Not Applicable,2,Intersection,2,Four-Way Intersection,1,No,1,No,88,Not Applicable,88,Not Applicable,88,Not Applicable,88,Not Applicable,FALSE,1,Public Road,1,"Trafficway, On Road",CT0009300,New Haven PD,416,51:52.0,O,Open,24:50.0,,4,32100,3,PRINCIPAL ARTERIAL - OTHER - NEW HPMS,2,Urban
890017,1,Complete,890017,890017,41.320328,-72.871894,3392114,New Haven,93,93,New Haven,11/19/2021,2021,11,November,19,6,Friday,8:13:00,8,21041845,A,2,,Motor Vehicle In Motion,"Injury of any type (Serious, Minor, Possible)",C,Possible Injury (C),0,0,3,State,0.57,80,80-E,80-E,EASTERN ST,,,,,41.320328,-72.871894,14,Motor Vehicle in Operation,97,Other,1,On Roadway,1,Clear,88,Not Applicable,1,Daylight,1,Dry,0,None,88,Not Applicable,88,Not Applicable,1,Backup Due to Prior Crash,88,Not Applicable,88,Not Applicable,2,Intersection,2,Four-Way Intersection,1,No,1,No,88,Not Applicable,88,Not Applicable,88,Not Applicable,88,Not Applicable,TRUE,1,Public Road,1,"Trafficway, On Road",CT0009300,New Haven PD,416,59:13.0,C,Closed,24:50.0,21041845,4,32100,3,PRINCIPAL ARTERIAL - OTHER - NEW HPMS,2,Urban
890020,1,Complete,890020,890020,41.255773,-72.892622,3392117,New Haven,93,93,New Haven,11/19/2021,2021,11,November,19,6,Friday,10:01:00,10,21041859,A,1,,Utility Pole,"Injury of any type (Serious, Minor, Possible)",C,Possible Injury (C),0,0,4,Local,0.16,370,LIGHTHOUSE RD,LIGHTHOUSE RD,,COVE STREET,80,Feet,W,41.255773,-72.892622,33,Utility Pole/Light Support,88,Not Applicable,1,On Roadway,1,Clear,1,Clear,1,Daylight,1,Dry,0,None,88,Not Applicable,88,Not Applicable,0,None,88,Not Applicable,88,Not Applicable,2,Intersection,3,T-Intersection,1,No,1,No,88,Not Applicable,88,Not Applicable,88,Not Applicable,88,Not Applicable,FALSE,1,Public Road,1,"Trafficway, On Road",CT0009300,New Haven PD,351,48:22.0,C,Closed,24:46.0,,2,2500,5,MAJOR COLLECTOR - NEW HPMS,2,Urban
890022,1,Complete,890022,890022,41.307439,-72.919194,3392119,New Haven,93,93,New Haven,11/19/2021,2021,11,November,19,6,Friday,11:37:00,11,21041868,A,2,,Motor Vehicle In Motion,"Injury of any type (Serious, Minor, Possible)",C,Possible Injury (C),0,0,4,Local,1.75,264,GRAND AV,GRAND AV,OLIVE ST,,,,,41.307439,-72.919194,14,Motor Vehicle in Operation,3,Angle,1,On Roadway,1,Clear,88,Not Applicable,1,Daylight,1,Dry,0,None,88,Not Applicable,88,Not Applicable,0,None,88,Not Applicable,88,Not Applicable,3,Intersection-Related,2,Four-Way Intersection,1,No,1,No,88,Not Applicable,88,Not Applicable,88,Not Applicable,88,Not Applicable,FALSE,1,Public Road,1,"Trafficway, On Road",CT0009300,New Haven PD,106,49:54.0,C,Closed,26:31.0,,,,,,,
890050,1,Complete,890050,890050,41.287416,-72.935477,3392147,New Haven,93,93,New Haven,11/19/2021,2021,11,November,19,6,Friday,17:30:00,17,21041911,A,2,,Motor Vehicle In Motion,"Injury of any type (Serious, Minor, Possible)",C,Possible Injury (C),0,0,4,Local,0.35,339,KIMBERLY AV,KIMBERLY AV,,ELLA T GRASSO BLVD,400,Feet,N,41.287416,-72.935477,14,Motor Vehicle in Operation,1,Front to rear,1,On Roadway,1,Clear,88,Not Applicable,5,Dark-Not Lighted,1,Dry,0,None,88,Not Applicable,88,Not Applicable,3,Backup Due to Regular Congestion,88,Not Applicable,88,Not Applicable,1,Non-Junction,1,Not at Intersection,1,No,1,No,88,Not Applicable,88,Not Applicable,88,Not Applicable,88,Not Applicable,FALSE,1,Public Road,1,"Trafficway, On Road",CT0009300,New Haven PD,42043,26:06.0,C,Closed,25:00.0,,,,,,,