CrashId,Fatal Case Status,Fatal Case Status Text Format,CrashId,CrashId,Latitude,Longitude,DOT Case Number,Town Name,Town Number,Town Number,Town Number Text Format,Date Of Crash,Year,Month,Month Text Format,Day,Day of the Week,Day of the Week Text Format,Time of Crash,Hour of the Day,Case Identifier,Crash Severity,Number Of Motor Vehicles,Motor vehicle action,Most harmful event,Crash Severity Text Format,Most Severe Injury,Most Severe Injury Text Format,Number Of Non-Motorist,Number Of Witnesses,Route Class,Route Class Text Format,Milemarker,Road Number,Road Description,Roadway Name,Intersecting Roadway Name,Landmark Description,Distance From Nearest Landmark,Unit Of Measure From Nearest Landmark,Direction From Nearest Landmark,Latitude,Longitude,First Harmful Event,First Harmful Event Text Format,Manner of Crash / Collision Impact,Manner of Crash / Collision Impact Text Format,Location of First Harmful Event,Location of First Harmful Event Text Format,Weather Condition,Weather Condition Text Format,Weather 2,Weather 2 Text Format,Light Condition,Light Condition Text Format,Road Surface Condition,Road Surface Condition Text Format,"Contributing Circumstances, Environment","Contributing Circumstances, Environment Text Format",Environment 2,Environment 2 Text Format,Environment 3,Environment 3 Text Format,"Contributing Circumstances, Road","Contributing Circumstances, Road Text Format",Road 2,Road 2 Text Format,Road 3,Road 3 Text Format,Crash Specific Location,Crash Specific Location Text Format,Type of Intersection,Type of Intersection Text Format,School Bus Related,School Bus Related Text Format,Work Zone Related,Work Zone Related Text Format,Location Of Crash Relative To Work Zone,Location Of Crash Relative To Work Zone Text Format,Type of Work Zone,Type of Work Zone Text Format,Worker Presence,Worker Presence Text Format,Law Enforcement Presence,Law Enforcement Presence Text Format,Were Vehicles Moved Prior To Police Arrival,Trafficway Ownership,Trafficway Ownership Text Format,Trafficway Class,Trafficway Class Text Format,Police Agency,Police Agency Text Format,Badge Number,Approval Date,Police Case Status,Police Case Status Text Format,Crash Report Submission Date,Related Case Identifiers,No. of Through Lanes (Log Dir.),Average Daily Traffic,Functional Classification,Functional Classification Text Format,Rural or Urban,Rural or Urban Text Format
890064,1,Complete,890064,890064,41.301267,-72.935564,3392161,New Haven,93,93,New Haven,11/20/2021,2021,11,November,20,7,Saturday,12:09:00,12,21041987,A,2,,Motor Vehicle In Motion,"Injury of any type (Serious, Minor, Possible)",C,Possible Injury (C),0,0,4,Local,0.35,308,HOWARD AV,HOWARD AV,CONGRESS AV,,,,,41.301267,-72.935564,14,Motor Vehicle in Operation,1,Front to rear,1,On Roadway,1,Clear,88,Not Applicable,1,Daylight,1,Dry,0,None,88,Not Applicable,88,Not Applicable,0,None,88,Not Applicable,88,Not Applicable,2,Intersection,2,Four-Way Intersection,1,No,1,No,88,Not Applicable,88,Not Applicable,88,Not Applicable,88,Not Applicable,TRUE,1,Public Road,1,"Trafficway, On Road",CT0009300,New Haven PD,251,46:23.0,C,Closed,25:14.0,,,,,,,
890066,1,Complete,890066,890066,41.331265,-72.967881,3392163,New Haven,93,93,New Haven,11/20/2021,2021,11,November,20,7,Saturday,13:15:00,13,21041998,A,2,,Motor Vehicle In Motion,"Injury of any type (Serious, Minor, Possible)",C,Possible Injury (C),0,0,4,Local,0.7,612,VALLEY ST NO 1,VALLEY ST NO 1,,STRONG ST,100,Feet,W,41.331265,-72.967881,14,Motor Vehicle in Operation,1,Front to rear,1,On Roadway,1,Clear,88,Not Applicable,1,Daylight,1,Dry,0,None,88,Not Applicable,88,Not Applicable,0,None,88,Not Applicable,88,Not Applicable,1,Non-Junction,1,Not at Intersection,1,No,1,No,88,Not Applicable,88,Not Applicable,88,Not Applicable,88,Not Applicable,FALSE,1,Public Road,1,"Trafficway, On Road",CT0009300,New Haven PD,313,44:54.0,C,Closed,25:12.0,,,,,,,
890068,1,Complete,890068,890068,41.29476,-72.93814,3392165,New Haven,93,93,New Haven,11/20/2021,2021,11,November,20,7,Saturday,18:15:00,18,21042008,A,1,,Pedestrian,"Injury of any type (Serious, Minor, Possible)",B,Suspected Minor Injury (B),1,2,4,Local,0.01,320,HURLBURT ST,HURLBURT ST,PUTNMAN ST,,,,,41.29476,-72.93814,9,Pedestrian,88,Not Applicable,1,On Roadway,1,Clear,88,Not Applicable,4,Dark-Lighted,1,Dry,0,None,88,Not Applicable,88,Not Applicable,0,None,88,Not Applicable,88,Not Applicable,2,Intersection,2,Four-Way Intersection,1,No,1,No,88,Not Applicable,88,Not Applicable,88,Not Applicable,88,Not Applicable,FALSE,1,Public Road,1,"Trafficway, On Road",CT0009300,New Haven PD,40810,51:09.0,O,Open,25:07.0,,1,3900,4,MINOR ARTERIAL - NEW HPMS,2,Urban
890072,1,Complete,890072,890072,41.331507,-72.925491,3392169,New Haven,93,93,New Haven,11/20/2021,2021,11,November,20,7,Saturday,21:06:00,21,21042026,A,2,,Motor Vehicle In Motion,"Injury of any type (Serious, Minor, Possible)",C,Possible Injury (C),0,0,4,Local,1.11,669,WINCHESTER AV,WINCHESTER AV,HUNTINGTON ST,,,,,41.331507,-72.925491,14,Motor Vehicle in Operation,97,Other,1,On Roadway,1,Clear,88,Not Applicable,4,Dark-Lighted,1,Dry,0,None,88,Not Applicable,88,Not Applicable,0,None,88,Not Applicable,88,Not Applicable,2,Intersection,2,Four-Way Intersection,1,No,1,No,88,Not Applicable,88,Not Applicable,88,Not Applicable,88,Not Applicable,FALSE,1,Public Road,1,"Trafficway, On Road",CT0009300,New Haven PD,42042,28:32.0,C,Closed,25:09.0,,,,,,,
890074,1,Complete,890074,890074,41.310091,-72.930551,3392171,New Haven,93,93,New Haven,11/21/2021,2021,11,November,21,1,Sunday,1:01:00,1,21042046,A,2,,Motor Vehicle In Motion,"Injury of any type (Serious, Minor, Possible)",C,Possible Injury (C),0,0,4,Local,0.58,766,YORK ST,YORK ST,,ELM ST,235,Feet,S,41.310091,-72.930551,14,Motor Vehicle in Operation,1,Front to rear,1,On Roadway,1,Clear,88,Not Applicable,4,Dark-Lighted,1,Dry,0,None,88,Not Applicable,88,Not Applicable,0,None,88,Not Applicable,88,Not Applicable,1,Non-Junction,1,Not at Intersection,1,No,1,No,88,Not Applicable,88,Not Applicable,88,Not Applicable,88,Not Applicable,FALSE,1,Public Road,1,"Trafficway, On Road",CT0009300,New Haven PD,7,07:36.0,C,Closed,25:10.0,,,,,,,
890080,1,Complete,890080,890080,41.3121748,-72.8962433,3392177,New Haven,93,93,New Haven,11/21/2021,2021,11,November,21,1,Sunday,10:14:00,10,21042066,A,2,,Motor Vehicle In Motion,"Injury of any type (Serious, Minor, Possible)",B,Suspected Minor Injury (B),0,0,4,Local,0.53,213,FERRY ST,FERRY ST,PINE ST NO 2,,,,,41.3121748,-72.8962433,14,Motor Vehicle in Operation,5,"Sideswipe, opposite direction",1,On Roadway,1,Clear,88,Not Applicable,1,Daylight,1,Dry,0,None,88,Not Applicable,88,Not Applicable,0,None,88,Not Applicable,88,Not Applicable,2,Intersection,2,Four-Way Intersection,1,No,1,No,88,Not Applicable,88,Not Applicable,88,Not Applicable,88,Not Applicable,FALSE,1,Public Road,1,"Trafficway, On Road",CT0009300,New Haven PD,286,17:07.0,C,Closed,25:47.0,,,,,,,
890084,1,Complete,890084,890084,41.325704,-72.914243,3392181,New Haven,93,93,New Haven,11/21/2021,2021,11,November,21,1,Sunday,17:13:00,17,21042099,A,2,,Motor Vehicle In Motion,"Injury of any type (Serious, Minor, Possible)",C,Possible Injury (C),0,0,4,Local,0.24,116,COLD SPRING ST,COLD SPRING ST,,EVERIT ST,65,Feet,W,41.325704,-72.914243,14,Motor Vehicle in Operation,1,Front to rear,1,On Roadway,1,Clear,88,Not Applicable,4,Dark-Lighted,1,Dry,0,None,88,Not Applicable,88,Not Applicable,0,None,88,Not Applicable,88,Not Applicable,3,Intersection-Related,2,Four-Way Intersection,1,No,1,No,88,Not Applicable,88,Not Applicable,88,Not Applicable,88,Not Applicable,FALSE,1,Public Road,1,"Trafficway, On Road",CT0009300,New Haven PD,42048,57:56.0,C,Closed,25:16.0,,,,,,,
890087,1,Complete,890087,890087,41.3035,-72.91045,3392184,New Haven,93,93,New Haven,11/21/2021,2021,11,November,21,1,Sunday,20:56:00,20,21042121,A,1,,Pedestrian,"Injury of any type (Serious, Minor, Possible)",C,Possible Injury (C),1,0,4,Local,0.93,97,CHAPEL ST,CHAPEL ST,EAST ST,,,,,41.3035,-72.91045,9,Pedestrian,88,Not Applicable,1,On Roadway,4,Rain,88,Not Applicable,4,Dark-Lighted,2,Wet,0,None,88,Not Applicable,88,Not Applicable,0,None,88,Not Applicable,88,Not Applicable,2,Intersection,2,Four-Way Intersection,1,No,1,No,88,Not Applicable,88,Not Applicable,88,Not Applicable,88,Not Applicable,FALSE,1,Public Road,1,"Trafficway, On Road",CT0009300,New Haven PD,42057,56:51.0,C,Closed,25:17.0,,2,19000,4,MINOR ARTERIAL - NEW HPMS,2,Urban
890091,1,Complete,890091,890091,41.32625,-72.936826,3392188,New Haven,93,93,New Haven,11/22/2021,2021,11,November,22,2,Monday,7:30:00,7,21042138,A,2,,Motor Vehicle In Motion,"Injury of any type (Serious, Minor, Possible)",B,Suspected Minor Injury (B),0,0,4,Local,0.49,557,SHERMAN PKWY,SHERMAN PKWY,,WEST DIVISION ST,190,Feet,S,41.32625,-72.936826,14,Motor Vehicle in Operation,3,Angle,1,On Roadway,4,Rain,88,Not Applicable,1,Daylight,2,Wet,0,None,88,Not Applicable,88,Not Applicable,0,None,88,Not Applicable,88,Not Applicable,1,Non-Junction,1,Not at Intersection,1,No,1,No,88,Not Applicable,88,Not Applicable,88,Not Applicable,88,Not Applicable,FALSE,1,Public Road,1,"Trafficway, On Road",CT0009300,New Haven PD,87,03:06.0,C,Closed,25:20.0,,,,,,,
890093,1,Complete,890093,890093,41.312755,-72.932856,3392190,New Haven,93,93,New Haven,11/22/2021,2021,11,November,22,2,Monday,9:16:00,9,21042146,A,2,,Motor Vehicle In Motion,"Injury of any type (Serious, Minor, Possible)",C,Possible Injury (C),0,1,4,Local,0.95,653,WHALLEY AV,WHALLEY AV,HOWE ST,,,,,41.312755,-72.932856,14,Motor Vehicle in Operation,3,Angle,1,On Roadway,4,Rain,88,Not Applicable,1,Daylight,2,Wet,0,None,88,Not Applicable,88,Not Applicable,0,None,88,Not Applicable,88,Not Applicable,2,Intersection,3,T-Intersection,1,No,1,No,88,Not Applicable,88,Not Applicable,88,Not Applicable,88,Not Applicable,FALSE,1,Public Road,1,"Trafficway, On Road",CT0009300,New Haven PD,465,29:51.0,C,Closed,25:22.0,,,,,,,
890094,1,Complete,890094,890094,41.323879,-72.881531,3392191,New Haven,93,93,New Haven,11/22/2021,2021,11,November,22,2,Monday,10:03:00,10,21042148,A,3,,Motor Vehicle In Motion,"Injury of any type (Serious, Minor, Possible)",C,Possible Injury (C),0,2,3,State,0.22,17,17-N,17-N,80-W,,,,,41.323879,-72.881531,14,Motor Vehicle in Operation,3,Angle,1,On Roadway,4,Rain,88,Not Applicable,1,Daylight,2,Wet,0,None,88,Not Applicable,88,Not Applicable,0,None,88,Not Applicable,88,Not Applicable,2,Intersection,2,Four-Way Intersection,1,No,1,No,88,Not Applicable,88,Not Applicable,88,Not Applicable,88,Not Applicable,FALSE,1,Public Road,1,"Trafficway, On Road",CT0009300,New Haven PD,40807,31:05.0,C,Closed,25:52.0,,1,8500,1,INTERSTATE - NEW HPMS,2,Urban
890097,1,Complete,890097,890097,41.318751,-72.948264,3392194,New Haven,93,93,New Haven,11/22/2021,2021,11,November,22,2,Monday,16:08:00,16,21042188,A,1,,Pedestrian,"Injury of any type (Serious, Minor, Possible)",C,Possible Injury (C),2,0,4,Local,0.04,653,WHALLEY AV,WHALLEY AV,,10-N,240,Feet,E,41.318751,-72.948264,9,Pedestrian,88,Not Applicable,1,On Roadway,1,Clear,88,Not Applicable,1,Daylight,1,Dry,99,Unknown,88,Not Applicable,88,Not Applicable,0,None,88,Not Applicable,88,Not Applicable,2,Intersection,2,Four-Way Intersection,1,No,1,No,88,Not Applicable,88,Not Applicable,88,Not Applicable,88,Not Applicable,FALSE,1,Public Road,1,"Trafficway, On Road",CT0009300,New Haven PD,11439,52:13.0,C,Closed,25:28.0,,2,21100,3,PRINCIPAL ARTERIAL - OTHER - NEW HPMS,2,Urban
890099,1,Complete,890099,890099,41.302358,-72.932346,3392196,New Haven,93,93,New Haven,11/22/2021,2021,11,November,22,2,Monday,19:37:00,19,21042230,A,2,,Motor Vehicle In Motion,"Injury of any type (Serious, Minor, Possible)",C,Possible Injury (C),0,0,4,Local,0.74,117,COLLEGE ST,COLLEGE ST,,CONGRESS AVE,30,Feet,N,41.302358,-72.932346,14,Motor Vehicle in Operation,1,Front to rear,1,On Roadway,1,Clear,88,Not Applicable,4,Dark-Lighted,1,Dry,0,None,88,Not Applicable,88,Not Applicable,0,None,88,Not Applicable,88,Not Applicable,1,Non-Junction,1,Not at Intersection,1,No,1,No,88,Not Applicable,88,Not Applicable,88,Not Applicable,88,Not Applicable,FALSE,1,Public Road,1,"Trafficway, On Road",CT0009300,New Haven PD,42370,53:25.0,C,Closed,25:29.0,,,,,,,
890104,1,Complete,890104,890104,41.320226,-72.970038,3392201,New Haven,93,93,New Haven,11/23/2021,2021,11,November,23,3,Tuesday,10:44:00,10,21042290,A,2,,Motor Vehicle In Motion,"Injury of any type (Serious, Minor, Possible)",C,Possible Injury (C),0,0,3,State,2.88,122,122-N,122-N,EDGEWOOD AV,,,,,41.320226,-72.970038,14,Motor Vehicle in Operation,3,Angle,1,On Roadway,1,Clear,88,Not Applicable,1,Daylight,1,Dry,0,None,88,Not Applicable,88,Not Applicable,0,None,88,Not Applicable,88,Not Applicable,2,Intersection,2,Four-Way Intersection,1,No,1,No,88,Not Applicable,88,Not Applicable,88,Not Applicable,88,Not Applicable,FALSE,1,Public Road,1,"Trafficway, On Road",CT0009300,New Haven PD,324,58:45.0,C,Closed,25:31.0,21042290,2,11700,4,MINOR ARTERIAL - NEW HPMS,2,Urban
890106,1,Complete,890106,890106,41.33342,-72.94862,3392203,New Haven,93,93,New Haven,11/23/2021,2021,11,November,23,3,Tuesday,11:30:00,11,21042304,A,2,,Motor Vehicle In Motion,"Injury of any type (Serious, Minor, Possible)",B,Suspected Minor Injury (B),0,0,3,State,4.36,10,10-N,10-N,,PINE ROCK AVENUE,300,Feet,S,41.33342,-72.94862,14,Motor Vehicle in Operation,3,Angle,1,On Roadway,1,Clear,88,Not Applicable,1,Daylight,1,Dry,0,None,88,Not Applicable,88,Not Applicable,8,Work Zone (construction / maintenance / utility),88,Not Applicable,88,Not Applicable,1,Non-Junction,1,Not at Intersection,1,No,2,Yes,4,Activity Area,97,Other,2,Yes,1,No,TRUE,1,Public Road,1,"Trafficway, On Road",CT0009300,New Haven PD,381,38:56.0,C,Closed,26:24.0,,4,10600,4,MINOR ARTERIAL - NEW HPMS,2,Urban
890109,1,Complete,890109,890109,41.291005,-72.930916,3392206,New Haven,93,93,New Haven,11/23/2021,2021,11,November,23,3,Tuesday,15:32:00,15,21042326,A,2,,Motor Vehicle In Motion,"Injury of any type (Serious, Minor, Possible)",B,Suspected Minor Injury (B),0,0,4,Local,0.39,273,HALLOCK AV NO 1,HALLOCK AV NO 1,,LAMBERTON ST,300,Feet,S,41.291005,-72.930916,14,Motor Vehicle in Operation,1,Front to rear,1,On Roadway,1,Clear,88,Not Applicable,1,Daylight,1,Dry,0,None,88,Not Applicable,88,Not Applicable,0,None,88,Not Applicable,88,Not Applicable,1,Non-Junction,1,Not at Intersection,1,No,1,No,88,Not Applicable,88,Not Applicable,88,Not Applicable,88,Not Applicable,FALSE,1,Public Road,1,"Trafficway, On Road",CT0009300,New Haven PD,40810,50:58.0,C,Closed,25:35.0,,,,,,,
890114,1,Complete,890114,890114,41.318621,-72.945675,3392211,New Haven,93,93,New Haven,11/23/2021,2021,11,November,23,3,Tuesday,15:27:00,15,21042348,A,2,,Motor Vehicle In Motion,"Injury of any type (Serious, Minor, Possible)",C,Possible Injury (C),0,0,4,Local,0.59,439,NORTON ST,NORTON ST,,WHALLEY AVENUE,100,Feet,N,41.318621,-72.945675,14,Motor Vehicle in Operation,1,Front to rear,2,Shoulder,1,Clear,88,Not Applicable,1,Daylight,1,Dry,0,None,88,Not Applicable,88,Not Applicable,0,None,88,Not Applicable,88,Not Applicable,1,Non-Junction,1,Not at Intersection,1,No,1,No,88,Not Applicable,88,Not Applicable,88,Not Applicable,88,Not Applicable,TRUE,1,Public Road,1,"Trafficway, On Road",CT0009300,New Haven PD,42045,25:25.0,C,Closed,25:38.0,,,,,,,
890117,1,Complete,890117,890117,41.313588,-72.919404,3392214,New Haven,93,93,New Haven,11/23/2021,2021,11,November,23,3,Tuesday,17:03:00,17,21042361,A,1,,Pedestrian,"Injury of any type (Serious, Minor, Possible)",B,Suspected Minor Injury (B),2,0,4,Local,0.12,373,LINCOLN ST,LINCOLN ST,BRADLEY ST NO 1,,,,,41.313588,-72.919404,9,Pedestrian,88,Not Applicable,1,On Roadway,1,Clear,88,Not Applicable,4,Dark-Lighted,1,Dry,0,None,88,Not Applicable,88,Not Applicable,0,None,88,Not Applicable,88,Not Applicable,2,Intersection,2,Four-Way Intersection,1,No,1,No,88,Not Applicable,88,Not Applicable,88,Not Applicable,88,Not Applicable,FALSE,1,Public Road,1,"Trafficway, On Road",CT0009300,New Haven PD,42048,12:36.0,O,Open,25:33.0,,2,2567,7,LOCAL - NEW HPMS,2,Urban
890119,1,Complete,890119,890119,41.316185,-72.916272,3392216,New Haven,93,93,New Haven,11/23/2021,2021,11,November,23,3,Tuesday,17:26:00,17,21042365,A,2,,Motor Vehicle In Motion,"Injury of any type (Serious, Minor, Possible)",C,Possible Injury (C),0,0,4,Local,0.88,450,ORANGE ST NO 1,ORANGE ST NO 1,HUMPHREY ST,,,,,41.316185,-72.916272,14,Motor Vehicle in Operation,3,Angle,1,On Roadway,1,Clear,88,Not Applicable,4,Dark-Lighted,1,Dry,0,None,88,Not Applicable,88,Not Applicable,0,None,88,Not Applicable,88,Not Applicable,2,Intersection,2,Four-Way Intersection,1,No,1,No,88,Not Applicable,88,Not Applicable,88,Not Applicable,88,Not Applicable,FALSE,1,Public Road,1,"Trafficway, On Road",CT0009300,New Haven PD,125,50:27.0,C,Closed,25:37.0,,,,,,,
890124,1,Complete,890124,890124,41.305832,-72.921928,3392221,New Haven,93,93,New Haven,11/24/2021,2021,11,November,24,4,Wednesday,9:51:00,9,21042432,A,2,,Motor Vehicle In Motion,"Injury of any type (Serious, Minor, Possible)",C,Possible Injury (C),0,0,4,Local,1.26,575,STATE ST,STATE ST,COURT ST NO 2,,,,,41.305832,-72.921928,14,Motor Vehicle in Operation,3,Angle,1,On Roadway,1,Clear,88,Not Applicable,1,Daylight,1,Dry,0,None,88,Not Applicable,88,Not Applicable,0,None,88,Not Applicable,88,Not Applicable,2,Intersection,2,Four-Way Intersection,1,No,1,No,88,Not Applicable,88,Not Applicable,88,Not Applicable,88,Not Applicable,FALSE,1,Public Road,1,"Trafficway, On Road",CT0009300,New Haven PD,991,40:14.0,C,Closed,25:44.0,,,,,,,
890130,1,Complete,890130,890130,41.321352,-72.952336,3392227,New Haven,93,93,New Haven,11/24/2021,2021,11,November,24,4,Wednesday,14:20:00,14,21042473,A,3,,Motor Vehicle In Motion,"Injury of any type (Serious, Minor, Possible)",C,Possible Injury (C),0,0,3,State,3.27,10,10-N,10-N,,WHITTLESEY AVE,100,Feet,N,41.321352,-72.952336,14,Motor Vehicle in Operation,1,Front to rear,1,On Roadway,1,Clear,88,Not Applicable,1,Daylight,1,Dry,0,None,88,Not Applicable,88,Not Applicable,0,None,88,Not Applicable,88,Not Applicable,1,Non-Junction,1,Not at Intersection,1,No,1,No,88,Not Applicable,88,Not Applicable,88,Not Applicable,88,Not Applicable,FALSE,1,Public Road,1,"Trafficway, On Road",CT0009300,New Haven PD,42057,52:21.0,C,Closed,25:48.0,,4,18000,3,PRINCIPAL ARTERIAL - OTHER - NEW HPMS,2,Urban
890134,1,Complete,890134,890134,41.317326,-72.938074,3392231,New Haven,93,93,New Haven,11/24/2021,2021,11,November,24,4,Wednesday,17:16:00,17,21042492,A,1,,Pedestrian,"Injury of any type (Serious, Minor, Possible)",C,Possible Injury (C),1,0,4,Local,1.15,453,ORCHARD ST,ORCHARD ST,,GOFFE STREET,200,Feet,S,41.317326,-72.938074,9,Pedestrian,88,Not Applicable,1,On Roadway,1,Clear,88,Not Applicable,4,Dark-Lighted,1,Dry,0,None,88,Not Applicable,88,Not Applicable,0,None,88,Not Applicable,88,Not Applicable,1,Non-Junction,1,Not at Intersection,1,No,1,No,88,Not Applicable,88,Not Applicable,88,Not Applicable,88,Not Applicable,FALSE,1,Public Road,1,"Trafficway, On Road",CT0009300,New Haven PD,276,43:28.0,C,Closed,25:49.0,21042492,2,4200,4,MINOR ARTERIAL - NEW HPMS,2,Urban
890140,1,Complete,890140,890140,41.31134,-72.90153,3392237,New Haven,93,93,New Haven,11/25/2021,2021,11,November,25,5,Thursday,4:17:00,4,21042558,A,2,,Motor Vehicle In Motion,"Injury of any type (Serious, Minor, Possible)",C,Possible Injury (C),0,0,4,Local,0.2,397,MARKET ST,MARKET ST,,MONROE STREET,250,Feet,W,41.31134,-72.90153,14,Motor Vehicle in Operation,1,Front to rear,1,On Roadway,1,Clear,88,Not Applicable,4,Dark-Lighted,1,Dry,0,None,88,Not Applicable,88,Not Applicable,0,None,88,Not Applicable,88,Not Applicable,1,Non-Junction,1,Not at Intersection,1,No,1,No,88,Not Applicable,88,Not Applicable,88,Not Applicable,88,Not Applicable,FALSE,1,Public Road,1,"Trafficway, On Road",CT0009300,New Haven PD,370,46:49.0,C,Closed,28:12.0,,,,,,,
890153,1,Complete,890153,890153,41.305622,-72.933938,3392250,New Haven,93,93,New Haven,11/25/2021,2021,11,November,25,5,Thursday,12:45:00,12,21042584,A,2,,Motor Vehicle In Motion,"Injury of any type (Serious, Minor, Possible)",C,Possible Injury (C),0,0,4,Local,0.27,766,YORK ST,YORK ST,GEORGE ST,,,,,41.305622,-72.933938,14,Motor Vehicle in Operation,1,Front to rear,1,On Roadway,2,Cloudy,88,Not Applicable,1,Daylight,1,Dry,0,None,88,Not Applicable,88,Not Applicable,0,None,88,Not Applicable,88,Not Applicable,2,Intersection,2,Four-Way Intersection,1,No,1,No,88,Not Applicable,88,Not Applicable,88,Not Applicable,88,Not Applicable,FALSE,1,Public Road,1,"Trafficway, On Road",CT0009300,New Haven PD,137,50:34.0,C,Closed,25:55.0,,,,,,,
890155,1,Complete,890155,890155,41.299114,-72.906492,3392252,New Haven,93,93,New Haven,11/25/2021,2021,11,November,25,5,Thursday,16:00:00,16,21042589,A,1,,Bridge Rail,"Injury of any type (Serious, Minor, Possible)",A,Suspected Serious Injury (A),0,0,2,USRoute,49.23,1,1-N,1-N,,EAST ST,1400,Feet,E,41.299114,-72.906492,22,Bridge Rail,88,Not Applicable,1,On Roadway,1,Clear,88,Not Applicable,1,Daylight,1,Dry,0,None,88,Not Applicable,88,Not Applicable,0,None,88,Not Applicable,88,Not Applicable,1,Non-Junction,1,Not at Intersection,1,No,1,No,88,Not Applicable,88,Not Applicable,88,Not Applicable,88,Not Applicable,FALSE,1,Public Road,1,"Trafficway, On Road",CT0009300,New Haven PD,416,58:20.0,O,Open,25:58.0,,4,12400,3,PRINCIPAL ARTERIAL - OTHER - NEW HPMS,2,Urban
890156,1,Complete,890156,890156,41.288771,-72.892624,3392253,New Haven,93,93,New Haven,11/25/2021,2021,11,November,25,5,Thursday,18:10:00,18,21042594,A,2,,Motor Vehicle In Motion,"Injury of any type (Serious, Minor, Possible)",C,Possible Injury (C),0,0,3,State,0.07,337,337-E,337-E,MAIN ST NO 2,,,,,41.288771,-72.892624,14,Motor Vehicle in Operation,3,Angle,1,On Roadway,1,Clear,88,Not Applicable,4,Dark-Lighted,1,Dry,0,None,88,Not Applicable,88,Not Applicable,0,None,88,Not Applicable,88,Not Applicable,2,Intersection,2,Four-Way Intersection,1,No,1,No,88,Not Applicable,88,Not Applicable,88,Not Applicable,88,Not Applicable,FALSE,1,Public Road,1,"Trafficway, On Road",CT0009300,New Haven PD,42049,17:34.0,C,Closed,25:57.0,,4,14000,4,MINOR ARTERIAL - NEW HPMS,2,Urban
890160,1,Complete,890160,890160,41.328414,-72.962034,3392257,New Haven,93,93,New Haven,11/27/2021,2021,11,November,27,7,Saturday,0:44:00,0,21042614,A,2,,Motor Vehicle In Motion,"Injury of any type (Serious, Minor, Possible)",C,Possible Injury (C),0,0,3,State,0.36,63,63-N,63-N,HARRISON ST,,,,,41.328414,-72.962034,14,Motor Vehicle in Operation,3,Angle,1,On Roadway,4,Rain,88,Not Applicable,4,Dark-Lighted,2,Wet,0,None,88,Not Applicable,88,Not Applicable,0,None,88,Not Applicable,88,Not Applicable,2,Intersection,2,Four-Way Intersection,1,No,1,No,88,Not Applicable,88,Not Applicable,88,Not Applicable,88,Not Applicable,FALSE,1,Public Road,1,"Trafficway, On Road",CT0009300,New Haven PD,42056,14:48.0,C,Closed,27:05.0,,2,20300,3,PRINCIPAL ARTERIAL - OTHER - NEW HPMS,2,Urban
890161,1,Complete,890161,890161,41.288642,-72.892574,3392258,New Haven,93,93,New Haven,11/26/2021,2021,11,November,26,6,Friday,6:59:00,6,21042627,A,2,,Motor Vehicle In Motion,"Injury of any type (Serious, Minor, Possible)",C,Possible Injury (C),0,0,3,State,0.07,337,337-E,337-E,MAIN ST NO 2,,,,,41.288642,-72.892574,14,Motor Vehicle in Operation,1,Front to rear,1,On Roadway,4,Rain,88,Not Applicable,1,Daylight,2,Wet,0,None,88,Not Applicable,88,Not Applicable,0,None,88,Not Applicable,88,Not Applicable,2,Intersection,2,Four-Way Intersection,1,No,1,No,88,Not Applicable,88,Not Applicable,88,Not Applicable,88,Not Applicable,TRUE,1,Public Road,1,"Trafficway, On Road",CT0009300,New Haven PD,416,02:22.0,O,Open,26:02.0,,4,14000,4,MINOR ARTERIAL - NEW HPMS,2,Urban
890163,1,Complete,890163,890163,41.293132,-72.943886,3392260,New Haven,93,93,New Haven,11/26/2021,2021,11,November,26,6,Friday,12:10:00,12,21042651,A,2,,Motor Vehicle In Motion,"Injury of any type (Serious, Minor, Possible)",C,Possible Injury (C),0,0,3,State,1.07,10,10-N,10-N,ADELINE ST,,,,,41.293132,-72.943886,14,Motor Vehicle in Operation,3,Angle,1,On Roadway,4,Rain,4,Rain,1,Daylight,2,Wet,0,None,88,Not Applicable,88,Not Applicable,0,None,88,Not Applicable,88,Not Applicable,2,Intersection,3,T-Intersection,1,No,1,No,88,Not Applicable,88,Not Applicable,88,Not Applicable,88,Not Applicable,FALSE,1,Public Road,1,"Trafficway, On Road",CT0009300,New Haven PD,301,56:52.0,C,Closed,26:03.0,,4,20200,3,PRINCIPAL ARTERIAL - OTHER - NEW HPMS,2,Urban
890167,1,Complete,890167,890167,41.31172,-72.899894,3392264,New Haven,93,93,New Haven,11/26/2021,2021,11,November,26,6,Friday,17:39:00,17,21042673,A,2,,Motor Vehicle In Motion,"Injury of any type (Serious, Minor, Possible)",C,Possible Injury (C),0,0,4,Local,0.6,57,BLATCHLEY AV,BLATCHLEY AV,PINE ST NO 1,,,,,41.31172,-72.899894,14,Motor Vehicle in Operation,97,Other,1,On Roadway,1,Clear,88,Not Applicable,4,Dark-Lighted,1,Dry,0,None,88,Not Applicable,88,Not Applicable,0,None,88,Not Applicable,88,Not Applicable,3,Intersection-Related,2,Four-Way Intersection,1,No,1,No,88,Not Applicable,88,Not Applicable,88,Not Applicable,88,Not Applicable,FALSE,1,Public Road,1,"Trafficway, On Road",CT0009300,New Haven PD,40815,45:52.0,C,Closed,26:05.0,,,,,,,