CrashId,Fatal Case Status,Fatal Case Status Text Format,CrashId,CrashId,Latitude,Longitude,DOT Case Number,Town Name,Town Number,Town Number,Town Number Text Format,Date Of Crash,Year,Month,Month Text Format,Day,Day of the Week,Day of the Week Text Format,Time of Crash,Hour of the Day,Case Identifier,Crash Severity,Number Of Motor Vehicles,Motor vehicle action,Most harmful event,Crash Severity Text Format,Most Severe Injury,Most Severe Injury Text Format,Number Of Non-Motorist,Number Of Witnesses,Route Class,Route Class Text Format,Milemarker,Road Number,Road Description,Roadway Name,Intersecting Roadway Name,Landmark Description,Distance From Nearest Landmark,Unit Of Measure From Nearest Landmark,Direction From Nearest Landmark,Latitude,Longitude,First Harmful Event,First Harmful Event Text Format,Manner of Crash / Collision Impact,Manner of Crash / Collision Impact Text Format,Location of First Harmful Event,Location of First Harmful Event Text Format,Weather Condition,Weather Condition Text Format,Weather 2,Weather 2 Text Format,Light Condition,Light Condition Text Format,Road Surface Condition,Road Surface Condition Text Format,"Contributing Circumstances, Environment","Contributing Circumstances, Environment Text Format",Environment 2,Environment 2 Text Format,Environment 3,Environment 3 Text Format,"Contributing Circumstances, Road","Contributing Circumstances, Road Text Format",Road 2,Road 2 Text Format,Road 3,Road 3 Text Format,Crash Specific Location,Crash Specific Location Text Format,Type of Intersection,Type of Intersection Text Format,School Bus Related,School Bus Related Text Format,Work Zone Related,Work Zone Related Text Format,Location Of Crash Relative To Work Zone,Location Of Crash Relative To Work Zone Text Format,Type of Work Zone,Type of Work Zone Text Format,Worker Presence,Worker Presence Text Format,Law Enforcement Presence,Law Enforcement Presence Text Format,Were Vehicles Moved Prior To Police Arrival,Trafficway Ownership,Trafficway Ownership Text Format,Trafficway Class,Trafficway Class Text Format,Police Agency,Police Agency Text Format,Badge Number,Approval Date,Police Case Status,Police Case Status Text Format,Crash Report Submission Date,Related Case Identifiers,No. of Through Lanes (Log Dir.),Average Daily Traffic,Functional Classification,Functional Classification Text Format,Rural or Urban,Rural or Urban Text Format
890169,1,Complete,890169,890169,41.313045,-72.952123,3392266,New Haven,93,93,New Haven,11/26/2021,2021,11,November,26,6,Friday,19:57:00,19,21042684,A,2,,Motor Vehicle In Motion,"Injury of any type (Serious, Minor, Possible)",C,Possible Injury (C),0,0,3,State,2.59,10,10-N,10-N,CHAPEL ST,,,,,41.313045,-72.952123,14,Motor Vehicle in Operation,3,Angle,1,On Roadway,1,Clear,88,Not Applicable,4,Dark-Lighted,1,Dry,0,None,88,Not Applicable,88,Not Applicable,0,None,88,Not Applicable,88,Not Applicable,2,Intersection,2,Four-Way Intersection,1,No,1,No,88,Not Applicable,88,Not Applicable,88,Not Applicable,88,Not Applicable,FALSE,1,Public Road,1,"Trafficway, On Road",CT0009300,New Haven PD,261,39:35.0,C,Closed,26:07.0,,2,19700,3,PRINCIPAL ARTERIAL - OTHER - NEW HPMS,2,Urban
890173,1,Complete,890173,890173,41.302804,-72.928256,3392270,New Haven,93,93,New Haven,11/26/2021,2021,11,November,26,6,Friday,23:46:00,23,21042704,A,2,,Motor Vehicle In Motion,"Injury of any type (Serious, Minor, Possible)",C,Possible Injury (C),0,1,4,Local,0.19,809,REV DR MLK JR BLVD,REV DR MLK JR BLVD,CHURCH ST SOUTH NO 1,,,,,41.302804,-72.928256,14,Motor Vehicle in Operation,3,Angle,1,On Roadway,1,Clear,88,Not Applicable,4,Dark-Lighted,1,Dry,0,None,88,Not Applicable,88,Not Applicable,0,None,88,Not Applicable,88,Not Applicable,2,Intersection,2,Four-Way Intersection,1,No,1,No,88,Not Applicable,88,Not Applicable,88,Not Applicable,88,Not Applicable,FALSE,1,Public Road,1,"Trafficway, On Road",CT0009300,New Haven PD,42055,51:55.0,O,Open,26:09.0,,,,,,,
890179,1,Complete,890179,890179,41.301714,-72.927689,3392276,New Haven,93,93,New Haven,11/27/2021,2021,11,November,27,7,Saturday,11:53:00,11,21042741,A,2,,Motor Vehicle In Motion,"Injury of any type (Serious, Minor, Possible)",C,Possible Injury (C),0,0,4,Local,0.34,564,SOUTH FRONTAGE RD,SOUTH FRONTAGE RD,,S ORANGE ST,100,Feet,N,41.301714,-72.927689,14,Motor Vehicle in Operation,4,"Sideswipe, same direction",1,On Roadway,1,Clear,88,Not Applicable,1,Daylight,1,Dry,0,None,88,Not Applicable,88,Not Applicable,0,None,88,Not Applicable,88,Not Applicable,4,Entrance / Exit Ramp,1,Not at Intersection,1,No,1,No,88,Not Applicable,88,Not Applicable,88,Not Applicable,88,Not Applicable,FALSE,1,Public Road,1,"Trafficway, On Road",CT0009300,New Haven PD,295,32:14.0,C,Closed,26:13.0,,,,,,,
890181,1,Complete,890181,890181,41.305719,-72.933621,3392278,New Haven,93,93,New Haven,11/27/2021,2021,11,November,27,7,Saturday,14:12:00,14,21042750,A,2,,Motor Vehicle In Motion,"Injury of any type (Serious, Minor, Possible)",C,Possible Injury (C),0,0,4,Local,0.23,766,YORK ST,YORK ST,,N  FRONTAGE RD,40,Feet,N,41.305719,-72.933621,14,Motor Vehicle in Operation,1,Front to rear,1,On Roadway,2,Cloudy,88,Not Applicable,1,Daylight,1,Dry,0,None,88,Not Applicable,88,Not Applicable,0,None,88,Not Applicable,88,Not Applicable,1,Non-Junction,1,Not at Intersection,1,No,1,No,88,Not Applicable,88,Not Applicable,88,Not Applicable,88,Not Applicable,TRUE,1,Public Road,1,"Trafficway, On Road",CT0009300,New Haven PD,40956,57:20.0,C,Closed,26:14.0,,,,,,,
890185,1,Complete,890185,890185,41.326598,-72.946662,3392282,New Haven,93,93,New Haven,11/27/2021,2021,11,November,27,7,Saturday,21:46:00,21,21042801,A,3,,Motor Vehicle In Motion,"Injury of any type (Serious, Minor, Possible)",C,Possible Injury (C),0,0,4,Local,0.54,690,ELLA T GRASSO BLVD,ELLA T GRASSO BLVD,DYER ST,,,,,41.326598,-72.946662,14,Motor Vehicle in Operation,3,Angle,1,On Roadway,1,Clear,88,Not Applicable,4,Dark-Lighted,1,Dry,0,None,88,Not Applicable,88,Not Applicable,0,None,88,Not Applicable,88,Not Applicable,2,Intersection,2,Four-Way Intersection,1,No,1,No,88,Not Applicable,88,Not Applicable,88,Not Applicable,88,Not Applicable,FALSE,1,Public Road,1,"Trafficway, On Road",CT0009300,New Haven PD,11439,15:11.0,C,Closed,26:17.0,,,,,,,
890186,1,Complete,890186,890186,41.305708,-72.950251,3392283,New Haven,93,93,New Haven,11/27/2021,2021,11,November,27,7,Saturday,23:04:00,23,21042810,A,1,,Tree (standing),"Injury of any type (Serious, Minor, Possible)",A,Suspected Serious Injury (A),0,0,4,Local,0.11,360,LEGION AV-RT 34,LEGION AV-RT 34,,TYLER ST,60,Feet,W,41.305708,-72.950251,32,Tree (standing),88,Not Applicable,1,On Roadway,1,Clear,88,Not Applicable,4,Dark-Lighted,1,Dry,99,Unknown,88,Not Applicable,88,Not Applicable,0,None,88,Not Applicable,88,Not Applicable,1,Non-Junction,1,Not at Intersection,1,No,1,No,88,Not Applicable,88,Not Applicable,88,Not Applicable,88,Not Applicable,FALSE,1,Public Road,1,"Trafficway, On Road",CT0009300,New Haven PD,476,14:01.0,C,Closed,26:17.0,,2,12200,3,PRINCIPAL ARTERIAL - OTHER - NEW HPMS,2,Urban
890187,1,Complete,890187,890187,41.290993,-72.941411,3392284,New Haven,93,93,New Haven,11/28/2021,2021,11,November,28,1,Sunday,1:58:00,1,21042814,A,2,,Motor Vehicle In Motion,"Injury of any type (Serious, Minor, Possible)",C,Possible Injury (C),0,0,3,State,0.88,10,10-N,10-N,WASHINGTON AV NO 1,,,,,41.290993,-72.941411,14,Motor Vehicle in Operation,3,Angle,1,On Roadway,1,Clear,88,Not Applicable,4,Dark-Lighted,1,Dry,0,None,88,Not Applicable,88,Not Applicable,0,None,88,Not Applicable,88,Not Applicable,2,Intersection,2,Four-Way Intersection,1,No,1,No,88,Not Applicable,88,Not Applicable,88,Not Applicable,88,Not Applicable,FALSE,1,Public Road,1,"Trafficway, On Road",CT0009300,New Haven PD,40789,15:31.0,C,Closed,26:18.0,,4,20200,3,PRINCIPAL ARTERIAL - OTHER - NEW HPMS,2,Urban
890188,1,Complete,890188,890188,41.331926,-72.93152,3392285,New Haven,93,93,New Haven,11/28/2021,2021,11,November,28,1,Sunday,2:21:00,2,21042817,A,1,,Tree (standing),"Injury of any type (Serious, Minor, Possible)",C,Possible Injury (C),0,0,4,Local,0.68,552,SHELTON AV,SHELTON AV,,BASSETT ST,65,Feet,N,41.331926,-72.93152,32,Tree (standing),88,Not Applicable,1,On Roadway,1,Clear,88,Not Applicable,6,Dark-Unknown Lighting,1,Dry,0,None,88,Not Applicable,88,Not Applicable,0,None,88,Not Applicable,88,Not Applicable,3,Intersection-Related,2,Four-Way Intersection,1,No,1,No,88,Not Applicable,88,Not Applicable,88,Not Applicable,88,Not Applicable,FALSE,1,Public Road,1,"Trafficway, On Road",CT0009300,New Haven PD,42369,16:50.0,C,Closed,26:20.0,,2,6200,5,MAJOR COLLECTOR - NEW HPMS,2,Urban
890191,1,Complete,890191,890191,41.332503,-72.935584,3392288,New Haven,93,93,New Haven,11/28/2021,2021,11,November,28,1,Sunday,13:14:00,13,21042835,A,2,,Motor Vehicle In Motion,"Injury of any type (Serious, Minor, Possible)",C,Possible Injury (C),0,0,4,Local,0.19,42,BASSETT ST,BASSETT ST,,DIXWELL AVE,105,Feet,W,41.332503,-72.935584,14,Motor Vehicle in Operation,3,Angle,1,On Roadway,2,Cloudy,88,Not Applicable,1,Daylight,2,Wet,0,None,88,Not Applicable,88,Not Applicable,0,None,88,Not Applicable,88,Not Applicable,3,Intersection-Related,2,Four-Way Intersection,1,No,1,No,88,Not Applicable,88,Not Applicable,88,Not Applicable,88,Not Applicable,FALSE,1,Public Road,1,"Trafficway, On Road",CT0009300,New Haven PD,87,24:29.0,C,Closed,27:29.0,,,,,,,
890193,1,Complete,890193,890193,41.297481,-72.947889,3392290,New Haven,93,93,New Haven,11/28/2021,2021,11,November,28,1,Sunday,15:56:00,15,21042843,A,2,,Motor Vehicle In Motion,"Injury of any type (Serious, Minor, Possible)",C,Possible Injury (C),0,0,2,USRoute,46.69,1,1-N,1-N,DAVENPORT AV,,,,,41.297481,-72.947889,14,Motor Vehicle in Operation,4,"Sideswipe, same direction",1,On Roadway,1,Clear,88,Not Applicable,1,Daylight,1,Dry,0,None,88,Not Applicable,88,Not Applicable,0,None,88,Not Applicable,88,Not Applicable,2,Intersection,3,T-Intersection,1,No,1,No,88,Not Applicable,88,Not Applicable,88,Not Applicable,88,Not Applicable,TRUE,1,Public Road,1,"Trafficway, On Road",CT0009300,New Haven PD,476,14:33.0,C,Closed,26:22.0,,4,20700,3,PRINCIPAL ARTERIAL - OTHER - NEW HPMS,2,Urban
890195,1,Complete,890195,890195,41.29768,-72.94091,3392292,New Haven,93,93,New Haven,11/28/2021,2021,11,November,28,1,Sunday,18:04:00,18,21042861,A,2,,Motor Vehicle In Motion,"Injury of any type (Serious, Minor, Possible)",C,Possible Injury (C),0,0,2,USRoute,47.05,1,1-N,1-N,WEST ST,,,,,41.29768,-72.94091,14,Motor Vehicle in Operation,1,Front to rear,1,On Roadway,1,Clear,88,Not Applicable,3,Dusk,1,Dry,0,None,88,Not Applicable,88,Not Applicable,0,None,88,Not Applicable,88,Not Applicable,2,Intersection,2,Four-Way Intersection,1,No,1,No,88,Not Applicable,88,Not Applicable,88,Not Applicable,88,Not Applicable,FALSE,1,Public Road,1,"Trafficway, On Road",CT0009300,New Haven PD,42370,51:40.0,O,Open,26:21.0,,2,8600,3,PRINCIPAL ARTERIAL - OTHER - NEW HPMS,2,Urban
890196,1,Complete,890196,890196,41.308878,-72.897156,3392293,New Haven,93,93,New Haven,11/28/2021,2021,11,November,28,1,Sunday,19:20:00,19,21042866,A,1,,Pedestrian,"Injury of any type (Serious, Minor, Possible)",C,Possible Injury (C),1,0,4,Local,0.59,264,GRAND AV,GRAND AV,POPLAR ST,,,,,41.308878,-72.897156,9,Pedestrian,88,Not Applicable,1,On Roadway,1,Clear,88,Not Applicable,4,Dark-Lighted,1,Dry,0,None,88,Not Applicable,88,Not Applicable,0,None,88,Not Applicable,88,Not Applicable,11,Through Roadway,1,Not at Intersection,1,No,1,No,88,Not Applicable,88,Not Applicable,88,Not Applicable,88,Not Applicable,FALSE,1,Public Road,1,"Trafficway, On Road",CT0009300,New Haven PD,40793,58:17.0,O,Open,26:23.0,21-042866,2,14400,4,MINOR ARTERIAL - NEW HPMS,2,Urban
890198,1,Complete,890198,890198,41.2969,-72.94823,3392295,New Haven,93,93,New Haven,11/29/2021,2021,11,November,29,2,Monday,16:12:00,16,21042990,A,2,,Motor Vehicle In Motion,"Injury of any type (Serious, Minor, Possible)",C,Possible Injury (C),0,0,3,State,1.42,10,10-N,10-N,,RT 1,350,Feet,S,41.2969,-72.94823,14,Motor Vehicle in Operation,4,"Sideswipe, same direction",1,On Roadway,1,Clear,88,Not Applicable,99,Unknown,1,Dry,0,None,88,Not Applicable,88,Not Applicable,0,None,88,Not Applicable,88,Not Applicable,3,Intersection-Related,2,Four-Way Intersection,1,No,1,No,88,Not Applicable,88,Not Applicable,88,Not Applicable,88,Not Applicable,FALSE,1,Public Road,1,"Trafficway, On Road",CT0009300,New Haven PD,42366,45:32.0,C,Closed,26:26.0,,4,20200,3,PRINCIPAL ARTERIAL - OTHER - NEW HPMS,2,Urban
890202,1,Complete,890202,890202,41.312909,-72.932093,3392299,New Haven,93,93,New Haven,11/29/2021,2021,11,November,29,2,Monday,17:55:00,17,21043004,A,2,,Motor Vehicle In Motion,"Injury of any type (Serious, Minor, Possible)",C,Possible Injury (C),0,0,4,Local,0.23,596,TOWER PKWY,TOWER PKWY,GOFFE ST,,,,,41.312909,-72.932093,14,Motor Vehicle in Operation,1,Front to rear,1,On Roadway,1,Clear,88,Not Applicable,4,Dark-Lighted,1,Dry,0,None,88,Not Applicable,88,Not Applicable,0,None,88,Not Applicable,88,Not Applicable,3,Intersection-Related,4,Y-Intersection,1,No,1,No,88,Not Applicable,88,Not Applicable,88,Not Applicable,88,Not Applicable,TRUE,1,Public Road,1,"Trafficway, On Road",CT0009300,New Haven PD,97,01:34.0,C,Closed,26:27.0,,,,,,,
890203,1,Complete,890203,890203,41.30158,-72.94119,3392300,New Haven,93,93,New Haven,11/29/2021,2021,11,November,29,2,Monday,17:28:00,17,21043006,A,2,,Motor Vehicle In Motion,"Injury of any type (Serious, Minor, Possible)",C,Possible Injury (C),0,0,4,Local,0,453,ORCHARD ST,ORCHARD ST,DAVENPORT AV,,,,,41.30158,-72.94119,14,Motor Vehicle in Operation,3,Angle,1,On Roadway,1,Clear,88,Not Applicable,5,Dark-Not Lighted,1,Dry,0,None,88,Not Applicable,88,Not Applicable,0,None,88,Not Applicable,88,Not Applicable,2,Intersection,3,T-Intersection,1,No,1,No,88,Not Applicable,88,Not Applicable,88,Not Applicable,88,Not Applicable,FALSE,1,Public Road,1,"Trafficway, On Road",CT0009300,New Haven PD,42370,30:15.0,C,Closed,26:28.0,,,,,,,
890206,1,Complete,890206,890206,41.32088,-72.874044,3392303,New Haven,93,93,New Haven,11/29/2021,2021,11,November,29,2,Monday,19:45:00,19,21043018,A,2,,Motor Vehicle In Motion,"Injury of any type (Serious, Minor, Possible)",C,Possible Injury (C),0,0,3,State,0.44,80,80-E,80-E,103-N,,,,,41.32088,-72.874044,14,Motor Vehicle in Operation,3,Angle,1,On Roadway,1,Clear,88,Not Applicable,4,Dark-Lighted,1,Dry,0,None,88,Not Applicable,88,Not Applicable,0,None,88,Not Applicable,88,Not Applicable,2,Intersection,2,Four-Way Intersection,1,No,1,No,88,Not Applicable,88,Not Applicable,88,Not Applicable,88,Not Applicable,FALSE,1,Public Road,1,"Trafficway, On Road",CT0009300,New Haven PD,409,24:46.0,C,Closed,26:36.0,,4,32100,3,PRINCIPAL ARTERIAL - OTHER - NEW HPMS,2,Urban
890213,1,Complete,890213,890213,41.322639,-72.947074,3392310,New Haven,93,93,New Haven,11/30/2021,2021,11,November,30,3,Tuesday,15:00:00,15,21043141,A,1,,Ran Off Roadway Right,"Injury of any type (Serious, Minor, Possible)",A,Suspected Serious Injury (A),0,0,4,Local,0.21,258,GOFFE TER,GOFFE TER,,COLONY RD,50,Feet,W,41.322639,-72.947074,33,Utility Pole/Light Support,88,Not Applicable,1,On Roadway,1,Clear,88,Not Applicable,1,Daylight,1,Dry,0,None,88,Not Applicable,88,Not Applicable,0,None,88,Not Applicable,88,Not Applicable,1,Non-Junction,1,Not at Intersection,1,No,1,No,88,Not Applicable,88,Not Applicable,88,Not Applicable,88,Not Applicable,FALSE,1,Public Road,1,"Trafficway, On Road",CT0009300,New Haven PD,40803,22:25.0,O,Open,26:37.0,,2,6700,4,MINOR ARTERIAL - NEW HPMS,2,Urban
890217,1,Complete,890217,890217,41.327717,-72.937073,921294,New Haven,93,93,New Haven,11/30/2021,2021,11,November,30,3,Tuesday,20:14:00,20,21043183,K,1,Straight Ahead,Tree (standing),Fatal (Kill),K,Fatal Injury (K),0,2,4,Local,0.59,557,SHERMAN PKWY,SHERMAN PKWY,,HARDING PL,30,Feet,N,41.327717,-72.937073,32,Tree (standing),88,Not Applicable,4,Roadside,1,Clear,88,Not Applicable,4,Dark-Lighted,1,Dry,0,None,88,Not Applicable,88,Not Applicable,0,None,88,Not Applicable,88,Not Applicable,1,Non-Junction,1,Not at Intersection,1,No,1,No,88,Not Applicable,88,Not Applicable,88,Not Applicable,88,Not Applicable,FALSE,1,Public Road,1,"Trafficway, On Road",CT0009300,New Haven PD,991,39:07.0,O,Open,26:39.0,,4,6300,4,MINOR ARTERIAL - NEW HPMS,2,Urban
890221,1,Complete,890221,890221,41.325233,-72.956804,3392318,New Haven,93,93,New Haven,12/1/2021,2021,12,December,1,4,Wednesday,10:48:00,10,21043237,A,2,,Motor Vehicle In Motion,"Injury of any type (Serious, Minor, Possible)",C,Possible Injury (C),0,0,3,State,3.62,10,10-N,10-N,,63-N,100,Feet,E,41.325233,-72.956804,14,Motor Vehicle in Operation,1,Front to rear,1,On Roadway,1,Clear,88,Not Applicable,1,Daylight,1,Dry,0,None,88,Not Applicable,88,Not Applicable,0,None,88,Not Applicable,88,Not Applicable,2,Intersection,3,T-Intersection,1,No,1,No,88,Not Applicable,88,Not Applicable,88,Not Applicable,88,Not Applicable,FALSE,1,Public Road,1,"Trafficway, On Road",CT0009300,New Haven PD,324,40:15.0,C,Closed,26:53.0,,2,8800,4,MINOR ARTERIAL - NEW HPMS,2,Urban
890230,1,Complete,890230,890230,41.32745,-72.953455,3392327,New Haven,93,93,New Haven,12/1/2021,2021,12,December,1,4,Wednesday,17:00:00,17,21043299,A,2,,Motor Vehicle In Motion,"Injury of any type (Serious, Minor, Possible)",C,Possible Injury (C),0,0,3,State,3.86,10,10-N,10-N,BLAKE ST,,,,,41.32745,-72.953455,14,Motor Vehicle in Operation,3,Angle,1,On Roadway,1,Clear,88,Not Applicable,1,Daylight,1,Dry,0,None,88,Not Applicable,88,Not Applicable,3,Backup Due to Regular Congestion,88,Not Applicable,88,Not Applicable,2,Intersection,2,Four-Way Intersection,1,No,1,No,88,Not Applicable,88,Not Applicable,88,Not Applicable,88,Not Applicable,TRUE,1,Public Road,1,"Trafficway, On Road",CT0009300,New Haven PD,40803,19:57.0,C,Closed,26:46.0,,2,13100,4,MINOR ARTERIAL - NEW HPMS,2,Urban
890237,1,Complete,890237,890237,41.333098,-72.96711,3392334,New Haven,93,93,New Haven,12/2/2021,2021,12,December,2,5,Thursday,3:01:00,3,21043360,A,3,,Parked Vehicle,"Injury of any type (Serious, Minor, Possible)",C,Possible Injury (C),0,0,4,Local,0.25,519,ROCK CREEK RD NO 1,ROCK CREEK RD NO 1,,STRONG ST,400,Feet,N,41.333098,-72.96711,14,Motor Vehicle in Operation,2,Front to front,1,On Roadway,4,Rain,88,Not Applicable,4,Dark-Lighted,2,Wet,1,Weather Conditions,88,Not Applicable,88,Not Applicable,5,"Road Surface Condition (wet, icy, snow, slush, etc.)",88,Not Applicable,88,Not Applicable,3,Intersection-Related,3,T-Intersection,1,No,1,No,88,Not Applicable,88,Not Applicable,88,Not Applicable,88,Not Applicable,FALSE,1,Public Road,1,"Trafficway, On Road",CT0009300,New Haven PD,86,25:20.0,C,Closed,26:51.0,,,,,,,
890239,1,Complete,890239,890239,41.331892,-72.974191,3392336,New Haven,93,93,New Haven,12/2/2021,2021,12,December,2,5,Thursday,9:02:00,9,21043372,A,2,,Motor Vehicle In Motion,"Injury of any type (Serious, Minor, Possible)",B,Suspected Minor Injury (B),0,0,3,State,1.06,63,63-N,63-N,ANTHONY ST,,,,,41.331892,-72.974191,14,Motor Vehicle in Operation,3,Angle,1,On Roadway,1,Clear,88,Not Applicable,1,Daylight,1,Dry,2,Visual Obstruction(s),88,Not Applicable,88,Not Applicable,0,None,88,Not Applicable,88,Not Applicable,2,Intersection,3,T-Intersection,1,No,1,No,88,Not Applicable,88,Not Applicable,88,Not Applicable,88,Not Applicable,FALSE,1,Public Road,1,"Trafficway, On Road",CT0009300,New Haven PD,313,25:30.0,C,Closed,26:52.0,,4,22900,3,PRINCIPAL ARTERIAL - OTHER - NEW HPMS,2,Urban
890244,1,Complete,890244,890244,41.28716,-72.9371,3392341,New Haven,93,93,New Haven,12/2/2021,2021,12,December,2,5,Thursday,15:58:00,15,21043432,A,2,,Motor Vehicle In Motion,"Injury of any type (Serious, Minor, Possible)",C,Possible Injury (C),0,0,3,State,0.54,10,10-N,10-N,PLYMOUTH ST,,,,,41.28716,-72.9371,14,Motor Vehicle in Operation,3,Angle,1,On Roadway,1,Clear,88,Not Applicable,1,Daylight,1,Dry,0,None,88,Not Applicable,88,Not Applicable,0,None,88,Not Applicable,88,Not Applicable,2,Intersection,3,T-Intersection,1,No,1,No,88,Not Applicable,88,Not Applicable,88,Not Applicable,88,Not Applicable,FALSE,1,Public Road,1,"Trafficway, On Road",CT0009300,New Haven PD,40819,04:03.0,C,Closed,27:00.0,,4,17900,3,PRINCIPAL ARTERIAL - OTHER - NEW HPMS,2,Urban
890245,1,Complete,890245,890245,41.293763,-72.936823,3392342,New Haven,93,93,New Haven,12/2/2021,2021,12,December,2,5,Thursday,16:12:00,16,21043433,A,2,,Motor Vehicle In Motion,"Injury of any type (Serious, Minor, Possible)",B,Suspected Minor Injury (B),0,0,4,Local,0.13,571,SPRING ST,SPRING ST,BUTTON ST,,,,,41.293763,-72.936823,14,Motor Vehicle in Operation,3,Angle,1,On Roadway,1,Clear,88,Not Applicable,3,Dusk,1,Dry,0,None,88,Not Applicable,88,Not Applicable,0,None,88,Not Applicable,88,Not Applicable,2,Intersection,2,Four-Way Intersection,1,No,1,No,88,Not Applicable,88,Not Applicable,88,Not Applicable,88,Not Applicable,FALSE,1,Public Road,1,"Trafficway, On Road",CT0009300,New Haven PD,40810,30:58.0,C,Closed,26:56.0,,,,,,,
890248,1,Complete,890248,890248,41.314822,-72.898576,3392345,New Haven,93,93,New Haven,12/2/2021,2021,12,December,2,5,Thursday,17:14:00,17,21043449,A,2,,Motor Vehicle In Motion,"Injury of any type (Serious, Minor, Possible)",C,Possible Injury (C),0,0,4,Local,0.29,379,LOMBARD ST,LOMBARD ST,POPLAR ST,,,,,41.314822,-72.898576,14,Motor Vehicle in Operation,4,"Sideswipe, same direction",1,On Roadway,1,Clear,88,Not Applicable,4,Dark-Lighted,1,Dry,0,None,88,Not Applicable,88,Not Applicable,0,None,88,Not Applicable,88,Not Applicable,3,Intersection-Related,3,T-Intersection,1,No,1,No,88,Not Applicable,88,Not Applicable,88,Not Applicable,88,Not Applicable,FALSE,1,Public Road,1,"Trafficway, On Road",CT0009300,New Haven PD,40786,19:16.0,C,Closed,27:03.0,,,,,,,
890376,1,Complete,890376,890376,41.3155,-72.93921,3392473,New Haven,93,93,New Haven,12/2/2021,2021,12,December,2,5,Thursday,17:24:00,17,21043464,A,2,,Motor Vehicle In Motion,"Injury of any type (Serious, Minor, Possible)",C,Possible Injury (C),0,1,4,Local,0.56,653,WHALLEY AV,WHALLEY AV,ORCHARD ST,,,,,41.3155,-72.93921,14,Motor Vehicle in Operation,3,Angle,1,On Roadway,1,Clear,88,Not Applicable,4,Dark-Lighted,1,Dry,0,None,88,Not Applicable,88,Not Applicable,0,None,88,Not Applicable,88,Not Applicable,2,Intersection,2,Four-Way Intersection,1,No,1,No,88,Not Applicable,88,Not Applicable,88,Not Applicable,88,Not Applicable,FALSE,1,Public Road,1,"Trafficway, On Road",CT0009300,New Haven PD,40804,15:48.0,C,Closed,26:58.0,,,,,,,
890387,1,Complete,890387,890387,41.327296,-72.972157,3392484,New Haven,93,93,New Haven,12/3/2021,2021,12,December,3,6,Friday,16:31:00,16,21043561,A,2,,Motor Vehicle In Motion,"Injury of any type (Serious, Minor, Possible)",C,Possible Injury (C),0,0,4,Local,0.21,648,WEST PROSPECT ST,WEST PROSPECT ST,,FOUNTAIN STREET,20,Feet,N,41.327296,-72.972157,14,Motor Vehicle in Operation,1,Front to rear,1,On Roadway,1,Clear,88,Not Applicable,4,Dark-Lighted,1,Dry,0,None,88,Not Applicable,88,Not Applicable,0,None,88,Not Applicable,88,Not Applicable,3,Intersection-Related,2,Four-Way Intersection,1,No,1,No,88,Not Applicable,88,Not Applicable,88,Not Applicable,88,Not Applicable,FALSE,1,Public Road,1,"Trafficway, On Road",CT0009300,New Haven PD,42045,53:29.0,C,Closed,27:04.0,,2,10800,4,MINOR ARTERIAL - NEW HPMS,2,Urban
890392,1,Complete,890392,890392,41.317976,-72.961503,3392489,New Haven,93,93,New Haven,12/3/2021,2021,12,December,3,6,Friday,17:17:00,17,21043576,A,2,,Motor Vehicle In Motion,"Injury of any type (Serious, Minor, Possible)",C,Possible Injury (C),0,0,4,Local,0.47,179,EDGEWOOD AV,EDGEWOOD AV,WEST ROCK AV NO 1,,,,,41.317976,-72.961503,14,Motor Vehicle in Operation,3,Angle,1,On Roadway,1,Clear,88,Not Applicable,4,Dark-Lighted,1,Dry,0,None,88,Not Applicable,88,Not Applicable,0,None,88,Not Applicable,88,Not Applicable,2,Intersection,2,Four-Way Intersection,1,No,1,No,88,Not Applicable,88,Not Applicable,88,Not Applicable,88,Not Applicable,FALSE,1,Public Road,1,"Trafficway, On Road",CT0009300,New Haven PD,402,07:49.0,C,Closed,27:05.0,,2,3300,5,MAJOR COLLECTOR - NEW HPMS,2,Urban
890394,1,Complete,890394,890394,41.288858,-72.892575,3392491,New Haven,93,93,New Haven,12/3/2021,2021,12,December,3,6,Friday,23:20:00,23,21043604,A,2,,Motor Vehicle In Motion,"Injury of any type (Serious, Minor, Possible)",B,Suspected Minor Injury (B),0,0,3,State,0.07,337,337-E,337-E,MAIN ST NO 2,,,,,41.288858,-72.892575,14,Motor Vehicle in Operation,97,Other,1,On Roadway,1,Clear,88,Not Applicable,4,Dark-Lighted,1,Dry,0,None,88,Not Applicable,88,Not Applicable,0,None,88,Not Applicable,88,Not Applicable,2,Intersection,2,Four-Way Intersection,1,No,1,No,88,Not Applicable,88,Not Applicable,88,Not Applicable,88,Not Applicable,FALSE,1,Public Road,1,"Trafficway, On Road",CT0009300,New Haven PD,370,15:29.0,C,Closed,27:34.0,,4,14000,4,MINOR ARTERIAL - NEW HPMS,2,Urban
890395,1,Complete,890395,890395,41.2825,-72.9381,3392492,New Haven,93,93,New Haven,12/4/2021,2021,12,December,4,7,Saturday,0:11:00,0,21043609,A,2,,Motor Vehicle In Motion,"Injury of any type (Serious, Minor, Possible)",C,Possible Injury (C),0,0,3,State,0,10,10-N,10-N,745-E,,,,,41.2825,-72.9381,14,Motor Vehicle in Operation,3,Angle,1,On Roadway,1,Clear,88,Not Applicable,4,Dark-Lighted,1,Dry,99,Unknown,88,Not Applicable,88,Not Applicable,99,Unknown,88,Not Applicable,88,Not Applicable,2,Intersection,3,T-Intersection,1,No,1,No,88,Not Applicable,88,Not Applicable,88,Not Applicable,88,Not Applicable,FALSE,1,Public Road,1,"Trafficway, On Road",CT0009300,New Haven PD,40947,54:41.0,C,Closed,27:11.0,,2,1171,7,LOCAL - NEW HPMS,2,Urban