CrashId,Fatal Case Status,Fatal Case Status Text Format,CrashId,CrashId,Latitude,Longitude,DOT Case Number,Town Name,Town Number,Town Number,Town Number Text Format,Date Of Crash,Year,Month,Month Text Format,Day,Day of the Week,Day of the Week Text Format,Time of Crash,Hour of the Day,Case Identifier,Crash Severity,Number Of Motor Vehicles,Motor vehicle action,Most harmful event,Crash Severity Text Format,Most Severe Injury,Most Severe Injury Text Format,Number Of Non-Motorist,Number Of Witnesses,Route Class,Route Class Text Format,Milemarker,Road Number,Road Description,Roadway Name,Intersecting Roadway Name,Landmark Description,Distance From Nearest Landmark,Unit Of Measure From Nearest Landmark,Direction From Nearest Landmark,Latitude,Longitude,First Harmful Event,First Harmful Event Text Format,Manner of Crash / Collision Impact,Manner of Crash / Collision Impact Text Format,Location of First Harmful Event,Location of First Harmful Event Text Format,Weather Condition,Weather Condition Text Format,Weather 2,Weather 2 Text Format,Light Condition,Light Condition Text Format,Road Surface Condition,Road Surface Condition Text Format,"Contributing Circumstances, Environment","Contributing Circumstances, Environment Text Format",Environment 2,Environment 2 Text Format,Environment 3,Environment 3 Text Format,"Contributing Circumstances, Road","Contributing Circumstances, Road Text Format",Road 2,Road 2 Text Format,Road 3,Road 3 Text Format,Crash Specific Location,Crash Specific Location Text Format,Type of Intersection,Type of Intersection Text Format,School Bus Related,School Bus Related Text Format,Work Zone Related,Work Zone Related Text Format,Location Of Crash Relative To Work Zone,Location Of Crash Relative To Work Zone Text Format,Type of Work Zone,Type of Work Zone Text Format,Worker Presence,Worker Presence Text Format,Law Enforcement Presence,Law Enforcement Presence Text Format,Were Vehicles Moved Prior To Police Arrival,Trafficway Ownership,Trafficway Ownership Text Format,Trafficway Class,Trafficway Class Text Format,Police Agency,Police Agency Text Format,Badge Number,Approval Date,Police Case Status,Police Case Status Text Format,Crash Report Submission Date,Related Case Identifiers,No. of Through Lanes (Log Dir.),Average Daily Traffic,Functional Classification,Functional Classification Text Format,Rural or Urban,Rural or Urban Text Format
890397,1,Complete,890397,890397,41.3058746,-72.8948138,3392494,New Haven,93,93,New Haven,12/4/2021,2021,12,December,4,7,Saturday,14:49:00,14,21043652,A,3,,Overturn/Rollover,"Injury of any type (Serious, Minor, Possible)",B,Suspected Minor Injury (B),0,2,4,Local,0.98,213,FERRY ST,FERRY ST,,CHAMBERS ST,50,Feet,S,41.3058746,-72.8948138,1,Overturn/Rollover,3,Angle,1,On Roadway,1,Clear,88,Not Applicable,1,Daylight,1,Dry,0,None,88,Not Applicable,88,Not Applicable,0,None,88,Not Applicable,88,Not Applicable,1,Non-Junction,1,Not at Intersection,1,No,1,No,88,Not Applicable,88,Not Applicable,88,Not Applicable,88,Not Applicable,FALSE,1,Public Road,1,"Trafficway, On Road",CT0009300,New Haven PD,40815,58:59.0,C,Closed,27:13.0,,4,13500,4,MINOR ARTERIAL - NEW HPMS,2,Urban
890399,1,Complete,890399,890399,41.3193038,-72.9048195,3392496,New Haven,93,93,New Haven,12/6/2021,2021,12,December,6,2,Monday,17:14:00,17,21043676,A,2,,Motor Vehicle In Motion,"Injury of any type (Serious, Minor, Possible)",C,Possible Injury (C),0,0,4,Local,0.22,666,WILLOW ST,WILLOW ST,,I91 SOUTHBOUND,20,Feet,W,41.3193038,-72.9048195,14,Motor Vehicle in Operation,1,Front to rear,1,On Roadway,1,Clear,88,Not Applicable,4,Dark-Lighted,1,Dry,0,None,88,Not Applicable,88,Not Applicable,0,None,88,Not Applicable,88,Not Applicable,1,Non-Junction,1,Not at Intersection,1,No,1,No,88,Not Applicable,88,Not Applicable,88,Not Applicable,88,Not Applicable,FALSE,1,Public Road,1,"Trafficway, On Road",CT0009300,New Haven PD,42048,30:49.0,O,Open,27:31.0,,,,,,,
890402,1,Complete,890402,890402,41.30603,-72.94261,3392499,New Haven,93,93,New Haven,12/4/2021,2021,12,December,4,7,Saturday,21:51:00,21,21043708,A,2,,Motor Vehicle In Motion,"Injury of any type (Serious, Minor, Possible)",C,Possible Injury (C),0,0,4,Local,0.33,453,ORCHARD ST,ORCHARD ST,,LEGION AVE,50,Feet,S,41.30603,-72.94261,14,Motor Vehicle in Operation,1,Front to rear,1,On Roadway,1,Clear,88,Not Applicable,4,Dark-Lighted,1,Dry,0,None,88,Not Applicable,88,Not Applicable,0,None,88,Not Applicable,88,Not Applicable,3,Intersection-Related,2,Four-Way Intersection,1,No,1,No,88,Not Applicable,88,Not Applicable,88,Not Applicable,88,Not Applicable,TRUE,1,Public Road,1,"Trafficway, On Road",CT0009300,New Haven PD,476,01:05.0,C,Closed,27:17.0,,,,,,,
890405,1,Complete,890405,890405,41.331168,-72.972916,3392502,New Haven,93,93,New Haven,12/5/2021,2021,12,December,5,1,Sunday,1:43:00,1,21043721,A,1,,Curb,"Injury of any type (Serious, Minor, Possible)",B,Suspected Minor Injury (B),0,0,3,State,0.98,63,63-N,63-N,,DAVIS ST,40,Feet,N,41.331168,-72.972916,25,Curb,88,Not Applicable,1,On Roadway,1,Clear,88,Not Applicable,4,Dark-Lighted,1,Dry,99,Unknown,88,Not Applicable,88,Not Applicable,99,Unknown,88,Not Applicable,88,Not Applicable,1,Non-Junction,1,Not at Intersection,1,No,1,No,88,Not Applicable,88,Not Applicable,88,Not Applicable,88,Not Applicable,FALSE,1,Public Road,1,"Trafficway, On Road",CT0009300,New Haven PD,9,40:41.0,C,Closed,27:23.0,,4,22900,3,PRINCIPAL ARTERIAL - OTHER - NEW HPMS,2,Urban
890407,1,Complete,890407,890407,41.3219,-72.89652,3392504,New Haven,93,93,New Haven,12/5/2021,2021,12,December,5,1,Sunday,3:07:00,3,21043728,A,2,,Motor Vehicle In Motion,"Injury of any type (Serious, Minor, Possible)",B,Suspected Minor Injury (B),0,0,2,USRoute,0.57,5,5-N,5-N,,LYMAN ST,849,Feet,S,41.3219,-72.89652,14,Motor Vehicle in Operation,3,Angle,1,On Roadway,1,Clear,88,Not Applicable,5,Dark-Not Lighted,1,Dry,0,None,88,Not Applicable,88,Not Applicable,0,None,88,Not Applicable,88,Not Applicable,1,Non-Junction,1,Not at Intersection,1,No,1,No,88,Not Applicable,88,Not Applicable,88,Not Applicable,88,Not Applicable,FALSE,1,Public Road,1,"Trafficway, On Road",CT0009300,New Haven PD,38715,48:13.0,C,Closed,27:18.0,21-043728,2,17300,4,MINOR ARTERIAL - NEW HPMS,2,Urban
890421,1,Complete,890421,890421,41.320934,-72.874406,3392518,New Haven,93,93,New Haven,12/5/2021,2021,12,December,5,1,Sunday,22:14:00,22,21043824,A,2,,Motor Vehicle In Motion,"Injury of any type (Serious, Minor, Possible)",C,Possible Injury (C),0,0,3,State,0.42,80,80-E,80-E,,QUINNIPIAC AVE,105,Feet,E,41.320934,-72.874406,14,Motor Vehicle in Operation,3,Angle,1,On Roadway,1,Clear,88,Not Applicable,4,Dark-Lighted,1,Dry,0,None,88,Not Applicable,88,Not Applicable,0,None,88,Not Applicable,88,Not Applicable,8,Driveway Access,1,Not at Intersection,1,No,1,No,88,Not Applicable,88,Not Applicable,88,Not Applicable,88,Not Applicable,FALSE,1,Public Road,1,"Trafficway, On Road",CT0009300,New Haven PD,42055,08:41.0,C,Closed,27:26.0,,4,32100,3,PRINCIPAL ARTERIAL - OTHER - NEW HPMS,2,Urban
890426,1,Complete,890426,890426,41.32015,-72.893087,3392523,New Haven,93,93,New Haven,12/6/2021,2021,12,December,6,2,Monday,9:50:00,9,21043862,A,3,,Motor Vehicle In Motion,"Injury of any type (Serious, Minor, Possible)",C,Possible Injury (C),0,0,4,Local,0.49,411,MIDDLETOWN AV,MIDDLETOWN AV,CLINTON AV,,,,,41.32015,-72.893087,14,Motor Vehicle in Operation,1,Front to rear,1,On Roadway,1,Clear,88,Not Applicable,1,Daylight,2,Wet,0,None,88,Not Applicable,88,Not Applicable,0,None,88,Not Applicable,88,Not Applicable,1,Non-Junction,1,Not at Intersection,2,"Yes, School Bus Directly Involved",1,No,88,Not Applicable,88,Not Applicable,88,Not Applicable,88,Not Applicable,FALSE,1,Public Road,1,"Trafficway, On Road",CT0009300,New Haven PD,322,08:27.0,C,Closed,28:45.0,,2,10600,3,PRINCIPAL ARTERIAL - OTHER - NEW HPMS,2,Urban
890428,1,Complete,890428,890428,41.325373,-72.912832,3392525,New Haven,93,93,New Haven,12/6/2021,2021,12,December,6,2,Monday,8:51:00,8,21043879,A,2,,Motor Vehicle In Motion,"Injury of any type (Serious, Minor, Possible)",C,Possible Injury (C),0,0,4,Local,0.16,116,COLD SPRING ST,COLD SPRING ST,LIVINGSTON ST,,,,,41.325373,-72.912832,14,Motor Vehicle in Operation,3,Angle,1,On Roadway,2,Cloudy,88,Not Applicable,1,Daylight,1,Dry,0,None,88,Not Applicable,88,Not Applicable,0,None,88,Not Applicable,88,Not Applicable,2,Intersection,2,Four-Way Intersection,1,No,1,No,88,Not Applicable,88,Not Applicable,88,Not Applicable,88,Not Applicable,FALSE,1,Public Road,1,"Trafficway, On Road",CT0009300,New Haven PD,32,46:25.0,C,Closed,27:28.0,,,,,,,
890431,1,Complete,890431,890431,41.310696,-72.895908,3392528,New Haven,93,93,New Haven,12/6/2021,2021,12,December,6,2,Monday,16:38:00,16,21043927,A,2,,Motor Vehicle In Motion,"Injury of any type (Serious, Minor, Possible)",C,Possible Injury (C),0,0,4,Local,0.63,213,FERRY ST,FERRY ST,,CLAY ST,80,Feet,S,41.310696,-72.895908,14,Motor Vehicle in Operation,1,Front to rear,1,On Roadway,1,Clear,88,Not Applicable,1,Daylight,1,Dry,0,None,88,Not Applicable,88,Not Applicable,0,None,88,Not Applicable,88,Not Applicable,3,Intersection-Related,3,T-Intersection,1,No,1,No,88,Not Applicable,88,Not Applicable,88,Not Applicable,88,Not Applicable,FALSE,1,Public Road,1,"Trafficway, On Road",CT0009300,New Haven PD,150,48:55.0,C,Closed,27:39.0,,,,,,,
890446,1,Complete,890446,890446,41.303381,-72.893878,3392543,New Haven,93,93,New Haven,12/7/2021,2021,12,December,7,3,Tuesday,17:06:00,17,21044059,A,3,,Motor Vehicle In Motion,"Injury of any type (Serious, Minor, Possible)",C,Possible Injury (C),0,0,4,Local,1.16,213,FERRY ST,FERRY ST,,RIVER ST,25,Feet,S,41.303381,-72.893878,14,Motor Vehicle in Operation,1,Front to rear,1,On Roadway,1,Clear,88,Not Applicable,4,Dark-Lighted,1,Dry,0,None,88,Not Applicable,88,Not Applicable,0,None,88,Not Applicable,88,Not Applicable,11,Through Roadway,1,Not at Intersection,1,No,1,No,88,Not Applicable,88,Not Applicable,88,Not Applicable,88,Not Applicable,FALSE,1,Public Road,1,"Trafficway, On Road",CT0009300,New Haven PD,40793,48:52.0,C,Closed,27:41.0,,,,,,,
890451,1,Complete,890451,890451,41.33726,-72.97659,3392548,New Haven,93,93,New Haven,12/7/2021,2021,12,December,7,3,Tuesday,20:47:00,20,21044084,A,1,,Pedestrian,"Injury of any type (Serious, Minor, Possible)",C,Possible Injury (C),1,0,3,State,0.19,69,69-N,69-N,,15-N-114,300,Feet,S,41.33726,-72.97659,9,Pedestrian,88,Not Applicable,1,On Roadway,1,Clear,88,Not Applicable,4,Dark-Lighted,1,Dry,0,None,0,None,0,None,0,None,0,None,0,None,1,Non-Junction,1,Not at Intersection,1,No,1,No,88,Not Applicable,88,Not Applicable,88,Not Applicable,88,Not Applicable,FALSE,1,Public Road,1,"Trafficway, On Road",CT0009300,New Haven PD,55,43:11.0,C,Closed,27:43.0,,3,18000,3,PRINCIPAL ARTERIAL - OTHER - NEW HPMS,2,Urban
890456,1,Complete,890456,890456,41.297272,-72.94862,3392553,New Haven,93,93,New Haven,12/8/2021,2021,12,December,8,4,Wednesday,9:09:00,9,21044126,A,2,,Motor Vehicle In Motion,"Injury of any type (Serious, Minor, Possible)",B,Suspected Minor Injury (B),0,0,3,State,1.45,10,10-N,10-N,,COLUMBUS AVE,105,Feet,S,41.297272,-72.94862,14,Motor Vehicle in Operation,1,Front to rear,1,On Roadway,2,Cloudy,88,Not Applicable,1,Daylight,1,Dry,0,None,88,Not Applicable,88,Not Applicable,0,None,88,Not Applicable,88,Not Applicable,2,Intersection,2,Four-Way Intersection,1,No,1,No,88,Not Applicable,88,Not Applicable,88,Not Applicable,88,Not Applicable,TRUE,1,Public Road,1,"Trafficway, On Road",CT0009300,New Haven PD,362,04:18.0,C,Closed,27:45.0,,4,20700,3,PRINCIPAL ARTERIAL - OTHER - NEW HPMS,2,Urban
890462,1,Complete,890462,890462,41.316279,-72.96692,3392559,New Haven,93,93,New Haven,12/8/2021,2021,12,December,8,4,Wednesday,16:49:00,16,21044188,A,2,,Motor Vehicle In Motion,"Injury of any type (Serious, Minor, Possible)",C,Possible Injury (C),0,0,4,Local,4.05,97,CHAPEL ST,CHAPEL ST,ALDEN AV,,,,,41.316279,-72.96692,14,Motor Vehicle in Operation,3,Angle,1,On Roadway,7,Snow,88,Not Applicable,5,Dark-Not Lighted,2,Wet,0,None,88,Not Applicable,88,Not Applicable,0,None,88,Not Applicable,88,Not Applicable,2,Intersection,2,Four-Way Intersection,1,No,1,No,88,Not Applicable,88,Not Applicable,88,Not Applicable,88,Not Applicable,TRUE,1,Public Road,1,"Trafficway, On Road",CT0009300,New Haven PD,55,30:45.0,C,Closed,30:08.0,,,,,,,
890469,1,Complete,890469,890469,41.300933,-72.909363,3392566,New Haven,93,93,New Haven,12/9/2021,2021,12,December,9,5,Thursday,1:46:00,1,21044226,A,1,,Overturn/Rollover,"Injury of any type (Serious, Minor, Possible)",B,Suspected Minor Injury (B),0,0,2,USRoute,49.04,1,1-N,1-N,,EAST ST,390,Feet,E,41.300933,-72.909363,36,Fence,88,Not Applicable,1,On Roadway,1,Clear,88,Not Applicable,4,Dark-Lighted,5,Ice / Frost,1,Weather Conditions,97,Other,88,Not Applicable,0,None,88,Not Applicable,88,Not Applicable,2,Intersection,2,Four-Way Intersection,1,No,1,No,88,Not Applicable,88,Not Applicable,88,Not Applicable,88,Not Applicable,FALSE,1,Public Road,1,"Trafficway, On Road",CT0009300,New Haven PD,40952,18:52.0,C,Closed,27:52.0,,4,12400,3,PRINCIPAL ARTERIAL - OTHER - NEW HPMS,2,Urban
890473,1,Complete,890473,890473,41.321477,-72.928558,3392570,New Haven,93,93,New Haven,12/9/2021,2021,12,December,9,5,Thursday,5:34:00,5,21044233,A,1,,Utility Pole,"Injury of any type (Serious, Minor, Possible)",C,Possible Injury (C),0,0,4,Local,0.16,429,MUNSON ST,MUNSON ST,WINCHESTER AV,,,,,41.321477,-72.928558,33,Utility Pole/Light Support,88,Not Applicable,1,On Roadway,6,Freezing Rain or Freezing Drizzle,88,Not Applicable,4,Dark-Lighted,5,Ice / Frost,1,Weather Conditions,88,Not Applicable,88,Not Applicable,0,None,88,Not Applicable,88,Not Applicable,2,Intersection,2,Four-Way Intersection,1,No,1,No,88,Not Applicable,88,Not Applicable,88,Not Applicable,88,Not Applicable,FALSE,1,Public Road,1,"Trafficway, On Road",CT0009300,New Haven PD,41103,18:33.0,C,Closed,27:54.0,,2,8600,4,MINOR ARTERIAL - NEW HPMS,2,Urban
890712,1,Complete,890712,890712,41.316163,-72.926497,3392809,New Haven,93,93,New Haven,12/9/2021,2021,12,December,9,5,Thursday,6:47:00,6,21044239,A,2,,Motor Vehicle In Motion,"Injury of any type (Serious, Minor, Possible)",C,Possible Injury (C),0,0,4,Local,0.3,536,SACHEM ST,SACHEM ST,WINCHESTER AV,,,,,41.316163,-72.926497,14,Motor Vehicle in Operation,3,Angle,1,On Roadway,1,Clear,88,Not Applicable,1,Daylight,5,Ice / Frost,1,Weather Conditions,88,Not Applicable,88,Not Applicable,0,None,88,Not Applicable,88,Not Applicable,2,Intersection,5,L-Intersection,1,No,1,No,88,Not Applicable,88,Not Applicable,88,Not Applicable,88,Not Applicable,FALSE,1,Public Road,1,"Trafficway, On Road",CT0009300,New Haven PD,125,12:45.0,C,Closed,27:54.0,,,,,,,
890715,1,Complete,890715,890715,41.31507,-72.92649,3392812,New Haven,93,93,New Haven,12/9/2021,2021,12,December,9,5,Thursday,7:19:00,7,21044243,A,2,,Motor Vehicle In Motion,"Injury of any type (Serious, Minor, Possible)",C,Possible Injury (C),0,0,4,Local,0,782,CANAL ST NO 2,CANAL ST NO 2,LOCK ST,,,,,41.31507,-72.92649,14,Motor Vehicle in Operation,1,Front to rear,1,On Roadway,1,Clear,88,Not Applicable,1,Daylight,5,Ice / Frost,0,None,88,Not Applicable,88,Not Applicable,0,None,88,Not Applicable,88,Not Applicable,2,Intersection,5,L-Intersection,2,"Yes, School Bus Directly Involved",1,No,88,Not Applicable,88,Not Applicable,88,Not Applicable,88,Not Applicable,FALSE,1,Public Road,1,"Trafficway, On Road",CT0009300,New Haven PD,40810,45:15.0,C,Closed,27:55.0,,,,,,,
890717,1,Complete,890717,890717,41.290361,-72.894127,3392814,New Haven,93,93,New Haven,12/9/2021,2021,12,December,9,5,Thursday,8:28:00,8,21044251,A,2,,Motor Vehicle In Motion,"Injury of any type (Serious, Minor, Possible)",C,Possible Injury (C),0,0,4,Local,1.46,678,WOODWARD AV,WOODWARD AV,FORBES AVE,,,,,41.290361,-72.894127,14,Motor Vehicle in Operation,1,Front to rear,1,On Roadway,6,Freezing Rain or Freezing Drizzle,88,Not Applicable,1,Daylight,5,Ice / Frost,1,Weather Conditions,88,Not Applicable,88,Not Applicable,0,None,88,Not Applicable,88,Not Applicable,11,Through Roadway,1,Not at Intersection,2,"Yes, School Bus Directly Involved",1,No,88,Not Applicable,88,Not Applicable,88,Not Applicable,88,Not Applicable,FALSE,1,Public Road,1,"Trafficway, On Road",CT0009300,New Haven PD,40793,53:24.0,C,Closed,27:56.0,,,,,,,
890725,1,Complete,890725,890725,41.319197,-72.892967,3392822,New Haven,93,93,New Haven,12/9/2021,2021,12,December,9,5,Thursday,13:57:00,13,21044300,A,2,,Motor Vehicle In Motion,"Injury of any type (Serious, Minor, Possible)",C,Possible Injury (C),0,0,4,Local,0.18,36,BAILEY ST,BAILEY ST,CLINTON AV,,,,,41.319197,-72.892967,14,Motor Vehicle in Operation,3,Angle,1,On Roadway,1,Clear,88,Not Applicable,1,Daylight,1,Dry,0,None,88,Not Applicable,88,Not Applicable,0,None,88,Not Applicable,88,Not Applicable,2,Intersection,2,Four-Way Intersection,1,No,1,No,88,Not Applicable,88,Not Applicable,88,Not Applicable,88,Not Applicable,TRUE,1,Public Road,1,"Trafficway, On Road",CT0009300,New Haven PD,263,48:38.0,C,Closed,28:17.0,,,,,,,
890731,1,Complete,890731,890731,41.297747,-72.936095,3392828,New Haven,93,93,New Haven,12/9/2021,2021,12,December,9,5,Thursday,18:19:00,18,21044319,A,2,,Motor Vehicle In Motion,"Injury of any type (Serious, Minor, Possible)",C,Possible Injury (C),0,0,2,USRoute,47.31,1,1-N,1-N,HALLOCK ST,,,,,41.297747,-72.936095,14,Motor Vehicle in Operation,1,Front to rear,1,On Roadway,1,Clear,88,Not Applicable,1,Daylight,1,Dry,0,None,88,Not Applicable,88,Not Applicable,0,None,88,Not Applicable,88,Not Applicable,3,Intersection-Related,3,T-Intersection,1,No,1,No,88,Not Applicable,88,Not Applicable,88,Not Applicable,88,Not Applicable,TRUE,1,Public Road,1,"Trafficway, On Road",CT0009300,New Haven PD,40814,13:26.0,C,Closed,28:12.0,,2,8600,3,PRINCIPAL ARTERIAL - OTHER - NEW HPMS,2,Urban
890734,1,Complete,890734,890734,41.303993,-72.934859,3392831,New Haven,93,93,New Haven,12/9/2021,2021,12,December,9,5,Thursday,18:19:00,18,21044328,A,1,,Pedestrian,"Injury of any type (Serious, Minor, Possible)",C,Possible Injury (C),1,0,4,Local,0.1,766,YORK ST,YORK ST,,CEDAR ST,10,Feet,N,41.303993,-72.934859,9,Pedestrian,88,Not Applicable,1,On Roadway,1,Clear,88,Not Applicable,4,Dark-Lighted,1,Dry,0,None,88,Not Applicable,88,Not Applicable,0,None,88,Not Applicable,88,Not Applicable,1,Non-Junction,1,Not at Intersection,1,No,1,No,88,Not Applicable,88,Not Applicable,88,Not Applicable,88,Not Applicable,FALSE,1,Public Road,1,"Trafficway, On Road",CT0009300,New Haven PD,40818,39:03.0,C,Closed,28:10.0,,2,5600,4,MINOR ARTERIAL - NEW HPMS,2,Urban
890735,1,Complete,890735,890735,41.301048,-72.942262,3392832,New Haven,93,93,New Haven,12/9/2021,2021,12,December,9,5,Thursday,18:28:00,18,21044339,A,2,,Motor Vehicle In Motion,"Injury of any type (Serious, Minor, Possible)",C,Possible Injury (C),0,0,4,Local,0.37,141,DAVENPORT AV,DAVENPORT AV,STEVENS ST,,,,,41.301048,-72.942262,14,Motor Vehicle in Operation,4,"Sideswipe, same direction",1,On Roadway,1,Clear,88,Not Applicable,4,Dark-Lighted,1,Dry,97,Other,88,Not Applicable,88,Not Applicable,0,None,88,Not Applicable,88,Not Applicable,2,Intersection,3,T-Intersection,1,No,1,No,88,Not Applicable,88,Not Applicable,88,Not Applicable,88,Not Applicable,FALSE,1,Public Road,1,"Trafficway, On Road",CT0009300,New Haven PD,34,35:42.0,C,Closed,28:19.0,,,,,,,
890738,1,Complete,890738,890738,41.329292,-72.928483,3392835,New Haven,93,93,New Haven,12/10/2021,2021,12,December,10,6,Friday,6:35:00,6,21044370,A,2,,Parked Vehicle,"Injury of any type (Serious, Minor, Possible)",B,Suspected Minor Injury (B),0,0,4,Local,0.38,434,NEWHALL ST,NEWHALL ST,,IVY ST,75,Feet,N,41.329292,-72.928483,15,Parked Motor Vehicle,1,Front to rear,1,On Roadway,1,Clear,88,Not Applicable,2,Dawn,1,Dry,0,None,88,Not Applicable,88,Not Applicable,0,None,88,Not Applicable,88,Not Applicable,1,Non-Junction,1,Not at Intersection,1,No,1,No,88,Not Applicable,88,Not Applicable,88,Not Applicable,1,No,FALSE,1,Public Road,1,"Trafficway, On Road",CT0009300,New Haven PD,41103,22:37.0,C,Closed,28:18.0,,,,,,,
890744,1,Complete,890744,890744,41.330792,-72.966685,3392841,New Haven,93,93,New Haven,12/10/2021,2021,12,December,10,6,Friday,14:49:00,14,21044410,A,2,,Motor Vehicle In Motion,"Injury of any type (Serious, Minor, Possible)",A,Suspected Serious Injury (A),0,0,4,Local,0.77,612,VALLEY ST NO 1,VALLEY ST NO 1,,W HILLS RD,95,Feet,W,41.330792,-72.966685,14,Motor Vehicle in Operation,1,Front to rear,1,On Roadway,1,Clear,1,Clear,1,Daylight,1,Dry,0,None,88,Not Applicable,88,Not Applicable,0,None,88,Not Applicable,88,Not Applicable,3,Intersection-Related,3,T-Intersection,1,No,1,No,88,Not Applicable,88,Not Applicable,88,Not Applicable,88,Not Applicable,FALSE,1,Public Road,1,"Trafficway, On Road",CT0009300,New Haven PD,74,49:56.0,C,Closed,28:20.0,,,,,,,
890753,1,Complete,890753,890753,41.327546,-72.937172,3392850,New Haven,93,93,New Haven,12/10/2021,2021,12,December,10,6,Friday,20:53:00,20,21044446,A,1,,Pedestrian,"Injury of any type (Serious, Minor, Possible)",C,Possible Injury (C),1,0,4,Local,0.58,557,SHERMAN PKWY,SHERMAN PKWY,HARDING PL,,,,,41.327546,-72.937172,9,Pedestrian,88,Not Applicable,1,On Roadway,1,Clear,88,Not Applicable,4,Dark-Lighted,1,Dry,0,None,88,Not Applicable,88,Not Applicable,0,None,88,Not Applicable,88,Not Applicable,2,Intersection,3,T-Intersection,1,No,1,No,88,Not Applicable,88,Not Applicable,88,Not Applicable,88,Not Applicable,FALSE,1,Public Road,1,"Trafficway, On Road",CT0009300,New Haven PD,42042,19:52.0,C,Closed,28:36.0,,1,6300,4,MINOR ARTERIAL - NEW HPMS,2,Urban
890755,1,Complete,890755,890755,41.328375,-72.951744,3392852,New Haven,93,93,New Haven,12/10/2021,2021,12,December,10,6,Friday,20:36:00,20,21044452,A,2,,Motor Vehicle In Motion,"Injury of any type (Serious, Minor, Possible)",C,Possible Injury (C),0,0,3,State,3.97,10,10-N,10-N,DYER ST,,,,,41.328375,-72.951744,14,Motor Vehicle in Operation,1,Front to rear,1,On Roadway,1,Clear,88,Not Applicable,5,Dark-Not Lighted,1,Dry,0,None,88,Not Applicable,88,Not Applicable,0,None,88,Not Applicable,88,Not Applicable,2,Intersection,3,T-Intersection,1,No,1,No,88,Not Applicable,88,Not Applicable,88,Not Applicable,88,Not Applicable,FALSE,1,Public Road,1,"Trafficway, On Road",CT0009300,New Haven PD,402,44:45.0,C,Closed,28:22.0,,2,13100,4,MINOR ARTERIAL - NEW HPMS,2,Urban
890756,1,Complete,890756,890756,41.324975,-72.95695,3392853,New Haven,93,93,New Haven,12/10/2021,2021,12,December,10,6,Friday,22:52:00,22,21044464,A,2,,Motor Vehicle In Motion,"Injury of any type (Serious, Minor, Possible)",A,Suspected Serious Injury (A),0,0,3,State,0,63,63-N,63-N,10-N,,,,,41.324975,-72.95695,14,Motor Vehicle in Operation,3,Angle,1,On Roadway,2,Cloudy,88,Not Applicable,4,Dark-Lighted,1,Dry,0,None,88,Not Applicable,88,Not Applicable,0,None,88,Not Applicable,88,Not Applicable,2,Intersection,3,T-Intersection,1,No,1,No,88,Not Applicable,88,Not Applicable,88,Not Applicable,88,Not Applicable,FALSE,1,Public Road,1,"Trafficway, On Road",CT0009300,New Haven PD,40956,37:39.0,C,Closed,28:25.0,,4,23100,3,PRINCIPAL ARTERIAL - OTHER - NEW HPMS,2,Urban
890758,1,Complete,890758,890758,41.3209,-72.93606,3392855,New Haven,93,93,New Haven,12/11/2021,2021,12,December,11,7,Saturday,9:05:00,9,21044495,A,3,,Motor Vehicle In Motion,"Injury of any type (Serious, Minor, Possible)",C,Possible Injury (C),0,0,4,Local,1.42,453,ORCHARD ST,ORCHARD ST,HENRY ST,,,,,41.3209,-72.93606,14,Motor Vehicle in Operation,3,Angle,1,On Roadway,4,Rain,88,Not Applicable,1,Daylight,2,Wet,99,Unknown,88,Not Applicable,88,Not Applicable,0,None,88,Not Applicable,88,Not Applicable,3,Intersection-Related,2,Four-Way Intersection,1,No,1,No,88,Not Applicable,88,Not Applicable,88,Not Applicable,88,Not Applicable,FALSE,1,Public Road,1,"Trafficway, On Road",CT0009300,New Haven PD,991,27:46.0,C,Closed,28:46.0,,,,,,,
890769,1,Complete,890769,890769,41.29482,-72.93825,3392866,New Haven,93,93,New Haven,12/11/2021,2021,12,December,11,7,Saturday,18:36:00,18,21044552,A,2,,Motor Vehicle In Motion,"Injury of any type (Serious, Minor, Possible)",C,Possible Injury (C),1,0,4,Local,0.45,626,WASHINGTON AV NO 1,WASHINGTON AV NO 1,HURLBURT ST,,,Feet,,41.29482,-72.93825,14,Motor Vehicle in Operation,1,Front to rear,1,On Roadway,2,Cloudy,88,Not Applicable,4,Dark-Lighted,2,Wet,0,None,88,Not Applicable,88,Not Applicable,0,None,88,Not Applicable,88,Not Applicable,2,Intersection,3,T-Intersection,1,No,1,No,88,Not Applicable,88,Not Applicable,88,Not Applicable,88,Not Applicable,TRUE,1,Public Road,1,"Trafficway, On Road",CT0009300,New Haven PD,251,29:38.0,C,Closed,28:40.0,,,,,,,
890771,1,Complete,890771,890771,41.328068,-72.935159,3392868,New Haven,93,93,New Haven,12/11/2021,2021,12,December,11,7,Saturday,18:58:00,18,21044557,A,2,,Motor Vehicle In Motion,"Injury of any type (Serious, Minor, Possible)",B,Suspected Minor Injury (B),0,0,4,Local,1.07,152,DIXWELL AV,DIXWELL AV,THOMPSON ST,,,,N,41.328068,-72.935159,14,Motor Vehicle in Operation,3,Angle,1,On Roadway,2,Cloudy,88,Not Applicable,4,Dark-Lighted,2,Wet,0,None,88,Not Applicable,88,Not Applicable,0,None,88,Not Applicable,88,Not Applicable,1,Non-Junction,1,Not at Intersection,1,No,1,No,88,Not Applicable,88,Not Applicable,88,Not Applicable,88,Not Applicable,TRUE,1,Public Road,1,"Trafficway, On Road",CT0009300,New Haven PD,42054,28:49.0,C,Closed,28:33.0,,,,,,,