CrashId,Fatal Case Status,Fatal Case Status Text Format,CrashId,CrashId,Latitude,Longitude,DOT Case Number,Town Name,Town Number,Town Number,Town Number Text Format,Date Of Crash,Year,Month,Month Text Format,Day,Day of the Week,Day of the Week Text Format,Time of Crash,Hour of the Day,Case Identifier,Crash Severity,Number Of Motor Vehicles,Motor vehicle action,Most harmful event,Crash Severity Text Format,Most Severe Injury,Most Severe Injury Text Format,Number Of Non-Motorist,Number Of Witnesses,Route Class,Route Class Text Format,Milemarker,Road Number,Road Description,Roadway Name,Intersecting Roadway Name,Landmark Description,Distance From Nearest Landmark,Unit Of Measure From Nearest Landmark,Direction From Nearest Landmark,Latitude,Longitude,First Harmful Event,First Harmful Event Text Format,Manner of Crash / Collision Impact,Manner of Crash / Collision Impact Text Format,Location of First Harmful Event,Location of First Harmful Event Text Format,Weather Condition,Weather Condition Text Format,Weather 2,Weather 2 Text Format,Light Condition,Light Condition Text Format,Road Surface Condition,Road Surface Condition Text Format,"Contributing Circumstances, Environment","Contributing Circumstances, Environment Text Format",Environment 2,Environment 2 Text Format,Environment 3,Environment 3 Text Format,"Contributing Circumstances, Road","Contributing Circumstances, Road Text Format",Road 2,Road 2 Text Format,Road 3,Road 3 Text Format,Crash Specific Location,Crash Specific Location Text Format,Type of Intersection,Type of Intersection Text Format,School Bus Related,School Bus Related Text Format,Work Zone Related,Work Zone Related Text Format,Location Of Crash Relative To Work Zone,Location Of Crash Relative To Work Zone Text Format,Type of Work Zone,Type of Work Zone Text Format,Worker Presence,Worker Presence Text Format,Law Enforcement Presence,Law Enforcement Presence Text Format,Were Vehicles Moved Prior To Police Arrival,Trafficway Ownership,Trafficway Ownership Text Format,Trafficway Class,Trafficway Class Text Format,Police Agency,Police Agency Text Format,Badge Number,Approval Date,Police Case Status,Police Case Status Text Format,Crash Report Submission Date,Related Case Identifiers,No. of Through Lanes (Log Dir.),Average Daily Traffic,Functional Classification,Functional Classification Text Format,Rural or Urban,Rural or Urban Text Format
890772,1,Complete,890772,890772,41.31846,-72.94752,3392869,New Haven,93,93,New Haven,12/11/2021,2021,12,December,11,7,Saturday,20:46:00,20,21044567,A,2,,Motor Vehicle In Motion,"Injury of any type (Serious, Minor, Possible)",B,Suspected Minor Injury (B),0,0,4,Local,0.08,653,WHALLEY AV,WHALLEY AV,ELLSWORTH AV,,,,,41.31846,-72.94752,14,Motor Vehicle in Operation,3,Angle,1,On Roadway,4,Rain,88,Not Applicable,4,Dark-Lighted,2,Wet,99,Unknown,88,Not Applicable,88,Not Applicable,99,Unknown,88,Not Applicable,88,Not Applicable,2,Intersection,2,Four-Way Intersection,1,No,1,No,88,Not Applicable,88,Not Applicable,88,Not Applicable,88,Not Applicable,FALSE,1,Public Road,1,"Trafficway, On Road",CT0009300,New Haven PD,9,53:46.0,O,Open,28:41.0,,,,,,,
890776,1,Complete,890776,890776,41.305652,-72.894773,3392873,New Haven,93,93,New Haven,12/12/2021,2021,12,December,12,1,Sunday,3:06:00,3,21044601,A,2,,Motor Vehicle In Motion,"Injury of any type (Serious, Minor, Possible)",C,Possible Injury (C),2,0,4,Local,0.99,213,FERRY ST,FERRY ST,,CHAMBERS STREET,300,Feet,S,41.305652,-72.894773,14,Motor Vehicle in Operation,5,"Sideswipe, opposite direction",1,On Roadway,1,Clear,88,Not Applicable,4,Dark-Lighted,1,Dry,0,None,88,Not Applicable,88,Not Applicable,0,None,88,Not Applicable,88,Not Applicable,1,Non-Junction,1,Not at Intersection,1,No,1,No,88,Not Applicable,88,Not Applicable,88,Not Applicable,88,Not Applicable,FALSE,1,Public Road,1,"Trafficway, On Road",CT0009300,New Haven PD,370,52:31.0,C,Closed,28:45.0,,,,,,,
890783,1,Complete,890783,890783,41.315695,-72.934993,3392880,New Haven,93,93,New Haven,12/12/2021,2021,12,December,12,1,Sunday,19:27:00,19,21044653,A,2,,Motor Vehicle In Motion,"Injury of any type (Serious, Minor, Possible)",C,Possible Injury (C),0,0,4,Local,0.48,257,GOFFE ST,GOFFE ST,GOFFE ST,,,,,41.315695,-72.934993,14,Motor Vehicle in Operation,1,Front to rear,1,On Roadway,1,Clear,88,Not Applicable,4,Dark-Lighted,1,Dry,0,None,88,Not Applicable,88,Not Applicable,0,None,88,Not Applicable,88,Not Applicable,2,Intersection,2,Four-Way Intersection,1,No,1,No,88,Not Applicable,88,Not Applicable,88,Not Applicable,88,Not Applicable,FALSE,1,Public Road,1,"Trafficway, On Road",CT0009300,New Haven PD,9,17:18.0,C,Closed,28:50.0,,,,,,,
890799,1,Complete,890799,890799,41.31411,-72.89666,3392896,New Haven,93,93,New Haven,12/13/2021,2021,12,December,13,2,Monday,21:15:00,21,21044765,A,2,,Motor Vehicle In Motion,"Injury of any type (Serious, Minor, Possible)",C,Possible Injury (C),0,0,4,Local,0.38,213,FERRY ST,FERRY ST,CHATHAM ST,,,,,41.31411,-72.89666,14,Motor Vehicle in Operation,1,Front to rear,1,On Roadway,1,Clear,88,Not Applicable,4,Dark-Lighted,1,Dry,0,None,88,Not Applicable,88,Not Applicable,0,None,88,Not Applicable,88,Not Applicable,2,Intersection,2,Four-Way Intersection,1,No,1,No,88,Not Applicable,88,Not Applicable,88,Not Applicable,88,Not Applicable,FALSE,1,Public Road,1,"Trafficway, On Road",CT0009300,New Haven PD,754,57:52.0,C,Closed,29:51.0,,,,,,,
890803,1,Complete,890803,890803,41.320863,-72.918243,3392900,New Haven,93,93,New Haven,12/14/2021,2021,12,December,14,3,Tuesday,5:10:00,5,21044791,A,3,,Motor Vehicle In Motion,"Injury of any type (Serious, Minor, Possible)",C,Possible Injury (C),0,0,4,Local,0.76,656,WHITNEY AV,WHITNEY AV,,LAWRENCE ST,50,Feet,N,41.320863,-72.918243,14,Motor Vehicle in Operation,3,Angle,2,Shoulder,1,Clear,88,Not Applicable,4,Dark-Lighted,1,Dry,0,None,88,Not Applicable,88,Not Applicable,0,None,88,Not Applicable,88,Not Applicable,1,Non-Junction,1,Not at Intersection,1,No,1,No,88,Not Applicable,88,Not Applicable,88,Not Applicable,88,Not Applicable,FALSE,1,Public Road,1,"Trafficway, On Road",CT0009300,New Haven PD,65,15:13.0,C,Closed,31:11.0,,,,,,,
890877,1,Complete,890877,890877,41.31456,-72.949442,3392974,New Haven,93,93,New Haven,12/14/2021,2021,12,December,14,3,Tuesday,13:32:00,13,21044827,A,2,,Motor Vehicle In Motion,"Injury of any type (Serious, Minor, Possible)",B,Suspected Minor Injury (B),0,0,4,Local,1.15,179,EDGEWOOD AV,EDGEWOOD AV,ELLSWORTH AV,,,,,41.31456,-72.949442,14,Motor Vehicle in Operation,3,Angle,1,On Roadway,1,Clear,88,Not Applicable,1,Daylight,1,Dry,0,None,88,Not Applicable,88,Not Applicable,0,None,88,Not Applicable,88,Not Applicable,2,Intersection,2,Four-Way Intersection,1,No,1,No,88,Not Applicable,88,Not Applicable,88,Not Applicable,88,Not Applicable,TRUE,1,Public Road,1,"Trafficway, On Road",CT0009300,New Haven PD,362,26:02.0,C,Closed,29:11.0,,,,,,,
890881,1,Complete,890881,890881,41.3108,-72.9224,3392978,New Haven,93,93,New Haven,12/14/2021,2021,12,December,14,3,Tuesday,13:42:00,13,21044852,A,2,,Motor Vehicle In Motion,"Injury of any type (Serious, Minor, Possible)",C,Possible Injury (C),0,0,4,Local,0.02,656,WHITNEY AV,WHITNEY AV,,GROVE ST,25,Feet,N,41.3108,-72.9224,14,Motor Vehicle in Operation,4,"Sideswipe, same direction",1,On Roadway,1,Clear,88,Not Applicable,1,Daylight,1,Dry,0,None,88,Not Applicable,88,Not Applicable,0,None,88,Not Applicable,88,Not Applicable,1,Non-Junction,1,Not at Intersection,1,No,1,No,88,Not Applicable,88,Not Applicable,88,Not Applicable,88,Not Applicable,TRUE,1,Public Road,1,"Trafficway, On Road",CT0009300,New Haven PD,40790,24:48.0,C,Closed,29:05.0,,,,,,,
890882,1,Complete,890882,890882,41.298631,-72.929335,3392979,New Haven,93,93,New Haven,12/14/2021,2021,12,December,14,3,Tuesday,17:29:00,17,21044869,A,2,,Motor Vehicle In Motion,"Injury of any type (Serious, Minor, Possible)",C,Possible Injury (C),0,0,2,USRoute,47.68,1,1-S,1-S,,,,,,41.298631,-72.929335,14,Motor Vehicle in Operation,3,Angle,1,On Roadway,1,Clear,88,Not Applicable,4,Dark-Lighted,1,Dry,0,None,88,Not Applicable,88,Not Applicable,0,None,88,Not Applicable,88,Not Applicable,2,Intersection,2,Four-Way Intersection,1,No,1,No,88,Not Applicable,88,Not Applicable,88,Not Applicable,88,Not Applicable,TRUE,1,Public Road,1,"Trafficway, On Road",CT0009300,New Haven PD,281,05:50.0,O,Open,29:08.0,,3,9000,3,PRINCIPAL ARTERIAL - OTHER - NEW HPMS,2,Urban
890888,1,Complete,890888,890888,41.2909026,-72.9415701,3392985,New Haven,93,93,New Haven,12/14/2021,2021,12,December,14,3,Tuesday,0:00:00,0,21044905,A,2,,Motor Vehicle In Motion,"Injury of any type (Serious, Minor, Possible)",C,Possible Injury (C),0,0,3,State,0.88,10,10-N,10-N,WASHINGTON AV NO 1,,,,,41.2909026,-72.9415701,14,Motor Vehicle in Operation,3,Angle,1,On Roadway,1,Clear,88,Not Applicable,4,Dark-Lighted,1,Dry,0,None,88,Not Applicable,88,Not Applicable,0,None,88,Not Applicable,88,Not Applicable,2,Intersection,2,Four-Way Intersection,1,No,1,No,88,Not Applicable,88,Not Applicable,88,Not Applicable,88,Not Applicable,TRUE,1,Public Road,1,"Trafficway, On Road",CT0009300,New Haven PD,40952,32:27.0,O,Open,29:10.0,,4,20200,3,PRINCIPAL ARTERIAL - OTHER - NEW HPMS,2,Urban
890892,1,Complete,890892,890892,41.320706,-72.874186,3392989,New Haven,93,93,New Haven,12/15/2021,2021,12,December,15,4,Wednesday,10:01:00,10,21044934,A,2,,Motor Vehicle In Motion,"Injury of any type (Serious, Minor, Possible)",C,Possible Injury (C),0,0,3,State,0.44,80,80-E,80-E,,QUINNIPIAC AVE,500,Feet,W,41.320706,-72.874186,14,Motor Vehicle in Operation,3,Angle,1,On Roadway,1,Clear,88,Not Applicable,1,Daylight,1,Dry,0,None,88,Not Applicable,88,Not Applicable,0,None,88,Not Applicable,88,Not Applicable,1,Non-Junction,1,Not at Intersection,1,No,1,No,88,Not Applicable,88,Not Applicable,88,Not Applicable,88,Not Applicable,TRUE,1,Public Road,1,"Trafficway, On Road",CT0009300,New Haven PD,175,09:44.0,C,Closed,30:25.0,,4,32100,3,PRINCIPAL ARTERIAL - OTHER - NEW HPMS,2,Urban
890902,1,Complete,890902,890902,41.320558,-72.951156,3392999,New Haven,93,93,New Haven,12/15/2021,2021,12,December,15,4,Wednesday,17:27:00,17,21044992,A,1,,Pedestrian,"Injury of any type (Serious, Minor, Possible)",C,Possible Injury (C),1,0,3,State,3.18,10,10-N,10-N,,HOBART ST,20,Feet,W,41.320558,-72.951156,9,Pedestrian,88,Not Applicable,1,On Roadway,2,Cloudy,88,Not Applicable,5,Dark-Not Lighted,1,Dry,0,None,88,Not Applicable,88,Not Applicable,0,None,88,Not Applicable,88,Not Applicable,1,Non-Junction,1,Not at Intersection,1,No,1,No,88,Not Applicable,88,Not Applicable,88,Not Applicable,88,Not Applicable,FALSE,1,Public Road,1,"Trafficway, On Road",CT0009300,New Haven PD,40812,10:03.0,C,Closed,29:25.0,,4,18000,3,PRINCIPAL ARTERIAL - OTHER - NEW HPMS,2,Urban
890909,1,Complete,890909,890909,41.308032,-72.915583,3393006,New Haven,93,93,New Haven,12/16/2021,2021,12,December,16,5,Thursday,8:33:00,8,21045044,A,1,,Utility Pole,"Injury of any type (Serious, Minor, Possible)",C,Possible Injury (C),0,0,4,Local,1.55,264,GRAND AV,GRAND AV,,JEFFERSON ST,85,Feet,E,41.308032,-72.915583,25,Curb,88,Not Applicable,4,Roadside,2,Cloudy,88,Not Applicable,1,Daylight,2,Wet,0,None,88,Not Applicable,88,Not Applicable,0,None,88,Not Applicable,88,Not Applicable,1,Non-Junction,1,Not at Intersection,1,No,1,No,88,Not Applicable,88,Not Applicable,88,Not Applicable,88,Not Applicable,FALSE,1,Public Road,1,"Trafficway, On Road",CT0009300,New Haven PD,469,10:40.0,C,Closed,29:41.0,,2,9100,4,MINOR ARTERIAL - NEW HPMS,2,Urban
890911,1,Complete,890911,890911,41.312096,-72.919342,3393008,New Haven,93,93,New Haven,12/16/2021,2021,12,December,16,5,Thursday,10:39:00,10,21045054,A,1,,Other Non-Collision,"Injury of any type (Serious, Minor, Possible)",C,Possible Injury (C),1,0,1,Interstate,0.53,91,91-N-134,Orange St ,TRUMBULL ST,,,,,41.312096,-72.919342,8,Other Non-Collision,88,Not Applicable,1,On Roadway,1,Clear,88,Not Applicable,1,Daylight,1,Dry,0,None,88,Not Applicable,88,Not Applicable,0,None,88,Not Applicable,88,Not Applicable,2,Intersection,2,Four-Way Intersection,1,No,1,No,88,Not Applicable,88,Not Applicable,88,Not Applicable,88,Not Applicable,FALSE,1,Public Road,1,"Trafficway, On Road",CT0009300,New Haven PD,32,42:07.0,C,Closed,29:27.0,,2,900,3,PRINCIPAL ARTERIAL - OTHER - NEW HPMS,2,Urban
890912,1,Complete,890912,890912,41.288776,-72.892355,3393009,New Haven,93,93,New Haven,12/16/2021,2021,12,December,16,5,Thursday,11:01:00,11,21045055,A,2,,Motor Vehicle In Motion,"Injury of any type (Serious, Minor, Possible)",C,Possible Injury (C),0,0,3,State,0.07,337,337-E,337-E,MAIN ST NO 2,,,,,41.288776,-72.892355,14,Motor Vehicle in Operation,3,Angle,1,On Roadway,1,Clear,88,Not Applicable,1,Daylight,1,Dry,0,None,88,Not Applicable,88,Not Applicable,0,None,88,Not Applicable,88,Not Applicable,2,Intersection,2,Four-Way Intersection,1,No,1,No,88,Not Applicable,88,Not Applicable,88,Not Applicable,88,Not Applicable,FALSE,1,Public Road,1,"Trafficway, On Road",CT0009300,New Haven PD,40953,15:40.0,C,Closed,30:00.0,,4,14000,4,MINOR ARTERIAL - NEW HPMS,2,Urban
891170,1,Complete,891170,891170,41.328827,-72.965404,3393267,New Haven,93,93,New Haven,1/6/2021,2021,1,January,6,4,Wednesday,15:41:00,15,21000605,A,3,,Motor Vehicle In Motion,"Injury of any type (Serious, Minor, Possible)",C,Possible Injury (C),0,0,3,State,0.54,63,63-N,63-N,,EMERSON ST,60,Feet,W,41.328827,-72.965404,14,Motor Vehicle in Operation,1,Front to rear,1,On Roadway,1,Clear,1,Clear,1,Daylight,1,Dry,0,None,0,None,88,Not Applicable,0,None,88,Not Applicable,88,Not Applicable,3,Intersection-Related,3,T-Intersection,1,No,1,No,88,Not Applicable,88,Not Applicable,88,Not Applicable,88,Not Applicable,TRUE,1,Public Road,1,"Trafficway, On Road",CT0009300,New Haven PD,74,36:45.0,C,Closed,16:37.0,,3,20300,3,PRINCIPAL ARTERIAL - OTHER - NEW HPMS,2,Urban
891178,1,Complete,891178,891178,41.312778,-72.932792,3393275,New Haven,93,93,New Haven,1/24/2021,2021,1,January,24,1,Sunday,7:25:00,7,21002785,A,2,,Motor Vehicle In Motion,"Injury of any type (Serious, Minor, Possible)",C,Possible Injury (C),0,0,4,Local,0.95,653,WHALLEY AV,WHALLEY AV,HOWE ST,,,,,41.312778,-72.932792,14,Motor Vehicle in Operation,3,Angle,1,On Roadway,1,Clear,88,Not Applicable,1,Daylight,1,Dry,0,None,88,Not Applicable,88,Not Applicable,0,None,88,Not Applicable,88,Not Applicable,2,Intersection,3,T-Intersection,1,No,1,No,88,Not Applicable,88,Not Applicable,88,Not Applicable,88,Not Applicable,FALSE,1,Public Road,1,"Trafficway, On Road",CT0009300,New Haven PD,465,01:12.0,C,Closed,16:43.0,,,,,,,
891180,1,Complete,891180,891180,41.3088935,-72.8973468,3393277,New Haven,93,93,New Haven,1/25/2021,2021,1,January,25,2,Monday,8:38:00,8,21002883,A,2,,Motor Vehicle In Motion,"Injury of any type (Serious, Minor, Possible)",C,Possible Injury (C),0,1,4,Local,0.6,264,GRAND AV,GRAND AV,,POPLAR ST,50,Feet,W,41.3088935,-72.8973468,14,Motor Vehicle in Operation,3,Angle,1,On Roadway,1,Clear,88,Not Applicable,1,Daylight,1,Dry,0,None,88,Not Applicable,88,Not Applicable,0,None,88,Not Applicable,88,Not Applicable,1,Non-Junction,1,Not at Intersection,1,No,1,No,88,Not Applicable,88,Not Applicable,88,Not Applicable,88,Not Applicable,FALSE,1,Public Road,1,"Trafficway, On Road",CT0009300,New Haven PD,40815,28:54.0,C,Closed,16:44.0,21-002883,,,,,,
891185,1,Complete,891185,891185,41.312954,-72.933023,3393282,New Haven,93,93,New Haven,2/5/2021,2021,2,February,5,6,Friday,14:03:00,14,21004357,A,2,,Motor Vehicle In Motion,"Injury of any type (Serious, Minor, Possible)",C,Possible Injury (C),0,1,4,Local,0.95,653,WHALLEY AV,WHALLEY AV,HOWE ST,,,,,41.312954,-72.933023,14,Motor Vehicle in Operation,3,Angle,1,On Roadway,1,Clear,88,Not Applicable,1,Daylight,2,Wet,0,None,88,Not Applicable,88,Not Applicable,0,None,88,Not Applicable,88,Not Applicable,3,Intersection-Related,8,"Five-Point, or More",1,No,1,No,88,Not Applicable,88,Not Applicable,88,Not Applicable,88,Not Applicable,FALSE,1,Public Road,1,"Trafficway, On Road",CT0009300,New Haven PD,238,07:48.0,C,Closed,16:51.0,,2,21100,3,PRINCIPAL ARTERIAL - OTHER - NEW HPMS,2,Urban
891186,1,Complete,891186,891186,41.313967,-72.949776,3393283,New Haven,93,93,New Haven,2/10/2021,2021,2,February,10,4,Wednesday,8:17:00,8,21004934,A,2,,Motor Vehicle In Motion,"Injury of any type (Serious, Minor, Possible)",C,Possible Injury (C),0,0,4,Local,0.25,193,ELLSWORTH AV,ELLSWORTH AV,,STANLEY ST,200,Feet,N,41.313967,-72.949776,14,Motor Vehicle in Operation,3,Angle,1,On Roadway,2,Cloudy,88,Not Applicable,1,Daylight,3,Snow,0,None,88,Not Applicable,88,Not Applicable,0,None,88,Not Applicable,88,Not Applicable,9,Driveway Access-Related,1,Not at Intersection,1,No,1,No,88,Not Applicable,88,Not Applicable,88,Not Applicable,88,Not Applicable,FALSE,1,Public Road,1,"Trafficway, On Road",CT0009300,New Haven PD,349,41:14.0,C,Closed,16:50.0,,4,3565,7,LOCAL - NEW HPMS,2,Urban
891190,1,Complete,891190,891190,41.319788,-72.950145,3393287,New Haven,93,93,New Haven,2/23/2021,2021,2,February,23,3,Tuesday,18:57:00,18,21006738,A,1,,Pedestrian,"Injury of any type (Serious, Minor, Possible)",B,Suspected Minor Injury (B),1,2,3,State,3.12,10,10-N,10-N,BLAKE ST,,,,,41.319788,-72.950145,9,Pedestrian,88,Not Applicable,1,On Roadway,1,Clear,88,Not Applicable,4,Dark-Lighted,1,Dry,0,None,88,Not Applicable,88,Not Applicable,0,None,88,Not Applicable,88,Not Applicable,2,Intersection,2,Four-Way Intersection,1,No,1,No,88,Not Applicable,88,Not Applicable,88,Not Applicable,88,Not Applicable,FALSE,1,Public Road,1,"Trafficway, On Road",CT0009300,New Haven PD,40812,45:43.0,C,Closed,16:54.0,,4,19800,3,PRINCIPAL ARTERIAL - OTHER - NEW HPMS,2,Urban
891195,1,Complete,891195,891195,41.331978,-72.927931,3393292,New Haven,93,93,New Haven,3/7/2021,2021,3,March,7,1,Sunday,17:46:00,17,21008397,A,2,,Parked Vehicle,"Injury of any type (Serious, Minor, Possible)",B,Suspected Minor Injury (B),0,0,4,Local,0.74,319,HUNTINGTON ST,HUNTINGTON ST,,NEWHALL ST,100,Feet,W,41.331978,-72.927931,15,Parked Motor Vehicle,3,Angle,1,On Roadway,1,Clear,88,Not Applicable,3,Dusk,1,Dry,0,None,88,Not Applicable,88,Not Applicable,0,None,88,Not Applicable,88,Not Applicable,1,Non-Junction,1,Not at Intersection,1,No,1,No,88,Not Applicable,88,Not Applicable,88,Not Applicable,88,Not Applicable,FALSE,1,Public Road,1,"Trafficway, On Road",CT0009300,New Haven PD,42053,59:23.0,C,Closed,16:58.0,,2,1515,7,LOCAL - NEW HPMS,2,Urban
891196,1,Complete,891196,891196,41.31344,-72.943742,3393293,New Haven,93,93,New Haven,3/11/2021,2021,3,March,11,5,Thursday,7:29:00,7,21008952,A,2,,Motor Vehicle In Motion,"Injury of any type (Serious, Minor, Possible)",C,Possible Injury (C),0,1,4,Local,0.54,556,SHERMAN AV,SHERMAN AV,,EDGEWOOD AVE,75,Feet,N,41.31344,-72.943742,14,Motor Vehicle in Operation,1,Front to rear,1,On Roadway,1,Clear,88,Not Applicable,1,Daylight,1,Dry,0,None,88,Not Applicable,88,Not Applicable,0,None,88,Not Applicable,88,Not Applicable,3,Intersection-Related,2,Four-Way Intersection,1,No,1,No,88,Not Applicable,88,Not Applicable,88,Not Applicable,88,Not Applicable,FALSE,1,Public Road,1,"Trafficway, On Road",CT0009300,New Haven PD,465,13:03.0,C,Closed,16:59.0,,2,10900,4,MINOR ARTERIAL - NEW HPMS,2,Urban
891199,1,Complete,891199,891199,41.2863,-72.936156,3393296,New Haven,93,93,New Haven,3/15/2021,2021,3,March,15,2,Monday,9:07:00,9,21009486,A,2,,Motor Vehicle In Motion,"Injury of any type (Serious, Minor, Possible)",C,Possible Injury (C),0,0,3,State,0.46,10,10-N,10-N,745-E,,,,,41.2863,-72.936156,14,Motor Vehicle in Operation,3,Angle,1,On Roadway,1,Clear,88,Not Applicable,1,Daylight,1,Dry,0,None,88,Not Applicable,88,Not Applicable,0,None,88,Not Applicable,88,Not Applicable,2,Intersection,2,Four-Way Intersection,1,No,1,No,88,Not Applicable,88,Not Applicable,88,Not Applicable,88,Not Applicable,TRUE,1,Public Road,1,"Trafficway, On Road",CT0009300,New Haven PD,281,57:30.0,C,Closed,17:01.0,,4,18500,3,PRINCIPAL ARTERIAL - OTHER - NEW HPMS,2,Urban
891201,1,Complete,891201,891201,41.30569,-72.92895,3393298,New Haven,93,93,New Haven,3/20/2021,2021,3,March,20,7,Saturday,2:17:00,2,21010144,A,1,,"Other Post, Pole, or Support","Injury of any type (Serious, Minor, Possible)",C,Possible Injury (C),0,0,4,Local,0.34,136,CROWN ST,CROWN ST,,COLLEGE ST,200,Feet,E,41.30569,-72.92895,38,"Other Post, Pole or Support",88,Not Applicable,1,On Roadway,1,Clear,88,Not Applicable,4,Dark-Lighted,1,Dry,0,None,88,Not Applicable,88,Not Applicable,0,None,88,Not Applicable,88,Not Applicable,1,Non-Junction,1,Not at Intersection,1,No,1,No,88,Not Applicable,88,Not Applicable,88,Not Applicable,88,Not Applicable,FALSE,1,Public Road,1,"Trafficway, On Road",CT0009300,New Haven PD,344,03:17.0,C,Closed,17:03.0,,2,4500,5,MAJOR COLLECTOR - NEW HPMS,2,Urban
891204,1,Complete,891204,891204,41.31581,-72.94286,3393301,New Haven,93,93,New Haven,3/23/2021,2021,3,March,23,3,Tuesday,20:51:00,20,21010655,A,1,,Pedestrian,"Injury of any type (Serious, Minor, Possible)",B,Suspected Minor Injury (B),1,0,4,Local,0.71,556,SHERMAN AV,SHERMAN AV,,ELM ST,100,Feet,N,41.31581,-72.94286,9,Pedestrian,88,Not Applicable,1,On Roadway,1,Clear,88,Not Applicable,4,Dark-Lighted,1,Dry,0,None,88,Not Applicable,88,Not Applicable,0,None,88,Not Applicable,88,Not Applicable,1,Non-Junction,1,Not at Intersection,1,No,1,No,88,Not Applicable,88,Not Applicable,88,Not Applicable,88,Not Applicable,FALSE,1,Public Road,1,"Trafficway, On Road",CT0009300,New Haven PD,42051,08:01.0,O,Open,17:06.0,21010655,4,10900,4,MINOR ARTERIAL - NEW HPMS,2,Urban
891210,1,Complete,891210,891210,41.28534,-72.896,3393307,New Haven,93,93,New Haven,4/9/2021,2021,4,April,9,6,Friday,0:52:00,0,21012934,A,1,,Ran Off Roadway Right,"Injury of any type (Serious, Minor, Possible)",C,Possible Injury (C),0,0,4,Local,1.1,678,WOODWARD AV,WOODWARD AV,,PARK ST,5,Feet,S,41.28534,-72.896,38,"Other Post, Pole or Support",88,Not Applicable,2,Shoulder,1,Clear,88,Not Applicable,4,Dark-Lighted,1,Dry,0,None,88,Not Applicable,88,Not Applicable,0,None,88,Not Applicable,88,Not Applicable,1,Non-Junction,1,Not at Intersection,1,No,1,No,88,Not Applicable,88,Not Applicable,88,Not Applicable,88,Not Applicable,FALSE,1,Public Road,1,"Trafficway, On Road",CT0009300,New Haven PD,415,40:51.0,C,Closed,17:16.0,,2,6700,7,LOCAL - NEW HPMS,2,Urban
891211,1,Complete,891211,891211,41.315174,-72.943022,3393308,New Haven,93,93,New Haven,4/13/2021,2021,4,April,13,3,Tuesday,14:18:00,14,21013520,A,2,,Motor Vehicle In Motion,"Injury of any type (Serious, Minor, Possible)",C,Possible Injury (C),0,0,4,Local,0.67,556,SHERMAN AV,SHERMAN AV,ELM ST NO 1,,,,,41.315174,-72.943022,14,Motor Vehicle in Operation,3,Angle,1,On Roadway,2,Cloudy,88,Not Applicable,1,Daylight,1,Dry,0,None,88,Not Applicable,88,Not Applicable,0,None,88,Not Applicable,88,Not Applicable,2,Intersection,2,Four-Way Intersection,1,No,1,No,88,Not Applicable,88,Not Applicable,88,Not Applicable,88,Not Applicable,FALSE,1,Public Road,1,"Trafficway, On Road",CT0009300,New Haven PD,42054,52:15.0,C,Closed,17:10.0,,,,,,,
891213,1,Complete,891213,891213,41.332523,-72.97514,921062,New Haven,93,93,New Haven,4/16/2021,2021,4,April,16,6,Friday,21:35:00,21,21014029,K,2,Straight Ahead,Motor Vehicle In Motion,Fatal (Kill),K,Fatal Injury (K),0,0,3,State,1.12,63,63-N,63-N,EAST RAMSDELL ST,,,,,41.332523,-72.97514,14,Motor Vehicle in Operation,97,Other,1,On Roadway,1,Clear,88,Not Applicable,4,Dark-Lighted,1,Dry,0,None,88,Not Applicable,88,Not Applicable,0,None,88,Not Applicable,88,Not Applicable,2,Intersection,2,Four-Way Intersection,1,No,1,No,88,Not Applicable,88,Not Applicable,88,Not Applicable,88,Not Applicable,FALSE,1,Public Road,1,"Trafficway, On Road",CT0009300,New Haven PD,751,29:57.0,O,Open,17:11.0,,4,22900,3,PRINCIPAL ARTERIAL - OTHER - NEW HPMS,2,Urban
891214,1,Complete,891214,891214,41.318489,-72.945727,3393311,New Haven,93,93,New Haven,4/17/2021,2021,4,April,17,7,Saturday,10:38:00,10,21014065,A,2,,Motor Vehicle In Motion,"Injury of any type (Serious, Minor, Possible)",C,Possible Injury (C),0,0,4,Local,0.58,439,NORTON ST,NORTON ST,,WHALLEY AVE,200,Feet,N,41.318489,-72.945727,14,Motor Vehicle in Operation,7,Rear to rear,1,On Roadway,1,Clear,88,Not Applicable,1,Daylight,1,Dry,0,None,88,Not Applicable,88,Not Applicable,0,None,88,Not Applicable,88,Not Applicable,1,Non-Junction,1,Not at Intersection,1,No,1,No,88,Not Applicable,88,Not Applicable,88,Not Applicable,88,Not Applicable,FALSE,1,Public Road,1,"Trafficway, On Road",CT0009300,New Haven PD,62,22:00.0,C,Closed,17:13.0,,,,,,,
891218,1,Complete,891218,891218,41.307948,-72.934279,3393315,New Haven,93,93,New Haven,4/22/2021,2021,4,April,22,5,Thursday,8:45:00,8,21014751,A,2,,Motor Vehicle In Motion,"Injury of any type (Serious, Minor, Possible)",C,Possible Injury (C),0,1,4,Local,0.27,463,PARK ST,PARK ST,CROWN ST,,,,,41.307948,-72.934279,14,Motor Vehicle in Operation,3,Angle,1,On Roadway,1,Clear,88,Not Applicable,1,Daylight,1,Dry,0,None,88,Not Applicable,88,Not Applicable,0,None,88,Not Applicable,88,Not Applicable,2,Intersection,2,Four-Way Intersection,1,No,1,No,88,Not Applicable,88,Not Applicable,88,Not Applicable,88,Not Applicable,FALSE,1,Public Road,1,"Trafficway, On Road",CT0009300,New Haven PD,295,28:05.0,C,Closed,17:17.0,,,,,,,