CrashId,Fatal Case Status,Fatal Case Status Text Format,CrashId,CrashId,Latitude,Longitude,DOT Case Number,Town Name,Town Number,Town Number,Town Number Text Format,Date Of Crash,Year,Month,Month Text Format,Day,Day of the Week,Day of the Week Text Format,Time of Crash,Hour of the Day,Case Identifier,Crash Severity,Number Of Motor Vehicles,Motor vehicle action,Most harmful event,Crash Severity Text Format,Most Severe Injury,Most Severe Injury Text Format,Number Of Non-Motorist,Number Of Witnesses,Route Class,Route Class Text Format,Milemarker,Road Number,Road Description,Roadway Name,Intersecting Roadway Name,Landmark Description,Distance From Nearest Landmark,Unit Of Measure From Nearest Landmark,Direction From Nearest Landmark,Latitude,Longitude,First Harmful Event,First Harmful Event Text Format,Manner of Crash / Collision Impact,Manner of Crash / Collision Impact Text Format,Location of First Harmful Event,Location of First Harmful Event Text Format,Weather Condition,Weather Condition Text Format,Weather 2,Weather 2 Text Format,Light Condition,Light Condition Text Format,Road Surface Condition,Road Surface Condition Text Format,"Contributing Circumstances, Environment","Contributing Circumstances, Environment Text Format",Environment 2,Environment 2 Text Format,Environment 3,Environment 3 Text Format,"Contributing Circumstances, Road","Contributing Circumstances, Road Text Format",Road 2,Road 2 Text Format,Road 3,Road 3 Text Format,Crash Specific Location,Crash Specific Location Text Format,Type of Intersection,Type of Intersection Text Format,School Bus Related,School Bus Related Text Format,Work Zone Related,Work Zone Related Text Format,Location Of Crash Relative To Work Zone,Location Of Crash Relative To Work Zone Text Format,Type of Work Zone,Type of Work Zone Text Format,Worker Presence,Worker Presence Text Format,Law Enforcement Presence,Law Enforcement Presence Text Format,Were Vehicles Moved Prior To Police Arrival,Trafficway Ownership,Trafficway Ownership Text Format,Trafficway Class,Trafficway Class Text Format,Police Agency,Police Agency Text Format,Badge Number,Approval Date,Police Case Status,Police Case Status Text Format,Crash Report Submission Date,Related Case Identifiers,No. of Through Lanes (Log Dir.),Average Daily Traffic,Functional Classification,Functional Classification Text Format,Rural or Urban,Rural or Urban Text Format
891219,1,Complete,891219,891219,41.332996,-72.975461,3393316,New Haven,93,93,New Haven,4/22/2021,2021,4,April,22,5,Thursday,13:54:00,13,21014824,A,1,,Pedestrian,"Injury of any type (Serious, Minor, Possible)",A,Suspected Serious Injury (A),1,1,3,State,1.16,63,63-N,63-N,WESTERLEIGH RD,,,,,41.332996,-72.975461,9,Pedestrian,88,Not Applicable,1,On Roadway,1,Clear,88,Not Applicable,1,Daylight,1,Dry,0,None,88,Not Applicable,88,Not Applicable,0,None,88,Not Applicable,88,Not Applicable,2,Intersection,3,T-Intersection,1,No,1,No,88,Not Applicable,88,Not Applicable,88,Not Applicable,88,Not Applicable,TRUE,1,Public Road,1,"Trafficway, On Road",CT0009300,New Haven PD,90,31:16.0,O,Open,17:18.0,,5,26900,3,PRINCIPAL ARTERIAL - OTHER - NEW HPMS,2,Urban
891221,1,Complete,891221,891221,41.322744,-72.934578,3393318,New Haven,93,93,New Haven,5/1/2021,2021,5,May,1,7,Saturday,20:50:00,20,21016189,A,3,,Cross Centerline,"Injury of any type (Serious, Minor, Possible)",C,Possible Injury (C),0,1,4,Local,0.02,552,SHELTON AV,SHELTON AV,MUNSON ST,,,,,41.322744,-72.934578,14,Motor Vehicle in Operation,97,Other,1,On Roadway,1,Clear,88,Not Applicable,3,Dusk,1,Dry,0,None,88,Not Applicable,88,Not Applicable,0,None,88,Not Applicable,88,Not Applicable,2,Intersection,2,Four-Way Intersection,1,No,1,No,88,Not Applicable,88,Not Applicable,88,Not Applicable,88,Not Applicable,TRUE,1,Public Road,1,"Trafficway, On Road",CT0009300,New Haven PD,42042,30:12.0,C,Closed,17:21.0,,,,,,,
891223,1,Complete,891223,891223,41.312805,-72.93294,3393320,New Haven,93,93,New Haven,5/2/2021,2021,5,May,2,1,Sunday,21:35:00,21,21016316,A,2,,Motor Vehicle In Motion,"Injury of any type (Serious, Minor, Possible)",A,Suspected Serious Injury (A),0,1,4,Local,0.95,653,WHALLEY AV,WHALLEY AV,HOWE ST,,,,,41.312805,-72.93294,14,Motor Vehicle in Operation,3,Angle,1,On Roadway,1,Clear,88,Not Applicable,4,Dark-Lighted,1,Dry,0,None,88,Not Applicable,88,Not Applicable,0,None,88,Not Applicable,88,Not Applicable,2,Intersection,3,T-Intersection,1,No,1,No,88,Not Applicable,88,Not Applicable,88,Not Applicable,88,Not Applicable,FALSE,1,Public Road,1,"Trafficway, On Road",CT0009300,New Haven PD,42045,14:08.0,C,Closed,17:23.0,,2,21100,3,PRINCIPAL ARTERIAL - OTHER - NEW HPMS,2,Urban
891224,1,Complete,891224,891224,41.297082,-72.892725,3393321,New Haven,93,93,New Haven,5/8/2021,2021,5,May,8,7,Saturday,1:50:00,1,21017066,A,2,,Ran Off Roadway Right,"Injury of any type (Serious, Minor, Possible)",A,Suspected Serious Injury (A),2,1,4,Local,0.18,210,FARREN AV,FARREN AV,FULTON ST,,,,,41.297082,-72.892725,14,Motor Vehicle in Operation,97,Other,1,On Roadway,1,Clear,88,Not Applicable,4,Dark-Lighted,1,Dry,0,None,88,Not Applicable,88,Not Applicable,0,None,88,Not Applicable,88,Not Applicable,2,Intersection,2,Four-Way Intersection,1,No,1,No,88,Not Applicable,88,Not Applicable,88,Not Applicable,88,Not Applicable,FALSE,1,Public Road,1,"Trafficway, On Road",CT0009300,New Haven PD,180,55:47.0,O,Open,17:24.0,21017066,,,,,,
891225,1,Complete,891225,891225,41.320909,-72.8739369,3393322,New Haven,93,93,New Haven,5/13/2021,2021,5,May,13,5,Thursday,19:52:00,19,21017824,A,2,,Motor Vehicle In Motion,"Injury of any type (Serious, Minor, Possible)",C,Possible Injury (C),0,0,3,State,0.44,80,80-E,80-E,QUINNIPIAC AV,,,,,41.320909,-72.8739369,14,Motor Vehicle in Operation,3,Angle,1,On Roadway,1,Clear,88,Not Applicable,3,Dusk,1,Dry,3,Glare,88,Not Applicable,88,Not Applicable,0,None,88,Not Applicable,88,Not Applicable,2,Intersection,2,Four-Way Intersection,1,No,1,No,88,Not Applicable,88,Not Applicable,88,Not Applicable,88,Not Applicable,FALSE,1,Public Road,1,"Trafficway, On Road",CT0009300,New Haven PD,42055,23:34.0,C,Closed,17:25.0,,4,32100,3,PRINCIPAL ARTERIAL - OTHER - NEW HPMS,2,Urban
891226,1,Complete,891226,891226,41.326392,-72.940886,3393323,New Haven,93,93,New Haven,5/16/2021,2021,5,May,16,1,Sunday,16:56:00,16,21018167,A,2,,Motor Vehicle In Motion,"Injury of any type (Serious, Minor, Possible)",C,Possible Injury (C),0,0,4,Local,0.41,133,CRESCENT ST,CRESCENT ST,NORTON PKWY,,,,,41.326392,-72.940886,14,Motor Vehicle in Operation,3,Angle,1,On Roadway,1,Clear,88,Not Applicable,1,Daylight,1,Dry,0,None,88,Not Applicable,88,Not Applicable,0,None,88,Not Applicable,88,Not Applicable,3,Intersection-Related,3,T-Intersection,1,No,1,No,88,Not Applicable,88,Not Applicable,88,Not Applicable,88,Not Applicable,FALSE,1,Public Road,1,"Trafficway, On Road",CT0009300,New Haven PD,40951,25:26.0,C,Closed,17:26.0,,,,,,,
891227,1,Complete,891227,891227,41.315508,-72.939147,3393324,New Haven,93,93,New Haven,5/17/2021,2021,5,May,17,2,Monday,9:51:00,9,21018271,A,2,,Motor Vehicle In Motion,"Injury of any type (Serious, Minor, Possible)",B,Suspected Minor Injury (B),0,0,4,Local,0.56,653,WHALLEY AV,WHALLEY AV,ORCHARD ST,,,,,41.315508,-72.939147,14,Motor Vehicle in Operation,3,Angle,1,On Roadway,1,Clear,88,Not Applicable,1,Daylight,1,Dry,0,None,88,Not Applicable,88,Not Applicable,0,None,88,Not Applicable,88,Not Applicable,2,Intersection,2,Four-Way Intersection,1,No,1,No,88,Not Applicable,88,Not Applicable,88,Not Applicable,88,Not Applicable,FALSE,1,Public Road,1,"Trafficway, On Road",CT0009300,New Haven PD,332,32:22.0,C,Closed,17:26.0,,,,,,,
891229,1,Complete,891229,891229,41.293728,-72.936866,3393326,New Haven,93,93,New Haven,5/24/2021,2021,5,May,24,2,Monday,19:31:00,19,21019275,A,2,,Motor Vehicle In Motion,"Injury of any type (Serious, Minor, Possible)",C,Possible Injury (C),0,0,4,Local,0.13,571,SPRING ST,SPRING ST,BUTTON ST,,,,,41.293728,-72.936866,14,Motor Vehicle in Operation,97,Other,1,On Roadway,1,Clear,88,Not Applicable,1,Daylight,1,Dry,0,None,88,Not Applicable,88,Not Applicable,0,None,88,Not Applicable,88,Not Applicable,3,Intersection-Related,2,Four-Way Intersection,1,No,1,No,88,Not Applicable,88,Not Applicable,88,Not Applicable,88,Not Applicable,FALSE,1,Public Road,1,"Trafficway, On Road",CT0009300,New Haven PD,381,49:02.0,C,Closed,17:28.0,,,,,,,
891232,1,Complete,891232,891232,41.3324573,-72.9351221,3393329,New Haven,93,93,New Haven,6/5/2021,2021,6,June,5,7,Saturday,13:41:00,13,21020683,A,2,,Motor Vehicle In Motion,"Injury of any type (Serious, Minor, Possible)",C,Possible Injury (C),0,0,4,Local,1.38,152,DIXWELL AV,DIXWELL AV,BASSETT ST,,,,,41.3324573,-72.9351221,14,Motor Vehicle in Operation,3,Angle,1,On Roadway,1,Clear,88,Not Applicable,1,Daylight,1,Dry,0,None,88,Not Applicable,88,Not Applicable,0,None,88,Not Applicable,88,Not Applicable,2,Intersection,2,Four-Way Intersection,1,No,1,No,88,Not Applicable,88,Not Applicable,88,Not Applicable,88,Not Applicable,FALSE,1,Public Road,1,"Trafficway, On Road",CT0009300,New Haven PD,40952,48:25.0,C,Closed,17:30.0,,,,,,,
891234,1,Complete,891234,891234,41.312091,-72.919258,3393331,New Haven,93,93,New Haven,6/5/2021,2021,6,June,5,7,Saturday,23:02:00,23,21020878,A,2,,Motor Vehicle In Motion,"Injury of any type (Serious, Minor, Possible)",C,Possible Injury (C),0,0,4,Local,1.18,450,ORANGE ST NO 1,ORANGE ST NO 1,TRUMBULL ST,,,,,41.312091,-72.919258,14,Motor Vehicle in Operation,3,Angle,1,On Roadway,1,Clear,88,Not Applicable,4,Dark-Lighted,1,Dry,0,None,88,Not Applicable,88,Not Applicable,0,None,88,Not Applicable,88,Not Applicable,2,Intersection,2,Four-Way Intersection,1,No,1,No,88,Not Applicable,88,Not Applicable,88,Not Applicable,88,Not Applicable,FALSE,1,Public Road,1,"Trafficway, On Road",CT0009300,New Haven PD,432,23:50.0,C,Closed,17:32.0,,1,7400,1,INTERSTATE - NEW HPMS,2,Urban
891236,1,Complete,891236,891236,41.306915,-72.921415,3393333,New Haven,93,93,New Haven,6/13/2021,2021,6,June,13,1,Sunday,11:10:00,11,21021861,A,2,,Motor Vehicle In Motion,"Injury of any type (Serious, Minor, Possible)",C,Possible Injury (C),0,0,4,Local,1.17,575,STATE ST,STATE ST,GRAND AV,,,,,41.306915,-72.921415,14,Motor Vehicle in Operation,3,Angle,1,On Roadway,1,Clear,88,Not Applicable,1,Daylight,1,Dry,0,None,88,Not Applicable,88,Not Applicable,0,None,88,Not Applicable,88,Not Applicable,2,Intersection,2,Four-Way Intersection,1,No,1,No,88,Not Applicable,88,Not Applicable,88,Not Applicable,88,Not Applicable,FALSE,1,Public Road,1,"Trafficway, On Road",CT0009300,New Haven PD,106,24:52.0,C,Closed,17:34.0,,,,,,,
891237,1,Complete,891237,891237,41.31098,-72.9238,3393334,New Haven,93,93,New Haven,6/15/2021,2021,6,June,15,3,Tuesday,16:03:00,16,21022162,A,2,,Motor Vehicle In Motion,"Injury of any type (Serious, Minor, Possible)",C,Possible Injury (C),0,0,4,Local,0.24,271,GROVE ST,GROVE ST,TEMPLE ST,,,,,41.31098,-72.9238,14,Motor Vehicle in Operation,3,Angle,1,On Roadway,1,Clear,88,Not Applicable,1,Daylight,1,Dry,0,None,88,Not Applicable,88,Not Applicable,0,None,88,Not Applicable,88,Not Applicable,2,Intersection,2,Four-Way Intersection,2,"Yes, School Bus Directly Involved",1,No,88,Not Applicable,88,Not Applicable,88,Not Applicable,88,Not Applicable,FALSE,1,Public Road,1,"Trafficway, On Road",CT0009300,New Haven PD,97,41:15.0,C,Closed,17:34.0,,2,7700,3,PRINCIPAL ARTERIAL - OTHER - NEW HPMS,2,Urban
891238,1,Complete,891238,891238,41.30903,-72.895438,3393335,New Haven,93,93,New Haven,6/16/2021,2021,6,June,16,4,Wednesday,12:47:00,12,21022255,A,1,,Pedestrian,"Injury of any type (Serious, Minor, Possible)",B,Suspected Minor Injury (B),1,0,4,Local,0.75,213,FERRY ST,FERRY ST,GRAND AV,,,,,41.30903,-72.895438,9,Pedestrian,88,Not Applicable,1,On Roadway,1,Clear,88,Not Applicable,1,Daylight,1,Dry,0,None,88,Not Applicable,88,Not Applicable,0,None,88,Not Applicable,88,Not Applicable,3,Intersection-Related,2,Four-Way Intersection,1,No,1,No,88,Not Applicable,88,Not Applicable,88,Not Applicable,88,Not Applicable,FALSE,1,Public Road,1,"Trafficway, On Road",CT0009300,New Haven PD,42366,57:49.0,C,Closed,17:35.0,,2,14400,4,MINOR ARTERIAL - NEW HPMS,2,Urban
891241,1,Complete,891241,891241,41.308268,-72.92432,3393338,New Haven,93,93,New Haven,6/30/2021,2021,6,June,30,4,Wednesday,13:35:00,13,21023939,A,2,,Motor Vehicle In Motion,"Injury of any type (Serious, Minor, Possible)",C,Possible Injury (C),0,2,4,Local,0.34,103,CHURCH ST,CHURCH ST,ELM ST NO 2,,,,,41.308268,-72.92432,14,Motor Vehicle in Operation,3,Angle,1,On Roadway,1,Clear,88,Not Applicable,1,Daylight,1,Dry,0,None,88,Not Applicable,88,Not Applicable,0,None,88,Not Applicable,88,Not Applicable,2,Intersection,2,Four-Way Intersection,1,No,1,No,88,Not Applicable,88,Not Applicable,88,Not Applicable,88,Not Applicable,TRUE,1,Public Road,1,"Trafficway, On Road",CT0009300,New Haven PD,441,54:57.0,C,Closed,17:42.0,,,,,,,
891244,1,Complete,891244,891244,41.296993,-72.89272,3393341,New Haven,93,93,New Haven,7/5/2021,2021,7,July,5,2,Monday,3:50:00,3,21024461,A,2,,Motor Vehicle In Motion,"Injury of any type (Serious, Minor, Possible)",B,Suspected Minor Injury (B),0,0,4,Local,0.18,210,FARREN AV,FARREN AV,FULTON ST,,,,,41.296993,-72.89272,14,Motor Vehicle in Operation,3,Angle,1,On Roadway,1,Clear,88,Not Applicable,4,Dark-Lighted,1,Dry,0,None,88,Not Applicable,88,Not Applicable,99,Unknown,88,Not Applicable,88,Not Applicable,2,Intersection,2,Four-Way Intersection,1,No,1,No,88,Not Applicable,88,Not Applicable,88,Not Applicable,88,Not Applicable,FALSE,1,Public Road,1,"Trafficway, On Road",CT0009300,New Haven PD,221,07:50.0,O,Open,17:40.0,,,,,,,
891245,1,Complete,891245,891245,41.3084,-72.903258,3393342,New Haven,93,93,New Haven,7/6/2021,2021,7,July,6,3,Tuesday,10:43:00,10,21024599,A,3,,Motor Vehicle In Motion,"Injury of any type (Serious, Minor, Possible)",C,Possible Injury (C),0,0,4,Local,0.92,264,GRAND AV,GRAND AV,JAMES ST,,,,,41.3084,-72.903258,14,Motor Vehicle in Operation,3,Angle,1,On Roadway,1,Clear,88,Not Applicable,1,Daylight,1,Dry,0,None,88,Not Applicable,88,Not Applicable,0,None,88,Not Applicable,88,Not Applicable,2,Intersection,2,Four-Way Intersection,1,No,1,No,88,Not Applicable,88,Not Applicable,88,Not Applicable,88,Not Applicable,FALSE,1,Public Road,1,"Trafficway, On Road",CT0009300,New Haven PD,263,25:48.0,C,Closed,17:43.0,,,,,,,
891248,1,Complete,891248,891248,41.326976,-72.87944,3393345,New Haven,93,93,New Haven,7/22/2021,2021,7,July,22,5,Thursday,21:17:00,21,21026712,A,2,,Motor Vehicle In Motion,"Injury of any type (Serious, Minor, Possible)",C,Possible Injury (C),0,0,3,State,0.45,17,17-N,17-N,BARNES AV,,,,,41.326976,-72.87944,14,Motor Vehicle in Operation,1,Front to rear,1,On Roadway,1,Clear,88,Not Applicable,4,Dark-Lighted,1,Dry,0,None,88,Not Applicable,88,Not Applicable,0,None,88,Not Applicable,88,Not Applicable,2,Intersection,3,T-Intersection,1,No,1,No,88,Not Applicable,88,Not Applicable,88,Not Applicable,88,Not Applicable,FALSE,1,Public Road,1,"Trafficway, On Road",CT0009300,New Haven PD,40807,30:16.0,C,Closed,17:45.0,,3,21500,3,PRINCIPAL ARTERIAL - OTHER - NEW HPMS,2,Urban
891251,1,Complete,891251,891251,41.334379,-72.937305,3393348,New Haven,93,93,New Haven,7/28/2021,2021,7,July,28,4,Wednesday,12:29:00,12,21027357,A,2,,Motor Vehicle In Motion,"Injury of any type (Serious, Minor, Possible)",C,Possible Injury (C),0,0,4,Local,0.1,484,POND ST,POND ST,,SHERMANK PKWY,100,Feet,E,41.334379,-72.937305,14,Motor Vehicle in Operation,3,Angle,1,On Roadway,1,Clear,88,Not Applicable,1,Daylight,1,Dry,99,Unknown,88,Not Applicable,88,Not Applicable,0,None,88,Not Applicable,88,Not Applicable,1,Non-Junction,1,Not at Intersection,1,No,1,No,88,Not Applicable,88,Not Applicable,88,Not Applicable,88,Not Applicable,FALSE,1,Public Road,1,"Trafficway, On Road",CT0009300,New Haven PD,2,35:42.0,C,Closed,17:49.0,,,,,,,
891253,1,Complete,891253,891253,41.317824,-72.937744,3393350,New Haven,93,93,New Haven,8/2/2021,2021,8,August,2,2,Monday,10:34:00,10,21027951,A,2,,Motor Vehicle In Motion,"Injury of any type (Serious, Minor, Possible)",C,Possible Injury (C),0,0,4,Local,0.27,257,GOFFE ST,GOFFE ST,ORCHARD ST,,,,,41.317824,-72.937744,14,Motor Vehicle in Operation,3,Angle,1,On Roadway,1,Clear,88,Not Applicable,1,Daylight,1,Dry,0,None,88,Not Applicable,88,Not Applicable,0,None,88,Not Applicable,88,Not Applicable,2,Intersection,2,Four-Way Intersection,1,No,1,No,88,Not Applicable,88,Not Applicable,88,Not Applicable,88,Not Applicable,FALSE,1,Public Road,1,"Trafficway, On Road",CT0009300,New Haven PD,201,34:30.0,C,Closed,17:51.0,,,,,,,
891255,1,Complete,891255,891255,41.285248,-72.930719,3393352,New Haven,93,93,New Haven,8/7/2021,2021,8,August,7,7,Saturday,4:47:00,4,21028635,A,2,,Motor Vehicle In Motion,"Injury of any type (Serious, Minor, Possible)",C,Possible Injury (C),0,0,4,Local,1.48,308,HOWARD AV,HOWARD AV,FIFTH ST,,,,,41.285248,-72.930719,14,Motor Vehicle in Operation,5,"Sideswipe, opposite direction",1,On Roadway,1,Clear,88,Not Applicable,4,Dark-Lighted,1,Dry,0,None,88,Not Applicable,88,Not Applicable,0,None,88,Not Applicable,88,Not Applicable,2,Intersection,2,Four-Way Intersection,1,No,1,No,88,Not Applicable,88,Not Applicable,88,Not Applicable,88,Not Applicable,FALSE,1,Public Road,1,"Trafficway, On Road",CT0009300,New Haven PD,88,24:08.0,O,Open,17:52.0,,,,,,,
891256,1,Complete,891256,891256,41.313044,-72.952198,3393353,New Haven,93,93,New Haven,8/11/2021,2021,8,August,11,4,Wednesday,22:30:00,22,21029200,A,3,,Motor Vehicle In Motion,"Injury of any type (Serious, Minor, Possible)",C,Possible Injury (C),0,0,3,State,2.59,10,10-N,10-N,CHAPEL ST,,,,,41.313044,-72.952198,14,Motor Vehicle in Operation,3,Angle,1,On Roadway,1,Clear,88,Not Applicable,4,Dark-Lighted,1,Dry,0,None,88,Not Applicable,88,Not Applicable,0,None,88,Not Applicable,88,Not Applicable,2,Intersection,2,Four-Way Intersection,1,No,1,No,88,Not Applicable,88,Not Applicable,88,Not Applicable,88,Not Applicable,FALSE,1,Public Road,1,"Trafficway, On Road",CT0009300,New Haven PD,746,08:13.0,C,Closed,17:53.0,,2,19700,3,PRINCIPAL ARTERIAL - OTHER - NEW HPMS,2,Urban
891258,1,Complete,891258,891258,41.30706,-72.92154,3393355,New Haven,93,93,New Haven,8/24/2021,2021,8,August,24,3,Tuesday,11:48:00,11,21030644,A,2,,Motor Vehicle In Motion,"Injury of any type (Serious, Minor, Possible)",B,Suspected Minor Injury (B),0,0,4,Local,0.71,726,ELM ST NO 2,ELM ST NO 2,,STATE ST,50,Feet,N,41.30706,-72.92154,14,Motor Vehicle in Operation,1,Front to rear,1,On Roadway,1,Clear,88,Not Applicable,1,Daylight,1,Dry,0,None,88,Not Applicable,88,Not Applicable,0,None,88,Not Applicable,88,Not Applicable,3,Intersection-Related,2,Four-Way Intersection,1,No,1,No,88,Not Applicable,88,Not Applicable,88,Not Applicable,88,Not Applicable,FALSE,1,Public Road,1,"Trafficway, On Road",CT0009300,New Haven PD,322,37:46.0,C,Closed,17:59.0,,,,,,,
891259,1,Complete,891259,891259,41.282508,-72.938082,3393356,New Haven,93,93,New Haven,8/25/2021,2021,8,August,25,4,Wednesday,16:41:00,16,21030832,A,3,,Motor Vehicle In Motion,"Injury of any type (Serious, Minor, Possible)",B,Suspected Minor Injury (B),0,0,3,State,0,10,10-N,10-N,745-E,,,,,41.282508,-72.938082,14,Motor Vehicle in Operation,3,Angle,1,On Roadway,1,Clear,88,Not Applicable,1,Daylight,1,Dry,0,None,88,Not Applicable,88,Not Applicable,0,None,88,Not Applicable,88,Not Applicable,2,Intersection,3,T-Intersection,1,No,1,No,88,Not Applicable,88,Not Applicable,88,Not Applicable,88,Not Applicable,FALSE,1,Public Road,1,"Trafficway, On Road",CT0009300,New Haven PD,958,37:18.0,C,Closed,17:55.0,,2,1171,7,LOCAL - NEW HPMS,2,Urban
891283,1,Complete,891283,891283,41.290609,-72.933667,3393380,New Haven,93,93,New Haven,9/6/2021,2021,9,September,6,2,Monday,14:20:00,14,21032511,A,2,,Motor Vehicle In Motion,"Injury of any type (Serious, Minor, Possible)",A,Suspected Serious Injury (A),0,0,4,Local,0.11,339,KIMBERLY AV,KIMBERLY AV,GREENWICH AV NO 1,,,,,41.290609,-72.933667,14,Motor Vehicle in Operation,3,Angle,2,Shoulder,1,Clear,88,Not Applicable,1,Daylight,1,Dry,0,None,88,Not Applicable,88,Not Applicable,0,None,88,Not Applicable,88,Not Applicable,2,Intersection,2,Four-Way Intersection,1,No,1,No,88,Not Applicable,88,Not Applicable,88,Not Applicable,88,Not Applicable,FALSE,1,Public Road,1,"Trafficway, On Road",CT0009300,New Haven PD,281,59:10.0,O,Open,18:01.0,,,,,,,
891297,1,Complete,891297,891297,41.327309,-72.968582,3393394,New Haven,93,93,New Haven,10/3/2021,2021,10,October,3,1,Sunday,19:07:00,19,21035682,A,2,,Motor Vehicle In Motion,"Injury of any type (Serious, Minor, Possible)",B,Suspected Minor Injury (B),0,1,3,State,6.19,243,243-E,243-E,DAYTON ST,,,,,41.327309,-72.968582,14,Motor Vehicle in Operation,2,Front to front,1,On Roadway,1,Clear,88,Not Applicable,4,Dark-Lighted,1,Dry,0,None,88,Not Applicable,88,Not Applicable,0,None,88,Not Applicable,88,Not Applicable,2,Intersection,3,T-Intersection,1,No,1,No,88,Not Applicable,88,Not Applicable,88,Not Applicable,88,Not Applicable,FALSE,1,Public Road,1,"Trafficway, On Road",CT0009300,New Haven PD,42045,03:52.0,C,Closed,18:12.0,,2,11500,4,MINOR ARTERIAL - NEW HPMS,2,Urban
891302,1,Complete,891302,891302,41.31846,-72.94752,3393399,New Haven,93,93,New Haven,10/12/2021,2021,10,October,12,3,Tuesday,5:28:00,5,21036739,A,2,,Motor Vehicle In Motion,"Injury of any type (Serious, Minor, Possible)",C,Possible Injury (C),0,0,4,Local,0.08,653,WHALLEY AV,WHALLEY AV,ELLSWORTH AV,,,,,41.31846,-72.94752,14,Motor Vehicle in Operation,3,Angle,1,On Roadway,1,Clear,88,Not Applicable,4,Dark-Lighted,1,Dry,0,None,88,Not Applicable,88,Not Applicable,0,None,88,Not Applicable,88,Not Applicable,2,Intersection,2,Four-Way Intersection,1,No,1,No,88,Not Applicable,88,Not Applicable,88,Not Applicable,88,Not Applicable,FALSE,1,Public Road,1,"Trafficway, On Road",CT0009300,New Haven PD,82,56:14.0,C,Closed,18:21.0,,,,,,,
891309,1,Complete,891309,891309,41.29278,-72.896435,3393406,New Haven,93,93,New Haven,10/30/2021,2021,10,October,30,7,Saturday,1:54:00,1,21039296,A,3,,Motor Vehicle In Motion,"Injury of any type (Serious, Minor, Possible)",B,Suspected Minor Injury (B),0,0,2,USRoute,49.91,1,1-N,1-N,CHAMBERLAIN ST,,,,,41.29278,-72.896435,14,Motor Vehicle in Operation,5,"Sideswipe, opposite direction",1,On Roadway,4,Rain,88,Not Applicable,4,Dark-Lighted,2,Wet,99,Unknown,88,Not Applicable,88,Not Applicable,0,None,88,Not Applicable,88,Not Applicable,3,Intersection-Related,3,T-Intersection,1,No,1,No,88,Not Applicable,88,Not Applicable,88,Not Applicable,88,Not Applicable,FALSE,1,Public Road,1,"Trafficway, On Road",CT0009300,New Haven PD,86,49:36.0,O,Open,18:26.0,,4,9400,3,PRINCIPAL ARTERIAL - OTHER - NEW HPMS,2,Urban
891310,1,Complete,891310,891310,41.296913,-72.915677,3393407,New Haven,93,93,New Haven,10/31/2021,2021,10,October,31,1,Sunday,13:28:00,13,21039437,A,1,,Curb,"Injury of any type (Serious, Minor, Possible)",B,Suspected Minor Injury (B),0,0,4,Local,0.92,513,LONG WHARF DR,LONG WHARF DR,,Hamilton St,750,Feet,W,41.296913,-72.915677,25,Curb,88,Not Applicable,2,Shoulder,1,Clear,88,Not Applicable,1,Daylight,1,Dry,0,None,88,Not Applicable,88,Not Applicable,0,None,88,Not Applicable,88,Not Applicable,1,Non-Junction,1,Not at Intersection,1,No,1,No,88,Not Applicable,88,Not Applicable,88,Not Applicable,88,Not Applicable,FALSE,1,Public Road,1,"Trafficway, On Road",CT0009300,New Haven PD,281,46:18.0,C,Closed,18:28.0,,4,9100,4,MINOR ARTERIAL - NEW HPMS,2,Urban
891311,1,Complete,891311,891311,41.3174,-72.94452,3393408,New Haven,93,93,New Haven,10/31/2021,2021,10,October,31,1,Sunday,17:19:00,17,21039464,A,1,,Motor Vehicle In Motion,"Injury of any type (Serious, Minor, Possible)",A,Suspected Serious Injury (A),1,2,4,Local,0.26,653,WHALLEY AV,WHALLEY AV,WINTHROP AV NO 2,,,,,41.3174,-72.94452,14,Motor Vehicle in Operation,3,Angle,1,On Roadway,1,Clear,88,Not Applicable,1,Daylight,1,Dry,0,None,88,Not Applicable,88,Not Applicable,0,None,88,Not Applicable,88,Not Applicable,2,Intersection,2,Four-Way Intersection,1,No,1,No,88,Not Applicable,88,Not Applicable,88,Not Applicable,88,Not Applicable,FALSE,1,Public Road,1,"Trafficway, On Road",CT0009300,New Haven PD,40821,59:56.0,C,Closed,18:27.0,,,,,,,
891314,1,Complete,891314,891314,41.310751,-72.950241,3393411,New Haven,93,93,New Haven,11/4/2021,2021,11,November,4,5,Thursday,10:20:00,10,21039911,A,3,,Motor Vehicle In Motion,"Injury of any type (Serious, Minor, Possible)",C,Possible Injury (C),0,0,4,Local,0.22,147,DERBY AV,DERBY AV,,NORTON ST,222,Feet,W,41.310751,-72.950241,14,Motor Vehicle in Operation,3,Angle,1,On Roadway,1,Clear,88,Not Applicable,1,Daylight,1,Dry,0,None,88,Not Applicable,88,Not Applicable,0,None,88,Not Applicable,88,Not Applicable,1,Non-Junction,1,Not at Intersection,1,No,1,No,88,Not Applicable,88,Not Applicable,88,Not Applicable,88,Not Applicable,FALSE,1,Public Road,1,"Trafficway, On Road",CT0009300,New Haven PD,324,34:04.0,C,Closed,18:37.0,21039911,,,,,,