CrashId,Fatal Case Status,Fatal Case Status Text Format,CrashId,CrashId,Latitude,Longitude,DOT Case Number,Town Name,Town Number,Town Number,Town Number Text Format,Date Of Crash,Year,Month,Month Text Format,Day,Day of the Week,Day of the Week Text Format,Time of Crash,Hour of the Day,Case Identifier,Crash Severity,Number Of Motor Vehicles,Motor vehicle action,Most harmful event,Crash Severity Text Format,Most Severe Injury,Most Severe Injury Text Format,Number Of Non-Motorist,Number Of Witnesses,Route Class,Route Class Text Format,Milemarker,Road Number,Road Description,Roadway Name,Intersecting Roadway Name,Landmark Description,Distance From Nearest Landmark,Unit Of Measure From Nearest Landmark,Direction From Nearest Landmark,Latitude,Longitude,First Harmful Event,First Harmful Event Text Format,Manner of Crash / Collision Impact,Manner of Crash / Collision Impact Text Format,Location of First Harmful Event,Location of First Harmful Event Text Format,Weather Condition,Weather Condition Text Format,Weather 2,Weather 2 Text Format,Light Condition,Light Condition Text Format,Road Surface Condition,Road Surface Condition Text Format,"Contributing Circumstances, Environment","Contributing Circumstances, Environment Text Format",Environment 2,Environment 2 Text Format,Environment 3,Environment 3 Text Format,"Contributing Circumstances, Road","Contributing Circumstances, Road Text Format",Road 2,Road 2 Text Format,Road 3,Road 3 Text Format,Crash Specific Location,Crash Specific Location Text Format,Type of Intersection,Type of Intersection Text Format,School Bus Related,School Bus Related Text Format,Work Zone Related,Work Zone Related Text Format,Location Of Crash Relative To Work Zone,Location Of Crash Relative To Work Zone Text Format,Type of Work Zone,Type of Work Zone Text Format,Worker Presence,Worker Presence Text Format,Law Enforcement Presence,Law Enforcement Presence Text Format,Were Vehicles Moved Prior To Police Arrival,Trafficway Ownership,Trafficway Ownership Text Format,Trafficway Class,Trafficway Class Text Format,Police Agency,Police Agency Text Format,Badge Number,Approval Date,Police Case Status,Police Case Status Text Format,Crash Report Submission Date,Related Case Identifiers,No. of Through Lanes (Log Dir.),Average Daily Traffic,Functional Classification,Functional Classification Text Format,Rural or Urban,Rural or Urban Text Format
891315,1,Complete,891315,891315,41.305578,-72.933827,3393412,New Haven,93,93,New Haven,11/4/2021,2021,11,November,4,5,Thursday,23:41:00,23,21040013,A,2,,Motor Vehicle In Motion,"Injury of any type (Serious, Minor, Possible)",B,Suspected Minor Injury (B),0,1,4,Local,0.54,809,REV DR MLK JR BLVD,REV DR MLK JR BLVD,YORK ST,,,,,41.305578,-72.933827,14,Motor Vehicle in Operation,1,Front to rear,1,On Roadway,1,Clear,88,Not Applicable,4,Dark-Lighted,1,Dry,0,None,88,Not Applicable,88,Not Applicable,0,None,88,Not Applicable,88,Not Applicable,3,Intersection-Related,2,Four-Way Intersection,1,No,1,No,88,Not Applicable,88,Not Applicable,88,Not Applicable,88,Not Applicable,FALSE,1,Public Road,1,"Trafficway, On Road",CT0009300,New Haven PD,838,48:07.0,C,Closed,18:30.0,,,,,,,
891316,1,Complete,891316,891316,41.308875,-72.945622,3393413,New Haven,93,93,New Haven,11/5/2021,2021,11,November,5,6,Friday,17:14:00,17,21040091,A,2,,Motor Vehicle In Motion,"Injury of any type (Serious, Minor, Possible)",C,Possible Injury (C),0,0,4,Local,0.21,556,SHERMAN AV,SHERMAN AV,GILBERT AV,,,,,41.308875,-72.945622,14,Motor Vehicle in Operation,3,Angle,1,On Roadway,1,Clear,88,Not Applicable,1,Daylight,1,Dry,0,None,88,Not Applicable,88,Not Applicable,99,Unknown,88,Not Applicable,88,Not Applicable,2,Intersection,2,Four-Way Intersection,1,No,1,No,88,Not Applicable,88,Not Applicable,88,Not Applicable,88,Not Applicable,FALSE,1,Public Road,1,"Trafficway, On Road",CT0009300,New Haven PD,11439,33:49.0,C,Closed,18:31.0,,,,,,,
891317,1,Complete,891317,891317,41.329191,-72.868862,3393414,New Haven,93,93,New Haven,11/6/2021,2021,11,November,6,7,Saturday,20:07:00,20,21040212,A,4,,Motor Vehicle In Motion,"Injury of any type (Serious, Minor, Possible)",C,Possible Injury (C),0,1,3,State,0.63,103,103-N,103-N,,FIORE STREET,300,Feet,S,41.329191,-72.868862,14,Motor Vehicle in Operation,97,Other,1,On Roadway,1,Clear,88,Not Applicable,4,Dark-Lighted,1,Dry,0,None,88,Not Applicable,88,Not Applicable,0,None,88,Not Applicable,88,Not Applicable,1,Non-Junction,1,Not at Intersection,1,No,1,No,88,Not Applicable,88,Not Applicable,88,Not Applicable,88,Not Applicable,FALSE,1,Public Road,1,"Trafficway, On Road",CT0009300,New Haven PD,42052,09:37.0,C,Closed,18:32.0,,2,9000,4,MINOR ARTERIAL - NEW HPMS,2,Urban
891320,1,Complete,891320,891320,41.291013,-72.941646,3393417,New Haven,93,93,New Haven,11/8/2021,2021,11,November,8,2,Monday,11:34:00,11,21040366,A,2,,Motor Vehicle In Motion,"Injury of any type (Serious, Minor, Possible)",C,Possible Injury (C),0,0,3,State,0.88,10,10-N,10-N,WASHINGTON AV NO 1,,,,,41.291013,-72.941646,14,Motor Vehicle in Operation,1,Front to rear,1,On Roadway,1,Clear,88,Not Applicable,1,Daylight,1,Dry,0,None,88,Not Applicable,88,Not Applicable,0,None,88,Not Applicable,88,Not Applicable,2,Intersection,2,Four-Way Intersection,1,No,1,No,88,Not Applicable,88,Not Applicable,88,Not Applicable,88,Not Applicable,FALSE,1,Public Road,1,"Trafficway, On Road",CT0009300,New Haven PD,295,31:32.0,C,Closed,18:33.0,,4,20200,3,PRINCIPAL ARTERIAL - OTHER - NEW HPMS,2,Urban
891321,1,Complete,891321,891321,41.317494,-72.894217,3393418,New Haven,93,93,New Haven,11/10/2021,2021,11,November,10,4,Wednesday,8:34:00,8,21040650,A,1,,Pedestrian,"Injury of any type (Serious, Minor, Possible)",C,Possible Injury (C),1,1,4,Local,0.07,29,ATWATER ST,ATWATER ST,,CLINTON PL,10,Feet,N,41.317494,-72.894217,9,Pedestrian,88,Not Applicable,1,On Roadway,1,Clear,88,Not Applicable,1,Daylight,1,Dry,0,None,88,Not Applicable,88,Not Applicable,0,None,88,Not Applicable,88,Not Applicable,11,Through Roadway,1,Not at Intersection,1,No,1,No,88,Not Applicable,88,Not Applicable,88,Not Applicable,88,Not Applicable,FALSE,1,Public Road,1,"Trafficway, On Road",CT0009300,New Haven PD,40793,36:52.0,C,Closed,18:37.0,21-040650,2,2476,7,LOCAL - NEW HPMS,2,Urban
891324,1,Complete,891324,891324,41.297668,-72.940575,3393421,New Haven,93,93,New Haven,11/23/2021,2021,11,November,23,3,Tuesday,15:32:00,15,21042345,A,2,,Motor Vehicle In Motion,"Injury of any type (Serious, Minor, Possible)",C,Possible Injury (C),0,0,2,USRoute,47.07,1,1-N,1-N,,WEST ST,50,Feet,E,41.297668,-72.940575,14,Motor Vehicle in Operation,1,Front to rear,1,On Roadway,1,Clear,88,Not Applicable,1,Daylight,1,Dry,0,None,88,Not Applicable,88,Not Applicable,0,None,88,Not Applicable,88,Not Applicable,1,Non-Junction,1,Not at Intersection,1,No,1,No,88,Not Applicable,88,Not Applicable,88,Not Applicable,88,Not Applicable,FALSE,1,Public Road,1,"Trafficway, On Road",CT0009300,New Haven PD,42370,49:01.0,C,Closed,18:39.0,,2,8600,3,PRINCIPAL ARTERIAL - OTHER - NEW HPMS,2,Urban
891325,1,Complete,891325,891325,41.30852,-72.90323,3393422,New Haven,93,93,New Haven,11/24/2021,2021,11,November,24,4,Wednesday,19:07:00,19,21042490,A,2,,Motor Vehicle In Motion,"Injury of any type (Serious, Minor, Possible)",C,Possible Injury (C),0,0,4,Local,0.55,327,JAMES ST,JAMES ST,GRAND AVE,,,,,41.30852,-72.90323,14,Motor Vehicle in Operation,1,Front to rear,1,On Roadway,1,Clear,88,Not Applicable,1,Daylight,1,Dry,0,None,88,Not Applicable,88,Not Applicable,0,None,88,Not Applicable,88,Not Applicable,2,Intersection,2,Four-Way Intersection,1,No,1,No,88,Not Applicable,88,Not Applicable,88,Not Applicable,88,Not Applicable,TRUE,1,Public Road,1,"Trafficway, On Road",CT0009300,New Haven PD,83,16:45.0,C,Closed,18:41.0,,,,,,,
891328,1,Complete,891328,891328,41.32849,-72.92195,3393425,New Haven,93,93,New Haven,11/27/2021,2021,11,November,27,7,Saturday,3:28:00,3,21042714,A,2,,Motor Vehicle In Motion,"Injury of any type (Serious, Minor, Possible)",B,Suspected Minor Injury (B),0,1,4,Local,1.18,495,PROSPECT ST,PROSPECT ST,HIGHLAND ST,,,,,41.32849,-72.92195,14,Motor Vehicle in Operation,3,Angle,1,On Roadway,1,Clear,88,Not Applicable,4,Dark-Lighted,1,Dry,0,None,88,Not Applicable,88,Not Applicable,0,None,88,Not Applicable,88,Not Applicable,2,Intersection,2,Four-Way Intersection,1,No,1,No,88,Not Applicable,88,Not Applicable,88,Not Applicable,88,Not Applicable,FALSE,1,Public Road,1,"Trafficway, On Road",CT0009300,New Haven PD,97,26:52.0,C,Closed,18:42.0,,,,,,,
891329,1,Complete,891329,891329,41.286219,-72.926888,3393426,New Haven,93,93,New Haven,12/1/2021,2021,12,December,1,4,Wednesday,19:53:00,19,21043319,A,2,,Motor Vehicle In Motion,"Injury of any type (Serious, Minor, Possible)",C,Possible Injury (C),0,0,4,Local,0.14,359,SARGENT DR,SARGENT DR,,LONG WHARF DR,500,Feet,S,41.286219,-72.926888,14,Motor Vehicle in Operation,3,Angle,1,On Roadway,1,Clear,88,Not Applicable,99,Unknown,1,Dry,0,None,88,Not Applicable,88,Not Applicable,0,None,88,Not Applicable,88,Not Applicable,4,Entrance / Exit Ramp,1,Not at Intersection,1,No,1,No,88,Not Applicable,88,Not Applicable,88,Not Applicable,88,Not Applicable,FALSE,1,Public Road,1,"Trafficway, On Road",CT0009300,New Haven PD,319,24:55.0,C,Closed,18:45.0,,,,,,,
891333,1,Complete,891333,891333,41.294292,-72.89314,3393430,New Haven,93,93,New Haven,12/3/2021,2021,12,December,3,6,Friday,17:32:00,17,21043569,A,2,,Motor Vehicle In Motion,"Injury of any type (Serious, Minor, Possible)",C,Possible Injury (C),0,0,4,Local,0.49,207,FAIRMONT AV,FAIRMONT AV,,CHAMBERLAIN ST,50,Feet,S,41.294292,-72.89314,14,Motor Vehicle in Operation,1,Front to rear,1,On Roadway,1,Clear,88,Not Applicable,4,Dark-Lighted,1,Dry,0,None,88,Not Applicable,88,Not Applicable,0,None,88,Not Applicable,88,Not Applicable,1,Non-Junction,1,Not at Intersection,1,No,1,No,88,Not Applicable,88,Not Applicable,88,Not Applicable,88,Not Applicable,FALSE,1,Public Road,1,"Trafficway, On Road",CT0009300,New Haven PD,42055,01:30.0,C,Closed,18:47.0,,2,12700,4,MINOR ARTERIAL - NEW HPMS,2,Urban
891336,1,Complete,891336,891336,41.31306,-72.92178,3393433,New Haven,93,93,New Haven,12/12/2021,2021,12,December,12,1,Sunday,19:58:00,19,21044654,A,2,,Motor Vehicle In Motion,"Injury of any type (Serious, Minor, Possible)",C,Possible Injury (C),0,2,4,Local,0.17,601,TRUMBULL ST,TRUMBULL ST,WHITNEY AV,,,,,41.31306,-72.92178,14,Motor Vehicle in Operation,3,Angle,1,On Roadway,1,Clear,88,Not Applicable,4,Dark-Lighted,1,Dry,0,None,88,Not Applicable,88,Not Applicable,0,None,88,Not Applicable,88,Not Applicable,2,Intersection,2,Four-Way Intersection,1,No,1,No,88,Not Applicable,88,Not Applicable,88,Not Applicable,88,Not Applicable,FALSE,1,Public Road,1,"Trafficway, On Road",CT0009300,New Haven PD,516,14:57.0,C,Closed,18:50.0,,,,,,,
891337,1,Complete,891337,891337,41.30104,-72.94227,3393434,New Haven,93,93,New Haven,12/13/2021,2021,12,December,13,2,Monday,16:42:00,16,21044734,A,2,,Motor Vehicle In Motion,"Injury of any type (Serious, Minor, Possible)",C,Possible Injury (C),0,0,4,Local,0.37,141,DAVENPORT AV,DAVENPORT AV,STEVENS ST,,,,,41.30104,-72.94227,14,Motor Vehicle in Operation,3,Angle,1,On Roadway,1,Clear,88,Not Applicable,1,Daylight,1,Dry,0,None,88,Not Applicable,88,Not Applicable,0,None,88,Not Applicable,88,Not Applicable,2,Intersection,3,T-Intersection,1,No,1,No,88,Not Applicable,88,Not Applicable,88,Not Applicable,88,Not Applicable,FALSE,1,Public Road,1,"Trafficway, On Road",CT0009300,New Haven PD,42370,19:12.0,C,Closed,18:50.0,,,,,,,
891339,1,Complete,891339,891339,41.328355,-72.935187,3393436,New Haven,93,93,New Haven,12/16/2021,2021,12,December,16,5,Thursday,13:17:00,13,21045071,A,2,,Motor Vehicle In Motion,"Injury of any type (Serious, Minor, Possible)",C,Possible Injury (C),0,0,4,Local,1.1,152,DIXWELL AV,DIXWELL AV,FORD ST,,,,,41.328355,-72.935187,14,Motor Vehicle in Operation,3,Angle,1,On Roadway,1,Clear,88,Not Applicable,1,Daylight,1,Dry,0,None,88,Not Applicable,88,Not Applicable,0,None,88,Not Applicable,88,Not Applicable,2,Intersection,3,T-Intersection,1,No,1,No,88,Not Applicable,88,Not Applicable,88,Not Applicable,88,Not Applicable,FALSE,1,Public Road,1,"Trafficway, On Road",CT0009300,New Haven PD,199,59:50.0,C,Closed,29:38.0,,,,,,,
891352,1,Complete,891352,891352,41.30947,-72.92706,3393449,New Haven,93,93,New Haven,12/17/2021,2021,12,December,17,6,Friday,8:42:00,8,21045170,A,1,,Pedestrian,"Injury of any type (Serious, Minor, Possible)",A,Suspected Serious Injury (A),1,0,4,Local,0.17,117,COLLEGE ST,COLLEGE ST,ELM ST NO 2,,,,,41.30947,-72.92706,9,Pedestrian,88,Not Applicable,1,On Roadway,1,Clear,88,Not Applicable,1,Daylight,1,Dry,0,None,88,Not Applicable,88,Not Applicable,0,None,88,Not Applicable,88,Not Applicable,2,Intersection,2,Four-Way Intersection,1,No,1,No,88,Not Applicable,88,Not Applicable,88,Not Applicable,88,Not Applicable,FALSE,1,Public Road,1,"Trafficway, On Road",CT0009300,New Haven PD,42044,51:20.0,C,Closed,29:47.0,,2,18200,3,PRINCIPAL ARTERIAL - OTHER - NEW HPMS,2,Urban
891364,1,Complete,891364,891364,41.310533,-72.89851,3393461,New Haven,93,93,New Haven,12/17/2021,2021,12,December,17,6,Friday,18:19:00,18,21045228,A,3,,Motor Vehicle In Motion,"Injury of any type (Serious, Minor, Possible)",C,Possible Injury (C),0,0,4,Local,0.05,734,CLAY ST NO 2,CLAY ST NO 2,FILLMORE ST,,,,,41.310533,-72.89851,14,Motor Vehicle in Operation,3,Angle,1,On Roadway,1,Clear,88,Not Applicable,6,Dark-Unknown Lighting,1,Dry,0,None,88,Not Applicable,88,Not Applicable,0,None,88,Not Applicable,88,Not Applicable,2,Intersection,2,Four-Way Intersection,1,No,1,No,88,Not Applicable,88,Not Applicable,88,Not Applicable,88,Not Applicable,FALSE,1,Public Road,1,"Trafficway, On Road",CT0009300,New Haven PD,42369,04:40.0,C,Closed,30:10.0,,,,,,,
891388,1,Complete,891388,891388,41.327503,-72.878904,3393485,New Haven,93,93,New Haven,12/18/2021,2021,12,December,18,7,Saturday,13:33:00,13,21045305,A,2,,Motor Vehicle In Motion,"Injury of any type (Serious, Minor, Possible)",C,Possible Injury (C),0,0,3,State,0.51,17,17-N,17-N,91-N-19,,,,,41.327503,-72.878904,14,Motor Vehicle in Operation,1,Front to rear,1,On Roadway,4,Rain,88,Not Applicable,1,Daylight,2,Wet,0,None,88,Not Applicable,88,Not Applicable,0,None,88,Not Applicable,88,Not Applicable,2,Intersection,4,Y-Intersection,1,No,1,No,88,Not Applicable,88,Not Applicable,88,Not Applicable,88,Not Applicable,TRUE,1,Public Road,1,"Trafficway, On Road",CT0009300,New Haven PD,40815,22:12.0,O,Open,29:54.0,,3,21500,3,PRINCIPAL ARTERIAL - OTHER - NEW HPMS,2,Urban
891389,1,Complete,891389,891389,41.332312,-72.87291,3393486,New Haven,93,93,New Haven,12/18/2021,2021,12,December,18,7,Saturday,15:16:00,15,21045309,A,2,,Motor Vehicle In Motion,"Injury of any type (Serious, Minor, Possible)",C,Possible Injury (C),0,1,3,State,0.96,17,17-N,17-N,,CRANSTON ST,30,Feet,E,41.332312,-72.87291,14,Motor Vehicle in Operation,3,Angle,1,On Roadway,4,Rain,88,Not Applicable,1,Daylight,2,Wet,1,Weather Conditions,88,Not Applicable,88,Not Applicable,0,None,88,Not Applicable,88,Not Applicable,11,Through Roadway,1,Not at Intersection,1,No,1,No,88,Not Applicable,88,Not Applicable,88,Not Applicable,88,Not Applicable,FALSE,1,Public Road,1,"Trafficway, On Road",CT0009300,New Haven PD,40793,50:48.0,C,Closed,29:53.0,,2,9800,3,PRINCIPAL ARTERIAL - OTHER - NEW HPMS,2,Urban
891395,1,Complete,891395,891395,41.32382,-72.88154,3393492,New Haven,93,93,New Haven,12/18/2021,2021,12,December,18,7,Saturday,22:41:00,22,21045341,A,2,,Motor Vehicle In Motion,"Injury of any type (Serious, Minor, Possible)",C,Possible Injury (C),0,0,3,State,0.22,17,17-N,17-N,80-W,,,,,41.32382,-72.88154,14,Motor Vehicle in Operation,97,Other,1,On Roadway,1,Clear,88,Not Applicable,4,Dark-Lighted,1,Dry,0,None,88,Not Applicable,88,Not Applicable,0,None,88,Not Applicable,88,Not Applicable,2,Intersection,2,Four-Way Intersection,1,No,1,No,88,Not Applicable,88,Not Applicable,88,Not Applicable,88,Not Applicable,FALSE,1,Public Road,1,"Trafficway, On Road",CT0009300,New Haven PD,370,42:10.0,O,Open,18:54.0,,1,8500,1,INTERSTATE - NEW HPMS,2,Urban
891397,1,Complete,891397,891397,41.3097745,-72.9452064,3393494,New Haven,93,93,New Haven,12/18/2021,2021,12,December,18,7,Saturday,23:18:00,23,21045343,A,3,,Motor Vehicle In Motion,"Injury of any type (Serious, Minor, Possible)",B,Suspected Minor Injury (B),0,0,4,Local,0.26,248,GEORGE ST,GEORGE ST,SHERMAN AV,,,,,41.3097745,-72.9452064,14,Motor Vehicle in Operation,3,Angle,1,On Roadway,4,Rain,88,Not Applicable,4,Dark-Lighted,2,Wet,0,None,88,Not Applicable,88,Not Applicable,0,None,88,Not Applicable,88,Not Applicable,2,Intersection,2,Four-Way Intersection,1,No,1,No,88,Not Applicable,88,Not Applicable,88,Not Applicable,88,Not Applicable,FALSE,1,Public Road,1,"Trafficway, On Road",CT0009300,New Haven PD,42046,18:45.0,O,Open,30:04.0,,,,,,,
891399,1,Complete,891399,891399,41.291224,-72.93332,3393496,New Haven,93,93,New Haven,12/18/2021,2021,12,December,18,7,Saturday,23:58:00,23,21045345,A,3,,Motor Vehicle In Motion,"Injury of any type (Serious, Minor, Possible)",A,Suspected Serious Injury (A),0,0,4,Local,0.07,339,KIMBERLY AV,KIMBERLY AV,LAMBERTON ST,,,,,41.291224,-72.93332,14,Motor Vehicle in Operation,1,Front to rear,1,On Roadway,4,Rain,88,Not Applicable,4,Dark-Lighted,2,Wet,0,None,88,Not Applicable,88,Not Applicable,0,None,88,Not Applicable,88,Not Applicable,2,Intersection,2,Four-Way Intersection,1,No,1,No,88,Not Applicable,88,Not Applicable,88,Not Applicable,88,Not Applicable,FALSE,1,Public Road,1,"Trafficway, On Road",CT0009300,New Haven PD,40955,41:08.0,O,Open,30:03.0,,2,7500,4,MINOR ARTERIAL - NEW HPMS,2,Urban
891402,1,Complete,891402,891402,41.312861,-72.872602,3393499,New Haven,93,93,New Haven,12/19/2021,2021,12,December,19,1,Sunday,13:48:00,13,21045390,A,2,,Motor Vehicle In Motion,"Injury of any type (Serious, Minor, Possible)",C,Possible Injury (C),0,0,,,,,,JACKSON LN,,,,,,41.312861,-72.872602,14,Motor Vehicle in Operation,5,"Sideswipe, opposite direction",7,In Parking Lane or Zone,1,Clear,88,Not Applicable,1,Daylight,1,Dry,0,None,88,Not Applicable,88,Not Applicable,0,None,88,Not Applicable,88,Not Applicable,1,Non-Junction,1,Not at Intersection,1,No,1,No,88,Not Applicable,88,Not Applicable,88,Not Applicable,88,Not Applicable,FALSE,88,Not Applicable,4,Parking Lot,CT0009300,New Haven PD,156,45:36.0,C,Closed,30:01.0,,,,,,,
891404,1,Complete,891404,891404,41.322471,-72.949153,3393501,New Haven,93,93,New Haven,12/20/2021,2021,12,December,20,2,Monday,6:04:00,6,21045434,A,1,,Pedestrian,"Injury of any type (Serious, Minor, Possible)",B,Suspected Minor Injury (B),1,1,4,Local,0.23,690,ELLA T GRASSO BLVD,ELLA T GRASSO BLVD,,ANITA ST,105,Feet,N,41.322471,-72.949153,9,Pedestrian,88,Not Applicable,1,On Roadway,1,Clear,88,Not Applicable,4,Dark-Lighted,1,Dry,0,None,88,Not Applicable,88,Not Applicable,0,None,88,Not Applicable,88,Not Applicable,1,Non-Junction,1,Not at Intersection,1,No,1,No,88,Not Applicable,88,Not Applicable,88,Not Applicable,88,Not Applicable,FALSE,1,Public Road,1,"Trafficway, On Road",CT0009300,New Haven PD,7,19:06.0,C,Closed,30:05.0,,4,5300,4,MINOR ARTERIAL - NEW HPMS,2,Urban
891411,1,Complete,891411,891411,41.328831,-72.965391,3393508,New Haven,93,93,New Haven,12/20/2021,2021,12,December,20,2,Monday,11:59:00,11,21045463,A,2,,Motor Vehicle In Motion,"Injury of any type (Serious, Minor, Possible)",C,Possible Injury (C),0,0,3,State,0.53,63,63-N,63-N,EMERSON ST NO 2,,,,,41.328831,-72.965391,14,Motor Vehicle in Operation,1,Front to rear,1,On Roadway,1,Clear,88,Not Applicable,1,Daylight,1,Dry,0,None,88,Not Applicable,88,Not Applicable,0,None,88,Not Applicable,88,Not Applicable,2,Intersection,3,T-Intersection,1,No,1,No,88,Not Applicable,88,Not Applicable,88,Not Applicable,88,Not Applicable,TRUE,1,Public Road,1,"Trafficway, On Road",CT0009300,New Haven PD,381,59:36.0,C,Closed,30:13.0,,3,20300,3,PRINCIPAL ARTERIAL - OTHER - NEW HPMS,2,Urban
891416,1,Complete,891416,891416,41.310654,-72.949642,3393513,New Haven,93,93,New Haven,12/20/2021,2021,12,December,20,2,Monday,20:18:00,20,21045515,A,2,,Motor Vehicle In Motion,"Injury of any type (Serious, Minor, Possible)",C,Possible Injury (C),0,0,4,Local,0.03,248,GEORGE ST,GEORGE ST,NORTON ST,,,,,41.310654,-72.949642,14,Motor Vehicle in Operation,1,Front to rear,4,Roadside,1,Clear,88,Not Applicable,4,Dark-Lighted,1,Dry,0,None,88,Not Applicable,88,Not Applicable,99,Unknown,88,Not Applicable,88,Not Applicable,2,Intersection,4,Y-Intersection,1,No,1,No,88,Not Applicable,88,Not Applicable,88,Not Applicable,88,Not Applicable,FALSE,1,Public Road,3,Non-trafficway,CT0009300,New Haven PD,11439,26:41.0,C,Closed,31:00.0,,,,,,,
891426,1,Complete,891426,891426,41.30888,-72.90981,3393523,New Haven,93,93,New Haven,12/21/2021,2021,12,December,21,3,Tuesday,13:24:00,13,21045571,A,2,,Motor Vehicle In Motion,"Injury of any type (Serious, Minor, Possible)",C,Possible Injury (C),0,0,4,Local,1.26,264,GRAND AV,GRAND AV,EAST ST,,,,,41.30888,-72.90981,14,Motor Vehicle in Operation,4,"Sideswipe, same direction",1,On Roadway,1,Clear,88,Not Applicable,1,Daylight,1,Dry,0,None,88,Not Applicable,88,Not Applicable,0,None,88,Not Applicable,88,Not Applicable,11,Through Roadway,1,Not at Intersection,1,No,1,No,88,Not Applicable,88,Not Applicable,88,Not Applicable,88,Not Applicable,FALSE,1,Public Road,1,"Trafficway, On Road",CT0009300,New Haven PD,40793,00:46.0,C,Closed,30:26.0,,2,9100,4,MINOR ARTERIAL - NEW HPMS,2,Urban
891428,1,Complete,891428,891428,41.320101,-72.893289,3393525,New Haven,93,93,New Haven,12/21/2021,2021,12,December,21,3,Tuesday,14:21:00,14,21045575,A,2,,Motor Vehicle In Motion,"Injury of any type (Serious, Minor, Possible)",C,Possible Injury (C),0,1,4,Local,0.5,411,MIDDLETOWN AV,MIDDLETOWN AV,,,,,,41.320101,-72.893289,14,Motor Vehicle in Operation,97,Other,1,On Roadway,1,Clear,88,Not Applicable,1,Daylight,1,Dry,0,None,88,Not Applicable,88,Not Applicable,0,None,88,Not Applicable,88,Not Applicable,2,Intersection,2,Four-Way Intersection,1,No,1,No,88,Not Applicable,88,Not Applicable,88,Not Applicable,88,Not Applicable,TRUE,1,Public Road,1,"Trafficway, On Road",CT0009300,New Haven PD,980,52:35.0,C,Closed,30:19.0,,,,,,,
891429,1,Complete,891429,891429,41.32882,-72.968619,3393526,New Haven,93,93,New Haven,12/21/2021,2021,12,December,21,3,Tuesday,15:36:00,15,21045576,A,2,,Motor Vehicle In Motion,"Injury of any type (Serious, Minor, Possible)",C,Possible Injury (C),0,0,3,State,3.49,122,122-N,122-N,FAIRFIELD ST NO 2,,,,,41.32882,-72.968619,14,Motor Vehicle in Operation,3,Angle,1,On Roadway,1,Clear,88,Not Applicable,1,Daylight,1,Dry,0,None,88,Not Applicable,88,Not Applicable,0,None,88,Not Applicable,88,Not Applicable,2,Intersection,3,T-Intersection,1,No,1,No,88,Not Applicable,88,Not Applicable,88,Not Applicable,88,Not Applicable,TRUE,1,Public Road,1,"Trafficway, On Road",CT0009300,New Haven PD,170,10:45.0,C,Closed,30:28.0,,2,11500,4,MINOR ARTERIAL - NEW HPMS,2,Urban
891433,1,Complete,891433,891433,41.30259,-72.951297,3393530,New Haven,93,93,New Haven,12/21/2021,2021,12,December,21,3,Tuesday,18:35:00,18,21045598,A,3,,Motor Vehicle In Motion,"Injury of any type (Serious, Minor, Possible)",C,Possible Injury (C),0,0,3,State,1.84,10,10-N,10-N,,LEGION AVE,1115,Feet,S,41.30259,-72.951297,14,Motor Vehicle in Operation,1,Front to rear,1,On Roadway,1,Clear,88,Not Applicable,4,Dark-Lighted,1,Dry,0,None,88,Not Applicable,88,Not Applicable,0,None,88,Not Applicable,88,Not Applicable,1,Non-Junction,1,Not at Intersection,1,No,1,No,88,Not Applicable,88,Not Applicable,88,Not Applicable,88,Not Applicable,FALSE,1,Public Road,1,"Trafficway, On Road",CT0009300,New Haven PD,42370,13:24.0,C,Closed,30:19.0,,4,20700,3,PRINCIPAL ARTERIAL - OTHER - NEW HPMS,2,Urban
891442,1,Complete,891442,891442,41.305899,-72.946731,3393539,New Haven,93,93,New Haven,12/22/2021,2021,12,December,22,4,Wednesday,11:00:00,11,21045654,A,2,,Motor Vehicle In Motion,"Injury of any type (Serious, Minor, Possible)",C,Possible Injury (C),0,0,4,Local,0.29,360,LEGION AV-RT 34,LEGION AV-RT 34,SHERMAN AV,,,,,41.305899,-72.946731,14,Motor Vehicle in Operation,1,Front to rear,1,On Roadway,4,Rain,88,Not Applicable,1,Daylight,2,Wet,0,None,88,Not Applicable,88,Not Applicable,0,None,88,Not Applicable,88,Not Applicable,2,Intersection,2,Four-Way Intersection,1,No,1,No,88,Not Applicable,88,Not Applicable,88,Not Applicable,88,Not Applicable,FALSE,1,Public Road,1,"Trafficway, On Road",CT0009300,New Haven PD,251,18:53.0,C,Closed,30:35.0,,,,,,,
891448,1,Complete,891448,891448,41.31383,-72.92505,3393545,New Haven,93,93,New Haven,12/22/2021,2021,12,December,22,4,Wednesday,16:59:00,16,21045697,A,1,,Pedestrian,"Injury of any type (Serious, Minor, Possible)",B,Suspected Minor Injury (B),1,1,4,Local,0.15,495,PROSPECT ST,PROSPECT ST,TRUMBULL ST,,,,,41.31383,-72.92505,9,Pedestrian,88,Not Applicable,1,On Roadway,1,Clear,88,Not Applicable,4,Dark-Lighted,2,Wet,0,None,88,Not Applicable,88,Not Applicable,0,None,88,Not Applicable,88,Not Applicable,2,Intersection,2,Four-Way Intersection,1,No,1,No,88,Not Applicable,88,Not Applicable,88,Not Applicable,88,Not Applicable,FALSE,1,Public Road,1,"Trafficway, On Road",CT0009300,New Haven PD,991,47:02.0,C,Closed,18:54.0,,3,7200,4,MINOR ARTERIAL - NEW HPMS,2,Urban