CrashId,Fatal Case Status,Fatal Case Status Text Format,CrashId,CrashId,Latitude,Longitude,DOT Case Number,Town Name,Town Number,Town Number,Town Number Text Format,Date Of Crash,Year,Month,Month Text Format,Day,Day of the Week,Day of the Week Text Format,Time of Crash,Hour of the Day,Case Identifier,Crash Severity,Number Of Motor Vehicles,Motor vehicle action,Most harmful event,Crash Severity Text Format,Most Severe Injury,Most Severe Injury Text Format,Number Of Non-Motorist,Number Of Witnesses,Route Class,Route Class Text Format,Milemarker,Road Number,Road Description,Roadway Name,Intersecting Roadway Name,Landmark Description,Distance From Nearest Landmark,Unit Of Measure From Nearest Landmark,Direction From Nearest Landmark,Latitude,Longitude,First Harmful Event,First Harmful Event Text Format,Manner of Crash / Collision Impact,Manner of Crash / Collision Impact Text Format,Location of First Harmful Event,Location of First Harmful Event Text Format,Weather Condition,Weather Condition Text Format,Weather 2,Weather 2 Text Format,Light Condition,Light Condition Text Format,Road Surface Condition,Road Surface Condition Text Format,"Contributing Circumstances, Environment","Contributing Circumstances, Environment Text Format",Environment 2,Environment 2 Text Format,Environment 3,Environment 3 Text Format,"Contributing Circumstances, Road","Contributing Circumstances, Road Text Format",Road 2,Road 2 Text Format,Road 3,Road 3 Text Format,Crash Specific Location,Crash Specific Location Text Format,Type of Intersection,Type of Intersection Text Format,School Bus Related,School Bus Related Text Format,Work Zone Related,Work Zone Related Text Format,Location Of Crash Relative To Work Zone,Location Of Crash Relative To Work Zone Text Format,Type of Work Zone,Type of Work Zone Text Format,Worker Presence,Worker Presence Text Format,Law Enforcement Presence,Law Enforcement Presence Text Format,Were Vehicles Moved Prior To Police Arrival,Trafficway Ownership,Trafficway Ownership Text Format,Trafficway Class,Trafficway Class Text Format,Police Agency,Police Agency Text Format,Badge Number,Approval Date,Police Case Status,Police Case Status Text Format,Crash Report Submission Date,Related Case Identifiers,No. of Through Lanes (Log Dir.),Average Daily Traffic,Functional Classification,Functional Classification Text Format,Rural or Urban,Rural or Urban Text Format
891450,1,Complete,891450,891450,41.316948,-72.942296,3393547,New Haven,93,93,New Haven,12/22/2021,2021,12,December,22,4,Wednesday,18:44:00,18,21045710,A,4,,Motor Vehicle In Motion,"Injury of any type (Serious, Minor, Possible)",C,Possible Injury (C),0,0,4,Local,0.79,556,SHERMAN AV,SHERMAN AV,,WHALLEY AVE,105,Feet,N,41.316948,-72.942296,14,Motor Vehicle in Operation,1,Front to rear,1,On Roadway,1,Clear,88,Not Applicable,4,Dark-Lighted,1,Dry,0,None,88,Not Applicable,88,Not Applicable,0,None,88,Not Applicable,88,Not Applicable,1,Non-Junction,1,Not at Intersection,1,No,1,No,88,Not Applicable,88,Not Applicable,88,Not Applicable,88,Not Applicable,FALSE,1,Public Road,1,"Trafficway, On Road",CT0009300,New Haven PD,40821,44:16.0,C,Closed,30:42.0,,,,,,,
891455,1,Complete,891455,891455,41.293653,-72.937704,3393552,New Haven,93,93,New Haven,12/23/2021,2021,12,December,23,5,Thursday,11:05:00,11,21045757,A,4,,Motor Vehicle In Motion,"Injury of any type (Serious, Minor, Possible)",B,Suspected Minor Injury (B),0,0,4,Local,0.09,571,SPRING ST,SPRING ST,HURLBURT ST,,,,,41.293653,-72.937704,14,Motor Vehicle in Operation,3,Angle,1,On Roadway,1,Clear,88,Not Applicable,1,Daylight,1,Dry,0,None,88,Not Applicable,88,Not Applicable,0,None,88,Not Applicable,88,Not Applicable,2,Intersection,2,Four-Way Intersection,1,No,1,No,88,Not Applicable,88,Not Applicable,88,Not Applicable,88,Not Applicable,FALSE,1,Public Road,1,"Trafficway, On Road",CT0009300,New Haven PD,362,35:18.0,C,Closed,30:45.0,,,,,,,
891462,1,Complete,891462,891462,41.2888621,-72.892548,3393559,New Haven,93,93,New Haven,12/23/2021,2021,12,December,23,5,Thursday,17:45:00,17,21045802,A,2,,Motor Vehicle In Motion,"Injury of any type (Serious, Minor, Possible)",C,Possible Injury (C),0,0,3,State,0.07,337,337-E,337-E,MAIN ST NO 2,,,,,41.2888621,-72.892548,14,Motor Vehicle in Operation,1,Front to rear,1,On Roadway,1,Clear,88,Not Applicable,4,Dark-Lighted,1,Dry,0,None,88,Not Applicable,88,Not Applicable,0,None,88,Not Applicable,88,Not Applicable,2,Intersection,2,Four-Way Intersection,1,No,1,No,88,Not Applicable,88,Not Applicable,88,Not Applicable,88,Not Applicable,TRUE,1,Public Road,1,"Trafficway, On Road",CT0009300,New Haven PD,42055,55:59.0,C,Closed,30:46.0,,4,14000,4,MINOR ARTERIAL - NEW HPMS,2,Urban
891467,1,Complete,891467,891467,41.294435,-72.931968,3393564,New Haven,93,93,New Haven,12/23/2021,2021,12,December,23,5,Thursday,23:14:00,23,21045837,A,2,,Cross Centerline,"Injury of any type (Serious, Minor, Possible)",C,Possible Injury (C),0,0,4,Local,0.38,571,SPRING ST,SPRING ST,EDGAR ST,,,,,41.294435,-72.931968,14,Motor Vehicle in Operation,2,Front to front,1,On Roadway,1,Clear,88,Not Applicable,4,Dark-Lighted,1,Dry,97,Other,88,Not Applicable,88,Not Applicable,0,None,88,Not Applicable,88,Not Applicable,3,Intersection-Related,5,L-Intersection,1,No,1,No,88,Not Applicable,88,Not Applicable,88,Not Applicable,88,Not Applicable,FALSE,1,Public Road,1,"Trafficway, On Road",CT0009300,New Haven PD,838,16:04.0,C,Closed,30:53.0,,,,,,,
891472,1,Complete,891472,891472,41.311734,-72.8960758,3393569,New Haven,93,93,New Haven,12/24/2021,2021,12,December,24,6,Friday,2:58:00,2,21045852,A,1,,"Struck By Falling, Shifting Cargo or Anything Set in Motion By Motor Vehicle","Injury of any type (Serious, Minor, Possible)",C,Possible Injury (C),0,0,4,Local,0.56,213,FERRY ST,FERRY ST,,PINE ST,300,Feet,S,41.311734,-72.8960758,16,"Struck by Falling, Shifting Cargo or Anything Set in Motion by Motor Vehicle",88,Not Applicable,1,On Roadway,7,Snow,88,Not Applicable,4,Dark-Lighted,3,Snow,1,Weather Conditions,88,Not Applicable,88,Not Applicable,0,None,88,Not Applicable,88,Not Applicable,1,Non-Junction,1,Not at Intersection,1,No,1,No,88,Not Applicable,88,Not Applicable,88,Not Applicable,88,Not Applicable,FALSE,1,Public Road,1,"Trafficway, On Road",CT0009300,New Haven PD,42055,50:36.0,C,Closed,19:26.0,,4,13500,4,MINOR ARTERIAL - NEW HPMS,2,Urban
891474,1,Complete,891474,891474,41.331129,-72.948951,3393571,New Haven,93,93,New Haven,12/24/2021,2021,12,December,24,6,Friday,6:42:00,6,21045857,A,2,,Motor Vehicle In Motion,"Injury of any type (Serious, Minor, Possible)",C,Possible Injury (C),0,0,4,Local,1.01,133,CRESCENT ST,CRESCENT ST,,FITCH ST,200,Feet,E,41.331129,-72.948951,14,Motor Vehicle in Operation,2,Front to front,1,On Roadway,7,Snow,88,Not Applicable,1,Daylight,3,Snow,0,None,88,Not Applicable,88,Not Applicable,0,None,88,Not Applicable,88,Not Applicable,1,Non-Junction,1,Not at Intersection,1,No,1,No,88,Not Applicable,88,Not Applicable,88,Not Applicable,88,Not Applicable,FALSE,1,Public Road,1,"Trafficway, On Road",CT0009300,New Haven PD,349,28:40.0,C,Closed,30:54.0,,,,,,,
891480,1,Complete,891480,891480,41.324533,-72.916543,3393577,New Haven,93,93,New Haven,12/24/2021,2021,12,December,24,6,Friday,13:17:00,13,21045882,A,2,,Motor Vehicle In Motion,"Injury of any type (Serious, Minor, Possible)",C,Possible Injury (C),0,0,4,Local,1.04,656,WHITNEY AV,WHITNEY AV,CANNER ST,,,,,41.324533,-72.916543,14,Motor Vehicle in Operation,3,Angle,1,On Roadway,2,Cloudy,88,Not Applicable,1,Daylight,2,Wet,0,None,88,Not Applicable,88,Not Applicable,0,None,88,Not Applicable,88,Not Applicable,2,Intersection,2,Four-Way Intersection,1,No,1,No,88,Not Applicable,88,Not Applicable,88,Not Applicable,88,Not Applicable,TRUE,1,Public Road,1,"Trafficway, On Road",CT0009300,New Haven PD,42048,55:33.0,C,Closed,31:00.0,,,,,,,
891506,1,Complete,891506,891506,41.31587,-72.94021,3393603,New Haven,93,93,New Haven,12/24/2021,2021,12,December,24,6,Friday,17:50:00,17,21045902,A,3,,Motor Vehicle In Motion,"Injury of any type (Serious, Minor, Possible)",C,Possible Injury (C),0,0,4,Local,0.51,653,WHALLEY AV,WHALLEY AV,COUNTY ST NO 1,,,,,41.31587,-72.94021,14,Motor Vehicle in Operation,1,Front to rear,1,On Roadway,1,Clear,88,Not Applicable,4,Dark-Lighted,1,Dry,0,None,88,Not Applicable,88,Not Applicable,0,None,88,Not Applicable,88,Not Applicable,2,Intersection,5,L-Intersection,1,No,1,No,88,Not Applicable,88,Not Applicable,88,Not Applicable,88,Not Applicable,FALSE,1,Public Road,1,"Trafficway, On Road",CT0009300,New Haven PD,40804,08:25.0,C,Closed,31:04.0,,,,,,,
891509,1,Complete,891509,891509,41.332044,-72.932678,3393606,New Haven,93,93,New Haven,12/24/2021,2021,12,December,24,6,Friday,19:25:00,19,21045906,A,2,,Motor Vehicle In Motion,"Injury of any type (Serious, Minor, Possible)",C,Possible Injury (C),0,0,4,Local,0.34,42,BASSETT ST,BASSETT ST,GOODYEAR ST,,,,,41.332044,-72.932678,14,Motor Vehicle in Operation,3,Angle,1,On Roadway,1,Clear,88,Not Applicable,4,Dark-Lighted,2,Wet,0,None,88,Not Applicable,88,Not Applicable,0,None,88,Not Applicable,88,Not Applicable,3,Intersection-Related,3,T-Intersection,1,No,1,No,88,Not Applicable,88,Not Applicable,88,Not Applicable,88,Not Applicable,TRUE,1,Public Road,1,"Trafficway, On Road",CT0009300,New Haven PD,30,42:44.0,C,Closed,31:08.0,NONE,,,,,,
891512,1,Complete,891512,891512,41.295314,-72.946563,3393609,New Haven,93,93,New Haven,12/25/2021,2021,12,December,25,7,Saturday,2:20:00,2,21045931,A,2,,Motor Vehicle In Motion,"Injury of any type (Serious, Minor, Possible)",C,Possible Injury (C),0,0,3,State,1.28,10,10-N,10-N,PRINTERS LA,,,,,41.295314,-72.946563,14,Motor Vehicle in Operation,3,Angle,1,On Roadway,1,Clear,88,Not Applicable,4,Dark-Lighted,1,Dry,0,None,88,Not Applicable,88,Not Applicable,0,None,88,Not Applicable,88,Not Applicable,2,Intersection,3,T-Intersection,1,No,1,No,88,Not Applicable,88,Not Applicable,88,Not Applicable,88,Not Applicable,TRUE,1,Public Road,1,"Trafficway, On Road",CT0009300,New Haven PD,263,43:04.0,C,Closed,31:15.0,,4,20200,3,PRINCIPAL ARTERIAL - OTHER - NEW HPMS,2,Urban
891516,1,Complete,891516,891516,41.324083,-72.881385,3393613,New Haven,93,93,New Haven,12/25/2021,2021,12,December,25,7,Saturday,11:03:00,11,21045956,A,2,,Motor Vehicle In Motion,"Injury of any type (Serious, Minor, Possible)",C,Possible Injury (C),0,0,3,State,0.22,17,17-N,17-N,80-W,,,,,41.324083,-72.881385,14,Motor Vehicle in Operation,1,Front to rear,1,On Roadway,4,Rain,88,Not Applicable,1,Daylight,2,Wet,0,None,88,Not Applicable,88,Not Applicable,0,None,88,Not Applicable,88,Not Applicable,2,Intersection,2,Four-Way Intersection,1,No,1,No,88,Not Applicable,88,Not Applicable,88,Not Applicable,88,Not Applicable,FALSE,1,Public Road,1,"Trafficway, On Road",CT0009300,New Haven PD,42057,34:01.0,C,Closed,31:12.0,,1,8500,1,INTERSTATE - NEW HPMS,2,Urban
891518,1,Complete,891518,891518,41.330939,-72.940361,3393615,New Haven,93,93,New Haven,12/25/2021,2021,12,December,25,7,Saturday,13:17:00,13,21045963,A,2,,Motor Vehicle In Motion,"Injury of any type (Serious, Minor, Possible)",C,Possible Injury (C),0,0,4,Local,0.19,230,FOURNIER ST NO 1,FOURNIER ST NO 1,,BASSETT ST,0.200000003,TenthsofMile,S,41.330939,-72.940361,14,Motor Vehicle in Operation,3,Angle,1,On Roadway,4,Rain,99,Unknown,1,Daylight,2,Wet,0,None,88,Not Applicable,88,Not Applicable,0,None,88,Not Applicable,88,Not Applicable,1,Non-Junction,1,Not at Intersection,1,No,1,No,88,Not Applicable,88,Not Applicable,88,Not Applicable,88,Not Applicable,FALSE,1,Public Road,1,"Trafficway, On Road",CT0009300,New Haven PD,199,51:18.0,C,Closed,31:26.0,,,,,,,
891521,1,Complete,891521,891521,41.310582,-72.956911,3393618,New Haven,93,93,New Haven,12/26/2021,2021,12,December,26,1,Sunday,7:42:00,7,21046005,A,1,,Tree (standing),"Injury of any type (Serious, Minor, Possible)",C,Possible Injury (C),0,0,3,State,21.7,34,34-E,34-E,,YALE AVE,250,Feet,E,41.310582,-72.956911,32,Tree (standing),88,Not Applicable,1,On Roadway,1,Clear,88,Not Applicable,1,Daylight,5,Ice / Frost,0,None,88,Not Applicable,88,Not Applicable,5,"Road Surface Condition (wet, icy, snow, slush, etc.)",88,Not Applicable,88,Not Applicable,11,Through Roadway,1,Not at Intersection,1,No,1,No,88,Not Applicable,88,Not Applicable,88,Not Applicable,88,Not Applicable,FALSE,1,Public Road,1,"Trafficway, On Road",CT0009300,New Haven PD,359,48:14.0,C,Closed,31:19.0,,4,22100,3,PRINCIPAL ARTERIAL - OTHER - NEW HPMS,2,Urban
891524,1,Complete,891524,891524,41.322821,-72.896315,3393621,New Haven,93,93,New Haven,12/26/2021,2021,12,December,26,1,Sunday,10:47:00,10,21046018,A,2,,Motor Vehicle In Motion,"Injury of any type (Serious, Minor, Possible)",C,Possible Injury (C),0,0,2,USRoute,0.64,5,5-N,5-N,,ROCK ST,684,Feet,N,41.322821,-72.896315,14,Motor Vehicle in Operation,3,Angle,1,On Roadway,1,Clear,88,Not Applicable,1,Daylight,1,Dry,0,None,88,Not Applicable,88,Not Applicable,0,None,88,Not Applicable,88,Not Applicable,1,Non-Junction,1,Not at Intersection,1,No,1,No,88,Not Applicable,88,Not Applicable,88,Not Applicable,88,Not Applicable,FALSE,1,Public Road,1,"Trafficway, On Road",CT0009300,New Haven PD,42054,00:38.0,C,Closed,31:21.0,21046018,2,17300,4,MINOR ARTERIAL - NEW HPMS,2,Urban
891527,1,Complete,891527,891527,41.28975,-72.89234,3393624,New Haven,93,93,New Haven,12/26/2021,2021,12,December,26,1,Sunday,17:13:00,17,21046037,A,2,,Motor Vehicle In Motion,"Injury of any type (Serious, Minor, Possible)",C,Possible Injury (C),0,0,2,USRoute,50.25,1,1-N,1-N,TOWNSEND AV,,,,E,41.28975,-72.89234,14,Motor Vehicle in Operation,3,Angle,1,On Roadway,1,Clear,88,Not Applicable,4,Dark-Lighted,1,Dry,0,None,88,Not Applicable,88,Not Applicable,0,None,88,Not Applicable,88,Not Applicable,1,Non-Junction,1,Not at Intersection,1,No,1,No,88,Not Applicable,88,Not Applicable,88,Not Applicable,88,Not Applicable,FALSE,1,Public Road,1,"Trafficway, On Road",CT0009300,New Haven PD,42049,03:35.0,C,Closed,31:25.0,,2,9100,3,PRINCIPAL ARTERIAL - OTHER - NEW HPMS,2,Urban
891529,1,Complete,891529,891529,41.2995398,-72.8921916,921315,New Haven,93,93,New Haven,12/26/2021,2021,12,December,26,1,Sunday,18:18:00,18,21046042,K,1,Straight Ahead,Pedestrian,Fatal (Kill),K,Fatal Injury (K),1,1,4,Local,0.35,210,FARREN AV,FARREN AV,,LANCRAFT ST,400,Feet,N,41.2995398,-72.8921916,9,Pedestrian,88,Not Applicable,1,On Roadway,1,Clear,88,Not Applicable,4,Dark-Lighted,1,Dry,0,None,88,Not Applicable,88,Not Applicable,0,None,88,Not Applicable,88,Not Applicable,1,Non-Junction,1,Not at Intersection,1,No,1,No,88,Not Applicable,88,Not Applicable,88,Not Applicable,88,Not Applicable,TRUE,1,Public Road,1,"Trafficway, On Road",CT0009300,New Haven PD,42055,13:25.0,O,Open,18:55.0,,2,11400,4,MINOR ARTERIAL - NEW HPMS,2,Urban
891531,1,Complete,891531,891531,41.32369,-72.881136,3393628,New Haven,93,93,New Haven,12/29/2021,2021,12,December,29,4,Wednesday,9:16:00,9,21046080,A,3,,Motor Vehicle In Motion,"Injury of any type (Serious, Minor, Possible)",C,Possible Injury (C),0,0,3,State,0.22,17,17-N,17-N,80-W,,,,,41.32369,-72.881136,14,Motor Vehicle in Operation,3,Angle,1,On Roadway,1,Clear,88,Not Applicable,1,Daylight,1,Dry,0,None,88,Not Applicable,88,Not Applicable,0,None,88,Not Applicable,88,Not Applicable,2,Intersection,2,Four-Way Intersection,1,No,1,No,88,Not Applicable,88,Not Applicable,88,Not Applicable,88,Not Applicable,FALSE,1,Public Road,1,"Trafficway, On Road",CT0009300,New Haven PD,42057,12:27.0,C,Closed,19:04.0,,1,8500,1,INTERSTATE - NEW HPMS,2,Urban
891532,1,Complete,891532,891532,41.32577,-72.880291,3393629,New Haven,93,93,New Haven,12/27/2021,2021,12,December,27,2,Monday,7:18:00,7,21046081,A,2,,Motor Vehicle In Motion,"Injury of any type (Serious, Minor, Possible)",C,Possible Injury (C),0,0,3,State,0.37,17,17-N,17-N,,BARNES AVE,429,Feet,S,41.32577,-72.880291,14,Motor Vehicle in Operation,4,"Sideswipe, same direction",1,On Roadway,1,Clear,88,Not Applicable,1,Daylight,1,Dry,0,None,88,Not Applicable,88,Not Applicable,1,Backup Due to Prior Crash,88,Not Applicable,88,Not Applicable,1,Non-Junction,1,Not at Intersection,1,No,1,No,88,Not Applicable,88,Not Applicable,88,Not Applicable,88,Not Applicable,TRUE,1,Public Road,1,"Trafficway, On Road",CT0009300,New Haven PD,416,21:50.0,C,Closed,31:27.0,,3,21500,3,PRINCIPAL ARTERIAL - OTHER - NEW HPMS,2,Urban
891534,1,Complete,891534,891534,41.316373,-72.970888,3393631,New Haven,93,93,New Haven,12/27/2021,2021,12,December,27,2,Monday,13:20:00,13,21046120,A,2,,Motor Vehicle In Motion,"Injury of any type (Serious, Minor, Possible)",C,Possible Injury (C),0,1,3,State,2.6,122,122-N,122-N,OLIVER RD,,,,,41.316373,-72.970888,14,Motor Vehicle in Operation,3,Angle,1,On Roadway,1,Clear,88,Not Applicable,1,Daylight,1,Dry,0,None,88,Not Applicable,88,Not Applicable,0,None,88,Not Applicable,88,Not Applicable,2,Intersection,3,T-Intersection,1,No,1,No,88,Not Applicable,88,Not Applicable,88,Not Applicable,88,Not Applicable,FALSE,1,Public Road,1,"Trafficway, On Road",CT0009300,New Haven PD,65,37:04.0,C,Closed,18:57.0,,2,11700,4,MINOR ARTERIAL - NEW HPMS,2,Urban
891537,1,Complete,891537,891537,41.304329,-72.936913,3393634,New Haven,93,93,New Haven,12/27/2021,2021,12,December,27,2,Monday,18:07:00,18,21046140,A,2,,Motor Vehicle In Motion,"Injury of any type (Serious, Minor, Possible)",C,Possible Injury (C),0,0,4,Local,0.13,308,HOWARD AV,HOWARD AV,,PARK ST,20,Feet,S,41.304329,-72.936913,14,Motor Vehicle in Operation,1,Front to rear,1,On Roadway,1,Clear,88,Not Applicable,4,Dark-Lighted,1,Dry,0,None,88,Not Applicable,88,Not Applicable,0,None,88,Not Applicable,88,Not Applicable,1,Non-Junction,1,Not at Intersection,1,No,1,No,88,Not Applicable,88,Not Applicable,88,Not Applicable,88,Not Applicable,FALSE,1,Public Road,1,"Trafficway, On Road",CT0009300,New Haven PD,476,09:28.0,C,Closed,31:30.0,,,,,,,
891540,1,Complete,891540,891540,41.30627,-72.93547,3393637,New Haven,93,93,New Haven,12/27/2021,2021,12,December,27,2,Monday,20:25:00,20,21046153,A,2,,Motor Vehicle In Motion,"Injury of any type (Serious, Minor, Possible)",C,Possible Injury (C),0,1,4,Local,0.64,809,REV DR MLK JR BLVD,REV DR MLK JR BLVD,PARK ST,,,,,41.30627,-72.93547,14,Motor Vehicle in Operation,3,Angle,1,On Roadway,4,Rain,88,Not Applicable,4,Dark-Lighted,2,Wet,0,None,88,Not Applicable,88,Not Applicable,0,None,88,Not Applicable,88,Not Applicable,2,Intersection,2,Four-Way Intersection,1,No,1,No,88,Not Applicable,88,Not Applicable,88,Not Applicable,88,Not Applicable,FALSE,1,Public Road,1,"Trafficway, On Road",CT0009300,New Haven PD,7,59:25.0,C,Closed,31:32.0,,,,,,,
891543,1,Complete,891543,891543,41.319833,-72.920583,3393640,New Haven,93,93,New Haven,12/28/2021,2021,12,December,28,3,Tuesday,11:30:00,11,21046191,A,2,,Motor Vehicle In Motion,"Injury of any type (Serious, Minor, Possible)",C,Possible Injury (C),0,0,4,Local,0.14,184,EDWARDS ST,EDWARDS ST,,,,,,41.319833,-72.920583,14,Motor Vehicle in Operation,1,Front to rear,1,On Roadway,1,Clear,88,Not Applicable,1,Daylight,1,Dry,0,None,88,Not Applicable,88,Not Applicable,0,None,88,Not Applicable,88,Not Applicable,3,Intersection-Related,3,T-Intersection,1,No,1,No,88,Not Applicable,88,Not Applicable,88,Not Applicable,88,Not Applicable,FALSE,1,Public Road,1,"Trafficway, On Road",CT0009300,New Haven PD,150,36:46.0,C,Closed,19:00.0,,,,,,,
891547,1,Complete,891547,891547,41.279453,-72.895318,3393644,New Haven,93,93,New Haven,12/28/2021,2021,12,December,28,3,Tuesday,18:08:00,18,21046220,A,1,,Tree (standing),"Injury of any type (Serious, Minor, Possible)",C,Possible Injury (C),0,0,3,State,0.73,337,337-E,337-E,SOUNDVIEW TER,,,,,41.279453,-72.895318,32,Tree (standing),88,Not Applicable,1,On Roadway,1,Clear,88,Not Applicable,4,Dark-Lighted,1,Dry,0,None,88,Not Applicable,88,Not Applicable,0,None,88,Not Applicable,88,Not Applicable,2,Intersection,3,T-Intersection,1,No,1,No,88,Not Applicable,88,Not Applicable,88,Not Applicable,88,Not Applicable,FALSE,1,Public Road,2,"Trafficway, Not on Road",CT0009300,New Haven PD,178,37:34.0,C,Closed,18:59.0,,2,9100,4,MINOR ARTERIAL - NEW HPMS,2,Urban
891548,1,Complete,891548,891548,41.322429,-72.878491,3393645,New Haven,93,93,New Haven,12/28/2021,2021,12,December,28,3,Tuesday,22:15:00,22,21046236,A,2,,Reentering Roadway,"Injury of any type (Serious, Minor, Possible)",C,Possible Injury (C),0,0,3,State,0.18,80,80-E,80-E,,315 FOXON BLVD,100,Feet,W,41.322429,-72.878491,14,Motor Vehicle in Operation,3,Angle,1,On Roadway,4,Rain,88,Not Applicable,5,Dark-Not Lighted,2,Wet,0,None,88,Not Applicable,88,Not Applicable,0,None,88,Not Applicable,88,Not Applicable,1,Non-Junction,1,Not at Intersection,1,No,1,No,88,Not Applicable,88,Not Applicable,88,Not Applicable,88,Not Applicable,FALSE,1,Public Road,1,"Trafficway, On Road",CT0009300,New Haven PD,42367,51:58.0,C,Closed,19:03.0,,5,32100,3,PRINCIPAL ARTERIAL - OTHER - NEW HPMS,2,Urban
891549,1,Complete,891549,891549,41.290322,-72.89415,3393646,New Haven,93,93,New Haven,12/29/2021,2021,12,December,29,4,Wednesday,5:26:00,5,21046249,A,1,,Pedalcycle/Pedalcyclist,"Injury of any type (Serious, Minor, Possible)",C,Possible Injury (C),1,0,2,USRoute,50.15,1,1-N,1-N,WOODWARD AV,,,,,41.290322,-72.89415,10,Pedalcycle/Pedalcyclist,3,Angle,1,On Roadway,1,Clear,88,Not Applicable,2,Dawn,1,Dry,0,None,88,Not Applicable,88,Not Applicable,0,None,88,Not Applicable,88,Not Applicable,2,Intersection,2,Four-Way Intersection,1,No,1,No,88,Not Applicable,88,Not Applicable,88,Not Applicable,88,Not Applicable,FALSE,1,Public Road,1,"Trafficway, On Road",CT0009300,New Haven PD,40807,47:38.0,C,Closed,19:05.0,,4,9400,3,PRINCIPAL ARTERIAL - OTHER - NEW HPMS,2,Urban
891561,1,Complete,891561,891561,41.317518,-72.919131,3393658,New Haven,93,93,New Haven,12/29/2021,2021,12,December,29,4,Wednesday,21:46:00,21,21046324,A,2,,Motor Vehicle In Motion,"Injury of any type (Serious, Minor, Possible)",C,Possible Injury (C),0,0,4,Local,0.04,316,HUMPHREY ST,HUMPHREY ST,,WHITNEY AVE,162,Feet,E,41.317518,-72.919131,14,Motor Vehicle in Operation,3,Angle,1,On Roadway,4,Rain,88,Not Applicable,4,Dark-Lighted,2,Wet,0,None,88,Not Applicable,88,Not Applicable,0,None,88,Not Applicable,88,Not Applicable,1,Non-Junction,1,Not at Intersection,1,No,1,No,88,Not Applicable,88,Not Applicable,88,Not Applicable,88,Not Applicable,FALSE,1,Public Road,1,"Trafficway, On Road",CT0009300,New Haven PD,30,23:40.0,C,Closed,19:09.0,NONE,,,,,,
891565,1,Complete,891565,891565,41.326968,-72.935121,3393662,New Haven,93,93,New Haven,12/30/2021,2021,12,December,30,5,Thursday,10:11:00,10,21046353,A,2,,Motor Vehicle In Motion,"Injury of any type (Serious, Minor, Possible)",B,Suspected Minor Injury (B),0,0,4,Local,1,152,DIXWELL AV,DIXWELL AV,DIVISION ST,,,,,41.326968,-72.935121,14,Motor Vehicle in Operation,3,Angle,1,On Roadway,1,Clear,4,Rain,1,Daylight,2,Wet,0,None,88,Not Applicable,88,Not Applicable,0,None,88,Not Applicable,88,Not Applicable,2,Intersection,2,Four-Way Intersection,1,No,1,No,88,Not Applicable,88,Not Applicable,88,Not Applicable,88,Not Applicable,FALSE,1,Public Road,1,"Trafficway, On Road",CT0009300,New Haven PD,42046,58:21.0,O,Open,19:14.0,,,,,,,
891567,1,Complete,891567,891567,41.306659,-72.946518,3393664,New Haven,93,93,New Haven,12/30/2021,2021,12,December,30,5,Thursday,12:42:00,12,21046360,A,2,,Motor Vehicle In Motion,"Injury of any type (Serious, Minor, Possible)",C,Possible Injury (C),0,1,4,Local,0.05,556,SHERMAN AV,SHERMAN AV,,,,,,41.306659,-72.946518,14,Motor Vehicle in Operation,1,Front to rear,1,On Roadway,4,Rain,88,Not Applicable,1,Daylight,2,Wet,0,None,88,Not Applicable,88,Not Applicable,0,None,88,Not Applicable,88,Not Applicable,2,Intersection,2,Four-Way Intersection,1,No,1,No,88,Not Applicable,88,Not Applicable,88,Not Applicable,88,Not Applicable,TRUE,1,Public Road,1,"Trafficway, On Road",CT0009300,New Haven PD,301,04:25.0,C,Closed,19:20.0,,,,,,,
891570,1,Complete,891570,891570,41.308824,-72.898295,3393667,New Haven,93,93,New Haven,12/30/2021,2021,12,December,30,5,Thursday,16:38:00,16,21046382,A,1,,Pedestrian,"Injury of any type (Serious, Minor, Possible)",C,Possible Injury (C),1,0,4,Local,0.65,264,GRAND AV,GRAND AV,,,,,,41.308824,-72.898295,9,Pedestrian,88,Not Applicable,1,On Roadway,1,Clear,88,Not Applicable,3,Dusk,1,Dry,0,None,88,Not Applicable,88,Not Applicable,0,None,88,Not Applicable,88,Not Applicable,2,Intersection,3,T-Intersection,1,No,1,No,88,Not Applicable,88,Not Applicable,88,Not Applicable,88,Not Applicable,FALSE,1,Public Road,1,"Trafficway, On Road",CT0009300,New Haven PD,40788,06:51.0,C,Closed,19:13.0,,1,14400,4,MINOR ARTERIAL - NEW HPMS,2,Urban
891571,1,Complete,891571,891571,41.285453,-72.936652,3393668,New Haven,93,93,New Haven,12/30/2021,2021,12,December,30,5,Thursday,19:56:00,19,21046400,A,2,,Motor Vehicle In Motion,"Injury of any type (Serious, Minor, Possible)",C,Possible Injury (C),0,0,3,State,1.15,745,745-E,745-E,,ELLA T. GRASSO BLVD.,300,Feet,S,41.285453,-72.936652,14,Motor Vehicle in Operation,3,Angle,1,On Roadway,1,Clear,88,Not Applicable,4,Dark-Lighted,1,Dry,0,None,88,Not Applicable,88,Not Applicable,0,None,88,Not Applicable,88,Not Applicable,1,Non-Junction,1,Not at Intersection,1,No,1,No,88,Not Applicable,88,Not Applicable,88,Not Applicable,88,Not Applicable,FALSE,1,Public Road,1,"Trafficway, On Road",CT0009300,New Haven PD,40810,03:21.0,C,Closed,19:20.0,,1,15100,4,MINOR ARTERIAL - NEW HPMS,2,Urban