CrashId,Fatal Case Status,Fatal Case Status Text Format,CrashId,CrashId,Latitude,Longitude,DOT Case Number,Town Name,Town Number,Town Number,Town Number Text Format,Date Of Crash,Year,Month,Month Text Format,Day,Day of the Week,Day of the Week Text Format,Time of Crash,Hour of the Day,Case Identifier,Crash Severity,Number Of Motor Vehicles,Motor vehicle action,Most harmful event,Crash Severity Text Format,Most Severe Injury,Most Severe Injury Text Format,Number Of Non-Motorist,Number Of Witnesses,Route Class,Route Class Text Format,Milemarker,Road Number,Road Description,Roadway Name,Intersecting Roadway Name,Landmark Description,Distance From Nearest Landmark,Unit Of Measure From Nearest Landmark,Direction From Nearest Landmark,Latitude,Longitude,First Harmful Event,First Harmful Event Text Format,Manner of Crash / Collision Impact,Manner of Crash / Collision Impact Text Format,Location of First Harmful Event,Location of First Harmful Event Text Format,Weather Condition,Weather Condition Text Format,Weather 2,Weather 2 Text Format,Light Condition,Light Condition Text Format,Road Surface Condition,Road Surface Condition Text Format,"Contributing Circumstances, Environment","Contributing Circumstances, Environment Text Format",Environment 2,Environment 2 Text Format,Environment 3,Environment 3 Text Format,"Contributing Circumstances, Road","Contributing Circumstances, Road Text Format",Road 2,Road 2 Text Format,Road 3,Road 3 Text Format,Crash Specific Location,Crash Specific Location Text Format,Type of Intersection,Type of Intersection Text Format,School Bus Related,School Bus Related Text Format,Work Zone Related,Work Zone Related Text Format,Location Of Crash Relative To Work Zone,Location Of Crash Relative To Work Zone Text Format,Type of Work Zone,Type of Work Zone Text Format,Worker Presence,Worker Presence Text Format,Law Enforcement Presence,Law Enforcement Presence Text Format,Were Vehicles Moved Prior To Police Arrival,Trafficway Ownership,Trafficway Ownership Text Format,Trafficway Class,Trafficway Class Text Format,Police Agency,Police Agency Text Format,Badge Number,Approval Date,Police Case Status,Police Case Status Text Format,Crash Report Submission Date,Related Case Identifiers,No. of Through Lanes (Log Dir.),Average Daily Traffic,Functional Classification,Functional Classification Text Format,Rural or Urban,Rural or Urban Text Format
891573,1,Complete,891573,891573,41.316587,-72.942462,3393670,New Haven,93,93,New Haven,12/30/2021,2021,12,December,30,5,Thursday,22:14:00,22,21046413,A,1,,Pedestrian,"Injury of any type (Serious, Minor, Possible)",B,Suspected Minor Injury (B),1,0,4,Local,0.38,653,WHALLEY AV,WHALLEY AV,SHERMAN AV,,,,,41.316587,-72.942462,9,Pedestrian,88,Not Applicable,1,On Roadway,4,Rain,88,Not Applicable,4,Dark-Lighted,2,Wet,1,Weather Conditions,88,Not Applicable,88,Not Applicable,0,None,88,Not Applicable,88,Not Applicable,2,Intersection,2,Four-Way Intersection,1,No,1,No,88,Not Applicable,88,Not Applicable,88,Not Applicable,88,Not Applicable,FALSE,1,Public Road,1,"Trafficway, On Road",CT0009300,New Haven PD,261,24:32.0,C,Closed,19:31.0,,2,21100,3,PRINCIPAL ARTERIAL - OTHER - NEW HPMS,2,Urban
891578,1,Complete,891578,891578,41.296948,-72.892703,3393675,New Haven,93,93,New Haven,12/31/2021,2021,12,December,31,6,Friday,7:26:00,7,21046434,A,2,,Motor Vehicle In Motion,"Injury of any type (Serious, Minor, Possible)",C,Possible Injury (C),0,0,4,Local,0.18,210,FARREN AV,FARREN AV,FULTON ST,,,,,41.296948,-72.892703,14,Motor Vehicle in Operation,3,Angle,1,On Roadway,1,Clear,88,Not Applicable,1,Daylight,2,Wet,0,None,88,Not Applicable,88,Not Applicable,0,None,88,Not Applicable,88,Not Applicable,2,Intersection,2,Four-Way Intersection,1,No,1,No,88,Not Applicable,88,Not Applicable,88,Not Applicable,88,Not Applicable,FALSE,1,Public Road,1,"Trafficway, On Road",CT0009300,New Haven PD,42367,15:46.0,C,Closed,19:21.0,,,,,,,
891579,1,Complete,891579,891579,41.33176,-72.931657,3393676,New Haven,93,93,New Haven,12/31/2021,2021,12,December,31,6,Friday,8:26:00,8,21046438,A,2,,Motor Vehicle In Motion,"Injury of any type (Serious, Minor, Possible)",C,Possible Injury (C),0,0,4,Local,0.39,42,BASSETT ST,BASSETT ST,,SHELTON AVE,20,Feet,W,41.33176,-72.931657,14,Motor Vehicle in Operation,1,Front to rear,1,On Roadway,1,Clear,88,Not Applicable,1,Daylight,1,Dry,0,None,88,Not Applicable,88,Not Applicable,0,None,88,Not Applicable,88,Not Applicable,11,Through Roadway,1,Not at Intersection,1,No,1,No,88,Not Applicable,88,Not Applicable,88,Not Applicable,88,Not Applicable,FALSE,1,Public Road,1,"Trafficway, On Road",CT0009300,New Haven PD,40793,03:39.0,C,Closed,19:19.0,,,,,,,
891580,1,Complete,891580,891580,41.332541,-72.936123,3393677,New Haven,93,93,New Haven,12/31/2021,2021,12,December,31,6,Friday,8:56:00,8,21046440,A,2,,Motor Vehicle In Motion,"Injury of any type (Serious, Minor, Possible)",C,Possible Injury (C),0,0,4,Local,0.16,42,BASSETT ST,BASSETT ST,,DIXWELL AVE,0.100000001,TenthsofMile,W,41.332541,-72.936123,14,Motor Vehicle in Operation,3,Angle,1,On Roadway,1,Clear,88,Not Applicable,1,Daylight,1,Dry,0,None,88,Not Applicable,88,Not Applicable,0,None,88,Not Applicable,88,Not Applicable,1,Non-Junction,1,Not at Intersection,1,No,1,No,88,Not Applicable,88,Not Applicable,88,Not Applicable,88,Not Applicable,FALSE,1,Public Road,2,"Trafficway, Not on Road",CT0009300,New Haven PD,199,37:19.0,C,Closed,19:28.0,,,,,,,
891581,1,Complete,891581,891581,41.30586,-72.9028,3393678,New Haven,93,93,New Haven,12/31/2021,2021,12,December,31,6,Friday,10:06:00,10,21046443,A,2,,Motor Vehicle In Motion,"Injury of any type (Serious, Minor, Possible)",C,Possible Injury (C),0,0,4,Local,0.73,327,JAMES ST,JAMES ST,WOLCOTT ST,,,,,41.30586,-72.9028,14,Motor Vehicle in Operation,1,Front to rear,1,On Roadway,1,Clear,88,Not Applicable,1,Daylight,2,Wet,0,None,88,Not Applicable,88,Not Applicable,0,None,88,Not Applicable,88,Not Applicable,2,Intersection,2,Four-Way Intersection,1,No,1,No,88,Not Applicable,88,Not Applicable,88,Not Applicable,88,Not Applicable,FALSE,1,Public Road,1,"Trafficway, On Road",CT0009300,New Haven PD,150,33:57.0,C,Closed,19:24.0,,,,,,,
891583,1,Complete,891583,891583,41.32294,-72.9543,3393680,New Haven,93,93,New Haven,12/31/2021,2021,12,December,31,6,Friday,18:02:00,18,21046484,A,2,,Motor Vehicle In Motion,"Injury of any type (Serious, Minor, Possible)",C,Possible Injury (C),0,0,3,State,3.42,10,10-N,10-N,WEST PARK AV,,,,,41.32294,-72.9543,14,Motor Vehicle in Operation,3,Angle,1,On Roadway,1,Clear,88,Not Applicable,4,Dark-Lighted,1,Dry,0,None,88,Not Applicable,88,Not Applicable,0,None,88,Not Applicable,88,Not Applicable,2,Intersection,3,T-Intersection,1,No,1,No,88,Not Applicable,88,Not Applicable,88,Not Applicable,88,Not Applicable,FALSE,1,Public Road,1,"Trafficway, On Road",CT0009300,New Haven PD,40821,55:04.0,C,Closed,19:25.0,,4,18000,3,PRINCIPAL ARTERIAL - OTHER - NEW HPMS,2,Urban
891584,1,Complete,891584,891584,41.3155165,-72.9390277,3393681,New Haven,93,93,New Haven,12/31/2021,2021,12,December,31,6,Friday,21:56:00,21,21046499,A,2,,Motor Vehicle In Motion,"Injury of any type (Serious, Minor, Possible)",C,Possible Injury (C),0,0,4,Local,0.56,653,WHALLEY AV,WHALLEY AV,ORCHARD ST,,,,,41.3155165,-72.9390277,14,Motor Vehicle in Operation,1,Front to rear,1,On Roadway,2,Cloudy,88,Not Applicable,4,Dark-Lighted,2,Wet,0,None,88,Not Applicable,88,Not Applicable,0,None,88,Not Applicable,88,Not Applicable,2,Intersection,2,Four-Way Intersection,1,No,1,No,88,Not Applicable,88,Not Applicable,88,Not Applicable,88,Not Applicable,FALSE,1,Public Road,1,"Trafficway, On Road",CT0009300,New Haven PD,40812,58:35.0,C,Closed,19:25.0,,,,,,,
891585,1,Complete,891585,891585,41.32388,-72.88153,3393682,New Haven,93,93,New Haven,1/1/2022,2022,1,January,1,7,Saturday,1:31:00,1,22000014,A,2,,Motor Vehicle In Motion,"Injury of any type (Serious, Minor, Possible)",C,Possible Injury (C),0,0,3,State,0.22,17,17-N,17-N,80-W,,,,,41.32388,-72.88153,14,Motor Vehicle in Operation,97,Other,1,On Roadway,4,Rain,88,Not Applicable,4,Dark-Lighted,2,Wet,0,None,88,Not Applicable,88,Not Applicable,0,None,88,Not Applicable,88,Not Applicable,2,Intersection,2,Four-Way Intersection,1,No,1,No,88,Not Applicable,88,Not Applicable,88,Not Applicable,88,Not Applicable,FALSE,1,Public Road,1,"Trafficway, On Road",CT0009300,New Haven PD,180,07:01.0,C,Closed,19:27.0,22000014,1,21600,3,PRINCIPAL ARTERIAL - OTHER - NEW HPMS,1,Rural
891589,1,Complete,891589,891589,41.328599,-72.926616,3393686,New Haven,93,93,New Haven,1/1/2022,2022,1,January,1,7,Saturday,15:41:00,15,22000063,A,1,,Pedestrian,"Injury of any type (Serious, Minor, Possible)",C,Possible Injury (C),1,1,4,Local,0.9,669,WINCHESTER AV,WINCHESTER AV,,IVY ST,25,Feet,S,41.328599,-72.926616,9,Pedestrian,88,Not Applicable,1,On Roadway,3,"Fog, Smog, Smoke",88,Not Applicable,3,Dusk,2,Wet,0,None,88,Not Applicable,88,Not Applicable,0,None,88,Not Applicable,88,Not Applicable,3,Intersection-Related,3,T-Intersection,1,No,1,No,88,Not Applicable,88,Not Applicable,88,Not Applicable,88,Not Applicable,FALSE,1,Public Road,1,"Trafficway, On Road",CT0009300,New Haven PD,516,37:26.0,C,Closed,19:30.0,,2,5400,5,MAJOR COLLECTOR - NEW HPMS,2,Urban
891591,1,Complete,891591,891591,41.3335,-72.93214,3393688,New Haven,93,93,New Haven,1/1/2022,2022,1,January,1,7,Saturday,18:18:00,18,22000080,A,1,,Pedestrian,"Injury of any type (Serious, Minor, Possible)",C,Possible Injury (C),1,0,4,Local,0.12,261,GOODYEAR ST,GOODYEAR ST,WEST READ ST,,,,,41.3335,-72.93214,9,Pedestrian,88,Not Applicable,1,On Roadway,4,Rain,88,Not Applicable,4,Dark-Lighted,2,Wet,0,None,88,Not Applicable,88,Not Applicable,0,None,88,Not Applicable,88,Not Applicable,3,Intersection-Related,3,T-Intersection,1,No,1,No,88,Not Applicable,88,Not Applicable,88,Not Applicable,88,Not Applicable,FALSE,1,Public Road,1,"Trafficway, On Road",CT0009300,New Haven PD,713,27:24.0,O,Open,19:34.0,,2,1467,7,LOCAL - NEW HPMS,2,Urban
891595,1,Complete,891595,891595,41.287192,-72.895227,3393692,New Haven,93,93,New Haven,1/2/2022,2022,1,January,2,1,Sunday,13:26:00,13,22000126,A,2,,Motor Vehicle In Motion,"Injury of any type (Serious, Minor, Possible)",C,Possible Injury (C),0,0,4,Local,1.23,678,WOODWARD AV,WOODWARD AV,JOHN ST,,,,,41.287192,-72.895227,14,Motor Vehicle in Operation,3,Angle,1,On Roadway,1,Clear,88,Not Applicable,1,Daylight,2,Wet,0,None,88,Not Applicable,88,Not Applicable,0,None,88,Not Applicable,88,Not Applicable,3,Intersection-Related,3,T-Intersection,1,No,1,No,88,Not Applicable,88,Not Applicable,88,Not Applicable,88,Not Applicable,FALSE,1,Public Road,1,"Trafficway, On Road",CT0009300,New Haven PD,430,23:32.0,C,Closed,19:34.0,,,,,,,
891597,1,Complete,891597,891597,41.32315,-72.94877,3393694,New Haven,93,93,New Haven,1/2/2022,2022,1,January,2,1,Sunday,20:53:00,20,22000155,A,2,,Motor Vehicle In Motion,"Injury of any type (Serious, Minor, Possible)",C,Possible Injury (C),0,0,4,Local,0.28,690,ELLA T GRASSO BLVD,ELLA T GRASSO BLVD,GOFFE TER,,,,,41.32315,-72.94877,14,Motor Vehicle in Operation,3,Angle,1,On Roadway,1,Clear,88,Not Applicable,4,Dark-Lighted,1,Dry,0,None,88,Not Applicable,88,Not Applicable,0,None,88,Not Applicable,88,Not Applicable,3,Intersection-Related,2,Four-Way Intersection,1,No,1,No,88,Not Applicable,88,Not Applicable,88,Not Applicable,88,Not Applicable,FALSE,1,Public Road,1,"Trafficway, On Road",CT0009300,New Haven PD,79,35:49.0,O,Open,19:38.0,,,,,,,
891599,1,Complete,891599,891599,41.30978,-72.945239,3393696,New Haven,93,93,New Haven,1/3/2022,2022,1,January,3,2,Monday,12:20:00,12,22000197,A,4,,Motor Vehicle In Motion,"Injury of any type (Serious, Minor, Possible)",B,Suspected Minor Injury (B),0,2,4,Local,0.28,556,SHERMAN AV,SHERMAN AV,GEORGE ST,,,,,41.30978,-72.945239,14,Motor Vehicle in Operation,1,Front to rear,1,On Roadway,2,Cloudy,88,Not Applicable,1,Daylight,1,Dry,0,None,88,Not Applicable,88,Not Applicable,0,None,88,Not Applicable,88,Not Applicable,2,Intersection,2,Four-Way Intersection,1,No,1,No,88,Not Applicable,88,Not Applicable,88,Not Applicable,88,Not Applicable,FALSE,1,Public Road,1,"Trafficway, On Road",CT0009300,New Haven PD,40951,23:14.0,C,Closed,19:36.0,,,,,,,
891601,1,Complete,891601,891601,41.315252,-72.928908,3393698,New Haven,93,93,New Haven,1/3/2022,2022,1,January,3,2,Monday,14:26:00,14,22000211,A,2,,Motor Vehicle In Motion,"Injury of any type (Serious, Minor, Possible)",A,Suspected Serious Injury (A),0,0,4,Local,0.29,736,ASHMUN ST NO 2,ASHMUN ST NO 2,LOCK ST,,,,,41.315252,-72.928908,14,Motor Vehicle in Operation,1,Front to rear,1,On Roadway,1,Clear,88,Not Applicable,1,Daylight,99,Unknown,97,Other,88,Not Applicable,88,Not Applicable,0,None,88,Not Applicable,88,Not Applicable,2,Intersection,3,T-Intersection,1,No,1,No,88,Not Applicable,88,Not Applicable,88,Not Applicable,88,Not Applicable,FALSE,1,Public Road,1,"Trafficway, On Road",CT0009300,New Haven PD,2,52:25.0,C,Closed,19:39.0,,,,,,,
891626,1,Complete,891626,891626,41.28482,-72.93734,3393723,New Haven,93,93,New Haven,1/6/2021,2021,1,January,6,4,Wednesday,14:00:00,14,202100022,A,2,,Motor Vehicle In Motion,"Injury of any type (Serious, Minor, Possible)",C,Possible Injury (C),0,0,,,,,,317 KIMBERLY AVE,PRIVATE PROPERTY,,,,,41.28482,-72.93734,14,Motor Vehicle in Operation,2,Front to front,7,In Parking Lane or Zone,1,Clear,88,Not Applicable,1,Daylight,1,Dry,97,Other,88,Not Applicable,88,Not Applicable,0,None,88,Not Applicable,88,Not Applicable,17,"Other Location Not Listed Above Within an Interchange Area (median, shoulder and roadside)",1,Not at Intersection,1,No,1,No,88,Not Applicable,88,Not Applicable,88,Not Applicable,88,Not Applicable,FALSE,88,Not Applicable,4,Parking Lot,CT0009300,New Haven PD,993,30:43.0,C,Closed,35:35.0,,,,,,,
891627,1,Complete,891627,891627,41.307466,-72.928614,3393724,New Haven,93,93,New Haven,3/23/2021,2021,3,March,23,3,Tuesday,13:09:00,13,202100260,A,2,,Motor Vehicle In Motion,"Injury of any type (Serious, Minor, Possible)",A,Suspected Serious Injury (A),0,0,4,Local,0.34,117,COLLEGE ST,COLLEGE ST,CHAPEL ST,,,,,41.307466,-72.928614,14,Motor Vehicle in Operation,1,Front to rear,1,On Roadway,1,Clear,88,Not Applicable,1,Daylight,1,Dry,0,None,88,Not Applicable,88,Not Applicable,0,None,88,Not Applicable,88,Not Applicable,2,Intersection,2,Four-Way Intersection,1,No,1,No,88,Not Applicable,88,Not Applicable,88,Not Applicable,88,Not Applicable,FALSE,1,Public Road,1,"Trafficway, On Road",CT0009300,New Haven PD,993,12:27.0,C,Closed,35:36.0,N/A,2,3500,3,PRINCIPAL ARTERIAL - OTHER - NEW HPMS,2,Urban
891628,1,Complete,891628,891628,41.30199,-72.93512,3393725,New Haven,93,93,New Haven,5/12/2021,2021,5,May,12,4,Wednesday,14:42:00,14,202100412,A,2,,Not Applicable,"Injury of any type (Serious, Minor, Possible)",C,Possible Injury (C),0,1,,,,,,789 HOWARD AVENUE,,CONGRESS AVENUE,,Feet,E,41.30199,-72.93512,15,Parked Motor Vehicle,4,"Sideswipe, same direction",8,"Off Roadway,  Location Unknown",1,Clear,88,Not Applicable,1,Daylight,1,Dry,0,None,88,Not Applicable,88,Not Applicable,0,None,88,Not Applicable,88,Not Applicable,9,Driveway Access-Related,1,Not at Intersection,1,No,1,No,88,Not Applicable,88,Not Applicable,88,Not Applicable,88,Not Applicable,FALSE,2,Private Road,4,Parking Lot,CT0009300,New Haven PD,406,14:01.0,C,Closed,35:37.0,2021-00412,,,,,,
891873,1,Complete,891873,891873,41.334353,-72.947404,3393970,New Haven,93,93,New Haven,8/6/2021,2021,8,August,6,6,Friday,14:41:00,14,21028555,A,2,,Motor Vehicle In Motion,"Injury of any type (Serious, Minor, Possible)",C,Possible Injury (C),0,1,3,State,4.44,10,10-N,10-N,PINE ROCK AV,,,,,41.334353,-72.947404,14,Motor Vehicle in Operation,97,Other,1,On Roadway,1,Clear,88,Not Applicable,1,Daylight,1,Dry,0,None,88,Not Applicable,88,Not Applicable,0,None,88,Not Applicable,88,Not Applicable,2,Intersection,3,T-Intersection,1,No,1,No,88,Not Applicable,88,Not Applicable,88,Not Applicable,88,Not Applicable,FALSE,1,Public Road,1,"Trafficway, On Road",CT0009300,New Haven PD,751,32:39.0,C,Closed,01:56.0,,4,10600,4,MINOR ARTERIAL - NEW HPMS,2,Urban
891874,1,Complete,891874,891874,41.308882,-72.925677,3393971,New Haven,93,93,New Haven,9/9/2021,2021,9,September,9,5,Thursday,19:34:00,19,21032910,A,2,,Motor Vehicle In Motion,"Injury of any type (Serious, Minor, Possible)",C,Possible Injury (C),0,1,4,Local,0.48,726,ELM ST NO 2,ELM ST NO 2,TEMPLE ST,,,,,41.308882,-72.925677,14,Motor Vehicle in Operation,3,Angle,1,On Roadway,4,Rain,88,Not Applicable,4,Dark-Lighted,2,Wet,0,None,88,Not Applicable,88,Not Applicable,0,None,88,Not Applicable,88,Not Applicable,2,Intersection,2,Four-Way Intersection,1,No,1,No,88,Not Applicable,88,Not Applicable,88,Not Applicable,88,Not Applicable,FALSE,1,Public Road,1,"Trafficway, On Road",CT0009300,New Haven PD,383,32:19.0,C,Closed,01:57.0,,,,,,,
891875,1,Complete,891875,891875,41.309031,-72.895396,3393972,New Haven,93,93,New Haven,9/15/2021,2021,9,September,15,4,Wednesday,21:51:00,21,21033620,A,2,,Motor Vehicle In Motion,"Injury of any type (Serious, Minor, Possible)",C,Possible Injury (C),0,0,4,Local,0.75,213,FERRY ST,FERRY ST,GRAND AV,,,,,41.309031,-72.895396,14,Motor Vehicle in Operation,2,Front to front,1,On Roadway,1,Clear,88,Not Applicable,4,Dark-Lighted,1,Dry,0,None,88,Not Applicable,88,Not Applicable,0,None,88,Not Applicable,88,Not Applicable,2,Intersection,2,Four-Way Intersection,1,No,1,No,88,Not Applicable,88,Not Applicable,88,Not Applicable,88,Not Applicable,FALSE,1,Public Road,1,"Trafficway, On Road",CT0009300,New Haven PD,193,39:45.0,O,Open,01:57.0,,,,,,,
891878,1,Complete,891878,891878,41.295079,-72.9462757,3393975,New Haven,93,93,New Haven,12/29/2021,2021,12,December,29,4,Wednesday,14:06:00,14,21046285,A,2,,Motor Vehicle In Motion,"Injury of any type (Serious, Minor, Possible)",C,Possible Injury (C),0,0,3,State,1.25,10,10-N,10-N,,PRINTERS LANE,50,Feet,S,41.295079,-72.9462757,14,Motor Vehicle in Operation,1,Front to rear,1,On Roadway,2,Cloudy,88,Not Applicable,1,Daylight,2,Wet,0,None,88,Not Applicable,88,Not Applicable,0,None,88,Not Applicable,88,Not Applicable,1,Non-Junction,1,Not at Intersection,1,No,1,No,88,Not Applicable,88,Not Applicable,88,Not Applicable,88,Not Applicable,FALSE,1,Public Road,1,"Trafficway, On Road",CT0009300,New Haven PD,40815,32:10.0,C,Closed,02:04.0,,4,20200,3,PRINCIPAL ARTERIAL - OTHER - NEW HPMS,2,Urban
891884,1,Complete,891884,891884,41.308306,-72.924214,3393981,New Haven,93,93,New Haven,1/4/2022,2022,1,January,4,3,Tuesday,7:49:00,7,22000258,A,2,,Motor Vehicle In Motion,"Injury of any type (Serious, Minor, Possible)",C,Possible Injury (C),0,0,4,Local,0.34,103,CHURCH ST,CHURCH ST,ELM ST NO 2,,,,,41.308306,-72.924214,14,Motor Vehicle in Operation,3,Angle,1,On Roadway,1,Clear,88,Not Applicable,1,Daylight,1,Dry,3,Glare,88,Not Applicable,88,Not Applicable,0,None,88,Not Applicable,88,Not Applicable,3,Intersection-Related,2,Four-Way Intersection,1,No,1,No,88,Not Applicable,88,Not Applicable,88,Not Applicable,88,Not Applicable,FALSE,1,Public Road,1,"Trafficway, On Road",CT0009300,New Haven PD,165,09:05.0,C,Closed,02:07.0,,,,,,,
891888,1,Complete,891888,891888,41.299151,-72.949691,3393985,New Haven,93,93,New Haven,1/4/2022,2022,1,January,4,3,Tuesday,15:17:00,15,22000291,A,2,,Motor Vehicle In Motion,"Injury of any type (Serious, Minor, Possible)",C,Possible Injury (C),0,0,3,State,1.59,10,10-N,10-N,,COLUMBUS AVE,1000,Feet,N,41.299151,-72.949691,14,Motor Vehicle in Operation,1,Front to rear,1,On Roadway,1,Clear,88,Not Applicable,1,Daylight,1,Dry,0,None,88,Not Applicable,88,Not Applicable,0,None,88,Not Applicable,88,Not Applicable,1,Non-Junction,1,Not at Intersection,1,No,1,No,88,Not Applicable,88,Not Applicable,88,Not Applicable,88,Not Applicable,FALSE,1,Public Road,1,"Trafficway, On Road",CT0009300,New Haven PD,966,11:23.0,C,Closed,02:08.0,,2,20800,3,PRINCIPAL ARTERIAL - OTHER - NEW HPMS,2,Urban
892239,1,Complete,892239,892239,41.32292,-72.96961,3394335,New Haven,93,93,New Haven,1/2/2022,2022,1,January,2,1,Sunday,22:29:00,22,22000162,A,2,,Motor Vehicle In Motion,"Injury of any type (Serious, Minor, Possible)",C,Possible Injury (C),0,0,3,State,3.06,122,122-N,122-N,,WHALLEY AVENUE,0.5,TenthsofMile,E,41.32292,-72.96961,14,Motor Vehicle in Operation,2,Front to front,1,On Roadway,1,Clear,88,Not Applicable,5,Dark-Not Lighted,1,Dry,0,None,88,Not Applicable,88,Not Applicable,0,None,88,Not Applicable,88,Not Applicable,1,Non-Junction,1,Not at Intersection,1,No,1,No,88,Not Applicable,88,Not Applicable,88,Not Applicable,88,Not Applicable,FALSE,1,Public Road,1,"Trafficway, On Road",CT0009300,New Haven PD,42052,43:09.0,C,Closed,01:44.0,,1,11600,4,MINOR ARTERIAL - NEW HPMS,1,Rural
892242,1,Complete,892242,892242,41.315392,-72.939217,3394338,New Haven,93,93,New Haven,1/4/2022,2022,1,January,4,3,Tuesday,16:40:00,16,22000318,A,2,,Motor Vehicle In Motion,"Injury of any type (Serious, Minor, Possible)",C,Possible Injury (C),0,0,4,Local,1,453,ORCHARD ST,ORCHARD ST,,WHALLEY AVE,50,Feet,N,41.315392,-72.939217,14,Motor Vehicle in Operation,3,Angle,1,On Roadway,1,Clear,88,Not Applicable,1,Daylight,1,Dry,0,None,88,Not Applicable,88,Not Applicable,0,None,88,Not Applicable,88,Not Applicable,8,Driveway Access,1,Not at Intersection,1,No,1,No,88,Not Applicable,88,Not Applicable,88,Not Applicable,88,Not Applicable,TRUE,1,Public Road,1,"Trafficway, On Road",CT0009300,New Haven PD,381,41:04.0,C,Closed,01:42.0,,,,,,,
892244,1,Complete,892244,892244,41.290451,-72.940917,3394340,New Haven,93,93,New Haven,1/5/2022,2022,1,January,5,4,Wednesday,7:00:00,7,22000375,A,2,,Motor Vehicle In Motion,"Injury of any type (Serious, Minor, Possible)",C,Possible Injury (C),0,0,3,State,0.84,10,10-N,10-N,,LAMBERTON ST,200,Feet,N,41.290451,-72.940917,14,Motor Vehicle in Operation,1,Front to rear,1,On Roadway,4,Rain,88,Not Applicable,2,Dawn,5,Ice / Frost,1,Weather Conditions,88,Not Applicable,88,Not Applicable,0,None,88,Not Applicable,88,Not Applicable,1,Non-Junction,1,Not at Intersection,1,No,1,No,88,Not Applicable,88,Not Applicable,88,Not Applicable,88,Not Applicable,FALSE,1,Public Road,1,"Trafficway, On Road",CT0009300,New Haven PD,137,05:26.0,C,Closed,01:31.0,,2,18000,3,PRINCIPAL ARTERIAL - OTHER - NEW HPMS,2,Urban
892248,1,Complete,892248,892248,41.323892,-72.881545,3394344,New Haven,93,93,New Haven,1/5/2022,2022,1,January,5,4,Wednesday,7:35:00,7,22000382,A,2,,Motor Vehicle In Motion,"Injury of any type (Serious, Minor, Possible)",C,Possible Injury (C),0,0,3,State,0.22,17,17-N,17-N,80-W,,,,,41.323892,-72.881545,14,Motor Vehicle in Operation,5,"Sideswipe, opposite direction",1,On Roadway,4,Rain,88,Not Applicable,1,Daylight,2,Wet,1,Weather Conditions,0,None,88,Not Applicable,0,None,88,Not Applicable,88,Not Applicable,2,Intersection,2,Four-Way Intersection,1,No,1,No,88,Not Applicable,88,Not Applicable,88,Not Applicable,88,Not Applicable,FALSE,1,Public Road,1,"Trafficway, On Road",CT0009300,New Haven PD,351,31:29.0,C,Closed,01:34.0,,1,21600,3,PRINCIPAL ARTERIAL - OTHER - NEW HPMS,1,Rural
892253,1,Complete,892253,892253,41.335774,-72.944146,3394349,New Haven,93,93,New Haven,1/5/2022,2022,1,January,5,4,Wednesday,7:26:00,7,22000390,A,3,,Motor Vehicle In Motion,"Injury of any type (Serious, Minor, Possible)",C,Possible Injury (C),0,0,3,State,4.65,10,10-N,10-N,,PINE ROCK AVE,1070,Feet,E,41.335774,-72.944146,14,Motor Vehicle in Operation,1,Front to rear,1,On Roadway,4,Rain,88,Not Applicable,1,Daylight,5,Ice / Frost,1,Weather Conditions,88,Not Applicable,88,Not Applicable,5,"Road Surface Condition (wet, icy, snow, slush, etc.)",88,Not Applicable,88,Not Applicable,1,Non-Junction,1,Not at Intersection,1,No,1,No,88,Not Applicable,88,Not Applicable,88,Not Applicable,88,Not Applicable,TRUE,1,Public Road,1,"Trafficway, On Road",CT0009300,New Haven PD,313,55:48.0,C,Closed,01:38.0,,1,10700,4,MINOR ARTERIAL - NEW HPMS,1,Rural
892259,1,Complete,892259,892259,41.320313,-72.897829,3394355,New Haven,93,93,New Haven,1/5/2022,2022,1,January,5,4,Wednesday,12:53:00,12,22000408,A,2,,Motor Vehicle In Motion,"Injury of any type (Serious, Minor, Possible)",C,Possible Injury (C),0,0,4,Local,0.11,262,GRACE ST,GRACE ST,,GRACE ST,115,Feet,N,41.320313,-72.897829,14,Motor Vehicle in Operation,3,Angle,1,On Roadway,4,Rain,88,Not Applicable,1,Daylight,2,Wet,0,None,88,Not Applicable,88,Not Applicable,0,None,88,Not Applicable,88,Not Applicable,1,Non-Junction,1,Not at Intersection,1,No,1,No,88,Not Applicable,88,Not Applicable,88,Not Applicable,88,Not Applicable,TRUE,1,Public Road,1,"Trafficway, On Road",CT0009300,New Haven PD,182,19:13.0,C,Closed,01:39.0,,,,,,,