CrashId,Fatal Case Status,Fatal Case Status Text Format,CrashId,CrashId,Latitude,Longitude,DOT Case Number,Town Name,Town Number,Town Number,Town Number Text Format,Date Of Crash,Year,Month,Month Text Format,Day,Day of the Week,Day of the Week Text Format,Time of Crash,Hour of the Day,Case Identifier,Crash Severity,Number Of Motor Vehicles,Motor vehicle action,Most harmful event,Crash Severity Text Format,Most Severe Injury,Most Severe Injury Text Format,Number Of Non-Motorist,Number Of Witnesses,Route Class,Route Class Text Format,Milemarker,Road Number,Road Description,Roadway Name,Intersecting Roadway Name,Landmark Description,Distance From Nearest Landmark,Unit Of Measure From Nearest Landmark,Direction From Nearest Landmark,Latitude,Longitude,First Harmful Event,First Harmful Event Text Format,Manner of Crash / Collision Impact,Manner of Crash / Collision Impact Text Format,Location of First Harmful Event,Location of First Harmful Event Text Format,Weather Condition,Weather Condition Text Format,Weather 2,Weather 2 Text Format,Light Condition,Light Condition Text Format,Road Surface Condition,Road Surface Condition Text Format,"Contributing Circumstances, Environment","Contributing Circumstances, Environment Text Format",Environment 2,Environment 2 Text Format,Environment 3,Environment 3 Text Format,"Contributing Circumstances, Road","Contributing Circumstances, Road Text Format",Road 2,Road 2 Text Format,Road 3,Road 3 Text Format,Crash Specific Location,Crash Specific Location Text Format,Type of Intersection,Type of Intersection Text Format,School Bus Related,School Bus Related Text Format,Work Zone Related,Work Zone Related Text Format,Location Of Crash Relative To Work Zone,Location Of Crash Relative To Work Zone Text Format,Type of Work Zone,Type of Work Zone Text Format,Worker Presence,Worker Presence Text Format,Law Enforcement Presence,Law Enforcement Presence Text Format,Were Vehicles Moved Prior To Police Arrival,Trafficway Ownership,Trafficway Ownership Text Format,Trafficway Class,Trafficway Class Text Format,Police Agency,Police Agency Text Format,Badge Number,Approval Date,Police Case Status,Police Case Status Text Format,Crash Report Submission Date,Related Case Identifiers,No. of Through Lanes (Log Dir.),Average Daily Traffic,Functional Classification,Functional Classification Text Format,Rural or Urban,Rural or Urban Text Format
892706,1,Complete,892706,892706,41.319538,-72.905424,3394802,New Haven,93,93,New Haven,1/5/2022,2022,1,January,5,4,Wednesday,7:46:00,7,22000387,A,11,,Motor Vehicle In Motion,"Injury of any type (Serious, Minor, Possible)",B,Suspected Minor Injury (B),0,0,4,Local,0.26,666,WILLOW ST,WILLOW ST,,91-S-139,175,Feet,W,41.319538,-72.905424,14,Motor Vehicle in Operation,97,Other,1,On Roadway,6,Freezing Rain or Freezing Drizzle,88,Not Applicable,1,Daylight,5,Ice / Frost,1,Weather Conditions,88,Not Applicable,88,Not Applicable,97,Other,88,Not Applicable,88,Not Applicable,2,Intersection,3,T-Intersection,1,No,1,No,88,Not Applicable,88,Not Applicable,88,Not Applicable,88,Not Applicable,FALSE,1,Public Road,1,"Trafficway, On Road",CT0009300,New Haven PD,286,17:27.0,C,Closed,01:17.0,,,,,,,
892709,1,Complete,892709,892709,41.313877,-72.925308,3394805,New Haven,93,93,New Haven,1/6/2022,2022,1,January,6,5,Thursday,4:57:00,4,22000480,A,2,,Motor Vehicle In Motion,"Injury of any type (Serious, Minor, Possible)",C,Possible Injury (C),0,0,4,Local,0.12,782,CANAL ST NO 2,CANAL ST NO 2,,PROSPECT ST,50,Feet,W,41.313877,-72.925308,14,Motor Vehicle in Operation,3,Angle,1,On Roadway,1,Clear,88,Not Applicable,99,Unknown,5,Ice / Frost,99,Unknown,88,Not Applicable,88,Not Applicable,0,None,88,Not Applicable,88,Not Applicable,3,Intersection-Related,2,Four-Way Intersection,1,No,1,No,88,Not Applicable,88,Not Applicable,88,Not Applicable,88,Not Applicable,FALSE,1,Public Road,1,"Trafficway, On Road",CT0009300,New Haven PD,42046,00:39.0,O,Open,01:19.0,,,,,,,
892710,1,Complete,892710,892710,41.299934,-72.944225,3394806,New Haven,93,93,New Haven,1/6/2022,2022,1,January,6,5,Thursday,7:28:00,7,22000484,A,2,,Motor Vehicle In Motion,"Injury of any type (Serious, Minor, Possible)",B,Suspected Minor Injury (B),0,0,4,Local,0.25,141,DAVENPORT AV,DAVENPORT AV,,WEST ST,200,Feet,W,41.299934,-72.944225,14,Motor Vehicle in Operation,1,Front to rear,1,On Roadway,1,Clear,88,Not Applicable,1,Daylight,1,Dry,0,None,88,Not Applicable,88,Not Applicable,0,None,88,Not Applicable,88,Not Applicable,1,Non-Junction,1,Not at Intersection,1,No,1,No,88,Not Applicable,88,Not Applicable,88,Not Applicable,88,Not Applicable,FALSE,1,Public Road,1,"Trafficway, On Road",CT0009300,New Haven PD,137,37:27.0,C,Closed,01:18.0,,,,,,,
893224,1,Complete,893224,893224,41.317743,-72.959978,3395320,New Haven,93,93,New Haven,11/9/2021,2021,11,November,9,3,Tuesday,13:54:00,13,21040548,A,1,,Pedalcycle/Pedalcyclist,"Injury of any type (Serious, Minor, Possible)",C,Possible Injury (C),1,0,4,Local,0.55,179,EDGEWOOD AV,EDGEWOOD AV,YALE AV,,,,,41.317743,-72.959978,10,Pedalcycle/Pedalcyclist,97,Other,1,On Roadway,1,Clear,88,Not Applicable,1,Daylight,1,Dry,0,None,88,Not Applicable,88,Not Applicable,0,None,88,Not Applicable,88,Not Applicable,2,Intersection,2,Four-Way Intersection,1,No,1,No,88,Not Applicable,88,Not Applicable,88,Not Applicable,88,Not Applicable,TRUE,1,Public Road,1,"Trafficway, On Road",CT0009300,New Haven PD,381,48:20.0,C,Closed,00:06.0,,,,,,,
893228,1,Complete,893228,893228,41.325138,-72.9787,3395324,New Haven,93,93,New Haven,12/2/2021,2021,12,December,2,5,Thursday,16:53:00,16,21043450,A,2,,Motor Vehicle In Motion,"Injury of any type (Serious, Minor, Possible)",A,Suspected Serious Injury (A),0,1,4,Local,0.05,502,RAY RD,RAY RD,JUDWIN AV,,,,,41.325138,-72.9787,14,Motor Vehicle in Operation,3,Angle,1,On Roadway,1,Clear,88,Not Applicable,4,Dark-Lighted,1,Dry,0,None,88,Not Applicable,88,Not Applicable,0,None,88,Not Applicable,88,Not Applicable,2,Intersection,2,Four-Way Intersection,1,No,1,No,88,Not Applicable,88,Not Applicable,88,Not Applicable,88,Not Applicable,FALSE,1,Public Road,1,"Trafficway, On Road",CT0009300,New Haven PD,74,46:36.0,C,Closed,00:07.0,,,,,,,
893229,1,Complete,893229,893229,41.30611,-72.92732,3395325,New Haven,93,93,New Haven,1/3/2022,2022,1,January,3,2,Monday,12:48:00,12,22000201,A,1,,Pedestrian,"Injury of any type (Serious, Minor, Possible)",C,Possible Injury (C),1,0,4,Local,0.61,588,TEMPLE ST,TEMPLE ST,,CHAPEL ST,150,Feet,S,41.30611,-72.92732,9,Pedestrian,88,Not Applicable,1,On Roadway,2,Cloudy,88,Not Applicable,1,Daylight,1,Dry,0,None,88,Not Applicable,88,Not Applicable,8,Work Zone (construction / maintenance / utility),88,Not Applicable,88,Not Applicable,1,Non-Junction,1,Not at Intersection,1,No,2,Yes,4,Activity Area,1,Lane Closure,2,Yes,1,No,TRUE,1,Public Road,1,"Trafficway, On Road",CT0009300,New Haven PD,166,31:02.0,O,Open,00:12.0,,2,5200,3,PRINCIPAL ARTERIAL - OTHER - NEW HPMS,2,Urban
893239,1,Complete,893239,893239,41.290206,-72.894228,3395335,New Haven,93,93,New Haven,1/7/2022,2022,1,January,7,6,Friday,13:30:00,13,22000578,A,2,,Motor Vehicle In Motion,"Injury of any type (Serious, Minor, Possible)",C,Possible Injury (C),0,0,2,USRoute,50.15,1,1-N,1-N,WOODWARD AV,,,,,41.290206,-72.894228,14,Motor Vehicle in Operation,3,Angle,1,On Roadway,8,Blowing Snow,88,Not Applicable,1,Daylight,3,Snow,0,None,88,Not Applicable,88,Not Applicable,0,None,88,Not Applicable,88,Not Applicable,2,Intersection,2,Four-Way Intersection,1,No,1,No,88,Not Applicable,88,Not Applicable,88,Not Applicable,88,Not Applicable,FALSE,1,Public Road,1,"Trafficway, On Road",CT0009300,New Haven PD,322,17:00.0,C,Closed,00:16.0,,2,9400,3,PRINCIPAL ARTERIAL - OTHER - NEW HPMS,2,Urban
893240,1,Complete,893240,893240,41.3282081,-72.8779485,3395336,New Haven,93,93,New Haven,1/7/2022,2022,1,January,7,6,Friday,16:28:00,16,22000587,A,2,,Motor Vehicle In Motion,"Injury of any type (Serious, Minor, Possible)",C,Possible Injury (C),0,0,3,State,0.58,17,17-N,17-N,,FLINT ST,115,Feet,N,41.3282081,-72.8779485,14,Motor Vehicle in Operation,4,"Sideswipe, same direction",1,On Roadway,1,Clear,88,Not Applicable,1,Daylight,2,Wet,0,None,88,Not Applicable,88,Not Applicable,0,None,88,Not Applicable,88,Not Applicable,1,Non-Junction,1,Not at Intersection,1,No,1,No,88,Not Applicable,88,Not Applicable,88,Not Applicable,88,Not Applicable,TRUE,1,Public Road,1,"Trafficway, On Road",CT0009300,New Haven PD,42055,37:48.0,O,Open,00:25.0,,1,14300,3,PRINCIPAL ARTERIAL - OTHER - NEW HPMS,1,Rural
893241,1,Complete,893241,893241,41.305108,-72.930314,3395337,New Haven,93,93,New Haven,1/7/2022,2022,1,January,7,6,Friday,10:20:00,10,22000591,A,1,,Pedalcycle/Pedalcyclist,"Injury of any type (Serious, Minor, Possible)",C,Possible Injury (C),1,0,4,Local,0.52,117,COLLEGE ST,COLLEGE ST,GEORGE ST,,,,,41.305108,-72.930314,14,Motor Vehicle in Operation,4,"Sideswipe, same direction",1,On Roadway,7,Snow,88,Not Applicable,1,Daylight,3,Snow,0,None,88,Not Applicable,88,Not Applicable,0,None,88,Not Applicable,88,Not Applicable,2,Intersection,2,Four-Way Intersection,1,No,1,No,88,Not Applicable,88,Not Applicable,88,Not Applicable,88,Not Applicable,TRUE,1,Public Road,1,"Trafficway, On Road",CT0009300,New Haven PD,34,05:39.0,C,Closed,00:18.0,,,,,,,
893242,1,Complete,893242,893242,41.308667,-72.895978,3395338,New Haven,93,93,New Haven,1/7/2022,2022,1,January,7,6,Friday,18:33:00,18,22000597,A,2,,Motor Vehicle In Motion,"Injury of any type (Serious, Minor, Possible)",C,Possible Injury (C),1,0,,,,,,218 GRAND AVE,,FERRY ST,160,Feet,W,41.308667,-72.895978,14,Motor Vehicle in Operation,1,Front to rear,1,On Roadway,1,Clear,88,Not Applicable,4,Dark-Lighted,2,Wet,0,None,88,Not Applicable,88,Not Applicable,0,None,88,Not Applicable,88,Not Applicable,11,Through Roadway,1,Not at Intersection,1,No,1,No,88,Not Applicable,88,Not Applicable,88,Not Applicable,88,Not Applicable,FALSE,1,Public Road,4,Parking Lot,CT0009300,New Haven PD,150,48:46.0,O,Open,00:22.0,,,,,,,
893243,1,Complete,893243,893243,41.309073,-72.895452,3395339,New Haven,93,93,New Haven,1/7/2022,2022,1,January,7,6,Friday,20:52:00,20,22000604,A,1,,Pedestrian,"Injury of any type (Serious, Minor, Possible)",C,Possible Injury (C),1,0,4,Local,0.75,213,FERRY ST,FERRY ST,GRAND AV,,,,,41.309073,-72.895452,9,Pedestrian,88,Not Applicable,1,On Roadway,1,Clear,88,Not Applicable,4,Dark-Lighted,2,Wet,0,None,88,Not Applicable,88,Not Applicable,0,None,88,Not Applicable,88,Not Applicable,2,Intersection,2,Four-Way Intersection,1,No,1,No,88,Not Applicable,88,Not Applicable,88,Not Applicable,88,Not Applicable,TRUE,1,Public Road,1,"Trafficway, On Road",CT0009300,New Haven PD,150,14:49.0,O,Open,00:18.0,,2,14400,4,MINOR ARTERIAL - NEW HPMS,2,Urban
893247,1,Complete,893247,893247,41.297427,-72.949279,3395343,New Haven,93,93,New Haven,1/8/2022,2022,1,January,8,7,Saturday,13:26:00,13,22000658,A,2,,Motor Vehicle In Motion,"Injury of any type (Serious, Minor, Possible)",C,Possible Injury (C),0,0,2,USRoute,46.62,1,1-N,1-N,,Ella T Grasso Blvd,50,Feet,W,41.297427,-72.949279,14,Motor Vehicle in Operation,4,"Sideswipe, same direction",1,On Roadway,1,Clear,88,Not Applicable,1,Daylight,1,Dry,0,None,88,Not Applicable,88,Not Applicable,0,None,88,Not Applicable,88,Not Applicable,3,Intersection-Related,2,Four-Way Intersection,1,No,1,No,88,Not Applicable,88,Not Applicable,88,Not Applicable,88,Not Applicable,TRUE,1,Public Road,1,"Trafficway, On Road",CT0009300,New Haven PD,281,52:03.0,C,Closed,00:20.0,,2,20300,3,PRINCIPAL ARTERIAL - OTHER - NEW HPMS,2,Urban
893252,1,Complete,893252,893252,41.32103311,-72.87455591,3395348,New Haven,93,93,New Haven,1/8/2022,2022,1,January,8,7,Saturday,17:10:00,17,22000682,A,2,,Motor Vehicle In Motion,"Injury of any type (Serious, Minor, Possible)",C,Possible Injury (C),0,0,3,State,0.41,80,80-E,80-E,,QUINNIPIAC AVE,180,Feet,N,41.32103311,-72.87455591,14,Motor Vehicle in Operation,3,Angle,1,On Roadway,1,Clear,88,Not Applicable,3,Dusk,1,Dry,0,None,88,Not Applicable,88,Not Applicable,0,None,88,Not Applicable,88,Not Applicable,3,Intersection-Related,2,Four-Way Intersection,1,No,1,No,88,Not Applicable,88,Not Applicable,88,Not Applicable,88,Not Applicable,TRUE,1,Public Road,1,"Trafficway, On Road",CT0009300,New Haven PD,42055,50:48.0,O,Open,00:31.0,,2,32300,3,PRINCIPAL ARTERIAL - OTHER - NEW HPMS,2,Urban
893259,1,Complete,893259,893259,41.308188,-72.886303,3395355,New Haven,93,93,New Haven,1/9/2022,2022,1,January,9,1,Sunday,17:52:00,17,22000764,A,2,,Motor Vehicle In Motion,"Injury of any type (Serious, Minor, Possible)",C,Possible Injury (C),0,0,4,Local,1.12,498,QUINNIPIAC AV,QUINNIPIAC AV,GRAND AV,,,,,41.308188,-72.886303,14,Motor Vehicle in Operation,1,Front to rear,1,On Roadway,4,Rain,88,Not Applicable,4,Dark-Lighted,2,Wet,0,None,88,Not Applicable,88,Not Applicable,0,None,88,Not Applicable,88,Not Applicable,2,Intersection,2,Four-Way Intersection,1,No,1,No,88,Not Applicable,88,Not Applicable,88,Not Applicable,88,Not Applicable,FALSE,1,Public Road,1,"Trafficway, On Road",CT0009300,New Haven PD,42367,04:47.0,C,Closed,00:30.0,,,,,,,
894186,1,Complete,894186,894186,41.304735,-72.93438,3396282,New Haven,93,93,New Haven,1/10/2022,2022,1,January,10,2,Monday,15:20:00,15,22000852,A,2,,Motor Vehicle In Motion,"Injury of any type (Serious, Minor, Possible)",C,Possible Injury (C),0,0,4,Local,0.19,565,SOUTH FRONTAGE RD-RT 34,SOUTH FRONTAGE RD-RT 34,YORK ST,,,,,41.304735,-72.93438,14,Motor Vehicle in Operation,1,Front to rear,1,On Roadway,1,Clear,88,Not Applicable,1,Daylight,1,Dry,0,None,88,Not Applicable,88,Not Applicable,0,None,88,Not Applicable,88,Not Applicable,2,Intersection,3,T-Intersection,1,No,1,No,88,Not Applicable,88,Not Applicable,88,Not Applicable,88,Not Applicable,FALSE,1,Public Road,1,"Trafficway, On Road",CT0009300,New Haven PD,10,14:09.0,C,Closed,00:15.0,,,,,,,
894540,1,Complete,894540,894540,41.31137,-72.94456,3396636,New Haven,93,93,New Haven,12/29/2021,2021,12,December,29,4,Wednesday,19:32:00,19,21046312,A,1,,Motor Vehicle In Motion,"Injury of any type (Serious, Minor, Possible)",A,Suspected Serious Injury (A),1,0,4,Local,2.82,97,CHAPEL ST,CHAPEL ST,SHERMAN AV,,,,,41.31137,-72.94456,10,Pedalcycle/Pedalcyclist,97,Other,1,On Roadway,4,Rain,88,Not Applicable,4,Dark-Lighted,2,Wet,0,None,88,Not Applicable,88,Not Applicable,0,None,88,Not Applicable,88,Not Applicable,2,Intersection,2,Four-Way Intersection,1,No,1,No,88,Not Applicable,88,Not Applicable,88,Not Applicable,88,Not Applicable,TRUE,1,Public Road,1,"Trafficway, On Road",CT0009300,New Haven PD,503,39:55.0,O,Open,00:53.0,,,,,,,
894545,1,Complete,894545,894545,41.28845,-72.927501,3396641,New Haven,93,93,New Haven,1/10/2022,2022,1,January,10,2,Monday,14:00:00,14,22000902,A,2,,Motor Vehicle In Motion,"Injury of any type (Serious, Minor, Possible)",C,Possible Injury (C),0,0,4,Local,0.13,770,LONG WHARF DR EXT,LONG WHARF DR EXT,,SARGENT DRIVE,1,TenthsofMile,E,41.28845,-72.927501,14,Motor Vehicle in Operation,4,"Sideswipe, same direction",1,On Roadway,1,Clear,88,Not Applicable,1,Daylight,1,Dry,0,None,88,Not Applicable,88,Not Applicable,0,None,88,Not Applicable,88,Not Applicable,1,Non-Junction,1,Not at Intersection,1,No,1,No,88,Not Applicable,88,Not Applicable,88,Not Applicable,88,Not Applicable,FALSE,1,Public Road,1,"Trafficway, On Road",CT0009300,New Haven PD,40819,58:40.0,O,Open,00:44.0,,,,,,,
894547,1,Complete,894547,894547,41.3206972,-72.8741196,3396643,New Haven,93,93,New Haven,1/11/2022,2022,1,January,11,3,Tuesday,8:34:00,8,22000921,A,2,,Motor Vehicle In Motion,"Injury of any type (Serious, Minor, Possible)",C,Possible Injury (C),0,0,3,State,0.44,80,80-E,80-E,103-N,,,,,41.3206972,-72.8741196,14,Motor Vehicle in Operation,1,Front to rear,1,On Roadway,1,Clear,88,Not Applicable,1,Daylight,1,Dry,0,None,88,Not Applicable,88,Not Applicable,0,None,88,Not Applicable,88,Not Applicable,2,Intersection,2,Four-Way Intersection,1,No,1,No,88,Not Applicable,88,Not Applicable,88,Not Applicable,88,Not Applicable,FALSE,1,Public Road,1,"Trafficway, On Road",CT0009300,New Haven PD,40815,02:28.0,O,Open,00:45.0,22000921,2,32300,3,PRINCIPAL ARTERIAL - OTHER - NEW HPMS,2,Urban
894548,1,Complete,894548,894548,41.310887,-72.949201,3396644,New Haven,93,93,New Haven,1/11/2022,2022,1,January,11,3,Tuesday,7:49:00,7,22000922,A,1,,Utility Pole,"Injury of any type (Serious, Minor, Possible)",C,Possible Injury (C),0,0,4,Local,0.18,147,DERBY AV,DERBY AV,NORTON ST,,,,,41.310887,-72.949201,33,Utility Pole/Light Support,88,Not Applicable,1,On Roadway,1,Clear,88,Not Applicable,1,Daylight,1,Dry,0,None,88,Not Applicable,88,Not Applicable,5,"Road Surface Condition (wet, icy, snow, slush, etc.)",88,Not Applicable,88,Not Applicable,2,Intersection,4,Y-Intersection,1,No,1,No,88,Not Applicable,88,Not Applicable,88,Not Applicable,88,Not Applicable,FALSE,1,Public Road,1,"Trafficway, On Road",CT0009300,New Haven PD,40804,33:47.0,C,Closed,00:46.0,,2,9500,4,MINOR ARTERIAL - NEW HPMS,2,Urban
894903,1,Complete,894903,894903,41.298297,-72.912489,3396999,New Haven,93,93,New Haven,1/11/2022,2022,1,January,11,3,Tuesday,23:08:00,23,22001019,A,1,,Tree (standing),"Injury of any type (Serious, Minor, Possible)",C,Possible Injury (C),0,0,4,Local,1.11,513,LONG WHARF DR,LONG WHARF DR,,HAMILTON ST NO 1,215,Feet,E,41.298297,-72.912489,32,Tree (standing),88,Not Applicable,1,On Roadway,1,Clear,88,Not Applicable,6,Dark-Unknown Lighting,1,Dry,0,None,88,Not Applicable,88,Not Applicable,0,None,88,Not Applicable,88,Not Applicable,1,Non-Junction,1,Not at Intersection,1,No,1,No,88,Not Applicable,88,Not Applicable,88,Not Applicable,88,Not Applicable,FALSE,1,Public Road,1,"Trafficway, On Road",CT0009300,New Haven PD,40815,18:41.0,C,Closed,00:10.0,22-001019,4,9100,4,MINOR ARTERIAL - NEW HPMS,2,Urban
894908,1,Complete,894908,894908,41.315483,-72.939285,3397004,New Haven,93,93,New Haven,1/12/2022,2022,1,January,12,4,Wednesday,17:45:00,17,22001118,A,2,,Motor Vehicle In Motion,"Injury of any type (Serious, Minor, Possible)",C,Possible Injury (C),0,0,4,Local,0.56,653,WHALLEY AV,WHALLEY AV,ORCHARD ST,,,,,41.315483,-72.939285,14,Motor Vehicle in Operation,1,Front to rear,1,On Roadway,1,Clear,88,Not Applicable,4,Dark-Lighted,1,Dry,0,None,88,Not Applicable,88,Not Applicable,0,None,88,Not Applicable,88,Not Applicable,2,Intersection,2,Four-Way Intersection,1,No,1,No,88,Not Applicable,88,Not Applicable,88,Not Applicable,88,Not Applicable,FALSE,1,Public Road,1,"Trafficway, On Road",CT0009300,New Haven PD,79,42:55.0,C,Closed,00:13.0,,,,,,,
895214,1,Complete,895214,895214,41.308583,-72.900696,3397310,New Haven,93,93,New Haven,1/13/2022,2022,1,January,13,5,Thursday,2:05:00,2,22001031,A,1,,Utility Pole,"Injury of any type (Serious, Minor, Possible)",A,Suspected Serious Injury (A),0,0,4,Local,0.79,264,GRAND AV,GRAND AV,,LLOYD STREET,60,Feet,E,41.308583,-72.900696,33,Utility Pole/Light Support,88,Not Applicable,1,On Roadway,1,Clear,88,Not Applicable,4,Dark-Lighted,1,Dry,0,None,88,Not Applicable,88,Not Applicable,0,None,88,Not Applicable,88,Not Applicable,2,Intersection,2,Four-Way Intersection,1,No,1,No,88,Not Applicable,88,Not Applicable,88,Not Applicable,88,Not Applicable,FALSE,1,Public Road,1,"Trafficway, On Road",CT0009300,New Haven PD,370,04:19.0,O,Open,00:50.0,,2,14400,4,MINOR ARTERIAL - NEW HPMS,2,Urban
895221,1,Complete,895221,895221,41.30434,-72.94261,3397317,New Haven,93,93,New Haven,1/13/2022,2022,1,January,13,5,Thursday,9:18:00,9,22001171,A,1,,Pedestrian,"Injury of any type (Serious, Minor, Possible)",B,Suspected Minor Injury (B),1,0,4,Local,0.2,453,ORCHARD ST,ORCHARD ST,SYLVAN AV,,,,,41.30434,-72.94261,9,Pedestrian,88,Not Applicable,1,On Roadway,1,Clear,88,Not Applicable,1,Daylight,1,Dry,0,None,88,Not Applicable,88,Not Applicable,0,None,88,Not Applicable,88,Not Applicable,2,Intersection,2,Four-Way Intersection,1,No,1,No,88,Not Applicable,88,Not Applicable,88,Not Applicable,88,Not Applicable,FALSE,1,Public Road,1,"Trafficway, On Road",CT0009300,New Haven PD,251,40:09.0,C,Closed,00:52.0,,2,4200,4,MINOR ARTERIAL - NEW HPMS,2,Urban
895222,1,Complete,895222,895222,41.289122,-72.92244,3397318,New Haven,93,93,New Haven,1/13/2022,2022,1,January,13,5,Thursday,10:14:00,10,22001176,A,2,,Motor Vehicle In Motion,"Injury of any type (Serious, Minor, Possible)",C,Possible Injury (C),0,0,1,Interstate,0.18,95,95-N-326,95-N-326,LONG WHARF DR,,,,,41.289122,-72.92244,14,Motor Vehicle in Operation,3,Angle,1,On Roadway,1,Clear,88,Not Applicable,1,Daylight,1,Dry,0,None,88,Not Applicable,88,Not Applicable,0,None,88,Not Applicable,88,Not Applicable,2,Intersection,3,T-Intersection,1,No,1,No,88,Not Applicable,88,Not Applicable,88,Not Applicable,88,Not Applicable,FALSE,1,Public Road,1,"Trafficway, On Road",CT0009300,New Haven PD,281,38:49.0,C,Closed,00:56.0,,1,5400,1,INTERSTATE - NEW HPMS,,
895603,1,Complete,895603,895603,41.304809,-72.922791,3397699,New Haven,93,93,New Haven,1/14/2022,2022,1,January,14,6,Friday,12:03:00,12,22000944,A,2,,Motor Vehicle In Motion,"Injury of any type (Serious, Minor, Possible)",C,Possible Injury (C),0,0,4,Local,1.34,575,STATE ST,STATE ST,CHAPEL ST,,,,,41.304809,-72.922791,14,Motor Vehicle in Operation,3,Angle,1,On Roadway,1,Clear,88,Not Applicable,1,Daylight,1,Dry,0,None,88,Not Applicable,88,Not Applicable,0,None,88,Not Applicable,88,Not Applicable,2,Intersection,2,Four-Way Intersection,1,No,1,No,88,Not Applicable,88,Not Applicable,88,Not Applicable,88,Not Applicable,FALSE,1,Public Road,1,"Trafficway, On Road",CT0009300,New Haven PD,469,16:17.0,C,Closed,00:19.0,,,,,,,
895609,1,Complete,895609,895609,41.323723,-72.885658,3397705,New Haven,93,93,New Haven,1/13/2022,2022,1,January,13,5,Thursday,16:47:00,16,22001224,A,2,,Motor Vehicle In Motion,"Injury of any type (Serious, Minor, Possible)",C,Possible Injury (C),0,0,4,Local,0.01,411,MIDDLETOWN AV,MIDDLETOWN AV,,DUMP RD,45,Feet,W,41.323723,-72.885658,14,Motor Vehicle in Operation,3,Angle,1,On Roadway,1,Clear,88,Not Applicable,1,Daylight,1,Dry,0,None,88,Not Applicable,88,Not Applicable,0,None,88,Not Applicable,88,Not Applicable,1,Non-Junction,1,Not at Intersection,1,No,1,No,88,Not Applicable,88,Not Applicable,88,Not Applicable,88,Not Applicable,TRUE,1,Public Road,1,"Trafficway, On Road",CT0009300,New Haven PD,42055,51:49.0,C,Closed,00:14.0,,,,,,,
895613,1,Complete,895613,895613,41.297681,-72.949146,3397709,New Haven,93,93,New Haven,1/14/2022,2022,1,January,14,6,Friday,0:57:00,0,22001268,A,2,,Motor Vehicle In Motion,"Injury of any type (Serious, Minor, Possible)",B,Suspected Minor Injury (B),0,0,3,State,1.49,10,10-N,10-N,,,,,,41.297681,-72.949146,14,Motor Vehicle in Operation,1,Front to rear,1,On Roadway,1,Clear,88,Not Applicable,4,Dark-Lighted,1,Dry,0,None,88,Not Applicable,88,Not Applicable,0,None,88,Not Applicable,88,Not Applicable,2,Intersection,2,Four-Way Intersection,1,No,1,No,88,Not Applicable,88,Not Applicable,88,Not Applicable,88,Not Applicable,FALSE,1,Public Road,1,"Trafficway, On Road",CT0009300,New Haven PD,40955,51:42.0,C,Closed,00:18.0,,2,20800,3,PRINCIPAL ARTERIAL - OTHER - NEW HPMS,2,Urban
895629,1,Complete,895629,895629,41.3327,-72.9378,3397725,New Haven,93,93,New Haven,1/15/2022,2022,1,January,15,7,Saturday,0:18:00,0,22001369,A,1,,Ran Off Roadway Right,"Injury of any type (Serious, Minor, Possible)",C,Possible Injury (C),0,0,4,Local,0.95,557,SHERMAN PKWY,SHERMAN PKWY,BASSETT ST,,,,,41.3327,-72.9378,33,Utility Pole/Light Support,88,Not Applicable,1,On Roadway,1,Clear,88,Not Applicable,4,Dark-Lighted,1,Dry,0,None,88,Not Applicable,88,Not Applicable,0,None,88,Not Applicable,88,Not Applicable,2,Intersection,2,Four-Way Intersection,1,No,1,No,88,Not Applicable,88,Not Applicable,88,Not Applicable,88,Not Applicable,FALSE,1,Public Road,1,"Trafficway, On Road",CT0009300,New Haven PD,41104,53:50.0,C,Closed,00:17.0,,2,6300,4,MINOR ARTERIAL - NEW HPMS,2,Urban
895632,1,Complete,895632,895632,41.329175,-72.968442,3397728,New Haven,93,93,New Haven,1/15/2022,2022,1,January,15,7,Saturday,10:57:00,10,22001386,A,2,,Motor Vehicle In Motion,"Injury of any type (Serious, Minor, Possible)",C,Possible Injury (C),0,0,3,State,3.49,122,122-N,122-N,FAIRFIELD ST NO 2,,,,,41.329175,-72.968442,14,Motor Vehicle in Operation,1,Front to rear,1,On Roadway,1,Clear,88,Not Applicable,1,Daylight,1,Dry,0,None,88,Not Applicable,88,Not Applicable,0,None,88,Not Applicable,88,Not Applicable,2,Intersection,3,T-Intersection,1,No,1,No,88,Not Applicable,88,Not Applicable,88,Not Applicable,88,Not Applicable,FALSE,1,Public Road,1,"Trafficway, On Road",CT0009300,New Haven PD,381,45:50.0,C,Closed,00:20.0,,1,7500,4,MINOR ARTERIAL - NEW HPMS,1,Rural
895635,1,Complete,895635,895635,41.30437,-72.894472,3397731,New Haven,93,93,New Haven,1/15/2022,2022,1,January,15,7,Saturday,14:45:00,14,22001409,A,1,,Pedestrian,"Injury of any type (Serious, Minor, Possible)",C,Possible Injury (C),1,0,4,Local,1.09,213,FERRY ST,FERRY ST,CHAPEL ST,,,,,41.30437,-72.894472,9,Pedestrian,88,Not Applicable,1,On Roadway,1,Clear,88,Not Applicable,1,Daylight,1,Dry,99,Unknown,88,Not Applicable,88,Not Applicable,0,None,88,Not Applicable,88,Not Applicable,2,Intersection,2,Four-Way Intersection,1,No,1,No,88,Not Applicable,88,Not Applicable,88,Not Applicable,88,Not Applicable,FALSE,1,Public Road,1,"Trafficway, On Road",CT0009300,New Haven PD,322,30:29.0,C,Closed,00:29.0,,2,13500,4,MINOR ARTERIAL - NEW HPMS,2,Urban