CrashId,Fatal Case Status,Fatal Case Status Text Format,CrashId,CrashId,Latitude,Longitude,DOT Case Number,Town Name,Town Number,Town Number,Town Number Text Format,Date Of Crash,Year,Month,Month Text Format,Day,Day of the Week,Day of the Week Text Format,Time of Crash,Hour of the Day,Case Identifier,Crash Severity,Number Of Motor Vehicles,Motor vehicle action,Most harmful event,Crash Severity Text Format,Most Severe Injury,Most Severe Injury Text Format,Number Of Non-Motorist,Number Of Witnesses,Route Class,Route Class Text Format,Milemarker,Road Number,Road Description,Roadway Name,Intersecting Roadway Name,Landmark Description,Distance From Nearest Landmark,Unit Of Measure From Nearest Landmark,Direction From Nearest Landmark,Latitude,Longitude,First Harmful Event,First Harmful Event Text Format,Manner of Crash / Collision Impact,Manner of Crash / Collision Impact Text Format,Location of First Harmful Event,Location of First Harmful Event Text Format,Weather Condition,Weather Condition Text Format,Weather 2,Weather 2 Text Format,Light Condition,Light Condition Text Format,Road Surface Condition,Road Surface Condition Text Format,"Contributing Circumstances, Environment","Contributing Circumstances, Environment Text Format",Environment 2,Environment 2 Text Format,Environment 3,Environment 3 Text Format,"Contributing Circumstances, Road","Contributing Circumstances, Road Text Format",Road 2,Road 2 Text Format,Road 3,Road 3 Text Format,Crash Specific Location,Crash Specific Location Text Format,Type of Intersection,Type of Intersection Text Format,School Bus Related,School Bus Related Text Format,Work Zone Related,Work Zone Related Text Format,Location Of Crash Relative To Work Zone,Location Of Crash Relative To Work Zone Text Format,Type of Work Zone,Type of Work Zone Text Format,Worker Presence,Worker Presence Text Format,Law Enforcement Presence,Law Enforcement Presence Text Format,Were Vehicles Moved Prior To Police Arrival,Trafficway Ownership,Trafficway Ownership Text Format,Trafficway Class,Trafficway Class Text Format,Police Agency,Police Agency Text Format,Badge Number,Approval Date,Police Case Status,Police Case Status Text Format,Crash Report Submission Date,Related Case Identifiers,No. of Through Lanes (Log Dir.),Average Daily Traffic,Functional Classification,Functional Classification Text Format,Rural or Urban,Rural or Urban Text Format
898320,1,Complete,898320,898320,41.293083,-72.943871,3400415,New Haven,93,93,New Haven,1/22/2022,2022,1,January,22,7,Saturday,1:01:00,1,22001996,A,2,,Motor Vehicle In Motion,"Injury of any type (Serious, Minor, Possible)",A,Suspected Serious Injury (A),0,0,3,State,1.07,10,10-N,10-N,ADELINE ST,,,,,41.293083,-72.943871,14,Motor Vehicle in Operation,4,"Sideswipe, same direction",1,On Roadway,1,Clear,88,Not Applicable,4,Dark-Lighted,1,Dry,0,None,88,Not Applicable,88,Not Applicable,0,None,88,Not Applicable,88,Not Applicable,2,Intersection,3,T-Intersection,1,No,1,No,88,Not Applicable,88,Not Applicable,88,Not Applicable,88,Not Applicable,FALSE,1,Public Road,1,"Trafficway, On Road",CT0009300,New Haven PD,40955,18:06.0,O,Open,00:43.0,,2,20300,3,PRINCIPAL ARTERIAL - OTHER - NEW HPMS,2,Urban
898321,1,Complete,898321,898321,41.30712,-72.92154,3400416,New Haven,93,93,New Haven,1/22/2022,2022,1,January,22,7,Saturday,11:18:00,11,22002022,A,2,,Motor Vehicle In Motion,"Injury of any type (Serious, Minor, Possible)",C,Possible Injury (C),0,0,4,Local,0.71,726,ELM ST NO 2,ELM ST NO 2,,STATE ST,91,Feet,W,41.30712,-72.92154,14,Motor Vehicle in Operation,1,Front to rear,1,On Roadway,1,Clear,88,Not Applicable,1,Daylight,1,Dry,0,None,88,Not Applicable,88,Not Applicable,0,None,88,Not Applicable,88,Not Applicable,1,Non-Junction,1,Not at Intersection,1,No,1,No,88,Not Applicable,88,Not Applicable,88,Not Applicable,88,Not Applicable,FALSE,1,Public Road,1,"Trafficway, On Road",CT0009300,New Haven PD,166,35:58.0,C,Closed,00:45.0,,,,,,,
898329,1,Complete,898329,898329,41.31844,-72.9413,3400424,New Haven,93,93,New Haven,1/24/2022,2022,1,January,24,2,Monday,18:22:00,18,22002301,A,3,,Motor Vehicle In Motion,"Injury of any type (Serious, Minor, Possible)",B,Suspected Minor Injury (B),0,0,4,Local,0.91,556,SHERMAN AV,SHERMAN AV,PERCIVAL ST,,,,,41.31844,-72.9413,14,Motor Vehicle in Operation,4,"Sideswipe, same direction",1,On Roadway,1,Clear,88,Not Applicable,4,Dark-Lighted,1,Dry,0,None,88,Not Applicable,88,Not Applicable,0,None,88,Not Applicable,88,Not Applicable,2,Intersection,3,T-Intersection,1,No,1,No,88,Not Applicable,88,Not Applicable,88,Not Applicable,88,Not Applicable,TRUE,1,Public Road,1,"Trafficway, On Road",CT0009300,New Haven PD,182,03:34.0,C,Closed,00:49.0,,,,,,,
898796,1,Complete,898796,898796,41.306608,-72.92694,3400891,New Haven,93,93,New Haven,1/23/2022,2022,1,January,23,1,Sunday,14:14:00,14,22002134,A,1,,Pedestrian,"Injury of any type (Serious, Minor, Possible)",C,Possible Injury (C),1,0,4,Local,0.57,588,TEMPLE ST,TEMPLE ST,CHAPEL ST,,,,,41.306608,-72.92694,9,Pedestrian,88,Not Applicable,1,On Roadway,1,Clear,1,Clear,1,Daylight,1,Dry,0,None,88,Not Applicable,88,Not Applicable,0,None,88,Not Applicable,88,Not Applicable,2,Intersection,2,Four-Way Intersection,1,No,1,No,88,Not Applicable,88,Not Applicable,88,Not Applicable,88,Not Applicable,TRUE,1,Public Road,1,"Trafficway, On Road",CT0009300,New Haven PD,301,06:34.0,C,Closed,01:23.0,,4,5200,3,PRINCIPAL ARTERIAL - OTHER - NEW HPMS,2,Urban
898797,1,Complete,898797,898797,41.293638,-72.937658,3400892,New Haven,93,93,New Haven,1/24/2022,2022,1,January,24,2,Monday,7:30:00,7,22002197,A,2,,Motor Vehicle In Motion,"Injury of any type (Serious, Minor, Possible)",C,Possible Injury (C),0,0,4,Local,0.09,571,SPRING ST,SPRING ST,HURLBURT ST,,,,,41.293638,-72.937658,14,Motor Vehicle in Operation,3,Angle,1,On Roadway,1,Clear,88,Not Applicable,1,Daylight,1,Dry,0,None,88,Not Applicable,88,Not Applicable,0,None,88,Not Applicable,88,Not Applicable,2,Intersection,2,Four-Way Intersection,1,No,1,No,88,Not Applicable,88,Not Applicable,88,Not Applicable,88,Not Applicable,TRUE,1,Public Road,1,"Trafficway, On Road",CT0009300,New Haven PD,295,45:08.0,C,Closed,01:19.0,,,,,,,
898801,1,Complete,898801,898801,41.3113,-72.94715,3400896,New Haven,93,93,New Haven,1/25/2022,2022,1,January,25,3,Tuesday,8:01:00,8,22002343,A,2,,Motor Vehicle In Motion,"Injury of any type (Serious, Minor, Possible)",C,Possible Injury (C),0,0,4,Local,0.07,147,DERBY AV,DERBY AV,WINTHROP AV NO 2,,,,,41.3113,-72.94715,14,Motor Vehicle in Operation,1,Front to rear,1,On Roadway,7,Snow,88,Not Applicable,1,Daylight,5,Ice / Frost,0,None,88,Not Applicable,88,Not Applicable,0,None,88,Not Applicable,88,Not Applicable,2,Intersection,3,T-Intersection,1,No,1,No,88,Not Applicable,88,Not Applicable,88,Not Applicable,88,Not Applicable,FALSE,1,Public Road,1,"Trafficway, On Road",CT0009300,New Haven PD,251,50:55.0,C,Closed,01:22.0,,,,,,,
899163,1,Complete,899163,899163,41.315881,-72.892005,3401258,New Haven,93,93,New Haven,1/25/2022,2022,1,January,25,3,Tuesday,6:24:00,6,22002337,A,2,,Motor Vehicle In Motion,"Injury of any type (Serious, Minor, Possible)",C,Possible Injury (C),0,1,4,Local,0.45,113,CLINTON AV,CLINTON AV,LOMBARD ST,,,,,41.315881,-72.892005,14,Motor Vehicle in Operation,3,Angle,1,On Roadway,7,Snow,88,Not Applicable,4,Dark-Lighted,5,Ice / Frost,1,Weather Conditions,88,Not Applicable,88,Not Applicable,0,None,88,Not Applicable,88,Not Applicable,2,Intersection,2,Four-Way Intersection,1,No,1,No,88,Not Applicable,88,Not Applicable,88,Not Applicable,88,Not Applicable,FALSE,1,Public Road,1,"Trafficway, On Road",CT0009300,New Haven PD,374,41:53.0,C,Closed,00:06.0,,,,,,,
899165,1,Complete,899165,899165,41.31132,-72.944664,3401260,New Haven,93,93,New Haven,1/25/2022,2022,1,January,25,3,Tuesday,12:05:00,12,22002391,A,2,,Motor Vehicle In Motion,"Injury of any type (Serious, Minor, Possible)",C,Possible Injury (C),0,0,4,Local,2.82,97,CHAPEL ST,CHAPEL ST,SHERMAN AV,,,,,41.31132,-72.944664,14,Motor Vehicle in Operation,3,Angle,1,On Roadway,1,Clear,88,Not Applicable,1,Daylight,1,Dry,0,None,88,Not Applicable,88,Not Applicable,0,None,88,Not Applicable,88,Not Applicable,2,Intersection,2,Four-Way Intersection,1,No,1,No,88,Not Applicable,88,Not Applicable,88,Not Applicable,88,Not Applicable,FALSE,1,Public Road,1,"Trafficway, On Road",CT0009300,New Haven PD,91,06:34.0,C,Closed,00:07.0,,,,,,,
899166,1,Complete,899166,899166,41.319365,-72.898702,3401261,New Haven,93,93,New Haven,1/26/2022,2022,1,January,26,4,Wednesday,8:23:00,8,22002478,A,2,,Motor Vehicle In Motion,"Injury of any type (Serious, Minor, Possible)",C,Possible Injury (C),0,0,2,USRoute,0.37,5,5-N,5-N,FERRY ST,,,,,41.319365,-72.898702,14,Motor Vehicle in Operation,4,"Sideswipe, same direction",2,Shoulder,1,Clear,88,Not Applicable,1,Daylight,1,Dry,0,None,88,Not Applicable,88,Not Applicable,0,None,88,Not Applicable,88,Not Applicable,2,Intersection,2,Four-Way Intersection,2,"Yes, School Bus Directly Involved",1,No,88,Not Applicable,88,Not Applicable,88,Not Applicable,88,Not Applicable,TRUE,1,Public Road,1,"Trafficway, On Road",CT0009300,New Haven PD,182,41:01.0,C,Closed,00:08.0,,1,19200,4,MINOR ARTERIAL - NEW HPMS,1,Rural
899169,1,Complete,899169,899169,41.297344,-72.891245,3401264,New Haven,93,93,New Haven,1/26/2022,2022,1,January,26,4,Wednesday,16:36:00,16,22002706,A,1,,Pedestrian,"Injury of any type (Serious, Minor, Possible)",B,Suspected Minor Injury (B),1,0,4,Local,0.3,498,QUINNIPIAC AV,QUINNIPIAC AV,FULTON ST,,,,,41.297344,-72.891245,9,Pedestrian,88,Not Applicable,1,On Roadway,1,Clear,88,Not Applicable,2,Dawn,1,Dry,0,None,88,Not Applicable,88,Not Applicable,0,None,88,Not Applicable,88,Not Applicable,2,Intersection,4,Y-Intersection,1,No,1,No,88,Not Applicable,88,Not Applicable,88,Not Applicable,88,Not Applicable,FALSE,1,Public Road,1,"Trafficway, On Road",CT0009300,New Haven PD,42057,46:11.0,C,Closed,00:11.0,,2,6400,4,MINOR ARTERIAL - NEW HPMS,2,Urban
899171,1,Complete,899171,899171,41.31001,-72.95336,3401266,New Haven,93,93,New Haven,1/26/2022,2022,1,January,26,4,Wednesday,17:21:00,17,22002721,A,2,,Motor Vehicle In Motion,"Injury of any type (Serious, Minor, Possible)",C,Possible Injury (C),0,0,3,State,2.37,10,10-N,10-N,,DERBY AVENUE,20,Feet,S,41.31001,-72.95336,14,Motor Vehicle in Operation,1,Front to rear,1,On Roadway,1,Clear,88,Not Applicable,1,Daylight,1,Dry,0,None,88,Not Applicable,88,Not Applicable,0,None,88,Not Applicable,88,Not Applicable,3,Intersection-Related,2,Four-Way Intersection,1,No,1,No,88,Not Applicable,88,Not Applicable,88,Not Applicable,88,Not Applicable,TRUE,1,Public Road,1,"Trafficway, On Road",CT0009300,New Haven PD,261,30:28.0,C,Closed,00:10.0,,2,33300,3,PRINCIPAL ARTERIAL - OTHER - NEW HPMS,2,Urban
899429,1,Complete,899429,899429,41.298044,-72.949185,3401524,New Haven,93,93,New Haven,1/27/2022,2022,1,January,27,5,Thursday,11:27:00,11,22002787,A,2,,Motor Vehicle In Motion,"Injury of any type (Serious, Minor, Possible)",C,Possible Injury (C),0,0,3,State,1.51,10,10-N,10-N,,COLUMBUS AVE,200,Feet,N,41.298044,-72.949185,14,Motor Vehicle in Operation,1,Front to rear,1,On Roadway,1,Clear,88,Not Applicable,1,Daylight,1,Dry,0,None,88,Not Applicable,88,Not Applicable,0,None,88,Not Applicable,88,Not Applicable,1,Non-Junction,1,Not at Intersection,1,No,1,No,88,Not Applicable,88,Not Applicable,88,Not Applicable,88,Not Applicable,FALSE,1,Public Road,1,"Trafficway, On Road",CT0009300,New Haven PD,137,52:24.0,C,Closed,00:55.0,,2,20800,3,PRINCIPAL ARTERIAL - OTHER - NEW HPMS,2,Urban
899433,1,Complete,899433,899433,41.316821,-72.933341,3401528,New Haven,93,93,New Haven,1/27/2022,2022,1,January,27,5,Thursday,16:53:00,16,22002825,A,2,,Motor Vehicle In Motion,"Injury of any type (Serious, Minor, Possible)",B,Suspected Minor Injury (B),0,0,4,Local,0.28,152,DIXWELL AV,DIXWELL AV,WEBSTER ST,,,,,41.316821,-72.933341,14,Motor Vehicle in Operation,3,Angle,1,On Roadway,1,Clear,88,Not Applicable,1,Daylight,1,Dry,0,None,88,Not Applicable,88,Not Applicable,0,None,88,Not Applicable,88,Not Applicable,2,Intersection,2,Four-Way Intersection,1,No,1,No,88,Not Applicable,88,Not Applicable,88,Not Applicable,88,Not Applicable,FALSE,1,Public Road,1,"Trafficway, On Road",CT0009300,New Haven PD,125,13:06.0,C,Closed,00:59.0,,,,,,,
899435,1,Complete,899435,899435,41.32084,-72.93438,3401530,New Haven,93,93,New Haven,1/27/2022,2022,1,January,27,5,Thursday,21:09:00,21,22002855,A,2,,Motor Vehicle In Motion,"Injury of any type (Serious, Minor, Possible)",C,Possible Injury (C),0,0,4,Local,0.56,152,DIXWELL AV,DIXWELL AV,HENRY ST,,,,,41.32084,-72.93438,14,Motor Vehicle in Operation,1,Front to rear,1,On Roadway,1,Clear,88,Not Applicable,4,Dark-Lighted,1,Dry,0,None,88,Not Applicable,88,Not Applicable,0,None,88,Not Applicable,88,Not Applicable,2,Intersection,2,Four-Way Intersection,1,No,1,No,88,Not Applicable,88,Not Applicable,88,Not Applicable,88,Not Applicable,FALSE,1,Public Road,1,"Trafficway, On Road",CT0009300,New Haven PD,42052,38:15.0,C,Closed,01:00.0,,,,,,,
899812,1,Complete,899812,899812,41.316386,-72.904697,3401907,New Haven,93,93,New Haven,1/27/2022,2022,1,January,27,5,Thursday,22:54:00,22,22002862,A,1,,Pedestrian,"Injury of any type (Serious, Minor, Possible)",A,Suspected Serious Injury (A),1,1,4,Local,0.02,575,STATE ST,STATE ST,,JAMES STREET,100,Feet,W,41.316386,-72.904697,9,Pedestrian,88,Not Applicable,1,On Roadway,1,Clear,88,Not Applicable,4,Dark-Lighted,1,Dry,0,None,88,Not Applicable,88,Not Applicable,0,None,88,Not Applicable,88,Not Applicable,1,Non-Junction,1,Not at Intersection,1,No,1,No,88,Not Applicable,88,Not Applicable,88,Not Applicable,88,Not Applicable,FALSE,1,Public Road,1,"Trafficway, On Road",CT0009300,New Haven PD,42052,52:50.0,C,Closed,02:01.0,,4,10200,4,MINOR ARTERIAL - NEW HPMS,2,Urban
899813,1,Complete,899813,899813,41.264934,-72.896691,3401908,New Haven,93,93,New Haven,1/28/2022,2022,1,January,28,6,Friday,1:30:00,1,22002872,A,1,,Ran Off Roadway Left,"Injury of any type (Serious, Minor, Possible)",B,Suspected Minor Injury (B),0,0,3,State,1.74,337,337-E,337-E,,MYRON ST,213,Feet,S,41.264934,-72.896691,38,"Other Post, Pole or Support",88,Not Applicable,4,Roadside,1,Clear,88,Not Applicable,5,Dark-Not Lighted,1,Dry,0,None,88,Not Applicable,88,Not Applicable,0,None,88,Not Applicable,88,Not Applicable,1,Non-Junction,1,Not at Intersection,1,No,1,No,88,Not Applicable,88,Not Applicable,88,Not Applicable,88,Not Applicable,FALSE,1,Public Road,1,"Trafficway, On Road",CT0009300,New Haven PD,42043,27:35.0,C,Closed,01:50.0,,2,5400,4,MINOR ARTERIAL - NEW HPMS,2,Urban
899814,1,Complete,899814,899814,41.323774,-72.885539,3401909,New Haven,93,93,New Haven,1/28/2022,2022,1,January,28,6,Friday,9:34:00,9,22002890,A,2,,Motor Vehicle In Motion,"Injury of any type (Serious, Minor, Possible)",C,Possible Injury (C),0,0,4,Local,0,411,MIDDLETOWN AV,MIDDLETOWN AV,DUMP RD,,,,,41.323774,-72.885539,14,Motor Vehicle in Operation,1,Front to rear,1,On Roadway,1,Clear,88,Not Applicable,1,Daylight,1,Dry,0,None,88,Not Applicable,88,Not Applicable,0,None,88,Not Applicable,88,Not Applicable,2,Intersection,5,L-Intersection,2,"Yes, School Bus Directly Involved",1,No,88,Not Applicable,88,Not Applicable,88,Not Applicable,88,Not Applicable,FALSE,1,Public Road,1,"Trafficway, On Road",CT0009300,New Haven PD,351,12:28.0,C,Closed,01:50.0,,,,,,,
899816,1,Complete,899816,899816,41.306942,-72.894995,3401911,New Haven,93,93,New Haven,1/28/2022,2022,1,January,28,6,Friday,11:09:00,11,22002894,A,3,,Motor Vehicle In Motion,"Injury of any type (Serious, Minor, Possible)",C,Possible Injury (C),0,0,4,Local,0.9,213,FERRY ST,FERRY ST,PIERPONT ST,,,,,41.306942,-72.894995,14,Motor Vehicle in Operation,1,Front to rear,1,On Roadway,1,Clear,88,Not Applicable,1,Daylight,1,Dry,0,None,88,Not Applicable,88,Not Applicable,0,None,88,Not Applicable,88,Not Applicable,3,Intersection-Related,3,T-Intersection,1,No,1,No,88,Not Applicable,88,Not Applicable,88,Not Applicable,88,Not Applicable,TRUE,1,Public Road,1,"Trafficway, On Road",CT0009300,New Haven PD,980,37:02.0,C,Closed,01:52.0,,,,,,,
899818,1,Complete,899818,899818,41.308345,-72.929989,3401913,New Haven,93,93,New Haven,1/28/2022,2022,1,January,28,6,Friday,13:00:00,13,22002899,A,1,,Ran Off Roadway Right,"Injury of any type (Serious, Minor, Possible)",C,Possible Injury (C),0,0,4,Local,0.2,291,HIGH ST,HIGH ST,,,,,,41.308345,-72.929989,33,Utility Pole/Light Support,88,Not Applicable,1,On Roadway,2,Cloudy,88,Not Applicable,1,Daylight,1,Dry,0,None,88,Not Applicable,88,Not Applicable,0,None,88,Not Applicable,88,Not Applicable,2,Intersection,3,T-Intersection,1,No,1,No,88,Not Applicable,88,Not Applicable,88,Not Applicable,88,Not Applicable,FALSE,1,Public Road,2,"Trafficway, Not on Road",CT0009300,New Haven PD,465,49:07.0,C,Closed,01:58.0,,2,7700,4,MINOR ARTERIAL - NEW HPMS,2,Urban
900383,1,Complete,900383,900383,41.327202,-72.968132,3402478,New Haven,93,93,New Haven,1/30/2022,2022,1,January,30,1,Sunday,21:41:00,21,22003056,A,3,,Motor Vehicle In Motion,"Injury of any type (Serious, Minor, Possible)",C,Possible Injury (C),0,0,3,State,3.37,122,122-N,122-N,243-W,,,,,41.327202,-72.968132,14,Motor Vehicle in Operation,1,Front to rear,1,On Roadway,1,Clear,88,Not Applicable,4,Dark-Lighted,5,Ice / Frost,0,None,88,Not Applicable,88,Not Applicable,0,None,88,Not Applicable,88,Not Applicable,2,Intersection,2,Four-Way Intersection,1,No,1,No,88,Not Applicable,88,Not Applicable,88,Not Applicable,88,Not Applicable,FALSE,1,Public Road,1,"Trafficway, On Road",CT0009300,New Haven PD,40803,15:22.0,C,Closed,01:55.0,,1,11600,4,MINOR ARTERIAL - NEW HPMS,1,Rural
900387,1,Complete,900387,900387,41.32135,-72.94353,3402482,New Haven,93,93,New Haven,1/31/2022,2022,1,January,31,2,Monday,8:03:00,8,22003076,A,1,,Pedestrian,"Injury of any type (Serious, Minor, Possible)",B,Suspected Minor Injury (B),1,0,4,Local,0.42,258,GOFFE TER,GOFFE TER,,NORTON ST,80,Feet,E,41.32135,-72.94353,9,Pedestrian,88,Not Applicable,1,On Roadway,1,Clear,1,Clear,1,Daylight,1,Dry,0,None,88,Not Applicable,88,Not Applicable,0,None,88,Not Applicable,88,Not Applicable,11,Through Roadway,1,Not at Intersection,1,No,1,No,88,Not Applicable,88,Not Applicable,88,Not Applicable,88,Not Applicable,FALSE,1,Public Road,1,"Trafficway, On Road",CT0009300,New Haven PD,40793,47:42.0,C,Closed,01:51.0,22003076,2,6700,4,MINOR ARTERIAL - NEW HPMS,2,Urban
900391,1,Complete,900391,900391,41.332875,-72.949202,3402486,New Haven,93,93,New Haven,1/31/2022,2022,1,January,31,2,Monday,10:30:00,10,22003100,A,2,,Motor Vehicle In Motion,"Injury of any type (Serious, Minor, Possible)",C,Possible Injury (C),0,0,3,State,4.31,10,10-S,10-S,WINTERGREEN AV,,,,,41.332875,-72.949202,14,Motor Vehicle in Operation,1,Front to rear,1,On Roadway,1,Clear,88,Not Applicable,1,Daylight,4,Slush,0,None,88,Not Applicable,88,Not Applicable,5,"Road Surface Condition (wet, icy, snow, slush, etc.)",88,Not Applicable,88,Not Applicable,2,Intersection,3,T-Intersection,1,No,1,No,88,Not Applicable,88,Not Applicable,88,Not Applicable,88,Not Applicable,FALSE,1,Public Road,1,"Trafficway, On Road",CT0009300,New Haven PD,66,54:18.0,C,Closed,01:53.0,,2,10700,4,MINOR ARTERIAL - NEW HPMS,2,Urban
900397,1,Complete,900397,900397,41.327703,-72.926908,3402492,New Haven,93,93,New Haven,1/31/2022,2022,1,January,31,2,Monday,18:48:00,18,22003154,A,2,,Motor Vehicle In Motion,"Injury of any type (Serious, Minor, Possible)",C,Possible Injury (C),0,0,4,Local,0.84,669,WINCHESTER AV,WINCHESTER AV,,HAZEL ST,50,Feet,S,41.327703,-72.926908,14,Motor Vehicle in Operation,1,Front to rear,1,On Roadway,1,Clear,88,Not Applicable,4,Dark-Lighted,4,Slush,0,None,88,Not Applicable,88,Not Applicable,0,None,88,Not Applicable,88,Not Applicable,1,Non-Junction,1,Not at Intersection,1,No,1,No,88,Not Applicable,88,Not Applicable,88,Not Applicable,88,Not Applicable,TRUE,1,Public Road,1,"Trafficway, On Road",CT0009300,New Haven PD,30,45:09.0,O,Open,01:57.0,NONE,,,,,,
900399,1,Complete,900399,900399,41.313085,-72.932449,3402494,New Haven,93,93,New Haven,1/31/2022,2022,1,January,31,2,Monday,21:52:00,21,22003180,A,1,,Concrete Traffic Barrier,"Injury of any type (Serious, Minor, Possible)",B,Suspected Minor Injury (B),0,0,4,Local,0.69,257,GOFFE ST,GOFFE ST,TOWER PKY,,,,,41.313085,-72.932449,30,Concrete Traffic Barrier,88,Not Applicable,1,On Roadway,1,Clear,88,Not Applicable,4,Dark-Lighted,3,Snow,1,Weather Conditions,88,Not Applicable,88,Not Applicable,5,"Road Surface Condition (wet, icy, snow, slush, etc.)",88,Not Applicable,88,Not Applicable,2,Intersection,6,Traffic Circle,1,No,1,No,88,Not Applicable,88,Not Applicable,88,Not Applicable,88,Not Applicable,FALSE,1,Public Road,1,"Trafficway, On Road",CT0009300,New Haven PD,114,24:07.0,C,Closed,01:56.0,,2,9600,3,PRINCIPAL ARTERIAL - OTHER - NEW HPMS,2,Urban
902716,1,Complete,902716,902716,41.295625,-72.916781,3402845,New Haven,93,93,New Haven,1/26/2022,2022,1,January,26,4,Wednesday,11:17:00,11,22002512,A,2,,Motor Vehicle In Motion,"Injury of any type (Serious, Minor, Possible)",C,Possible Injury (C),0,0,4,Local,0.81,513,LONG WHARF DR,LONG WHARF DR,CANAL DOCK RD,,,,,41.295625,-72.916781,14,Motor Vehicle in Operation,4,"Sideswipe, same direction",1,On Roadway,1,Clear,88,Not Applicable,1,Daylight,1,Dry,0,None,88,Not Applicable,88,Not Applicable,0,None,88,Not Applicable,88,Not Applicable,2,Intersection,3,T-Intersection,1,No,1,No,88,Not Applicable,88,Not Applicable,88,Not Applicable,88,Not Applicable,TRUE,1,Public Road,1,"Trafficway, On Road",CT0009300,New Haven PD,295,46:36.0,C,Closed,01:07.0,,,,,,,
902717,1,Complete,902717,902717,41.31883841,-72.8995869,3402846,New Haven,93,93,New Haven,1/26/2022,2022,1,January,26,4,Wednesday,19:18:00,19,22002727,A,1,,Pedestrian,"Injury of any type (Serious, Minor, Possible)",B,Suspected Minor Injury (B),1,1,2,USRoute,0.3,5,5-N,5-N,WARREN PLACE,,,,,41.31883841,-72.8995869,9,Pedestrian,88,Not Applicable,1,On Roadway,1,Clear,88,Not Applicable,4,Dark-Lighted,2,Wet,99,Unknown,88,Not Applicable,88,Not Applicable,0,None,88,Not Applicable,88,Not Applicable,2,Intersection,4,Y-Intersection,1,No,1,No,88,Not Applicable,88,Not Applicable,88,Not Applicable,88,Not Applicable,TRUE,1,Public Road,1,"Trafficway, On Road",CT0009300,New Haven PD,40801,08:13.0,C,Closed,01:12.0,,2,19300,4,MINOR ARTERIAL - NEW HPMS,2,Urban
902723,1,Complete,902723,902723,41.326688,-72.963552,3402852,New Haven,93,93,New Haven,1/31/2022,2022,1,January,31,2,Monday,15:01:00,15,22003133,A,2,,Motor Vehicle In Motion,"Injury of any type (Serious, Minor, Possible)",C,Possible Injury (C),0,0,3,State,6.45,243,243-E,243-E,243-W,,,,,41.326688,-72.963552,14,Motor Vehicle in Operation,3,Angle,1,On Roadway,1,Clear,88,Not Applicable,1,Daylight,1,Dry,0,None,88,Not Applicable,88,Not Applicable,0,None,88,Not Applicable,88,Not Applicable,2,Intersection,3,T-Intersection,1,No,1,No,88,Not Applicable,88,Not Applicable,88,Not Applicable,88,Not Applicable,FALSE,1,Public Road,1,"Trafficway, On Road",CT0009300,New Haven PD,74,37:48.0,C,Closed,01:09.0,,1,10500,4,MINOR ARTERIAL - NEW HPMS,1,Rural
903059,1,Complete,903059,903059,41.312438,-72.880208,3403188,New Haven,93,93,New Haven,1/20/2022,2022,1,January,20,5,Thursday,15:40:00,15,22001843,A,2,,Motor Vehicle In Motion,"Injury of any type (Serious, Minor, Possible)",C,Possible Injury (C),0,0,4,Local,1.56,498,QUINNIPIAC AV,QUINNIPIAC AV,,HEMINGWAY ST,300,Feet,S,41.312438,-72.880208,14,Motor Vehicle in Operation,6,Rear to side,1,On Roadway,1,Clear,88,Not Applicable,1,Daylight,1,Dry,0,None,88,Not Applicable,88,Not Applicable,0,None,88,Not Applicable,88,Not Applicable,1,Non-Junction,1,Not at Intersection,1,No,1,No,88,Not Applicable,88,Not Applicable,88,Not Applicable,88,Not Applicable,FALSE,1,Public Road,1,"Trafficway, On Road",CT0009300,New Haven PD,279,28:33.0,C,Closed,00:12.0,,,,,,,
903065,1,Complete,903065,903065,41.329553,-72.941467,3403194,New Haven,93,93,New Haven,2/2/2022,2022,2,February,2,4,Wednesday,12:57:00,12,22003336,A,1,,Tree (standing),"Injury of any type (Serious, Minor, Possible)",C,Possible Injury (C),0,0,4,Local,0.31,230,FOURNIER ST NO 1,FOURNIER ST NO 1,,CRESCENT ST,300,Feet,N,41.329553,-72.941467,32,Tree (standing),88,Not Applicable,1,On Roadway,1,Clear,88,Not Applicable,1,Daylight,1,Dry,0,None,88,Not Applicable,88,Not Applicable,0,None,88,Not Applicable,88,Not Applicable,1,Non-Junction,1,Not at Intersection,1,No,1,No,88,Not Applicable,88,Not Applicable,88,Not Applicable,88,Not Applicable,FALSE,1,Public Road,1,"Trafficway, On Road",CT0009300,New Haven PD,326,51:29.0,C,Closed,00:18.0,,2,6600,5,MAJOR COLLECTOR - NEW HPMS,2,Urban