CrashId,Fatal Case Status,Fatal Case Status Text Format,CrashId,CrashId,Latitude,Longitude,DOT Case Number,Town Name,Town Number,Town Number,Town Number Text Format,Date Of Crash,Year,Month,Month Text Format,Day,Day of the Week,Day of the Week Text Format,Time of Crash,Hour of the Day,Case Identifier,Crash Severity,Number Of Motor Vehicles,Motor vehicle action,Most harmful event,Crash Severity Text Format,Most Severe Injury,Most Severe Injury Text Format,Number Of Non-Motorist,Number Of Witnesses,Route Class,Route Class Text Format,Milemarker,Road Number,Road Description,Roadway Name,Intersecting Roadway Name,Landmark Description,Distance From Nearest Landmark,Unit Of Measure From Nearest Landmark,Direction From Nearest Landmark,Latitude,Longitude,First Harmful Event,First Harmful Event Text Format,Manner of Crash / Collision Impact,Manner of Crash / Collision Impact Text Format,Location of First Harmful Event,Location of First Harmful Event Text Format,Weather Condition,Weather Condition Text Format,Weather 2,Weather 2 Text Format,Light Condition,Light Condition Text Format,Road Surface Condition,Road Surface Condition Text Format,"Contributing Circumstances, Environment","Contributing Circumstances, Environment Text Format",Environment 2,Environment 2 Text Format,Environment 3,Environment 3 Text Format,"Contributing Circumstances, Road","Contributing Circumstances, Road Text Format",Road 2,Road 2 Text Format,Road 3,Road 3 Text Format,Crash Specific Location,Crash Specific Location Text Format,Type of Intersection,Type of Intersection Text Format,School Bus Related,School Bus Related Text Format,Work Zone Related,Work Zone Related Text Format,Location Of Crash Relative To Work Zone,Location Of Crash Relative To Work Zone Text Format,Type of Work Zone,Type of Work Zone Text Format,Worker Presence,Worker Presence Text Format,Law Enforcement Presence,Law Enforcement Presence Text Format,Were Vehicles Moved Prior To Police Arrival,Trafficway Ownership,Trafficway Ownership Text Format,Trafficway Class,Trafficway Class Text Format,Police Agency,Police Agency Text Format,Badge Number,Approval Date,Police Case Status,Police Case Status Text Format,Crash Report Submission Date,Related Case Identifiers,No. of Through Lanes (Log Dir.),Average Daily Traffic,Functional Classification,Functional Classification Text Format,Rural or Urban,Rural or Urban Text Format
903074,1,Complete,903074,903074,41.32073493,-72.9083272,3403203,New Haven,93,93,New Haven,2/2/2022,2022,2,February,2,4,Wednesday,18:12:00,18,22003374,A,1,,Pedestrian,"Injury of any type (Serious, Minor, Possible)",C,Possible Injury (C),1,0,4,Local,0.42,666,WILLOW ST,WILLOW ST,NICOLL ST,,,,,41.32073493,-72.9083272,9,Pedestrian,88,Not Applicable,1,On Roadway,1,Clear,88,Not Applicable,4,Dark-Lighted,2,Wet,3,Glare,88,Not Applicable,88,Not Applicable,0,None,88,Not Applicable,88,Not Applicable,2,Intersection,2,Four-Way Intersection,1,No,1,No,88,Not Applicable,88,Not Applicable,88,Not Applicable,88,Not Applicable,FALSE,1,Public Road,1,"Trafficway, On Road",CT0009300,New Haven PD,40801,36:54.0,C,Closed,00:17.0,,2,6500,4,MINOR ARTERIAL - NEW HPMS,2,Urban
903426,1,Complete,903426,903426,41.3062783,-72.9033781,3403555,New Haven,93,93,New Haven,2/3/2022,2022,2,February,3,5,Thursday,8:54:00,8,22003424,A,2,,Motor Vehicle In Motion,"Injury of any type (Serious, Minor, Possible)",C,Possible Injury (C),0,0,,,,,,JAMES ST,,,,,,41.3062783,-72.9033781,14,Motor Vehicle in Operation,1,Front to rear,7,In Parking Lane or Zone,4,Rain,88,Not Applicable,1,Daylight,2,Wet,0,None,88,Not Applicable,88,Not Applicable,0,None,88,Not Applicable,88,Not Applicable,1,Non-Junction,1,Not at Intersection,1,No,1,No,88,Not Applicable,88,Not Applicable,88,Not Applicable,88,Not Applicable,TRUE,2,Private Road,4,Parking Lot,CT0009300,New Haven PD,40812,03:46.0,C,Closed,01:28.0,,,,,,,
903428,1,Complete,903428,903428,41.298804,-72.944164,3403557,New Haven,93,93,New Haven,2/3/2022,2022,2,February,3,5,Thursday,11:59:00,11,22003436,A,2,,Motor Vehicle In Motion,"Injury of any type (Serious, Minor, Possible)",C,Possible Injury (C),0,0,4,Local,0.2,123,CONGRESS AV,CONGRESS AV,DOWNES ST,,,,,41.298804,-72.944164,14,Motor Vehicle in Operation,3,Angle,1,On Roadway,4,Rain,88,Not Applicable,1,Daylight,2,Wet,0,None,88,Not Applicable,88,Not Applicable,0,None,88,Not Applicable,88,Not Applicable,2,Intersection,3,T-Intersection,1,No,1,No,88,Not Applicable,88,Not Applicable,88,Not Applicable,88,Not Applicable,FALSE,1,Public Road,1,"Trafficway, On Road",CT0009300,New Haven PD,137,23:26.0,C,Closed,01:29.0,,,,,,,
903430,1,Complete,903430,903430,41.314595,-72.958985,3403559,New Haven,93,93,New Haven,2/3/2022,2022,2,February,3,5,Thursday,13:15:00,13,22003443,A,2,,Motor Vehicle In Motion,"Injury of any type (Serious, Minor, Possible)",C,Possible Injury (C),0,0,4,Local,3.61,97,CHAPEL ST,CHAPEL ST,YALE AV,,,,,41.314595,-72.958985,14,Motor Vehicle in Operation,3,Angle,1,On Roadway,4,Rain,88,Not Applicable,1,Daylight,2,Wet,0,None,88,Not Applicable,88,Not Applicable,0,None,88,Not Applicable,88,Not Applicable,2,Intersection,2,Four-Way Intersection,1,No,1,No,88,Not Applicable,88,Not Applicable,88,Not Applicable,88,Not Applicable,TRUE,1,Public Road,1,"Trafficway, On Road",CT0009300,New Haven PD,313,05:18.0,C,Closed,01:31.0,,,,,,,
903431,1,Complete,903431,903431,41.319387,-72.898658,3403560,New Haven,93,93,New Haven,2/3/2022,2022,2,February,3,5,Thursday,15:43:00,15,22003469,A,2,,Motor Vehicle In Motion,"Injury of any type (Serious, Minor, Possible)",C,Possible Injury (C),0,0,4,Local,0,213,FERRY ST,FERRY ST,5-N,,,,,41.319387,-72.898658,14,Motor Vehicle in Operation,1,Front to rear,1,On Roadway,1,Clear,88,Not Applicable,1,Daylight,2,Wet,0,None,88,Not Applicable,88,Not Applicable,0,None,88,Not Applicable,88,Not Applicable,2,Intersection,3,T-Intersection,1,No,1,No,88,Not Applicable,88,Not Applicable,88,Not Applicable,88,Not Applicable,FALSE,1,Public Road,1,"Trafficway, On Road",CT0009300,New Haven PD,42052,41:33.0,C,Closed,01:32.0,,,,,,,
903867,1,Complete,903867,903867,41.293547,-72.897734,3403996,New Haven,93,93,New Haven,1/31/2022,2022,1,January,31,2,Monday,8:30:00,8,22003077,A,2,,Motor Vehicle In Motion,"Injury of any type (Serious, Minor, Possible)",C,Possible Injury (C),0,0,2,USRoute,49.82,1,1-N,1-N,FULTON TER,,,,,41.293547,-72.897734,14,Motor Vehicle in Operation,3,Angle,1,On Roadway,1,Clear,88,Not Applicable,1,Daylight,8,"Mud, Dirt, Gravel",3,Glare,88,Not Applicable,88,Not Applicable,0,None,88,Not Applicable,88,Not Applicable,2,Intersection,2,Four-Way Intersection,1,No,1,No,88,Not Applicable,88,Not Applicable,88,Not Applicable,88,Not Applicable,FALSE,1,Public Road,1,"Trafficway, On Road",CT0009300,New Haven PD,322,09:38.0,C,Closed,00:28.0,,2,9400,3,PRINCIPAL ARTERIAL - OTHER - NEW HPMS,2,Urban
903871,1,Complete,903871,903871,41.290856,-72.941451,3404000,New Haven,93,93,New Haven,2/1/2022,2022,2,February,1,3,Tuesday,10:00:00,10,22003213,A,2,,Motor Vehicle In Motion,"Injury of any type (Serious, Minor, Possible)",C,Possible Injury (C),0,0,3,State,0.88,10,10-N,10-N,WASHINGTON AV NO 1,,,,,41.290856,-72.941451,14,Motor Vehicle in Operation,3,Angle,1,On Roadway,1,Clear,88,Not Applicable,1,Daylight,1,Dry,0,None,88,Not Applicable,88,Not Applicable,0,None,88,Not Applicable,0,None,2,Intersection,2,Four-Way Intersection,1,No,1,No,88,Not Applicable,88,Not Applicable,88,Not Applicable,88,Not Applicable,TRUE,1,Public Road,1,"Trafficway, On Road",CT0009300,New Haven PD,295,54:12.0,C,Closed,00:20.0,,2,18000,3,PRINCIPAL ARTERIAL - OTHER - NEW HPMS,2,Urban
903872,1,Complete,903872,903872,41.296988,-72.94836,3404001,New Haven,93,93,New Haven,2/1/2022,2022,2,February,1,3,Tuesday,22:39:00,22,22003288,A,2,,Motor Vehicle In Motion,"Injury of any type (Serious, Minor, Possible)",B,Suspected Minor Injury (B),0,0,3,State,1.43,10,10-N,10-N,,COLUMBUS AVE,200,Feet,S,41.296988,-72.94836,14,Motor Vehicle in Operation,2,Front to front,1,On Roadway,1,Clear,88,Not Applicable,4,Dark-Lighted,1,Dry,0,None,88,Not Applicable,88,Not Applicable,0,None,88,Not Applicable,88,Not Applicable,3,Intersection-Related,2,Four-Way Intersection,1,No,1,No,88,Not Applicable,88,Not Applicable,88,Not Applicable,88,Not Applicable,FALSE,1,Public Road,1,"Trafficway, On Road",CT0009300,New Haven PD,42366,48:00.0,C,Closed,00:31.0,,2,20300,3,PRINCIPAL ARTERIAL - OTHER - NEW HPMS,2,Urban
903873,1,Complete,903873,903873,41.306961,-72.926725,3404002,New Haven,93,93,New Haven,2/2/2022,2022,2,February,2,4,Wednesday,15:41:00,15,22003353,A,1,,Pedestrian,"Injury of any type (Serious, Minor, Possible)",C,Possible Injury (C),1,1,4,Local,0.54,588,TEMPLE ST,TEMPLE ST,,CHAPEL ST,125,Feet,N,41.306961,-72.926725,9,Pedestrian,88,Not Applicable,1,On Roadway,2,Cloudy,88,Not Applicable,1,Daylight,2,Wet,0,None,88,Not Applicable,88,Not Applicable,0,None,88,Not Applicable,88,Not Applicable,1,Non-Junction,1,Not at Intersection,1,No,1,No,88,Not Applicable,88,Not Applicable,88,Not Applicable,88,Not Applicable,TRUE,1,Public Road,1,"Trafficway, On Road",CT0009300,New Haven PD,97,12:31.0,C,Closed,00:22.0,,1,5200,3,PRINCIPAL ARTERIAL - OTHER - NEW HPMS,2,Urban
903879,1,Complete,903879,903879,41.314399,-72.935712,3404008,New Haven,93,93,New Haven,2/3/2022,2022,2,February,3,5,Thursday,18:24:00,18,22003491,A,1,,Pedestrian,"Injury of any type (Serious, Minor, Possible)",B,Suspected Minor Injury (B),2,0,4,Local,0.76,653,WHALLEY AV,WHALLEY AV,SPERRY ST,,,,,41.314399,-72.935712,9,Pedestrian,88,Not Applicable,1,On Roadway,4,Rain,88,Not Applicable,4,Dark-Lighted,2,Wet,0,None,88,Not Applicable,88,Not Applicable,0,None,88,Not Applicable,88,Not Applicable,2,Intersection,3,T-Intersection,1,No,1,No,88,Not Applicable,88,Not Applicable,88,Not Applicable,88,Not Applicable,FALSE,1,Public Road,1,"Trafficway, On Road",CT0009300,New Haven PD,40812,16:23.0,C,Closed,00:29.0,,4,21100,3,PRINCIPAL ARTERIAL - OTHER - NEW HPMS,2,Urban
903882,1,Complete,903882,903882,41.320948,-72.936033,3404011,New Haven,93,93,New Haven,2/3/2022,2022,2,February,3,5,Thursday,18:41:00,18,22003494,A,1,,Pedestrian,"Injury of any type (Serious, Minor, Possible)",B,Suspected Minor Injury (B),1,2,4,Local,1.42,453,ORCHARD ST,ORCHARD ST,HENRY ST,,,,,41.320948,-72.936033,9,Pedestrian,88,Not Applicable,1,On Roadway,4,Rain,88,Not Applicable,4,Dark-Lighted,2,Wet,99,Unknown,88,Not Applicable,88,Not Applicable,99,Unknown,88,Not Applicable,88,Not Applicable,2,Intersection,2,Four-Way Intersection,1,No,1,No,88,Not Applicable,88,Not Applicable,88,Not Applicable,88,Not Applicable,TRUE,1,Public Road,1,"Trafficway, On Road",CT0009300,New Haven PD,42042,21:36.0,C,Closed,00:28.0,,2,4200,4,MINOR ARTERIAL - NEW HPMS,2,Urban
903887,1,Complete,903887,903887,41.300332,-72.890152,3404016,New Haven,93,93,New Haven,2/4/2022,2022,2,February,4,6,Friday,1:11:00,1,22003522,A,1,,Other Traffic Barrier,"Injury of any type (Serious, Minor, Possible)",C,Possible Injury (C),0,0,4,Local,0.54,498,QUINNIPIAC AV,QUINNIPIAC AV,,E FERRY ST,20,Feet,N,41.300332,-72.890152,31,Other Traffic Barrier,88,Not Applicable,1,On Roadway,4,Rain,88,Not Applicable,4,Dark-Lighted,2,Wet,99,Unknown,88,Not Applicable,88,Not Applicable,99,Unknown,88,Not Applicable,88,Not Applicable,1,Non-Junction,1,Not at Intersection,1,No,1,No,88,Not Applicable,88,Not Applicable,88,Not Applicable,88,Not Applicable,FALSE,1,Public Road,1,"Trafficway, On Road",CT0009300,New Haven PD,40792,48:49.0,C,Closed,00:22.0,,2,6400,4,MINOR ARTERIAL - NEW HPMS,2,Urban
903892,1,Complete,903892,903892,41.314871,-72.94935,3404021,New Haven,93,93,New Haven,2/4/2022,2022,2,February,4,6,Friday,16:20:00,16,22003572,A,2,,Motor Vehicle In Motion,"Injury of any type (Serious, Minor, Possible)",C,Possible Injury (C),0,0,4,Local,1.15,179,EDGEWOOD AV,EDGEWOOD AV,ELLSWORTH AV,,,,,41.314871,-72.94935,14,Motor Vehicle in Operation,97,Other,1,On Roadway,4,Rain,88,Not Applicable,1,Daylight,2,Wet,0,None,88,Not Applicable,88,Not Applicable,0,None,88,Not Applicable,88,Not Applicable,2,Intersection,2,Four-Way Intersection,1,No,1,No,88,Not Applicable,88,Not Applicable,88,Not Applicable,88,Not Applicable,FALSE,1,Public Road,1,"Trafficway, On Road",CT0009300,New Haven PD,40951,21:09.0,C,Closed,00:30.0,,,,,,,
903893,1,Complete,903893,903893,41.305877,-72.93352,3404022,New Haven,93,93,New Haven,2/4/2022,2022,2,February,4,6,Friday,14:22:00,14,22003575,A,2,,Motor Vehicle In Motion,"Injury of any type (Serious, Minor, Possible)",C,Possible Injury (C),0,0,4,Local,0.24,766,YORK ST,YORK ST,,N FRONTAGE RD,20,Feet,S,41.305877,-72.93352,14,Motor Vehicle in Operation,1,Front to rear,1,On Roadway,4,Rain,88,Not Applicable,1,Daylight,2,Wet,0,None,88,Not Applicable,88,Not Applicable,0,None,88,Not Applicable,88,Not Applicable,1,Non-Junction,1,Not at Intersection,1,No,1,No,88,Not Applicable,88,Not Applicable,88,Not Applicable,88,Not Applicable,FALSE,1,Public Road,1,"Trafficway, On Road",CT0009300,New Haven PD,40808,29:02.0,C,Closed,00:46.0,,,,,,,
903894,1,Complete,903894,903894,41.317893,-72.945812,3404023,New Haven,93,93,New Haven,2/4/2022,2022,2,February,4,6,Friday,17:34:00,17,22003582,A,3,,Motor Vehicle In Motion,"Injury of any type (Serious, Minor, Possible)",C,Possible Injury (C),0,0,4,Local,0.18,653,WHALLEY AV,WHALLEY AV,,WINTHROP AVE,120,Feet,W,41.317893,-72.945812,14,Motor Vehicle in Operation,1,Front to rear,1,On Roadway,4,Rain,88,Not Applicable,4,Dark-Lighted,2,Wet,0,None,88,Not Applicable,88,Not Applicable,0,None,88,Not Applicable,88,Not Applicable,1,Non-Junction,1,Not at Intersection,1,No,1,No,88,Not Applicable,88,Not Applicable,88,Not Applicable,88,Not Applicable,FALSE,1,Public Road,1,"Trafficway, On Road",CT0009300,New Haven PD,40821,05:49.0,C,Closed,00:34.0,,,,,,,
903896,1,Complete,903896,903896,41.30723,-72.895127,3404025,New Haven,93,93,New Haven,2/4/2022,2022,2,February,4,6,Friday,19:02:00,19,22003596,A,1,,Pedestrian,"Injury of any type (Serious, Minor, Possible)",C,Possible Injury (C),1,0,4,Local,0.87,213,FERRY ST,FERRY ST,,EXCHANGE ST,25,Feet,S,41.30723,-72.895127,9,Pedestrian,88,Not Applicable,1,On Roadway,4,Rain,88,Not Applicable,4,Dark-Lighted,2,Wet,0,None,88,Not Applicable,88,Not Applicable,0,None,88,Not Applicable,88,Not Applicable,11,Through Roadway,1,Not at Intersection,1,No,1,No,88,Not Applicable,88,Not Applicable,88,Not Applicable,88,Not Applicable,FALSE,1,Public Road,1,"Trafficway, On Road",CT0009300,New Haven PD,150,35:30.0,O,Open,00:32.0,,4,13500,4,MINOR ARTERIAL - NEW HPMS,2,Urban
903899,1,Complete,903899,903899,41.30563,-72.936038,3404028,New Haven,93,93,New Haven,2/5/2022,2022,2,February,5,7,Saturday,6:53:00,6,22003624,A,2,,Motor Vehicle In Motion,"Injury of any type (Serious, Minor, Possible)",C,Possible Injury (C),0,1,4,Local,0.08,565,SOUTH FRONTAGE RD-RT 34,SOUTH FRONTAGE RD-RT 34,PARK ST,,,,,41.30563,-72.936038,14,Motor Vehicle in Operation,3,Angle,1,On Roadway,1,Clear,88,Not Applicable,1,Daylight,1,Dry,0,None,88,Not Applicable,88,Not Applicable,0,None,88,Not Applicable,88,Not Applicable,2,Intersection,2,Four-Way Intersection,1,No,1,No,88,Not Applicable,88,Not Applicable,88,Not Applicable,88,Not Applicable,FALSE,1,Public Road,1,"Trafficway, On Road",CT0009300,New Haven PD,38715,41:09.0,C,Closed,00:43.0,22-003624,,,,,,
903908,1,Complete,903908,903908,41.292558,-72.898638,3404037,New Haven,93,93,New Haven,2/6/2022,2022,2,February,6,1,Sunday,12:18:00,12,22003727,A,2,,Motor Vehicle In Motion,"Injury of any type (Serious, Minor, Possible)",C,Possible Injury (C),0,0,4,Local,0.08,243,FULTON TER,FULTON TER,KENDALL ST,,,,,41.292558,-72.898638,14,Motor Vehicle in Operation,5,"Sideswipe, opposite direction",1,On Roadway,1,Clear,1,Clear,1,Daylight,1,Dry,0,None,88,Not Applicable,88,Not Applicable,0,None,88,Not Applicable,88,Not Applicable,2,Intersection,2,Four-Way Intersection,1,No,1,No,88,Not Applicable,88,Not Applicable,88,Not Applicable,88,Not Applicable,FALSE,1,Public Road,1,"Trafficway, On Road",CT0009300,New Haven PD,351,24:13.0,C,Closed,00:44.0,,,,,,,
903910,1,Complete,903910,903910,41.300909,-72.892252,3404039,New Haven,93,93,New Haven,2/6/2022,2022,2,February,6,1,Sunday,15:35:00,15,22003736,A,1,,Utility Pole,"Injury of any type (Serious, Minor, Possible)",B,Suspected Minor Injury (B),0,0,4,Local,0.2,795,EAST FERRY ST,EAST FERRY ST,FAIRMONT AV,,,,,41.300909,-72.892252,33,Utility Pole/Light Support,88,Not Applicable,1,On Roadway,1,Clear,88,Not Applicable,1,Daylight,1,Dry,0,None,88,Not Applicable,88,Not Applicable,0,None,88,Not Applicable,88,Not Applicable,3,Intersection-Related,2,Four-Way Intersection,1,No,1,No,88,Not Applicable,88,Not Applicable,88,Not Applicable,88,Not Applicable,FALSE,1,Public Road,1,"Trafficway, On Road",CT0009300,New Haven PD,409,07:48.0,C,Closed,00:48.0,,2,11400,4,MINOR ARTERIAL - NEW HPMS,2,Urban
903913,1,Complete,903913,903913,41.319344,-72.904843,3404042,New Haven,93,93,New Haven,2/6/2022,2022,2,February,6,1,Sunday,19:30:00,19,22003755,A,2,,Motor Vehicle In Motion,"Injury of any type (Serious, Minor, Possible)",C,Possible Injury (C),0,0,1,Interstate,0,91,91-S-139,91-S-139,WILLOW ST,,,,,41.319344,-72.904843,14,Motor Vehicle in Operation,3,Angle,1,On Roadway,1,Clear,88,Not Applicable,4,Dark-Lighted,1,Dry,99,Unknown,88,Not Applicable,88,Not Applicable,0,None,88,Not Applicable,88,Not Applicable,2,Intersection,3,T-Intersection,1,No,1,No,88,Not Applicable,88,Not Applicable,88,Not Applicable,88,Not Applicable,FALSE,1,Public Road,1,"Trafficway, On Road",CT0009300,New Haven PD,42042,15:09.0,C,Closed,00:49.0,,2,28800,1,INTERSTATE - NEW HPMS,2,Urban
904514,1,Complete,904514,904514,41.320591,-72.941271,3404643,New Haven,93,93,New Haven,2/5/2022,2022,2,February,5,7,Saturday,12:47:00,12,22003649,A,2,,Motor Vehicle In Motion,"Injury of any type (Serious, Minor, Possible)",C,Possible Injury (C),0,0,4,Local,0.55,258,GOFFE TER,GOFFE TER,CRESCENT ST,,,,,41.320591,-72.941271,14,Motor Vehicle in Operation,3,Angle,1,On Roadway,1,Clear,88,Not Applicable,1,Daylight,1,Dry,0,None,88,Not Applicable,88,Not Applicable,0,None,88,Not Applicable,88,Not Applicable,2,Intersection,2,Four-Way Intersection,1,No,1,No,88,Not Applicable,88,Not Applicable,88,Not Applicable,88,Not Applicable,FALSE,1,Public Road,1,"Trafficway, On Road",CT0009300,New Haven PD,156,08:11.0,C,Closed,01:29.0,,,,,,,
904515,1,Complete,904515,904515,41.29089,-72.941313,3404644,New Haven,93,93,New Haven,2/5/2022,2022,2,February,5,7,Saturday,19:20:00,19,22003682,A,1,,Pedestrian,"Injury of any type (Serious, Minor, Possible)",A,Suspected Serious Injury (A),1,1,3,State,0.88,10,10-N,10-N,WASHINGTON AV NO 1,,,,,41.29089,-72.941313,9,Pedestrian,88,Not Applicable,1,On Roadway,1,Clear,88,Not Applicable,5,Dark-Not Lighted,5,Ice / Frost,99,Unknown,88,Not Applicable,88,Not Applicable,9,"Worn, Travel-Polished Surface",88,Not Applicable,88,Not Applicable,2,Intersection,2,Four-Way Intersection,1,No,1,No,88,Not Applicable,88,Not Applicable,88,Not Applicable,88,Not Applicable,FALSE,1,Public Road,1,"Trafficway, On Road",CT0009300,New Haven PD,428,31:17.0,O,Open,01:32.0,,4,20200,3,PRINCIPAL ARTERIAL - OTHER - NEW HPMS,2,Urban
904802,1,Complete,904802,904802,41.326041,-72.935164,3404931,New Haven,93,93,New Haven,2/5/2022,2022,2,February,5,7,Saturday,10:51:00,10,22003640,A,2,,Motor Vehicle In Motion,"Injury of any type (Serious, Minor, Possible)",B,Suspected Minor Injury (B),0,0,4,Local,0.93,152,DIXWELL AV,DIXWELL AV,GIBBS ST,,,,,41.326041,-72.935164,14,Motor Vehicle in Operation,1,Front to rear,1,On Roadway,1,Clear,88,Not Applicable,1,Daylight,1,Dry,0,None,88,Not Applicable,88,Not Applicable,0,None,88,Not Applicable,88,Not Applicable,2,Intersection,3,T-Intersection,1,No,1,No,88,Not Applicable,88,Not Applicable,88,Not Applicable,88,Not Applicable,FALSE,1,Public Road,1,"Trafficway, On Road",CT0009300,New Haven PD,87,48:29.0,C,Closed,00:37.0,,,,,,,
904803,1,Complete,904803,904803,41.330997,-72.937933,3404932,New Haven,93,93,New Haven,2/7/2022,2022,2,February,7,2,Monday,6:03:00,6,22003782,A,6,,Parked Vehicle,"Injury of any type (Serious, Minor, Possible)",A,Suspected Serious Injury (A),0,0,4,Local,0.83,557,SHERMAN PKWY,SHERMAN PKWY,,W IVY ST,50,Feet,N,41.330997,-72.937933,14,Motor Vehicle in Operation,3,Angle,1,On Roadway,1,Clear,88,Not Applicable,4,Dark-Lighted,1,Dry,0,None,88,Not Applicable,88,Not Applicable,0,None,88,Not Applicable,88,Not Applicable,1,Non-Junction,1,Not at Intersection,1,No,1,No,88,Not Applicable,88,Not Applicable,88,Not Applicable,88,Not Applicable,FALSE,1,Public Road,1,"Trafficway, On Road",CT0009300,New Haven PD,41103,02:01.0,C,Closed,00:33.0,,,,,,,
904810,1,Complete,904810,904810,41.30136,-72.9353,3404939,New Haven,93,93,New Haven,2/8/2022,2022,2,February,8,3,Tuesday,8:35:00,8,22003912,A,2,,Motor Vehicle In Motion,"Injury of any type (Serious, Minor, Possible)",C,Possible Injury (C),0,0,4,Local,0.35,308,HOWARD AV,HOWARD AV,CONGRESS AV,,,,,41.30136,-72.9353,14,Motor Vehicle in Operation,1,Front to rear,1,On Roadway,1,Clear,88,Not Applicable,1,Daylight,2,Wet,0,None,88,Not Applicable,88,Not Applicable,0,None,88,Not Applicable,88,Not Applicable,2,Intersection,2,Four-Way Intersection,1,No,1,No,88,Not Applicable,88,Not Applicable,88,Not Applicable,88,Not Applicable,TRUE,1,Public Road,1,"Trafficway, On Road",CT0009300,New Haven PD,251,32:54.0,C,Closed,00:35.0,,,,,,,
904812,1,Complete,904812,904812,41.3036826,-72.9025352,3404941,New Haven,93,93,New Haven,2/8/2022,2022,2,February,8,3,Tuesday,8:44:00,8,22003916,A,2,,Motor Vehicle In Motion,"Injury of any type (Serious, Minor, Possible)",C,Possible Injury (C),0,0,4,Local,0.88,327,JAMES ST,JAMES ST,CHAPEL ST,,,,,41.3036826,-72.9025352,14,Motor Vehicle in Operation,1,Front to rear,1,On Roadway,1,Clear,88,Not Applicable,1,Daylight,2,Wet,0,None,88,Not Applicable,88,Not Applicable,0,None,88,Not Applicable,88,Not Applicable,2,Intersection,2,Four-Way Intersection,1,No,1,No,88,Not Applicable,88,Not Applicable,88,Not Applicable,88,Not Applicable,FALSE,1,Public Road,1,"Trafficway, On Road",CT0009300,New Haven PD,120,28:31.0,C,Closed,00:36.0,,,,,,,
904814,1,Complete,904814,904814,41.300553,-72.943144,3404943,New Haven,93,93,New Haven,2/8/2022,2022,2,February,8,3,Tuesday,20:38:00,20,22003998,A,2,,Motor Vehicle In Motion,"Injury of any type (Serious, Minor, Possible)",C,Possible Injury (C),0,0,4,Local,0.31,141,DAVENPORT AV,DAVENPORT AV,WINTHROP AV NO 1,,,,,41.300553,-72.943144,14,Motor Vehicle in Operation,97,Other,1,On Roadway,1,Clear,88,Not Applicable,4,Dark-Lighted,1,Dry,0,None,88,Not Applicable,88,Not Applicable,0,None,88,Not Applicable,88,Not Applicable,2,Intersection,3,T-Intersection,1,No,1,No,88,Not Applicable,88,Not Applicable,88,Not Applicable,88,Not Applicable,FALSE,1,Public Road,1,"Trafficway, On Road",CT0009300,New Haven PD,40811,39:12.0,C,Closed,00:41.0,,,,,,,
907050,1,Complete,907050,907050,41.314144,-72.93994,3405193,New Haven,93,93,New Haven,2/3/2022,2022,2,February,3,5,Thursday,19:35:00,19,22003363,A,2,,Motor Vehicle In Motion,"Injury of any type (Serious, Minor, Possible)",C,Possible Injury (C),0,0,4,Local,0.9,453,ORCHARD ST,ORCHARD ST,ELM ST NO 1,,,,,41.314144,-72.93994,14,Motor Vehicle in Operation,1,Front to rear,1,On Roadway,1,Clear,88,Not Applicable,2,Dawn,2,Wet,0,None,88,Not Applicable,88,Not Applicable,0,None,88,Not Applicable,88,Not Applicable,2,Intersection,2,Four-Way Intersection,1,No,1,No,88,Not Applicable,88,Not Applicable,88,Not Applicable,88,Not Applicable,FALSE,1,Public Road,1,"Trafficway, On Road",CT0009300,New Haven PD,42051,39:53.0,C,Closed,01:45.0,,,,,,,
907057,1,Complete,907057,907057,41.310119,-72.953437,3405200,New Haven,93,93,New Haven,2/9/2022,2022,2,February,9,4,Wednesday,7:12:00,7,22004027,A,2,,Motor Vehicle In Motion,"Injury of any type (Serious, Minor, Possible)",C,Possible Injury (C),0,0,3,State,2.38,10,10-N,10-N,DERBY AV,,,,,41.310119,-72.953437,14,Motor Vehicle in Operation,3,Angle,1,On Roadway,1,Clear,88,Not Applicable,1,Daylight,1,Dry,99,Unknown,88,Not Applicable,88,Not Applicable,0,None,88,Not Applicable,88,Not Applicable,2,Intersection,2,Four-Way Intersection,1,No,1,No,88,Not Applicable,88,Not Applicable,88,Not Applicable,88,Not Applicable,FALSE,1,Public Road,1,"Trafficway, On Road",CT0009300,New Haven PD,91,02:34.0,C,Closed,01:43.0,,2,33300,3,PRINCIPAL ARTERIAL - OTHER - NEW HPMS,2,Urban
907061,1,Complete,907061,907061,41.282506,-72.938057,3405204,New Haven,93,93,New Haven,2/9/2022,2022,2,February,9,4,Wednesday,12:06:00,12,22004050,A,2,,Motor Vehicle In Motion,"Injury of any type (Serious, Minor, Possible)",C,Possible Injury (C),0,0,3,State,0,10,10-N,10-N,745-E,,,,,41.282506,-72.938057,14,Motor Vehicle in Operation,3,Angle,1,On Roadway,4,Rain,88,Not Applicable,1,Daylight,2,Wet,0,None,88,Not Applicable,88,Not Applicable,0,None,88,Not Applicable,88,Not Applicable,2,Intersection,2,Four-Way Intersection,1,No,1,No,88,Not Applicable,88,Not Applicable,88,Not Applicable,88,Not Applicable,TRUE,1,Public Road,1,"Trafficway, On Road",CT0009300,New Haven PD,295,03:06.0,C,Closed,01:44.0,,2,15100,3,PRINCIPAL ARTERIAL - OTHER - NEW HPMS,1,Rural