CrashId,Fatal Case Status,Fatal Case Status Text Format,CrashId,CrashId,Latitude,Longitude,DOT Case Number,Town Name,Town Number,Town Number,Town Number Text Format,Date Of Crash,Year,Month,Month Text Format,Day,Day of the Week,Day of the Week Text Format,Time of Crash,Hour of the Day,Case Identifier,Crash Severity,Number Of Motor Vehicles,Motor vehicle action,Most harmful event,Crash Severity Text Format,Most Severe Injury,Most Severe Injury Text Format,Number Of Non-Motorist,Number Of Witnesses,Route Class,Route Class Text Format,Milemarker,Road Number,Road Description,Roadway Name,Intersecting Roadway Name,Landmark Description,Distance From Nearest Landmark,Unit Of Measure From Nearest Landmark,Direction From Nearest Landmark,Latitude,Longitude,First Harmful Event,First Harmful Event Text Format,Manner of Crash / Collision Impact,Manner of Crash / Collision Impact Text Format,Location of First Harmful Event,Location of First Harmful Event Text Format,Weather Condition,Weather Condition Text Format,Weather 2,Weather 2 Text Format,Light Condition,Light Condition Text Format,Road Surface Condition,Road Surface Condition Text Format,"Contributing Circumstances, Environment","Contributing Circumstances, Environment Text Format",Environment 2,Environment 2 Text Format,Environment 3,Environment 3 Text Format,"Contributing Circumstances, Road","Contributing Circumstances, Road Text Format",Road 2,Road 2 Text Format,Road 3,Road 3 Text Format,Crash Specific Location,Crash Specific Location Text Format,Type of Intersection,Type of Intersection Text Format,School Bus Related,School Bus Related Text Format,Work Zone Related,Work Zone Related Text Format,Location Of Crash Relative To Work Zone,Location Of Crash Relative To Work Zone Text Format,Type of Work Zone,Type of Work Zone Text Format,Worker Presence,Worker Presence Text Format,Law Enforcement Presence,Law Enforcement Presence Text Format,Were Vehicles Moved Prior To Police Arrival,Trafficway Ownership,Trafficway Ownership Text Format,Trafficway Class,Trafficway Class Text Format,Police Agency,Police Agency Text Format,Badge Number,Approval Date,Police Case Status,Police Case Status Text Format,Crash Report Submission Date,Related Case Identifiers,No. of Through Lanes (Log Dir.),Average Daily Traffic,Functional Classification,Functional Classification Text Format,Rural or Urban,Rural or Urban Text Format
911433,1,Complete,911433,911433,41.30836,-72.924386,3409573,New Haven,93,93,New Haven,2/24/2022,2022,2,February,24,5,Thursday,20:45:00,20,22005851,A,2,,Motor Vehicle In Motion,"Injury of any type (Serious, Minor, Possible)",C,Possible Injury (C),0,0,4,Local,0.34,103,ELM ST NO 2,ELM ST NO 2,CHURCH ST,,,,,41.30836,-72.924386,14,Motor Vehicle in Operation,1,Front to rear,1,On Roadway,1,Clear,88,Not Applicable,6,Dark-Unknown Lighting,1,Dry,0,None,88,Not Applicable,88,Not Applicable,0,None,88,Not Applicable,88,Not Applicable,2,Intersection,2,Four-Way Intersection,1,No,1,No,88,Not Applicable,88,Not Applicable,88,Not Applicable,88,Not Applicable,FALSE,1,Public Road,1,"Trafficway, On Road",CT0009300,New Haven PD,416,48:33.0,C,Closed,01:39.0,,,,,,,
911798,1,Complete,911798,911798,41.292188,-72.932675,3409938,New Haven,93,93,New Haven,2/8/2022,2022,2,February,8,3,Tuesday,15:18:00,15,22003960,A,2,,Traffic Signal Support,"Injury of any type (Serious, Minor, Possible)",C,Possible Injury (C),0,0,4,Local,1,308,HOWARD AV,HOWARD AV,KIMBERLY AV,,,,,41.292188,-72.932675,14,Motor Vehicle in Operation,1,Front to rear,1,On Roadway,1,Clear,88,Not Applicable,1,Daylight,1,Dry,0,None,88,Not Applicable,88,Not Applicable,0,None,88,Not Applicable,88,Not Applicable,2,Intersection,3,T-Intersection,1,No,1,No,88,Not Applicable,88,Not Applicable,88,Not Applicable,88,Not Applicable,FALSE,1,Public Road,1,"Trafficway, On Road",CT0009300,New Haven PD,204,34:20.0,C,Closed,00:22.0,,,,,,,
911799,1,Complete,911799,911799,41.309603,-72.945275,3409939,New Haven,93,93,New Haven,2/11/2022,2022,2,February,11,6,Friday,20:16:00,20,22004351,A,2,,Motor Vehicle In Motion,"Injury of any type (Serious, Minor, Possible)",C,Possible Injury (C),0,0,4,Local,0.27,556,SHERMAN AV,SHERMAN AV,,GEORGE ST,50,Feet,S,41.309603,-72.945275,14,Motor Vehicle in Operation,1,Front to rear,1,On Roadway,1,Clear,88,Not Applicable,4,Dark-Lighted,1,Dry,0,None,88,Not Applicable,88,Not Applicable,0,None,88,Not Applicable,88,Not Applicable,1,Non-Junction,1,Not at Intersection,1,No,1,No,88,Not Applicable,88,Not Applicable,88,Not Applicable,88,Not Applicable,FALSE,1,Public Road,1,"Trafficway, On Road",CT0009300,New Haven PD,39,16:56.0,C,Closed,00:33.0,22004351,,,,,,
911805,1,Complete,911805,911805,41.299088,-72.934586,3409945,New Haven,93,93,New Haven,2/21/2022,2022,2,February,21,2,Monday,20:30:00,20,22005502,A,2,,Motor Vehicle In Motion,"Injury of any type (Serious, Minor, Possible)",C,Possible Injury (C),0,0,4,Local,0.52,308,HOWARD AV,HOWARD AV,,WASHINGTON AVE,100,Feet,S,41.299088,-72.934586,14,Motor Vehicle in Operation,1,Front to rear,1,On Roadway,1,Clear,88,Not Applicable,4,Dark-Lighted,1,Dry,0,None,88,Not Applicable,88,Not Applicable,0,None,88,Not Applicable,88,Not Applicable,1,Non-Junction,1,Not at Intersection,1,No,1,No,88,Not Applicable,88,Not Applicable,88,Not Applicable,88,Not Applicable,FALSE,1,Public Road,1,"Trafficway, On Road",CT0009300,New Haven PD,428,48:50.0,C,Closed,00:42.0,,,,,,,
911806,1,Complete,911806,911806,41.319369,-72.898678,3409946,New Haven,93,93,New Haven,2/21/2022,2022,2,February,21,2,Monday,21:30:00,21,22005514,A,4,,Separation of Units,"Injury of any type (Serious, Minor, Possible)",C,Possible Injury (C),0,0,4,Local,0,213,FERRY ST,FERRY ST,5-N,,,,,41.319369,-72.898678,14,Motor Vehicle in Operation,4,"Sideswipe, same direction",1,On Roadway,1,Clear,88,Not Applicable,3,Dusk,1,Dry,0,None,88,Not Applicable,88,Not Applicable,0,None,88,Not Applicable,88,Not Applicable,3,Intersection-Related,2,Four-Way Intersection,1,No,1,No,88,Not Applicable,88,Not Applicable,88,Not Applicable,88,Not Applicable,FALSE,1,Public Road,1,"Trafficway, On Road",CT0009300,New Haven PD,991,58:13.0,C,Closed,00:29.0,,,,,,,
911808,1,Complete,911808,911808,41.294237,-72.933254,3409948,New Haven,93,93,New Haven,2/22/2022,2022,2,February,22,3,Tuesday,12:42:00,12,22005570,A,2,,Motor Vehicle In Motion,"Injury of any type (Serious, Minor, Possible)",C,Possible Injury (C),0,0,4,Local,0.85,308,HOWARD AV,HOWARD AV,SPRING ST,,,,,41.294237,-72.933254,14,Motor Vehicle in Operation,3,Angle,1,On Roadway,1,Clear,88,Not Applicable,1,Daylight,1,Dry,0,None,88,Not Applicable,88,Not Applicable,0,None,88,Not Applicable,88,Not Applicable,2,Intersection,2,Four-Way Intersection,1,No,1,No,88,Not Applicable,88,Not Applicable,88,Not Applicable,88,Not Applicable,FALSE,1,Public Road,1,"Trafficway, On Road",CT0009300,New Haven PD,281,42:07.0,C,Closed,00:28.0,,,,,,,
911826,1,Complete,911826,911826,41.305407,-72.924195,3409966,New Haven,93,93,New Haven,2/26/2022,2022,2,February,26,7,Saturday,10:38:00,10,22005970,A,2,,Motor Vehicle In Motion,"Injury of any type (Serious, Minor, Possible)",C,Possible Injury (C),0,0,4,Local,1.67,97,CHAPEL ST,CHAPEL ST,,ORANGE ST,10,Feet,E,41.305407,-72.924195,14,Motor Vehicle in Operation,4,"Sideswipe, same direction",1,On Roadway,1,Clear,88,Not Applicable,1,Daylight,1,Dry,0,None,88,Not Applicable,88,Not Applicable,0,None,88,Not Applicable,88,Not Applicable,3,Intersection-Related,2,Four-Way Intersection,1,No,1,No,88,Not Applicable,88,Not Applicable,88,Not Applicable,88,Not Applicable,FALSE,1,Public Road,1,"Trafficway, On Road",CT0009300,New Haven PD,221,12:12.0,C,Closed,00:37.0,,,,,,,
911828,1,Complete,911828,911828,41.31172,-72.92558,3409968,New Haven,93,93,New Haven,2/26/2022,2022,2,February,26,7,Saturday,12:33:00,12,22005983,A,2,,Motor Vehicle In Motion,"Injury of any type (Serious, Minor, Possible)",C,Possible Injury (C),0,0,4,Local,0.36,271,GROVE ST,GROVE ST,PROSPECT ST,,,,,41.31172,-72.92558,14,Motor Vehicle in Operation,1,Front to rear,1,On Roadway,1,Clear,88,Not Applicable,1,Daylight,1,Dry,0,None,88,Not Applicable,88,Not Applicable,0,None,88,Not Applicable,88,Not Applicable,2,Intersection,2,Four-Way Intersection,1,No,1,No,88,Not Applicable,88,Not Applicable,88,Not Applicable,88,Not Applicable,FALSE,1,Public Road,1,"Trafficway, On Road",CT0009300,New Haven PD,42057,57:11.0,C,Closed,00:38.0,,,,,,,
911831,1,Complete,911831,911831,41.308854,-72.91,3409971,New Haven,93,93,New Haven,2/26/2022,2022,2,February,26,7,Saturday,15:16:00,15,22005997,A,2,,Motor Vehicle In Motion,"Injury of any type (Serious, Minor, Possible)",C,Possible Injury (C),0,0,4,Local,1.27,264,GRAND AV,GRAND AV,,EAST ST,30,Feet,W,41.308854,-72.91,14,Motor Vehicle in Operation,1,Front to rear,1,On Roadway,1,Clear,88,Not Applicable,1,Daylight,1,Dry,0,None,88,Not Applicable,88,Not Applicable,0,None,88,Not Applicable,88,Not Applicable,11,Through Roadway,1,Not at Intersection,1,No,1,No,88,Not Applicable,88,Not Applicable,88,Not Applicable,88,Not Applicable,FALSE,1,Public Road,1,"Trafficway, On Road",CT0009300,New Haven PD,40793,01:48.0,C,Closed,00:41.0,,,,,,,
911832,1,Complete,911832,911832,41.314579,-72.900642,3409972,New Haven,93,93,New Haven,2/26/2022,2022,2,February,26,7,Saturday,14:56:00,14,22006000,A,2,,Motor Vehicle In Motion,"Injury of any type (Serious, Minor, Possible)",A,Suspected Serious Injury (A),0,2,4,Local,0.18,379,LOMBARD ST,LOMBARD ST,BLATCHLEY AV,,,,,41.314579,-72.900642,14,Motor Vehicle in Operation,3,Angle,1,On Roadway,1,Clear,88,Not Applicable,1,Daylight,1,Dry,0,None,88,Not Applicable,88,Not Applicable,0,None,88,Not Applicable,88,Not Applicable,2,Intersection,2,Four-Way Intersection,1,No,1,No,88,Not Applicable,88,Not Applicable,88,Not Applicable,88,Not Applicable,FALSE,1,Public Road,1,"Trafficway, On Road",CT0009300,New Haven PD,754,01:26.0,O,Open,00:50.0,,,,,,,
911834,1,Complete,911834,911834,41.332455,-72.935126,3409974,New Haven,93,93,New Haven,2/26/2022,2022,2,February,26,7,Saturday,16:31:00,16,22006005,A,2,,Motor Vehicle In Motion,"Injury of any type (Serious, Minor, Possible)",C,Possible Injury (C),0,0,4,Local,1.38,152,DIXWELL AV,DIXWELL AV,BASSETT ST,,,,,41.332455,-72.935126,14,Motor Vehicle in Operation,2,Front to front,1,On Roadway,1,Clear,88,Not Applicable,1,Daylight,1,Dry,0,None,88,Not Applicable,88,Not Applicable,0,None,88,Not Applicable,88,Not Applicable,2,Intersection,2,Four-Way Intersection,1,No,1,No,88,Not Applicable,88,Not Applicable,88,Not Applicable,88,Not Applicable,TRUE,1,Public Road,1,"Trafficway, On Road",CT0009300,New Haven PD,42052,55:08.0,C,Closed,00:39.0,,,,,,,
911838,1,Complete,911838,911838,41.319632,-72.934091,3409978,New Haven,93,93,New Haven,2/26/2022,2022,2,February,26,7,Saturday,20:57:00,20,22006042,A,2,,Not Applicable,"Injury of any type (Serious, Minor, Possible)",C,Possible Injury (C),0,0,4,Local,0.47,152,DIXWELL AV,DIXWELL AV,,ADMIRAL ST,20,Feet,S,41.319632,-72.934091,14,Motor Vehicle in Operation,1,Front to rear,1,On Roadway,1,Clear,88,Not Applicable,4,Dark-Lighted,5,Ice / Frost,0,None,88,Not Applicable,88,Not Applicable,0,None,88,Not Applicable,88,Not Applicable,1,Non-Junction,1,Not at Intersection,1,No,1,No,88,Not Applicable,88,Not Applicable,88,Not Applicable,88,Not Applicable,FALSE,1,Public Road,1,"Trafficway, On Road",CT0009300,New Haven PD,42048,14:34.0,C,Closed,00:43.0,,,,,,,
911839,1,Complete,911839,911839,41.3117247,-72.9379927,3409979,New Haven,93,93,New Haven,2/26/2022,2022,2,February,26,7,Saturday,21:19:00,21,22006048,A,2,,Motor Vehicle In Motion,"Injury of any type (Serious, Minor, Possible)",C,Possible Injury (C),0,0,4,Local,1.79,179,EDGEWOOD AV,EDGEWOOD AV,GARDEN ST,,,,,41.3117247,-72.9379927,14,Motor Vehicle in Operation,4,"Sideswipe, same direction",1,On Roadway,1,Clear,88,Not Applicable,4,Dark-Lighted,1,Dry,0,None,88,Not Applicable,88,Not Applicable,0,None,88,Not Applicable,88,Not Applicable,2,Intersection,3,T-Intersection,1,No,1,No,88,Not Applicable,88,Not Applicable,88,Not Applicable,88,Not Applicable,TRUE,1,Public Road,1,"Trafficway, On Road",CT0009300,New Haven PD,42053,56:22.0,O,Open,00:47.0,,,,,,,
911841,1,Complete,911841,911841,41.307571,-72.895174,3409981,New Haven,93,93,New Haven,2/27/2022,2022,2,February,27,1,Sunday,2:03:00,2,22006063,A,2,,Motor Vehicle In Motion,"Injury of any type (Serious, Minor, Possible)",C,Possible Injury (C),0,0,4,Local,0.84,213,FERRY ST,FERRY ST,EXCHANGE ST,,,,,41.307571,-72.895174,14,Motor Vehicle in Operation,3,Angle,1,On Roadway,1,Clear,88,Not Applicable,4,Dark-Lighted,1,Dry,0,None,88,Not Applicable,88,Not Applicable,0,None,88,Not Applicable,88,Not Applicable,2,Intersection,2,Four-Way Intersection,1,No,1,No,88,Not Applicable,88,Not Applicable,88,Not Applicable,88,Not Applicable,FALSE,1,Public Road,1,"Trafficway, On Road",CT0009300,New Haven PD,370,06:19.0,O,Open,00:46.0,,,,,,,
912445,1,Complete,912445,912445,41.338608,-72.956562,3410585,New Haven,93,93,New Haven,2/26/2022,2022,2,February,26,7,Saturday,19:45:00,19,22006032,A,2,,Motor Vehicle In Motion,"Injury of any type (Serious, Minor, Possible)",B,Suspected Minor Injury (B),0,0,4,Local,0.56,671,WINTERGREEN AV,WINTERGREEN AV,,WILMOT RD,300,Feet,S,41.338608,-72.956562,14,Motor Vehicle in Operation,1,Front to rear,4,Roadside,1,Clear,88,Not Applicable,4,Dark-Lighted,1,Dry,0,None,88,Not Applicable,88,Not Applicable,7,"Rut, Holes, Bumps",88,Not Applicable,88,Not Applicable,1,Non-Junction,1,Not at Intersection,1,No,1,No,88,Not Applicable,88,Not Applicable,88,Not Applicable,88,Not Applicable,FALSE,1,Public Road,1,"Trafficway, On Road",CT0009300,New Haven PD,170,50:11.0,C,Closed,01:24.0,,2,2800,7,LOCAL - NEW HPMS,2,Urban
912447,1,Complete,912447,912447,41.332932,-72.949199,3410587,New Haven,93,93,New Haven,2/28/2022,2022,2,February,28,2,Monday,7:44:00,7,22006138,A,2,,Motor Vehicle In Motion,"Injury of any type (Serious, Minor, Possible)",C,Possible Injury (C),0,0,3,State,4.31,10,10-S,10-S,WINTERGREEN AV,,,,,41.332932,-72.949199,14,Motor Vehicle in Operation,1,Front to rear,1,On Roadway,1,Clear,88,Not Applicable,1,Daylight,1,Dry,0,None,88,Not Applicable,88,Not Applicable,0,None,88,Not Applicable,88,Not Applicable,2,Intersection,3,T-Intersection,1,No,1,No,88,Not Applicable,88,Not Applicable,88,Not Applicable,88,Not Applicable,TRUE,1,Public Road,1,"Trafficway, On Road",CT0009300,New Haven PD,381,50:31.0,C,Closed,01:31.0,,2,10700,4,MINOR ARTERIAL - NEW HPMS,2,Urban
912450,1,Complete,912450,912450,41.31487,-72.94562,3410590,New Haven,93,93,New Haven,2/28/2022,2022,2,February,28,2,Monday,9:16:00,9,22006143,A,2,,Motor Vehicle In Motion,"Injury of any type (Serious, Minor, Possible)",C,Possible Injury (C),0,0,4,Local,0.57,775,WINTHROP AV NO 2,WINTHROP AV NO 2,MAPLE ST,,,,,41.31487,-72.94562,14,Motor Vehicle in Operation,3,Angle,1,On Roadway,1,Clear,88,Not Applicable,1,Daylight,1,Dry,0,None,88,Not Applicable,88,Not Applicable,0,None,88,Not Applicable,88,Not Applicable,2,Intersection,2,Four-Way Intersection,1,No,1,No,88,Not Applicable,88,Not Applicable,88,Not Applicable,88,Not Applicable,FALSE,1,Public Road,1,"Trafficway, On Road",CT0009300,New Haven PD,238,30:44.0,C,Closed,01:30.0,,,,,,,
912453,1,Complete,912453,912453,41.29079,-72.941307,3410593,New Haven,93,93,New Haven,2/28/2022,2022,2,February,28,2,Monday,11:31:00,11,22006171,A,2,,Motor Vehicle In Motion,"Injury of any type (Serious, Minor, Possible)",C,Possible Injury (C),0,0,3,State,0.88,10,10-N,10-N,WASHINGTON AV NO 1,,,,,41.29079,-72.941307,14,Motor Vehicle in Operation,1,Front to rear,1,On Roadway,1,Clear,88,Not Applicable,1,Daylight,1,Dry,0,None,88,Not Applicable,88,Not Applicable,0,None,88,Not Applicable,88,Not Applicable,2,Intersection,2,Four-Way Intersection,1,No,1,No,88,Not Applicable,88,Not Applicable,88,Not Applicable,88,Not Applicable,TRUE,1,Public Road,1,"Trafficway, On Road",CT0009300,New Haven PD,281,19:21.0,O,Open,01:36.0,,2,18000,3,PRINCIPAL ARTERIAL - OTHER - NEW HPMS,2,Urban
912459,1,Complete,912459,912459,41.319064,-72.899121,3410599,New Haven,93,93,New Haven,2/28/2022,2022,2,February,28,2,Monday,17:02:00,17,22006235,A,2,,Not Applicable,"Injury of any type (Serious, Minor, Possible)",C,Possible Injury (C),0,0,2,USRoute,0.33,5,5-N,5-N,,WARREN PL,58,Feet,N,41.319064,-72.899121,14,Motor Vehicle in Operation,4,"Sideswipe, same direction",1,On Roadway,1,Clear,88,Not Applicable,1,Daylight,1,Dry,0,None,88,Not Applicable,88,Not Applicable,0,None,88,Not Applicable,88,Not Applicable,1,Non-Junction,1,Not at Intersection,1,No,1,No,88,Not Applicable,88,Not Applicable,88,Not Applicable,88,Not Applicable,FALSE,1,Public Road,1,"Trafficway, On Road",CT0009300,New Haven PD,42048,25:49.0,C,Closed,01:34.0,,1,19200,4,MINOR ARTERIAL - NEW HPMS,1,Rural
912461,1,Complete,912461,912461,41.32744,-72.95332,3410601,New Haven,93,93,New Haven,2/28/2022,2022,2,February,28,2,Monday,19:44:00,19,22006249,A,2,,Motor Vehicle In Motion,"Injury of any type (Serious, Minor, Possible)",C,Possible Injury (C),0,0,3,State,3.86,10,10-N,10-N,BLAKE ST,,,,,41.32744,-72.95332,14,Motor Vehicle in Operation,5,"Sideswipe, opposite direction",1,On Roadway,1,Clear,88,Not Applicable,4,Dark-Lighted,1,Dry,0,None,88,Not Applicable,88,Not Applicable,0,None,88,Not Applicable,88,Not Applicable,2,Intersection,2,Four-Way Intersection,1,No,1,No,88,Not Applicable,88,Not Applicable,88,Not Applicable,88,Not Applicable,FALSE,1,Public Road,1,"Trafficway, On Road",CT0009300,New Haven PD,55,27:30.0,C,Closed,01:37.0,,1,8900,4,MINOR ARTERIAL - NEW HPMS,1,Rural
912755,1,Complete,912755,912755,41.297076,-72.930482,3410895,New Haven,93,93,New Haven,2/28/2022,2022,2,February,28,2,Monday,16:26:00,16,22006217,A,2,,Parked Vehicle,"Injury of any type (Serious, Minor, Possible)",C,Possible Injury (C),0,0,4,Local,0.09,710,LIBERTY ST NO 1,LIBERTY ST NO 1,,CARLISLE ST,100,Feet,N,41.297076,-72.930482,15,Parked Motor Vehicle,4,"Sideswipe, same direction",1,On Roadway,1,Clear,88,Not Applicable,1,Daylight,1,Dry,0,None,88,Not Applicable,88,Not Applicable,0,None,88,Not Applicable,88,Not Applicable,1,Non-Junction,1,Not at Intersection,2,"Yes, School Bus Directly Involved",1,No,88,Not Applicable,88,Not Applicable,88,Not Applicable,88,Not Applicable,FALSE,1,Public Road,1,"Trafficway, On Road",CT0009300,New Haven PD,40810,51:24.0,O,Open,01:02.0,,,,,,,
912762,1,Complete,912762,912762,41.314227,-72.903977,3410902,New Haven,93,93,New Haven,3/1/2022,2022,3,March,1,3,Tuesday,11:22:00,11,22006323,A,2,,Motor Vehicle In Motion,"Injury of any type (Serious, Minor, Possible)",C,Possible Injury (C),0,0,4,Local,0.15,327,JAMES ST,JAMES ST,LOMBARD ST,,,,,41.314227,-72.903977,14,Motor Vehicle in Operation,1,Front to rear,1,On Roadway,1,Clear,88,Not Applicable,1,Daylight,1,Dry,0,None,88,Not Applicable,88,Not Applicable,0,None,88,Not Applicable,88,Not Applicable,3,Intersection-Related,2,Four-Way Intersection,1,No,1,No,88,Not Applicable,88,Not Applicable,88,Not Applicable,88,Not Applicable,TRUE,1,Public Road,1,"Trafficway, On Road",CT0009300,New Haven PD,86,24:21.0,C,Closed,01:01.0,,,,,,,
912764,1,Complete,912764,912764,41.317258,-72.876433,3410904,New Haven,93,93,New Haven,3/1/2022,2022,3,March,1,3,Tuesday,15:45:00,15,22006361,A,2,,Motor Vehicle In Motion,"Injury of any type (Serious, Minor, Possible)",C,Possible Injury (C),0,0,4,Local,1.94,498,QUINNIPIAC AV,QUINNIPIAC AV,ESSEX ST,,,,,41.317258,-72.876433,14,Motor Vehicle in Operation,1,Front to rear,1,On Roadway,2,Cloudy,88,Not Applicable,1,Daylight,1,Dry,0,None,88,Not Applicable,88,Not Applicable,0,None,88,Not Applicable,88,Not Applicable,3,Intersection-Related,3,T-Intersection,1,No,1,No,88,Not Applicable,88,Not Applicable,88,Not Applicable,88,Not Applicable,TRUE,1,Public Road,1,"Trafficway, On Road",CT0009300,New Haven PD,409,14:58.0,C,Closed,01:03.0,,,,,,,
912765,1,Complete,912765,912765,41.31986,-72.9404,3410905,New Haven,93,93,New Haven,3/1/2022,2022,3,March,1,3,Tuesday,17:06:00,17,22006380,A,2,,Separation of Units,"Injury of any type (Serious, Minor, Possible)",B,Suspected Minor Injury (B),0,1,4,Local,0.06,257,GOFFE ST,GOFFE ST,SHERMAN AVE,,,,,41.31986,-72.9404,14,Motor Vehicle in Operation,3,Angle,1,On Roadway,1,Clear,88,Not Applicable,1,Daylight,1,Dry,0,None,88,Not Applicable,88,Not Applicable,0,None,88,Not Applicable,88,Not Applicable,2,Intersection,2,Four-Way Intersection,1,No,1,No,88,Not Applicable,88,Not Applicable,88,Not Applicable,88,Not Applicable,FALSE,1,Public Road,1,"Trafficway, On Road",CT0009300,New Haven PD,991,34:36.0,C,Closed,01:03.0,,,,,,,
912767,1,Complete,912767,912767,41.31023,-72.9475,3410907,New Haven,93,93,New Haven,3/1/2022,2022,3,March,1,3,Tuesday,19:42:00,19,22006398,A,2,,Motor Vehicle In Motion,"Injury of any type (Serious, Minor, Possible)",C,Possible Injury (C),0,0,4,Local,0.13,248,GEORGE ST,GEORGE ST,WINTHROP AV NO 2,,,,,41.31023,-72.9475,14,Motor Vehicle in Operation,3,Angle,1,On Roadway,4,Rain,88,Not Applicable,4,Dark-Lighted,2,Wet,0,None,88,Not Applicable,88,Not Applicable,0,None,88,Not Applicable,88,Not Applicable,2,Intersection,2,Four-Way Intersection,1,No,1,No,88,Not Applicable,88,Not Applicable,88,Not Applicable,88,Not Applicable,TRUE,1,Public Road,1,"Trafficway, On Road",CT0009300,New Haven PD,40803,40:14.0,O,Open,01:04.0,,,,,,,
913058,1,Complete,913058,913058,41.285877,-72.935566,3411198,New Haven,93,93,New Haven,3/1/2022,2022,3,March,1,3,Tuesday,14:06:00,14,22006352,A,2,,Motor Vehicle In Motion,"Injury of any type (Serious, Minor, Possible)",C,Possible Injury (C),0,0,3,State,0.42,10,10-N,10-N,,KIMBERLY AVE,230,Feet,S,41.285877,-72.935566,14,Motor Vehicle in Operation,4,"Sideswipe, same direction",1,On Roadway,1,Clear,88,Not Applicable,1,Daylight,1,Dry,0,None,88,Not Applicable,88,Not Applicable,0,None,88,Not Applicable,88,Not Applicable,1,Non-Junction,1,Not at Intersection,1,No,1,No,88,Not Applicable,88,Not Applicable,88,Not Applicable,88,Not Applicable,TRUE,1,Public Road,1,"Trafficway, On Road",CT0009300,New Haven PD,281,07:27.0,C,Closed,00:06.0,,2,18600,3,PRINCIPAL ARTERIAL - OTHER - NEW HPMS,2,Urban
913321,1,Complete,913321,913321,41.315252,-72.95088,3411461,New Haven,93,93,New Haven,2/27/2022,2022,2,February,27,1,Sunday,22:30:00,22,22006051,A,2,,"Other Post, Pole, or Support","Injury of any type (Serious, Minor, Possible)",B,Suspected Minor Injury (B),0,0,3,State,2.76,10,10-N,10-N,EDGEWOOD AV,,,,,41.315252,-72.95088,14,Motor Vehicle in Operation,1,Front to rear,1,On Roadway,1,Clear,88,Not Applicable,4,Dark-Lighted,1,Dry,0,None,88,Not Applicable,88,Not Applicable,0,None,88,Not Applicable,88,Not Applicable,2,Intersection,2,Four-Way Intersection,1,No,1,No,88,Not Applicable,88,Not Applicable,88,Not Applicable,88,Not Applicable,TRUE,1,Public Road,1,"Trafficway, On Road",CT0009300,New Haven PD,503,01:22.0,O,Open,01:40.0,,1,10200,3,PRINCIPAL ARTERIAL - OTHER - NEW HPMS,1,Rural
913322,1,Complete,913322,913322,41.327467,-72.953267,3411462,New Haven,93,93,New Haven,3/2/2022,2022,3,March,2,4,Wednesday,1:04:00,1,22006409,A,2,,Motor Vehicle In Motion,"Injury of any type (Serious, Minor, Possible)",C,Possible Injury (C),0,0,3,State,3.86,10,10-N,10-N,BLAKE ST,,,,,41.327467,-72.953267,14,Motor Vehicle in Operation,97,Other,1,On Roadway,4,Rain,88,Not Applicable,4,Dark-Lighted,2,Wet,0,None,88,Not Applicable,88,Not Applicable,0,None,88,Not Applicable,88,Not Applicable,2,Intersection,2,Four-Way Intersection,1,No,1,No,88,Not Applicable,88,Not Applicable,88,Not Applicable,88,Not Applicable,FALSE,1,Public Road,1,"Trafficway, On Road",CT0009300,New Haven PD,43614,02:53.0,C,Closed,01:33.0,,1,8900,4,MINOR ARTERIAL - NEW HPMS,1,Rural
913323,1,Complete,913323,913323,41.316635,-72.956535,3411463,New Haven,93,93,New Haven,3/2/2022,2022,3,March,2,4,Wednesday,14:13:00,14,22006489,A,2,,Motor Vehicle In Motion,"Injury of any type (Serious, Minor, Possible)",B,Suspected Minor Injury (B),0,1,4,Local,0.77,179,EDGEWOOD AV,EDGEWOOD AV,,PENDLETON ST,200,Feet,W,41.316635,-72.956535,14,Motor Vehicle in Operation,3,Angle,1,On Roadway,1,Clear,88,Not Applicable,1,Daylight,1,Dry,0,None,88,Not Applicable,88,Not Applicable,0,None,88,Not Applicable,88,Not Applicable,1,Non-Junction,1,Not at Intersection,1,No,1,No,88,Not Applicable,88,Not Applicable,88,Not Applicable,88,Not Applicable,FALSE,1,Public Road,1,"Trafficway, On Road",CT0009300,New Haven PD,313,41:15.0,C,Closed,01:36.0,,,,,,,
913334,1,Complete,913334,913334,41.319016,-72.948895,3411474,New Haven,93,93,New Haven,3/3/2022,2022,3,March,3,5,Thursday,19:04:00,19,22006643,A,2,,Motor Vehicle In Motion,"Injury of any type (Serious, Minor, Possible)",C,Possible Injury (C),0,0,4,Local,0.01,653,WHALLEY AV,WHALLEY AV,10-N,,,,,41.319016,-72.948895,14,Motor Vehicle in Operation,1,Front to rear,1,On Roadway,1,Clear,88,Not Applicable,4,Dark-Lighted,1,Dry,0,None,88,Not Applicable,88,Not Applicable,0,None,88,Not Applicable,88,Not Applicable,2,Intersection,2,Four-Way Intersection,1,No,1,No,88,Not Applicable,88,Not Applicable,88,Not Applicable,88,Not Applicable,FALSE,1,Public Road,1,"Trafficway, On Road",CT0009300,New Haven PD,40953,17:34.0,C,Closed,01:39.0,,,,,,,