CrashId,Fatal Case Status,Fatal Case Status Text Format,CrashId,CrashId,Latitude,Longitude,DOT Case Number,Town Name,Town Number,Town Number,Town Number Text Format,Date Of Crash,Year,Month,Month Text Format,Day,Day of the Week,Day of the Week Text Format,Time of Crash,Hour of the Day,Case Identifier,Crash Severity,Number Of Motor Vehicles,Motor vehicle action,Most harmful event,Crash Severity Text Format,Most Severe Injury,Most Severe Injury Text Format,Number Of Non-Motorist,Number Of Witnesses,Route Class,Route Class Text Format,Milemarker,Road Number,Road Description,Roadway Name,Intersecting Roadway Name,Landmark Description,Distance From Nearest Landmark,Unit Of Measure From Nearest Landmark,Direction From Nearest Landmark,Latitude,Longitude,First Harmful Event,First Harmful Event Text Format,Manner of Crash / Collision Impact,Manner of Crash / Collision Impact Text Format,Location of First Harmful Event,Location of First Harmful Event Text Format,Weather Condition,Weather Condition Text Format,Weather 2,Weather 2 Text Format,Light Condition,Light Condition Text Format,Road Surface Condition,Road Surface Condition Text Format,"Contributing Circumstances, Environment","Contributing Circumstances, Environment Text Format",Environment 2,Environment 2 Text Format,Environment 3,Environment 3 Text Format,"Contributing Circumstances, Road","Contributing Circumstances, Road Text Format",Road 2,Road 2 Text Format,Road 3,Road 3 Text Format,Crash Specific Location,Crash Specific Location Text Format,Type of Intersection,Type of Intersection Text Format,School Bus Related,School Bus Related Text Format,Work Zone Related,Work Zone Related Text Format,Location Of Crash Relative To Work Zone,Location Of Crash Relative To Work Zone Text Format,Type of Work Zone,Type of Work Zone Text Format,Worker Presence,Worker Presence Text Format,Law Enforcement Presence,Law Enforcement Presence Text Format,Were Vehicles Moved Prior To Police Arrival,Trafficway Ownership,Trafficway Ownership Text Format,Trafficway Class,Trafficway Class Text Format,Police Agency,Police Agency Text Format,Badge Number,Approval Date,Police Case Status,Police Case Status Text Format,Crash Report Submission Date,Related Case Identifiers,No. of Through Lanes (Log Dir.),Average Daily Traffic,Functional Classification,Functional Classification Text Format,Rural or Urban,Rural or Urban Text Format
916634,1,Complete,916634,916634,41.327965,-72.878247,922056,New Haven,93,93,New Haven,3/11/2022,2022,3,March,11,6,Friday,1:00:00,1,22007504,K,2,Straight Ahead,Motor Vehicle In Motion,Fatal (Kill),K,Fatal Injury (K),0,0,3,State,0.55,17,17-N,17-N,FLINT ST,,,,,41.327965,-72.878247,14,Motor Vehicle in Operation,3,Angle,1,On Roadway,1,Clear,88,Not Applicable,4,Dark-Lighted,1,Dry,0,None,88,Not Applicable,88,Not Applicable,0,None,88,Not Applicable,88,Not Applicable,2,Intersection,3,T-Intersection,1,No,1,No,88,Not Applicable,88,Not Applicable,88,Not Applicable,88,Not Applicable,FALSE,1,Public Road,1,"Trafficway, On Road",CT0009300,New Haven PD,40807,49:00.0,O,Open,01:37.0,,1,14300,3,PRINCIPAL ARTERIAL - OTHER - NEW HPMS,1,Rural
916635,1,Complete,916635,916635,41.321305,-72.89708,3413792,New Haven,93,93,New Haven,3/11/2022,2022,3,March,11,6,Friday,7:36:00,7,22007511,A,3,,Motor Vehicle In Motion,"Injury of any type (Serious, Minor, Possible)",C,Possible Injury (C),0,0,2,USRoute,0.52,5,5-N,5-N,,ROCK ST,100,Feet,N,41.321305,-72.89708,14,Motor Vehicle in Operation,3,Angle,1,On Roadway,1,Clear,88,Not Applicable,1,Daylight,1,Dry,0,None,88,Not Applicable,88,Not Applicable,0,None,88,Not Applicable,88,Not Applicable,1,Non-Junction,1,Not at Intersection,1,No,1,No,88,Not Applicable,88,Not Applicable,88,Not Applicable,88,Not Applicable,FALSE,1,Public Road,1,"Trafficway, On Road",CT0009300,New Haven PD,87,10:00.0,C,Closed,01:36.0,,1,17500,4,MINOR ARTERIAL - NEW HPMS,1,Rural
916641,1,Complete,916641,916641,41.30013,-72.9502,3413798,New Haven,93,93,New Haven,3/11/2022,2022,3,March,11,6,Friday,16:04:00,16,22007580,A,3,,Motor Vehicle In Motion,"Injury of any type (Serious, Minor, Possible)",C,Possible Injury (C),0,0,3,State,1.66,10,10-N,10-N,,ORANGE AVE,1000,Feet,N,41.30013,-72.9502,14,Motor Vehicle in Operation,4,"Sideswipe, same direction",1,On Roadway,1,Clear,88,Not Applicable,1,Daylight,1,Dry,0,None,88,Not Applicable,88,Not Applicable,0,None,88,Not Applicable,88,Not Applicable,1,Non-Junction,1,Not at Intersection,1,No,1,No,88,Not Applicable,88,Not Applicable,88,Not Applicable,88,Not Applicable,FALSE,1,Public Road,1,"Trafficway, On Road",CT0009300,New Haven PD,40818,35:53.0,C,Closed,01:40.0,,2,20800,3,PRINCIPAL ARTERIAL - OTHER - NEW HPMS,2,Urban
916644,1,Complete,916644,916644,41.3135905,-72.893211,3413801,New Haven,93,93,New Haven,3/11/2022,2022,3,March,11,6,Friday,22:13:00,22,22007614,A,2,,Motor Vehicle In Motion,"Injury of any type (Serious, Minor, Possible)",C,Possible Injury (C),0,0,4,Local,0.36,29,ATWATER ST,ATWATER ST,GRAFTON ST,,,,,41.3135905,-72.893211,14,Motor Vehicle in Operation,3,Angle,1,On Roadway,1,Clear,88,Not Applicable,4,Dark-Lighted,1,Dry,0,None,88,Not Applicable,88,Not Applicable,0,None,88,Not Applicable,88,Not Applicable,2,Intersection,2,Four-Way Intersection,1,No,1,No,88,Not Applicable,88,Not Applicable,88,Not Applicable,88,Not Applicable,TRUE,1,Public Road,1,"Trafficway, On Road",CT0009300,New Haven PD,120,16:26.0,C,Closed,01:58.0,,,,,,,
916648,1,Complete,916648,916648,41.324352,-72.955866,3413805,New Haven,93,93,New Haven,3/12/2022,2022,3,March,12,7,Saturday,2:57:00,2,22007630,A,1,,Ran Off Roadway Right,"Injury of any type (Serious, Minor, Possible)",A,Suspected Serious Injury (A),0,1,3,State,3.54,10,10-N,10-N,,JEWELL ST,112,Feet,E,41.324352,-72.955866,32,Tree (standing),88,Not Applicable,2,Shoulder,4,Rain,88,Not Applicable,4,Dark-Lighted,2,Wet,0,None,88,Not Applicable,88,Not Applicable,0,None,88,Not Applicable,88,Not Applicable,1,Non-Junction,1,Not at Intersection,1,No,1,No,88,Not Applicable,88,Not Applicable,88,Not Applicable,88,Not Applicable,FALSE,1,Public Road,1,"Trafficway, On Road",CT0009300,New Haven PD,40956,32:16.0,C,Closed,01:45.0,,4,18000,3,PRINCIPAL ARTERIAL - OTHER - NEW HPMS,2,Urban
916649,1,Complete,916649,916649,41.308263,-72.886282,3413806,New Haven,93,93,New Haven,3/12/2022,2022,3,March,12,7,Saturday,4:36:00,4,22007632,A,2,,Motor Vehicle In Motion,"Injury of any type (Serious, Minor, Possible)",C,Possible Injury (C),0,0,4,Local,0,264,GRAND AV,GRAND AV,QUINNIPIAC AV,,,,,41.308263,-72.886282,14,Motor Vehicle in Operation,3,Angle,1,On Roadway,4,Rain,88,Not Applicable,4,Dark-Lighted,2,Wet,0,None,88,Not Applicable,88,Not Applicable,0,None,88,Not Applicable,88,Not Applicable,2,Intersection,2,Four-Way Intersection,1,No,1,No,88,Not Applicable,88,Not Applicable,88,Not Applicable,88,Not Applicable,FALSE,1,Public Road,1,"Trafficway, On Road",CT0009300,New Haven PD,40807,53:32.0,C,Closed,01:46.0,,,,,,,
916651,1,Complete,916651,916651,41.324476,-72.935224,3413808,New Haven,93,93,New Haven,3/12/2022,2022,3,March,12,7,Saturday,10:52:00,10,22007644,A,1,,Pedestrian,"Injury of any type (Serious, Minor, Possible)",B,Suspected Minor Injury (B),1,0,4,Local,0.83,152,DIXWELL AV,DIXWELL AV,ARGYLE ST,,,,,41.324476,-72.935224,9,Pedestrian,88,Not Applicable,1,On Roadway,4,Rain,88,Not Applicable,1,Daylight,2,Wet,0,None,88,Not Applicable,88,Not Applicable,0,None,88,Not Applicable,88,Not Applicable,2,Intersection,3,T-Intersection,1,No,1,No,88,Not Applicable,88,Not Applicable,88,Not Applicable,88,Not Applicable,TRUE,1,Public Road,1,"Trafficway, On Road",CT0009300,New Haven PD,182,14:49.0,C,Closed,01:47.0,,2,10900,3,PRINCIPAL ARTERIAL - OTHER - NEW HPMS,2,Urban
916655,1,Complete,916655,916655,41.309716,-72.937401,3413812,New Haven,93,93,New Haven,3/12/2022,2022,3,March,12,7,Saturday,20:10:00,20,22007680,A,2,,Motor Vehicle In Motion,"Injury of any type (Serious, Minor, Possible)",C,Possible Injury (C),0,0,4,Local,2.43,97,CHAPEL ST,CHAPEL ST,,DWIGHT ST,40,Feet,W,41.309716,-72.937401,14,Motor Vehicle in Operation,4,"Sideswipe, same direction",1,On Roadway,1,Clear,88,Not Applicable,4,Dark-Lighted,1,Dry,0,None,88,Not Applicable,88,Not Applicable,0,None,88,Not Applicable,88,Not Applicable,1,Non-Junction,1,Not at Intersection,1,No,1,No,88,Not Applicable,88,Not Applicable,88,Not Applicable,88,Not Applicable,TRUE,1,Public Road,1,"Trafficway, On Road",CT0009300,New Haven PD,261,50:57.0,C,Closed,01:50.0,,,,,,,
916657,1,Complete,916657,916657,41.31047,-72.94042,3413814,New Haven,93,93,New Haven,3/12/2022,2022,3,March,12,7,Saturday,23:32:00,23,22007695,A,2,,Motor Vehicle In Motion,"Injury of any type (Serious, Minor, Possible)",C,Possible Injury (C),0,0,4,Local,2.59,97,CHAPEL ST,CHAPEL ST,,KENSINGTON STREET,10,Feet,W,41.31047,-72.94042,14,Motor Vehicle in Operation,1,Front to rear,1,On Roadway,7,Snow,88,Not Applicable,4,Dark-Lighted,3,Snow,0,None,88,Not Applicable,88,Not Applicable,0,None,88,Not Applicable,88,Not Applicable,1,Non-Junction,1,Not at Intersection,1,No,1,No,88,Not Applicable,88,Not Applicable,88,Not Applicable,88,Not Applicable,FALSE,1,Public Road,1,"Trafficway, On Road",CT0009300,New Haven PD,40951,05:56.0,C,Closed,01:54.0,,,,,,,
916659,1,Complete,916659,916659,41.28844,-72.89096,3413816,New Haven,93,93,New Haven,3/12/2022,2022,3,March,12,7,Saturday,22:49:00,22,22007700,A,2,,Motor Vehicle In Motion,"Injury of any type (Serious, Minor, Possible)",C,Possible Injury (C),0,0,4,Local,0.08,388,MAIN ST NO 2,MAIN ST NO 2,BEACON AV,,,,,41.28844,-72.89096,14,Motor Vehicle in Operation,1,Front to rear,1,On Roadway,7,Snow,88,Not Applicable,4,Dark-Lighted,3,Snow,0,None,88,Not Applicable,88,Not Applicable,0,None,88,Not Applicable,88,Not Applicable,2,Intersection,3,T-Intersection,1,No,1,No,88,Not Applicable,88,Not Applicable,88,Not Applicable,88,Not Applicable,TRUE,1,Public Road,1,"Trafficway, On Road",CT0009300,New Haven PD,415,13:53.0,O,Open,01:54.0,,,,,,,
917251,1,Complete,917251,917251,41.32152,-72.9298,3414408,New Haven,93,93,New Haven,12/8/2021,2021,12,December,8,4,Wednesday,20:35:00,20,21044213,A,1,,Pedestrian,"Injury of any type (Serious, Minor, Possible)",C,Possible Injury (C),1,0,4,Local,0.21,429,MUNSON ST,MUNSON ST,CANAL ST NO 1,,,,,41.32152,-72.9298,9,Pedestrian,88,Not Applicable,1,On Roadway,1,Clear,88,Not Applicable,6,Dark-Unknown Lighting,1,Dry,0,None,88,Not Applicable,88,Not Applicable,0,None,88,Not Applicable,88,Not Applicable,3,Intersection-Related,3,T-Intersection,1,No,1,No,88,Not Applicable,88,Not Applicable,88,Not Applicable,88,Not Applicable,FALSE,1,Public Road,1,"Trafficway, On Road",CT0009300,New Haven PD,991,31:32.0,C,Closed,00:47.0,,2,8600,4,MINOR ARTERIAL - NEW HPMS,2,Urban
917258,1,Complete,917258,917258,41.32156501,-72.87571722,3414415,New Haven,93,93,New Haven,3/14/2022,2022,3,March,14,2,Monday,12:30:00,12,22007833,A,2,,Motor Vehicle In Motion,"Injury of any type (Serious, Minor, Possible)",C,Possible Injury (C),0,0,3,State,0.34,80,80-E,80-E,,QUINNIPIAC AVE,100,Feet,E,41.32156501,-72.87571722,14,Motor Vehicle in Operation,3,Angle,1,On Roadway,1,Clear,88,Not Applicable,1,Daylight,1,Dry,0,None,88,Not Applicable,88,Not Applicable,0,None,88,Not Applicable,88,Not Applicable,1,Non-Junction,1,Not at Intersection,1,No,1,No,88,Not Applicable,88,Not Applicable,88,Not Applicable,88,Not Applicable,FALSE,1,Public Road,1,"Trafficway, On Road",CT0009300,New Haven PD,430,25:52.0,C,Closed,00:43.0,,2,32300,3,PRINCIPAL ARTERIAL - OTHER - NEW HPMS,2,Urban
917628,1,Complete,917628,917628,41.28277,-72.938057,3414785,New Haven,93,93,New Haven,3/15/2022,2022,3,March,15,3,Tuesday,7:24:00,7,22007937,A,2,,Motor Vehicle In Motion,"Injury of any type (Serious, Minor, Possible)",C,Possible Injury (C),0,0,3,State,0.95,745,745-E,745-E,10-N,,,,,41.28277,-72.938057,14,Motor Vehicle in Operation,1,Front to rear,1,On Roadway,1,Clear,88,Not Applicable,1,Daylight,1,Dry,0,None,88,Not Applicable,88,Not Applicable,0,None,88,Not Applicable,88,Not Applicable,2,Intersection,2,Four-Way Intersection,1,No,1,No,88,Not Applicable,88,Not Applicable,88,Not Applicable,88,Not Applicable,FALSE,1,Public Road,1,"Trafficway, On Road",CT0009300,New Haven PD,295,58:39.0,C,Closed,00:08.0,,2,15200,4,MINOR ARTERIAL - NEW HPMS,2,Urban
917908,1,Complete,917908,917908,41.310866,-72.942169,3415065,New Haven,93,93,New Haven,3/9/2022,2022,3,March,9,4,Wednesday,0:23:00,0,22007252,A,4,,Parked Vehicle,"Injury of any type (Serious, Minor, Possible)",C,Possible Injury (C),0,0,4,Local,2.69,97,CHAPEL ST,CHAPEL ST,,ORCHARD ST,200,Feet,W,41.310866,-72.942169,14,Motor Vehicle in Operation,1,Front to rear,1,On Roadway,1,Clear,88,Not Applicable,6,Dark-Unknown Lighting,1,Dry,0,None,88,Not Applicable,88,Not Applicable,0,None,88,Not Applicable,88,Not Applicable,1,Non-Junction,1,Not at Intersection,1,No,1,No,88,Not Applicable,88,Not Applicable,88,Not Applicable,88,Not Applicable,FALSE,1,Public Road,1,"Trafficway, On Road",CT0009300,New Haven PD,40789,39:28.0,C,Closed,01:47.0,,,,,,,
917917,1,Complete,917917,917917,41.3112,-72.9528,3415074,New Haven,93,93,New Haven,3/16/2022,2022,3,March,16,4,Wednesday,12:37:00,12,22008156,A,1,,Utility Pole,"Injury of any type (Serious, Minor, Possible)",B,Suspected Minor Injury (B),0,0,3,State,2.46,10,10-N,10-N,,DERBY AVE,100,Feet,N,41.3112,-72.9528,33,Utility Pole/Light Support,88,Not Applicable,1,On Roadway,1,Clear,88,Not Applicable,1,Daylight,1,Dry,0,None,88,Not Applicable,88,Not Applicable,0,None,88,Not Applicable,88,Not Applicable,1,Non-Junction,1,Not at Intersection,1,No,1,No,88,Not Applicable,88,Not Applicable,88,Not Applicable,88,Not Applicable,FALSE,1,Public Road,1,"Trafficway, On Road",CT0009300,New Haven PD,324,37:46.0,C,Closed,01:52.0,22008156,4,19700,3,PRINCIPAL ARTERIAL - OTHER - NEW HPMS,2,Urban
918120,1,Complete,918120,918120,41.310096,-72.953258,3415277,New Haven,93,93,New Haven,3/13/2022,2022,3,March,13,1,Sunday,13:30:00,13,22007818,A,2,,Motor Vehicle In Motion,"Injury of any type (Serious, Minor, Possible)",C,Possible Injury (C),0,0,4,Local,0.38,147,DERBY AV,DERBY AV,RT 10,,,,,41.310096,-72.953258,14,Motor Vehicle in Operation,1,Front to rear,1,On Roadway,99,Unknown,88,Not Applicable,1,Daylight,99,Unknown,0,None,88,Not Applicable,88,Not Applicable,0,None,88,Not Applicable,88,Not Applicable,2,Intersection,2,Four-Way Intersection,1,No,1,No,88,Not Applicable,88,Not Applicable,88,Not Applicable,88,Not Applicable,FALSE,1,Public Road,1,"Trafficway, On Road",CT0009300,New Haven PD,465,01:39.0,C,Closed,01:09.0,,,,,,,
918126,1,Complete,918126,918126,41.30413,-72.9253,3415283,New Haven,93,93,New Haven,3/17/2022,2022,3,March,17,5,Thursday,0:50:00,0,22008243,A,1,,"Other Fixed Object (wall, building, tunnel, etc.)","Injury of any type (Serious, Minor, Possible)",C,Possible Injury (C),0,1,4,Local,1.82,450,ORANGE ST NO 1,ORANGE ST NO 1,CROWN ST,,,,,41.30413,-72.9253,35,Traffic Signal Support,88,Not Applicable,4,Roadside,1,Clear,88,Not Applicable,4,Dark-Lighted,1,Dry,0,None,88,Not Applicable,88,Not Applicable,0,None,88,Not Applicable,88,Not Applicable,2,Intersection,3,T-Intersection,1,No,1,No,88,Not Applicable,88,Not Applicable,88,Not Applicable,88,Not Applicable,FALSE,1,Public Road,1,"Trafficway, On Road",CT0009300,New Haven PD,40952,07:24.0,O,Open,01:06.0,,2,8100,4,MINOR ARTERIAL - NEW HPMS,2,Urban
918131,1,Complete,918131,918131,41.31446,-72.91164,3415288,New Haven,93,93,New Haven,3/17/2022,2022,3,March,17,5,Thursday,9:45:00,9,22008268,A,1,,Pedalcycle/Pedalcyclist,"Injury of any type (Serious, Minor, Possible)",C,Possible Injury (C),1,0,4,Local,0.44,575,STATE ST,STATE ST,,BISHOP ST,40,Feet,S,41.31446,-72.91164,10,Pedalcycle/Pedalcyclist,97,Other,1,On Roadway,1,Clear,88,Not Applicable,1,Daylight,1,Dry,0,None,88,Not Applicable,88,Not Applicable,0,None,88,Not Applicable,88,Not Applicable,11,Through Roadway,1,Not at Intersection,1,No,1,No,88,Not Applicable,88,Not Applicable,88,Not Applicable,88,Not Applicable,FALSE,1,Public Road,1,"Trafficway, On Road",CT0009300,New Haven PD,40793,55:27.0,C,Closed,01:11.0,,,,,,,
918454,1,Complete,918454,918454,41.292651,-72.93836,3415611,New Haven,93,93,New Haven,3/18/2022,2022,3,March,18,6,Friday,19:50:00,19,22008344,A,2,,Motor Vehicle In Motion,"Injury of any type (Serious, Minor, Possible)",C,Possible Injury (C),0,0,4,Local,0.4,529,ROSETTE ST,ROSETTE ST,WILSON ST,,,,,41.292651,-72.93836,14,Motor Vehicle in Operation,4,"Sideswipe, same direction",1,On Roadway,1,Clear,88,Not Applicable,1,Daylight,1,Dry,0,None,88,Not Applicable,88,Not Applicable,0,None,88,Not Applicable,88,Not Applicable,2,Intersection,3,T-Intersection,1,No,1,No,88,Not Applicable,88,Not Applicable,88,Not Applicable,88,Not Applicable,FALSE,1,Public Road,1,"Trafficway, On Road",CT0009300,New Haven PD,40811,25:50.0,C,Closed,01:25.0,,,,,,,
918455,1,Complete,918455,918455,41.30701,-72.92124,3415612,New Haven,93,93,New Haven,3/17/2022,2022,3,March,17,5,Thursday,21:16:00,21,22008362,A,2,,Motor Vehicle In Motion,"Injury of any type (Serious, Minor, Possible)",C,Possible Injury (C),0,0,4,Local,1.17,575,STATE ST,STATE ST,ELM ST NO 2,,,,,41.30701,-72.92124,14,Motor Vehicle in Operation,1,Front to rear,1,On Roadway,1,Clear,88,Not Applicable,4,Dark-Lighted,1,Dry,0,None,88,Not Applicable,88,Not Applicable,0,None,88,Not Applicable,88,Not Applicable,2,Intersection,2,Four-Way Intersection,1,No,1,No,88,Not Applicable,88,Not Applicable,88,Not Applicable,88,Not Applicable,FALSE,1,Public Road,1,"Trafficway, On Road",CT0009300,New Haven PD,40802,09:49.0,O,Open,01:24.0,,,,,,,
918457,1,Complete,918457,918457,41.305567,-72.935991,3415614,New Haven,93,93,New Haven,3/17/2022,2022,3,March,17,5,Thursday,23:58:00,23,22008374,A,2,,Motor Vehicle In Motion,"Injury of any type (Serious, Minor, Possible)",C,Possible Injury (C),0,0,4,Local,0.45,463,PARK ST,PARK ST,RT 34,,,,,41.305567,-72.935991,14,Motor Vehicle in Operation,1,Front to rear,1,On Roadway,1,Clear,88,Not Applicable,4,Dark-Lighted,1,Dry,0,None,88,Not Applicable,88,Not Applicable,0,None,88,Not Applicable,88,Not Applicable,1,Non-Junction,1,Not at Intersection,1,No,1,No,88,Not Applicable,88,Not Applicable,88,Not Applicable,88,Not Applicable,TRUE,1,Public Road,1,"Trafficway, On Road",CT0009300,New Haven PD,43614,38:23.0,C,Closed,01:14.0,,,,,,,
918464,1,Complete,918464,918464,41.31976,-72.950199,3415621,New Haven,93,93,New Haven,3/18/2022,2022,3,March,18,6,Friday,16:20:00,16,22008439,A,2,,Motor Vehicle In Motion,"Injury of any type (Serious, Minor, Possible)",B,Suspected Minor Injury (B),0,0,3,State,3.11,10,10-N,10-N,BROWNELL ST,,,,,41.31976,-72.950199,14,Motor Vehicle in Operation,3,Angle,1,On Roadway,1,Clear,88,Not Applicable,1,Daylight,1,Dry,0,None,88,Not Applicable,88,Not Applicable,0,None,88,Not Applicable,88,Not Applicable,3,Intersection-Related,3,T-Intersection,1,No,1,No,88,Not Applicable,88,Not Applicable,88,Not Applicable,88,Not Applicable,FALSE,1,Public Road,1,"Trafficway, On Road",CT0009300,New Haven PD,9,25:43.0,C,Closed,01:22.0,,2,19900,3,PRINCIPAL ARTERIAL - OTHER - NEW HPMS,1,Rural
918469,1,Complete,918469,918469,41.307729,-72.895269,3415626,New Haven,93,93,New Haven,3/18/2022,2022,3,March,18,6,Friday,18:45:00,18,22008474,A,2,,Motor Vehicle In Motion,"Injury of any type (Serious, Minor, Possible)",C,Possible Injury (C),0,0,4,Local,0.83,213,FERRY ST,FERRY ST,,EXCHANGE ST,10,Feet,N,41.307729,-72.895269,14,Motor Vehicle in Operation,4,"Sideswipe, same direction",1,On Roadway,1,Clear,88,Not Applicable,1,Daylight,1,Dry,0,None,88,Not Applicable,88,Not Applicable,0,None,88,Not Applicable,88,Not Applicable,1,Non-Junction,1,Not at Intersection,1,No,1,No,88,Not Applicable,88,Not Applicable,88,Not Applicable,88,Not Applicable,TRUE,1,Public Road,1,"Trafficway, On Road",CT0009300,New Haven PD,40788,11:54.0,C,Closed,01:21.0,,,,,,,
918473,1,Complete,918473,918473,41.321682,-72.875738,3415630,New Haven,93,93,New Haven,3/19/2022,2022,3,March,19,7,Saturday,6:22:00,6,22008532,A,1,,Pedestrian,"Injury of any type (Serious, Minor, Possible)",C,Possible Injury (C),1,0,,,,,,294 FOXON BLVD,,QUINNIPIAC AVE,550,Feet,W,41.321682,-72.875738,9,Pedestrian,88,Not Applicable,1,On Roadway,4,Rain,88,Not Applicable,2,Dawn,2,Wet,0,None,88,Not Applicable,88,Not Applicable,0,None,88,Not Applicable,88,Not Applicable,97,Other,1,Not at Intersection,1,No,1,No,88,Not Applicable,88,Not Applicable,88,Not Applicable,88,Not Applicable,FALSE,2,Private Road,4,Parking Lot,CT0009300,New Haven PD,40807,53:18.0,O,Open,01:27.0,,,,,,,
918485,1,Complete,918485,918485,41.310264,-72.954634,3415642,New Haven,93,93,New Haven,3/20/2022,2022,3,March,20,1,Sunday,2:02:00,2,22008625,A,1,,Guardrail Face,"Injury of any type (Serious, Minor, Possible)",C,Possible Injury (C),0,0,3,State,21.82,34,34-E,34-E,,ELLA T GRASSO BLVD,315,Feet,W,41.310264,-72.954634,28,Guardrail Face,88,Not Applicable,1,On Roadway,3,"Fog, Smog, Smoke",88,Not Applicable,4,Dark-Lighted,2,Wet,0,None,88,Not Applicable,88,Not Applicable,0,None,88,Not Applicable,88,Not Applicable,1,Non-Junction,1,Not at Intersection,1,No,1,No,88,Not Applicable,88,Not Applicable,88,Not Applicable,88,Not Applicable,FALSE,1,Public Road,1,"Trafficway, On Road",CT0009300,New Haven PD,40789,27:58.0,C,Closed,01:34.0,,4,22100,3,PRINCIPAL ARTERIAL - OTHER - NEW HPMS,2,Urban
918486,1,Complete,918486,918486,41.299961,-72.892195,3415643,New Haven,93,93,New Haven,3/20/2022,2022,3,March,20,1,Sunday,2:52:00,2,22008630,A,2,,Parked Vehicle,"Injury of any type (Serious, Minor, Possible)",C,Possible Injury (C),0,0,4,Local,0.37,210,FARREN AV,FARREN AV,,FERRY ST,200,Feet,S,41.299961,-72.892195,15,Parked Motor Vehicle,3,Angle,1,On Roadway,99,Unknown,88,Not Applicable,4,Dark-Lighted,2,Wet,99,Unknown,88,Not Applicable,88,Not Applicable,99,Unknown,88,Not Applicable,88,Not Applicable,1,Non-Junction,1,Not at Intersection,1,No,1,No,88,Not Applicable,88,Not Applicable,88,Not Applicable,88,Not Applicable,FALSE,1,Public Road,1,"Trafficway, On Road",CT0009300,New Haven PD,40792,42:10.0,C,Closed,01:35.0,,,,,,,
918489,1,Complete,918489,918489,41.307319,-72.919239,3415646,New Haven,93,93,New Haven,3/20/2022,2022,3,March,20,1,Sunday,14:32:00,14,22008650,A,1,,Pedalcycle/Pedalcyclist,"Injury of any type (Serious, Minor, Possible)",A,Suspected Serious Injury (A),1,0,4,Local,1.75,264,GRAND AV,GRAND AV,OLIVE ST,,,,,41.307319,-72.919239,10,Pedalcycle/Pedalcyclist,97,Other,1,On Roadway,2,Cloudy,88,Not Applicable,1,Daylight,1,Dry,0,None,88,Not Applicable,88,Not Applicable,0,None,88,Not Applicable,88,Not Applicable,2,Intersection,2,Four-Way Intersection,1,No,1,No,88,Not Applicable,88,Not Applicable,88,Not Applicable,88,Not Applicable,FALSE,1,Public Road,1,"Trafficway, On Road",CT0009300,New Haven PD,42367,41:32.0,C,Closed,01:38.0,,,,,,,
918494,1,Complete,918494,918494,41.314308,-72.921318,3415651,New Haven,93,93,New Haven,3/20/2022,2022,3,March,20,1,Sunday,20:47:00,20,22008683,A,1,,Utility Pole,"Injury of any type (Serious, Minor, Possible)",C,Possible Injury (C),0,0,4,Local,0.27,656,WHITNEY AV,WHITNEY AV,BRADLEY ST NO 2,,,,,41.314308,-72.921318,33,Utility Pole/Light Support,88,Not Applicable,8,"Off Roadway,  Location Unknown",1,Clear,88,Not Applicable,4,Dark-Lighted,1,Dry,0,None,88,Not Applicable,88,Not Applicable,0,None,88,Not Applicable,88,Not Applicable,2,Intersection,3,T-Intersection,1,No,1,No,88,Not Applicable,88,Not Applicable,88,Not Applicable,88,Not Applicable,FALSE,1,Public Road,1,"Trafficway, On Road",CT0009300,New Haven PD,30,41:00.0,C,Closed,01:40.0,NONE,4,12100,3,PRINCIPAL ARTERIAL - OTHER - NEW HPMS,2,Urban
919367,1,Complete,919367,919367,41.308222,-72.92405,3416524,New Haven,93,93,New Haven,3/10/2022,2022,3,March,10,5,Thursday,15:25:00,15,22007449,A,2,,Motor Vehicle In Motion,"Injury of any type (Serious, Minor, Possible)",B,Suspected Minor Injury (B),1,2,4,Local,0.34,103,CHURCH ST,CHURCH ST,ELM ST NO 2,,,,,41.308222,-72.92405,14,Motor Vehicle in Operation,4,"Sideswipe, same direction",1,On Roadway,2,Cloudy,88,Not Applicable,1,Daylight,1,Dry,0,None,88,Not Applicable,88,Not Applicable,0,None,88,Not Applicable,88,Not Applicable,2,Intersection,2,Four-Way Intersection,1,No,1,No,88,Not Applicable,88,Not Applicable,88,Not Applicable,88,Not Applicable,TRUE,1,Public Road,1,"Trafficway, On Road",CT0009300,New Haven PD,97,22:52.0,C,Closed,00:01.0,,,,,,,
919371,1,Complete,919371,919371,41.28632,-72.93614,3416528,New Haven,93,93,New Haven,3/21/2022,2022,3,March,21,2,Monday,20:28:00,20,22008819,A,2,,Motor Vehicle In Motion,"Injury of any type (Serious, Minor, Possible)",C,Possible Injury (C),0,1,3,State,0.46,10,10-N,10-N,745-E,,,,,41.28632,-72.93614,14,Motor Vehicle in Operation,3,Angle,1,On Roadway,1,Clear,88,Not Applicable,4,Dark-Lighted,1,Dry,0,None,88,Not Applicable,88,Not Applicable,0,None,88,Not Applicable,88,Not Applicable,2,Intersection,2,Four-Way Intersection,1,No,1,No,88,Not Applicable,88,Not Applicable,88,Not Applicable,88,Not Applicable,TRUE,1,Public Road,1,"Trafficway, On Road",CT0009300,New Haven PD,980,50:03.0,C,Closed,00:08.0,,2,18600,3,PRINCIPAL ARTERIAL - OTHER - NEW HPMS,2,Urban