CrashId,Fatal Case Status,Fatal Case Status Text Format,CrashId,CrashId,Latitude,Longitude,DOT Case Number,Town Name,Town Number,Town Number,Town Number Text Format,Date Of Crash,Year,Month,Month Text Format,Day,Day of the Week,Day of the Week Text Format,Time of Crash,Hour of the Day,Case Identifier,Crash Severity,Number Of Motor Vehicles,Motor vehicle action,Most harmful event,Crash Severity Text Format,Most Severe Injury,Most Severe Injury Text Format,Number Of Non-Motorist,Number Of Witnesses,Route Class,Route Class Text Format,Milemarker,Road Number,Road Description,Roadway Name,Intersecting Roadway Name,Landmark Description,Distance From Nearest Landmark,Unit Of Measure From Nearest Landmark,Direction From Nearest Landmark,Latitude,Longitude,First Harmful Event,First Harmful Event Text Format,Manner of Crash / Collision Impact,Manner of Crash / Collision Impact Text Format,Location of First Harmful Event,Location of First Harmful Event Text Format,Weather Condition,Weather Condition Text Format,Weather 2,Weather 2 Text Format,Light Condition,Light Condition Text Format,Road Surface Condition,Road Surface Condition Text Format,"Contributing Circumstances, Environment","Contributing Circumstances, Environment Text Format",Environment 2,Environment 2 Text Format,Environment 3,Environment 3 Text Format,"Contributing Circumstances, Road","Contributing Circumstances, Road Text Format",Road 2,Road 2 Text Format,Road 3,Road 3 Text Format,Crash Specific Location,Crash Specific Location Text Format,Type of Intersection,Type of Intersection Text Format,School Bus Related,School Bus Related Text Format,Work Zone Related,Work Zone Related Text Format,Location Of Crash Relative To Work Zone,Location Of Crash Relative To Work Zone Text Format,Type of Work Zone,Type of Work Zone Text Format,Worker Presence,Worker Presence Text Format,Law Enforcement Presence,Law Enforcement Presence Text Format,Were Vehicles Moved Prior To Police Arrival,Trafficway Ownership,Trafficway Ownership Text Format,Trafficway Class,Trafficway Class Text Format,Police Agency,Police Agency Text Format,Badge Number,Approval Date,Police Case Status,Police Case Status Text Format,Crash Report Submission Date,Related Case Identifiers,No. of Through Lanes (Log Dir.),Average Daily Traffic,Functional Classification,Functional Classification Text Format,Rural or Urban,Rural or Urban Text Format
924132,1,Complete,924132,924132,41.30486,-72.92266,3421287,New Haven,93,93,New Haven,4/9/2022,2022,4,April,9,7,Saturday,15:42:00,15,22011286,A,1,,Motor Vehicle In Motion,"Injury of any type (Serious, Minor, Possible)",B,Suspected Minor Injury (B),1,1,4,Local,1.34,575,STATE ST,STATE ST,CHAPEL ST,,,,,41.30486,-72.92266,14,Motor Vehicle in Operation,3,Angle,1,On Roadway,1,Clear,88,Not Applicable,1,Daylight,1,Dry,0,None,88,Not Applicable,88,Not Applicable,0,None,88,Not Applicable,88,Not Applicable,2,Intersection,2,Four-Way Intersection,1,No,1,No,88,Not Applicable,88,Not Applicable,88,Not Applicable,88,Not Applicable,TRUE,1,Public Road,1,"Trafficway, On Road",CT0009300,New Haven PD,97,10:45.0,C,Closed,00:43.0,,,,,,,
924133,1,Complete,924133,924133,41.308462,-72.903372,3421288,New Haven,93,93,New Haven,4/9/2022,2022,4,April,9,7,Saturday,16:00:00,16,22011288,A,1,,Tree (standing),"Injury of any type (Serious, Minor, Possible)",C,Possible Injury (C),0,0,4,Local,0.93,264,GRAND AV,GRAND AV,,JAMES ST,25,Feet,W,41.308462,-72.903372,32,Tree (standing),88,Not Applicable,1,On Roadway,1,Clear,88,Not Applicable,1,Daylight,1,Dry,0,None,88,Not Applicable,88,Not Applicable,0,None,88,Not Applicable,88,Not Applicable,1,Non-Junction,1,Not at Intersection,1,No,1,No,88,Not Applicable,88,Not Applicable,88,Not Applicable,88,Not Applicable,FALSE,1,Public Road,1,"Trafficway, On Road",CT0009300,New Haven PD,83,30:55.0,C,Closed,00:40.0,,2,14400,4,MINOR ARTERIAL - NEW HPMS,2,Urban
924138,1,Complete,924138,924138,41.307069,-72.938919,3421293,New Haven,93,93,New Haven,4/9/2022,2022,4,April,9,7,Saturday,18:20:00,18,22011316,A,2,,Motor Vehicle In Motion,"Injury of any type (Serious, Minor, Possible)",C,Possible Injury (C),0,0,4,Local,0.84,809,REV DR MLK JR BLVD,REV DR MLK JR BLVD,DWIGHT ST,,,,,41.307069,-72.938919,14,Motor Vehicle in Operation,3,Angle,1,On Roadway,2,Cloudy,88,Not Applicable,1,Daylight,1,Dry,0,None,88,Not Applicable,88,Not Applicable,0,None,88,Not Applicable,88,Not Applicable,2,Intersection,2,Four-Way Intersection,1,No,1,No,88,Not Applicable,88,Not Applicable,88,Not Applicable,88,Not Applicable,FALSE,1,Public Road,1,"Trafficway, On Road",CT0009300,New Haven PD,40956,09:58.0,C,Closed,00:43.0,,,,,,,
924139,1,Complete,924139,924139,41.33306,-72.86538,3421294,New Haven,93,93,New Haven,4/9/2022,2022,4,April,9,7,Saturday,20:30:00,20,22011323,A,3,,Motor Vehicle In Motion,"Injury of any type (Serious, Minor, Possible)",B,Suspected Minor Injury (B),0,0,4,Local,0.16,410,MELROSE DR,MELROSE DR,,GLEN HAVEN RD,200,Feet,S,41.33306,-72.86538,14,Motor Vehicle in Operation,1,Front to rear,1,On Roadway,1,Clear,88,Not Applicable,5,Dark-Not Lighted,1,Dry,0,None,88,Not Applicable,88,Not Applicable,0,None,88,Not Applicable,88,Not Applicable,1,Non-Junction,1,Not at Intersection,1,No,1,No,88,Not Applicable,88,Not Applicable,88,Not Applicable,88,Not Applicable,TRUE,1,Public Road,1,"Trafficway, On Road",CT0009300,New Haven PD,42055,23:50.0,C,Closed,00:50.0,,,,,,,
924144,1,Complete,924144,924144,41.282655,-72.938068,3421299,New Haven,93,93,New Haven,4/10/2022,2022,4,April,10,1,Sunday,10:00:00,10,22011368,A,2,,Motor Vehicle In Motion,"Injury of any type (Serious, Minor, Possible)",C,Possible Injury (C),0,0,3,State,0.95,745,745-E,745-E,,ELLA T GRASSO BLVD,40,Feet,E,41.282655,-72.938068,14,Motor Vehicle in Operation,1,Front to rear,1,On Roadway,1,Clear,88,Not Applicable,1,Daylight,1,Dry,0,None,88,Not Applicable,88,Not Applicable,0,None,88,Not Applicable,88,Not Applicable,1,Non-Junction,1,Not at Intersection,1,No,1,No,88,Not Applicable,88,Not Applicable,88,Not Applicable,88,Not Applicable,FALSE,1,Public Road,1,"Trafficway, On Road",CT0009300,New Haven PD,295,00:53.0,C,Closed,00:48.0,,2,15200,4,MINOR ARTERIAL - NEW HPMS,2,Urban
924146,1,Complete,924146,924146,41.313737,-72.878762,3421301,New Haven,93,93,New Haven,4/10/2022,2022,4,April,10,1,Sunday,17:30:00,17,22011396,A,2,,Motor Vehicle In Motion,"Injury of any type (Serious, Minor, Possible)",C,Possible Injury (C),0,0,4,Local,1.67,498,QUINNIPIAC AV,QUINNIPIAC AV,HEMINGWAY ST,,,,,41.313737,-72.878762,14,Motor Vehicle in Operation,5,"Sideswipe, opposite direction",1,On Roadway,1,Clear,88,Not Applicable,1,Daylight,1,Dry,0,None,88,Not Applicable,88,Not Applicable,0,None,88,Not Applicable,88,Not Applicable,2,Intersection,3,T-Intersection,1,No,1,No,88,Not Applicable,88,Not Applicable,88,Not Applicable,88,Not Applicable,TRUE,1,Public Road,1,"Trafficway, On Road",CT0009300,New Haven PD,42055,31:14.0,O,Open,00:49.0,,,,,,,
924147,1,Complete,924147,924147,41.3175,-72.94461,3421302,New Haven,93,93,New Haven,4/10/2022,2022,4,April,10,1,Sunday,19:51:00,19,22011410,A,1,,Tree (standing),"Injury of any type (Serious, Minor, Possible)",C,Possible Injury (C),0,0,4,Local,0.75,775,WINTHROP AV NO 2,WINTHROP AV NO 2,,WHALLEY AVE,50,Feet,N,41.3175,-72.94461,32,Tree (standing),88,Not Applicable,1,On Roadway,1,Clear,88,Not Applicable,4,Dark-Lighted,1,Dry,0,None,88,Not Applicable,88,Not Applicable,0,None,88,Not Applicable,88,Not Applicable,1,Non-Junction,1,Not at Intersection,1,No,1,No,88,Not Applicable,88,Not Applicable,88,Not Applicable,88,Not Applicable,FALSE,1,Public Road,1,"Trafficway, On Road",CT0009300,New Haven PD,40804,13:54.0,C,Closed,00:50.0,,2,2113,7,LOCAL - NEW HPMS,2,Urban
924763,1,Complete,924763,924763,41.319108,-72.899065,3421918,New Haven,93,93,New Haven,4/3/2022,2022,4,April,3,1,Sunday,13:47:00,13,22010441,A,2,,Motor Vehicle In Motion,"Injury of any type (Serious, Minor, Possible)",C,Possible Injury (C),0,0,2,USRoute,0.34,5,5-N,5-N,,MAY ST,112,Feet,S,41.319108,-72.899065,14,Motor Vehicle in Operation,2,Front to front,1,On Roadway,4,Rain,88,Not Applicable,1,Daylight,2,Wet,0,None,88,Not Applicable,88,Not Applicable,0,None,88,Not Applicable,88,Not Applicable,1,Non-Junction,1,Not at Intersection,1,No,1,No,88,Not Applicable,88,Not Applicable,88,Not Applicable,88,Not Applicable,FALSE,1,Public Road,1,"Trafficway, On Road",CT0009300,New Haven PD,120,23:28.0,C,Closed,01:29.0,,1,19200,4,MINOR ARTERIAL - NEW HPMS,1,Rural
924767,1,Complete,924767,924767,41.33189,-72.92755,3421922,New Haven,93,93,New Haven,4/11/2022,2022,4,April,11,2,Monday,7:31:00,7,22011451,A,2,,Motor Vehicle In Motion,"Injury of any type (Serious, Minor, Possible)",C,Possible Injury (C),0,0,4,Local,0.19,434,NEWHALL ST,NEWHALL ST,HUNTINGTON ST,,,,,41.33189,-72.92755,14,Motor Vehicle in Operation,3,Angle,1,On Roadway,1,Clear,88,Not Applicable,1,Daylight,1,Dry,3,Glare,88,Not Applicable,88,Not Applicable,0,None,88,Not Applicable,88,Not Applicable,2,Intersection,2,Four-Way Intersection,1,No,1,No,88,Not Applicable,88,Not Applicable,88,Not Applicable,88,Not Applicable,FALSE,1,Public Road,1,"Trafficway, On Road",CT0009300,New Haven PD,991,52:51.0,C,Closed,01:30.0,,,,,,,
924772,1,Complete,924772,924772,41.28878,-72.92437,3421927,New Haven,93,93,New Haven,4/11/2022,2022,4,April,11,2,Monday,16:07:00,16,22011532,A,2,,Motor Vehicle In Motion,"Injury of any type (Serious, Minor, Possible)",C,Possible Injury (C),0,0,4,Local,0.36,359,SARGENT DR,SARGENT DR,,I-95 on ramp,50,Feet,S,41.28878,-72.92437,14,Motor Vehicle in Operation,1,Front to rear,1,On Roadway,1,Clear,88,Not Applicable,1,Daylight,1,Dry,0,None,88,Not Applicable,88,Not Applicable,0,None,88,Not Applicable,88,Not Applicable,3,Intersection-Related,3,T-Intersection,1,No,1,No,88,Not Applicable,88,Not Applicable,88,Not Applicable,88,Not Applicable,FALSE,1,Public Road,1,"Trafficway, On Road",CT0009300,New Haven PD,42366,16:38.0,C,Closed,01:34.0,,,,,,,
924773,1,Complete,924773,924773,41.31145,-72.94499,3421928,New Haven,93,93,New Haven,4/11/2022,2022,4,April,11,2,Monday,16:31:00,16,22011537,A,2,,Motor Vehicle In Motion,"Injury of any type (Serious, Minor, Possible)",C,Possible Injury (C),0,0,4,Local,2.84,97,CHAPEL ST,CHAPEL ST,,ORCHARD ST,20,Feet,E,41.31145,-72.94499,14,Motor Vehicle in Operation,1,Front to rear,1,On Roadway,1,Clear,88,Not Applicable,1,Daylight,1,Dry,0,None,88,Not Applicable,88,Not Applicable,0,None,88,Not Applicable,88,Not Applicable,1,Non-Junction,1,Not at Intersection,1,No,1,No,88,Not Applicable,88,Not Applicable,88,Not Applicable,88,Not Applicable,FALSE,1,Public Road,1,"Trafficway, On Road",CT0009300,New Haven PD,503,19:12.0,C,Closed,01:33.0,,,,,,,
924775,1,Complete,924775,924775,41.31369,-72.94008,3421930,New Haven,93,93,New Haven,4/11/2022,2022,4,April,11,2,Monday,18:42:00,18,22011550,A,1,,Tree (standing),"Injury of any type (Serious, Minor, Possible)",C,Possible Injury (C),0,0,4,Local,0.87,453,ORCHARD ST,ORCHARD ST,,ELM ST,50,Feet,N,41.31369,-72.94008,32,Tree (standing),88,Not Applicable,4,Roadside,1,Clear,88,Not Applicable,1,Daylight,1,Dry,0,None,88,Not Applicable,88,Not Applicable,0,None,88,Not Applicable,88,Not Applicable,1,Non-Junction,1,Not at Intersection,1,No,1,No,88,Not Applicable,88,Not Applicable,88,Not Applicable,88,Not Applicable,FALSE,1,Public Road,2,"Trafficway, Not on Road",CT0009300,New Haven PD,42370,08:53.0,C,Closed,01:33.0,,2,4200,4,MINOR ARTERIAL - NEW HPMS,2,Urban
924776,1,Complete,924776,924776,41.312254,-72.948591,3421931,New Haven,93,93,New Haven,4/11/2022,2022,4,April,11,2,Monday,18:35:00,18,22011551,A,1,,Motor Vehicle In Motion,"Injury of any type (Serious, Minor, Possible)",B,Suspected Minor Injury (B),1,0,4,Local,3.04,97,CHAPEL ST,CHAPEL ST,NORTON ST,,,,,41.312254,-72.948591,14,Motor Vehicle in Operation,3,Angle,1,On Roadway,1,Clear,88,Not Applicable,1,Daylight,1,Dry,0,None,88,Not Applicable,88,Not Applicable,0,None,88,Not Applicable,88,Not Applicable,2,Intersection,2,Four-Way Intersection,1,No,1,No,88,Not Applicable,88,Not Applicable,88,Not Applicable,88,Not Applicable,TRUE,1,Public Road,1,"Trafficway, On Road",CT0009300,New Haven PD,362,48:50.0,O,Open,01:34.0,,,,,,,
924777,1,Complete,924777,924777,41.30061,-72.93755,3421932,New Haven,93,93,New Haven,4/11/2022,2022,4,April,11,2,Monday,21:25:00,21,22011568,A,1,,"Other Fixed Object (wall, building, tunnel, etc.)","Injury of any type (Serious, Minor, Possible)",B,Suspected Minor Injury (B),0,1,4,Local,0.01,138,DAGGETT ST,DAGGETT ST,,CONGRESS AVE,50,Feet,S,41.30061,-72.93755,39,"Other Fixed Object (wall, building, tunnel, etc.)",88,Not Applicable,8,"Off Roadway,  Location Unknown",1,Clear,88,Not Applicable,4,Dark-Lighted,1,Dry,0,None,88,Not Applicable,88,Not Applicable,0,None,88,Not Applicable,88,Not Applicable,1,Non-Junction,1,Not at Intersection,1,No,1,No,88,Not Applicable,88,Not Applicable,88,Not Applicable,88,Not Applicable,FALSE,1,Public Road,1,"Trafficway, On Road",CT0009300,New Haven PD,476,17:55.0,O,Open,01:35.0,,2,2329,7,LOCAL - NEW HPMS,2,Urban
925037,1,Complete,925037,925037,41.30279,-72.90252,3422192,New Haven,93,93,New Haven,4/12/2022,2022,4,April,12,3,Tuesday,2:46:00,2,22011352,A,1,,Other Traffic Barrier,"Injury of any type (Serious, Minor, Possible)",B,Suspected Minor Injury (B),0,0,4,Local,0.43,514,RIVER ST,RIVER ST,JAMES ST,,,,,41.30279,-72.90252,31,Other Traffic Barrier,88,Not Applicable,4,Roadside,1,Clear,88,Not Applicable,4,Dark-Lighted,1,Dry,0,None,88,Not Applicable,88,Not Applicable,0,None,88,Not Applicable,88,Not Applicable,2,Intersection,3,T-Intersection,1,No,1,No,88,Not Applicable,88,Not Applicable,88,Not Applicable,88,Not Applicable,FALSE,1,Public Road,1,"Trafficway, On Road",CT0009300,New Haven PD,42044,50:03.0,O,Open,00:42.0,,1,950,5,MAJOR COLLECTOR - NEW HPMS,2,Urban
925045,1,Complete,925045,925045,41.31794,-72.88977,3422200,New Haven,93,93,New Haven,4/12/2022,2022,4,April,12,3,Tuesday,16:09:00,16,22011675,A,2,,Motor Vehicle In Motion,"Injury of any type (Serious, Minor, Possible)",C,Possible Injury (C),0,0,4,Local,0.33,159,DOWNING ST,DOWNING ST,DEL RIO DR,,,,,41.31794,-72.88977,14,Motor Vehicle in Operation,3,Angle,1,On Roadway,1,Clear,88,Not Applicable,1,Daylight,1,Dry,0,None,88,Not Applicable,88,Not Applicable,0,None,88,Not Applicable,88,Not Applicable,2,Intersection,3,T-Intersection,1,No,1,No,88,Not Applicable,88,Not Applicable,88,Not Applicable,88,Not Applicable,FALSE,1,Public Road,1,"Trafficway, On Road",CT0009300,New Haven PD,40793,07:57.0,C,Closed,00:46.0,,,,,,,
925046,1,Complete,925046,925046,41.30461,-72.89249,3422201,New Haven,93,93,New Haven,4/12/2022,2022,4,April,12,3,Tuesday,19:00:00,19,22011703,A,2,,Motor Vehicle In Motion,"Injury of any type (Serious, Minor, Possible)",C,Possible Injury (C),0,0,4,Local,1.28,240,FRONT ST,FRONT ST,,,,,,41.30461,-72.89249,14,Motor Vehicle in Operation,1,Front to rear,1,On Roadway,1,Clear,88,Not Applicable,1,Daylight,1,Dry,0,None,88,Not Applicable,88,Not Applicable,0,None,88,Not Applicable,88,Not Applicable,2,Intersection,2,Four-Way Intersection,1,No,1,No,88,Not Applicable,88,Not Applicable,88,Not Applicable,88,Not Applicable,FALSE,1,Public Road,1,"Trafficway, On Road",CT0009300,New Haven PD,40815,07:19.0,C,Closed,00:47.0,22011703,,,,,,
925047,1,Complete,925047,925047,41.30373,-72.91582,3422202,New Haven,93,93,New Haven,4/12/2022,2022,4,April,12,3,Tuesday,17:44:00,17,22011706,A,3,,Motor Vehicle In Motion,"Injury of any type (Serious, Minor, Possible)",B,Suspected Minor Injury (B),0,0,4,Local,1.21,97,CHAPEL ST,CHAPEL ST,CHESTNUT ST NO 2,,,,,41.30373,-72.91582,14,Motor Vehicle in Operation,4,"Sideswipe, same direction",1,On Roadway,1,Clear,88,Not Applicable,1,Daylight,1,Dry,0,None,88,Not Applicable,88,Not Applicable,0,None,88,Not Applicable,88,Not Applicable,2,Intersection,3,T-Intersection,1,No,1,No,88,Not Applicable,88,Not Applicable,88,Not Applicable,88,Not Applicable,TRUE,1,Public Road,1,"Trafficway, On Road",CT0009300,New Haven PD,221,10:05.0,O,Open,00:46.0,,,,,,,
925304,1,Complete,925304,925304,41.30967,-72.89059,3422459,New Haven,93,93,New Haven,4/13/2022,2022,4,April,13,4,Wednesday,13:00:00,13,22006935,A,1,,"Other Post, Pole, or Support","Injury of any type (Serious, Minor, Possible)",B,Suspected Minor Injury (B),0,0,4,Local,0.02,113,CLINTON AV,CLINTON AV,,GRAND AVE,50,Feet,N,41.30967,-72.89059,38,"Other Post, Pole or Support",88,Not Applicable,2,Shoulder,1,Clear,88,Not Applicable,1,Daylight,1,Dry,0,None,88,Not Applicable,88,Not Applicable,0,None,88,Not Applicable,88,Not Applicable,1,Non-Junction,1,Not at Intersection,1,No,1,No,88,Not Applicable,88,Not Applicable,88,Not Applicable,88,Not Applicable,FALSE,1,Public Road,1,"Trafficway, On Road",CT0009300,New Haven PD,193,06:23.0,C,Closed,02:00.0,,2,3900,7,LOCAL - NEW HPMS,2,Urban
925305,1,Complete,925305,925305,41.30638,-72.89666,3422460,New Haven,93,93,New Haven,3/14/2022,2022,3,March,14,2,Monday,20:33:00,20,22007913,A,2,,Motor Vehicle In Motion,"Injury of any type (Serious, Minor, Possible)",C,Possible Injury (C),0,0,4,Local,0.39,673,WOLCOTT ST,WOLCOTT ST,POPLAR ST,,,,,41.30638,-72.89666,14,Motor Vehicle in Operation,3,Angle,1,On Roadway,1,Clear,88,Not Applicable,4,Dark-Lighted,1,Dry,0,None,88,Not Applicable,88,Not Applicable,0,None,88,Not Applicable,88,Not Applicable,2,Intersection,2,Four-Way Intersection,1,No,1,No,88,Not Applicable,88,Not Applicable,88,Not Applicable,88,Not Applicable,FALSE,1,Public Road,1,"Trafficway, On Road",CT0009300,New Haven PD,193,33:48.0,C,Closed,01:58.0,,,,,,,
925306,1,Complete,925306,925306,41.31833,-72.94757,3422461,New Haven,93,93,New Haven,4/11/2022,2022,4,April,11,2,Monday,0:50:00,0,22011429,A,3,,Motor Vehicle In Motion,"Injury of any type (Serious, Minor, Possible)",C,Possible Injury (C),0,0,4,Local,0.58,193,ELLSWORTH AV,ELLSWORTH AV,,Whalley ave,30,Feet,S,41.31833,-72.94757,14,Motor Vehicle in Operation,1,Front to rear,1,On Roadway,1,Clear,88,Not Applicable,4,Dark-Lighted,1,Dry,0,None,88,Not Applicable,88,Not Applicable,0,None,88,Not Applicable,88,Not Applicable,3,Intersection-Related,2,Four-Way Intersection,1,No,1,No,88,Not Applicable,88,Not Applicable,88,Not Applicable,88,Not Applicable,FALSE,1,Public Road,1,"Trafficway, On Road",CT0009300,New Haven PD,40951,17:56.0,C,Closed,01:51.0,,4,,7,LOCAL - NEW HPMS,2,Urban
925308,1,Complete,925308,925308,41.31896,-72.94878,3422463,New Haven,93,93,New Haven,4/12/2022,2022,4,April,12,3,Tuesday,13:02:00,13,22011647,A,2,,Motor Vehicle In Motion,"Injury of any type (Serious, Minor, Possible)",C,Possible Injury (C),0,0,4,Local,0.01,653,WHALLEY AV,WHALLEY AV,,ELLA T GRASSO BLVD,100,Feet,W,41.31896,-72.94878,14,Motor Vehicle in Operation,4,"Sideswipe, same direction",1,On Roadway,1,Clear,88,Not Applicable,1,Daylight,1,Dry,0,None,88,Not Applicable,88,Not Applicable,0,None,88,Not Applicable,88,Not Applicable,1,Non-Junction,1,Not at Intersection,1,No,1,No,88,Not Applicable,88,Not Applicable,88,Not Applicable,88,Not Applicable,FALSE,1,Public Road,1,"Trafficway, On Road",CT0009300,New Haven PD,40807,07:05.0,C,Closed,01:54.0,,,,,,,
925309,1,Complete,925309,925309,41.314378,-72.94335,3422464,New Haven,93,93,New Haven,4/12/2022,2022,4,April,12,3,Tuesday,14:03:00,14,22011659,A,2,,Motor Vehicle In Motion,"Injury of any type (Serious, Minor, Possible)",B,Suspected Minor Injury (B),0,0,4,Local,0.61,556,SHERMAN AV,SHERMAN AV,,Maple st,50,Feet,N,41.314378,-72.94335,14,Motor Vehicle in Operation,2,Front to front,1,On Roadway,1,Clear,88,Not Applicable,1,Daylight,1,Dry,0,None,88,Not Applicable,88,Not Applicable,0,None,88,Not Applicable,88,Not Applicable,2,Intersection,2,Four-Way Intersection,1,No,1,No,88,Not Applicable,88,Not Applicable,88,Not Applicable,88,Not Applicable,FALSE,1,Public Road,1,"Trafficway, On Road",CT0009300,New Haven PD,349,56:49.0,C,Closed,01:56.0,,,,,,,
925315,1,Complete,925315,925315,41.32017,-72.9401,3422470,New Haven,93,93,New Haven,4/13/2022,2022,4,April,13,4,Wednesday,14:13:00,14,22011807,A,3,,Motor Vehicle In Motion,"Injury of any type (Serious, Minor, Possible)",C,Possible Injury (C),0,0,4,Local,0.02,557,SHERMAN PKWY,SHERMAN PKWY,,GOFFE ST,100,Feet,N,41.32017,-72.9401,14,Motor Vehicle in Operation,4,"Sideswipe, same direction",1,On Roadway,1,Clear,88,Not Applicable,1,Daylight,1,Dry,0,None,88,Not Applicable,88,Not Applicable,0,None,88,Not Applicable,88,Not Applicable,11,Through Roadway,1,Not at Intersection,1,No,1,No,88,Not Applicable,88,Not Applicable,88,Not Applicable,88,Not Applicable,FALSE,1,Public Road,1,"Trafficway, On Road",CT0009300,New Haven PD,991,11:47.0,C,Closed,02:02.0,,,,,,,
925319,1,Complete,925319,925319,41.33144,-72.93522,3422474,New Haven,93,93,New Haven,4/13/2022,2022,4,April,13,4,Wednesday,16:23:00,16,22011830,A,2,,Motor Vehicle In Motion,"Injury of any type (Serious, Minor, Possible)",C,Possible Injury (C),0,0,4,Local,1.31,152,DIXWELL AV,DIXWELL AV,BREWSTER ST,,,,,41.33144,-72.93522,14,Motor Vehicle in Operation,3,Angle,1,On Roadway,1,Clear,88,Not Applicable,1,Daylight,1,Dry,0,None,88,Not Applicable,88,Not Applicable,0,None,88,Not Applicable,88,Not Applicable,2,Intersection,3,T-Intersection,1,No,1,No,88,Not Applicable,88,Not Applicable,88,Not Applicable,88,Not Applicable,TRUE,1,Public Road,1,"Trafficway, On Road",CT0009300,New Haven PD,42052,45:27.0,C,Closed,02:01.0,,,,,,,
925584,1,Complete,925584,925584,41.30656,-72.95147,3422738,New Haven,93,93,New Haven,4/7/2022,2022,4,April,7,5,Thursday,16:15:00,16,22011024,A,3,,Motor Vehicle In Motion,"Injury of any type (Serious, Minor, Possible)",C,Possible Injury (C),0,0,4,Local,1.49,809,REV DR MLK JR BLVD,REV DR MLK JR BLVD,,ELLA T GRASSO BLVD,150,Feet,E,41.30656,-72.95147,14,Motor Vehicle in Operation,3,Angle,1,On Roadway,4,Rain,88,Not Applicable,1,Daylight,2,Wet,0,None,88,Not Applicable,88,Not Applicable,3,Backup Due to Regular Congestion,88,Not Applicable,88,Not Applicable,1,Non-Junction,1,Not at Intersection,1,No,1,No,88,Not Applicable,88,Not Applicable,88,Not Applicable,88,Not Applicable,FALSE,1,Public Road,1,"Trafficway, On Road",CT0009300,New Haven PD,40803,50:39.0,C,Closed,00:59.0,,,,,,,
925588,1,Complete,925588,925588,41.30353,-72.90251,3422742,New Haven,93,93,New Haven,4/13/2022,2022,4,April,13,4,Wednesday,15:27:00,15,22011810,A,3,,Motor Vehicle In Motion,"Injury of any type (Serious, Minor, Possible)",C,Possible Injury (C),0,1,4,Local,0.89,327,JAMES ST,JAMES ST,,CHAPEL ST,50,Feet,S,41.30353,-72.90251,14,Motor Vehicle in Operation,4,"Sideswipe, same direction",1,On Roadway,1,Clear,88,Not Applicable,1,Daylight,1,Dry,0,None,88,Not Applicable,88,Not Applicable,0,None,88,Not Applicable,88,Not Applicable,11,Through Roadway,1,Not at Intersection,1,No,1,No,88,Not Applicable,88,Not Applicable,88,Not Applicable,88,Not Applicable,FALSE,1,Public Road,1,"Trafficway, On Road",CT0009300,New Haven PD,150,43:27.0,C,Closed,01:03.0,,,,,,,
925589,1,Complete,925589,925589,41.32846,-72.95458,3422743,New Haven,93,93,New Haven,4/13/2022,2022,4,April,13,4,Wednesday,20:29:00,20,22011870,A,2,,Motor Vehicle In Motion,"Injury of any type (Serious, Minor, Possible)",A,Suspected Serious Injury (A),0,0,4,Local,0.65,56,BLAKE ST,BLAKE ST,FARNHAM AV,,,,,41.32846,-72.95458,14,Motor Vehicle in Operation,3,Angle,1,On Roadway,1,Clear,88,Not Applicable,4,Dark-Lighted,1,Dry,0,None,88,Not Applicable,88,Not Applicable,0,None,88,Not Applicable,88,Not Applicable,2,Intersection,3,T-Intersection,1,No,1,No,88,Not Applicable,88,Not Applicable,88,Not Applicable,88,Not Applicable,FALSE,1,Public Road,1,"Trafficway, On Road",CT0009300,New Haven PD,42051,24:44.0,C,Closed,01:02.0,22-011870,,,,,,
925596,1,Complete,925596,925596,41.26535,-72.89651,3422750,New Haven,93,93,New Haven,4/14/2022,2022,4,April,14,5,Thursday,19:55:00,19,22012001,A,2,,Motor Vehicle In Motion,"Injury of any type (Serious, Minor, Possible)",C,Possible Injury (C),0,0,3,State,1.7,337,337-E,337-E,,MYRON ST,30,Feet,S,41.26535,-72.89651,14,Motor Vehicle in Operation,2,Front to front,1,On Roadway,4,Rain,88,Not Applicable,4,Dark-Lighted,2,Wet,1,Weather Conditions,0,None,88,Not Applicable,0,None,88,Not Applicable,88,Not Applicable,11,Through Roadway,1,Not at Intersection,1,No,1,No,99,Unknown,88,Not Applicable,88,Not Applicable,88,Not Applicable,FALSE,1,Public Road,1,"Trafficway, On Road",CT0009300,New Haven PD,40793,03:26.0,C,Closed,01:06.0,,1,5500,4,MINOR ARTERIAL - NEW HPMS,1,Rural
925597,1,Complete,925597,925597,41.31538,-72.92094,3422751,New Haven,93,93,New Haven,4/14/2022,2022,4,April,14,5,Thursday,21:19:00,21,22012012,A,1,,Motor Vehicle In Motion,"Injury of any type (Serious, Minor, Possible)",C,Possible Injury (C),1,0,4,Local,0.35,656,WHITNEY AV,WHITNEY AV,SACHEM ST,,,,,41.31538,-72.92094,14,Motor Vehicle in Operation,3,Angle,1,On Roadway,4,Rain,88,Not Applicable,4,Dark-Lighted,2,Wet,0,None,88,Not Applicable,88,Not Applicable,0,None,88,Not Applicable,88,Not Applicable,3,Intersection-Related,3,T-Intersection,1,No,1,No,88,Not Applicable,88,Not Applicable,88,Not Applicable,88,Not Applicable,TRUE,1,Public Road,1,"Trafficway, On Road",CT0009300,New Haven PD,30,22:06.0,C,Closed,01:07.0,NONE,,,,,,