CrashId,Fatal Case Status,Fatal Case Status Text Format,CrashId,CrashId,Latitude,Longitude,DOT Case Number,Town Name,Town Number,Town Number,Town Number Text Format,Date Of Crash,Year,Month,Month Text Format,Day,Day of the Week,Day of the Week Text Format,Time of Crash,Hour of the Day,Case Identifier,Crash Severity,Number Of Motor Vehicles,Motor vehicle action,Most harmful event,Crash Severity Text Format,Most Severe Injury,Most Severe Injury Text Format,Number Of Non-Motorist,Number Of Witnesses,Route Class,Route Class Text Format,Milemarker,Road Number,Road Description,Roadway Name,Intersecting Roadway Name,Landmark Description,Distance From Nearest Landmark,Unit Of Measure From Nearest Landmark,Direction From Nearest Landmark,Latitude,Longitude,First Harmful Event,First Harmful Event Text Format,Manner of Crash / Collision Impact,Manner of Crash / Collision Impact Text Format,Location of First Harmful Event,Location of First Harmful Event Text Format,Weather Condition,Weather Condition Text Format,Weather 2,Weather 2 Text Format,Light Condition,Light Condition Text Format,Road Surface Condition,Road Surface Condition Text Format,"Contributing Circumstances, Environment","Contributing Circumstances, Environment Text Format",Environment 2,Environment 2 Text Format,Environment 3,Environment 3 Text Format,"Contributing Circumstances, Road","Contributing Circumstances, Road Text Format",Road 2,Road 2 Text Format,Road 3,Road 3 Text Format,Crash Specific Location,Crash Specific Location Text Format,Type of Intersection,Type of Intersection Text Format,School Bus Related,School Bus Related Text Format,Work Zone Related,Work Zone Related Text Format,Location Of Crash Relative To Work Zone,Location Of Crash Relative To Work Zone Text Format,Type of Work Zone,Type of Work Zone Text Format,Worker Presence,Worker Presence Text Format,Law Enforcement Presence,Law Enforcement Presence Text Format,Were Vehicles Moved Prior To Police Arrival,Trafficway Ownership,Trafficway Ownership Text Format,Trafficway Class,Trafficway Class Text Format,Police Agency,Police Agency Text Format,Badge Number,Approval Date,Police Case Status,Police Case Status Text Format,Crash Report Submission Date,Related Case Identifiers,No. of Through Lanes (Log Dir.),Average Daily Traffic,Functional Classification,Functional Classification Text Format,Rural or Urban,Rural or Urban Text Format
925950,1,Complete,925950,925950,41.323879,-72.881531,3423104,New Haven,93,93,New Haven,3/17/2022,2022,3,March,17,5,Thursday,20:05:00,20,22008357,A,2,,Motor Vehicle In Motion,"Injury of any type (Serious, Minor, Possible)",C,Possible Injury (C),0,1,3,State,0.22,17,17-N,17-N,80-W,,,,,41.323879,-72.881531,14,Motor Vehicle in Operation,3,Angle,1,On Roadway,2,Cloudy,88,Not Applicable,4,Dark-Lighted,1,Dry,0,None,88,Not Applicable,88,Not Applicable,0,None,88,Not Applicable,88,Not Applicable,2,Intersection,2,Four-Way Intersection,1,No,1,No,88,Not Applicable,88,Not Applicable,88,Not Applicable,88,Not Applicable,TRUE,1,Public Road,1,"Trafficway, On Road",CT0009300,New Haven PD,178,52:51.0,C,Closed,00:59.0,,1,21600,3,PRINCIPAL ARTERIAL - OTHER - NEW HPMS,1,Rural
925953,1,Complete,925953,925953,41.300246,-72.9436,3423107,New Haven,93,93,New Haven,4/11/2022,2022,4,April,11,2,Monday,16:00:00,16,22011523,A,2,,Motor Vehicle In Motion,"Injury of any type (Serious, Minor, Possible)",C,Possible Injury (C),0,0,4,Local,0.29,141,DAVENPORT AV,DAVENPORT AV,WEST ST,,,,,41.300246,-72.9436,14,Motor Vehicle in Operation,3,Angle,1,On Roadway,1,Clear,88,Not Applicable,1,Daylight,1,Dry,0,None,88,Not Applicable,88,Not Applicable,0,None,88,Not Applicable,88,Not Applicable,2,Intersection,3,T-Intersection,2,"Yes, School Bus Directly Involved",1,No,88,Not Applicable,88,Not Applicable,88,Not Applicable,88,Not Applicable,FALSE,1,Public Road,1,"Trafficway, On Road",CT0009300,New Haven PD,266,11:25.0,C,Closed,00:50.0,,2,6000,4,MINOR ARTERIAL - NEW HPMS,2,Urban
925958,1,Complete,925958,925958,41.3392,-72.97601,3423112,New Haven,93,93,New Haven,4/14/2022,2022,4,April,14,5,Thursday,20:40:00,20,22012007,A,2,,Motor Vehicle In Motion,"Injury of any type (Serious, Minor, Possible)",C,Possible Injury (C),0,0,4,Local,0.06,485,POND LILY AV,POND LILY AV,BANK ST,BANK ST,62,Feet,W,41.3392,-72.97601,14,Motor Vehicle in Operation,3,Angle,1,On Roadway,4,Rain,4,Rain,5,Dark-Not Lighted,2,Wet,1,Weather Conditions,1,Weather Conditions,1,Weather Conditions,0,None,88,Not Applicable,88,Not Applicable,2,Intersection,2,Four-Way Intersection,1,No,1,No,88,Not Applicable,88,Not Applicable,88,Not Applicable,88,Not Applicable,FALSE,1,Public Road,1,"Trafficway, On Road",CT0009300,New Haven PD,55,41:32.0,C,Closed,00:58.0,,,,,,,
925959,1,Complete,925959,925959,41.31516,-72.943,3423113,New Haven,93,93,New Haven,4/14/2022,2022,4,April,14,5,Thursday,21:59:00,21,22012020,A,3,,Motor Vehicle In Motion,"Injury of any type (Serious, Minor, Possible)",A,Suspected Serious Injury (A),0,0,4,Local,0.67,556,SHERMAN AV,SHERMAN AV,ELM ST NO 1,,,,,41.31516,-72.943,14,Motor Vehicle in Operation,3,Angle,1,On Roadway,4,Rain,88,Not Applicable,5,Dark-Not Lighted,2,Wet,0,None,88,Not Applicable,88,Not Applicable,0,None,88,Not Applicable,88,Not Applicable,2,Intersection,2,Four-Way Intersection,1,No,1,No,88,Not Applicable,88,Not Applicable,88,Not Applicable,88,Not Applicable,FALSE,1,Public Road,1,"Trafficway, On Road",CT0009300,New Haven PD,40803,10:07.0,C,Closed,00:53.0,,,,,,,
925960,1,Complete,925960,925960,41.32078,-72.87378,3423114,New Haven,93,93,New Haven,4/15/2022,2022,4,April,15,6,Friday,10:17:00,10,22012046,A,2,,Motor Vehicle In Motion,"Injury of any type (Serious, Minor, Possible)",C,Possible Injury (C),0,1,3,State,0.45,80,80-E,80-E,,QUINNIPIAC AVE,20,Feet,E,41.32078,-72.87378,14,Motor Vehicle in Operation,1,Front to rear,1,On Roadway,1,Clear,88,Not Applicable,1,Daylight,1,Dry,0,None,88,Not Applicable,88,Not Applicable,0,None,88,Not Applicable,88,Not Applicable,3,Intersection-Related,2,Four-Way Intersection,1,No,1,No,88,Not Applicable,88,Not Applicable,88,Not Applicable,88,Not Applicable,FALSE,1,Public Road,1,"Trafficway, On Road",CT0009300,New Haven PD,40793,12:05.0,O,Open,00:52.0,,2,32300,3,PRINCIPAL ARTERIAL - OTHER - NEW HPMS,2,Urban
925975,1,Complete,925975,925975,41.32699,-72.9352,3423129,New Haven,93,93,New Haven,4/16/2022,2022,4,April,16,7,Saturday,0:42:00,0,22012183,A,2,,Motor Vehicle In Motion,"Injury of any type (Serious, Minor, Possible)",C,Possible Injury (C),0,0,4,Local,1,152,DIXWELL AV,DIXWELL AV,DIVISION ST,,,,,41.32699,-72.9352,14,Motor Vehicle in Operation,3,Angle,1,On Roadway,1,Clear,88,Not Applicable,4,Dark-Lighted,1,Dry,0,None,88,Not Applicable,88,Not Applicable,0,None,88,Not Applicable,88,Not Applicable,2,Intersection,2,Four-Way Intersection,1,No,1,No,88,Not Applicable,88,Not Applicable,88,Not Applicable,88,Not Applicable,FALSE,1,Public Road,1,"Trafficway, On Road",CT0009300,New Haven PD,41104,27:54.0,C,Closed,01:03.0,,,,,,,
925978,1,Complete,925978,925978,41.31046,-72.9514,3423132,New Haven,93,93,New Haven,4/16/2022,2022,4,April,16,7,Saturday,2:15:00,2,22012196,A,2,,Motor Vehicle In Motion,"Injury of any type (Serious, Minor, Possible)",C,Possible Injury (C),0,0,4,Local,0.3,147,DERBY AV,DERBY AV,ELLSWORTH AV,,,,,41.31046,-72.9514,14,Motor Vehicle in Operation,3,Angle,1,On Roadway,1,Clear,88,Not Applicable,4,Dark-Lighted,1,Dry,0,None,88,Not Applicable,88,Not Applicable,0,None,88,Not Applicable,88,Not Applicable,2,Intersection,2,Four-Way Intersection,1,No,1,No,88,Not Applicable,88,Not Applicable,88,Not Applicable,88,Not Applicable,FALSE,1,Public Road,1,"Trafficway, On Road",CT0009300,New Haven PD,40789,26:16.0,C,Closed,01:04.0,,,,,,,
925983,1,Complete,925983,925983,41.3169209,-72.9423141,3423137,New Haven,93,93,New Haven,4/16/2022,2022,4,April,16,7,Saturday,12:59:00,12,22012224,A,2,,Motor Vehicle In Motion,"Injury of any type (Serious, Minor, Possible)",B,Suspected Minor Injury (B),0,0,4,Local,0.79,556,SHERMAN AV,SHERMAN AV,,WHALLEY AVE,100,Feet,N,41.3169209,-72.9423141,14,Motor Vehicle in Operation,1,Front to rear,1,On Roadway,2,Cloudy,88,Not Applicable,1,Daylight,1,Dry,0,None,88,Not Applicable,88,Not Applicable,0,None,88,Not Applicable,88,Not Applicable,1,Non-Junction,1,Not at Intersection,1,No,1,No,88,Not Applicable,88,Not Applicable,88,Not Applicable,88,Not Applicable,FALSE,1,Public Road,1,"Trafficway, On Road",CT0009300,New Haven PD,40812,22:26.0,C,Closed,01:06.0,,,,,,,
925989,1,Complete,925989,925989,41.30523,-72.95249,3423143,New Haven,93,93,New Haven,4/16/2022,2022,4,April,16,7,Saturday,19:20:00,19,22012266,A,2,,Motor Vehicle In Motion,"Injury of any type (Serious, Minor, Possible)",C,Possible Injury (C),0,0,3,State,2.03,10,10-N,10-N,,LEGION AVE,100,Feet,S,41.30523,-72.95249,14,Motor Vehicle in Operation,5,"Sideswipe, opposite direction",1,On Roadway,1,Clear,88,Not Applicable,1,Daylight,1,Dry,0,None,88,Not Applicable,88,Not Applicable,0,None,88,Not Applicable,88,Not Applicable,1,Non-Junction,1,Not at Intersection,1,No,1,No,88,Not Applicable,88,Not Applicable,88,Not Applicable,88,Not Applicable,FALSE,1,Public Road,1,"Trafficway, On Road",CT0009300,New Haven PD,42056,48:52.0,C,Closed,01:19.0,,2,20800,3,PRINCIPAL ARTERIAL - OTHER - NEW HPMS,2,Urban
925994,1,Complete,925994,925994,41.30858,-72.87376,3423148,New Haven,93,93,New Haven,4/17/2022,2022,4,April,17,1,Sunday,12:12:00,12,22012329,A,2,,Motor Vehicle In Motion,"Injury of any type (Serious, Minor, Possible)",C,Possible Injury (C),0,0,4,Local,0.11,167,EASTERN ST,EASTERN ST,CLIFTON ST,,,,,41.30858,-72.87376,14,Motor Vehicle in Operation,3,Angle,1,On Roadway,1,Clear,88,Not Applicable,1,Daylight,1,Dry,0,None,88,Not Applicable,88,Not Applicable,0,None,88,Not Applicable,88,Not Applicable,2,Intersection,3,T-Intersection,1,No,1,No,88,Not Applicable,88,Not Applicable,88,Not Applicable,88,Not Applicable,FALSE,1,Public Road,1,"Trafficway, On Road",CT0009300,New Haven PD,40807,39:51.0,C,Closed,01:16.0,,,,,,,
926578,1,Complete,926578,926578,41.305926,-72.94693349,3423732,New Haven,93,93,New Haven,4/11/2022,2022,4,April,11,2,Monday,10:18:00,10,22011471,A,2,,Motor Vehicle In Motion,"Injury of any type (Serious, Minor, Possible)",A,Suspected Serious Injury (A),0,1,4,Local,0.29,360,LEGION AV-RT 34,LEGION AV-RT 34,SHERMAN AV,,,,,41.305926,-72.94693349,14,Motor Vehicle in Operation,4,"Sideswipe, same direction",1,On Roadway,1,Clear,88,Not Applicable,1,Daylight,1,Dry,0,None,88,Not Applicable,88,Not Applicable,0,None,88,Not Applicable,88,Not Applicable,2,Intersection,2,Four-Way Intersection,1,No,1,No,88,Not Applicable,88,Not Applicable,88,Not Applicable,88,Not Applicable,TRUE,1,Public Road,1,"Trafficway, On Road",CT0009300,New Haven PD,301,28:32.0,O,Open,01:33.0,,,,,,,
926584,1,Complete,926584,926584,41.320077,-72.87107,3423738,New Haven,93,93,New Haven,4/17/2022,2022,4,April,17,1,Sunday,14:47:00,14,22012353,A,2,,Motor Vehicle In Motion,"Injury of any type (Serious, Minor, Possible)",C,Possible Injury (C),0,0,3,State,0.61,80,80-E,80-E,,EASTERN ST,200,Feet,E,41.320077,-72.87107,14,Motor Vehicle in Operation,3,Angle,1,On Roadway,1,Clear,88,Not Applicable,1,Daylight,1,Dry,0,None,88,Not Applicable,88,Not Applicable,0,None,88,Not Applicable,88,Not Applicable,9,Driveway Access-Related,1,Not at Intersection,1,No,1,No,88,Not Applicable,88,Not Applicable,88,Not Applicable,88,Not Applicable,FALSE,1,Public Road,1,"Trafficway, On Road",CT0009300,New Haven PD,156,58:10.0,C,Closed,01:32.0,,2,32300,3,PRINCIPAL ARTERIAL - OTHER - NEW HPMS,2,Urban
926585,1,Complete,926585,926585,41.312263,-72.948679,3423739,New Haven,93,93,New Haven,4/18/2022,2022,4,April,18,2,Monday,8:43:00,8,22012425,A,3,,Motor Vehicle In Motion,"Injury of any type (Serious, Minor, Possible)",C,Possible Injury (C),0,0,4,Local,3.04,97,CHAPEL ST,CHAPEL ST,NORTON ST,,,,,41.312263,-72.948679,14,Motor Vehicle in Operation,3,Angle,1,On Roadway,1,Clear,88,Not Applicable,1,Daylight,1,Dry,99,Unknown,88,Not Applicable,88,Not Applicable,0,None,88,Not Applicable,88,Not Applicable,2,Intersection,2,Four-Way Intersection,1,No,1,No,88,Not Applicable,88,Not Applicable,88,Not Applicable,88,Not Applicable,FALSE,1,Public Road,1,"Trafficway, On Road",CT0009300,New Haven PD,11439,43:17.0,C,Closed,01:35.0,,,,,,,
926589,1,Complete,926589,926589,41.31054,-72.93466,3423743,New Haven,93,93,New Haven,4/18/2022,2022,4,April,18,2,Monday,14:21:00,14,22012473,A,2,,Motor Vehicle In Motion,"Injury of any type (Serious, Minor, Possible)",C,Possible Injury (C),0,0,4,Local,0.33,310,HOWE ST,HOWE ST,,,50,Feet,E,41.31054,-72.93466,14,Motor Vehicle in Operation,1,Front to rear,2,Shoulder,1,Clear,88,Not Applicable,1,Daylight,1,Dry,0,None,88,Not Applicable,88,Not Applicable,0,None,88,Not Applicable,88,Not Applicable,2,Intersection,2,Four-Way Intersection,1,No,1,No,88,Not Applicable,88,Not Applicable,88,Not Applicable,88,Not Applicable,FALSE,1,Public Road,1,"Trafficway, On Road",CT0009300,New Haven PD,11439,59:52.0,C,Closed,01:38.0,,,,,,,
926590,1,Complete,926590,926590,41.331371,-72.968428,3423744,New Haven,93,93,New Haven,4/18/2022,2022,4,April,18,2,Monday,14:46:00,14,22012475,A,2,,Motor Vehicle In Motion,"Injury of any type (Serious, Minor, Possible)",B,Suspected Minor Injury (B),0,0,4,Local,0.67,612,VALLEY ST NO 1,VALLEY ST NO 1,,STRONG ST,100,Feet,W,41.331371,-72.968428,14,Motor Vehicle in Operation,1,Front to rear,1,On Roadway,2,Cloudy,88,Not Applicable,1,Daylight,1,Dry,0,None,88,Not Applicable,88,Not Applicable,0,None,88,Not Applicable,88,Not Applicable,1,Non-Junction,1,Not at Intersection,1,No,1,No,88,Not Applicable,88,Not Applicable,88,Not Applicable,88,Not Applicable,FALSE,1,Public Road,1,"Trafficway, On Road",CT0009300,New Haven PD,313,38:17.0,C,Closed,01:34.0,,,,,,,
926596,1,Complete,926596,926596,41.30176,-72.92667,3423750,New Haven,93,93,New Haven,4/18/2022,2022,4,April,18,2,Monday,17:47:00,17,22012516,A,2,,Motor Vehicle In Motion,"Injury of any type (Serious, Minor, Possible)",C,Possible Injury (C),0,0,4,Local,0.08,809,REV DR MLK JR BLVD,REV DR MLK JR BLVD,,,,,,41.30176,-72.92667,14,Motor Vehicle in Operation,1,Front to rear,1,On Roadway,1,Clear,88,Not Applicable,1,Daylight,1,Dry,0,None,88,Not Applicable,88,Not Applicable,0,None,88,Not Applicable,88,Not Applicable,2,Intersection,2,Four-Way Intersection,1,No,1,No,88,Not Applicable,88,Not Applicable,88,Not Applicable,88,Not Applicable,TRUE,1,Public Road,1,"Trafficway, On Road",CT0009300,New Haven PD,40790,39:04.0,C,Closed,01:36.0,,,,,,,
926921,1,Complete,926921,926921,41.30571,-72.92885,3424075,New Haven,93,93,New Haven,4/17/2022,2022,4,April,17,1,Sunday,3:00:00,3,22012193,A,3,,Motor Vehicle In Motion,"Injury of any type (Serious, Minor, Possible)",C,Possible Injury (C),0,0,4,Local,0.34,136,CROWN ST,CROWN ST,,TEMPLE ST,100,Feet,E,41.30571,-72.92885,14,Motor Vehicle in Operation,5,"Sideswipe, opposite direction",1,On Roadway,1,Clear,88,Not Applicable,4,Dark-Lighted,1,Dry,0,None,88,Not Applicable,88,Not Applicable,0,None,88,Not Applicable,88,Not Applicable,1,Non-Junction,1,Not at Intersection,1,No,1,No,88,Not Applicable,88,Not Applicable,88,Not Applicable,88,Not Applicable,FALSE,1,Public Road,1,"Trafficway, On Road",CT0009300,New Haven PD,42044,32:14.0,O,Open,00:48.0,,,,,,,
926924,1,Complete,926924,926924,41.29183,-72.94252,3424078,New Haven,93,93,New Haven,4/18/2022,2022,4,April,18,2,Monday,16:58:00,16,22012500,A,2,,Motor Vehicle In Motion,"Injury of any type (Serious, Minor, Possible)",C,Possible Injury (C),0,0,3,State,0.96,10,10-N,10-N,,,,,,41.29183,-72.94252,14,Motor Vehicle in Operation,3,Angle,1,On Roadway,1,Clear,88,Not Applicable,1,Daylight,1,Dry,0,None,88,Not Applicable,88,Not Applicable,0,None,88,Not Applicable,88,Not Applicable,2,Intersection,3,T-Intersection,1,No,1,No,88,Not Applicable,88,Not Applicable,88,Not Applicable,88,Not Applicable,FALSE,1,Public Road,1,"Trafficway, On Road",CT0009300,New Haven PD,319,27:07.0,C,Closed,00:52.0,,2,20300,3,PRINCIPAL ARTERIAL - OTHER - NEW HPMS,2,Urban
926930,1,Complete,926930,926930,41.310633,-72.941433,3424084,New Haven,93,93,New Haven,4/19/2022,2022,4,April,19,3,Tuesday,15:21:00,15,22012634,A,2,,Motor Vehicle In Motion,"Injury of any type (Serious, Minor, Possible)",C,Possible Injury (C),0,0,4,Local,0.65,453,ORCHARD ST,ORCHARD ST,CHAPEL ST,,,,,41.310633,-72.941433,14,Motor Vehicle in Operation,1,Front to rear,1,On Roadway,2,Cloudy,88,Not Applicable,1,Daylight,1,Dry,0,None,88,Not Applicable,88,Not Applicable,0,None,88,Not Applicable,88,Not Applicable,2,Intersection,2,Four-Way Intersection,1,No,1,No,88,Not Applicable,88,Not Applicable,88,Not Applicable,88,Not Applicable,FALSE,1,Public Road,1,"Trafficway, On Road",CT0009300,New Haven PD,34,13:20.0,C,Closed,00:49.0,,,,,,,
926937,1,Complete,926937,926937,41.313481,-72.934138,3424091,New Haven,93,93,New Haven,4/19/2022,2022,4,April,19,3,Tuesday,20:08:00,20,22012686,A,2,,Motor Vehicle In Motion,"Injury of any type (Serious, Minor, Possible)",C,Possible Injury (C),0,0,4,Local,0.86,653,WHALLEY AV,WHALLEY AV,DWIGHT ST,,,,,41.313481,-72.934138,14,Motor Vehicle in Operation,3,Angle,1,On Roadway,2,Cloudy,88,Not Applicable,4,Dark-Lighted,1,Dry,0,None,88,Not Applicable,88,Not Applicable,0,None,88,Not Applicable,88,Not Applicable,2,Intersection,3,T-Intersection,1,No,1,No,88,Not Applicable,88,Not Applicable,88,Not Applicable,88,Not Applicable,FALSE,1,Public Road,1,"Trafficway, On Road",CT0009300,New Haven PD,40956,15:12.0,C,Closed,00:54.0,,,,,,,
927234,1,Complete,927234,927234,41.290844,-72.941296,3424388,New Haven,93,93,New Haven,4/13/2022,2022,4,April,13,4,Wednesday,7:55:00,7,22011758,A,2,,Motor Vehicle In Motion,"Injury of any type (Serious, Minor, Possible)",C,Possible Injury (C),0,0,3,State,0.87,10,10-N,10-N,,WASHINGTON AVE,40,Feet,E,41.290844,-72.941296,14,Motor Vehicle in Operation,1,Front to rear,1,On Roadway,1,Clear,88,Not Applicable,1,Daylight,1,Dry,0,None,88,Not Applicable,88,Not Applicable,0,None,88,Not Applicable,88,Not Applicable,3,Intersection-Related,2,Four-Way Intersection,1,No,1,No,88,Not Applicable,88,Not Applicable,88,Not Applicable,88,Not Applicable,TRUE,1,Public Road,1,"Trafficway, On Road",CT0009300,New Haven PD,26,54:05.0,C,Closed,02:00.0,,2,18000,3,PRINCIPAL ARTERIAL - OTHER - NEW HPMS,2,Urban
927236,1,Complete,927236,927236,41.29427,-72.91781,3424390,New Haven,93,93,New Haven,4/16/2022,2022,4,April,16,7,Saturday,12:46:00,12,22012221,A,6,,Motor Vehicle In Motion,"Injury of any type (Serious, Minor, Possible)",A,Suspected Serious Injury (A),0,0,4,Local,0.7,513,LONG WHARF DR,LONG WHARF DR,,CNAL DOCK RD,150,Feet,S,41.29427,-72.91781,14,Motor Vehicle in Operation,2,Front to front,1,On Roadway,1,Clear,88,Not Applicable,1,Daylight,1,Dry,0,None,88,Not Applicable,88,Not Applicable,0,None,88,Not Applicable,88,Not Applicable,1,Non-Junction,1,Not at Intersection,1,No,1,No,88,Not Applicable,88,Not Applicable,88,Not Applicable,88,Not Applicable,FALSE,1,Public Road,1,"Trafficway, On Road",CT0009300,New Haven PD,40810,37:12.0,C,Closed,02:04.0,,,,,,,
927240,1,Complete,927240,927240,41.321023,-72.890239,3424394,New Haven,93,93,New Haven,4/19/2022,2022,4,April,19,3,Tuesday,23:30:00,23,22012700,A,2,,Motor Vehicle In Motion,"Injury of any type (Serious, Minor, Possible)",C,Possible Injury (C),0,0,4,Local,0.33,411,MIDDLETOWN AV,MIDDLETOWN AV,,FRONT ST,100,Feet,E,41.321023,-72.890239,14,Motor Vehicle in Operation,1,Front to rear,1,On Roadway,1,Clear,88,Not Applicable,4,Dark-Lighted,1,Dry,0,None,88,Not Applicable,88,Not Applicable,0,None,88,Not Applicable,88,Not Applicable,1,Non-Junction,1,Not at Intersection,1,No,1,No,88,Not Applicable,88,Not Applicable,88,Not Applicable,88,Not Applicable,FALSE,1,Public Road,1,"Trafficway, On Road",CT0009300,New Haven PD,296,14:12.0,C,Closed,01:58.0,,,,,,,
927241,1,Complete,927241,927241,41.3017669,-72.9266771,3424395,New Haven,93,93,New Haven,4/20/2022,2022,4,April,20,4,Wednesday,5:34:00,5,22012715,A,2,,Motor Vehicle In Motion,"Injury of any type (Serious, Minor, Possible)",C,Possible Injury (C),0,0,4,Local,0,727,ORANGE ST NO 2,ORANGE ST NO 2,NORTH FRONTAGE RD,,,,,41.3017669,-72.9266771,14,Motor Vehicle in Operation,3,Angle,1,On Roadway,1,Clear,88,Not Applicable,1,Daylight,1,Dry,0,None,88,Not Applicable,88,Not Applicable,0,None,88,Not Applicable,88,Not Applicable,2,Intersection,2,Four-Way Intersection,1,No,1,No,88,Not Applicable,88,Not Applicable,88,Not Applicable,88,Not Applicable,FALSE,1,Public Road,1,"Trafficway, On Road",CT0009300,New Haven PD,40812,57:03.0,C,Closed,01:59.0,,,,,,,
927245,1,Complete,927245,927245,41.3069646,-72.9372105,3424399,New Haven,93,93,New Haven,4/20/2022,2022,4,April,20,4,Wednesday,16:49:00,16,22012821,A,2,,Motor Vehicle In Motion,"Injury of any type (Serious, Minor, Possible)",B,Suspected Minor Injury (B),0,0,4,Local,0.74,809,REV DR MLK JR BLVD,REV DR MLK JR BLVD,HOWE ST,,,,,41.3069646,-72.9372105,14,Motor Vehicle in Operation,3,Angle,1,On Roadway,1,Clear,88,Not Applicable,1,Daylight,1,Dry,0,None,88,Not Applicable,88,Not Applicable,0,None,0,None,88,Not Applicable,2,Intersection,2,Four-Way Intersection,1,No,1,No,88,Not Applicable,88,Not Applicable,88,Not Applicable,88,Not Applicable,FALSE,1,Public Road,1,"Trafficway, On Road",CT0009300,New Haven PD,42043,37:14.0,C,Closed,02:05.0,,,,,,,
927247,1,Complete,927247,927247,41.31617,-72.941,3424401,New Haven,93,93,New Haven,4/20/2022,2022,4,April,20,4,Wednesday,20:22:00,20,22012869,A,2,,Motor Vehicle In Motion,"Injury of any type (Serious, Minor, Possible)",C,Possible Injury (C),0,1,4,Local,0.46,653,WHALLEY AV,WHALLEY AV,,HUDSON ST,25,Feet,E,41.31617,-72.941,14,Motor Vehicle in Operation,3,Angle,1,On Roadway,1,Clear,88,Not Applicable,4,Dark-Lighted,1,Dry,0,None,88,Not Applicable,88,Not Applicable,0,None,88,Not Applicable,88,Not Applicable,9,Driveway Access-Related,1,Not at Intersection,1,No,1,No,88,Not Applicable,88,Not Applicable,88,Not Applicable,88,Not Applicable,FALSE,1,Public Road,1,"Trafficway, On Road",CT0009300,New Haven PD,40793,31:45.0,C,Closed,02:03.0,22-012869,,,,,,
927581,1,Complete,927581,927581,41.326451,-72.959289,3424735,New Haven,93,93,New Haven,4/21/2022,2022,4,April,21,5,Thursday,5:16:00,5,22012907,A,1,,Tree (standing),"Injury of any type (Serious, Minor, Possible)",C,Possible Injury (C),0,0,3,State,0.16,63,63-N,63-N,,,,,,41.326451,-72.959289,32,Tree (standing),88,Not Applicable,2,Shoulder,2,Cloudy,88,Not Applicable,2,Dawn,1,Dry,0,None,88,Not Applicable,88,Not Applicable,0,None,88,Not Applicable,88,Not Applicable,2,Intersection,3,T-Intersection,1,No,1,No,88,Not Applicable,88,Not Applicable,88,Not Applicable,88,Not Applicable,FALSE,1,Public Road,1,"Trafficway, On Road",CT0009300,New Haven PD,40956,21:10.0,C,Closed,01:21.0,,3,23100,3,PRINCIPAL ARTERIAL - OTHER - NEW HPMS,2,Urban
928049,1,Complete,928049,928049,41.300901,-72.910819,3425203,New Haven,93,93,New Haven,4/8/2022,2022,4,April,8,6,Friday,12:30:00,12,22011132,A,2,,Motor Vehicle In Motion,"Injury of any type (Serious, Minor, Possible)",C,Possible Injury (C),0,0,2,USRoute,48.96,1,1-N,1-N,EAST ST,,,,,41.300901,-72.910819,14,Motor Vehicle in Operation,3,Angle,1,On Roadway,1,Clear,88,Not Applicable,1,Daylight,1,Dry,0,None,88,Not Applicable,88,Not Applicable,0,None,88,Not Applicable,88,Not Applicable,2,Intersection,2,Four-Way Intersection,1,No,1,No,88,Not Applicable,88,Not Applicable,88,Not Applicable,88,Not Applicable,FALSE,1,Public Road,1,"Trafficway, On Road",CT0009300,New Haven PD,26,40:58.0,C,Closed,01:37.0,,2,6700,3,PRINCIPAL ARTERIAL - OTHER - NEW HPMS,2,Urban
928058,1,Complete,928058,928058,41.295172,-72.946376,3425212,New Haven,93,93,New Haven,4/22/2022,2022,4,April,22,6,Friday,14:50:00,14,22013132,A,2,,Motor Vehicle In Motion,"Injury of any type (Serious, Minor, Possible)",C,Possible Injury (C),0,1,3,State,1.26,10,10-N,10-N,,PRINTERS LN,50,Feet,S,41.295172,-72.946376,14,Motor Vehicle in Operation,4,"Sideswipe, same direction",1,On Roadway,1,Clear,88,Not Applicable,1,Daylight,1,Dry,0,None,88,Not Applicable,88,Not Applicable,0,None,88,Not Applicable,88,Not Applicable,1,Non-Junction,1,Not at Intersection,1,No,1,No,88,Not Applicable,88,Not Applicable,88,Not Applicable,88,Not Applicable,FALSE,1,Public Road,1,"Trafficway, On Road",CT0009300,New Haven PD,281,52:54.0,C,Closed,01:28.0,,2,20300,3,PRINCIPAL ARTERIAL - OTHER - NEW HPMS,2,Urban
928060,1,Complete,928060,928060,41.313001,-72.93225,3425214,New Haven,93,93,New Haven,4/22/2022,2022,4,April,22,6,Friday,18:20:00,18,22013176,A,2,,Motor Vehicle In Motion,"Injury of any type (Serious, Minor, Possible)",C,Possible Injury (C),0,0,4,Local,0,152,DIXWELL AV,DIXWELL AV,GOFFE ST,,,,,41.313001,-72.93225,14,Motor Vehicle in Operation,1,Front to rear,1,On Roadway,1,Clear,88,Not Applicable,1,Daylight,1,Dry,0,None,88,Not Applicable,88,Not Applicable,0,None,88,Not Applicable,88,Not Applicable,2,Intersection,2,Four-Way Intersection,1,No,1,No,88,Not Applicable,88,Not Applicable,88,Not Applicable,88,Not Applicable,FALSE,1,Public Road,1,"Trafficway, On Road",CT0009300,New Haven PD,42057,30:53.0,C,Closed,01:29.0,,,,,,,