CrashId,Fatal Case Status,Fatal Case Status Text Format,CrashId,CrashId,Latitude,Longitude,DOT Case Number,Town Name,Town Number,Town Number,Town Number Text Format,Date Of Crash,Year,Month,Month Text Format,Day,Day of the Week,Day of the Week Text Format,Time of Crash,Hour of the Day,Case Identifier,Crash Severity,Number Of Motor Vehicles,Motor vehicle action,Most harmful event,Crash Severity Text Format,Most Severe Injury,Most Severe Injury Text Format,Number Of Non-Motorist,Number Of Witnesses,Route Class,Route Class Text Format,Milemarker,Road Number,Road Description,Roadway Name,Intersecting Roadway Name,Landmark Description,Distance From Nearest Landmark,Unit Of Measure From Nearest Landmark,Direction From Nearest Landmark,Latitude,Longitude,First Harmful Event,First Harmful Event Text Format,Manner of Crash / Collision Impact,Manner of Crash / Collision Impact Text Format,Location of First Harmful Event,Location of First Harmful Event Text Format,Weather Condition,Weather Condition Text Format,Weather 2,Weather 2 Text Format,Light Condition,Light Condition Text Format,Road Surface Condition,Road Surface Condition Text Format,"Contributing Circumstances, Environment","Contributing Circumstances, Environment Text Format",Environment 2,Environment 2 Text Format,Environment 3,Environment 3 Text Format,"Contributing Circumstances, Road","Contributing Circumstances, Road Text Format",Road 2,Road 2 Text Format,Road 3,Road 3 Text Format,Crash Specific Location,Crash Specific Location Text Format,Type of Intersection,Type of Intersection Text Format,School Bus Related,School Bus Related Text Format,Work Zone Related,Work Zone Related Text Format,Location Of Crash Relative To Work Zone,Location Of Crash Relative To Work Zone Text Format,Type of Work Zone,Type of Work Zone Text Format,Worker Presence,Worker Presence Text Format,Law Enforcement Presence,Law Enforcement Presence Text Format,Were Vehicles Moved Prior To Police Arrival,Trafficway Ownership,Trafficway Ownership Text Format,Trafficway Class,Trafficway Class Text Format,Police Agency,Police Agency Text Format,Badge Number,Approval Date,Police Case Status,Police Case Status Text Format,Crash Report Submission Date,Related Case Identifiers,No. of Through Lanes (Log Dir.),Average Daily Traffic,Functional Classification,Functional Classification Text Format,Rural or Urban,Rural or Urban Text Format
929806,1,Complete,929806,929806,41.304762,-72.926589,3426960,New Haven,93,93,New Haven,4/29/2022,2022,4,April,29,6,Friday,11:14:00,11,22014102,A,2,,Motor Vehicle In Motion,"Injury of any type (Serious, Minor, Possible)",C,Possible Injury (C),0,0,4,Local,0.07,103,CHURCH ST,CHURCH ST,CROWN ST,,,,,41.304762,-72.926589,14,Motor Vehicle in Operation,1,Front to rear,1,On Roadway,1,Clear,88,Not Applicable,1,Daylight,1,Dry,0,None,88,Not Applicable,88,Not Applicable,0,None,88,Not Applicable,88,Not Applicable,3,Intersection-Related,2,Four-Way Intersection,1,No,1,No,88,Not Applicable,88,Not Applicable,88,Not Applicable,88,Not Applicable,FALSE,1,Public Road,1,"Trafficway, On Road",CT0009300,New Haven PD,106,49:41.0,C,Closed,00:54.0,,,,,,,
929807,1,Complete,929807,929807,41.31602,-72.89839,3426961,New Haven,93,93,New Haven,4/29/2022,2022,4,April,29,6,Friday,13:04:00,13,22014121,A,2,,Motor Vehicle In Motion,"Injury of any type (Serious, Minor, Possible)",C,Possible Injury (C),0,0,4,Local,0.06,470,PECK ST NO 1,PECK ST NO 1,,FERRY ST,300,Feet,W,41.31602,-72.89839,14,Motor Vehicle in Operation,4,"Sideswipe, same direction",1,On Roadway,1,Clear,88,Not Applicable,1,Daylight,1,Dry,0,None,88,Not Applicable,88,Not Applicable,0,None,88,Not Applicable,88,Not Applicable,9,Driveway Access-Related,1,Not at Intersection,1,No,1,No,88,Not Applicable,88,Not Applicable,88,Not Applicable,88,Not Applicable,TRUE,1,Public Road,1,"Trafficway, On Road",CT0009300,New Haven PD,980,54:48.0,C,Closed,01:02.0,,,,,,,
929816,1,Complete,929816,929816,41.32513,-72.91199,3426970,New Haven,93,93,New Haven,4/29/2022,2022,4,April,29,6,Friday,17:40:00,17,22014156,A,2,,Motor Vehicle In Motion,"Injury of any type (Serious, Minor, Possible)",B,Suspected Minor Injury (B),0,0,4,Local,0.12,116,COLD SPRING ST,COLD SPRING ST,,LIVINGSTON ST,210,Feet,E,41.32513,-72.91199,14,Motor Vehicle in Operation,1,Front to rear,1,On Roadway,1,Clear,88,Not Applicable,1,Daylight,1,Dry,0,None,88,Not Applicable,88,Not Applicable,0,None,88,Not Applicable,88,Not Applicable,1,Non-Junction,1,Not at Intersection,1,No,1,No,88,Not Applicable,88,Not Applicable,88,Not Applicable,88,Not Applicable,TRUE,1,Public Road,1,"Trafficway, On Road",CT0009300,New Haven PD,42054,57:24.0,C,Closed,00:56.0,,,,,,,
929819,1,Complete,929819,929819,41.287446,-72.889644,3426973,New Haven,93,93,New Haven,4/29/2022,2022,4,April,29,6,Friday,20:02:00,20,22014170,A,2,,Motor Vehicle In Motion,"Injury of any type (Serious, Minor, Possible)",C,Possible Injury (C),0,0,4,Local,0.18,388,MAIN ST NO 2,MAIN ST NO 2,OAKLEY ST NO 2,,,,,41.287446,-72.889644,14,Motor Vehicle in Operation,5,"Sideswipe, opposite direction",1,On Roadway,1,Clear,88,Not Applicable,4,Dark-Lighted,1,Dry,0,None,88,Not Applicable,88,Not Applicable,0,None,88,Not Applicable,88,Not Applicable,2,Intersection,2,Four-Way Intersection,1,No,1,No,88,Not Applicable,88,Not Applicable,88,Not Applicable,88,Not Applicable,FALSE,1,Public Road,1,"Trafficway, On Road",CT0009300,New Haven PD,42049,53:16.0,C,Closed,01:09.0,,,,,,,
929823,1,Complete,929823,929823,41.3098,-72.95332,3426977,New Haven,93,93,New Haven,4/30/2022,2022,4,April,30,7,Saturday,0:09:00,0,22014197,A,2,,Motor Vehicle In Motion,"Injury of any type (Serious, Minor, Possible)",C,Possible Injury (C),0,0,3,State,2.36,10,10-N,10-N,,,,,,41.3098,-72.95332,14,Motor Vehicle in Operation,1,Front to rear,1,On Roadway,1,Clear,88,Not Applicable,4,Dark-Lighted,1,Dry,0,None,88,Not Applicable,88,Not Applicable,0,None,88,Not Applicable,88,Not Applicable,2,Intersection,2,Four-Way Intersection,1,No,1,No,88,Not Applicable,88,Not Applicable,88,Not Applicable,88,Not Applicable,TRUE,1,Public Road,1,"Trafficway, On Road",CT0009300,New Haven PD,105,55:57.0,C,Closed,01:05.0,,2,33300,3,PRINCIPAL ARTERIAL - OTHER - NEW HPMS,2,Urban
929826,1,Complete,929826,929826,41.28632,-72.93614,3426980,New Haven,93,93,New Haven,4/30/2022,2022,4,April,30,7,Saturday,9:00:00,9,22014224,A,2,,Motor Vehicle In Motion,"Injury of any type (Serious, Minor, Possible)",C,Possible Injury (C),0,0,3,State,0.46,10,10-N,10-N,745-E,,,,,41.28632,-72.93614,14,Motor Vehicle in Operation,3,Angle,1,On Roadway,1,Clear,88,Not Applicable,1,Daylight,1,Dry,0,None,88,Not Applicable,88,Not Applicable,0,None,88,Not Applicable,88,Not Applicable,2,Intersection,2,Four-Way Intersection,1,No,1,No,88,Not Applicable,88,Not Applicable,88,Not Applicable,88,Not Applicable,TRUE,1,Public Road,1,"Trafficway, On Road",CT0009300,New Haven PD,281,35:10.0,C,Closed,01:25.0,,2,18600,3,PRINCIPAL ARTERIAL - OTHER - NEW HPMS,2,Urban
929827,1,Complete,929827,929827,41.291907,-72.9407,3426981,New Haven,93,93,New Haven,4/30/2022,2022,4,April,30,7,Saturday,14:50:00,14,22014260,A,2,,Motor Vehicle In Motion,"Injury of any type (Serious, Minor, Possible)",C,Possible Injury (C),0,0,4,Local,0.22,626,WASHINGTON AV NO 1,WASHINGTON AV NO 1,BARCLAY ST,,,,,41.291907,-72.9407,14,Motor Vehicle in Operation,1,Front to rear,1,On Roadway,1,Clear,88,Not Applicable,1,Daylight,1,Dry,0,None,88,Not Applicable,88,Not Applicable,0,None,88,Not Applicable,88,Not Applicable,2,Intersection,3,T-Intersection,1,No,1,No,88,Not Applicable,88,Not Applicable,88,Not Applicable,88,Not Applicable,TRUE,1,Public Road,1,"Trafficway, On Road",CT0009300,New Haven PD,281,07:09.0,O,Open,01:19.0,,,,,,,
929832,1,Complete,929832,929832,41.3075,-72.90308,3426986,New Haven,93,93,New Haven,4/30/2022,2022,4,April,30,7,Saturday,17:24:00,17,22014283,A,2,,Motor Vehicle In Motion,"Injury of any type (Serious, Minor, Possible)",C,Possible Injury (C),2,0,4,Local,0.61,327,JAMES ST,JAMES ST,,WOOLSEY ST,15,Feet,S,41.3075,-72.90308,14,Motor Vehicle in Operation,4,"Sideswipe, same direction",1,On Roadway,1,Clear,88,Not Applicable,1,Daylight,1,Dry,0,None,88,Not Applicable,88,Not Applicable,0,None,88,Not Applicable,88,Not Applicable,11,Through Roadway,1,Not at Intersection,1,No,1,No,88,Not Applicable,88,Not Applicable,88,Not Applicable,88,Not Applicable,FALSE,1,Public Road,1,"Trafficway, On Road",CT0009300,New Haven PD,150,06:08.0,O,Open,01:16.0,,,,,,,
929837,1,Complete,929837,929837,41.3119861,-72.947011,3426991,New Haven,93,93,New Haven,4/30/2022,2022,4,April,30,7,Saturday,19:25:00,19,22014308,A,2,,Motor Vehicle In Motion,"Injury of any type (Serious, Minor, Possible)",C,Possible Injury (C),0,1,4,Local,2.95,97,CHAPEL ST,CHAPEL ST,WINTHROP AV NO 2,,,,,41.3119861,-72.947011,14,Motor Vehicle in Operation,3,Angle,1,On Roadway,1,Clear,1,Clear,1,Daylight,1,Dry,0,None,88,Not Applicable,88,Not Applicable,0,None,88,Not Applicable,88,Not Applicable,2,Intersection,2,Four-Way Intersection,1,No,1,No,88,Not Applicable,88,Not Applicable,88,Not Applicable,88,Not Applicable,FALSE,1,Public Road,1,"Trafficway, On Road",CT0009300,New Haven PD,42046,49:57.0,C,Closed,01:12.0,,,,,,,
929838,1,Complete,929838,929838,41.30572,-72.93188,3426992,New Haven,93,93,New Haven,4/30/2022,2022,4,April,30,7,Saturday,20:44:00,20,22014314,A,2,,Motor Vehicle In Motion,"Injury of any type (Serious, Minor, Possible)",C,Possible Injury (C),0,0,4,Local,1.01,248,GEORGE ST,GEORGE ST,HIGH ST,,,,,41.30572,-72.93188,14,Motor Vehicle in Operation,3,Angle,1,On Roadway,1,Clear,88,Not Applicable,4,Dark-Lighted,1,Dry,0,None,88,Not Applicable,88,Not Applicable,0,None,88,Not Applicable,88,Not Applicable,3,Intersection-Related,3,T-Intersection,1,No,1,No,88,Not Applicable,88,Not Applicable,88,Not Applicable,88,Not Applicable,FALSE,1,Public Road,1,"Trafficway, On Road",CT0009300,New Haven PD,221,33:19.0,C,Closed,01:21.0,,,,,,,
929841,1,Complete,929841,929841,41.304772,-72.926689,3426995,New Haven,93,93,New Haven,4/30/2022,2022,4,April,30,7,Saturday,21:09:00,21,22014332,A,2,,Motor Vehicle In Motion,"Injury of any type (Serious, Minor, Possible)",C,Possible Injury (C),0,0,4,Local,0.07,103,CHURCH ST,CHURCH ST,CROWN ST,,,,,41.304772,-72.926689,14,Motor Vehicle in Operation,1,Front to rear,1,On Roadway,1,Clear,88,Not Applicable,4,Dark-Lighted,1,Dry,0,None,88,Not Applicable,88,Not Applicable,0,None,88,Not Applicable,88,Not Applicable,2,Intersection,2,Four-Way Intersection,1,No,1,No,88,Not Applicable,88,Not Applicable,88,Not Applicable,88,Not Applicable,TRUE,1,Public Road,1,"Trafficway, On Road",CT0009300,New Haven PD,344,09:37.0,O,Open,01:17.0,22-014332,,,,,,
929855,1,Complete,929855,929855,41.31487,-72.9493,3427009,New Haven,93,93,New Haven,5/1/2022,2022,5,May,1,1,Sunday,18:03:00,18,22014417,A,2,,Motor Vehicle In Motion,"Injury of any type (Serious, Minor, Possible)",C,Possible Injury (C),0,0,4,Local,1.15,179,EDGEWOOD AV,EDGEWOOD AV,ELLSWORTH AV,,,,,41.31487,-72.9493,14,Motor Vehicle in Operation,3,Angle,1,On Roadway,1,Clear,88,Not Applicable,1,Daylight,1,Dry,0,None,88,Not Applicable,88,Not Applicable,0,None,88,Not Applicable,88,Not Applicable,2,Intersection,2,Four-Way Intersection,1,No,1,No,88,Not Applicable,88,Not Applicable,88,Not Applicable,88,Not Applicable,FALSE,1,Public Road,1,"Trafficway, On Road",CT0009300,New Haven PD,42046,41:04.0,C,Closed,01:27.0,,,,,,,
930630,1,Complete,930630,930630,41.32731,-72.96032,3427784,New Haven,93,93,New Haven,4/9/2022,2022,4,April,9,7,Saturday,10:40:00,10,22011264,A,2,,Motor Vehicle In Motion,"Injury of any type (Serious, Minor, Possible)",C,Possible Injury (C),0,0,3,State,0.24,63,63-N,63-N,,BLAKE ST,100,Feet,N,41.32731,-72.96032,14,Motor Vehicle in Operation,1,Front to rear,1,On Roadway,4,Rain,88,Not Applicable,1,Daylight,2,Wet,0,None,88,Not Applicable,88,Not Applicable,0,None,88,Not Applicable,88,Not Applicable,1,Non-Junction,1,Not at Intersection,1,No,1,No,88,Not Applicable,88,Not Applicable,88,Not Applicable,88,Not Applicable,FALSE,1,Public Road,1,"Trafficway, On Road",CT0009300,New Haven PD,40802,36:04.0,C,Closed,01:59.0,,1,15500,3,PRINCIPAL ARTERIAL - OTHER - NEW HPMS,1,Rural
930635,1,Complete,930635,930635,41.282459,-72.938076,3427789,New Haven,93,93,New Haven,4/29/2022,2022,4,April,29,6,Friday,8:00:00,8,22014068,A,2,,Motor Vehicle In Motion,"Injury of any type (Serious, Minor, Possible)",C,Possible Injury (C),0,0,3,State,0,10,10-N,10-N,745-E,,,,,41.282459,-72.938076,14,Motor Vehicle in Operation,3,Angle,1,On Roadway,1,Clear,88,Not Applicable,1,Daylight,1,Dry,0,None,88,Not Applicable,88,Not Applicable,0,None,88,Not Applicable,88,Not Applicable,2,Intersection,3,T-Intersection,1,No,1,No,88,Not Applicable,88,Not Applicable,88,Not Applicable,88,Not Applicable,FALSE,1,Public Road,1,"Trafficway, On Road",CT0009300,New Haven PD,295,32:47.0,C,Closed,01:55.0,,2,15100,3,PRINCIPAL ARTERIAL - OTHER - NEW HPMS,1,Rural
930638,1,Complete,930638,930638,41.30569,-72.95126,3427792,New Haven,93,93,New Haven,5/1/2022,2022,5,May,1,1,Sunday,2:29:00,2,22014339,A,3,,Motor Vehicle In Motion,"Injury of any type (Serious, Minor, Possible)",C,Possible Injury (C),0,0,4,Local,0.07,360,LEGION AV-RT 34,LEGION AV-RT 34,PORTER ST NO 1,,,,,41.30569,-72.95126,14,Motor Vehicle in Operation,1,Front to rear,4,Roadside,1,Clear,88,Not Applicable,4,Dark-Lighted,1,Dry,0,None,88,Not Applicable,88,Not Applicable,0,None,88,Not Applicable,88,Not Applicable,3,Intersection-Related,3,T-Intersection,1,No,1,No,88,Not Applicable,88,Not Applicable,88,Not Applicable,88,Not Applicable,FALSE,1,Public Road,2,"Trafficway, Not on Road",CT0009300,New Haven PD,40800,40:43.0,C,Closed,01:58.0,,,,,,,
930639,1,Complete,930639,930639,41.31515,-72.93447,3427793,New Haven,93,93,New Haven,5/2/2022,2022,5,May,2,2,Monday,2:05:00,2,22014452,A,1,,Tree (standing),"Injury of any type (Serious, Minor, Possible)",B,Suspected Minor Injury (B),0,0,4,Local,0.52,257,GOFFE ST,GOFFE ST,,SPERRY ST,100,Feet,E,41.31515,-72.93447,32,Tree (standing),88,Not Applicable,1,On Roadway,4,Rain,88,Not Applicable,4,Dark-Lighted,2,Wet,0,None,88,Not Applicable,88,Not Applicable,0,None,88,Not Applicable,88,Not Applicable,1,Non-Junction,1,Not at Intersection,1,No,1,No,88,Not Applicable,88,Not Applicable,88,Not Applicable,88,Not Applicable,FALSE,1,Public Road,1,"Trafficway, On Road",CT0009300,New Haven PD,42366,44:26.0,C,Closed,01:58.0,,2,8300,4,MINOR ARTERIAL - NEW HPMS,2,Urban
930641,1,Complete,930641,930641,41.315963,-72.940937,3427795,New Haven,93,93,New Haven,5/2/2022,2022,5,May,2,2,Monday,12:31:00,12,22014482,A,2,,Motor Vehicle In Motion,"Injury of any type (Serious, Minor, Possible)",C,Possible Injury (C),0,0,,,,,,250 WHALLEY AVE,,,,,,41.315963,-72.940937,14,Motor Vehicle in Operation,4,"Sideswipe, same direction",1,On Roadway,1,Clear,88,Not Applicable,1,Daylight,1,Dry,0,None,88,Not Applicable,88,Not Applicable,0,None,88,Not Applicable,88,Not Applicable,97,Other,1,Not at Intersection,1,No,1,No,88,Not Applicable,88,Not Applicable,88,Not Applicable,88,Not Applicable,FALSE,2,Private Road,4,Parking Lot,CT0009300,New Haven PD,374,21:09.0,C,Closed,02:01.0,,,,,,,
930643,1,Complete,930643,930643,41.306425,-72.927087,3427797,New Haven,93,93,New Haven,5/2/2022,2022,5,May,2,2,Monday,17:15:00,17,22014506,A,1,,Pedestrian,"Injury of any type (Serious, Minor, Possible)",C,Possible Injury (C),1,0,4,Local,0.58,588,TEMPLE ST,TEMPLE ST,,CHAPEL ST,50,Feet,S,41.306425,-72.927087,9,Pedestrian,88,Not Applicable,1,On Roadway,2,Cloudy,88,Not Applicable,1,Daylight,2,Wet,2,Visual Obstruction(s),88,Not Applicable,88,Not Applicable,0,None,88,Not Applicable,88,Not Applicable,1,Non-Junction,1,Not at Intersection,1,No,1,No,88,Not Applicable,88,Not Applicable,88,Not Applicable,88,Not Applicable,FALSE,1,Public Road,1,"Trafficway, On Road",CT0009300,New Haven PD,97,30:31.0,C,Closed,02:02.0,,2,5200,3,PRINCIPAL ARTERIAL - OTHER - NEW HPMS,2,Urban
930959,1,Complete,930959,930959,41.331147,-72.97299,3428113,New Haven,93,93,New Haven,5/3/2022,2022,5,May,3,3,Tuesday,17:34:00,17,22014652,A,2,,Motor Vehicle In Motion,"Injury of any type (Serious, Minor, Possible)",C,Possible Injury (C),0,0,3,State,0.98,63,63-N,63-N,,DAVIS STREET,50,Feet,W,41.331147,-72.97299,14,Motor Vehicle in Operation,1,Front to rear,1,On Roadway,2,Cloudy,88,Not Applicable,1,Daylight,1,Dry,0,None,88,Not Applicable,88,Not Applicable,0,None,88,Not Applicable,88,Not Applicable,8,Driveway Access,1,Not at Intersection,1,No,1,No,88,Not Applicable,88,Not Applicable,88,Not Applicable,88,Not Applicable,TRUE,1,Public Road,1,"Trafficway, On Road",CT0009300,New Haven PD,381,00:33.0,C,Closed,01:21.0,,2,23000,3,PRINCIPAL ARTERIAL - OTHER - NEW HPMS,2,Urban
930960,1,Complete,930960,930960,41.320386,-72.951011,3428114,New Haven,93,93,New Haven,5/3/2022,2022,5,May,3,3,Tuesday,22:01:00,22,22014682,A,1,,Pedestrian,"Injury of any type (Serious, Minor, Possible)",C,Possible Injury (C),1,0,3,State,3.16,10,10-N,10-N,HOBART ST,,,,,41.320386,-72.951011,9,Pedestrian,88,Not Applicable,1,On Roadway,1,Clear,88,Not Applicable,4,Dark-Lighted,1,Dry,0,None,88,Not Applicable,88,Not Applicable,0,None,88,Not Applicable,88,Not Applicable,2,Intersection,3,T-Intersection,1,No,1,No,88,Not Applicable,88,Not Applicable,88,Not Applicable,88,Not Applicable,TRUE,1,Public Road,1,"Trafficway, On Road",CT0009300,New Haven PD,66,19:12.0,C,Closed,01:23.0,,4,18000,3,PRINCIPAL ARTERIAL - OTHER - NEW HPMS,2,Urban
931222,1,Complete,931222,931222,41.317107,-72.901311,3428376,New Haven,93,93,New Haven,5/1/2022,2022,5,May,1,1,Sunday,13:21:00,13,22014381,A,2,,Motor Vehicle In Motion,"Injury of any type (Serious, Minor, Possible)",C,Possible Injury (C),0,0,4,Local,0.97,57,BLATCHLEY AV,BLATCHLEY AV,,STATE ST,100,Feet,S,41.317107,-72.901311,14,Motor Vehicle in Operation,1,Front to rear,1,On Roadway,1,Clear,88,Not Applicable,1,Daylight,1,Dry,0,None,88,Not Applicable,88,Not Applicable,3,Backup Due to Regular Congestion,88,Not Applicable,88,Not Applicable,3,Intersection-Related,2,Four-Way Intersection,1,No,1,No,88,Not Applicable,88,Not Applicable,88,Not Applicable,88,Not Applicable,FALSE,1,Public Road,1,"Trafficway, On Road",CT0009300,New Haven PD,86,42:39.0,C,Closed,00:18.0,,,,,,,
931231,1,Complete,931231,931231,41.337682,-72.972916,3428385,New Haven,93,93,New Haven,5/4/2022,2022,5,May,4,4,Wednesday,9:49:00,9,22014727,A,2,,Motor Vehicle In Motion,"Injury of any type (Serious, Minor, Possible)",C,Possible Injury (C),0,0,4,Local,0.16,612,VALLEY ST NO 1,VALLEY ST NO 1,MOUNTAIN RD,,,,,41.337682,-72.972916,14,Motor Vehicle in Operation,1,Front to rear,1,On Roadway,4,Rain,88,Not Applicable,1,Daylight,2,Wet,1,Weather Conditions,88,Not Applicable,88,Not Applicable,0,None,88,Not Applicable,88,Not Applicable,2,Intersection,2,Four-Way Intersection,1,No,1,No,88,Not Applicable,88,Not Applicable,88,Not Applicable,88,Not Applicable,FALSE,1,Public Road,1,"Trafficway, On Road",CT0009300,New Haven PD,91,49:33.0,C,Closed,00:19.0,,,,,,,
931232,1,Complete,931232,931232,41.301806,-72.926754,3428386,New Haven,93,93,New Haven,5/4/2022,2022,5,May,4,4,Wednesday,11:24:00,11,22014729,A,2,,Motor Vehicle In Motion,"Injury of any type (Serious, Minor, Possible)",C,Possible Injury (C),0,0,4,Local,0,727,ORANGE ST NO 2,ORANGE ST NO 2,NORTH FRONTAGE RD,,,,,41.301806,-72.926754,14,Motor Vehicle in Operation,1,Front to rear,1,On Roadway,1,Clear,88,Not Applicable,1,Daylight,1,Dry,0,None,88,Not Applicable,88,Not Applicable,0,None,88,Not Applicable,88,Not Applicable,2,Intersection,2,Four-Way Intersection,1,No,1,No,88,Not Applicable,88,Not Applicable,88,Not Applicable,88,Not Applicable,TRUE,1,Public Road,1,"Trafficway, On Road",CT0009300,New Haven PD,281,19:32.0,C,Closed,00:24.0,,,,,,,
931233,1,Complete,931233,931233,41.290705,-72.93686,3428387,New Haven,93,93,New Haven,5/4/2022,2022,5,May,4,4,Wednesday,16:07:00,16,22014746,A,2,,Motor Vehicle In Motion,"Injury of any type (Serious, Minor, Possible)",C,Possible Injury (C),0,0,4,Local,0.19,350,LAMBERTON ST,LAMBERTON ST,HURLBURT ST,,,,,41.290705,-72.93686,14,Motor Vehicle in Operation,3,Angle,1,On Roadway,1,Clear,88,Not Applicable,1,Daylight,1,Dry,0,None,88,Not Applicable,88,Not Applicable,0,None,88,Not Applicable,88,Not Applicable,2,Intersection,3,T-Intersection,1,No,1,No,88,Not Applicable,88,Not Applicable,88,Not Applicable,88,Not Applicable,FALSE,1,Public Road,1,"Trafficway, On Road",CT0009300,New Haven PD,40810,53:54.0,C,Closed,00:22.0,,,,,,,
931234,1,Complete,931234,931234,41.302124,-72.928721,3428388,New Haven,93,93,New Haven,5/4/2022,2022,5,May,4,4,Wednesday,18:12:00,18,22014761,A,2,,Motor Vehicle In Motion,"Injury of any type (Serious, Minor, Possible)",C,Possible Injury (C),0,0,4,Local,0.25,104,CHURCH ST SOUTH NO 1,CHURCH ST SOUTH NO 1,SOUTH FRONTAGE RD,,,,,41.302124,-72.928721,14,Motor Vehicle in Operation,3,Angle,1,On Roadway,1,Clear,88,Not Applicable,1,Daylight,1,Dry,0,None,88,Not Applicable,88,Not Applicable,0,None,88,Not Applicable,88,Not Applicable,2,Intersection,2,Four-Way Intersection,1,No,1,No,88,Not Applicable,88,Not Applicable,88,Not Applicable,88,Not Applicable,TRUE,1,Public Road,1,"Trafficway, On Road",CT0009300,New Haven PD,281,17:44.0,C,Closed,00:23.0,,,,,,,
931506,1,Complete,931506,931506,41.31167,-72.89638,3428660,New Haven,93,93,New Haven,5/3/2022,2022,5,May,3,3,Tuesday,8:00:00,8,22014745,A,1,,Pedestrian,"Injury of any type (Serious, Minor, Possible)",C,Possible Injury (C),1,0,,,,,,FERRY ST,,PINE ST,60,Feet,S,41.31167,-72.89638,9,Pedestrian,88,Not Applicable,9,Outside Right-of-Way (trafficway),1,Clear,88,Not Applicable,1,Daylight,1,Dry,0,None,88,Not Applicable,88,Not Applicable,0,None,88,Not Applicable,88,Not Applicable,8,Driveway Access,1,Not at Intersection,2,"Yes, School Bus Directly Involved",1,No,88,Not Applicable,88,Not Applicable,88,Not Applicable,88,Not Applicable,FALSE,2,Private Road,1,"Trafficway, On Road",CT0009300,New Haven PD,40793,28:03.0,O,Open,01:31.0,22-014745,,,,,,
931509,1,Complete,931509,931509,41.32118,-72.87506,3428663,New Haven,93,93,New Haven,5/5/2022,2022,5,May,5,5,Thursday,2:07:00,2,22014805,A,2,,Motor Vehicle In Motion,"Injury of any type (Serious, Minor, Possible)",C,Possible Injury (C),0,0,3,State,0.38,80,80-E,80-E,,QUINNIPIAC AVE,300,Feet,S,41.32118,-72.87506,14,Motor Vehicle in Operation,3,Angle,1,On Roadway,1,Clear,88,Not Applicable,6,Dark-Unknown Lighting,1,Dry,0,None,88,Not Applicable,88,Not Applicable,99,Unknown,88,Not Applicable,88,Not Applicable,1,Non-Junction,1,Not at Intersection,1,No,1,No,88,Not Applicable,88,Not Applicable,88,Not Applicable,88,Not Applicable,TRUE,1,Public Road,1,"Trafficway, On Road",CT0009300,New Haven PD,40792,39:56.0,C,Closed,01:28.0,,2,32300,3,PRINCIPAL ARTERIAL - OTHER - NEW HPMS,2,Urban
931510,1,Complete,931510,931510,41.321622,-72.876085,3428664,New Haven,93,93,New Haven,5/5/2022,2022,5,May,5,5,Thursday,7:57:00,7,22014814,A,2,,Motor Vehicle In Motion,"Injury of any type (Serious, Minor, Possible)",C,Possible Injury (C),0,0,3,State,0.15,80,80-W,80-W,80-E,,,,,41.321622,-72.876085,14,Motor Vehicle in Operation,3,Angle,1,On Roadway,1,Clear,1,Clear,1,Daylight,1,Dry,0,None,88,Not Applicable,88,Not Applicable,0,None,88,Not Applicable,88,Not Applicable,2,Intersection,3,T-Intersection,1,No,1,No,88,Not Applicable,88,Not Applicable,88,Not Applicable,88,Not Applicable,FALSE,1,Public Road,1,"Trafficway, On Road",CT0009300,New Haven PD,351,00:43.0,C,Closed,01:29.0,,2,32300,3,PRINCIPAL ARTERIAL - OTHER - NEW HPMS,2,Urban
931513,1,Complete,931513,931513,41.29695,-72.89274,3428667,New Haven,93,93,New Haven,5/5/2022,2022,5,May,5,5,Thursday,10:00:00,10,22014826,A,2,,Motor Vehicle In Motion,"Injury of any type (Serious, Minor, Possible)",C,Possible Injury (C),0,0,4,Local,0.18,210,FARREN AV,FARREN AV,FULTON ST,,,,,41.29695,-72.89274,14,Motor Vehicle in Operation,3,Angle,1,On Roadway,1,Clear,88,Not Applicable,1,Daylight,1,Dry,0,None,88,Not Applicable,88,Not Applicable,0,None,88,Not Applicable,88,Not Applicable,2,Intersection,2,Four-Way Intersection,1,No,1,No,88,Not Applicable,88,Not Applicable,88,Not Applicable,88,Not Applicable,FALSE,1,Public Road,1,"Trafficway, On Road",CT0009300,New Haven PD,322,33:15.0,C,Closed,01:33.0,,,,,,,
931515,1,Complete,931515,931515,41.31374,-72.93246,3428669,New Haven,93,93,New Haven,5/5/2022,2022,5,May,5,5,Thursday,11:53:00,11,22014841,A,2,,Motor Vehicle In Motion,"Injury of any type (Serious, Minor, Possible)",C,Possible Injury (C),0,0,4,Local,0.06,152,DIXWELL AV,DIXWELL AV,LAKE PL,,,,,41.31374,-72.93246,14,Motor Vehicle in Operation,4,"Sideswipe, same direction",1,On Roadway,1,Clear,88,Not Applicable,1,Daylight,1,Dry,0,None,88,Not Applicable,88,Not Applicable,0,None,88,Not Applicable,88,Not Applicable,3,Intersection-Related,3,T-Intersection,1,No,1,No,88,Not Applicable,88,Not Applicable,88,Not Applicable,88,Not Applicable,FALSE,1,Public Road,1,"Trafficway, On Road",CT0009300,New Haven PD,991,27:12.0,C,Closed,01:31.0,,,,,,,