CrashId,Fatal Case Status,Fatal Case Status Text Format,CrashId,CrashId,Latitude,Longitude,DOT Case Number,Town Name,Town Number,Town Number,Town Number Text Format,Date Of Crash,Year,Month,Month Text Format,Day,Day of the Week,Day of the Week Text Format,Time of Crash,Hour of the Day,Case Identifier,Crash Severity,Number Of Motor Vehicles,Motor vehicle action,Most harmful event,Crash Severity Text Format,Most Severe Injury,Most Severe Injury Text Format,Number Of Non-Motorist,Number Of Witnesses,Route Class,Route Class Text Format,Milemarker,Road Number,Road Description,Roadway Name,Intersecting Roadway Name,Landmark Description,Distance From Nearest Landmark,Unit Of Measure From Nearest Landmark,Direction From Nearest Landmark,Latitude,Longitude,First Harmful Event,First Harmful Event Text Format,Manner of Crash / Collision Impact,Manner of Crash / Collision Impact Text Format,Location of First Harmful Event,Location of First Harmful Event Text Format,Weather Condition,Weather Condition Text Format,Weather 2,Weather 2 Text Format,Light Condition,Light Condition Text Format,Road Surface Condition,Road Surface Condition Text Format,"Contributing Circumstances, Environment","Contributing Circumstances, Environment Text Format",Environment 2,Environment 2 Text Format,Environment 3,Environment 3 Text Format,"Contributing Circumstances, Road","Contributing Circumstances, Road Text Format",Road 2,Road 2 Text Format,Road 3,Road 3 Text Format,Crash Specific Location,Crash Specific Location Text Format,Type of Intersection,Type of Intersection Text Format,School Bus Related,School Bus Related Text Format,Work Zone Related,Work Zone Related Text Format,Location Of Crash Relative To Work Zone,Location Of Crash Relative To Work Zone Text Format,Type of Work Zone,Type of Work Zone Text Format,Worker Presence,Worker Presence Text Format,Law Enforcement Presence,Law Enforcement Presence Text Format,Were Vehicles Moved Prior To Police Arrival,Trafficway Ownership,Trafficway Ownership Text Format,Trafficway Class,Trafficway Class Text Format,Police Agency,Police Agency Text Format,Badge Number,Approval Date,Police Case Status,Police Case Status Text Format,Crash Report Submission Date,Related Case Identifiers,No. of Through Lanes (Log Dir.),Average Daily Traffic,Functional Classification,Functional Classification Text Format,Rural or Urban,Rural or Urban Text Format
940660,1,Complete,940660,940660,41.32804,-72.96858,3437807,New Haven,93,93,New Haven,6/5/2022,2022,6,June,5,1,Sunday,19:31:00,19,22018732,A,2,,Motor Vehicle In Motion,"Injury of any type (Serious, Minor, Possible)",B,Suspected Minor Injury (B),0,0,3,State,3.44,122,122-N,122-N,,WHALLEY AVE,400,Feet,S,41.32804,-72.96858,14,Motor Vehicle in Operation,4,"Sideswipe, same direction",1,On Roadway,1,Clear,88,Not Applicable,1,Daylight,1,Dry,0,None,88,Not Applicable,88,Not Applicable,0,None,88,Not Applicable,88,Not Applicable,1,Non-Junction,1,Not at Intersection,1,No,1,No,88,Not Applicable,88,Not Applicable,88,Not Applicable,88,Not Applicable,FALSE,1,Public Road,1,"Trafficway, On Road",CT0009300,New Haven PD,43688,59:32.0,C,Closed,01:35.0,,1,7500,4,MINOR ARTERIAL - NEW HPMS,1,Rural
940662,1,Complete,940662,940662,41.32444,-72.909876,3437809,New Haven,93,93,New Haven,6/6/2022,2022,6,June,6,2,Monday,7:30:00,7,22018760,A,2,,Motor Vehicle In Motion,"Injury of any type (Serious, Minor, Possible)",C,Possible Injury (C),0,0,4,Local,0.21,450,ORANGE ST NO 1,ORANGE ST NO 1,,MITCHELL DR,25,Feet,S,41.32444,-72.909876,14,Motor Vehicle in Operation,1,Front to rear,1,On Roadway,1,Clear,88,Not Applicable,1,Daylight,1,Dry,0,None,88,Not Applicable,88,Not Applicable,0,None,88,Not Applicable,88,Not Applicable,1,Non-Junction,1,Not at Intersection,1,No,1,No,88,Not Applicable,88,Not Applicable,88,Not Applicable,88,Not Applicable,FALSE,1,Public Road,1,"Trafficway, On Road",CT0009300,New Haven PD,199,53:07.0,C,Closed,01:37.0,,,,,,,
940668,1,Complete,940668,940668,41.309036,-72.895031,3437815,New Haven,93,93,New Haven,6/6/2022,2022,6,June,6,2,Monday,16:35:00,16,22018832,A,2,,Motor Vehicle In Motion,"Injury of any type (Serious, Minor, Possible)",C,Possible Injury (C),0,0,4,Local,0.48,264,GRAND AV,GRAND AV,,FERRY ST,100,Feet,E,41.309036,-72.895031,14,Motor Vehicle in Operation,5,"Sideswipe, opposite direction",1,On Roadway,1,Clear,88,Not Applicable,1,Daylight,1,Dry,0,None,88,Not Applicable,88,Not Applicable,0,None,88,Not Applicable,88,Not Applicable,1,Non-Junction,1,Not at Intersection,1,No,1,No,88,Not Applicable,88,Not Applicable,88,Not Applicable,88,Not Applicable,FALSE,1,Public Road,1,"Trafficway, On Road",CT0009300,New Haven PD,40788,58:13.0,O,Open,01:44.0,,,,,,,
941109,1,Complete,941109,941109,41.3042886,-72.9309197,3438256,New Haven,93,93,New Haven,6/1/2022,2022,6,June,1,4,Wednesday,14:50:00,14,22018204,A,2,,Motor Vehicle In Motion,"Injury of any type (Serious, Minor, Possible)",C,Possible Injury (C),0,1,4,Local,0.37,809,REV DR MLK JR BLVD,REV DR MLK JR BLVD,COLLEGE ST,,,,,41.3042886,-72.9309197,14,Motor Vehicle in Operation,3,Angle,1,On Roadway,1,Clear,1,Clear,1,Daylight,1,Dry,0,None,88,Not Applicable,88,Not Applicable,0,None,88,Not Applicable,88,Not Applicable,2,Intersection,2,Four-Way Intersection,1,No,1,No,88,Not Applicable,88,Not Applicable,88,Not Applicable,88,Not Applicable,FALSE,1,Public Road,1,"Trafficway, On Road",CT0009300,New Haven PD,469,54:05.0,C,Closed,01:01.0,,,,,,,
941110,1,Complete,941110,941110,41.29308,-72.90013,3438257,New Haven,93,93,New Haven,6/6/2022,2022,6,June,6,2,Monday,21:25:00,21,22018868,A,1,,Utility Pole,"Injury of any type (Serious, Minor, Possible)",C,Possible Injury (C),0,0,4,Local,0.04,336,KENDALL ST,KENDALL ST,,STILES STREET,200,Feet,E,41.29308,-72.90013,33,Utility Pole/Light Support,88,Not Applicable,1,On Roadway,1,Clear,88,Not Applicable,4,Dark-Lighted,1,Dry,0,None,88,Not Applicable,88,Not Applicable,0,None,88,Not Applicable,88,Not Applicable,1,Non-Junction,1,Not at Intersection,1,No,1,No,88,Not Applicable,88,Not Applicable,88,Not Applicable,88,Not Applicable,FALSE,1,Public Road,1,"Trafficway, On Road",CT0009300,New Haven PD,156,23:32.0,C,Closed,01:00.0,,2,1084,7,LOCAL - NEW HPMS,2,Urban
941117,1,Complete,941117,941117,41.30509,-72.93443,3438264,New Haven,93,93,New Haven,6/7/2022,2022,6,June,7,3,Tuesday,15:51:00,15,22018972,A,2,,Motor Vehicle In Motion,"Injury of any type (Serious, Minor, Possible)",C,Possible Injury (C),0,0,,,,,,66 YORK ST,,S FRONTAGE RD,50,Feet,W,41.30509,-72.93443,14,Motor Vehicle in Operation,3,Angle,7,In Parking Lane or Zone,1,Clear,88,Not Applicable,6,Dark-Unknown Lighting,1,Dry,0,None,88,Not Applicable,88,Not Applicable,0,None,88,Not Applicable,88,Not Applicable,1,Non-Junction,1,Not at Intersection,1,No,1,No,88,Not Applicable,88,Not Applicable,88,Not Applicable,88,Not Applicable,FALSE,2,Private Road,1,"Trafficway, On Road",CT0009300,New Haven PD,158,00:21.0,C,Closed,01:03.0,,,,,,,
941427,1,Complete,941427,941427,41.30971,-72.92765,3438574,New Haven,93,93,New Haven,6/2/2022,2022,6,June,2,5,Thursday,11:26:00,11,22018344,A,2,,Motor Vehicle In Motion,"Injury of any type (Serious, Minor, Possible)",C,Possible Injury (C),0,0,4,Local,0.35,726,ELM ST NO 2,ELM ST NO 2,,COLLEGE ST,185,Feet,W,41.30971,-72.92765,14,Motor Vehicle in Operation,1,Front to rear,1,On Roadway,2,Cloudy,88,Not Applicable,1,Daylight,1,Dry,0,None,88,Not Applicable,88,Not Applicable,0,None,88,Not Applicable,88,Not Applicable,1,Non-Junction,1,Not at Intersection,1,No,1,No,88,Not Applicable,88,Not Applicable,88,Not Applicable,88,Not Applicable,FALSE,1,Public Road,1,"Trafficway, On Road",CT0009300,New Haven PD,166,28:04.0,C,Closed,00:32.0,,,,,,,
941431,1,Complete,941431,941431,41.3275452,-72.9351564,3438578,New Haven,93,93,New Haven,6/7/2022,2022,6,June,7,3,Tuesday,22:57:00,22,22019023,A,1,,Motor Vehicle In Motion,"Injury of any type (Serious, Minor, Possible)",B,Suspected Minor Injury (B),1,0,4,Local,1.04,152,DIXWELL AV,DIXWELL AV,HARDING PL,,,,,41.3275452,-72.9351564,14,Motor Vehicle in Operation,1,Front to rear,1,On Roadway,1,Clear,88,Not Applicable,4,Dark-Lighted,1,Dry,0,None,88,Not Applicable,88,Not Applicable,0,None,88,Not Applicable,88,Not Applicable,3,Intersection-Related,3,T-Intersection,1,No,1,No,88,Not Applicable,88,Not Applicable,88,Not Applicable,88,Not Applicable,FALSE,1,Public Road,1,"Trafficway, On Road",CT0009300,New Haven PD,42048,44:14.0,C,Closed,00:29.0,,,,,,,
941440,1,Complete,941440,941440,41.3049016,-72.9342949,3438587,New Haven,93,93,New Haven,6/8/2022,2022,6,June,8,4,Wednesday,11:12:00,11,22019079,A,2,,Motor Vehicle In Motion,"Injury of any type (Serious, Minor, Possible)",C,Possible Injury (C),0,0,4,Local,0.19,565,SOUTH FRONTAGE RD-RT 34,SOUTH FRONTAGE RD-RT 34,YORK ST,,,,,41.3049016,-72.9342949,14,Motor Vehicle in Operation,1,Front to rear,1,On Roadway,1,Clear,88,Not Applicable,1,Daylight,1,Dry,0,None,88,Not Applicable,88,Not Applicable,0,None,88,Not Applicable,88,Not Applicable,3,Intersection-Related,2,Four-Way Intersection,1,No,1,No,88,Not Applicable,88,Not Applicable,88,Not Applicable,88,Not Applicable,FALSE,1,Public Road,1,"Trafficway, On Road",CT0009300,New Haven PD,469,57:01.0,C,Closed,00:37.0,,,,,,,
941446,1,Complete,941446,941446,41.307436,-72.929044,3438593,New Haven,93,93,New Haven,6/8/2022,2022,6,June,8,4,Wednesday,19:45:00,19,22019139,A,2,,Motor Vehicle In Motion,"Injury of any type (Serious, Minor, Possible)",B,Suspected Minor Injury (B),0,1,4,Local,1.96,97,CHAPEL ST,CHAPEL ST,,COLLEGE ST,50,Feet,W,41.307436,-72.929044,14,Motor Vehicle in Operation,4,"Sideswipe, same direction",1,On Roadway,1,Clear,88,Not Applicable,3,Dusk,1,Dry,99,Unknown,88,Not Applicable,88,Not Applicable,0,None,88,Not Applicable,88,Not Applicable,1,Non-Junction,1,Not at Intersection,1,No,1,No,88,Not Applicable,88,Not Applicable,88,Not Applicable,88,Not Applicable,FALSE,1,Public Road,1,"Trafficway, On Road",CT0009300,New Haven PD,313,52:39.0,C,Closed,00:39.0,,,,,,,
941746,1,Complete,941746,941746,41.3349,-72.97721,922163,New Haven,93,93,New Haven,6/9/2022,2022,6,June,9,5,Thursday,1:40:00,1,22019165,K,2,Straight Ahead,"Other Fixed Object (wall, building, tunnel, etc.)",Fatal (Kill),K,Fatal Injury (K),0,0,3,State,1.31,63,63-N,63-N,WRIGHT ST,,,,,41.3349,-72.97721,25,Curb,97,Other,4,Roadside,2,Cloudy,88,Not Applicable,4,Dark-Lighted,1,Dry,99,Unknown,88,Not Applicable,88,Not Applicable,99,Unknown,88,Not Applicable,88,Not Applicable,3,Intersection-Related,3,T-Intersection,1,No,1,No,88,Not Applicable,88,Not Applicable,88,Not Applicable,88,Not Applicable,FALSE,1,Public Road,1,"Trafficway, On Road",CT0009300,New Haven PD,42042,19:19.0,O,Open,01:59.0,,1,17200,3,PRINCIPAL ARTERIAL - OTHER - NEW HPMS,1,Rural
941752,1,Complete,941752,941752,41.32741,-72.96055,3438899,New Haven,93,93,New Haven,6/9/2022,2022,6,June,9,5,Thursday,18:54:00,18,22019249,A,1,,Utility Pole,"Injury of any type (Serious, Minor, Possible)",A,Suspected Serious Injury (A),0,0,3,State,0.25,63,63-N,63-N,BLAKE ST,,,,,41.32741,-72.96055,33,Utility Pole/Light Support,88,Not Applicable,1,On Roadway,1,Clear,88,Not Applicable,1,Daylight,1,Dry,0,None,88,Not Applicable,88,Not Applicable,0,None,88,Not Applicable,88,Not Applicable,2,Intersection,3,T-Intersection,1,No,1,No,88,Not Applicable,88,Not Applicable,88,Not Applicable,88,Not Applicable,FALSE,1,Public Road,1,"Trafficway, On Road",CT0009300,New Haven PD,74,48:23.0,C,Closed,02:01.0,,2,15400,3,PRINCIPAL ARTERIAL - OTHER - NEW HPMS,2,Urban
942184,1,Complete,942184,942184,41.31014,-72.90344,3439331,New Haven,93,93,New Haven,5/29/2022,2022,5,May,29,1,Sunday,18:44:00,18,22017892,A,2,,Motor Vehicle In Motion,"Injury of any type (Serious, Minor, Possible)",A,Suspected Serious Injury (A),0,0,4,Local,0.43,327,JAMES ST,JAMES ST,CLAY ST NO 1,,,,,41.31014,-72.90344,14,Motor Vehicle in Operation,5,"Sideswipe, opposite direction",1,On Roadway,1,Clear,88,Not Applicable,1,Daylight,1,Dry,0,None,88,Not Applicable,88,Not Applicable,0,None,88,Not Applicable,88,Not Applicable,2,Intersection,2,Four-Way Intersection,1,No,1,No,88,Not Applicable,88,Not Applicable,88,Not Applicable,88,Not Applicable,TRUE,1,Public Road,1,"Trafficway, On Road",CT0009300,New Haven PD,40788,10:40.0,C,Closed,01:46.0,,,,,,,
942186,1,Complete,942186,942186,41.32686,-72.96528,3439333,New Haven,93,93,New Haven,6/1/2022,2022,6,June,1,4,Wednesday,20:29:00,20,22018281,A,2,,Motor Vehicle In Motion,"Injury of any type (Serious, Minor, Possible)",C,Possible Injury (C),0,0,3,State,6.37,243,243-W,243-W,EMERSON ST NO 2,,,,,41.32686,-72.96528,14,Motor Vehicle in Operation,1,Front to rear,1,On Roadway,1,Clear,88,Not Applicable,1,Daylight,1,Dry,0,None,88,Not Applicable,88,Not Applicable,0,None,88,Not Applicable,88,Not Applicable,3,Intersection-Related,3,T-Intersection,1,No,1,No,88,Not Applicable,88,Not Applicable,88,Not Applicable,88,Not Applicable,FALSE,1,Public Road,1,"Trafficway, On Road",CT0009300,New Haven PD,42044,48:10.0,C,Closed,02:09.0,,1,10500,4,MINOR ARTERIAL - NEW HPMS,1,Rural
942188,1,Complete,942188,942188,41.32214,-72.92891,3439335,New Haven,93,93,New Haven,6/3/2022,2022,6,June,3,6,Friday,23:42:00,23,22018519,A,4,,Motor Vehicle In Motion,"Injury of any type (Serious, Minor, Possible)",C,Possible Injury (C),0,0,4,Local,0.44,669,WINCHESTER AV,WINCHESTER AV,,MUNSON ST,200,Feet,N,41.32214,-72.92891,14,Motor Vehicle in Operation,5,"Sideswipe, opposite direction",2,Shoulder,1,Clear,88,Not Applicable,4,Dark-Lighted,1,Dry,0,None,88,Not Applicable,88,Not Applicable,0,None,88,Not Applicable,88,Not Applicable,1,Non-Junction,1,Not at Intersection,1,No,1,No,88,Not Applicable,88,Not Applicable,88,Not Applicable,88,Not Applicable,FALSE,1,Public Road,1,"Trafficway, On Road",CT0009300,New Haven PD,42053,09:55.0,C,Closed,01:48.0,,,,,,,
942197,1,Complete,942197,942197,41.321538,-72.876056,3439344,New Haven,93,93,New Haven,6/9/2022,2022,6,June,9,5,Thursday,16:37:00,16,22019222,A,2,,Motor Vehicle In Motion,"Injury of any type (Serious, Minor, Possible)",C,Possible Injury (C),0,0,3,State,0.32,80,80-E,80-E,,,,,,41.321538,-72.876056,14,Motor Vehicle in Operation,3,Angle,1,On Roadway,1,Clear,88,Not Applicable,1,Daylight,1,Dry,0,None,88,Not Applicable,88,Not Applicable,0,None,88,Not Applicable,88,Not Applicable,2,Intersection,3,T-Intersection,1,No,1,No,88,Not Applicable,88,Not Applicable,88,Not Applicable,88,Not Applicable,FALSE,1,Public Road,1,"Trafficway, On Road",CT0009300,New Haven PD,42055,05:26.0,C,Closed,01:49.0,,2,32300,3,PRINCIPAL ARTERIAL - OTHER - NEW HPMS,2,Urban
942200,1,Complete,942200,942200,41.3188022,-72.8754198,3439347,New Haven,93,93,New Haven,6/9/2022,2022,6,June,9,5,Thursday,20:35:00,20,22019258,A,3,,Motor Vehicle In Motion,"Injury of any type (Serious, Minor, Possible)",C,Possible Injury (C),0,0,4,Local,2.06,498,QUINNIPIAC AV,QUINNIPIAC AV,,FOXON BLVD,500,Feet,S,41.3188022,-72.8754198,14,Motor Vehicle in Operation,1,Front to rear,1,On Roadway,1,Clear,88,Not Applicable,4,Dark-Lighted,1,Dry,0,None,88,Not Applicable,88,Not Applicable,0,None,88,Not Applicable,88,Not Applicable,1,Non-Junction,1,Not at Intersection,1,No,1,No,88,Not Applicable,88,Not Applicable,88,Not Applicable,88,Not Applicable,FALSE,1,Public Road,1,"Trafficway, On Road",CT0009300,New Haven PD,42055,35:21.0,C,Closed,02:06.0,,,,,,,
942201,1,Complete,942201,942201,41.31455,-72.95903,3439348,New Haven,93,93,New Haven,6/9/2022,2022,6,June,9,5,Thursday,23:08:00,23,22019269,A,2,,Motor Vehicle In Motion,"Injury of any type (Serious, Minor, Possible)",B,Suspected Minor Injury (B),0,0,4,Local,3.61,97,CHAPEL ST,CHAPEL ST,YALE AV,,,,,41.31455,-72.95903,14,Motor Vehicle in Operation,3,Angle,1,On Roadway,1,Clear,88,Not Applicable,4,Dark-Lighted,1,Dry,0,None,88,Not Applicable,88,Not Applicable,0,None,88,Not Applicable,88,Not Applicable,2,Intersection,2,Four-Way Intersection,1,No,1,No,88,Not Applicable,88,Not Applicable,88,Not Applicable,88,Not Applicable,FALSE,1,Public Road,1,"Trafficway, On Road",CT0009300,New Haven PD,43614,52:38.0,C,Closed,01:53.0,,,,,,,
942203,1,Complete,942203,942203,41.311712,-72.931524,3439350,New Haven,93,93,New Haven,6/10/2022,2022,6,June,10,6,Friday,9:13:00,9,22019290,A,2,,Motor Vehicle In Motion,"Injury of any type (Serious, Minor, Possible)",B,Suspected Minor Injury (B),0,0,4,Local,0.08,68,BROADWAY,BROADWAY,,PARK ST,50,Feet,W,41.311712,-72.931524,14,Motor Vehicle in Operation,4,"Sideswipe, same direction",1,On Roadway,1,Clear,88,Not Applicable,1,Daylight,1,Dry,0,None,88,Not Applicable,88,Not Applicable,0,None,88,Not Applicable,88,Not Applicable,1,Non-Junction,1,Not at Intersection,1,No,1,No,88,Not Applicable,88,Not Applicable,88,Not Applicable,88,Not Applicable,TRUE,1,Public Road,1,"Trafficway, On Road",CT0009300,New Haven PD,40790,11:32.0,C,Closed,01:52.0,,,,,,,
942205,1,Complete,942205,942205,41.28815,-72.88911,3439352,New Haven,93,93,New Haven,6/10/2022,2022,6,June,10,6,Friday,12:43:00,12,22019329,A,2,,Motor Vehicle In Motion,"Injury of any type (Serious, Minor, Possible)",C,Possible Injury (C),0,0,2,USRoute,50.47,1,1-N,1-N,OAKLEY ST NO 2,,,,,41.28815,-72.88911,14,Motor Vehicle in Operation,1,Front to rear,1,On Roadway,1,Clear,88,Not Applicable,1,Daylight,1,Dry,0,None,88,Not Applicable,88,Not Applicable,0,None,88,Not Applicable,88,Not Applicable,2,Intersection,3,T-Intersection,1,No,1,No,88,Not Applicable,88,Not Applicable,88,Not Applicable,88,Not Applicable,FALSE,1,Public Road,1,"Trafficway, On Road",CT0009300,New Haven PD,43688,44:11.0,C,Closed,02:10.0,,3,21400,3,PRINCIPAL ARTERIAL - OTHER - NEW HPMS,2,Urban
942208,1,Complete,942208,942208,41.31352,-72.93415,3439355,New Haven,93,93,New Haven,6/10/2022,2022,6,June,10,6,Friday,14:49:00,14,22019349,A,2,,Motor Vehicle In Motion,"Injury of any type (Serious, Minor, Possible)",A,Suspected Serious Injury (A),0,1,4,Local,0.86,653,WHALLEY AV,WHALLEY AV,DWIGHT ST,,,,,41.31352,-72.93415,14,Motor Vehicle in Operation,4,"Sideswipe, same direction",1,On Roadway,1,Clear,88,Not Applicable,1,Daylight,1,Dry,0,None,88,Not Applicable,88,Not Applicable,0,None,88,Not Applicable,88,Not Applicable,2,Intersection,3,T-Intersection,1,No,1,No,88,Not Applicable,88,Not Applicable,88,Not Applicable,88,Not Applicable,FALSE,1,Public Road,1,"Trafficway, On Road",CT0009300,New Haven PD,11439,10:48.0,C,Closed,01:55.0,,,,,,,
942213,1,Complete,942213,942213,41.297801,-72.934282,3439360,New Haven,93,93,New Haven,6/10/2022,2022,6,June,10,6,Friday,22:34:00,22,22019410,A,2,,Motor Vehicle In Motion,"Injury of any type (Serious, Minor, Possible)",C,Possible Injury (C),0,0,2,USRoute,47.4,1,1-N,1-N,HOWARD AV,,,,,41.297801,-72.934282,14,Motor Vehicle in Operation,1,Front to rear,1,On Roadway,1,Clear,1,Clear,99,Unknown,1,Dry,0,None,88,Not Applicable,88,Not Applicable,0,None,88,Not Applicable,88,Not Applicable,2,Intersection,2,Four-Way Intersection,1,No,1,No,88,Not Applicable,88,Not Applicable,88,Not Applicable,88,Not Applicable,FALSE,1,Public Road,1,"Trafficway, On Road",CT0009300,New Haven PD,40811,28:22.0,C,Closed,01:57.0,,1,8400,3,PRINCIPAL ARTERIAL - OTHER - NEW HPMS,1,Rural
942216,1,Complete,942216,942216,41.31776,-72.94543,3439363,New Haven,93,93,New Haven,6/11/2022,2022,6,June,11,7,Saturday,3:04:00,3,22019439,A,2,,Motor Vehicle In Motion,"Injury of any type (Serious, Minor, Possible)",C,Possible Injury (C),0,0,4,Local,0.2,653,WHALLEY AV,WHALLEY AV,,NORTON AVE,183,Feet,E,41.31776,-72.94543,14,Motor Vehicle in Operation,1,Front to rear,1,On Roadway,1,Clear,88,Not Applicable,4,Dark-Lighted,1,Dry,0,None,88,Not Applicable,88,Not Applicable,0,None,88,Not Applicable,88,Not Applicable,1,Non-Junction,1,Not at Intersection,1,No,1,No,88,Not Applicable,88,Not Applicable,88,Not Applicable,88,Not Applicable,FALSE,1,Public Road,1,"Trafficway, On Road",CT0009300,New Haven PD,40956,11:21.0,C,Closed,01:59.0,,,,,,,
942220,1,Complete,942220,942220,41.31698,-72.94337,3439367,New Haven,93,93,New Haven,6/11/2022,2022,6,June,11,7,Saturday,12:57:00,12,22019473,A,2,,Motor Vehicle In Motion,"Injury of any type (Serious, Minor, Possible)",C,Possible Injury (C),0,0,4,Local,0.32,653,WHALLEY AV,WHALLEY AV,CARMEL ST,,,,,41.31698,-72.94337,14,Motor Vehicle in Operation,1,Front to rear,1,On Roadway,2,Cloudy,88,Not Applicable,1,Daylight,1,Dry,0,None,88,Not Applicable,88,Not Applicable,0,None,88,Not Applicable,88,Not Applicable,2,Intersection,3,T-Intersection,1,No,1,No,88,Not Applicable,88,Not Applicable,88,Not Applicable,88,Not Applicable,FALSE,1,Public Road,1,"Trafficway, On Road",CT0009300,New Haven PD,91,15:21.0,C,Closed,02:02.0,,,,,,,
942221,1,Complete,942221,942221,41.32292,-72.96961,3439368,New Haven,93,93,New Haven,6/11/2022,2022,6,June,11,7,Saturday,15:45:00,15,22019487,A,2,,Motor Vehicle In Motion,"Injury of any type (Serious, Minor, Possible)",A,Suspected Serious Injury (A),0,1,3,State,3.06,122,122-N,122-N,,W ELM ST,300,Feet,S,41.32292,-72.96961,14,Motor Vehicle in Operation,2,Front to front,1,On Roadway,2,Cloudy,88,Not Applicable,1,Daylight,1,Dry,0,None,88,Not Applicable,88,Not Applicable,0,None,88,Not Applicable,88,Not Applicable,1,Non-Junction,1,Not at Intersection,1,No,1,No,88,Not Applicable,88,Not Applicable,88,Not Applicable,88,Not Applicable,FALSE,1,Public Road,1,"Trafficway, On Road",CT0009300,New Haven PD,40951,59:32.0,C,Closed,02:04.0,,1,11600,4,MINOR ARTERIAL - NEW HPMS,1,Rural
942228,1,Complete,942228,942228,41.31344,-72.90757,3439375,New Haven,93,93,New Haven,6/11/2022,2022,6,June,11,7,Saturday,23:15:00,23,22019531,A,1,,Not Applicable,"Injury of any type (Serious, Minor, Possible)",B,Suspected Minor Injury (B),0,0,4,Local,0.73,316,HUMPHREY ST,HUMPHREY ST,,MILL RIVER ST,200,Feet,E,41.31344,-72.90757,25,Curb,88,Not Applicable,1,On Roadway,1,Clear,88,Not Applicable,4,Dark-Lighted,1,Dry,0,None,88,Not Applicable,88,Not Applicable,0,None,88,Not Applicable,88,Not Applicable,1,Non-Junction,1,Not at Intersection,1,No,1,No,88,Not Applicable,88,Not Applicable,88,Not Applicable,88,Not Applicable,FALSE,1,Public Road,1,"Trafficway, On Road",CT0009300,New Haven PD,42048,35:18.0,C,Closed,02:08.0,,4,5800,5,MAJOR COLLECTOR - NEW HPMS,2,Urban
942229,1,Complete,942229,942229,41.323802,-72.940655,3439376,New Haven,93,93,New Haven,6/12/2022,2022,6,June,12,1,Sunday,2:54:00,2,22019552,A,1,,Pedestrian,"Injury of any type (Serious, Minor, Possible)",A,Suspected Serious Injury (A),1,1,4,Local,0.23,133,CRESCENT ST,CRESCENT ST,,MUNSON ST,50,Feet,N,41.323802,-72.940655,9,Pedestrian,88,Not Applicable,1,On Roadway,2,Cloudy,88,Not Applicable,4,Dark-Lighted,1,Dry,0,None,88,Not Applicable,88,Not Applicable,99,Unknown,88,Not Applicable,88,Not Applicable,1,Non-Junction,1,Not at Intersection,1,No,1,No,88,Not Applicable,88,Not Applicable,88,Not Applicable,88,Not Applicable,FALSE,1,Public Road,1,"Trafficway, On Road",CT0009300,New Haven PD,40956,14:39.0,C,Closed,02:08.0,,4,6000,5,MAJOR COLLECTOR - NEW HPMS,2,Urban
942230,1,Complete,942230,942230,41.30549,-72.95263,3439377,New Haven,93,93,New Haven,6/12/2022,2022,6,June,12,1,Sunday,10:04:00,10,22019557,A,2,,Motor Vehicle In Motion,"Injury of any type (Serious, Minor, Possible)",C,Possible Injury (C),0,0,4,Local,0,360,LEGION AV-RT 34,LEGION AV-RT 34,10-N,,,,,41.30549,-72.95263,14,Motor Vehicle in Operation,4,"Sideswipe, same direction",1,On Roadway,1,Clear,88,Not Applicable,1,Daylight,1,Dry,0,None,88,Not Applicable,88,Not Applicable,0,None,88,Not Applicable,88,Not Applicable,2,Intersection,3,T-Intersection,1,No,1,No,88,Not Applicable,88,Not Applicable,88,Not Applicable,88,Not Applicable,FALSE,1,Public Road,1,"Trafficway, On Road",CT0009300,New Haven PD,251,48:32.0,C,Closed,02:14.0,,,,,,,
942234,1,Complete,942234,942234,41.31634,-72.94248,3439381,New Haven,93,93,New Haven,6/12/2022,2022,6,June,12,1,Sunday,16:55:00,16,22019579,A,2,,Motor Vehicle In Motion,"Injury of any type (Serious, Minor, Possible)",C,Possible Injury (C),0,0,4,Local,0.38,653,WHALLEY AV,WHALLEY AV,SHERMAN AV,,,,,41.31634,-72.94248,14,Motor Vehicle in Operation,1,Front to rear,1,On Roadway,1,Clear,88,Not Applicable,1,Daylight,1,Dry,0,None,88,Not Applicable,88,Not Applicable,0,None,88,Not Applicable,88,Not Applicable,2,Intersection,2,Four-Way Intersection,1,No,1,No,88,Not Applicable,88,Not Applicable,88,Not Applicable,88,Not Applicable,TRUE,1,Public Road,1,"Trafficway, On Road",CT0009300,New Haven PD,381,35:20.0,C,Closed,02:17.0,,,,,,,
942862,1,Complete,942862,942862,41.32299,-72.937749,3440007,New Haven,93,93,New Haven,6/1/2022,2022,6,June,1,4,Wednesday,22:42:00,22,22018143,A,2,,Motor Vehicle In Motion,"Injury of any type (Serious, Minor, Possible)",C,Possible Injury (C),0,0,4,Local,0.25,557,SHERMAN PKWY,SHERMAN PKWY,MUNSON ST,,,,,41.32299,-72.937749,14,Motor Vehicle in Operation,3,Angle,1,On Roadway,1,Clear,88,Not Applicable,4,Dark-Lighted,1,Dry,99,Unknown,88,Not Applicable,88,Not Applicable,99,Unknown,88,Not Applicable,88,Not Applicable,2,Intersection,2,Four-Way Intersection,1,No,1,No,88,Not Applicable,88,Not Applicable,88,Not Applicable,88,Not Applicable,FALSE,1,Public Road,1,"Trafficway, On Road",CT0009300,New Haven PD,40816,18:46.0,C,Closed,01:07.0,,,,,,,