CrashId,Fatal Case Status,Fatal Case Status Text Format,CrashId,CrashId,Latitude,Longitude,DOT Case Number,Town Name,Town Number,Town Number,Town Number Text Format,Date Of Crash,Year,Month,Month Text Format,Day,Day of the Week,Day of the Week Text Format,Time of Crash,Hour of the Day,Case Identifier,Crash Severity,Number Of Motor Vehicles,Motor vehicle action,Most harmful event,Crash Severity Text Format,Most Severe Injury,Most Severe Injury Text Format,Number Of Non-Motorist,Number Of Witnesses,Route Class,Route Class Text Format,Milemarker,Road Number,Road Description,Roadway Name,Intersecting Roadway Name,Landmark Description,Distance From Nearest Landmark,Unit Of Measure From Nearest Landmark,Direction From Nearest Landmark,Latitude,Longitude,First Harmful Event,First Harmful Event Text Format,Manner of Crash / Collision Impact,Manner of Crash / Collision Impact Text Format,Location of First Harmful Event,Location of First Harmful Event Text Format,Weather Condition,Weather Condition Text Format,Weather 2,Weather 2 Text Format,Light Condition,Light Condition Text Format,Road Surface Condition,Road Surface Condition Text Format,"Contributing Circumstances, Environment","Contributing Circumstances, Environment Text Format",Environment 2,Environment 2 Text Format,Environment 3,Environment 3 Text Format,"Contributing Circumstances, Road","Contributing Circumstances, Road Text Format",Road 2,Road 2 Text Format,Road 3,Road 3 Text Format,Crash Specific Location,Crash Specific Location Text Format,Type of Intersection,Type of Intersection Text Format,School Bus Related,School Bus Related Text Format,Work Zone Related,Work Zone Related Text Format,Location Of Crash Relative To Work Zone,Location Of Crash Relative To Work Zone Text Format,Type of Work Zone,Type of Work Zone Text Format,Worker Presence,Worker Presence Text Format,Law Enforcement Presence,Law Enforcement Presence Text Format,Were Vehicles Moved Prior To Police Arrival,Trafficway Ownership,Trafficway Ownership Text Format,Trafficway Class,Trafficway Class Text Format,Police Agency,Police Agency Text Format,Badge Number,Approval Date,Police Case Status,Police Case Status Text Format,Crash Report Submission Date,Related Case Identifiers,No. of Through Lanes (Log Dir.),Average Daily Traffic,Functional Classification,Functional Classification Text Format,Rural or Urban,Rural or Urban Text Format
942863,1,Complete,942863,942863,41.305766,-72.921927,3440008,New Haven,93,93,New Haven,6/9/2022,2022,6,June,9,5,Thursday,12:18:00,12,22019196,A,2,,Motor Vehicle In Motion,"Injury of any type (Serious, Minor, Possible)",C,Possible Injury (C),0,0,4,Local,1.26,575,STATE ST,STATE ST,COURT ST NO 2,,,,,41.305766,-72.921927,14,Motor Vehicle in Operation,3,Angle,1,On Roadway,1,Clear,88,Not Applicable,1,Daylight,1,Dry,0,None,88,Not Applicable,88,Not Applicable,0,None,88,Not Applicable,88,Not Applicable,3,Intersection-Related,2,Four-Way Intersection,1,No,1,No,88,Not Applicable,88,Not Applicable,88,Not Applicable,88,Not Applicable,FALSE,1,Public Road,1,"Trafficway, On Road",CT0009300,New Haven PD,106,30:10.0,C,Closed,01:10.0,,,,,,,
942871,1,Complete,942871,942871,41.312152,-72.919432,3440016,New Haven,93,93,New Haven,6/13/2022,2022,6,June,13,2,Monday,15:40:00,15,22019705,A,2,,Motor Vehicle In Motion,"Injury of any type (Serious, Minor, Possible)",C,Possible Injury (C),0,0,4,Local,0.31,601,TRUMBULL ST,TRUMBULL ST,,ORANGE ST,20,Feet,W,41.312152,-72.919432,14,Motor Vehicle in Operation,4,"Sideswipe, same direction",1,On Roadway,1,Clear,88,Not Applicable,1,Daylight,1,Dry,0,None,88,Not Applicable,88,Not Applicable,0,None,88,Not Applicable,88,Not Applicable,1,Non-Junction,1,Not at Intersection,1,No,1,No,88,Not Applicable,88,Not Applicable,88,Not Applicable,88,Not Applicable,FALSE,1,Public Road,1,"Trafficway, On Road",CT0009300,New Haven PD,221,51:54.0,C,Closed,01:12.0,,,,,,,
942872,1,Complete,942872,942872,41.31318,-72.91843,3440017,New Haven,93,93,New Haven,6/13/2022,2022,6,June,13,2,Monday,19:25:00,19,22019756,A,2,,Motor Vehicle In Motion,"Injury of any type (Serious, Minor, Possible)",C,Possible Injury (C),0,1,4,Local,1.11,450,ORANGE ST NO 1,ORANGE ST NO 1,BRADLEY ST NO 1,,,,,41.31318,-72.91843,14,Motor Vehicle in Operation,3,Angle,1,On Roadway,1,Clear,88,Not Applicable,1,Daylight,1,Dry,99,Unknown,88,Not Applicable,88,Not Applicable,99,Unknown,88,Not Applicable,88,Not Applicable,2,Intersection,2,Four-Way Intersection,1,No,1,No,88,Not Applicable,88,Not Applicable,88,Not Applicable,88,Not Applicable,FALSE,1,Public Road,1,"Trafficway, On Road",CT0009300,New Haven PD,40816,55:54.0,C,Closed,01:15.0,,,,,,,
942873,1,Complete,942873,942873,41.301481,-72.941386,3440018,New Haven,93,93,New Haven,6/13/2022,2022,6,June,13,2,Monday,22:03:00,22,22019765,A,3,,Motor Vehicle In Motion,"Injury of any type (Serious, Minor, Possible)",C,Possible Injury (C),0,0,4,Local,0.43,141,DAVENPORT AV,DAVENPORT AV,,,,,,41.301481,-72.941386,14,Motor Vehicle in Operation,3,Angle,1,On Roadway,1,Clear,88,Not Applicable,4,Dark-Lighted,1,Dry,0,None,88,Not Applicable,88,Not Applicable,0,None,88,Not Applicable,88,Not Applicable,2,Intersection,3,T-Intersection,1,No,1,No,88,Not Applicable,88,Not Applicable,88,Not Applicable,88,Not Applicable,TRUE,1,Public Road,1,"Trafficway, On Road",CT0009300,New Haven PD,281,43:08.0,C,Closed,01:14.0,,,,,,,
942874,1,Complete,942874,942874,41.295294,-72.926968,3440019,New Haven,93,93,New Haven,6/13/2022,2022,6,June,13,2,Monday,22:03:00,22,22019774,A,2,,Reentering Roadway,"Injury of any type (Serious, Minor, Possible)",B,Suspected Minor Injury (B),0,0,4,Local,0.35,759,CHURCH ST SOUTH NO 2,CHURCH ST SOUTH NO 2,,CHURCH ST S,500,Feet,E,41.295294,-72.926968,14,Motor Vehicle in Operation,3,Angle,1,On Roadway,1,Clear,88,Not Applicable,4,Dark-Lighted,1,Dry,0,None,88,Not Applicable,88,Not Applicable,0,None,88,Not Applicable,88,Not Applicable,1,Non-Junction,1,Not at Intersection,1,No,1,No,88,Not Applicable,88,Not Applicable,88,Not Applicable,88,Not Applicable,FALSE,1,Public Road,1,"Trafficway, On Road",CT0009300,New Haven PD,40818,42:48.0,C,Closed,01:14.0,,,,,,,
943240,1,Complete,943240,943240,41.29922,-72.94973,3440385,New Haven,93,93,New Haven,6/13/2022,2022,6,June,13,2,Monday,17:22:00,17,22019736,A,2,,Motor Vehicle In Motion,"Injury of any type (Serious, Minor, Possible)",B,Suspected Minor Injury (B),0,0,3,State,1.6,10,10-N,10-N,,ORANGE AVE,1000,Feet,W,41.29922,-72.94973,14,Motor Vehicle in Operation,1,Front to rear,1,On Roadway,1,Clear,88,Not Applicable,1,Daylight,1,Dry,0,None,88,Not Applicable,88,Not Applicable,0,None,88,Not Applicable,88,Not Applicable,1,Non-Junction,1,Not at Intersection,1,No,1,No,88,Not Applicable,88,Not Applicable,88,Not Applicable,88,Not Applicable,FALSE,1,Public Road,1,"Trafficway, On Road",CT0009300,New Haven PD,158,39:37.0,C,Closed,00:16.0,,2,20800,3,PRINCIPAL ARTERIAL - OTHER - NEW HPMS,2,Urban
943244,1,Complete,943244,943244,41.293314,-72.897431,922140,New Haven,93,93,New Haven,6/14/2022,2022,6,June,14,3,Tuesday,18:12:00,18,22019934,K,1,Negotiating a Curve,"Other Fixed Object (wall, building, tunnel, etc.)",Fatal (Kill),K,Fatal Injury (K),0,1,2,USRoute,49.84,1,1-N,1-N,,Fulton Terrace,105,Feet,N,41.293314,-72.897431,25,Curb,88,Not Applicable,1,On Roadway,1,Clear,88,Not Applicable,1,Daylight,1,Dry,0,None,88,Not Applicable,88,Not Applicable,0,None,88,Not Applicable,88,Not Applicable,1,Non-Junction,1,Not at Intersection,1,No,1,No,88,Not Applicable,88,Not Applicable,88,Not Applicable,88,Not Applicable,FALSE,1,Public Road,1,"Trafficway, On Road",CT0009300,New Haven PD,156,11:03.0,O,Open,00:18.0,,4,9400,3,PRINCIPAL ARTERIAL - OTHER - NEW HPMS,2,Urban
943431,1,Complete,943431,943431,41.293402,-72.944367,921077,New Haven,93,93,New Haven,4/21/2021,2021,4,April,21,4,Wednesday,22:34:00,22,21014724,K,1,Straight Ahead,Pedestrian,Fatal (Kill),K,Fatal Injury (K),1,0,3,State,1.1,10,10-N,10-N,,ADELINE ST,150,Feet,N,41.293402,-72.944367,9,Pedestrian,88,Not Applicable,1,On Roadway,2,Cloudy,,,4,Dark-Lighted,1,Dry,0,None,,,,,0,None,,,,,1,Non-Junction,1,Not at Intersection,1,No,1,No,88,Not Applicable,88,Not Applicable,88,Not Applicable,88,Not Applicable,,1,Public Road,1,"Trafficway, On Road",CT0009300,New Haven PD,362,42:00.0,O,Open,12:00.0,,4,20200,3,PRINCIPAL ARTERIAL - OTHER - NEW HPMS,2,Urban
943510,1,Complete,943510,943510,41.283142,-72.934483,3440654,New Haven,93,93,New Haven,6/13/2022,2022,6,June,13,2,Monday,12:45:00,12,22017456,A,1,,"Other Post, Pole, or Support","Injury of any type (Serious, Minor, Possible)",B,Suspected Minor Injury (B),0,0,3,State,0.21,10,10-N,10-N,,HARBOUR CLOSE,30,Feet,N,41.283142,-72.934483,25,Curb,88,Not Applicable,2,Shoulder,1,Clear,88,Not Applicable,4,Dark-Lighted,1,Dry,0,None,88,Not Applicable,88,Not Applicable,0,None,88,Not Applicable,88,Not Applicable,1,Non-Junction,1,Not at Intersection,1,No,1,No,88,Not Applicable,88,Not Applicable,88,Not Applicable,88,Not Applicable,FALSE,1,Public Road,1,"Trafficway, On Road",CT0009300,New Haven PD,42044,39:31.0,C,Closed,01:09.0,,4,18500,3,PRINCIPAL ARTERIAL - OTHER - NEW HPMS,2,Urban
943520,1,Complete,943520,943520,41.29837,-72.89244,3440664,New Haven,93,93,New Haven,6/15/2022,2022,6,June,15,4,Wednesday,18:16:00,18,22019940,A,2,,Motor Vehicle In Motion,"Injury of any type (Serious, Minor, Possible)",C,Possible Injury (C),0,0,4,Local,0.28,210,FARREN AV,FARREN AV,LANCRAFT ST,,,,,41.29837,-72.89244,14,Motor Vehicle in Operation,3,Angle,1,On Roadway,1,Clear,88,Not Applicable,1,Daylight,1,Dry,0,None,88,Not Applicable,88,Not Applicable,0,None,88,Not Applicable,88,Not Applicable,2,Intersection,2,Four-Way Intersection,1,No,1,No,88,Not Applicable,88,Not Applicable,88,Not Applicable,88,Not Applicable,FALSE,1,Public Road,1,"Trafficway, On Road",CT0009300,New Haven PD,7729,23:19.0,C,Closed,01:17.0,,,,,,,
943528,1,Complete,943528,943528,41.313684,-72.918066,3440672,New Haven,93,93,New Haven,6/15/2022,2022,6,June,15,4,Wednesday,14:27:00,14,22020085,A,2,,Motor Vehicle In Motion,"Injury of any type (Serious, Minor, Possible)",C,Possible Injury (C),0,0,4,Local,1.07,450,ORANGE ST NO 1,ORANGE ST NO 1,,ELD STREET,100,Feet,S,41.313684,-72.918066,14,Motor Vehicle in Operation,6,Rear to side,1,On Roadway,1,Clear,88,Not Applicable,1,Daylight,1,Dry,0,None,88,Not Applicable,88,Not Applicable,0,None,88,Not Applicable,88,Not Applicable,1,Non-Junction,1,Not at Intersection,1,No,1,No,88,Not Applicable,88,Not Applicable,88,Not Applicable,88,Not Applicable,TRUE,99,Unknown,1,"Trafficway, On Road",CT0009300,New Haven PD,42052,21:53.0,C,Closed,01:18.0,,,,,,,
943532,1,Complete,943532,943532,41.315266,-72.938532,3440676,New Haven,93,93,New Haven,6/15/2022,2022,6,June,15,4,Wednesday,15:23:00,15,22020103,A,3,,Motor Vehicle In Motion,"Injury of any type (Serious, Minor, Possible)",C,Possible Injury (C),0,0,4,Local,0.6,653,WHALLEY AV,WHALLEY AV,,ORCHARD ST,200,Feet,W,41.315266,-72.938532,14,Motor Vehicle in Operation,1,Front to rear,1,On Roadway,1,Clear,88,Not Applicable,1,Daylight,1,Dry,0,None,88,Not Applicable,88,Not Applicable,0,None,88,Not Applicable,88,Not Applicable,1,Non-Junction,1,Not at Intersection,1,No,1,No,88,Not Applicable,88,Not Applicable,88,Not Applicable,88,Not Applicable,FALSE,1,Public Road,1,"Trafficway, On Road",CT0009300,New Haven PD,40804,35:51.0,C,Closed,01:17.0,,,,,,,
943535,1,Complete,943535,943535,41.31458,-72.90065,3440679,New Haven,93,93,New Haven,6/15/2022,2022,6,June,15,4,Wednesday,18:08:00,18,22020117,A,2,,Motor Vehicle In Motion,"Injury of any type (Serious, Minor, Possible)",C,Possible Injury (C),0,0,4,Local,0.18,379,LOMBARD ST,LOMBARD ST,BLATCHLEY AV,,,,,41.31458,-72.90065,14,Motor Vehicle in Operation,3,Angle,1,On Roadway,1,Clear,88,Not Applicable,1,Daylight,1,Dry,0,None,88,Not Applicable,88,Not Applicable,0,None,88,Not Applicable,88,Not Applicable,2,Intersection,2,Four-Way Intersection,1,No,1,No,88,Not Applicable,88,Not Applicable,88,Not Applicable,88,Not Applicable,FALSE,1,Public Road,1,"Trafficway, On Road",CT0009300,New Haven PD,40788,49:30.0,C,Closed,01:19.0,,,,,,,
943804,1,Complete,943804,943804,41.308985,-72.873751,3440948,New Haven,93,93,New Haven,6/12/2022,2022,6,June,12,1,Sunday,14:02:00,14,22019567,A,2,,Motor Vehicle In Motion,"Injury of any type (Serious, Minor, Possible)",C,Possible Injury (C),0,0,4,Local,0.14,167,EASTERN ST,EASTERN ST,,MARIE ST,100,Feet,S,41.308985,-72.873751,14,Motor Vehicle in Operation,97,Other,1,On Roadway,1,Clear,88,Not Applicable,1,Daylight,1,Dry,0,None,88,Not Applicable,88,Not Applicable,0,None,88,Not Applicable,88,Not Applicable,1,Non-Junction,1,Not at Intersection,1,No,1,No,88,Not Applicable,88,Not Applicable,88,Not Applicable,88,Not Applicable,FALSE,1,Public Road,1,"Trafficway, On Road",CT0009300,New Haven PD,43688,35:43.0,C,Closed,00:59.0,,,,,,,
943808,1,Complete,943808,943808,41.329904,-72.970544,3440952,New Haven,93,93,New Haven,6/16/2022,2022,6,June,16,5,Thursday,17:58:00,17,22020219,A,2,,Motor Vehicle In Motion,"Injury of any type (Serious, Minor, Possible)",C,Possible Injury (C),0,0,3,State,0.82,63,63-N,63-N,,W PROSPECT STREET,300,Feet,E,41.329904,-72.970544,14,Motor Vehicle in Operation,1,Front to rear,1,On Roadway,1,Clear,88,Not Applicable,1,Daylight,1,Dry,0,None,88,Not Applicable,88,Not Applicable,0,None,88,Not Applicable,88,Not Applicable,1,Non-Junction,1,Not at Intersection,1,No,1,No,88,Not Applicable,88,Not Applicable,88,Not Applicable,88,Not Applicable,FALSE,1,Public Road,1,"Trafficway, On Road",CT0009300,New Haven PD,40790,12:59.0,C,Closed,01:01.0,,2,23000,3,PRINCIPAL ARTERIAL - OTHER - NEW HPMS,2,Urban
944216,1,Complete,944216,944216,41.32376,-72.88159,3441360,New Haven,93,93,New Haven,6/12/2022,2022,6,June,12,1,Sunday,6:37:00,6,22019554,A,2,,Motor Vehicle In Motion,"Injury of any type (Serious, Minor, Possible)",C,Possible Injury (C),0,0,3,State,0.22,17,17-N,17-N,80-W,,,,,41.32376,-72.88159,14,Motor Vehicle in Operation,3,Angle,1,On Roadway,1,Clear,88,Not Applicable,1,Daylight,1,Dry,0,None,88,Not Applicable,88,Not Applicable,0,None,88,Not Applicable,88,Not Applicable,2,Intersection,2,Four-Way Intersection,1,No,1,No,88,Not Applicable,88,Not Applicable,88,Not Applicable,88,Not Applicable,FALSE,1,Public Road,1,"Trafficway, On Road",CT0009300,New Haven PD,65,35:14.0,C,Closed,00:52.0,,1,21600,3,PRINCIPAL ARTERIAL - OTHER - NEW HPMS,1,Rural
944222,1,Complete,944222,944222,41.290797,-72.941316,3441366,New Haven,93,93,New Haven,6/17/2022,2022,6,June,17,6,Friday,7:33:00,7,22020264,A,2,,Motor Vehicle In Motion,"Injury of any type (Serious, Minor, Possible)",C,Possible Injury (C),0,0,3,State,0.88,10,10-N,10-N,WASHINGTON AV NO 1,,,,,41.290797,-72.941316,14,Motor Vehicle in Operation,1,Front to rear,1,On Roadway,2,Cloudy,88,Not Applicable,1,Daylight,1,Dry,0,None,88,Not Applicable,88,Not Applicable,0,None,88,Not Applicable,88,Not Applicable,2,Intersection,2,Four-Way Intersection,1,No,1,No,88,Not Applicable,88,Not Applicable,88,Not Applicable,88,Not Applicable,FALSE,1,Public Road,1,"Trafficway, On Road",CT0009300,New Haven PD,137,34:21.0,C,Closed,00:39.0,,2,18000,3,PRINCIPAL ARTERIAL - OTHER - NEW HPMS,2,Urban
944226,1,Complete,944226,944226,41.31933,-72.94956,3441370,New Haven,93,93,New Haven,6/17/2022,2022,6,June,17,6,Friday,12:17:00,12,22020310,A,2,,Motor Vehicle In Motion,"Injury of any type (Serious, Minor, Possible)",C,Possible Injury (C),0,0,4,Local,0,653,WHALLEY AV,WHALLEY AV,10-N,,,,,41.31933,-72.94956,14,Motor Vehicle in Operation,1,Front to rear,1,On Roadway,1,Clear,88,Not Applicable,1,Daylight,1,Dry,0,None,88,Not Applicable,88,Not Applicable,0,None,88,Not Applicable,88,Not Applicable,3,Intersection-Related,2,Four-Way Intersection,1,No,1,No,88,Not Applicable,88,Not Applicable,88,Not Applicable,88,Not Applicable,FALSE,1,Public Road,1,"Trafficway, On Road",CT0009300,New Haven PD,42366,31:52.0,C,Closed,00:42.0,,,,,,,
944229,1,Complete,944229,944229,41.30902,-72.89496,3441373,New Haven,93,93,New Haven,6/17/2022,2022,6,June,17,6,Friday,20:26:00,20,22020324,A,2,,Motor Vehicle In Motion,"Injury of any type (Serious, Minor, Possible)",C,Possible Injury (C),2,2,4,Local,0.48,264,GRAND AV,GRAND AV,,FERRY ST,100,Feet,E,41.30902,-72.89496,14,Motor Vehicle in Operation,3,Angle,1,On Roadway,1,Clear,88,Not Applicable,1,Daylight,1,Dry,0,None,88,Not Applicable,88,Not Applicable,0,None,88,Not Applicable,88,Not Applicable,1,Non-Junction,1,Not at Intersection,1,No,1,No,88,Not Applicable,88,Not Applicable,88,Not Applicable,88,Not Applicable,FALSE,1,Public Road,1,"Trafficway, On Road",CT0009300,New Haven PD,83,51:33.0,C,Closed,00:48.0,,,,,,,
944233,1,Complete,944233,944233,41.31462,-72.90072,3441377,New Haven,93,93,New Haven,6/17/2022,2022,6,June,17,6,Friday,16:45:00,16,22020349,A,2,,Motor Vehicle In Motion,"Injury of any type (Serious, Minor, Possible)",C,Possible Injury (C),0,0,4,Local,0.18,379,LOMBARD ST,LOMBARD ST,BLATCHLEY AV,,,,,41.31462,-72.90072,14,Motor Vehicle in Operation,3,Angle,1,On Roadway,2,Cloudy,88,Not Applicable,1,Daylight,1,Dry,0,None,88,Not Applicable,88,Not Applicable,0,None,88,Not Applicable,88,Not Applicable,2,Intersection,2,Four-Way Intersection,1,No,1,No,88,Not Applicable,88,Not Applicable,88,Not Applicable,88,Not Applicable,FALSE,1,Public Road,1,"Trafficway, On Road",CT0009300,New Haven PD,201,26:47.0,O,Open,00:54.0,,,,,,,
944236,1,Complete,944236,944236,41.3198672,-72.9403864,3441380,New Haven,93,93,New Haven,6/17/2022,2022,6,June,17,6,Friday,13:45:00,13,22020356,A,2,,Motor Vehicle In Motion,"Injury of any type (Serious, Minor, Possible)",C,Possible Injury (C),0,0,4,Local,0,557,SHERMAN PKWY,SHERMAN PKWY,SHERMAN AV,,,,,41.3198672,-72.9403864,14,Motor Vehicle in Operation,1,Front to rear,1,On Roadway,1,Clear,88,Not Applicable,1,Daylight,1,Dry,0,None,88,Not Applicable,88,Not Applicable,0,None,88,Not Applicable,88,Not Applicable,2,Intersection,2,Four-Way Intersection,1,No,1,No,88,Not Applicable,88,Not Applicable,88,Not Applicable,88,Not Applicable,FALSE,1,Public Road,1,"Trafficway, On Road",CT0009300,New Haven PD,40804,39:03.0,C,Closed,00:43.0,,,,,,,
944240,1,Complete,944240,944240,41.32869,-72.92315,3441384,New Haven,93,93,New Haven,6/17/2022,2022,6,June,17,6,Friday,18:44:00,18,22020364,A,2,,Motor Vehicle In Motion,"Injury of any type (Serious, Minor, Possible)",C,Possible Injury (C),0,0,4,Local,0.17,292,HIGHLAND ST,HIGHLAND ST,MANSFIELD ST,,,,,41.32869,-72.92315,14,Motor Vehicle in Operation,97,Other,1,On Roadway,1,Clear,88,Not Applicable,1,Daylight,1,Dry,3,Glare,88,Not Applicable,88,Not Applicable,0,None,88,Not Applicable,88,Not Applicable,2,Intersection,3,T-Intersection,1,No,1,No,88,Not Applicable,88,Not Applicable,88,Not Applicable,88,Not Applicable,FALSE,1,Public Road,1,"Trafficway, On Road",CT0009300,New Haven PD,42052,55:59.0,C,Closed,00:45.0,,,,,,,
944241,1,Complete,944241,944241,41.321666,-72.896896,3441385,New Haven,93,93,New Haven,6/17/2022,2022,6,June,17,6,Friday,18:35:00,18,22020365,A,3,,Motor Vehicle In Motion,"Injury of any type (Serious, Minor, Possible)",B,Suspected Minor Injury (B),0,1,2,USRoute,0.55,5,5-N,5-N,,ROCK ST,500,Feet,N,41.321666,-72.896896,14,Motor Vehicle in Operation,3,Angle,1,On Roadway,1,Clear,88,Not Applicable,1,Daylight,1,Dry,0,None,88,Not Applicable,88,Not Applicable,0,None,88,Not Applicable,88,Not Applicable,1,Non-Junction,1,Not at Intersection,1,No,1,No,88,Not Applicable,88,Not Applicable,88,Not Applicable,88,Not Applicable,FALSE,1,Public Road,1,"Trafficway, On Road",CT0009300,New Haven PD,40801,49:31.0,C,Closed,00:47.0,,1,17500,4,MINOR ARTERIAL - NEW HPMS,1,Rural
944243,1,Complete,944243,944243,41.34455,-72.962198,3441387,New Haven,93,93,New Haven,6/17/2022,2022,6,June,17,6,Friday,23:39:00,23,22020384,A,1,,Curb,"Injury of any type (Serious, Minor, Possible)",C,Possible Injury (C),0,0,4,Local,0.09,722,LEVEL ST,LEVEL ST,,LODGE ST,40,Feet,N,41.34455,-72.962198,25,Curb,88,Not Applicable,8,"Off Roadway,  Location Unknown",1,Clear,88,Not Applicable,4,Dark-Lighted,1,Dry,0,None,88,Not Applicable,88,Not Applicable,0,None,88,Not Applicable,88,Not Applicable,1,Non-Junction,1,Not at Intersection,1,No,1,No,88,Not Applicable,88,Not Applicable,88,Not Applicable,88,Not Applicable,TRUE,1,Public Road,1,"Trafficway, On Road",CT0009300,New Haven PD,42045,54:34.0,C,Closed,00:51.0,,2,1466,7,LOCAL - NEW HPMS,2,Urban
944258,1,Complete,944258,944258,41.33503,-72.931653,3441402,New Haven,93,93,New Haven,6/18/2022,2022,6,June,18,7,Saturday,16:23:00,16,22020454,A,3,,Motor Vehicle In Motion,"Injury of any type (Serious, Minor, Possible)",C,Possible Injury (C),1,0,4,Local,0.03,261,GOODYEAR ST,GOODYEAR ST,,GOODRICH ST,100,Feet,S,41.33503,-72.931653,14,Motor Vehicle in Operation,4,"Sideswipe, same direction",1,On Roadway,1,Clear,88,Not Applicable,1,Daylight,1,Dry,0,None,88,Not Applicable,88,Not Applicable,0,None,88,Not Applicable,88,Not Applicable,1,Non-Junction,1,Not at Intersection,1,No,1,No,88,Not Applicable,88,Not Applicable,88,Not Applicable,88,Not Applicable,TRUE,1,Public Road,1,"Trafficway, On Road",CT0009300,New Haven PD,40953,52:47.0,C,Closed,01:00.0,,,,,,,
944263,1,Complete,944263,944263,41.316254,-72.904386,3441407,New Haven,93,93,New Haven,6/18/2022,2022,6,June,18,7,Saturday,23:07:00,23,22020496,A,2,,Motor Vehicle In Motion,"Injury of any type (Serious, Minor, Possible)",C,Possible Injury (C),0,0,4,Local,0,327,JAMES ST,JAMES ST,,,,,,41.316254,-72.904386,14,Motor Vehicle in Operation,3,Angle,1,On Roadway,4,Rain,88,Not Applicable,4,Dark-Lighted,2,Wet,0,None,88,Not Applicable,88,Not Applicable,0,None,88,Not Applicable,88,Not Applicable,2,Intersection,3,T-Intersection,1,No,1,No,88,Not Applicable,88,Not Applicable,88,Not Applicable,88,Not Applicable,FALSE,1,Public Road,1,"Trafficway, On Road",CT0009300,New Haven PD,41104,39:36.0,C,Closed,01:03.0,,,,,,,
944267,1,Complete,944267,944267,41.314263,-72.900582,3441411,New Haven,93,93,New Haven,6/19/2022,2022,6,June,19,1,Sunday,10:34:00,10,22020518,A,1,,Pedestrian,"Injury of any type (Serious, Minor, Possible)",A,Suspected Serious Injury (A),1,1,4,Local,0.79,57,BLATCHLEY AV,BLATCHLEY AV,,LOMBARD ST,126,Feet,S,41.314263,-72.900582,9,Pedestrian,88,Not Applicable,1,On Roadway,1,Clear,88,Not Applicable,1,Daylight,1,Dry,99,Unknown,88,Not Applicable,88,Not Applicable,0,None,88,Not Applicable,88,Not Applicable,3,Intersection-Related,2,Four-Way Intersection,1,No,1,No,88,Not Applicable,88,Not Applicable,88,Not Applicable,88,Not Applicable,FALSE,1,Public Road,1,"Trafficway, On Road",CT0009300,New Haven PD,980,34:38.0,O,Open,01:10.0,,2,7500,5,MAJOR COLLECTOR - NEW HPMS,2,Urban
944875,1,Complete,944875,944875,41.30876,-72.89927,3442019,New Haven,93,93,New Haven,6/20/2022,2022,6,June,20,2,Monday,6:27:00,6,22020621,A,3,,Motor Vehicle In Motion,"Injury of any type (Serious, Minor, Possible)",C,Possible Injury (C),0,0,4,Local,0.71,264,GRAND AV,GRAND AV,BLATCHLEY AV,,,,,41.30876,-72.89927,14,Motor Vehicle in Operation,3,Angle,1,On Roadway,1,Clear,88,Not Applicable,1,Daylight,1,Dry,0,None,88,Not Applicable,88,Not Applicable,0,None,88,Not Applicable,88,Not Applicable,2,Intersection,2,Four-Way Intersection,1,No,1,No,88,Not Applicable,88,Not Applicable,88,Not Applicable,88,Not Applicable,FALSE,1,Public Road,1,"Trafficway, On Road",CT0009300,New Haven PD,980,11:54.0,C,Closed,00:30.0,,,,,,,
944879,1,Complete,944879,944879,41.299291,-72.925526,3442023,New Haven,93,93,New Haven,6/20/2022,2022,6,June,20,2,Monday,13:05:00,13,22020657,A,2,,Motor Vehicle In Motion,"Injury of any type (Serious, Minor, Possible)",A,Suspected Serious Injury (A),0,0,4,Local,0.06,407,MEADOW ST,MEADOW ST,Union Ave,,,,,41.299291,-72.925526,14,Motor Vehicle in Operation,2,Front to front,4,Roadside,1,Clear,1,Clear,1,Daylight,1,Dry,0,None,88,Not Applicable,88,Not Applicable,0,None,88,Not Applicable,88,Not Applicable,1,Non-Junction,1,Not at Intersection,1,No,1,No,88,Not Applicable,88,Not Applicable,88,Not Applicable,88,Not Applicable,FALSE,1,Public Road,2,"Trafficway, Not on Road",CT0009300,New Haven PD,159,51:44.0,C,Closed,00:33.0,,,,,,,
945246,1,Complete,945246,945246,41.319567,-72.92894,3442390,New Haven,93,93,New Haven,6/14/2022,2022,6,June,14,3,Tuesday,0:18:00,0,22019781,A,1,,Ran Off Roadway Left,"Injury of any type (Serious, Minor, Possible)",B,Suspected Minor Injury (B),0,0,4,Local,0.14,81,CANAL ST NO 1,CANAL ST NO 1,GREGORY ST,,,,,41.319567,-72.92894,13,Animal Other Than Deer (live),88,Not Applicable,1,On Roadway,1,Clear,88,Not Applicable,4,Dark-Lighted,1,Dry,4,Animal(s) in Roadway,88,Not Applicable,88,Not Applicable,0,None,88,Not Applicable,88,Not Applicable,2,Intersection,3,T-Intersection,1,No,1,No,88,Not Applicable,88,Not Applicable,88,Not Applicable,88,Not Applicable,FALSE,1,Public Road,1,"Trafficway, On Road",CT0009300,New Haven PD,40802,51:14.0,C,Closed,01:45.0,,2,1500,5,MAJOR COLLECTOR - NEW HPMS,2,Urban
945247,1,Complete,945247,945247,41.332926,-72.949241,3442391,New Haven,93,93,New Haven,6/15/2022,2022,6,June,15,4,Wednesday,8:08:00,8,22020026,A,2,,Motor Vehicle In Motion,"Injury of any type (Serious, Minor, Possible)",C,Possible Injury (C),0,0,3,State,4.31,10,10-S,10-S,WINTERGREEN AV,,,,,41.332926,-72.949241,14,Motor Vehicle in Operation,4,"Sideswipe, same direction",1,On Roadway,1,Clear,88,Not Applicable,1,Daylight,1,Dry,0,None,88,Not Applicable,88,Not Applicable,0,None,88,Not Applicable,88,Not Applicable,2,Intersection,3,T-Intersection,1,No,1,No,88,Not Applicable,88,Not Applicable,88,Not Applicable,88,Not Applicable,TRUE,1,Public Road,1,"Trafficway, On Road",CT0009300,New Haven PD,324,16:21.0,C,Closed,01:44.0,22020026,2,10700,4,MINOR ARTERIAL - NEW HPMS,2,Urban