CrashId,Fatal Case Status,Fatal Case Status Text Format,CrashId,CrashId,Latitude,Longitude,DOT Case Number,Town Name,Town Number,Town Number,Town Number Text Format,Date Of Crash,Year,Month,Month Text Format,Day,Day of the Week,Day of the Week Text Format,Time of Crash,Hour of the Day,Case Identifier,Crash Severity,Number Of Motor Vehicles,Motor vehicle action,Most harmful event,Crash Severity Text Format,Most Severe Injury,Most Severe Injury Text Format,Number Of Non-Motorist,Number Of Witnesses,Route Class,Route Class Text Format,Milemarker,Road Number,Road Description,Roadway Name,Intersecting Roadway Name,Landmark Description,Distance From Nearest Landmark,Unit Of Measure From Nearest Landmark,Direction From Nearest Landmark,Latitude,Longitude,First Harmful Event,First Harmful Event Text Format,Manner of Crash / Collision Impact,Manner of Crash / Collision Impact Text Format,Location of First Harmful Event,Location of First Harmful Event Text Format,Weather Condition,Weather Condition Text Format,Weather 2,Weather 2 Text Format,Light Condition,Light Condition Text Format,Road Surface Condition,Road Surface Condition Text Format,"Contributing Circumstances, Environment","Contributing Circumstances, Environment Text Format",Environment 2,Environment 2 Text Format,Environment 3,Environment 3 Text Format,"Contributing Circumstances, Road","Contributing Circumstances, Road Text Format",Road 2,Road 2 Text Format,Road 3,Road 3 Text Format,Crash Specific Location,Crash Specific Location Text Format,Type of Intersection,Type of Intersection Text Format,School Bus Related,School Bus Related Text Format,Work Zone Related,Work Zone Related Text Format,Location Of Crash Relative To Work Zone,Location Of Crash Relative To Work Zone Text Format,Type of Work Zone,Type of Work Zone Text Format,Worker Presence,Worker Presence Text Format,Law Enforcement Presence,Law Enforcement Presence Text Format,Were Vehicles Moved Prior To Police Arrival,Trafficway Ownership,Trafficway Ownership Text Format,Trafficway Class,Trafficway Class Text Format,Police Agency,Police Agency Text Format,Badge Number,Approval Date,Police Case Status,Police Case Status Text Format,Crash Report Submission Date,Related Case Identifiers,No. of Through Lanes (Log Dir.),Average Daily Traffic,Functional Classification,Functional Classification Text Format,Rural or Urban,Rural or Urban Text Format
945258,1,Complete,945258,945258,41.32059,-72.941298,3442402,New Haven,93,93,New Haven,6/21/2022,2022,6,June,21,3,Tuesday,16:23:00,16,22020819,A,2,,Motor Vehicle In Motion,"Injury of any type (Serious, Minor, Possible)",B,Suspected Minor Injury (B),0,0,4,Local,0.55,258,GOFFE TER,GOFFE TER,CARMEL ST,,,,,41.32059,-72.941298,14,Motor Vehicle in Operation,3,Angle,1,On Roadway,1,Clear,88,Not Applicable,1,Daylight,1,Dry,0,None,88,Not Applicable,88,Not Applicable,0,None,88,Not Applicable,88,Not Applicable,2,Intersection,2,Four-Way Intersection,1,No,1,No,88,Not Applicable,88,Not Applicable,88,Not Applicable,88,Not Applicable,FALSE,1,Public Road,1,"Trafficway, On Road",CT0009300,New Haven PD,40804,47:06.0,C,Closed,01:49.0,,,,,,,
945571,1,Complete,945571,945571,41.308896,-72.909806,3442715,New Haven,93,93,New Haven,6/15/2022,2022,6,June,15,4,Wednesday,14:21:00,14,22020072,A,2,,Motor Vehicle In Motion,"Injury of any type (Serious, Minor, Possible)",C,Possible Injury (C),0,0,4,Local,0.49,165,EAST ST,EAST ST,GRAND AV,,,,,41.308896,-72.909806,14,Motor Vehicle in Operation,97,Other,1,On Roadway,1,Clear,88,Not Applicable,1,Daylight,1,Dry,0,None,88,Not Applicable,88,Not Applicable,0,None,88,Not Applicable,88,Not Applicable,2,Intersection,2,Four-Way Intersection,1,No,1,No,88,Not Applicable,88,Not Applicable,88,Not Applicable,88,Not Applicable,FALSE,1,Public Road,1,"Trafficway, On Road",CT0009300,New Haven PD,86,21:17.0,C,Closed,01:03.0,,,,,,,
945573,1,Complete,945573,945573,41.317319,-72.944574,3442717,New Haven,93,93,New Haven,6/16/2022,2022,6,June,16,5,Thursday,21:32:00,21,22020243,A,1,,Pedestrian,"Injury of any type (Serious, Minor, Possible)",C,Possible Injury (C),1,0,4,Local,0.26,653,WHALLEY AV,WHALLEY AV,WINTHROP AV NO 2,,,,,41.317319,-72.944574,9,Pedestrian,88,Not Applicable,1,On Roadway,1,Clear,88,Not Applicable,4,Dark-Lighted,1,Dry,0,None,88,Not Applicable,88,Not Applicable,0,None,88,Not Applicable,88,Not Applicable,2,Intersection,2,Four-Way Intersection,1,No,1,No,88,Not Applicable,88,Not Applicable,88,Not Applicable,88,Not Applicable,FALSE,1,Public Road,1,"Trafficway, On Road",CT0009300,New Haven PD,40804,30:21.0,O,Open,01:00.0,,4,21100,3,PRINCIPAL ARTERIAL - OTHER - NEW HPMS,2,Urban
945574,1,Complete,945574,945574,41.329794,-72.926693,3442718,New Haven,93,93,New Haven,6/19/2022,2022,6,June,19,1,Sunday,20:44:00,20,22020587,A,2,,Motor Vehicle In Motion,"Injury of any type (Serious, Minor, Possible)",C,Possible Injury (C),0,0,4,Local,0.03,371,LILAC ST,LILAC ST,,WINCHESTER AVENUE,100,Feet,W,41.329794,-72.926693,14,Motor Vehicle in Operation,1,Front to rear,1,On Roadway,1,Clear,88,Not Applicable,1,Daylight,1,Dry,0,None,88,Not Applicable,88,Not Applicable,0,None,88,Not Applicable,88,Not Applicable,1,Non-Junction,1,Not at Intersection,1,No,1,No,88,Not Applicable,88,Not Applicable,88,Not Applicable,88,Not Applicable,FALSE,1,Public Road,1,"Trafficway, On Road",CT0009300,New Haven PD,42052,40:21.0,C,Closed,01:10.0,,,,,,,
945578,1,Complete,945578,945578,41.29746,-72.94896,3442722,New Haven,93,93,New Haven,6/21/2022,2022,6,June,21,3,Tuesday,22:55:00,22,22020868,A,2,,Motor Vehicle In Motion,"Injury of any type (Serious, Minor, Possible)",C,Possible Injury (C),0,0,3,State,1.47,10,10-N,10-N,1-N,,,,,41.29746,-72.94896,14,Motor Vehicle in Operation,3,Angle,1,On Roadway,4,Rain,88,Not Applicable,4,Dark-Lighted,2,Wet,0,None,88,Not Applicable,88,Not Applicable,0,None,88,Not Applicable,88,Not Applicable,2,Intersection,2,Four-Way Intersection,1,No,1,No,88,Not Applicable,88,Not Applicable,88,Not Applicable,88,Not Applicable,FALSE,1,Public Road,1,"Trafficway, On Road",CT0009300,New Haven PD,476,55:59.0,C,Closed,01:02.0,,2,20300,3,PRINCIPAL ARTERIAL - OTHER - NEW HPMS,2,Urban
945583,1,Complete,945583,945583,41.315566,-72.900902,3442727,New Haven,93,93,New Haven,6/22/2022,2022,6,June,22,4,Wednesday,11:43:00,11,22020903,A,2,,Motor Vehicle In Motion,"Injury of any type (Serious, Minor, Possible)",C,Possible Injury (C),0,0,4,Local,0.88,57,BLATCHLEY AV,BLATCHLEY AV,PECK ST NO 1,,,,,41.315566,-72.900902,14,Motor Vehicle in Operation,97,Other,1,On Roadway,4,Rain,88,Not Applicable,1,Daylight,2,Wet,0,None,88,Not Applicable,88,Not Applicable,0,None,88,Not Applicable,88,Not Applicable,2,Intersection,2,Four-Way Intersection,1,No,1,No,88,Not Applicable,88,Not Applicable,88,Not Applicable,88,Not Applicable,FALSE,1,Public Road,1,"Trafficway, On Road",CT0009300,New Haven PD,86,21:44.0,C,Closed,01:08.0,,,,,,,
945586,1,Complete,945586,945586,41.293746,-72.936901,3442730,New Haven,93,93,New Haven,6/22/2022,2022,6,June,22,4,Wednesday,17:00:00,17,22020943,A,2,,Motor Vehicle In Motion,"Injury of any type (Serious, Minor, Possible)",C,Possible Injury (C),0,0,4,Local,0.13,571,SPRING ST,SPRING ST,BUTTON ST,,,,,41.293746,-72.936901,14,Motor Vehicle in Operation,3,Angle,1,On Roadway,1,Clear,88,Not Applicable,1,Daylight,1,Dry,0,None,88,Not Applicable,88,Not Applicable,0,None,88,Not Applicable,88,Not Applicable,2,Intersection,3,T-Intersection,1,No,1,No,88,Not Applicable,88,Not Applicable,88,Not Applicable,88,Not Applicable,FALSE,1,Public Road,1,"Trafficway, On Road",CT0009300,New Haven PD,40810,59:00.0,O,Open,01:09.0,,,,,,,
945877,1,Complete,945877,945877,41.308762,-72.899378,3443021,New Haven,93,93,New Haven,6/10/2022,2022,6,June,10,6,Friday,23:01:00,23,22019425,A,2,,Motor Vehicle In Motion,"Injury of any type (Serious, Minor, Possible)",C,Possible Injury (C),0,0,4,Local,0.71,264,GRAND AV,GRAND AV,BLATCHLEY AV,,,,,41.308762,-72.899378,14,Motor Vehicle in Operation,1,Front to rear,1,On Roadway,1,Clear,88,Not Applicable,4,Dark-Lighted,1,Dry,0,None,88,Not Applicable,88,Not Applicable,0,None,88,Not Applicable,88,Not Applicable,2,Intersection,2,Four-Way Intersection,1,No,1,No,88,Not Applicable,88,Not Applicable,88,Not Applicable,88,Not Applicable,FALSE,1,Public Road,1,"Trafficway, On Road",CT0009300,New Haven PD,370,58:25.0,C,Closed,00:29.0,,,,,,,
945882,1,Complete,945882,945882,41.27278,-72.90055,3443026,New Haven,93,93,New Haven,6/23/2022,2022,6,June,23,5,Thursday,15:05:00,15,22021040,A,2,,Motor Vehicle In Motion,"Injury of any type (Serious, Minor, Possible)",C,Possible Injury (C),0,0,4,Local,0.19,224,FORT HALE RD NO 1,FORT HALE RD NO 1,WOODWARD AV,,,,,41.27278,-72.90055,14,Motor Vehicle in Operation,2,Front to front,1,On Roadway,1,Clear,88,Not Applicable,1,Daylight,1,Dry,0,None,88,Not Applicable,88,Not Applicable,0,None,88,Not Applicable,88,Not Applicable,2,Intersection,2,Four-Way Intersection,1,No,1,No,88,Not Applicable,88,Not Applicable,88,Not Applicable,88,Not Applicable,FALSE,1,Public Road,1,"Trafficway, On Road",CT0009300,New Haven PD,40807,30:29.0,C,Closed,00:32.0,,,,,,,
945884,1,Complete,945884,945884,41.319075,-72.904281,3443028,New Haven,93,93,New Haven,6/23/2022,2022,6,June,23,5,Thursday,18:16:00,18,22021058,A,2,,Motor Vehicle In Motion,"Injury of any type (Serious, Minor, Possible)",C,Possible Injury (C),0,2,4,Local,0.19,666,WILLOW ST,91-S-139,91-S-139,,,,,41.319075,-72.904281,14,Motor Vehicle in Operation,3,Angle,1,On Roadway,1,Clear,88,Not Applicable,1,Daylight,1,Dry,0,None,88,Not Applicable,88,Not Applicable,0,None,88,Not Applicable,88,Not Applicable,2,Intersection,3,T-Intersection,1,No,1,No,88,Not Applicable,88,Not Applicable,88,Not Applicable,88,Not Applicable,FALSE,1,Public Road,1,"Trafficway, On Road",CT0009300,New Haven PD,40801,06:07.0,C,Closed,00:31.0,,,,,,,
945889,1,Complete,945889,945889,41.29013,-72.89473,3443033,New Haven,93,93,New Haven,6/23/2022,2022,6,June,23,5,Thursday,23:29:00,23,22021085,A,2,,Motor Vehicle In Motion,"Injury of any type (Serious, Minor, Possible)",C,Possible Injury (C),0,0,,,,,,FORBES AVE,,WOODWARD AVE,50,Feet,W,41.29013,-72.89473,14,Motor Vehicle in Operation,7,Rear to rear,8,"Off Roadway,  Location Unknown",1,Clear,88,Not Applicable,4,Dark-Lighted,1,Dry,0,None,88,Not Applicable,88,Not Applicable,0,None,88,Not Applicable,88,Not Applicable,17,"Other Location Not Listed Above Within an Interchange Area (median, shoulder and roadside)",1,Not at Intersection,1,No,1,No,88,Not Applicable,88,Not Applicable,88,Not Applicable,88,Not Applicable,FALSE,2,Private Road,4,Parking Lot,CT0009300,New Haven PD,42367,32:09.0,C,Closed,00:34.0,,,,,,,
946311,1,Complete,946311,946311,41.2863,-72.936,3443455,New Haven,93,93,New Haven,6/22/2022,2022,6,June,22,4,Wednesday,5:39:00,5,22020880,A,2,,Motor Vehicle In Motion,"Injury of any type (Serious, Minor, Possible)",A,Suspected Serious Injury (A),0,0,3,State,0.46,10,10-N,10-N,745-E,,,,,41.2863,-72.936,14,Motor Vehicle in Operation,5,"Sideswipe, opposite direction",1,On Roadway,4,Rain,88,Not Applicable,1,Daylight,2,Wet,1,Weather Conditions,88,Not Applicable,88,Not Applicable,0,None,88,Not Applicable,88,Not Applicable,2,Intersection,2,Four-Way Intersection,1,No,1,No,88,Not Applicable,88,Not Applicable,88,Not Applicable,88,Not Applicable,FALSE,1,Public Road,1,"Trafficway, On Road",CT0009300,New Haven PD,40955,27:27.0,O,Open,00:42.0,,2,18600,3,PRINCIPAL ARTERIAL - OTHER - NEW HPMS,2,Urban
946313,1,Complete,946313,946313,41.308238,-72.886259,3443457,New Haven,93,93,New Haven,6/23/2022,2022,6,June,23,5,Thursday,10:01:00,10,22021005,A,1,,Pedestrian,"Injury of any type (Serious, Minor, Possible)",C,Possible Injury (C),1,1,4,Local,1.12,498,QUINNIPIAC AV,QUINNIPIAC AV,GRAND AV,,,,,41.308238,-72.886259,9,Pedestrian,88,Not Applicable,1,On Roadway,1,Clear,88,Not Applicable,1,Daylight,1,Dry,0,None,88,Not Applicable,88,Not Applicable,0,None,88,Not Applicable,88,Not Applicable,2,Intersection,2,Four-Way Intersection,1,No,1,No,88,Not Applicable,88,Not Applicable,88,Not Applicable,88,Not Applicable,TRUE,1,Public Road,1,"Trafficway, On Road",CT0009300,New Haven PD,43688,41:30.0,C,Closed,00:42.0,,2,6600,4,MINOR ARTERIAL - NEW HPMS,2,Urban
946322,1,Complete,946322,946322,41.318186,-72.923853,3443466,New Haven,93,93,New Haven,6/24/2022,2022,6,June,24,6,Friday,11:21:00,11,22021132,A,1,,Pedalcycle/Pedalcyclist,"Injury of any type (Serious, Minor, Possible)",B,Suspected Minor Injury (B),1,0,4,Local,0.46,495,PROSPECT ST,PROSPECT ST,,SACHEM ST,700,Feet,N,41.318186,-72.923853,14,Motor Vehicle in Operation,1,Front to rear,1,On Roadway,1,Clear,88,Not Applicable,1,Daylight,1,Dry,0,None,88,Not Applicable,88,Not Applicable,0,None,88,Not Applicable,88,Not Applicable,1,Non-Junction,1,Not at Intersection,1,No,1,No,88,Not Applicable,88,Not Applicable,88,Not Applicable,88,Not Applicable,TRUE,1,Public Road,1,"Trafficway, On Road",CT0009300,New Haven PD,469,45:01.0,C,Closed,00:44.0,,,,,,,
946328,1,Complete,946328,946328,41.31242,-72.93495,3443472,New Haven,93,93,New Haven,6/24/2022,2022,6,June,24,6,Friday,18:58:00,18,22021170,A,2,,Motor Vehicle In Motion,"Injury of any type (Serious, Minor, Possible)",C,Possible Injury (C),0,1,4,Local,0.08,160,DWIGHT ST,DWIGHT ST,ELM ST NO 1,,,,,41.31242,-72.93495,14,Motor Vehicle in Operation,1,Front to rear,1,On Roadway,1,Clear,88,Not Applicable,1,Daylight,1,Dry,0,None,88,Not Applicable,88,Not Applicable,0,None,88,Not Applicable,88,Not Applicable,2,Intersection,2,Four-Way Intersection,1,No,1,No,88,Not Applicable,88,Not Applicable,88,Not Applicable,88,Not Applicable,FALSE,1,Public Road,1,"Trafficway, On Road",CT0009300,New Haven PD,11107,43:17.0,C,Closed,00:46.0,,,,,,,
946332,1,Complete,946332,946332,41.29444,-72.93195,3443476,New Haven,93,93,New Haven,6/25/2022,2022,6,June,25,7,Saturday,2:23:00,2,22021209,A,3,,Motor Vehicle In Motion,"Injury of any type (Serious, Minor, Possible)",C,Possible Injury (C),0,0,4,Local,0.39,571,SPRING ST,SPRING ST,,EDGAR STREET,20,Feet,W,41.29444,-72.93195,14,Motor Vehicle in Operation,2,Front to front,1,On Roadway,1,Clear,88,Not Applicable,6,Dark-Unknown Lighting,1,Dry,0,None,88,Not Applicable,88,Not Applicable,0,None,88,Not Applicable,88,Not Applicable,1,Non-Junction,1,Not at Intersection,1,No,1,No,88,Not Applicable,88,Not Applicable,88,Not Applicable,88,Not Applicable,FALSE,1,Public Road,1,"Trafficway, On Road",CT0009300,New Haven PD,42369,33:20.0,O,Open,00:51.0,,,,,,,
946335,1,Complete,946335,946335,41.31556,-72.9009,3443479,New Haven,93,93,New Haven,6/25/2022,2022,6,June,25,7,Saturday,15:37:00,15,22021249,A,2,,Motor Vehicle In Motion,"Injury of any type (Serious, Minor, Possible)",A,Suspected Serious Injury (A),0,0,4,Local,0.88,57,BLATCHLEY AV,BLATCHLEY AV,PECK ST NO 1,,,,,41.31556,-72.9009,14,Motor Vehicle in Operation,3,Angle,1,On Roadway,1,Clear,88,Not Applicable,1,Daylight,1,Dry,0,None,88,Not Applicable,88,Not Applicable,0,None,88,Not Applicable,88,Not Applicable,2,Intersection,2,Four-Way Intersection,1,No,1,No,88,Not Applicable,88,Not Applicable,88,Not Applicable,88,Not Applicable,FALSE,1,Public Road,1,"Trafficway, On Road",CT0009300,New Haven PD,193,41:52.0,C,Closed,00:55.0,,,,,,,
946336,1,Complete,946336,946336,41.3160657,-72.8920277,3443480,New Haven,93,93,New Haven,6/25/2022,2022,6,June,25,7,Saturday,15:57:00,15,22021255,A,2,,Motor Vehicle In Motion,"Injury of any type (Serious, Minor, Possible)",C,Possible Injury (C),0,0,4,Local,0.46,113,CLINTON AV,CLINTON AV,,LOMBARD ST,50,Feet,N,41.3160657,-72.8920277,14,Motor Vehicle in Operation,4,"Sideswipe, same direction",1,On Roadway,1,Clear,88,Not Applicable,1,Daylight,1,Dry,0,None,88,Not Applicable,88,Not Applicable,0,None,88,Not Applicable,88,Not Applicable,1,Non-Junction,1,Not at Intersection,1,No,1,No,88,Not Applicable,88,Not Applicable,88,Not Applicable,88,Not Applicable,FALSE,1,Public Road,1,"Trafficway, On Road",CT0009300,New Haven PD,40815,12:59.0,C,Closed,00:52.0,,,,,,,
946339,1,Complete,946339,946339,41.3199,-72.87176,3443483,New Haven,93,93,New Haven,6/25/2022,2022,6,June,25,7,Saturday,18:46:00,18,22021270,A,2,,Motor Vehicle In Motion,"Injury of any type (Serious, Minor, Possible)",C,Possible Injury (C),0,0,4,Local,0.92,167,EASTERN ST,EASTERN ST,,FOXON ST,50,Feet,S,41.3199,-72.87176,14,Motor Vehicle in Operation,1,Front to rear,1,On Roadway,1,Clear,88,Not Applicable,1,Daylight,1,Dry,0,None,88,Not Applicable,88,Not Applicable,0,None,88,Not Applicable,88,Not Applicable,3,Intersection-Related,3,T-Intersection,1,No,1,No,88,Not Applicable,88,Not Applicable,88,Not Applicable,88,Not Applicable,FALSE,1,Public Road,1,"Trafficway, On Road",CT0009300,New Haven PD,156,38:05.0,C,Closed,01:00.0,,,,,,,
946340,1,Complete,946340,946340,41.29727,-72.89153,3443484,New Haven,93,93,New Haven,6/25/2022,2022,6,June,25,7,Saturday,19:02:00,19,22021274,A,2,,Motor Vehicle In Motion,"Injury of any type (Serious, Minor, Possible)",C,Possible Injury (C),0,0,4,Local,0.02,242,FULTON ST,FULTON ST,,QUINNIPIAC AVE,10,Feet,S,41.29727,-72.89153,14,Motor Vehicle in Operation,3,Angle,1,On Roadway,1,Clear,88,Not Applicable,1,Daylight,1,Dry,0,None,88,Not Applicable,88,Not Applicable,0,None,88,Not Applicable,88,Not Applicable,1,Non-Junction,1,Not at Intersection,1,No,1,No,88,Not Applicable,88,Not Applicable,88,Not Applicable,88,Not Applicable,TRUE,1,Public Road,1,"Trafficway, On Road",CT0009300,New Haven PD,745,28:12.0,C,Closed,00:53.0,,,,,,,
946342,1,Complete,946342,946342,41.29761,-72.94911,3443486,New Haven,93,93,New Haven,6/25/2022,2022,6,June,25,7,Saturday,23:12:00,23,22021287,A,2,,Motor Vehicle In Motion,"Injury of any type (Serious, Minor, Possible)",C,Possible Injury (C),0,0,3,State,1.47,10,10-N,10-N,1-N,,,,,41.29761,-72.94911,14,Motor Vehicle in Operation,1,Front to rear,1,On Roadway,1,Clear,88,Not Applicable,4,Dark-Lighted,1,Dry,99,Unknown,88,Not Applicable,88,Not Applicable,99,Unknown,88,Not Applicable,88,Not Applicable,2,Intersection,2,Four-Way Intersection,1,No,1,No,88,Not Applicable,88,Not Applicable,88,Not Applicable,88,Not Applicable,FALSE,1,Public Road,1,"Trafficway, On Road",CT0009300,New Haven PD,40947,23:40.0,C,Closed,00:54.0,,2,20300,3,PRINCIPAL ARTERIAL - OTHER - NEW HPMS,2,Urban
946343,1,Complete,946343,946343,41.30832,-72.92427,3443487,New Haven,93,93,New Haven,6/26/2022,2022,6,June,26,1,Sunday,0:20:00,0,22021290,A,2,,Motor Vehicle In Motion,"Injury of any type (Serious, Minor, Possible)",C,Possible Injury (C),0,0,4,Local,0.34,103,CHURCH ST,CHURCH ST,ELM ST NO 2,,,,,41.30832,-72.92427,14,Motor Vehicle in Operation,3,Angle,1,On Roadway,1,Clear,88,Not Applicable,4,Dark-Lighted,1,Dry,0,None,88,Not Applicable,88,Not Applicable,0,None,88,Not Applicable,88,Not Applicable,2,Intersection,2,Four-Way Intersection,1,No,1,No,88,Not Applicable,88,Not Applicable,88,Not Applicable,88,Not Applicable,FALSE,1,Public Road,1,"Trafficway, On Road",CT0009300,New Haven PD,42369,17:38.0,C,Closed,01:01.0,,,,,,,
946345,1,Complete,946345,946345,41.29278,-72.92209,3443489,New Haven,93,93,New Haven,6/26/2022,2022,6,June,26,1,Sunday,2:16:00,2,22021294,A,2,,Motor Vehicle In Motion,"Injury of any type (Serious, Minor, Possible)",C,Possible Injury (C),0,0,4,Local,0.05,759,CHURCH ST SOUTH NO 2,CHURCH ST SOUTH NO 2,,CHURCH ST EXT,200,Feet,N,41.29278,-72.92209,14,Motor Vehicle in Operation,1,Front to rear,1,On Roadway,1,Clear,88,Not Applicable,4,Dark-Lighted,1,Dry,0,None,88,Not Applicable,88,Not Applicable,0,None,88,Not Applicable,88,Not Applicable,1,Non-Junction,1,Not at Intersection,1,No,1,No,88,Not Applicable,88,Not Applicable,88,Not Applicable,88,Not Applicable,TRUE,1,Public Road,1,"Trafficway, On Road",CT0009300,New Haven PD,760,01:09.0,C,Closed,01:05.0,NONE,,,,,,
946346,1,Complete,946346,946346,41.29733,-72.94872,3443490,New Haven,93,93,New Haven,6/26/2022,2022,6,June,26,1,Sunday,2:55:00,2,22021295,A,3,,Motor Vehicle In Motion,"Injury of any type (Serious, Minor, Possible)",C,Possible Injury (C),0,0,3,State,1.46,10,10-N,10-N,,ORANGE ST,50,Feet,S,41.29733,-72.94872,14,Motor Vehicle in Operation,1,Front to rear,1,On Roadway,1,Clear,88,Not Applicable,4,Dark-Lighted,1,Dry,99,Unknown,88,Not Applicable,88,Not Applicable,99,Unknown,88,Not Applicable,88,Not Applicable,2,Intersection,2,Four-Way Intersection,1,No,1,No,88,Not Applicable,88,Not Applicable,88,Not Applicable,88,Not Applicable,FALSE,1,Public Road,1,"Trafficway, On Road",CT0009300,New Haven PD,40947,37:47.0,C,Closed,00:58.0,,2,20300,3,PRINCIPAL ARTERIAL - OTHER - NEW HPMS,2,Urban
946353,1,Complete,946353,946353,41.30698,-72.92791,3443497,New Haven,93,93,New Haven,6/26/2022,2022,6,June,26,1,Sunday,18:34:00,18,22021362,A,2,,Motor Vehicle In Motion,"Injury of any type (Serious, Minor, Possible)",C,Possible Injury (C),0,0,4,Local,1.89,97,CHAPEL ST,CHAPEL ST,,COLLEGE ST,220,Feet,E,41.30698,-72.92791,14,Motor Vehicle in Operation,1,Front to rear,1,On Roadway,1,Clear,88,Not Applicable,1,Daylight,1,Dry,0,None,88,Not Applicable,88,Not Applicable,0,None,88,Not Applicable,88,Not Applicable,1,Non-Junction,1,Not at Intersection,1,No,1,No,88,Not Applicable,88,Not Applicable,88,Not Applicable,88,Not Applicable,TRUE,1,Public Road,1,"Trafficway, On Road",CT0009300,New Haven PD,97,52:43.0,C,Closed,01:04.0,,,,,,,
947419,1,Complete,947419,947419,41.29489,-72.91736,3444561,New Haven,93,93,New Haven,6/26/2022,2022,6,June,26,1,Sunday,14:21:00,14,22021340,A,2,,Motor Vehicle In Motion,"Injury of any type (Serious, Minor, Possible)",C,Possible Injury (C),0,0,4,Local,0.75,513,LONG WHARF DR,LONG WHARF DR,,CANAL DOCK RD,300,Feet,S,41.29489,-72.91736,14,Motor Vehicle in Operation,1,Front to rear,1,On Roadway,1,Clear,88,Not Applicable,1,Daylight,1,Dry,0,None,88,Not Applicable,88,Not Applicable,0,None,88,Not Applicable,88,Not Applicable,1,Non-Junction,1,Not at Intersection,1,No,1,No,88,Not Applicable,88,Not Applicable,88,Not Applicable,88,Not Applicable,FALSE,1,Public Road,1,"Trafficway, On Road",CT0009300,New Haven PD,40810,10:57.0,C,Closed,53:21.0,,,,,,,
947425,1,Complete,947425,947425,41.30098,-72.9367,3444567,New Haven,93,93,New Haven,6/27/2022,2022,6,June,27,2,Monday,9:41:00,9,22021415,A,2,,Motor Vehicle In Motion,"Injury of any type (Serious, Minor, Possible)",C,Possible Injury (C),0,0,4,Local,0.62,123,CONGRESS AV,CONGRESS AV,,VERNON ST,50,Feet,E,41.30098,-72.9367,14,Motor Vehicle in Operation,1,Front to rear,1,On Roadway,4,Rain,88,Not Applicable,1,Daylight,2,Wet,99,Unknown,88,Not Applicable,88,Not Applicable,99,Unknown,88,Not Applicable,88,Not Applicable,1,Non-Junction,1,Not at Intersection,1,No,1,No,88,Not Applicable,88,Not Applicable,88,Not Applicable,88,Not Applicable,TRUE,1,Public Road,1,"Trafficway, On Road",CT0009300,New Haven PD,251,10:15.0,C,Closed,53:16.0,,,,,,,
947428,1,Complete,947428,947428,41.33253,-72.936,3444570,New Haven,93,93,New Haven,6/27/2022,2022,6,June,27,2,Monday,15:58:00,15,22021453,A,2,,Motor Vehicle In Motion,"Injury of any type (Serious, Minor, Possible)",C,Possible Injury (C),0,0,4,Local,0.17,42,BASSETT ST,BASSETT ST,,DIXWELL AVE,150,Feet,W,41.33253,-72.936,14,Motor Vehicle in Operation,1,Front to rear,1,On Roadway,4,Rain,88,Not Applicable,1,Daylight,2,Wet,0,None,88,Not Applicable,88,Not Applicable,0,None,88,Not Applicable,88,Not Applicable,1,Non-Junction,1,Not at Intersection,1,No,1,No,88,Not Applicable,88,Not Applicable,88,Not Applicable,88,Not Applicable,TRUE,1,Public Road,1,"Trafficway, On Road",CT0009300,New Haven PD,30,08:54.0,C,Closed,53:20.0,NONE,,,,,,
947439,1,Complete,947439,947439,41.316457,-72.94659,3444581,New Haven,93,93,New Haven,6/28/2022,2022,6,June,28,3,Tuesday,15:00:00,15,22021557,A,2,,Motor Vehicle In Motion,"Injury of any type (Serious, Minor, Possible)",C,Possible Injury (C),0,0,4,Local,0.42,439,NORTON ST,NORTON ST,ELM ST NO 1,,,,,41.316457,-72.94659,14,Motor Vehicle in Operation,3,Angle,1,On Roadway,1,Clear,88,Not Applicable,1,Daylight,1,Dry,0,None,88,Not Applicable,88,Not Applicable,0,None,88,Not Applicable,88,Not Applicable,2,Intersection,2,Four-Way Intersection,1,No,1,No,88,Not Applicable,88,Not Applicable,88,Not Applicable,88,Not Applicable,FALSE,1,Public Road,1,"Trafficway, On Road",CT0009300,New Haven PD,62,21:49.0,C,Closed,53:28.0,,,,,,,
947441,1,Complete,947441,947441,41.320158,-72.969665,3444583,New Haven,93,93,New Haven,6/28/2022,2022,6,June,28,3,Tuesday,15:15:00,15,22021562,A,2,,Motor Vehicle In Motion,"Injury of any type (Serious, Minor, Possible)",C,Possible Injury (C),0,0,4,Local,0.02,179,EDGEWOOD AV,EDGEWOOD AV,,FOREST RD,30,Feet,E,41.320158,-72.969665,14,Motor Vehicle in Operation,5,"Sideswipe, opposite direction",1,On Roadway,1,Clear,88,Not Applicable,1,Daylight,1,Dry,0,None,88,Not Applicable,88,Not Applicable,0,None,88,Not Applicable,88,Not Applicable,1,Non-Junction,1,Not at Intersection,1,No,1,No,88,Not Applicable,88,Not Applicable,88,Not Applicable,88,Not Applicable,FALSE,1,Public Road,1,"Trafficway, On Road",CT0009300,New Haven PD,402,44:14.0,C,Closed,53:28.0,,,,,,,