CrashId,Fatal Case Status,Fatal Case Status Text Format,CrashId,CrashId,Latitude,Longitude,DOT Case Number,Town Name,Town Number,Town Number,Town Number Text Format,Date Of Crash,Year,Month,Month Text Format,Day,Day of the Week,Day of the Week Text Format,Time of Crash,Hour of the Day,Case Identifier,Crash Severity,Number Of Motor Vehicles,Motor vehicle action,Most harmful event,Crash Severity Text Format,Most Severe Injury,Most Severe Injury Text Format,Number Of Non-Motorist,Number Of Witnesses,Route Class,Route Class Text Format,Milemarker,Road Number,Road Description,Roadway Name,Intersecting Roadway Name,Landmark Description,Distance From Nearest Landmark,Unit Of Measure From Nearest Landmark,Direction From Nearest Landmark,Latitude,Longitude,First Harmful Event,First Harmful Event Text Format,Manner of Crash / Collision Impact,Manner of Crash / Collision Impact Text Format,Location of First Harmful Event,Location of First Harmful Event Text Format,Weather Condition,Weather Condition Text Format,Weather 2,Weather 2 Text Format,Light Condition,Light Condition Text Format,Road Surface Condition,Road Surface Condition Text Format,"Contributing Circumstances, Environment","Contributing Circumstances, Environment Text Format",Environment 2,Environment 2 Text Format,Environment 3,Environment 3 Text Format,"Contributing Circumstances, Road","Contributing Circumstances, Road Text Format",Road 2,Road 2 Text Format,Road 3,Road 3 Text Format,Crash Specific Location,Crash Specific Location Text Format,Type of Intersection,Type of Intersection Text Format,School Bus Related,School Bus Related Text Format,Work Zone Related,Work Zone Related Text Format,Location Of Crash Relative To Work Zone,Location Of Crash Relative To Work Zone Text Format,Type of Work Zone,Type of Work Zone Text Format,Worker Presence,Worker Presence Text Format,Law Enforcement Presence,Law Enforcement Presence Text Format,Were Vehicles Moved Prior To Police Arrival,Trafficway Ownership,Trafficway Ownership Text Format,Trafficway Class,Trafficway Class Text Format,Police Agency,Police Agency Text Format,Badge Number,Approval Date,Police Case Status,Police Case Status Text Format,Crash Report Submission Date,Related Case Identifiers,No. of Through Lanes (Log Dir.),Average Daily Traffic,Functional Classification,Functional Classification Text Format,Rural or Urban,Rural or Urban Text Format
947446,1,Complete,947446,947446,41.284198,-72.934659,3444588,New Haven,93,93,New Haven,6/28/2022,2022,6,June,28,3,Tuesday,19:54:00,19,22021596,A,2,,Motor Vehicle In Motion,"Injury of any type (Serious, Minor, Possible)",C,Possible Injury (C),0,1,3,State,0.29,10,10-N,10-N,,I 95 S ENT AT ELLA G,50,Feet,S,41.284198,-72.934659,14,Motor Vehicle in Operation,3,Angle,1,On Roadway,1,Clear,88,Not Applicable,1,Daylight,1,Dry,0,None,88,Not Applicable,88,Not Applicable,0,None,88,Not Applicable,88,Not Applicable,1,Non-Junction,1,Not at Intersection,1,No,1,No,88,Not Applicable,88,Not Applicable,88,Not Applicable,88,Not Applicable,FALSE,1,Public Road,1,"Trafficway, On Road",CT0009300,New Haven PD,40818,49:53.0,C,Closed,53:34.0,,2,18600,3,PRINCIPAL ARTERIAL - OTHER - NEW HPMS,2,Urban
947448,1,Complete,947448,947448,41.289755,-72.940022,3444590,New Haven,93,93,New Haven,6/28/2022,2022,6,June,28,3,Tuesday,22:40:00,22,22021609,A,3,,Motor Vehicle In Motion,"Injury of any type (Serious, Minor, Possible)",C,Possible Injury (C),0,0,3,State,0.77,10,10-N,10-N,,LAMBERTON ST,100,Feet,S,41.289755,-72.940022,14,Motor Vehicle in Operation,1,Front to rear,1,On Roadway,1,Clear,88,Not Applicable,5,Dark-Not Lighted,1,Dry,0,None,88,Not Applicable,88,Not Applicable,0,None,88,Not Applicable,88,Not Applicable,1,Non-Junction,1,Not at Intersection,1,No,1,No,88,Not Applicable,88,Not Applicable,88,Not Applicable,88,Not Applicable,FALSE,1,Public Road,1,"Trafficway, On Road",CT0009300,New Haven PD,40818,18:35.0,C,Closed,53:34.0,,2,18000,3,PRINCIPAL ARTERIAL - OTHER - NEW HPMS,2,Urban
947449,1,Complete,947449,947449,41.27396,-72.89651,3444591,New Haven,93,93,New Haven,6/28/2022,2022,6,June,28,3,Tuesday,23:23:00,23,22021612,A,1,,Tree (standing),"Injury of any type (Serious, Minor, Possible)",C,Possible Injury (C),0,0,3,State,1.11,337,337-E,337-E,,HERVEY ST,10,Feet,S,41.27396,-72.89651,32,Tree (standing),88,Not Applicable,1,On Roadway,1,Clear,88,Not Applicable,5,Dark-Not Lighted,1,Dry,0,None,88,Not Applicable,88,Not Applicable,0,None,88,Not Applicable,88,Not Applicable,1,Non-Junction,1,Not at Intersection,1,No,1,No,88,Not Applicable,88,Not Applicable,88,Not Applicable,88,Not Applicable,FALSE,1,Public Road,1,"Trafficway, On Road",CT0009300,New Haven PD,42367,10:05.0,C,Closed,53:36.0,,2,9100,4,MINOR ARTERIAL - NEW HPMS,2,Urban
947629,1,Complete,947629,947629,41.3317423,-72.9314994,3444771,New Haven,93,93,New Haven,6/22/2022,2022,6,June,22,4,Wednesday,9:26:00,9,22020890,A,2,,Motor Vehicle In Motion,"Injury of any type (Serious, Minor, Possible)",C,Possible Injury (C),0,0,4,Local,0.67,552,SHELTON AV,SHELTON AV,BASSETT ST,,,,,41.3317423,-72.9314994,14,Motor Vehicle in Operation,3,Angle,1,On Roadway,2,Cloudy,88,Not Applicable,1,Daylight,2,Wet,0,None,88,Not Applicable,88,Not Applicable,0,None,88,Not Applicable,88,Not Applicable,2,Intersection,2,Four-Way Intersection,2,"Yes, School Bus Directly Involved",1,No,88,Not Applicable,88,Not Applicable,88,Not Applicable,88,Not Applicable,TRUE,1,Public Road,1,"Trafficway, On Road",CT0009300,New Haven PD,469,32:41.0,C,Closed,01:18.0,,,,,,,
947631,1,Complete,947631,947631,41.30461,-72.94056,3444773,New Haven,93,93,New Haven,6/26/2022,2022,6,June,26,1,Sunday,23:23:00,23,22021390,A,2,,Motor Vehicle In Motion,"Injury of any type (Serious, Minor, Possible)",B,Suspected Minor Injury (B),0,0,4,Local,0.18,585,SYLVAN AV,SYLVAN AV,ASYLUM ST,,,,,41.30461,-72.94056,14,Motor Vehicle in Operation,3,Angle,1,On Roadway,1,Clear,88,Not Applicable,4,Dark-Lighted,1,Dry,0,None,88,Not Applicable,88,Not Applicable,0,None,88,Not Applicable,88,Not Applicable,2,Intersection,3,T-Intersection,1,No,1,No,88,Not Applicable,88,Not Applicable,88,Not Applicable,88,Not Applicable,FALSE,1,Public Road,1,"Trafficway, On Road",CT0009300,New Haven PD,293,26:18.0,C,Closed,01:29.0,,,,,,,
947632,1,Complete,947632,947632,41.30141,-72.92691,3444774,New Haven,93,93,New Haven,6/27/2022,2022,6,June,27,2,Monday,16:53:00,16,22021461,A,2,,Motor Vehicle In Motion,"Injury of any type (Serious, Minor, Possible)",C,Possible Injury (C),0,0,3,State,0.02,34,34-E-8A,34-E-8A,,,,,,41.30141,-72.92691,14,Motor Vehicle in Operation,97,Other,1,On Roadway,1,Clear,88,Not Applicable,1,Daylight,2,Wet,0,None,88,Not Applicable,88,Not Applicable,0,None,88,Not Applicable,88,Not Applicable,2,Intersection,2,Four-Way Intersection,1,No,1,No,88,Not Applicable,88,Not Applicable,88,Not Applicable,88,Not Applicable,FALSE,1,Public Road,1,"Trafficway, On Road",CT0009300,New Haven PD,40810,04:07.0,C,Closed,01:24.0,,,4500,2,PRIN ART-OTHER FREEWAYS & EXPRESSWAYS - NEW HPMS,2,Urban
947633,1,Complete,947633,947633,41.31749,-72.90142,3444775,New Haven,93,93,New Haven,6/28/2022,2022,6,June,28,3,Tuesday,12:53:00,12,22021552,A,2,,Motor Vehicle In Motion,"Injury of any type (Serious, Minor, Possible)",C,Possible Injury (C),0,0,4,Local,0,666,WILLOW ST,WILLOW ST,5-N,,,,,41.31749,-72.90142,14,Motor Vehicle in Operation,4,"Sideswipe, same direction",1,On Roadway,1,Clear,88,Not Applicable,1,Daylight,1,Dry,0,None,88,Not Applicable,88,Not Applicable,0,None,88,Not Applicable,88,Not Applicable,2,Intersection,2,Four-Way Intersection,1,No,1,No,88,Not Applicable,88,Not Applicable,88,Not Applicable,88,Not Applicable,TRUE,1,Public Road,1,"Trafficway, On Road",CT0009300,New Haven PD,86,55:39.0,C,Closed,01:19.0,,,,,,,
947636,1,Complete,947636,947636,41.2825,-72.93623,3444778,New Haven,93,93,New Haven,6/29/2022,2022,6,June,29,4,Wednesday,6:54:00,6,22021633,A,2,,Motor Vehicle In Motion,"Injury of any type (Serious, Minor, Possible)",C,Possible Injury (C),0,0,3,State,0.09,10,10-N,10-N,,,500,Feet,E,41.2825,-72.93623,14,Motor Vehicle in Operation,4,"Sideswipe, same direction",1,On Roadway,1,Clear,88,Not Applicable,1,Daylight,1,Dry,0,None,88,Not Applicable,88,Not Applicable,0,None,88,Not Applicable,88,Not Applicable,2,Intersection,2,Four-Way Intersection,1,No,1,No,88,Not Applicable,88,Not Applicable,88,Not Applicable,88,Not Applicable,TRUE,1,Public Road,1,"Trafficway, On Road",CT0009300,New Haven PD,295,27:10.0,C,Closed,01:21.0,,2,15100,3,PRINCIPAL ARTERIAL - OTHER - NEW HPMS,2,Urban
947637,1,Complete,947637,947637,41.30492,-72.92661,3444779,New Haven,93,93,New Haven,6/29/2022,2022,6,June,29,4,Wednesday,9:27:00,9,22021641,A,1,,Pedestrian,"Injury of any type (Serious, Minor, Possible)",A,Suspected Serious Injury (A),1,0,4,Local,0.07,103,CHURCH ST,CHURCH ST,CROWN ST,,,,,41.30492,-72.92661,9,Pedestrian,88,Not Applicable,1,On Roadway,1,Clear,88,Not Applicable,1,Daylight,1,Dry,0,None,88,Not Applicable,88,Not Applicable,8,Work Zone (construction / maintenance / utility),88,Not Applicable,88,Not Applicable,3,Intersection-Related,2,Four-Way Intersection,1,No,2,Yes,3,Transition Area,1,Lane Closure,2,Yes,1,No,FALSE,1,Public Road,1,"Trafficway, On Road",CT0009300,New Haven PD,166,55:48.0,O,Open,01:23.0,,2,14000,3,PRINCIPAL ARTERIAL - OTHER - NEW HPMS,2,Urban
947640,1,Complete,947640,947640,41.30873,-72.89933,3444782,New Haven,93,93,New Haven,6/29/2022,2022,6,June,29,4,Wednesday,11:54:00,11,22021669,A,2,,Motor Vehicle In Motion,"Injury of any type (Serious, Minor, Possible)",A,Suspected Serious Injury (A),0,0,4,Local,0.71,264,GRAND AV,GRAND AV,BLATCHLEY AV,,,,,41.30873,-72.89933,14,Motor Vehicle in Operation,3,Angle,1,On Roadway,1,Clear,88,Not Applicable,1,Daylight,1,Dry,0,None,88,Not Applicable,88,Not Applicable,0,None,88,Not Applicable,88,Not Applicable,2,Intersection,2,Four-Way Intersection,1,No,1,No,88,Not Applicable,88,Not Applicable,88,Not Applicable,88,Not Applicable,FALSE,1,Public Road,1,"Trafficway, On Road",CT0009300,New Haven PD,137,55:46.0,C,Closed,01:22.0,,,,,,,
947643,1,Complete,947643,947643,41.31742,-72.89756,3444785,New Haven,93,93,New Haven,6/29/2022,2022,6,June,29,4,Wednesday,14:10:00,14,22021682,A,2,,Motor Vehicle In Motion,"Injury of any type (Serious, Minor, Possible)",C,Possible Injury (C),0,0,4,Local,0.16,213,FERRY ST,FERRY ST,DOVER ST,,,,,41.31742,-72.89756,14,Motor Vehicle in Operation,3,Angle,1,On Roadway,1,Clear,88,Not Applicable,1,Daylight,1,Dry,0,None,88,Not Applicable,88,Not Applicable,0,None,88,Not Applicable,88,Not Applicable,2,Intersection,3,T-Intersection,1,No,1,No,88,Not Applicable,88,Not Applicable,88,Not Applicable,88,Not Applicable,TRUE,1,Public Road,1,"Trafficway, On Road",CT0009300,New Haven PD,980,49:01.0,C,Closed,01:24.0,,,,,,,
947644,1,Complete,947644,947644,41.331,-72.97822,3444786,New Haven,93,93,New Haven,6/29/2022,2022,6,June,29,4,Wednesday,16:23:00,16,22021696,A,1,,Tree (standing),"Injury of any type (Serious, Minor, Possible)",C,Possible Injury (C),0,0,4,Local,0.2,206,FAIRFIELD ST NO 1,FAIRFIELD ST NO 1,WESTERLEIGH RD,,,,,41.331,-72.97822,32,Tree (standing),88,Not Applicable,1,On Roadway,1,Clear,88,Not Applicable,1,Daylight,1,Dry,0,None,88,Not Applicable,88,Not Applicable,0,None,88,Not Applicable,88,Not Applicable,2,Intersection,2,Four-Way Intersection,1,No,1,No,88,Not Applicable,88,Not Applicable,88,Not Applicable,88,Not Applicable,FALSE,1,Public Road,1,"Trafficway, On Road",CT0009300,New Haven PD,74,38:16.0,C,Closed,01:27.0,,2,1932,7,LOCAL - NEW HPMS,2,Urban
947645,1,Complete,947645,947645,41.33276,-72.86776,3444787,New Haven,93,93,New Haven,6/29/2022,2022,6,June,29,4,Wednesday,14:39:00,14,22021699,A,2,,Motor Vehicle In Motion,"Injury of any type (Serious, Minor, Possible)",B,Suspected Minor Injury (B),0,0,3,State,0.9,103,103-N,103-N,GLEN HAVEN RD,,,,,41.33276,-72.86776,14,Motor Vehicle in Operation,3,Angle,1,On Roadway,1,Clear,88,Not Applicable,1,Daylight,1,Dry,0,None,88,Not Applicable,88,Not Applicable,0,None,88,Not Applicable,88,Not Applicable,2,Intersection,3,T-Intersection,1,No,1,No,88,Not Applicable,88,Not Applicable,88,Not Applicable,88,Not Applicable,FALSE,1,Public Road,1,"Trafficway, On Road",CT0009300,New Haven PD,42049,37:31.0,C,Closed,01:29.0,,1,6600,4,MINOR ARTERIAL - NEW HPMS,1,Rural
947920,1,Complete,947920,947920,41.3146,-72.90065,3445062,New Haven,93,93,New Haven,6/15/2022,2022,6,June,15,4,Wednesday,18:04:00,18,22020106,A,2,,Motor Vehicle In Motion,"Injury of any type (Serious, Minor, Possible)",C,Possible Injury (C),0,0,4,Local,0.18,379,LOMBARD ST,LOMBARD ST,BLATCHLEY AV,,,,,41.3146,-72.90065,14,Motor Vehicle in Operation,5,"Sideswipe, opposite direction",1,On Roadway,1,Clear,88,Not Applicable,1,Daylight,1,Dry,0,None,88,Not Applicable,88,Not Applicable,0,None,88,Not Applicable,88,Not Applicable,2,Intersection,2,Four-Way Intersection,1,No,1,No,88,Not Applicable,88,Not Applicable,88,Not Applicable,88,Not Applicable,FALSE,1,Public Road,1,"Trafficway, On Road",CT0009300,New Haven PD,40788,38:30.0,C,Closed,00:38.0,,,,,,,
947925,1,Complete,947925,947925,41.310624,-72.949406,3445067,New Haven,93,93,New Haven,6/30/2022,2022,6,June,30,5,Thursday,8:31:00,8,22021762,A,1,,Pedestrian,"Injury of any type (Serious, Minor, Possible)",C,Possible Injury (C),1,1,4,Local,0.03,248,GEORGE ST,GEORGE ST,NORTON ST,,,,,41.310624,-72.949406,9,Pedestrian,88,Not Applicable,1,On Roadway,1,Clear,88,Not Applicable,1,Daylight,1,Dry,0,None,88,Not Applicable,88,Not Applicable,0,None,88,Not Applicable,88,Not Applicable,2,Intersection,3,T-Intersection,1,No,1,No,88,Not Applicable,88,Not Applicable,88,Not Applicable,88,Not Applicable,FALSE,1,Public Road,1,"Trafficway, On Road",CT0009300,New Haven PD,137,53:17.0,C,Closed,00:37.0,,2,9500,4,MINOR ARTERIAL - NEW HPMS,2,Urban
948399,1,Complete,948399,948399,41.30968,-72.93694,3445541,New Haven,93,93,New Haven,6/15/2022,2022,6,June,15,4,Wednesday,21:18:00,21,22020120,A,2,,Motor Vehicle In Motion,"Injury of any type (Serious, Minor, Possible)",C,Possible Injury (C),0,0,4,Local,2.41,97,CHAPEL ST,CHAPEL ST,DWIGHT ST,,,,,41.30968,-72.93694,14,Motor Vehicle in Operation,1,Front to rear,1,On Roadway,1,Clear,88,Not Applicable,4,Dark-Lighted,1,Dry,0,None,88,Not Applicable,88,Not Applicable,0,None,88,Not Applicable,88,Not Applicable,2,Intersection,3,T-Intersection,1,No,1,No,88,Not Applicable,88,Not Applicable,88,Not Applicable,88,Not Applicable,TRUE,1,Public Road,1,"Trafficway, On Road",CT0009300,New Haven PD,39,49:45.0,C,Closed,01:47.0,22020120,,,,,,
948403,1,Complete,948403,948403,41.29769081,-72.89260619,3445545,New Haven,93,93,New Haven,6/26/2022,2022,6,June,26,1,Sunday,22:35:00,22,22021386,A,3,,Parked Vehicle,"Injury of any type (Serious, Minor, Possible)",B,Suspected Minor Injury (B),0,0,4,Local,0.18,210,FARREN AV,FARREN AV,FULTON ST,,,,,41.29769081,-72.89260619,15,Parked Motor Vehicle,1,Front to rear,1,On Roadway,1,Clear,88,Not Applicable,4,Dark-Lighted,1,Dry,0,None,88,Not Applicable,88,Not Applicable,0,None,88,Not Applicable,88,Not Applicable,3,Intersection-Related,2,Four-Way Intersection,1,No,1,No,88,Not Applicable,88,Not Applicable,88,Not Applicable,88,Not Applicable,FALSE,1,Public Road,1,"Trafficway, On Road",CT0009300,New Haven PD,430,04:44.0,C,Closed,01:46.0,,,,,,,
948411,1,Complete,948411,948411,41.320688,-72.934329,3445553,New Haven,93,93,New Haven,6/30/2022,2022,6,June,30,5,Thursday,15:26:00,15,22021803,A,3,,Motor Vehicle In Motion,"Injury of any type (Serious, Minor, Possible)",C,Possible Injury (C),0,0,4,Local,0.56,152,DIXWELL AV,DIXWELL AV,HENRY ST,,,,,41.320688,-72.934329,14,Motor Vehicle in Operation,2,Front to front,1,On Roadway,1,Clear,88,Not Applicable,1,Daylight,1,Dry,0,None,88,Not Applicable,88,Not Applicable,0,None,88,Not Applicable,88,Not Applicable,2,Intersection,2,Four-Way Intersection,1,No,1,No,88,Not Applicable,88,Not Applicable,88,Not Applicable,88,Not Applicable,TRUE,1,Public Road,1,"Trafficway, On Road",CT0009300,New Haven PD,42054,13:36.0,C,Closed,01:25.0,22021803,,,,,,
948413,1,Complete,948413,948413,41.316078,-72.897217,3445555,New Haven,93,93,New Haven,6/30/2022,2022,6,June,30,5,Thursday,23:09:00,23,22021852,A,3,,Motor Vehicle In Motion,"Injury of any type (Serious, Minor, Possible)",C,Possible Injury (C),0,0,4,Local,0.25,213,FERRY ST,FERRY ST,PECK ST NO 2,,,,,41.316078,-72.897217,14,Motor Vehicle in Operation,2,Front to front,1,On Roadway,1,Clear,88,Not Applicable,4,Dark-Lighted,1,Dry,0,None,88,Not Applicable,88,Not Applicable,0,None,88,Not Applicable,88,Not Applicable,2,Intersection,2,Four-Way Intersection,1,No,1,No,88,Not Applicable,88,Not Applicable,88,Not Applicable,88,Not Applicable,FALSE,1,Public Road,1,"Trafficway, On Road",CT0009300,New Haven PD,370,56:54.0,C,Closed,01:43.0,,,,,,,
948420,1,Complete,948420,948420,41.310331,-72.953382,3445562,New Haven,93,93,New Haven,7/1/2022,2022,7,July,1,6,Friday,23:23:00,23,22021920,A,2,,Motor Vehicle In Motion,"Injury of any type (Serious, Minor, Possible)",C,Possible Injury (C),0,0,3,State,2.39,10,10-N,10-N,,DERBY AVE,50,Feet,N,41.310331,-72.953382,14,Motor Vehicle in Operation,1,Front to rear,1,On Roadway,1,Clear,88,Not Applicable,6,Dark-Unknown Lighting,1,Dry,0,None,88,Not Applicable,88,Not Applicable,0,None,88,Not Applicable,88,Not Applicable,1,Non-Junction,1,Not at Intersection,1,No,1,No,88,Not Applicable,88,Not Applicable,88,Not Applicable,88,Not Applicable,FALSE,1,Public Road,1,"Trafficway, On Road",CT0009300,New Haven PD,38715,57:06.0,C,Closed,01:39.0,22-021920,,,,,,
948426,1,Complete,948426,948426,41.314677,-72.899607,3445568,New Haven,93,93,New Haven,7/1/2022,2022,7,July,1,6,Friday,17:09:00,17,22021948,A,1,,Pedestrian,"Injury of any type (Serious, Minor, Possible)",B,Suspected Minor Injury (B),1,0,4,Local,0.23,379,LOMBARD ST,LOMBARD ST,FILLMORE ST,,,,,41.314677,-72.899607,9,Pedestrian,88,Not Applicable,1,On Roadway,1,Clear,88,Not Applicable,1,Daylight,1,Dry,0,None,88,Not Applicable,88,Not Applicable,0,None,88,Not Applicable,88,Not Applicable,2,Intersection,2,Four-Way Intersection,1,No,1,No,88,Not Applicable,88,Not Applicable,88,Not Applicable,88,Not Applicable,TRUE,1,Public Road,1,"Trafficway, On Road",CT0009300,New Haven PD,42054,24:19.0,O,Open,01:23.0,22021948,1,7500,5,MAJOR COLLECTOR - NEW HPMS,2,Urban
948428,1,Complete,948428,948428,41.320468,-72.95112,3445570,New Haven,93,93,New Haven,7/1/2022,2022,7,July,1,6,Friday,21:05:00,21,22021973,A,2,,Motor Vehicle In Motion,"Injury of any type (Serious, Minor, Possible)",C,Possible Injury (C),0,0,3,State,3.17,10,10-N,10-N,,HOBART ST,20,Feet,W,41.320468,-72.95112,14,Motor Vehicle in Operation,4,"Sideswipe, same direction",1,On Roadway,1,Clear,88,Not Applicable,4,Dark-Lighted,1,Dry,0,None,88,Not Applicable,88,Not Applicable,0,None,88,Not Applicable,88,Not Applicable,1,Non-Junction,1,Not at Intersection,1,No,1,No,88,Not Applicable,88,Not Applicable,88,Not Applicable,88,Not Applicable,FALSE,1,Public Road,1,"Trafficway, On Road",CT0009300,New Haven PD,276,28:40.0,C,Closed,01:33.0,22021973,2,18100,3,PRINCIPAL ARTERIAL - OTHER - NEW HPMS,2,Urban
948429,1,Complete,948429,948429,41.314115,-72.904031,3445571,New Haven,93,93,New Haven,7/2/2022,2022,7,July,2,7,Saturday,18:07:00,18,22021976,A,2,,Motor Vehicle In Motion,"Injury of any type (Serious, Minor, Possible)",C,Possible Injury (C),0,0,4,Local,0,379,LOMBARD ST,LOMBARD ST,HUMPHREY ST,,,,,41.314115,-72.904031,14,Motor Vehicle in Operation,3,Angle,1,On Roadway,99,Unknown,88,Not Applicable,97,Other,1,Dry,99,Unknown,88,Not Applicable,88,Not Applicable,99,Unknown,88,Not Applicable,88,Not Applicable,2,Intersection,2,Four-Way Intersection,1,No,1,No,88,Not Applicable,88,Not Applicable,88,Not Applicable,88,Not Applicable,FALSE,1,Public Road,1,"Trafficway, On Road",CT0009300,New Haven PD,43689,14:04.0,C,Closed,01:40.0,,,,,,,
948434,1,Complete,948434,948434,41.303527,-72.910476,3445576,New Haven,93,93,New Haven,7/2/2022,2022,7,July,2,7,Saturday,3:01:00,3,22022002,A,2,,Motor Vehicle In Motion,"Injury of any type (Serious, Minor, Possible)",C,Possible Injury (C),0,0,4,Local,0.87,165,EAST ST,EAST ST,CHAPEL ST,,,,,41.303527,-72.910476,14,Motor Vehicle in Operation,2,Front to front,1,On Roadway,1,Clear,88,Not Applicable,4,Dark-Lighted,1,Dry,0,None,88,Not Applicable,88,Not Applicable,0,None,88,Not Applicable,88,Not Applicable,2,Intersection,2,Four-Way Intersection,1,No,1,No,88,Not Applicable,88,Not Applicable,88,Not Applicable,88,Not Applicable,FALSE,1,Public Road,1,"Trafficway, On Road",CT0009300,New Haven PD,374,20:07.0,C,Closed,01:28.0,,,,,,,
948437,1,Complete,948437,948437,41.333302,-72.935158,3445579,New Haven,93,93,New Haven,7/2/2022,2022,7,July,2,7,Saturday,17:10:00,17,22022051,A,2,,Motor Vehicle In Motion,"Injury of any type (Serious, Minor, Possible)",C,Possible Injury (C),0,0,4,Local,1.44,152,DIXWELL AV,DIXWELL AV,,DORMAN ST,30,Feet,S,41.333302,-72.935158,14,Motor Vehicle in Operation,3,Angle,1,On Roadway,1,Clear,88,Not Applicable,1,Daylight,1,Dry,0,None,88,Not Applicable,88,Not Applicable,99,Unknown,88,Not Applicable,88,Not Applicable,1,Non-Junction,1,Not at Intersection,1,No,1,No,88,Not Applicable,88,Not Applicable,88,Not Applicable,88,Not Applicable,FALSE,1,Public Road,1,"Trafficway, On Road",CT0009300,New Haven PD,40953,12:42.0,C,Closed,01:32.0,,,,,,,
948440,1,Complete,948440,948440,41.332692,-72.935221,3445582,New Haven,93,93,New Haven,7/2/2022,2022,7,July,2,7,Saturday,21:28:00,21,22022078,A,2,,Motor Vehicle In Motion,"Injury of any type (Serious, Minor, Possible)",C,Possible Injury (C),0,0,4,Local,1.4,152,DIXWELL AV,DIXWELL AV,,Bassett St,50,Feet,N,41.332692,-72.935221,14,Motor Vehicle in Operation,1,Front to rear,1,On Roadway,1,Clear,88,Not Applicable,4,Dark-Lighted,1,Dry,0,None,88,Not Applicable,88,Not Applicable,0,None,88,Not Applicable,88,Not Applicable,2,Intersection,2,Four-Way Intersection,1,No,1,No,88,Not Applicable,88,Not Applicable,88,Not Applicable,88,Not Applicable,TRUE,1,Public Road,1,"Trafficway, On Road",CT0009300,New Haven PD,42052,17:23.0,C,Closed,01:37.0,,,,,,,
948441,1,Complete,948441,948441,41.306599,-72.946518,3445583,New Haven,93,93,New Haven,7/2/2022,2022,7,July,2,7,Saturday,21:54:00,21,22022082,A,2,,Motor Vehicle In Motion,"Injury of any type (Serious, Minor, Possible)",B,Suspected Minor Injury (B),0,0,4,Local,0.05,556,SHERMAN AV,SHERMAN AV,,REV DR MARTIN LUTHER,75,Feet,S,41.306599,-72.946518,14,Motor Vehicle in Operation,1,Front to rear,1,On Roadway,1,Clear,88,Not Applicable,4,Dark-Lighted,1,Dry,0,None,88,Not Applicable,88,Not Applicable,0,None,88,Not Applicable,88,Not Applicable,1,Non-Junction,1,Not at Intersection,1,No,1,No,88,Not Applicable,88,Not Applicable,88,Not Applicable,88,Not Applicable,FALSE,1,Public Road,1,"Trafficway, On Road",CT0009300,New Haven PD,503,19:32.0,C,Closed,01:36.0,,,,,,,
948443,1,Complete,948443,948443,41.28705,-72.9358,3445585,New Haven,93,93,New Haven,7/2/2022,2022,7,July,2,7,Saturday,23:15:00,23,22022089,A,2,,Motor Vehicle In Motion,"Injury of any type (Serious, Minor, Possible)",C,Possible Injury (C),0,0,4,Local,0.38,339,KIMBERLY AV,KIMBERLY AV,,GRANT ST,500,Feet,S,41.28705,-72.9358,14,Motor Vehicle in Operation,1,Front to rear,1,On Roadway,1,Clear,88,Not Applicable,4,Dark-Lighted,1,Dry,0,None,88,Not Applicable,88,Not Applicable,0,None,88,Not Applicable,88,Not Applicable,1,Non-Junction,1,Not at Intersection,1,No,1,No,88,Not Applicable,88,Not Applicable,88,Not Applicable,88,Not Applicable,TRUE,1,Public Road,1,"Trafficway, On Road",CT0009300,New Haven PD,42366,18:13.0,C,Closed,01:38.0,,,,,,,
948444,1,Complete,948444,948444,41.3037,-72.90249,3445586,New Haven,93,93,New Haven,7/3/2022,2022,7,July,3,1,Sunday,1:59:00,1,22022103,A,2,,Motor Vehicle In Motion,"Injury of any type (Serious, Minor, Possible)",C,Possible Injury (C),0,0,4,Local,0.88,327,JAMES ST,JAMES ST,CHAPEL ST,,,,,41.3037,-72.90249,14,Motor Vehicle in Operation,3,Angle,1,On Roadway,1,Clear,88,Not Applicable,4,Dark-Lighted,1,Dry,0,None,88,Not Applicable,88,Not Applicable,0,None,88,Not Applicable,88,Not Applicable,2,Intersection,2,Four-Way Intersection,1,No,1,No,88,Not Applicable,88,Not Applicable,88,Not Applicable,88,Not Applicable,FALSE,1,Public Road,1,"Trafficway, On Road",CT0009300,New Haven PD,41104,58:12.0,C,Closed,01:41.0,,,,,,,
948447,1,Complete,948447,948447,41.28297,-72.934739,3445589,New Haven,93,93,New Haven,7/3/2022,2022,7,July,3,1,Sunday,6:55:00,6,22022115,A,2,,Motor Vehicle In Motion,"Injury of any type (Serious, Minor, Possible)",C,Possible Injury (C),0,0,3,State,0.19,10,10-N,10-N,SEA ST,,,,,41.28297,-72.934739,14,Motor Vehicle in Operation,2,Front to front,1,On Roadway,1,Clear,88,Not Applicable,1,Daylight,1,Dry,0,None,88,Not Applicable,88,Not Applicable,0,None,88,Not Applicable,88,Not Applicable,2,Intersection,2,Four-Way Intersection,1,No,1,No,88,Not Applicable,88,Not Applicable,88,Not Applicable,88,Not Applicable,FALSE,1,Public Road,1,"Trafficway, On Road",CT0009300,New Haven PD,26,15:28.0,C,Closed,01:42.0,,2,15100,3,PRINCIPAL ARTERIAL - OTHER - NEW HPMS,2,Urban