CrashId,Fatal Case Status,Fatal Case Status Text Format,CrashId,CrashId,Latitude,Longitude,DOT Case Number,Town Name,Town Number,Town Number,Town Number Text Format,Date Of Crash,Year,Month,Month Text Format,Day,Day of the Week,Day of the Week Text Format,Time of Crash,Hour of the Day,Case Identifier,Crash Severity,Number Of Motor Vehicles,Motor vehicle action,Most harmful event,Crash Severity Text Format,Most Severe Injury,Most Severe Injury Text Format,Number Of Non-Motorist,Number Of Witnesses,Route Class,Route Class Text Format,Milemarker,Road Number,Road Description,Roadway Name,Intersecting Roadway Name,Landmark Description,Distance From Nearest Landmark,Unit Of Measure From Nearest Landmark,Direction From Nearest Landmark,Latitude,Longitude,First Harmful Event,First Harmful Event Text Format,Manner of Crash / Collision Impact,Manner of Crash / Collision Impact Text Format,Location of First Harmful Event,Location of First Harmful Event Text Format,Weather Condition,Weather Condition Text Format,Weather 2,Weather 2 Text Format,Light Condition,Light Condition Text Format,Road Surface Condition,Road Surface Condition Text Format,"Contributing Circumstances, Environment","Contributing Circumstances, Environment Text Format",Environment 2,Environment 2 Text Format,Environment 3,Environment 3 Text Format,"Contributing Circumstances, Road","Contributing Circumstances, Road Text Format",Road 2,Road 2 Text Format,Road 3,Road 3 Text Format,Crash Specific Location,Crash Specific Location Text Format,Type of Intersection,Type of Intersection Text Format,School Bus Related,School Bus Related Text Format,Work Zone Related,Work Zone Related Text Format,Location Of Crash Relative To Work Zone,Location Of Crash Relative To Work Zone Text Format,Type of Work Zone,Type of Work Zone Text Format,Worker Presence,Worker Presence Text Format,Law Enforcement Presence,Law Enforcement Presence Text Format,Were Vehicles Moved Prior To Police Arrival,Trafficway Ownership,Trafficway Ownership Text Format,Trafficway Class,Trafficway Class Text Format,Police Agency,Police Agency Text Format,Badge Number,Approval Date,Police Case Status,Police Case Status Text Format,Crash Report Submission Date,Related Case Identifiers,No. of Through Lanes (Log Dir.),Average Daily Traffic,Functional Classification,Functional Classification Text Format,Rural or Urban,Rural or Urban Text Format
948995,1,Complete,948995,948995,41.32374,-72.95968,3446137,New Haven,93,93,New Haven,6/24/2022,2022,6,June,24,6,Friday,22:45:00,22,22021193,A,2,,Motor Vehicle In Motion,"Injury of any type (Serious, Minor, Possible)",C,Possible Injury (C),0,0,4,Local,0.6,650,WEST ROCK AV NO 1,WEST ROCK AV NO 1,,YALE AVE,25,Feet,N,41.32374,-72.95968,32,Tree (standing),1,Front to rear,1,On Roadway,1,Clear,88,Not Applicable,4,Dark-Lighted,1,Dry,0,None,88,Not Applicable,88,Not Applicable,0,None,88,Not Applicable,88,Not Applicable,17,"Other Location Not Listed Above Within an Interchange Area (median, shoulder and roadside)",1,Not at Intersection,1,No,1,No,88,Not Applicable,88,Not Applicable,88,Not Applicable,88,Not Applicable,FALSE,1,Public Road,1,"Trafficway, On Road",CT0009300,New Haven PD,713,12:36.0,C,Closed,02:02.0,,,,,,,
948998,1,Complete,948998,948998,41.30314,-72.92044,3446140,New Haven,93,93,New Haven,7/1/2022,2022,7,July,1,6,Friday,9:00:00,9,22021890,A,2,,Motor Vehicle In Motion,"Injury of any type (Serious, Minor, Possible)",C,Possible Injury (C),0,0,4,Local,0.13,447,OLIVE ST,OLIVE ST,,WOOSTER ST,50,Feet,S,41.30314,-72.92044,14,Motor Vehicle in Operation,1,Front to rear,1,On Roadway,1,Clear,88,Not Applicable,1,Daylight,1,Dry,99,Unknown,88,Not Applicable,88,Not Applicable,0,None,88,Not Applicable,88,Not Applicable,1,Non-Junction,1,Not at Intersection,1,No,1,No,88,Not Applicable,88,Not Applicable,88,Not Applicable,88,Not Applicable,FALSE,1,Public Road,1,"Trafficway, On Road",CT0009300,New Haven PD,240,38:01.0,C,Closed,02:01.0,,,,,,,
949004,1,Complete,949004,949004,41.31295,-72.95202,3446146,New Haven,93,93,New Haven,7/4/2022,2022,7,July,4,2,Monday,19:29:00,19,22022251,A,2,,Motor Vehicle In Motion,"Injury of any type (Serious, Minor, Possible)",C,Possible Injury (C),0,0,3,State,2.59,10,10-N,10-N,CHAPEL ST,,,,,41.31295,-72.95202,14,Motor Vehicle in Operation,2,Front to front,1,On Roadway,1,Clear,88,Not Applicable,1,Daylight,1,Dry,0,None,88,Not Applicable,88,Not Applicable,0,None,88,Not Applicable,88,Not Applicable,2,Intersection,2,Four-Way Intersection,1,No,1,No,88,Not Applicable,88,Not Applicable,88,Not Applicable,88,Not Applicable,FALSE,1,Public Road,1,"Trafficway, On Road",CT0009300,New Haven PD,349,13:11.0,O,Open,02:00.0,,1,19800,3,PRINCIPAL ARTERIAL - OTHER - NEW HPMS,1,Rural
949337,1,Complete,949337,949337,41.293099,-72.943942,3446479,New Haven,93,93,New Haven,6/19/2022,2022,6,June,19,1,Sunday,12:45:00,12,22020529,A,4,,Motor Vehicle In Motion,"Injury of any type (Serious, Minor, Possible)",C,Possible Injury (C),0,0,3,State,1.07,10,10-N,10-N,ADELINE ST,,,,,41.293099,-72.943942,14,Motor Vehicle in Operation,4,"Sideswipe, same direction",1,On Roadway,1,Clear,88,Not Applicable,1,Daylight,1,Dry,0,None,88,Not Applicable,88,Not Applicable,0,None,88,Not Applicable,88,Not Applicable,3,Intersection-Related,3,T-Intersection,1,No,1,No,88,Not Applicable,88,Not Applicable,88,Not Applicable,88,Not Applicable,TRUE,1,Public Road,1,"Trafficway, On Road",CT0009300,New Haven PD,26,38:44.0,C,Closed,00:42.0,,2,20300,3,PRINCIPAL ARTERIAL - OTHER - NEW HPMS,2,Urban
949340,1,Complete,949340,949340,41.31216,-72.919389,3446482,New Haven,93,93,New Haven,6/29/2022,2022,6,June,29,4,Wednesday,20:07:00,20,22021731,A,2,,Motor Vehicle In Motion,"Injury of any type (Serious, Minor, Possible)",C,Possible Injury (C),0,0,4,Local,0.31,601,TRUMBULL ST,TRUMBULL ST,ORANGE ST,,,,,41.31216,-72.919389,14,Motor Vehicle in Operation,1,Front to rear,1,On Roadway,2,Cloudy,88,Not Applicable,1,Daylight,1,Dry,0,None,88,Not Applicable,88,Not Applicable,0,None,88,Not Applicable,88,Not Applicable,2,Intersection,2,Four-Way Intersection,1,No,1,No,88,Not Applicable,88,Not Applicable,88,Not Applicable,88,Not Applicable,TRUE,1,Public Road,1,"Trafficway, On Road",CT0009300,New Haven PD,381,05:10.0,C,Closed,00:40.0,,,,,,,
949345,1,Complete,949345,949345,41.327384,-72.969699,3446487,New Haven,93,93,New Haven,7/4/2022,2022,7,July,4,2,Monday,22:44:00,22,22022268,A,2,,Parked Vehicle,"Injury of any type (Serious, Minor, Possible)",C,Possible Injury (C),0,0,3,State,6.14,243,243-E,243-E,,PARDEE PL,37,Feet,W,41.327384,-72.969699,15,Parked Motor Vehicle,1,Front to rear,1,On Roadway,1,Clear,88,Not Applicable,4,Dark-Lighted,1,Dry,0,None,88,Not Applicable,88,Not Applicable,0,None,88,Not Applicable,88,Not Applicable,1,Non-Junction,1,Not at Intersection,1,No,1,No,88,Not Applicable,88,Not Applicable,88,Not Applicable,88,Not Applicable,FALSE,1,Public Road,1,"Trafficway, On Road",CT0009300,New Haven PD,42367,16:57.0,C,Closed,00:39.0,,1,10900,4,MINOR ARTERIAL - NEW HPMS,1,Rural
949346,1,Complete,949346,949346,41.32996,-72.92753,3446488,New Haven,93,93,New Haven,7/5/2022,2022,7,July,5,3,Tuesday,2:33:00,2,22022285,A,4,,Overturn/Rollover,"Injury of any type (Serious, Minor, Possible)",B,Suspected Minor Injury (B),0,0,4,Local,0.07,371,LILAC ST,LILAC ST,,WINCHESTER AVE,380,Feet,W,41.32996,-72.92753,1,Overturn/Rollover,4,"Sideswipe, same direction",1,On Roadway,1,Clear,88,Not Applicable,4,Dark-Lighted,1,Dry,0,None,88,Not Applicable,88,Not Applicable,0,None,88,Not Applicable,88,Not Applicable,1,Non-Junction,1,Not at Intersection,1,No,1,No,88,Not Applicable,88,Not Applicable,88,Not Applicable,88,Not Applicable,FALSE,1,Public Road,1,"Trafficway, On Road",CT0009300,New Haven PD,65,12:29.0,C,Closed,00:40.0,,,,,,,
949351,1,Complete,949351,949351,41.32948669,-72.92633745,3446493,New Haven,93,93,New Haven,7/4/2022,2022,7,July,4,2,Monday,23:00:00,23,22022364,A,2,,Motor Vehicle In Motion,"Injury of any type (Serious, Minor, Possible)",C,Possible Injury (C),0,0,4,Local,0.95,669,WINCHESTER AV,WINCHESTER AV,HIGHLAND ST,,,,,41.32948669,-72.92633745,14,Motor Vehicle in Operation,3,Angle,1,On Roadway,1,Clear,88,Not Applicable,4,Dark-Lighted,1,Dry,0,None,88,Not Applicable,88,Not Applicable,3,Backup Due to Regular Congestion,88,Not Applicable,88,Not Applicable,2,Intersection,3,T-Intersection,1,No,1,No,88,Not Applicable,88,Not Applicable,88,Not Applicable,88,Not Applicable,TRUE,1,Public Road,1,"Trafficway, On Road",CT0009300,New Haven PD,40801,12:47.0,C,Closed,00:45.0,,,,,,,
949352,1,Complete,949352,949352,41.31934109,-72.90484702,3446494,New Haven,93,93,New Haven,7/5/2022,2022,7,July,5,3,Tuesday,20:47:00,20,22022402,A,2,,Motor Vehicle In Motion,"Injury of any type (Serious, Minor, Possible)",B,Suspected Minor Injury (B),0,0,1,Interstate,0,91,91-S-139,91-S-139,WILLOW ST,,,,,41.31934109,-72.90484702,14,Motor Vehicle in Operation,3,Angle,1,On Roadway,2,Cloudy,88,Not Applicable,4,Dark-Lighted,2,Wet,0,None,88,Not Applicable,88,Not Applicable,0,None,88,Not Applicable,88,Not Applicable,2,Intersection,3,T-Intersection,1,No,1,No,88,Not Applicable,88,Not Applicable,88,Not Applicable,88,Not Applicable,FALSE,1,Public Road,1,"Trafficway, On Road",CT0009300,New Haven PD,40801,46:08.0,C,Closed,00:47.0,,2,28800,1,INTERSTATE - NEW HPMS,2,Urban
949652,1,Complete,949652,949652,41.328731,-72.964407,3446794,New Haven,93,93,New Haven,7/6/2022,2022,7,July,6,4,Wednesday,17:44:00,17,22022482,A,2,,Motor Vehicle In Motion,"Injury of any type (Serious, Minor, Possible)",C,Possible Injury (C),0,0,3,State,0.49,63,63-N,63-N,,EMERSON ST,200,Feet,E,41.328731,-72.964407,14,Motor Vehicle in Operation,1,Front to rear,1,On Roadway,1,Clear,88,Not Applicable,1,Daylight,1,Dry,0,None,88,Not Applicable,88,Not Applicable,3,Backup Due to Regular Congestion,88,Not Applicable,88,Not Applicable,1,Non-Junction,1,Not at Intersection,1,No,1,No,88,Not Applicable,88,Not Applicable,88,Not Applicable,88,Not Applicable,FALSE,1,Public Road,1,"Trafficway, On Road",CT0009300,New Haven PD,402,36:12.0,C,Closed,01:40.0,,1,20400,3,PRINCIPAL ARTERIAL - OTHER - NEW HPMS,1,Rural
949653,1,Complete,949653,949653,41.31608,-72.89722,3446795,New Haven,93,93,New Haven,7/6/2022,2022,7,July,6,4,Wednesday,18:54:00,18,22022488,A,2,,Motor Vehicle In Motion,"Injury of any type (Serious, Minor, Possible)",C,Possible Injury (C),0,0,4,Local,0.25,213,FERRY ST,FERRY ST,PECK ST NO 2,,,,,41.31608,-72.89722,14,Motor Vehicle in Operation,3,Angle,1,On Roadway,1,Clear,88,Not Applicable,1,Daylight,1,Dry,0,None,88,Not Applicable,88,Not Applicable,0,None,88,Not Applicable,88,Not Applicable,2,Intersection,2,Four-Way Intersection,1,No,1,No,88,Not Applicable,88,Not Applicable,88,Not Applicable,88,Not Applicable,TRUE,1,Public Road,1,"Trafficway, On Road",CT0009300,New Haven PD,150,53:22.0,C,Closed,01:39.0,,,,,,,
950014,1,Complete,950014,950014,41.3174927,-72.9014459,3447155,New Haven,93,93,New Haven,7/7/2022,2022,7,July,7,5,Thursday,5:32:00,5,22022526,A,2,,Motor Vehicle In Motion,"Injury of any type (Serious, Minor, Possible)",C,Possible Injury (C),0,0,4,Local,0,666,WILLOW ST,WILLOW ST,5-N,,,,,41.3174927,-72.9014459,14,Motor Vehicle in Operation,3,Angle,1,On Roadway,1,Clear,88,Not Applicable,1,Daylight,1,Dry,0,None,88,Not Applicable,88,Not Applicable,0,None,88,Not Applicable,88,Not Applicable,2,Intersection,2,Four-Way Intersection,1,No,1,No,88,Not Applicable,88,Not Applicable,88,Not Applicable,88,Not Applicable,FALSE,1,Public Road,1,"Trafficway, On Road",CT0009300,New Haven PD,42053,54:35.0,C,Closed,00:11.0,,,,,,,
950015,1,Complete,950015,950015,41.309137,-72.927302,3447156,New Haven,93,93,New Haven,7/7/2022,2022,7,July,7,5,Thursday,9:06:00,9,22022535,A,2,,Motor Vehicle In Motion,"Injury of any type (Serious, Minor, Possible)",C,Possible Injury (C),0,0,4,Local,0.19,117,COLLEGE ST,COLLEGE ST,,ELM ST,120,Feet,S,41.309137,-72.927302,14,Motor Vehicle in Operation,1,Front to rear,1,On Roadway,1,Clear,88,Not Applicable,1,Daylight,1,Dry,0,None,88,Not Applicable,88,Not Applicable,0,None,88,Not Applicable,88,Not Applicable,1,Non-Junction,1,Not at Intersection,1,No,1,No,88,Not Applicable,88,Not Applicable,88,Not Applicable,88,Not Applicable,TRUE,1,Public Road,1,"Trafficway, On Road",CT0009300,New Haven PD,165,35:17.0,C,Closed,00:09.0,,,,,,,
950020,1,Complete,950020,950020,41.318345,-72.949448,3447161,New Haven,93,93,New Haven,7/7/2022,2022,7,July,7,5,Thursday,14:25:00,14,22022574,A,2,,Motor Vehicle In Motion,"Injury of any type (Serious, Minor, Possible)",C,Possible Injury (C),0,0,3,State,2.98,10,10-N,10-N,,WHALLEY AVE,300,Feet,S,41.318345,-72.949448,14,Motor Vehicle in Operation,3,Angle,1,On Roadway,1,Clear,88,Not Applicable,1,Daylight,1,Dry,0,None,88,Not Applicable,88,Not Applicable,0,None,88,Not Applicable,88,Not Applicable,1,Non-Junction,1,Not at Intersection,1,No,1,No,88,Not Applicable,88,Not Applicable,88,Not Applicable,88,Not Applicable,FALSE,1,Public Road,1,"Trafficway, On Road",CT0009300,New Haven PD,40804,33:27.0,C,Closed,00:12.0,,1,10200,3,PRINCIPAL ARTERIAL - OTHER - NEW HPMS,1,Rural
950022,1,Complete,950022,950022,41.33056,-72.91367,3447163,New Haven,93,93,New Haven,7/7/2022,2022,7,July,7,5,Thursday,17:29:00,17,22022579,A,1,,Pedalcycle/Pedalcyclist,"Injury of any type (Serious, Minor, Possible)",B,Suspected Minor Injury (B),1,0,4,Local,1.48,656,WHITNEY AV,WHITNEY AV,EAST ROCK RD,,,,,41.33056,-72.91367,14,Motor Vehicle in Operation,3,Angle,1,On Roadway,1,Clear,88,Not Applicable,1,Daylight,1,Dry,0,None,88,Not Applicable,88,Not Applicable,0,None,88,Not Applicable,88,Not Applicable,2,Intersection,2,Four-Way Intersection,1,No,1,No,88,Not Applicable,88,Not Applicable,88,Not Applicable,88,Not Applicable,TRUE,1,Public Road,1,"Trafficway, On Road",CT0009300,New Haven PD,281,30:59.0,C,Closed,00:13.0,,,,,,,
950023,1,Complete,950023,950023,41.30384,-72.92749,3447164,New Haven,93,93,New Haven,7/7/2022,2022,7,July,7,5,Thursday,15:27:00,15,22022582,A,2,,Motor Vehicle In Motion,"Injury of any type (Serious, Minor, Possible)",C,Possible Injury (C),0,0,4,Local,0,103,CHURCH ST,CHURCH ST,GEORGE ST,,,,,41.30384,-72.92749,14,Motor Vehicle in Operation,4,"Sideswipe, same direction",1,On Roadway,1,Clear,88,Not Applicable,1,Daylight,1,Dry,0,None,88,Not Applicable,88,Not Applicable,0,None,88,Not Applicable,88,Not Applicable,2,Intersection,2,Four-Way Intersection,1,No,1,No,88,Not Applicable,88,Not Applicable,88,Not Applicable,88,Not Applicable,TRUE,1,Public Road,1,"Trafficway, On Road",CT0009300,New Haven PD,324,36:37.0,O,Open,00:13.0,22022582,,,,,,
950024,1,Complete,950024,950024,41.303619,-72.91295,3447165,New Haven,93,93,New Haven,7/7/2022,2022,7,July,7,5,Thursday,20:18:00,20,22022600,A,2,,Motor Vehicle In Motion,"Injury of any type (Serious, Minor, Possible)",C,Possible Injury (C),0,0,4,Local,0,275,HAMILTON ST NO 2,HAMILTON ST NO 2,CHAPEL ST,,,,,41.303619,-72.91295,14,Motor Vehicle in Operation,1,Front to rear,1,On Roadway,1,Clear,88,Not Applicable,99,Unknown,1,Dry,99,Unknown,88,Not Applicable,88,Not Applicable,99,Unknown,88,Not Applicable,88,Not Applicable,2,Intersection,3,T-Intersection,1,No,1,No,88,Not Applicable,88,Not Applicable,88,Not Applicable,88,Not Applicable,FALSE,1,Public Road,1,"Trafficway, On Road",CT0009300,New Haven PD,43689,04:25.0,C,Closed,00:17.0,,,,,,,
950474,1,Complete,950474,950474,41.319274,-72.898426,3447614,New Haven,93,93,New Haven,7/9/2021,2021,7,July,9,6,Friday,9:30:00,9,21024994,A,3,,Motor Vehicle In Motion,"Injury of any type (Serious, Minor, Possible)",C,Possible Injury (C),0,1,4,Local,0.01,213,FERRY ST,FERRY ST,,STATE ST,60,Feet,E,41.319274,-72.898426,14,Motor Vehicle in Operation,1,Front to rear,1,On Roadway,4,Rain,88,Not Applicable,1,Daylight,2,Wet,0,None,88,Not Applicable,88,Not Applicable,0,None,88,Not Applicable,88,Not Applicable,1,Non-Junction,1,Not at Intersection,1,No,1,No,88,Not Applicable,88,Not Applicable,88,Not Applicable,88,Not Applicable,FALSE,1,Public Road,1,"Trafficway, On Road",CT0009300,New Haven PD,87,04:21.0,C,Closed,01:16.0,,4,16500,3,PRINCIPAL ARTERIAL - OTHER - NEW HPMS,2,Urban
950480,1,Complete,950480,950480,41.316618,-72.942307,3447620,New Haven,93,93,New Haven,7/6/2022,2022,7,July,6,4,Wednesday,20:59:00,20,22022508,A,2,,Motor Vehicle In Motion,"Injury of any type (Serious, Minor, Possible)",C,Possible Injury (C),0,0,4,Local,0.38,653,WHALLEY AV,WHALLEY AV,SHERMAN AV,,,,,41.316618,-72.942307,14,Motor Vehicle in Operation,1,Front to rear,1,On Roadway,1,Clear,88,Not Applicable,4,Dark-Lighted,1,Dry,0,None,88,Not Applicable,88,Not Applicable,0,None,88,Not Applicable,88,Not Applicable,2,Intersection,2,Four-Way Intersection,1,No,1,No,88,Not Applicable,88,Not Applicable,88,Not Applicable,88,Not Applicable,FALSE,1,Public Road,1,"Trafficway, On Road",CT0009300,New Haven PD,276,40:49.0,C,Closed,01:21.0,22022508,,,,,,
950481,1,Complete,950481,950481,41.31138,-72.9412,3447621,New Haven,93,93,New Haven,7/7/2022,2022,7,July,7,5,Thursday,7:16:00,7,22022529,A,2,,Motor Vehicle In Motion,"Injury of any type (Serious, Minor, Possible)",B,Suspected Minor Injury (B),0,0,4,Local,0.7,453,ORCHARD ST,ORCHARD ST,,CHAPEL ST,100,Feet,N,41.31138,-72.9412,14,Motor Vehicle in Operation,4,"Sideswipe, same direction",1,On Roadway,1,Clear,88,Not Applicable,1,Daylight,1,Dry,0,None,88,Not Applicable,88,Not Applicable,0,None,88,Not Applicable,88,Not Applicable,17,"Other Location Not Listed Above Within an Interchange Area (median, shoulder and roadside)",1,Not at Intersection,1,No,1,No,88,Not Applicable,88,Not Applicable,88,Not Applicable,88,Not Applicable,FALSE,1,Public Road,1,"Trafficway, On Road",CT0009300,New Haven PD,238,21:54.0,C,Closed,01:28.0,,,,,,,
950483,1,Complete,950483,950483,41.327541,-72.97792,3447623,New Haven,93,93,New Haven,7/7/2022,2022,7,July,7,5,Thursday,23:52:00,23,22022618,A,1,,Pedestrian,"Injury of any type (Serious, Minor, Possible)",C,Possible Injury (C),1,0,4,Local,0.06,115,COLBY CT,COLBY CT,,fountain st,355,Feet,S,41.327541,-72.97792,9,Pedestrian,88,Not Applicable,7,In Parking Lane or Zone,1,Clear,88,Not Applicable,4,Dark-Lighted,1,Dry,0,None,88,Not Applicable,88,Not Applicable,0,None,88,Not Applicable,88,Not Applicable,1,Non-Junction,1,Not at Intersection,1,No,1,No,88,Not Applicable,88,Not Applicable,88,Not Applicable,88,Not Applicable,TRUE,1,Public Road,2,"Trafficway, Not on Road",CT0009300,New Haven PD,43614,22:00.0,O,Open,01:24.0,,2,655,7,LOCAL - NEW HPMS,2,Urban
950484,1,Complete,950484,950484,41.306503,-72.95304,3447624,New Haven,93,93,New Haven,7/8/2022,2022,7,July,8,6,Friday,0:45:00,0,22022623,A,1,,Ditch,"Injury of any type (Serious, Minor, Possible)",C,Possible Injury (C),0,0,3,State,2.13,10,10-N,10-N,REV DR MLK JR BLVD,,,,,41.306503,-72.95304,26,Ditch,88,Not Applicable,1,On Roadway,1,Clear,88,Not Applicable,4,Dark-Lighted,1,Dry,0,None,88,Not Applicable,88,Not Applicable,0,None,88,Not Applicable,88,Not Applicable,2,Intersection,3,T-Intersection,1,No,1,No,88,Not Applicable,88,Not Applicable,88,Not Applicable,88,Not Applicable,FALSE,1,Public Road,1,"Trafficway, On Road",CT0009300,New Haven PD,42370,06:17.0,C,Closed,01:18.0,,4,24400,3,PRINCIPAL ARTERIAL - OTHER - NEW HPMS,2,Urban
950487,1,Complete,950487,950487,41.329545,-72.969483,3447627,New Haven,93,93,New Haven,7/8/2022,2022,7,July,8,6,Friday,13:10:00,13,22022672,A,2,,Motor Vehicle In Motion,"Injury of any type (Serious, Minor, Possible)",C,Possible Injury (C),0,0,3,State,0.76,63,63-N,63-N,,DAYTON ST,280,Feet,W,41.329545,-72.969483,14,Motor Vehicle in Operation,3,Angle,1,On Roadway,1,Clear,88,Not Applicable,1,Daylight,1,Dry,0,None,88,Not Applicable,88,Not Applicable,0,None,88,Not Applicable,88,Not Applicable,11,Through Roadway,1,Not at Intersection,1,No,1,No,88,Not Applicable,88,Not Applicable,88,Not Applicable,88,Not Applicable,FALSE,1,Public Road,1,"Trafficway, On Road",CT0009300,New Haven PD,991,49:01.0,C,Closed,01:22.0,,2,23000,3,PRINCIPAL ARTERIAL - OTHER - NEW HPMS,1,Rural
950488,1,Complete,950488,950488,41.319106,-72.899028,3447628,New Haven,93,93,New Haven,7/8/2022,2022,7,July,8,6,Friday,15:11:00,15,22022679,A,1,,Pedestrian,"Injury of any type (Serious, Minor, Possible)",C,Possible Injury (C),1,0,2,USRoute,0.34,5,5-N,5-N,,MAY ST,100,Feet,S,41.319106,-72.899028,9,Pedestrian,88,Not Applicable,1,On Roadway,1,Clear,88,Not Applicable,1,Daylight,1,Dry,99,Unknown,88,Not Applicable,88,Not Applicable,0,None,88,Not Applicable,88,Not Applicable,1,Non-Junction,1,Not at Intersection,1,No,1,No,88,Not Applicable,88,Not Applicable,88,Not Applicable,88,Not Applicable,FALSE,1,Public Road,1,"Trafficway, On Road",CT0009300,New Haven PD,42052,24:58.0,C,Closed,01:20.0,,2,19000,4,MINOR ARTERIAL - NEW HPMS,2,Urban
950494,1,Complete,950494,950494,41.32473,-72.91041,3447634,New Haven,93,93,New Haven,7/9/2022,2022,7,July,9,7,Saturday,7:43:00,7,22022756,A,2,,Motor Vehicle In Motion,"Injury of any type (Serious, Minor, Possible)",C,Possible Injury (C),0,0,4,Local,0,116,COLD SPRING ST,COLD SPRING ST,MITCHELL DR,,,,,41.32473,-72.91041,14,Motor Vehicle in Operation,4,"Sideswipe, same direction",1,On Roadway,1,Clear,88,Not Applicable,1,Daylight,1,Dry,0,None,88,Not Applicable,88,Not Applicable,0,None,88,Not Applicable,88,Not Applicable,2,Intersection,2,Four-Way Intersection,1,No,1,No,88,Not Applicable,88,Not Applicable,88,Not Applicable,88,Not Applicable,TRUE,1,Public Road,1,"Trafficway, On Road",CT0009300,New Haven PD,42052,13:26.0,O,Open,01:27.0,,,,,,,
950508,1,Complete,950508,950508,41.32198,-72.87706,3447648,New Haven,93,93,New Haven,7/10/2022,2022,7,July,10,1,Sunday,0:57:00,0,22022853,A,2,,Motor Vehicle In Motion,"Injury of any type (Serious, Minor, Possible)",C,Possible Injury (C),0,0,3,State,0.26,80,80-E,80-E,,QUINNIPIAC AVE,500,Feet,E,41.32198,-72.87706,14,Motor Vehicle in Operation,4,"Sideswipe, same direction",1,On Roadway,1,Clear,88,Not Applicable,4,Dark-Lighted,1,Dry,0,None,88,Not Applicable,88,Not Applicable,0,None,88,Not Applicable,88,Not Applicable,1,Non-Junction,1,Not at Intersection,1,No,1,No,88,Not Applicable,88,Not Applicable,88,Not Applicable,88,Not Applicable,FALSE,1,Public Road,1,"Trafficway, On Road",CT0009300,New Haven PD,432,25:03.0,C,Closed,01:36.0,,3,32300,3,PRINCIPAL ARTERIAL - OTHER - NEW HPMS,2,Urban
950513,1,Complete,950513,950513,41.33215,-72.93341,3447653,New Haven,93,93,New Haven,7/10/2022,2022,7,July,10,1,Sunday,17:56:00,17,22022931,A,2,,Motor Vehicle In Motion,"Injury of any type (Serious, Minor, Possible)",C,Possible Injury (C),0,0,4,Local,0.3,42,BASSETT ST,BASSETT ST,,WATSON ST,50,Feet,E,41.33215,-72.93341,14,Motor Vehicle in Operation,3,Angle,2,Shoulder,1,Clear,88,Not Applicable,1,Daylight,1,Dry,0,None,88,Not Applicable,88,Not Applicable,0,None,88,Not Applicable,88,Not Applicable,1,Non-Junction,1,Not at Intersection,1,No,1,No,88,Not Applicable,88,Not Applicable,88,Not Applicable,88,Not Applicable,FALSE,1,Public Road,1,"Trafficway, On Road",CT0009300,New Haven PD,40801,44:43.0,C,Closed,01:38.0,,,,,,,
951103,1,Complete,951103,951103,41.28046,-72.89501,3448243,New Haven,93,93,New Haven,7/8/2022,2022,7,July,8,6,Friday,0:44:00,0,22022624,A,2,,Motor Vehicle In Motion,"Injury of any type (Serious, Minor, Possible)",B,Suspected Minor Injury (B),0,0,3,State,0.65,337,337-E,337-E,UPSON TER,,,,,41.28046,-72.89501,14,Motor Vehicle in Operation,3,Angle,1,On Roadway,1,Clear,88,Not Applicable,5,Dark-Not Lighted,1,Dry,0,None,88,Not Applicable,88,Not Applicable,0,None,88,Not Applicable,88,Not Applicable,2,Intersection,2,Four-Way Intersection,1,No,1,No,88,Not Applicable,88,Not Applicable,88,Not Applicable,88,Not Applicable,FALSE,1,Public Road,1,"Trafficway, On Road",CT0009300,New Haven PD,42367,30:46.0,C,Closed,01:21.0,,1,9200,4,MINOR ARTERIAL - NEW HPMS,1,Rural
951104,1,Complete,951104,951104,41.304276,-72.921376,3448244,New Haven,93,93,New Haven,7/8/2022,2022,7,July,8,6,Friday,18:49:00,18,22022700,A,2,,Motor Vehicle In Motion,"Injury of any type (Serious, Minor, Possible)",C,Possible Injury (C),0,0,4,Local,1.51,97,CHAPEL ST,CHAPEL ST,,Union St,50,Feet,E,41.304276,-72.921376,14,Motor Vehicle in Operation,1,Front to rear,1,On Roadway,1,Clear,88,Not Applicable,1,Daylight,1,Dry,0,None,88,Not Applicable,88,Not Applicable,0,None,88,Not Applicable,88,Not Applicable,2,Intersection,3,T-Intersection,1,No,1,No,88,Not Applicable,88,Not Applicable,88,Not Applicable,88,Not Applicable,FALSE,1,Public Road,1,"Trafficway, On Road",CT0009300,New Haven PD,91,26:20.0,C,Closed,01:24.0,,,,,,,
951110,1,Complete,951110,951110,41.328508,-72.921748,3448250,New Haven,93,93,New Haven,7/11/2022,2022,7,July,11,2,Monday,16:53:00,16,22023023,A,2,,Motor Vehicle In Motion,"Injury of any type (Serious, Minor, Possible)",C,Possible Injury (C),0,0,4,Local,0.25,292,HIGHLAND ST,HIGHLAND ST,,Prospect St ,40,,E,41.328508,-72.921748,14,Motor Vehicle in Operation,1,Front to rear,1,On Roadway,1,Clear,88,Not Applicable,1,Daylight,1,Dry,0,None,88,Not Applicable,88,Not Applicable,0,None,88,Not Applicable,88,Not Applicable,3,Intersection-Related,2,Four-Way Intersection,1,No,1,No,88,Not Applicable,88,Not Applicable,88,Not Applicable,88,Not Applicable,TRUE,1,Public Road,1,"Trafficway, On Road",CT0009300,New Haven PD,30,12:41.0,C,Closed,01:29.0,NONE,,,,,,