CrashId,Fatal Case Status,Fatal Case Status Text Format,CrashId,CrashId,Latitude,Longitude,DOT Case Number,Town Name,Town Number,Town Number,Town Number Text Format,Date Of Crash,Year,Month,Month Text Format,Day,Day of the Week,Day of the Week Text Format,Time of Crash,Hour of the Day,Case Identifier,Crash Severity,Number Of Motor Vehicles,Motor vehicle action,Most harmful event,Crash Severity Text Format,Most Severe Injury,Most Severe Injury Text Format,Number Of Non-Motorist,Number Of Witnesses,Route Class,Route Class Text Format,Milemarker,Road Number,Road Description,Roadway Name,Intersecting Roadway Name,Landmark Description,Distance From Nearest Landmark,Unit Of Measure From Nearest Landmark,Direction From Nearest Landmark,Latitude,Longitude,First Harmful Event,First Harmful Event Text Format,Manner of Crash / Collision Impact,Manner of Crash / Collision Impact Text Format,Location of First Harmful Event,Location of First Harmful Event Text Format,Weather Condition,Weather Condition Text Format,Weather 2,Weather 2 Text Format,Light Condition,Light Condition Text Format,Road Surface Condition,Road Surface Condition Text Format,"Contributing Circumstances, Environment","Contributing Circumstances, Environment Text Format",Environment 2,Environment 2 Text Format,Environment 3,Environment 3 Text Format,"Contributing Circumstances, Road","Contributing Circumstances, Road Text Format",Road 2,Road 2 Text Format,Road 3,Road 3 Text Format,Crash Specific Location,Crash Specific Location Text Format,Type of Intersection,Type of Intersection Text Format,School Bus Related,School Bus Related Text Format,Work Zone Related,Work Zone Related Text Format,Location Of Crash Relative To Work Zone,Location Of Crash Relative To Work Zone Text Format,Type of Work Zone,Type of Work Zone Text Format,Worker Presence,Worker Presence Text Format,Law Enforcement Presence,Law Enforcement Presence Text Format,Were Vehicles Moved Prior To Police Arrival,Trafficway Ownership,Trafficway Ownership Text Format,Trafficway Class,Trafficway Class Text Format,Police Agency,Police Agency Text Format,Badge Number,Approval Date,Police Case Status,Police Case Status Text Format,Crash Report Submission Date,Related Case Identifiers,No. of Through Lanes (Log Dir.),Average Daily Traffic,Functional Classification,Functional Classification Text Format,Rural or Urban,Rural or Urban Text Format
958385,1,Complete,958385,958385,41.28477,-72.93708,3455525,New Haven,93,93,New Haven,7/26/2022,2022,7,July,26,3,Tuesday,14:00:00,14,22024895,A,2,,Motor Vehicle In Motion,"Injury of any type (Serious, Minor, Possible)",C,Possible Injury (C),0,0,3,State,1.1,745,745-E,745-E,,ELLA T GRASSO BLVD,500,Feet,W,41.28477,-72.93708,14,Motor Vehicle in Operation,1,Front to rear,1,On Roadway,1,Clear,88,Not Applicable,1,Daylight,1,Dry,0,None,88,Not Applicable,88,Not Applicable,0,None,88,Not Applicable,88,Not Applicable,1,Non-Junction,1,Not at Intersection,1,No,1,No,88,Not Applicable,88,Not Applicable,88,Not Applicable,88,Not Applicable,FALSE,1,Public Road,1,"Trafficway, On Road",CT0009300,New Haven PD,62,06:53.0,C,Closed,47:53.0,,1,15200,4,MINOR ARTERIAL - NEW HPMS,1,Rural
958390,1,Complete,958390,958390,41.32408,-72.88168,3455530,New Haven,93,93,New Haven,7/27/2022,2022,7,July,27,4,Wednesday,7:58:00,7,22024956,A,2,,Motor Vehicle In Motion,"Injury of any type (Serious, Minor, Possible)",C,Possible Injury (C),0,0,3,State,0.22,17,17-N,17-N,80-W,,,,,41.32408,-72.88168,14,Motor Vehicle in Operation,1,Front to rear,1,On Roadway,1,Clear,88,Not Applicable,1,Daylight,1,Dry,0,None,88,Not Applicable,88,Not Applicable,0,None,88,Not Applicable,88,Not Applicable,2,Intersection,8,"Five-Point, or More",1,No,1,No,88,Not Applicable,88,Not Applicable,88,Not Applicable,88,Not Applicable,TRUE,1,Public Road,1,"Trafficway, On Road",CT0009300,New Haven PD,44050,58:08.0,C,Closed,47:51.0,,1,21600,3,PRINCIPAL ARTERIAL - OTHER - NEW HPMS,1,Rural
958393,1,Complete,958393,958393,41.30832,-72.92452,3455533,New Haven,93,93,New Haven,7/27/2022,2022,7,July,27,4,Wednesday,14:18:00,14,22024994,A,2,,Motor Vehicle In Motion,"Injury of any type (Serious, Minor, Possible)",C,Possible Injury (C),0,0,4,Local,0.34,103,CHURCH ST,CHURCH ST,ELM ST NO 2,,,,,41.30832,-72.92452,14,Motor Vehicle in Operation,1,Front to rear,1,On Roadway,1,Clear,88,Not Applicable,1,Daylight,1,Dry,0,None,88,Not Applicable,88,Not Applicable,0,None,88,Not Applicable,88,Not Applicable,2,Intersection,2,Four-Way Intersection,1,No,1,No,88,Not Applicable,88,Not Applicable,88,Not Applicable,88,Not Applicable,FALSE,1,Public Road,1,"Trafficway, On Road",CT0009300,New Haven PD,165,57:13.0,C,Closed,47:55.0,,,,,,,
958426,1,Complete,958426,958426,41.307073,-72.938669,3455566,New Haven,93,93,New Haven,7/28/2022,2022,7,July,28,5,Thursday,14:42:00,14,22024995,A,2,,Motor Vehicle In Motion,"Injury of any type (Serious, Minor, Possible)",C,Possible Injury (C),0,0,4,Local,0.84,809,REV DR MLK JR BLVD,REV DR MLK JR BLVD,DWIGHT ST,,,,,41.307073,-72.938669,14,Motor Vehicle in Operation,1,Front to rear,1,On Roadway,1,Clear,88,Not Applicable,1,Daylight,1,Dry,0,None,88,Not Applicable,88,Not Applicable,0,None,88,Not Applicable,88,Not Applicable,2,Intersection,2,Four-Way Intersection,1,No,1,No,88,Not Applicable,88,Not Applicable,88,Not Applicable,88,Not Applicable,TRUE,1,Public Road,1,"Trafficway, On Road",CT0009300,New Haven PD,44054,00:52.0,C,Closed,48:01.0,,,,,,,
958433,1,Complete,958433,958433,41.324077,-72.881766,3455573,New Haven,93,93,New Haven,7/28/2022,2022,7,July,28,5,Thursday,8:48:00,8,22025077,A,2,,Motor Vehicle In Motion,"Injury of any type (Serious, Minor, Possible)",C,Possible Injury (C),0,0,3,State,0.2,17,17-S,17-S,on con from 17-S,,,,,41.324077,-72.881766,14,Motor Vehicle in Operation,3,Angle,1,On Roadway,1,Clear,1,Clear,1,Daylight,1,Dry,0,None,88,Not Applicable,88,Not Applicable,0,None,88,Not Applicable,88,Not Applicable,3,Intersection-Related,4,Y-Intersection,1,No,1,No,88,Not Applicable,88,Not Applicable,88,Not Applicable,88,Not Applicable,FALSE,1,Public Road,1,"Trafficway, On Road",CT0009300,New Haven PD,19532,35:04.0,C,Closed,48:08.0,,1,30200,3,PRINCIPAL ARTERIAL - OTHER - NEW HPMS,2,Urban
958436,1,Complete,958436,958436,41.31576,-72.90424,3455576,New Haven,93,93,New Haven,7/28/2022,2022,7,July,28,5,Thursday,9:56:00,9,22025086,A,2,,Motor Vehicle In Motion,"Injury of any type (Serious, Minor, Possible)",C,Possible Injury (C),0,0,4,Local,0.03,327,JAMES ST,JAMES ST,,STATE ST,200,Feet,S,41.31576,-72.90424,14,Motor Vehicle in Operation,3,Angle,1,On Roadway,1,Clear,88,Not Applicable,1,Daylight,1,Dry,0,None,88,Not Applicable,88,Not Applicable,0,None,88,Not Applicable,88,Not Applicable,3,Intersection-Related,3,T-Intersection,1,No,1,No,88,Not Applicable,88,Not Applicable,88,Not Applicable,88,Not Applicable,TRUE,1,Public Road,1,"Trafficway, On Road",CT0009300,New Haven PD,86,37:05.0,C,Closed,48:00.0,,,,,,,
958444,1,Complete,958444,958444,41.297673,-72.949142,3455584,New Haven,93,93,New Haven,7/29/2022,2022,7,July,29,6,Friday,8:34:00,8,22025223,A,2,,Motor Vehicle In Motion,"Injury of any type (Serious, Minor, Possible)",C,Possible Injury (C),0,0,3,State,1.47,10,10-N,10-N,1-N,,,,,41.297673,-72.949142,14,Motor Vehicle in Operation,1,Front to rear,1,On Roadway,1,Clear,88,Not Applicable,1,Daylight,1,Dry,0,None,88,Not Applicable,88,Not Applicable,0,None,88,Not Applicable,88,Not Applicable,2,Intersection,2,Four-Way Intersection,1,No,1,No,88,Not Applicable,88,Not Applicable,88,Not Applicable,88,Not Applicable,FALSE,1,Public Road,1,"Trafficway, On Road",CT0009300,New Haven PD,295,04:47.0,C,Closed,48:09.0,,2,20300,3,PRINCIPAL ARTERIAL - OTHER - NEW HPMS,2,Urban
958446,1,Complete,958446,958446,41.31348,-72.92326,3455586,New Haven,93,93,New Haven,7/29/2022,2022,7,July,29,6,Friday,11:26:00,11,22025253,A,2,,Motor Vehicle In Motion,"Injury of any type (Serious, Minor, Possible)",C,Possible Injury (C),0,0,4,Local,0.1,601,TRUMBULL ST,TRUMBULL ST,,HILLHOUSE AVE,75,Feet,E,41.31348,-72.92326,14,Motor Vehicle in Operation,3,Angle,1,On Roadway,2,Cloudy,88,Not Applicable,1,Daylight,1,Dry,0,None,88,Not Applicable,88,Not Applicable,0,None,88,Not Applicable,88,Not Applicable,9,Driveway Access-Related,1,Not at Intersection,1,No,1,No,88,Not Applicable,88,Not Applicable,88,Not Applicable,88,Not Applicable,TRUE,1,Public Road,1,"Trafficway, On Road",CT0009300,New Haven PD,166,19:08.0,C,Closed,48:10.0,,,,,,,
958450,1,Complete,958450,958450,41.32161,-72.87618,3455590,New Haven,93,93,New Haven,7/29/2022,2022,7,July,29,6,Friday,14:34:00,14,22025274,A,2,,Motor Vehicle In Motion,"Injury of any type (Serious, Minor, Possible)",C,Possible Injury (C),0,0,3,State,0.32,80,80-E,80-E,,QUINNIPIAC AVE,500,Feet,W,41.32161,-72.87618,14,Motor Vehicle in Operation,2,Front to front,1,On Roadway,1,Clear,88,Not Applicable,1,Daylight,1,Dry,0,None,88,Not Applicable,88,Not Applicable,0,None,88,Not Applicable,88,Not Applicable,1,Non-Junction,1,Not at Intersection,1,No,1,No,88,Not Applicable,88,Not Applicable,88,Not Applicable,88,Not Applicable,FALSE,1,Public Road,1,"Trafficway, On Road",CT0009300,New Haven PD,61,21:27.0,C,Closed,48:30.0,,2,32300,3,PRINCIPAL ARTERIAL - OTHER - NEW HPMS,2,Urban
958451,1,Complete,958451,958451,41.3306,-72.93064,3455591,New Haven,93,93,New Haven,7/29/2022,2022,7,July,29,6,Friday,17:24:00,17,22025298,A,2,,Motor Vehicle In Motion,"Injury of any type (Serious, Minor, Possible)",C,Possible Injury (C),0,0,4,Local,0.23,371,LILAC ST,LILAC ST,BUTLER ST,,,,,41.3306,-72.93064,14,Motor Vehicle in Operation,4,"Sideswipe, same direction",1,On Roadway,1,Clear,88,Not Applicable,1,Daylight,1,Dry,0,None,88,Not Applicable,88,Not Applicable,0,None,88,Not Applicable,88,Not Applicable,2,Intersection,3,T-Intersection,1,No,1,No,88,Not Applicable,88,Not Applicable,88,Not Applicable,88,Not Applicable,FALSE,1,Public Road,1,"Trafficway, On Road",CT0009300,New Haven PD,42054,51:18.0,C,Closed,48:12.0,,,,,,,
958452,1,Complete,958452,958452,41.32202,-72.94551,3455592,New Haven,93,93,New Haven,7/29/2022,2022,7,July,29,6,Friday,21:54:00,21,22025339,A,2,,Motor Vehicle In Motion,"Injury of any type (Serious, Minor, Possible)",C,Possible Injury (C),0,0,4,Local,0.3,258,GOFFE TER,GOFFE TER,ELLSWORTH AV,,,,,41.32202,-72.94551,14,Motor Vehicle in Operation,3,Angle,1,On Roadway,4,Rain,88,Not Applicable,4,Dark-Lighted,2,Wet,0,None,88,Not Applicable,88,Not Applicable,0,None,88,Not Applicable,88,Not Applicable,2,Intersection,2,Four-Way Intersection,1,No,1,No,88,Not Applicable,88,Not Applicable,88,Not Applicable,88,Not Applicable,TRUE,1,Public Road,1,"Trafficway, On Road",CT0009300,New Haven PD,40812,53:25.0,C,Closed,48:12.0,,,,,,,
958457,1,Complete,958457,958457,41.32035,-72.86782,3455597,New Haven,93,93,New Haven,7/30/2022,2022,7,July,30,7,Saturday,10:16:00,10,22025372,A,2,,Motor Vehicle In Motion,"Injury of any type (Serious, Minor, Possible)",C,Possible Injury (C),0,0,3,State,0.73,80,80-E,80-E,OLD FOXON RD,,,,,41.32035,-72.86782,14,Motor Vehicle in Operation,4,"Sideswipe, same direction",1,On Roadway,1,Clear,88,Not Applicable,1,Daylight,1,Dry,0,None,88,Not Applicable,88,Not Applicable,0,None,88,Not Applicable,88,Not Applicable,2,Intersection,3,T-Intersection,1,No,1,No,88,Not Applicable,88,Not Applicable,88,Not Applicable,88,Not Applicable,FALSE,1,Public Road,1,"Trafficway, On Road",CT0009300,New Haven PD,19532,19:47.0,C,Closed,48:41.0,,2,32300,3,PRINCIPAL ARTERIAL - OTHER - NEW HPMS,2,Urban
958459,1,Complete,958459,958459,41.312131,-72.919357,3455599,New Haven,93,93,New Haven,7/30/2022,2022,7,July,30,7,Saturday,13:19:00,13,22025387,A,2,,Motor Vehicle In Motion,"Injury of any type (Serious, Minor, Possible)",B,Suspected Minor Injury (B),0,1,4,Local,1.11,450,ORANGE ST NO 1,ORANGE ST NO 1,TRUMBULL ST,,,,,41.312131,-72.919357,14,Motor Vehicle in Operation,3,Angle,1,On Roadway,1,Clear,88,Not Applicable,1,Daylight,1,Dry,0,None,88,Not Applicable,88,Not Applicable,0,None,88,Not Applicable,88,Not Applicable,3,Intersection-Related,2,Four-Way Intersection,1,No,1,No,88,Not Applicable,88,Not Applicable,88,Not Applicable,88,Not Applicable,TRUE,1,Public Road,1,"Trafficway, On Road",CT0009300,New Haven PD,165,49:29.0,C,Closed,48:18.0,,,,,,,
958460,1,Complete,958460,958460,41.33169,-72.94975,3455600,New Haven,93,93,New Haven,7/30/2022,2022,7,July,30,7,Saturday,16:02:00,16,22025402,A,2,,Motor Vehicle In Motion,"Injury of any type (Serious, Minor, Possible)",C,Possible Injury (C),0,0,3,State,4.22,10,10-N,10-N,CRESCENT ST,,,,,41.33169,-72.94975,14,Motor Vehicle in Operation,1,Front to rear,1,On Roadway,1,Clear,88,Not Applicable,1,Daylight,1,Dry,0,None,88,Not Applicable,88,Not Applicable,0,None,88,Not Applicable,88,Not Applicable,2,Intersection,3,T-Intersection,1,No,1,No,88,Not Applicable,88,Not Applicable,88,Not Applicable,88,Not Applicable,FALSE,1,Public Road,1,"Trafficway, On Road",CT0009300,New Haven PD,66,44:21.0,C,Closed,48:16.0,,2,10700,4,MINOR ARTERIAL - NEW HPMS,2,Urban
958461,1,Complete,958461,958461,41.30875,-72.91229,3455601,New Haven,93,93,New Haven,7/30/2022,2022,7,July,30,7,Saturday,19:23:00,19,22025422,A,2,,Parked Vehicle,"Injury of any type (Serious, Minor, Possible)",C,Possible Injury (C),1,0,4,Local,0.35,275,HAMILTON ST NO 2,HAMILTON ST NO 2,,GRAND AVE,50,Feet,N,41.30875,-72.91229,15,Parked Motor Vehicle,4,"Sideswipe, same direction",1,On Roadway,1,Clear,88,Not Applicable,1,Daylight,1,Dry,0,None,88,Not Applicable,88,Not Applicable,0,None,88,Not Applicable,88,Not Applicable,1,Non-Junction,1,Not at Intersection,1,No,1,No,88,Not Applicable,88,Not Applicable,88,Not Applicable,88,Not Applicable,FALSE,1,Public Road,1,"Trafficway, On Road",CT0009300,New Haven PD,83,00:38.0,O,Open,48:32.0,,,,,,,
958464,1,Complete,958464,958464,41.30602,-72.89492,3455604,New Haven,93,93,New Haven,7/30/2022,2022,7,July,30,7,Saturday,22:24:00,22,22025429,A,1,,Ran Off Roadway Right,"Injury of any type (Serious, Minor, Possible)",C,Possible Injury (C),0,1,4,Local,0.97,213,FERRY ST,FERRY ST,,CHAMBERS,25,Feet,N,41.30602,-72.89492,36,Fence,88,Not Applicable,1,On Roadway,1,Clear,88,Not Applicable,4,Dark-Lighted,1,Dry,0,None,88,Not Applicable,88,Not Applicable,0,None,88,Not Applicable,88,Not Applicable,1,Non-Junction,1,Not at Intersection,1,No,1,No,88,Not Applicable,88,Not Applicable,88,Not Applicable,88,Not Applicable,FALSE,1,Public Road,1,"Trafficway, On Road",CT0009300,New Haven PD,42057,52:32.0,C,Closed,48:31.0,,4,13500,4,MINOR ARTERIAL - NEW HPMS,2,Urban
958465,1,Complete,958465,958465,41.31472,-72.89965,3455605,New Haven,93,93,New Haven,7/30/2022,2022,7,July,30,7,Saturday,21:10:00,21,22025436,A,2,,Motor Vehicle In Motion,"Injury of any type (Serious, Minor, Possible)",C,Possible Injury (C),0,0,4,Local,0.23,379,LOMBARD ST,LOMBARD ST,FILLMORE ST,,,,,41.31472,-72.89965,14,Motor Vehicle in Operation,3,Angle,1,On Roadway,1,Clear,88,Not Applicable,4,Dark-Lighted,1,Dry,0,None,88,Not Applicable,88,Not Applicable,0,None,88,Not Applicable,88,Not Applicable,2,Intersection,2,Four-Way Intersection,1,No,1,No,88,Not Applicable,88,Not Applicable,88,Not Applicable,88,Not Applicable,FALSE,1,Public Road,1,"Trafficway, On Road",CT0009300,New Haven PD,83,59:53.0,C,Closed,48:19.0,,,,,,,
958467,1,Complete,958467,958467,41.30558,-72.92773,3455607,New Haven,93,93,New Haven,7/31/2022,2022,7,July,31,1,Sunday,1:14:00,1,22025459,A,2,,Parked Vehicle,"Injury of any type (Serious, Minor, Possible)",C,Possible Injury (C),0,0,4,Local,0.65,588,TEMPLE ST,TEMPLE ST,,CROWN ST,100,Feet,N,41.30558,-72.92773,14,Motor Vehicle in Operation,1,Front to rear,1,On Roadway,1,Clear,88,Not Applicable,4,Dark-Lighted,1,Dry,0,None,88,Not Applicable,88,Not Applicable,0,None,88,Not Applicable,88,Not Applicable,1,Non-Junction,1,Not at Intersection,1,No,1,No,88,Not Applicable,88,Not Applicable,88,Not Applicable,88,Not Applicable,FALSE,1,Public Road,1,"Trafficway, On Road",CT0009300,New Haven PD,344,25:23.0,C,Closed,48:20.0,22025459,,,,,,
958468,1,Complete,958468,958468,41.30097,-72.91041,3455608,New Haven,93,93,New Haven,7/31/2022,2022,7,July,31,1,Sunday,1:58:00,1,22025469,A,1,,"Other Post, Pole, or Support","Injury of any type (Serious, Minor, Possible)",B,Suspected Minor Injury (B),0,0,2,USRoute,48.96,1,1-N,1-N,EAST ST,,,,,41.30097,-72.91041,38,"Other Post, Pole or Support",88,Not Applicable,2,Shoulder,1,Clear,88,Not Applicable,4,Dark-Lighted,1,Dry,0,None,88,Not Applicable,88,Not Applicable,0,None,88,Not Applicable,88,Not Applicable,3,Intersection-Related,2,Four-Way Intersection,1,No,1,No,88,Not Applicable,88,Not Applicable,88,Not Applicable,88,Not Applicable,FALSE,1,Public Road,1,"Trafficway, On Road",CT0009300,New Haven PD,42043,38:13.0,C,Closed,48:19.0,,4,12400,3,PRINCIPAL ARTERIAL - OTHER - NEW HPMS,2,Urban
958470,1,Complete,958470,958470,41.293631,-72.944622,922190,New Haven,93,93,New Haven,7/31/2022,2022,7,July,31,1,Sunday,5:41:00,5,22025485,K,2,Straight Ahead,Motor Vehicle In Motion,Fatal (Kill),K,Fatal Injury (K),0,0,3,State,1.12,10,10-N,10-N,,ADELINE ST,250,Feet,N,41.293631,-72.944622,14,Motor Vehicle in Operation,99,Unknown,1,On Roadway,1,Clear,88,Not Applicable,1,Daylight,1,Dry,99,Unknown,88,Not Applicable,88,Not Applicable,0,None,88,Not Applicable,88,Not Applicable,1,Non-Junction,1,Not at Intersection,1,No,1,No,88,Not Applicable,88,Not Applicable,88,Not Applicable,88,Not Applicable,FALSE,1,Public Road,1,"Trafficway, On Road",CT0009300,New Haven PD,42043,35:44.0,O,Open,48:21.0,,2,20300,3,PRINCIPAL ARTERIAL - OTHER - NEW HPMS,2,Urban
958475,1,Complete,958475,958475,41.30685,-72.91923,3455615,New Haven,93,93,New Haven,7/31/2022,2022,7,July,31,1,Sunday,13:03:00,13,22025508,A,1,,Pedestrian,"Injury of any type (Serious, Minor, Possible)",C,Possible Injury (C),2,0,4,Local,0.39,447,OLIVE ST,OLIVE ST,SAINT JOHN ST NO 1,,,,,41.30685,-72.91923,9,Pedestrian,88,Not Applicable,1,On Roadway,1,Clear,88,Not Applicable,1,Daylight,1,Dry,0,None,88,Not Applicable,88,Not Applicable,0,None,88,Not Applicable,88,Not Applicable,2,Intersection,3,T-Intersection,1,No,1,No,88,Not Applicable,88,Not Applicable,88,Not Applicable,88,Not Applicable,TRUE,1,Public Road,1,"Trafficway, On Road",CT0009300,New Haven PD,40790,42:45.0,C,Closed,48:27.0,,2,4800,5,MAJOR COLLECTOR - NEW HPMS,2,Urban
958479,1,Complete,958479,958479,41.318317,-72.888226,3455619,New Haven,93,93,New Haven,7/31/2022,2022,7,July,31,1,Sunday,18:18:00,18,22025538,A,1,,Pedestrian,"Injury of any type (Serious, Minor, Possible)",B,Suspected Minor Injury (B),1,1,,,,,,DEL RIO DR29,,FRONT ST,50,Feet,W,41.318317,-72.888226,9,Pedestrian,88,Not Applicable,7,In Parking Lane or Zone,1,Clear,88,Not Applicable,1,Daylight,1,Dry,0,None,88,Not Applicable,88,Not Applicable,0,None,88,Not Applicable,88,Not Applicable,97,Other,1,Not at Intersection,1,No,1,No,88,Not Applicable,88,Not Applicable,88,Not Applicable,88,Not Applicable,FALSE,2,Private Road,4,Parking Lot,CT0009300,New Haven PD,193,35:34.0,O,Open,48:37.0,,,,,,,
958481,1,Complete,958481,958481,41.32177,-72.89679,3455621,New Haven,93,93,New Haven,7/31/2022,2022,7,July,31,1,Sunday,20:29:00,20,22025550,A,3,,Motor Vehicle In Motion,"Injury of any type (Serious, Minor, Possible)",C,Possible Injury (C),0,0,2,USRoute,0.56,5,5-N,5-N,,ROCK STREET,25,Feet,S,41.32177,-72.89679,14,Motor Vehicle in Operation,4,"Sideswipe, same direction",1,On Roadway,1,Clear,88,Not Applicable,4,Dark-Lighted,1,Dry,0,None,88,Not Applicable,88,Not Applicable,0,None,88,Not Applicable,88,Not Applicable,1,Non-Junction,1,Not at Intersection,1,No,1,No,88,Not Applicable,88,Not Applicable,88,Not Applicable,88,Not Applicable,FALSE,1,Public Road,1,"Trafficway, On Road",CT0009300,New Haven PD,42057,08:37.0,C,Closed,48:27.0,,1,17500,4,MINOR ARTERIAL - NEW HPMS,1,Rural
958483,1,Complete,958483,958483,41.2932,-72.89693,3455623,New Haven,93,93,New Haven,7/31/2022,2022,7,July,31,1,Sunday,22:34:00,22,22025562,A,1,,Utility Pole,"Injury of any type (Serious, Minor, Possible)",C,Possible Injury (C),0,0,2,USRoute,49.87,1,1-N,1-N,,EDGEMERE RD,77,Feet,W,41.2932,-72.89693,33,Utility Pole/Light Support,88,Not Applicable,2,Shoulder,4,Rain,88,Not Applicable,4,Dark-Lighted,2,Wet,1,Weather Conditions,88,Not Applicable,88,Not Applicable,0,None,88,Not Applicable,88,Not Applicable,1,Non-Junction,1,Not at Intersection,1,No,1,No,88,Not Applicable,88,Not Applicable,88,Not Applicable,88,Not Applicable,FALSE,1,Public Road,2,"Trafficway, Not on Road",CT0009300,New Haven PD,40956,04:06.0,C,Closed,48:28.0,,4,9400,3,PRINCIPAL ARTERIAL - OTHER - NEW HPMS,2,Urban
958485,1,Complete,958485,958485,41.331039,-72.97287,3455625,New Haven,93,93,New Haven,8/1/2022,2022,8,August,1,2,Monday,0:28:00,0,22025566,A,2,,Motor Vehicle In Motion,"Injury of any type (Serious, Minor, Possible)",B,Suspected Minor Injury (B),0,1,3,State,0.97,63,63-N,63-N,DAVIS ST,,,,,41.331039,-72.97287,14,Motor Vehicle in Operation,97,Other,1,On Roadway,4,Rain,88,Not Applicable,6,Dark-Unknown Lighting,2,Wet,1,Weather Conditions,99,Unknown,88,Not Applicable,0,None,88,Not Applicable,88,Not Applicable,2,Intersection,3,T-Intersection,1,No,1,No,88,Not Applicable,88,Not Applicable,88,Not Applicable,88,Not Applicable,TRUE,1,Public Road,1,"Trafficway, On Road",CT0009300,New Haven PD,42042,29:54.0,C,Closed,48:29.0,,2,23000,3,PRINCIPAL ARTERIAL - OTHER - NEW HPMS,2,Urban
958487,1,Complete,958487,958487,41.29748,-72.94042,3455627,New Haven,93,93,New Haven,8/1/2022,2022,8,August,1,2,Monday,9:27:00,9,22025598,A,5,,Motor Vehicle In Motion,"Injury of any type (Serious, Minor, Possible)",C,Possible Injury (C),0,0,2,USRoute,47.07,1,1-N,1-N,,WEST ST,50,Feet,E,41.29748,-72.94042,14,Motor Vehicle in Operation,3,Angle,7,In Parking Lane or Zone,2,Cloudy,88,Not Applicable,1,Daylight,1,Dry,0,None,88,Not Applicable,88,Not Applicable,0,None,88,Not Applicable,88,Not Applicable,1,Non-Junction,1,Not at Intersection,1,No,1,No,88,Not Applicable,88,Not Applicable,88,Not Applicable,88,Not Applicable,FALSE,2,Private Road,1,"Trafficway, On Road",CT0009300,New Haven PD,137,33:23.0,C,Closed,48:37.0,,1,8600,3,PRINCIPAL ARTERIAL - OTHER - NEW HPMS,1,Rural
958492,1,Complete,958492,958492,41.32731,-72.9684,3455632,New Haven,93,93,New Haven,8/1/2022,2022,8,August,1,2,Monday,16:57:00,16,22025666,A,2,,Motor Vehicle In Motion,"Injury of any type (Serious, Minor, Possible)",C,Possible Injury (C),0,0,3,State,3.37,122,122-N,122-N,243-W,,,,,41.32731,-72.9684,14,Motor Vehicle in Operation,1,Front to rear,1,On Roadway,1,Clear,88,Not Applicable,1,Daylight,1,Dry,0,None,88,Not Applicable,88,Not Applicable,0,None,88,Not Applicable,88,Not Applicable,2,Intersection,2,Four-Way Intersection,1,No,1,No,88,Not Applicable,88,Not Applicable,88,Not Applicable,88,Not Applicable,TRUE,1,Public Road,1,"Trafficway, On Road",CT0009300,New Haven PD,402,33:04.0,C,Closed,48:34.0,,1,11600,4,MINOR ARTERIAL - NEW HPMS,1,Rural
958498,1,Complete,958498,958498,41.2987,-72.9444,3455638,New Haven,93,93,New Haven,8/2/2022,2022,8,August,2,3,Tuesday,12:57:00,12,22025757,A,2,,Motor Vehicle In Motion,"Injury of any type (Serious, Minor, Possible)",B,Suspected Minor Injury (B),0,0,4,Local,0.2,123,CONGRESS AV,CONGRESS AV,DOWNES ST,,,,,41.2987,-72.9444,14,Motor Vehicle in Operation,3,Angle,1,On Roadway,1,Clear,88,Not Applicable,1,Daylight,1,Dry,0,None,88,Not Applicable,88,Not Applicable,0,None,88,Not Applicable,88,Not Applicable,2,Intersection,3,T-Intersection,1,No,1,No,88,Not Applicable,88,Not Applicable,88,Not Applicable,88,Not Applicable,FALSE,1,Public Road,1,"Trafficway, On Road",CT0009300,New Haven PD,137,52:57.0,C,Closed,48:48.0,,,,,,,
958499,1,Complete,958499,958499,41.29375,-72.93667,3455639,New Haven,93,93,New Haven,8/2/2022,2022,8,August,2,3,Tuesday,14:50:00,14,22025767,A,2,,Motor Vehicle In Motion,"Injury of any type (Serious, Minor, Possible)",C,Possible Injury (C),0,2,4,Local,0.13,571,SPRING ST,SPRING ST,BUTTON ST,,,,,41.29375,-72.93667,14,Motor Vehicle in Operation,3,Angle,1,On Roadway,1,Clear,88,Not Applicable,1,Daylight,1,Dry,0,None,88,Not Applicable,88,Not Applicable,0,None,88,Not Applicable,88,Not Applicable,2,Intersection,2,Four-Way Intersection,1,No,1,No,88,Not Applicable,88,Not Applicable,88,Not Applicable,88,Not Applicable,FALSE,1,Public Road,1,"Trafficway, On Road",CT0009300,New Haven PD,42046,56:54.0,C,Closed,48:46.0,,,,,,,
958502,1,Complete,958502,958502,41.3047,-72.93953,3455642,New Haven,93,93,New Haven,8/2/2022,2022,8,August,2,3,Tuesday,19:09:00,19,22025830,A,2,,Motor Vehicle In Motion,"Injury of any type (Serious, Minor, Possible)",C,Possible Injury (C),0,0,4,Local,0.3,622,WARD ST,WARD ST,SYLVAN AV,,,,,41.3047,-72.93953,14,Motor Vehicle in Operation,5,"Sideswipe, opposite direction",1,On Roadway,1,Clear,88,Not Applicable,4,Dark-Lighted,1,Dry,0,None,88,Not Applicable,88,Not Applicable,0,None,88,Not Applicable,88,Not Applicable,2,Intersection,2,Four-Way Intersection,1,No,1,No,88,Not Applicable,88,Not Applicable,88,Not Applicable,88,Not Applicable,TRUE,1,Public Road,1,"Trafficway, On Road",CT0009300,New Haven PD,40788,50:53.0,O,Open,48:45.0,,,,,,,