CrashId,Fatal Case Status,Fatal Case Status Text Format,CrashId,CrashId,Latitude,Longitude,DOT Case Number,Town Name,Town Number,Town Number,Town Number Text Format,Date Of Crash,Year,Month,Month Text Format,Day,Day of the Week,Day of the Week Text Format,Time of Crash,Hour of the Day,Case Identifier,Crash Severity,Number Of Motor Vehicles,Motor vehicle action,Most harmful event,Crash Severity Text Format,Most Severe Injury,Most Severe Injury Text Format,Number Of Non-Motorist,Number Of Witnesses,Route Class,Route Class Text Format,Milemarker,Road Number,Road Description,Roadway Name,Intersecting Roadway Name,Landmark Description,Distance From Nearest Landmark,Unit Of Measure From Nearest Landmark,Direction From Nearest Landmark,Latitude,Longitude,First Harmful Event,First Harmful Event Text Format,Manner of Crash / Collision Impact,Manner of Crash / Collision Impact Text Format,Location of First Harmful Event,Location of First Harmful Event Text Format,Weather Condition,Weather Condition Text Format,Weather 2,Weather 2 Text Format,Light Condition,Light Condition Text Format,Road Surface Condition,Road Surface Condition Text Format,"Contributing Circumstances, Environment","Contributing Circumstances, Environment Text Format",Environment 2,Environment 2 Text Format,Environment 3,Environment 3 Text Format,"Contributing Circumstances, Road","Contributing Circumstances, Road Text Format",Road 2,Road 2 Text Format,Road 3,Road 3 Text Format,Crash Specific Location,Crash Specific Location Text Format,Type of Intersection,Type of Intersection Text Format,School Bus Related,School Bus Related Text Format,Work Zone Related,Work Zone Related Text Format,Location Of Crash Relative To Work Zone,Location Of Crash Relative To Work Zone Text Format,Type of Work Zone,Type of Work Zone Text Format,Worker Presence,Worker Presence Text Format,Law Enforcement Presence,Law Enforcement Presence Text Format,Were Vehicles Moved Prior To Police Arrival,Trafficway Ownership,Trafficway Ownership Text Format,Trafficway Class,Trafficway Class Text Format,Police Agency,Police Agency Text Format,Badge Number,Approval Date,Police Case Status,Police Case Status Text Format,Crash Report Submission Date,Related Case Identifiers,No. of Through Lanes (Log Dir.),Average Daily Traffic,Functional Classification,Functional Classification Text Format,Rural or Urban,Rural or Urban Text Format
958503,1,Complete,958503,958503,41.30488,-72.92283,3455643,New Haven,93,93,New Haven,8/2/2022,2022,8,August,2,3,Tuesday,20:47:00,20,22025832,A,2,,Motor Vehicle In Motion,"Injury of any type (Serious, Minor, Possible)",C,Possible Injury (C),0,0,4,Local,1.34,575,STATE ST,STATE ST,CHAPEL ST,,,,,41.30488,-72.92283,14,Motor Vehicle in Operation,3,Angle,1,On Roadway,2,Cloudy,88,Not Applicable,4,Dark-Lighted,2,Wet,0,None,88,Not Applicable,88,Not Applicable,0,None,88,Not Applicable,88,Not Applicable,1,Non-Junction,1,Not at Intersection,1,No,1,No,88,Not Applicable,88,Not Applicable,88,Not Applicable,88,Not Applicable,TRUE,1,Public Road,1,"Trafficway, On Road",CT0009300,New Haven PD,40956,57:42.0,C,Closed,48:47.0,,,,,,,
958624,1,Complete,958624,958624,41.32382,-72.88139,3455764,New Haven,93,93,New Haven,8/2/2022,2022,8,August,2,3,Tuesday,12:34:00,12,22025754,A,2,,Motor Vehicle In Motion,"Injury of any type (Serious, Minor, Possible)",C,Possible Injury (C),0,0,3,State,0.22,17,17-N,17-N,80-W,,,,,41.32382,-72.88139,14,Motor Vehicle in Operation,1,Front to rear,1,On Roadway,1,Clear,88,Not Applicable,1,Daylight,1,Dry,0,None,88,Not Applicable,88,Not Applicable,0,None,88,Not Applicable,88,Not Applicable,2,Intersection,2,Four-Way Intersection,1,No,1,No,88,Not Applicable,88,Not Applicable,88,Not Applicable,88,Not Applicable,FALSE,1,Public Road,1,"Trafficway, On Road",CT0009300,New Haven PD,19532,56:25.0,C,Closed,01:06.0,,1,21600,3,PRINCIPAL ARTERIAL - OTHER - NEW HPMS,1,Rural
958625,1,Complete,958625,958625,41.30809,-72.94111,3455765,New Haven,93,93,New Haven,8/2/2022,2022,8,August,2,3,Tuesday,12:56:00,12,22025759,A,1,,Ran Off Roadway Left,"Injury of any type (Serious, Minor, Possible)",C,Possible Injury (C),0,0,4,Local,0,250,GILBERT AV,GILBERT AV,WAVERLY ST,,,,,41.30809,-72.94111,39,"Other Fixed Object (wall, building, tunnel, etc.)",88,Not Applicable,8,"Off Roadway,  Location Unknown",1,Clear,88,Not Applicable,1,Daylight,1,Dry,0,None,88,Not Applicable,88,Not Applicable,97,Other,88,Not Applicable,88,Not Applicable,3,Intersection-Related,3,T-Intersection,1,No,1,No,88,Not Applicable,88,Not Applicable,88,Not Applicable,88,Not Applicable,FALSE,1,Public Road,1,"Trafficway, On Road",CT0009300,New Haven PD,44054,59:31.0,C,Closed,01:14.0,,2,3607,7,LOCAL - NEW HPMS,2,Urban
958630,1,Complete,958630,958630,41.29103,-72.94172,3455770,New Haven,93,93,New Haven,8/3/2022,2022,8,August,3,4,Wednesday,7:15:00,7,22025857,A,2,,Motor Vehicle In Motion,"Injury of any type (Serious, Minor, Possible)",C,Possible Injury (C),0,0,3,State,0.88,10,10-N,10-N,WASHINGTON AV NO 1,,,,,41.29103,-72.94172,14,Motor Vehicle in Operation,1,Front to rear,1,On Roadway,1,Clear,88,Not Applicable,1,Daylight,1,Dry,0,None,88,Not Applicable,88,Not Applicable,0,None,88,Not Applicable,88,Not Applicable,2,Intersection,2,Four-Way Intersection,1,No,1,No,88,Not Applicable,88,Not Applicable,88,Not Applicable,88,Not Applicable,FALSE,1,Public Road,1,"Trafficway, On Road",CT0009300,New Haven PD,26,21:21.0,C,Closed,01:09.0,,2,18000,3,PRINCIPAL ARTERIAL - OTHER - NEW HPMS,2,Urban
958960,1,Complete,958960,958960,41.325854,-72.915927,3456100,New Haven,93,93,New Haven,6/22/2022,2022,6,June,22,4,Wednesday,12:11:00,12,22020902,A,2,,Motor Vehicle In Motion,"Injury of any type (Serious, Minor, Possible)",C,Possible Injury (C),0,0,4,Local,1.13,656,WHITNEY AV,WHITNEY AV,,COLD SPRING ST,100,Feet,S,41.325854,-72.915927,14,Motor Vehicle in Operation,3,Angle,1,On Roadway,1,Clear,88,Not Applicable,1,Daylight,1,Dry,0,None,88,Not Applicable,88,Not Applicable,0,None,88,Not Applicable,88,Not Applicable,1,Non-Junction,1,Not at Intersection,1,No,1,No,88,Not Applicable,88,Not Applicable,88,Not Applicable,88,Not Applicable,FALSE,1,Public Road,1,"Trafficway, On Road",CT0009300,New Haven PD,40799,45:44.0,C,Closed,00:18.0,,,,,,,
958962,1,Complete,958962,958962,41.321868,-72.935589,922202,New Haven,93,93,New Haven,7/31/2022,2022,7,July,31,1,Sunday,23:47:00,23,22025564,K,1,Unknown,Tree (standing),Fatal (Kill),K,Fatal Injury (K),0,0,4,Local,1.48,453,ORCHARD ST,ORCHARD ST,,MUNSON ST,350,Feet,S,41.321868,-72.935589,39,"Other Fixed Object (wall, building, tunnel, etc.)",88,Not Applicable,4,Roadside,2,Cloudy,88,Not Applicable,4,Dark-Lighted,1,Dry,99,Unknown,88,Not Applicable,88,Not Applicable,99,Unknown,88,Not Applicable,88,Not Applicable,1,Non-Junction,1,Not at Intersection,1,No,1,No,88,Not Applicable,88,Not Applicable,88,Not Applicable,88,Not Applicable,FALSE,1,Public Road,1,"Trafficway, On Road",CT0009300,New Haven PD,432,47:50.0,O,Open,00:26.0,,2,4200,4,MINOR ARTERIAL - NEW HPMS,2,Urban
958965,1,Complete,958965,958965,41.321196,-72.873816,3456105,New Haven,93,93,New Haven,8/3/2022,2022,8,August,3,4,Wednesday,20:36:00,20,22025942,A,2,,Motor Vehicle In Motion,"Injury of any type (Serious, Minor, Possible)",C,Possible Injury (C),0,0,3,State,0.03,103,103-N,103-N,,FOXON BLVD,100,Feet,N,41.321196,-72.873816,14,Motor Vehicle in Operation,1,Front to rear,1,On Roadway,1,Clear,88,Not Applicable,1,Daylight,1,Dry,0,None,88,Not Applicable,88,Not Applicable,0,None,88,Not Applicable,88,Not Applicable,2,Intersection,2,Four-Way Intersection,1,No,1,No,88,Not Applicable,88,Not Applicable,88,Not Applicable,88,Not Applicable,FALSE,1,Public Road,1,"Trafficway, On Road",CT0009300,New Haven PD,40956,53:40.0,C,Closed,00:19.0,,1,9100,4,MINOR ARTERIAL - NEW HPMS,1,Rural
959364,1,Complete,959364,959364,41.32558,-72.95864,3456504,New Haven,93,93,New Haven,7/30/2022,2022,7,July,30,7,Saturday,13:07:00,13,22025386,A,2,,Motor Vehicle In Motion,"Injury of any type (Serious, Minor, Possible)",C,Possible Injury (C),0,0,4,Local,0.73,650,WEST ROCK AV NO 1,WEST ROCK AV NO 1,,WHALLEY AVE,100,Feet,S,41.32558,-72.95864,14,Motor Vehicle in Operation,3,Angle,1,On Roadway,1,Clear,88,Not Applicable,1,Daylight,1,Dry,0,None,88,Not Applicable,88,Not Applicable,0,None,88,Not Applicable,88,Not Applicable,1,Non-Junction,1,Not at Intersection,1,No,1,No,88,Not Applicable,88,Not Applicable,88,Not Applicable,88,Not Applicable,TRUE,1,Public Road,1,"Trafficway, On Road",CT0009300,New Haven PD,381,51:52.0,C,Closed,01:31.0,,,,,,,
959365,1,Complete,959365,959365,41.2921,-72.9216,3456505,New Haven,93,93,New Haven,7/31/2022,2022,7,July,31,1,Sunday,1:30:00,1,22025463,A,2,,Motor Vehicle In Motion,"Injury of any type (Serious, Minor, Possible)",A,Suspected Serious Injury (A),0,0,4,Local,0.63,359,SARGENT DR,SARGENT DR,CHURCH ST SOUTH NO 2,,,,,41.2921,-72.9216,14,Motor Vehicle in Operation,1,Front to rear,1,On Roadway,1,Clear,88,Not Applicable,4,Dark-Lighted,1,Dry,0,None,88,Not Applicable,88,Not Applicable,0,None,88,Not Applicable,88,Not Applicable,2,Intersection,3,T-Intersection,1,No,1,No,88,Not Applicable,88,Not Applicable,88,Not Applicable,88,Not Applicable,FALSE,1,Public Road,1,"Trafficway, On Road",CT0009300,New Haven PD,40955,06:36.0,C,Closed,01:21.0,,,,,,,
959367,1,Complete,959367,959367,41.320893,-72.933986,3456507,New Haven,93,93,New Haven,8/1/2022,2022,8,August,1,2,Monday,13:50:00,13,22025635,A,2,,Motor Vehicle In Motion,"Injury of any type (Serious, Minor, Possible)",A,Suspected Serious Injury (A),0,0,4,Local,0.27,289,HENRY ST,HENRY ST,,DIXWELL AVE,50,Feet,E,41.320893,-72.933986,14,Motor Vehicle in Operation,3,Angle,1,On Roadway,2,Cloudy,88,Not Applicable,1,Daylight,1,Dry,0,None,88,Not Applicable,88,Not Applicable,0,None,88,Not Applicable,88,Not Applicable,1,Non-Junction,1,Not at Intersection,1,No,1,No,88,Not Applicable,88,Not Applicable,88,Not Applicable,88,Not Applicable,FALSE,1,Public Road,1,"Trafficway, On Road",CT0009300,New Haven PD,44053,02:06.0,O,Open,01:22.0,,,,,,,
959368,1,Complete,959368,959368,41.30888,-72.89508,3456508,New Haven,93,93,New Haven,8/1/2022,2022,8,August,1,2,Monday,18:54:00,18,22025684,A,3,,Motor Vehicle In Motion,"Injury of any type (Serious, Minor, Possible)",C,Possible Injury (C),1,1,4,Local,0.76,213,FERRY ST,FERRY ST,,GRAND AVE,30,Feet,E,41.30888,-72.89508,14,Motor Vehicle in Operation,1,Front to rear,7,In Parking Lane or Zone,1,Clear,88,Not Applicable,1,Daylight,1,Dry,0,None,88,Not Applicable,88,Not Applicable,0,None,88,Not Applicable,88,Not Applicable,1,Non-Junction,1,Not at Intersection,1,No,1,No,88,Not Applicable,88,Not Applicable,88,Not Applicable,88,Not Applicable,FALSE,1,Public Road,1,"Trafficway, On Road",CT0009300,New Haven PD,193,14:06.0,O,Open,01:42.0,,,,,,,
959371,1,Complete,959371,959371,41.28899,-72.89471,3456511,New Haven,93,93,New Haven,8/4/2022,2022,8,August,4,5,Thursday,12:57:00,12,22026064,A,2,,Motor Vehicle In Motion,"Injury of any type (Serious, Minor, Possible)",C,Possible Injury (C),0,1,1,Interstate,0.39,95,95-N-346,95-N-346,WOODWARD AV,,,,,41.28899,-72.89471,14,Motor Vehicle in Operation,3,Angle,1,On Roadway,1,Clear,88,Not Applicable,1,Daylight,1,Dry,0,None,88,Not Applicable,88,Not Applicable,0,None,88,Not Applicable,88,Not Applicable,2,Intersection,2,Four-Way Intersection,1,No,1,No,88,Not Applicable,88,Not Applicable,88,Not Applicable,88,Not Applicable,FALSE,1,Public Road,1,"Trafficway, On Road",CT0009300,New Haven PD,44050,15:42.0,C,Closed,01:31.0,,1,11900,1,INTERSTATE - NEW HPMS,,
959372,1,Complete,959372,959372,41.30428,-72.91295,3456512,New Haven,93,93,New Haven,8/5/2022,2022,8,August,5,6,Friday,9:21:00,9,22026168,A,2,,Ran Off Roadway Right,"Injury of any type (Serious, Minor, Possible)",B,Suspected Minor Injury (B),0,0,4,Local,0.04,275,HAMILTON ST NO 2,HAMILTON ST NO 2,,CHAPEL ST,200,Feet,S,41.30428,-72.91295,14,Motor Vehicle in Operation,1,Front to rear,2,Shoulder,1,Clear,88,Not Applicable,1,Daylight,1,Dry,0,None,88,Not Applicable,88,Not Applicable,0,None,88,Not Applicable,88,Not Applicable,1,Non-Junction,1,Not at Intersection,1,No,1,No,88,Not Applicable,88,Not Applicable,88,Not Applicable,88,Not Applicable,FALSE,1,Public Road,1,"Trafficway, On Road",CT0009300,New Haven PD,980,08:56.0,C,Closed,01:24.0,,,,,,,
959375,1,Complete,959375,959375,41.32911,-72.96835,3456515,New Haven,93,93,New Haven,8/5/2022,2022,8,August,5,6,Friday,16:05:00,16,22026239,A,2,,Motor Vehicle In Motion,"Injury of any type (Serious, Minor, Possible)",C,Possible Injury (C),0,1,3,State,0.69,63,63-N,63-N,,DAYTON ST,50,Feet,W,41.32911,-72.96835,14,Motor Vehicle in Operation,3,Angle,1,On Roadway,1,Clear,88,Not Applicable,1,Daylight,1,Dry,0,None,88,Not Applicable,88,Not Applicable,0,None,88,Not Applicable,88,Not Applicable,1,Non-Junction,1,Not at Intersection,1,No,1,No,88,Not Applicable,88,Not Applicable,88,Not Applicable,88,Not Applicable,FALSE,1,Public Road,1,"Trafficway, On Road",CT0009300,New Haven PD,402,32:14.0,C,Closed,01:26.0,,2,20400,3,PRINCIPAL ARTERIAL - OTHER - NEW HPMS,1,Rural
959378,1,Complete,959378,959378,41.29732,-72.95011,3456518,New Haven,93,93,New Haven,8/5/2022,2022,8,August,5,6,Friday,21:12:00,21,22026315,A,2,,Motor Vehicle In Motion,"Injury of any type (Serious, Minor, Possible)",C,Possible Injury (C),0,0,2,USRoute,46.58,1,1-N,1-N,,ELLA GRASSO BLVD,150,Feet,W,41.29732,-72.95011,14,Motor Vehicle in Operation,3,Angle,1,On Roadway,1,Clear,88,Not Applicable,5,Dark-Not Lighted,1,Dry,0,None,88,Not Applicable,88,Not Applicable,0,None,88,Not Applicable,88,Not Applicable,1,Non-Junction,1,Not at Intersection,1,No,1,No,88,Not Applicable,88,Not Applicable,88,Not Applicable,88,Not Applicable,FALSE,1,Public Road,1,"Trafficway, On Road",CT0009300,New Haven PD,158,22:35.0,C,Closed,01:28.0,,2,20700,3,PRINCIPAL ARTERIAL - OTHER - NEW HPMS,2,Urban
959381,1,Complete,959381,959381,41.33971,-72.97438,3456521,New Haven,93,93,New Haven,8/5/2022,2022,8,August,5,6,Friday,23:48:00,23,22026322,A,1,,Overturn/Rollover,"Injury of any type (Serious, Minor, Possible)",C,Possible Injury (C),0,1,4,Local,0.14,485,POND LILY AV,POND LILY AV,,VALLEY STREET,10,Feet,N,41.33971,-72.97438,1,Overturn/Rollover,88,Not Applicable,8,"Off Roadway,  Location Unknown",1,Clear,88,Not Applicable,4,Dark-Lighted,1,Dry,0,None,88,Not Applicable,88,Not Applicable,0,None,88,Not Applicable,88,Not Applicable,97,Other,99,Unknown,1,No,1,No,88,Not Applicable,88,Not Applicable,88,Not Applicable,88,Not Applicable,FALSE,88,Not Applicable,4,Parking Lot,CT0009300,New Haven PD,43614,02:47.0,C,Closed,01:30.0,,,,,,,
959382,1,Complete,959382,959382,41.31015,-72.953,3456522,New Haven,93,93,New Haven,8/6/2022,2022,8,August,6,7,Saturday,0:27:00,0,22026327,A,2,,Motor Vehicle In Motion,"Injury of any type (Serious, Minor, Possible)",C,Possible Injury (C),0,0,4,Local,0.37,147,DERBY AV,DERBY AV,,ELLA T GRASSO BLVD,80,Feet,E,41.31015,-72.953,14,Motor Vehicle in Operation,2,Front to front,1,On Roadway,1,Clear,88,Not Applicable,3,Dusk,1,Dry,0,None,88,Not Applicable,88,Not Applicable,0,None,88,Not Applicable,88,Not Applicable,1,Non-Junction,1,Not at Intersection,1,No,1,No,88,Not Applicable,88,Not Applicable,88,Not Applicable,88,Not Applicable,FALSE,1,Public Road,1,"Trafficway, On Road",CT0009300,New Haven PD,40789,01:58.0,C,Closed,01:29.0,,,,,,,
959383,1,Complete,959383,959383,41.32252,-72.87852,3456523,New Haven,93,93,New Haven,8/6/2022,2022,8,August,6,7,Saturday,3:59:00,3,22026342,A,2,,Motor Vehicle In Motion,"Injury of any type (Serious, Minor, Possible)",C,Possible Injury (C),0,0,3,State,0.18,80,80-E,80-E,,QUINNIPIAC AVENUE,1500,Feet,N,41.32252,-72.87852,14,Motor Vehicle in Operation,3,Angle,1,On Roadway,1,Clear,88,Not Applicable,4,Dark-Lighted,1,Dry,0,None,88,Not Applicable,88,Not Applicable,0,None,88,Not Applicable,88,Not Applicable,8,Driveway Access,1,Not at Intersection,1,No,1,No,88,Not Applicable,88,Not Applicable,88,Not Applicable,88,Not Applicable,FALSE,1,Public Road,1,"Trafficway, On Road",CT0009300,New Haven PD,789,50:45.0,C,Closed,01:30.0,,3,32300,3,PRINCIPAL ARTERIAL - OTHER - NEW HPMS,2,Urban
959386,1,Complete,959386,959386,41.296973,-72.892758,3456526,New Haven,93,93,New Haven,8/6/2022,2022,8,August,6,7,Saturday,12:08:00,12,22026383,A,1,,Pedestrian,"Injury of any type (Serious, Minor, Possible)",C,Possible Injury (C),2,1,4,Local,0.18,210,FARREN AV,FARREN AV,FULTON ST,,,,,41.296973,-72.892758,9,Pedestrian,88,Not Applicable,1,On Roadway,1,Clear,88,Not Applicable,1,Daylight,1,Dry,0,None,88,Not Applicable,88,Not Applicable,0,None,88,Not Applicable,88,Not Applicable,2,Intersection,2,Four-Way Intersection,1,No,1,No,88,Not Applicable,88,Not Applicable,88,Not Applicable,88,Not Applicable,TRUE,1,Public Road,1,"Trafficway, On Road",CT0009300,New Haven PD,42055,32:52.0,C,Closed,01:34.0,,2,11400,4,MINOR ARTERIAL - NEW HPMS,2,Urban
959387,1,Complete,959387,959387,41.31557,-72.90091,3456527,New Haven,93,93,New Haven,8/6/2022,2022,8,August,6,7,Saturday,14:40:00,14,22026386,A,2,,Motor Vehicle In Motion,"Injury of any type (Serious, Minor, Possible)",B,Suspected Minor Injury (B),0,0,4,Local,0.88,57,BLATCHLEY AV,BLATCHLEY AV,PECK ST NO 1,,,,,41.31557,-72.90091,14,Motor Vehicle in Operation,2,Front to front,1,On Roadway,1,Clear,88,Not Applicable,1,Daylight,1,Dry,0,None,88,Not Applicable,88,Not Applicable,0,None,88,Not Applicable,88,Not Applicable,2,Intersection,2,Four-Way Intersection,1,No,1,No,88,Not Applicable,88,Not Applicable,88,Not Applicable,88,Not Applicable,FALSE,1,Public Road,1,"Trafficway, On Road",CT0009300,New Haven PD,42057,05:57.0,C,Closed,01:34.0,,,,,,,
959389,1,Complete,959389,959389,41.3175,-72.92952,3456529,New Haven,93,93,New Haven,8/6/2022,2022,8,August,6,7,Saturday,18:03:00,18,22026404,A,2,,Motor Vehicle In Motion,"Injury of any type (Serious, Minor, Possible)",C,Possible Injury (C),0,0,4,Local,0.13,736,ASHMUN ST NO 2,ASHMUN ST NO 2,,,,,,41.3175,-72.92952,14,Motor Vehicle in Operation,3,Angle,1,On Roadway,1,Clear,88,Not Applicable,1,Daylight,1,Dry,0,None,88,Not Applicable,88,Not Applicable,0,None,88,Not Applicable,88,Not Applicable,2,Intersection,2,Four-Way Intersection,1,No,1,No,88,Not Applicable,88,Not Applicable,88,Not Applicable,88,Not Applicable,TRUE,1,Public Road,1,"Trafficway, On Road",CT0009300,New Haven PD,42054,22:17.0,O,Open,01:36.0,,,,,,,
959391,1,Complete,959391,959391,41.32107,-72.890072,922203,New Haven,93,93,New Haven,8/6/2022,2022,8,August,6,7,Saturday,22:35:00,22,22026425,K,2,Straight Ahead,Motor Vehicle In Motion,Fatal (Kill),K,Fatal Injury (K),0,0,4,Local,0.32,411,MIDDLETOWN AV,MIDDLETOWN AV,,FRONT ST,300,Feet,N,41.32107,-72.890072,14,Motor Vehicle in Operation,2,Front to front,1,On Roadway,1,Clear,88,Not Applicable,5,Dark-Not Lighted,1,Dry,99,Unknown,88,Not Applicable,88,Not Applicable,99,Unknown,88,Not Applicable,88,Not Applicable,13,On a Bridge,1,Not at Intersection,1,No,1,No,88,Not Applicable,88,Not Applicable,88,Not Applicable,88,Not Applicable,FALSE,1,Public Road,1,"Trafficway, On Road",CT0009300,New Haven PD,42365,47:38.0,O,Open,01:42.0,,,,,,,
959394,1,Complete,959394,959394,41.29262,-72.89245,3456534,New Haven,93,93,New Haven,8/7/2022,2022,8,August,7,1,Sunday,1:26:00,1,22026439,A,1,,Ran Off Roadway Right,"Injury of any type (Serious, Minor, Possible)",C,Possible Injury (C),0,0,4,Local,0.04,597,TOWNSEND AV,TOWNSEND AV,,QUINNIPIAC AVENUE,200,Feet,S,41.29262,-72.89245,25,Curb,88,Not Applicable,1,On Roadway,1,Clear,88,Not Applicable,4,Dark-Lighted,1,Dry,0,None,88,Not Applicable,88,Not Applicable,0,None,88,Not Applicable,88,Not Applicable,1,Non-Junction,1,Not at Intersection,1,No,1,No,88,Not Applicable,88,Not Applicable,88,Not Applicable,88,Not Applicable,FALSE,1,Public Road,1,"Trafficway, On Road",CT0009300,New Haven PD,180,49:36.0,C,Closed,01:38.0,22026439,4,8900,4,MINOR ARTERIAL - NEW HPMS,2,Urban
959395,1,Complete,959395,959395,41.32946,-72.87025,3456535,New Haven,93,93,New Haven,8/7/2022,2022,8,August,7,1,Sunday,2:45:00,2,22026444,A,2,,Motor Vehicle In Motion,"Injury of any type (Serious, Minor, Possible)",C,Possible Injury (C),0,0,4,Local,0.12,458,PALMIERI AV,PALMIERI AV,,ASSUMPTION STREET,150,Feet,N,41.32946,-72.87025,14,Motor Vehicle in Operation,5,"Sideswipe, opposite direction",1,On Roadway,1,Clear,88,Not Applicable,4,Dark-Lighted,1,Dry,0,None,88,Not Applicable,88,Not Applicable,0,None,88,Not Applicable,88,Not Applicable,1,Non-Junction,1,Not at Intersection,1,No,1,No,88,Not Applicable,88,Not Applicable,88,Not Applicable,88,Not Applicable,FALSE,1,Public Road,1,"Trafficway, On Road",CT0009300,New Haven PD,180,32:21.0,C,Closed,01:39.0,22026444,,,,,,
960052,1,Complete,960052,960052,41.29506,-72.94615,3457192,New Haven,93,93,New Haven,8/8/2022,2022,8,August,8,2,Monday,1:00:00,1,22026436,A,2,,Motor Vehicle In Motion,"Injury of any type (Serious, Minor, Possible)",C,Possible Injury (C),0,0,3,State,1.25,10,10-N,10-N,,PRINTERS LANE,100,Feet,S,41.29506,-72.94615,14,Motor Vehicle in Operation,1,Front to rear,1,On Roadway,1,Clear,88,Not Applicable,4,Dark-Lighted,1,Dry,0,None,88,Not Applicable,88,Not Applicable,0,None,88,Not Applicable,88,Not Applicable,1,Non-Junction,1,Not at Intersection,1,No,1,No,88,Not Applicable,88,Not Applicable,88,Not Applicable,88,Not Applicable,FALSE,1,Public Road,1,"Trafficway, On Road",CT0009300,New Haven PD,40955,04:52.0,C,Closed,01:34.0,,2,20300,3,PRINCIPAL ARTERIAL - OTHER - NEW HPMS,2,Urban
960054,1,Complete,960054,960054,41.323672,-72.872137,3457194,New Haven,93,93,New Haven,8/7/2022,2022,8,August,7,1,Sunday,17:00:00,17,22026504,A,2,,Motor Vehicle In Motion,"Injury of any type (Serious, Minor, Possible)",C,Possible Injury (C),0,0,3,State,0.21,103,103-N,103-N,EASTERN ST,,,,,41.323672,-72.872137,14,Motor Vehicle in Operation,3,Angle,1,On Roadway,1,Clear,88,Not Applicable,1,Daylight,1,Dry,0,None,88,Not Applicable,88,Not Applicable,0,None,88,Not Applicable,88,Not Applicable,2,Intersection,2,Four-Way Intersection,1,No,1,No,88,Not Applicable,88,Not Applicable,88,Not Applicable,88,Not Applicable,FALSE,1,Public Road,1,"Trafficway, On Road",CT0009300,New Haven PD,313,34:38.0,C,Closed,01:36.0,,1,9100,4,MINOR ARTERIAL - NEW HPMS,1,Rural
960055,1,Complete,960055,960055,41.33189,-72.92755,3457195,New Haven,93,93,New Haven,8/7/2022,2022,8,August,7,1,Sunday,20:06:00,20,22026522,A,2,,Motor Vehicle In Motion,"Injury of any type (Serious, Minor, Possible)",C,Possible Injury (C),0,0,4,Local,0.19,434,NEWHALL ST,NEWHALL ST,HUNTINGTON ST,,,,,41.33189,-72.92755,14,Motor Vehicle in Operation,3,Angle,1,On Roadway,1,Clear,88,Not Applicable,4,Dark-Lighted,1,Dry,0,None,88,Not Applicable,88,Not Applicable,0,None,88,Not Applicable,88,Not Applicable,2,Intersection,3,T-Intersection,1,No,1,No,88,Not Applicable,88,Not Applicable,88,Not Applicable,88,Not Applicable,FALSE,1,Public Road,1,"Trafficway, On Road",CT0009300,New Haven PD,36335,18:28.0,C,Closed,01:38.0,,,,,,,
960395,1,Complete,960395,960395,41.32789,-72.87845,3457535,New Haven,93,93,New Haven,7/31/2022,2022,7,July,31,1,Sunday,20:53:00,20,22025557,A,2,,Motor Vehicle In Motion,"Injury of any type (Serious, Minor, Possible)",C,Possible Injury (C),0,0,3,State,0.55,17,17-N,17-N,FLINT ST,,,,,41.32789,-72.87845,14,Motor Vehicle in Operation,1,Front to rear,1,On Roadway,1,Clear,88,Not Applicable,4,Dark-Lighted,1,Dry,0,None,88,Not Applicable,88,Not Applicable,0,None,88,Not Applicable,88,Not Applicable,3,Intersection-Related,2,Four-Way Intersection,1,No,1,No,88,Not Applicable,88,Not Applicable,88,Not Applicable,88,Not Applicable,FALSE,1,Public Road,1,"Trafficway, On Road",CT0009300,New Haven PD,225,21:26.0,C,Closed,00:14.0,,1,14300,3,PRINCIPAL ARTERIAL - OTHER - NEW HPMS,1,Rural
960398,1,Complete,960398,960398,41.31401,-72.91225,3457538,New Haven,93,93,New Haven,8/6/2022,2022,8,August,6,7,Saturday,8:51:00,8,22026358,A,2,,Motor Vehicle In Motion,"Injury of any type (Serious, Minor, Possible)",C,Possible Injury (C),0,0,4,Local,0.48,575,STATE ST,STATE ST,,HUMPHREY ST,5,Feet,E,41.31401,-72.91225,14,Motor Vehicle in Operation,1,Front to rear,1,On Roadway,1,Clear,88,Not Applicable,1,Daylight,1,Dry,0,None,88,Not Applicable,88,Not Applicable,0,None,88,Not Applicable,88,Not Applicable,1,Non-Junction,1,Not at Intersection,1,No,1,No,88,Not Applicable,88,Not Applicable,88,Not Applicable,88,Not Applicable,FALSE,1,Public Road,1,"Trafficway, On Road",CT0009300,New Haven PD,43614,08:10.0,C,Closed,00:17.0,,,,,,,
960400,1,Complete,960400,960400,41.30654,-72.9528,3457540,New Haven,93,93,New Haven,8/8/2022,2022,8,August,8,2,Monday,11:13:00,11,22026586,A,2,,Motor Vehicle In Motion,"Injury of any type (Serious, Minor, Possible)",C,Possible Injury (C),0,0,3,State,2.13,10,10-N,10-N,REV DR MLK JR BLVD,,,,,41.30654,-72.9528,14,Motor Vehicle in Operation,4,"Sideswipe, same direction",1,On Roadway,1,Clear,88,Not Applicable,1,Daylight,1,Dry,0,None,88,Not Applicable,88,Not Applicable,0,None,88,Not Applicable,88,Not Applicable,2,Intersection,3,T-Intersection,1,No,1,No,88,Not Applicable,88,Not Applicable,88,Not Applicable,88,Not Applicable,TRUE,1,Public Road,1,"Trafficway, On Road",CT0009300,New Haven PD,295,32:20.0,C,Closed,00:08.0,,2,24500,3,PRINCIPAL ARTERIAL - OTHER - NEW HPMS,2,Urban