CrashId,Fatal Case Status,Fatal Case Status Text Format,CrashId,CrashId,Latitude,Longitude,DOT Case Number,Town Name,Town Number,Town Number,Town Number Text Format,Date Of Crash,Year,Month,Month Text Format,Day,Day of the Week,Day of the Week Text Format,Time of Crash,Hour of the Day,Case Identifier,Crash Severity,Number Of Motor Vehicles,Motor vehicle action,Most harmful event,Crash Severity Text Format,Most Severe Injury,Most Severe Injury Text Format,Number Of Non-Motorist,Number Of Witnesses,Route Class,Route Class Text Format,Milemarker,Road Number,Road Description,Roadway Name,Intersecting Roadway Name,Landmark Description,Distance From Nearest Landmark,Unit Of Measure From Nearest Landmark,Direction From Nearest Landmark,Latitude,Longitude,First Harmful Event,First Harmful Event Text Format,Manner of Crash / Collision Impact,Manner of Crash / Collision Impact Text Format,Location of First Harmful Event,Location of First Harmful Event Text Format,Weather Condition,Weather Condition Text Format,Weather 2,Weather 2 Text Format,Light Condition,Light Condition Text Format,Road Surface Condition,Road Surface Condition Text Format,"Contributing Circumstances, Environment","Contributing Circumstances, Environment Text Format",Environment 2,Environment 2 Text Format,Environment 3,Environment 3 Text Format,"Contributing Circumstances, Road","Contributing Circumstances, Road Text Format",Road 2,Road 2 Text Format,Road 3,Road 3 Text Format,Crash Specific Location,Crash Specific Location Text Format,Type of Intersection,Type of Intersection Text Format,School Bus Related,School Bus Related Text Format,Work Zone Related,Work Zone Related Text Format,Location Of Crash Relative To Work Zone,Location Of Crash Relative To Work Zone Text Format,Type of Work Zone,Type of Work Zone Text Format,Worker Presence,Worker Presence Text Format,Law Enforcement Presence,Law Enforcement Presence Text Format,Were Vehicles Moved Prior To Police Arrival,Trafficway Ownership,Trafficway Ownership Text Format,Trafficway Class,Trafficway Class Text Format,Police Agency,Police Agency Text Format,Badge Number,Approval Date,Police Case Status,Police Case Status Text Format,Crash Report Submission Date,Related Case Identifiers,No. of Through Lanes (Log Dir.),Average Daily Traffic,Functional Classification,Functional Classification Text Format,Rural or Urban,Rural or Urban Text Format
960405,1,Complete,960405,960405,41.32155,-72.92963,3457545,New Haven,93,93,New Haven,8/9/2022,2022,8,August,9,3,Tuesday,7:11:00,7,22026697,A,1,,Pedestrian,"Injury of any type (Serious, Minor, Possible)",B,Suspected Minor Injury (B),1,1,4,Local,0.2,429,MUNSON ST,MUNSON ST,,CANAL ST,30,Feet,E,41.32155,-72.92963,9,Pedestrian,88,Not Applicable,1,On Roadway,1,Clear,88,Not Applicable,1,Daylight,1,Dry,0,None,88,Not Applicable,88,Not Applicable,0,None,88,Not Applicable,88,Not Applicable,1,Non-Junction,1,Not at Intersection,1,No,1,No,88,Not Applicable,88,Not Applicable,88,Not Applicable,88,Not Applicable,FALSE,1,Public Road,1,"Trafficway, On Road",CT0009300,New Haven PD,44057,14:32.0,C,Closed,00:07.0,,2,8600,4,MINOR ARTERIAL - NEW HPMS,2,Urban
960412,1,Complete,960412,960412,41.29792,-72.94712,3457552,New Haven,93,93,New Haven,8/9/2022,2022,8,August,9,3,Tuesday,15:38:00,15,22026787,A,2,,Motor Vehicle In Motion,"Injury of any type (Serious, Minor, Possible)",B,Suspected Minor Injury (B),0,0,4,Local,0,123,CONGRESS AV,CONGRESS AV,DAVENPORT AV,,,,,41.29792,-72.94712,14,Motor Vehicle in Operation,1,Front to rear,1,On Roadway,1,Clear,88,Not Applicable,1,Daylight,1,Dry,0,None,88,Not Applicable,88,Not Applicable,0,None,88,Not Applicable,88,Not Applicable,3,Intersection-Related,2,Four-Way Intersection,1,No,1,No,88,Not Applicable,88,Not Applicable,88,Not Applicable,88,Not Applicable,FALSE,1,Public Road,1,"Trafficway, On Road",CT0009300,New Haven PD,158,40:01.0,C,Closed,00:15.0,,,,,,,
960416,1,Complete,960416,960416,41.30846,-72.88605,3457556,New Haven,93,93,New Haven,8/10/2022,2022,8,August,10,4,Wednesday,0:06:00,0,22026835,A,2,,Motor Vehicle In Motion,"Injury of any type (Serious, Minor, Possible)",C,Possible Injury (C),0,0,4,Local,1.12,498,QUINNIPIAC AV,QUINNIPIAC AV,GRAND AV,,,,,41.30846,-72.88605,14,Motor Vehicle in Operation,1,Front to rear,1,On Roadway,1,Clear,88,Not Applicable,6,Dark-Unknown Lighting,1,Dry,99,Unknown,88,Not Applicable,88,Not Applicable,99,Unknown,88,Not Applicable,88,Not Applicable,3,Intersection-Related,2,Four-Way Intersection,1,No,1,No,88,Not Applicable,88,Not Applicable,88,Not Applicable,88,Not Applicable,TRUE,1,Public Road,1,"Trafficway, On Road",CT0009300,New Haven PD,40792,03:36.0,C,Closed,00:17.0,,,,,,,
960709,1,Complete,960709,960709,41.311882,-72.933274,3457849,New Haven,93,93,New Haven,8/7/2022,2022,8,August,7,1,Sunday,23:34:00,23,22026541,A,2,,Motor Vehicle In Motion,"Injury of any type (Serious, Minor, Possible)",C,Possible Injury (C),0,0,4,Local,0.02,726,ELM ST NO 2,ELM ST NO 2,,HOWE ST,50,Feet,E,41.311882,-72.933274,14,Motor Vehicle in Operation,1,Front to rear,1,On Roadway,1,Clear,88,Not Applicable,4,Dark-Lighted,1,Dry,0,None,88,Not Applicable,88,Not Applicable,0,None,88,Not Applicable,88,Not Applicable,1,Non-Junction,1,Not at Intersection,1,No,1,No,88,Not Applicable,88,Not Applicable,88,Not Applicable,88,Not Applicable,TRUE,1,Public Road,1,"Trafficway, On Road",CT0009300,New Haven PD,39,36:47.0,C,Closed,01:25.0,22026541,,,,,,
960713,1,Complete,960713,960713,41.309192,-72.91955,3457853,New Haven,93,93,New Haven,8/10/2022,2022,8,August,10,4,Wednesday,15:14:00,15,22026914,A,2,,Motor Vehicle In Motion,"Injury of any type (Serious, Minor, Possible)",C,Possible Injury (C),0,0,4,Local,1,575,STATE ST,STATE ST,GROVE ST,,,,,41.309192,-72.91955,14,Motor Vehicle in Operation,3,Angle,1,On Roadway,1,Clear,88,Not Applicable,1,Daylight,1,Dry,0,None,88,Not Applicable,88,Not Applicable,0,None,88,Not Applicable,88,Not Applicable,2,Intersection,2,Four-Way Intersection,1,No,1,No,88,Not Applicable,88,Not Applicable,88,Not Applicable,88,Not Applicable,TRUE,1,Public Road,1,"Trafficway, On Road",CT0009300,New Haven PD,980,46:24.0,C,Closed,01:28.0,,,,,,,
960717,1,Complete,960717,960717,41.310104,-72.953201,3457857,New Haven,93,93,New Haven,8/10/2022,2022,8,August,10,4,Wednesday,18:07:00,18,22026955,A,2,,Motor Vehicle In Motion,"Injury of any type (Serious, Minor, Possible)",C,Possible Injury (C),0,0,4,Local,0.38,147,DERBY AV,DERBY AV,,ELLA T GRASSO BLVD,10,Feet,E,41.310104,-72.953201,14,Motor Vehicle in Operation,1,Front to rear,1,On Roadway,1,Clear,88,Not Applicable,1,Daylight,1,Dry,0,None,88,Not Applicable,88,Not Applicable,0,None,88,Not Applicable,88,Not Applicable,1,Non-Junction,1,Not at Intersection,1,No,1,No,88,Not Applicable,88,Not Applicable,88,Not Applicable,88,Not Applicable,FALSE,1,Public Road,1,"Trafficway, On Road",CT0009300,New Haven PD,503,00:35.0,C,Closed,01:29.0,,,,,,,
964287,1,Complete,964287,964287,41.31206,-72.91933,3461426,New Haven,93,93,New Haven,5/24/2022,2022,5,May,24,3,Tuesday,8:20:00,8,22017064,A,2,,Motor Vehicle In Motion,"Injury of any type (Serious, Minor, Possible)",C,Possible Injury (C),0,0,1,Interstate,0.53,91,91-N-134,91-N-134,ORANGE ST NO 1,,,,,41.31206,-72.91933,14,Motor Vehicle in Operation,3,Angle,1,On Roadway,1,Clear,88,Not Applicable,1,Daylight,1,Dry,0,None,88,Not Applicable,88,Not Applicable,0,None,88,Not Applicable,88,Not Applicable,2,Intersection,2,Four-Way Intersection,1,No,1,No,88,Not Applicable,88,Not Applicable,88,Not Applicable,88,Not Applicable,FALSE,1,Public Road,1,"Trafficway, On Road",CT0009300,New Haven PD,991,01:37.0,C,Closed,23:24.0,,3,101400,1,INTERSTATE - NEW HPMS,3,Unknown
964288,1,Complete,964288,964288,41.3215,-72.92885,3461427,New Haven,93,93,New Haven,6/16/2022,2022,6,June,16,5,Thursday,19:35:00,19,22020229,A,2,,Motor Vehicle In Motion,"Injury of any type (Serious, Minor, Possible)",C,Possible Injury (C),0,1,4,Local,0.16,429,MUNSON ST,MUNSON ST,WINCHESTER AV,,,,,41.3215,-72.92885,14,Motor Vehicle in Operation,3,Angle,1,On Roadway,1,Clear,88,Not Applicable,1,Daylight,1,Dry,0,None,88,Not Applicable,88,Not Applicable,0,None,88,Not Applicable,88,Not Applicable,2,Intersection,2,Four-Way Intersection,1,No,1,No,88,Not Applicable,88,Not Applicable,88,Not Applicable,88,Not Applicable,FALSE,1,Public Road,1,"Trafficway, On Road",CT0009300,New Haven PD,97,29:18.0,C,Closed,23:25.0,,2,8700,4,MINOR ARTERIAL - NEW HPMS,2,Urban
964290,1,Complete,964290,964290,41.31796,-72.94603,3461429,New Haven,93,93,New Haven,7/3/2022,2022,7,July,3,1,Sunday,22:11:00,22,22022184,A,2,,Motor Vehicle In Motion,"Injury of any type (Serious, Minor, Possible)",C,Possible Injury (C),0,0,4,Local,0.17,653,WHALLEY AV,WHALLEY AV,NORTON ST,,,,,41.31796,-72.94603,14,Motor Vehicle in Operation,3,Angle,1,On Roadway,1,Clear,88,Not Applicable,4,Dark-Lighted,1,Dry,0,None,88,Not Applicable,88,Not Applicable,0,None,88,Not Applicable,88,Not Applicable,2,Intersection,2,Four-Way Intersection,1,No,1,No,88,Not Applicable,88,Not Applicable,88,Not Applicable,88,Not Applicable,FALSE,1,Public Road,1,"Trafficway, On Road",CT0009300,New Haven PD,11439,06:23.0,C,Closed,23:27.0,,4,21200,3,PRINCIPAL ARTERIAL - OTHER - NEW HPMS,2,Urban
964293,1,Complete,964293,964293,41.30846,-72.92994,3461432,New Haven,93,93,New Haven,7/28/2022,2022,7,July,28,5,Thursday,1:53:00,1,22024612,A,1,,Other Non-Fixed Object,"Injury of any type (Serious, Minor, Possible)",C,Possible Injury (C),0,0,4,Local,0.21,291,HIGH ST,HIGH ST,,CHAPEL ST,200,Feet,N,41.30846,-72.92994,25,Curb,88,Not Applicable,2,Shoulder,1,Clear,88,Not Applicable,5,Dark-Not Lighted,1,Dry,99,Unknown,88,Not Applicable,88,Not Applicable,99,Unknown,88,Not Applicable,88,Not Applicable,1,Non-Junction,1,Not at Intersection,1,No,1,No,88,Not Applicable,88,Not Applicable,88,Not Applicable,88,Not Applicable,FALSE,1,Public Road,2,"Trafficway, Not on Road",CT0009300,New Haven PD,42044,35:28.0,O,Open,23:38.0,,2,4352,7,LOCAL - NEW HPMS,2,Urban
964298,1,Complete,964298,964298,41.29783,-72.93427,3461437,New Haven,93,93,New Haven,8/4/2022,2022,8,August,4,5,Thursday,17:21:00,17,22026094,A,2,,Motor Vehicle In Motion,"Injury of any type (Serious, Minor, Possible)",C,Possible Injury (C),0,1,2,USRoute,47.4,1,1-N,1-N,HOWARD AV,,,Feet,,41.29783,-72.93427,14,Motor Vehicle in Operation,3,Angle,1,On Roadway,1,Clear,88,Not Applicable,1,Daylight,1,Dry,0,None,88,Not Applicable,88,Not Applicable,0,None,88,Not Applicable,88,Not Applicable,2,Intersection,2,Four-Way Intersection,1,No,1,No,88,Not Applicable,88,Not Applicable,88,Not Applicable,88,Not Applicable,FALSE,1,Public Road,1,"Trafficway, On Road",CT0009300,New Haven PD,44048,48:18.0,C,Closed,24:07.0,,1,8400,3,PRINCIPAL ARTERIAL - OTHER - NEW HPMS,1,Rural
964302,1,Complete,964302,964302,41.29496,-72.94716,3461441,New Haven,93,93,New Haven,8/6/2022,2022,8,August,6,7,Saturday,14:11:00,14,22026388,A,2,,Motor Vehicle In Motion,"Injury of any type (Serious, Minor, Possible)",B,Suspected Minor Injury (B),0,2,4,Local,0.04,492,PRINTERS LA,PRINTERS LA,,ELLA T GRASSO BLVD,200,Feet,W,41.29496,-72.94716,14,Motor Vehicle in Operation,3,Angle,1,On Roadway,1,Clear,88,Not Applicable,1,Daylight,1,Dry,0,None,88,Not Applicable,88,Not Applicable,0,None,88,Not Applicable,88,Not Applicable,8,Driveway Access,1,Not at Intersection,1,No,1,No,88,Not Applicable,88,Not Applicable,88,Not Applicable,88,Not Applicable,TRUE,1,Public Road,1,"Trafficway, On Road",CT0009300,New Haven PD,301,46:30.0,C,Closed,25:12.0,,,,,,,
964304,1,Complete,964304,964304,41.30142,-72.93536,3461443,New Haven,93,93,New Haven,8/7/2022,2022,8,August,7,1,Sunday,22:40:00,22,22026538,A,2,,Motor Vehicle In Motion,"Injury of any type (Serious, Minor, Possible)",C,Possible Injury (C),0,0,4,Local,0.35,308,HOWARD AV,HOWARD AV,CONGRESS AV,,,,,41.30142,-72.93536,14,Motor Vehicle in Operation,1,Front to rear,1,On Roadway,1,Clear,88,Not Applicable,4,Dark-Lighted,1,Dry,0,None,88,Not Applicable,88,Not Applicable,0,None,88,Not Applicable,88,Not Applicable,2,Intersection,2,Four-Way Intersection,99,Unknown,1,No,88,Not Applicable,88,Not Applicable,88,Not Applicable,88,Not Applicable,FALSE,1,Public Road,1,"Trafficway, On Road",CT0009300,New Haven PD,723,44:06.0,C,Closed,23:33.0,,,,,,,
964305,1,Complete,964305,964305,41.29636,-72.89284,3461444,New Haven,93,93,New Haven,8/8/2022,2022,8,August,8,2,Monday,9:13:00,9,22026578,A,3,,Motor Vehicle In Motion,"Injury of any type (Serious, Minor, Possible)",B,Suspected Minor Injury (B),0,1,4,Local,0.14,210,FARREN AV,FARREN AV,,FULTON STREET,200,Feet,S,41.29636,-72.89284,14,Motor Vehicle in Operation,4,"Sideswipe, same direction",1,On Roadway,1,Clear,88,Not Applicable,1,Daylight,1,Dry,0,None,88,Not Applicable,88,Not Applicable,0,None,88,Not Applicable,88,Not Applicable,1,Non-Junction,1,Not at Intersection,1,No,1,No,88,Not Applicable,88,Not Applicable,88,Not Applicable,88,Not Applicable,FALSE,1,Public Road,1,"Trafficway, On Road",CT0009300,New Haven PD,44063,21:19.0,C,Closed,23:52.0,,,,,,,
964315,1,Complete,964315,964315,41.30247,-72.9106,3461454,New Haven,93,93,New Haven,8/9/2022,2022,8,August,9,3,Tuesday,22:12:00,22,22026841,A,1,,"Other Post, Pole, or Support","Injury of any type (Serious, Minor, Possible)",B,Suspected Minor Injury (B),0,0,4,Local,0.94,165,EAST ST,EAST ST,,WOOSTER STREET,40,Feet,S,41.30247,-72.9106,39,"Other Fixed Object (wall, building, tunnel, etc.)",88,Not Applicable,8,"Off Roadway,  Location Unknown",1,Clear,88,Not Applicable,4,Dark-Lighted,1,Dry,0,None,88,Not Applicable,88,Not Applicable,0,None,88,Not Applicable,88,Not Applicable,1,Non-Junction,1,Not at Intersection,1,No,1,No,88,Not Applicable,88,Not Applicable,88,Not Applicable,88,Not Applicable,FALSE,1,Public Road,1,"Trafficway, On Road",CT0009300,New Haven PD,370,34:48.0,C,Closed,24:35.0,,3,19000,4,MINOR ARTERIAL - NEW HPMS,2,Urban
964318,1,Complete,964318,964318,41.29131,-72.93323,3461457,New Haven,93,93,New Haven,8/10/2022,2022,8,August,10,4,Wednesday,20:38:00,20,22026971,A,1,,Not Applicable,"Injury of any type (Serious, Minor, Possible)",B,Suspected Minor Injury (B),1,0,4,Local,0.06,339,KIMBERLY AV,KIMBERLY AV,,LAMBERTON ST,20,Feet,N,41.29131,-72.93323,9,Pedestrian,88,Not Applicable,1,On Roadway,1,Clear,88,Not Applicable,5,Dark-Not Lighted,1,Dry,0,None,88,Not Applicable,88,Not Applicable,0,None,88,Not Applicable,88,Not Applicable,1,Non-Junction,1,Not at Intersection,1,No,1,No,88,Not Applicable,88,Not Applicable,88,Not Applicable,88,Not Applicable,FALSE,1,Public Road,1,"Trafficway, On Road",CT0009300,New Haven PD,223,09:10.0,C,Closed,23:50.0,,4,7500,4,MINOR ARTERIAL - NEW HPMS,2,Urban
964319,1,Complete,964319,964319,41.30901,-72.89585,3461458,New Haven,93,93,New Haven,8/10/2022,2022,8,August,10,4,Wednesday,23:40:00,23,22026989,A,2,,Motor Vehicle In Motion,"Injury of any type (Serious, Minor, Possible)",A,Suspected Serious Injury (A),0,0,4,Local,0.52,264,GRAND AV,GRAND AV,,FERRY STREET,66,Feet,W,41.30901,-72.89585,14,Motor Vehicle in Operation,97,Other,1,On Roadway,1,Clear,88,Not Applicable,4,Dark-Lighted,1,Dry,0,None,88,Not Applicable,88,Not Applicable,0,None,88,Not Applicable,88,Not Applicable,1,Non-Junction,1,Not at Intersection,1,No,1,No,88,Not Applicable,88,Not Applicable,88,Not Applicable,88,Not Applicable,FALSE,1,Public Road,1,"Trafficway, On Road",CT0009300,New Haven PD,370,34:34.0,O,Open,24:34.0,,,,,,,
964320,1,Complete,964320,964320,41.29231,-72.92113,3461459,New Haven,93,93,New Haven,8/10/2022,2022,8,August,10,4,Wednesday,23:00:00,23,22026990,A,1,,Traffic Sign Support,"Injury of any type (Serious, Minor, Possible)",C,Possible Injury (C),0,0,4,Local,0.66,359,SARGENT DR,SARGENT DR,,CHURCH ST S,100,Feet,N,41.29231,-72.92113,34,Traffic Sign Support,88,Not Applicable,2,Shoulder,1,Clear,88,Not Applicable,4,Dark-Lighted,1,Dry,0,None,88,Not Applicable,88,Not Applicable,0,None,88,Not Applicable,88,Not Applicable,1,Non-Junction,1,Not at Intersection,1,No,1,No,88,Not Applicable,88,Not Applicable,88,Not Applicable,88,Not Applicable,FALSE,1,Public Road,2,"Trafficway, Not on Road",CT0009300,New Haven PD,293,21:26.0,C,Closed,24:04.0,,4,11300,3,PRINCIPAL ARTERIAL - OTHER - NEW HPMS,2,Urban
964325,1,Complete,964325,964325,41.32287,-72.93492,3461464,New Haven,93,93,New Haven,8/11/2022,2022,8,August,11,5,Thursday,14:39:00,14,22027036,A,2,,Motor Vehicle In Motion,"Injury of any type (Serious, Minor, Possible)",C,Possible Injury (C),0,0,4,Local,0.7,152,DIXWELL AV,DIXWELL AV,MUNSON ST,,,,,41.32287,-72.93492,14,Motor Vehicle in Operation,3,Angle,1,On Roadway,1,Clear,88,Not Applicable,1,Daylight,1,Dry,0,None,88,Not Applicable,88,Not Applicable,0,None,88,Not Applicable,88,Not Applicable,2,Intersection,8,"Five-Point, or More",1,No,1,No,88,Not Applicable,88,Not Applicable,88,Not Applicable,88,Not Applicable,FALSE,1,Public Road,1,"Trafficway, On Road",CT0009300,New Haven PD,43776,14:27.0,C,Closed,24:12.0,,,,,,,
964332,1,Complete,964332,964332,41.28891,-72.93174,3461471,New Haven,93,93,New Haven,8/11/2022,2022,8,August,11,5,Thursday,18:51:00,18,22027092,A,2,,Motor Vehicle In Motion,"Injury of any type (Serious, Minor, Possible)",B,Suspected Minor Injury (B),0,0,4,Local,1.23,308,HOWARD AV,HOWARD AV,SECOND ST NO 1,,,,,41.28891,-72.93174,14,Motor Vehicle in Operation,3,Angle,1,On Roadway,1,Clear,88,Not Applicable,1,Daylight,1,Dry,0,None,88,Not Applicable,88,Not Applicable,0,None,88,Not Applicable,88,Not Applicable,2,Intersection,2,Four-Way Intersection,1,No,1,No,88,Not Applicable,88,Not Applicable,88,Not Applicable,88,Not Applicable,FALSE,1,Public Road,1,"Trafficway, On Road",CT0009300,New Haven PD,44050,22:16.0,C,Closed,24:02.0,,,,,,,
964335,1,Complete,964335,964335,41.31678,-72.95181,3461474,New Haven,93,93,New Haven,8/11/2022,2022,8,August,11,5,Thursday,23:54:00,23,22027119,A,3,,Motor Vehicle In Motion,"Injury of any type (Serious, Minor, Possible)",C,Possible Injury (C),0,0,4,Local,0.1,72,BROWNELL ST,BROWNELL ST,MAPLE ST,,,,,41.31678,-72.95181,14,Motor Vehicle in Operation,97,Other,1,On Roadway,1,Clear,88,Not Applicable,4,Dark-Lighted,1,Dry,0,None,88,Not Applicable,88,Not Applicable,0,None,88,Not Applicable,88,Not Applicable,2,Intersection,2,Four-Way Intersection,1,No,1,No,88,Not Applicable,88,Not Applicable,88,Not Applicable,88,Not Applicable,FALSE,1,Public Road,1,"Trafficway, On Road",CT0009300,New Haven PD,43614,44:02.0,C,Closed,23:50.0,,,,,,,
964342,1,Complete,964342,964342,41.32038,-72.95088,3461481,New Haven,93,93,New Haven,8/12/2022,2022,8,August,12,6,Friday,15:25:00,15,22027188,A,1,,Separation of Units,"Injury of any type (Serious, Minor, Possible)",C,Possible Injury (C),1,0,3,State,3.16,10,10-N,10-N,HOBART ST,,,,,41.32038,-72.95088,9,Pedestrian,88,Not Applicable,1,On Roadway,1,Clear,88,Not Applicable,1,Daylight,1,Dry,0,None,88,Not Applicable,88,Not Applicable,0,None,88,Not Applicable,88,Not Applicable,3,Intersection-Related,2,Four-Way Intersection,1,No,1,No,88,Not Applicable,88,Not Applicable,88,Not Applicable,88,Not Applicable,FALSE,1,Public Road,1,"Trafficway, On Road",CT0009300,New Haven PD,991,30:51.0,C,Closed,23:45.0,,4,18000,3,PRINCIPAL ARTERIAL - OTHER - NEW HPMS,2,Urban
964346,1,Complete,964346,964346,41.31096,-72.94277,3461485,New Haven,93,93,New Haven,8/12/2022,2022,8,August,12,6,Friday,16:56:00,16,22027218,A,3,,Motor Vehicle In Motion,"Injury of any type (Serious, Minor, Possible)",C,Possible Injury (C),0,0,4,Local,2.72,97,CHAPEL ST,CHAPEL ST,,BEERS ST,15,Feet,W,41.31096,-72.94277,14,Motor Vehicle in Operation,1,Front to rear,1,On Roadway,1,Clear,88,Not Applicable,1,Daylight,1,Dry,0,None,88,Not Applicable,88,Not Applicable,0,None,88,Not Applicable,88,Not Applicable,11,Through Roadway,1,Not at Intersection,1,No,1,No,88,Not Applicable,88,Not Applicable,88,Not Applicable,88,Not Applicable,FALSE,1,Public Road,1,"Trafficway, On Road",CT0009300,New Haven PD,40793,23:14.0,C,Closed,23:47.0,,,,,,,
964347,1,Complete,964347,964347,41.28889,-72.92262,3461486,New Haven,93,93,New Haven,8/13/2022,2022,8,August,13,7,Saturday,0:23:00,0,22027264,A,2,,Motor Vehicle In Motion,"Injury of any type (Serious, Minor, Possible)",C,Possible Injury (C),0,0,1,Interstate,0.18,95,95-N-326,95-N-326,LONG WHARF DR,,,,,41.28889,-72.92262,14,Motor Vehicle in Operation,3,Angle,1,On Roadway,1,Clear,88,Not Applicable,4,Dark-Lighted,1,Dry,0,None,88,Not Applicable,88,Not Applicable,0,None,88,Not Applicable,88,Not Applicable,2,Intersection,3,T-Intersection,1,No,1,No,88,Not Applicable,88,Not Applicable,88,Not Applicable,88,Not Applicable,FALSE,1,Public Road,1,"Trafficway, On Road",CT0009300,New Haven PD,42369,12:02.0,O,Open,23:58.0,,1,5400,1,INTERSTATE - NEW HPMS,,
964349,1,Complete,964349,964349,41.30858,-72.90123,3461488,New Haven,93,93,New Haven,8/13/2022,2022,8,August,13,7,Saturday,12:35:00,12,22027305,A,2,,Motor Vehicle In Motion,"Injury of any type (Serious, Minor, Possible)",B,Suspected Minor Injury (B),0,0,4,Local,0.8,264,GRAND AV,GRAND AV,LLOYD ST,,,,,41.30858,-72.90123,14,Motor Vehicle in Operation,1,Front to rear,1,On Roadway,1,Clear,88,Not Applicable,1,Daylight,1,Dry,0,None,88,Not Applicable,88,Not Applicable,3,Backup Due to Regular Congestion,88,Not Applicable,88,Not Applicable,2,Intersection,2,Four-Way Intersection,1,No,1,No,88,Not Applicable,88,Not Applicable,88,Not Applicable,88,Not Applicable,TRUE,1,Public Road,1,"Trafficway, On Road",CT0009300,New Haven PD,42053,35:34.0,C,Closed,23:51.0,,,,,,,
964351,1,Complete,964351,964351,41.32278,-72.90673,3461490,New Haven,93,93,New Haven,8/13/2022,2022,8,August,13,7,Saturday,12:45:00,12,22027310,A,2,,Motor Vehicle In Motion,"Injury of any type (Serious, Minor, Possible)",C,Possible Injury (C),0,0,4,Local,0.22,418,MITCHELL DR,MITCHELL DR,NICOLL ST,,,,,41.32278,-72.90673,14,Motor Vehicle in Operation,1,Front to rear,1,On Roadway,1,Clear,88,Not Applicable,1,Daylight,1,Dry,0,None,88,Not Applicable,88,Not Applicable,0,None,88,Not Applicable,88,Not Applicable,2,Intersection,3,T-Intersection,1,No,1,No,88,Not Applicable,88,Not Applicable,88,Not Applicable,88,Not Applicable,FALSE,1,Public Road,1,"Trafficway, On Road",CT0009300,New Haven PD,44056,04:45.0,C,Closed,23:53.0,,,,,,,
964353,1,Complete,964353,964353,41.31026,-72.928935,3461492,New Haven,93,93,New Haven,8/12/2022,2022,8,August,12,6,Friday,22:05:00,22,22027317,A,2,,Motor Vehicle In Motion,"Injury of any type (Serious, Minor, Possible)",C,Possible Injury (C),0,0,4,Local,0.27,726,ELM ST NO 2,ELM ST NO 2,,High St ,35,Feet,W,41.31026,-72.928935,14,Motor Vehicle in Operation,1,Front to rear,1,On Roadway,1,Clear,88,Not Applicable,4,Dark-Lighted,1,Dry,0,None,88,Not Applicable,88,Not Applicable,0,None,88,Not Applicable,88,Not Applicable,3,Intersection-Related,3,T-Intersection,1,No,1,No,88,Not Applicable,88,Not Applicable,88,Not Applicable,88,Not Applicable,FALSE,1,Public Road,1,"Trafficway, On Road",CT0009300,New Haven PD,106,37:56.0,O,Open,23:52.0,,,,,,,
964356,1,Complete,964356,964356,41.31667,-72.94236,3461495,New Haven,93,93,New Haven,8/13/2022,2022,8,August,13,7,Saturday,16:44:00,16,22027325,A,2,,Motor Vehicle In Motion,"Injury of any type (Serious, Minor, Possible)",A,Suspected Serious Injury (A),0,2,4,Local,0.38,653,WHALLEY AV,WHALLEY AV,SHERMAN AV,,,,,41.31667,-72.94236,14,Motor Vehicle in Operation,3,Angle,1,On Roadway,1,Clear,88,Not Applicable,1,Daylight,1,Dry,0,None,88,Not Applicable,88,Not Applicable,0,None,88,Not Applicable,88,Not Applicable,2,Intersection,2,Four-Way Intersection,1,No,1,No,88,Not Applicable,88,Not Applicable,88,Not Applicable,88,Not Applicable,FALSE,1,Public Road,1,"Trafficway, On Road",CT0009300,New Haven PD,40812,33:49.0,C,Closed,23:55.0,,,,,,,
964362,1,Complete,964362,964362,41.3027,-72.92335,3461501,New Haven,93,93,New Haven,8/13/2022,2022,8,August,13,7,Saturday,22:18:00,22,22027363,A,2,,Motor Vehicle In Motion,"Injury of any type (Serious, Minor, Possible)",B,Suspected Minor Injury (B),0,0,4,Local,0.08,729,STATE ST NORTH,STATE ST NORTH,FAIR ST,,,,,41.3027,-72.92335,14,Motor Vehicle in Operation,3,Angle,1,On Roadway,1,Clear,88,Not Applicable,4,Dark-Lighted,1,Dry,0,None,88,Not Applicable,88,Not Applicable,0,None,88,Not Applicable,88,Not Applicable,2,Intersection,2,Four-Way Intersection,1,No,1,No,88,Not Applicable,88,Not Applicable,88,Not Applicable,88,Not Applicable,FALSE,1,Public Road,1,"Trafficway, On Road",CT0009300,New Haven PD,44061,49:02.0,C,Closed,24:57.0,22-027363,,,,,,
964364,1,Complete,964364,964364,41.30124,-72.92028,3461503,New Haven,93,93,New Haven,8/14/2022,2022,8,August,14,1,Sunday,2:03:00,2,22027380,A,2,,Motor Vehicle In Motion,"Injury of any type (Serious, Minor, Possible)",C,Possible Injury (C),0,0,4,Local,0,447,OLIVE ST,OLIVE ST,,BREWERY ST,50,Feet,W,41.30124,-72.92028,14,Motor Vehicle in Operation,1,Front to rear,1,On Roadway,1,Clear,88,Not Applicable,4,Dark-Lighted,1,Dry,0,None,88,Not Applicable,88,Not Applicable,0,None,88,Not Applicable,88,Not Applicable,1,Non-Junction,1,Not at Intersection,1,No,1,No,88,Not Applicable,88,Not Applicable,88,Not Applicable,88,Not Applicable,FALSE,1,Public Road,1,"Trafficway, On Road",CT0009300,New Haven PD,44044,31:42.0,O,Open,23:59.0,22-027380,,,,,,