CrashId,Fatal Case Status,Fatal Case Status Text Format,CrashId,CrashId,Latitude,Longitude,DOT Case Number,Town Name,Town Number,Town Number,Town Number Text Format,Date Of Crash,Year,Month,Month Text Format,Day,Day of the Week,Day of the Week Text Format,Time of Crash,Hour of the Day,Case Identifier,Crash Severity,Number Of Motor Vehicles,Motor vehicle action,Most harmful event,Crash Severity Text Format,Most Severe Injury,Most Severe Injury Text Format,Number Of Non-Motorist,Number Of Witnesses,Route Class,Route Class Text Format,Milemarker,Road Number,Road Description,Roadway Name,Intersecting Roadway Name,Landmark Description,Distance From Nearest Landmark,Unit Of Measure From Nearest Landmark,Direction From Nearest Landmark,Latitude,Longitude,First Harmful Event,First Harmful Event Text Format,Manner of Crash / Collision Impact,Manner of Crash / Collision Impact Text Format,Location of First Harmful Event,Location of First Harmful Event Text Format,Weather Condition,Weather Condition Text Format,Weather 2,Weather 2 Text Format,Light Condition,Light Condition Text Format,Road Surface Condition,Road Surface Condition Text Format,"Contributing Circumstances, Environment","Contributing Circumstances, Environment Text Format",Environment 2,Environment 2 Text Format,Environment 3,Environment 3 Text Format,"Contributing Circumstances, Road","Contributing Circumstances, Road Text Format",Road 2,Road 2 Text Format,Road 3,Road 3 Text Format,Crash Specific Location,Crash Specific Location Text Format,Type of Intersection,Type of Intersection Text Format,School Bus Related,School Bus Related Text Format,Work Zone Related,Work Zone Related Text Format,Location Of Crash Relative To Work Zone,Location Of Crash Relative To Work Zone Text Format,Type of Work Zone,Type of Work Zone Text Format,Worker Presence,Worker Presence Text Format,Law Enforcement Presence,Law Enforcement Presence Text Format,Were Vehicles Moved Prior To Police Arrival,Trafficway Ownership,Trafficway Ownership Text Format,Trafficway Class,Trafficway Class Text Format,Police Agency,Police Agency Text Format,Badge Number,Approval Date,Police Case Status,Police Case Status Text Format,Crash Report Submission Date,Related Case Identifiers,No. of Through Lanes (Log Dir.),Average Daily Traffic,Functional Classification,Functional Classification Text Format,Rural or Urban,Rural or Urban Text Format
964367,1,Complete,964367,964367,41.31668,-72.94236,3461506,New Haven,93,93,New Haven,8/14/2022,2022,8,August,14,1,Sunday,8:07:00,8,22027397,A,2,,Motor Vehicle In Motion,"Injury of any type (Serious, Minor, Possible)",B,Suspected Minor Injury (B),0,0,4,Local,0.38,653,WHALLEY AV,WHALLEY AV,SHERMAN AV,,,,,41.31668,-72.94236,14,Motor Vehicle in Operation,3,Angle,1,On Roadway,1,Clear,88,Not Applicable,1,Daylight,1,Dry,0,None,88,Not Applicable,88,Not Applicable,0,None,88,Not Applicable,88,Not Applicable,2,Intersection,2,Four-Way Intersection,1,No,1,No,88,Not Applicable,88,Not Applicable,88,Not Applicable,88,Not Applicable,FALSE,1,Public Road,1,"Trafficway, On Road",CT0009300,New Haven PD,465,13:49.0,C,Closed,24:36.0,,,,,,,
964368,1,Complete,964368,964368,41.30493,-72.89886,3461507,New Haven,93,93,New Haven,8/14/2022,2022,8,August,14,1,Sunday,11:48:00,11,22027414,A,2,,Motor Vehicle In Motion,"Injury of any type (Serious, Minor, Possible)",C,Possible Injury (C),0,0,4,Local,0.22,542,SALTONSTALL AV,SALTONSTALL AV,BLATCHLEY AV,,,,,41.30493,-72.89886,14,Motor Vehicle in Operation,3,Angle,1,On Roadway,1,Clear,88,Not Applicable,1,Daylight,1,Dry,0,None,88,Not Applicable,88,Not Applicable,0,None,88,Not Applicable,88,Not Applicable,2,Intersection,2,Four-Way Intersection,1,No,1,No,88,Not Applicable,88,Not Applicable,88,Not Applicable,88,Not Applicable,TRUE,1,Public Road,1,"Trafficway, On Road",CT0009300,New Haven PD,980,02:36.0,C,Closed,24:39.0,,,,,,,
964370,1,Complete,964370,964370,41.31115,-72.89603,3461509,New Haven,93,93,New Haven,8/14/2022,2022,8,August,14,1,Sunday,14:11:00,14,22027424,A,2,,Motor Vehicle In Motion,"Injury of any type (Serious, Minor, Possible)",B,Suspected Minor Injury (B),0,0,4,Local,0.62,213,FERRY ST,FERRY ST,CLAY ST NO 2,,,,,41.31115,-72.89603,14,Motor Vehicle in Operation,1,Front to rear,1,On Roadway,1,Clear,88,Not Applicable,1,Daylight,1,Dry,0,None,88,Not Applicable,88,Not Applicable,0,None,88,Not Applicable,88,Not Applicable,2,Intersection,3,T-Intersection,1,No,1,No,88,Not Applicable,88,Not Applicable,88,Not Applicable,88,Not Applicable,FALSE,1,Public Road,1,"Trafficway, On Road",CT0009300,New Haven PD,42057,27:18.0,C,Closed,24:05.0,,,,,,,
964371,1,Complete,964371,964371,41.31751,-72.92952,3461510,New Haven,93,93,New Haven,8/14/2022,2022,8,August,14,1,Sunday,14:31:00,14,22027428,A,2,,Motor Vehicle In Motion,"Injury of any type (Serious, Minor, Possible)",C,Possible Injury (C),0,0,4,Local,0.12,631,WEBSTER ST,WEBSTER ST,ASHMUN ST NO 2,,,,,41.31751,-72.92952,14,Motor Vehicle in Operation,97,Other,1,On Roadway,1,Clear,88,Not Applicable,1,Daylight,1,Dry,0,None,88,Not Applicable,88,Not Applicable,0,None,88,Not Applicable,88,Not Applicable,2,Intersection,2,Four-Way Intersection,1,No,1,No,88,Not Applicable,88,Not Applicable,88,Not Applicable,88,Not Applicable,TRUE,1,Public Road,1,"Trafficway, On Road",CT0009300,New Haven PD,301,11:47.0,C,Closed,24:03.0,,,,,,,
964372,1,Complete,964372,964372,41.30355,-72.91049,3461511,New Haven,93,93,New Haven,8/14/2022,2022,8,August,14,1,Sunday,17:43:00,17,22027437,A,2,,Motor Vehicle In Motion,"Injury of any type (Serious, Minor, Possible)",C,Possible Injury (C),0,0,4,Local,0.87,165,EAST ST,EAST ST,CHAPEL ST,,,,,41.30355,-72.91049,14,Motor Vehicle in Operation,3,Angle,1,On Roadway,1,Clear,88,Not Applicable,1,Daylight,1,Dry,0,None,88,Not Applicable,88,Not Applicable,0,None,88,Not Applicable,88,Not Applicable,2,Intersection,2,Four-Way Intersection,1,No,1,No,88,Not Applicable,88,Not Applicable,88,Not Applicable,88,Not Applicable,FALSE,1,Public Road,1,"Trafficway, On Road",CT0009300,New Haven PD,42057,05:27.0,C,Closed,24:06.0,,,,,,,
964373,1,Complete,964373,964373,41.30719,-72.92069,3461512,New Haven,93,93,New Haven,8/14/2022,2022,8,August,14,1,Sunday,22:56:00,22,22027444,A,3,,Motor Vehicle In Motion,"Injury of any type (Serious, Minor, Possible)",C,Possible Injury (C),0,1,4,Local,1.84,264,GRAND AV,GRAND AV,,STATE STREET,20,Feet,W,41.30719,-72.92069,14,Motor Vehicle in Operation,3,Angle,1,On Roadway,1,Clear,88,Not Applicable,4,Dark-Lighted,1,Dry,0,None,88,Not Applicable,88,Not Applicable,0,None,88,Not Applicable,88,Not Applicable,1,Non-Junction,1,Not at Intersection,1,No,1,No,88,Not Applicable,88,Not Applicable,88,Not Applicable,88,Not Applicable,FALSE,1,Public Road,1,"Trafficway, On Road",CT0009300,New Haven PD,40808,39:56.0,C,Closed,24:09.0,,,,,,,
964379,1,Complete,964379,964379,41.30814,-72.94223,3461518,New Haven,93,93,New Haven,8/15/2022,2022,8,August,15,2,Monday,8:05:00,8,22027486,A,2,,Motor Vehicle In Motion,"Injury of any type (Serious, Minor, Possible)",C,Possible Injury (C),0,0,4,Local,0.46,453,ORCHARD ST,ORCHARD ST,GILBERT AV,,,,,41.30814,-72.94223,14,Motor Vehicle in Operation,3,Angle,1,On Roadway,2,Cloudy,88,Not Applicable,1,Daylight,1,Dry,0,None,88,Not Applicable,88,Not Applicable,0,None,88,Not Applicable,88,Not Applicable,2,Intersection,2,Four-Way Intersection,1,No,1,No,88,Not Applicable,88,Not Applicable,88,Not Applicable,88,Not Applicable,TRUE,1,Public Road,1,"Trafficway, On Road",CT0009300,New Haven PD,381,51:22.0,C,Closed,24:14.0,,,,,,,
964405,1,Complete,964405,964405,41.30278,-72.94068,3461544,New Haven,93,93,New Haven,8/15/2022,2022,8,August,15,2,Monday,9:55:00,9,22027507,A,2,,Motor Vehicle In Motion,"Injury of any type (Serious, Minor, Possible)",C,Possible Injury (C),0,0,4,Local,0.06,191,ELLIOTT ST,ELLIOTT ST,,DAVENPORT AVE,300,Feet,N,41.30278,-72.94068,14,Motor Vehicle in Operation,1,Front to rear,1,On Roadway,1,Clear,88,Not Applicable,1,Daylight,1,Dry,0,None,88,Not Applicable,88,Not Applicable,0,None,88,Not Applicable,88,Not Applicable,1,Non-Junction,1,Not at Intersection,1,No,1,No,88,Not Applicable,88,Not Applicable,88,Not Applicable,88,Not Applicable,FALSE,1,Public Road,1,"Trafficway, On Road",CT0009300,New Haven PD,44046,49:45.0,C,Closed,24:12.0,,,,,,,
964408,1,Complete,964408,964408,41.300984,-72.94767,3461547,New Haven,93,93,New Haven,8/15/2022,2022,8,August,15,2,Monday,15:51:00,15,22027552,A,2,,Motor Vehicle In Motion,"Injury of any type (Serious, Minor, Possible)",C,Possible Injury (C),0,0,3,State,1.47,10,10-N,10-N,,ORANGE AVE,1300,Feet,N,41.300984,-72.94767,14,Motor Vehicle in Operation,4,"Sideswipe, same direction",1,On Roadway,1,Clear,88,Not Applicable,1,Daylight,1,Dry,0,None,88,Not Applicable,88,Not Applicable,0,None,88,Not Applicable,88,Not Applicable,1,Non-Junction,1,Not at Intersection,1,No,1,No,88,Not Applicable,88,Not Applicable,88,Not Applicable,88,Not Applicable,FALSE,1,Public Road,1,"Trafficway, On Road",CT0009300,New Haven PD,158,44:46.0,O,Open,24:21.0,22-027552,2,20300,3,PRINCIPAL ARTERIAL - OTHER - NEW HPMS,2,Urban
964411,1,Complete,964411,964411,41.29356,-72.89769,3461550,New Haven,93,93,New Haven,8/15/2022,2022,8,August,15,2,Monday,17:41:00,17,22027579,A,2,,Motor Vehicle In Motion,"Injury of any type (Serious, Minor, Possible)",C,Possible Injury (C),0,1,2,USRoute,49.82,1,1-N,1-N,FULTON TER,,,,,41.29356,-72.89769,14,Motor Vehicle in Operation,3,Angle,1,On Roadway,1,Clear,88,Not Applicable,1,Daylight,1,Dry,0,None,88,Not Applicable,88,Not Applicable,0,None,88,Not Applicable,88,Not Applicable,2,Intersection,2,Four-Way Intersection,1,No,1,No,88,Not Applicable,88,Not Applicable,88,Not Applicable,88,Not Applicable,FALSE,1,Public Road,1,"Trafficway, On Road",CT0009300,New Haven PD,279,11:38.0,C,Closed,24:38.0,,2,9400,3,PRINCIPAL ARTERIAL - OTHER - NEW HPMS,2,Urban
964424,1,Complete,964424,964424,41.300038,-72.936971,3461563,New Haven,93,93,New Haven,8/16/2022,2022,8,August,16,3,Tuesday,10:39:00,10,22027658,A,2,,Motor Vehicle In Motion,"Injury of any type (Serious, Minor, Possible)",C,Possible Injury (C),0,0,4,Local,0.05,138,DAGGETT ST,DAGGETT ST,,CONGREESS AVE,300,Feet,S,41.300038,-72.936971,14,Motor Vehicle in Operation,1,Front to rear,1,On Roadway,1,Clear,88,Not Applicable,1,Daylight,1,Dry,0,None,88,Not Applicable,88,Not Applicable,0,None,88,Not Applicable,88,Not Applicable,1,Non-Junction,1,Not at Intersection,1,No,1,No,88,Not Applicable,88,Not Applicable,88,Not Applicable,88,Not Applicable,FALSE,1,Public Road,1,"Trafficway, On Road",CT0009300,New Haven PD,44046,06:59.0,C,Closed,24:36.0,,,,,,,
964427,1,Complete,964427,964427,41.29806,-72.91322,3461566,New Haven,93,93,New Haven,8/16/2022,2022,8,August,16,3,Tuesday,12:35:00,12,22027670,A,2,,Motor Vehicle In Motion,"Injury of any type (Serious, Minor, Possible)",C,Possible Injury (C),0,0,4,Local,1.06,513,LONG WHARF DR,LONG WHARF DR,HAMILTON ST NO 1,,,,,41.29806,-72.91322,14,Motor Vehicle in Operation,3,Angle,1,On Roadway,1,Clear,88,Not Applicable,1,Daylight,1,Dry,0,None,88,Not Applicable,88,Not Applicable,0,None,88,Not Applicable,88,Not Applicable,2,Intersection,3,T-Intersection,1,No,1,No,88,Not Applicable,88,Not Applicable,88,Not Applicable,88,Not Applicable,FALSE,1,Public Road,1,"Trafficway, On Road",CT0009300,New Haven PD,26,02:19.0,C,Closed,24:45.0,,,,,,,
964436,1,Complete,964436,964436,41.32032,-72.8723,3461575,New Haven,93,93,New Haven,8/18/2022,2022,8,August,18,5,Thursday,17:00:00,17,22027711,A,2,,Motor Vehicle In Motion,"Injury of any type (Serious, Minor, Possible)",B,Suspected Minor Injury (B),0,1,3,State,0.54,80,80-E,80-E,,EASTERN ST,50,Feet,W,41.32032,-72.8723,14,Motor Vehicle in Operation,3,Angle,1,On Roadway,1,Clear,88,Not Applicable,1,Daylight,1,Dry,0,None,88,Not Applicable,88,Not Applicable,0,None,88,Not Applicable,88,Not Applicable,1,Non-Junction,1,Not at Intersection,1,No,1,No,88,Not Applicable,88,Not Applicable,88,Not Applicable,88,Not Applicable,FALSE,1,Public Road,1,"Trafficway, On Road",CT0009300,New Haven PD,42049,38:18.0,C,Closed,24:51.0,,2,32300,3,PRINCIPAL ARTERIAL - OTHER - NEW HPMS,2,Urban
964439,1,Complete,964439,964439,41.3088,-72.89854,3461578,New Haven,93,93,New Haven,8/16/2022,2022,8,August,16,3,Tuesday,18:20:00,18,22027727,A,3,,Motor Vehicle In Motion,"Injury of any type (Serious, Minor, Possible)",A,Suspected Serious Injury (A),0,0,4,Local,0.67,264,GRAND AV,GRAND AV,,GRAND AVE,50,Feet,S,41.3088,-72.89854,14,Motor Vehicle in Operation,3,Angle,1,On Roadway,1,Clear,88,Not Applicable,1,Daylight,1,Dry,0,None,88,Not Applicable,88,Not Applicable,0,None,88,Not Applicable,88,Not Applicable,1,Non-Junction,1,Not at Intersection,1,No,1,No,88,Not Applicable,88,Not Applicable,88,Not Applicable,88,Not Applicable,FALSE,1,Public Road,1,"Trafficway, On Road",CT0009300,New Haven PD,43690,38:39.0,O,Open,25:18.0,,,,,,,
964442,1,Complete,964442,964442,41.31068,-72.89749,3461581,New Haven,93,93,New Haven,8/17/2022,2022,8,August,17,4,Wednesday,5:18:00,5,22027767,A,2,,Motor Vehicle In Motion,"Injury of any type (Serious, Minor, Possible)",C,Possible Injury (C),0,0,4,Local,0.61,487,POPLAR ST,POPLAR ST,CLAY ST NO 2,,,,,41.31068,-72.89749,14,Motor Vehicle in Operation,3,Angle,1,On Roadway,2,Cloudy,88,Not Applicable,3,Dusk,2,Wet,0,None,88,Not Applicable,88,Not Applicable,0,None,88,Not Applicable,88,Not Applicable,2,Intersection,2,Four-Way Intersection,1,No,1,No,88,Not Applicable,88,Not Applicable,88,Not Applicable,88,Not Applicable,FALSE,1,Public Road,1,"Trafficway, On Road",CT0009300,New Haven PD,42053,07:49.0,C,Closed,24:44.0,,,,,,,
964443,1,Complete,964443,964443,41.2911,-72.93401,3461582,New Haven,93,93,New Haven,8/17/2022,2022,8,August,17,4,Wednesday,18:40:00,18,22027820,A,1,,Pedestrian,"Injury of any type (Serious, Minor, Possible)",A,Suspected Serious Injury (A),1,0,4,Local,0.34,350,LAMBERTON ST,LAMBERTON ST,,GREENWICH AVE,15,Feet,W,41.2911,-72.93401,9,Pedestrian,88,Not Applicable,1,On Roadway,2,Cloudy,88,Not Applicable,1,Daylight,1,Dry,0,None,88,Not Applicable,88,Not Applicable,0,None,88,Not Applicable,88,Not Applicable,1,Non-Junction,1,Not at Intersection,1,No,1,No,88,Not Applicable,88,Not Applicable,88,Not Applicable,88,Not Applicable,FALSE,1,Public Road,1,"Trafficway, On Road",CT0009300,New Haven PD,44050,43:05.0,C,Closed,24:42.0,,4,5348,7,LOCAL - NEW HPMS,2,Urban
964446,1,Complete,964446,964446,41.32222,-72.91163,3461585,New Haven,93,93,New Haven,8/17/2022,2022,8,August,17,4,Wednesday,17:05:00,17,22027838,A,2,,Motor Vehicle In Motion,"Injury of any type (Serious, Minor, Possible)",C,Possible Injury (C),0,0,4,Local,0.39,450,ORANGE ST NO 1,ORANGE ST NO 1,WILLOW ST,,,,,41.32222,-72.91163,14,Motor Vehicle in Operation,1,Front to rear,1,On Roadway,1,Clear,88,Not Applicable,1,Daylight,2,Wet,0,None,88,Not Applicable,88,Not Applicable,0,None,88,Not Applicable,88,Not Applicable,2,Intersection,2,Four-Way Intersection,1,No,1,No,88,Not Applicable,88,Not Applicable,88,Not Applicable,88,Not Applicable,TRUE,1,Public Road,1,"Trafficway, On Road",CT0009300,New Haven PD,40953,20:11.0,C,Closed,24:42.0,,,,,,,
964447,1,Complete,964447,964447,41.28293,-72.93462,3461586,New Haven,93,93,New Haven,8/17/2022,2022,8,August,17,4,Wednesday,18:48:00,18,22027840,A,2,,Motor Vehicle In Motion,"Injury of any type (Serious, Minor, Possible)",B,Suspected Minor Injury (B),0,1,3,State,0.19,10,10-N,10-N,SEA ST,,,,,41.28293,-72.93462,14,Motor Vehicle in Operation,2,Front to front,1,On Roadway,1,Clear,88,Not Applicable,1,Daylight,1,Dry,0,None,88,Not Applicable,88,Not Applicable,0,None,88,Not Applicable,88,Not Applicable,2,Intersection,2,Four-Way Intersection,1,No,1,No,88,Not Applicable,88,Not Applicable,88,Not Applicable,88,Not Applicable,FALSE,1,Public Road,1,"Trafficway, On Road",CT0009300,New Haven PD,40810,08:26.0,C,Closed,24:47.0,,2,15100,3,PRINCIPAL ARTERIAL - OTHER - NEW HPMS,2,Urban
964455,1,Complete,964455,964455,41.30698,-72.93728,3461594,New Haven,93,93,New Haven,8/18/2022,2022,8,August,18,5,Thursday,22:16:00,22,22027961,A,4,,Motor Vehicle In Motion,"Injury of any type (Serious, Minor, Possible)",B,Suspected Minor Injury (B),0,0,4,Local,0.74,809,REV DR MLK JR BLVD,REV DR MLK JR BLVD,HOWE ST,,,,,41.30698,-72.93728,14,Motor Vehicle in Operation,3,Angle,1,On Roadway,1,Clear,1,Clear,1,Daylight,1,Dry,99,Unknown,99,Unknown,88,Not Applicable,99,Unknown,88,Not Applicable,88,Not Applicable,2,Intersection,2,Four-Way Intersection,1,No,1,No,88,Not Applicable,88,Not Applicable,88,Not Applicable,88,Not Applicable,FALSE,1,Public Road,1,"Trafficway, On Road",CT0009300,New Haven PD,428,27:03.0,O,Open,25:19.0,,,,,,,
964457,1,Complete,964457,964457,41.26896,-72.89189,3461596,New Haven,93,93,New Haven,8/18/2022,2022,8,August,18,5,Thursday,17:38:00,17,22027972,A,1,,Reentering Roadway,"Injury of any type (Serious, Minor, Possible)",C,Possible Injury (C),1,1,4,Local,0.3,74,BURR ST,BURR ST,,FORT HALE ROAD,50,Feet,E,41.26896,-72.89189,11,Other Non-motorist,88,Not Applicable,7,In Parking Lane or Zone,4,Rain,88,Not Applicable,1,Daylight,2,Wet,0,None,88,Not Applicable,88,Not Applicable,0,None,88,Not Applicable,88,Not Applicable,8,Driveway Access,1,Not at Intersection,1,No,1,No,88,Not Applicable,88,Not Applicable,88,Not Applicable,88,Not Applicable,FALSE,2,Private Road,4,Parking Lot,CT0009300,New Haven PD,180,22:39.0,C,Closed,24:58.0,22027972,,,,,,
964462,1,Complete,964462,964462,41.315967,-72.965384,3461601,New Haven,93,93,New Haven,8/19/2022,2022,8,August,19,6,Friday,6:29:00,6,22028021,A,1,,Utility Pole,"Injury of any type (Serious, Minor, Possible)",C,Possible Injury (C),0,0,4,Local,3.96,97,CHAPEL ST,CHAPEL ST,,CENTRAL AVENUE,500,Feet,W,41.315967,-72.965384,33,Utility Pole/Light Support,88,Not Applicable,1,On Roadway,1,Clear,88,Not Applicable,2,Dawn,1,Dry,0,None,88,Not Applicable,88,Not Applicable,0,None,88,Not Applicable,88,Not Applicable,1,Non-Junction,1,Not at Intersection,1,No,1,No,88,Not Applicable,88,Not Applicable,88,Not Applicable,88,Not Applicable,FALSE,1,Public Road,1,"Trafficway, On Road",CT0009300,New Haven PD,44048,53:58.0,C,Closed,25:22.0,,2,4100,5,MAJOR COLLECTOR - NEW HPMS,2,Urban
964463,1,Complete,964463,964463,41.30591,-72.94686,3461602,New Haven,93,93,New Haven,8/19/2022,2022,8,August,19,6,Friday,7:34:00,7,22028023,A,3,,Motor Vehicle In Motion,"Injury of any type (Serious, Minor, Possible)",A,Suspected Serious Injury (A),0,2,4,Local,0.29,360,LEGION AV-RT 34,LEGION AV-RT 34,SHERMAN AV,,,,,41.30591,-72.94686,14,Motor Vehicle in Operation,3,Angle,1,On Roadway,1,Clear,88,Not Applicable,1,Daylight,1,Dry,0,None,88,Not Applicable,88,Not Applicable,0,None,88,Not Applicable,88,Not Applicable,2,Intersection,2,Four-Way Intersection,1,No,1,No,88,Not Applicable,88,Not Applicable,88,Not Applicable,88,Not Applicable,FALSE,1,Public Road,1,"Trafficway, On Road",CT0009300,New Haven PD,137,47:28.0,C,Closed,24:52.0,,,,,,,
964470,1,Complete,964470,964470,41.31249,-72.93497,3461609,New Haven,93,93,New Haven,8/19/2022,2022,8,August,19,6,Friday,17:09:00,17,22028109,A,2,,Motor Vehicle In Motion,"Injury of any type (Serious, Minor, Possible)",C,Possible Injury (C),0,1,4,Local,0.08,160,DWIGHT ST,DWIGHT ST,ELM ST NO 1,,,,,41.31249,-72.93497,14,Motor Vehicle in Operation,3,Angle,1,On Roadway,1,Clear,88,Not Applicable,1,Daylight,1,Dry,0,None,88,Not Applicable,88,Not Applicable,0,None,88,Not Applicable,88,Not Applicable,2,Intersection,2,Four-Way Intersection,1,No,1,No,88,Not Applicable,88,Not Applicable,88,Not Applicable,88,Not Applicable,FALSE,1,Public Road,1,"Trafficway, On Road",CT0009300,New Haven PD,42046,22:33.0,C,Closed,24:55.0,,,,,,,
964473,1,Complete,964473,964473,41.3325,-72.93547,3461612,New Haven,93,93,New Haven,8/19/2022,2022,8,August,19,6,Friday,14:50:00,14,22028140,A,1,,Pedestrian,"Injury of any type (Serious, Minor, Possible)",C,Possible Injury (C),1,1,4,Local,1.9,152,BASSETT ST,Bassett St ,,Dixwell Ave ,50,Feet,W,41.3325,-72.93547,9,Pedestrian,88,Not Applicable,1,On Roadway,1,Clear,88,Not Applicable,1,Daylight,1,Dry,0,None,88,Not Applicable,88,Not Applicable,0,None,88,Not Applicable,88,Not Applicable,1,Non-Junction,1,Not at Intersection,1,No,1,No,88,Not Applicable,88,Not Applicable,88,Not Applicable,88,Not Applicable,TRUE,1,Public Road,1,"Trafficway, On Road",CT0009300,New Haven PD,40801,34:33.0,C,Closed,25:25.0,,4,6200,5,MAJOR COLLECTOR - NEW HPMS,2,Urban
964475,1,Complete,964475,964475,41.31754,-72.90142,3461614,New Haven,93,93,New Haven,8/19/2022,2022,8,August,19,6,Friday,23:07:00,23,22028157,A,2,,Motor Vehicle In Motion,"Injury of any type (Serious, Minor, Possible)",C,Possible Injury (C),0,0,4,Local,0,666,WILLOW ST,WILLOW ST,5-N,,,,,41.31754,-72.90142,14,Motor Vehicle in Operation,4,"Sideswipe, same direction",1,On Roadway,1,Clear,88,Not Applicable,4,Dark-Lighted,1,Dry,0,None,88,Not Applicable,88,Not Applicable,0,None,88,Not Applicable,88,Not Applicable,2,Intersection,2,Four-Way Intersection,1,No,1,No,88,Not Applicable,88,Not Applicable,88,Not Applicable,88,Not Applicable,FALSE,1,Public Road,1,"Trafficway, On Road",CT0009300,New Haven PD,44051,53:37.0,C,Closed,25:22.0,,,,,,,
964476,1,Complete,964476,964476,41.29779,-72.93466,3461615,New Haven,93,93,New Haven,8/19/2022,2022,8,August,19,6,Friday,23:55:00,23,22028161,A,3,,Motor Vehicle In Motion,"Injury of any type (Serious, Minor, Possible)",B,Suspected Minor Injury (B),0,0,2,USRoute,47.4,1,1-N,1-N,HOWARD AV,,,,,41.29779,-72.93466,14,Motor Vehicle in Operation,1,Front to rear,1,On Roadway,1,Clear,88,Not Applicable,4,Dark-Lighted,1,Dry,0,None,88,Not Applicable,88,Not Applicable,0,None,88,Not Applicable,88,Not Applicable,3,Intersection-Related,2,Four-Way Intersection,1,No,1,No,88,Not Applicable,88,Not Applicable,88,Not Applicable,88,Not Applicable,FALSE,1,Public Road,1,"Trafficway, On Road",CT0009300,New Haven PD,42366,40:45.0,C,Closed,25:21.0,,1,8400,3,PRINCIPAL ARTERIAL - OTHER - NEW HPMS,1,Rural
964477,1,Complete,964477,964477,41.30482,-72.92668,3461616,New Haven,93,93,New Haven,8/19/2022,2022,8,August,19,6,Friday,23:44:00,23,22028163,A,2,,Motor Vehicle In Motion,"Injury of any type (Serious, Minor, Possible)",B,Suspected Minor Injury (B),0,0,4,Local,0.07,103,CHURCH ST,CHURCH ST,CROWN ST,,,,,41.30482,-72.92668,14,Motor Vehicle in Operation,3,Angle,1,On Roadway,1,Clear,88,Not Applicable,4,Dark-Lighted,1,Dry,0,None,88,Not Applicable,88,Not Applicable,0,None,0,None,88,Not Applicable,2,Intersection,2,Four-Way Intersection,1,No,1,No,88,Not Applicable,88,Not Applicable,88,Not Applicable,88,Not Applicable,TRUE,1,Public Road,1,"Trafficway, On Road",CT0009300,New Haven PD,40952,38:53.0,C,Closed,24:58.0,,,,,,,
964481,1,Complete,964481,964481,41.3163,-72.94249,3461620,New Haven,93,93,New Haven,8/20/2022,2022,8,August,20,7,Saturday,4:48:00,4,22028183,A,1,,Pedestrian,"Injury of any type (Serious, Minor, Possible)",B,Suspected Minor Injury (B),1,0,4,Local,0.75,556,SHERMAN AV,SHERMAN AV,,WHALLEY AVE,70,Feet,S,41.3163,-72.94249,9,Pedestrian,88,Not Applicable,1,On Roadway,1,Clear,88,Not Applicable,4,Dark-Lighted,1,Dry,0,None,88,Not Applicable,88,Not Applicable,0,None,88,Not Applicable,88,Not Applicable,1,Non-Junction,1,Not at Intersection,1,No,1,No,88,Not Applicable,88,Not Applicable,88,Not Applicable,88,Not Applicable,TRUE,1,Public Road,1,"Trafficway, On Road",CT0009300,New Haven PD,82,20:54.0,O,Open,25:01.0,,4,10900,4,MINOR ARTERIAL - NEW HPMS,2,Urban
964486,1,Complete,964486,964486,41.32598,-72.95879,3461625,New Haven,93,93,New Haven,8/20/2022,2022,8,August,20,7,Saturday,18:04:00,18,22028236,A,3,,Motor Vehicle In Motion,"Injury of any type (Serious, Minor, Possible)",B,Suspected Minor Injury (B),0,1,3,State,0.13,63,63-N,63-N,243-E,,,,,41.32598,-72.95879,14,Motor Vehicle in Operation,3,Angle,1,On Roadway,1,Clear,88,Not Applicable,1,Daylight,1,Dry,0,None,88,Not Applicable,88,Not Applicable,0,None,88,Not Applicable,88,Not Applicable,2,Intersection,3,T-Intersection,1,No,1,No,88,Not Applicable,88,Not Applicable,88,Not Applicable,88,Not Applicable,FALSE,1,Public Road,1,"Trafficway, On Road",CT0009300,New Haven PD,74,19:47.0,C,Closed,25:04.0,,1,23200,3,PRINCIPAL ARTERIAL - OTHER - NEW HPMS,3,Unknown
964487,1,Complete,964487,964487,41.2808,-72.89764,3461626,New Haven,93,93,New Haven,8/20/2022,2022,8,August,20,7,Saturday,15:46:00,15,22028237,A,3,,Motor Vehicle In Motion,"Injury of any type (Serious, Minor, Possible)",C,Possible Injury (C),0,0,4,Local,0.77,678,WOODWARD AV,WOODWARD AV,,UPSON TERRACE,100,Feet,S,41.2808,-72.89764,14,Motor Vehicle in Operation,3,Angle,1,On Roadway,1,Clear,88,Not Applicable,1,Daylight,1,Dry,0,None,88,Not Applicable,88,Not Applicable,0,None,88,Not Applicable,88,Not Applicable,11,Through Roadway,1,Not at Intersection,1,No,1,No,88,Not Applicable,88,Not Applicable,88,Not Applicable,88,Not Applicable,FALSE,1,Public Road,1,"Trafficway, On Road",CT0009300,New Haven PD,44060,30:33.0,C,Closed,25:06.0,,,,,,,
964488,1,Complete,964488,964488,41.32216,-72.90089,3461627,New Haven,93,93,New Haven,8/20/2022,2022,8,August,20,7,Saturday,18:49:00,18,22028249,A,2,,Motor Vehicle In Motion,"Injury of any type (Serious, Minor, Possible)",C,Possible Injury (C),0,1,4,Local,0.16,616,VIEW ST,VIEW ST,,ENGLISH DRIVE,100,Feet,S,41.32216,-72.90089,14,Motor Vehicle in Operation,1,Front to rear,1,On Roadway,1,Clear,88,Not Applicable,1,Daylight,1,Dry,0,None,88,Not Applicable,88,Not Applicable,0,None,88,Not Applicable,88,Not Applicable,1,Non-Junction,1,Not at Intersection,1,No,1,No,88,Not Applicable,88,Not Applicable,88,Not Applicable,88,Not Applicable,FALSE,1,Public Road,1,"Trafficway, On Road",CT0009300,New Haven PD,42052,54:26.0,C,Closed,25:07.0,,,,,,,