CrashId,Fatal Case Status,Fatal Case Status Text Format,CrashId,CrashId,Latitude,Longitude,DOT Case Number,Town Name,Town Number,Town Number,Town Number Text Format,Date Of Crash,Year,Month,Month Text Format,Day,Day of the Week,Day of the Week Text Format,Time of Crash,Hour of the Day,Case Identifier,Crash Severity,Number Of Motor Vehicles,Motor vehicle action,Most harmful event,Crash Severity Text Format,Most Severe Injury,Most Severe Injury Text Format,Number Of Non-Motorist,Number Of Witnesses,Route Class,Route Class Text Format,Milemarker,Road Number,Road Description,Roadway Name,Intersecting Roadway Name,Landmark Description,Distance From Nearest Landmark,Unit Of Measure From Nearest Landmark,Direction From Nearest Landmark,Latitude,Longitude,First Harmful Event,First Harmful Event Text Format,Manner of Crash / Collision Impact,Manner of Crash / Collision Impact Text Format,Location of First Harmful Event,Location of First Harmful Event Text Format,Weather Condition,Weather Condition Text Format,Weather 2,Weather 2 Text Format,Light Condition,Light Condition Text Format,Road Surface Condition,Road Surface Condition Text Format,"Contributing Circumstances, Environment","Contributing Circumstances, Environment Text Format",Environment 2,Environment 2 Text Format,Environment 3,Environment 3 Text Format,"Contributing Circumstances, Road","Contributing Circumstances, Road Text Format",Road 2,Road 2 Text Format,Road 3,Road 3 Text Format,Crash Specific Location,Crash Specific Location Text Format,Type of Intersection,Type of Intersection Text Format,School Bus Related,School Bus Related Text Format,Work Zone Related,Work Zone Related Text Format,Location Of Crash Relative To Work Zone,Location Of Crash Relative To Work Zone Text Format,Type of Work Zone,Type of Work Zone Text Format,Worker Presence,Worker Presence Text Format,Law Enforcement Presence,Law Enforcement Presence Text Format,Were Vehicles Moved Prior To Police Arrival,Trafficway Ownership,Trafficway Ownership Text Format,Trafficway Class,Trafficway Class Text Format,Police Agency,Police Agency Text Format,Badge Number,Approval Date,Police Case Status,Police Case Status Text Format,Crash Report Submission Date,Related Case Identifiers,No. of Through Lanes (Log Dir.),Average Daily Traffic,Functional Classification,Functional Classification Text Format,Rural or Urban,Rural or Urban Text Format
966852,1,Complete,966852,966852,41.30348,-72.89432,3463989,New Haven,93,93,New Haven,8/27/2022,2022,8,August,27,7,Saturday,23:21:00,23,22029202,A,2,,Motor Vehicle In Motion,"Injury of any type (Serious, Minor, Possible)",A,Suspected Serious Injury (A),0,0,4,Local,1.15,213,FERRY ST,FERRY ST,,,,,,41.30348,-72.89432,14,Motor Vehicle in Operation,3,Angle,1,On Roadway,1,Clear,88,Not Applicable,4,Dark-Lighted,1,Dry,99,Unknown,88,Not Applicable,88,Not Applicable,99,Unknown,88,Not Applicable,88,Not Applicable,2,Intersection,3,T-Intersection,1,No,1,No,88,Not Applicable,88,Not Applicable,88,Not Applicable,88,Not Applicable,TRUE,1,Public Road,1,"Trafficway, On Road",CT0009300,New Haven PD,44051,39:25.0,C,Closed,11:13.0,,,,,,,
966853,1,Complete,966853,966853,41.3100822,-72.8957067,3463990,New Haven,93,93,New Haven,8/28/2022,2022,8,August,28,1,Sunday,0:47:00,0,22029213,A,4,,Parked Vehicle,"Injury of any type (Serious, Minor, Possible)",C,Possible Injury (C),0,0,4,Local,0.68,213,FERRY ST,FERRY ST,,CLAY ST,300,Feet,S,41.3100822,-72.8957067,15,Parked Motor Vehicle,4,"Sideswipe, same direction",1,On Roadway,1,Clear,88,Not Applicable,4,Dark-Lighted,1,Dry,0,None,88,Not Applicable,88,Not Applicable,0,None,88,Not Applicable,88,Not Applicable,1,Non-Junction,1,Not at Intersection,1,No,1,No,88,Not Applicable,88,Not Applicable,88,Not Applicable,88,Not Applicable,FALSE,1,Public Road,1,"Trafficway, On Road",CT0009300,New Haven PD,42053,48:42.0,C,Closed,11:12.0,,,,,,,
966861,1,Complete,966861,966861,41.332042,-72.939765,3463998,New Haven,93,93,New Haven,8/29/2022,2022,8,August,29,2,Monday,15:34:00,15,22029376,A,2,,Motor Vehicle In Motion,"Injury of any type (Serious, Minor, Possible)",C,Possible Injury (C),0,0,4,Local,0.11,230,FOURNIER ST NO 1,FOURNIER ST NO 1,WILLIS ST,,,,,41.332042,-72.939765,14,Motor Vehicle in Operation,1,Front to rear,1,On Roadway,1,Clear,88,Not Applicable,1,Daylight,1,Dry,0,None,88,Not Applicable,88,Not Applicable,0,None,88,Not Applicable,88,Not Applicable,2,Intersection,3,T-Intersection,1,No,1,No,88,Not Applicable,88,Not Applicable,88,Not Applicable,88,Not Applicable,FALSE,1,Public Road,1,"Trafficway, On Road",CT0009300,New Haven PD,91,33:45.0,C,Closed,11:19.0,,,,,,,
966872,1,Complete,966872,966872,41.327971,-72.959461,3464009,New Haven,93,93,New Haven,8/30/2022,2022,8,August,30,3,Tuesday,16:46:00,16,22029521,A,2,,Motor Vehicle In Motion,"Injury of any type (Serious, Minor, Possible)",C,Possible Injury (C),0,0,4,Local,0.93,56,BLAKE ST,BLAKE ST,,VALLEY ST,50,Feet,N,41.327971,-72.959461,14,Motor Vehicle in Operation,1,Front to rear,1,On Roadway,1,Clear,88,Not Applicable,1,Daylight,1,Dry,0,None,88,Not Applicable,88,Not Applicable,0,None,88,Not Applicable,88,Not Applicable,1,Non-Junction,1,Not at Intersection,1,No,1,No,88,Not Applicable,88,Not Applicable,88,Not Applicable,88,Not Applicable,TRUE,1,Public Road,1,"Trafficway, On Road",CT0009300,New Haven PD,251,00:56.0,C,Closed,11:27.0,,,,,,,
967122,1,Complete,967122,967122,41.325887,-72.968486,3464259,New Haven,93,93,New Haven,8/26/2022,2022,8,August,26,6,Friday,13:50:00,13,22029004,A,2,,Motor Vehicle In Motion,"Injury of any type (Serious, Minor, Possible)",B,Suspected Minor Injury (B),0,0,3,State,3.28,122,122-N,122-N,WILLARD ST,,,,,41.325887,-72.968486,14,Motor Vehicle in Operation,3,Angle,1,On Roadway,1,Clear,88,Not Applicable,1,Daylight,1,Dry,2,Visual Obstruction(s),88,Not Applicable,88,Not Applicable,0,None,88,Not Applicable,88,Not Applicable,2,Intersection,3,T-Intersection,1,No,1,No,88,Not Applicable,88,Not Applicable,88,Not Applicable,88,Not Applicable,TRUE,1,Public Road,1,"Trafficway, On Road",CT0009300,New Haven PD,313,32:53.0,C,Closed,01:07.0,,1,11600,4,MINOR ARTERIAL - NEW HPMS,1,Rural
967123,1,Complete,967123,967123,41.32896,-72.94231,3464260,New Haven,93,93,New Haven,8/27/2022,2022,8,August,27,7,Saturday,8:29:00,8,22029119,A,2,,Motor Vehicle In Motion,"Injury of any type (Serious, Minor, Possible)",B,Suspected Minor Injury (B),0,0,4,Local,0.62,133,CRESCENT ST,CRESCENT ST,FOURNIER ST NO 1,,,,,41.32896,-72.94231,14,Motor Vehicle in Operation,1,Front to rear,1,On Roadway,1,Clear,88,Not Applicable,1,Daylight,1,Dry,0,None,88,Not Applicable,88,Not Applicable,0,None,88,Not Applicable,88,Not Applicable,3,Intersection-Related,3,T-Intersection,1,No,1,No,88,Not Applicable,88,Not Applicable,88,Not Applicable,88,Not Applicable,FALSE,1,Public Road,1,"Trafficway, On Road",CT0009300,New Haven PD,238,27:11.0,C,Closed,01:04.0,,4,6000,5,MAJOR COLLECTOR - NEW HPMS,2,Urban
967124,1,Complete,967124,967124,41.30624014,-72.93554775,3464261,New Haven,93,93,New Haven,8/28/2022,2022,8,August,28,1,Sunday,14:34:00,14,22029263,A,2,,"Other Fixed Object (wall, building, tunnel, etc.)","Injury of any type (Serious, Minor, Possible)",C,Possible Injury (C),0,0,4,Local,0.64,809,REV DR MLK JR BLVD,REV DR MLK JR BLVD,PARK ST,,,,,41.30624014,-72.93554775,39,"Other Fixed Object (wall, building, tunnel, etc.)",97,Other,1,On Roadway,1,Clear,88,Not Applicable,1,Daylight,1,Dry,0,None,88,Not Applicable,88,Not Applicable,0,None,88,Not Applicable,88,Not Applicable,2,Intersection,2,Four-Way Intersection,1,No,1,No,88,Not Applicable,88,Not Applicable,88,Not Applicable,88,Not Applicable,TRUE,1,Public Road,1,"Trafficway, On Road",CT0009300,New Haven PD,301,40:57.0,C,Closed,01:10.0,,,,,,,
967131,1,Complete,967131,967131,41.31791847,-72.89432169,3464268,New Haven,93,93,New Haven,8/31/2022,2022,8,August,31,4,Wednesday,9:02:00,9,22029610,A,2,,Motor Vehicle In Motion,"Injury of any type (Serious, Minor, Possible)",C,Possible Injury (C),0,0,4,Local,0.04,29,ATWATER ST,ATWATER ST,DOVER ST,,,,,41.31791847,-72.89432169,14,Motor Vehicle in Operation,3,Angle,1,On Roadway,1,Clear,88,Not Applicable,1,Daylight,1,Dry,0,None,88,Not Applicable,88,Not Applicable,0,None,88,Not Applicable,88,Not Applicable,2,Intersection,2,Four-Way Intersection,1,No,1,No,88,Not Applicable,88,Not Applicable,88,Not Applicable,88,Not Applicable,FALSE,1,Public Road,1,"Trafficway, On Road",CT0009300,New Haven PD,263,25:02.0,C,Closed,01:06.0,,,,,,,
967132,1,Complete,967132,967132,41.31221,-72.89584,3464269,New Haven,93,93,New Haven,8/31/2022,2022,8,August,31,4,Wednesday,7:47:00,7,22029611,A,2,,Motor Vehicle In Motion,"Injury of any type (Serious, Minor, Possible)",C,Possible Injury (C),0,0,4,Local,0.02,738,PINE ST NO 2,PINE ST NO 2,,FERRY ST,50,Feet,E,41.31221,-72.89584,14,Motor Vehicle in Operation,4,"Sideswipe, same direction",1,On Roadway,1,Clear,88,Not Applicable,1,Daylight,1,Dry,0,None,88,Not Applicable,88,Not Applicable,0,None,88,Not Applicable,88,Not Applicable,1,Non-Junction,1,Not at Intersection,1,No,1,No,88,Not Applicable,88,Not Applicable,88,Not Applicable,88,Not Applicable,FALSE,1,Public Road,1,"Trafficway, On Road",CT0009300,New Haven PD,42367,06:18.0,C,Closed,01:08.0,,,,,,,
967138,1,Complete,967138,967138,41.30618,-72.93919,3464275,New Haven,93,93,New Haven,8/31/2022,2022,8,August,31,4,Wednesday,15:31:00,15,22029666,A,2,,Motor Vehicle In Motion,"Injury of any type (Serious, Minor, Possible)",C,Possible Injury (C),0,0,4,Local,0.7,360,LEGION AV-RT 34,LEGION AV-RT 34,DWIGHT ST,,,,,41.30618,-72.93919,14,Motor Vehicle in Operation,3,Angle,1,On Roadway,1,Clear,88,Not Applicable,1,Daylight,1,Dry,0,None,88,Not Applicable,88,Not Applicable,0,None,88,Not Applicable,88,Not Applicable,2,Intersection,3,T-Intersection,1,No,1,No,88,Not Applicable,88,Not Applicable,88,Not Applicable,88,Not Applicable,FALSE,1,Public Road,1,"Trafficway, On Road",CT0009300,New Haven PD,11439,47:28.0,C,Closed,01:16.0,,,,,,,
967139,1,Complete,967139,967139,41.31996,-72.89805,3464276,New Haven,93,93,New Haven,8/31/2022,2022,8,August,31,4,Wednesday,16:59:00,16,22029677,A,1,,Pedestrian,"Injury of any type (Serious, Minor, Possible)",A,Suspected Serious Injury (A),1,1,2,USRoute,0.42,5,5-N,5-N,GRACE ST,,,,,41.31996,-72.89805,9,Pedestrian,88,Not Applicable,1,On Roadway,1,Clear,88,Not Applicable,1,Daylight,1,Dry,0,None,88,Not Applicable,88,Not Applicable,0,None,88,Not Applicable,88,Not Applicable,2,Intersection,3,T-Intersection,1,No,1,No,88,Not Applicable,88,Not Applicable,88,Not Applicable,88,Not Applicable,FALSE,1,Public Road,1,"Trafficway, On Road",CT0009300,New Haven PD,42052,44:33.0,O,Open,01:17.0,,2,19300,4,MINOR ARTERIAL - NEW HPMS,2,Urban
970193,1,Complete,970193,970193,41.3187095,-72.8995869,3466356,New Haven,93,93,New Haven,7/2/2022,2022,7,July,2,7,Saturday,20:56:00,20,22022074,A,1,,Motor Vehicle In Motion,"Injury of any type (Serious, Minor, Possible)",C,Possible Injury (C),1,0,1,Interstate,0,91,91-S-142,91-S-142,5-N,,,,,41.3187095,-72.8995869,10,Pedalcycle/Pedalcyclist,3,Angle,1,On Roadway,1,Clear,88,Not Applicable,5,Dark-Not Lighted,1,Dry,0,None,88,Not Applicable,88,Not Applicable,0,None,88,Not Applicable,88,Not Applicable,2,Intersection,3,T-Intersection,1,No,1,No,88,Not Applicable,88,Not Applicable,88,Not Applicable,88,Not Applicable,FALSE,1,Public Road,1,"Trafficway, On Road",CT0009300,New Haven PD,40953,33:22.0,O,Open,39:01.0,,2,28800,1,INTERSTATE - NEW HPMS,2,Urban
970196,1,Complete,970196,970196,41.29232,-72.91956,3466359,New Haven,93,93,New Haven,7/25/2022,2022,7,July,25,2,Monday,20:02:00,20,22024797,A,2,,Motor Vehicle In Motion,"Injury of any type (Serious, Minor, Possible)",C,Possible Injury (C),0,0,4,Local,0.54,513,LONG WHARF DR,LONG WHARF DR,,CANAL DOCK,100,Feet,S,41.29232,-72.91956,14,Motor Vehicle in Operation,1,Front to rear,1,On Roadway,1,Clear,88,Not Applicable,1,Daylight,1,Dry,0,None,88,Not Applicable,88,Not Applicable,0,None,88,Not Applicable,88,Not Applicable,1,Non-Junction,1,Not at Intersection,1,No,1,No,88,Not Applicable,88,Not Applicable,88,Not Applicable,88,Not Applicable,FALSE,1,Public Road,1,"Trafficway, On Road",CT0009300,New Haven PD,40811,11:34.0,O,Open,39:49.0,,,,,,,
970199,1,Complete,970199,970199,41.31413,-72.93987,3466362,New Haven,93,93,New Haven,8/11/2022,2022,8,August,11,5,Thursday,0:47:00,0,22026996,A,2,,Motor Vehicle In Motion,"Injury of any type (Serious, Minor, Possible)",C,Possible Injury (C),0,1,4,Local,0.9,453,ORCHARD ST,ORCHARD ST,ELM ST NO 1,,,,,41.31413,-72.93987,14,Motor Vehicle in Operation,1,Front to rear,1,On Roadway,1,Clear,88,Not Applicable,4,Dark-Lighted,1,Dry,99,Unknown,88,Not Applicable,88,Not Applicable,99,Unknown,88,Not Applicable,88,Not Applicable,3,Intersection-Related,2,Four-Way Intersection,1,No,1,No,88,Not Applicable,88,Not Applicable,88,Not Applicable,88,Not Applicable,TRUE,1,Public Road,1,"Trafficway, On Road",CT0009300,New Haven PD,412,37:49.0,O,Open,38:45.0,,,,,,,
970201,1,Complete,970201,970201,41.32024,-72.940086,3466364,New Haven,93,93,New Haven,8/14/2022,2022,8,August,14,1,Sunday,20:01:00,20,22027461,A,2,,Motor Vehicle In Motion,"Injury of any type (Serious, Minor, Possible)",C,Possible Injury (C),0,0,4,Local,0,557,SHERMAN PKWY,SHERMAN PKWY,GOFFE ST,,,,,41.32024,-72.940086,14,Motor Vehicle in Operation,1,Front to rear,1,On Roadway,1,Clear,88,Not Applicable,3,Dusk,1,Dry,0,None,88,Not Applicable,88,Not Applicable,0,None,88,Not Applicable,88,Not Applicable,2,Intersection,2,Four-Way Intersection,1,No,1,No,88,Not Applicable,88,Not Applicable,88,Not Applicable,88,Not Applicable,TRUE,1,Public Road,1,"Trafficway, On Road",CT0009300,New Haven PD,301,37:57.0,O,Open,39:29.0,,,,,,,
970203,1,Complete,970203,970203,41.325899,-72.958591,3466366,New Haven,93,93,New Haven,8/22/2022,2022,8,August,22,2,Monday,9:04:00,9,22028395,A,2,,Motor Vehicle In Motion,"Injury of any type (Serious, Minor, Possible)",C,Possible Injury (C),0,0,3,State,0.11,63,63-N,63-N,WEST ROCK AV NO 2,,,,,41.325899,-72.958591,14,Motor Vehicle in Operation,1,Front to rear,1,On Roadway,1,Clear,88,Not Applicable,1,Daylight,1,Dry,0,None,88,Not Applicable,88,Not Applicable,0,None,88,Not Applicable,88,Not Applicable,2,Intersection,3,T-Intersection,1,No,1,No,88,Not Applicable,88,Not Applicable,88,Not Applicable,88,Not Applicable,TRUE,1,Public Road,1,"Trafficway, On Road",CT0009300,New Haven PD,44175,52:59.0,C,Closed,39:20.0,,2,23200,3,PRINCIPAL ARTERIAL - OTHER - NEW HPMS,3,Unknown
970204,1,Complete,970204,970204,41.3130093,-72.9520235,3466367,New Haven,93,93,New Haven,8/25/2022,2022,8,August,25,5,Thursday,18:34:00,18,22028923,A,2,,Motor Vehicle In Motion,"Injury of any type (Serious, Minor, Possible)",C,Possible Injury (C),0,0,3,State,2.59,10,10-N,10-N,CHAPEL ST,,,,,41.3130093,-72.9520235,14,Motor Vehicle in Operation,3,Angle,1,On Roadway,1,Clear,88,Not Applicable,1,Daylight,1,Dry,0,None,88,Not Applicable,88,Not Applicable,0,None,88,Not Applicable,88,Not Applicable,2,Intersection,2,Four-Way Intersection,1,No,1,No,88,Not Applicable,88,Not Applicable,88,Not Applicable,88,Not Applicable,FALSE,1,Public Road,1,"Trafficway, On Road",CT0009300,New Haven PD,42046,32:38.0,O,Open,38:58.0,,1,19800,3,PRINCIPAL ARTERIAL - OTHER - NEW HPMS,1,Rural
970210,1,Complete,970210,970210,41.30951,-72.889818,3466373,New Haven,93,93,New Haven,8/29/2022,2022,8,August,29,2,Monday,14:01:00,14,22029372,A,2,,Motor Vehicle In Motion,"Injury of any type (Serious, Minor, Possible)",C,Possible Injury (C),0,0,4,Local,0.21,264,GRAND AV,GRAND AV,PERKINS ST,,,,,41.30951,-72.889818,14,Motor Vehicle in Operation,3,Angle,1,On Roadway,1,Clear,88,Not Applicable,1,Daylight,1,Dry,0,None,88,Not Applicable,88,Not Applicable,0,None,88,Not Applicable,88,Not Applicable,3,Intersection-Related,3,T-Intersection,1,No,1,No,88,Not Applicable,88,Not Applicable,88,Not Applicable,88,Not Applicable,FALSE,1,Public Road,1,"Trafficway, On Road",CT0009300,New Haven PD,980,53:55.0,C,Closed,38:46.0,,,,,,,
970218,1,Complete,970218,970218,41.31433,-72.90406,3466381,New Haven,93,93,New Haven,8/31/2022,2022,8,August,31,4,Wednesday,16:26:00,16,22029663,A,3,,Motor Vehicle In Motion,"Injury of any type (Serious, Minor, Possible)",C,Possible Injury (C),0,0,4,Local,0,379,LOMBARD ST,LOMBARD ST,HUMPHREY ST,,,,,41.31433,-72.90406,14,Motor Vehicle in Operation,1,Front to rear,1,On Roadway,1,Clear,88,Not Applicable,1,Daylight,1,Dry,0,None,88,Not Applicable,88,Not Applicable,0,None,88,Not Applicable,88,Not Applicable,2,Intersection,2,Four-Way Intersection,1,No,1,No,88,Not Applicable,88,Not Applicable,88,Not Applicable,88,Not Applicable,FALSE,1,Public Road,1,"Trafficway, On Road",CT0009300,New Haven PD,42057,45:22.0,C,Closed,39:22.0,,,,,,,
970220,1,Complete,970220,970220,41.31172,-72.89989,3466383,New Haven,93,93,New Haven,8/31/2022,2022,8,August,31,4,Wednesday,21:35:00,21,22029702,A,2,,Motor Vehicle In Motion,"Injury of any type (Serious, Minor, Possible)",C,Possible Injury (C),0,0,4,Local,0.6,57,BLATCHLEY AV,BLATCHLEY AV,PINE ST NO 1,,,,,41.31172,-72.89989,14,Motor Vehicle in Operation,2,Front to front,1,On Roadway,1,Clear,88,Not Applicable,4,Dark-Lighted,1,Dry,0,None,88,Not Applicable,88,Not Applicable,0,None,88,Not Applicable,88,Not Applicable,2,Intersection,2,Four-Way Intersection,1,No,1,No,88,Not Applicable,88,Not Applicable,88,Not Applicable,88,Not Applicable,FALSE,1,Public Road,1,"Trafficway, On Road",CT0009300,New Haven PD,44044,08:04.0,O,Open,38:43.0,22-029702,,,,,,
970224,1,Complete,970224,970224,41.3312738,-72.9171911,3466387,New Haven,93,93,New Haven,9/1/2022,2022,9,September,1,5,Thursday,9:37:00,9,22029734,A,1,,Pedestrian,"Injury of any type (Serious, Minor, Possible)",B,Suspected Minor Injury (B),1,0,4,Local,0.45,171,EAST ROCK RD,EAST ROCK RD,EDGEHILL RD,,,,,41.3312738,-72.9171911,9,Pedestrian,88,Not Applicable,1,On Roadway,1,Clear,88,Not Applicable,1,Daylight,1,Dry,0,None,88,Not Applicable,88,Not Applicable,0,None,88,Not Applicable,88,Not Applicable,2,Intersection,2,Four-Way Intersection,1,No,1,No,88,Not Applicable,88,Not Applicable,88,Not Applicable,88,Not Applicable,FALSE,1,Public Road,1,"Trafficway, On Road",CT0009300,New Haven PD,40953,20:58.0,C,Closed,38:47.0,,2,4001,7,LOCAL - NEW HPMS,2,Urban
970225,1,Complete,970225,970225,41.29916,-72.91882,3466388,New Haven,93,93,New Haven,9/1/2022,2022,9,September,1,5,Thursday,9:46:00,9,22029736,A,2,,Motor Vehicle In Motion,"Injury of any type (Serious, Minor, Possible)",C,Possible Injury (C),0,0,4,Local,0.14,692,BREWERY ST,BREWERY ST,SARGENT DR,,,,,41.29916,-72.91882,14,Motor Vehicle in Operation,4,"Sideswipe, same direction",1,On Roadway,1,Clear,88,Not Applicable,1,Daylight,1,Dry,0,None,88,Not Applicable,88,Not Applicable,0,None,88,Not Applicable,88,Not Applicable,2,Intersection,3,T-Intersection,1,No,1,No,88,Not Applicable,88,Not Applicable,88,Not Applicable,88,Not Applicable,TRUE,1,Public Road,1,"Trafficway, On Road",CT0009300,New Haven PD,26,34:40.0,C,Closed,38:48.0,,,,,,,
970227,1,Complete,970227,970227,41.33352,-72.9506,3466390,New Haven,93,93,New Haven,9/1/2022,2022,9,September,1,5,Thursday,15:06:00,15,22029792,A,2,,Motor Vehicle In Motion,"Injury of any type (Serious, Minor, Possible)",C,Possible Injury (C),0,1,4,Local,0,208,FARNHAM AV,FARNHAM AV,WINTERGREEN AV,,,,,41.33352,-72.9506,14,Motor Vehicle in Operation,3,Angle,1,On Roadway,1,Clear,88,Not Applicable,1,Daylight,1,Dry,0,None,88,Not Applicable,88,Not Applicable,0,None,88,Not Applicable,88,Not Applicable,2,Intersection,3,T-Intersection,1,No,1,No,88,Not Applicable,88,Not Applicable,88,Not Applicable,88,Not Applicable,TRUE,1,Public Road,1,"Trafficway, On Road",CT0009300,New Haven PD,170,41:41.0,C,Closed,38:55.0,,,,,,,
970232,1,Complete,970232,970232,41.31456,-72.94944,3466395,New Haven,93,93,New Haven,9/1/2022,2022,9,September,1,5,Thursday,18:14:00,18,22029836,A,2,,Motor Vehicle In Motion,"Injury of any type (Serious, Minor, Possible)",B,Suspected Minor Injury (B),0,1,4,Local,1.15,179,EDGEWOOD AV,EDGEWOOD AV,ELLSWORTH AV,,,,,41.31456,-72.94944,14,Motor Vehicle in Operation,3,Angle,1,On Roadway,1,Clear,88,Not Applicable,1,Daylight,1,Dry,0,None,88,Not Applicable,88,Not Applicable,0,None,88,Not Applicable,88,Not Applicable,2,Intersection,2,Four-Way Intersection,1,No,1,No,88,Not Applicable,88,Not Applicable,88,Not Applicable,88,Not Applicable,FALSE,1,Public Road,1,"Trafficway, On Road",CT0009300,New Haven PD,40793,34:55.0,C,Closed,38:53.0,,,,,,,
970239,1,Complete,970239,970239,41.31454,-72.9494,3466402,New Haven,93,93,New Haven,9/2/2022,2022,9,September,2,6,Friday,16:45:00,16,22029939,A,2,,Motor Vehicle In Motion,"Injury of any type (Serious, Minor, Possible)",B,Suspected Minor Injury (B),0,0,4,Local,1.15,179,EDGEWOOD AV,EDGEWOOD AV,ELLSWORTH AV,,,,,41.31454,-72.9494,14,Motor Vehicle in Operation,3,Angle,1,On Roadway,1,Clear,88,Not Applicable,1,Daylight,1,Dry,0,None,88,Not Applicable,88,Not Applicable,0,None,88,Not Applicable,88,Not Applicable,2,Intersection,2,Four-Way Intersection,1,No,1,No,88,Not Applicable,88,Not Applicable,88,Not Applicable,88,Not Applicable,FALSE,1,Public Road,1,"Trafficway, On Road",CT0009300,New Haven PD,40793,51:35.0,C,Closed,38:59.0,,,,,,,
970240,1,Complete,970240,970240,41.314032,-72.878585,3466403,New Haven,93,93,New Haven,9/2/2022,2022,9,September,2,6,Friday,16:25:00,16,22029941,A,2,,Motor Vehicle In Motion,"Injury of any type (Serious, Minor, Possible)",B,Suspected Minor Injury (B),0,0,4,Local,1.7,498,QUINNIPIAC AV,QUINNIPIAC AV,,HEMINGWAY ST,188,Feet,N,41.314032,-72.878585,14,Motor Vehicle in Operation,2,Front to front,1,On Roadway,1,Clear,88,Not Applicable,1,Daylight,1,Dry,0,None,88,Not Applicable,88,Not Applicable,0,None,88,Not Applicable,88,Not Applicable,1,Non-Junction,1,Not at Intersection,1,No,1,No,88,Not Applicable,88,Not Applicable,88,Not Applicable,88,Not Applicable,FALSE,1,Public Road,1,"Trafficway, On Road",CT0009300,New Haven PD,416,46:08.0,C,Closed,39:03.0,,,,,,,
970241,1,Complete,970241,970241,41.30629,-72.94264,3466404,New Haven,93,93,New Haven,9/2/2022,2022,9,September,2,6,Friday,17:52:00,17,22029946,A,2,,Motor Vehicle In Motion,"Injury of any type (Serious, Minor, Possible)",C,Possible Injury (C),0,0,4,Local,0.52,360,LEGION AV-RT 34,LEGION AV-RT 34,ORCHARD ST,,,,,41.30629,-72.94264,14,Motor Vehicle in Operation,1,Front to rear,1,On Roadway,1,Clear,88,Not Applicable,1,Daylight,1,Dry,0,None,88,Not Applicable,88,Not Applicable,0,None,88,Not Applicable,88,Not Applicable,2,Intersection,2,Four-Way Intersection,1,No,1,No,88,Not Applicable,88,Not Applicable,88,Not Applicable,88,Not Applicable,FALSE,1,Public Road,1,"Trafficway, On Road",CT0009300,New Haven PD,281,56:13.0,C,Closed,39:12.0,,,,,,,
970242,1,Complete,970242,970242,41.303261,-72.925736,3466405,New Haven,93,93,New Haven,9/5/2022,2022,9,September,5,2,Monday,15:11:00,15,22029950,A,2,,Motor Vehicle In Motion,"Injury of any type (Serious, Minor, Possible)",B,Suspected Minor Injury (B),0,1,4,Local,0.08,727,ORANGE ST NO 2,ORANGE ST NO 2,,ELLA T GRASSO BLVD,100,Feet,W,41.303261,-72.925736,14,Motor Vehicle in Operation,4,"Sideswipe, same direction",1,On Roadway,1,Clear,1,Clear,1,Daylight,1,Dry,0,None,88,Not Applicable,88,Not Applicable,0,None,88,Not Applicable,88,Not Applicable,1,Non-Junction,1,Not at Intersection,1,No,1,No,88,Not Applicable,88,Not Applicable,88,Not Applicable,88,Not Applicable,FALSE,1,Public Road,1,"Trafficway, On Road",CT0009300,New Haven PD,428,34:12.0,O,Open,39:33.0,,,,,,,
970243,1,Complete,970243,970243,41.318495,-72.902991,3466406,New Haven,93,93,New Haven,9/2/2022,2022,9,September,2,6,Friday,17:02:00,17,22029951,A,2,,Motor Vehicle In Motion,"Injury of any type (Serious, Minor, Possible)",C,Possible Injury (C),0,0,1,Interstate,0.32,91,91-N-141,91-N-141,WILLOW ST,,,,,41.318495,-72.902991,14,Motor Vehicle in Operation,3,Angle,1,On Roadway,1,Clear,88,Not Applicable,1,Daylight,1,Dry,0,None,88,Not Applicable,88,Not Applicable,0,None,88,Not Applicable,88,Not Applicable,2,Intersection,3,T-Intersection,1,No,1,No,88,Not Applicable,88,Not Applicable,88,Not Applicable,88,Not Applicable,FALSE,1,Public Road,1,"Trafficway, On Road",CT0009300,New Haven PD,87,35:09.0,C,Closed,39:02.0,,2,28800,1,INTERSTATE - NEW HPMS,2,Urban
970249,1,Complete,970249,970249,41.30824,-72.92414,3466412,New Haven,93,93,New Haven,9/3/2022,2022,9,September,3,7,Saturday,1:30:00,1,22030004,A,2,,Motor Vehicle In Motion,"Injury of any type (Serious, Minor, Possible)",C,Possible Injury (C),0,0,4,Local,0.34,103,CHURCH ST,CHURCH ST,ELM ST NO 2,,,,,41.30824,-72.92414,14,Motor Vehicle in Operation,3,Angle,1,On Roadway,1,Clear,88,Not Applicable,4,Dark-Lighted,1,Dry,0,None,88,Not Applicable,88,Not Applicable,0,None,88,Not Applicable,88,Not Applicable,2,Intersection,2,Four-Way Intersection,1,No,1,No,88,Not Applicable,88,Not Applicable,88,Not Applicable,88,Not Applicable,FALSE,1,Public Road,1,"Trafficway, On Road",CT0009300,New Haven PD,42367,54:23.0,C,Closed,39:05.0,,,,,,,