CrashId,Fatal Case Status,Fatal Case Status Text Format,CrashId,CrashId,Latitude,Longitude,DOT Case Number,Town Name,Town Number,Town Number,Town Number Text Format,Date Of Crash,Year,Month,Month Text Format,Day,Day of the Week,Day of the Week Text Format,Time of Crash,Hour of the Day,Case Identifier,Crash Severity,Number Of Motor Vehicles,Motor vehicle action,Most harmful event,Crash Severity Text Format,Most Severe Injury,Most Severe Injury Text Format,Number Of Non-Motorist,Number Of Witnesses,Route Class,Route Class Text Format,Milemarker,Road Number,Road Description,Roadway Name,Intersecting Roadway Name,Landmark Description,Distance From Nearest Landmark,Unit Of Measure From Nearest Landmark,Direction From Nearest Landmark,Latitude,Longitude,First Harmful Event,First Harmful Event Text Format,Manner of Crash / Collision Impact,Manner of Crash / Collision Impact Text Format,Location of First Harmful Event,Location of First Harmful Event Text Format,Weather Condition,Weather Condition Text Format,Weather 2,Weather 2 Text Format,Light Condition,Light Condition Text Format,Road Surface Condition,Road Surface Condition Text Format,"Contributing Circumstances, Environment","Contributing Circumstances, Environment Text Format",Environment 2,Environment 2 Text Format,Environment 3,Environment 3 Text Format,"Contributing Circumstances, Road","Contributing Circumstances, Road Text Format",Road 2,Road 2 Text Format,Road 3,Road 3 Text Format,Crash Specific Location,Crash Specific Location Text Format,Type of Intersection,Type of Intersection Text Format,School Bus Related,School Bus Related Text Format,Work Zone Related,Work Zone Related Text Format,Location Of Crash Relative To Work Zone,Location Of Crash Relative To Work Zone Text Format,Type of Work Zone,Type of Work Zone Text Format,Worker Presence,Worker Presence Text Format,Law Enforcement Presence,Law Enforcement Presence Text Format,Were Vehicles Moved Prior To Police Arrival,Trafficway Ownership,Trafficway Ownership Text Format,Trafficway Class,Trafficway Class Text Format,Police Agency,Police Agency Text Format,Badge Number,Approval Date,Police Case Status,Police Case Status Text Format,Crash Report Submission Date,Related Case Identifiers,No. of Through Lanes (Log Dir.),Average Daily Traffic,Functional Classification,Functional Classification Text Format,Rural or Urban,Rural or Urban Text Format
970263,1,Complete,970263,970263,41.320537,-72.951199,3466426,New Haven,93,93,New Haven,9/3/2022,2022,9,September,3,7,Saturday,20:49:00,20,22030084,A,1,,Pedestrian,"Injury of any type (Serious, Minor, Possible)",A,Suspected Serious Injury (A),1,1,3,State,3.18,10,10-N,10-N,,HOBART ST,30,Feet,W,41.320537,-72.951199,9,Pedestrian,88,Not Applicable,1,On Roadway,1,Clear,88,Not Applicable,4,Dark-Lighted,1,Dry,0,None,88,Not Applicable,88,Not Applicable,0,None,88,Not Applicable,88,Not Applicable,11,Through Roadway,1,Not at Intersection,1,No,1,No,88,Not Applicable,88,Not Applicable,88,Not Applicable,88,Not Applicable,FALSE,1,Public Road,1,"Trafficway, On Road",CT0009300,New Haven PD,40793,27:12.0,O,Open,39:21.0,,4,18000,3,PRINCIPAL ARTERIAL - OTHER - NEW HPMS,2,Urban
970264,1,Complete,970264,970264,41.287396,-72.889763,3466427,New Haven,93,93,New Haven,9/3/2022,2022,9,September,3,7,Saturday,15:03:00,15,22030086,A,2,,Motor Vehicle In Motion,"Injury of any type (Serious, Minor, Possible)",B,Suspected Minor Injury (B),0,0,4,Local,0,317,HUNTINGTON AV,HUNTINGTON AV,,MAIN ST,20,Feet,S,41.287396,-72.889763,14,Motor Vehicle in Operation,3,Angle,1,On Roadway,1,Clear,88,Not Applicable,1,Daylight,1,Dry,0,None,88,Not Applicable,88,Not Applicable,0,None,88,Not Applicable,88,Not Applicable,9,Driveway Access-Related,1,Not at Intersection,1,No,1,No,88,Not Applicable,88,Not Applicable,88,Not Applicable,88,Not Applicable,FALSE,1,Public Road,1,"Trafficway, On Road",CT0009300,New Haven PD,409,10:36.0,C,Closed,39:37.0,,,,,,,
970265,1,Complete,970265,970265,41.32221,-72.9535,3466428,New Haven,93,93,New Haven,9/4/2022,2022,9,September,4,1,Sunday,1:26:00,1,22030099,A,2,,Motor Vehicle In Motion,"Injury of any type (Serious, Minor, Possible)",C,Possible Injury (C),0,0,3,State,3.35,10,10-N,10-N,OSBORN AV,,,,,41.32221,-72.9535,14,Motor Vehicle in Operation,97,Other,1,On Roadway,1,Clear,88,Not Applicable,4,Dark-Lighted,1,Dry,99,Unknown,88,Not Applicable,88,Not Applicable,0,None,88,Not Applicable,88,Not Applicable,2,Intersection,3,T-Intersection,1,No,1,No,88,Not Applicable,88,Not Applicable,88,Not Applicable,88,Not Applicable,TRUE,1,Public Road,1,"Trafficway, On Road",CT0009300,New Haven PD,43614,21:17.0,O,Open,39:53.0,,2,18100,3,PRINCIPAL ARTERIAL - OTHER - NEW HPMS,2,Urban
970269,1,Complete,970269,970269,41.306551,-72.953075,3466432,New Haven,93,93,New Haven,9/4/2022,2022,9,September,4,1,Sunday,4:04:00,4,22030113,A,1,,Ran Off Roadway Left,"Injury of any type (Serious, Minor, Possible)",C,Possible Injury (C),0,0,3,State,2.24,10,10-N,10-N,N FRONTAGE RD,,,,,41.306551,-72.953075,32,Tree (standing),88,Not Applicable,1,On Roadway,1,Clear,88,Not Applicable,5,Dark-Not Lighted,1,Dry,99,Unknown,88,Not Applicable,88,Not Applicable,99,Unknown,88,Not Applicable,88,Not Applicable,2,Intersection,3,T-Intersection,1,No,1,No,88,Not Applicable,88,Not Applicable,88,Not Applicable,88,Not Applicable,FALSE,1,Public Road,1,"Trafficway, On Road",CT0009300,New Haven PD,43690,59:11.0,C,Closed,39:16.0,,4,33100,3,PRINCIPAL ARTERIAL - OTHER - NEW HPMS,2,Urban
970273,1,Complete,970273,970273,41.31665,-72.90698,3466436,New Haven,93,93,New Haven,9/4/2022,2022,9,September,4,1,Sunday,9:52:00,9,22030131,A,2,,Motor Vehicle In Motion,"Injury of any type (Serious, Minor, Possible)",C,Possible Injury (C),0,1,4,Local,0.14,575,STATE ST,STATE ST,,LAWRENCE ST,350,Feet,E,41.31665,-72.90698,14,Motor Vehicle in Operation,3,Angle,1,On Roadway,1,Clear,88,Not Applicable,1,Daylight,1,Dry,0,None,88,Not Applicable,88,Not Applicable,0,None,88,Not Applicable,88,Not Applicable,1,Non-Junction,1,Not at Intersection,1,No,1,No,88,Not Applicable,88,Not Applicable,88,Not Applicable,88,Not Applicable,FALSE,1,Public Road,1,"Trafficway, On Road",CT0009300,New Haven PD,42053,50:04.0,C,Closed,39:18.0,,,,,,,
970274,1,Complete,970274,970274,41.30904,-72.89475,3466437,New Haven,93,93,New Haven,9/4/2022,2022,9,September,4,1,Sunday,10:37:00,10,22030134,A,2,,Motor Vehicle In Motion,"Injury of any type (Serious, Minor, Possible)",C,Possible Injury (C),0,0,4,Local,0.47,264,GRAND AV,GRAND AV,,BRIGHT ST,20,Feet,W,41.30904,-72.89475,14,Motor Vehicle in Operation,1,Front to rear,1,On Roadway,1,Clear,88,Not Applicable,1,Daylight,1,Dry,0,None,88,Not Applicable,88,Not Applicable,0,None,88,Not Applicable,88,Not Applicable,1,Non-Junction,1,Not at Intersection,1,No,1,No,88,Not Applicable,88,Not Applicable,88,Not Applicable,88,Not Applicable,TRUE,1,Public Road,1,"Trafficway, On Road",CT0009300,New Haven PD,263,18:58.0,C,Closed,39:19.0,,,,,,,
970278,1,Complete,970278,970278,41.30755,-72.89516,3466441,New Haven,93,93,New Haven,9/4/2022,2022,9,September,4,1,Sunday,19:26:00,19,22030176,A,2,,Motor Vehicle In Motion,"Injury of any type (Serious, Minor, Possible)",C,Possible Injury (C),0,0,4,Local,0.84,213,FERRY ST,FERRY ST,EXCHANGE ST,,,,,41.30755,-72.89516,14,Motor Vehicle in Operation,1,Front to rear,1,On Roadway,2,Cloudy,88,Not Applicable,1,Daylight,2,Wet,0,None,88,Not Applicable,88,Not Applicable,0,None,88,Not Applicable,88,Not Applicable,3,Intersection-Related,2,Four-Way Intersection,1,No,1,No,88,Not Applicable,88,Not Applicable,88,Not Applicable,88,Not Applicable,FALSE,1,Public Road,1,"Trafficway, On Road",CT0009300,New Haven PD,44053,34:27.0,C,Closed,39:36.0,,,,,,,
970279,1,Complete,970279,970279,41.3178185,-72.9377405,3466442,New Haven,93,93,New Haven,9/4/2022,2022,9,September,4,1,Sunday,17:38:00,17,22030180,A,2,,Motor Vehicle In Motion,"Injury of any type (Serious, Minor, Possible)",B,Suspected Minor Injury (B),0,0,4,Local,0.27,257,GOFFE ST,GOFFE ST,ORCHARD ST,,,,,41.3178185,-72.9377405,14,Motor Vehicle in Operation,3,Angle,1,On Roadway,4,Rain,88,Not Applicable,3,Dusk,2,Wet,0,None,88,Not Applicable,88,Not Applicable,0,None,88,Not Applicable,88,Not Applicable,2,Intersection,2,Four-Way Intersection,1,No,1,No,88,Not Applicable,88,Not Applicable,88,Not Applicable,88,Not Applicable,FALSE,1,Public Road,1,"Trafficway, On Road",CT0009300,New Haven PD,40812,23:48.0,C,Closed,39:21.0,,,,,,,
970280,1,Complete,970280,970280,41.26797,-72.897296,3466443,New Haven,93,93,New Haven,9/4/2022,2022,9,September,4,1,Sunday,20:05:00,20,22030196,A,1,,Pedestrian,"Injury of any type (Serious, Minor, Possible)",B,Suspected Minor Injury (B),1,0,4,Local,0.02,225,FORT HALE PARK RD,FORT HALE PARK RD,,TOWNSEND AVE,100,Feet,E,41.26797,-72.897296,9,Pedestrian,88,Not Applicable,1,On Roadway,4,Rain,88,Not Applicable,4,Dark-Lighted,2,Wet,0,None,88,Not Applicable,88,Not Applicable,0,None,88,Not Applicable,88,Not Applicable,1,Non-Junction,1,Not at Intersection,1,No,1,No,88,Not Applicable,88,Not Applicable,88,Not Applicable,88,Not Applicable,FALSE,1,Public Road,1,"Trafficway, On Road",CT0009300,New Haven PD,42057,38:48.0,C,Closed,39:42.0,,2,2438,7,LOCAL - NEW HPMS,2,Urban
970286,1,Complete,970286,970286,41.287449,-72.8896771,3466449,New Haven,93,93,New Haven,9/5/2022,2022,9,September,5,2,Monday,12:16:00,12,22030241,A,2,,Motor Vehicle In Motion,"Injury of any type (Serious, Minor, Possible)",B,Suspected Minor Injury (B),0,0,4,Local,0.03,317,HUNTINGTON AV,HUNTINGTON AV,MAIN ST ANX,,,,,41.287449,-72.8896771,14,Motor Vehicle in Operation,3,Angle,1,On Roadway,1,Clear,88,Not Applicable,1,Daylight,1,Dry,0,None,88,Not Applicable,88,Not Applicable,0,None,88,Not Applicable,88,Not Applicable,2,Intersection,2,Four-Way Intersection,1,No,1,No,88,Not Applicable,88,Not Applicable,88,Not Applicable,88,Not Applicable,FALSE,1,Public Road,1,"Trafficway, On Road",CT0009300,New Haven PD,44049,49:06.0,C,Closed,39:38.0,,,,,,,
970288,1,Complete,970288,970288,41.298899,-72.918894,3466451,New Haven,93,93,New Haven,9/5/2022,2022,9,September,5,2,Monday,19:03:00,19,22030257,A,1,,Pedestrian,"Injury of any type (Serious, Minor, Possible)",B,Suspected Minor Injury (B),1,0,4,Local,0.14,692,BREWERY ST,BREWERY ST,SARGENT DR,,,,,41.298899,-72.918894,9,Pedestrian,88,Not Applicable,1,On Roadway,1,Clear,88,Not Applicable,1,Daylight,1,Dry,0,None,88,Not Applicable,88,Not Applicable,0,None,88,Not Applicable,88,Not Applicable,2,Intersection,3,T-Intersection,1,No,1,No,88,Not Applicable,88,Not Applicable,88,Not Applicable,88,Not Applicable,FALSE,1,Public Road,1,"Trafficway, On Road",CT0009300,New Haven PD,40810,32:11.0,C,Closed,39:31.0,,4,11300,3,PRINCIPAL ARTERIAL - OTHER - NEW HPMS,2,Urban
970289,1,Complete,970289,970289,41.3064,-72.95277,3466452,New Haven,93,93,New Haven,9/5/2022,2022,9,September,5,2,Monday,14:57:00,14,22030258,A,2,,Motor Vehicle In Motion,"Injury of any type (Serious, Minor, Possible)",C,Possible Injury (C),0,0,3,State,2.12,10,10-N,10-N,,DR ML KING DR,10,Feet,S,41.3064,-72.95277,14,Motor Vehicle in Operation,1,Front to rear,1,On Roadway,1,Clear,88,Not Applicable,1,Daylight,1,Dry,0,None,88,Not Applicable,88,Not Applicable,0,None,88,Not Applicable,88,Not Applicable,11,Through Roadway,1,Not at Intersection,1,No,1,No,88,Not Applicable,88,Not Applicable,88,Not Applicable,88,Not Applicable,FALSE,1,Public Road,1,"Trafficway, On Road",CT0009300,New Haven PD,40793,15:11.0,C,Closed,39:30.0,,2,24500,3,PRINCIPAL ARTERIAL - OTHER - NEW HPMS,2,Urban
970316,1,Complete,970316,970316,41.30641,-72.95278,3466479,New Haven,93,93,New Haven,9/5/2022,2022,9,September,5,2,Monday,14:57:00,14,22030264,A,2,,Motor Vehicle In Motion,"Injury of any type (Serious, Minor, Possible)",C,Possible Injury (C),0,0,3,State,2.12,10,10-N,10-N,,DR ML KING DR,15,Feet,S,41.30641,-72.95278,14,Motor Vehicle in Operation,1,Front to rear,1,On Roadway,1,Clear,88,Not Applicable,1,Daylight,1,Dry,0,None,88,Not Applicable,88,Not Applicable,0,None,88,Not Applicable,88,Not Applicable,11,Through Roadway,1,Not at Intersection,1,No,1,No,88,Not Applicable,88,Not Applicable,88,Not Applicable,88,Not Applicable,FALSE,1,Public Road,1,"Trafficway, On Road",CT0009300,New Haven PD,40793,53:26.0,C,Closed,39:29.0,,2,24500,3,PRINCIPAL ARTERIAL - OTHER - NEW HPMS,2,Urban
970461,1,Complete,970461,970461,41.29026,-72.93954,3466624,New Haven,93,93,New Haven,9/7/2022,2022,9,September,7,4,Wednesday,7:59:00,7,22030439,A,2,,Motor Vehicle In Motion,"Injury of any type (Serious, Minor, Possible)",C,Possible Injury (C),0,0,3,State,0.8,10,10-N,10-N,LAMBERTON ST,,,,,41.29026,-72.93954,14,Motor Vehicle in Operation,4,"Sideswipe, same direction",1,On Roadway,1,Clear,88,Not Applicable,1,Daylight,1,Dry,0,None,88,Not Applicable,88,Not Applicable,0,None,88,Not Applicable,88,Not Applicable,2,Intersection,3,T-Intersection,1,No,1,No,88,Not Applicable,88,Not Applicable,88,Not Applicable,88,Not Applicable,FALSE,1,Public Road,1,"Trafficway, On Road",CT0009300,New Haven PD,295,24:09.0,C,Closed,01:40.0,,2,18000,3,PRINCIPAL ARTERIAL - OTHER - NEW HPMS,2,Urban
970465,1,Complete,970465,970465,41.313363,-72.901414,3466628,New Haven,93,93,New Haven,9/7/2022,2022,9,September,7,4,Wednesday,15:09:00,15,22030508,A,2,,Motor Vehicle In Motion,"Injury of any type (Serious, Minor, Possible)",A,Suspected Serious Injury (A),0,0,4,Local,0.16,419,MONROE ST,MONROE ST,,ALTON ST,150,Feet,N,41.313363,-72.901414,14,Motor Vehicle in Operation,3,Angle,1,On Roadway,1,Clear,88,Not Applicable,1,Daylight,1,Dry,0,None,88,Not Applicable,88,Not Applicable,0,None,88,Not Applicable,88,Not Applicable,1,Non-Junction,1,Not at Intersection,1,No,1,No,88,Not Applicable,88,Not Applicable,88,Not Applicable,88,Not Applicable,FALSE,1,Public Road,1,"Trafficway, On Road",CT0009300,New Haven PD,44051,53:19.0,C,Closed,01:45.0,,,,,,,
970466,1,Complete,970466,970466,41.32081,-72.95145,3466629,New Haven,93,93,New Haven,9/7/2022,2022,9,September,7,4,Wednesday,14:21:00,14,22030515,A,3,,Motor Vehicle In Motion,"Injury of any type (Serious, Minor, Possible)",C,Possible Injury (C),0,1,3,State,3.23,10,10-N,10-N,PENDLETON ST,,,,,41.32081,-72.95145,14,Motor Vehicle in Operation,1,Front to rear,1,On Roadway,1,Clear,88,Not Applicable,1,Daylight,1,Dry,0,None,88,Not Applicable,88,Not Applicable,0,None,88,Not Applicable,88,Not Applicable,2,Intersection,3,T-Intersection,1,No,1,No,88,Not Applicable,88,Not Applicable,88,Not Applicable,88,Not Applicable,FALSE,1,Public Road,1,"Trafficway, On Road",CT0009300,New Haven PD,91,16:51.0,C,Closed,01:47.0,,2,18100,3,PRINCIPAL ARTERIAL - OTHER - NEW HPMS,2,Urban
970468,1,Complete,970468,970468,41.31635,-72.8956,3466631,New Haven,93,93,New Haven,9/7/2022,2022,9,September,7,4,Wednesday,19:31:00,19,22030556,A,2,,Motor Vehicle In Motion,"Injury of any type (Serious, Minor, Possible)",C,Possible Injury (C),0,0,4,Local,0.27,531,ROWE ST,ROWE ST,PECK ST NO 2,,,,,41.31635,-72.8956,14,Motor Vehicle in Operation,97,Other,1,On Roadway,1,Clear,88,Not Applicable,3,Dusk,1,Dry,0,None,88,Not Applicable,88,Not Applicable,0,None,88,Not Applicable,88,Not Applicable,3,Intersection-Related,2,Four-Way Intersection,1,No,1,No,88,Not Applicable,88,Not Applicable,88,Not Applicable,88,Not Applicable,FALSE,1,Public Road,1,"Trafficway, On Road",CT0009300,New Haven PD,40815,32:47.0,C,Closed,01:46.0,22030556,,,,,,
970839,1,Complete,970839,970839,41.29464,-72.89984,3467002,New Haven,93,93,New Haven,9/7/2022,2022,9,September,7,4,Wednesday,7:00:00,7,22030435,A,2,,Motor Vehicle In Motion,"Injury of any type (Serious, Minor, Possible)",C,Possible Injury (C),0,0,2,USRoute,49.69,1,1-N,1-N,WHEELER ST,,,,,41.29464,-72.89984,14,Motor Vehicle in Operation,3,Angle,1,On Roadway,1,Clear,88,Not Applicable,1,Daylight,1,Dry,0,None,0,None,0,None,0,None,0,None,0,None,2,Intersection,2,Four-Way Intersection,1,No,1,No,88,Not Applicable,88,Not Applicable,88,Not Applicable,88,Not Applicable,FALSE,1,Public Road,1,"Trafficway, On Road",CT0009300,New Haven PD,44060,27:18.0,C,Closed,00:43.0,,2,9400,3,PRINCIPAL ARTERIAL - OTHER - NEW HPMS,2,Urban
970845,1,Complete,970845,970845,41.313674,-72.934491,3467008,New Haven,93,93,New Haven,9/8/2022,2022,9,September,8,5,Thursday,2:20:00,2,22030587,A,1,,Pedestrian,"Injury of any type (Serious, Minor, Possible)",C,Possible Injury (C),1,0,4,Local,0.84,653,WHALLEY AV,WHALLEY AV,,DWIGHT ST,100,Feet,W,41.313674,-72.934491,9,Pedestrian,88,Not Applicable,7,In Parking Lane or Zone,1,Clear,88,Not Applicable,5,Dark-Not Lighted,1,Dry,99,Unknown,88,Not Applicable,88,Not Applicable,0,None,88,Not Applicable,88,Not Applicable,99,Unknown,1,Not at Intersection,1,No,1,No,88,Not Applicable,88,Not Applicable,88,Not Applicable,88,Not Applicable,TRUE,88,Not Applicable,4,Parking Lot,CT0009300,New Haven PD,82,33:52.0,O,Open,00:43.0,,,,,,,
970848,1,Complete,970848,970848,41.28819,-72.8889,3467011,New Haven,93,93,New Haven,9/8/2022,2022,9,September,8,5,Thursday,10:50:00,10,22030609,A,2,,Motor Vehicle In Motion,"Injury of any type (Serious, Minor, Possible)",C,Possible Injury (C),0,0,2,USRoute,50.47,1,1-N,1-N,OAKLEY ST NO 2,,,,,41.28819,-72.8889,14,Motor Vehicle in Operation,1,Front to rear,1,On Roadway,1,Clear,1,Clear,1,Daylight,1,Dry,0,None,88,Not Applicable,88,Not Applicable,0,None,88,Not Applicable,88,Not Applicable,2,Intersection,3,T-Intersection,1,No,1,No,88,Not Applicable,88,Not Applicable,88,Not Applicable,88,Not Applicable,FALSE,1,Public Road,1,"Trafficway, On Road",CT0009300,New Haven PD,44063,20:07.0,C,Closed,00:46.0,,3,21400,3,PRINCIPAL ARTERIAL - OTHER - NEW HPMS,2,Urban
970851,1,Complete,970851,970851,41.293696,-72.918383,3467014,New Haven,93,93,New Haven,9/8/2022,2022,9,September,8,5,Thursday,16:49:00,16,22030663,A,1,,Pedestrian,"Injury of any type (Serious, Minor, Possible)",B,Suspected Minor Injury (B),1,1,4,Local,0.65,513,LONG WHARF DR,LONG WHARF DR,,CANAL DOCK RD,800,Feet,N,41.293696,-72.918383,9,Pedestrian,88,Not Applicable,1,On Roadway,1,Clear,88,Not Applicable,1,Daylight,1,Dry,99,Unknown,88,Not Applicable,88,Not Applicable,99,Unknown,88,Not Applicable,88,Not Applicable,1,Non-Junction,1,Not at Intersection,1,No,1,No,88,Not Applicable,88,Not Applicable,88,Not Applicable,88,Not Applicable,FALSE,1,Public Road,1,"Trafficway, On Road",CT0009300,New Haven PD,40947,45:38.0,C,Closed,00:47.0,,2,9100,4,MINOR ARTERIAL - NEW HPMS,2,Urban
970852,1,Complete,970852,970852,41.303119,-72.936636,3467015,New Haven,93,93,New Haven,9/8/2022,2022,9,September,8,5,Thursday,16:54:00,16,22030664,A,1,,Parked Vehicle,"Injury of any type (Serious, Minor, Possible)",B,Suspected Minor Injury (B),1,0,4,Local,0.7,141,DAVENPORT AV,DAVENPORT AV,,HOWARD AVE,0.25,TenthsofMile,W,41.303119,-72.936636,10,Pedalcycle/Pedalcyclist,97,Other,1,On Roadway,1,Clear,88,Not Applicable,1,Daylight,1,Dry,0,None,88,Not Applicable,88,Not Applicable,0,None,88,Not Applicable,88,Not Applicable,1,Non-Junction,1,Not at Intersection,1,No,1,No,88,Not Applicable,88,Not Applicable,88,Not Applicable,88,Not Applicable,TRUE,1,Public Road,1,"Trafficway, On Road",CT0009300,New Haven PD,40814,58:08.0,C,Closed,00:51.0,,,,,,,
971310,1,Complete,971310,971310,41.310878,-72.930308,3467473,New Haven,93,93,New Haven,8/20/2022,2022,8,August,20,7,Saturday,0:52:00,0,22028169,A,2,,Motor Vehicle In Motion,"Injury of any type (Serious, Minor, Possible)",B,Suspected Minor Injury (B),0,0,4,Local,0,68,BROADWAY,BROADWAY,,ELM STREET,115,Feet,W,41.310878,-72.930308,14,Motor Vehicle in Operation,1,Front to rear,1,On Roadway,1,Clear,1,Clear,4,Dark-Lighted,1,Dry,0,None,88,Not Applicable,88,Not Applicable,0,None,88,Not Applicable,88,Not Applicable,1,Non-Junction,1,Not at Intersection,1,No,1,No,88,Not Applicable,88,Not Applicable,88,Not Applicable,88,Not Applicable,FALSE,1,Public Road,1,"Trafficway, On Road",CT0009300,New Haven PD,370,26:44.0,C,Closed,00:34.0,,,,,,,
971317,1,Complete,971317,971317,41.31437,-72.93571,3467480,New Haven,93,93,New Haven,9/8/2022,2022,9,September,8,5,Thursday,11:02:00,11,22030614,A,1,,Motor Vehicle In Motion,"Injury of any type (Serious, Minor, Possible)",B,Suspected Minor Injury (B),1,2,4,Local,0.76,653,WHALLEY AV,WHALLEY AV,,,,,,41.31437,-72.93571,14,Motor Vehicle in Operation,2,Front to front,1,On Roadway,1,Clear,88,Not Applicable,1,Daylight,1,Dry,0,None,88,Not Applicable,88,Not Applicable,0,None,88,Not Applicable,88,Not Applicable,2,Intersection,3,T-Intersection,1,No,1,No,88,Not Applicable,88,Not Applicable,88,Not Applicable,88,Not Applicable,FALSE,1,Public Road,1,"Trafficway, On Road",CT0009300,New Haven PD,44055,18:14.0,C,Closed,00:35.0,22030614,,,,,,
971319,1,Complete,971319,971319,41.30146,-72.92434,3467482,New Haven,93,93,New Haven,9/8/2022,2022,9,September,8,5,Thursday,15:03:00,15,22030645,A,2,,Motor Vehicle In Motion,"Injury of any type (Serious, Minor, Possible)",C,Possible Injury (C),0,0,2,USRoute,48.27,1,1-N,1-N,STATE ST NORTH,,,,,41.30146,-72.92434,14,Motor Vehicle in Operation,3,Angle,1,On Roadway,1,Clear,88,Not Applicable,1,Daylight,1,Dry,0,None,88,Not Applicable,88,Not Applicable,97,Other,88,Not Applicable,88,Not Applicable,2,Intersection,7,Roundabout,1,No,1,No,88,Not Applicable,88,Not Applicable,88,Not Applicable,88,Not Applicable,FALSE,1,Public Road,1,"Trafficway, On Road",CT0009300,New Haven PD,97,56:31.0,C,Closed,00:47.0,,1,11700,3,PRINCIPAL ARTERIAL - OTHER - NEW HPMS,1,Rural
971320,1,Complete,971320,971320,41.2863053,-72.93614,3467483,New Haven,93,93,New Haven,9/8/2022,2022,9,September,8,5,Thursday,22:39:00,22,22030701,A,3,,Motor Vehicle In Motion,"Injury of any type (Serious, Minor, Possible)",A,Suspected Serious Injury (A),0,0,3,State,0.46,10,10-N,10-N,745-E,,,,,41.2863053,-72.93614,14,Motor Vehicle in Operation,97,Other,1,On Roadway,1,Clear,88,Not Applicable,6,Dark-Unknown Lighting,1,Dry,99,Unknown,88,Not Applicable,88,Not Applicable,99,Unknown,88,Not Applicable,88,Not Applicable,2,Intersection,2,Four-Way Intersection,1,No,1,No,88,Not Applicable,88,Not Applicable,88,Not Applicable,88,Not Applicable,FALSE,1,Public Road,1,"Trafficway, On Road",CT0009300,New Haven PD,43690,49:33.0,C,Closed,00:41.0,,2,18600,3,PRINCIPAL ARTERIAL - OTHER - NEW HPMS,2,Urban
971325,1,Complete,971325,971325,41.28643,-72.93616,3467488,New Haven,93,93,New Haven,9/9/2022,2022,9,September,9,6,Friday,11:49:00,11,22030737,A,2,,Motor Vehicle In Motion,"Injury of any type (Serious, Minor, Possible)",C,Possible Injury (C),0,1,3,State,0.47,10,10-N,10-N,,,,,,41.28643,-72.93616,14,Motor Vehicle in Operation,3,Angle,1,On Roadway,1,Clear,88,Not Applicable,1,Daylight,1,Dry,0,None,88,Not Applicable,88,Not Applicable,0,None,88,Not Applicable,88,Not Applicable,2,Intersection,2,Four-Way Intersection,1,No,1,No,88,Not Applicable,88,Not Applicable,88,Not Applicable,88,Not Applicable,TRUE,1,Public Road,1,"Trafficway, On Road",CT0009300,New Haven PD,281,14:29.0,C,Closed,00:49.0,,2,18000,3,PRINCIPAL ARTERIAL - OTHER - NEW HPMS,2,Urban
971330,1,Complete,971330,971330,41.30906,-72.89524,3467493,New Haven,93,93,New Haven,9/8/2022,2022,9,September,8,5,Thursday,19:53:00,19,22030775,A,2,,Motor Vehicle In Motion,"Injury of any type (Serious, Minor, Possible)",C,Possible Injury (C),0,0,4,Local,0.49,264,GRAND AV,GRAND AV,,,,,,41.30906,-72.89524,14,Motor Vehicle in Operation,1,Front to rear,1,On Roadway,1,Clear,88,Not Applicable,4,Dark-Lighted,99,Unknown,0,None,88,Not Applicable,88,Not Applicable,0,None,88,Not Applicable,88,Not Applicable,2,Intersection,2,Four-Way Intersection,1,No,1,No,88,Not Applicable,88,Not Applicable,88,Not Applicable,88,Not Applicable,FALSE,1,Public Road,1,"Trafficway, On Road",CT0009300,New Haven PD,44053,11:21.0,O,Open,00:46.0,,,,,,,
971334,1,Complete,971334,971334,41.327955,-72.87825,3467497,New Haven,93,93,New Haven,9/9/2022,2022,9,September,9,6,Friday,20:28:00,20,22030799,A,2,,Motor Vehicle In Motion,"Injury of any type (Serious, Minor, Possible)",B,Suspected Minor Injury (B),0,0,3,State,0.55,17,17-N,17-N,FLINT ST,,,,,41.327955,-72.87825,14,Motor Vehicle in Operation,3,Angle,1,On Roadway,1,Clear,88,Not Applicable,5,Dark-Not Lighted,1,Dry,0,None,88,Not Applicable,88,Not Applicable,0,None,88,Not Applicable,88,Not Applicable,3,Intersection-Related,3,T-Intersection,1,No,1,No,88,Not Applicable,88,Not Applicable,88,Not Applicable,88,Not Applicable,TRUE,1,Public Road,1,"Trafficway, On Road",CT0009300,New Haven PD,409,40:38.0,C,Closed,00:45.0,,1,14300,3,PRINCIPAL ARTERIAL - OTHER - NEW HPMS,1,Rural
971338,1,Complete,971338,971338,41.308246,-72.920372,3467501,New Haven,93,93,New Haven,9/10/2022,2022,9,September,10,7,Saturday,19:17:00,19,22030886,A,2,,Motor Vehicle In Motion,"Injury of any type (Serious, Minor, Possible)",B,Suspected Minor Injury (B),0,0,4,Local,1.08,575,STATE ST,STATE ST,WALL ST NO 1,,,,,41.308246,-72.920372,14,Motor Vehicle in Operation,3,Angle,1,On Roadway,1,Clear,88,Not Applicable,4,Dark-Lighted,1,Dry,0,None,88,Not Applicable,88,Not Applicable,99,Unknown,88,Not Applicable,88,Not Applicable,2,Intersection,3,T-Intersection,1,No,1,No,88,Not Applicable,88,Not Applicable,88,Not Applicable,88,Not Applicable,TRUE,1,Public Road,1,"Trafficway, On Road",CT0009300,New Haven PD,221,16:21.0,C,Closed,00:51.0,,,,,,,