CrashId,Fatal Case Status,Fatal Case Status Text Format,CrashId,CrashId,Latitude,Longitude,DOT Case Number,Town Name,Town Number,Town Number,Town Number Text Format,Date Of Crash,Year,Month,Month Text Format,Day,Day of the Week,Day of the Week Text Format,Time of Crash,Hour of the Day,Case Identifier,Crash Severity,Number Of Motor Vehicles,Motor vehicle action,Most harmful event,Crash Severity Text Format,Most Severe Injury,Most Severe Injury Text Format,Number Of Non-Motorist,Number Of Witnesses,Route Class,Route Class Text Format,Milemarker,Road Number,Road Description,Roadway Name,Intersecting Roadway Name,Landmark Description,Distance From Nearest Landmark,Unit Of Measure From Nearest Landmark,Direction From Nearest Landmark,Latitude,Longitude,First Harmful Event,First Harmful Event Text Format,Manner of Crash / Collision Impact,Manner of Crash / Collision Impact Text Format,Location of First Harmful Event,Location of First Harmful Event Text Format,Weather Condition,Weather Condition Text Format,Weather 2,Weather 2 Text Format,Light Condition,Light Condition Text Format,Road Surface Condition,Road Surface Condition Text Format,"Contributing Circumstances, Environment","Contributing Circumstances, Environment Text Format",Environment 2,Environment 2 Text Format,Environment 3,Environment 3 Text Format,"Contributing Circumstances, Road","Contributing Circumstances, Road Text Format",Road 2,Road 2 Text Format,Road 3,Road 3 Text Format,Crash Specific Location,Crash Specific Location Text Format,Type of Intersection,Type of Intersection Text Format,School Bus Related,School Bus Related Text Format,Work Zone Related,Work Zone Related Text Format,Location Of Crash Relative To Work Zone,Location Of Crash Relative To Work Zone Text Format,Type of Work Zone,Type of Work Zone Text Format,Worker Presence,Worker Presence Text Format,Law Enforcement Presence,Law Enforcement Presence Text Format,Were Vehicles Moved Prior To Police Arrival,Trafficway Ownership,Trafficway Ownership Text Format,Trafficway Class,Trafficway Class Text Format,Police Agency,Police Agency Text Format,Badge Number,Approval Date,Police Case Status,Police Case Status Text Format,Crash Report Submission Date,Related Case Identifiers,No. of Through Lanes (Log Dir.),Average Daily Traffic,Functional Classification,Functional Classification Text Format,Rural or Urban,Rural or Urban Text Format
971340,1,Complete,971340,971340,41.3085,-72.91237,3467503,New Haven,93,93,New Haven,9/10/2022,2022,9,September,10,7,Saturday,19:19:00,19,22030892,A,2,,Motor Vehicle In Motion,"Injury of any type (Serious, Minor, Possible)",B,Suspected Minor Injury (B),0,0,4,Local,1.38,264,GRAND AV,GRAND AV,HAMILTON ST NO 2,,,,,41.3085,-72.91237,14,Motor Vehicle in Operation,3,Angle,1,On Roadway,2,Cloudy,88,Not Applicable,4,Dark-Lighted,1,Dry,0,None,88,Not Applicable,88,Not Applicable,0,None,88,Not Applicable,88,Not Applicable,2,Intersection,2,Four-Way Intersection,1,No,1,No,88,Not Applicable,88,Not Applicable,88,Not Applicable,88,Not Applicable,TRUE,1,Public Road,1,"Trafficway, On Road",CT0009300,New Haven PD,42054,20:26.0,O,Open,00:51.0,22030892,,,,,,
971342,1,Complete,971342,971342,41.32483,-72.95663,3467505,New Haven,93,93,New Haven,9/10/2022,2022,9,September,10,7,Saturday,22:30:00,22,22030941,A,2,,Motor Vehicle In Motion,"Injury of any type (Serious, Minor, Possible)",C,Possible Injury (C),0,0,3,State,3.56,10,10-N,10-N,JEWELL ST,,,,,41.32483,-72.95663,14,Motor Vehicle in Operation,1,Front to rear,1,On Roadway,1,Clear,88,Not Applicable,1,Daylight,1,Dry,99,Unknown,88,Not Applicable,88,Not Applicable,99,Unknown,88,Not Applicable,88,Not Applicable,2,Intersection,3,T-Intersection,1,No,1,No,88,Not Applicable,88,Not Applicable,88,Not Applicable,88,Not Applicable,TRUE,1,Public Road,1,"Trafficway, On Road",CT0009300,New Haven PD,359,47:51.0,O,Open,00:53.0,,2,18100,3,PRINCIPAL ARTERIAL - OTHER - NEW HPMS,2,Urban
971343,1,Complete,971343,971343,41.322515,-72.923366,3467506,New Haven,93,93,New Haven,9/11/2022,2022,9,September,11,1,Sunday,15:15:00,15,22030955,A,2,,Motor Vehicle In Motion,"Injury of any type (Serious, Minor, Possible)",B,Suspected Minor Injury (B),0,0,4,Local,0.76,495,PROSPECT ST,PROSPECT ST,,DIVISION STREET,0.200000003,TenthsofMile,N,41.322515,-72.923366,14,Motor Vehicle in Operation,1,Front to rear,1,On Roadway,2,Cloudy,88,Not Applicable,1,Daylight,2,Wet,0,None,88,Not Applicable,88,Not Applicable,0,None,88,Not Applicable,88,Not Applicable,1,Non-Junction,1,Not at Intersection,1,No,1,No,88,Not Applicable,88,Not Applicable,88,Not Applicable,88,Not Applicable,FALSE,1,Public Road,1,"Trafficway, On Road",CT0009300,New Haven PD,44052,31:47.0,C,Closed,00:53.0,NONE,,,,,,
971346,1,Complete,971346,971346,41.31381,-72.93476,3467509,New Haven,93,93,New Haven,9/11/2022,2022,9,September,11,1,Sunday,19:37:00,19,22030985,A,1,,Pedestrian,"Injury of any type (Serious, Minor, Possible)",B,Suspected Minor Injury (B),1,1,4,Local,0.82,653,WHALLEY AV,WHALLEY AV,,SPERRY,300,Feet,E,41.31381,-72.93476,9,Pedestrian,88,Not Applicable,1,On Roadway,4,Rain,88,Not Applicable,4,Dark-Lighted,2,Wet,1,Weather Conditions,88,Not Applicable,88,Not Applicable,0,None,88,Not Applicable,88,Not Applicable,11,Through Roadway,1,Not at Intersection,1,No,1,No,88,Not Applicable,88,Not Applicable,88,Not Applicable,88,Not Applicable,FALSE,1,Public Road,1,"Trafficway, On Road",CT0009300,New Haven PD,44175,41:04.0,C,Closed,00:55.0,,4,21100,3,PRINCIPAL ARTERIAL - OTHER - NEW HPMS,2,Urban
971992,1,Complete,971992,971992,41.314971,-72.897911,3468155,New Haven,93,93,New Haven,9/11/2022,2022,9,September,11,1,Sunday,0:05:00,0,22030913,A,4,,Motor Vehicle In Motion,"Injury of any type (Serious, Minor, Possible)",C,Possible Injury (C),0,0,4,Local,0.33,379,LOMBARD ST,LOMBARD ST,,FERRY ST,250,Feet,W,41.314971,-72.897911,14,Motor Vehicle in Operation,4,"Sideswipe, same direction",1,On Roadway,1,Clear,88,Not Applicable,4,Dark-Lighted,1,Dry,0,None,88,Not Applicable,88,Not Applicable,0,None,88,Not Applicable,88,Not Applicable,1,Non-Junction,1,Not at Intersection,1,No,1,No,88,Not Applicable,88,Not Applicable,88,Not Applicable,88,Not Applicable,FALSE,1,Public Road,1,"Trafficway, On Road",CT0009300,New Haven PD,42053,39:04.0,C,Closed,01:21.0,,,,,,,
971993,1,Complete,971993,971993,41.317385,-72.901674,3468156,New Haven,93,93,New Haven,9/10/2022,2022,9,September,10,7,Saturday,23:36:00,23,22030925,A,2,,Motor Vehicle In Motion,"Injury of any type (Serious, Minor, Possible)",C,Possible Injury (C),0,0,4,Local,0,666,STATE ST,STATE ST,BLATCHLEY AV,,,,,41.317385,-72.901674,14,Motor Vehicle in Operation,1,Front to rear,1,On Roadway,1,Clear,88,Not Applicable,4,Dark-Lighted,1,Dry,0,None,88,Not Applicable,88,Not Applicable,0,None,88,Not Applicable,88,Not Applicable,2,Intersection,2,Four-Way Intersection,1,No,1,No,88,Not Applicable,88,Not Applicable,88,Not Applicable,88,Not Applicable,TRUE,1,Public Road,1,"Trafficway, On Road",CT0009300,New Haven PD,42053,30:22.0,C,Closed,01:15.0,,,,,,,
971995,1,Complete,971995,971995,41.30559,-72.93587,3468158,New Haven,93,93,New Haven,9/11/2022,2022,9,September,11,1,Sunday,15:19:00,15,22030957,A,2,,Motor Vehicle In Motion,"Injury of any type (Serious, Minor, Possible)",C,Possible Injury (C),0,0,4,Local,0.08,565,SOUTH FRONTAGE RD-RT 34,SOUTH FRONTAGE RD-RT 34,PARK ST,,,,,41.30559,-72.93587,14,Motor Vehicle in Operation,3,Angle,1,On Roadway,4,Rain,88,Not Applicable,1,Daylight,2,Wet,0,None,88,Not Applicable,88,Not Applicable,0,None,88,Not Applicable,88,Not Applicable,2,Intersection,3,T-Intersection,1,No,1,No,88,Not Applicable,88,Not Applicable,88,Not Applicable,88,Not Applicable,TRUE,1,Public Road,1,"Trafficway, On Road",CT0009300,New Haven PD,44065,44:35.0,C,Closed,01:17.0,,,,,,,
971996,1,Complete,971996,971996,41.331923,-72.974124,3468159,New Haven,93,93,New Haven,9/11/2022,2022,9,September,11,1,Sunday,15:37:00,15,22030969,A,2,,Motor Vehicle In Motion,"Injury of any type (Serious, Minor, Possible)",C,Possible Injury (C),0,1,3,State,1.06,63,63-N,63-N,,RAMSDELL ST,500,Feet,W,41.331923,-72.974124,14,Motor Vehicle in Operation,3,Angle,1,On Roadway,1,Clear,88,Not Applicable,1,Daylight,1,Dry,0,None,88,Not Applicable,88,Not Applicable,0,None,88,Not Applicable,88,Not Applicable,11,Through Roadway,1,Not at Intersection,1,No,1,No,88,Not Applicable,88,Not Applicable,88,Not Applicable,88,Not Applicable,FALSE,1,Public Road,1,"Trafficway, On Road",CT0009300,New Haven PD,44175,24:20.0,C,Closed,01:18.0,,2,23000,3,PRINCIPAL ARTERIAL - OTHER - NEW HPMS,2,Urban
971997,1,Complete,971997,971997,41.301754,-72.926624,3468160,New Haven,93,93,New Haven,9/11/2022,2022,9,September,11,1,Sunday,21:10:00,21,22031007,A,2,,Motor Vehicle In Motion,"Injury of any type (Serious, Minor, Possible)",C,Possible Injury (C),0,0,3,State,0,34,34-E-8A,34-E-8A,SOUTH ORANGE ST,,,,,41.301754,-72.926624,14,Motor Vehicle in Operation,1,Front to rear,1,On Roadway,1,Clear,88,Not Applicable,4,Dark-Lighted,1,Dry,0,None,88,Not Applicable,88,Not Applicable,0,None,88,Not Applicable,88,Not Applicable,2,Intersection,2,Four-Way Intersection,1,No,1,No,88,Not Applicable,88,Not Applicable,88,Not Applicable,88,Not Applicable,FALSE,1,Public Road,1,"Trafficway, On Road",CT0009300,New Haven PD,293,39:30.0,C,Closed,01:22.0,,,4500,2,PRIN ART-OTHER FREEWAYS & EXPRESSWAYS - NEW HPMS,2,Urban
972402,1,Complete,972402,972402,41.3017109,-72.9265413,3468565,New Haven,93,93,New Haven,9/7/2022,2022,9,September,7,4,Wednesday,11:29:00,11,22030485,A,2,,Motor Vehicle In Motion,"Injury of any type (Serious, Minor, Possible)",C,Possible Injury (C),0,0,4,Local,0.1,762,NORTH FRONTAGE RD,NORTH FRONTAGE RD,,S. ORANGE ST,100,Feet,E,41.3017109,-72.9265413,14,Motor Vehicle in Operation,1,Front to rear,1,On Roadway,1,Clear,88,Not Applicable,1,Daylight,1,Dry,0,None,88,Not Applicable,88,Not Applicable,0,None,88,Not Applicable,88,Not Applicable,1,Non-Junction,1,Not at Intersection,1,No,1,No,88,Not Applicable,88,Not Applicable,88,Not Applicable,88,Not Applicable,FALSE,1,Public Road,1,"Trafficway, On Road",CT0009300,New Haven PD,469,37:17.0,C,Closed,00:22.0,,,,,,,
972404,1,Complete,972404,972404,41.31565,-72.92899,3468567,New Haven,93,93,New Haven,9/12/2022,2022,9,September,12,2,Monday,6:06:00,6,22031014,A,1,,Pedalcycle/Pedalcyclist,"Injury of any type (Serious, Minor, Possible)",C,Possible Injury (C),1,0,4,Local,0,378,LOCK ST,LOCK ST,ASHMUN ST NO 2,,,,,41.31565,-72.92899,10,Pedalcycle/Pedalcyclist,3,Angle,1,On Roadway,1,Clear,88,Not Applicable,2,Dawn,2,Wet,0,None,88,Not Applicable,88,Not Applicable,0,None,88,Not Applicable,88,Not Applicable,2,Intersection,2,Four-Way Intersection,1,No,1,No,88,Not Applicable,88,Not Applicable,88,Not Applicable,88,Not Applicable,FALSE,1,Public Road,1,"Trafficway, On Road",CT0009300,New Haven PD,41103,58:02.0,C,Closed,00:20.0,,,,,,,
972410,1,Complete,972410,972410,41.31106,-72.94321,3468573,New Haven,93,93,New Haven,9/13/2022,2022,9,September,13,3,Tuesday,7:26:00,7,22031130,A,1,,Pedestrian,"Injury of any type (Serious, Minor, Possible)",C,Possible Injury (C),1,0,4,Local,2.74,97,CHAPEL ST,CHAPEL ST,,BEERS ST,50,Feet,W,41.31106,-72.94321,9,Pedestrian,88,Not Applicable,1,On Roadway,2,Cloudy,88,Not Applicable,1,Daylight,2,Wet,0,None,88,Not Applicable,88,Not Applicable,0,None,88,Not Applicable,88,Not Applicable,1,Non-Junction,1,Not at Intersection,1,No,1,No,88,Not Applicable,88,Not Applicable,88,Not Applicable,88,Not Applicable,FALSE,99,Unknown,1,"Trafficway, On Road",CT0009300,New Haven PD,465,36:29.0,C,Closed,00:26.0,,2,7700,4,MINOR ARTERIAL - NEW HPMS,2,Urban
972414,1,Complete,972414,972414,41.29727,-72.93407,3468577,New Haven,93,93,New Haven,9/13/2022,2022,9,September,13,3,Tuesday,11:54:00,11,22031162,A,2,,Motor Vehicle In Motion,"Injury of any type (Serious, Minor, Possible)",C,Possible Injury (C),0,0,4,Local,0.64,308,HOWARD AV,HOWARD AV,,PORTSEA ST,100,Feet,N,41.29727,-72.93407,14,Motor Vehicle in Operation,3,Angle,1,On Roadway,1,Clear,88,Not Applicable,1,Daylight,1,Dry,0,None,88,Not Applicable,88,Not Applicable,0,None,88,Not Applicable,88,Not Applicable,9,Driveway Access-Related,1,Not at Intersection,1,No,1,No,88,Not Applicable,88,Not Applicable,88,Not Applicable,88,Not Applicable,FALSE,1,Public Road,1,"Trafficway, On Road",CT0009300,New Haven PD,295,17:27.0,C,Closed,00:25.0,,,,,,,
972762,1,Complete,972762,972762,41.312394,-72.940817,3468925,New Haven,93,93,New Haven,7/19/2022,2022,7,July,19,3,Tuesday,12:05:00,12,22024006,A,2,,Motor Vehicle In Motion,"Injury of any type (Serious, Minor, Possible)",C,Possible Injury (C),0,0,4,Local,1.63,179,EDGEWOOD AV,EDGEWOOD AV,ORCHARD ST,,,,,41.312394,-72.940817,14,Motor Vehicle in Operation,1,Front to rear,1,On Roadway,1,Clear,88,Not Applicable,1,Daylight,1,Dry,0,None,88,Not Applicable,88,Not Applicable,0,None,88,Not Applicable,88,Not Applicable,3,Intersection-Related,2,Four-Way Intersection,1,No,1,No,88,Not Applicable,88,Not Applicable,88,Not Applicable,88,Not Applicable,FALSE,1,Public Road,1,"Trafficway, On Road",CT0009300,New Haven PD,44045,47:48.0,O,Open,00:07.0,,,,,,,
972764,1,Complete,972764,972764,41.3028877,-72.9186862,3468927,New Haven,93,93,New Haven,9/6/2022,2022,9,September,6,3,Tuesday,14:48:00,14,22030367,A,2,,Motor Vehicle In Motion,"Injury of any type (Serious, Minor, Possible)",C,Possible Injury (C),0,0,4,Local,0.09,681,WOOSTER ST NO 1,WOOSTER ST NO 1,,WARREN ST,150,Feet,E,41.3028877,-72.9186862,14,Motor Vehicle in Operation,3,Angle,1,On Roadway,1,Clear,88,Not Applicable,1,Daylight,1,Dry,0,None,88,Not Applicable,88,Not Applicable,0,None,88,Not Applicable,88,Not Applicable,1,Non-Junction,1,Not at Intersection,1,No,1,No,88,Not Applicable,88,Not Applicable,88,Not Applicable,88,Not Applicable,FALSE,1,Public Road,1,"Trafficway, On Road",CT0009300,New Haven PD,469,45:32.0,C,Closed,00:04.0,,,,,,,
972770,1,Complete,972770,972770,41.32814,-72.952078,3468933,New Haven,93,93,New Haven,9/14/2022,2022,9,September,14,4,Wednesday,8:00:00,8,22031262,A,2,,Motor Vehicle In Motion,"Injury of any type (Serious, Minor, Possible)",C,Possible Injury (C),0,0,3,State,3.94,10,10-N,10-N,,DYER ST,130,Feet,S,41.32814,-72.952078,14,Motor Vehicle in Operation,1,Front to rear,1,On Roadway,1,Clear,88,Not Applicable,1,Daylight,1,Dry,0,None,88,Not Applicable,88,Not Applicable,0,None,88,Not Applicable,88,Not Applicable,1,Non-Junction,1,Not at Intersection,1,No,1,No,88,Not Applicable,88,Not Applicable,88,Not Applicable,88,Not Applicable,TRUE,1,Public Road,1,"Trafficway, On Road",CT0009300,New Haven PD,44055,16:38.0,C,Closed,00:01.0,,1,13200,4,MINOR ARTERIAL - NEW HPMS,1,Rural
972776,1,Complete,972776,972776,41.336828,-72.978733,3468939,New Haven,93,93,New Haven,9/14/2022,2022,9,September,14,4,Wednesday,19:35:00,19,22031346,A,2,,Motor Vehicle In Motion,"Injury of any type (Serious, Minor, Possible)",C,Possible Injury (C),0,0,3,State,1.48,63,63-N,63-N,,FOWLER ST,500,Feet,W,41.336828,-72.978733,14,Motor Vehicle in Operation,1,Front to rear,1,On Roadway,1,Clear,88,Not Applicable,5,Dark-Not Lighted,1,Dry,0,None,88,Not Applicable,88,Not Applicable,0,None,88,Not Applicable,88,Not Applicable,1,Non-Junction,1,Not at Intersection,1,No,1,No,88,Not Applicable,88,Not Applicable,88,Not Applicable,88,Not Applicable,FALSE,1,Public Road,1,"Trafficway, On Road",CT0009300,New Haven PD,402,43:41.0,C,Closed,00:10.0,,1,17200,3,PRINCIPAL ARTERIAL - OTHER - NEW HPMS,1,Rural
972778,1,Complete,972778,972778,41.32388,-72.88153,3468941,New Haven,93,93,New Haven,9/15/2022,2022,9,September,15,5,Thursday,0:04:00,0,22031367,A,2,,Motor Vehicle In Motion,"Injury of any type (Serious, Minor, Possible)",C,Possible Injury (C),0,0,3,State,0.22,17,17-N,17-N,80-W,,,,,41.32388,-72.88153,14,Motor Vehicle in Operation,2,Front to front,1,On Roadway,1,Clear,88,Not Applicable,4,Dark-Lighted,1,Dry,0,None,88,Not Applicable,88,Not Applicable,0,None,88,Not Applicable,88,Not Applicable,2,Intersection,2,Four-Way Intersection,1,No,1,No,88,Not Applicable,88,Not Applicable,88,Not Applicable,88,Not Applicable,FALSE,1,Public Road,1,"Trafficway, On Road",CT0009300,New Haven PD,180,35:03.0,C,Closed,00:12.0,22031367,1,21600,3,PRINCIPAL ARTERIAL - OTHER - NEW HPMS,1,Rural
973059,1,Complete,973059,973059,41.32924,-72.9688,3469222,New Haven,93,93,New Haven,7/28/2022,2022,7,July,28,5,Thursday,19:57:00,19,22025177,A,2,,Motor Vehicle In Motion,"Injury of any type (Serious, Minor, Possible)",B,Suspected Minor Injury (B),0,0,3,State,0.72,63,63-N,63-N,,DAYTON ST,25,Feet,W,41.32924,-72.9688,14,Motor Vehicle in Operation,3,Angle,1,On Roadway,1,Clear,88,Not Applicable,3,Dusk,1,Dry,0,None,88,Not Applicable,88,Not Applicable,0,None,88,Not Applicable,88,Not Applicable,11,Through Roadway,1,Not at Intersection,1,No,1,No,88,Not Applicable,88,Not Applicable,88,Not Applicable,88,Not Applicable,FALSE,1,Public Road,1,"Trafficway, On Road",CT0009300,New Haven PD,44049,47:21.0,C,Closed,01:32.0,,2,23000,3,PRINCIPAL ARTERIAL - OTHER - NEW HPMS,1,Rural
973062,1,Complete,973062,973062,41.327292,-72.96849,3469225,New Haven,93,93,New Haven,9/13/2022,2022,9,September,13,3,Tuesday,21:21:00,21,22031238,A,2,,Motor Vehicle In Motion,"Injury of any type (Serious, Minor, Possible)",C,Possible Injury (C),0,0,3,State,3.37,122,122-N,122-N,243-W,,,,,41.327292,-72.96849,14,Motor Vehicle in Operation,2,Front to front,1,On Roadway,1,Clear,88,Not Applicable,4,Dark-Lighted,2,Wet,0,None,88,Not Applicable,88,Not Applicable,0,None,88,Not Applicable,88,Not Applicable,2,Intersection,3,T-Intersection,1,No,1,No,88,Not Applicable,88,Not Applicable,88,Not Applicable,88,Not Applicable,FALSE,1,Public Road,1,"Trafficway, On Road",CT0009300,New Haven PD,74,01:02.0,O,Open,01:41.0,,1,11600,4,MINOR ARTERIAL - NEW HPMS,1,Rural
973065,1,Complete,973065,973065,41.31561,-72.92863,3469228,New Haven,93,93,New Haven,9/15/2022,2022,9,September,15,5,Thursday,8:59:00,8,22031385,A,2,,Separation of Units,"Injury of any type (Serious, Minor, Possible)",C,Possible Injury (C),0,0,4,Local,0.02,378,LOCK ST,LOCK ST,,ASHMUN ST,100,Feet,E,41.31561,-72.92863,14,Motor Vehicle in Operation,1,Front to rear,1,On Roadway,1,Clear,88,Not Applicable,1,Daylight,1,Dry,0,None,88,Not Applicable,88,Not Applicable,0,None,88,Not Applicable,88,Not Applicable,11,Through Roadway,1,Not at Intersection,1,No,1,No,88,Not Applicable,88,Not Applicable,88,Not Applicable,88,Not Applicable,FALSE,1,Public Road,1,"Trafficway, On Road",CT0009300,New Haven PD,991,19:00.0,C,Closed,01:37.0,,,,,,,
973066,1,Complete,973066,973066,41.329988,-72.917288,3469229,New Haven,93,93,New Haven,9/15/2022,2022,9,September,15,5,Thursday,8:54:00,8,22031387,A,2,,Motor Vehicle In Motion,"Injury of any type (Serious, Minor, Possible)",C,Possible Injury (C),0,1,4,Local,0.12,177,EDGEHILL RD,EDGEHILL RD,HUNTINGTON ST,,,,,41.329988,-72.917288,14,Motor Vehicle in Operation,3,Angle,1,On Roadway,1,Clear,88,Not Applicable,1,Daylight,1,Dry,0,None,88,Not Applicable,88,Not Applicable,0,None,88,Not Applicable,88,Not Applicable,2,Intersection,2,Four-Way Intersection,1,No,1,No,88,Not Applicable,88,Not Applicable,88,Not Applicable,88,Not Applicable,FALSE,1,Public Road,1,"Trafficway, On Road",CT0009300,New Haven PD,44046,49:32.0,C,Closed,01:39.0,,,,,,,
973070,1,Complete,973070,973070,41.3348,-72.94607,3469233,New Haven,93,93,New Haven,9/15/2022,2022,9,September,15,5,Thursday,15:57:00,15,22031440,A,3,,Motor Vehicle In Motion,"Injury of any type (Serious, Minor, Possible)",C,Possible Injury (C),0,0,3,State,4.53,10,10-N,10-N,,PINE ROCK AVENUE,1000,Feet,N,41.3348,-72.94607,14,Motor Vehicle in Operation,1,Front to rear,1,On Roadway,1,Clear,88,Not Applicable,1,Daylight,1,Dry,0,None,88,Not Applicable,88,Not Applicable,0,None,88,Not Applicable,88,Not Applicable,1,Non-Junction,1,Not at Intersection,1,No,1,No,88,Not Applicable,88,Not Applicable,88,Not Applicable,88,Not Applicable,FALSE,1,Public Road,1,"Trafficway, On Road",CT0009300,New Haven PD,44062,04:57.0,C,Closed,01:40.0,,2,10700,4,MINOR ARTERIAL - NEW HPMS,1,Rural
973071,1,Complete,973071,973071,41.292403,-72.943088,3469234,New Haven,93,93,New Haven,9/15/2022,2022,9,September,15,5,Thursday,16:21:00,16,22031442,A,1,,Pedestrian,"Injury of any type (Serious, Minor, Possible)",C,Possible Injury (C),1,2,3,State,1.01,10,10-N,10-N,,FRANK ST,20,Feet,S,41.292403,-72.943088,9,Pedestrian,88,Not Applicable,1,On Roadway,1,Clear,88,Not Applicable,1,Daylight,1,Dry,0,None,88,Not Applicable,88,Not Applicable,0,None,88,Not Applicable,88,Not Applicable,1,Non-Junction,1,Not at Intersection,1,No,1,No,88,Not Applicable,88,Not Applicable,88,Not Applicable,88,Not Applicable,FALSE,1,Public Road,1,"Trafficway, On Road",CT0009300,New Haven PD,40818,22:31.0,C,Closed,01:42.0,,4,20200,3,PRINCIPAL ARTERIAL - OTHER - NEW HPMS,2,Urban
973072,1,Complete,973072,973072,41.28907,-72.8948,3469235,New Haven,93,93,New Haven,9/15/2022,2022,9,September,15,5,Thursday,17:25:00,17,22031449,A,2,,Motor Vehicle In Motion,"Injury of any type (Serious, Minor, Possible)",C,Possible Injury (C),0,0,1,Interstate,0.38,95,95-N-346,95-N-346,,WOODWARD AVE,15,Feet,W,41.28907,-72.8948,14,Motor Vehicle in Operation,1,Front to rear,1,On Roadway,1,Clear,88,Not Applicable,1,Daylight,1,Dry,0,None,88,Not Applicable,88,Not Applicable,0,None,88,Not Applicable,88,Not Applicable,1,Non-Junction,1,Not at Intersection,1,No,1,No,88,Not Applicable,88,Not Applicable,88,Not Applicable,88,Not Applicable,FALSE,1,Public Road,1,"Trafficway, On Road",CT0009300,New Haven PD,42049,07:32.0,O,Open,01:42.0,,1,11900,1,INTERSTATE - NEW HPMS,,
973073,1,Complete,973073,973073,41.33384,-72.97071,3469236,New Haven,93,93,New Haven,9/15/2022,2022,9,September,15,5,Thursday,20:48:00,20,22031461,A,2,,Motor Vehicle In Motion,"Injury of any type (Serious, Minor, Possible)",C,Possible Injury (C),0,0,4,Local,0.45,612,VALLEY ST NO 1,VALLEY ST NO 1,PARK SIDE DR,,,,,41.33384,-72.97071,14,Motor Vehicle in Operation,1,Front to rear,1,On Roadway,1,Clear,88,Not Applicable,4,Dark-Lighted,1,Dry,0,None,88,Not Applicable,88,Not Applicable,1,Backup Due to Prior Crash,88,Not Applicable,88,Not Applicable,2,Intersection,3,T-Intersection,1,No,1,No,88,Not Applicable,88,Not Applicable,88,Not Applicable,88,Not Applicable,FALSE,1,Public Road,1,"Trafficway, On Road",CT0009300,New Haven PD,74,18:44.0,C,Closed,01:43.0,,,,,,,
973497,1,Complete,973497,973497,41.30883,-72.91025,3469660,New Haven,93,93,New Haven,9/16/2022,2022,9,September,16,6,Friday,8:16:00,8,22031497,A,2,,Motor Vehicle In Motion,"Injury of any type (Serious, Minor, Possible)",C,Possible Injury (C),0,0,4,Local,1.28,264,GRAND AV,GRAND AV,,EAST ST,100,Feet,E,41.30883,-72.91025,14,Motor Vehicle in Operation,1,Front to rear,1,On Roadway,1,Clear,88,Not Applicable,1,Daylight,1,Dry,0,None,88,Not Applicable,88,Not Applicable,0,None,88,Not Applicable,88,Not Applicable,1,Non-Junction,1,Not at Intersection,2,"Yes, School Bus Directly Involved",1,No,88,Not Applicable,88,Not Applicable,88,Not Applicable,88,Not Applicable,TRUE,1,Public Road,1,"Trafficway, On Road",CT0009300,New Haven PD,980,56:11.0,C,Closed,00:51.0,,,,,,,
973502,1,Complete,973502,973502,41.30772,-72.88489,3469665,New Haven,93,93,New Haven,9/16/2022,2022,9,September,16,6,Friday,16:36:00,16,22031549,A,2,,Motor Vehicle In Motion,"Injury of any type (Serious, Minor, Possible)",B,Suspected Minor Injury (B),0,0,4,Local,0.08,168,EAST GRAND AV,EAST GRAND AV,,LENOX ST,30,Feet,E,41.30772,-72.88489,14,Motor Vehicle in Operation,3,Angle,1,On Roadway,1,Clear,88,Not Applicable,1,Daylight,1,Dry,0,None,88,Not Applicable,88,Not Applicable,0,None,88,Not Applicable,88,Not Applicable,1,Non-Junction,1,Not at Intersection,1,No,1,No,88,Not Applicable,88,Not Applicable,88,Not Applicable,88,Not Applicable,FALSE,1,Public Road,1,"Trafficway, On Road",CT0009300,New Haven PD,44061,13:46.0,C,Closed,01:16.0,,,,,,,
973503,1,Complete,973503,973503,41.3113,-72.94464,3469666,New Haven,93,93,New Haven,9/16/2022,2022,9,September,16,6,Friday,16:30:00,16,22031551,A,1,,Pedestrian,"Injury of any type (Serious, Minor, Possible)",A,Suspected Serious Injury (A),1,2,4,Local,2.82,97,CHAPEL ST,CHAPEL ST,SHERMAN AV,,,,,41.3113,-72.94464,9,Pedestrian,88,Not Applicable,1,On Roadway,1,Clear,88,Not Applicable,1,Daylight,1,Dry,0,None,88,Not Applicable,88,Not Applicable,0,None,88,Not Applicable,88,Not Applicable,2,Intersection,2,Four-Way Intersection,1,No,1,No,88,Not Applicable,88,Not Applicable,88,Not Applicable,88,Not Applicable,TRUE,1,Public Road,1,"Trafficway, On Road",CT0009300,New Haven PD,503,47:27.0,C,Closed,00:56.0,,2,10900,4,MINOR ARTERIAL - NEW HPMS,2,Urban
973512,1,Complete,973512,973512,41.330914,-72.925708,3469675,New Haven,93,93,New Haven,9/16/2022,2022,9,September,16,6,Friday,20:23:00,20,22031591,A,2,,Motor Vehicle In Motion,"Injury of any type (Serious, Minor, Possible)",C,Possible Injury (C),0,0,4,Local,1.06,669,WINCHESTER AV,WINCHESTER AV,,BASSETT STREET,94,Feet,N,41.330914,-72.925708,14,Motor Vehicle in Operation,1,Front to rear,1,On Roadway,1,Clear,88,Not Applicable,4,Dark-Lighted,1,Dry,0,None,88,Not Applicable,88,Not Applicable,0,None,88,Not Applicable,88,Not Applicable,1,Non-Junction,1,Not at Intersection,1,No,1,No,88,Not Applicable,88,Not Applicable,88,Not Applicable,88,Not Applicable,FALSE,1,Public Road,1,"Trafficway, On Road",CT0009300,New Haven PD,44052,38:09.0,C,Closed,00:58.0,NONE,,,,,,