CrashId,Fatal Case Status,Fatal Case Status Text Format,CrashId,CrashId,Latitude,Longitude,DOT Case Number,Town Name,Town Number,Town Number,Town Number Text Format,Date Of Crash,Year,Month,Month Text Format,Day,Day of the Week,Day of the Week Text Format,Time of Crash,Hour of the Day,Case Identifier,Crash Severity,Number Of Motor Vehicles,Motor vehicle action,Most harmful event,Crash Severity Text Format,Most Severe Injury,Most Severe Injury Text Format,Number Of Non-Motorist,Number Of Witnesses,Route Class,Route Class Text Format,Milemarker,Road Number,Road Description,Roadway Name,Intersecting Roadway Name,Landmark Description,Distance From Nearest Landmark,Unit Of Measure From Nearest Landmark,Direction From Nearest Landmark,Latitude,Longitude,First Harmful Event,First Harmful Event Text Format,Manner of Crash / Collision Impact,Manner of Crash / Collision Impact Text Format,Location of First Harmful Event,Location of First Harmful Event Text Format,Weather Condition,Weather Condition Text Format,Weather 2,Weather 2 Text Format,Light Condition,Light Condition Text Format,Road Surface Condition,Road Surface Condition Text Format,"Contributing Circumstances, Environment","Contributing Circumstances, Environment Text Format",Environment 2,Environment 2 Text Format,Environment 3,Environment 3 Text Format,"Contributing Circumstances, Road","Contributing Circumstances, Road Text Format",Road 2,Road 2 Text Format,Road 3,Road 3 Text Format,Crash Specific Location,Crash Specific Location Text Format,Type of Intersection,Type of Intersection Text Format,School Bus Related,School Bus Related Text Format,Work Zone Related,Work Zone Related Text Format,Location Of Crash Relative To Work Zone,Location Of Crash Relative To Work Zone Text Format,Type of Work Zone,Type of Work Zone Text Format,Worker Presence,Worker Presence Text Format,Law Enforcement Presence,Law Enforcement Presence Text Format,Were Vehicles Moved Prior To Police Arrival,Trafficway Ownership,Trafficway Ownership Text Format,Trafficway Class,Trafficway Class Text Format,Police Agency,Police Agency Text Format,Badge Number,Approval Date,Police Case Status,Police Case Status Text Format,Crash Report Submission Date,Related Case Identifiers,No. of Through Lanes (Log Dir.),Average Daily Traffic,Functional Classification,Functional Classification Text Format,Rural or Urban,Rural or Urban Text Format
973515,1,Complete,973515,973515,41.309297,-72.93548,3469678,New Haven,93,93,New Haven,9/17/2022,2022,9,September,17,7,Saturday,2:05:00,2,22031614,A,2,,Motor Vehicle In Motion,"Injury of any type (Serious, Minor, Possible)",C,Possible Injury (C),0,1,4,Local,0.24,310,HOWE ST,HOWE ST,CHAPEL ST,,,,,41.309297,-72.93548,14,Motor Vehicle in Operation,3,Angle,1,On Roadway,1,Clear,88,Not Applicable,4,Dark-Lighted,1,Dry,0,None,88,Not Applicable,88,Not Applicable,0,None,88,Not Applicable,88,Not Applicable,2,Intersection,2,Four-Way Intersection,1,No,1,No,88,Not Applicable,88,Not Applicable,88,Not Applicable,88,Not Applicable,FALSE,1,Public Road,1,"Trafficway, On Road",CT0009300,New Haven PD,412,04:36.0,C,Closed,01:10.0,,,,,,,
973519,1,Complete,973519,973519,41.33153,-72.93035,3469682,New Haven,93,93,New Haven,9/17/2022,2022,9,September,17,7,Saturday,10:48:00,10,22031649,A,2,,Motor Vehicle In Motion,"Injury of any type (Serious, Minor, Possible)",B,Suspected Minor Injury (B),0,0,4,Local,0.46,42,BASSETT ST,BASSETT ST,BUTLER ST,,,,,41.33153,-72.93035,14,Motor Vehicle in Operation,3,Angle,1,On Roadway,1,Clear,88,Not Applicable,1,Daylight,1,Dry,0,None,88,Not Applicable,88,Not Applicable,0,None,88,Not Applicable,88,Not Applicable,2,Intersection,2,Four-Way Intersection,1,No,1,No,88,Not Applicable,88,Not Applicable,88,Not Applicable,88,Not Applicable,FALSE,1,Public Road,1,"Trafficway, On Road",CT0009300,New Haven PD,44046,59:15.0,C,Closed,01:11.0,,,,,,,
973526,1,Complete,973526,973526,41.3102,-72.94169,3469689,New Haven,93,93,New Haven,9/17/2022,2022,9,September,17,7,Saturday,15:23:00,15,22031674,A,2,,Motor Vehicle In Motion,"Injury of any type (Serious, Minor, Possible)",C,Possible Injury (C),0,1,4,Local,0.62,453,ORCHARD ST,ORCHARD ST,,CHAPEL ST,80,Feet,S,41.3102,-72.94169,14,Motor Vehicle in Operation,1,Front to rear,1,On Roadway,1,Clear,88,Not Applicable,1,Daylight,1,Dry,0,None,88,Not Applicable,88,Not Applicable,0,None,88,Not Applicable,88,Not Applicable,11,Through Roadway,1,Not at Intersection,1,No,1,No,88,Not Applicable,88,Not Applicable,88,Not Applicable,88,Not Applicable,FALSE,1,Public Road,1,"Trafficway, On Road",CT0009300,New Haven PD,40793,43:56.0,O,Open,01:05.0,,,,,,,
973531,1,Complete,973531,973531,41.30197,-72.92811,3469694,New Haven,93,93,New Haven,9/17/2022,2022,9,September,17,7,Saturday,22:50:00,22,22031707,A,2,,Motor Vehicle In Motion,"Injury of any type (Serious, Minor, Possible)",C,Possible Injury (C),0,0,4,Local,0.31,564,SOUTH FRONTAGE RD,SOUTH FRONTAGE RD,,CHURCH ST S,100,Feet,E,41.30197,-72.92811,14,Motor Vehicle in Operation,1,Front to rear,1,On Roadway,1,Clear,88,Not Applicable,4,Dark-Lighted,1,Dry,0,None,88,Not Applicable,88,Not Applicable,0,None,88,Not Applicable,88,Not Applicable,1,Non-Junction,1,Not at Intersection,1,No,1,No,88,Not Applicable,88,Not Applicable,88,Not Applicable,88,Not Applicable,FALSE,1,Public Road,1,"Trafficway, On Road",CT0009300,New Haven PD,42366,11:23.0,C,Closed,01:06.0,,,,,,,
974131,1,Complete,974131,974131,41.32479,-72.93681,3470294,New Haven,93,93,New Haven,9/15/2022,2022,9,September,15,5,Thursday,0:50:00,0,22031370,A,3,,Parked Vehicle,"Injury of any type (Serious, Minor, Possible)",C,Possible Injury (C),0,0,4,Local,0.39,557,SHERMAN PKWY,SHERMAN PKWY,,MUNSON,500,Feet,S,41.32479,-72.93681,14,Motor Vehicle in Operation,4,"Sideswipe, same direction",2,Shoulder,1,Clear,88,Not Applicable,4,Dark-Lighted,1,Dry,99,Unknown,88,Not Applicable,88,Not Applicable,99,Unknown,88,Not Applicable,88,Not Applicable,1,Non-Junction,1,Not at Intersection,1,No,1,No,88,Not Applicable,88,Not Applicable,88,Not Applicable,88,Not Applicable,FALSE,1,Public Road,1,"Trafficway, On Road",CT0009300,New Haven PD,44057,13:59.0,C,Closed,01:19.0,,,,,,,
974135,1,Complete,974135,974135,41.31928,-72.90069,3470298,New Haven,93,93,New Haven,9/18/2022,2022,9,September,18,1,Sunday,11:30:00,11,22031750,A,1,,"Other Fixed Object (wall, building, tunnel, etc.)","Injury of any type (Serious, Minor, Possible)",A,Suspected Serious Injury (A),0,0,4,Local,0,91,CEDAR HILL AV,CEDAR HILL AV,WARREN PL,,,,,41.31928,-72.90069,39,"Other Fixed Object (wall, building, tunnel, etc.)",88,Not Applicable,1,On Roadway,1,Clear,88,Not Applicable,1,Daylight,1,Dry,0,None,88,Not Applicable,88,Not Applicable,0,None,88,Not Applicable,88,Not Applicable,1,Non-Junction,1,Not at Intersection,1,No,1,No,88,Not Applicable,88,Not Applicable,88,Not Applicable,88,Not Applicable,FALSE,1,Public Road,1,"Trafficway, On Road",CT0009300,New Haven PD,32,56:41.0,C,Closed,01:21.0,,2,2731,7,LOCAL - NEW HPMS,2,Urban
974138,1,Complete,974138,974138,41.29772,-72.9376,3470301,New Haven,93,93,New Haven,9/17/2022,2022,9,September,17,7,Saturday,13:39:00,13,22031773,A,1,,Motor Vehicle In Motion,"Injury of any type (Serious, Minor, Possible)",C,Possible Injury (C),1,0,2,USRoute,47.22,1,1-N,1-N,WASHINGTON AV NO 1,,,,,41.29772,-72.9376,14,Motor Vehicle in Operation,3,Angle,1,On Roadway,1,Clear,88,Not Applicable,1,Daylight,1,Dry,99,Unknown,88,Not Applicable,88,Not Applicable,99,Unknown,88,Not Applicable,88,Not Applicable,2,Intersection,2,Four-Way Intersection,1,No,1,No,88,Not Applicable,88,Not Applicable,88,Not Applicable,88,Not Applicable,TRUE,1,Public Road,1,"Trafficway, On Road",CT0009300,New Haven PD,40947,27:31.0,C,Closed,01:19.0,,1,8600,3,PRINCIPAL ARTERIAL - OTHER - NEW HPMS,1,Rural
974147,1,Complete,974147,974147,41.287797,-72.935286,3470310,New Haven,93,93,New Haven,9/19/2022,2022,9,September,19,2,Monday,15:18:00,15,22031874,A,2,,Motor Vehicle In Motion,"Injury of any type (Serious, Minor, Possible)",C,Possible Injury (C),0,0,4,Local,0.32,339,KIMBERLY AV,KIMBERLY AV,,GRANT ST,100,Feet,S,41.287797,-72.935286,14,Motor Vehicle in Operation,1,Front to rear,1,On Roadway,1,Clear,88,Not Applicable,1,Daylight,1,Dry,0,None,88,Not Applicable,88,Not Applicable,0,None,88,Not Applicable,88,Not Applicable,1,Non-Junction,1,Not at Intersection,1,No,1,No,88,Not Applicable,88,Not Applicable,88,Not Applicable,88,Not Applicable,TRUE,1,Public Road,1,"Trafficway, On Road",CT0009300,New Haven PD,428,26:46.0,C,Closed,01:30.0,,,,,,,
974148,1,Complete,974148,974148,41.33922,-72.97592,3470311,New Haven,93,93,New Haven,9/19/2022,2022,9,September,19,2,Monday,15:28:00,15,22031875,A,2,,Motor Vehicle In Motion,"Injury of any type (Serious, Minor, Possible)",C,Possible Injury (C),0,0,4,Local,0.05,485,POND LILY AV,POND LILY AV,,BANK ST,45,Feet,S,41.33922,-72.97592,14,Motor Vehicle in Operation,1,Front to rear,1,On Roadway,2,Cloudy,88,Not Applicable,1,Daylight,1,Dry,0,None,88,Not Applicable,88,Not Applicable,0,None,88,Not Applicable,88,Not Applicable,4,Entrance / Exit Ramp,1,Not at Intersection,1,No,1,No,88,Not Applicable,88,Not Applicable,88,Not Applicable,88,Not Applicable,TRUE,1,Public Road,1,"Trafficway, On Road",CT0009300,New Haven PD,402,20:52.0,C,Closed,01:29.0,,,,,,,
974149,1,Complete,974149,974149,41.312445,-72.896229,3470312,New Haven,93,93,New Haven,9/19/2022,2022,9,September,19,2,Monday,20:36:00,20,22031918,A,4,,Motor Vehicle In Motion,"Injury of any type (Serious, Minor, Possible)",C,Possible Injury (C),0,0,4,Local,0.51,213,FERRY ST,FERRY ST,,PINE STREET,100,Feet,N,41.312445,-72.896229,14,Motor Vehicle in Operation,1,Front to rear,1,On Roadway,1,Clear,88,Not Applicable,4,Dark-Lighted,2,Wet,0,None,88,Not Applicable,88,Not Applicable,0,None,88,Not Applicable,88,Not Applicable,1,Non-Junction,1,Not at Intersection,1,No,1,No,88,Not Applicable,88,Not Applicable,88,Not Applicable,88,Not Applicable,FALSE,1,Public Road,1,"Trafficway, On Road",CT0009300,New Haven PD,42057,22:46.0,C,Closed,01:31.0,,,,,,,
974596,1,Complete,974596,974596,41.30626,-72.9356,3470759,New Haven,93,93,New Haven,9/19/2022,2022,9,September,19,2,Monday,16:30:00,16,22031905,A,3,,Unknown,"Injury of any type (Serious, Minor, Possible)",C,Possible Injury (C),0,1,4,Local,0.64,809,REV DR MLK JR BLVD,REV DR MLK JR BLVD,PARK ST,,,,,41.30626,-72.9356,14,Motor Vehicle in Operation,97,Other,1,On Roadway,4,Rain,88,Not Applicable,4,Dark-Lighted,2,Wet,0,None,88,Not Applicable,88,Not Applicable,0,None,88,Not Applicable,88,Not Applicable,3,Intersection-Related,2,Four-Way Intersection,1,No,1,No,88,Not Applicable,88,Not Applicable,88,Not Applicable,88,Not Applicable,TRUE,1,Public Road,1,"Trafficway, On Road",CT0009300,New Haven PD,40814,00:17.0,O,Open,00:41.0,,,,,,,
974598,1,Complete,974598,974598,41.3072257,-72.9194121,3470761,New Haven,93,93,New Haven,9/20/2022,2022,9,September,20,3,Tuesday,8:47:00,8,22031950,A,3,,Motor Vehicle In Motion,"Injury of any type (Serious, Minor, Possible)",C,Possible Injury (C),0,0,4,Local,1.75,264,GRAND AV,GRAND AV,OLIVE ST,,,,,41.3072257,-72.9194121,14,Motor Vehicle in Operation,1,Front to rear,1,On Roadway,1,Clear,88,Not Applicable,1,Daylight,1,Dry,0,None,88,Not Applicable,88,Not Applicable,0,None,88,Not Applicable,88,Not Applicable,3,Intersection-Related,2,Four-Way Intersection,1,No,1,No,88,Not Applicable,88,Not Applicable,88,Not Applicable,88,Not Applicable,TRUE,1,Public Road,1,"Trafficway, On Road",CT0009300,New Haven PD,469,47:19.0,C,Closed,00:37.0,,,,,,,
974599,1,Complete,974599,974599,41.31396,-72.9117,3470762,New Haven,93,93,New Haven,9/20/2022,2022,9,September,20,3,Tuesday,8:47:00,8,22031952,A,2,,Motor Vehicle In Motion,"Injury of any type (Serious, Minor, Possible)",C,Possible Injury (C),0,0,4,Local,0.49,316,HUMPHREY ST,HUMPHREY ST,,STATEST,100,Feet,E,41.31396,-72.9117,14,Motor Vehicle in Operation,3,Angle,1,On Roadway,1,Clear,88,Not Applicable,1,Daylight,1,Dry,0,None,88,Not Applicable,88,Not Applicable,0,None,88,Not Applicable,88,Not Applicable,11,Through Roadway,1,Not at Intersection,1,No,1,No,88,Not Applicable,88,Not Applicable,88,Not Applicable,88,Not Applicable,FALSE,1,Public Road,1,"Trafficway, On Road",CT0009300,New Haven PD,991,32:46.0,C,Closed,00:36.0,,,,,,,
974919,1,Complete,974919,974919,41.30175,-72.92686,3471082,New Haven,93,93,New Haven,9/17/2022,2022,9,September,17,7,Saturday,21:25:00,21,22031475,A,2,,Motor Vehicle In Motion,"Injury of any type (Serious, Minor, Possible)",B,Suspected Minor Injury (B),0,3,3,State,0,34,34-E-8A,34-E-8A,SOUTH ORANGE ST,,,,,41.30175,-72.92686,14,Motor Vehicle in Operation,3,Angle,1,On Roadway,1,Clear,88,Not Applicable,4,Dark-Lighted,1,Dry,0,None,88,Not Applicable,88,Not Applicable,0,None,88,Not Applicable,88,Not Applicable,2,Intersection,2,Four-Way Intersection,1,No,1,No,88,Not Applicable,88,Not Applicable,88,Not Applicable,88,Not Applicable,FALSE,1,Public Road,1,"Trafficway, On Road",CT0009300,New Haven PD,747,57:14.0,C,Closed,01:46.0,,,4500,2,PRIN ART-OTHER FREEWAYS & EXPRESSWAYS - NEW HPMS,2,Urban
974920,1,Complete,974920,974920,41.32701,-72.94106,3471083,New Haven,93,93,New Haven,9/18/2022,2022,9,September,18,1,Sunday,10:14:00,10,22031743,A,2,,Motor Vehicle In Motion,"Injury of any type (Serious, Minor, Possible)",C,Possible Injury (C),0,0,4,Local,0.47,133,CRESCENT ST,CRESCENT ST,,NORTON ST,135,Feet,S,41.32701,-72.94106,14,Motor Vehicle in Operation,3,Angle,1,On Roadway,1,Clear,88,Not Applicable,1,Daylight,1,Dry,0,None,88,Not Applicable,88,Not Applicable,0,None,88,Not Applicable,88,Not Applicable,1,Non-Junction,1,Not at Intersection,1,No,1,No,88,Not Applicable,88,Not Applicable,88,Not Applicable,88,Not Applicable,FALSE,1,Public Road,1,"Trafficway, On Road",CT0009300,New Haven PD,44055,13:21.0,C,Closed,01:50.0,,,,,,,
974925,1,Complete,974925,974925,41.304204,-72.9308258,3471088,New Haven,93,93,New Haven,9/20/2022,2022,9,September,20,3,Tuesday,6:30:00,6,22031936,A,2,,Motor Vehicle In Motion,"Injury of any type (Serious, Minor, Possible)",C,Possible Injury (C),0,0,4,Local,0.37,809,REV DR MLK JR BLVD,REV DR MLK JR BLVD,COLLEGE ST,,,,,41.304204,-72.9308258,14,Motor Vehicle in Operation,1,Front to rear,1,On Roadway,1,Clear,88,Not Applicable,1,Daylight,1,Dry,0,None,88,Not Applicable,88,Not Applicable,0,None,88,Not Applicable,88,Not Applicable,2,Intersection,2,Four-Way Intersection,1,No,1,No,88,Not Applicable,88,Not Applicable,88,Not Applicable,88,Not Applicable,FALSE,1,Public Road,1,"Trafficway, On Road",CT0009300,New Haven PD,42043,47:19.0,C,Closed,01:48.0,22-031937,,,,,,
975285,1,Complete,975285,975285,41.31903,-72.91401,3471448,New Haven,93,93,New Haven,9/20/2022,2022,9,September,20,3,Tuesday,17:20:00,17,22032001,A,1,,Other Non-motorist,"Injury of any type (Serious, Minor, Possible)",C,Possible Injury (C),1,1,4,Local,0.64,450,ORANGE ST NO 1,ORANGE ST NO 1,LAWRENCE ST NO 1,,,,,41.31903,-72.91401,14,Motor Vehicle in Operation,99,Unknown,1,On Roadway,1,Clear,88,Not Applicable,1,Daylight,1,Dry,0,None,88,Not Applicable,88,Not Applicable,0,None,88,Not Applicable,88,Not Applicable,2,Intersection,2,Four-Way Intersection,1,No,1,No,88,Not Applicable,88,Not Applicable,88,Not Applicable,88,Not Applicable,TRUE,1,Public Road,1,"Trafficway, On Road",CT0009300,New Haven PD,42052,57:32.0,C,Closed,01:02.0,,2,4400,4,MINOR ARTERIAL - NEW HPMS,2,Urban
975287,1,Complete,975287,975287,41.32659,-72.92399,3471450,New Haven,93,93,New Haven,9/22/2022,2022,9,September,22,5,Thursday,14:52:00,14,22032098,A,2,,Motor Vehicle In Motion,"Injury of any type (Serious, Minor, Possible)",C,Possible Injury (C),0,0,4,Local,0.09,789,STARR ST NO 3,STARR ST NO 3,MANSFIELD ST,,,,,41.32659,-72.92399,14,Motor Vehicle in Operation,2,Front to front,1,On Roadway,1,Clear,88,Not Applicable,1,Daylight,1,Dry,0,None,88,Not Applicable,88,Not Applicable,0,None,88,Not Applicable,88,Not Applicable,2,Intersection,2,Four-Way Intersection,1,No,1,No,88,Not Applicable,88,Not Applicable,88,Not Applicable,88,Not Applicable,FALSE,1,Public Road,1,"Trafficway, On Road",CT0009300,New Haven PD,42052,21:40.0,C,Closed,01:09.0,,,,,,,
975288,1,Complete,975288,975288,41.29788,-72.92689,3471451,New Haven,93,93,New Haven,9/21/2022,2022,9,September,21,4,Wednesday,18:15:00,18,22032122,A,1,,Pedestrian,"Injury of any type (Serious, Minor, Possible)",B,Suspected Minor Injury (B),1,2,2,USRoute,47.98,1,1-N,1-N,,COLUMBUS AVE,300,Feet,S,41.29788,-72.92689,9,Pedestrian,88,Not Applicable,1,On Roadway,1,Clear,88,Not Applicable,1,Daylight,1,Dry,0,None,88,Not Applicable,88,Not Applicable,0,None,88,Not Applicable,88,Not Applicable,1,Non-Junction,1,Not at Intersection,1,No,1,No,88,Not Applicable,88,Not Applicable,88,Not Applicable,88,Not Applicable,FALSE,1,Public Road,1,"Trafficway, On Road",CT0009300,New Haven PD,42366,07:31.0,O,Open,01:03.0,,4,9500,3,PRINCIPAL ARTERIAL - OTHER - NEW HPMS,2,Urban
975291,1,Complete,975291,975291,41.31551,-72.93921,3471454,New Haven,93,93,New Haven,9/21/2022,2022,9,September,21,4,Wednesday,19:27:00,19,22032129,A,2,,Motor Vehicle In Motion,"Injury of any type (Serious, Minor, Possible)",B,Suspected Minor Injury (B),0,0,4,Local,0.56,653,WHALLEY AV,WHALLEY AV,ORCHARD ST,,,,,41.31551,-72.93921,14,Motor Vehicle in Operation,3,Angle,1,On Roadway,1,Clear,88,Not Applicable,4,Dark-Lighted,1,Dry,0,None,88,Not Applicable,88,Not Applicable,0,None,88,Not Applicable,88,Not Applicable,2,Intersection,2,Four-Way Intersection,1,No,1,No,88,Not Applicable,88,Not Applicable,88,Not Applicable,88,Not Applicable,FALSE,1,Public Road,1,"Trafficway, On Road",CT0009300,New Haven PD,44053,46:03.0,C,Closed,01:12.0,,,,,,,
975772,1,Complete,975772,975772,41.293638,-72.937737,3471935,New Haven,93,93,New Haven,7/1/2022,2022,7,July,1,6,Friday,8:46:00,8,22021911,A,2,,Motor Vehicle In Motion,"Injury of any type (Serious, Minor, Possible)",B,Suspected Minor Injury (B),0,0,4,Local,0.09,571,SPRING ST,SPRING ST,HURLBURT ST,,,,,41.293638,-72.937737,14,Motor Vehicle in Operation,3,Angle,1,On Roadway,1,Clear,88,Not Applicable,1,Daylight,1,Dry,0,None,88,Not Applicable,88,Not Applicable,0,None,88,Not Applicable,88,Not Applicable,2,Intersection,2,Four-Way Intersection,1,No,1,No,88,Not Applicable,88,Not Applicable,88,Not Applicable,88,Not Applicable,FALSE,1,Public Road,1,"Trafficway, On Road",CT0009300,New Haven PD,295,09:54.0,C,Closed,00:48.0,,,,,,,
975774,1,Complete,975774,975774,41.3200551,-72.8930774,3471937,New Haven,93,93,New Haven,9/5/2022,2022,9,September,5,2,Monday,23:18:00,23,22030302,A,2,,Motor Vehicle In Motion,"Injury of any type (Serious, Minor, Possible)",C,Possible Injury (C),0,0,4,Local,0.49,411,MIDDLETOWN AV,MIDDLETOWN AV,CLINTON AV,,,,,41.3200551,-72.8930774,14,Motor Vehicle in Operation,4,"Sideswipe, same direction",1,On Roadway,4,Rain,88,Not Applicable,4,Dark-Lighted,2,Wet,0,None,88,Not Applicable,88,Not Applicable,0,None,88,Not Applicable,88,Not Applicable,2,Intersection,3,T-Intersection,1,No,1,No,88,Not Applicable,88,Not Applicable,88,Not Applicable,88,Not Applicable,FALSE,1,Public Road,1,"Trafficway, On Road",CT0009300,New Haven PD,370,22:59.0,C,Closed,00:46.0,,,,,,,
975781,1,Complete,975781,975781,41.31611,-72.91623,3471944,New Haven,93,93,New Haven,9/21/2022,2022,9,September,21,4,Wednesday,20:55:00,20,22032141,A,1,,Pedalcycle/Pedalcyclist,"Injury of any type (Serious, Minor, Possible)",C,Possible Injury (C),1,0,4,Local,0.88,450,ORANGE ST NO 1,ORANGE ST NO 1,HUMPHREY ST,,,,,41.31611,-72.91623,10,Pedalcycle/Pedalcyclist,3,Angle,1,On Roadway,1,Clear,88,Not Applicable,4,Dark-Lighted,1,Dry,0,None,88,Not Applicable,88,Not Applicable,0,None,88,Not Applicable,88,Not Applicable,2,Intersection,2,Four-Way Intersection,1,No,1,No,88,Not Applicable,88,Not Applicable,88,Not Applicable,88,Not Applicable,FALSE,1,Public Road,1,"Trafficway, On Road",CT0009300,New Haven PD,44060,26:44.0,C,Closed,00:44.0,,,,,,,
975784,1,Complete,975784,975784,41.32683,-72.93521,3471947,New Haven,93,93,New Haven,9/22/2022,2022,9,September,22,5,Thursday,14:32:00,14,22032219,A,1,,Pedestrian,"Injury of any type (Serious, Minor, Possible)",B,Suspected Minor Injury (B),1,1,4,Local,0.99,152,DIXWELL AV,DIXWELL AV,,,,,,41.32683,-72.93521,9,Pedestrian,88,Not Applicable,1,On Roadway,1,Clear,88,Not Applicable,1,Daylight,1,Dry,0,None,88,Not Applicable,88,Not Applicable,0,None,88,Not Applicable,88,Not Applicable,2,Intersection,2,Four-Way Intersection,1,No,1,No,88,Not Applicable,88,Not Applicable,88,Not Applicable,88,Not Applicable,TRUE,1,Public Road,1,"Trafficway, On Road",CT0009300,New Haven PD,42042,20:41.0,O,Open,00:54.0,,2,10900,3,PRINCIPAL ARTERIAL - OTHER - NEW HPMS,2,Urban
975789,1,Complete,975789,975789,41.3319,-72.93516,3471952,New Haven,93,93,New Haven,9/23/2022,2022,9,September,23,6,Friday,10:23:00,10,22032319,A,2,,Motor Vehicle In Motion,"Injury of any type (Serious, Minor, Possible)",C,Possible Injury (C),0,0,4,Local,1.33,152,DIXWELL AV,DIXWELL AV,WILLIS ST,,,,,41.3319,-72.93516,14,Motor Vehicle in Operation,3,Angle,1,On Roadway,1,Clear,88,Not Applicable,1,Daylight,1,Dry,0,None,88,Not Applicable,88,Not Applicable,0,None,88,Not Applicable,88,Not Applicable,2,Intersection,3,T-Intersection,1,No,1,No,88,Not Applicable,88,Not Applicable,88,Not Applicable,88,Not Applicable,TRUE,1,Public Road,1,"Trafficway, On Road",CT0009300,New Haven PD,40953,26:27.0,C,Closed,00:45.0,,,,,,,
975791,1,Complete,975791,975791,41.33262,-72.93784,3471954,New Haven,93,93,New Haven,9/23/2022,2022,9,September,23,6,Friday,13:22:00,13,22032338,A,2,,Motor Vehicle In Motion,"Injury of any type (Serious, Minor, Possible)",C,Possible Injury (C),0,1,4,Local,0.95,557,SHERMAN PKWY,SHERMAN PKWY,BASSETT ST,,,,,41.33262,-72.93784,14,Motor Vehicle in Operation,3,Angle,1,On Roadway,1,Clear,88,Not Applicable,1,Daylight,1,Dry,0,None,88,Not Applicable,88,Not Applicable,0,None,88,Not Applicable,88,Not Applicable,2,Intersection,2,Four-Way Intersection,1,No,1,No,88,Not Applicable,88,Not Applicable,88,Not Applicable,88,Not Applicable,FALSE,1,Public Road,1,"Trafficway, On Road",CT0009300,New Haven PD,42057,34:28.0,C,Closed,00:51.0,,,,,,,
975792,1,Complete,975792,975792,41.3199,-72.90625,3471955,New Haven,93,93,New Haven,9/23/2022,2022,9,September,23,6,Friday,14:47:00,14,22032344,A,2,,Motor Vehicle In Motion,"Injury of any type (Serious, Minor, Possible)",C,Possible Injury (C),0,0,4,Local,0.31,666,WILLOW ST,WILLOW ST,,,,,,41.3199,-72.90625,14,Motor Vehicle in Operation,3,Angle,1,On Roadway,1,Clear,88,Not Applicable,1,Daylight,1,Dry,0,None,88,Not Applicable,88,Not Applicable,0,None,88,Not Applicable,88,Not Applicable,2,Intersection,3,T-Intersection,1,No,1,No,88,Not Applicable,88,Not Applicable,88,Not Applicable,88,Not Applicable,FALSE,1,Public Road,1,"Trafficway, On Road",CT0009300,New Haven PD,42052,18:15.0,C,Closed,00:49.0,,,,,,,
975797,1,Complete,975797,975797,41.30759,-72.902951,3471960,New Haven,93,93,New Haven,9/23/2022,2022,9,September,23,6,Friday,21:33:00,21,22032402,A,3,,Motor Vehicle In Motion,"Injury of any type (Serious, Minor, Possible)",C,Possible Injury (C),1,0,4,Local,0.61,327,JAMES ST,JAMES ST,WOOLSEY ST,,,,,41.30759,-72.902951,14,Motor Vehicle in Operation,1,Front to rear,1,On Roadway,1,Clear,88,Not Applicable,4,Dark-Lighted,1,Dry,0,None,88,Not Applicable,88,Not Applicable,0,None,88,Not Applicable,88,Not Applicable,2,Intersection,3,T-Intersection,1,No,1,No,88,Not Applicable,88,Not Applicable,88,Not Applicable,88,Not Applicable,FALSE,1,Public Road,1,"Trafficway, On Road",CT0009300,New Haven PD,42057,51:24.0,C,Closed,00:54.0,,,,,,,
975798,1,Complete,975798,975798,41.2953297,-72.9464453,3471961,New Haven,93,93,New Haven,9/23/2022,2022,9,September,23,6,Friday,23:28:00,23,22032409,A,3,,Motor Vehicle In Motion,"Injury of any type (Serious, Minor, Possible)",C,Possible Injury (C),0,0,3,State,1.27,10,10-N,10-N,,PRINTERS LN,10,Feet,W,41.2953297,-72.9464453,14,Motor Vehicle in Operation,4,"Sideswipe, same direction",1,On Roadway,1,Clear,88,Not Applicable,4,Dark-Lighted,1,Dry,0,None,88,Not Applicable,88,Not Applicable,0,None,88,Not Applicable,88,Not Applicable,1,Non-Junction,1,Not at Intersection,1,No,1,No,88,Not Applicable,88,Not Applicable,88,Not Applicable,88,Not Applicable,FALSE,1,Public Road,1,"Trafficway, On Road",CT0009300,New Haven PD,42046,57:48.0,C,Closed,00:53.0,,2,20300,3,PRINCIPAL ARTERIAL - OTHER - NEW HPMS,2,Urban
975800,1,Complete,975800,975800,41.30384,-72.90029,3471963,New Haven,93,93,New Haven,9/24/2022,2022,9,September,24,7,Saturday,12:13:00,12,22032446,A,2,,Motor Vehicle In Motion,"Injury of any type (Serious, Minor, Possible)",C,Possible Injury (C),0,0,4,Local,0.4,97,CHAPEL ST,CHAPEL ST,,,,,,41.30384,-72.90029,14,Motor Vehicle in Operation,3,Angle,1,On Roadway,1,Clear,88,Not Applicable,1,Daylight,1,Dry,0,None,88,Not Applicable,88,Not Applicable,0,None,88,Not Applicable,88,Not Applicable,2,Intersection,2,Four-Way Intersection,1,No,1,No,88,Not Applicable,88,Not Applicable,88,Not Applicable,88,Not Applicable,FALSE,1,Public Road,1,"Trafficway, On Road",CT0009300,New Haven PD,44052,54:47.0,C,Closed,00:57.0,,,,,,,