CrashId,Fatal Case Status,Fatal Case Status Text Format,CrashId,CrashId,Latitude,Longitude,DOT Case Number,Town Name,Town Number,Town Number,Town Number Text Format,Date Of Crash,Year,Month,Month Text Format,Day,Day of the Week,Day of the Week Text Format,Time of Crash,Hour of the Day,Case Identifier,Crash Severity,Number Of Motor Vehicles,Motor vehicle action,Most harmful event,Crash Severity Text Format,Most Severe Injury,Most Severe Injury Text Format,Number Of Non-Motorist,Number Of Witnesses,Route Class,Route Class Text Format,Milemarker,Road Number,Road Description,Roadway Name,Intersecting Roadway Name,Landmark Description,Distance From Nearest Landmark,Unit Of Measure From Nearest Landmark,Direction From Nearest Landmark,Latitude,Longitude,First Harmful Event,First Harmful Event Text Format,Manner of Crash / Collision Impact,Manner of Crash / Collision Impact Text Format,Location of First Harmful Event,Location of First Harmful Event Text Format,Weather Condition,Weather Condition Text Format,Weather 2,Weather 2 Text Format,Light Condition,Light Condition Text Format,Road Surface Condition,Road Surface Condition Text Format,"Contributing Circumstances, Environment","Contributing Circumstances, Environment Text Format",Environment 2,Environment 2 Text Format,Environment 3,Environment 3 Text Format,"Contributing Circumstances, Road","Contributing Circumstances, Road Text Format",Road 2,Road 2 Text Format,Road 3,Road 3 Text Format,Crash Specific Location,Crash Specific Location Text Format,Type of Intersection,Type of Intersection Text Format,School Bus Related,School Bus Related Text Format,Work Zone Related,Work Zone Related Text Format,Location Of Crash Relative To Work Zone,Location Of Crash Relative To Work Zone Text Format,Type of Work Zone,Type of Work Zone Text Format,Worker Presence,Worker Presence Text Format,Law Enforcement Presence,Law Enforcement Presence Text Format,Were Vehicles Moved Prior To Police Arrival,Trafficway Ownership,Trafficway Ownership Text Format,Trafficway Class,Trafficway Class Text Format,Police Agency,Police Agency Text Format,Badge Number,Approval Date,Police Case Status,Police Case Status Text Format,Crash Report Submission Date,Related Case Identifiers,No. of Through Lanes (Log Dir.),Average Daily Traffic,Functional Classification,Functional Classification Text Format,Rural or Urban,Rural or Urban Text Format
981852,1,Complete,981852,981852,41.30991,-72.92107,3478015,New Haven,93,93,New Haven,10/1/2022,2022,10,October,1,7,Saturday,6:38:00,6,22033301,A,2,,Utility Pole,"Injury of any type (Serious, Minor, Possible)",C,Possible Injury (C),0,0,4,Local,1.38,450,ORANGE ST NO 1,ORANGE ST NO 1,GROVE ST,,,,,41.30991,-72.92107,14,Motor Vehicle in Operation,3,Angle,1,On Roadway,2,Cloudy,88,Not Applicable,1,Daylight,2,Wet,0,None,88,Not Applicable,88,Not Applicable,0,None,88,Not Applicable,88,Not Applicable,2,Intersection,2,Four-Way Intersection,1,No,1,No,88,Not Applicable,88,Not Applicable,88,Not Applicable,88,Not Applicable,FALSE,1,Public Road,1,"Trafficway, On Road",CT0009300,New Haven PD,42044,25:08.0,C,Closed,00:23.0,,,,,,,
981854,1,Complete,981854,981854,41.29752,-72.94909,3478017,New Haven,93,93,New Haven,10/8/2022,2022,10,October,8,7,Saturday,14:45:00,14,22034109,A,1,,Pedalcycle/Pedalcyclist,"Injury of any type (Serious, Minor, Possible)",B,Suspected Minor Injury (B),1,0,3,State,1.47,10,10-N,10-N,1-N,,,,,41.29752,-72.94909,10,Pedalcycle/Pedalcyclist,3,Angle,1,On Roadway,1,Clear,88,Not Applicable,1,Daylight,1,Dry,0,None,88,Not Applicable,88,Not Applicable,0,None,88,Not Applicable,88,Not Applicable,2,Intersection,2,Four-Way Intersection,1,No,1,No,88,Not Applicable,88,Not Applicable,88,Not Applicable,88,Not Applicable,TRUE,1,Public Road,1,"Trafficway, On Road",CT0009300,New Haven PD,301,55:01.0,C,Closed,00:25.0,,2,20300,3,PRINCIPAL ARTERIAL - OTHER - NEW HPMS,2,Urban
981855,1,Complete,981855,981855,41.308786,-72.933636,3478018,New Haven,93,93,New Haven,10/10/2022,2022,10,October,10,2,Monday,14:30:00,14,22034392,A,2,,Motor Vehicle In Motion,"Injury of any type (Serious, Minor, Possible)",C,Possible Injury (C),0,0,4,Local,0.2,463,PARK ST,PARK ST,,CHAPEL ST,50,,S,41.308786,-72.933636,14,Motor Vehicle in Operation,1,Front to rear,7,In Parking Lane or Zone,1,Clear,88,Not Applicable,1,Daylight,1,Dry,0,None,88,Not Applicable,88,Not Applicable,0,None,88,Not Applicable,88,Not Applicable,3,Intersection-Related,2,Four-Way Intersection,1,No,1,No,88,Not Applicable,88,Not Applicable,88,Not Applicable,88,Not Applicable,FALSE,1,Public Road,2,"Trafficway, Not on Road",CT0009300,New Haven PD,159,21:20.0,C,Closed,00:23.0,,,,,,,
981856,1,Complete,981856,981856,41.297809,-72.935515,3478019,New Haven,93,93,New Haven,10/11/2022,2022,10,October,11,3,Tuesday,21:47:00,21,22034470,A,1,,Pedestrian,"Injury of any type (Serious, Minor, Possible)",A,Suspected Serious Injury (A),1,0,2,USRoute,47.33,1,1-N,1-N,,WASHINGTON AVE,85,Feet,N,41.297809,-72.935515,9,Pedestrian,88,Not Applicable,1,On Roadway,1,Clear,88,Not Applicable,4,Dark-Lighted,1,Dry,0,None,88,Not Applicable,88,Not Applicable,0,None,88,Not Applicable,88,Not Applicable,1,Non-Junction,1,Not at Intersection,1,No,1,No,88,Not Applicable,88,Not Applicable,88,Not Applicable,88,Not Applicable,FALSE,1,Public Road,1,"Trafficway, On Road",CT0009300,New Haven PD,223,52:27.0,O,Open,00:24.0,,2,8400,3,PRINCIPAL ARTERIAL - OTHER - NEW HPMS,2,Urban
981863,1,Complete,981863,981863,41.310085,-72.953479,3478026,New Haven,93,93,New Haven,10/14/2022,2022,10,October,14,6,Friday,8:31:00,8,22034780,A,2,,Motor Vehicle In Motion,"Injury of any type (Serious, Minor, Possible)",C,Possible Injury (C),0,0,3,State,2.38,10,10-N,10-N,DERBY AV,,,,,41.310085,-72.953479,14,Motor Vehicle in Operation,3,Angle,1,On Roadway,2,Cloudy,88,Not Applicable,1,Daylight,2,Wet,0,None,88,Not Applicable,88,Not Applicable,0,None,88,Not Applicable,88,Not Applicable,2,Intersection,2,Four-Way Intersection,1,No,1,No,88,Not Applicable,88,Not Applicable,88,Not Applicable,88,Not Applicable,FALSE,1,Public Road,1,"Trafficway, On Road",CT0009300,New Haven PD,91,35:33.0,C,Closed,00:25.0,,2,33300,3,PRINCIPAL ARTERIAL - OTHER - NEW HPMS,2,Urban
981865,1,Complete,981865,981865,41.332716,-72.949353,3478028,New Haven,93,93,New Haven,10/14/2022,2022,10,October,14,6,Friday,14:03:00,14,22034809,A,1,,Pedestrian,"Injury of any type (Serious, Minor, Possible)",C,Possible Injury (C),1,0,3,State,4.31,10,10-S,10-S,WINTERGREEN AV,,,,,41.332716,-72.949353,9,Pedestrian,88,Not Applicable,1,On Roadway,1,Clear,88,Not Applicable,1,Daylight,1,Dry,0,None,88,Not Applicable,88,Not Applicable,0,None,88,Not Applicable,88,Not Applicable,2,Intersection,3,T-Intersection,1,No,1,No,88,Not Applicable,88,Not Applicable,88,Not Applicable,88,Not Applicable,TRUE,1,Public Road,1,"Trafficway, On Road",CT0009300,New Haven PD,66,19:03.0,C,Closed,00:36.0,,4,10600,4,MINOR ARTERIAL - NEW HPMS,2,Urban
981866,1,Complete,981866,981866,41.29322,-72.89266,3478029,New Haven,93,93,New Haven,10/14/2022,2022,10,October,14,6,Friday,15:53:00,15,22034815,A,2,,Motor Vehicle In Motion,"Injury of any type (Serious, Minor, Possible)",C,Possible Injury (C),0,0,4,Local,0.57,207,FAIRMONT AV,FAIRMONT AV,TOWNSEND AV,,,,,41.29322,-72.89266,14,Motor Vehicle in Operation,3,Angle,1,On Roadway,1,Clear,88,Not Applicable,1,Daylight,1,Dry,0,None,88,Not Applicable,88,Not Applicable,0,None,88,Not Applicable,88,Not Applicable,2,Intersection,2,Four-Way Intersection,1,No,1,No,88,Not Applicable,88,Not Applicable,88,Not Applicable,88,Not Applicable,FALSE,1,Public Road,1,"Trafficway, On Road",CT0009300,New Haven PD,279,42:50.0,C,Closed,00:45.0,,,,,,,
981867,1,Complete,981867,981867,41.31948,-72.918855,3478030,New Haven,93,93,New Haven,10/14/2022,2022,10,October,14,6,Friday,19:49:00,19,22034825,A,2,,Motor Vehicle In Motion,"Injury of any type (Serious, Minor, Possible)",C,Possible Injury (C),0,0,4,Local,0.66,656,WHITNEY AV,WHITNEY AV,EDWARDS ST,,,,,41.31948,-72.918855,14,Motor Vehicle in Operation,1,Front to rear,1,On Roadway,1,Clear,88,Not Applicable,1,Daylight,1,Dry,0,None,88,Not Applicable,88,Not Applicable,0,None,88,Not Applicable,88,Not Applicable,3,Intersection-Related,2,Four-Way Intersection,1,No,1,No,88,Not Applicable,88,Not Applicable,88,Not Applicable,88,Not Applicable,FALSE,1,Public Road,1,"Trafficway, On Road",CT0009300,New Haven PD,65,09:29.0,C,Closed,00:29.0,,,,,,,
981872,1,Complete,981872,981872,41.30618,-72.87688,3478035,New Haven,93,93,New Haven,10/14/2022,2022,10,October,14,6,Friday,20:15:00,20,22034847,A,1,,Tree (standing),"Injury of any type (Serious, Minor, Possible)",A,Suspected Serious Injury (A),0,0,4,Local,0,362,LEILA ST,LEILA ST,RUSSELL ST,,,,,41.30618,-72.87688,32,Tree (standing),88,Not Applicable,4,Roadside,1,Clear,88,Not Applicable,4,Dark-Lighted,1,Dry,99,Unknown,88,Not Applicable,88,Not Applicable,0,None,88,Not Applicable,88,Not Applicable,2,Intersection,3,T-Intersection,1,No,1,No,88,Not Applicable,88,Not Applicable,88,Not Applicable,88,Not Applicable,FALSE,1,Public Road,1,"Trafficway, On Road",CT0009300,New Haven PD,44056,24:18.0,C,Closed,00:40.0,,2,3838,7,LOCAL - NEW HPMS,2,Urban
981879,1,Complete,981879,981879,41.326672,-72.962689,3478042,New Haven,93,93,New Haven,10/15/2022,2022,10,October,15,7,Saturday,10:15:00,10,22034889,A,1,,Pedestrian,"Injury of any type (Serious, Minor, Possible)",C,Possible Injury (C),1,0,3,State,6.5,243,243-E,243-E,HARRISON ST,,,,,41.326672,-72.962689,9,Pedestrian,88,Not Applicable,1,On Roadway,1,Clear,88,Not Applicable,1,Daylight,1,Dry,0,None,88,Not Applicable,88,Not Applicable,0,None,88,Not Applicable,88,Not Applicable,2,Intersection,3,T-Intersection,1,No,1,No,88,Not Applicable,88,Not Applicable,88,Not Applicable,88,Not Applicable,TRUE,1,Public Road,1,"Trafficway, On Road",CT0009300,New Haven PD,313,19:43.0,C,Closed,00:45.0,,2,10400,4,MINOR ARTERIAL - NEW HPMS,2,Urban
981889,1,Complete,981889,981889,41.31911,-72.94914,3478052,New Haven,93,93,New Haven,10/15/2022,2022,10,October,15,7,Saturday,19:20:00,19,22034940,A,2,,Motor Vehicle In Motion,"Injury of any type (Serious, Minor, Possible)",B,Suspected Minor Injury (B),0,0,3,State,3.03,10,10-N,10-N,WHALLEY AV,,,,,41.31911,-72.94914,14,Motor Vehicle in Operation,3,Angle,1,On Roadway,1,Clear,88,Not Applicable,1,Daylight,1,Dry,0,None,88,Not Applicable,88,Not Applicable,0,None,88,Not Applicable,88,Not Applicable,2,Intersection,2,Four-Way Intersection,1,No,1,No,88,Not Applicable,88,Not Applicable,88,Not Applicable,88,Not Applicable,FALSE,1,Public Road,1,"Trafficway, On Road",CT0009300,New Haven PD,79,21:40.0,C,Closed,00:41.0,,1,10200,3,PRINCIPAL ARTERIAL - OTHER - NEW HPMS,1,Rural
982562,1,Complete,982562,982562,41.30064,-72.92431,3478725,New Haven,93,93,New Haven,10/11/2022,2022,10,October,11,3,Tuesday,15:17:00,15,22034399,A,2,,Motor Vehicle In Motion,"Injury of any type (Serious, Minor, Possible)",C,Possible Injury (C),0,0,2,USRoute,48.22,1,1-N,1-N,WEST WATER,,,,,41.30064,-72.92431,14,Motor Vehicle in Operation,3,Angle,1,On Roadway,1,Clear,88,Not Applicable,1,Daylight,1,Dry,0,None,88,Not Applicable,88,Not Applicable,0,None,88,Not Applicable,88,Not Applicable,2,Intersection,4,Y-Intersection,1,No,1,No,88,Not Applicable,88,Not Applicable,88,Not Applicable,88,Not Applicable,FALSE,1,Public Road,1,"Trafficway, On Road",CT0009300,New Haven PD,293,14:27.0,C,Closed,01:45.0,,2,11700,3,PRINCIPAL ARTERIAL - OTHER - NEW HPMS,2,Urban
982565,1,Complete,982565,982565,41.31102,-72.94912,3478728,New Haven,93,93,New Haven,10/15/2022,2022,10,October,15,7,Saturday,20:38:00,20,22034955,A,1,,Tree (standing),"Injury of any type (Serious, Minor, Possible)",C,Possible Injury (C),0,0,4,Local,0.18,147,DERBY AV,DERBY AV,NORTON ST,,,,,41.31102,-72.94912,32,Tree (standing),88,Not Applicable,1,On Roadway,1,Clear,88,Not Applicable,4,Dark-Lighted,1,Dry,0,None,88,Not Applicable,88,Not Applicable,0,None,88,Not Applicable,88,Not Applicable,3,Intersection-Related,2,Four-Way Intersection,1,No,1,No,88,Not Applicable,88,Not Applicable,88,Not Applicable,88,Not Applicable,FALSE,1,Public Road,1,"Trafficway, On Road",CT0009300,New Haven PD,44045,16:53.0,C,Closed,01:47.0,,2,9500,4,MINOR ARTERIAL - NEW HPMS,2,Urban
982566,1,Complete,982566,982566,41.2973,-72.94869,3478729,New Haven,93,93,New Haven,10/1/2022,2022,10,October,1,7,Saturday,22:59:00,22,22034970,A,2,,Motor Vehicle In Motion,"Injury of any type (Serious, Minor, Possible)",C,Possible Injury (C),0,0,3,State,1.47,10,10-N,10-N,1-N,,,,,41.2973,-72.94869,14,Motor Vehicle in Operation,1,Front to rear,1,On Roadway,1,Clear,88,Not Applicable,1,Daylight,1,Dry,0,None,88,Not Applicable,88,Not Applicable,0,None,88,Not Applicable,88,Not Applicable,3,Intersection-Related,2,Four-Way Intersection,1,No,1,No,88,Not Applicable,88,Not Applicable,88,Not Applicable,88,Not Applicable,FALSE,1,Public Road,1,"Trafficway, On Road",CT0009300,New Haven PD,44052,35:03.0,C,Closed,01:41.0,,2,20300,3,PRINCIPAL ARTERIAL - OTHER - NEW HPMS,2,Urban
982567,1,Complete,982567,982567,41.32281,-72.93491,3478730,New Haven,93,93,New Haven,10/16/2022,2022,10,October,16,1,Sunday,19:50:00,19,22035057,A,2,,Motor Vehicle In Motion,"Injury of any type (Serious, Minor, Possible)",B,Suspected Minor Injury (B),0,0,4,Local,0.7,152,DIXWELL AV,DIXWELL AV,MUNSON ST,,,,,41.32281,-72.93491,14,Motor Vehicle in Operation,3,Angle,1,On Roadway,1,Clear,88,Not Applicable,4,Dark-Lighted,1,Dry,0,None,88,Not Applicable,88,Not Applicable,0,None,88,Not Applicable,88,Not Applicable,2,Intersection,2,Four-Way Intersection,1,No,1,No,88,Not Applicable,88,Not Applicable,88,Not Applicable,88,Not Applicable,FALSE,1,Public Road,1,"Trafficway, On Road",CT0009300,New Haven PD,504,38:47.0,C,Closed,01:42.0,,,,,,,
982568,1,Complete,982568,982568,41.293648,-72.933143,3478731,New Haven,93,93,New Haven,10/16/2022,2022,10,October,16,1,Sunday,19:55:00,19,22035058,A,1,,Pedestrian,"Injury of any type (Serious, Minor, Possible)",A,Suspected Serious Injury (A),1,0,4,Local,0.9,308,HOWARD AV,HOWARD AV,,SPRING ST.,200,Feet,S,41.293648,-72.933143,9,Pedestrian,88,Not Applicable,1,On Roadway,1,Clear,88,Not Applicable,4,Dark-Lighted,1,Dry,0,None,88,Not Applicable,88,Not Applicable,0,None,88,Not Applicable,88,Not Applicable,1,Non-Junction,1,Not at Intersection,1,No,1,No,88,Not Applicable,88,Not Applicable,88,Not Applicable,88,Not Applicable,FALSE,1,Public Road,1,"Trafficway, On Road",CT0009300,New Haven PD,44050,01:53.0,O,Open,01:43.0,,4,7100,4,MINOR ARTERIAL - NEW HPMS,2,Urban
982569,1,Complete,982569,982569,41.30947,-72.92704,3478732,New Haven,93,93,New Haven,10/17/2022,2022,10,October,17,2,Monday,9:07:00,9,22035092,A,1,,Pedalcycle/Pedalcyclist,"Injury of any type (Serious, Minor, Possible)",B,Suspected Minor Injury (B),1,0,4,Local,0.38,726,ELM ST NO 2,ELM ST NO 2,COLLEGE ST,,,,,41.30947,-72.92704,10,Pedalcycle/Pedalcyclist,97,Other,1,On Roadway,4,Rain,2,Cloudy,1,Daylight,2,Wet,0,None,88,Not Applicable,88,Not Applicable,0,None,88,Not Applicable,88,Not Applicable,3,Intersection-Related,2,Four-Way Intersection,1,No,1,No,88,Not Applicable,88,Not Applicable,88,Not Applicable,88,Not Applicable,TRUE,1,Public Road,1,"Trafficway, On Road",CT0009300,New Haven PD,165,14:36.0,C,Closed,01:43.0,,,,,,,
982884,1,Complete,982884,982884,41.32267,-72.94315,3479047,New Haven,93,93,New Haven,9/5/2022,2022,9,September,5,2,Monday,13:11:00,13,22030245,A,2,,Motor Vehicle In Motion,"Injury of any type (Serious, Minor, Possible)",C,Possible Injury (C),0,0,4,Local,0.14,420,MORELAND RD,MORELAND RD,NORTON PKWY,,,,,41.32267,-72.94315,14,Motor Vehicle in Operation,3,Angle,1,On Roadway,1,Clear,88,Not Applicable,1,Daylight,1,Dry,0,None,88,Not Applicable,88,Not Applicable,0,None,88,Not Applicable,88,Not Applicable,2,Intersection,2,Four-Way Intersection,1,No,1,No,88,Not Applicable,88,Not Applicable,88,Not Applicable,88,Not Applicable,FALSE,1,Public Road,1,"Trafficway, On Road",CT0009300,New Haven PD,62,25:45.0,C,Closed,00:44.0,,,,,,,
982887,1,Complete,982887,982887,41.31823,-72.93745,3479050,New Haven,93,93,New Haven,10/7/2022,2022,10,October,7,6,Friday,7:38:00,7,22033960,A,2,,Motor Vehicle In Motion,"Injury of any type (Serious, Minor, Possible)",B,Suspected Minor Injury (B),0,0,4,Local,1.21,453,ORCHARD ST,ORCHARD ST,ORCHARD PL,,,,,41.31823,-72.93745,14,Motor Vehicle in Operation,4,"Sideswipe, same direction",1,On Roadway,1,Clear,88,Not Applicable,1,Daylight,1,Dry,0,None,88,Not Applicable,88,Not Applicable,0,None,88,Not Applicable,88,Not Applicable,2,Intersection,3,T-Intersection,1,No,1,No,88,Not Applicable,88,Not Applicable,88,Not Applicable,88,Not Applicable,FALSE,1,Public Road,1,"Trafficway, On Road",CT0009300,New Haven PD,201,58:50.0,O,Open,00:45.0,,2,4200,4,MINOR ARTERIAL - NEW HPMS,2,Urban
982888,1,Complete,982888,982888,41.314855,-72.949319,3479051,New Haven,93,93,New Haven,10/7/2022,2022,10,October,7,6,Friday,13:32:00,13,22034008,A,2,,Motor Vehicle In Motion,"Injury of any type (Serious, Minor, Possible)",C,Possible Injury (C),0,0,4,Local,1.15,179,EDGEWOOD AV,EDGEWOOD AV,,,,,,41.314855,-72.949319,14,Motor Vehicle in Operation,3,Angle,1,On Roadway,1,Clear,88,Not Applicable,1,Daylight,1,Dry,0,None,88,Not Applicable,88,Not Applicable,0,None,88,Not Applicable,88,Not Applicable,2,Intersection,2,Four-Way Intersection,1,No,1,No,88,Not Applicable,88,Not Applicable,88,Not Applicable,88,Not Applicable,FALSE,1,Public Road,1,"Trafficway, On Road",CT0009300,New Haven PD,44055,16:52.0,C,Closed,00:44.0,,4,5000,4,MINOR ARTERIAL - NEW HPMS,2,Urban
982892,1,Complete,982892,982892,41.337075,-72.981702,3479055,New Haven,93,93,New Haven,10/16/2022,2022,10,October,16,1,Sunday,13:41:00,13,22035025,A,2,,Motor Vehicle In Motion,"Injury of any type (Serious, Minor, Possible)",C,Possible Injury (C),0,0,,,,,,112 AMITY RD,,JUNE ST,370,Feet,S,41.337075,-72.981702,14,Motor Vehicle in Operation,3,Angle,1,On Roadway,1,Clear,88,Not Applicable,1,Daylight,1,Dry,0,None,88,Not Applicable,88,Not Applicable,0,None,88,Not Applicable,88,Not Applicable,1,Non-Junction,1,Not at Intersection,1,No,1,No,88,Not Applicable,88,Not Applicable,88,Not Applicable,88,Not Applicable,TRUE,99,Unknown,4,Parking Lot,CT0009300,New Haven PD,313,18:53.0,C,Closed,00:51.0,,,,,,,
982895,1,Complete,982895,982895,41.303236,-72.936487,3479058,New Haven,93,93,New Haven,10/17/2022,2022,10,October,17,2,Monday,22:08:00,22,22035196,A,1,,Pedestrian,"Injury of any type (Serious, Minor, Possible)",B,Suspected Minor Injury (B),1,0,4,Local,0.21,308,HOWARD AV,HOWARD AV,DAVENPORT AV,,,,,41.303236,-72.936487,9,Pedestrian,88,Not Applicable,1,On Roadway,4,Rain,88,Not Applicable,4,Dark-Lighted,2,Wet,0,None,88,Not Applicable,88,Not Applicable,0,None,88,Not Applicable,88,Not Applicable,2,Intersection,2,Four-Way Intersection,1,No,1,No,88,Not Applicable,88,Not Applicable,88,Not Applicable,88,Not Applicable,TRUE,1,Public Road,1,"Trafficway, On Road",CT0009300,New Haven PD,44050,12:24.0,C,Closed,00:46.0,,2,9300,4,MINOR ARTERIAL - NEW HPMS,2,Urban
982898,1,Complete,982898,982898,41.302241,-72.928938,3479061,New Haven,93,93,New Haven,10/18/2022,2022,10,October,18,3,Tuesday,6:36:00,6,22035210,A,2,,Motor Vehicle In Motion,"Injury of any type (Serious, Minor, Possible)",C,Possible Injury (C),0,0,4,Local,0.27,564,SOUTH FRONTAGE RD,SOUTH FRONTAGE RD,,CHURCH ST S,75,Feet,W,41.302241,-72.928938,14,Motor Vehicle in Operation,1,Front to rear,1,On Roadway,1,Clear,88,Not Applicable,1,Daylight,2,Wet,1,Weather Conditions,88,Not Applicable,88,Not Applicable,5,"Road Surface Condition (wet, icy, snow, slush, etc.)",88,Not Applicable,88,Not Applicable,3,Intersection-Related,2,Four-Way Intersection,1,No,1,No,88,Not Applicable,88,Not Applicable,88,Not Applicable,88,Not Applicable,FALSE,1,Public Road,1,"Trafficway, On Road",CT0009300,New Haven PD,42366,57:08.0,C,Closed,00:50.0,,,,,,,
982900,1,Complete,982900,982900,41.31217,-72.92653,3479063,New Haven,93,93,New Haven,10/18/2022,2022,10,October,18,3,Tuesday,10:27:00,10,22035231,A,2,,Motor Vehicle In Motion,"Injury of any type (Serious, Minor, Possible)",C,Possible Injury (C),0,0,4,Local,0.42,271,GROVE ST,GROVE ST,,HIGH ST,20,Feet,E,41.31217,-72.92653,14,Motor Vehicle in Operation,4,"Sideswipe, same direction",1,On Roadway,1,Clear,88,Not Applicable,1,Daylight,1,Dry,0,None,88,Not Applicable,88,Not Applicable,0,None,88,Not Applicable,88,Not Applicable,11,Through Roadway,1,Not at Intersection,1,No,1,No,88,Not Applicable,88,Not Applicable,88,Not Applicable,88,Not Applicable,FALSE,1,Public Road,1,"Trafficway, On Road",CT0009300,New Haven PD,40793,14:54.0,O,Open,00:52.0,,,,,,,
982904,1,Complete,982904,982904,41.287929,-72.890373,3479067,New Haven,93,93,New Haven,10/18/2022,2022,10,October,18,3,Tuesday,17:52:00,17,22035294,A,2,,Motor Vehicle In Motion,"Injury of any type (Serious, Minor, Possible)",B,Suspected Minor Injury (B),0,0,4,Local,0.14,388,MAIN ST NO 2,MAIN ST NO 2,HILLSIDE AV,,,,,41.287929,-72.890373,14,Motor Vehicle in Operation,2,Front to front,1,On Roadway,1,Clear,88,Not Applicable,1,Daylight,1,Dry,0,None,88,Not Applicable,88,Not Applicable,0,None,88,Not Applicable,88,Not Applicable,2,Intersection,3,T-Intersection,1,No,1,No,88,Not Applicable,88,Not Applicable,88,Not Applicable,88,Not Applicable,FALSE,1,Public Road,1,"Trafficway, On Road",CT0009300,New Haven PD,44056,17:23.0,C,Closed,00:55.0,,,,,,,
982905,1,Complete,982905,982905,41.325535,-72.952567,3479068,New Haven,93,93,New Haven,10/18/2022,2022,10,October,18,3,Tuesday,17:58:00,17,22035312,A,2,,Motor Vehicle In Motion,"Injury of any type (Serious, Minor, Possible)",C,Possible Injury (C),0,0,4,Local,0.41,56,BLAKE ST,BLAKE ST,DIAMOND ST,,,,,41.325535,-72.952567,14,Motor Vehicle in Operation,3,Angle,1,On Roadway,1,Clear,88,Not Applicable,5,Dark-Not Lighted,1,Dry,0,None,88,Not Applicable,88,Not Applicable,0,None,88,Not Applicable,88,Not Applicable,3,Intersection-Related,3,T-Intersection,1,No,1,No,88,Not Applicable,88,Not Applicable,88,Not Applicable,88,Not Applicable,FALSE,1,Public Road,1,"Trafficway, On Road",CT0009300,New Haven PD,40812,46:16.0,C,Closed,00:54.0,,,,,,,
983230,1,Complete,983230,983230,41.312099,-72.909474,3479393,New Haven,93,93,New Haven,10/14/2022,2022,10,October,14,6,Friday,16:35:00,16,22034819,A,2,,Motor Vehicle In Motion,"Injury of any type (Serious, Minor, Possible)",C,Possible Injury (C),0,0,4,Local,0.27,165,EAST ST,EAST ST,WALNUT ST,,,,,41.312099,-72.909474,14,Motor Vehicle in Operation,3,Angle,1,On Roadway,1,Clear,88,Not Applicable,1,Daylight,1,Dry,99,Unknown,88,Not Applicable,88,Not Applicable,99,Unknown,88,Not Applicable,88,Not Applicable,2,Intersection,2,Four-Way Intersection,1,No,1,No,88,Not Applicable,88,Not Applicable,88,Not Applicable,88,Not Applicable,FALSE,1,Public Road,1,"Trafficway, On Road",CT0009300,New Haven PD,44057,01:07.0,C,Closed,00:38.0,,,,,,,
983582,1,Complete,983582,983582,41.286441,-72.936263,3479745,New Haven,93,93,New Haven,10/6/2022,2022,10,October,6,5,Thursday,17:18:00,17,22033910,A,3,,Motor Vehicle In Motion,"Injury of any type (Serious, Minor, Possible)",B,Suspected Minor Injury (B),0,0,3,State,0.47,10,10-N,10-N,,KIMBERLY AVE,50,Feet,N,41.286441,-72.936263,14,Motor Vehicle in Operation,1,Front to rear,1,On Roadway,1,Clear,88,Not Applicable,1,Daylight,1,Dry,99,Unknown,88,Not Applicable,88,Not Applicable,99,Unknown,88,Not Applicable,88,Not Applicable,1,Non-Junction,1,Not at Intersection,1,No,1,No,88,Not Applicable,88,Not Applicable,88,Not Applicable,88,Not Applicable,FALSE,1,Public Road,1,"Trafficway, On Road",CT0009300,New Haven PD,43690,38:14.0,C,Closed,01:48.0,,2,18000,3,PRINCIPAL ARTERIAL - OTHER - NEW HPMS,2,Urban
983596,1,Complete,983596,983596,41.324166,-72.882429,3479759,New Haven,93,93,New Haven,10/20/2022,2022,10,October,20,5,Thursday,21:59:00,21,22035547,A,2,,Motor Vehicle In Motion,"Injury of any type (Serious, Minor, Possible)",C,Possible Injury (C),0,0,3,State,0.16,17,17-S,17-S,,MIDDLETOWN AVE,100,Feet,W,41.324166,-72.882429,14,Motor Vehicle in Operation,1,Front to rear,1,On Roadway,1,Clear,88,Not Applicable,6,Dark-Unknown Lighting,1,Dry,0,None,88,Not Applicable,88,Not Applicable,0,None,88,Not Applicable,88,Not Applicable,1,Non-Junction,1,Not at Intersection,1,No,1,No,88,Not Applicable,88,Not Applicable,88,Not Applicable,88,Not Applicable,FALSE,1,Public Road,1,"Trafficway, On Road",CT0009300,New Haven PD,44063,38:02.0,C,Closed,01:50.0,,2,30200,3,PRINCIPAL ARTERIAL - OTHER - NEW HPMS,2,Urban
983929,1,Complete,983929,983929,41.306699,-72.952949,3480092,New Haven,93,93,New Haven,10/14/2022,2022,10,October,14,6,Friday,8:05:00,8,22034777,A,3,,Motor Vehicle In Motion,"Injury of any type (Serious, Minor, Possible)",C,Possible Injury (C),0,0,4,Local,1.56,809,REV DR MLK JR BLVD,REV DR MLK JR BLVD,10-N,,,,,41.306699,-72.952949,14,Motor Vehicle in Operation,1,Front to rear,1,On Roadway,1,Clear,88,Not Applicable,1,Daylight,2,Wet,0,None,88,Not Applicable,88,Not Applicable,3,Backup Due to Regular Congestion,88,Not Applicable,88,Not Applicable,3,Intersection-Related,3,T-Intersection,1,No,1,No,88,Not Applicable,88,Not Applicable,88,Not Applicable,88,Not Applicable,TRUE,1,Public Road,1,"Trafficway, On Road",CT0009300,New Haven PD,225,00:21.0,C,Closed,01:30.0,,2,13700,3,PRINCIPAL ARTERIAL - OTHER - NEW HPMS,2,Urban