CrashId,Fatal Case Status,Fatal Case Status Text Format,CrashId,CrashId,Latitude,Longitude,DOT Case Number,Town Name,Town Number,Town Number,Town Number Text Format,Date Of Crash,Year,Month,Month Text Format,Day,Day of the Week,Day of the Week Text Format,Time of Crash,Hour of the Day,Case Identifier,Crash Severity,Number Of Motor Vehicles,Motor vehicle action,Most harmful event,Crash Severity Text Format,Most Severe Injury,Most Severe Injury Text Format,Number Of Non-Motorist,Number Of Witnesses,Route Class,Route Class Text Format,Milemarker,Road Number,Road Description,Roadway Name,Intersecting Roadway Name,Landmark Description,Distance From Nearest Landmark,Unit Of Measure From Nearest Landmark,Direction From Nearest Landmark,Latitude,Longitude,First Harmful Event,First Harmful Event Text Format,Manner of Crash / Collision Impact,Manner of Crash / Collision Impact Text Format,Location of First Harmful Event,Location of First Harmful Event Text Format,Weather Condition,Weather Condition Text Format,Weather 2,Weather 2 Text Format,Light Condition,Light Condition Text Format,Road Surface Condition,Road Surface Condition Text Format,"Contributing Circumstances, Environment","Contributing Circumstances, Environment Text Format",Environment 2,Environment 2 Text Format,Environment 3,Environment 3 Text Format,"Contributing Circumstances, Road","Contributing Circumstances, Road Text Format",Road 2,Road 2 Text Format,Road 3,Road 3 Text Format,Crash Specific Location,Crash Specific Location Text Format,Type of Intersection,Type of Intersection Text Format,School Bus Related,School Bus Related Text Format,Work Zone Related,Work Zone Related Text Format,Location Of Crash Relative To Work Zone,Location Of Crash Relative To Work Zone Text Format,Type of Work Zone,Type of Work Zone Text Format,Worker Presence,Worker Presence Text Format,Law Enforcement Presence,Law Enforcement Presence Text Format,Were Vehicles Moved Prior To Police Arrival,Trafficway Ownership,Trafficway Ownership Text Format,Trafficway Class,Trafficway Class Text Format,Police Agency,Police Agency Text Format,Badge Number,Approval Date,Police Case Status,Police Case Status Text Format,Crash Report Submission Date,Related Case Identifiers,No. of Through Lanes (Log Dir.),Average Daily Traffic,Functional Classification,Functional Classification Text Format,Rural or Urban,Rural or Urban Text Format
983934,1,Complete,983934,983934,41.314786,-72.942066,3480097,New Haven,93,93,New Haven,10/16/2022,2022,10,October,16,1,Sunday,9:15:00,9,22035062,A,2,,Motor Vehicle In Motion,"Injury of any type (Serious, Minor, Possible)",C,Possible Injury (C),0,0,4,Local,0.48,194,ELM ST NO 1,ELM ST NO 1,PLATT ST,,,,,41.314786,-72.942066,14,Motor Vehicle in Operation,3,Angle,1,On Roadway,1,Clear,88,Not Applicable,4,Dark-Lighted,1,Dry,0,None,88,Not Applicable,88,Not Applicable,0,None,88,Not Applicable,88,Not Applicable,3,Intersection-Related,3,T-Intersection,1,No,1,No,88,Not Applicable,88,Not Applicable,88,Not Applicable,88,Not Applicable,FALSE,1,Public Road,1,"Trafficway, On Road",CT0009300,New Haven PD,44045,00:55.0,C,Closed,01:49.0,,,,,,,
983935,1,Complete,983935,983935,41.30689,-72.942709,3480098,New Haven,93,93,New Haven,10/22/2022,2022,10,October,22,7,Saturday,18:00:00,18,22035168,A,2,,Motor Vehicle In Motion,"Injury of any type (Serious, Minor, Possible)",C,Possible Injury (C),0,0,4,Local,1.02,809,REV DR MLK JR BLVD,REV DR MLK JR BLVD,ORCHARD ST,,,,,41.30689,-72.942709,14,Motor Vehicle in Operation,4,"Sideswipe, same direction",1,On Roadway,1,Clear,88,Not Applicable,4,Dark-Lighted,1,Dry,0,None,88,Not Applicable,88,Not Applicable,99,Unknown,88,Not Applicable,88,Not Applicable,3,Intersection-Related,2,Four-Way Intersection,1,No,1,No,88,Not Applicable,88,Not Applicable,88,Not Applicable,88,Not Applicable,TRUE,1,Public Road,1,"Trafficway, On Road",CT0009300,New Haven PD,43690,44:59.0,C,Closed,01:55.0,,,,,,,
983943,1,Complete,983943,983943,41.306729,-72.894964,3480106,New Haven,93,93,New Haven,10/20/2022,2022,10,October,20,5,Thursday,12:28:00,12,22035490,A,2,,Motor Vehicle In Motion,"Injury of any type (Serious, Minor, Possible)",C,Possible Injury (C),0,0,4,Local,0.91,213,FERRY ST,FERRY ST,,PIERPONT ST,65,Feet,S,41.306729,-72.894964,14,Motor Vehicle in Operation,1,Front to rear,1,On Roadway,1,Clear,88,Not Applicable,1,Daylight,1,Dry,0,None,88,Not Applicable,88,Not Applicable,0,None,88,Not Applicable,88,Not Applicable,1,Non-Junction,1,Not at Intersection,1,No,1,No,88,Not Applicable,88,Not Applicable,88,Not Applicable,88,Not Applicable,FALSE,1,Public Road,1,"Trafficway, On Road",CT0009300,New Haven PD,41103,00:08.0,C,Closed,02:04.0,,,,,,,
983946,1,Complete,983946,983946,41.327704,-72.953572,3480109,New Haven,93,93,New Haven,10/20/2022,2022,10,October,20,5,Thursday,19:04:00,19,22035534,A,2,,Motor Vehicle In Motion,"Injury of any type (Serious, Minor, Possible)",C,Possible Injury (C),0,0,4,Local,0.57,56,BLAKE ST,BLAKE ST,,FITCH STREET,115,Feet,N,41.327704,-72.953572,14,Motor Vehicle in Operation,1,Front to rear,1,On Roadway,1,Clear,88,Not Applicable,3,Dusk,1,Dry,0,None,88,Not Applicable,88,Not Applicable,0,None,88,Not Applicable,88,Not Applicable,1,Non-Junction,1,Not at Intersection,1,No,1,No,88,Not Applicable,88,Not Applicable,88,Not Applicable,88,Not Applicable,FALSE,1,Public Road,1,"Trafficway, On Road",CT0009300,New Haven PD,44062,26:03.0,C,Closed,01:47.0,,,,,,,
983950,1,Complete,983950,983950,41.32046,-72.951175,3480113,New Haven,93,93,New Haven,10/21/2022,2022,10,October,21,6,Friday,10:27:00,10,22035579,A,2,,Motor Vehicle In Motion,"Injury of any type (Serious, Minor, Possible)",C,Possible Injury (C),0,0,3,State,3.17,10,10-N,10-N,,HOBART ST,50,Feet,N,41.32046,-72.951175,14,Motor Vehicle in Operation,1,Front to rear,1,On Roadway,1,Clear,88,Not Applicable,1,Daylight,1,Dry,0,None,88,Not Applicable,88,Not Applicable,0,None,88,Not Applicable,88,Not Applicable,1,Non-Junction,1,Not at Intersection,1,No,1,No,88,Not Applicable,88,Not Applicable,88,Not Applicable,88,Not Applicable,FALSE,1,Public Road,1,"Trafficway, On Road",CT0009300,New Haven PD,225,37:38.0,C,Closed,01:36.0,,2,18100,3,PRINCIPAL ARTERIAL - OTHER - NEW HPMS,2,Urban
983957,1,Complete,983957,983957,41.331336,-72.949641,3480120,New Haven,93,93,New Haven,10/21/2022,2022,10,October,21,6,Friday,16:45:00,16,22035620,A,2,,Motor Vehicle In Motion,"Injury of any type (Serious, Minor, Possible)",C,Possible Injury (C),0,0,3,State,4.22,10,10-N,10-N,CRESCENT ST,,,,,41.331336,-72.949641,14,Motor Vehicle in Operation,3,Angle,1,On Roadway,1,Clear,88,Not Applicable,1,Daylight,1,Dry,0,None,88,Not Applicable,88,Not Applicable,0,None,88,Not Applicable,88,Not Applicable,2,Intersection,3,T-Intersection,1,No,1,No,88,Not Applicable,88,Not Applicable,88,Not Applicable,88,Not Applicable,FALSE,1,Public Road,1,"Trafficway, On Road",CT0009300,New Haven PD,276,54:35.0,C,Closed,01:34.0,22035620,2,10700,4,MINOR ARTERIAL - NEW HPMS,2,Urban
983959,1,Complete,983959,983959,41.320702,-72.873245,3480122,New Haven,93,93,New Haven,10/21/2022,2022,10,October,21,6,Friday,22:28:00,22,22035652,A,2,,Motor Vehicle In Motion,"Injury of any type (Serious, Minor, Possible)",C,Possible Injury (C),0,0,3,State,0.48,80,80-E,80-E,,QUINNIPIAC AVE,50,Feet,E,41.320702,-72.873245,14,Motor Vehicle in Operation,1,Front to rear,1,On Roadway,1,Clear,88,Not Applicable,4,Dark-Lighted,1,Dry,0,None,88,Not Applicable,88,Not Applicable,0,None,88,Not Applicable,88,Not Applicable,1,Non-Junction,1,Not at Intersection,1,No,1,No,88,Not Applicable,88,Not Applicable,88,Not Applicable,88,Not Applicable,FALSE,1,Public Road,1,"Trafficway, On Road",CT0009300,New Haven PD,42049,11:00.0,C,Closed,01:56.0,,2,32300,3,PRINCIPAL ARTERIAL - OTHER - NEW HPMS,2,Urban
983975,1,Complete,983975,983975,41.33769,-72.97294,3480138,New Haven,93,93,New Haven,10/22/2022,2022,10,October,22,7,Saturday,23:37:00,23,22035763,A,2,,Motor Vehicle In Motion,"Injury of any type (Serious, Minor, Possible)",A,Suspected Serious Injury (A),0,1,4,Local,0.16,612,VALLEY ST NO 1,VALLEY ST NO 1,MOUNTAIN RD,,,,,41.33769,-72.97294,14,Motor Vehicle in Operation,3,Angle,1,On Roadway,1,Clear,88,Not Applicable,4,Dark-Lighted,1,Dry,0,None,88,Not Applicable,88,Not Applicable,0,None,88,Not Applicable,88,Not Applicable,2,Intersection,3,T-Intersection,1,No,1,No,88,Not Applicable,88,Not Applicable,88,Not Applicable,88,Not Applicable,FALSE,1,Public Road,1,"Trafficway, On Road",CT0009300,New Haven PD,415,29:00.0,C,Closed,02:09.0,,,,,,,
983978,1,Complete,983978,983978,41.326384,-72.960941,3480141,New Haven,93,93,New Haven,10/23/2022,2022,10,October,23,1,Sunday,9:46:00,9,22035790,A,2,,Motor Vehicle In Motion,"Injury of any type (Serious, Minor, Possible)",C,Possible Injury (C),0,0,3,State,6.59,243,243-E,243-E,,PHILIP ST,300,Feet,E,41.326384,-72.960941,14,Motor Vehicle in Operation,1,Front to rear,1,On Roadway,1,Clear,88,Not Applicable,1,Daylight,1,Dry,0,None,88,Not Applicable,88,Not Applicable,0,None,88,Not Applicable,88,Not Applicable,1,Non-Junction,1,Not at Intersection,1,No,1,No,88,Not Applicable,88,Not Applicable,88,Not Applicable,88,Not Applicable,TRUE,1,Public Road,1,"Trafficway, On Road",CT0009300,New Haven PD,44061,54:53.0,C,Closed,02:00.0,,1,9800,4,MINOR ARTERIAL - NEW HPMS,1,Rural
984707,1,Complete,984707,984707,41.29721,-72.91494,3480870,New Haven,93,93,New Haven,10/24/2022,2022,10,October,24,2,Monday,17:34:00,17,22035820,A,2,,Motor Vehicle In Motion,"Injury of any type (Serious, Minor, Possible)",C,Possible Injury (C),0,0,4,Local,0.96,513,LONG WHARF DR,LONG WHARF DR,,HAMILTON,500,Feet,S,41.29721,-72.91494,14,Motor Vehicle in Operation,4,"Sideswipe, same direction",4,Roadside,4,Rain,88,Not Applicable,1,Daylight,2,Wet,1,Weather Conditions,97,Other,88,Not Applicable,0,None,88,Not Applicable,88,Not Applicable,1,Non-Junction,1,Not at Intersection,1,No,1,No,88,Not Applicable,88,Not Applicable,88,Not Applicable,88,Not Applicable,FALSE,1,Public Road,1,"Trafficway, On Road",CT0009300,New Haven PD,33016,25:26.0,C,Closed,01:02.0,,,,,,,
984711,1,Complete,984711,984711,41.323257,-72.88002,3480874,New Haven,93,93,New Haven,10/24/2022,2022,10,October,24,2,Monday,10:18:00,10,22035880,A,2,,Overturn/Rollover,"Injury of any type (Serious, Minor, Possible)",B,Suspected Minor Injury (B),0,0,3,State,0.08,80,80-W,80-W,,MIDDLETOWN AVE,476,Feet,E,41.323257,-72.88002,14,Motor Vehicle in Operation,1,Front to rear,1,On Roadway,4,Rain,88,Not Applicable,1,Daylight,2,Wet,0,None,88,Not Applicable,88,Not Applicable,0,None,88,Not Applicable,88,Not Applicable,1,Non-Junction,1,Not at Intersection,1,No,1,No,88,Not Applicable,88,Not Applicable,88,Not Applicable,88,Not Applicable,FALSE,1,Public Road,1,"Trafficway, On Road",CT0009300,New Haven PD,416,02:57.0,C,Closed,00:55.0,,2,32300,3,PRINCIPAL ARTERIAL - OTHER - NEW HPMS,2,Urban
984714,1,Complete,984714,984714,41.31486,-72.94929,3480877,New Haven,93,93,New Haven,10/24/2022,2022,10,October,24,2,Monday,16:40:00,16,22035924,A,2,,Motor Vehicle In Motion,"Injury of any type (Serious, Minor, Possible)",C,Possible Injury (C),0,0,4,Local,1.15,179,EDGEWOOD AV,EDGEWOOD AV,ELLSWORTH AV,,,,,41.31486,-72.94929,14,Motor Vehicle in Operation,2,Front to front,1,On Roadway,4,Rain,88,Not Applicable,1,Daylight,2,Wet,1,Weather Conditions,88,Not Applicable,88,Not Applicable,0,None,88,Not Applicable,88,Not Applicable,2,Intersection,2,Four-Way Intersection,1,No,1,No,88,Not Applicable,88,Not Applicable,88,Not Applicable,88,Not Applicable,FALSE,1,Public Road,1,"Trafficway, On Road",CT0009300,New Haven PD,42042,48:46.0,C,Closed,00:59.0,,,,,,,
984718,1,Complete,984718,984718,41.32053,-72.9511,3480881,New Haven,93,93,New Haven,10/24/2022,2022,10,October,24,2,Monday,15:47:00,15,22035943,A,2,,Motor Vehicle In Motion,"Injury of any type (Serious, Minor, Possible)",C,Possible Injury (C),0,0,3,State,3.16,10,10-N,10-N,HOBART ST,,,,,41.32053,-72.9511,14,Motor Vehicle in Operation,97,Other,1,On Roadway,4,Rain,88,Not Applicable,1,Daylight,2,Wet,99,Unknown,88,Not Applicable,88,Not Applicable,99,Unknown,88,Not Applicable,88,Not Applicable,3,Intersection-Related,3,T-Intersection,1,No,1,No,88,Not Applicable,88,Not Applicable,88,Not Applicable,88,Not Applicable,TRUE,1,Public Road,1,"Trafficway, On Road",CT0009300,New Haven PD,42042,10:07.0,C,Closed,01:04.0,,2,18100,3,PRINCIPAL ARTERIAL - OTHER - NEW HPMS,2,Urban
985115,1,Complete,985115,985115,41.326713,-72.879709,3481278,New Haven,93,93,New Haven,10/7/2022,2022,10,October,7,6,Friday,8:45:00,8,22033965,A,3,,Motor Vehicle In Motion,"Injury of any type (Serious, Minor, Possible)",C,Possible Injury (C),0,0,3,State,0.44,17,17-N,17-N,,BARNES AVE,20,Feet,S,41.326713,-72.879709,14,Motor Vehicle in Operation,1,Front to rear,1,On Roadway,1,Clear,88,Not Applicable,1,Daylight,1,Dry,0,None,88,Not Applicable,88,Not Applicable,0,None,88,Not Applicable,88,Not Applicable,1,Non-Junction,1,Not at Intersection,1,No,1,No,88,Not Applicable,88,Not Applicable,88,Not Applicable,88,Not Applicable,FALSE,1,Public Road,1,"Trafficway, On Road",CT0009300,New Haven PD,175,58:25.0,C,Closed,00:20.0,,1,21600,3,PRINCIPAL ARTERIAL - OTHER - NEW HPMS,1,Rural
985118,1,Complete,985118,985118,41.31481,-72.95993,3481281,New Haven,93,93,New Haven,10/20/2022,2022,10,October,20,5,Thursday,6:42:00,6,22035448,A,4,,Motor Vehicle In Motion,"Injury of any type (Serious, Minor, Possible)",B,Suspected Minor Injury (B),0,0,4,Local,3.66,97,CHAPEL ST,CHAPEL ST,,YALE AVENUE,100,Feet,W,41.31481,-72.95993,14,Motor Vehicle in Operation,4,"Sideswipe, same direction",2,Shoulder,1,Clear,88,Not Applicable,1,Daylight,1,Dry,0,None,88,Not Applicable,88,Not Applicable,0,None,88,Not Applicable,88,Not Applicable,1,Non-Junction,1,Not at Intersection,1,No,1,No,88,Not Applicable,88,Not Applicable,88,Not Applicable,88,Not Applicable,FALSE,1,Public Road,1,"Trafficway, On Road",CT0009300,New Haven PD,42051,11:55.0,C,Closed,00:27.0,,,,,,,
985120,1,Complete,985120,985120,41.28896,-72.89256,3481283,New Haven,93,93,New Haven,10/23/2022,2022,10,October,23,1,Sunday,16:07:00,16,22035812,A,2,,Motor Vehicle In Motion,"Injury of any type (Serious, Minor, Possible)",C,Possible Injury (C),0,0,3,State,0.07,337,337-E,337-E,MAIN ST NO 2,,,,,41.28896,-72.89256,14,Motor Vehicle in Operation,1,Front to rear,1,On Roadway,4,Rain,88,Not Applicable,1,Daylight,2,Wet,0,None,88,Not Applicable,88,Not Applicable,0,None,88,Not Applicable,88,Not Applicable,3,Intersection-Related,2,Four-Way Intersection,1,No,1,No,88,Not Applicable,88,Not Applicable,88,Not Applicable,88,Not Applicable,FALSE,1,Public Road,1,"Trafficway, On Road",CT0009300,New Haven PD,279,18:52.0,C,Closed,00:20.0,,1,7400,4,MINOR ARTERIAL - NEW HPMS,1,Rural
985125,1,Complete,985125,985125,41.3154467,-72.9438627,3481288,New Haven,93,93,New Haven,10/24/2022,2022,10,October,24,2,Monday,21:59:00,21,22035980,A,4,,Motor Vehicle In Motion,"Injury of any type (Serious, Minor, Possible)",B,Suspected Minor Injury (B),0,0,4,Local,0.59,194,ELM ST NO 1,ELM ST NO 1,,SHERMAN AVE,230,Feet,W,41.3154467,-72.9438627,14,Motor Vehicle in Operation,3,Angle,1,On Roadway,4,Rain,88,Not Applicable,5,Dark-Not Lighted,2,Wet,2,Visual Obstruction(s),88,Not Applicable,88,Not Applicable,0,None,88,Not Applicable,88,Not Applicable,1,Non-Junction,1,Not at Intersection,1,No,1,No,88,Not Applicable,88,Not Applicable,88,Not Applicable,88,Not Applicable,FALSE,1,Public Road,1,"Trafficway, On Road",CT0009300,New Haven PD,40812,16:32.0,C,Closed,00:21.0,,,,,,,
985126,1,Complete,985126,985126,41.31161,-72.93144,3481289,New Haven,93,93,New Haven,10/25/2022,2022,10,October,25,3,Tuesday,20:35:00,20,22035984,A,2,,Motor Vehicle In Motion,"Injury of any type (Serious, Minor, Possible)",C,Possible Injury (C),0,0,4,Local,0.07,68,BROADWAY,BROADWAY,,,,,,41.31161,-72.93144,14,Motor Vehicle in Operation,1,Front to rear,1,On Roadway,4,Rain,88,Not Applicable,4,Dark-Lighted,2,Wet,0,None,88,Not Applicable,88,Not Applicable,0,None,88,Not Applicable,88,Not Applicable,2,Intersection,4,Y-Intersection,1,No,1,No,88,Not Applicable,88,Not Applicable,88,Not Applicable,88,Not Applicable,FALSE,1,Public Road,1,"Trafficway, On Road",CT0009300,New Haven PD,44055,55:31.0,C,Closed,00:26.0,,,,,,,
985128,1,Complete,985128,985128,41.31926,-72.8988,3481291,New Haven,93,93,New Haven,10/25/2022,2022,10,October,25,3,Tuesday,11:57:00,11,22036046,A,2,,Motor Vehicle In Motion,"Injury of any type (Serious, Minor, Possible)",C,Possible Injury (C),0,0,2,USRoute,0.36,5,5-N,5-N,,FERRY ST,50,Feet,S,41.31926,-72.8988,14,Motor Vehicle in Operation,1,Front to rear,1,On Roadway,2,Cloudy,88,Not Applicable,1,Daylight,1,Dry,0,None,88,Not Applicable,88,Not Applicable,0,None,88,Not Applicable,88,Not Applicable,1,Non-Junction,1,Not at Intersection,1,No,1,No,88,Not Applicable,88,Not Applicable,88,Not Applicable,88,Not Applicable,FALSE,1,Public Road,1,"Trafficway, On Road",CT0009300,New Haven PD,32,58:14.0,C,Closed,00:19.0,,1,19200,4,MINOR ARTERIAL - NEW HPMS,1,Rural
985132,1,Complete,985132,985132,41.33212,-72.93516,3481295,New Haven,93,93,New Haven,10/25/2022,2022,10,October,25,3,Tuesday,20:03:00,20,22036130,A,2,,Motor Vehicle In Motion,"Injury of any type (Serious, Minor, Possible)",C,Possible Injury (C),2,0,4,Local,1.35,152,DIXWELL AV,DIXWELL AV,,BASSETT ST,100,Feet,S,41.33212,-72.93516,14,Motor Vehicle in Operation,4,"Sideswipe, same direction",2,Shoulder,4,Rain,88,Not Applicable,4,Dark-Lighted,2,Wet,0,None,88,Not Applicable,88,Not Applicable,0,None,88,Not Applicable,88,Not Applicable,1,Non-Junction,1,Not at Intersection,1,No,1,No,88,Not Applicable,88,Not Applicable,88,Not Applicable,88,Not Applicable,TRUE,1,Public Road,1,"Trafficway, On Road",CT0009300,New Haven PD,30,05:07.0,C,Closed,00:26.0,NONE,,,,,,
985500,1,Complete,985500,985500,41.306084,-72.942629,3481663,New Haven,93,93,New Haven,10/13/2022,2022,10,October,13,5,Thursday,13:15:00,13,22034688,A,2,,Motor Vehicle In Motion,"Injury of any type (Serious, Minor, Possible)",B,Suspected Minor Injury (B),0,0,4,Local,0.52,360,LEGION AV-RT 34,LEGION AV-RT 34,ORCHARD ST,,,,,41.306084,-72.942629,14,Motor Vehicle in Operation,3,Angle,1,On Roadway,1,Clear,88,Not Applicable,1,Daylight,1,Dry,0,None,88,Not Applicable,88,Not Applicable,0,None,88,Not Applicable,88,Not Applicable,2,Intersection,2,Four-Way Intersection,1,No,1,No,88,Not Applicable,88,Not Applicable,88,Not Applicable,88,Not Applicable,FALSE,1,Public Road,1,"Trafficway, On Road",CT0009300,New Haven PD,293,11:04.0,C,Closed,01:52.0,,,,,,,
985503,1,Complete,985503,985503,41.300659,-72.937681,3481666,New Haven,93,93,New Haven,10/19/2022,2022,10,October,19,4,Wednesday,14:10:00,14,22035379,A,2,,Motor Vehicle In Motion,"Injury of any type (Serious, Minor, Possible)",C,Possible Injury (C),0,0,4,Local,0.56,123,CONGRESS AV,CONGRESS AV,DAGGETT ST,,,,,41.300659,-72.937681,14,Motor Vehicle in Operation,2,Front to front,1,On Roadway,1,Clear,88,Not Applicable,1,Daylight,1,Dry,0,None,88,Not Applicable,88,Not Applicable,88,Not Applicable,88,Not Applicable,10,Obstruction in Roadway,2,Intersection,3,T-Intersection,1,No,1,No,88,Not Applicable,88,Not Applicable,88,Not Applicable,88,Not Applicable,FALSE,1,Public Road,1,"Trafficway, On Road",CT0009300,New Haven PD,301,59:20.0,C,Closed,01:36.0,,,,,,,
985504,1,Complete,985504,985504,41.323902,-72.88154,3481667,New Haven,93,93,New Haven,10/20/2022,2022,10,October,20,5,Thursday,19:35:00,19,22035544,A,2,,Motor Vehicle In Motion,"Injury of any type (Serious, Minor, Possible)",C,Possible Injury (C),0,1,3,State,0.22,17,17-N,17-N,80-W,,,,,41.323902,-72.88154,14,Motor Vehicle in Operation,3,Angle,1,On Roadway,1,Clear,88,Not Applicable,4,Dark-Lighted,1,Dry,0,None,88,Not Applicable,88,Not Applicable,0,None,88,Not Applicable,88,Not Applicable,2,Intersection,2,Four-Way Intersection,1,No,1,No,88,Not Applicable,88,Not Applicable,88,Not Applicable,88,Not Applicable,FALSE,1,Public Road,1,"Trafficway, On Road",CT0009300,New Haven PD,322,31:02.0,C,Closed,01:41.0,,1,21600,3,PRINCIPAL ARTERIAL - OTHER - NEW HPMS,1,Rural
985507,1,Complete,985507,985507,41.327073,-72.968188,3481670,New Haven,93,93,New Haven,10/23/2022,2022,10,October,23,1,Sunday,13:52:00,13,22035805,A,2,,Motor Vehicle In Motion,"Injury of any type (Serious, Minor, Possible)",C,Possible Injury (C),0,0,3,State,3.37,122,122-N,122-N,243-W,,,,,41.327073,-72.968188,14,Motor Vehicle in Operation,2,Front to front,1,On Roadway,4,Rain,88,Not Applicable,1,Daylight,2,Wet,1,Weather Conditions,88,Not Applicable,88,Not Applicable,0,None,88,Not Applicable,88,Not Applicable,2,Intersection,3,T-Intersection,1,No,1,No,88,Not Applicable,88,Not Applicable,88,Not Applicable,88,Not Applicable,FALSE,1,Public Road,1,"Trafficway, On Road",CT0009300,New Haven PD,44175,00:02.0,C,Closed,01:37.0,,1,11600,4,MINOR ARTERIAL - NEW HPMS,1,Rural
985508,1,Complete,985508,985508,41.290745,-72.941431,3481671,New Haven,93,93,New Haven,10/24/2022,2022,10,October,24,2,Monday,14:04:00,14,22035915,A,1,,Other Non-Fixed Object,"Injury of any type (Serious, Minor, Possible)",B,Suspected Minor Injury (B),0,1,3,State,0.88,10,10-N,10-N,WASHINGTON AV NO 1,,,,,41.290745,-72.941431,18,Other Non-Fixed Object,88,Not Applicable,1,On Roadway,4,Rain,88,Not Applicable,1,Daylight,2,Wet,99,Unknown,88,Not Applicable,88,Not Applicable,0,None,88,Not Applicable,88,Not Applicable,2,Intersection,2,Four-Way Intersection,1,No,1,No,88,Not Applicable,88,Not Applicable,88,Not Applicable,88,Not Applicable,FALSE,1,Public Road,1,"Trafficway, On Road",CT0009300,New Haven PD,44065,57:39.0,C,Closed,01:39.0,,4,20200,3,PRINCIPAL ARTERIAL - OTHER - NEW HPMS,2,Urban
985509,1,Complete,985509,985509,41.332674,-72.937882,3481672,New Haven,93,93,New Haven,10/25/2022,2022,10,October,25,3,Tuesday,6:49:00,6,22035998,A,2,,Motor Vehicle In Motion,"Injury of any type (Serious, Minor, Possible)",C,Possible Injury (C),0,0,4,Local,0.95,557,SHERMAN PKWY,SHERMAN PKWY,BASSETT ST,,,,,41.332674,-72.937882,14,Motor Vehicle in Operation,3,Angle,1,On Roadway,2,Cloudy,88,Not Applicable,2,Dawn,2,Wet,0,None,88,Not Applicable,88,Not Applicable,0,None,88,Not Applicable,88,Not Applicable,2,Intersection,2,Four-Way Intersection,1,No,1,No,88,Not Applicable,88,Not Applicable,88,Not Applicable,88,Not Applicable,FALSE,1,Public Road,1,"Trafficway, On Road",CT0009300,New Haven PD,41104,45:51.0,C,Closed,01:33.0,,,,,,,
985511,1,Complete,985511,985511,41.31032,-72.95176,3481674,New Haven,93,93,New Haven,10/25/2022,2022,10,October,25,3,Tuesday,23:08:00,23,22036146,A,1,,Tree (standing),"Injury of any type (Serious, Minor, Possible)",C,Possible Injury (C),0,0,4,Local,0.32,147,DERBY AV,DERBY AV,,Mead ST,140,Feet,W,41.31032,-72.95176,25,Curb,88,Not Applicable,1,On Roadway,4,Rain,88,Not Applicable,4,Dark-Lighted,2,Wet,0,None,88,Not Applicable,88,Not Applicable,0,None,88,Not Applicable,88,Not Applicable,1,Non-Junction,1,Not at Intersection,1,No,1,No,88,Not Applicable,88,Not Applicable,88,Not Applicable,88,Not Applicable,FALSE,1,Public Road,1,"Trafficway, On Road",CT0009300,New Haven PD,39,44:51.0,C,Closed,01:34.0,22036146,3,8000,4,MINOR ARTERIAL - NEW HPMS,2,Urban
985513,1,Complete,985513,985513,41.259768,-72.892813,3481676,New Haven,93,93,New Haven,10/26/2022,2022,10,October,26,4,Wednesday,6:30:00,6,22036164,A,1,,Overturn/Rollover,"Injury of any type (Serious, Minor, Possible)",C,Possible Injury (C),0,0,3,State,2.15,337,337-E,337-E,KIRKHAM DR,,,,,41.259768,-72.892813,32,Tree (standing),88,Not Applicable,1,On Roadway,3,"Fog, Smog, Smoke",4,Rain,4,Dark-Lighted,2,Wet,1,Weather Conditions,88,Not Applicable,88,Not Applicable,0,None,88,Not Applicable,88,Not Applicable,2,Intersection,3,T-Intersection,1,No,1,No,88,Not Applicable,88,Not Applicable,88,Not Applicable,88,Not Applicable,FALSE,1,Public Road,1,"Trafficway, On Road",CT0009300,New Haven PD,40952,12:34.0,C,Closed,01:50.0,,2,5400,4,MINOR ARTERIAL - NEW HPMS,2,Urban
985516,1,Complete,985516,985516,41.3049,-72.8988,3481679,New Haven,93,93,New Haven,10/26/2022,2022,10,October,26,4,Wednesday,8:25:00,8,22036167,A,2,,Motor Vehicle In Motion,"Injury of any type (Serious, Minor, Possible)",C,Possible Injury (C),0,0,4,Local,0.12,57,BLATCHLEY AV,BLATCHLEY AV,SALTONSTALL AV,,,,,41.3049,-72.8988,14,Motor Vehicle in Operation,4,"Sideswipe, same direction",1,On Roadway,4,Rain,88,Not Applicable,1,Daylight,2,Wet,0,None,88,Not Applicable,88,Not Applicable,0,None,88,Not Applicable,88,Not Applicable,2,Intersection,2,Four-Way Intersection,1,No,1,No,88,Not Applicable,88,Not Applicable,88,Not Applicable,88,Not Applicable,FALSE,1,Public Road,1,"Trafficway, On Road",CT0009300,New Haven PD,40955,16:55.0,C,Closed,01:42.0,,,,,,,
985517,1,Complete,985517,985517,41.308336,-72.913647,3481680,New Haven,93,93,New Haven,10/26/2022,2022,10,October,26,4,Wednesday,8:22:00,8,22036168,A,2,,Motor Vehicle In Motion,"Injury of any type (Serious, Minor, Possible)",C,Possible Injury (C),0,0,4,Local,1.46,264,GRAND AV,GRAND AV,,DELAURO DR,50,Feet,E,41.308336,-72.913647,14,Motor Vehicle in Operation,1,Front to rear,1,On Roadway,2,Cloudy,88,Not Applicable,1,Daylight,2,Wet,0,None,88,Not Applicable,88,Not Applicable,0,None,88,Not Applicable,88,Not Applicable,1,Non-Junction,1,Not at Intersection,2,"Yes, School Bus Directly Involved",1,No,88,Not Applicable,88,Not Applicable,88,Not Applicable,88,Not Applicable,FALSE,1,Public Road,1,"Trafficway, On Road",CT0009300,New Haven PD,980,16:30.0,C,Closed,01:38.0,,,,,,,