CrashId,Fatal Case Status,Fatal Case Status Text Format,CrashId,CrashId,Latitude,Longitude,DOT Case Number,Town Name,Town Number,Town Number,Town Number Text Format,Date Of Crash,Year,Month,Month Text Format,Day,Day of the Week,Day of the Week Text Format,Time of Crash,Hour of the Day,Case Identifier,Crash Severity,Number Of Motor Vehicles,Motor vehicle action,Most harmful event,Crash Severity Text Format,Most Severe Injury,Most Severe Injury Text Format,Number Of Non-Motorist,Number Of Witnesses,Route Class,Route Class Text Format,Milemarker,Road Number,Road Description,Roadway Name,Intersecting Roadway Name,Landmark Description,Distance From Nearest Landmark,Unit Of Measure From Nearest Landmark,Direction From Nearest Landmark,Latitude,Longitude,First Harmful Event,First Harmful Event Text Format,Manner of Crash / Collision Impact,Manner of Crash / Collision Impact Text Format,Location of First Harmful Event,Location of First Harmful Event Text Format,Weather Condition,Weather Condition Text Format,Weather 2,Weather 2 Text Format,Light Condition,Light Condition Text Format,Road Surface Condition,Road Surface Condition Text Format,"Contributing Circumstances, Environment","Contributing Circumstances, Environment Text Format",Environment 2,Environment 2 Text Format,Environment 3,Environment 3 Text Format,"Contributing Circumstances, Road","Contributing Circumstances, Road Text Format",Road 2,Road 2 Text Format,Road 3,Road 3 Text Format,Crash Specific Location,Crash Specific Location Text Format,Type of Intersection,Type of Intersection Text Format,School Bus Related,School Bus Related Text Format,Work Zone Related,Work Zone Related Text Format,Location Of Crash Relative To Work Zone,Location Of Crash Relative To Work Zone Text Format,Type of Work Zone,Type of Work Zone Text Format,Worker Presence,Worker Presence Text Format,Law Enforcement Presence,Law Enforcement Presence Text Format,Were Vehicles Moved Prior To Police Arrival,Trafficway Ownership,Trafficway Ownership Text Format,Trafficway Class,Trafficway Class Text Format,Police Agency,Police Agency Text Format,Badge Number,Approval Date,Police Case Status,Police Case Status Text Format,Crash Report Submission Date,Related Case Identifiers,No. of Through Lanes (Log Dir.),Average Daily Traffic,Functional Classification,Functional Classification Text Format,Rural or Urban,Rural or Urban Text Format
985524,1,Complete,985524,985524,41.306079,-72.925703,3481687,New Haven,93,93,New Haven,10/26/2022,2022,10,October,26,4,Wednesday,16:55:00,16,22036227,A,2,,Motor Vehicle In Motion,"Injury of any type (Serious, Minor, Possible)",C,Possible Injury (C),0,0,4,Local,0.17,103,CHURCH ST,CHURCH ST,,CHAPEL ST,30,Feet,N,41.306079,-72.925703,14,Motor Vehicle in Operation,4,"Sideswipe, same direction",1,On Roadway,2,Cloudy,2,Cloudy,1,Daylight,2,Wet,0,None,88,Not Applicable,88,Not Applicable,0,None,88,Not Applicable,88,Not Applicable,1,Non-Junction,1,Not at Intersection,1,No,1,No,88,Not Applicable,88,Not Applicable,88,Not Applicable,88,Not Applicable,FALSE,1,Public Road,1,"Trafficway, On Road",CT0009300,New Haven PD,165,09:33.0,C,Closed,01:43.0,,,,,,,
985946,1,Complete,985946,985946,41.31831,-72.9414,3482109,New Haven,93,93,New Haven,10/18/2022,2022,10,October,18,3,Tuesday,17:19:00,17,22035319,A,3,,Motor Vehicle In Motion,"Injury of any type (Serious, Minor, Possible)",B,Suspected Minor Injury (B),0,0,4,Local,0.9,556,SHERMAN AV,SHERMAN AV,,PERCIVAL ST,50,Feet,S,41.31831,-72.9414,14,Motor Vehicle in Operation,2,Front to front,1,On Roadway,1,Clear,88,Not Applicable,4,Dark-Lighted,1,Dry,0,None,88,Not Applicable,88,Not Applicable,0,None,88,Not Applicable,88,Not Applicable,1,Non-Junction,1,Not at Intersection,1,No,1,No,88,Not Applicable,88,Not Applicable,88,Not Applicable,88,Not Applicable,FALSE,1,Public Road,1,"Trafficway, On Road",CT0009300,New Haven PD,44175,36:41.0,C,Closed,01:16.0,,4,11000,4,MINOR ARTERIAL - NEW HPMS,2,Urban
985951,1,Complete,985951,985951,41.315259,-72.920926,3482114,New Haven,93,93,New Haven,10/26/2022,2022,10,October,26,4,Wednesday,14:20:00,14,22036194,A,1,,Pedestrian,"Injury of any type (Serious, Minor, Possible)",C,Possible Injury (C),1,1,4,Local,0.34,656,WHITNEY AV,WHITNEY AV,,SACHEM ST,15,Feet,S,41.315259,-72.920926,9,Pedestrian,88,Not Applicable,1,On Roadway,1,Clear,88,Not Applicable,1,Daylight,1,Dry,0,None,88,Not Applicable,88,Not Applicable,0,None,88,Not Applicable,88,Not Applicable,11,Through Roadway,1,Not at Intersection,1,No,1,No,88,Not Applicable,88,Not Applicable,88,Not Applicable,88,Not Applicable,FALSE,1,Public Road,1,"Trafficway, On Road",CT0009300,New Haven PD,40793,45:37.0,C,Closed,01:19.0,,4,10700,3,PRINCIPAL ARTERIAL - OTHER - NEW HPMS,2,Urban
985952,1,Complete,985952,985952,41.312794,-72.904744,3482115,New Haven,93,93,New Haven,10/21/2022,2022,10,October,21,6,Friday,13:30:00,13,22036256,A,1,,Pedestrian,"Injury of any type (Serious, Minor, Possible)",C,Possible Injury (C),1,0,,,,,,370 JAMES STREET,,JOHN W MURPHY,10,Feet,N,41.312794,-72.904744,9,Pedestrian,88,Not Applicable,8,"Off Roadway,  Location Unknown",1,Clear,88,Not Applicable,1,Daylight,1,Dry,0,None,88,Not Applicable,88,Not Applicable,0,None,88,Not Applicable,88,Not Applicable,1,Non-Junction,1,Not at Intersection,1,No,1,No,88,Not Applicable,88,Not Applicable,88,Not Applicable,88,Not Applicable,FALSE,1,Public Road,1,"Trafficway, On Road",CT0009300,New Haven PD,42057,27:43.0,C,Closed,01:27.0,,,,,,,
985953,1,Complete,985953,985953,41.294608,-72.899798,3482116,New Haven,93,93,New Haven,10/26/2022,2022,10,October,26,4,Wednesday,23:36:00,23,22036280,A,1,,"Other Fixed Object (wall, building, tunnel, etc.)","Injury of any type (Serious, Minor, Possible)",C,Possible Injury (C),0,0,2,USRoute,49.69,1,1-N,1-N,WHEELER ST,,,,,41.294608,-72.899798,39,"Other Fixed Object (wall, building, tunnel, etc.)",88,Not Applicable,1,On Roadway,1,Clear,88,Not Applicable,4,Dark-Lighted,1,Dry,0,None,88,Not Applicable,88,Not Applicable,0,None,88,Not Applicable,88,Not Applicable,2,Intersection,2,Four-Way Intersection,1,No,1,No,88,Not Applicable,88,Not Applicable,88,Not Applicable,88,Not Applicable,FALSE,1,Public Road,1,"Trafficway, On Road",CT0009300,New Haven PD,44063,14:44.0,C,Closed,01:30.0,,4,9400,3,PRINCIPAL ARTERIAL - OTHER - NEW HPMS,2,Urban
985957,1,Complete,985957,985957,41.324103,-72.884696,3482120,New Haven,93,93,New Haven,10/27/2022,2022,10,October,27,5,Thursday,11:07:00,11,22036315,A,2,,Motor Vehicle In Motion,"Injury of any type (Serious, Minor, Possible)",C,Possible Injury (C),0,0,3,State,0.06,,17-N,17-N,Dump Rd,,,,,41.324103,-72.884696,14,Motor Vehicle in Operation,3,Angle,1,On Roadway,1,Clear,88,Not Applicable,1,Daylight,1,Dry,0,None,88,Not Applicable,88,Not Applicable,0,None,88,Not Applicable,88,Not Applicable,2,Intersection,3,T-Intersection,1,No,1,No,88,Not Applicable,88,Not Applicable,88,Not Applicable,88,Not Applicable,FALSE,1,Public Road,1,"Trafficway, On Road",CT0009300,New Haven PD,175,14:08.0,C,Closed,01:28.0,,,,,,,
985963,1,Complete,985963,985963,41.323207,-72.910914,3482126,New Haven,93,93,New Haven,10/27/2022,2022,10,October,27,5,Thursday,17:20:00,17,22036370,A,2,,Motor Vehicle In Motion,"Injury of any type (Serious, Minor, Possible)",C,Possible Injury (C),0,0,4,Local,0.31,450,ORANGE ST NO 1,ORANGE ST NO 1,CANNER ST,,,,,41.323207,-72.910914,14,Motor Vehicle in Operation,3,Angle,1,On Roadway,1,Clear,88,Not Applicable,1,Daylight,1,Dry,0,None,88,Not Applicable,88,Not Applicable,0,None,88,Not Applicable,88,Not Applicable,2,Intersection,2,Four-Way Intersection,1,No,1,No,88,Not Applicable,88,Not Applicable,88,Not Applicable,88,Not Applicable,TRUE,1,Public Road,1,"Trafficway, On Road",CT0009300,New Haven PD,30,42:04.0,C,Closed,01:31.0,NONE,,,,,,
985966,1,Complete,985966,985966,41.30388,-72.90031,3482129,New Haven,93,93,New Haven,10/27/2022,2022,10,October,27,5,Thursday,19:32:00,19,22036400,A,2,,Motor Vehicle In Motion,"Injury of any type (Serious, Minor, Possible)",C,Possible Injury (C),0,1,4,Local,0.4,97,CHAPEL ST,CHAPEL ST,LLOYD ST,,,,,41.30388,-72.90031,14,Motor Vehicle in Operation,2,Front to front,1,On Roadway,1,Clear,88,Not Applicable,4,Dark-Lighted,1,Dry,0,None,88,Not Applicable,88,Not Applicable,0,None,88,Not Applicable,88,Not Applicable,2,Intersection,2,Four-Way Intersection,1,No,1,No,88,Not Applicable,88,Not Applicable,88,Not Applicable,88,Not Applicable,FALSE,1,Public Road,1,"Trafficway, On Road",CT0009300,New Haven PD,42057,57:52.0,C,Closed,01:25.0,,,,,,,
986402,1,Complete,986402,986402,41.31978,-72.95016,3482565,New Haven,93,93,New Haven,10/18/2022,2022,10,October,18,3,Tuesday,20:22:00,20,22035324,A,1,,Pedestrian,"Injury of any type (Serious, Minor, Possible)",B,Suspected Minor Injury (B),1,0,3,State,3.11,10,10-N,10-N,BROWNELL ST,,,,,41.31978,-72.95016,9,Pedestrian,88,Not Applicable,1,On Roadway,1,Clear,88,Not Applicable,4,Dark-Lighted,1,Dry,0,None,88,Not Applicable,88,Not Applicable,0,None,88,Not Applicable,88,Not Applicable,2,Intersection,3,T-Intersection,1,No,1,No,88,Not Applicable,88,Not Applicable,88,Not Applicable,88,Not Applicable,FALSE,1,Public Road,1,"Trafficway, On Road",CT0009300,New Haven PD,9,53:59.0,O,Open,01:57.0,,4,19800,3,PRINCIPAL ARTERIAL - OTHER - NEW HPMS,2,Urban
986403,1,Complete,986403,986403,41.306216,-72.935506,3482566,New Haven,93,93,New Haven,10/22/2022,2022,10,October,22,7,Saturday,2:53:00,2,22035675,A,2,,Motor Vehicle In Motion,"Injury of any type (Serious, Minor, Possible)",B,Suspected Minor Injury (B),0,0,4,Local,0.34,463,PARK ST,PARK ST,GEORGE ST,,,,,41.306216,-72.935506,14,Motor Vehicle in Operation,4,"Sideswipe, same direction",1,On Roadway,1,Clear,88,Not Applicable,4,Dark-Lighted,1,Dry,0,None,88,Not Applicable,88,Not Applicable,0,None,88,Not Applicable,88,Not Applicable,3,Intersection-Related,2,Four-Way Intersection,1,No,1,No,88,Not Applicable,88,Not Applicable,88,Not Applicable,88,Not Applicable,TRUE,1,Public Road,1,"Trafficway, On Road",CT0009300,New Haven PD,412,32:07.0,C,Closed,02:01.0,,,,,,,
986405,1,Complete,986405,986405,41.31757,-72.94982,3482568,New Haven,93,93,New Haven,10/24/2022,2022,10,October,24,2,Monday,8:30:00,8,22035860,A,1,,Tree (standing),"Injury of any type (Serious, Minor, Possible)",A,Suspected Serious Injury (A),0,1,3,State,2.92,10,10-N,10-N,ELM ST NO 1,,,,,41.31757,-72.94982,32,Tree (standing),88,Not Applicable,1,On Roadway,4,Rain,88,Not Applicable,1,Daylight,2,Wet,0,None,88,Not Applicable,88,Not Applicable,0,None,88,Not Applicable,88,Not Applicable,2,Intersection,2,Four-Way Intersection,1,No,1,No,88,Not Applicable,88,Not Applicable,88,Not Applicable,88,Not Applicable,FALSE,1,Public Road,1,"Trafficway, On Road",CT0009300,New Haven PD,44176,53:56.0,C,Closed,01:50.0,,2,10100,3,PRINCIPAL ARTERIAL - OTHER - NEW HPMS,2,Urban
986408,1,Complete,986408,986408,41.29742,-72.94891,3482571,New Haven,93,93,New Haven,10/25/2022,2022,10,October,25,3,Tuesday,16:31:00,16,22036098,A,1,,Pedestrian,"Injury of any type (Serious, Minor, Possible)",B,Suspected Minor Injury (B),1,0,3,State,1.47,10,10-N,10-N,1-N,,,,,41.29742,-72.94891,9,Pedestrian,88,Not Applicable,1,On Roadway,1,Clear,88,Not Applicable,1,Daylight,2,Wet,0,None,88,Not Applicable,88,Not Applicable,0,None,88,Not Applicable,88,Not Applicable,2,Intersection,2,Four-Way Intersection,1,No,1,No,88,Not Applicable,88,Not Applicable,88,Not Applicable,88,Not Applicable,FALSE,1,Public Road,1,"Trafficway, On Road",CT0009300,New Haven PD,44053,50:50.0,C,Closed,02:16.0,,4,20700,3,PRINCIPAL ARTERIAL - OTHER - NEW HPMS,2,Urban
986420,1,Complete,986420,986420,41.296996,-72.89269,3482583,New Haven,93,93,New Haven,10/28/2022,2022,10,October,28,6,Friday,11:56:00,11,22036467,A,2,,Motor Vehicle In Motion,"Injury of any type (Serious, Minor, Possible)",C,Possible Injury (C),0,0,4,Local,0.18,210,FARREN AV,FARREN AV,FULTON ST,,,,,41.296996,-72.89269,14,Motor Vehicle in Operation,2,Front to front,1,On Roadway,1,Clear,88,Not Applicable,1,Daylight,1,Dry,0,None,88,Not Applicable,88,Not Applicable,0,None,88,Not Applicable,88,Not Applicable,2,Intersection,2,Four-Way Intersection,1,No,1,No,88,Not Applicable,88,Not Applicable,88,Not Applicable,88,Not Applicable,FALSE,1,Public Road,1,"Trafficway, On Road",CT0009300,New Haven PD,156,06:27.0,C,Closed,02:14.0,,,,,,,
986421,1,Complete,986421,986421,41.286324,-72.936135,3482584,New Haven,93,93,New Haven,10/28/2022,2022,10,October,28,6,Friday,13:15:00,13,22036473,A,2,,Motor Vehicle In Motion,"Injury of any type (Serious, Minor, Possible)",C,Possible Injury (C),0,0,3,State,0.46,10,10-N,10-N,745-E,,,,,41.286324,-72.936135,14,Motor Vehicle in Operation,3,Angle,1,On Roadway,1,Clear,88,Not Applicable,1,Daylight,1,Dry,0,None,88,Not Applicable,88,Not Applicable,0,None,88,Not Applicable,88,Not Applicable,2,Intersection,2,Four-Way Intersection,1,No,1,No,88,Not Applicable,88,Not Applicable,88,Not Applicable,88,Not Applicable,FALSE,1,Public Road,1,"Trafficway, On Road",CT0009300,New Haven PD,281,43:58.0,C,Closed,01:54.0,,2,18600,3,PRINCIPAL ARTERIAL - OTHER - NEW HPMS,2,Urban
986426,1,Complete,986426,986426,41.3201148,-72.9401579,3482589,New Haven,93,93,New Haven,10/28/2022,2022,10,October,28,6,Friday,19:46:00,19,22036511,A,3,,Motor Vehicle In Motion,"Injury of any type (Serious, Minor, Possible)",B,Suspected Minor Injury (B),0,0,4,Local,1.01,556,SHERMAN AV,SHERMAN AV,,GOFFE ST,100,Feet,N,41.3201148,-72.9401579,14,Motor Vehicle in Operation,1,Front to rear,1,On Roadway,1,Clear,88,Not Applicable,4,Dark-Lighted,1,Dry,97,Other,88,Not Applicable,88,Not Applicable,0,None,88,Not Applicable,88,Not Applicable,1,Non-Junction,1,Not at Intersection,1,No,1,No,88,Not Applicable,88,Not Applicable,88,Not Applicable,88,Not Applicable,TRUE,1,Public Road,1,"Trafficway, On Road",CT0009300,New Haven PD,40812,20:14.0,C,Closed,01:59.0,,,,,,,
986427,1,Complete,986427,986427,41.31411,-72.93994,3482590,New Haven,93,93,New Haven,10/28/2022,2022,10,October,28,6,Friday,21:46:00,21,22036522,A,2,,Motor Vehicle In Motion,"Injury of any type (Serious, Minor, Possible)",B,Suspected Minor Injury (B),0,0,4,Local,0.9,453,ORCHARD ST,ORCHARD ST,ELM ST NO 1,,,,,41.31411,-72.93994,14,Motor Vehicle in Operation,3,Angle,1,On Roadway,1,Clear,88,Not Applicable,4,Dark-Lighted,1,Dry,0,None,88,Not Applicable,88,Not Applicable,0,None,88,Not Applicable,88,Not Applicable,2,Intersection,2,Four-Way Intersection,1,No,1,No,88,Not Applicable,88,Not Applicable,88,Not Applicable,88,Not Applicable,FALSE,1,Public Road,1,"Trafficway, On Road",CT0009300,New Haven PD,44045,13:19.0,C,Closed,02:00.0,,,,,,,
986428,1,Complete,986428,986428,41.329957,-72.928334,3482591,New Haven,93,93,New Haven,10/29/2022,2022,10,October,29,7,Saturday,11:09:00,11,22036574,A,1,,Tree (standing),"Injury of any type (Serious, Minor, Possible)",C,Possible Injury (C),0,0,4,Local,0.33,434,NEWHALL ST,NEWHALL ST,,LILAC ST,40,Feet,S,41.329957,-72.928334,32,Tree (standing),88,Not Applicable,1,On Roadway,1,Clear,88,Not Applicable,1,Daylight,1,Dry,0,None,88,Not Applicable,88,Not Applicable,0,None,88,Not Applicable,88,Not Applicable,1,Non-Junction,1,Not at Intersection,1,No,1,No,88,Not Applicable,88,Not Applicable,88,Not Applicable,88,Not Applicable,FALSE,1,Public Road,1,"Trafficway, On Road",CT0009300,New Haven PD,87,35:11.0,C,Closed,02:03.0,,2,3210,7,LOCAL - NEW HPMS,2,Urban
986429,1,Complete,986429,986429,41.30564,-72.92769,3482592,New Haven,93,93,New Haven,10/28/2022,2022,10,October,28,6,Friday,21:20:00,21,22036598,A,2,,Motor Vehicle In Motion,"Injury of any type (Serious, Minor, Possible)",B,Suspected Minor Injury (B),0,0,4,Local,0.64,588,TEMPLE ST,TEMPLE ST,,CROWN ST,100,Feet,N,41.30564,-72.92769,14,Motor Vehicle in Operation,4,"Sideswipe, same direction",1,On Roadway,99,Unknown,88,Not Applicable,4,Dark-Lighted,99,Unknown,0,None,88,Not Applicable,88,Not Applicable,0,None,88,Not Applicable,88,Not Applicable,9,Driveway Access-Related,1,Not at Intersection,1,No,1,No,88,Not Applicable,88,Not Applicable,88,Not Applicable,88,Not Applicable,TRUE,1,Public Road,1,"Trafficway, On Road",CT0009300,New Haven PD,97,30:56.0,C,Closed,02:15.0,,,,,,,
986434,1,Complete,986434,986434,41.286552,-72.936488,922276,New Haven,93,93,New Haven,10/29/2022,2022,10,October,29,7,Saturday,21:56:00,21,22036649,K,1,Straight Ahead,Pedestrian,Fatal (Kill),K,Fatal Injury (K),1,2,3,State,0.48,10,10-N,10-N,,KIMBERLY AVE.,100,Feet,N,41.286552,-72.936488,9,Pedestrian,88,Not Applicable,1,On Roadway,1,Clear,88,Not Applicable,4,Dark-Lighted,1,Dry,0,None,88,Not Applicable,88,Not Applicable,0,None,88,Not Applicable,88,Not Applicable,1,Non-Junction,1,Not at Intersection,1,No,1,No,88,Not Applicable,88,Not Applicable,88,Not Applicable,88,Not Applicable,FALSE,1,Public Road,1,"Trafficway, On Road",CT0009300,New Haven PD,44050,19:25.0,O,Open,02:10.0,,4,17900,3,PRINCIPAL ARTERIAL - OTHER - NEW HPMS,2,Urban
986435,1,Complete,986435,986435,41.293731,-72.920021,922277,New Haven,93,93,New Haven,10/30/2022,2022,10,October,30,1,Sunday,2:18:00,2,22036672,K,5,Changing Lanes,Motor Vehicle In Motion,Fatal (Kill),K,Fatal Injury (K),0,0,4,Local,0.77,359,SARGENT DR,SARGENT DR,,FOOD TERMINAL LANE PVT,100,Feet,N,41.293731,-72.920021,14,Motor Vehicle in Operation,4,"Sideswipe, same direction",1,On Roadway,1,Clear,88,Not Applicable,4,Dark-Lighted,1,Dry,0,None,88,Not Applicable,88,Not Applicable,0,None,88,Not Applicable,88,Not Applicable,1,Non-Junction,1,Not at Intersection,1,No,1,No,88,Not Applicable,88,Not Applicable,88,Not Applicable,88,Not Applicable,FALSE,1,Public Road,1,"Trafficway, On Road",CT0009300,New Haven PD,40955,36:22.0,O,Open,02:12.0,,,,,,,
988039,1,Complete,988039,988039,41.31207,-72.939374,3483232,New Haven,93,93,New Haven,10/31/2022,2022,10,October,31,2,Monday,10:25:00,10,22036787,A,1,,Pedestrian,"Injury of any type (Serious, Minor, Possible)",C,Possible Injury (C),1,0,4,Local,1.71,179,EDGEWOOD AV,EDGEWOOD AV,KENSINGTON ST,,,,,41.31207,-72.939374,9,Pedestrian,88,Not Applicable,1,On Roadway,1,Clear,88,Not Applicable,1,Daylight,1,Dry,0,None,88,Not Applicable,88,Not Applicable,0,None,88,Not Applicable,88,Not Applicable,3,Intersection-Related,2,Four-Way Intersection,1,No,1,No,88,Not Applicable,88,Not Applicable,88,Not Applicable,88,Not Applicable,TRUE,1,Public Road,1,"Trafficway, On Road",CT0009300,New Haven PD,349,52:24.0,O,Open,00:08.0,,2,4700,4,MINOR ARTERIAL - NEW HPMS,2,Urban
988577,1,Complete,988577,988577,41.310173,-72.939163,3483770,New Haven,93,93,New Haven,11/1/2022,2022,11,November,1,3,Tuesday,16:49:00,16,22036963,A,2,,Motor Vehicle In Motion,"Injury of any type (Serious, Minor, Possible)",C,Possible Injury (C),0,0,4,Local,2.53,97,CHAPEL ST,CHAPEL ST,DAY ST,,,,,41.310173,-72.939163,14,Motor Vehicle in Operation,1,Front to rear,1,On Roadway,2,Cloudy,88,Not Applicable,3,Dusk,1,Dry,0,None,88,Not Applicable,88,Not Applicable,0,None,88,Not Applicable,88,Not Applicable,2,Intersection,2,Four-Way Intersection,1,No,1,No,88,Not Applicable,88,Not Applicable,88,Not Applicable,88,Not Applicable,FALSE,1,Public Road,1,"Trafficway, On Road",CT0009300,New Haven PD,91,55:41.0,C,Closed,01:33.0,,,,,,,
989079,1,Complete,989079,989079,41.30391,-72.93027,3484272,New Haven,93,93,New Haven,10/29/2022,2022,10,October,29,7,Saturday,11:47:00,11,22036584,A,2,,Motor Vehicle In Motion,"Injury of any type (Serious, Minor, Possible)",C,Possible Injury (C),0,0,4,Local,0.33,809,REV DR MLK JR BLVD,REV DR MLK JR BLVD,,COLLEGE ST,200,Feet,E,41.30391,-72.93027,1,Overturn/Rollover,3,Angle,1,On Roadway,1,Clear,88,Not Applicable,1,Daylight,1,Dry,0,None,88,Not Applicable,88,Not Applicable,0,None,88,Not Applicable,88,Not Applicable,1,Non-Junction,1,Not at Intersection,1,No,1,No,88,Not Applicable,88,Not Applicable,88,Not Applicable,88,Not Applicable,FALSE,1,Public Road,1,"Trafficway, On Road",CT0009300,New Haven PD,469,26:28.0,C,Closed,00:42.0,,,,,,,
989080,1,Complete,989080,989080,41.305587,-72.912549,3484273,New Haven,93,93,New Haven,11/1/2022,2022,11,November,1,3,Tuesday,1:59:00,1,22036666,A,2,,Motor Vehicle In Motion,"Injury of any type (Serious, Minor, Possible)",B,Suspected Minor Injury (B),1,1,4,Local,0.14,275,HAMILTON ST NO 2,HAMILTON ST NO 2,,I-91 HIGHWAY,10,Feet,E,41.305587,-72.912549,14,Motor Vehicle in Operation,97,Other,1,On Roadway,1,Clear,88,Not Applicable,4,Dark-Lighted,1,Dry,0,None,88,Not Applicable,88,Not Applicable,0,None,88,Not Applicable,88,Not Applicable,4,Entrance / Exit Ramp,1,Not at Intersection,1,No,1,No,88,Not Applicable,88,Not Applicable,88,Not Applicable,88,Not Applicable,TRUE,1,Public Road,1,"Trafficway, On Road",CT0009300,New Haven PD,42042,28:46.0,O,Open,00:35.0,,,,,,,
989081,1,Complete,989081,989081,41.314954,-72.873259,922285,New Haven,93,93,New Haven,10/30/2022,2022,10,October,30,1,Sunday,11:15:00,11,22036689,K,2,Straight Ahead,Motor Vehicle In Motion,Fatal (Kill),K,Fatal Injury (K),0,0,4,Local,0.58,167,EASTERN ST,EASTERN ST,,HEMINGWAY ST,100,Feet,N,41.314954,-72.873259,14,Motor Vehicle in Operation,2,Front to front,1,On Roadway,1,Clear,88,Not Applicable,1,Daylight,1,Dry,0,None,88,Not Applicable,88,Not Applicable,0,None,88,Not Applicable,88,Not Applicable,1,Non-Junction,1,Not at Intersection,1,No,1,No,88,Not Applicable,88,Not Applicable,88,Not Applicable,88,Not Applicable,FALSE,1,Public Road,1,"Trafficway, On Road",CT0009300,New Haven PD,19532,07:42.0,C,Closed,00:47.0,,,,,,,
989085,1,Complete,989085,989085,41.327563,-72.878888,3484278,New Haven,93,93,New Haven,11/1/2022,2022,11,November,1,3,Tuesday,6:27:00,6,22036899,A,2,,Motor Vehicle In Motion,"Injury of any type (Serious, Minor, Possible)",C,Possible Injury (C),0,0,3,State,0.51,17,17-N,17-N ,91-N-19 ,,,,,41.327563,-72.878888,14,Motor Vehicle in Operation,3,Angle,1,On Roadway,2,Cloudy,88,Not Applicable,2,Dawn,2,Wet,0,None,88,Not Applicable,88,Not Applicable,0,None,88,Not Applicable,88,Not Applicable,2,Intersection,3,T-Intersection,1,No,1,No,88,Not Applicable,88,Not Applicable,88,Not Applicable,88,Not Applicable,FALSE,1,Public Road,1,"Trafficway, On Road",CT0009300,New Haven PD,42369,39:41.0,C,Closed,00:34.0,,1,21600,3,PRINCIPAL ARTERIAL - OTHER - NEW HPMS,1,Rural
989089,1,Complete,989089,989089,41.314177,-72.903987,3484282,New Haven,93,93,New Haven,11/2/2022,2022,11,November,2,4,Wednesday,7:30:00,7,22037014,A,2,,Motor Vehicle In Motion,"Injury of any type (Serious, Minor, Possible)",C,Possible Injury (C),0,0,4,Local,0.15,327,JAMES ST,JAMES ST,HUMPHREY ST,,,,,41.314177,-72.903987,14,Motor Vehicle in Operation,1,Front to rear,1,On Roadway,1,Clear,1,Clear,1,Daylight,1,Dry,0,None,88,Not Applicable,88,Not Applicable,0,None,88,Not Applicable,88,Not Applicable,11,Through Roadway,1,Not at Intersection,1,No,1,No,88,Not Applicable,88,Not Applicable,88,Not Applicable,88,Not Applicable,FALSE,1,Public Road,1,"Trafficway, On Road",CT0009300,New Haven PD,40793,05:36.0,C,Closed,00:37.0,,,,,,,
989093,1,Complete,989093,989093,41.308498,-72.902683,3484286,New Haven,93,93,New Haven,11/2/2022,2022,11,November,2,4,Wednesday,12:06:00,12,22037048,A,2,,Motor Vehicle In Motion,"Injury of any type (Serious, Minor, Possible)",C,Possible Injury (C),0,0,4,Local,0.89,264,GRAND AV,GRAND AV,,JAME ST,100,Feet,W,41.308498,-72.902683,14,Motor Vehicle in Operation,1,Front to rear,1,On Roadway,1,Clear,88,Not Applicable,1,Daylight,1,Dry,0,None,88,Not Applicable,88,Not Applicable,3,Backup Due to Regular Congestion,88,Not Applicable,88,Not Applicable,1,Non-Junction,1,Not at Intersection,1,No,1,No,88,Not Applicable,88,Not Applicable,88,Not Applicable,88,Not Applicable,TRUE,1,Public Road,1,"Trafficway, On Road",CT0009300,New Haven PD,980,41:02.0,C,Closed,00:39.0,,,,,,,
989094,1,Complete,989094,989094,41.32558,-72.92773,3484287,New Haven,93,93,New Haven,11/2/2022,2022,11,November,2,4,Wednesday,14:57:00,14,22037060,A,2,,Separation of Units,"Injury of any type (Serious, Minor, Possible)",C,Possible Injury (C),0,1,4,Local,0.4,151,DIVISION ST,DIVISION ST,WINCHESTER AV,,,,,41.32558,-72.92773,14,Motor Vehicle in Operation,3,Angle,1,On Roadway,1,Clear,88,Not Applicable,1,Daylight,1,Dry,0,None,88,Not Applicable,88,Not Applicable,0,None,88,Not Applicable,88,Not Applicable,2,Intersection,2,Four-Way Intersection,1,No,1,No,88,Not Applicable,88,Not Applicable,88,Not Applicable,88,Not Applicable,FALSE,1,Public Road,1,"Trafficway, On Road",CT0009300,New Haven PD,991,30:17.0,C,Closed,00:41.0,,,,,,,
989097,1,Complete,989097,989097,41.3047743,-72.9004331,3484290,New Haven,93,93,New Haven,11/2/2022,2022,11,November,2,4,Wednesday,17:26:00,17,22037089,A,2,,Motor Vehicle In Motion,"Injury of any type (Serious, Minor, Possible)",C,Possible Injury (C),0,0,4,Local,0.39,377,LLOYD ST,LLOYD ST,SALTONSTALL AV,,,,,41.3047743,-72.9004331,14,Motor Vehicle in Operation,2,Front to front,1,On Roadway,1,Clear,88,Not Applicable,1,Daylight,1,Dry,0,None,88,Not Applicable,88,Not Applicable,0,None,88,Not Applicable,88,Not Applicable,2,Intersection,2,Four-Way Intersection,1,No,1,No,88,Not Applicable,88,Not Applicable,88,Not Applicable,88,Not Applicable,FALSE,1,Public Road,1,"Trafficway, On Road",CT0009300,New Haven PD,40953,39:19.0,C,Closed,00:45.0,,,,,,,