CrashId,Fatal Case Status,Fatal Case Status Text Format,CrashId,CrashId,Latitude,Longitude,DOT Case Number,Town Name,Town Number,Town Number,Town Number Text Format,Date Of Crash,Year,Month,Month Text Format,Day,Day of the Week,Day of the Week Text Format,Time of Crash,Hour of the Day,Case Identifier,Crash Severity,Number Of Motor Vehicles,Motor vehicle action,Most harmful event,Crash Severity Text Format,Most Severe Injury,Most Severe Injury Text Format,Number Of Non-Motorist,Number Of Witnesses,Route Class,Route Class Text Format,Milemarker,Road Number,Road Description,Roadway Name,Intersecting Roadway Name,Landmark Description,Distance From Nearest Landmark,Unit Of Measure From Nearest Landmark,Direction From Nearest Landmark,Latitude,Longitude,First Harmful Event,First Harmful Event Text Format,Manner of Crash / Collision Impact,Manner of Crash / Collision Impact Text Format,Location of First Harmful Event,Location of First Harmful Event Text Format,Weather Condition,Weather Condition Text Format,Weather 2,Weather 2 Text Format,Light Condition,Light Condition Text Format,Road Surface Condition,Road Surface Condition Text Format,"Contributing Circumstances, Environment","Contributing Circumstances, Environment Text Format",Environment 2,Environment 2 Text Format,Environment 3,Environment 3 Text Format,"Contributing Circumstances, Road","Contributing Circumstances, Road Text Format",Road 2,Road 2 Text Format,Road 3,Road 3 Text Format,Crash Specific Location,Crash Specific Location Text Format,Type of Intersection,Type of Intersection Text Format,School Bus Related,School Bus Related Text Format,Work Zone Related,Work Zone Related Text Format,Location Of Crash Relative To Work Zone,Location Of Crash Relative To Work Zone Text Format,Type of Work Zone,Type of Work Zone Text Format,Worker Presence,Worker Presence Text Format,Law Enforcement Presence,Law Enforcement Presence Text Format,Were Vehicles Moved Prior To Police Arrival,Trafficway Ownership,Trafficway Ownership Text Format,Trafficway Class,Trafficway Class Text Format,Police Agency,Police Agency Text Format,Badge Number,Approval Date,Police Case Status,Police Case Status Text Format,Crash Report Submission Date,Related Case Identifiers,No. of Through Lanes (Log Dir.),Average Daily Traffic,Functional Classification,Functional Classification Text Format,Rural or Urban,Rural or Urban Text Format
989549,1,Complete,989549,989549,41.319644,-72.918883,3484742,New Haven,93,93,New Haven,10/14/2022,2022,10,October,14,6,Friday,1:30:00,1,22034956,A,1,,"Other Fixed Object (wall, building, tunnel, etc.)","Injury of any type (Serious, Minor, Possible)",B,Suspected Minor Injury (B),0,0,4,Local,0.66,656,WHITNEY AV,WHITNEY AV,EDWARDS ST,,,,,41.319644,-72.918883,39,"Other Fixed Object (wall, building, tunnel, etc.)",88,Not Applicable,1,On Roadway,1,Clear,88,Not Applicable,4,Dark-Lighted,1,Dry,0,None,88,Not Applicable,88,Not Applicable,0,None,88,Not Applicable,88,Not Applicable,2,Intersection,2,Four-Way Intersection,1,No,1,No,88,Not Applicable,88,Not Applicable,88,Not Applicable,88,Not Applicable,FALSE,1,Public Road,1,"Trafficway, On Road",CT0009300,New Haven PD,286,25:59.0,C,Closed,00:30.0,,2,12700,3,PRINCIPAL ARTERIAL - OTHER - NEW HPMS,2,Urban
989550,1,Complete,989550,989550,41.3155,-72.93921,3484743,New Haven,93,93,New Haven,10/30/2022,2022,10,October,30,1,Sunday,12:15:00,12,22036692,A,2,,Motor Vehicle In Motion,"Injury of any type (Serious, Minor, Possible)",C,Possible Injury (C),0,1,4,Local,0.56,653,WHALLEY AV,WHALLEY AV,ORCHARD ST,,,,,41.3155,-72.93921,14,Motor Vehicle in Operation,3,Angle,1,On Roadway,1,Clear,88,Not Applicable,1,Daylight,1,Dry,0,None,88,Not Applicable,88,Not Applicable,0,None,88,Not Applicable,88,Not Applicable,2,Intersection,2,Four-Way Intersection,1,No,1,No,88,Not Applicable,88,Not Applicable,88,Not Applicable,88,Not Applicable,TRUE,1,Public Road,1,"Trafficway, On Road",CT0009300,New Haven PD,38715,59:33.0,C,Closed,00:32.0,22-036692,,,,,,
989552,1,Complete,989552,989552,41.319571,-72.873318,3484745,New Haven,93,93,New Haven,11/2/2022,2022,11,November,2,4,Wednesday,4:57:00,4,22037011,A,3,,Parked Vehicle,"Injury of any type (Serious, Minor, Possible)",C,Possible Injury (C),0,0,4,Local,0.03,235,FOXON ST NO 2,FOXON ST NO 2,,QUINNPIAC AVENUE,400,Feet,E,41.319571,-72.873318,14,Motor Vehicle in Operation,4,"Sideswipe, same direction",1,On Roadway,1,Clear,88,Not Applicable,5,Dark-Not Lighted,1,Dry,0,None,88,Not Applicable,88,Not Applicable,0,None,88,Not Applicable,88,Not Applicable,1,Non-Junction,1,Not at Intersection,1,No,1,No,88,Not Applicable,88,Not Applicable,88,Not Applicable,88,Not Applicable,FALSE,1,Public Road,1,"Trafficway, On Road",CT0009300,New Haven PD,42367,34:26.0,C,Closed,00:28.0,,,,,,,
989555,1,Complete,989555,989555,41.323879,-72.881531,3484748,New Haven,93,93,New Haven,11/3/2022,2022,11,November,3,5,Thursday,6:11:00,6,22037143,A,2,,Motor Vehicle In Motion,"Injury of any type (Serious, Minor, Possible)",C,Possible Injury (C),0,0,3,State,0.22,17,17-N,17-N,80-W,,,,,41.323879,-72.881531,14,Motor Vehicle in Operation,3,Angle,1,On Roadway,1,Clear,88,Not Applicable,4,Dark-Lighted,1,Dry,0,None,88,Not Applicable,88,Not Applicable,0,None,88,Not Applicable,88,Not Applicable,2,Intersection,2,Four-Way Intersection,2,"Yes, School Bus Directly Involved",1,No,88,Not Applicable,88,Not Applicable,88,Not Applicable,88,Not Applicable,FALSE,1,Public Road,1,"Trafficway, On Road",CT0009300,New Haven PD,180,50:44.0,C,Closed,00:25.0,22037143,1,21600,3,PRINCIPAL ARTERIAL - OTHER - NEW HPMS,1,Rural
989557,1,Complete,989557,989557,41.312087,-72.919021,3484750,New Haven,93,93,New Haven,11/3/2022,2022,11,November,3,5,Thursday,8:16:00,8,22037150,A,2,,Motor Vehicle In Motion,"Injury of any type (Serious, Minor, Possible)",C,Possible Injury (C),0,0,1,Interstate,0.52,91,91-N-134,91-N-134 (Exit 3) ,,ORANGE ST ,30,Feet,E,41.312087,-72.919021,14,Motor Vehicle in Operation,4,"Sideswipe, same direction",1,On Roadway,1,Clear,88,Not Applicable,1,Daylight,1,Dry,0,None,88,Not Applicable,88,Not Applicable,0,None,88,Not Applicable,88,Not Applicable,3,Intersection-Related,2,Four-Way Intersection,1,No,1,No,88,Not Applicable,88,Not Applicable,88,Not Applicable,88,Not Applicable,TRUE,1,Public Road,1,"Trafficway, On Road",CT0009300,New Haven PD,165,06:27.0,C,Closed,00:27.0,,3,101400,1,INTERSTATE - NEW HPMS,2,Urban
989562,1,Complete,989562,989562,41.30805,-72.92431,3484755,New Haven,93,93,New Haven,11/3/2022,2022,11,November,3,5,Thursday,19:15:00,19,22037239,A,2,,Motor Vehicle In Motion,"Injury of any type (Serious, Minor, Possible)",C,Possible Injury (C),0,0,4,Local,0.33,103,CHURCH ST,CHURCH ST,,ELM ST,50,Feet,N,41.30805,-72.92431,14,Motor Vehicle in Operation,1,Front to rear,1,On Roadway,1,Clear,88,Not Applicable,4,Dark-Lighted,1,Dry,0,None,88,Not Applicable,88,Not Applicable,0,None,88,Not Applicable,88,Not Applicable,1,Non-Junction,1,Not at Intersection,1,No,1,No,88,Not Applicable,88,Not Applicable,88,Not Applicable,88,Not Applicable,FALSE,1,Public Road,1,"Trafficway, On Road",CT0009300,New Haven PD,40802,57:04.0,C,Closed,00:32.0,,,,,,,
989563,1,Complete,989563,989563,41.303999,-72.936725,3484756,New Haven,93,93,New Haven,11/3/2022,2022,11,November,3,5,Thursday,22:38:00,22,22037258,A,2,,Motor Vehicle In Motion,"Injury of any type (Serious, Minor, Possible)",C,Possible Injury (C),0,0,4,Local,0.16,308,HOWARD AV,HOWARD AV,,Park St,150,Feet,S,41.303999,-72.936725,14,Motor Vehicle in Operation,6,Rear to side,7,In Parking Lane or Zone,1,Clear,88,Not Applicable,4,Dark-Lighted,1,Dry,0,None,88,Not Applicable,88,Not Applicable,0,None,88,Not Applicable,88,Not Applicable,1,Non-Junction,1,Not at Intersection,1,No,1,No,88,Not Applicable,88,Not Applicable,88,Not Applicable,88,Not Applicable,FALSE,2,Private Road,4,Parking Lot,CT0009300,New Haven PD,42370,49:52.0,C,Closed,00:34.0,,,,,,,
990131,1,Complete,990131,990131,41.286358,-72.936104,3485324,New Haven,93,93,New Haven,10/16/2022,2022,10,October,16,1,Sunday,16:33:00,16,22034051,A,3,,Motor Vehicle In Motion,"Injury of any type (Serious, Minor, Possible)",B,Suspected Minor Injury (B),0,0,3,State,0.46,10,10-N,10-N,745-E,,,,,41.286358,-72.936104,14,Motor Vehicle in Operation,3,Angle,1,On Roadway,1,Clear,88,Not Applicable,4,Dark-Lighted,1,Dry,99,Unknown,88,Not Applicable,88,Not Applicable,99,Unknown,88,Not Applicable,88,Not Applicable,2,Intersection,2,Four-Way Intersection,1,No,1,No,88,Not Applicable,88,Not Applicable,88,Not Applicable,88,Not Applicable,FALSE,1,Public Road,1,"Trafficway, On Road",CT0009300,New Haven PD,43690,55:18.0,C,Closed,00:22.0,,2,18600,3,PRINCIPAL ARTERIAL - OTHER - NEW HPMS,2,Urban
990132,1,Complete,990132,990132,41.30846,-72.93166,3485325,New Haven,93,93,New Haven,10/7/2022,2022,10,October,7,6,Friday,21:55:00,21,22034054,A,2,,Motor Vehicle In Motion,"Injury of any type (Serious, Minor, Possible)",C,Possible Injury (C),0,0,4,Local,0.45,766,YORK ST,YORK ST,CHAPEL ST,,,,,41.30846,-72.93166,14,Motor Vehicle in Operation,4,"Sideswipe, same direction",1,On Roadway,1,Clear,88,Not Applicable,4,Dark-Lighted,1,Dry,0,None,88,Not Applicable,88,Not Applicable,0,None,88,Not Applicable,88,Not Applicable,2,Intersection,2,Four-Way Intersection,1,No,1,No,88,Not Applicable,88,Not Applicable,88,Not Applicable,88,Not Applicable,TRUE,1,Public Road,1,"Trafficway, On Road",CT0009300,New Haven PD,503,39:25.0,C,Closed,00:23.0,,,,,,,
990137,1,Complete,990137,990137,41.328589,-72.950007,3485330,New Haven,93,93,New Haven,10/30/2022,2022,10,October,30,1,Sunday,21:09:00,21,22036739,A,3,,Overturn/Rollover,"Injury of any type (Serious, Minor, Possible)",B,Suspected Minor Injury (B),0,0,4,Local,0.26,149,DIAMOND ST,DIAMOND ST,,DYER ST,200,Feet,N,41.328589,-72.950007,1,Overturn/Rollover,4,"Sideswipe, same direction",1,On Roadway,1,Clear,88,Not Applicable,4,Dark-Lighted,1,Dry,0,None,88,Not Applicable,88,Not Applicable,0,None,88,Not Applicable,88,Not Applicable,1,Non-Junction,1,Not at Intersection,1,No,1,No,88,Not Applicable,88,Not Applicable,88,Not Applicable,88,Not Applicable,FALSE,1,Public Road,1,"Trafficway, On Road",CT0009300,New Haven PD,9,16:39.0,C,Closed,00:40.0,,,,,,,
990138,1,Complete,990138,990138,41.310443,-72.951453,3485331,New Haven,93,93,New Haven,11/4/2022,2022,11,November,4,6,Friday,17:23:00,17,22036842,A,2,,Motor Vehicle In Motion,"Injury of any type (Serious, Minor, Possible)",C,Possible Injury (C),0,0,4,Local,0.3,147,DERBY AV,DERBY AV,ELLSWORTH AV,,,,,41.310443,-72.951453,14,Motor Vehicle in Operation,3,Angle,1,On Roadway,1,Clear,88,Not Applicable,1,Daylight,1,Dry,0,None,88,Not Applicable,88,Not Applicable,0,None,88,Not Applicable,88,Not Applicable,2,Intersection,3,T-Intersection,1,No,1,No,88,Not Applicable,88,Not Applicable,88,Not Applicable,88,Not Applicable,FALSE,1,Public Road,1,"Trafficway, On Road",CT0009300,New Haven PD,44055,10:15.0,C,Closed,00:29.0,,,,,,,
990139,1,Complete,990139,990139,41.2786,-72.89529,3485332,New Haven,93,93,New Haven,10/31/2022,2022,10,October,31,2,Monday,18:46:00,18,22036859,A,1,,Pedestrian,"Injury of any type (Serious, Minor, Possible)",C,Possible Injury (C),1,2,3,State,0.78,337,337-E,337-E,,TUTTLE DR,200,Feet,N,41.2786,-72.89529,9,Pedestrian,88,Not Applicable,1,On Roadway,1,Clear,1,Clear,4,Dark-Lighted,1,Dry,3,Glare,88,Not Applicable,88,Not Applicable,0,None,88,Not Applicable,88,Not Applicable,1,Non-Junction,1,Not at Intersection,1,No,1,No,88,Not Applicable,88,Not Applicable,88,Not Applicable,88,Not Applicable,FALSE,1,Public Road,1,"Trafficway, On Road",CT0009300,New Haven PD,43776,24:48.0,C,Closed,00:38.0,,2,9100,4,MINOR ARTERIAL - NEW HPMS,2,Urban
990144,1,Complete,990144,990144,41.30874,-72.92546,3485337,New Haven,93,93,New Haven,11/2/2022,2022,11,November,2,4,Wednesday,17:23:00,17,22037088,A,1,,Motor Vehicle In Motion,"Injury of any type (Serious, Minor, Possible)",C,Possible Injury (C),1,0,4,Local,0.48,726,ELM ST NO 2,ELM ST NO 2,TEMPLE ST,,,,,41.30874,-72.92546,14,Motor Vehicle in Operation,3,Angle,1,On Roadway,1,Clear,88,Not Applicable,1,Daylight,1,Dry,0,None,88,Not Applicable,88,Not Applicable,0,None,88,Not Applicable,88,Not Applicable,3,Intersection-Related,2,Four-Way Intersection,1,No,1,No,88,Not Applicable,88,Not Applicable,88,Not Applicable,88,Not Applicable,TRUE,1,Public Road,1,"Trafficway, On Road",CT0009300,New Haven PD,97,07:32.0,C,Closed,00:52.0,,,,,,,
990146,1,Complete,990146,990146,41.3107,-72.88286,3485339,New Haven,93,93,New Haven,11/3/2022,2022,11,November,3,5,Thursday,18:27:00,18,22037231,A,2,,Motor Vehicle In Motion,"Injury of any type (Serious, Minor, Possible)",C,Possible Injury (C),0,0,4,Local,1.37,498,QUINNIPIAC AV,QUINNIPIAC AV,,RUNO TERR,300,Feet,S,41.3107,-72.88286,14,Motor Vehicle in Operation,1,Front to rear,1,On Roadway,1,Clear,88,Not Applicable,4,Dark-Lighted,1,Dry,0,None,88,Not Applicable,88,Not Applicable,0,None,88,Not Applicable,88,Not Applicable,1,Non-Junction,1,Not at Intersection,1,No,1,No,88,Not Applicable,88,Not Applicable,88,Not Applicable,88,Not Applicable,TRUE,1,Public Road,1,"Trafficway, On Road",CT0009300,New Haven PD,409,34:39.0,C,Closed,00:27.0,,,,,,,
990148,1,Complete,990148,990148,41.330591,-72.91376,3485341,New Haven,93,93,New Haven,11/4/2022,2022,11,November,4,6,Friday,9:03:00,9,22037284,A,2,,Motor Vehicle In Motion,"Injury of any type (Serious, Minor, Possible)",C,Possible Injury (C),0,0,4,Local,1.48,656,WHITNEY AV,WHITNEY AV,EAST ROCK RD,,,,,41.330591,-72.91376,14,Motor Vehicle in Operation,3,Angle,1,On Roadway,1,Clear,88,Not Applicable,1,Daylight,1,Dry,0,None,88,Not Applicable,88,Not Applicable,0,None,88,Not Applicable,88,Not Applicable,2,Intersection,2,Four-Way Intersection,1,No,1,No,88,Not Applicable,88,Not Applicable,88,Not Applicable,88,Not Applicable,FALSE,1,Public Road,1,"Trafficway, On Road",CT0009300,New Haven PD,32,25:22.0,C,Closed,00:24.0,,,,,,,
990150,1,Complete,990150,990150,41.315934,-72.946852,3485343,New Haven,93,93,New Haven,11/4/2022,2022,11,November,4,6,Friday,10:01:00,10,22037294,A,1,,Pedestrian,"Injury of any type (Serious, Minor, Possible)",A,Suspected Serious Injury (A),1,0,4,Local,0.39,439,NORTON ST,NORTON ST,,MAPLE ST,220,Feet,N,41.315934,-72.946852,9,Pedestrian,88,Not Applicable,1,On Roadway,1,Clear,88,Not Applicable,1,Daylight,1,Dry,0,None,88,Not Applicable,88,Not Applicable,0,None,88,Not Applicable,88,Not Applicable,1,Non-Junction,1,Not at Intersection,1,No,1,No,88,Not Applicable,88,Not Applicable,88,Not Applicable,88,Not Applicable,FALSE,1,Public Road,1,"Trafficway, On Road",CT0009300,New Haven PD,19532,23:01.0,C,Closed,00:32.0,,4,3846,7,LOCAL - NEW HPMS,2,Urban
990156,1,Complete,990156,990156,41.328845,-72.965995,922292,New Haven,93,93,New Haven,11/4/2022,2022,11,November,4,6,Friday,18:09:00,18,22037383,K,1,Straight Ahead,Pedestrian,Fatal (Kill),K,Fatal Injury (K),1,4,3,State,0.57,63,63-N,63-N,,EMERSON ST,250,Feet,N,41.328845,-72.965995,9,Pedestrian,88,Not Applicable,1,On Roadway,1,Clear,88,Not Applicable,6,Dark-Unknown Lighting,1,Dry,0,None,88,Not Applicable,88,Not Applicable,0,None,88,Not Applicable,88,Not Applicable,1,Non-Junction,1,Not at Intersection,1,No,1,No,88,Not Applicable,88,Not Applicable,88,Not Applicable,88,Not Applicable,TRUE,1,Public Road,1,"Trafficway, On Road",CT0009300,New Haven PD,40812,21:29.0,O,Open,00:33.0,,3,20300,3,PRINCIPAL ARTERIAL - OTHER - NEW HPMS,2,Urban
990160,1,Complete,990160,990160,41.325448,-72.896932,3485353,New Haven,93,93,New Haven,11/4/2022,2022,11,November,4,6,Friday,20:31:00,20,22037397,A,2,,Motor Vehicle In Motion,"Injury of any type (Serious, Minor, Possible)",B,Suspected Minor Injury (B),0,0,2,USRoute,0.82,5,5-N,5-N,,LYMAN ST,400,Feet,N,41.325448,-72.896932,14,Motor Vehicle in Operation,1,Front to rear,1,On Roadway,1,Clear,88,Not Applicable,4,Dark-Lighted,1,Dry,0,None,88,Not Applicable,88,Not Applicable,0,None,88,Not Applicable,88,Not Applicable,1,Non-Junction,1,Not at Intersection,1,No,1,No,88,Not Applicable,88,Not Applicable,88,Not Applicable,88,Not Applicable,TRUE,1,Public Road,1,"Trafficway, On Road",CT0009300,New Haven PD,30,33:18.0,C,Closed,00:35.0,NONE,1,17500,4,MINOR ARTERIAL - NEW HPMS,1,Rural
990168,1,Complete,990168,990168,41.31795,-72.96146,3485361,New Haven,93,93,New Haven,11/5/2022,2022,11,November,5,7,Saturday,14:10:00,14,22037484,A,2,,Motor Vehicle In Motion,"Injury of any type (Serious, Minor, Possible)",C,Possible Injury (C),0,0,4,Local,0.47,179,EDGEWOOD AV,EDGEWOOD AV,WEST ROCK AV NO 1,,,,,41.31795,-72.96146,14,Motor Vehicle in Operation,3,Angle,1,On Roadway,1,Clear,88,Not Applicable,1,Daylight,1,Dry,0,None,88,Not Applicable,88,Not Applicable,0,None,88,Not Applicable,88,Not Applicable,2,Intersection,2,Four-Way Intersection,1,No,1,No,88,Not Applicable,88,Not Applicable,88,Not Applicable,88,Not Applicable,TRUE,1,Public Road,1,"Trafficway, On Road",CT0009300,New Haven PD,170,12:01.0,C,Closed,00:43.0,,,,,,,
990171,1,Complete,990171,990171,41.322688,-72.938128,3485364,New Haven,93,93,New Haven,11/5/2022,2022,11,November,5,7,Saturday,18:15:00,18,22037500,A,2,,Motor Vehicle In Motion,"Injury of any type (Serious, Minor, Possible)",C,Possible Injury (C),0,0,4,Local,0.23,557,SHERMAN PKWY,SHERMAN PKWY,,MUNSON ST,50,Feet,S,41.322688,-72.938128,14,Motor Vehicle in Operation,4,"Sideswipe, same direction",1,On Roadway,1,Clear,88,Not Applicable,4,Dark-Lighted,1,Dry,0,None,88,Not Applicable,88,Not Applicable,0,None,88,Not Applicable,88,Not Applicable,1,Non-Junction,1,Not at Intersection,1,No,1,No,88,Not Applicable,88,Not Applicable,88,Not Applicable,88,Not Applicable,FALSE,1,Public Road,1,"Trafficway, On Road",CT0009300,New Haven PD,79,38:37.0,C,Closed,00:41.0,,,,,,,
990178,1,Complete,990178,990178,41.3108,-72.8959,3485371,New Haven,93,93,New Haven,11/6/2022,2022,11,November,6,1,Sunday,8:47:00,8,22037552,A,2,,Motor Vehicle In Motion,"Injury of any type (Serious, Minor, Possible)",C,Possible Injury (C),0,0,4,Local,0.62,213,FERRY ST,FERRY ST,CLAY ST NO 2,,,,,41.3108,-72.8959,14,Motor Vehicle in Operation,3,Angle,1,On Roadway,1,Clear,88,Not Applicable,1,Daylight,1,Dry,0,None,88,Not Applicable,88,Not Applicable,0,None,88,Not Applicable,88,Not Applicable,2,Intersection,3,T-Intersection,1,No,1,No,88,Not Applicable,88,Not Applicable,88,Not Applicable,88,Not Applicable,FALSE,1,Public Road,1,"Trafficway, On Road",CT0009300,New Haven PD,40790,49:16.0,C,Closed,00:53.0,,,,,,,
990181,1,Complete,990181,990181,41.30701,-72.93496,3485374,New Haven,93,93,New Haven,11/6/2022,2022,11,November,6,1,Sunday,19:48:00,19,22037595,A,1,,Pedestrian,"Injury of any type (Serious, Minor, Possible)",C,Possible Injury (C),1,1,4,Local,0.34,463,PARK ST,PARK ST,GEORGE ST,,,,,41.30701,-72.93496,9,Pedestrian,88,Not Applicable,1,On Roadway,1,Clear,88,Not Applicable,4,Dark-Lighted,1,Dry,0,None,88,Not Applicable,88,Not Applicable,0,None,88,Not Applicable,88,Not Applicable,2,Intersection,2,Four-Way Intersection,1,No,1,No,88,Not Applicable,88,Not Applicable,88,Not Applicable,88,Not Applicable,FALSE,1,Public Road,1,"Trafficway, On Road",CT0009300,New Haven PD,44045,42:48.0,C,Closed,00:56.0,,2,9500,4,MINOR ARTERIAL - NEW HPMS,2,Urban
990909,1,Complete,990909,990909,41.3151,-72.89699,3486102,New Haven,93,93,New Haven,11/7/2022,2022,11,November,7,2,Monday,15:13:00,15,22037687,A,2,,Motor Vehicle In Motion,"Injury of any type (Serious, Minor, Possible)",C,Possible Injury (C),0,0,4,Local,0.32,213,FERRY ST,FERRY ST,LOMBARD ST,,,,,41.3151,-72.89699,14,Motor Vehicle in Operation,3,Angle,1,On Roadway,1,Clear,88,Not Applicable,1,Daylight,1,Dry,0,None,88,Not Applicable,88,Not Applicable,0,None,88,Not Applicable,88,Not Applicable,2,Intersection,2,Four-Way Intersection,1,No,1,No,88,Not Applicable,88,Not Applicable,88,Not Applicable,88,Not Applicable,FALSE,1,Public Road,1,"Trafficway, On Road",CT0009300,New Haven PD,42057,54:30.0,C,Closed,02:01.0,,,,,,,
990911,1,Complete,990911,990911,41.33162,-72.97376,3486104,New Haven,93,93,New Haven,11/7/2022,2022,11,November,7,2,Monday,17:33:00,17,22037696,A,1,,Utility Pole,"Injury of any type (Serious, Minor, Possible)",C,Possible Injury (C),0,0,3,State,1.03,63,63-N,63-N,,DAVIS ST,100,Feet,S,41.33162,-72.97376,33,Utility Pole/Light Support,88,Not Applicable,1,On Roadway,1,Clear,88,Not Applicable,4,Dark-Lighted,1,Dry,99,Unknown,88,Not Applicable,88,Not Applicable,0,None,88,Not Applicable,88,Not Applicable,1,Non-Junction,1,Not at Intersection,1,No,1,No,88,Not Applicable,88,Not Applicable,88,Not Applicable,88,Not Applicable,FALSE,1,Public Road,1,"Trafficway, On Road",CT0009300,New Haven PD,11439,30:01.0,C,Closed,01:59.0,,4,22900,3,PRINCIPAL ARTERIAL - OTHER - NEW HPMS,2,Urban
990912,1,Complete,990912,990912,41.27344,-72.89661,3486105,New Haven,93,93,New Haven,11/7/2022,2022,11,November,7,2,Monday,17:38:00,17,22037697,A,2,,Motor Vehicle In Motion,"Injury of any type (Serious, Minor, Possible)",C,Possible Injury (C),0,0,4,Local,0.37,272,HALL ST,HALL ST,,,,,,41.27344,-72.89661,14,Motor Vehicle in Operation,1,Front to rear,1,On Roadway,1,Clear,88,Not Applicable,5,Dark-Not Lighted,1,Dry,0,None,88,Not Applicable,88,Not Applicable,0,None,88,Not Applicable,88,Not Applicable,2,Intersection,3,T-Intersection,1,No,1,No,88,Not Applicable,88,Not Applicable,88,Not Applicable,88,Not Applicable,FALSE,1,Public Road,1,"Trafficway, On Road",CT0009300,New Haven PD,42367,21:11.0,C,Closed,02:00.0,,,,,,,
991341,1,Complete,991341,991341,41.298784,-72.949518,3486534,New Haven,93,93,New Haven,11/8/2022,2022,11,November,8,3,Tuesday,1:08:00,1,22035668,A,2,,Motor Vehicle In Motion,"Injury of any type (Serious, Minor, Possible)",C,Possible Injury (C),0,0,3,State,1.57,10,10-N,10-N,,COLUMBUS AVENUE,500,Feet,N,41.298784,-72.949518,14,Motor Vehicle in Operation,3,Angle,1,On Roadway,1,Clear,88,Not Applicable,4,Dark-Lighted,1,Dry,0,None,88,Not Applicable,88,Not Applicable,0,None,88,Not Applicable,88,Not Applicable,1,Non-Junction,1,Not at Intersection,1,No,1,No,88,Not Applicable,88,Not Applicable,88,Not Applicable,88,Not Applicable,FALSE,1,Public Road,1,"Trafficway, On Road",CT0009300,New Haven PD,44060,45:32.0,C,Closed,01:10.0,,2,20800,3,PRINCIPAL ARTERIAL - OTHER - NEW HPMS,2,Urban
991345,1,Complete,991345,991345,41.31043,-72.92263,3486538,New Haven,93,93,New Haven,11/4/2022,2022,11,November,4,6,Friday,16:04:00,16,22037337,A,1,,Pedestrian,"Injury of any type (Serious, Minor, Possible)",C,Possible Injury (C),1,2,4,Local,0,656,WHITNEY AV,WHITNEY AV,CHURCH ST,,,,,41.31043,-72.92263,9,Pedestrian,88,Not Applicable,1,On Roadway,1,Clear,88,Not Applicable,1,Daylight,1,Dry,0,None,88,Not Applicable,88,Not Applicable,0,None,88,Not Applicable,88,Not Applicable,3,Intersection-Related,2,Four-Way Intersection,1,No,1,No,88,Not Applicable,88,Not Applicable,88,Not Applicable,88,Not Applicable,FALSE,1,Public Road,1,"Trafficway, On Road",CT0009300,New Haven PD,221,53:32.0,C,Closed,01:12.0,,2,8400,3,PRINCIPAL ARTERIAL - OTHER - NEW HPMS,2,Urban
991348,1,Complete,991348,991348,41.3035,-72.92371,3486541,New Haven,93,93,New Haven,11/7/2022,2022,11,November,7,2,Monday,16:57:00,16,22037690,A,2,,Motor Vehicle In Motion,"Injury of any type (Serious, Minor, Possible)",B,Suspected Minor Injury (B),0,0,4,Local,1.45,575,STATE ST,STATE ST,CROWN ST,,,,,41.3035,-72.92371,14,Motor Vehicle in Operation,97,Other,1,On Roadway,1,Clear,88,Not Applicable,1,Daylight,1,Dry,0,None,88,Not Applicable,88,Not Applicable,0,None,88,Not Applicable,88,Not Applicable,2,Intersection,2,Four-Way Intersection,1,No,1,No,88,Not Applicable,88,Not Applicable,88,Not Applicable,88,Not Applicable,FALSE,1,Public Road,1,"Trafficway, On Road",CT0009300,New Haven PD,43688,52:09.0,C,Closed,01:12.0,,,,,,,
991353,1,Complete,991353,991353,41.32743,-72.93512,3486546,New Haven,93,93,New Haven,11/8/2022,2022,11,November,8,3,Tuesday,15:49:00,15,22037789,A,2,,Motor Vehicle In Motion,"Injury of any type (Serious, Minor, Possible)",C,Possible Injury (C),0,0,4,Local,1.03,152,DIXWELL AV,DIXWELL AV,,HARDING PL,25,Feet,E,41.32743,-72.93512,14,Motor Vehicle in Operation,3,Angle,1,On Roadway,1,Clear,88,Not Applicable,1,Daylight,1,Dry,0,None,88,Not Applicable,88,Not Applicable,0,None,88,Not Applicable,88,Not Applicable,1,Non-Junction,1,Not at Intersection,1,No,1,No,88,Not Applicable,88,Not Applicable,88,Not Applicable,88,Not Applicable,TRUE,1,Public Road,1,"Trafficway, On Road",CT0009300,New Haven PD,30,36:53.0,C,Closed,01:07.0,NONE,,,,,,
991806,1,Complete,991806,991806,41.308972,-72.93388,3486997,New Haven,93,93,New Haven,11/1/2022,2022,11,November,1,3,Tuesday,9:33:00,9,22036935,A,2,,Motor Vehicle In Motion,"Injury of any type (Serious, Minor, Possible)",C,Possible Injury (C),0,0,4,Local,2.24,97,CHAPEL ST,CHAPEL ST,,PARK ST,100,Feet,W,41.308972,-72.93388,14,Motor Vehicle in Operation,1,Front to rear,1,On Roadway,1,Clear,88,Not Applicable,1,Daylight,1,Dry,0,None,88,Not Applicable,88,Not Applicable,0,None,88,Not Applicable,88,Not Applicable,1,Non-Junction,1,Not at Intersection,1,No,1,No,88,Not Applicable,88,Not Applicable,88,Not Applicable,88,Not Applicable,FALSE,1,Public Road,1,"Trafficway, On Road",CT0009300,New Haven PD,465,33:42.0,C,Closed,00:32.0,,,,,,,