CrashId,Fatal Case Status,Fatal Case Status Text Format,CrashId,CrashId,Latitude,Longitude,DOT Case Number,Town Name,Town Number,Town Number,Town Number Text Format,Date Of Crash,Year,Month,Month Text Format,Day,Day of the Week,Day of the Week Text Format,Time of Crash,Hour of the Day,Case Identifier,Crash Severity,Number Of Motor Vehicles,Motor vehicle action,Most harmful event,Crash Severity Text Format,Most Severe Injury,Most Severe Injury Text Format,Number Of Non-Motorist,Number Of Witnesses,Route Class,Route Class Text Format,Milemarker,Road Number,Road Description,Roadway Name,Intersecting Roadway Name,Landmark Description,Distance From Nearest Landmark,Unit Of Measure From Nearest Landmark,Direction From Nearest Landmark,Latitude,Longitude,First Harmful Event,First Harmful Event Text Format,Manner of Crash / Collision Impact,Manner of Crash / Collision Impact Text Format,Location of First Harmful Event,Location of First Harmful Event Text Format,Weather Condition,Weather Condition Text Format,Weather 2,Weather 2 Text Format,Light Condition,Light Condition Text Format,Road Surface Condition,Road Surface Condition Text Format,"Contributing Circumstances, Environment","Contributing Circumstances, Environment Text Format",Environment 2,Environment 2 Text Format,Environment 3,Environment 3 Text Format,"Contributing Circumstances, Road","Contributing Circumstances, Road Text Format",Road 2,Road 2 Text Format,Road 3,Road 3 Text Format,Crash Specific Location,Crash Specific Location Text Format,Type of Intersection,Type of Intersection Text Format,School Bus Related,School Bus Related Text Format,Work Zone Related,Work Zone Related Text Format,Location Of Crash Relative To Work Zone,Location Of Crash Relative To Work Zone Text Format,Type of Work Zone,Type of Work Zone Text Format,Worker Presence,Worker Presence Text Format,Law Enforcement Presence,Law Enforcement Presence Text Format,Were Vehicles Moved Prior To Police Arrival,Trafficway Ownership,Trafficway Ownership Text Format,Trafficway Class,Trafficway Class Text Format,Police Agency,Police Agency Text Format,Badge Number,Approval Date,Police Case Status,Police Case Status Text Format,Crash Report Submission Date,Related Case Identifiers,No. of Through Lanes (Log Dir.),Average Daily Traffic,Functional Classification,Functional Classification Text Format,Rural or Urban,Rural or Urban Text Format
997188,1,Complete,997188,997188,41.294184,-72.933487,3492379,New Haven,93,93,New Haven,11/20/2022,2022,11,November,20,1,Sunday,13:59:00,13,22039266,A,2,,Motor Vehicle In Motion,"Injury of any type (Serious, Minor, Possible)",C,Possible Injury (C),0,0,4,Local,0.31,571,SPRING ST,SPRING ST,,HOWARD AVE,100,Feet,W,41.294184,-72.933487,14,Motor Vehicle in Operation,1,Front to rear,1,On Roadway,1,Clear,88,Not Applicable,1,Daylight,1,Dry,0,None,88,Not Applicable,88,Not Applicable,0,None,88,Not Applicable,88,Not Applicable,2,Intersection,2,Four-Way Intersection,1,No,1,No,88,Not Applicable,88,Not Applicable,88,Not Applicable,88,Not Applicable,TRUE,1,Public Road,1,"Trafficway, On Road",CT0009300,New Haven PD,295,32:10.0,C,Closed,01:34.0,,,,,,,
997196,1,Complete,997196,997196,41.299271,-72.925544,3492387,New Haven,93,93,New Haven,11/25/2022,2022,11,November,25,6,Friday,14:27:00,14,22039998,A,2,,Motor Vehicle In Motion,"Injury of any type (Serious, Minor, Possible)",C,Possible Injury (C),0,0,2,USRoute,48.11,1,1-N,1-N,MEADOW ST,,,,,41.299271,-72.925544,14,Motor Vehicle in Operation,3,Angle,1,On Roadway,1,Clear,88,Not Applicable,1,Daylight,1,Dry,0,None,88,Not Applicable,88,Not Applicable,0,None,88,Not Applicable,88,Not Applicable,2,Intersection,3,T-Intersection,1,No,1,No,88,Not Applicable,88,Not Applicable,88,Not Applicable,88,Not Applicable,FALSE,1,Public Road,1,"Trafficway, On Road",CT0009300,New Haven PD,42043,36:38.0,C,Closed,01:21.0,,2,11700,3,PRINCIPAL ARTERIAL - OTHER - NEW HPMS,2,Urban
997204,1,Complete,997204,997204,41.32027,-72.970031,3492395,New Haven,93,93,New Haven,11/26/2022,2022,11,November,26,7,Saturday,0:17:00,0,22040077,A,2,,Motor Vehicle In Motion,"Injury of any type (Serious, Minor, Possible)",A,Suspected Serious Injury (A),0,0,3,State,2.88,122,122-N,122-N,EDGEWOOD WAY,,,,,41.32027,-72.970031,14,Motor Vehicle in Operation,2,Front to front,1,On Roadway,1,Clear,88,Not Applicable,4,Dark-Lighted,1,Dry,0,None,88,Not Applicable,88,Not Applicable,0,None,88,Not Applicable,88,Not Applicable,2,Intersection,2,Four-Way Intersection,1,No,1,No,88,Not Applicable,88,Not Applicable,88,Not Applicable,88,Not Applicable,FALSE,1,Public Road,1,"Trafficway, On Road",CT0009300,New Haven PD,42051,16:57.0,C,Closed,01:34.0,22040077,1,11800,4,MINOR ARTERIAL - NEW HPMS,1,Rural
997208,1,Complete,997208,997208,41.2985,-72.89245,3492399,New Haven,93,93,New Haven,11/26/2022,2022,11,November,26,7,Saturday,15:24:00,15,22040116,A,2,,Motor Vehicle In Motion,"Injury of any type (Serious, Minor, Possible)",C,Possible Injury (C),0,0,4,Local,0.28,210,FARREN AV,FARREN AV,LANCRAFT ST,,,,,41.2985,-72.89245,14,Motor Vehicle in Operation,1,Front to rear,1,On Roadway,1,Clear,88,Not Applicable,1,Daylight,1,Dry,0,None,88,Not Applicable,88,Not Applicable,0,None,88,Not Applicable,88,Not Applicable,2,Intersection,2,Four-Way Intersection,1,No,1,No,88,Not Applicable,88,Not Applicable,88,Not Applicable,88,Not Applicable,FALSE,1,Public Road,1,"Trafficway, On Road",CT0009300,New Haven PD,43776,13:08.0,C,Closed,01:36.0,,,,,,,
997215,1,Complete,997215,997215,41.2893721,-72.8908248,3492406,New Haven,93,93,New Haven,11/27/2022,2022,11,November,27,1,Sunday,12:08:00,12,22040208,A,1,,Fell/Jumped From Vehicle,"Injury of any type (Serious, Minor, Possible)",A,Suspected Serious Injury (A),0,2,3,State,0.01,916,916-E,916-E,,TOWNSEND AVE,500,Feet,E,41.2893721,-72.8908248,6,Fell/Jumped from Vehicle,88,Not Applicable,1,On Roadway,2,Cloudy,88,Not Applicable,1,Daylight,1,Dry,0,None,88,Not Applicable,88,Not Applicable,0,None,88,Not Applicable,88,Not Applicable,1,Non-Junction,1,Not at Intersection,1,No,1,No,88,Not Applicable,88,Not Applicable,88,Not Applicable,88,Not Applicable,TRUE,1,Public Road,1,"Trafficway, On Road",CT0009300,New Haven PD,42055,25:33.0,O,Open,01:38.0,,1,100,3,PRINCIPAL ARTERIAL - OTHER - NEW HPMS,2,Urban
997217,1,Complete,997217,997217,41.3056,-72.93603,3492408,New Haven,93,93,New Haven,11/27/2022,2022,11,November,27,1,Sunday,15:57:00,15,22040230,A,2,,Motor Vehicle In Motion,"Injury of any type (Serious, Minor, Possible)",C,Possible Injury (C),0,0,4,Local,0.08,565,SOUTH FRONTAGE RD-RT 34,SOUTH FRONTAGE RD-RT 34,PARK ST,,,,,41.3056,-72.93603,14,Motor Vehicle in Operation,1,Front to rear,1,On Roadway,4,Rain,88,Not Applicable,1,Daylight,2,Wet,0,None,88,Not Applicable,88,Not Applicable,0,None,88,Not Applicable,88,Not Applicable,2,Intersection,2,Four-Way Intersection,1,No,1,No,88,Not Applicable,88,Not Applicable,88,Not Applicable,88,Not Applicable,FALSE,1,Public Road,1,"Trafficway, On Road",CT0009300,New Haven PD,44052,00:32.0,C,Closed,01:41.0,,,,,,,
997220,1,Complete,997220,997220,41.31753,-72.9295,3492411,New Haven,93,93,New Haven,11/27/2022,2022,11,November,27,1,Sunday,21:01:00,21,22040253,A,2,,Motor Vehicle In Motion,"Injury of any type (Serious, Minor, Possible)",C,Possible Injury (C),0,0,4,Local,0.12,631,WEBSTER ST,WEBSTER ST,ASHMUN ST NO 2,,,,,41.31753,-72.9295,14,Motor Vehicle in Operation,3,Angle,1,On Roadway,4,Rain,88,Not Applicable,4,Dark-Lighted,2,Wet,1,Weather Conditions,88,Not Applicable,88,Not Applicable,0,None,88,Not Applicable,88,Not Applicable,2,Intersection,2,Four-Way Intersection,1,No,1,No,88,Not Applicable,88,Not Applicable,88,Not Applicable,88,Not Applicable,TRUE,1,Public Road,1,"Trafficway, On Road",CT0009300,New Haven PD,42054,43:43.0,O,Open,01:41.0,,,,,,,
997823,1,Complete,997823,997823,41.31839,-72.933861,3493014,New Haven,93,93,New Haven,11/19/2022,2022,11,November,19,7,Saturday,22:01:00,22,22039229,A,2,,Motor Vehicle In Motion,"Injury of any type (Serious, Minor, Possible)",C,Possible Injury (C),0,0,4,Local,0.39,152,DIXWELL AV,DIXWELL AV,,FOOTE ST,100,Feet,N,41.31839,-72.933861,14,Motor Vehicle in Operation,1,Front to rear,1,On Roadway,1,Clear,88,Not Applicable,4,Dark-Lighted,1,Dry,0,None,88,Not Applicable,88,Not Applicable,0,None,88,Not Applicable,88,Not Applicable,1,Non-Junction,1,Not at Intersection,1,No,1,No,88,Not Applicable,88,Not Applicable,88,Not Applicable,88,Not Applicable,FALSE,1,Public Road,1,"Trafficway, On Road",CT0009300,New Haven PD,41103,09:46.0,C,Closed,00:12.0,,,,,,,
997827,1,Complete,997827,997827,41.312866,-72.932548,3493018,New Haven,93,93,New Haven,11/27/2022,2022,11,November,27,1,Sunday,16:50:00,16,22040223,A,1,,Pedestrian,"Injury of any type (Serious, Minor, Possible)",C,Possible Injury (C),1,2,4,Local,0.17,68,BROADWAY,BROADWAY,TOWER PKWY,,,,,41.312866,-72.932548,9,Pedestrian,88,Not Applicable,1,On Roadway,4,Rain,88,Not Applicable,4,Dark-Lighted,2,Wet,0,None,88,Not Applicable,88,Not Applicable,0,None,88,Not Applicable,88,Not Applicable,2,Intersection,6,Traffic Circle,1,No,1,No,88,Not Applicable,88,Not Applicable,88,Not Applicable,88,Not Applicable,FALSE,1,Public Road,1,"Trafficway, On Road",CT0009300,New Haven PD,40804,02:07.0,C,Closed,00:14.0,,2,9600,3,PRINCIPAL ARTERIAL - OTHER - NEW HPMS,2,Urban
997829,1,Complete,997829,997829,41.317994,-72.93797,922328,New Haven,93,93,New Haven,11/27/2022,2022,11,November,27,1,Sunday,21:20:00,21,22040257,K,1,Unknown,Pedestrian,Fatal (Kill),K,Fatal Injury (K),1,0,4,Local,0.25,257,GOFFE ST,GOFFE ST,,ORCHARD,50,Feet,N,41.317994,-72.93797,9,Pedestrian,88,Not Applicable,1,On Roadway,4,Rain,88,Not Applicable,4,Dark-Lighted,2,Wet,99,Unknown,88,Not Applicable,88,Not Applicable,99,Unknown,88,Not Applicable,88,Not Applicable,1,Non-Junction,1,Not at Intersection,99,Unknown,1,No,88,Not Applicable,88,Not Applicable,88,Not Applicable,88,Not Applicable,FALSE,1,Public Road,1,"Trafficway, On Road",CT0009300,New Haven PD,44175,47:52.0,C,Closed,00:11.0,22040257,2,8300,4,MINOR ARTERIAL - NEW HPMS,2,Urban
999094,1,Complete,999094,999094,41.316743,-72.942041,3493294,New Haven,93,93,New Haven,11/29/2022,2022,11,November,29,3,Tuesday,7:44:00,7,22040411,A,1,,Pedestrian,"Injury of any type (Serious, Minor, Possible)",B,Suspected Minor Injury (B),1,0,,,99093,,,285 WHALLEY AVE,,,,,,41.316743,-72.942041,9,Pedestrian,88,Not Applicable,7,In Parking Lane or Zone,1,Clear,88,Not Applicable,1,Daylight,1,Dry,99,Unknown,88,Not Applicable,88,Not Applicable,99,Unknown,88,Not Applicable,88,Not Applicable,97,Other,1,Not at Intersection,1,No,1,No,88,Not Applicable,88,Not Applicable,88,Not Applicable,88,Not Applicable,TRUE,88,Not Applicable,4,Parking Lot,CT0009300,New Haven PD,359,52:36.0,O,Open,01:11.0,,,,,,,
999099,1,Complete,999099,999099,41.3014,-72.91548,3493299,New Haven,93,93,New Haven,11/29/2022,2022,11,November,29,3,Tuesday,16:09:00,16,22040501,A,2,,Motor Vehicle In Motion,"Injury of any type (Serious, Minor, Possible)",C,Possible Injury (C),0,0,4,Local,0,238,FRANKLIN ST NO 1,FRANKLIN ST NO 1,CHESTNUT ST NO 1,,,,,41.3014,-72.91548,14,Motor Vehicle in Operation,1,Front to rear,1,On Roadway,1,Clear,88,Not Applicable,4,Dark-Lighted,1,Dry,0,None,88,Not Applicable,88,Not Applicable,0,None,88,Not Applicable,88,Not Applicable,3,Intersection-Related,4,Y-Intersection,1,No,1,No,88,Not Applicable,88,Not Applicable,88,Not Applicable,88,Not Applicable,TRUE,1,Public Road,1,"Trafficway, On Road",CT0009300,New Haven PD,97,52:12.0,C,Closed,01:18.0,,,,,,,
999104,1,Complete,999104,999104,41.3211716,-72.8743068,3493304,New Haven,93,93,New Haven,11/29/2022,2022,11,November,29,3,Tuesday,19:51:00,19,22040558,A,1,,Pedestrian,"Injury of any type (Serious, Minor, Possible)",C,Possible Injury (C),1,0,,,,,,QUINNIPIAC AVE,FOXON BLVD,,,,,41.3211716,-72.8743068,9,Pedestrian,88,Not Applicable,99,Unknown,1,Clear,88,Not Applicable,4,Dark-Lighted,1,Dry,0,None,88,Not Applicable,88,Not Applicable,0,None,88,Not Applicable,88,Not Applicable,1,Non-Junction,1,Not at Intersection,1,No,1,No,88,Not Applicable,88,Not Applicable,88,Not Applicable,88,Not Applicable,FALSE,2,Private Road,4,Parking Lot,CT0009300,New Haven PD,40807,52:56.0,O,Open,01:19.0,,,,,,,
999502,1,Complete,999502,999502,41.30084,-72.91835,3493701,New Haven,93,93,New Haven,10/24/2022,2022,10,October,24,2,Monday,13:19:00,13,22035906,A,2,,Motor Vehicle In Motion,"Injury of any type (Serious, Minor, Possible)",C,Possible Injury (C),0,0,2,USRoute,48.57,1,1-N,1-N,BREWERY ST,,,,,41.30084,-72.91835,14,Motor Vehicle in Operation,3,Angle,1,On Roadway,4,Rain,88,Not Applicable,1,Daylight,2,Wet,99,Unknown,88,Not Applicable,88,Not Applicable,5,"Road Surface Condition (wet, icy, snow, slush, etc.)",88,Not Applicable,88,Not Applicable,2,Intersection,2,Four-Way Intersection,1,No,1,No,88,Not Applicable,88,Not Applicable,88,Not Applicable,88,Not Applicable,FALSE,1,Public Road,1,"Trafficway, On Road",CT0009300,New Haven PD,44065,15:40.0,C,Closed,00:26.0,,1,9100,3,PRINCIPAL ARTERIAL - OTHER - NEW HPMS,1,Rural
999504,1,Complete,999504,999504,41.307871,-72.946047,3493703,New Haven,93,93,New Haven,11/19/2022,2022,11,November,19,7,Saturday,0:59:00,0,22039149,A,2,,Overturn/Rollover,"Injury of any type (Serious, Minor, Possible)",C,Possible Injury (C),0,0,4,Local,0.14,556,SHERMAN AV,SHERMAN AV,,SCRANTON ST,100,Feet,N,41.307871,-72.946047,14,Motor Vehicle in Operation,2,Front to front,1,On Roadway,1,Clear,88,Not Applicable,4,Dark-Lighted,1,Dry,0,None,88,Not Applicable,88,Not Applicable,0,None,88,Not Applicable,88,Not Applicable,1,Non-Junction,1,Not at Intersection,1,No,1,No,88,Not Applicable,88,Not Applicable,88,Not Applicable,88,Not Applicable,FALSE,1,Public Road,1,"Trafficway, On Road",CT0009300,New Haven PD,39,30:53.0,C,Closed,21:48.0,22039149,,,,,,
999506,1,Complete,999506,999506,41.303757,-72.902556,3493705,New Haven,93,93,New Haven,11/23/2022,2022,11,November,23,4,Wednesday,11:59:00,11,22039767,A,2,,Motor Vehicle In Motion,"Injury of any type (Serious, Minor, Possible)",B,Suspected Minor Injury (B),0,0,4,Local,0.88,327,JAMES ST,JAMES ST,CHAPEL ST,,,,,41.303757,-72.902556,14,Motor Vehicle in Operation,2,Front to front,1,On Roadway,1,Clear,88,Not Applicable,1,Daylight,1,Dry,0,None,88,Not Applicable,88,Not Applicable,0,None,88,Not Applicable,88,Not Applicable,2,Intersection,2,Four-Way Intersection,1,No,1,No,88,Not Applicable,88,Not Applicable,88,Not Applicable,88,Not Applicable,FALSE,1,Public Road,1,"Trafficway, On Road",CT0009300,New Haven PD,193,39:27.0,O,Open,21:44.0,,,,,,,
999507,1,Complete,999507,999507,41.3141,-72.93991,3493706,New Haven,93,93,New Haven,11/25/2022,2022,11,November,25,6,Friday,12:30:00,12,22039987,A,2,,Motor Vehicle In Motion,"Injury of any type (Serious, Minor, Possible)",C,Possible Injury (C),0,0,4,Local,0.9,453,ORCHARD ST,ORCHARD ST,ELM ST NO 1,,,,,41.3141,-72.93991,14,Motor Vehicle in Operation,3,Angle,1,On Roadway,1,Clear,88,Not Applicable,1,Daylight,1,Dry,0,None,88,Not Applicable,88,Not Applicable,0,None,88,Not Applicable,88,Not Applicable,2,Intersection,2,Four-Way Intersection,1,No,1,No,88,Not Applicable,88,Not Applicable,88,Not Applicable,88,Not Applicable,FALSE,1,Public Road,1,"Trafficway, On Road",CT0009300,New Haven PD,40793,31:20.0,O,Open,21:38.0,,2,4200,4,MINOR ARTERIAL - NEW HPMS,2,Urban
999508,1,Complete,999508,999508,41.280982,-72.930689,3493707,New Haven,93,93,New Haven,11/27/2022,2022,11,November,27,1,Sunday,15:32:00,15,22040219,A,2,,Motor Vehicle In Motion,"Injury of any type (Serious, Minor, Possible)",B,Suspected Minor Injury (B),0,0,4,Local,0.24,568,SOUTH WATER ST,SOUTH WATER ST,,HOWARD AVE,600,Feet,W,41.280982,-72.930689,14,Motor Vehicle in Operation,2,Front to front,1,On Roadway,4,Rain,88,Not Applicable,1,Daylight,2,Wet,1,Weather Conditions,2,Visual Obstruction(s),97,Other,0,None,88,Not Applicable,88,Not Applicable,1,Non-Junction,1,Not at Intersection,1,No,1,No,88,Not Applicable,88,Not Applicable,88,Not Applicable,88,Not Applicable,FALSE,1,Public Road,1,"Trafficway, On Road",CT0009300,New Haven PD,737,32:56.0,C,Closed,21:44.0,,,,,,,
999512,1,Complete,999512,999512,41.307264,-72.92182,3493711,New Haven,93,93,New Haven,11/29/2022,2022,11,November,29,3,Tuesday,19:05:00,19,22040606,A,2,,Motor Vehicle In Motion,"Injury of any type (Serious, Minor, Possible)",C,Possible Injury (C),0,0,4,Local,0.69,726,ELM ST NO 2,ELM ST NO 2,,STATE ST,75,Feet,W,41.307264,-72.92182,14,Motor Vehicle in Operation,3,Angle,1,On Roadway,1,Clear,88,Not Applicable,1,Daylight,1,Dry,0,None,88,Not Applicable,88,Not Applicable,0,None,88,Not Applicable,88,Not Applicable,1,Non-Junction,1,Not at Intersection,1,No,1,No,88,Not Applicable,88,Not Applicable,88,Not Applicable,88,Not Applicable,TRUE,1,Public Road,1,"Trafficway, On Road",CT0009300,New Haven PD,40790,45:50.0,C,Closed,21:41.0,,,,,,,
999514,1,Complete,999514,999514,41.323059,-72.922035,3493713,New Haven,93,93,New Haven,11/30/2022,2022,11,November,30,4,Wednesday,15:21:00,15,22040633,A,2,,Motor Vehicle In Motion,"Injury of any type (Serious, Minor, Possible)",C,Possible Injury (C),0,0,,,,,,409 PROSPECT ST,,DIVISION ST,200,Feet,S,41.323059,-72.922035,14,Motor Vehicle in Operation,1,Front to rear,1,On Roadway,4,Rain,88,Not Applicable,1,Daylight,2,Wet,0,None,88,Not Applicable,88,Not Applicable,0,None,88,Not Applicable,88,Not Applicable,1,Non-Junction,1,Not at Intersection,1,No,1,No,88,Not Applicable,88,Not Applicable,88,Not Applicable,88,Not Applicable,TRUE,1,Public Road,1,"Trafficway, On Road",CT0009300,New Haven PD,30,40:04.0,C,Closed,21:43.0,NONE,,,,,,
999668,1,Complete,999668,999668,41.326801,-72.964801,3493867,New Haven,93,93,New Haven,12/1/2022,2022,12,December,1,5,Thursday,14:50:00,14,22040773,A,3,,Motor Vehicle In Motion,"Injury of any type (Serious, Minor, Possible)",B,Suspected Minor Injury (B),0,0,3,State,6.39,243,243-E,243-E,BARNETT ST,,,,,41.326801,-72.964801,14,Motor Vehicle in Operation,3,Angle,1,On Roadway,1,Clear,88,Not Applicable,1,Daylight,1,Dry,2,Visual Obstruction(s),88,Not Applicable,88,Not Applicable,0,None,88,Not Applicable,88,Not Applicable,2,Intersection,3,T-Intersection,1,No,1,No,88,Not Applicable,88,Not Applicable,88,Not Applicable,88,Not Applicable,FALSE,1,Public Road,1,"Trafficway, On Road",CT0009300,New Haven PD,170,38:05.0,C,Closed,00:45.0,,1,10500,4,MINOR ARTERIAL - NEW HPMS,1,Rural
999670,1,Complete,999670,999670,41.30356,-72.90869,3493869,New Haven,93,93,New Haven,12/1/2022,2022,12,December,1,5,Thursday,16:57:00,16,22040784,A,1,,Pedestrian,"Injury of any type (Serious, Minor, Possible)",A,Suspected Serious Injury (A),1,0,4,Local,0.84,97,CHAPEL ST,CHAPEL ST,,EASTSTREET,100,Feet,E,41.30356,-72.90869,9,Pedestrian,88,Not Applicable,1,On Roadway,1,Clear,88,Not Applicable,5,Dark-Not Lighted,1,Dry,0,None,88,Not Applicable,88,Not Applicable,0,None,88,Not Applicable,88,Not Applicable,1,Non-Junction,1,Not at Intersection,1,No,1,No,88,Not Applicable,88,Not Applicable,88,Not Applicable,88,Not Applicable,FALSE,1,Public Road,1,"Trafficway, On Road",CT0009300,New Haven PD,42367,53:45.0,C,Closed,00:46.0,,2,7700,4,MINOR ARTERIAL - NEW HPMS,2,Urban
999671,1,Complete,999671,999671,41.300078,-72.93495,3493870,New Haven,93,93,New Haven,12/1/2022,2022,12,December,1,5,Thursday,17:09:00,17,22040790,A,2,,Motor Vehicle In Motion,"Injury of any type (Serious, Minor, Possible)",C,Possible Injury (C),0,0,4,Local,0.45,308,HOWARD AV,HOWARD AV,,GILBERT ST,100,Feet,N,41.300078,-72.93495,14,Motor Vehicle in Operation,1,Front to rear,1,On Roadway,1,Clear,88,Not Applicable,4,Dark-Lighted,1,Dry,0,None,88,Not Applicable,88,Not Applicable,0,None,88,Not Applicable,88,Not Applicable,1,Non-Junction,1,Not at Intersection,1,No,1,No,88,Not Applicable,88,Not Applicable,88,Not Applicable,88,Not Applicable,FALSE,1,Public Road,1,"Trafficway, On Road",CT0009300,New Haven PD,428,29:46.0,C,Closed,00:46.0,,,,,,,
1000074,1,Complete,1000074,1000074,41.322034,-72.945457,3494273,New Haven,93,93,New Haven,11/28/2022,2022,11,November,28,2,Monday,19:29:00,19,22040386,A,2,,Motor Vehicle In Motion,"Injury of any type (Serious, Minor, Possible)",C,Possible Injury (C),0,0,4,Local,0.3,258,GOFFE TER,GOFFE TER,ELLSWORTH AV,,,,,41.322034,-72.945457,14,Motor Vehicle in Operation,3,Angle,1,On Roadway,1,Clear,88,Not Applicable,4,Dark-Lighted,1,Dry,0,None,88,Not Applicable,88,Not Applicable,0,None,88,Not Applicable,88,Not Applicable,2,Intersection,2,Four-Way Intersection,1,No,1,No,88,Not Applicable,88,Not Applicable,88,Not Applicable,88,Not Applicable,FALSE,1,Public Road,1,"Trafficway, On Road",CT0009300,New Haven PD,44175,23:09.0,C,Closed,01:42.0,,,,,,,
1000082,1,Complete,1000082,1000082,41.28254,-72.93796,3494281,New Haven,93,93,New Haven,12/1/2022,2022,12,December,1,5,Thursday,12:01:00,12,22040721,A,2,,Motor Vehicle In Motion,"Injury of any type (Serious, Minor, Possible)",C,Possible Injury (C),0,0,3,State,0.94,745,745-E,745-E,,,,,,41.28254,-72.93796,14,Motor Vehicle in Operation,1,Front to rear,1,On Roadway,1,Clear,88,Not Applicable,1,Daylight,1,Dry,0,None,88,Not Applicable,88,Not Applicable,0,None,88,Not Applicable,88,Not Applicable,2,Intersection,3,T-Intersection,1,No,1,No,88,Not Applicable,88,Not Applicable,88,Not Applicable,88,Not Applicable,FALSE,1,Public Road,1,"Trafficway, On Road",CT0009300,New Haven PD,293,24:11.0,C,Closed,01:35.0,,2,18000,4,MINOR ARTERIAL - NEW HPMS,2,Urban
1000084,1,Complete,1000084,1000084,41.308402,-72.9041209,3494283,New Haven,93,93,New Haven,12/1/2022,2022,12,December,1,5,Thursday,21:43:00,21,22040824,A,4,,Motor Vehicle In Motion,"Injury of any type (Serious, Minor, Possible)",C,Possible Injury (C),0,0,4,Local,0.97,264,GRAND AV,GRAND AV,,,,,,41.308402,-72.9041209,14,Motor Vehicle in Operation,3,Angle,1,On Roadway,1,Clear,88,Not Applicable,4,Dark-Lighted,1,Dry,0,None,88,Not Applicable,88,Not Applicable,0,None,88,Not Applicable,88,Not Applicable,2,Intersection,2,Four-Way Intersection,1,No,1,No,88,Not Applicable,88,Not Applicable,88,Not Applicable,88,Not Applicable,FALSE,1,Public Road,1,"Trafficway, On Road",CT0009300,New Haven PD,42046,53:35.0,C,Closed,01:28.0,,,,,,,
1000085,1,Complete,1000085,1000085,41.296822,-72.948198,3494284,New Haven,93,93,New Haven,12/1/2022,2022,12,December,1,5,Thursday,22:13:00,22,22040825,A,2,,Motor Vehicle In Motion,"Injury of any type (Serious, Minor, Possible)",C,Possible Injury (C),0,0,3,State,1.42,10,10-N,10-N,,COLLUMBUS AVE,200,Feet,N,41.296822,-72.948198,14,Motor Vehicle in Operation,5,"Sideswipe, opposite direction",1,On Roadway,1,Clear,88,Not Applicable,5,Dark-Not Lighted,5,Ice / Frost,1,Weather Conditions,88,Not Applicable,88,Not Applicable,5,"Road Surface Condition (wet, icy, snow, slush, etc.)",88,Not Applicable,88,Not Applicable,1,Non-Junction,1,Not at Intersection,1,No,1,No,88,Not Applicable,88,Not Applicable,88,Not Applicable,88,Not Applicable,FALSE,1,Public Road,1,"Trafficway, On Road",CT0009300,New Haven PD,428,57:48.0,C,Closed,01:46.0,,2,20300,3,PRINCIPAL ARTERIAL - OTHER - NEW HPMS,2,Urban
1000087,1,Complete,1000087,1000087,41.306038,-72.946899,3494286,New Haven,93,93,New Haven,12/2/2022,2022,12,December,2,6,Friday,7:43:00,7,22040850,A,3,,Motor Vehicle In Motion,"Injury of any type (Serious, Minor, Possible)",C,Possible Injury (C),0,0,4,Local,0.29,360,LEGION AV-RT 34,LEGION AV-RT 34,WINTHROP AV NO 1,,,,,41.306038,-72.946899,14,Motor Vehicle in Operation,1,Front to rear,1,On Roadway,1,Clear,88,Not Applicable,1,Daylight,1,Dry,0,None,88,Not Applicable,88,Not Applicable,0,None,88,Not Applicable,88,Not Applicable,2,Intersection,2,Four-Way Intersection,1,No,1,No,88,Not Applicable,88,Not Applicable,88,Not Applicable,88,Not Applicable,FALSE,1,Public Road,1,"Trafficway, On Road",CT0009300,New Haven PD,137,00:21.0,C,Closed,01:31.0,,,,,,,
1000093,1,Complete,1000093,1000093,41.30756,-72.90995,3494292,New Haven,93,93,New Haven,12/2/2022,2022,12,December,2,6,Friday,15:50:00,15,22040913,A,2,,Motor Vehicle In Motion,"Injury of any type (Serious, Minor, Possible)",C,Possible Injury (C),0,0,4,Local,0.59,165,EAST ST,EAST ST,,,,,,41.30756,-72.90995,14,Motor Vehicle in Operation,3,Angle,1,On Roadway,1,Clear,88,Not Applicable,1,Daylight,1,Dry,0,None,88,Not Applicable,88,Not Applicable,0,None,88,Not Applicable,88,Not Applicable,2,Intersection,2,Four-Way Intersection,1,No,1,No,88,Not Applicable,88,Not Applicable,88,Not Applicable,88,Not Applicable,FALSE,1,Public Road,1,"Trafficway, On Road",CT0009300,New Haven PD,322,36:00.0,C,Closed,01:40.0,,,,,,,
1000095,1,Complete,1000095,1000095,41.3089,-72.896,3494294,New Haven,93,93,New Haven,12/2/2022,2022,12,December,2,6,Friday,17:50:00,17,22040940,A,2,,Motor Vehicle In Motion,"Injury of any type (Serious, Minor, Possible)",C,Possible Injury (C),0,0,4,Local,0.53,264,GRAND AV,GRAND AV,,Ferry St,30,Feet,W,41.3089,-72.896,14,Motor Vehicle in Operation,3,Angle,1,On Roadway,1,Clear,88,Not Applicable,4,Dark-Lighted,1,Dry,0,None,88,Not Applicable,88,Not Applicable,0,None,88,Not Applicable,88,Not Applicable,1,Non-Junction,1,Not at Intersection,1,No,1,No,88,Not Applicable,88,Not Applicable,88,Not Applicable,88,Not Applicable,FALSE,1,Public Road,1,"Trafficway, On Road",CT0009300,New Haven PD,40790,21:57.0,C,Closed,01:36.0,,,,,,,