CrashId,Fatal Case Status,Fatal Case Status Text Format,CrashId,CrashId,Latitude,Longitude,DOT Case Number,Town Name,Town Number,Town Number,Town Number Text Format,Date Of Crash,Year,Month,Month Text Format,Day,Day of the Week,Day of the Week Text Format,Time of Crash,Hour of the Day,Case Identifier,Crash Severity,Number Of Motor Vehicles,Motor vehicle action,Most harmful event,Crash Severity Text Format,Most Severe Injury,Most Severe Injury Text Format,Number Of Non-Motorist,Number Of Witnesses,Route Class,Route Class Text Format,Milemarker,Road Number,Road Description,Roadway Name,Intersecting Roadway Name,Landmark Description,Distance From Nearest Landmark,Unit Of Measure From Nearest Landmark,Direction From Nearest Landmark,Latitude,Longitude,First Harmful Event,First Harmful Event Text Format,Manner of Crash / Collision Impact,Manner of Crash / Collision Impact Text Format,Location of First Harmful Event,Location of First Harmful Event Text Format,Weather Condition,Weather Condition Text Format,Weather 2,Weather 2 Text Format,Light Condition,Light Condition Text Format,Road Surface Condition,Road Surface Condition Text Format,"Contributing Circumstances, Environment","Contributing Circumstances, Environment Text Format",Environment 2,Environment 2 Text Format,Environment 3,Environment 3 Text Format,"Contributing Circumstances, Road","Contributing Circumstances, Road Text Format",Road 2,Road 2 Text Format,Road 3,Road 3 Text Format,Crash Specific Location,Crash Specific Location Text Format,Type of Intersection,Type of Intersection Text Format,School Bus Related,School Bus Related Text Format,Work Zone Related,Work Zone Related Text Format,Location Of Crash Relative To Work Zone,Location Of Crash Relative To Work Zone Text Format,Type of Work Zone,Type of Work Zone Text Format,Worker Presence,Worker Presence Text Format,Law Enforcement Presence,Law Enforcement Presence Text Format,Were Vehicles Moved Prior To Police Arrival,Trafficway Ownership,Trafficway Ownership Text Format,Trafficway Class,Trafficway Class Text Format,Police Agency,Police Agency Text Format,Badge Number,Approval Date,Police Case Status,Police Case Status Text Format,Crash Report Submission Date,Related Case Identifiers,No. of Through Lanes (Log Dir.),Average Daily Traffic,Functional Classification,Functional Classification Text Format,Rural or Urban,Rural or Urban Text Format
1002472,1,Complete,1002472,1002472,41.310093,-72.918256,3496671,New Haven,93,93,New Haven,12/9/2022,2022,12,December,9,6,Friday,20:40:00,20,22041790,A,2,,Motor Vehicle In Motion,"Injury of any type (Serious, Minor, Possible)",C,Possible Injury (C),0,0,4,Local,0.9,575,STATE ST,STATE ST,,AUDUBON ST,95,Feet,N,41.310093,-72.918256,14,Motor Vehicle in Operation,1,Front to rear,1,On Roadway,1,Clear,88,Not Applicable,4,Dark-Lighted,1,Dry,0,None,88,Not Applicable,88,Not Applicable,0,None,88,Not Applicable,88,Not Applicable,1,Non-Junction,1,Not at Intersection,1,No,1,No,88,Not Applicable,88,Not Applicable,88,Not Applicable,88,Not Applicable,TRUE,1,Public Road,1,"Trafficway, On Road",CT0009300,New Haven PD,221,58:47.0,O,Open,01:59.0,,,,,,,
1002480,1,Complete,1002480,1002480,41.31267,-72.94061,3496679,New Haven,93,93,New Haven,12/10/2022,2022,12,December,10,7,Saturday,18:52:00,18,22041878,A,2,,Motor Vehicle In Motion,"Injury of any type (Serious, Minor, Possible)",C,Possible Injury (C),0,0,4,Local,0.8,453,ORCHARD ST,ORCHARD ST,,EDGEWOOD AVE,75,Feet,N,41.31267,-72.94061,14,Motor Vehicle in Operation,1,Front to rear,1,On Roadway,1,Clear,88,Not Applicable,4,Dark-Lighted,1,Dry,0,None,88,Not Applicable,88,Not Applicable,0,None,88,Not Applicable,88,Not Applicable,1,Non-Junction,1,Not at Intersection,1,No,1,No,88,Not Applicable,88,Not Applicable,88,Not Applicable,88,Not Applicable,FALSE,1,Public Road,1,"Trafficway, On Road",CT0009300,New Haven PD,40788,18:57.0,C,Closed,02:20.0,,,,,,,
1002482,1,Complete,1002482,1002482,41.327398,-72.877227,3496681,New Haven,93,93,New Haven,12/10/2022,2022,12,December,10,7,Saturday,20:10:00,20,22041881,A,1,,Pedestrian,"Injury of any type (Serious, Minor, Possible)",C,Possible Injury (C),1,0,4,Local,0.01,652,WEYBOSSET ST,WEYBOSSET ST,,FLINT ST,40,Feet,N,41.327398,-72.877227,9,Pedestrian,88,Not Applicable,1,On Roadway,1,Clear,88,Not Applicable,4,Dark-Lighted,1,Dry,0,None,88,Not Applicable,88,Not Applicable,0,None,88,Not Applicable,88,Not Applicable,11,Through Roadway,1,Not at Intersection,1,No,1,No,88,Not Applicable,88,Not Applicable,88,Not Applicable,88,Not Applicable,FALSE,1,Public Road,1,"Trafficway, On Road",CT0009300,New Haven PD,40793,07:59.0,C,Closed,02:08.0,,2,1292,7,LOCAL - NEW HPMS,2,Urban
1002483,1,Complete,1002483,1002483,41.31435,-72.95134,3496682,New Haven,93,93,New Haven,12/10/2022,2022,12,December,10,7,Saturday,20:51:00,20,22041885,A,2,,Motor Vehicle In Motion,"Injury of any type (Serious, Minor, Possible)",C,Possible Injury (C),0,0,3,State,2.69,10,10-N,10-N,,STANLEY ST,100,Feet,N,41.31435,-72.95134,14,Motor Vehicle in Operation,1,Front to rear,1,On Roadway,1,Clear,88,Not Applicable,4,Dark-Lighted,1,Dry,0,None,88,Not Applicable,88,Not Applicable,0,None,88,Not Applicable,88,Not Applicable,1,Non-Junction,1,Not at Intersection,1,No,1,No,88,Not Applicable,88,Not Applicable,88,Not Applicable,88,Not Applicable,FALSE,1,Public Road,1,"Trafficway, On Road",CT0009300,New Haven PD,39,59:05.0,C,Closed,02:10.0,,1,16900,3,PRINCIPAL ARTERIAL - OTHER - NEW HPMS,1,Rural
1002490,1,Complete,1002490,1002490,41.30591797,-72.94692812,3496689,New Haven,93,93,New Haven,12/11/2022,2022,12,December,11,1,Sunday,12:00:00,12,22041927,A,2,,Motor Vehicle In Motion,"Injury of any type (Serious, Minor, Possible)",C,Possible Injury (C),0,0,4,Local,0.29,360,LEGION AV-RT 34,LEGION AV-RT 34,SHERMAN AV,,,,,41.30591797,-72.94692812,14,Motor Vehicle in Operation,3,Angle,1,On Roadway,8,Blowing Snow,88,Not Applicable,1,Daylight,2,Wet,0,None,88,Not Applicable,88,Not Applicable,0,None,88,Not Applicable,88,Not Applicable,2,Intersection,2,Four-Way Intersection,1,No,1,No,88,Not Applicable,88,Not Applicable,88,Not Applicable,88,Not Applicable,FALSE,1,Public Road,1,"Trafficway, On Road",CT0009300,New Haven PD,301,49:18.0,C,Closed,02:15.0,,,,,,,
1002491,1,Complete,1002491,1002491,41.309185,-72.933355,3496690,New Haven,93,93,New Haven,12/11/2022,2022,12,December,11,1,Sunday,13:06:00,13,22041933,A,2,,Motor Vehicle In Motion,"Injury of any type (Serious, Minor, Possible)",C,Possible Injury (C),0,0,4,Local,0.17,463,PARK ST,PARK ST,,CHAPEL ST,110,Feet,N,41.309185,-72.933355,14,Motor Vehicle in Operation,3,Angle,1,On Roadway,1,Clear,88,Not Applicable,1,Daylight,1,Dry,0,None,88,Not Applicable,88,Not Applicable,0,None,88,Not Applicable,88,Not Applicable,11,Through Roadway,1,Not at Intersection,1,No,1,No,88,Not Applicable,88,Not Applicable,88,Not Applicable,88,Not Applicable,FALSE,1,Public Road,1,"Trafficway, On Road",CT0009300,New Haven PD,40793,07:58.0,C,Closed,02:16.0,,,,,,,
1002494,1,Complete,1002494,1002494,41.316406,-72.966965,3496693,New Haven,93,93,New Haven,12/11/2022,2022,12,December,11,1,Sunday,17:00:00,17,22041953,A,2,,Motor Vehicle In Motion,"Injury of any type (Serious, Minor, Possible)",C,Possible Injury (C),0,0,4,Local,4.05,97,CHAPEL ST,CHAPEL ST,ALDEN AV,,,,,41.316406,-72.966965,14,Motor Vehicle in Operation,3,Angle,1,On Roadway,7,Snow,88,Not Applicable,4,Dark-Lighted,3,Snow,1,Weather Conditions,88,Not Applicable,88,Not Applicable,5,"Road Surface Condition (wet, icy, snow, slush, etc.)",88,Not Applicable,88,Not Applicable,2,Intersection,2,Four-Way Intersection,1,No,1,No,88,Not Applicable,88,Not Applicable,88,Not Applicable,88,Not Applicable,TRUE,1,Public Road,1,"Trafficway, On Road",CT0009300,New Haven PD,402,01:54.0,C,Closed,02:21.0,,,,,,,
1002498,1,Complete,1002498,1002498,41.3359219,-72.9437321,3496697,New Haven,93,93,New Haven,12/11/2022,2022,12,December,11,1,Sunday,17:39:00,17,22041959,A,2,,Motor Vehicle In Motion,"Injury of any type (Serious, Minor, Possible)",B,Suspected Minor Injury (B),0,0,3,State,4.68,10,10-N,10-N,,PINE ROCK AVE,1050,Feet,E,41.3359219,-72.9437321,14,Motor Vehicle in Operation,1,Front to rear,1,On Roadway,7,Snow,88,Not Applicable,4,Dark-Lighted,3,Snow,1,Weather Conditions,88,Not Applicable,88,Not Applicable,0,None,88,Not Applicable,88,Not Applicable,8,Driveway Access,1,Not at Intersection,1,No,1,No,88,Not Applicable,88,Not Applicable,88,Not Applicable,88,Not Applicable,FALSE,1,Public Road,1,"Trafficway, On Road",CT0009300,New Haven PD,40812,46:10.0,C,Closed,02:21.0,,1,10700,4,MINOR ARTERIAL - NEW HPMS,1,Rural
1003116,1,Complete,1003116,1003116,41.345363,-72.960952,3497315,New Haven,93,93,New Haven,12/10/2022,2022,12,December,10,7,Saturday,21:00:00,21,22041883,A,1,,Tree (standing),"Injury of any type (Serious, Minor, Possible)",C,Possible Injury (C),0,1,4,Local,0.16,725,WAYFARER ST,WAYFARER ST,,WILMOT RD,200,Feet,W,41.345363,-72.960952,32,Tree (standing),88,Not Applicable,1,On Roadway,1,Clear,88,Not Applicable,4,Dark-Lighted,1,Dry,0,None,88,Not Applicable,88,Not Applicable,0,None,88,Not Applicable,88,Not Applicable,1,Non-Junction,1,Not at Intersection,1,No,1,No,88,Not Applicable,88,Not Applicable,88,Not Applicable,88,Not Applicable,FALSE,1,Public Road,1,"Trafficway, On Road",CT0009300,New Haven PD,313,02:56.0,C,Closed,01:50.0,,2,762,7,LOCAL - NEW HPMS,2,Urban
1003118,1,Complete,1003118,1003118,41.30275,-72.93618,3497317,New Haven,93,93,New Haven,12/11/2022,2022,12,December,11,1,Sunday,4:27:00,4,22041903,A,3,,Motor Vehicle In Motion,"Injury of any type (Serious, Minor, Possible)",C,Possible Injury (C),0,0,4,Local,0.24,308,HOWARD AV,HOWARD AV,,CONGRESS AVE,70,Feet,E,41.30275,-72.93618,14,Motor Vehicle in Operation,1,Front to rear,1,On Roadway,1,Clear,88,Not Applicable,4,Dark-Lighted,1,Dry,0,None,88,Not Applicable,88,Not Applicable,0,None,88,Not Applicable,88,Not Applicable,1,Non-Junction,1,Not at Intersection,1,No,1,No,88,Not Applicable,88,Not Applicable,88,Not Applicable,88,Not Applicable,FALSE,1,Public Road,1,"Trafficway, On Road",CT0009300,New Haven PD,42370,19:17.0,O,Open,01:38.0,,,,,,,
1003125,1,Complete,1003125,1003125,41.316259,-72.916404,3497324,New Haven,93,93,New Haven,12/12/2022,2022,12,December,12,2,Monday,7:39:00,7,22041987,A,1,,Utility Pole,"Injury of any type (Serious, Minor, Possible)",C,Possible Injury (C),0,0,4,Local,0.2,316,HUMPHREY ST,HUMPHREY ST,,ORANGE ST,200,Feet,W,41.316259,-72.916404,33,Utility Pole/Light Support,88,Not Applicable,1,On Roadway,1,Clear,88,Not Applicable,1,Daylight,5,Ice / Frost,0,None,88,Not Applicable,88,Not Applicable,5,"Road Surface Condition (wet, icy, snow, slush, etc.)",88,Not Applicable,88,Not Applicable,1,Non-Junction,1,Not at Intersection,1,No,1,No,88,Not Applicable,88,Not Applicable,88,Not Applicable,88,Not Applicable,FALSE,1,Public Road,1,"Trafficway, On Road",CT0009300,New Haven PD,199,26:42.0,C,Closed,01:40.0,,4,5800,5,MAJOR COLLECTOR - NEW HPMS,2,Urban
1003127,1,Complete,1003127,1003127,41.320229,-72.907205,3497326,New Haven,93,93,New Haven,12/12/2022,2022,12,December,12,2,Monday,8:36:00,8,22041990,A,2,,Motor Vehicle In Motion,"Injury of any type (Serious, Minor, Possible)",C,Possible Injury (C),0,0,4,Local,0.37,666,WILLOW ST,WILLOW ST,NASH ST NO 1,,,,,41.320229,-72.907205,14,Motor Vehicle in Operation,3,Angle,1,On Roadway,2,Cloudy,88,Not Applicable,1,Daylight,4,Slush,0,None,88,Not Applicable,88,Not Applicable,0,None,88,Not Applicable,88,Not Applicable,2,Intersection,3,T-Intersection,1,No,1,No,88,Not Applicable,88,Not Applicable,88,Not Applicable,88,Not Applicable,FALSE,1,Public Road,1,"Trafficway, On Road",CT0009300,New Haven PD,32,22:12.0,C,Closed,01:43.0,,,,,,,
1003128,1,Complete,1003128,1003128,41.319119,-72.936733,3497327,New Haven,93,93,New Haven,12/12/2022,2022,12,December,12,2,Monday,8:20:00,8,22041991,A,1,,"Other Fixed Object (wall, building, tunnel, etc.)","Injury of any type (Serious, Minor, Possible)",C,Possible Injury (C),0,0,4,Local,1.28,453,ORCHARD ST,ORCHARD ST,CHARLES ST,,,,,41.319119,-72.936733,39,"Other Fixed Object (wall, building, tunnel, etc.)",88,Not Applicable,1,On Roadway,7,Snow,88,Not Applicable,1,Daylight,5,Ice / Frost,0,None,88,Not Applicable,88,Not Applicable,5,"Road Surface Condition (wet, icy, snow, slush, etc.)",88,Not Applicable,88,Not Applicable,2,Intersection,3,T-Intersection,1,No,1,No,88,Not Applicable,88,Not Applicable,88,Not Applicable,88,Not Applicable,FALSE,1,Public Road,1,"Trafficway, On Road",CT0009300,New Haven PD,991,30:29.0,C,Closed,01:45.0,,2,4200,4,MINOR ARTERIAL - NEW HPMS,2,Urban
1003139,1,Complete,1003139,1003139,41.305482,-72.884745,3497338,New Haven,93,93,New Haven,12/12/2022,2022,12,December,12,2,Monday,14:44:00,14,22042059,A,2,,Motor Vehicle In Motion,"Injury of any type (Serious, Minor, Possible)",C,Possible Injury (C),0,0,4,Local,0.15,309,HOWARD ST,HOWARD ST,,LEXINGTON AVE,20,Feet,E,41.305482,-72.884745,14,Motor Vehicle in Operation,3,Angle,1,On Roadway,1,Clear,88,Not Applicable,1,Daylight,1,Dry,0,None,88,Not Applicable,88,Not Applicable,0,None,88,Not Applicable,88,Not Applicable,3,Intersection-Related,3,T-Intersection,1,No,1,No,88,Not Applicable,88,Not Applicable,88,Not Applicable,88,Not Applicable,TRUE,1,Public Road,1,"Trafficway, On Road",CT0009300,New Haven PD,980,17:14.0,C,Closed,01:44.0,,,,,,,
1003568,1,Complete,1003568,1003568,41.33248,-72.93515,3497767,New Haven,93,93,New Haven,7/3/2022,2022,7,July,3,1,Sunday,0:15:00,0,22022093,A,1,,Unknown,"Injury of any type (Serious, Minor, Possible)",C,Possible Injury (C),0,0,4,Local,1.38,152,DIXWELL AV,DIXWELL AV,BASSETT ST,,,,,41.33248,-72.93515,1,Overturn/Rollover,88,Not Applicable,4,Roadside,1,Clear,88,Not Applicable,4,Dark-Lighted,1,Dry,0,None,88,Not Applicable,88,Not Applicable,0,None,88,Not Applicable,88,Not Applicable,2,Intersection,2,Four-Way Intersection,1,No,1,No,88,Not Applicable,88,Not Applicable,88,Not Applicable,88,Not Applicable,FALSE,1,Public Road,1,"Trafficway, On Road",CT0009300,New Haven PD,65,28:36.0,C,Closed,01:30.0,,2,15300,3,PRINCIPAL ARTERIAL - OTHER - NEW HPMS,2,Urban
1003578,1,Complete,1003578,1003578,41.29782,-72.93423,3497777,New Haven,93,93,New Haven,12/13/2022,2022,12,December,13,3,Tuesday,16:58:00,16,22042216,A,2,,Motor Vehicle In Motion,"Injury of any type (Serious, Minor, Possible)",C,Possible Injury (C),0,2,2,USRoute,47.4,1,1-N,1-N,HOWARD AV,,,,,41.29782,-72.93423,14,Motor Vehicle in Operation,3,Angle,1,On Roadway,1,Clear,88,Not Applicable,4,Dark-Lighted,1,Dry,0,None,88,Not Applicable,88,Not Applicable,0,None,88,Not Applicable,88,Not Applicable,2,Intersection,2,Four-Way Intersection,1,No,1,No,88,Not Applicable,88,Not Applicable,88,Not Applicable,88,Not Applicable,FALSE,1,Public Road,1,"Trafficway, On Road",CT0009300,New Haven PD,40818,12:16.0,C,Closed,01:35.0,,1,8400,3,PRINCIPAL ARTERIAL - OTHER - NEW HPMS,1,Rural
1003579,1,Complete,1003579,1003579,41.30997,-72.95335,3497778,New Haven,93,93,New Haven,12/13/2022,2022,12,December,13,3,Tuesday,18:03:00,18,22042242,A,2,,Motor Vehicle In Motion,"Injury of any type (Serious, Minor, Possible)",A,Suspected Serious Injury (A),0,0,3,State,2.38,10,10-N,10-N,DERBY AV,,,,,41.30997,-72.95335,14,Motor Vehicle in Operation,1,Front to rear,1,On Roadway,1,Clear,88,Not Applicable,4,Dark-Lighted,1,Dry,0,None,88,Not Applicable,88,Not Applicable,0,None,88,Not Applicable,88,Not Applicable,2,Intersection,2,Four-Way Intersection,1,No,1,No,88,Not Applicable,88,Not Applicable,88,Not Applicable,88,Not Applicable,FALSE,1,Public Road,1,"Trafficway, On Road",CT0009300,New Haven PD,44046,12:30.0,C,Closed,01:37.0,,2,33300,3,PRINCIPAL ARTERIAL - OTHER - NEW HPMS,2,Urban
1003582,1,Complete,1003582,1003582,41.32388,-72.88151,3497781,New Haven,93,93,New Haven,12/13/2022,2022,12,December,13,3,Tuesday,21:14:00,21,22042266,A,2,,Motor Vehicle In Motion,"Injury of any type (Serious, Minor, Possible)",B,Suspected Minor Injury (B),0,0,3,State,0.22,17,17-N,17-N,80-W,,,,,41.32388,-72.88151,14,Motor Vehicle in Operation,4,"Sideswipe, same direction",1,On Roadway,1,Clear,88,Not Applicable,4,Dark-Lighted,1,Dry,0,None,88,Not Applicable,88,Not Applicable,0,None,88,Not Applicable,88,Not Applicable,2,Intersection,2,Four-Way Intersection,1,No,1,No,88,Not Applicable,88,Not Applicable,88,Not Applicable,88,Not Applicable,TRUE,1,Public Road,1,"Trafficway, On Road",CT0009300,New Haven PD,416,12:50.0,C,Closed,01:37.0,,1,21600,3,PRINCIPAL ARTERIAL - OTHER - NEW HPMS,1,Rural
1003933,1,Complete,1003933,1003933,41.301571,-72.926552,3498131,New Haven,93,93,New Haven,12/13/2022,2022,12,December,13,3,Tuesday,14:57:00,14,22042208,A,3,,Motor Vehicle In Motion,"Injury of any type (Serious, Minor, Possible)",A,Suspected Serious Injury (A),0,0,4,Local,0.07,809,REV DR MLK JR BLVD,REV DR MLK JR BLVD,,S Orange St ,60,Feet,E,41.301571,-72.926552,14,Motor Vehicle in Operation,1,Front to rear,1,On Roadway,1,Clear,88,Not Applicable,1,Daylight,1,Dry,0,None,88,Not Applicable,88,Not Applicable,0,None,88,Not Applicable,88,Not Applicable,3,Intersection-Related,2,Four-Way Intersection,1,No,1,No,88,Not Applicable,88,Not Applicable,88,Not Applicable,88,Not Applicable,FALSE,1,Public Road,1,"Trafficway, On Road",CT0009300,New Haven PD,40790,18:26.0,C,Closed,00:29.0,,,,,,,
1003935,1,Complete,1003935,1003935,41.29784,-72.93423,3498133,New Haven,93,93,New Haven,12/14/2022,2022,12,December,14,4,Wednesday,7:50:00,7,22042280,A,2,,Motor Vehicle In Motion,"Injury of any type (Serious, Minor, Possible)",C,Possible Injury (C),0,1,2,USRoute,47.4,1,1-N,1-N,HOWARD AV,,,,,41.29784,-72.93423,14,Motor Vehicle in Operation,3,Angle,1,On Roadway,1,Clear,88,Not Applicable,1,Daylight,1,Dry,0,None,88,Not Applicable,88,Not Applicable,0,None,88,Not Applicable,88,Not Applicable,2,Intersection,2,Four-Way Intersection,1,No,1,No,88,Not Applicable,88,Not Applicable,88,Not Applicable,88,Not Applicable,FALSE,1,Public Road,1,"Trafficway, On Road",CT0009300,New Haven PD,137,12:03.0,C,Closed,00:24.0,,1,8400,3,PRINCIPAL ARTERIAL - OTHER - NEW HPMS,1,Rural
1003936,1,Complete,1003936,1003936,41.33398,-72.97071,3498134,New Haven,93,93,New Haven,12/14/2022,2022,12,December,14,4,Wednesday,8:43:00,8,22042283,A,1,,Pedestrian,"Injury of any type (Serious, Minor, Possible)",B,Suspected Minor Injury (B),1,0,4,Local,0.44,612,VALLEY ST NO 1,VALLEY ST NO 1,VICTORY DR,,,,,41.33398,-72.97071,9,Pedestrian,88,Not Applicable,1,On Roadway,1,Clear,1,Clear,1,Daylight,1,Dry,0,None,88,Not Applicable,88,Not Applicable,0,None,88,Not Applicable,88,Not Applicable,2,Intersection,3,T-Intersection,1,No,1,No,88,Not Applicable,88,Not Applicable,88,Not Applicable,88,Not Applicable,FALSE,1,Public Road,1,"Trafficway, On Road",CT0009300,New Haven PD,10,30:46.0,C,Closed,00:27.0,,2,11500,5,MAJOR COLLECTOR - NEW HPMS,2,Urban
1003938,1,Complete,1003938,1003938,41.32883,-72.96663,3498136,New Haven,93,93,New Haven,12/14/2022,2022,12,December,14,4,Wednesday,8:43:00,8,22042290,A,2,,Motor Vehicle In Motion,"Injury of any type (Serious, Minor, Possible)",C,Possible Injury (C),0,0,3,State,0.6,63,63-N,63-N,,EMMERSON ST,250,Feet,W,41.32883,-72.96663,14,Motor Vehicle in Operation,4,"Sideswipe, same direction",1,On Roadway,1,Clear,88,Not Applicable,1,Daylight,1,Dry,0,None,88,Not Applicable,88,Not Applicable,0,None,88,Not Applicable,88,Not Applicable,1,Non-Junction,1,Not at Intersection,1,No,1,No,88,Not Applicable,88,Not Applicable,88,Not Applicable,88,Not Applicable,FALSE,1,Public Road,1,"Trafficway, On Road",CT0009300,New Haven PD,10,19:31.0,C,Closed,00:28.0,,2,20400,3,PRINCIPAL ARTERIAL - OTHER - NEW HPMS,1,Rural
1003942,1,Complete,1003942,1003942,41.3091,-72.91932,3498140,New Haven,93,93,New Haven,12/14/2022,2022,12,December,14,4,Wednesday,13:12:00,13,22042340,A,2,,Motor Vehicle In Motion,"Injury of any type (Serious, Minor, Possible)",B,Suspected Minor Injury (B),0,0,4,Local,1,575,STATE ST,STATE ST,OLIVE ST,,,,,41.3091,-72.91932,14,Motor Vehicle in Operation,3,Angle,1,On Roadway,1,Clear,88,Not Applicable,1,Daylight,1,Dry,0,None,88,Not Applicable,88,Not Applicable,0,None,88,Not Applicable,88,Not Applicable,2,Intersection,2,Four-Way Intersection,1,No,1,No,88,Not Applicable,88,Not Applicable,88,Not Applicable,88,Not Applicable,FALSE,1,Public Road,1,"Trafficway, On Road",CT0009300,New Haven PD,40790,13:50.0,C,Closed,00:34.0,,,,,,,
1003946,1,Complete,1003946,1003946,41.31439,-72.94752,3498144,New Haven,93,93,New Haven,12/14/2022,2022,12,December,14,4,Wednesday,17:14:00,17,22042367,A,2,,Motor Vehicle In Motion,"Injury of any type (Serious, Minor, Possible)",C,Possible Injury (C),0,0,4,Local,1.24,179,EDGEWOOD AV,EDGEWOOD AV,NORTON ST,,,,,41.31439,-72.94752,14,Motor Vehicle in Operation,3,Angle,1,On Roadway,1,Clear,88,Not Applicable,4,Dark-Lighted,1,Dry,0,None,88,Not Applicable,88,Not Applicable,0,None,88,Not Applicable,88,Not Applicable,3,Intersection-Related,3,T-Intersection,1,No,1,No,88,Not Applicable,88,Not Applicable,88,Not Applicable,88,Not Applicable,FALSE,1,Public Road,1,"Trafficway, On Road",CT0009300,New Haven PD,39,55:47.0,C,Closed,00:32.0,,,,,,,
1004259,1,Complete,1004259,1004259,41.33272,-72.97007,3498457,New Haven,93,93,New Haven,11/25/2022,2022,11,November,25,6,Friday,9:51:00,9,22039973,A,2,,Motor Vehicle In Motion,"Injury of any type (Serious, Minor, Possible)",C,Possible Injury (C),0,0,4,Local,0.51,612,VALLEY ST NO 1,VALLEY ST NO 1,VALLEY PL NORTH,,,,,41.33272,-72.97007,14,Motor Vehicle in Operation,1,Front to rear,1,On Roadway,4,Rain,88,Not Applicable,1,Daylight,2,Wet,1,Weather Conditions,88,Not Applicable,88,Not Applicable,0,None,88,Not Applicable,88,Not Applicable,2,Intersection,3,T-Intersection,1,No,1,No,88,Not Applicable,88,Not Applicable,88,Not Applicable,88,Not Applicable,FALSE,1,Public Road,1,"Trafficway, On Road",CT0009300,New Haven PD,200,00:35.0,C,Closed,01:16.0,,,,,,,
1004262,1,Complete,1004262,1004262,41.296651,-72.91777,3498460,New Haven,93,93,New Haven,12/12/2022,2022,12,December,12,2,Monday,8:45:00,8,22042003,A,2,,Motor Vehicle In Motion,"Injury of any type (Serious, Minor, Possible)",C,Possible Injury (C),0,0,4,Local,0.99,359,SARGENT DR,SARGENT DR,CANAL DOCK RD,,,,,41.296651,-72.91777,14,Motor Vehicle in Operation,1,Front to rear,1,On Roadway,1,Clear,88,Not Applicable,1,Daylight,2,Wet,99,Unknown,88,Not Applicable,88,Not Applicable,0,None,88,Not Applicable,88,Not Applicable,2,Intersection,2,Four-Way Intersection,1,No,1,No,88,Not Applicable,88,Not Applicable,88,Not Applicable,88,Not Applicable,TRUE,1,Public Road,1,"Trafficway, On Road",CT0009300,New Haven PD,43690,31:11.0,C,Closed,01:22.0,,,,,,,
1004263,1,Complete,1004263,1004263,41.28624,-72.93602,3498461,New Haven,93,93,New Haven,12/12/2022,2022,12,December,12,2,Monday,14:31:00,14,22042050,A,2,,Motor Vehicle In Motion,"Injury of any type (Serious, Minor, Possible)",C,Possible Injury (C),0,0,3,State,0.46,10,10-N,10-N,745-E,,,,,41.28624,-72.93602,14,Motor Vehicle in Operation,1,Front to rear,1,On Roadway,1,Clear,88,Not Applicable,1,Daylight,1,Dry,99,Unknown,88,Not Applicable,88,Not Applicable,99,Unknown,88,Not Applicable,88,Not Applicable,2,Intersection,2,Four-Way Intersection,1,No,1,No,88,Not Applicable,88,Not Applicable,88,Not Applicable,88,Not Applicable,FALSE,1,Public Road,1,"Trafficway, On Road",CT0009300,New Haven PD,43690,31:54.0,C,Closed,01:25.0,,2,18600,3,PRINCIPAL ARTERIAL - OTHER - NEW HPMS,2,Urban
1004271,1,Complete,1004271,1004271,41.318876,-72.941039,3498469,New Haven,93,93,New Haven,12/15/2022,2022,12,December,15,5,Thursday,15:03:00,15,22042449,A,2,,Motor Vehicle In Motion,"Injury of any type (Serious, Minor, Possible)",C,Possible Injury (C),0,0,4,Local,0.94,556,SHERMAN AV,SHERMAN AV,,PERCIVAL ST,100,Feet,N,41.318876,-72.941039,14,Motor Vehicle in Operation,3,Angle,1,On Roadway,2,Cloudy,88,Not Applicable,1,Daylight,1,Dry,0,None,88,Not Applicable,88,Not Applicable,0,None,88,Not Applicable,88,Not Applicable,1,Non-Junction,1,Not at Intersection,1,No,1,No,88,Not Applicable,88,Not Applicable,88,Not Applicable,88,Not Applicable,FALSE,1,Public Road,1,"Trafficway, On Road",CT0009300,New Haven PD,9,31:37.0,C,Closed,01:23.0,,,,,,,
1004274,1,Complete,1004274,1004274,41.310752,-72.953138,3498472,New Haven,93,93,New Haven,12/15/2022,2022,12,December,15,5,Thursday,18:55:00,18,22042491,A,2,,Motor Vehicle In Motion,"Injury of any type (Serious, Minor, Possible)",C,Possible Injury (C),0,0,3,State,2.42,10,10-N,10-N,,IRVING STREET,1,TenthsofMile,S,41.310752,-72.953138,14,Motor Vehicle in Operation,1,Front to rear,1,On Roadway,2,Cloudy,88,Not Applicable,4,Dark-Lighted,1,Dry,0,None,88,Not Applicable,88,Not Applicable,3,Backup Due to Regular Congestion,88,Not Applicable,88,Not Applicable,1,Non-Junction,1,Not at Intersection,1,No,1,No,88,Not Applicable,88,Not Applicable,88,Not Applicable,88,Not Applicable,FALSE,1,Public Road,1,"Trafficway, On Road",CT0009300,New Haven PD,44046,50:02.0,C,Closed,01:24.0,,2,19800,3,PRINCIPAL ARTERIAL - OTHER - NEW HPMS,2,Urban
1004775,1,Complete,1004775,1004775,41.30187,-72.93353,3498973,New Haven,93,93,New Haven,11/27/2022,2022,11,November,27,1,Sunday,17:00:00,17,22040234,A,2,,Motor Vehicle In Motion,"Injury of any type (Serious, Minor, Possible)",C,Possible Injury (C),0,0,4,Local,0.79,123,CONGRESS AV,CONGRESS AV,CEDAR ST NO 3,,,,,41.30187,-72.93353,14,Motor Vehicle in Operation,3,Angle,1,On Roadway,4,Rain,88,Not Applicable,4,Dark-Lighted,2,Wet,0,None,88,Not Applicable,88,Not Applicable,0,None,88,Not Applicable,88,Not Applicable,2,Intersection,2,Four-Way Intersection,1,No,1,No,88,Not Applicable,88,Not Applicable,88,Not Applicable,88,Not Applicable,FALSE,1,Public Road,1,"Trafficway, On Road",CT0009300,New Haven PD,293,32:59.0,C,Closed,00:38.0,,,,,,,