CrashId,Fatal Case Status,Fatal Case Status Text Format,CrashId,CrashId,Latitude,Longitude,DOT Case Number,Town Name,Town Number,Town Number,Town Number Text Format,Date Of Crash,Year,Month,Month Text Format,Day,Day of the Week,Day of the Week Text Format,Time of Crash,Hour of the Day,Case Identifier,Crash Severity,Number Of Motor Vehicles,Motor vehicle action,Most harmful event,Crash Severity Text Format,Most Severe Injury,Most Severe Injury Text Format,Number Of Non-Motorist,Number Of Witnesses,Route Class,Route Class Text Format,Milemarker,Road Number,Road Description,Roadway Name,Intersecting Roadway Name,Landmark Description,Distance From Nearest Landmark,Unit Of Measure From Nearest Landmark,Direction From Nearest Landmark,Latitude,Longitude,First Harmful Event,First Harmful Event Text Format,Manner of Crash / Collision Impact,Manner of Crash / Collision Impact Text Format,Location of First Harmful Event,Location of First Harmful Event Text Format,Weather Condition,Weather Condition Text Format,Weather 2,Weather 2 Text Format,Light Condition,Light Condition Text Format,Road Surface Condition,Road Surface Condition Text Format,"Contributing Circumstances, Environment","Contributing Circumstances, Environment Text Format",Environment 2,Environment 2 Text Format,Environment 3,Environment 3 Text Format,"Contributing Circumstances, Road","Contributing Circumstances, Road Text Format",Road 2,Road 2 Text Format,Road 3,Road 3 Text Format,Crash Specific Location,Crash Specific Location Text Format,Type of Intersection,Type of Intersection Text Format,School Bus Related,School Bus Related Text Format,Work Zone Related,Work Zone Related Text Format,Location Of Crash Relative To Work Zone,Location Of Crash Relative To Work Zone Text Format,Type of Work Zone,Type of Work Zone Text Format,Worker Presence,Worker Presence Text Format,Law Enforcement Presence,Law Enforcement Presence Text Format,Were Vehicles Moved Prior To Police Arrival,Trafficway Ownership,Trafficway Ownership Text Format,Trafficway Class,Trafficway Class Text Format,Police Agency,Police Agency Text Format,Badge Number,Approval Date,Police Case Status,Police Case Status Text Format,Crash Report Submission Date,Related Case Identifiers,No. of Through Lanes (Log Dir.),Average Daily Traffic,Functional Classification,Functional Classification Text Format,Rural or Urban,Rural or Urban Text Format
1004777,1,Complete,1004777,1004777,41.29463,-72.89336,3498975,New Haven,93,93,New Haven,12/5/2022,2022,12,December,5,2,Monday,21:53:00,21,22041291,A,1,,Ran Off Roadway Right,"Injury of any type (Serious, Minor, Possible)",B,Suspected Minor Injury (B),0,1,4,Local,0.2,95,CHAMBERLAIN ST,CHAMBERLAIN ST,FAIRMONT AV,,,,,41.29463,-72.89336,1,Overturn/Rollover,88,Not Applicable,4,Roadside,1,Clear,88,Not Applicable,4,Dark-Lighted,1,Dry,0,None,88,Not Applicable,88,Not Applicable,0,None,88,Not Applicable,88,Not Applicable,2,Intersection,4,Y-Intersection,1,No,1,No,88,Not Applicable,88,Not Applicable,88,Not Applicable,88,Not Applicable,FALSE,1,Public Road,1,"Trafficway, On Road",CT0009300,New Haven PD,44176,14:42.0,C,Closed,00:49.0,,2,12700,4,MINOR ARTERIAL - NEW HPMS,2,Urban
1004779,1,Complete,1004779,1004779,41.3121108,-72.9192386,922333,New Haven,93,93,New Haven,12/16/2022,2022,12,December,16,6,Friday,0:58:00,0,22042514,K,2,Straight Ahead,Motor Vehicle In Motion,Fatal (Kill),K,Fatal Injury (K),0,0,1,Interstate,0.53,91,91-N-134,91-N-134,ORANGE ST NO 1,,,,,41.3121108,-72.9192386,14,Motor Vehicle in Operation,3,Angle,1,On Roadway,4,Rain,88,Not Applicable,4,Dark-Lighted,2,Wet,99,Unknown,88,Not Applicable,88,Not Applicable,99,Unknown,88,Not Applicable,88,Not Applicable,2,Intersection,8,"Five-Point, or More",1,No,1,No,88,Not Applicable,88,Not Applicable,88,Not Applicable,88,Not Applicable,FALSE,1,Public Road,1,"Trafficway, On Road",CT0009300,New Haven PD,42048,09:34.0,O,Open,00:49.0,,3,101400,1,INTERSTATE - NEW HPMS,3,Unknown
1004780,1,Complete,1004780,1004780,41.325737,-72.9582,3498978,New Haven,93,93,New Haven,12/16/2022,2022,12,December,16,6,Friday,2:03:00,2,22042516,A,1,,Tree (standing),"Injury of any type (Serious, Minor, Possible)",B,Suspected Minor Injury (B),0,0,3,State,0.09,63,63-N,63-N,,W ROCK AVENUE,50,Feet,E,41.325737,-72.9582,32,Tree (standing),88,Not Applicable,4,Roadside,4,Rain,88,Not Applicable,4,Dark-Lighted,2,Wet,0,None,88,Not Applicable,88,Not Applicable,0,None,88,Not Applicable,88,Not Applicable,1,Non-Junction,1,Not at Intersection,1,No,1,No,88,Not Applicable,88,Not Applicable,88,Not Applicable,88,Not Applicable,FALSE,1,Public Road,1,"Trafficway, On Road",CT0009300,New Haven PD,42045,32:35.0,C,Closed,00:33.0,,5,23100,3,PRINCIPAL ARTERIAL - OTHER - NEW HPMS,2,Urban
1004782,1,Complete,1004782,1004782,41.29279,-72.89648,3498980,New Haven,93,93,New Haven,12/16/2022,2022,12,December,16,6,Friday,8:45:00,8,22042525,A,2,,Motor Vehicle In Motion,"Injury of any type (Serious, Minor, Possible)",B,Suspected Minor Injury (B),0,0,2,USRoute,49.91,1,1-N,1-N,CHAMBERLAIN ST,,,,,41.29279,-72.89648,14,Motor Vehicle in Operation,3,Angle,1,On Roadway,4,Rain,88,Not Applicable,1,Daylight,2,Wet,0,None,88,Not Applicable,88,Not Applicable,0,None,88,Not Applicable,88,Not Applicable,2,Intersection,3,T-Intersection,1,No,1,No,88,Not Applicable,88,Not Applicable,88,Not Applicable,88,Not Applicable,FALSE,1,Public Road,1,"Trafficway, On Road",CT0009300,New Haven PD,238,26:44.0,C,Closed,00:29.0,,2,9400,3,PRINCIPAL ARTERIAL - OTHER - NEW HPMS,2,Urban
1004787,1,Complete,1004787,1004787,41.308379,-72.931265,3498985,New Haven,93,93,New Haven,12/16/2022,2022,12,December,16,6,Friday,13:31:00,13,22042551,A,2,,Motor Vehicle In Motion,"Injury of any type (Serious, Minor, Possible)",C,Possible Injury (C),0,0,4,Local,2.1,97,CHAPEL ST,CHAPEL ST,,YORK ST,75,Feet,E,41.308379,-72.931265,14,Motor Vehicle in Operation,4,"Sideswipe, same direction",1,On Roadway,4,Rain,88,Not Applicable,1,Daylight,2,Wet,0,None,88,Not Applicable,88,Not Applicable,0,None,88,Not Applicable,88,Not Applicable,1,Non-Junction,1,Not at Intersection,1,No,1,No,88,Not Applicable,88,Not Applicable,88,Not Applicable,88,Not Applicable,TRUE,1,Public Road,1,"Trafficway, On Road",CT0009300,New Haven PD,221,17:54.0,C,Closed,00:30.0,,,,,,,
1004793,1,Complete,1004793,1004793,41.316765,-72.933364,3498991,New Haven,93,93,New Haven,12/16/2022,2022,12,December,16,6,Friday,18:09:00,18,22042601,A,2,,Motor Vehicle In Motion,"Injury of any type (Serious, Minor, Possible)",C,Possible Injury (C),0,0,4,Local,0.32,631,WEBSTER ST,WEBSTER ST,,DIXWELL AVE,75,Feet,E,41.316765,-72.933364,14,Motor Vehicle in Operation,1,Front to rear,1,On Roadway,4,Rain,88,Not Applicable,4,Dark-Lighted,2,Wet,0,None,88,Not Applicable,88,Not Applicable,0,None,88,Not Applicable,88,Not Applicable,1,Non-Junction,1,Not at Intersection,1,No,1,No,88,Not Applicable,88,Not Applicable,88,Not Applicable,88,Not Applicable,FALSE,1,Public Road,1,"Trafficway, On Road",CT0009300,New Haven PD,504,43:31.0,C,Closed,00:33.0,,,,,,,
1004801,1,Complete,1004801,1004801,41.318724,-72.899633,3498999,New Haven,93,93,New Haven,12/17/2022,2022,12,December,17,7,Saturday,9:57:00,9,22042660,A,1,,Pedestrian,"Injury of any type (Serious, Minor, Possible)",B,Suspected Minor Injury (B),1,0,1,Interstate,0,91,91-S-142,91-S-142,5-N,,,,,41.318724,-72.899633,9,Pedestrian,88,Not Applicable,1,On Roadway,1,Clear,88,Not Applicable,1,Daylight,1,Dry,0,None,88,Not Applicable,88,Not Applicable,0,None,88,Not Applicable,88,Not Applicable,2,Intersection,3,T-Intersection,1,No,1,No,88,Not Applicable,88,Not Applicable,88,Not Applicable,88,Not Applicable,FALSE,1,Public Road,1,"Trafficway, On Road",CT0009300,New Haven PD,32,40:46.0,C,Closed,00:40.0,,,2400,1,INTERSTATE - NEW HPMS,2,Urban
1004808,1,Complete,1004808,1004808,41.318757,-72.899537,3499006,New Haven,93,93,New Haven,12/18/2022,2022,12,December,18,1,Sunday,0:09:00,0,22042724,A,3,,Motor Vehicle In Motion,"Injury of any type (Serious, Minor, Possible)",B,Suspected Minor Injury (B),0,0,2,USRoute,0.3,5,5-N,5-N,WARREN PLACE,,,,,41.318757,-72.899537,14,Motor Vehicle in Operation,4,"Sideswipe, same direction",1,On Roadway,1,Clear,88,Not Applicable,4,Dark-Lighted,1,Dry,0,None,88,Not Applicable,88,Not Applicable,0,None,88,Not Applicable,88,Not Applicable,3,Intersection-Related,3,T-Intersection,1,No,1,No,88,Not Applicable,88,Not Applicable,88,Not Applicable,88,Not Applicable,FALSE,1,Public Road,1,"Trafficway, On Road",CT0009300,New Haven PD,44056,42:32.0,C,Closed,00:47.0,,1,19200,4,MINOR ARTERIAL - NEW HPMS,1,Rural
1004809,1,Complete,1004809,1004809,41.3252,-72.87043,3499007,New Haven,93,93,New Haven,12/18/2022,2022,12,December,18,1,Sunday,4:59:00,4,22042744,A,1,,Utility Pole,"Injury of any type (Serious, Minor, Possible)",B,Suspected Minor Injury (B),0,0,3,State,0.35,103,103-N,103-N,,QUINNIPIAC AVE,50,Feet,E,41.3252,-72.87043,1,Overturn/Rollover,88,Not Applicable,4,Roadside,1,Clear,88,Not Applicable,5,Dark-Not Lighted,1,Dry,0,None,88,Not Applicable,88,Not Applicable,0,None,88,Not Applicable,88,Not Applicable,1,Non-Junction,1,Not at Intersection,1,No,1,No,88,Not Applicable,88,Not Applicable,88,Not Applicable,88,Not Applicable,FALSE,1,Public Road,1,"Trafficway, On Road",CT0009300,New Haven PD,42367,44:24.0,C,Closed,00:48.0,,2,9000,4,MINOR ARTERIAL - NEW HPMS,2,Urban
1005826,1,Complete,1005826,1005826,41.296266,-72.917908,3500024,New Haven,93,93,New Haven,12/19/2022,2022,12,December,19,2,Monday,11:51:00,11,22042865,A,2,,Motor Vehicle In Motion,"Injury of any type (Serious, Minor, Possible)",C,Possible Injury (C),0,0,4,Local,0.99,359,SARGENT DR,SARGENT DR,CANAL DOCK RD,,,,,41.296266,-72.917908,14,Motor Vehicle in Operation,2,Front to front,1,On Roadway,1,Clear,88,Not Applicable,1,Daylight,1,Dry,0,None,88,Not Applicable,88,Not Applicable,0,None,88,Not Applicable,88,Not Applicable,2,Intersection,2,Four-Way Intersection,1,No,1,No,88,Not Applicable,88,Not Applicable,88,Not Applicable,88,Not Applicable,FALSE,1,Public Road,1,"Trafficway, On Road",CT0009300,New Haven PD,295,59:36.0,C,Closed,21:06.0,,,,,,,
1005828,1,Complete,1005828,1005828,41.298528,-72.893878,3500026,New Haven,93,93,New Haven,12/19/2022,2022,12,December,19,2,Monday,15:25:00,15,22042885,A,2,,Motor Vehicle In Motion,"Injury of any type (Serious, Minor, Possible)",C,Possible Injury (C),0,0,4,Local,0.19,207,FAIRMONT AV,FAIRMONT AV,LANCRAFT ST,,,,,41.298528,-72.893878,14,Motor Vehicle in Operation,3,Angle,1,On Roadway,1,Clear,88,Not Applicable,1,Daylight,1,Dry,2,Visual Obstruction(s),88,Not Applicable,88,Not Applicable,0,None,88,Not Applicable,88,Not Applicable,2,Intersection,2,Four-Way Intersection,1,No,1,No,88,Not Applicable,88,Not Applicable,88,Not Applicable,88,Not Applicable,TRUE,1,Public Road,1,"Trafficway, On Road",CT0009300,New Haven PD,409,26:14.0,C,Closed,21:01.0,,,,,,,
1005830,1,Complete,1005830,1005830,41.298933,-72.949609,3500028,New Haven,93,93,New Haven,12/19/2022,2022,12,December,19,2,Monday,18:52:00,18,22042921,A,2,,Motor Vehicle In Motion,"Injury of any type (Serious, Minor, Possible)",B,Suspected Minor Injury (B),0,0,3,State,1.58,10,10-N,10-N,,ORANGE AVE,800,Feet,N,41.298933,-72.949609,14,Motor Vehicle in Operation,1,Front to rear,1,On Roadway,1,Clear,88,Not Applicable,5,Dark-Not Lighted,1,Dry,0,None,88,Not Applicable,88,Not Applicable,0,None,88,Not Applicable,88,Not Applicable,1,Non-Junction,1,Not at Intersection,1,No,1,No,88,Not Applicable,88,Not Applicable,88,Not Applicable,88,Not Applicable,FALSE,1,Public Road,1,"Trafficway, On Road",CT0009300,New Haven PD,158,58:18.0,C,Closed,21:20.0,,2,20800,3,PRINCIPAL ARTERIAL - OTHER - NEW HPMS,2,Urban
1005831,1,Complete,1005831,1005831,41.297727,-72.937557,3500029,New Haven,93,93,New Haven,12/20/2022,2022,12,December,20,3,Tuesday,8:14:00,8,22042956,A,2,,Motor Vehicle In Motion,"Injury of any type (Serious, Minor, Possible)",C,Possible Injury (C),0,0,2,USRoute,47.22,1,1-N,1-N,WASHINGTON AV NO 1,,,,,41.297727,-72.937557,14,Motor Vehicle in Operation,1,Front to rear,1,On Roadway,1,Clear,88,Not Applicable,1,Daylight,1,Dry,0,None,88,Not Applicable,88,Not Applicable,0,None,88,Not Applicable,88,Not Applicable,2,Intersection,2,Four-Way Intersection,1,No,1,No,88,Not Applicable,88,Not Applicable,88,Not Applicable,88,Not Applicable,FALSE,1,Public Road,1,"Trafficway, On Road",CT0009300,New Haven PD,295,13:08.0,C,Closed,21:07.0,,1,8600,3,PRINCIPAL ARTERIAL - OTHER - NEW HPMS,1,Rural
1005834,1,Complete,1005834,1005834,41.32466,-72.9165,3500032,New Haven,93,93,New Haven,12/20/2022,2022,12,December,20,3,Tuesday,13:28:00,13,22043011,A,2,,Motor Vehicle In Motion,"Injury of any type (Serious, Minor, Possible)",C,Possible Injury (C),0,0,4,Local,1.04,656,WHITNEY AV,WHITNEY AV,CANNER ST,,,,,41.32466,-72.9165,14,Motor Vehicle in Operation,6,Rear to side,1,On Roadway,1,Clear,88,Not Applicable,1,Daylight,1,Dry,0,None,88,Not Applicable,88,Not Applicable,0,None,88,Not Applicable,88,Not Applicable,2,Intersection,2,Four-Way Intersection,1,No,1,No,88,Not Applicable,88,Not Applicable,88,Not Applicable,88,Not Applicable,FALSE,1,Public Road,1,"Trafficway, On Road",CT0009300,New Haven PD,42057,17:27.0,C,Closed,21:19.0,,,,,,,
1006047,1,Complete,1006047,1006047,41.30053,-72.94319,3500245,New Haven,93,93,New Haven,12/20/2022,2022,12,December,20,3,Tuesday,13:00:00,13,22043010,A,2,,Motor Vehicle In Motion,"Injury of any type (Serious, Minor, Possible)",C,Possible Injury (C),0,0,4,Local,0,672,WINTHROP AV NO 1,WINTHROP AV NO 1,DAVENPORT AV,,,,,41.30053,-72.94319,14,Motor Vehicle in Operation,7,Rear to rear,1,On Roadway,1,Clear,88,Not Applicable,1,Daylight,1,Dry,3,Glare,88,Not Applicable,88,Not Applicable,0,None,88,Not Applicable,88,Not Applicable,2,Intersection,3,T-Intersection,1,No,1,No,88,Not Applicable,88,Not Applicable,88,Not Applicable,88,Not Applicable,FALSE,1,Public Road,1,"Trafficway, On Road",CT0009300,New Haven PD,137,50:48.0,C,Closed,01:19.0,,,,,,,
1006051,1,Complete,1006051,1006051,41.31138,-72.94459,3500249,New Haven,93,93,New Haven,12/21/2022,2022,12,December,21,4,Wednesday,8:16:00,8,22043105,A,3,,Motor Vehicle In Motion,"Injury of any type (Serious, Minor, Possible)",C,Possible Injury (C),0,0,4,Local,0.39,556,SHERMAN AV,SHERMAN AV,CHAPEL ST,,,,,41.31138,-72.94459,14,Motor Vehicle in Operation,3,Angle,1,On Roadway,1,Clear,88,Not Applicable,1,Daylight,1,Dry,0,None,88,Not Applicable,88,Not Applicable,0,None,88,Not Applicable,88,Not Applicable,2,Intersection,2,Four-Way Intersection,1,No,1,No,88,Not Applicable,88,Not Applicable,88,Not Applicable,88,Not Applicable,FALSE,1,Public Road,1,"Trafficway, On Road",CT0009300,New Haven PD,91,52:54.0,O,Open,01:21.0,,,,,,,
1006052,1,Complete,1006052,1006052,41.30359,-72.93144,3500250,New Haven,93,93,New Haven,12/21/2022,2022,12,December,21,4,Wednesday,7:42:00,7,22043106,A,2,,Motor Vehicle In Motion,"Injury of any type (Serious, Minor, Possible)",C,Possible Injury (C),0,0,4,Local,0.09,564,SOUTH FRONTAGE RD,SOUTH FRONTAGE RD,COLLEGE ST,,,,,41.30359,-72.93144,14,Motor Vehicle in Operation,3,Angle,1,On Roadway,1,Clear,88,Not Applicable,1,Daylight,1,Dry,3,Glare,88,Not Applicable,88,Not Applicable,0,None,88,Not Applicable,88,Not Applicable,2,Intersection,3,T-Intersection,1,No,1,No,88,Not Applicable,88,Not Applicable,88,Not Applicable,88,Not Applicable,TRUE,1,Public Road,1,"Trafficway, On Road",CT0009300,New Haven PD,251,47:12.0,C,Closed,01:21.0,,,,,,,
1006410,1,Complete,1006410,1006410,41.30644,-72.95282,3500608,New Haven,93,93,New Haven,11/10/2022,2022,11,November,10,5,Thursday,16:58:00,16,22038103,A,2,,Motor Vehicle In Motion,"Injury of any type (Serious, Minor, Possible)",C,Possible Injury (C),0,0,3,State,2.13,10,10-N,10-N,REV DR MLK JR BLVD,,,,,41.30644,-72.95282,14,Motor Vehicle in Operation,1,Front to rear,1,On Roadway,1,Clear,88,Not Applicable,1,Daylight,1,Dry,0,None,88,Not Applicable,88,Not Applicable,0,None,88,Not Applicable,88,Not Applicable,3,Intersection-Related,3,T-Intersection,1,No,1,No,88,Not Applicable,88,Not Applicable,88,Not Applicable,88,Not Applicable,FALSE,1,Public Road,1,"Trafficway, On Road",CT0009300,New Haven PD,44045,56:51.0,C,Closed,00:25.0,,2,24500,3,PRINCIPAL ARTERIAL - OTHER - NEW HPMS,2,Urban
1006411,1,Complete,1006411,1006411,41.28897,-72.8946,3500609,New Haven,93,93,New Haven,12/4/2022,2022,12,December,4,1,Sunday,23:15:00,23,22041160,A,2,,Motor Vehicle In Motion,"Injury of any type (Serious, Minor, Possible)",C,Possible Injury (C),0,0,4,Local,1.31,678,WOODWARD AV,WOODWARD AV,ALLEN PL,,,,,41.28897,-72.8946,14,Motor Vehicle in Operation,3,Angle,1,On Roadway,1,Clear,88,Not Applicable,4,Dark-Lighted,1,Dry,0,None,88,Not Applicable,88,Not Applicable,0,None,88,Not Applicable,88,Not Applicable,2,Intersection,2,Four-Way Intersection,1,No,1,No,88,Not Applicable,88,Not Applicable,88,Not Applicable,88,Not Applicable,FALSE,1,Public Road,1,"Trafficway, On Road",CT0009300,New Haven PD,42049,06:00.0,C,Closed,00:18.0,,,,,,,
1006415,1,Complete,1006415,1006415,41.3115394,-72.9313487,3500613,New Haven,93,93,New Haven,12/21/2022,2022,12,December,21,4,Wednesday,17:04:00,17,22043158,A,2,,Motor Vehicle In Motion,"Injury of any type (Serious, Minor, Possible)",C,Possible Injury (C),0,0,4,Local,0.1,726,ELM ST NO 2,ELM ST NO 2,PARK ST,,,,,41.3115394,-72.9313487,14,Motor Vehicle in Operation,1,Front to rear,1,On Roadway,1,Clear,88,Not Applicable,4,Dark-Lighted,1,Dry,0,None,88,Not Applicable,88,Not Applicable,0,None,88,Not Applicable,88,Not Applicable,2,Intersection,5,L-Intersection,1,No,1,No,88,Not Applicable,88,Not Applicable,88,Not Applicable,88,Not Applicable,FALSE,1,Public Road,1,"Trafficway, On Road",CT0009300,New Haven PD,40804,18:14.0,C,Closed,00:26.0,,,,,,,
1006419,1,Complete,1006419,1006419,41.31353,-72.93415,3500617,New Haven,93,93,New Haven,12/22/2022,2022,12,December,22,5,Thursday,17:13:00,17,22043287,A,1,,Pedestrian,"Injury of any type (Serious, Minor, Possible)",A,Suspected Serious Injury (A),1,1,4,Local,0.86,653,WHALLEY AV,WHALLEY AV,DWIGHT ST,,,,,41.31353,-72.93415,9,Pedestrian,88,Not Applicable,1,On Roadway,4,Rain,88,Not Applicable,4,Dark-Lighted,2,Wet,0,None,88,Not Applicable,88,Not Applicable,0,None,88,Not Applicable,88,Not Applicable,2,Intersection,3,T-Intersection,1,No,1,No,88,Not Applicable,88,Not Applicable,88,Not Applicable,88,Not Applicable,TRUE,1,Public Road,1,"Trafficway, On Road",CT0009300,New Haven PD,251,43:14.0,O,Open,00:27.0,,1,21100,3,PRINCIPAL ARTERIAL - OTHER - NEW HPMS,2,Urban
1006422,1,Complete,1006422,1006422,41.31866,-72.94812,3500620,New Haven,93,93,New Haven,12/22/2022,2022,12,December,22,5,Thursday,21:23:00,21,22043313,A,2,,Motor Vehicle In Motion,"Injury of any type (Serious, Minor, Possible)",C,Possible Injury (C),0,0,4,Local,0.05,653,WHALLEY AV,WHALLEY AV,,ELLSWORTH AVE,150,Feet,W,41.31866,-72.94812,14,Motor Vehicle in Operation,3,Angle,1,On Roadway,4,Rain,88,Not Applicable,4,Dark-Lighted,2,Wet,0,None,88,Not Applicable,88,Not Applicable,0,None,88,Not Applicable,88,Not Applicable,1,Non-Junction,1,Not at Intersection,1,No,1,No,88,Not Applicable,88,Not Applicable,88,Not Applicable,88,Not Applicable,FALSE,1,Public Road,1,"Trafficway, On Road",CT0009300,New Haven PD,40804,39:20.0,C,Closed,00:23.0,,,,,,,
1007386,1,Complete,1007386,1007386,41.333983,-72.93517,3501584,New Haven,93,93,New Haven,12/22/2022,2022,12,December,22,5,Thursday,2:07:00,2,22043199,A,2,,Motor Vehicle In Motion,"Injury of any type (Serious, Minor, Possible)",C,Possible Injury (C),0,0,4,Local,1.49,152,DIXWELL AV,DIXWELL AV,,POND ST,50,Feet,S,41.333983,-72.93517,14,Motor Vehicle in Operation,3,Angle,1,On Roadway,1,Clear,88,Not Applicable,4,Dark-Lighted,1,Dry,0,None,88,Not Applicable,88,Not Applicable,0,None,88,Not Applicable,88,Not Applicable,1,Non-Junction,1,Not at Intersection,1,No,1,No,88,Not Applicable,88,Not Applicable,88,Not Applicable,88,Not Applicable,FALSE,1,Public Road,1,"Trafficway, On Road",CT0009300,New Haven PD,432,17:36.0,C,Closed,09:57.0,,,,,,,
1007389,1,Complete,1007389,1007389,41.32442,-72.883662,3501587,New Haven,93,93,New Haven,12/22/2022,2022,12,December,22,5,Thursday,15:25:00,15,22043265,A,2,,Motor Vehicle In Motion,"Injury of any type (Serious, Minor, Possible)",C,Possible Injury (C),0,0,1,Interstate,0.02,91,91-S-17A,91-S-17A,,17-S,100,Feet,N,41.32442,-72.883662,14,Motor Vehicle in Operation,1,Front to rear,1,On Roadway,4,Rain,88,Not Applicable,1,Daylight,2,Wet,0,None,88,Not Applicable,88,Not Applicable,0,None,88,Not Applicable,88,Not Applicable,3,Intersection-Related,3,T-Intersection,1,No,1,No,88,Not Applicable,88,Not Applicable,88,Not Applicable,88,Not Applicable,TRUE,1,Public Road,1,"Trafficway, On Road",CT0009300,New Haven PD,263,33:16.0,C,Closed,09:50.0,,2,28800,1,INTERSTATE - NEW HPMS,2,Urban
1007393,1,Complete,1007393,1007393,41.30755,-72.895209,3501591,New Haven,93,93,New Haven,12/22/2022,2022,12,December,22,5,Thursday,19:03:00,19,22043297,A,2,,Motor Vehicle In Motion,"Injury of any type (Serious, Minor, Possible)",C,Possible Injury (C),0,0,4,Local,0.84,213,FERRY ST,FERRY ST,EXCHANGE ST,,,,,41.30755,-72.895209,14,Motor Vehicle in Operation,3,Angle,1,On Roadway,4,Rain,88,Not Applicable,4,Dark-Lighted,2,Wet,0,None,88,Not Applicable,88,Not Applicable,0,None,88,Not Applicable,88,Not Applicable,2,Intersection,2,Four-Way Intersection,1,No,1,No,88,Not Applicable,88,Not Applicable,88,Not Applicable,88,Not Applicable,FALSE,1,Public Road,1,"Trafficway, On Road",CT0009300,New Haven PD,42052,52:35.0,C,Closed,09:51.0,,,,,,,
1007394,1,Complete,1007394,1007394,41.315529,-72.950845,3501592,New Haven,93,93,New Haven,12/22/2022,2022,12,December,22,5,Thursday,19:10:00,19,22043304,A,3,,Motor Vehicle In Motion,"Injury of any type (Serious, Minor, Possible)",C,Possible Injury (C),0,0,3,State,2.78,10,10-N,10-N,,EDGEWOOD AV,100,Feet,N,41.315529,-72.950845,14,Motor Vehicle in Operation,1,Front to rear,1,On Roadway,4,Rain,88,Not Applicable,4,Dark-Lighted,2,Wet,1,Weather Conditions,88,Not Applicable,88,Not Applicable,3,Backup Due to Regular Congestion,88,Not Applicable,88,Not Applicable,2,Intersection,2,Four-Way Intersection,1,No,1,No,88,Not Applicable,88,Not Applicable,88,Not Applicable,88,Not Applicable,FALSE,1,Public Road,1,"Trafficway, On Road",CT0009300,New Haven PD,44046,27:08.0,C,Closed,09:43.0,,1,10200,3,PRINCIPAL ARTERIAL - OTHER - NEW HPMS,1,Rural
1007400,1,Complete,1007400,1007400,41.291704,-72.932985,3501598,New Haven,93,93,New Haven,12/24/2022,2022,12,December,24,7,Saturday,18:48:00,18,22043399,A,3,,Motor Vehicle In Motion,"Injury of any type (Serious, Minor, Possible)",A,Suspected Serious Injury (A),0,0,4,Local,0.03,339,KIMBERLY AV,KIMBERLY AV,,Howard Av,150,Feet,S,41.291704,-72.932985,14,Motor Vehicle in Operation,1,Front to rear,7,In Parking Lane or Zone,1,Clear,88,Not Applicable,4,Dark-Lighted,1,Dry,0,None,88,Not Applicable,88,Not Applicable,0,None,88,Not Applicable,88,Not Applicable,1,Non-Junction,1,Not at Intersection,1,No,1,No,88,Not Applicable,88,Not Applicable,88,Not Applicable,88,Not Applicable,TRUE,1,Public Road,1,"Trafficway, On Road",CT0009300,New Haven PD,44050,52:58.0,C,Closed,09:52.0,,,,,,,
1007401,1,Complete,1007401,1007401,41.309777,-72.953291,3501599,New Haven,93,93,New Haven,12/23/2022,2022,12,December,23,6,Friday,20:19:00,20,22043402,A,3,,Motor Vehicle In Motion,"Injury of any type (Serious, Minor, Possible)",C,Possible Injury (C),0,0,3,State,2.36,10,10-N,10-N,,34-E,75,Feet,S,41.309777,-72.953291,14,Motor Vehicle in Operation,1,Front to rear,1,On Roadway,2,Cloudy,88,Not Applicable,4,Dark-Lighted,1,Dry,0,None,88,Not Applicable,88,Not Applicable,0,None,88,Not Applicable,88,Not Applicable,2,Intersection,2,Four-Way Intersection,1,No,1,No,88,Not Applicable,88,Not Applicable,88,Not Applicable,88,Not Applicable,FALSE,1,Public Road,1,"Trafficway, On Road",CT0009300,New Haven PD,91,15:46.0,C,Closed,09:40.0,,2,33300,3,PRINCIPAL ARTERIAL - OTHER - NEW HPMS,2,Urban
1007402,1,Complete,1007402,1007402,41.297428,-72.948861,3501600,New Haven,93,93,New Haven,12/23/2022,2022,12,December,23,6,Friday,23:33:00,23,22043416,A,2,,Motor Vehicle In Motion,"Injury of any type (Serious, Minor, Possible)",C,Possible Injury (C),0,0,3,State,1.47,10,10-N,10-N,1-N,,,,,41.297428,-72.948861,14,Motor Vehicle in Operation,4,"Sideswipe, same direction",1,On Roadway,1,Clear,88,Not Applicable,4,Dark-Lighted,1,Dry,0,None,88,Not Applicable,88,Not Applicable,0,None,88,Not Applicable,88,Not Applicable,2,Intersection,2,Four-Way Intersection,1,No,1,No,88,Not Applicable,88,Not Applicable,88,Not Applicable,88,Not Applicable,TRUE,1,Public Road,1,"Trafficway, On Road",CT0009300,New Haven PD,476,38:53.0,C,Closed,09:36.0,,2,20300,3,PRINCIPAL ARTERIAL - OTHER - NEW HPMS,2,Urban