CrashId,Fatal Case Status,Fatal Case Status Text Format,CrashId,CrashId,Latitude,Longitude,DOT Case Number,Town Name,Town Number,Town Number,Town Number Text Format,Date Of Crash,Year,Month,Month Text Format,Day,Day of the Week,Day of the Week Text Format,Time of Crash,Hour of the Day,Case Identifier,Crash Severity,Number Of Motor Vehicles,Motor vehicle action,Most harmful event,Crash Severity Text Format,Most Severe Injury,Most Severe Injury Text Format,Number Of Non-Motorist,Number Of Witnesses,Route Class,Route Class Text Format,Milemarker,Road Number,Road Description,Roadway Name,Intersecting Roadway Name,Landmark Description,Distance From Nearest Landmark,Unit Of Measure From Nearest Landmark,Direction From Nearest Landmark,Latitude,Longitude,First Harmful Event,First Harmful Event Text Format,Manner of Crash / Collision Impact,Manner of Crash / Collision Impact Text Format,Location of First Harmful Event,Location of First Harmful Event Text Format,Weather Condition,Weather Condition Text Format,Weather 2,Weather 2 Text Format,Light Condition,Light Condition Text Format,Road Surface Condition,Road Surface Condition Text Format,"Contributing Circumstances, Environment","Contributing Circumstances, Environment Text Format",Environment 2,Environment 2 Text Format,Environment 3,Environment 3 Text Format,"Contributing Circumstances, Road","Contributing Circumstances, Road Text Format",Road 2,Road 2 Text Format,Road 3,Road 3 Text Format,Crash Specific Location,Crash Specific Location Text Format,Type of Intersection,Type of Intersection Text Format,School Bus Related,School Bus Related Text Format,Work Zone Related,Work Zone Related Text Format,Location Of Crash Relative To Work Zone,Location Of Crash Relative To Work Zone Text Format,Type of Work Zone,Type of Work Zone Text Format,Worker Presence,Worker Presence Text Format,Law Enforcement Presence,Law Enforcement Presence Text Format,Were Vehicles Moved Prior To Police Arrival,Trafficway Ownership,Trafficway Ownership Text Format,Trafficway Class,Trafficway Class Text Format,Police Agency,Police Agency Text Format,Badge Number,Approval Date,Police Case Status,Police Case Status Text Format,Crash Report Submission Date,Related Case Identifiers,No. of Through Lanes (Log Dir.),Average Daily Traffic,Functional Classification,Functional Classification Text Format,Rural or Urban,Rural or Urban Text Format
1015890,1,Complete,1015890,1015890,41.28535,-72.9367,3510086,New Haven,93,93,New Haven,1/21/2023,2023,1,January,21,7,Saturday,0:59:00,0,23002841,A,2,,Motor Vehicle In Motion,"Injury of any type (Serious, Minor, Possible)",B,Suspected Minor Injury (B),0,0,3,State,1.14,745,745-E,745-E,,ELLA T GRASSO BLVD,200,Feet,S,41.28535,-72.9367,14,Motor Vehicle in Operation,2,Front to front,1,On Roadway,1,Clear,88,Not Applicable,4,Dark-Lighted,1,Dry,0,None,88,Not Applicable,88,Not Applicable,0,None,88,Not Applicable,88,Not Applicable,1,Non-Junction,1,Not at Intersection,1,No,1,No,88,Not Applicable,88,Not Applicable,88,Not Applicable,88,Not Applicable,FALSE,1,Public Road,1,"Trafficway, On Road",CT0009300,New Haven PD,42366,44:25.0,C,Closed,01:03.0,,1,15200,4,MINOR ARTERIAL - NEW HPMS,1,Rural
1016457,1,Complete,1016457,1016457,41.2887711,-72.9347412,3510653,New Haven,93,93,New Haven,1/22/2023,2023,1,January,22,1,Sunday,22:54:00,22,23003028,A,2,,Motor Vehicle In Motion,"Injury of any type (Serious, Minor, Possible)",C,Possible Injury (C),0,0,4,Local,0.26,339,KIMBERLY AV,KIMBERLY AV,,GRANT ST,100,TenthsofMile,N,41.2887711,-72.9347412,14,Motor Vehicle in Operation,3,Angle,1,On Roadway,4,Rain,88,Not Applicable,99,Unknown,2,Wet,0,None,88,Not Applicable,88,Not Applicable,0,None,88,Not Applicable,88,Not Applicable,1,Non-Junction,1,Not at Intersection,1,No,1,No,88,Not Applicable,88,Not Applicable,88,Not Applicable,88,Not Applicable,FALSE,1,Public Road,1,"Trafficway, On Road",CT0009300,New Haven PD,44052,23:51.0,C,Closed,01:04.0,,,,,,,
1016458,1,Complete,1016458,1016458,41.3094202,-72.8905781,3510654,New Haven,93,93,New Haven,1/23/2023,2023,1,January,23,2,Monday,6:50:00,6,23003038,A,1,,Pedestrian,"Injury of any type (Serious, Minor, Possible)",C,Possible Injury (C),1,0,4,Local,0.25,264,GRAND AV,GRAND AV,CLINTON AV,,,,,41.3094202,-72.8905781,9,Pedestrian,88,Not Applicable,2,Shoulder,4,Rain,88,Not Applicable,2,Dawn,2,Wet,0,None,88,Not Applicable,88,Not Applicable,0,None,88,Not Applicable,88,Not Applicable,2,Intersection,2,Four-Way Intersection,1,No,1,No,88,Not Applicable,88,Not Applicable,88,Not Applicable,88,Not Applicable,TRUE,1,Public Road,1,"Trafficway, On Road",CT0009300,New Haven PD,40815,22:01.0,C,Closed,01:03.0,,2,6600,4,MINOR ARTERIAL - NEW HPMS,2,Urban
1016459,1,Complete,1016459,1016459,41.320087,-72.893287,3510655,New Haven,93,93,New Haven,1/23/2023,2023,1,January,23,2,Monday,7:37:00,7,23003039,A,2,,Motor Vehicle In Motion,"Injury of any type (Serious, Minor, Possible)",C,Possible Injury (C),0,0,4,Local,0.49,411,MIDDLETOWN AV,MIDDLETOWN AV,CLINTON AV,,,,,41.320087,-72.893287,14,Motor Vehicle in Operation,1,Front to rear,1,On Roadway,4,Rain,88,Not Applicable,1,Daylight,2,Wet,0,None,88,Not Applicable,88,Not Applicable,0,None,88,Not Applicable,88,Not Applicable,3,Intersection-Related,3,T-Intersection,1,No,1,No,88,Not Applicable,88,Not Applicable,88,Not Applicable,88,Not Applicable,TRUE,1,Public Road,1,"Trafficway, On Road",CT0009300,New Haven PD,980,40:59.0,C,Closed,01:03.0,,,,,,,
1016462,1,Complete,1016462,1016462,41.30888,-72.90981,3510658,New Haven,93,93,New Haven,1/23/2023,2023,1,January,23,2,Monday,9:26:00,9,23003048,A,2,,Motor Vehicle In Motion,"Injury of any type (Serious, Minor, Possible)",C,Possible Injury (C),0,0,4,Local,0.49,165,EAST ST,EAST ST,GRAND AV,,,,,41.30888,-72.90981,14,Motor Vehicle in Operation,2,Front to front,1,On Roadway,4,Rain,88,Not Applicable,1,Daylight,2,Wet,0,None,88,Not Applicable,88,Not Applicable,0,None,88,Not Applicable,88,Not Applicable,2,Intersection,2,Four-Way Intersection,1,No,1,No,88,Not Applicable,88,Not Applicable,88,Not Applicable,88,Not Applicable,FALSE,1,Public Road,1,"Trafficway, On Road",CT0009300,New Haven PD,65,35:35.0,O,Open,01:01.0,,,,,,,
1016465,1,Complete,1016465,1016465,41.315829,-72.897196,3510661,New Haven,93,93,New Haven,1/23/2023,2023,1,January,23,2,Monday,14:50:00,14,23003080,A,2,,Motor Vehicle In Motion,"Injury of any type (Serious, Minor, Possible)",C,Possible Injury (C),0,0,4,Local,0.27,213,FERRY ST,FERRY ST,,PECK ST,50,Feet,S,41.315829,-72.897196,14,Motor Vehicle in Operation,1,Front to rear,1,On Roadway,4,Rain,88,Not Applicable,1,Daylight,2,Wet,1,Weather Conditions,88,Not Applicable,88,Not Applicable,0,None,88,Not Applicable,88,Not Applicable,1,Non-Junction,1,Not at Intersection,1,No,1,No,88,Not Applicable,88,Not Applicable,88,Not Applicable,88,Not Applicable,FALSE,1,Public Road,1,"Trafficway, On Road",CT0009300,New Haven PD,40815,33:00.0,C,Closed,01:05.0,,,,,,,
1016467,1,Complete,1016467,1016467,41.307011,-72.934959,3510663,New Haven,93,93,New Haven,1/23/2023,2023,1,January,23,2,Monday,17:42:00,17,23003118,A,1,,Pedestrian,"Injury of any type (Serious, Minor, Possible)",C,Possible Injury (C),1,0,4,Local,0.83,248,GEORGE ST,GEORGE ST,PARK ST,,,,,41.307011,-72.934959,9,Pedestrian,88,Not Applicable,1,On Roadway,4,Rain,88,Not Applicable,4,Dark-Lighted,2,Wet,0,None,88,Not Applicable,88,Not Applicable,0,None,88,Not Applicable,88,Not Applicable,2,Intersection,2,Four-Way Intersection,1,No,1,No,88,Not Applicable,88,Not Applicable,88,Not Applicable,88,Not Applicable,FALSE,1,Public Road,1,"Trafficway, On Road",CT0009300,New Haven PD,44045,02:37.0,C,Closed,01:06.0,,2,9500,4,MINOR ARTERIAL - NEW HPMS,2,Urban
1016470,1,Complete,1016470,1016470,41.297547,-72.934229,3510666,New Haven,93,93,New Haven,1/23/2023,2023,1,January,23,2,Monday,19:19:00,19,23003136,A,1,,Pedestrian,"Injury of any type (Serious, Minor, Possible)",C,Possible Injury (C),1,0,4,Local,0.63,308,HOWARD AV,HOWARD AV,,COLUMBUS AVE,85,Feet,S,41.297547,-72.934229,9,Pedestrian,88,Not Applicable,1,On Roadway,4,Rain,88,Not Applicable,4,Dark-Lighted,2,Wet,99,Unknown,88,Not Applicable,88,Not Applicable,99,Unknown,88,Not Applicable,88,Not Applicable,1,Non-Junction,1,Not at Intersection,1,No,1,No,88,Not Applicable,88,Not Applicable,88,Not Applicable,88,Not Applicable,FALSE,1,Public Road,1,"Trafficway, On Road",CT0009300,New Haven PD,40947,08:58.0,C,Closed,01:08.0,,4,7100,4,MINOR ARTERIAL - NEW HPMS,2,Urban
1016764,1,Complete,1016764,1016764,41.316077,-72.94079,923018,New Haven,93,93,New Haven,1/23/2023,2023,1,January,23,2,Monday,18:12:00,18,23003131,K,1,Straight Ahead,Pedestrian,Fatal (Kill),K,Fatal Injury (K),1,1,4,Local,0.47,653,WHALLEY AV,WHALLEY AV,,HUDSON ST,190,Feet,E,41.316077,-72.94079,9,Pedestrian,88,Not Applicable,1,On Roadway,4,Rain,88,Not Applicable,4,Dark-Lighted,2,Wet,0,None,88,Not Applicable,88,Not Applicable,0,None,88,Not Applicable,88,Not Applicable,11,Through Roadway,1,Not at Intersection,1,No,1,No,88,Not Applicable,88,Not Applicable,88,Not Applicable,88,Not Applicable,FALSE,1,Public Road,1,"Trafficway, On Road",CT0009300,New Haven PD,44051,42:59.0,O,Open,00:02.0,,4,21100,3,PRINCIPAL ARTERIAL - OTHER - NEW HPMS,2,Urban
1016767,1,Complete,1016767,1016767,41.311777,-72.94885,3510963,New Haven,93,93,New Haven,1/24/2023,2023,1,January,24,3,Tuesday,10:53:00,10,23003175,A,2,,Motor Vehicle In Motion,"Injury of any type (Serious, Minor, Possible)",B,Suspected Minor Injury (B),0,0,4,Local,0.08,439,NORTON ST,NORTON ST,,CHAPEL ST,400,Feet,S,41.311777,-72.94885,14,Motor Vehicle in Operation,3,Angle,1,On Roadway,1,Clear,88,Not Applicable,1,Daylight,1,Dry,0,None,88,Not Applicable,88,Not Applicable,0,None,88,Not Applicable,88,Not Applicable,9,Driveway Access-Related,1,Not at Intersection,1,No,1,No,88,Not Applicable,88,Not Applicable,88,Not Applicable,88,Not Applicable,FALSE,1,Public Road,1,"Trafficway, On Road",CT0009300,New Haven PD,349,00:06.0,C,Closed,00:05.0,,,,,,,
1016772,1,Complete,1016772,1016772,41.30571,-72.951376,3510968,New Haven,93,93,New Haven,1/24/2023,2023,1,January,24,3,Tuesday,18:07:00,18,23003231,A,2,,Motor Vehicle In Motion,"Injury of any type (Serious, Minor, Possible)",C,Possible Injury (C),0,0,4,Local,0.06,360,LEGION AV-RT 34,LEGION AV-RT 34,,ELLA T GRASSO BLVD,351,Feet,W,41.30571,-72.951376,14,Motor Vehicle in Operation,4,"Sideswipe, same direction",1,On Roadway,1,Clear,88,Not Applicable,4,Dark-Lighted,1,Dry,0,None,88,Not Applicable,88,Not Applicable,0,None,88,Not Applicable,88,Not Applicable,1,Non-Junction,1,Not at Intersection,1,No,1,No,88,Not Applicable,88,Not Applicable,88,Not Applicable,88,Not Applicable,TRUE,1,Public Road,1,"Trafficway, On Road",CT0009300,New Haven PD,40814,06:52.0,O,Open,00:08.0,,2,12200,3,PRINCIPAL ARTERIAL - OTHER - NEW HPMS,2,Urban
1017049,1,Complete,1017049,1017049,41.312519,-72.9203,3511245,New Haven,93,93,New Haven,1/25/2023,2023,1,January,25,4,Wednesday,12:32:00,12,23003325,A,2,,Motor Vehicle In Motion,"Injury of any type (Serious, Minor, Possible)",C,Possible Injury (C),0,0,4,Local,0.26,601,TRUMBULL ST,TRUMBULL ST,,LINCOLN ST,50,Feet,W,41.312519,-72.9203,14,Motor Vehicle in Operation,1,Front to rear,1,On Roadway,1,Clear,88,Not Applicable,1,Daylight,1,Dry,0,None,88,Not Applicable,88,Not Applicable,0,None,88,Not Applicable,88,Not Applicable,11,Through Roadway,1,Not at Intersection,1,No,1,No,88,Not Applicable,88,Not Applicable,88,Not Applicable,88,Not Applicable,FALSE,1,Public Road,1,"Trafficway, On Road",CT0009300,New Haven PD,40793,24:36.0,C,Closed,00:42.0,,,,,,,
1017051,1,Complete,1017051,1017051,41.31557,-72.90091,3511247,New Haven,93,93,New Haven,1/25/2023,2023,1,January,25,4,Wednesday,14:07:00,14,23003337,A,2,,Motor Vehicle In Motion,"Injury of any type (Serious, Minor, Possible)",A,Suspected Serious Injury (A),0,0,4,Local,0.88,57,BLATCHLEY AV,BLATCHLEY AV,PECK ST NO 1,,,,,41.31557,-72.90091,14,Motor Vehicle in Operation,3,Angle,1,On Roadway,2,Cloudy,88,Not Applicable,1,Daylight,1,Dry,99,Unknown,88,Not Applicable,88,Not Applicable,99,Unknown,88,Not Applicable,88,Not Applicable,2,Intersection,2,Four-Way Intersection,1,No,1,No,88,Not Applicable,88,Not Applicable,88,Not Applicable,88,Not Applicable,FALSE,1,Public Road,1,"Trafficway, On Road",CT0009300,New Haven PD,44056,28:07.0,O,Open,00:44.0,,,,,,,
1017055,1,Complete,1017055,1017055,41.30883,-72.92174,3511251,New Haven,93,93,New Haven,1/25/2023,2023,1,January,25,4,Wednesday,18:57:00,18,23003382,A,1,,Pedestrian,"Injury of any type (Serious, Minor, Possible)",C,Possible Injury (C),1,0,4,Local,1.46,450,ORANGE ST NO 1,ORANGE ST NO 1,WALL ST NO 2,,,,,41.30883,-72.92174,9,Pedestrian,88,Not Applicable,1,On Roadway,4,Rain,88,Not Applicable,4,Dark-Lighted,2,Wet,0,None,88,Not Applicable,88,Not Applicable,0,None,88,Not Applicable,88,Not Applicable,2,Intersection,2,Four-Way Intersection,1,No,1,No,88,Not Applicable,88,Not Applicable,88,Not Applicable,88,Not Applicable,FALSE,1,Public Road,1,"Trafficway, On Road",CT0009300,New Haven PD,7729,14:31.0,C,Closed,00:49.0,,2,5700,4,MINOR ARTERIAL - NEW HPMS,2,Urban
1017056,1,Complete,1017056,1017056,41.290216,-72.939789,3511252,New Haven,93,93,New Haven,1/25/2023,2023,1,January,25,4,Wednesday,19:16:00,19,23003385,A,1,,Pedestrian,"Injury of any type (Serious, Minor, Possible)",C,Possible Injury (C),1,0,4,Local,0.04,350,LAMBERTON ST,LAMBERTON ST,,ELLA T GRASSO BLVD,190,Feet,E,41.290216,-72.939789,9,Pedestrian,88,Not Applicable,1,On Roadway,4,Rain,88,Not Applicable,5,Dark-Not Lighted,2,Wet,1,Weather Conditions,88,Not Applicable,88,Not Applicable,0,None,88,Not Applicable,88,Not Applicable,1,Non-Junction,1,Not at Intersection,1,No,1,No,88,Not Applicable,88,Not Applicable,88,Not Applicable,88,Not Applicable,TRUE,1,Public Road,1,"Trafficway, On Road",CT0009300,New Haven PD,980,59:40.0,C,Closed,00:48.0,,4,5348,7,LOCAL - NEW HPMS,2,Urban
1017326,1,Complete,1017326,1017326,41.30861,-72.87377,3511522,New Haven,93,93,New Haven,1/20/2023,2023,1,January,20,6,Friday,15:45:00,15,23002771,A,2,,Motor Vehicle In Motion,"Injury of any type (Serious, Minor, Possible)",B,Suspected Minor Injury (B),0,0,4,Local,0.11,167,EASTERN ST,EASTERN ST,CLIFTON ST,,,,,41.30861,-72.87377,14,Motor Vehicle in Operation,3,Angle,1,On Roadway,4,Rain,88,Not Applicable,1,Daylight,2,Wet,0,None,88,Not Applicable,88,Not Applicable,0,None,88,Not Applicable,88,Not Applicable,2,Intersection,3,T-Intersection,1,No,1,No,88,Not Applicable,88,Not Applicable,88,Not Applicable,88,Not Applicable,FALSE,1,Public Road,1,"Trafficway, On Road",CT0009300,New Haven PD,42049,39:15.0,C,Closed,01:57.0,,,,,,,
1017327,1,Complete,1017327,1017327,41.316358,-72.941685,3511523,New Haven,93,93,New Haven,1/22/2023,2023,1,January,22,1,Sunday,19:00:00,19,23003015,A,1,,Pedestrian,"Injury of any type (Serious, Minor, Possible)",A,Suspected Serious Injury (A),1,0,4,Local,0.42,653,WHALLEY AV,WHALLEY AV,,SHERMAN AVE,200,Feet,E,41.316358,-72.941685,9,Pedestrian,88,Not Applicable,1,On Roadway,4,Rain,88,Not Applicable,4,Dark-Lighted,2,Wet,1,Weather Conditions,88,Not Applicable,88,Not Applicable,0,None,88,Not Applicable,88,Not Applicable,11,Through Roadway,1,Not at Intersection,1,No,1,No,88,Not Applicable,88,Not Applicable,88,Not Applicable,88,Not Applicable,FALSE,1,Public Road,1,"Trafficway, On Road",CT0009300,New Haven PD,44051,55:42.0,C,Closed,01:55.0,,4,21100,3,PRINCIPAL ARTERIAL - OTHER - NEW HPMS,2,Urban
1017333,1,Complete,1017333,1017333,41.332,-72.93263,3511529,New Haven,93,93,New Haven,1/26/2023,2023,1,January,26,5,Thursday,14:44:00,14,23003522,A,2,,Motor Vehicle In Motion,"Injury of any type (Serious, Minor, Possible)",C,Possible Injury (C),0,0,4,Local,0.34,42,BASSETT ST,BASSETT ST,GOODYEAR ST,,,,,41.332,-72.93263,14,Motor Vehicle in Operation,6,Rear to side,1,On Roadway,1,Clear,88,Not Applicable,1,Daylight,1,Dry,0,None,88,Not Applicable,88,Not Applicable,0,None,88,Not Applicable,88,Not Applicable,2,Intersection,3,T-Intersection,1,No,1,No,88,Not Applicable,88,Not Applicable,88,Not Applicable,88,Not Applicable,FALSE,1,Public Road,1,"Trafficway, On Road",CT0009300,New Haven PD,42052,18:54.0,C,Closed,01:56.0,,,,,,,
1017788,1,Complete,1017788,1017788,41.304341,-72.894471,3511984,New Haven,93,93,New Haven,1/22/2023,2023,1,January,22,1,Sunday,16:00:00,16,23002788,A,1,,"Other Fixed Object (wall, building, tunnel, etc.)","Injury of any type (Serious, Minor, Possible)",C,Possible Injury (C),0,0,4,Local,1.09,213,FERRY ST,FERRY ST,CHAPEL ST,,,,,41.304341,-72.894471,39,"Other Fixed Object (wall, building, tunnel, etc.)",88,Not Applicable,1,On Roadway,1,Clear,88,Not Applicable,1,Daylight,1,Dry,0,None,88,Not Applicable,88,Not Applicable,99,Unknown,88,Not Applicable,88,Not Applicable,2,Intersection,2,Four-Way Intersection,1,No,1,No,88,Not Applicable,88,Not Applicable,88,Not Applicable,88,Not Applicable,FALSE,1,Public Road,1,"Trafficway, On Road",CT0009300,New Haven PD,36335,25:02.0,C,Closed,00:57.0,,2,13500,4,MINOR ARTERIAL - NEW HPMS,2,Urban
1017792,1,Complete,1017792,1017792,41.288767,-72.892579,3511988,New Haven,93,93,New Haven,1/6/2023,2023,1,January,6,6,Friday,17:30:00,17,23003208,A,2,,Motor Vehicle In Motion,"Injury of any type (Serious, Minor, Possible)",C,Possible Injury (C),0,0,3,State,0.09,741,741-E,741-E,MAIN ST NO 2,,,,,41.288767,-72.892579,14,Motor Vehicle in Operation,1,Front to rear,1,On Roadway,4,Rain,88,Not Applicable,4,Dark-Lighted,2,Wet,99,Unknown,88,Not Applicable,88,Not Applicable,0,None,88,Not Applicable,88,Not Applicable,3,Intersection-Related,2,Four-Way Intersection,1,No,1,No,88,Not Applicable,88,Not Applicable,88,Not Applicable,88,Not Applicable,TRUE,1,Public Road,1,"Trafficway, On Road",CT0009300,New Haven PD,322,37:14.0,C,Closed,00:59.0,,2,14200,4,MINOR ARTERIAL - NEW HPMS,2,Urban
1017793,1,Complete,1017793,1017793,41.30934,-72.87546,3511989,New Haven,93,93,New Haven,1/25/2023,2023,1,January,25,4,Wednesday,18:14:00,18,23003378,A,1,,Cross Centerline,"Injury of any type (Serious, Minor, Possible)",B,Suspected Minor Injury (B),1,0,4,Local,0.33,535,RUSSELL ST,RUSSELL ST,,CLIFTON,100,Feet,N,41.30934,-72.87546,9,Pedestrian,88,Not Applicable,1,On Roadway,4,Rain,88,Not Applicable,4,Dark-Lighted,2,Wet,0,None,88,Not Applicable,88,Not Applicable,0,None,88,Not Applicable,88,Not Applicable,1,Non-Junction,1,Not at Intersection,1,No,1,No,88,Not Applicable,88,Not Applicable,88,Not Applicable,88,Not Applicable,FALSE,1,Public Road,1,"Trafficway, On Road",CT0009300,New Haven PD,44176,19:01.0,C,Closed,01:02.0,,2,3838,7,LOCAL - NEW HPMS,2,Urban
1017797,1,Complete,1017797,1017797,41.306001,-72.946882,3511993,New Haven,93,93,New Haven,1/27/2023,2023,1,January,27,6,Friday,7:34:00,7,23003602,A,2,,Motor Vehicle In Motion,"Injury of any type (Serious, Minor, Possible)",C,Possible Injury (C),0,0,4,Local,0.01,556,SHERMAN AV,SHERMAN AV,RT 34,,,,,41.306001,-72.946882,14,Motor Vehicle in Operation,1,Front to rear,1,On Roadway,1,Clear,88,Not Applicable,1,Daylight,1,Dry,0,None,88,Not Applicable,88,Not Applicable,0,None,88,Not Applicable,88,Not Applicable,2,Intersection,2,Four-Way Intersection,1,No,1,No,88,Not Applicable,88,Not Applicable,88,Not Applicable,88,Not Applicable,FALSE,1,Public Road,1,"Trafficway, On Road",CT0009300,New Haven PD,137,40:23.0,C,Closed,00:39.0,,,,,,,
1017799,1,Complete,1017799,1017799,41.32025,-72.97006,3511995,New Haven,93,93,New Haven,1/27/2023,2023,1,January,27,6,Friday,8:16:00,8,23003609,A,2,,Motor Vehicle In Motion,"Injury of any type (Serious, Minor, Possible)",C,Possible Injury (C),0,0,3,State,2.88,122,122-N,122-N,EDGEWOOD WAY,,,,,41.32025,-72.97006,14,Motor Vehicle in Operation,1,Front to rear,1,On Roadway,1,Clear,88,Not Applicable,1,Daylight,1,Dry,0,None,88,Not Applicable,88,Not Applicable,0,None,88,Not Applicable,88,Not Applicable,2,Intersection,2,Four-Way Intersection,1,No,1,No,88,Not Applicable,88,Not Applicable,88,Not Applicable,88,Not Applicable,FALSE,1,Public Road,1,"Trafficway, On Road",CT0009300,New Haven PD,66,09:54.0,C,Closed,00:38.0,,1,11800,4,MINOR ARTERIAL - NEW HPMS,1,Rural
1017800,1,Complete,1017800,1017800,41.313552,-72.932917,3511996,New Haven,93,93,New Haven,1/27/2023,2023,1,January,27,6,Friday,8:57:00,8,23003624,A,2,,Motor Vehicle In Motion,"Injury of any type (Serious, Minor, Possible)",C,Possible Injury (C),0,0,4,Local,0.65,257,GOFFE ST,GOFFE ST,,DIXWELL AVE,250,Feet,W,41.313552,-72.932917,14,Motor Vehicle in Operation,1,Front to rear,1,On Roadway,1,Clear,88,Not Applicable,1,Daylight,1,Dry,0,None,88,Not Applicable,88,Not Applicable,0,None,88,Not Applicable,88,Not Applicable,1,Non-Junction,1,Not at Intersection,1,No,1,No,88,Not Applicable,88,Not Applicable,88,Not Applicable,88,Not Applicable,TRUE,1,Public Road,1,"Trafficway, On Road",CT0009300,New Haven PD,326,17:36.0,C,Closed,00:44.0,,,,,,,
1017804,1,Complete,1017804,1017804,41.328286,-72.928813,3512000,New Haven,93,93,New Haven,1/27/2023,2023,1,January,27,6,Friday,12:20:00,12,23003673,A,2,,Motor Vehicle In Motion,"Injury of any type (Serious, Minor, Possible)",A,Suspected Serious Injury (A),0,0,4,Local,0.1,720,HAZEL ST,HAZEL ST,NEWHALL ST,,,,,41.328286,-72.928813,14,Motor Vehicle in Operation,3,Angle,1,On Roadway,1,Clear,88,Not Applicable,1,Daylight,1,Dry,0,None,88,Not Applicable,88,Not Applicable,0,None,88,Not Applicable,88,Not Applicable,2,Intersection,2,Four-Way Intersection,1,No,1,No,88,Not Applicable,88,Not Applicable,88,Not Applicable,88,Not Applicable,FALSE,1,Public Road,1,"Trafficway, On Road",CT0009300,New Haven PD,87,17:13.0,C,Closed,00:46.0,23003673,,,,,,
1017807,1,Complete,1017807,1017807,41.330323,-72.873774,3512003,New Haven,93,93,New Haven,1/27/2023,2023,1,January,27,6,Friday,16:51:00,16,23003700,A,3,,Motor Vehicle In Motion,"Injury of any type (Serious, Minor, Possible)",B,Suspected Minor Injury (B),0,0,4,Local,0.04,135,CROSS ST,CROSS ST,WEYBOSSET ST,,,,,41.330323,-72.873774,14,Motor Vehicle in Operation,1,Front to rear,1,On Roadway,1,Clear,88,Not Applicable,1,Daylight,1,Dry,0,None,88,Not Applicable,88,Not Applicable,0,None,88,Not Applicable,88,Not Applicable,2,Intersection,2,Four-Way Intersection,1,No,1,No,88,Not Applicable,88,Not Applicable,88,Not Applicable,88,Not Applicable,FALSE,1,Public Road,1,"Trafficway, On Road",CT0009300,New Haven PD,44063,35:15.0,C,Closed,00:45.0,,,,,,,
1017811,1,Complete,1017811,1017811,41.30732,-72.9192,3512007,New Haven,93,93,New Haven,1/27/2023,2023,1,January,27,6,Friday,23:15:00,23,23003741,A,1,,"Other Post, Pole, or Support","Injury of any type (Serious, Minor, Possible)",B,Suspected Minor Injury (B),0,1,4,Local,1.75,264,GRAND AV,GRAND AV,OLIVE ST,,,,,41.30732,-72.9192,38,"Other Post, Pole or Support",88,Not Applicable,1,On Roadway,1,Clear,88,Not Applicable,4,Dark-Lighted,1,Dry,0,None,88,Not Applicable,88,Not Applicable,0,None,88,Not Applicable,88,Not Applicable,2,Intersection,2,Four-Way Intersection,1,No,1,No,88,Not Applicable,88,Not Applicable,88,Not Applicable,88,Not Applicable,FALSE,1,Public Road,1,"Trafficway, On Road",CT0009300,New Haven PD,44062,57:26.0,C,Closed,01:02.0,,3,9800,4,MINOR ARTERIAL - NEW HPMS,2,Urban
1017812,1,Complete,1017812,1017812,41.3094652,-72.9270511,3512008,New Haven,93,93,New Haven,1/28/2023,2023,1,January,28,7,Saturday,0:04:00,0,23003747,A,2,,Motor Vehicle In Motion,"Injury of any type (Serious, Minor, Possible)",C,Possible Injury (C),0,1,4,Local,0.38,726,ELM ST NO 2,ELM ST NO 2,COLLEGE ST,,,,,41.3094652,-72.9270511,14,Motor Vehicle in Operation,3,Angle,1,On Roadway,1,Clear,88,Not Applicable,4,Dark-Lighted,1,Dry,0,None,88,Not Applicable,88,Not Applicable,0,None,88,Not Applicable,88,Not Applicable,2,Intersection,2,Four-Way Intersection,1,No,1,No,88,Not Applicable,88,Not Applicable,88,Not Applicable,88,Not Applicable,TRUE,1,Public Road,1,"Trafficway, On Road",CT0009300,New Haven PD,40952,41:52.0,C,Closed,00:49.0,,,,,,,
1017816,1,Complete,1017816,1017816,41.31202,-72.9153,3512012,New Haven,93,93,New Haven,1/28/2023,2023,1,January,28,7,Saturday,10:26:00,10,23003776,A,2,,Motor Vehicle In Motion,"Injury of any type (Serious, Minor, Possible)",C,Possible Injury (C),0,0,4,Local,0.69,575,STATE ST,STATE ST,ELD ST,,,,,41.31202,-72.9153,14,Motor Vehicle in Operation,3,Angle,1,On Roadway,1,Clear,88,Not Applicable,1,Daylight,1,Dry,0,None,88,Not Applicable,88,Not Applicable,0,None,88,Not Applicable,88,Not Applicable,2,Intersection,3,T-Intersection,1,No,1,No,88,Not Applicable,88,Not Applicable,88,Not Applicable,88,Not Applicable,FALSE,1,Public Road,1,"Trafficway, On Road",CT0009300,New Haven PD,42052,41:15.0,C,Closed,00:53.0,,,,,,,
1017819,1,Complete,1017819,1017819,41.308085,-72.896932,3512015,New Haven,93,93,New Haven,1/28/2023,2023,1,January,28,7,Saturday,15:58:00,15,23003799,A,4,,Motor Vehicle In Motion,"Injury of any type (Serious, Minor, Possible)",C,Possible Injury (C),0,0,4,Local,0.32,679,WOOLSEY ST,WOOLSEY ST,POPLAR ST,,,,,41.308085,-72.896932,14,Motor Vehicle in Operation,3,Angle,1,On Roadway,1,Clear,88,Not Applicable,1,Daylight,1,Dry,0,None,88,Not Applicable,88,Not Applicable,0,None,88,Not Applicable,88,Not Applicable,2,Intersection,3,T-Intersection,1,No,1,No,88,Not Applicable,88,Not Applicable,88,Not Applicable,88,Not Applicable,FALSE,1,Public Road,1,"Trafficway, On Road",CT0009300,New Haven PD,193,10:29.0,C,Closed,00:57.0,,,,,,,