CrashId,Fatal Case Status,Fatal Case Status Text Format,CrashId,CrashId,Latitude,Longitude,DOT Case Number,Town Name,Town Number,Town Number,Town Number Text Format,Date Of Crash,Year,Month,Month Text Format,Day,Day of the Week,Day of the Week Text Format,Time of Crash,Hour of the Day,Case Identifier,Crash Severity,Number Of Motor Vehicles,Motor vehicle action,Most harmful event,Crash Severity Text Format,Most Severe Injury,Most Severe Injury Text Format,Number Of Non-Motorist,Number Of Witnesses,Route Class,Route Class Text Format,Milemarker,Road Number,Road Description,Roadway Name,Intersecting Roadway Name,Landmark Description,Distance From Nearest Landmark,Unit Of Measure From Nearest Landmark,Direction From Nearest Landmark,Latitude,Longitude,First Harmful Event,First Harmful Event Text Format,Manner of Crash / Collision Impact,Manner of Crash / Collision Impact Text Format,Location of First Harmful Event,Location of First Harmful Event Text Format,Weather Condition,Weather Condition Text Format,Weather 2,Weather 2 Text Format,Light Condition,Light Condition Text Format,Road Surface Condition,Road Surface Condition Text Format,"Contributing Circumstances, Environment","Contributing Circumstances, Environment Text Format",Environment 2,Environment 2 Text Format,Environment 3,Environment 3 Text Format,"Contributing Circumstances, Road","Contributing Circumstances, Road Text Format",Road 2,Road 2 Text Format,Road 3,Road 3 Text Format,Crash Specific Location,Crash Specific Location Text Format,Type of Intersection,Type of Intersection Text Format,School Bus Related,School Bus Related Text Format,Work Zone Related,Work Zone Related Text Format,Location Of Crash Relative To Work Zone,Location Of Crash Relative To Work Zone Text Format,Type of Work Zone,Type of Work Zone Text Format,Worker Presence,Worker Presence Text Format,Law Enforcement Presence,Law Enforcement Presence Text Format,Were Vehicles Moved Prior To Police Arrival,Trafficway Ownership,Trafficway Ownership Text Format,Trafficway Class,Trafficway Class Text Format,Police Agency,Police Agency Text Format,Badge Number,Approval Date,Police Case Status,Police Case Status Text Format,Crash Report Submission Date,Related Case Identifiers,No. of Through Lanes (Log Dir.),Average Daily Traffic,Functional Classification,Functional Classification Text Format,Rural or Urban,Rural or Urban Text Format
1021879,1,Complete,1021879,1021879,41.326566,-72.940916,3516075,New Haven,93,93,New Haven,2/13/2023,2023,2,February,13,2,Monday,8:57:00,8,23006051,A,2,,Motor Vehicle In Motion,"Injury of any type (Serious, Minor, Possible)",C,Possible Injury (C),0,0,4,Local,0.43,133,CRESCENT ST,CRESCENT ST,NORTON PKWY,,,,,41.326566,-72.940916,14,Motor Vehicle in Operation,4,"Sideswipe, same direction",2,Shoulder,1,Clear,88,Not Applicable,1,Daylight,1,Dry,0,None,88,Not Applicable,88,Not Applicable,0,None,88,Not Applicable,88,Not Applicable,3,Intersection-Related,4,Y-Intersection,1,No,1,No,88,Not Applicable,88,Not Applicable,88,Not Applicable,88,Not Applicable,FALSE,1,Public Road,1,"Trafficway, On Road",CT0009300,New Haven PD,62,49:52.0,C,Closed,01:06.0,,,,,,,
1022122,1,Complete,1022122,1022122,41.311021,-72.930835,3516318,New Haven,93,93,New Haven,2/5/2023,2023,2,February,5,1,Sunday,21:58:00,21,23005008,A,2,,Motor Vehicle In Motion,"Injury of any type (Serious, Minor, Possible)",C,Possible Injury (C),0,0,4,Local,0.15,726,ELM ST NO 2,ELM ST NO 2,BROADWAY AVE,,,,,41.311021,-72.930835,14,Motor Vehicle in Operation,4,"Sideswipe, same direction",1,On Roadway,1,Clear,88,Not Applicable,4,Dark-Lighted,1,Dry,0,None,88,Not Applicable,88,Not Applicable,0,None,88,Not Applicable,88,Not Applicable,2,Intersection,4,Y-Intersection,1,No,1,No,88,Not Applicable,88,Not Applicable,88,Not Applicable,88,Not Applicable,TRUE,1,Public Road,1,"Trafficway, On Road",CT0009300,New Haven PD,43688,20:14.0,C,Closed,00:24.0,,,,,,,
1022127,1,Complete,1022127,1022127,41.32378,-72.88157,3516323,New Haven,93,93,New Haven,2/14/2023,2023,2,February,14,3,Tuesday,1:21:00,1,23006201,A,2,,Motor Vehicle In Motion,"Injury of any type (Serious, Minor, Possible)",B,Suspected Minor Injury (B),0,0,3,State,0.21,17,17-N,17-N,91-N-16,,,,,41.32378,-72.88157,14,Motor Vehicle in Operation,3,Angle,1,On Roadway,1,Clear,88,Not Applicable,4,Dark-Lighted,1,Dry,0,None,88,Not Applicable,88,Not Applicable,0,None,88,Not Applicable,88,Not Applicable,2,Intersection,2,Four-Way Intersection,1,No,1,No,88,Not Applicable,88,Not Applicable,88,Not Applicable,88,Not Applicable,FALSE,1,Public Road,1,"Trafficway, On Road",CT0009300,New Haven PD,42367,43:42.0,C,Closed,00:18.0,,1,21600,3,PRINCIPAL ARTERIAL - OTHER - NEW HPMS,1,Rural
1022130,1,Complete,1022130,1022130,41.317494,-72.901439,3516326,New Haven,93,93,New Haven,2/14/2023,2023,2,February,14,3,Tuesday,18:01:00,18,23006361,A,2,,Motor Vehicle In Motion,"Injury of any type (Serious, Minor, Possible)",C,Possible Injury (C),0,0,2,USRoute,0.17,5,5-N,5-N,WILLOW ST,,,,,41.317494,-72.901439,14,Motor Vehicle in Operation,3,Angle,1,On Roadway,1,Clear,88,Not Applicable,4,Dark-Lighted,1,Dry,0,None,88,Not Applicable,88,Not Applicable,0,None,88,Not Applicable,88,Not Applicable,2,Intersection,2,Four-Way Intersection,1,No,1,No,88,Not Applicable,88,Not Applicable,88,Not Applicable,88,Not Applicable,FALSE,1,Public Road,1,"Trafficway, On Road",CT0009300,New Haven PD,980,24:09.0,C,Closed,00:23.0,,1,12900,4,MINOR ARTERIAL - NEW HPMS,1,Rural
1022437,1,Complete,1022437,1022437,41.30739,-72.89674,3516633,New Haven,93,93,New Haven,2/13/2023,2023,2,February,13,2,Monday,23:45:00,23,23006196,A,2,,Motor Vehicle In Motion,"Injury of any type (Serious, Minor, Possible)",B,Suspected Minor Injury (B),0,0,4,Local,0.38,487,POPLAR ST,POPLAR ST,EXCHANGE ST,,,,,41.30739,-72.89674,14,Motor Vehicle in Operation,2,Front to front,1,On Roadway,1,Clear,88,Not Applicable,4,Dark-Lighted,1,Dry,0,None,88,Not Applicable,88,Not Applicable,0,None,88,Not Applicable,88,Not Applicable,2,Intersection,2,Four-Way Intersection,1,No,1,No,88,Not Applicable,88,Not Applicable,88,Not Applicable,88,Not Applicable,TRUE,1,Public Road,1,"Trafficway, On Road",CT0009300,New Haven PD,86,21:16.0,C,Closed,01:09.0,,,,,,,
1022438,1,Complete,1022438,1022438,41.330361,-72.965588,3516634,New Haven,93,93,New Haven,2/14/2023,2023,2,February,14,3,Tuesday,5:32:00,5,23006208,A,1,,Utility Pole,"Injury of any type (Serious, Minor, Possible)",C,Possible Injury (C),0,0,4,Local,0.84,612,VALLEY ST NO 1,VALLEY ST NO 1,,W HILLS RD,240,Feet,E,41.330361,-72.965588,33,Utility Pole/Light Support,88,Not Applicable,1,On Roadway,1,Clear,88,Not Applicable,4,Dark-Lighted,1,Dry,0,None,88,Not Applicable,88,Not Applicable,0,None,88,Not Applicable,88,Not Applicable,1,Non-Junction,1,Not at Intersection,1,No,1,No,88,Not Applicable,88,Not Applicable,88,Not Applicable,88,Not Applicable,FALSE,1,Public Road,1,"Trafficway, On Road",CT0009300,New Haven PD,42045,25:15.0,C,Closed,01:10.0,,2,11500,5,MAJOR COLLECTOR - NEW HPMS,2,Urban
1022441,1,Complete,1022441,1022441,41.32216,-72.873158,3516637,New Haven,93,93,New Haven,2/14/2023,2023,2,February,14,3,Tuesday,18:55:00,18,23006367,A,2,,Motor Vehicle In Motion,"Injury of any type (Serious, Minor, Possible)",A,Suspected Serious Injury (A),0,0,3,State,0.1,103,103-N,103-N,,BARNES AVE,150,Feet,N,41.32216,-72.873158,14,Motor Vehicle in Operation,1,Front to rear,1,On Roadway,1,Clear,88,Not Applicable,4,Dark-Lighted,1,Dry,0,None,88,Not Applicable,88,Not Applicable,0,None,88,Not Applicable,88,Not Applicable,1,Non-Junction,1,Not at Intersection,1,No,1,No,88,Not Applicable,88,Not Applicable,88,Not Applicable,88,Not Applicable,FALSE,1,Public Road,1,"Trafficway, On Road",CT0009300,New Haven PD,279,44:23.0,C,Closed,01:13.0,,1,9100,4,MINOR ARTERIAL - NEW HPMS,1,Rural
1022453,1,Complete,1022453,1022453,41.308482,-72.912496,3516649,New Haven,93,93,New Haven,2/15/2023,2023,2,February,15,4,Wednesday,20:33:00,20,23006514,A,2,,Motor Vehicle In Motion,"Injury of any type (Serious, Minor, Possible)",C,Possible Injury (C),0,0,4,Local,1.38,264,GRAND AV,GRAND AV,HAMILTON ST NO 2,,,,,41.308482,-72.912496,14,Motor Vehicle in Operation,1,Front to rear,1,On Roadway,1,Clear,88,Not Applicable,4,Dark-Lighted,1,Dry,0,None,88,Not Applicable,88,Not Applicable,0,None,88,Not Applicable,88,Not Applicable,2,Intersection,2,Four-Way Intersection,1,No,1,No,88,Not Applicable,88,Not Applicable,88,Not Applicable,88,Not Applicable,TRUE,1,Public Road,1,"Trafficway, On Road",CT0009300,New Haven PD,409,52:21.0,C,Closed,01:20.0,,,,,,,
1022705,1,Complete,1022705,1022705,41.30697,-72.93721,3516901,New Haven,93,93,New Haven,2/9/2023,2023,2,February,9,5,Thursday,10:36:00,10,23005580,A,2,,Motor Vehicle In Motion,"Injury of any type (Serious, Minor, Possible)",C,Possible Injury (C),0,0,4,Local,0.74,809,REV DR MLK JR BLVD,REV DR MLK JR BLVD,HOWE ST,,,,,41.30697,-72.93721,14,Motor Vehicle in Operation,3,Angle,1,On Roadway,1,Clear,88,Not Applicable,1,Daylight,1,Dry,0,None,88,Not Applicable,88,Not Applicable,0,None,88,Not Applicable,88,Not Applicable,2,Intersection,2,Four-Way Intersection,1,No,1,No,88,Not Applicable,88,Not Applicable,88,Not Applicable,88,Not Applicable,TRUE,1,Public Road,1,"Trafficway, On Road",CT0009300,New Haven PD,324,11:05.0,C,Closed,00:22.0,,,,,,,
1022709,1,Complete,1022709,1022709,41.310462,-72.91211,3516905,New Haven,93,93,New Haven,2/13/2023,2023,2,February,13,2,Monday,23:45:00,23,23006195,A,1,,Pedestrian,"Injury of any type (Serious, Minor, Possible)",B,Suspected Minor Injury (B),1,0,4,Local,0.48,275,HAMILTON ST NO 2,HAMILTON ST NO 2,,SHEILA DR,20,Feet,S,41.310462,-72.91211,9,Pedestrian,88,Not Applicable,1,On Roadway,1,Clear,88,Not Applicable,4,Dark-Lighted,1,Dry,0,None,88,Not Applicable,88,Not Applicable,0,None,88,Not Applicable,88,Not Applicable,3,Intersection-Related,3,T-Intersection,1,No,1,No,88,Not Applicable,88,Not Applicable,88,Not Applicable,88,Not Applicable,TRUE,1,Public Road,1,"Trafficway, On Road",CT0009300,New Haven PD,86,17:20.0,C,Closed,00:21.0,,2,5300,4,MINOR ARTERIAL - NEW HPMS,2,Urban
1023032,1,Complete,1023032,1023032,41.327976,-72.878253,3517228,New Haven,93,93,New Haven,12/24/2022,2022,12,December,24,7,Saturday,2:20:00,2,22043442,A,2,,Motor Vehicle In Motion,"Injury of any type (Serious, Minor, Possible)",C,Possible Injury (C),0,0,3,State,0.55,17,17-N,17-N,FLINT ST,,,,,41.327976,-72.878253,14,Motor Vehicle in Operation,1,Front to rear,1,On Roadway,1,Clear,88,Not Applicable,4,Dark-Lighted,1,Dry,0,None,88,Not Applicable,88,Not Applicable,0,None,88,Not Applicable,88,Not Applicable,2,Intersection,3,T-Intersection,1,No,1,No,88,Not Applicable,88,Not Applicable,88,Not Applicable,88,Not Applicable,TRUE,1,Public Road,1,"Trafficway, On Road",CT0009300,New Haven PD,416,19:55.0,O,Open,01:01.0,,1,14300,3,PRINCIPAL ARTERIAL - OTHER - NEW HPMS,1,Rural
1023043,1,Complete,1023043,1023043,41.3209,-72.87399,3517239,New Haven,93,93,New Haven,2/14/2023,2023,2,February,14,3,Tuesday,7:22:00,7,23006211,A,2,,Motor Vehicle In Motion,"Injury of any type (Serious, Minor, Possible)",C,Possible Injury (C),0,0,3,State,0.44,80,80-E,80-E,103-N,,,,,41.3209,-72.87399,14,Motor Vehicle in Operation,3,Angle,1,On Roadway,1,Clear,88,Not Applicable,1,Daylight,1,Dry,3,Glare,88,Not Applicable,88,Not Applicable,0,None,88,Not Applicable,88,Not Applicable,2,Intersection,2,Four-Way Intersection,1,No,1,No,88,Not Applicable,88,Not Applicable,88,Not Applicable,88,Not Applicable,FALSE,1,Public Road,1,"Trafficway, On Road",CT0009300,New Haven PD,322,22:33.0,C,Closed,01:06.0,,2,32300,3,PRINCIPAL ARTERIAL - OTHER - NEW HPMS,2,Urban
1023045,1,Complete,1023045,1023045,41.31457,-72.90065,3517241,New Haven,93,93,New Haven,2/15/2023,2023,2,February,15,4,Wednesday,17:20:00,17,23006487,A,2,,Motor Vehicle In Motion,"Injury of any type (Serious, Minor, Possible)",C,Possible Injury (C),0,0,4,Local,0.18,379,LOMBARD ST,LOMBARD ST,BLATCHLEY AV,,,,,41.31457,-72.90065,14,Motor Vehicle in Operation,3,Angle,1,On Roadway,1,Clear,88,Not Applicable,3,Dusk,1,Dry,0,None,88,Not Applicable,88,Not Applicable,3,Backup Due to Regular Congestion,88,Not Applicable,88,Not Applicable,2,Intersection,2,Four-Way Intersection,1,No,1,No,88,Not Applicable,88,Not Applicable,88,Not Applicable,88,Not Applicable,FALSE,1,Public Road,1,"Trafficway, On Road",CT0009300,New Haven PD,36335,46:59.0,C,Closed,01:13.0,,,,,,,
1023048,1,Complete,1023048,1023048,41.32191,-72.89677,3517244,New Haven,93,93,New Haven,2/16/2023,2023,2,February,16,5,Thursday,18:24:00,18,23006650,A,3,,Motor Vehicle In Motion,"Injury of any type (Serious, Minor, Possible)",C,Possible Injury (C),0,0,2,USRoute,0.57,5,5-N,5-N,,GRACE ST,100,Feet,N,41.32191,-72.89677,14,Motor Vehicle in Operation,1,Front to rear,1,On Roadway,4,Rain,88,Not Applicable,4,Dark-Lighted,2,Wet,1,Weather Conditions,88,Not Applicable,88,Not Applicable,0,None,88,Not Applicable,88,Not Applicable,1,Non-Junction,1,Not at Intersection,1,No,1,No,88,Not Applicable,88,Not Applicable,88,Not Applicable,88,Not Applicable,FALSE,1,Public Road,1,"Trafficway, On Road",CT0009300,New Haven PD,223,16:49.0,C,Closed,01:11.0,,1,17500,4,MINOR ARTERIAL - NEW HPMS,1,Rural
1023052,1,Complete,1023052,1023052,41.31597,-72.94045,3517248,New Haven,93,93,New Haven,2/17/2023,2023,2,February,17,6,Friday,15:20:00,15,23006721,A,1,,Pedestrian,"Injury of any type (Serious, Minor, Possible)",C,Possible Injury (C),2,0,4,Local,0.44,653,WHALLEY AV,WHALLEY AV,HUDSON ST,,,,,41.31597,-72.94045,9,Pedestrian,88,Not Applicable,1,On Roadway,4,Rain,88,Not Applicable,1,Daylight,2,Wet,0,None,88,Not Applicable,88,Not Applicable,0,None,88,Not Applicable,88,Not Applicable,2,Intersection,3,T-Intersection,1,No,1,No,88,Not Applicable,88,Not Applicable,88,Not Applicable,88,Not Applicable,TRUE,1,Public Road,1,"Trafficway, On Road",CT0009300,New Haven PD,44046,09:01.0,C,Closed,01:10.0,,2,21100,3,PRINCIPAL ARTERIAL - OTHER - NEW HPMS,2,Urban
1023057,1,Complete,1023057,1023057,41.32427,-72.89639,3517253,New Haven,93,93,New Haven,2/17/2023,2023,2,February,17,6,Friday,17:20:00,17,23006758,A,2,,Motor Vehicle In Motion,"Injury of any type (Serious, Minor, Possible)",C,Possible Injury (C),0,0,2,USRoute,0.74,5,5-N,5-N,LYMAN ST,,,,,41.32427,-72.89639,14,Motor Vehicle in Operation,3,Angle,1,On Roadway,4,Rain,88,Not Applicable,4,Dark-Lighted,2,Wet,0,None,88,Not Applicable,88,Not Applicable,0,None,88,Not Applicable,88,Not Applicable,2,Intersection,3,T-Intersection,1,No,1,No,88,Not Applicable,88,Not Applicable,88,Not Applicable,88,Not Applicable,FALSE,1,Public Road,1,"Trafficway, On Road",CT0009300,New Haven PD,42052,41:52.0,C,Closed,01:13.0,,1,17500,4,MINOR ARTERIAL - NEW HPMS,1,Rural
1023062,1,Complete,1023062,1023062,41.3025212,-72.893285,3517258,New Haven,93,93,New Haven,2/18/2023,2023,2,February,18,7,Saturday,2:06:00,2,23006802,A,1,,Ran Off Roadway Right,"Injury of any type (Serious, Minor, Possible)",B,Suspected Minor Injury (B),0,1,4,Local,0.07,795,EAST FERRY ST,EAST FERRY ST,,FERRY ST,300,Feet,N,41.3025212,-72.893285,25,Curb,88,Not Applicable,1,On Roadway,1,Clear,88,Not Applicable,4,Dark-Lighted,1,Dry,0,None,88,Not Applicable,88,Not Applicable,0,None,88,Not Applicable,88,Not Applicable,1,Non-Junction,1,Not at Intersection,1,No,1,No,88,Not Applicable,88,Not Applicable,88,Not Applicable,88,Not Applicable,FALSE,1,Public Road,1,"Trafficway, On Road",CT0009300,New Haven PD,42055,19:21.0,C,Closed,01:20.0,,2,4000,4,MINOR ARTERIAL - NEW HPMS,2,Urban
1023503,1,Complete,1023503,1023503,41.308273,-72.931184,3517699,New Haven,93,93,New Haven,2/13/2023,2023,2,February,13,2,Monday,14:48:00,14,23006127,A,2,,Motor Vehicle In Motion,"Injury of any type (Serious, Minor, Possible)",C,Possible Injury (C),0,0,4,Local,2.09,97,CHAPEL ST,CHAPEL ST,,YORK ST,200,Feet,E,41.308273,-72.931184,14,Motor Vehicle in Operation,4,"Sideswipe, same direction",1,On Roadway,1,Clear,88,Not Applicable,99,Unknown,1,Dry,0,None,88,Not Applicable,88,Not Applicable,0,None,88,Not Applicable,88,Not Applicable,1,Non-Junction,1,Not at Intersection,1,No,1,No,88,Not Applicable,88,Not Applicable,88,Not Applicable,88,Not Applicable,FALSE,1,Public Road,1,"Trafficway, On Road",CT0009300,New Haven PD,44049,54:17.0,C,Closed,01:17.0,,,,,,,
1023506,1,Complete,1023506,1023506,41.32052,-72.87419,3517702,New Haven,93,93,New Haven,2/17/2023,2023,2,February,17,6,Friday,16:24:00,16,23006742,A,2,,Motor Vehicle In Motion,"Injury of any type (Serious, Minor, Possible)",C,Possible Injury (C),0,0,4,Local,2.2,498,QUINNIPIAC AV,QUINNIPIAC AV,,FOXON BLVD,100,Feet,S,41.32052,-72.87419,14,Motor Vehicle in Operation,3,Angle,1,On Roadway,4,Rain,88,Not Applicable,3,Dusk,2,Wet,0,None,88,Not Applicable,88,Not Applicable,0,None,88,Not Applicable,88,Not Applicable,8,Driveway Access,1,Not at Intersection,1,No,1,No,88,Not Applicable,88,Not Applicable,88,Not Applicable,88,Not Applicable,FALSE,1,Public Road,1,"Trafficway, On Road",CT0009300,New Haven PD,43776,58:42.0,C,Closed,01:23.0,,,,,,,
1023508,1,Complete,1023508,1023508,41.30085,-72.91081,3517704,New Haven,93,93,New Haven,2/18/2023,2023,2,February,18,7,Saturday,19:57:00,19,23006884,A,3,,Motor Vehicle In Motion,"Injury of any type (Serious, Minor, Possible)",C,Possible Injury (C),0,1,2,USRoute,48.96,1,1-N,1-N,EAST ST,,,,,41.30085,-72.91081,14,Motor Vehicle in Operation,2,Front to front,1,On Roadway,1,Clear,88,Not Applicable,4,Dark-Lighted,1,Dry,0,None,88,Not Applicable,88,Not Applicable,0,None,88,Not Applicable,88,Not Applicable,2,Intersection,2,Four-Way Intersection,1,No,1,No,88,Not Applicable,88,Not Applicable,88,Not Applicable,88,Not Applicable,FALSE,1,Public Road,1,"Trafficway, On Road",CT0009300,New Haven PD,11439,05:24.0,C,Closed,01:18.0,,2,6700,3,PRINCIPAL ARTERIAL - OTHER - NEW HPMS,2,Urban
1023510,1,Complete,1023510,1023510,41.318968,-72.948849,3517706,New Haven,93,93,New Haven,2/19/2023,2023,2,February,19,1,Sunday,13:42:00,13,23006956,A,2,,Motor Vehicle In Motion,"Injury of any type (Serious, Minor, Possible)",C,Possible Injury (C),0,0,4,Local,0.01,653,WHALLEY AV,WHALLEY AV,,ELLA T GRASSO BLVD,50,Feet,E,41.318968,-72.948849,14,Motor Vehicle in Operation,1,Front to rear,1,On Roadway,1,Clear,88,Not Applicable,1,Daylight,1,Dry,0,None,88,Not Applicable,88,Not Applicable,0,None,88,Not Applicable,88,Not Applicable,9,Driveway Access-Related,1,Not at Intersection,1,No,1,No,88,Not Applicable,88,Not Applicable,88,Not Applicable,88,Not Applicable,FALSE,1,Public Road,1,"Trafficway, On Road",CT0009300,New Haven PD,359,12:31.0,C,Closed,01:21.0,,,,,,,
1023514,1,Complete,1023514,1023514,41.289622,-72.896482,3517710,New Haven,93,93,New Haven,2/20/2023,2023,2,February,20,2,Monday,11:59:00,11,23007070,A,2,,Motor Vehicle In Motion,"Injury of any type (Serious, Minor, Possible)",C,Possible Injury (C),0,0,3,State,0.02,921,921-W,921-W,95-N-346,,,,,41.289622,-72.896482,14,Motor Vehicle in Operation,1,Front to rear,1,On Roadway,1,Clear,88,Not Applicable,1,Daylight,1,Dry,0,None,88,Not Applicable,88,Not Applicable,0,None,88,Not Applicable,88,Not Applicable,2,Intersection,2,Four-Way Intersection,1,No,1,No,88,Not Applicable,88,Not Applicable,88,Not Applicable,88,Not Applicable,FALSE,1,Public Road,1,"Trafficway, On Road",CT0009300,New Haven PD,156,44:17.0,C,Closed,01:23.0,,2,2000,5,MAJOR COLLECTOR - NEW HPMS,2,Urban
1023889,1,Complete,1023889,1023889,41.316292,-72.941381,3518085,New Haven,93,93,New Haven,2/4/2023,2023,2,February,4,7,Saturday,16:55:00,16,23004327,A,2,,Motor Vehicle In Motion,"Injury of any type (Serious, Minor, Possible)",C,Possible Injury (C),0,0,4,Local,0.44,653,WHALLEY AV,WHALLEY AV,HUDSON ST,,,,,41.316292,-72.941381,14,Motor Vehicle in Operation,3,Angle,1,On Roadway,1,Clear,88,Not Applicable,1,Daylight,1,Dry,0,None,88,Not Applicable,88,Not Applicable,0,None,88,Not Applicable,88,Not Applicable,2,Intersection,3,T-Intersection,1,No,1,No,88,Not Applicable,88,Not Applicable,88,Not Applicable,88,Not Applicable,FALSE,1,Public Road,1,"Trafficway, On Road",CT0009300,New Haven PD,44175,57:56.0,C,Closed,00:25.0,,,,,,,
1023893,1,Complete,1023893,1023893,41.305513,-72.93138,3518089,New Haven,93,93,New Haven,2/20/2023,2023,2,February,20,2,Monday,8:38:00,8,23007037,A,2,,Motor Vehicle In Motion,"Injury of any type (Serious, Minor, Possible)",C,Possible Injury (C),0,0,4,Local,1.04,248,GEORGE ST,GEORGE ST,,HIGH ST,100,Feet,E,41.305513,-72.93138,14,Motor Vehicle in Operation,2,Front to front,1,On Roadway,1,Clear,88,Not Applicable,1,Daylight,1,Dry,0,None,88,Not Applicable,88,Not Applicable,0,None,88,Not Applicable,88,Not Applicable,1,Non-Junction,1,Not at Intersection,1,No,1,No,88,Not Applicable,88,Not Applicable,88,Not Applicable,88,Not Applicable,TRUE,1,Public Road,1,"Trafficway, On Road",CT0009300,New Haven PD,40790,53:55.0,C,Closed,00:27.0,,,,,,,
1023895,1,Complete,1023895,1023895,41.300857,-72.936465,3518091,New Haven,93,93,New Haven,2/20/2023,2023,2,February,20,2,Monday,13:42:00,13,23007084,A,3,,Motor Vehicle In Motion,"Injury of any type (Serious, Minor, Possible)",A,Suspected Serious Injury (A),0,1,4,Local,0.63,123,CONGRESS AV,CONGRESS AV,VERNON ST,,,,,41.300857,-72.936465,14,Motor Vehicle in Operation,5,"Sideswipe, opposite direction",1,On Roadway,2,Cloudy,88,Not Applicable,1,Daylight,1,Dry,0,None,88,Not Applicable,88,Not Applicable,0,None,88,Not Applicable,88,Not Applicable,2,Intersection,3,T-Intersection,1,No,1,No,88,Not Applicable,88,Not Applicable,88,Not Applicable,88,Not Applicable,FALSE,1,Public Road,1,"Trafficway, On Road",CT0009300,New Haven PD,91,23:24.0,C,Closed,00:28.0,,,,,,,
1023896,1,Complete,1023896,1023896,41.3237598,-72.8815999,3518092,New Haven,93,93,New Haven,2/21/2023,2023,2,February,21,3,Tuesday,6:38:00,6,23007184,A,2,,Motor Vehicle In Motion,"Injury of any type (Serious, Minor, Possible)",C,Possible Injury (C),0,0,3,State,0,80,80-W,80-W,17-N,,,,,41.3237598,-72.8815999,14,Motor Vehicle in Operation,1,Front to rear,1,On Roadway,4,Rain,88,Not Applicable,3,Dusk,2,Wet,0,None,88,Not Applicable,88,Not Applicable,0,None,88,Not Applicable,88,Not Applicable,3,Intersection-Related,2,Four-Way Intersection,1,No,1,No,88,Not Applicable,88,Not Applicable,88,Not Applicable,88,Not Applicable,FALSE,1,Public Road,1,"Trafficway, On Road",CT0009300,New Haven PD,42048,46:55.0,C,Closed,00:29.0,,2,32300,3,PRINCIPAL ARTERIAL - OTHER - NEW HPMS,2,Urban
1023900,1,Complete,1023900,1023900,41.30263,-72.92798,3518096,New Haven,93,93,New Haven,2/21/2023,2023,2,February,21,3,Tuesday,13:02:00,13,23007247,A,2,,Motor Vehicle In Motion,"Injury of any type (Serious, Minor, Possible)",C,Possible Injury (C),0,0,4,Local,0.17,809,REV DR MLK JR BLVD,REV DR MLK JR BLVD,,CHURCH STREET,20,Feet,E,41.30263,-72.92798,14,Motor Vehicle in Operation,1,Front to rear,1,On Roadway,1,Clear,88,Not Applicable,1,Daylight,1,Dry,0,None,88,Not Applicable,88,Not Applicable,0,None,88,Not Applicable,88,Not Applicable,1,Non-Junction,1,Not at Intersection,1,No,1,No,88,Not Applicable,88,Not Applicable,88,Not Applicable,88,Not Applicable,FALSE,1,Public Road,1,"Trafficway, On Road",CT0009300,New Haven PD,42045,21:55.0,C,Closed,00:33.0,,,,,,,
1023906,1,Complete,1023906,1023906,41.306577,-72.927005,3518102,New Haven,93,93,New Haven,2/21/2023,2023,2,February,21,3,Tuesday,20:39:00,20,23007306,A,2,,Motor Vehicle In Motion,"Injury of any type (Serious, Minor, Possible)",C,Possible Injury (C),0,1,4,Local,0.57,588,TEMPLE ST,TEMPLE ST,CHAPEL ST,,,,,41.306577,-72.927005,14,Motor Vehicle in Operation,3,Angle,1,On Roadway,1,Clear,88,Not Applicable,4,Dark-Lighted,2,Wet,0,None,88,Not Applicable,88,Not Applicable,0,None,88,Not Applicable,88,Not Applicable,3,Intersection-Related,2,Four-Way Intersection,1,No,1,No,88,Not Applicable,88,Not Applicable,88,Not Applicable,88,Not Applicable,FALSE,1,Public Road,1,"Trafficway, On Road",CT0009300,New Haven PD,221,23:53.0,C,Closed,00:35.0,,,,,,,
1024510,1,Complete,1024510,1024510,41.3246654,-72.9165072,3518706,New Haven,93,93,New Haven,2/21/2023,2023,2,February,21,3,Tuesday,12:52:00,12,23007243,A,2,,Motor Vehicle In Motion,"Injury of any type (Serious, Minor, Possible)",B,Suspected Minor Injury (B),0,0,4,Local,1.04,656,WHITNEY AV,WHITNEY AV,CANNER ST,,,,,41.3246654,-72.9165072,14,Motor Vehicle in Operation,3,Angle,1,On Roadway,2,Cloudy,88,Not Applicable,1,Daylight,2,Wet,0,None,88,Not Applicable,88,Not Applicable,0,None,88,Not Applicable,88,Not Applicable,2,Intersection,2,Four-Way Intersection,1,No,1,No,88,Not Applicable,88,Not Applicable,88,Not Applicable,88,Not Applicable,FALSE,1,Public Road,1,"Trafficway, On Road",CT0009300,New Haven PD,42048,13:30.0,C,Closed,01:58.0,,,,,,,
1024512,1,Complete,1024512,1024512,41.31238,-72.927268,3518708,New Haven,93,93,New Haven,2/21/2023,2023,2,February,21,3,Tuesday,20:57:00,20,23007307,A,3,,Motor Vehicle In Motion,"Injury of any type (Serious, Minor, Possible)",C,Possible Injury (C),0,0,4,Local,0.46,271,GROVE ST,GROVE ST,,HIGH ST,25,Feet,W,41.31238,-72.927268,14,Motor Vehicle in Operation,1,Front to rear,1,On Roadway,4,Rain,88,Not Applicable,4,Dark-Lighted,2,Wet,0,None,88,Not Applicable,88,Not Applicable,0,None,88,Not Applicable,88,Not Applicable,1,Non-Junction,1,Not at Intersection,1,No,1,No,88,Not Applicable,88,Not Applicable,88,Not Applicable,88,Not Applicable,FALSE,1,Public Road,1,"Trafficway, On Road",CT0009300,New Haven PD,40788,39:37.0,C,Closed,02:05.0,,,,,,,