CrashId,Fatal Case Status,Fatal Case Status Text Format,CrashId,CrashId,Latitude,Longitude,DOT Case Number,Town Name,Town Number,Town Number,Town Number Text Format,Date Of Crash,Year,Month,Month Text Format,Day,Day of the Week,Day of the Week Text Format,Time of Crash,Hour of the Day,Case Identifier,Crash Severity,Number Of Motor Vehicles,Motor vehicle action,Most harmful event,Crash Severity Text Format,Most Severe Injury,Most Severe Injury Text Format,Number Of Non-Motorist,Number Of Witnesses,Route Class,Route Class Text Format,Milemarker,Road Number,Road Description,Roadway Name,Intersecting Roadway Name,Landmark Description,Distance From Nearest Landmark,Unit Of Measure From Nearest Landmark,Direction From Nearest Landmark,Latitude,Longitude,First Harmful Event,First Harmful Event Text Format,Manner of Crash / Collision Impact,Manner of Crash / Collision Impact Text Format,Location of First Harmful Event,Location of First Harmful Event Text Format,Weather Condition,Weather Condition Text Format,Weather 2,Weather 2 Text Format,Light Condition,Light Condition Text Format,Road Surface Condition,Road Surface Condition Text Format,"Contributing Circumstances, Environment","Contributing Circumstances, Environment Text Format",Environment 2,Environment 2 Text Format,Environment 3,Environment 3 Text Format,"Contributing Circumstances, Road","Contributing Circumstances, Road Text Format",Road 2,Road 2 Text Format,Road 3,Road 3 Text Format,Crash Specific Location,Crash Specific Location Text Format,Type of Intersection,Type of Intersection Text Format,School Bus Related,School Bus Related Text Format,Work Zone Related,Work Zone Related Text Format,Location Of Crash Relative To Work Zone,Location Of Crash Relative To Work Zone Text Format,Type of Work Zone,Type of Work Zone Text Format,Worker Presence,Worker Presence Text Format,Law Enforcement Presence,Law Enforcement Presence Text Format,Were Vehicles Moved Prior To Police Arrival,Trafficway Ownership,Trafficway Ownership Text Format,Trafficway Class,Trafficway Class Text Format,Police Agency,Police Agency Text Format,Badge Number,Approval Date,Police Case Status,Police Case Status Text Format,Crash Report Submission Date,Related Case Identifiers,No. of Through Lanes (Log Dir.),Average Daily Traffic,Functional Classification,Functional Classification Text Format,Rural or Urban,Rural or Urban Text Format
1024518,1,Complete,1024518,1024518,41.31039,-72.94028,3518714,New Haven,93,93,New Haven,2/22/2023,2023,2,February,22,4,Wednesday,15:56:00,15,23007401,A,2,,Motor Vehicle In Motion,"Injury of any type (Serious, Minor, Possible)",C,Possible Injury (C),0,0,4,Local,2.58,97,CHAPEL ST,CHAPEL ST,KENSINGTON ST,,,,,41.31039,-72.94028,14,Motor Vehicle in Operation,4,"Sideswipe, same direction",1,On Roadway,1,Clear,88,Not Applicable,1,Daylight,1,Dry,0,None,88,Not Applicable,88,Not Applicable,0,None,88,Not Applicable,88,Not Applicable,2,Intersection,3,T-Intersection,1,No,1,No,88,Not Applicable,88,Not Applicable,88,Not Applicable,88,Not Applicable,FALSE,1,Public Road,1,"Trafficway, On Road",CT0009300,New Haven PD,44068,01:01.0,C,Closed,02:03.0,,,,,,,
1027723,1,Complete,1027723,1027723,41.261883,-72.894199,922126,New Haven,93,93,New Haven,5/22/2022,2022,5,May,22,1,Sunday,20:20:00,20,22017026,K,1,Straight Ahead,Pedalcycle/Pedalcyclist,Fatal (Kill),K,Fatal Injury (K),1,0,3,State,1.99,337,337-E,337-E,,Beecher Place,115,Feet,E,41.261883,-72.894199,10,Pedalcycle/Pedalcyclist,1,Front to rear,1,On Roadway,1,Clear,88,Not Applicable,1,Daylight,1,Dry,0,None,88,Not Applicable,88,Not Applicable,0,None,88,Not Applicable,88,Not Applicable,1,Non-Junction,1,Not at Intersection,1,No,1,No,88,Not Applicable,88,Not Applicable,88,Not Applicable,88,Not Applicable,FALSE,1,Public Road,1,"Trafficway, On Road",CT0009300,New Haven PD,42367,55:33.0,O,Open,08:58.0,,1,5500,4,MINOR ARTERIAL - NEW HPMS,1,Rural
1027726,1,Complete,1027726,1027726,41.30559,-72.93377,3521920,New Haven,93,93,New Haven,1/25/2023,2023,1,January,25,4,Wednesday,19:22:00,19,23003384,A,2,,Motor Vehicle In Motion,"Injury of any type (Serious, Minor, Possible)",C,Possible Injury (C),0,0,4,Local,0.54,809,REV DR MLK JR BLVD,REV DR MLK JR BLVD,YORK ST,,,,,41.30559,-72.93377,14,Motor Vehicle in Operation,5,"Sideswipe, opposite direction",1,On Roadway,4,Rain,88,Not Applicable,4,Dark-Lighted,2,Wet,0,None,88,Not Applicable,88,Not Applicable,0,None,88,Not Applicable,88,Not Applicable,2,Intersection,2,Four-Way Intersection,1,No,1,No,88,Not Applicable,88,Not Applicable,88,Not Applicable,88,Not Applicable,FALSE,1,Public Road,1,"Trafficway, On Road",CT0009300,New Haven PD,40788,48:35.0,C,Closed,09:00.0,,3,15100,4,MINOR ARTERIAL - NEW HPMS,2,Urban
1027727,1,Complete,1027727,1027727,41.2977,-72.93973,3521921,New Haven,93,93,New Haven,2/7/2023,2023,2,February,7,3,Tuesday,9:02:00,9,23005218,A,2,,Motor Vehicle In Motion,"Injury of any type (Serious, Minor, Possible)",C,Possible Injury (C),0,0,2,USRoute,47.11,1,1-N,1-N,REDFIELD ST,,,,,41.2977,-72.93973,14,Motor Vehicle in Operation,3,Angle,1,On Roadway,1,Clear,88,Not Applicable,1,Daylight,1,Dry,0,None,88,Not Applicable,88,Not Applicable,0,None,88,Not Applicable,88,Not Applicable,2,Intersection,3,T-Intersection,1,No,1,No,88,Not Applicable,88,Not Applicable,88,Not Applicable,88,Not Applicable,FALSE,1,Public Road,1,"Trafficway, On Road",CT0009300,New Haven PD,293,12:35.0,C,Closed,09:03.0,,1,8600,3,PRINCIPAL ARTERIAL - OTHER - NEW HPMS,1,Rural
1027729,1,Complete,1027729,1027729,41.301515,-72.950827,3521923,New Haven,93,93,New Haven,2/10/2023,2023,2,February,10,6,Friday,16:01:00,16,23005777,A,3,,Motor Vehicle In Motion,"Injury of any type (Serious, Minor, Possible)",C,Possible Injury (C),0,0,3,State,1.76,10,10-N,10-N,,LEGION AVE,1500,Feet,S,41.301515,-72.950827,14,Motor Vehicle in Operation,1,Front to rear,1,On Roadway,1,Clear,88,Not Applicable,1,Daylight,1,Dry,0,None,88,Not Applicable,88,Not Applicable,0,None,88,Not Applicable,88,Not Applicable,1,Non-Junction,1,Not at Intersection,1,No,1,No,88,Not Applicable,88,Not Applicable,88,Not Applicable,88,Not Applicable,FALSE,1,Public Road,1,"Trafficway, On Road",CT0009300,New Haven PD,158,19:31.0,C,Closed,09:19.0,,2,20800,3,PRINCIPAL ARTERIAL - OTHER - NEW HPMS,2,Urban
1027735,1,Complete,1027735,1027735,41.301625,-72.926939,3521929,New Haven,93,93,New Haven,2/17/2023,2023,2,February,17,6,Friday,15:00:00,15,23006717,A,2,,Motor Vehicle In Motion,"Injury of any type (Serious, Minor, Possible)",B,Suspected Minor Injury (B),0,0,4,Local,0.14,809,REV DR MLK JR BLVD,REV DR MLK JR BLVD,CHURCH ST SOUTH NO 1,,,,,41.301625,-72.926939,14,Motor Vehicle in Operation,3,Angle,1,On Roadway,4,Rain,88,Not Applicable,1,Daylight,2,Wet,0,None,88,Not Applicable,88,Not Applicable,0,None,88,Not Applicable,88,Not Applicable,2,Intersection,2,Four-Way Intersection,1,No,1,No,88,Not Applicable,88,Not Applicable,88,Not Applicable,88,Not Applicable,FALSE,1,Public Road,1,"Trafficway, On Road",CT0009300,New Haven PD,293,49:03.0,C,Closed,09:20.0,,,,,,,
1027746,1,Complete,1027746,1027746,41.314824,-72.878042,3521940,New Haven,93,93,New Haven,2/22/2023,2023,2,February,22,4,Wednesday,19:22:00,19,23007449,A,1,,Pedestrian,"Injury of any type (Serious, Minor, Possible)",B,Suspected Minor Injury (B),1,2,4,Local,1.76,498,QUINNIPIAC AV,QUINNIPIAC AV,,HEMINGWAY AVE,500,Feet,N,41.314824,-72.878042,9,Pedestrian,88,Not Applicable,1,On Roadway,4,Rain,88,Not Applicable,5,Dark-Not Lighted,2,Wet,0,None,88,Not Applicable,88,Not Applicable,0,None,88,Not Applicable,88,Not Applicable,1,Non-Junction,1,Not at Intersection,1,No,1,No,88,Not Applicable,88,Not Applicable,88,Not Applicable,88,Not Applicable,FALSE,1,Public Road,1,"Trafficway, On Road",CT0009300,New Haven PD,322,25:19.0,C,Closed,09:10.0,,2,6400,4,MINOR ARTERIAL - NEW HPMS,2,Urban
1027748,1,Complete,1027748,1027748,41.2889,-72.931701,3521942,New Haven,93,93,New Haven,2/23/2023,2023,2,February,23,5,Thursday,8:50:00,8,23007494,A,2,,Motor Vehicle In Motion,"Injury of any type (Serious, Minor, Possible)",C,Possible Injury (C),0,1,4,Local,1.23,308,HOWARD AV,HOWARD AV,SECOND ST NO 1,,,,,41.2889,-72.931701,14,Motor Vehicle in Operation,3,Angle,1,On Roadway,2,Cloudy,88,Not Applicable,1,Daylight,2,Wet,0,None,88,Not Applicable,88,Not Applicable,0,None,88,Not Applicable,88,Not Applicable,2,Intersection,2,Four-Way Intersection,1,No,1,No,88,Not Applicable,88,Not Applicable,88,Not Applicable,88,Not Applicable,TRUE,1,Public Road,1,"Trafficway, On Road",CT0009300,New Haven PD,324,39:57.0,C,Closed,09:21.0,,,,,,,
1027755,1,Complete,1027755,1027755,41.312451,-72.92014,3521949,New Haven,93,93,New Haven,2/23/2023,2023,2,February,23,5,Thursday,16:51:00,16,23007573,A,2,,Motor Vehicle In Motion,"Injury of any type (Serious, Minor, Possible)",C,Possible Injury (C),0,0,4,Local,0.27,601,TRUMBULL ST,TRUMBULL ST,LINCOLN ST,,,,,41.312451,-72.92014,14,Motor Vehicle in Operation,1,Front to rear,1,On Roadway,1,Clear,88,Not Applicable,1,Daylight,1,Dry,0,None,88,Not Applicable,88,Not Applicable,0,None,88,Not Applicable,88,Not Applicable,2,Intersection,2,Four-Way Intersection,2,"Yes, School Bus Directly Involved",1,No,88,Not Applicable,88,Not Applicable,88,Not Applicable,88,Not Applicable,FALSE,1,Public Road,1,"Trafficway, On Road",CT0009300,New Haven PD,41103,00:43.0,C,Closed,09:07.0,,,,,,,
1027757,1,Complete,1027757,1027757,41.314035,-72.951498,3521951,New Haven,93,93,New Haven,2/23/2023,2023,2,February,23,5,Thursday,19:58:00,19,23007616,A,2,,Motor Vehicle In Motion,"Injury of any type (Serious, Minor, Possible)",C,Possible Injury (C),0,0,3,State,2.67,10,10-N,10-N,,STANLEY ST,100,Feet,N,41.314035,-72.951498,14,Motor Vehicle in Operation,4,"Sideswipe, same direction",1,On Roadway,4,Rain,88,Not Applicable,4,Dark-Lighted,2,Wet,0,None,88,Not Applicable,88,Not Applicable,0,None,88,Not Applicable,88,Not Applicable,1,Non-Junction,1,Not at Intersection,1,No,1,No,88,Not Applicable,88,Not Applicable,88,Not Applicable,88,Not Applicable,TRUE,1,Public Road,1,"Trafficway, On Road",CT0009300,New Haven PD,40788,06:00.0,O,Open,09:07.0,,1,16900,3,PRINCIPAL ARTERIAL - OTHER - NEW HPMS,1,Rural
1027761,1,Complete,1027761,1027761,41.310419,-72.941559,3521955,New Haven,93,93,New Haven,2/24/2023,2023,2,February,24,6,Friday,9:35:00,9,23007664,A,2,,Motor Vehicle In Motion,"Injury of any type (Serious, Minor, Possible)",C,Possible Injury (C),0,0,4,Local,0.63,453,ORCHARD ST,ORCHARD ST,,CHAPEL ST,85,Feet,S,41.310419,-72.941559,14,Motor Vehicle in Operation,4,"Sideswipe, same direction",1,On Roadway,2,Cloudy,88,Not Applicable,1,Daylight,1,Dry,0,None,88,Not Applicable,88,Not Applicable,0,None,88,Not Applicable,88,Not Applicable,1,Non-Junction,1,Not at Intersection,1,No,1,No,88,Not Applicable,88,Not Applicable,88,Not Applicable,88,Not Applicable,FALSE,1,Public Road,1,"Trafficway, On Road",CT0009300,New Haven PD,465,36:43.0,C,Closed,09:14.0,,,,,,,
1027767,1,Complete,1027767,1027767,41.316633,-72.930098,3521961,New Haven,93,93,New Haven,2/24/2023,2023,2,February,24,6,Friday,13:27:00,13,23007694,A,2,,Motor Vehicle In Motion,"Injury of any type (Serious, Minor, Possible)",C,Possible Injury (C),0,0,4,Local,0.17,716,FRANCES HUNTER DR,FRANCES HUNTER DR,,ASHMUN ST,215,Feet,W,41.316633,-72.930098,14,Motor Vehicle in Operation,6,Rear to side,1,On Roadway,1,Clear,88,Not Applicable,1,Daylight,1,Dry,0,None,88,Not Applicable,88,Not Applicable,0,None,88,Not Applicable,88,Not Applicable,1,Non-Junction,1,Not at Intersection,1,No,1,No,88,Not Applicable,88,Not Applicable,88,Not Applicable,88,Not Applicable,FALSE,1,Public Road,1,"Trafficway, On Road",CT0009300,New Haven PD,42054,27:22.0,C,Closed,09:18.0,,,,,,,
1027772,1,Complete,1027772,1027772,41.31068,-72.917356,3521966,New Haven,93,93,New Haven,2/25/2023,2023,2,February,25,7,Saturday,12:06:00,12,23007794,A,2,,Motor Vehicle In Motion,"Injury of any type (Serious, Minor, Possible)",C,Possible Injury (C),0,0,1,Interstate,0,91,91-N-135,91-N-135,STATE ST,,,,,41.31068,-72.917356,14,Motor Vehicle in Operation,1,Front to rear,1,On Roadway,7,Snow,2,Cloudy,1,Daylight,3,Snow,1,Weather Conditions,88,Not Applicable,88,Not Applicable,0,None,88,Not Applicable,88,Not Applicable,2,Intersection,3,T-Intersection,1,No,1,No,88,Not Applicable,88,Not Applicable,88,Not Applicable,88,Not Applicable,FALSE,1,Public Road,1,"Trafficway, On Road",CT0009300,New Haven PD,165,40:12.0,C,Closed,09:28.0,,2,28800,1,INTERSTATE - NEW HPMS,2,Urban
1027777,1,Complete,1027777,1027777,41.330395,-72.965432,3521971,New Haven,93,93,New Haven,2/25/2023,2023,2,February,25,7,Saturday,13:03:00,13,23007803,A,1,,Guardrail End,"Injury of any type (Serious, Minor, Possible)",B,Suspected Minor Injury (B),0,0,4,Local,0.84,612,VALLEY ST NO 1,VALLEY ST NO 1,,W Hills Rd,275,Feet,W,41.330395,-72.965432,29,Guardrail End,88,Not Applicable,1,On Roadway,7,Snow,88,Not Applicable,1,Daylight,3,Snow,1,Weather Conditions,88,Not Applicable,88,Not Applicable,5,"Road Surface Condition (wet, icy, snow, slush, etc.)",88,Not Applicable,88,Not Applicable,1,Non-Junction,1,Not at Intersection,1,No,1,No,88,Not Applicable,88,Not Applicable,88,Not Applicable,88,Not Applicable,FALSE,1,Public Road,1,"Trafficway, On Road",CT0009300,New Haven PD,66,33:41.0,C,Closed,09:27.0,,2,11500,5,MAJOR COLLECTOR - NEW HPMS,2,Urban
1027781,1,Complete,1027781,1027781,41.327995,-72.878239,3521975,New Haven,93,93,New Haven,2/25/2023,2023,2,February,25,7,Saturday,12:51:00,12,23007808,A,2,,Motor Vehicle In Motion,"Injury of any type (Serious, Minor, Possible)",C,Possible Injury (C),0,0,4,Local,0,220,FLINT ST,FLINT ST,17-N,,,,,41.327995,-72.878239,14,Motor Vehicle in Operation,1,Front to rear,1,On Roadway,7,Snow,88,Not Applicable,1,Daylight,5,Ice / Frost,1,Weather Conditions,88,Not Applicable,88,Not Applicable,0,None,88,Not Applicable,88,Not Applicable,3,Intersection-Related,3,T-Intersection,1,No,1,No,88,Not Applicable,88,Not Applicable,88,Not Applicable,88,Not Applicable,TRUE,1,Public Road,1,"Trafficway, On Road",CT0009300,New Haven PD,344,37:34.0,C,Closed,09:29.0,,,,,,,
1027787,1,Complete,1027787,1027787,41.316709,-72.936362,3521981,New Haven,93,93,New Haven,2/25/2023,2023,2,February,25,7,Saturday,16:51:00,16,23007826,A,2,,Motor Vehicle In Motion,"Injury of any type (Serious, Minor, Possible)",B,Suspected Minor Injury (B),0,0,4,Local,0.35,257,GOFFE ST,GOFFE ST,,WINTER ST,200,Feet,N,41.316709,-72.936362,14,Motor Vehicle in Operation,1,Front to rear,1,On Roadway,1,Clear,88,Not Applicable,1,Daylight,1,Dry,0,None,88,Not Applicable,88,Not Applicable,0,None,88,Not Applicable,88,Not Applicable,1,Non-Junction,1,Not at Intersection,1,No,1,No,88,Not Applicable,88,Not Applicable,88,Not Applicable,88,Not Applicable,FALSE,1,Public Road,1,"Trafficway, On Road",CT0009300,New Haven PD,42046,41:52.0,C,Closed,09:57.0,,,,,,,
1027789,1,Complete,1027789,1027789,41.306057,-72.942646,3521983,New Haven,93,93,New Haven,2/25/2023,2023,2,February,25,7,Saturday,18:01:00,18,23007834,A,2,,Motor Vehicle In Motion,"Injury of any type (Serious, Minor, Possible)",C,Possible Injury (C),0,1,4,Local,0.52,360,LEGION AV-RT 34,LEGION AV-RT 34,ORCHARD ST,,,,,41.306057,-72.942646,14,Motor Vehicle in Operation,5,"Sideswipe, opposite direction",1,On Roadway,1,Clear,88,Not Applicable,4,Dark-Lighted,1,Dry,0,None,88,Not Applicable,88,Not Applicable,0,None,88,Not Applicable,88,Not Applicable,2,Intersection,4,Y-Intersection,1,No,1,No,88,Not Applicable,88,Not Applicable,88,Not Applicable,88,Not Applicable,FALSE,1,Public Road,1,"Trafficway, On Road",CT0009300,New Haven PD,44065,23:32.0,C,Closed,09:54.0,,,,,,,
1027790,1,Complete,1027790,1027790,41.315516,-72.939226,3521984,New Haven,93,93,New Haven,2/25/2023,2023,2,February,25,7,Saturday,18:29:00,18,23007842,A,2,,Motor Vehicle In Motion,"Injury of any type (Serious, Minor, Possible)",C,Possible Injury (C),0,0,4,Local,0.56,653,WHALLEY AV,WHALLEY AV,ORCHARD ST,,,,,41.315516,-72.939226,14,Motor Vehicle in Operation,1,Front to rear,1,On Roadway,1,Clear,88,Not Applicable,5,Dark-Not Lighted,1,Dry,0,None,88,Not Applicable,88,Not Applicable,0,None,88,Not Applicable,88,Not Applicable,2,Intersection,2,Four-Way Intersection,1,No,1,No,88,Not Applicable,88,Not Applicable,88,Not Applicable,88,Not Applicable,FALSE,1,Public Road,1,"Trafficway, On Road",CT0009300,New Haven PD,44062,29:51.0,C,Closed,10:11.0,,,,,,,
1027793,1,Complete,1027793,1027793,41.29209,-72.92158,3521987,New Haven,93,93,New Haven,2/26/2023,2023,2,February,26,1,Sunday,0:05:00,0,23007863,A,2,,Motor Vehicle In Motion,"Injury of any type (Serious, Minor, Possible)",B,Suspected Minor Injury (B),0,0,4,Local,0.63,359,SARGENT DR,SARGENT DR,CHURCH ST SOUTH NO 2,,,,,41.29209,-72.92158,14,Motor Vehicle in Operation,2,Front to front,1,On Roadway,1,Clear,88,Not Applicable,4,Dark-Lighted,1,Dry,0,None,88,Not Applicable,88,Not Applicable,0,None,88,Not Applicable,88,Not Applicable,2,Intersection,3,T-Intersection,1,No,1,No,88,Not Applicable,88,Not Applicable,88,Not Applicable,88,Not Applicable,FALSE,1,Public Road,1,"Trafficway, On Road",CT0009300,New Haven PD,44045,49:33.0,C,Closed,09:41.0,,,,,,,
1027795,1,Complete,1027795,1027795,41.3107053,-72.9299766,3521989,New Haven,93,93,New Haven,2/26/2023,2023,2,February,26,1,Sunday,1:34:00,1,23007873,A,2,,Pedestrian,"Injury of any type (Serious, Minor, Possible)",A,Suspected Serious Injury (A),1,4,4,Local,0.2,726,ELM ST NO 2,ELM ST NO 2,YORK ST,,,,,41.3107053,-72.9299766,9,Pedestrian,3,Angle,1,On Roadway,1,Clear,88,Not Applicable,4,Dark-Lighted,1,Dry,0,None,88,Not Applicable,88,Not Applicable,0,None,88,Not Applicable,88,Not Applicable,2,Intersection,2,Four-Way Intersection,1,No,1,No,88,Not Applicable,88,Not Applicable,88,Not Applicable,88,Not Applicable,TRUE,1,Public Road,1,"Trafficway, On Road",CT0009300,New Haven PD,40952,21:50.0,O,Open,09:32.0,,,,,,,
1027802,1,Complete,1027802,1027802,41.319905,-72.906276,3521996,New Haven,93,93,New Haven,2/26/2023,2023,2,February,26,1,Sunday,19:30:00,19,23007945,A,2,,Motor Vehicle In Motion,"Injury of any type (Serious, Minor, Possible)",C,Possible Injury (C),0,0,4,Local,0.31,666,WILLOW ST,WILLOW ST,MITCHELL DR,,,,,41.319905,-72.906276,14,Motor Vehicle in Operation,1,Front to rear,1,On Roadway,1,Clear,88,Not Applicable,4,Dark-Lighted,1,Dry,0,None,88,Not Applicable,88,Not Applicable,0,None,88,Not Applicable,88,Not Applicable,2,Intersection,3,T-Intersection,1,No,1,No,88,Not Applicable,88,Not Applicable,88,Not Applicable,88,Not Applicable,FALSE,1,Public Road,1,"Trafficway, On Road",CT0009300,New Haven PD,41103,04:06.0,C,Closed,09:42.0,,,,,,,
1027807,1,Complete,1027807,1027807,41.319342,-72.904827,3522001,New Haven,93,93,New Haven,2/27/2023,2023,2,February,27,2,Monday,6:25:00,6,23007981,A,2,,Motor Vehicle In Motion,"Injury of any type (Serious, Minor, Possible)",C,Possible Injury (C),0,1,1,Interstate,0,91,91-S-139,91-S-139,WILLOW ST,,,,S,41.319342,-72.904827,14,Motor Vehicle in Operation,3,Angle,1,On Roadway,1,Clear,88,Not Applicable,1,Daylight,1,Dry,99,Unknown,88,Not Applicable,88,Not Applicable,0,None,88,Not Applicable,88,Not Applicable,4,Entrance / Exit Ramp,1,Not at Intersection,1,No,1,No,88,Not Applicable,88,Not Applicable,88,Not Applicable,88,Not Applicable,TRUE,1,Public Road,1,"Trafficway, On Road",CT0009300,New Haven PD,42042,07:13.0,C,Closed,10:06.0,,2,28800,1,INTERSTATE - NEW HPMS,2,Urban
1027811,1,Complete,1027811,1027811,41.317355,-72.913053,3522005,New Haven,93,93,New Haven,2/27/2023,2023,2,February,27,2,Monday,9:31:00,9,23007996,A,2,,Motor Vehicle In Motion,"Injury of any type (Serious, Minor, Possible)",C,Possible Injury (C),0,0,4,Local,0.58,184,EDWARDS ST,EDWARDS ST,,FOSTER ST,100,Feet,W,41.317355,-72.913053,14,Motor Vehicle in Operation,2,Front to front,1,On Roadway,1,Clear,88,Not Applicable,1,Daylight,1,Dry,0,None,88,Not Applicable,88,Not Applicable,0,None,88,Not Applicable,88,Not Applicable,1,Non-Junction,1,Not at Intersection,1,No,1,No,88,Not Applicable,88,Not Applicable,88,Not Applicable,88,Not Applicable,FALSE,1,Public Road,1,"Trafficway, On Road",CT0009300,New Haven PD,106,53:08.0,C,Closed,09:54.0,,,,,,,
1027813,1,Complete,1027813,1027813,41.327631,-72.878819,3522007,New Haven,93,93,New Haven,2/27/2023,2023,2,February,27,2,Monday,11:29:00,11,23008025,A,2,,Motor Vehicle In Motion,"Injury of any type (Serious, Minor, Possible)",C,Possible Injury (C),0,0,1,Interstate,0,91,91-N-19,91-N-19,17-N,,,,,41.327631,-72.878819,14,Motor Vehicle in Operation,3,Angle,1,On Roadway,1,Clear,88,Not Applicable,1,Daylight,1,Dry,0,None,88,Not Applicable,88,Not Applicable,0,None,88,Not Applicable,88,Not Applicable,2,Intersection,3,T-Intersection,1,No,1,No,88,Not Applicable,88,Not Applicable,88,Not Applicable,88,Not Applicable,FALSE,1,Public Road,1,"Trafficway, On Road",CT0009300,New Haven PD,430,33:08.0,C,Closed,09:48.0,,2,28800,1,INTERSTATE - NEW HPMS,2,Urban
1027820,1,Complete,1027820,1027820,41.331412,-72.956472,3522014,New Haven,93,93,New Haven,2/28/2023,2023,2,February,28,3,Tuesday,8:42:00,8,23008169,A,1,,Utility Pole,"Injury of any type (Serious, Minor, Possible)",C,Possible Injury (C),0,0,4,Local,0.2,572,SPRINGSIDE AV,SPRINGSIDE AV,,HARD ST,200,Feet,N,41.331412,-72.956472,33,Utility Pole/Light Support,88,Not Applicable,8,"Off Roadway,  Location Unknown",7,Snow,88,Not Applicable,1,Daylight,3,Snow,1,Weather Conditions,88,Not Applicable,88,Not Applicable,0,None,88,Not Applicable,88,Not Applicable,1,Non-Junction,1,Not at Intersection,1,No,1,No,88,Not Applicable,88,Not Applicable,88,Not Applicable,88,Not Applicable,FALSE,1,Public Road,1,"Trafficway, On Road",CT0009300,New Haven PD,503,43:24.0,C,Closed,09:58.0,,2,4266,7,LOCAL - NEW HPMS,2,Urban
1027834,1,Complete,1027834,1027834,41.306953,-72.942495,3522028,New Haven,93,93,New Haven,2/28/2023,2023,2,February,28,3,Tuesday,14:43:00,14,23008215,A,2,,Motor Vehicle In Motion,"Injury of any type (Serious, Minor, Possible)",B,Suspected Minor Injury (B),0,1,4,Local,1.02,809,REV DR MLK JR BLVD,REV DR MLK JR BLVD,ORCHARD ST,,,,,41.306953,-72.942495,14,Motor Vehicle in Operation,3,Angle,1,On Roadway,7,Snow,88,Not Applicable,1,Daylight,2,Wet,0,None,88,Not Applicable,88,Not Applicable,0,None,88,Not Applicable,88,Not Applicable,2,Intersection,2,Four-Way Intersection,1,No,1,No,88,Not Applicable,88,Not Applicable,88,Not Applicable,88,Not Applicable,FALSE,1,Public Road,1,"Trafficway, On Road",CT0009300,New Haven PD,293,16:04.0,O,Open,10:09.0,,,,,,,
1027837,1,Complete,1027837,1027837,41.3191,-72.89288,3522031,New Haven,93,93,New Haven,2/28/2023,2023,2,February,28,3,Tuesday,20:45:00,20,23008255,A,2,,Motor Vehicle In Motion,"Injury of any type (Serious, Minor, Possible)",B,Suspected Minor Injury (B),0,0,4,Local,0.18,36,BAILEY ST,BAILEY ST,CLINTON AV,,,,,41.3191,-72.89288,14,Motor Vehicle in Operation,3,Angle,1,On Roadway,1,Clear,88,Not Applicable,4,Dark-Lighted,2,Wet,99,Unknown,88,Not Applicable,88,Not Applicable,0,None,88,Not Applicable,88,Not Applicable,2,Intersection,2,Four-Way Intersection,1,No,1,No,88,Not Applicable,88,Not Applicable,88,Not Applicable,88,Not Applicable,FALSE,1,Public Road,1,"Trafficway, On Road",CT0009300,New Haven PD,44056,54:52.0,C,Closed,10:01.0,,,,,,,
1027838,1,Complete,1027838,1027838,41.32493,-72.95694,3522032,New Haven,93,93,New Haven,3/1/2023,2023,3,March,1,4,Wednesday,7:36:00,7,23008282,A,2,,Motor Vehicle In Motion,"Injury of any type (Serious, Minor, Possible)",C,Possible Injury (C),0,0,3,State,0,63,63-N,63-N,10-N,,,,,41.32493,-72.95694,14,Motor Vehicle in Operation,1,Front to rear,1,On Roadway,1,Clear,88,Not Applicable,1,Daylight,2,Wet,0,None,88,Not Applicable,88,Not Applicable,0,None,88,Not Applicable,88,Not Applicable,2,Intersection,3,T-Intersection,1,No,1,No,88,Not Applicable,88,Not Applicable,88,Not Applicable,88,Not Applicable,TRUE,1,Public Road,1,"Trafficway, On Road",CT0009300,New Haven PD,326,57:21.0,C,Closed,10:08.0,,2,23200,3,PRINCIPAL ARTERIAL - OTHER - NEW HPMS,2,Urban
1027840,1,Complete,1027840,1027840,41.331027,-72.972863,3522034,New Haven,93,93,New Haven,3/1/2023,2023,3,March,1,4,Wednesday,9:54:00,9,23008302,A,2,,Motor Vehicle In Motion,"Injury of any type (Serious, Minor, Possible)",C,Possible Injury (C),0,0,3,State,0.97,63,63-N,63-N,DAVIS ST,,,,,41.331027,-72.972863,14,Motor Vehicle in Operation,1,Front to rear,1,On Roadway,2,Cloudy,88,Not Applicable,1,Daylight,2,Wet,0,None,88,Not Applicable,88,Not Applicable,0,None,88,Not Applicable,88,Not Applicable,2,Intersection,3,T-Intersection,1,No,1,No,88,Not Applicable,88,Not Applicable,88,Not Applicable,88,Not Applicable,FALSE,1,Public Road,1,"Trafficway, On Road",CT0009300,New Haven PD,91,43:16.0,C,Closed,10:13.0,,2,23000,3,PRINCIPAL ARTERIAL - OTHER - NEW HPMS,2,Urban
1027846,1,Complete,1027846,1027846,41.303018,-72.920469,3522040,New Haven,93,93,New Haven,3/2/2023,2023,3,March,2,5,Thursday,8:08:00,8,23008454,A,2,,Motor Vehicle In Motion,"Injury of any type (Serious, Minor, Possible)",C,Possible Injury (C),0,0,4,Local,0.12,447,OLIVE ST,OLIVE ST,WOOSTER ST NO 1,,,,,41.303018,-72.920469,14,Motor Vehicle in Operation,1,Front to rear,1,On Roadway,2,Cloudy,88,Not Applicable,1,Daylight,2,Wet,0,None,88,Not Applicable,88,Not Applicable,0,None,88,Not Applicable,88,Not Applicable,2,Intersection,3,T-Intersection,1,No,1,No,88,Not Applicable,88,Not Applicable,88,Not Applicable,88,Not Applicable,TRUE,1,Public Road,1,"Trafficway, On Road",CT0009300,New Haven PD,165,43:18.0,C,Closed,10:14.0,,,,,,,