CrashId,Fatal Case Status,Fatal Case Status Text Format,CrashId,CrashId,Latitude,Longitude,DOT Case Number,Town Name,Town Number,Town Number,Town Number Text Format,Date Of Crash,Year,Month,Month Text Format,Day,Day of the Week,Day of the Week Text Format,Time of Crash,Hour of the Day,Case Identifier,Crash Severity,Number Of Motor Vehicles,Motor vehicle action,Most harmful event,Crash Severity Text Format,Most Severe Injury,Most Severe Injury Text Format,Number Of Non-Motorist,Number Of Witnesses,Route Class,Route Class Text Format,Milemarker,Road Number,Road Description,Roadway Name,Intersecting Roadway Name,Landmark Description,Distance From Nearest Landmark,Unit Of Measure From Nearest Landmark,Direction From Nearest Landmark,Latitude,Longitude,First Harmful Event,First Harmful Event Text Format,Manner of Crash / Collision Impact,Manner of Crash / Collision Impact Text Format,Location of First Harmful Event,Location of First Harmful Event Text Format,Weather Condition,Weather Condition Text Format,Weather 2,Weather 2 Text Format,Light Condition,Light Condition Text Format,Road Surface Condition,Road Surface Condition Text Format,"Contributing Circumstances, Environment","Contributing Circumstances, Environment Text Format",Environment 2,Environment 2 Text Format,Environment 3,Environment 3 Text Format,"Contributing Circumstances, Road","Contributing Circumstances, Road Text Format",Road 2,Road 2 Text Format,Road 3,Road 3 Text Format,Crash Specific Location,Crash Specific Location Text Format,Type of Intersection,Type of Intersection Text Format,School Bus Related,School Bus Related Text Format,Work Zone Related,Work Zone Related Text Format,Location Of Crash Relative To Work Zone,Location Of Crash Relative To Work Zone Text Format,Type of Work Zone,Type of Work Zone Text Format,Worker Presence,Worker Presence Text Format,Law Enforcement Presence,Law Enforcement Presence Text Format,Were Vehicles Moved Prior To Police Arrival,Trafficway Ownership,Trafficway Ownership Text Format,Trafficway Class,Trafficway Class Text Format,Police Agency,Police Agency Text Format,Badge Number,Approval Date,Police Case Status,Police Case Status Text Format,Crash Report Submission Date,Related Case Identifiers,No. of Through Lanes (Log Dir.),Average Daily Traffic,Functional Classification,Functional Classification Text Format,Rural or Urban,Rural or Urban Text Format
1027898,1,Complete,1027898,1027898,41.29869,-72.92901,3522092,New Haven,93,93,New Haven,3/2/2023,2023,3,March,2,5,Thursday,12:42:00,12,23008506,A,2,,Motor Vehicle In Motion,"Injury of any type (Serious, Minor, Possible)",B,Suspected Minor Injury (B),0,0,2,USRoute,47.67,1,1-N,1-N,1-S,,,,,41.29869,-72.92901,14,Motor Vehicle in Operation,1,Front to rear,1,On Roadway,1,Clear,88,Not Applicable,1,Daylight,1,Dry,0,None,88,Not Applicable,88,Not Applicable,0,None,88,Not Applicable,88,Not Applicable,2,Intersection,2,Four-Way Intersection,1,No,1,No,88,Not Applicable,88,Not Applicable,88,Not Applicable,88,Not Applicable,FALSE,1,Public Road,1,"Trafficway, On Road",CT0009300,New Haven PD,293,27:16.0,C,Closed,01:01.0,,1,8400,3,PRINCIPAL ARTERIAL - OTHER - NEW HPMS,1,Rural
1028320,1,Complete,1028320,1028320,41.3118209,-72.9156522,3522514,New Haven,93,93,New Haven,2/25/2023,2023,2,February,25,7,Saturday,12:48:00,12,23007807,A,7,,Motor Vehicle In Motion,"Injury of any type (Serious, Minor, Possible)",A,Suspected Serious Injury (A),0,0,4,Local,0.71,575,STATE ST,STATE ST,,ELD ST,150,Feet,S,41.3118209,-72.9156522,14,Motor Vehicle in Operation,99,Unknown,1,On Roadway,7,Snow,88,Not Applicable,1,Daylight,3,Snow,0,None,88,Not Applicable,88,Not Applicable,0,None,88,Not Applicable,88,Not Applicable,1,Non-Junction,1,Not at Intersection,1,No,1,No,88,Not Applicable,88,Not Applicable,88,Not Applicable,88,Not Applicable,TRUE,1,Public Road,1,"Trafficway, On Road",CT0009300,New Haven PD,469,43:04.0,C,Closed,02:10.0,,,,,,,
1028325,1,Complete,1028325,1028325,41.29574,-72.89308,3522519,New Haven,93,93,New Haven,2/28/2023,2023,2,February,28,3,Tuesday,7:31:00,7,23008162,A,2,,Motor Vehicle In Motion,"Injury of any type (Serious, Minor, Possible)",C,Possible Injury (C),0,1,4,Local,0.09,210,FARREN AV,FARREN AV,,FULTON ST,443,Feet,S,41.29574,-72.89308,14,Motor Vehicle in Operation,3,Angle,1,On Roadway,7,Snow,88,Not Applicable,1,Daylight,3,Snow,1,Weather Conditions,88,Not Applicable,88,Not Applicable,97,Other,88,Not Applicable,88,Not Applicable,9,Driveway Access-Related,1,Not at Intersection,1,No,1,No,88,Not Applicable,88,Not Applicable,88,Not Applicable,88,Not Applicable,FALSE,1,Public Road,1,"Trafficway, On Road",CT0009300,New Haven PD,279,16:24.0,C,Closed,02:19.0,,,,,,,
1028331,1,Complete,1028331,1028331,41.324076,-72.970198,3522525,New Haven,93,93,New Haven,3/2/2023,2023,3,March,2,5,Thursday,13:34:00,13,23008512,A,1,,Tree (standing),"Injury of any type (Serious, Minor, Possible)",C,Possible Injury (C),0,0,4,Local,0.23,618,VISTA TER,VISTA TER,,Laurel Rd,450,Feet,N,41.324076,-72.970198,32,Tree (standing),88,Not Applicable,1,On Roadway,1,Clear,88,Not Applicable,1,Daylight,1,Dry,0,None,88,Not Applicable,88,Not Applicable,0,None,88,Not Applicable,88,Not Applicable,1,Non-Junction,1,Not at Intersection,1,No,1,No,88,Not Applicable,88,Not Applicable,88,Not Applicable,88,Not Applicable,FALSE,1,Public Road,1,"Trafficway, On Road",CT0009300,New Haven PD,62,33:12.0,C,Closed,02:01.0,,2,4792,7,LOCAL - NEW HPMS,2,Urban
1028332,1,Complete,1028332,1028332,41.28904,-72.89458,3522526,New Haven,93,93,New Haven,3/2/2023,2023,3,March,2,5,Thursday,14:13:00,14,23008515,A,2,,Motor Vehicle In Motion,"Injury of any type (Serious, Minor, Possible)",C,Possible Injury (C),0,0,1,Interstate,0.36,95,95-N-346,95-N-346,WOODWARD AV,,,,S,41.28904,-72.89458,14,Motor Vehicle in Operation,1,Front to rear,1,On Roadway,1,Clear,88,Not Applicable,1,Daylight,1,Dry,0,None,88,Not Applicable,88,Not Applicable,0,None,88,Not Applicable,88,Not Applicable,11,Through Roadway,1,Not at Intersection,1,No,1,No,88,Not Applicable,88,Not Applicable,88,Not Applicable,88,Not Applicable,FALSE,1,Public Road,1,"Trafficway, On Road",CT0009300,New Haven PD,40793,52:59.0,C,Closed,02:01.0,,,32700,1,INTERSTATE - NEW HPMS,2,Urban
1028343,1,Complete,1028343,1028343,41.317358,-72.944312,3522537,New Haven,93,93,New Haven,3/3/2023,2023,3,March,3,6,Friday,13:57:00,13,23008724,A,2,,Motor Vehicle In Motion,"Injury of any type (Serious, Minor, Possible)",C,Possible Injury (C),0,0,4,Local,0.27,653,WHALLEY AV,WHALLEY AV,,WINTHROP AVE,50,Feet,E,41.317358,-72.944312,14,Motor Vehicle in Operation,3,Angle,1,On Roadway,1,Clear,88,Not Applicable,1,Daylight,1,Dry,0,None,88,Not Applicable,88,Not Applicable,0,None,88,Not Applicable,88,Not Applicable,1,Non-Junction,1,Not at Intersection,1,No,1,No,88,Not Applicable,88,Not Applicable,88,Not Applicable,88,Not Applicable,FALSE,1,Public Road,1,"Trafficway, On Road",CT0009300,New Haven PD,62,30:57.0,C,Closed,02:02.0,,,,,,,
1028349,1,Complete,1028349,1028349,41.30104,-72.94227,3522543,New Haven,93,93,New Haven,3/3/2023,2023,3,March,3,6,Friday,20:04:00,20,23008772,A,2,,Motor Vehicle In Motion,"Injury of any type (Serious, Minor, Possible)",C,Possible Injury (C),0,0,4,Local,0.37,141,DAVENPORT AV,DAVENPORT AV,STEVENS ST,,,,,41.30104,-72.94227,14,Motor Vehicle in Operation,1,Front to rear,1,On Roadway,1,Clear,88,Not Applicable,4,Dark-Lighted,1,Dry,0,None,88,Not Applicable,88,Not Applicable,0,None,88,Not Applicable,88,Not Applicable,3,Intersection-Related,4,Y-Intersection,1,No,1,No,88,Not Applicable,88,Not Applicable,88,Not Applicable,88,Not Applicable,TRUE,1,Public Road,1,"Trafficway, On Road",CT0009300,New Haven PD,44068,54:29.0,C,Closed,02:08.0,,,,,,,
1028354,1,Complete,1028354,1028354,41.3054859,-72.9525618,3522548,New Haven,93,93,New Haven,3/4/2023,2023,3,March,4,7,Saturday,0:35:00,0,23008802,A,2,,Motor Vehicle In Motion,"Injury of any type (Serious, Minor, Possible)",C,Possible Injury (C),0,1,3,State,1.87,10,10-N,10-N,LEGION AV-RT 34,,,,,41.3054859,-72.9525618,14,Motor Vehicle in Operation,3,Angle,1,On Roadway,4,Rain,88,Not Applicable,6,Dark-Unknown Lighting,2,Wet,0,None,88,Not Applicable,88,Not Applicable,0,None,88,Not Applicable,88,Not Applicable,2,Intersection,3,T-Intersection,1,No,1,No,88,Not Applicable,88,Not Applicable,88,Not Applicable,88,Not Applicable,FALSE,1,Public Road,1,"Trafficway, On Road",CT0009300,New Haven PD,42369,10:02.0,C,Closed,02:14.0,,2,20800,3,PRINCIPAL ARTERIAL - OTHER - NEW HPMS,2,Urban
1028933,1,Complete,1028933,1028933,41.2889,-72.89352,3523126,New Haven,93,93,New Haven,3/1/2023,2023,3,March,1,4,Wednesday,22:35:00,22,23008435,A,1,,Pedestrian,"Injury of any type (Serious, Minor, Possible)",B,Suspected Minor Injury (B),1,0,3,State,0.05,741,741-E,741-E,,TOWNSEND AVE,253,Feet,W,41.2889,-72.89352,9,Pedestrian,88,Not Applicable,1,On Roadway,4,Rain,88,Not Applicable,4,Dark-Lighted,2,Wet,0,None,88,Not Applicable,88,Not Applicable,0,None,88,Not Applicable,88,Not Applicable,1,Non-Junction,1,Not at Intersection,1,No,1,No,88,Not Applicable,88,Not Applicable,88,Not Applicable,88,Not Applicable,FALSE,1,Public Road,1,"Trafficway, On Road",CT0009300,New Haven PD,44176,58:52.0,C,Closed,01:40.0,,4,14000,4,MINOR ARTERIAL - NEW HPMS,2,Urban
1028938,1,Complete,1028938,1028938,41.32643,-72.89746,3523131,New Haven,93,93,New Haven,3/5/2023,2023,3,March,5,1,Sunday,22:28:00,22,23009014,A,1,,Utility Pole,"Injury of any type (Serious, Minor, Possible)",C,Possible Injury (C),0,0,2,USRoute,0.89,5,5-N,5-N,ALBERT ST,,,,,41.32643,-72.89746,33,Utility Pole/Light Support,88,Not Applicable,1,On Roadway,1,Clear,88,Not Applicable,4,Dark-Lighted,1,Dry,0,None,88,Not Applicable,88,Not Applicable,0,None,88,Not Applicable,88,Not Applicable,2,Intersection,3,T-Intersection,1,No,1,No,88,Not Applicable,88,Not Applicable,88,Not Applicable,88,Not Applicable,FALSE,1,Public Road,1,"Trafficway, On Road",CT0009300,New Haven PD,42052,17:35.0,C,Closed,01:50.0,,2,17300,4,MINOR ARTERIAL - NEW HPMS,2,Urban
1028940,1,Complete,1028940,1028940,41.305499,-72.952654,3523133,New Haven,93,93,New Haven,3/6/2023,2023,3,March,6,2,Monday,7:47:00,7,23009029,A,2,,Motor Vehicle In Motion,"Injury of any type (Serious, Minor, Possible)",C,Possible Injury (C),0,0,3,State,1.87,10,10-N,10-N,LEGION AV-RT 34,,,,,41.305499,-72.952654,14,Motor Vehicle in Operation,4,"Sideswipe, same direction",1,On Roadway,1,Clear,88,Not Applicable,1,Daylight,1,Dry,0,None,88,Not Applicable,88,Not Applicable,0,None,88,Not Applicable,88,Not Applicable,2,Intersection,3,T-Intersection,1,No,1,No,88,Not Applicable,88,Not Applicable,88,Not Applicable,88,Not Applicable,FALSE,1,Public Road,1,"Trafficway, On Road",CT0009300,New Haven PD,137,25:38.0,C,Closed,01:42.0,,2,20800,3,PRINCIPAL ARTERIAL - OTHER - NEW HPMS,2,Urban
1028942,1,Complete,1028942,1028942,41.297536,-72.948492,3523135,New Haven,93,93,New Haven,3/6/2023,2023,3,March,6,2,Monday,10:48:00,10,23009060,A,2,,Motor Vehicle In Motion,"Injury of any type (Serious, Minor, Possible)",C,Possible Injury (C),0,0,2,USRoute,46.66,1,1-N,1-N,,10-N,125,Feet,N,41.297536,-72.948492,14,Motor Vehicle in Operation,1,Front to rear,1,On Roadway,1,Clear,88,Not Applicable,1,Daylight,1,Dry,0,None,88,Not Applicable,88,Not Applicable,0,None,88,Not Applicable,88,Not Applicable,3,Intersection-Related,2,Four-Way Intersection,1,No,1,No,88,Not Applicable,88,Not Applicable,88,Not Applicable,88,Not Applicable,FALSE,1,Public Road,1,"Trafficway, On Road",CT0009300,New Haven PD,251,11:31.0,C,Closed,01:46.0,,1,19100,3,PRINCIPAL ARTERIAL - OTHER - NEW HPMS,2,Urban
1028945,1,Complete,1028945,1028945,41.319018,-72.899136,3523138,New Haven,93,93,New Haven,3/6/2023,2023,3,March,6,2,Monday,13:12:00,13,23009091,A,2,,Motor Vehicle In Motion,"Injury of any type (Serious, Minor, Possible)",C,Possible Injury (C),0,0,2,USRoute,0.33,5,5-N,5-N,,MAY ST,150,Feet,S,41.319018,-72.899136,14,Motor Vehicle in Operation,1,Front to rear,1,On Roadway,1,Clear,88,Not Applicable,1,Daylight,1,Dry,0,None,88,Not Applicable,88,Not Applicable,0,None,88,Not Applicable,88,Not Applicable,1,Non-Junction,1,Not at Intersection,1,No,1,No,88,Not Applicable,88,Not Applicable,88,Not Applicable,88,Not Applicable,FALSE,1,Public Road,1,"Trafficway, On Road",CT0009300,New Haven PD,87,32:49.0,C,Closed,01:47.0,,1,19200,4,MINOR ARTERIAL - NEW HPMS,1,Rural
1028947,1,Complete,1028947,1028947,41.3246654,-72.9165072,3523140,New Haven,93,93,New Haven,3/6/2023,2023,3,March,6,2,Monday,16:01:00,16,23009109,A,2,,Motor Vehicle In Motion,"Injury of any type (Serious, Minor, Possible)",B,Suspected Minor Injury (B),0,1,4,Local,1.04,656,WHITNEY AV,WHITNEY AV,CANNER ST,,,,,41.3246654,-72.9165072,14,Motor Vehicle in Operation,3,Angle,1,On Roadway,1,Clear,88,Not Applicable,1,Daylight,1,Dry,0,None,88,Not Applicable,88,Not Applicable,0,None,88,Not Applicable,88,Not Applicable,2,Intersection,2,Four-Way Intersection,1,No,1,No,88,Not Applicable,88,Not Applicable,88,Not Applicable,88,Not Applicable,FALSE,1,Public Road,1,"Trafficway, On Road",CT0009300,New Haven PD,40953,19:03.0,C,Closed,01:50.0,,,,,,,
1029289,1,Complete,1029289,1029289,41.3171531,-72.9154541,3523482,New Haven,93,93,New Haven,3/7/2023,2023,3,March,7,3,Tuesday,13:33:00,13,23009247,A,2,,Motor Vehicle In Motion,"Injury of any type (Serious, Minor, Possible)",B,Suspected Minor Injury (B),0,0,4,Local,0.79,450,ORANGE ST NO 1,ORANGE ST NO 1,BISHOP ST,,,,,41.3171531,-72.9154541,14,Motor Vehicle in Operation,3,Angle,1,On Roadway,1,Clear,88,Not Applicable,1,Daylight,1,Dry,0,None,88,Not Applicable,88,Not Applicable,0,None,88,Not Applicable,88,Not Applicable,2,Intersection,2,Four-Way Intersection,1,No,1,No,88,Not Applicable,88,Not Applicable,88,Not Applicable,88,Not Applicable,FALSE,1,Public Road,1,"Trafficway, On Road",CT0009300,New Haven PD,40953,27:14.0,C,Closed,01:18.0,,,,,,,
1029590,1,Complete,1029590,1029590,41.290866,-72.941571,3523781,New Haven,93,93,New Haven,3/1/2023,2023,3,March,1,4,Wednesday,15:50:00,15,23008376,A,1,,Ran Off Roadway Right,"Injury of any type (Serious, Minor, Possible)",B,Suspected Minor Injury (B),0,0,3,State,0.7,10,10-N,10-N,WASHINGTON AV NO 1,,,,,41.290866,-72.941571,38,"Other Post, Pole or Support",88,Not Applicable,1,On Roadway,1,Clear,88,Not Applicable,1,Daylight,1,Dry,0,None,88,Not Applicable,88,Not Applicable,0,None,88,Not Applicable,88,Not Applicable,2,Intersection,2,Four-Way Intersection,1,No,1,No,88,Not Applicable,88,Not Applicable,88,Not Applicable,88,Not Applicable,FALSE,1,Public Road,1,"Trafficway, On Road",CT0009300,New Haven PD,286,14:39.0,C,Closed,00:36.0,,4,20200,3,PRINCIPAL ARTERIAL - OTHER - NEW HPMS,2,Urban
1029595,1,Complete,1029595,1029595,41.314158,-72.940015,3523786,New Haven,93,93,New Haven,3/6/2023,2023,3,March,6,2,Monday,15:12:00,15,23009103,A,2,,Motor Vehicle In Motion,"Injury of any type (Serious, Minor, Possible)",C,Possible Injury (C),0,1,4,Local,0.9,453,ORCHARD ST,ORCHARD ST,ELM ST NO 1,,,,,41.314158,-72.940015,14,Motor Vehicle in Operation,3,Angle,1,On Roadway,1,Clear,88,Not Applicable,1,Daylight,1,Dry,0,None,88,Not Applicable,88,Not Applicable,0,None,88,Not Applicable,88,Not Applicable,2,Intersection,2,Four-Way Intersection,1,No,1,No,88,Not Applicable,88,Not Applicable,88,Not Applicable,88,Not Applicable,FALSE,1,Public Road,1,"Trafficway, On Road",CT0009300,New Haven PD,91,33:41.0,C,Closed,00:32.0,,,,,,,
1029597,1,Complete,1029597,1029597,41.3191068,-72.8981832,3523788,New Haven,93,93,New Haven,3/8/2023,2023,3,March,8,4,Wednesday,14:51:00,14,23009317,A,2,,Motor Vehicle In Motion,"Injury of any type (Serious, Minor, Possible)",C,Possible Injury (C),0,0,4,Local,0.03,213,FERRY ST,FERRY ST,,STATE ST,50,Feet,E,41.3191068,-72.8981832,14,Motor Vehicle in Operation,3,Angle,1,On Roadway,1,Clear,88,Not Applicable,99,Unknown,1,Dry,0,None,88,Not Applicable,88,Not Applicable,0,None,88,Not Applicable,88,Not Applicable,1,Non-Junction,1,Not at Intersection,1,No,1,No,88,Not Applicable,88,Not Applicable,88,Not Applicable,88,Not Applicable,TRUE,1,Public Road,1,"Trafficway, On Road",CT0009300,New Haven PD,40953,50:15.0,O,Open,00:26.0,,,,,,,
1029599,1,Complete,1029599,1029599,41.307054,-72.920977,3523790,New Haven,93,93,New Haven,3/8/2023,2023,3,March,8,4,Wednesday,7:19:00,7,23009339,A,2,,Motor Vehicle In Motion,"Injury of any type (Serious, Minor, Possible)",C,Possible Injury (C),0,0,4,Local,1.17,575,STATE ST,STATE ST,GRAND AV,,,,,41.307054,-72.920977,14,Motor Vehicle in Operation,3,Angle,1,On Roadway,1,Clear,88,Not Applicable,1,Daylight,1,Dry,0,None,88,Not Applicable,88,Not Applicable,0,None,88,Not Applicable,88,Not Applicable,3,Intersection-Related,2,Four-Way Intersection,1,No,1,No,88,Not Applicable,88,Not Applicable,88,Not Applicable,88,Not Applicable,TRUE,1,Public Road,1,"Trafficway, On Road",CT0009300,New Haven PD,165,36:50.0,C,Closed,00:23.0,,,,,,,
1029602,1,Complete,1029602,1029602,41.305348,-72.924121,3523793,New Haven,93,93,New Haven,3/8/2023,2023,3,March,8,4,Wednesday,12:10:00,12,23009397,A,2,,Motor Vehicle In Motion,"Injury of any type (Serious, Minor, Possible)",C,Possible Injury (C),0,0,4,Local,1.67,97,CHAPEL ST,CHAPEL ST,,ORANGE ST,50,Feet,E,41.305348,-72.924121,14,Motor Vehicle in Operation,4,"Sideswipe, same direction",1,On Roadway,1,Clear,88,Not Applicable,1,Daylight,1,Dry,0,None,88,Not Applicable,88,Not Applicable,0,None,88,Not Applicable,88,Not Applicable,1,Non-Junction,1,Not at Intersection,1,No,1,No,88,Not Applicable,88,Not Applicable,88,Not Applicable,88,Not Applicable,FALSE,1,Public Road,1,"Trafficway, On Road",CT0009300,New Haven PD,40790,58:17.0,C,Closed,00:30.0,,,,,,,
1029835,1,Complete,1029835,1029835,41.306227,-72.939176,3524025,New Haven,93,93,New Haven,1/13/2023,2023,1,January,13,6,Friday,19:03:00,19,23001868,A,1,,Pedestrian,"Injury of any type (Serious, Minor, Possible)",B,Suspected Minor Injury (B),1,0,4,Local,0.7,360,LEGION AV-RT 34,LEGION AV-RT 34,DWIGHT ST,,,,,41.306227,-72.939176,9,Pedestrian,88,Not Applicable,1,On Roadway,1,Clear,88,Not Applicable,4,Dark-Lighted,1,Dry,0,None,88,Not Applicable,88,Not Applicable,0,None,88,Not Applicable,88,Not Applicable,3,Intersection-Related,3,T-Intersection,1,No,1,No,88,Not Applicable,88,Not Applicable,88,Not Applicable,88,Not Applicable,TRUE,1,Public Road,1,"Trafficway, On Road",CT0009300,New Haven PD,39,24:20.0,C,Closed,00:42.0,23001868,2,17200,3,PRINCIPAL ARTERIAL - OTHER - NEW HPMS,2,Urban
1029836,1,Complete,1029836,1029836,41.3117,-72.899884,3524026,New Haven,93,93,New Haven,3/4/2023,2023,3,March,4,7,Saturday,14:40:00,14,23008869,A,2,,Motor Vehicle In Motion,"Injury of any type (Serious, Minor, Possible)",C,Possible Injury (C),0,0,4,Local,0.6,57,BLATCHLEY AV,BLATCHLEY AV,PINE ST NO 1,,,,,41.3117,-72.899884,14,Motor Vehicle in Operation,3,Angle,1,On Roadway,1,Clear,88,Not Applicable,1,Daylight,1,Dry,99,Unknown,88,Not Applicable,88,Not Applicable,0,None,88,Not Applicable,88,Not Applicable,2,Intersection,3,T-Intersection,1,No,1,No,88,Not Applicable,88,Not Applicable,88,Not Applicable,88,Not Applicable,FALSE,1,Public Road,1,"Trafficway, On Road",CT0009300,New Haven PD,36335,37:33.0,C,Closed,00:39.0,,,,,,,
1029838,1,Complete,1029838,1029838,41.31012,-72.95334,3524028,New Haven,93,93,New Haven,3/8/2023,2023,3,March,8,4,Wednesday,21:26:00,21,23009497,A,2,,Motor Vehicle In Motion,"Injury of any type (Serious, Minor, Possible)",C,Possible Injury (C),0,1,3,State,21.88,34,34-E,34-E,10-N,,,,,41.31012,-72.95334,14,Motor Vehicle in Operation,5,"Sideswipe, opposite direction",1,On Roadway,1,Clear,88,Not Applicable,4,Dark-Lighted,1,Dry,0,None,88,Not Applicable,88,Not Applicable,0,None,88,Not Applicable,88,Not Applicable,2,Intersection,2,Four-Way Intersection,1,No,1,No,88,Not Applicable,88,Not Applicable,88,Not Applicable,88,Not Applicable,FALSE,1,Public Road,1,"Trafficway, On Road",CT0009300,New Haven PD,40788,00:52.0,O,Open,00:40.0,,1,22200,3,PRINCIPAL ARTERIAL - OTHER - NEW HPMS,2,Urban
1029842,1,Complete,1029842,1029842,41.292545,-72.922492,3524032,New Haven,93,93,New Haven,3/9/2023,2023,3,March,9,5,Thursday,16:44:00,16,23009589,A,2,,Motor Vehicle In Motion,"Injury of any type (Serious, Minor, Possible)",C,Possible Injury (C),0,0,4,Local,0.06,759,CHURCH ST SOUTH NO 2,CHURCH ST SOUTH NO 2,,SARGENT DR,300,Feet,W,41.292545,-72.922492,14,Motor Vehicle in Operation,1,Front to rear,1,On Roadway,1,Clear,88,Not Applicable,1,Daylight,1,Dry,99,Unknown,88,Not Applicable,88,Not Applicable,99,Unknown,88,Not Applicable,88,Not Applicable,1,Non-Junction,1,Not at Intersection,1,No,1,No,88,Not Applicable,88,Not Applicable,88,Not Applicable,88,Not Applicable,TRUE,1,Public Road,1,"Trafficway, On Road",CT0009300,New Haven PD,40947,17:35.0,C,Closed,00:42.0,,,,,,,
1030324,1,Complete,1030324,1030324,41.325849,-72.969596,3524512,New Haven,93,93,New Haven,3/5/2023,2023,3,March,5,1,Sunday,4:28:00,4,23008935,A,1,,Overturn/Rollover,"Injury of any type (Serious, Minor, Possible)",B,Suspected Minor Injury (B),0,0,4,Local,0.1,618,VISTA TER,VISTA TER,,MARVELWOOD DR,150,Feet,S,41.325849,-72.969596,1,Overturn/Rollover,88,Not Applicable,1,On Roadway,1,Clear,88,Not Applicable,4,Dark-Lighted,1,Dry,4,Animal(s) in Roadway,88,Not Applicable,88,Not Applicable,0,None,88,Not Applicable,88,Not Applicable,1,Non-Junction,1,Not at Intersection,1,No,1,No,88,Not Applicable,88,Not Applicable,88,Not Applicable,88,Not Applicable,FALSE,1,Public Road,1,"Trafficway, On Road",CT0009300,New Haven PD,42051,16:22.0,C,Closed,00:40.0,,2,4792,7,LOCAL - NEW HPMS,2,Urban
1030329,1,Complete,1030329,1030329,41.316412,-72.946506,3524517,New Haven,93,93,New Haven,3/9/2023,2023,3,March,9,5,Thursday,13:00:00,13,23009564,A,3,,Motor Vehicle In Motion,"Injury of any type (Serious, Minor, Possible)",C,Possible Injury (C),0,0,4,Local,0.42,439,NORTON ST,NORTON ST,ELM ST NO 1,,,,,41.316412,-72.946506,14,Motor Vehicle in Operation,3,Angle,1,On Roadway,1,Clear,88,Not Applicable,1,Daylight,1,Dry,0,None,88,Not Applicable,88,Not Applicable,0,None,88,Not Applicable,88,Not Applicable,2,Intersection,2,Four-Way Intersection,1,No,1,No,88,Not Applicable,88,Not Applicable,88,Not Applicable,88,Not Applicable,FALSE,1,Public Road,1,"Trafficway, On Road",CT0009300,New Haven PD,313,13:13.0,C,Closed,00:34.0,,,,,,,
1030335,1,Complete,1030335,1030335,41.31168,-72.8999,3524523,New Haven,93,93,New Haven,3/10/2023,2023,3,March,10,6,Friday,11:54:00,11,23009716,A,3,,Motor Vehicle In Motion,"Injury of any type (Serious, Minor, Possible)",C,Possible Injury (C),0,0,4,Local,0.6,57,BLATCHLEY AV,BLATCHLEY AV,PINE ST NO 1,,,,,41.31168,-72.8999,14,Motor Vehicle in Operation,3,Angle,1,On Roadway,1,Clear,88,Not Applicable,1,Daylight,1,Dry,0,None,88,Not Applicable,88,Not Applicable,0,None,88,Not Applicable,88,Not Applicable,2,Intersection,2,Four-Way Intersection,1,No,1,No,88,Not Applicable,88,Not Applicable,88,Not Applicable,88,Not Applicable,FALSE,1,Public Road,1,"Trafficway, On Road",CT0009300,New Haven PD,40793,08:27.0,O,Open,00:35.0,,,,,,,
1030336,1,Complete,1030336,1030336,41.30793,-72.93428,3524524,New Haven,93,93,New Haven,3/10/2023,2023,3,March,10,6,Friday,13:00:00,13,23009717,A,2,,Jackknife,"Injury of any type (Serious, Minor, Possible)",C,Possible Injury (C),0,2,4,Local,0.27,463,PARK ST,PARK ST,CROWN ST,,,,,41.30793,-72.93428,4,Jackknife,3,Angle,1,On Roadway,1,Clear,88,Not Applicable,1,Daylight,1,Dry,99,Unknown,88,Not Applicable,88,Not Applicable,0,None,88,Not Applicable,88,Not Applicable,2,Intersection,2,Four-Way Intersection,1,No,1,No,88,Not Applicable,88,Not Applicable,88,Not Applicable,88,Not Applicable,FALSE,1,Public Road,1,"Trafficway, On Road",CT0009300,New Haven PD,290,30:47.0,C,Closed,00:52.0,,,,,,,
1030341,1,Complete,1030341,1030341,41.334589,-72.976724,3524529,New Haven,93,93,New Haven,3/10/2023,2023,3,March,10,6,Friday,17:30:00,17,23009762,A,2,,Motor Vehicle In Motion,"Injury of any type (Serious, Minor, Possible)",C,Possible Injury (C),0,0,3,State,0,69,69-N,69-N,63-N,,,,,41.334589,-72.976724,14,Motor Vehicle in Operation,1,Front to rear,1,On Roadway,1,Clear,88,Not Applicable,1,Daylight,1,Dry,0,None,88,Not Applicable,88,Not Applicable,0,None,88,Not Applicable,88,Not Applicable,2,Intersection,4,Y-Intersection,1,No,1,No,88,Not Applicable,88,Not Applicable,88,Not Applicable,88,Not Applicable,FALSE,1,Public Road,1,"Trafficway, On Road",CT0009300,New Haven PD,19532,42:08.0,C,Closed,00:47.0,,1,18100,3,PRINCIPAL ARTERIAL - OTHER - NEW HPMS,2,Urban
1030344,1,Complete,1030344,1030344,41.3141,-72.939918,3524532,New Haven,93,93,New Haven,3/10/2023,2023,3,March,10,6,Friday,20:11:00,20,23009779,A,2,,Motor Vehicle In Motion,"Injury of any type (Serious, Minor, Possible)",C,Possible Injury (C),0,0,4,Local,0.37,194,ELM ST NO 1,ELM ST NO 1,ORCHARD ST,,,,,41.3141,-72.939918,14,Motor Vehicle in Operation,3,Angle,1,On Roadway,4,Rain,88,Not Applicable,4,Dark-Lighted,2,Wet,0,None,88,Not Applicable,88,Not Applicable,0,None,88,Not Applicable,88,Not Applicable,2,Intersection,2,Four-Way Intersection,1,No,1,No,88,Not Applicable,88,Not Applicable,88,Not Applicable,88,Not Applicable,FALSE,1,Public Road,1,"Trafficway, On Road",CT0009300,New Haven PD,44055,36:19.0,C,Closed,00:41.0,,,,,,,