CrashId,Fatal Case Status,Fatal Case Status Text Format,CrashId,CrashId,Latitude,Longitude,DOT Case Number,Town Name,Town Number,Town Number,Town Number Text Format,Date Of Crash,Year,Month,Month Text Format,Day,Day of the Week,Day of the Week Text Format,Time of Crash,Hour of the Day,Case Identifier,Crash Severity,Number Of Motor Vehicles,Motor vehicle action,Most harmful event,Crash Severity Text Format,Most Severe Injury,Most Severe Injury Text Format,Number Of Non-Motorist,Number Of Witnesses,Route Class,Route Class Text Format,Milemarker,Road Number,Road Description,Roadway Name,Intersecting Roadway Name,Landmark Description,Distance From Nearest Landmark,Unit Of Measure From Nearest Landmark,Direction From Nearest Landmark,Latitude,Longitude,First Harmful Event,First Harmful Event Text Format,Manner of Crash / Collision Impact,Manner of Crash / Collision Impact Text Format,Location of First Harmful Event,Location of First Harmful Event Text Format,Weather Condition,Weather Condition Text Format,Weather 2,Weather 2 Text Format,Light Condition,Light Condition Text Format,Road Surface Condition,Road Surface Condition Text Format,"Contributing Circumstances, Environment","Contributing Circumstances, Environment Text Format",Environment 2,Environment 2 Text Format,Environment 3,Environment 3 Text Format,"Contributing Circumstances, Road","Contributing Circumstances, Road Text Format",Road 2,Road 2 Text Format,Road 3,Road 3 Text Format,Crash Specific Location,Crash Specific Location Text Format,Type of Intersection,Type of Intersection Text Format,School Bus Related,School Bus Related Text Format,Work Zone Related,Work Zone Related Text Format,Location Of Crash Relative To Work Zone,Location Of Crash Relative To Work Zone Text Format,Type of Work Zone,Type of Work Zone Text Format,Worker Presence,Worker Presence Text Format,Law Enforcement Presence,Law Enforcement Presence Text Format,Were Vehicles Moved Prior To Police Arrival,Trafficway Ownership,Trafficway Ownership Text Format,Trafficway Class,Trafficway Class Text Format,Police Agency,Police Agency Text Format,Badge Number,Approval Date,Police Case Status,Police Case Status Text Format,Crash Report Submission Date,Related Case Identifiers,No. of Through Lanes (Log Dir.),Average Daily Traffic,Functional Classification,Functional Classification Text Format,Rural or Urban,Rural or Urban Text Format
1030349,1,Complete,1030349,1030349,41.3160864,-72.9042569,3524537,New Haven,93,93,New Haven,3/11/2023,2023,3,March,11,7,Saturday,0:32:00,0,23009804,A,2,,Motor Vehicle In Motion,"Injury of any type (Serious, Minor, Possible)",C,Possible Injury (C),0,0,4,Local,0.01,327,JAMES ST,JAMES ST,,STATE ST,50,Feet,S,41.3160864,-72.9042569,14,Motor Vehicle in Operation,1,Front to rear,1,On Roadway,4,Rain,88,Not Applicable,4,Dark-Lighted,2,Wet,0,None,88,Not Applicable,88,Not Applicable,0,None,88,Not Applicable,88,Not Applicable,2,Intersection,2,Four-Way Intersection,1,No,1,No,88,Not Applicable,88,Not Applicable,88,Not Applicable,88,Not Applicable,TRUE,1,Public Road,1,"Trafficway, On Road",CT0009300,New Haven PD,42055,36:08.0,C,Closed,00:42.0,,,,,,,
1030351,1,Complete,1030351,1030351,41.30605,-72.900686,3524539,New Haven,93,93,New Haven,3/11/2023,2023,3,March,11,7,Saturday,20:57:00,20,23009881,A,2,,Motor Vehicle In Motion,"Injury of any type (Serious, Minor, Possible)",B,Suspected Minor Injury (B),0,0,4,Local,0.3,377,LLOYD ST,LLOYD ST,WOLCOTT ST,,,,,41.30605,-72.900686,14,Motor Vehicle in Operation,4,"Sideswipe, same direction",1,On Roadway,2,Cloudy,88,Not Applicable,4,Dark-Lighted,1,Dry,0,None,88,Not Applicable,88,Not Applicable,0,None,88,Not Applicable,88,Not Applicable,2,Intersection,2,Four-Way Intersection,1,No,1,No,88,Not Applicable,88,Not Applicable,88,Not Applicable,88,Not Applicable,TRUE,1,Public Road,1,"Trafficway, On Road",CT0009300,New Haven PD,43776,54:17.0,C,Closed,00:46.0,,,,,,,
1030352,1,Complete,1030352,1030352,41.30559,-72.93597,3524540,New Haven,93,93,New Haven,3/12/2023,2023,3,March,12,1,Sunday,0:50:00,0,23009903,A,1,,Pedestrian,"Injury of any type (Serious, Minor, Possible)",A,Suspected Serious Injury (A),1,0,4,Local,0.08,565,SOUTH FRONTAGE RD-RT 34,SOUTH FRONTAGE RD-RT 34,PARK ST,,,,,41.30559,-72.93597,9,Pedestrian,88,Not Applicable,1,On Roadway,1,Clear,88,Not Applicable,4,Dark-Lighted,1,Dry,0,None,88,Not Applicable,88,Not Applicable,0,None,88,Not Applicable,88,Not Applicable,2,Intersection,2,Four-Way Intersection,1,No,1,No,88,Not Applicable,88,Not Applicable,88,Not Applicable,88,Not Applicable,FALSE,1,Public Road,1,"Trafficway, On Road",CT0009300,New Haven PD,42370,14:11.0,C,Closed,00:43.0,,2,18400,3,PRINCIPAL ARTERIAL - OTHER - NEW HPMS,2,Urban
1030353,1,Complete,1030353,1030353,41.28482,-72.93706,3524541,New Haven,93,93,New Haven,3/12/2023,2023,3,March,12,1,Sunday,3:14:00,3,23009907,A,2,,Motor Vehicle In Motion,"Injury of any type (Serious, Minor, Possible)",B,Suspected Minor Injury (B),0,0,3,State,1.1,745,745-E,745-E,,ELLA T GRASSO BLVD,550,Feet,W,41.28482,-72.93706,14,Motor Vehicle in Operation,2,Front to front,1,On Roadway,1,Clear,88,Not Applicable,4,Dark-Lighted,1,Dry,0,None,88,Not Applicable,88,Not Applicable,0,None,88,Not Applicable,88,Not Applicable,1,Non-Junction,1,Not at Intersection,1,No,1,No,88,Not Applicable,88,Not Applicable,88,Not Applicable,88,Not Applicable,FALSE,1,Public Road,1,"Trafficway, On Road",CT0009300,New Haven PD,476,11:41.0,C,Closed,00:46.0,,1,15200,4,MINOR ARTERIAL - NEW HPMS,1,Rural
1030354,1,Complete,1030354,1030354,41.27411,-72.88864,3524542,New Haven,93,93,New Haven,3/12/2023,2023,3,March,12,1,Sunday,3:38:00,3,23009910,A,1,,Curb,"Injury of any type (Serious, Minor, Possible)",B,Suspected Minor Injury (B),0,0,4,Local,0.7,74,BURR ST,BURR ST,,DODGE AVE,50,Feet,S,41.27411,-72.88864,25,Curb,88,Not Applicable,1,On Roadway,1,Clear,88,Not Applicable,6,Dark-Unknown Lighting,1,Dry,99,Unknown,88,Not Applicable,88,Not Applicable,99,Unknown,88,Not Applicable,88,Not Applicable,1,Non-Junction,1,Not at Intersection,1,No,1,No,88,Not Applicable,88,Not Applicable,88,Not Applicable,88,Not Applicable,FALSE,1,Public Road,1,"Trafficway, On Road",CT0009300,New Haven PD,40792,46:39.0,C,Closed,00:47.0,,2,3900,4,MINOR ARTERIAL - NEW HPMS,2,Urban
1030920,1,Complete,1030920,1030920,41.31932,-72.904812,3525108,New Haven,93,93,New Haven,3/13/2023,2023,3,March,13,2,Monday,15:11:00,15,23010095,A,2,,Motor Vehicle In Motion,"Injury of any type (Serious, Minor, Possible)",C,Possible Injury (C),0,0,4,Local,0.22,666,WILLOW ST,WILLOW ST,91-S-139,,,,,41.31932,-72.904812,14,Motor Vehicle in Operation,1,Front to rear,1,On Roadway,4,Rain,88,Not Applicable,1,Daylight,2,Wet,0,None,88,Not Applicable,88,Not Applicable,0,None,88,Not Applicable,88,Not Applicable,2,Intersection,3,T-Intersection,1,No,1,No,88,Not Applicable,88,Not Applicable,88,Not Applicable,88,Not Applicable,FALSE,1,Public Road,1,"Trafficway, On Road",CT0009300,New Haven PD,87,33:55.0,C,Closed,00:11.0,,,,,,,
1030922,1,Complete,1030922,1030922,41.319389,-72.949225,3525110,New Haven,93,93,New Haven,3/13/2023,2023,3,March,13,2,Monday,18:38:00,18,23010149,A,2,,Motor Vehicle In Motion,"Injury of any type (Serious, Minor, Possible)",C,Possible Injury (C),0,0,3,State,2.86,10,10-N,10-N,ELLA T GRASSO BLVD NO 2,,,,,41.319389,-72.949225,14,Motor Vehicle in Operation,1,Front to rear,1,On Roadway,4,Rain,88,Not Applicable,99,Unknown,2,Wet,0,None,88,Not Applicable,88,Not Applicable,0,None,88,Not Applicable,88,Not Applicable,2,Intersection,2,Four-Way Intersection,1,No,1,No,88,Not Applicable,88,Not Applicable,88,Not Applicable,88,Not Applicable,FALSE,1,Public Road,1,"Trafficway, On Road",CT0009300,New Haven PD,79,36:11.0,C,Closed,00:10.0,,1,10200,3,PRINCIPAL ARTERIAL - OTHER - NEW HPMS,1,Rural
1031225,1,Complete,1031225,1031225,41.319412,-72.898608,3525412,New Haven,93,93,New Haven,3/7/2023,2023,3,March,7,3,Tuesday,17:13:00,17,23009260,A,2,,Motor Vehicle In Motion,"Injury of any type (Serious, Minor, Possible)",C,Possible Injury (C),0,0,2,USRoute,0.37,5,5-N,5-N,FERRY ST,,,,,41.319412,-72.898608,14,Motor Vehicle in Operation,1,Front to rear,1,On Roadway,1,Clear,88,Not Applicable,1,Daylight,1,Dry,0,None,88,Not Applicable,88,Not Applicable,0,None,88,Not Applicable,88,Not Applicable,2,Intersection,2,Four-Way Intersection,1,No,1,No,88,Not Applicable,88,Not Applicable,88,Not Applicable,88,Not Applicable,FALSE,1,Public Road,1,"Trafficway, On Road",CT0009300,New Haven PD,42057,40:55.0,C,Closed,01:24.0,,1,19200,4,MINOR ARTERIAL - NEW HPMS,1,Rural
1031238,1,Complete,1031238,1031238,41.30606,-72.94689,3525425,New Haven,93,93,New Haven,3/14/2023,2023,3,March,14,3,Tuesday,9:58:00,9,23010206,A,2,,Motor Vehicle In Motion,"Injury of any type (Serious, Minor, Possible)",C,Possible Injury (C),0,0,4,Local,0.29,360,LEGION AV-RT 34,LEGION AV-RT 34,SHERMAN AV,,,,,41.30606,-72.94689,14,Motor Vehicle in Operation,1,Front to rear,1,On Roadway,4,Rain,88,Not Applicable,1,Daylight,2,Wet,0,None,88,Not Applicable,88,Not Applicable,0,None,88,Not Applicable,88,Not Applicable,2,Intersection,2,Four-Way Intersection,1,No,1,No,88,Not Applicable,88,Not Applicable,88,Not Applicable,88,Not Applicable,FALSE,1,Public Road,1,"Trafficway, On Road",CT0009300,New Haven PD,137,01:29.0,C,Closed,01:27.0,,,,,,,
1031243,1,Complete,1031243,1031243,41.32298,-72.93779,3525430,New Haven,93,93,New Haven,3/14/2023,2023,3,March,14,3,Tuesday,19:23:00,19,23010278,A,3,,Motor Vehicle In Motion,"Injury of any type (Serious, Minor, Possible)",C,Possible Injury (C),0,0,4,Local,0.25,557,SHERMAN PKWY,SHERMAN PKWY,MUNSON ST,,,,,41.32298,-72.93779,14,Motor Vehicle in Operation,1,Front to rear,1,On Roadway,4,Rain,88,Not Applicable,4,Dark-Lighted,2,Wet,99,Unknown,88,Not Applicable,88,Not Applicable,0,None,88,Not Applicable,88,Not Applicable,2,Intersection,2,Four-Way Intersection,1,No,1,No,88,Not Applicable,88,Not Applicable,88,Not Applicable,88,Not Applicable,FALSE,1,Public Road,1,"Trafficway, On Road",CT0009300,New Haven PD,276,06:17.0,C,Closed,01:33.0,23010278,,,,,,
1031513,1,Complete,1031513,1031513,41.30479,-72.9267,3525700,New Haven,93,93,New Haven,3/15/2023,2023,3,March,15,4,Wednesday,8:00:00,8,23010322,A,2,,Motor Vehicle In Motion,"Injury of any type (Serious, Minor, Possible)",C,Possible Injury (C),0,0,4,Local,0.07,103,CHURCH ST,CHURCH ST,CROWN ST,,,,,41.30479,-72.9267,14,Motor Vehicle in Operation,1,Front to rear,1,On Roadway,1,Clear,88,Not Applicable,1,Daylight,1,Dry,0,None,88,Not Applicable,88,Not Applicable,0,None,88,Not Applicable,88,Not Applicable,2,Intersection,2,Four-Way Intersection,1,No,1,No,88,Not Applicable,88,Not Applicable,88,Not Applicable,88,Not Applicable,FALSE,1,Public Road,1,"Trafficway, On Road",CT0009300,New Haven PD,79,30:46.0,C,Closed,00:50.0,,,,,,,
1031514,1,Complete,1031514,1031514,41.310785,-72.917103,3525701,New Haven,93,93,New Haven,3/15/2023,2023,3,March,15,4,Wednesday,8:00:00,8,23010326,A,2,,Motor Vehicle In Motion,"Injury of any type (Serious, Minor, Possible)",C,Possible Injury (C),0,0,4,Local,0.82,575,STATE ST,STATE ST,,TRUMBULL ST,60,Feet,N,41.310785,-72.917103,14,Motor Vehicle in Operation,3,Angle,1,On Roadway,1,Clear,88,Not Applicable,1,Daylight,2,Wet,0,None,88,Not Applicable,88,Not Applicable,0,None,88,Not Applicable,88,Not Applicable,1,Non-Junction,1,Not at Intersection,1,No,1,No,88,Not Applicable,88,Not Applicable,88,Not Applicable,88,Not Applicable,FALSE,1,Public Road,1,"Trafficway, On Road",CT0009300,New Haven PD,165,18:55.0,C,Closed,00:52.0,,,,,,,
1031517,1,Complete,1031517,1031517,41.31583,-72.87291,3525704,New Haven,93,93,New Haven,3/15/2023,2023,3,March,15,4,Wednesday,9:16:00,9,23010334,A,2,,Motor Vehicle In Motion,"Injury of any type (Serious, Minor, Possible)",C,Possible Injury (C),0,0,4,Local,0.64,167,EASTERN ST,EASTERN ST,,HEMINWAY ST,484,Feet,E,41.31583,-72.87291,14,Motor Vehicle in Operation,1,Front to rear,1,On Roadway,1,Clear,88,Not Applicable,1,Daylight,1,Dry,0,None,88,Not Applicable,88,Not Applicable,0,None,88,Not Applicable,88,Not Applicable,1,Non-Junction,1,Not at Intersection,1,No,1,No,88,Not Applicable,88,Not Applicable,88,Not Applicable,88,Not Applicable,TRUE,1,Public Road,1,"Trafficway, On Road",CT0009300,New Haven PD,416,51:02.0,C,Closed,00:51.0,,,,,,,
1031519,1,Complete,1031519,1031519,41.30986,-72.94576,3525706,New Haven,93,93,New Haven,3/15/2023,2023,3,March,15,4,Wednesday,15:36:00,15,23010409,A,2,,Motor Vehicle In Motion,"Injury of any type (Serious, Minor, Possible)",C,Possible Injury (C),0,0,4,Local,0.23,248,GEORGE ST,GEORGE ST,,SHERMAN AVE,100,Feet,W,41.30986,-72.94576,14,Motor Vehicle in Operation,4,"Sideswipe, same direction",1,On Roadway,1,Clear,88,Not Applicable,1,Daylight,1,Dry,0,None,88,Not Applicable,88,Not Applicable,0,None,88,Not Applicable,88,Not Applicable,1,Non-Junction,1,Not at Intersection,2,"Yes, School Bus Directly Involved",1,No,88,Not Applicable,88,Not Applicable,88,Not Applicable,88,Not Applicable,TRUE,1,Public Road,1,"Trafficway, On Road",CT0009300,New Haven PD,39,59:07.0,C,Closed,00:54.0,,,,,,,
1031522,1,Complete,1031522,1031522,41.31186,-72.8962,3525709,New Haven,93,93,New Haven,3/15/2023,2023,3,March,15,4,Wednesday,16:49:00,16,23010431,A,2,,Motor Vehicle In Motion,"Injury of any type (Serious, Minor, Possible)",C,Possible Injury (C),0,0,4,Local,0.55,213,FERRY ST,FERRY ST,,PINE ST,100,Feet,S,41.31186,-72.8962,14,Motor Vehicle in Operation,1,Front to rear,1,On Roadway,1,Clear,1,Clear,1,Daylight,1,Dry,99,Unknown,88,Not Applicable,88,Not Applicable,0,None,88,Not Applicable,88,Not Applicable,1,Non-Junction,1,Not at Intersection,1,No,1,No,88,Not Applicable,88,Not Applicable,88,Not Applicable,88,Not Applicable,FALSE,1,Public Road,1,"Trafficway, On Road",CT0009300,New Haven PD,44060,38:20.0,C,Closed,00:54.0,,,,,,,
1031753,1,Complete,1031753,1031753,41.308801,-72.899345,3525940,New Haven,93,93,New Haven,12/12/2022,2022,12,December,12,2,Monday,16:30:00,16,22042053,A,3,,Motor Vehicle In Motion,"Injury of any type (Serious, Minor, Possible)",C,Possible Injury (C),0,0,4,Local,0.71,264,GRAND AV,GRAND AV,BLATCHLEY AV,,,,,41.308801,-72.899345,14,Motor Vehicle in Operation,3,Angle,1,On Roadway,1,Clear,88,Not Applicable,1,Daylight,1,Dry,0,None,88,Not Applicable,88,Not Applicable,0,None,88,Not Applicable,88,Not Applicable,2,Intersection,2,Four-Way Intersection,1,No,1,No,88,Not Applicable,88,Not Applicable,88,Not Applicable,88,Not Applicable,FALSE,1,Public Road,1,"Trafficway, On Road",CT0009300,New Haven PD,40807,15:34.0,C,Closed,00:08.0,,,,,,,
1032108,1,Complete,1032108,1032108,41.32848,-72.9546,3526295,New Haven,93,93,New Haven,3/18/2023,2023,3,March,18,7,Saturday,20:00:00,20,23008781,A,2,,Motor Vehicle In Motion,"Injury of any type (Serious, Minor, Possible)",C,Possible Injury (C),0,0,4,Local,0.65,56,BLAKE ST,BLAKE ST,FARNHAM AV,,,,,41.32848,-72.9546,14,Motor Vehicle in Operation,3,Angle,1,On Roadway,1,Clear,88,Not Applicable,4,Dark-Lighted,1,Dry,0,None,88,Not Applicable,88,Not Applicable,0,None,88,Not Applicable,88,Not Applicable,3,Intersection-Related,3,T-Intersection,1,No,1,No,88,Not Applicable,88,Not Applicable,88,Not Applicable,88,Not Applicable,FALSE,1,Public Road,1,"Trafficway, On Road",CT0009300,New Haven PD,19532,23:06.0,O,Open,01:47.0,,,,,,,
1032111,1,Complete,1032111,1032111,41.311751,-72.950828,3526298,New Haven,93,93,New Haven,3/12/2023,2023,3,March,12,1,Sunday,14:55:00,14,23009953,A,2,,Motor Vehicle In Motion,"Injury of any type (Serious, Minor, Possible)",C,Possible Injury (C),0,0,4,Local,0.09,323,IRVING ST,IRVING ST,ELLSWORTH AV,,,,,41.311751,-72.950828,14,Motor Vehicle in Operation,3,Angle,1,On Roadway,1,Clear,88,Not Applicable,1,Daylight,1,Dry,99,Unknown,88,Not Applicable,88,Not Applicable,0,None,88,Not Applicable,88,Not Applicable,2,Intersection,2,Four-Way Intersection,1,No,1,No,88,Not Applicable,88,Not Applicable,88,Not Applicable,88,Not Applicable,FALSE,1,Public Road,1,"Trafficway, On Road",CT0009300,New Haven PD,465,43:13.0,C,Closed,01:37.0,,,,,,,
1032117,1,Complete,1032117,1032117,41.32061,-72.87283,3526304,New Haven,93,93,New Haven,3/16/2023,2023,3,March,16,5,Thursday,13:37:00,13,23010602,A,2,,Motor Vehicle In Motion,"Injury of any type (Serious, Minor, Possible)",C,Possible Injury (C),0,0,3,State,0.51,80,80-E,80-E,,QUINNIPIAC AVE,329,Feet,E,41.32061,-72.87283,14,Motor Vehicle in Operation,1,Front to rear,1,On Roadway,1,Clear,88,Not Applicable,1,Daylight,1,Dry,0,None,88,Not Applicable,88,Not Applicable,0,None,88,Not Applicable,88,Not Applicable,1,Non-Junction,1,Not at Intersection,1,No,1,No,88,Not Applicable,88,Not Applicable,88,Not Applicable,88,Not Applicable,TRUE,1,Public Road,1,"Trafficway, On Road",CT0009300,New Haven PD,44056,23:27.0,C,Closed,01:35.0,,2,32300,3,PRINCIPAL ARTERIAL - OTHER - NEW HPMS,2,Urban
1032119,1,Complete,1032119,1032119,41.313403,-72.896589,3526306,New Haven,93,93,New Haven,3/16/2023,2023,3,March,16,5,Thursday,21:05:00,21,23010648,A,2,,Motor Vehicle In Motion,"Injury of any type (Serious, Minor, Possible)",C,Possible Injury (C),0,0,4,Local,0.44,213,FERRY ST,FERRY ST,,LIMERICK ST,74,Feet,S,41.313403,-72.896589,14,Motor Vehicle in Operation,3,Angle,1,On Roadway,1,Clear,88,Not Applicable,4,Dark-Lighted,1,Dry,0,None,88,Not Applicable,88,Not Applicable,0,None,88,Not Applicable,88,Not Applicable,9,Driveway Access-Related,1,Not at Intersection,1,No,1,No,88,Not Applicable,88,Not Applicable,88,Not Applicable,88,Not Applicable,TRUE,1,Public Road,1,"Trafficway, On Road",CT0009300,New Haven PD,416,23:30.0,C,Closed,01:31.0,,6,127700,1,INTERSTATE - NEW HPMS,2,Urban
1032123,1,Complete,1032123,1032123,41.342854,-72.958132,3526310,New Haven,93,93,New Haven,3/17/2023,2023,3,March,17,6,Friday,9:41:00,9,23010691,A,1,,"Other Fixed Object (wall, building, tunnel, etc.)","Injury of any type (Serious, Minor, Possible)",C,Possible Injury (C),0,0,4,Local,0.2,70,BROOKSIDE AV,BROOKSIDE AV,,WILMOT ROAD,100,Feet,W,41.342854,-72.958132,39,"Other Fixed Object (wall, building, tunnel, etc.)",88,Not Applicable,4,Roadside,1,Clear,88,Not Applicable,1,Daylight,1,Dry,0,None,88,Not Applicable,88,Not Applicable,0,None,88,Not Applicable,88,Not Applicable,1,Non-Junction,1,Not at Intersection,1,No,1,No,88,Not Applicable,88,Not Applicable,88,Not Applicable,88,Not Applicable,FALSE,1,Public Road,1,"Trafficway, On Road",CT0009300,New Haven PD,225,15:10.0,C,Closed,01:37.0,,2,1724,7,LOCAL - NEW HPMS,2,Urban
1032124,1,Complete,1032124,1032124,41.313483,-72.934227,3526311,New Haven,93,93,New Haven,3/17/2023,2023,3,March,17,6,Friday,12:37:00,12,23010730,A,1,,Motor Vehicle In Motion,"Injury of any type (Serious, Minor, Possible)",C,Possible Injury (C),1,0,4,Local,0.86,653,WHALLEY AV,WHALLEY AV,DWIGHT ST,,,,,41.313483,-72.934227,14,Motor Vehicle in Operation,3,Angle,1,On Roadway,1,Clear,88,Not Applicable,1,Daylight,1,Dry,0,None,88,Not Applicable,88,Not Applicable,0,None,88,Not Applicable,88,Not Applicable,2,Intersection,3,T-Intersection,1,No,1,No,88,Not Applicable,88,Not Applicable,88,Not Applicable,88,Not Applicable,FALSE,1,Public Road,1,"Trafficway, On Road",CT0009300,New Haven PD,62,23:03.0,C,Closed,01:33.0,,,,,,,
1032134,1,Complete,1032134,1032134,41.305911,-72.937523,3526321,New Haven,93,93,New Haven,3/18/2023,2023,3,March,18,7,Saturday,16:05:00,16,23010871,A,2,,Motor Vehicle In Motion,"Injury of any type (Serious, Minor, Possible)",C,Possible Injury (C),0,0,4,Local,0.01,308,HOWARD AV,HOWARD AV,,SOUTH FRONTAGE,20,Feet,S,41.305911,-72.937523,14,Motor Vehicle in Operation,1,Front to rear,1,On Roadway,1,Clear,88,Not Applicable,1,Daylight,1,Dry,0,None,88,Not Applicable,88,Not Applicable,0,None,88,Not Applicable,88,Not Applicable,1,Non-Junction,1,Not at Intersection,1,No,1,No,88,Not Applicable,88,Not Applicable,88,Not Applicable,88,Not Applicable,FALSE,1,Public Road,1,"Trafficway, On Road",CT0009300,New Haven PD,40818,20:17.0,C,Closed,01:46.0,,,,,,,
1032136,1,Complete,1032136,1032136,41.31747,-72.90141,3526323,New Haven,93,93,New Haven,3/18/2023,2023,3,March,18,7,Saturday,21:12:00,21,23010892,A,2,,Motor Vehicle In Motion,"Injury of any type (Serious, Minor, Possible)",C,Possible Injury (C),0,0,4,Local,0,666,WILLOW ST,WILLOW ST,5-N,,,,,41.31747,-72.90141,14,Motor Vehicle in Operation,1,Front to rear,1,On Roadway,1,Clear,88,Not Applicable,4,Dark-Lighted,1,Dry,0,None,88,Not Applicable,88,Not Applicable,0,None,88,Not Applicable,88,Not Applicable,2,Intersection,2,Four-Way Intersection,1,No,1,No,88,Not Applicable,88,Not Applicable,88,Not Applicable,88,Not Applicable,FALSE,1,Public Road,1,"Trafficway, On Road",CT0009300,New Haven PD,42057,59:55.0,C,Closed,01:51.0,,,,,,,
1032138,1,Complete,1032138,1032138,41.294319,-72.899498,3526325,New Haven,93,93,New Haven,3/19/2023,2023,3,March,19,1,Sunday,1:36:00,1,23010930,A,2,,Motor Vehicle In Motion,"Injury of any type (Serious, Minor, Possible)",C,Possible Injury (C),0,0,2,USRoute,49.72,1,1-N,1-N,,WHEELER ST,100,Feet,W,41.294319,-72.899498,14,Motor Vehicle in Operation,1,Front to rear,1,On Roadway,1,Clear,88,Not Applicable,4,Dark-Lighted,1,Dry,0,None,88,Not Applicable,88,Not Applicable,0,None,88,Not Applicable,88,Not Applicable,1,Non-Junction,1,Not at Intersection,1,No,1,No,88,Not Applicable,88,Not Applicable,88,Not Applicable,88,Not Applicable,FALSE,1,Public Road,1,"Trafficway, On Road",CT0009300,New Haven PD,44175,26:26.0,C,Closed,01:51.0,,2,9400,3,PRINCIPAL ARTERIAL - OTHER - NEW HPMS,2,Urban
1032140,1,Complete,1032140,1032140,41.285222,-72.936747,3526327,New Haven,93,93,New Haven,3/19/2023,2023,3,March,19,1,Sunday,10:18:00,10,23010955,A,2,,Motor Vehicle In Motion,"Injury of any type (Serious, Minor, Possible)",C,Possible Injury (C),0,0,3,State,1.13,745,745-E,745-E,,ELLA T GRASSO BLVD,200,Feet,N,41.285222,-72.936747,14,Motor Vehicle in Operation,3,Angle,1,On Roadway,1,Clear,88,Not Applicable,1,Daylight,1,Dry,0,None,88,Not Applicable,88,Not Applicable,0,None,88,Not Applicable,88,Not Applicable,9,Driveway Access-Related,1,Not at Intersection,1,No,1,No,88,Not Applicable,88,Not Applicable,88,Not Applicable,88,Not Applicable,TRUE,1,Public Road,1,"Trafficway, On Road",CT0009300,New Haven PD,295,12:54.0,C,Closed,01:49.0,,1,15200,4,MINOR ARTERIAL - NEW HPMS,1,Rural
1032144,1,Complete,1032144,1032144,41.288995,-72.894695,3526331,New Haven,93,93,New Haven,3/19/2023,2023,3,March,19,1,Sunday,18:07:00,18,23011003,A,2,,Motor Vehicle In Motion,"Injury of any type (Serious, Minor, Possible)",C,Possible Injury (C),0,0,1,Interstate,0,95,95-S-347,95-S-347,WOODWARD AV,,,,,41.288995,-72.894695,14,Motor Vehicle in Operation,3,Angle,1,On Roadway,1,Clear,88,Not Applicable,1,Daylight,1,Dry,0,None,88,Not Applicable,88,Not Applicable,0,None,88,Not Applicable,88,Not Applicable,2,Intersection,2,Four-Way Intersection,1,No,1,No,88,Not Applicable,88,Not Applicable,88,Not Applicable,88,Not Applicable,FALSE,1,Public Road,1,"Trafficway, On Road",CT0009300,New Haven PD,42367,14:02.0,C,Closed,01:53.0,,8,141200,1,INTERSTATE - NEW HPMS,2,Urban
1032791,1,Complete,1032791,1032791,41.323911,-72.881841,3526978,New Haven,93,93,New Haven,3/7/2023,2023,3,March,7,3,Tuesday,5:15:00,5,23009205,A,2,,Motor Vehicle In Motion,"Injury of any type (Serious, Minor, Possible)",C,Possible Injury (C),0,0,3,State,0.19,17,17-N,17-N,,FOXON BLVD,50,Feet,W,41.323911,-72.881841,14,Motor Vehicle in Operation,2,Front to front,1,On Roadway,1,Clear,88,Not Applicable,4,Dark-Lighted,2,Wet,0,None,88,Not Applicable,88,Not Applicable,0,None,88,Not Applicable,88,Not Applicable,3,Intersection-Related,8,"Five-Point, or More",1,No,1,No,88,Not Applicable,88,Not Applicable,88,Not Applicable,88,Not Applicable,FALSE,1,Public Road,1,"Trafficway, On Road",CT0009300,New Haven PD,42049,20:01.0,C,Closed,01:49.0,,1,30200,3,PRINCIPAL ARTERIAL - OTHER - NEW HPMS,2,Urban
1032795,1,Complete,1032795,1032795,41.31758,-72.94978,3526982,New Haven,93,93,New Haven,3/15/2023,2023,3,March,15,4,Wednesday,22:49:00,22,23010486,A,4,,Motor Vehicle In Motion,"Injury of any type (Serious, Minor, Possible)",A,Suspected Serious Injury (A),0,0,3,State,2.74,10,10-N,10-N,ELM ST NO 1,,,,,41.31758,-72.94978,14,Motor Vehicle in Operation,3,Angle,1,On Roadway,1,Clear,88,Not Applicable,4,Dark-Lighted,1,Dry,0,None,88,Not Applicable,88,Not Applicable,0,None,88,Not Applicable,88,Not Applicable,2,Intersection,2,Four-Way Intersection,1,No,1,No,88,Not Applicable,88,Not Applicable,88,Not Applicable,88,Not Applicable,FALSE,1,Public Road,1,"Trafficway, On Road",CT0009300,New Haven PD,42044,51:37.0,C,Closed,01:49.0,,1,16900,3,PRINCIPAL ARTERIAL - OTHER - NEW HPMS,1,Rural