CrashId,Fatal Case Status,Fatal Case Status Text Format,CrashId,CrashId,Latitude,Longitude,DOT Case Number,Town Name,Town Number,Town Number,Town Number Text Format,Date Of Crash,Year,Month,Month Text Format,Day,Day of the Week,Day of the Week Text Format,Time of Crash,Hour of the Day,Case Identifier,Crash Severity,Number Of Motor Vehicles,Motor vehicle action,Most harmful event,Crash Severity Text Format,Most Severe Injury,Most Severe Injury Text Format,Number Of Non-Motorist,Number Of Witnesses,Route Class,Route Class Text Format,Milemarker,Road Number,Road Description,Roadway Name,Intersecting Roadway Name,Landmark Description,Distance From Nearest Landmark,Unit Of Measure From Nearest Landmark,Direction From Nearest Landmark,Latitude,Longitude,First Harmful Event,First Harmful Event Text Format,Manner of Crash / Collision Impact,Manner of Crash / Collision Impact Text Format,Location of First Harmful Event,Location of First Harmful Event Text Format,Weather Condition,Weather Condition Text Format,Weather 2,Weather 2 Text Format,Light Condition,Light Condition Text Format,Road Surface Condition,Road Surface Condition Text Format,"Contributing Circumstances, Environment","Contributing Circumstances, Environment Text Format",Environment 2,Environment 2 Text Format,Environment 3,Environment 3 Text Format,"Contributing Circumstances, Road","Contributing Circumstances, Road Text Format",Road 2,Road 2 Text Format,Road 3,Road 3 Text Format,Crash Specific Location,Crash Specific Location Text Format,Type of Intersection,Type of Intersection Text Format,School Bus Related,School Bus Related Text Format,Work Zone Related,Work Zone Related Text Format,Location Of Crash Relative To Work Zone,Location Of Crash Relative To Work Zone Text Format,Type of Work Zone,Type of Work Zone Text Format,Worker Presence,Worker Presence Text Format,Law Enforcement Presence,Law Enforcement Presence Text Format,Were Vehicles Moved Prior To Police Arrival,Trafficway Ownership,Trafficway Ownership Text Format,Trafficway Class,Trafficway Class Text Format,Police Agency,Police Agency Text Format,Badge Number,Approval Date,Police Case Status,Police Case Status Text Format,Crash Report Submission Date,Related Case Identifiers,No. of Through Lanes (Log Dir.),Average Daily Traffic,Functional Classification,Functional Classification Text Format,Rural or Urban,Rural or Urban Text Format
1032796,1,Complete,1032796,1032796,41.323856,-72.881548,3526983,New Haven,93,93,New Haven,3/19/2023,2023,3,March,19,1,Sunday,0:45:00,0,23010922,A,2,,Motor Vehicle In Motion,"Injury of any type (Serious, Minor, Possible)",B,Suspected Minor Injury (B),0,0,3,State,0,80,80-W,80-W,17-N,,,,,41.323856,-72.881548,14,Motor Vehicle in Operation,3,Angle,1,On Roadway,1,Clear,88,Not Applicable,4,Dark-Lighted,1,Dry,0,None,88,Not Applicable,88,Not Applicable,0,None,88,Not Applicable,88,Not Applicable,2,Intersection,2,Four-Way Intersection,1,No,1,No,88,Not Applicable,88,Not Applicable,88,Not Applicable,88,Not Applicable,FALSE,1,Public Road,1,"Trafficway, On Road",CT0009300,New Haven PD,44063,14:00.0,C,Closed,01:45.0,,2,32300,3,PRINCIPAL ARTERIAL - OTHER - NEW HPMS,2,Urban
1032797,1,Complete,1032797,1032797,41.32717,-72.95316,3526984,New Haven,93,93,New Haven,3/19/2023,2023,3,March,19,1,Sunday,12:53:00,12,23010976,A,2,,Motor Vehicle In Motion,"Injury of any type (Serious, Minor, Possible)",C,Possible Injury (C),0,0,4,Local,0.53,56,BLAKE ST,BLAKE ST,,FITCH ST,100,Feet,S,41.32717,-72.95316,14,Motor Vehicle in Operation,3,Angle,1,On Roadway,1,Clear,1,Clear,1,Daylight,1,Dry,0,None,88,Not Applicable,88,Not Applicable,97,Other,88,Not Applicable,88,Not Applicable,1,Non-Junction,1,Not at Intersection,1,No,1,No,88,Not Applicable,88,Not Applicable,88,Not Applicable,88,Not Applicable,FALSE,1,Public Road,1,"Trafficway, On Road",CT0009300,New Haven PD,44060,25:28.0,C,Closed,01:47.0,,,,,,,
1032798,1,Complete,1032798,1032798,41.328086,-72.952192,3526985,New Haven,93,93,New Haven,3/20/2023,2023,3,March,20,2,Monday,0:08:00,0,23011033,A,1,,Ran Off Roadway Left,"Injury of any type (Serious, Minor, Possible)",B,Suspected Minor Injury (B),0,0,3,State,3.94,10,10-N,10-N,,Dyer St,167,Feet,S,41.328086,-72.952192,39,"Other Fixed Object (wall, building, tunnel, etc.)",88,Not Applicable,1,On Roadway,2,Cloudy,88,Not Applicable,4,Dark-Lighted,1,Dry,0,None,88,Not Applicable,88,Not Applicable,0,None,88,Not Applicable,88,Not Applicable,1,Non-Junction,1,Not at Intersection,1,No,1,No,88,Not Applicable,88,Not Applicable,88,Not Applicable,88,Not Applicable,FALSE,1,Public Road,1,"Trafficway, On Road",CT0009300,New Haven PD,44339,24:13.0,C,Closed,01:45.0,,2,13100,4,MINOR ARTERIAL - NEW HPMS,2,Urban
1032801,1,Complete,1032801,1032801,41.3171289,-72.91545,3526988,New Haven,93,93,New Haven,3/20/2023,2023,3,March,20,2,Monday,8:55:00,8,23011052,A,2,,Motor Vehicle In Motion,"Injury of any type (Serious, Minor, Possible)",C,Possible Injury (C),0,0,4,Local,0.79,450,ORANGE ST NO 1,ORANGE ST NO 1,BISHOP ST,,,,,41.3171289,-72.91545,14,Motor Vehicle in Operation,3,Angle,1,On Roadway,1,Clear,88,Not Applicable,1,Daylight,1,Dry,0,None,88,Not Applicable,88,Not Applicable,0,None,88,Not Applicable,88,Not Applicable,2,Intersection,2,Four-Way Intersection,1,No,1,No,88,Not Applicable,88,Not Applicable,88,Not Applicable,88,Not Applicable,FALSE,1,Public Road,1,"Trafficway, On Road",CT0009300,New Haven PD,87,51:40.0,C,Closed,01:46.0,,,,,,,
1033219,1,Complete,1033219,1033219,41.308943,-72.895996,3527405,New Haven,93,93,New Haven,3/18/2023,2023,3,March,18,7,Saturday,16:40:00,16,23010873,A,2,,Motor Vehicle In Motion,"Injury of any type (Serious, Minor, Possible)",C,Possible Injury (C),0,0,4,Local,0.53,264,GRAND AV,GRAND AV,,FERRY ST,150,Feet,W,41.308943,-72.895996,14,Motor Vehicle in Operation,2,Front to front,1,On Roadway,1,Clear,88,Not Applicable,4,Dark-Lighted,1,Dry,0,None,88,Not Applicable,88,Not Applicable,0,None,88,Not Applicable,88,Not Applicable,9,Driveway Access-Related,1,Not at Intersection,1,No,1,No,88,Not Applicable,88,Not Applicable,88,Not Applicable,88,Not Applicable,FALSE,1,Public Road,1,"Trafficway, On Road",CT0009300,New Haven PD,42057,48:32.0,C,Closed,00:48.0,,,,,,,
1033538,1,Complete,1033538,1033538,41.2988,-72.949501,3527724,New Haven,93,93,New Haven,3/10/2023,2023,3,March,10,6,Friday,18:14:00,18,23009770,A,3,,Motor Vehicle In Motion,"Injury of any type (Serious, Minor, Possible)",C,Possible Injury (C),0,0,3,State,1.57,10,10-N,10-N,,COLUMBUS AVE,500,Feet,N,41.2988,-72.949501,14,Motor Vehicle in Operation,1,Front to rear,1,On Roadway,1,Clear,88,Not Applicable,4,Dark-Lighted,1,Dry,0,None,88,Not Applicable,88,Not Applicable,0,None,88,Not Applicable,88,Not Applicable,11,Through Roadway,1,Not at Intersection,1,No,1,No,88,Not Applicable,88,Not Applicable,88,Not Applicable,88,Not Applicable,TRUE,1,Public Road,1,"Trafficway, On Road",CT0009300,New Haven PD,44068,02:59.0,O,Open,00:21.0,,2,20800,3,PRINCIPAL ARTERIAL - OTHER - NEW HPMS,2,Urban
1033539,1,Complete,1033539,1033539,41.324911,-72.935176,3527725,New Haven,93,93,New Haven,3/12/2023,2023,3,March,12,1,Sunday,19:26:00,19,23009976,A,4,,Motor Vehicle In Motion,"Injury of any type (Serious, Minor, Possible)",C,Possible Injury (C),0,1,4,Local,0.86,152,DIXWELL AV,DIXWELL AV,,ARGYLE ST,130,Feet,N,41.324911,-72.935176,14,Motor Vehicle in Operation,97,Other,1,On Roadway,1,Clear,88,Not Applicable,4,Dark-Lighted,1,Dry,0,None,88,Not Applicable,88,Not Applicable,0,None,88,Not Applicable,88,Not Applicable,11,Through Roadway,1,Not at Intersection,1,No,1,No,88,Not Applicable,88,Not Applicable,88,Not Applicable,88,Not Applicable,FALSE,1,Public Road,1,"Trafficway, On Road",CT0009300,New Haven PD,44068,36:46.0,C,Closed,00:12.0,,4,46800,2,PRIN ART-OTHER FREEWAYS & EXPRESSWAYS - NEW HPMS,2,Urban
1033541,1,Complete,1033541,1033541,41.308214,-72.945902,3527727,New Haven,93,93,New Haven,3/14/2023,2023,3,March,14,3,Tuesday,23:28:00,23,23010301,A,2,,Motor Vehicle In Motion,"Injury of any type (Serious, Minor, Possible)",C,Possible Injury (C),0,0,4,Local,0.17,556,SHERMAN AV,SHERMAN AV,,GILBERT AVE,40,Feet,S,41.308214,-72.945902,14,Motor Vehicle in Operation,3,Angle,1,On Roadway,1,Clear,88,Not Applicable,4,Dark-Lighted,1,Dry,0,None,88,Not Applicable,88,Not Applicable,0,None,88,Not Applicable,88,Not Applicable,1,Non-Junction,1,Not at Intersection,1,No,1,No,88,Not Applicable,88,Not Applicable,88,Not Applicable,88,Not Applicable,FALSE,1,Public Road,1,"Trafficway, On Road",CT0009300,New Haven PD,503,53:47.0,O,Open,00:14.0,,,,,,,
1033550,1,Complete,1033550,1033550,41.328456,-72.977492,3527736,New Haven,93,93,New Haven,3/22/2023,2023,3,March,22,4,Wednesday,7:50:00,7,23011318,A,2,,Motor Vehicle In Motion,"Injury of any type (Serious, Minor, Possible)",B,Suspected Minor Injury (B),0,0,3,State,5.72,243,243-E,243-E,BENTON ST,,,,,41.328456,-72.977492,14,Motor Vehicle in Operation,3,Angle,1,On Roadway,1,Clear,88,Not Applicable,1,Daylight,1,Dry,0,None,88,Not Applicable,88,Not Applicable,0,None,88,Not Applicable,88,Not Applicable,2,Intersection,3,T-Intersection,1,No,1,No,88,Not Applicable,88,Not Applicable,88,Not Applicable,88,Not Applicable,FALSE,1,Public Road,1,"Trafficway, On Road",CT0009300,New Haven PD,79,14:47.0,C,Closed,00:17.0,,1,9800,4,MINOR ARTERIAL - NEW HPMS,1,Rural
1033551,1,Complete,1033551,1033551,41.304977,-72.898264,3527737,New Haven,93,93,New Haven,3/22/2023,2023,3,March,22,4,Wednesday,8:56:00,8,23011322,A,2,,Motor Vehicle In Motion,"Injury of any type (Serious, Minor, Possible)",C,Possible Injury (C),0,0,4,Local,0.19,542,SALTONSTALL AV,SALTONSTALL AV,,BLATCHLEY AVE,60,Feet,E,41.304977,-72.898264,14,Motor Vehicle in Operation,1,Front to rear,1,On Roadway,1,Clear,88,Not Applicable,1,Daylight,1,Dry,0,None,88,Not Applicable,88,Not Applicable,0,None,88,Not Applicable,88,Not Applicable,1,Non-Junction,1,Not at Intersection,1,No,1,No,88,Not Applicable,88,Not Applicable,88,Not Applicable,88,Not Applicable,FALSE,1,Public Road,1,"Trafficway, On Road",CT0009300,New Haven PD,193,26:10.0,C,Closed,00:19.0,,,,,,,
1033968,1,Complete,1033968,1033968,41.291081,-72.934093,3528154,New Haven,93,93,New Haven,2/20/2023,2023,2,February,20,2,Monday,14:00:00,14,23007081,A,1,,"Other Fixed Object (wall, building, tunnel, etc.)","Injury of any type (Serious, Minor, Possible)",C,Possible Injury (C),3,0,4,Local,0.39,148,DEWITT ST,DEWITT ST,LAMBERTON ST,,,,,41.291081,-72.934093,39,"Other Fixed Object (wall, building, tunnel, etc.)",88,Not Applicable,1,On Roadway,1,Clear,88,Not Applicable,1,Daylight,1,Dry,0,None,88,Not Applicable,88,Not Applicable,0,None,88,Not Applicable,88,Not Applicable,2,Intersection,3,T-Intersection,1,No,1,No,88,Not Applicable,88,Not Applicable,88,Not Applicable,88,Not Applicable,FALSE,1,Public Road,1,"Trafficway, On Road",CT0009300,New Haven PD,26,38:33.0,C,Closed,01:36.0,,1,5348,7,LOCAL - NEW HPMS,2,Urban
1033970,1,Complete,1033970,1033970,41.29986,-72.94044,3528156,New Haven,93,93,New Haven,3/16/2023,2023,3,March,16,5,Thursday,14:04:00,14,23010587,A,1,,Motor Vehicle In Motion,"Injury of any type (Serious, Minor, Possible)",C,Possible Injury (C),1,0,4,Local,0.41,123,CONGRESS AV,CONGRESS AV,WHITE ST,,,,,41.29986,-72.94044,10,Pedalcycle/Pedalcyclist,5,"Sideswipe, opposite direction",1,On Roadway,1,Clear,88,Not Applicable,1,Daylight,1,Dry,0,None,88,Not Applicable,88,Not Applicable,0,None,88,Not Applicable,88,Not Applicable,2,Intersection,3,T-Intersection,1,No,1,No,88,Not Applicable,88,Not Applicable,88,Not Applicable,88,Not Applicable,TRUE,1,Public Road,1,"Trafficway, On Road",CT0009300,New Haven PD,44065,33:37.0,C,Closed,01:38.0,,,,,,,
1033972,1,Complete,1033972,1033972,41.3081385,-72.9280199,3528158,New Haven,93,93,New Haven,3/18/2023,2023,3,March,18,7,Saturday,15:00:00,15,23010868,A,4,,Utility Pole,"Injury of any type (Serious, Minor, Possible)",C,Possible Injury (C),0,1,4,Local,0.27,117,COLLEGE ST,COLLEGE ST,,CHAPEL ST,320,Feet,N,41.3081385,-72.9280199,15,Parked Motor Vehicle,4,"Sideswipe, same direction",1,On Roadway,1,Clear,88,Not Applicable,1,Daylight,1,Dry,0,None,88,Not Applicable,88,Not Applicable,0,None,88,Not Applicable,88,Not Applicable,1,Non-Junction,1,Not at Intersection,1,No,1,No,88,Not Applicable,88,Not Applicable,88,Not Applicable,88,Not Applicable,FALSE,1,Public Road,1,"Trafficway, On Road",CT0009300,New Haven PD,42053,35:38.0,C,Closed,01:37.0,,,,,,,
1033975,1,Complete,1033975,1033975,41.3155,-72.93921,3528161,New Haven,93,93,New Haven,3/15/2023,2023,3,March,15,4,Wednesday,1:01:00,1,23011301,A,2,,Motor Vehicle In Motion,"Injury of any type (Serious, Minor, Possible)",C,Possible Injury (C),0,0,4,Local,0.56,653,WHALLEY AV,WHALLEY AV,ORCHARD ST,,,,,41.3155,-72.93921,14,Motor Vehicle in Operation,3,Angle,1,On Roadway,4,Rain,88,Not Applicable,4,Dark-Lighted,2,Wet,0,None,88,Not Applicable,88,Not Applicable,0,None,88,Not Applicable,88,Not Applicable,2,Intersection,2,Four-Way Intersection,1,No,1,No,88,Not Applicable,88,Not Applicable,88,Not Applicable,88,Not Applicable,FALSE,1,Public Road,1,"Trafficway, On Road",CT0009300,New Haven PD,503,00:19.0,O,Open,01:37.0,,,,,,,
1033977,1,Complete,1033977,1033977,41.32328,-72.91703,3528163,New Haven,93,93,New Haven,3/22/2023,2023,3,March,22,4,Wednesday,23:59:00,23,23011478,A,3,,Motor Vehicle In Motion,"Injury of any type (Serious, Minor, Possible)",C,Possible Injury (C),0,0,4,Local,0.93,656,WHITNEY AV,WHITNEY AV,,WILLOW ST,170,Feet,S,41.32328,-72.91703,14,Motor Vehicle in Operation,1,Front to rear,1,On Roadway,1,Clear,88,Not Applicable,4,Dark-Lighted,1,Dry,0,None,88,Not Applicable,88,Not Applicable,0,None,88,Not Applicable,88,Not Applicable,1,Non-Junction,1,Not at Intersection,1,No,1,No,88,Not Applicable,88,Not Applicable,88,Not Applicable,88,Not Applicable,FALSE,1,Public Road,1,"Trafficway, On Road",CT0009300,New Haven PD,39,00:28.0,C,Closed,01:42.0,,,,,,,
1033979,1,Complete,1033979,1033979,41.31783,-72.93778,3528165,New Haven,93,93,New Haven,3/23/2023,2023,3,March,23,5,Thursday,7:43:00,7,23011502,A,2,,Motor Vehicle In Motion,"Injury of any type (Serious, Minor, Possible)",C,Possible Injury (C),0,0,4,Local,1.19,453,ORCHARD ST,ORCHARD ST,GOFFE ST,,,,,41.31783,-72.93778,14,Motor Vehicle in Operation,1,Front to rear,1,On Roadway,3,"Fog, Smog, Smoke",88,Not Applicable,1,Daylight,1,Dry,0,None,88,Not Applicable,88,Not Applicable,0,None,88,Not Applicable,88,Not Applicable,2,Intersection,2,Four-Way Intersection,1,No,1,No,88,Not Applicable,88,Not Applicable,88,Not Applicable,88,Not Applicable,TRUE,1,Public Road,1,"Trafficway, On Road",CT0009300,New Haven PD,326,19:54.0,C,Closed,01:40.0,,,,,,,
1033980,1,Complete,1033980,1033980,41.315454,-72.939288,3528166,New Haven,93,93,New Haven,3/23/2023,2023,3,March,23,5,Thursday,9:33:00,9,23011511,A,1,,Pedestrian,"Injury of any type (Serious, Minor, Possible)",B,Suspected Minor Injury (B),2,1,4,Local,1,453,ORCHARD ST,ORCHARD ST,,WHALLEY AVE,10,Feet,S,41.315454,-72.939288,9,Pedestrian,88,Not Applicable,1,On Roadway,3,"Fog, Smog, Smoke",88,Not Applicable,1,Daylight,1,Dry,0,None,88,Not Applicable,88,Not Applicable,0,None,88,Not Applicable,88,Not Applicable,3,Intersection-Related,2,Four-Way Intersection,1,No,1,No,88,Not Applicable,88,Not Applicable,88,Not Applicable,88,Not Applicable,FALSE,1,Public Road,1,"Trafficway, On Road",CT0009300,New Haven PD,62,56:06.0,C,Closed,01:39.0,,2,21100,3,PRINCIPAL ARTERIAL - OTHER - NEW HPMS,2,Urban
1033982,1,Complete,1033982,1033982,41.3156,-72.90089,3528168,New Haven,93,93,New Haven,3/23/2023,2023,3,March,23,5,Thursday,16:11:00,16,23011563,A,2,,Motor Vehicle In Motion,"Injury of any type (Serious, Minor, Possible)",C,Possible Injury (C),0,0,4,Local,0.88,57,BLATCHLEY AV,BLATCHLEY AV,PECK ST NO 1,,,,,41.3156,-72.90089,14,Motor Vehicle in Operation,5,"Sideswipe, opposite direction",1,On Roadway,2,Cloudy,88,Not Applicable,1,Daylight,1,Dry,0,None,88,Not Applicable,88,Not Applicable,0,None,88,Not Applicable,88,Not Applicable,2,Intersection,2,Four-Way Intersection,1,No,1,No,88,Not Applicable,88,Not Applicable,88,Not Applicable,88,Not Applicable,FALSE,1,Public Road,1,"Trafficway, On Road",CT0009300,New Haven PD,40788,13:27.0,C,Closed,01:45.0,,,,,,,
1034444,1,Complete,1034444,1034444,41.33305,-72.97551,3528630,New Haven,93,93,New Haven,3/16/2023,2023,3,March,16,5,Thursday,8:27:00,8,23010503,A,2,,Motor Vehicle In Motion,"Injury of any type (Serious, Minor, Possible)",C,Possible Injury (C),0,0,3,State,1.16,63,63-N,63-N,WESTERLEIGH RD,,,,,41.33305,-72.97551,14,Motor Vehicle in Operation,3,Angle,1,On Roadway,1,Clear,88,Not Applicable,1,Daylight,1,Dry,0,None,88,Not Applicable,88,Not Applicable,0,None,88,Not Applicable,88,Not Applicable,2,Intersection,3,T-Intersection,1,No,1,No,88,Not Applicable,88,Not Applicable,88,Not Applicable,88,Not Applicable,FALSE,1,Public Road,1,"Trafficway, On Road",CT0009300,New Haven PD,40793,08:50.0,C,Closed,00:40.0,,2,27000,3,PRINCIPAL ARTERIAL - OTHER - NEW HPMS,2,Urban
1034450,1,Complete,1034450,1034450,41.315667,-72.929014,3528636,New Haven,93,93,New Haven,3/20/2023,2023,3,March,20,2,Monday,7:58:00,7,23011048,A,1,,Motor Vehicle In Motion,"Injury of any type (Serious, Minor, Possible)",C,Possible Injury (C),1,0,4,Local,0.26,736,ASHMUN ST NO 2,ASHMUN ST NO 2,LOCK ST,,,,,41.315667,-72.929014,14,Motor Vehicle in Operation,3,Angle,1,On Roadway,1,Clear,88,Not Applicable,1,Daylight,1,Dry,0,None,88,Not Applicable,88,Not Applicable,0,None,88,Not Applicable,88,Not Applicable,2,Intersection,4,Y-Intersection,1,No,1,No,88,Not Applicable,88,Not Applicable,88,Not Applicable,88,Not Applicable,FALSE,1,Public Road,1,"Trafficway, On Road",CT0009300,New Haven PD,44065,50:25.0,O,Open,01:06.0,,,,,,,
1034463,1,Complete,1034463,1034463,41.294997,-72.933479,3528649,New Haven,93,93,New Haven,3/24/2023,2023,3,March,24,6,Friday,16:15:00,16,23011725,A,3,,Motor Vehicle In Motion,"Injury of any type (Serious, Minor, Possible)",C,Possible Injury (C),0,0,4,Local,0.8,308,HOWARD AV,HOWARD AV,,Putnam St,51,Feet,S,41.294997,-72.933479,14,Motor Vehicle in Operation,1,Front to rear,1,On Roadway,1,Clear,88,Not Applicable,1,Daylight,1,Dry,0,None,88,Not Applicable,88,Not Applicable,0,None,88,Not Applicable,88,Not Applicable,1,Non-Junction,1,Not at Intersection,1,No,1,No,88,Not Applicable,88,Not Applicable,88,Not Applicable,88,Not Applicable,FALSE,1,Public Road,1,"Trafficway, On Road",CT0009300,New Haven PD,44055,36:47.0,C,Closed,00:43.0,,,,,,,
1034464,1,Complete,1034464,1034464,41.309134,-72.927303,3528650,New Haven,93,93,New Haven,3/24/2023,2023,3,March,24,6,Friday,16:31:00,16,23011731,A,2,,Motor Vehicle In Motion,"Injury of any type (Serious, Minor, Possible)",C,Possible Injury (C),0,0,4,Local,0.2,117,COLLEGE ST,COLLEGE ST,,ELM ST,140,Feet,S,41.309134,-72.927303,14,Motor Vehicle in Operation,1,Front to rear,1,On Roadway,1,Clear,88,Not Applicable,1,Daylight,1,Dry,0,None,88,Not Applicable,88,Not Applicable,0,None,88,Not Applicable,88,Not Applicable,1,Non-Junction,1,Not at Intersection,2,"Yes, School Bus Directly Involved",1,No,88,Not Applicable,88,Not Applicable,88,Not Applicable,88,Not Applicable,TRUE,1,Public Road,1,"Trafficway, On Road",CT0009300,New Haven PD,221,14:50.0,O,Open,00:48.0,,,,,,,
1034467,1,Complete,1034467,1034467,41.29712,-72.94842,3528653,New Haven,93,93,New Haven,3/24/2023,2023,3,March,24,6,Friday,17:41:00,17,23011738,A,2,,Motor Vehicle In Motion,"Injury of any type (Serious, Minor, Possible)",C,Possible Injury (C),0,0,3,State,1.44,10,10-N,10-N,,RT1,50,Feet,N,41.29712,-72.94842,14,Motor Vehicle in Operation,4,"Sideswipe, same direction",1,On Roadway,1,Clear,88,Not Applicable,1,Daylight,1,Dry,0,None,88,Not Applicable,88,Not Applicable,0,None,88,Not Applicable,88,Not Applicable,1,Non-Junction,1,Not at Intersection,1,No,1,No,88,Not Applicable,88,Not Applicable,88,Not Applicable,88,Not Applicable,FALSE,1,Public Road,1,"Trafficway, On Road",CT0009300,New Haven PD,38715,57:50.0,C,Closed,00:46.0,23-011738,2,20300,3,PRINCIPAL ARTERIAL - OTHER - NEW HPMS,2,Urban
1034468,1,Complete,1034468,1034468,41.315898,-72.940173,3528654,New Haven,93,93,New Haven,3/24/2023,2023,3,March,24,6,Friday,18:14:00,18,23011743,A,2,,Motor Vehicle In Motion,"Injury of any type (Serious, Minor, Possible)",B,Suspected Minor Injury (B),0,0,4,Local,0.51,653,WHALLEY AV,WHALLEY AV,COUNTY ST,,,,,41.315898,-72.940173,14,Motor Vehicle in Operation,5,"Sideswipe, opposite direction",1,On Roadway,1,Clear,88,Not Applicable,1,Daylight,1,Dry,0,None,88,Not Applicable,88,Not Applicable,0,None,88,Not Applicable,88,Not Applicable,3,Intersection-Related,3,T-Intersection,1,No,1,No,88,Not Applicable,88,Not Applicable,88,Not Applicable,88,Not Applicable,FALSE,1,Public Road,1,"Trafficway, On Road",CT0009300,New Haven PD,44062,33:17.0,C,Closed,00:55.0,,,,,,,
1034472,1,Complete,1034472,1034472,41.306211,-72.899024,3528658,New Haven,93,93,New Haven,3/24/2023,2023,3,March,24,6,Friday,23:19:00,23,23011789,A,2,,Motor Vehicle In Motion,"Injury of any type (Serious, Minor, Possible)",C,Possible Injury (C),0,0,4,Local,0.27,673,WOLCOTT ST,WOLCOTT ST,BLATCHLEY AV,,,,,41.306211,-72.899024,14,Motor Vehicle in Operation,3,Angle,1,On Roadway,1,Clear,88,Not Applicable,4,Dark-Lighted,1,Dry,99,Unknown,88,Not Applicable,88,Not Applicable,99,Unknown,88,Not Applicable,88,Not Applicable,2,Intersection,2,Four-Way Intersection,1,No,1,No,88,Not Applicable,88,Not Applicable,88,Not Applicable,88,Not Applicable,TRUE,1,Public Road,1,"Trafficway, On Road",CT0009300,New Haven PD,36335,55:31.0,C,Closed,00:59.0,,,,,,,
1034474,1,Complete,1034474,1034474,41.31897,-72.94909,3528660,New Haven,93,93,New Haven,3/25/2023,2023,3,March,25,7,Saturday,10:56:00,10,23011835,A,2,,Utility Pole,"Injury of any type (Serious, Minor, Possible)",C,Possible Injury (C),0,0,3,State,2.86,10,10-N,10-N,ELLA T GRASSO BLVD NO 2,,,,,41.31897,-72.94909,14,Motor Vehicle in Operation,1,Front to rear,1,On Roadway,2,Cloudy,88,Not Applicable,1,Daylight,1,Dry,0,None,88,Not Applicable,88,Not Applicable,0,None,88,Not Applicable,88,Not Applicable,3,Intersection-Related,2,Four-Way Intersection,1,No,1,No,88,Not Applicable,88,Not Applicable,88,Not Applicable,88,Not Applicable,FALSE,1,Public Road,1,"Trafficway, On Road",CT0009300,New Haven PD,344,12:36.0,C,Closed,00:54.0,23011835,1,10200,3,PRINCIPAL ARTERIAL - OTHER - NEW HPMS,1,Rural
1034477,1,Complete,1034477,1034477,41.30793,-72.93428,3528663,New Haven,93,93,New Haven,3/25/2023,2023,3,March,25,7,Saturday,14:13:00,14,23011862,A,2,,Motor Vehicle In Motion,"Injury of any type (Serious, Minor, Possible)",C,Possible Injury (C),0,0,4,Local,0.27,463,PARK ST,PARK ST,CROWN ST,,,,N,41.30793,-72.93428,14,Motor Vehicle in Operation,1,Front to rear,1,On Roadway,4,Rain,88,Not Applicable,1,Daylight,2,Wet,0,None,88,Not Applicable,88,Not Applicable,0,None,88,Not Applicable,88,Not Applicable,1,Non-Junction,1,Not at Intersection,1,No,1,No,88,Not Applicable,88,Not Applicable,88,Not Applicable,88,Not Applicable,FALSE,1,Public Road,1,"Trafficway, On Road",CT0009300,New Haven PD,44045,20:28.0,C,Closed,00:56.0,,,,,,,
1034479,1,Complete,1034479,1034479,41.308925,-72.89546,3528665,New Haven,93,93,New Haven,3/25/2023,2023,3,March,25,7,Saturday,16:58:00,16,23011869,A,3,,Motor Vehicle In Motion,"Injury of any type (Serious, Minor, Possible)",C,Possible Injury (C),0,0,4,Local,0.5,264,GRAND AV,GRAND AV,FERRY ST,,,Feet,,41.308925,-72.89546,14,Motor Vehicle in Operation,5,"Sideswipe, opposite direction",1,On Roadway,1,Clear,88,Not Applicable,1,Daylight,2,Wet,0,None,88,Not Applicable,88,Not Applicable,0,None,88,Not Applicable,88,Not Applicable,2,Intersection,2,Four-Way Intersection,1,No,1,No,88,Not Applicable,88,Not Applicable,88,Not Applicable,88,Not Applicable,FALSE,1,Public Road,1,"Trafficway, On Road",CT0009300,New Haven PD,44060,32:33.0,C,Closed,00:57.0,,,,,,,
1034480,1,Complete,1034480,1034480,41.269021,-72.90099,923057,New Haven,93,93,New Haven,3/25/2023,2023,3,March,25,7,Saturday,16:40:00,16,23011873,K,1,Straight Ahead,"Other Post, Pole, or Support",Fatal (Kill),K,Fatal Injury (K),0,1,4,Local,99093,,1009948,FORT HALE PARK,,WOODWARD AVE,50,Feet,W,41.269021,-72.90099,38,"Other Post, Pole or Support",88,Not Applicable,2,Shoulder,4,Rain,88,Not Applicable,1,Daylight,2,Wet,99,Unknown,88,Not Applicable,88,Not Applicable,0,None,88,Not Applicable,88,Not Applicable,9,Driveway Access-Related,1,Not at Intersection,1,No,1,No,88,Not Applicable,88,Not Applicable,88,Not Applicable,88,Not Applicable,FALSE,1,Public Road,1,"Trafficway, On Road",CT0009300,New Haven PD,42049,36:36.0,O,Open,00:57.0,,2,2438,7,LOCAL - NEW HPMS,2,Urban
1034483,1,Complete,1034483,1034483,41.29712,-72.94842,3528669,New Haven,93,93,New Haven,3/25/2023,2023,3,March,25,7,Saturday,19:58:00,19,23011889,A,2,,Motor Vehicle In Motion,"Injury of any type (Serious, Minor, Possible)",C,Possible Injury (C),0,0,3,State,1.44,10,10-N,10-N,,ORANGE AVE,172,Feet,S,41.29712,-72.94842,14,Motor Vehicle in Operation,2,Front to front,1,On Roadway,4,Rain,88,Not Applicable,5,Dark-Not Lighted,2,Wet,0,None,88,Not Applicable,88,Not Applicable,0,None,88,Not Applicable,88,Not Applicable,1,Non-Junction,1,Not at Intersection,1,No,1,No,88,Not Applicable,88,Not Applicable,88,Not Applicable,88,Not Applicable,FALSE,1,Public Road,1,"Trafficway, On Road",CT0009300,New Haven PD,42370,15:29.0,C,Closed,00:58.0,,2,20300,3,PRINCIPAL ARTERIAL - OTHER - NEW HPMS,2,Urban