CrashId,Fatal Case Status,Fatal Case Status Text Format,CrashId,CrashId,Latitude,Longitude,DOT Case Number,Town Name,Town Number,Town Number,Town Number Text Format,Date Of Crash,Year,Month,Month Text Format,Day,Day of the Week,Day of the Week Text Format,Time of Crash,Hour of the Day,Case Identifier,Crash Severity,Number Of Motor Vehicles,Motor vehicle action,Most harmful event,Crash Severity Text Format,Most Severe Injury,Most Severe Injury Text Format,Number Of Non-Motorist,Number Of Witnesses,Route Class,Route Class Text Format,Milemarker,Road Number,Road Description,Roadway Name,Intersecting Roadway Name,Landmark Description,Distance From Nearest Landmark,Unit Of Measure From Nearest Landmark,Direction From Nearest Landmark,Latitude,Longitude,First Harmful Event,First Harmful Event Text Format,Manner of Crash / Collision Impact,Manner of Crash / Collision Impact Text Format,Location of First Harmful Event,Location of First Harmful Event Text Format,Weather Condition,Weather Condition Text Format,Weather 2,Weather 2 Text Format,Light Condition,Light Condition Text Format,Road Surface Condition,Road Surface Condition Text Format,"Contributing Circumstances, Environment","Contributing Circumstances, Environment Text Format",Environment 2,Environment 2 Text Format,Environment 3,Environment 3 Text Format,"Contributing Circumstances, Road","Contributing Circumstances, Road Text Format",Road 2,Road 2 Text Format,Road 3,Road 3 Text Format,Crash Specific Location,Crash Specific Location Text Format,Type of Intersection,Type of Intersection Text Format,School Bus Related,School Bus Related Text Format,Work Zone Related,Work Zone Related Text Format,Location Of Crash Relative To Work Zone,Location Of Crash Relative To Work Zone Text Format,Type of Work Zone,Type of Work Zone Text Format,Worker Presence,Worker Presence Text Format,Law Enforcement Presence,Law Enforcement Presence Text Format,Were Vehicles Moved Prior To Police Arrival,Trafficway Ownership,Trafficway Ownership Text Format,Trafficway Class,Trafficway Class Text Format,Police Agency,Police Agency Text Format,Badge Number,Approval Date,Police Case Status,Police Case Status Text Format,Crash Report Submission Date,Related Case Identifiers,No. of Through Lanes (Log Dir.),Average Daily Traffic,Functional Classification,Functional Classification Text Format,Rural or Urban,Rural or Urban Text Format
1034484,1,Complete,1034484,1034484,41.306287,-72.933244,3528670,New Haven,93,93,New Haven,3/25/2023,2023,3,March,25,7,Saturday,23:35:00,23,23011894,A,2,,Motor Vehicle In Motion,"Injury of any type (Serious, Minor, Possible)",C,Possible Injury (C),0,1,4,Local,0.27,766,YORK ST,YORK ST,GEORGE ST,,,,,41.306287,-72.933244,14,Motor Vehicle in Operation,3,Angle,1,On Roadway,2,Cloudy,88,Not Applicable,4,Dark-Lighted,2,Wet,0,None,88,Not Applicable,88,Not Applicable,0,None,88,Not Applicable,88,Not Applicable,3,Intersection-Related,3,T-Intersection,1,No,1,No,88,Not Applicable,88,Not Applicable,88,Not Applicable,88,Not Applicable,TRUE,1,Public Road,1,"Trafficway, On Road",CT0009300,New Haven PD,39,30:00.0,C,Closed,01:04.0,23011894,,,,,,
1034489,1,Complete,1034489,1034489,41.308303,-72.925775,3528675,New Haven,93,93,New Haven,3/26/2023,2023,3,March,26,1,Sunday,11:54:00,11,23011936,A,2,,Motor Vehicle In Motion,"Injury of any type (Serious, Minor, Possible)",C,Possible Injury (C),0,0,4,Local,0.44,588,TEMPLE ST,TEMPLE ST,,ELM STREET,200,Feet,S,41.308303,-72.925775,14,Motor Vehicle in Operation,1,Front to rear,1,On Roadway,1,Clear,88,Not Applicable,1,Daylight,1,Dry,0,None,88,Not Applicable,88,Not Applicable,0,None,88,Not Applicable,88,Not Applicable,1,Non-Junction,1,Not at Intersection,1,No,1,No,88,Not Applicable,88,Not Applicable,88,Not Applicable,88,Not Applicable,FALSE,1,Public Road,1,"Trafficway, On Road",CT0009300,New Haven PD,381,43:31.0,C,Closed,01:02.0,,,,,,,
1034491,1,Complete,1034491,1034491,41.314166,-72.878434,3528677,New Haven,93,93,New Haven,3/26/2023,2023,3,March,26,1,Sunday,14:33:00,14,23011959,A,2,,Motor Vehicle In Motion,"Injury of any type (Serious, Minor, Possible)",B,Suspected Minor Injury (B),0,1,4,Local,1.71,498,QUINNIPIAC AV,QUINNIPIAC AV,,HEMINGWAY ST,200,Feet,N,41.314166,-72.878434,14,Motor Vehicle in Operation,1,Front to rear,1,On Roadway,1,Clear,88,Not Applicable,1,Daylight,1,Dry,0,None,88,Not Applicable,88,Not Applicable,0,None,88,Not Applicable,88,Not Applicable,1,Non-Junction,1,Not at Intersection,1,No,1,No,88,Not Applicable,88,Not Applicable,88,Not Applicable,88,Not Applicable,FALSE,1,Public Road,1,"Trafficway, On Road",CT0009300,New Haven PD,42367,29:40.0,C,Closed,01:03.0,,,,,,,
1034493,1,Complete,1034493,1034493,41.31973,-72.94929,3528679,New Haven,93,93,New Haven,3/26/2023,2023,3,March,26,1,Sunday,17:58:00,17,23011967,A,3,,Motor Vehicle In Motion,"Injury of any type (Serious, Minor, Possible)",B,Suspected Minor Injury (B),0,1,4,Local,0.04,690,ELLA T GRASSO BLVD,ELLA T GRASSO BLVD,,WHALLEY AVE,227,Feet,N,41.31973,-72.94929,14,Motor Vehicle in Operation,3,Angle,1,On Roadway,1,Clear,88,Not Applicable,1,Daylight,1,Dry,0,None,88,Not Applicable,88,Not Applicable,0,None,88,Not Applicable,88,Not Applicable,1,Non-Junction,1,Not at Intersection,1,No,1,No,88,Not Applicable,88,Not Applicable,88,Not Applicable,88,Not Applicable,FALSE,1,Public Road,1,"Trafficway, On Road",CT0009300,New Haven PD,44175,46:45.0,C,Closed,01:06.0,,,,,,,
1034494,1,Complete,1034494,1034494,41.293084,-72.942581,3528680,New Haven,93,93,New Haven,3/26/2023,2023,3,March,26,1,Sunday,18:15:00,18,23011968,A,2,,Motor Vehicle In Motion,"Injury of any type (Serious, Minor, Possible)",C,Possible Injury (C),0,0,4,Local,0.13,39,BARCLAY ST,BARCLAY ST,FRANK ST,,,,,41.293084,-72.942581,14,Motor Vehicle in Operation,97,Other,1,On Roadway,1,Clear,88,Not Applicable,1,Daylight,1,Dry,0,None,88,Not Applicable,88,Not Applicable,0,None,88,Not Applicable,88,Not Applicable,2,Intersection,2,Four-Way Intersection,1,No,1,No,88,Not Applicable,88,Not Applicable,88,Not Applicable,88,Not Applicable,FALSE,1,Public Road,1,"Trafficway, On Road",CT0009300,New Haven PD,42370,18:09.0,C,Closed,01:05.0,,,,,,,
1035125,1,Complete,1035125,1035125,41.308218,-72.924154,3529311,New Haven,93,93,New Haven,3/23/2023,2023,3,March,23,5,Thursday,13:30:00,13,23011546,A,2,,Motor Vehicle In Motion,"Injury of any type (Serious, Minor, Possible)",C,Possible Injury (C),0,1,4,Local,0.34,103,CHURCH ST,CHURCH ST,ELM ST NO 2,,,,,41.308218,-72.924154,14,Motor Vehicle in Operation,3,Angle,1,On Roadway,4,Rain,88,Not Applicable,1,Daylight,2,Wet,0,None,88,Not Applicable,88,Not Applicable,0,None,88,Not Applicable,88,Not Applicable,2,Intersection,2,Four-Way Intersection,1,No,1,No,88,Not Applicable,88,Not Applicable,88,Not Applicable,88,Not Applicable,TRUE,1,Public Road,1,"Trafficway, On Road",CT0009300,New Haven PD,381,56:39.0,C,Closed,00:41.0,,,,,,,
1035129,1,Complete,1035129,1035129,41.3068,-72.94642,3529315,New Haven,93,93,New Haven,3/26/2023,2023,3,March,26,1,Sunday,18:34:00,18,23011973,A,3,,Motor Vehicle In Motion,"Injury of any type (Serious, Minor, Possible)",B,Suspected Minor Injury (B),0,0,4,Local,1.23,809,REV DR MLK JR BLVD,REV DR MLK JR BLVD,SHERMAN AV,,,,,41.3068,-72.94642,14,Motor Vehicle in Operation,3,Angle,1,On Roadway,1,Clear,88,Not Applicable,1,Daylight,1,Dry,0,None,88,Not Applicable,88,Not Applicable,0,None,88,Not Applicable,88,Not Applicable,2,Intersection,2,Four-Way Intersection,1,No,1,No,88,Not Applicable,88,Not Applicable,88,Not Applicable,88,Not Applicable,FALSE,1,Public Road,1,"Trafficway, On Road",CT0009300,New Haven PD,44339,39:14.0,C,Closed,00:42.0,,,,,,,
1035136,1,Complete,1035136,1035136,41.319042,-72.898081,3529322,New Haven,93,93,New Haven,3/27/2023,2023,3,March,27,2,Monday,20:17:00,20,23012109,A,2,,Motor Vehicle In Motion,"Injury of any type (Serious, Minor, Possible)",B,Suspected Minor Injury (B),0,0,4,Local,0.03,213,FERRY ST,FERRY ST,,STATE ST,200,Feet,W,41.319042,-72.898081,14,Motor Vehicle in Operation,3,Angle,1,On Roadway,4,Rain,88,Not Applicable,1,Daylight,2,Wet,0,None,88,Not Applicable,88,Not Applicable,0,None,88,Not Applicable,88,Not Applicable,1,Non-Junction,1,Not at Intersection,1,No,1,No,88,Not Applicable,88,Not Applicable,88,Not Applicable,88,Not Applicable,FALSE,1,Public Road,1,"Trafficway, On Road",CT0009300,New Haven PD,42048,15:44.0,C,Closed,00:46.0,,,,,,,
1035499,1,Complete,1035499,1035499,41.31509,-72.89724,3529685,New Haven,93,93,New Haven,3/27/2023,2023,3,March,27,2,Monday,12:53:00,12,23012048,A,3,,Motor Vehicle In Motion,"Injury of any type (Serious, Minor, Possible)",C,Possible Injury (C),0,0,4,Local,0.37,379,LOMBARD ST,LOMBARD ST,,FERRY ST,50,Feet,W,41.31509,-72.89724,14,Motor Vehicle in Operation,1,Front to rear,1,On Roadway,1,Clear,88,Not Applicable,1,Daylight,1,Dry,0,None,88,Not Applicable,88,Not Applicable,0,None,88,Not Applicable,88,Not Applicable,3,Intersection-Related,2,Four-Way Intersection,1,No,1,No,88,Not Applicable,88,Not Applicable,88,Not Applicable,88,Not Applicable,FALSE,1,Public Road,1,"Trafficway, On Road",CT0009300,New Haven PD,263,49:19.0,C,Closed,01:50.0,,,,,,,
1035503,1,Complete,1035503,1035503,41.3155,-72.93921,3529689,New Haven,93,93,New Haven,3/28/2023,2023,3,March,28,3,Tuesday,9:41:00,9,23012163,A,2,,Motor Vehicle In Motion,"Injury of any type (Serious, Minor, Possible)",C,Possible Injury (C),0,0,4,Local,0.56,653,WHALLEY AV,WHALLEY AV,ORCHARD ST,,,,,41.3155,-72.93921,14,Motor Vehicle in Operation,1,Front to rear,1,On Roadway,1,Clear,88,Not Applicable,1,Daylight,1,Dry,0,None,88,Not Applicable,88,Not Applicable,0,None,88,Not Applicable,88,Not Applicable,2,Intersection,2,Four-Way Intersection,1,No,1,No,88,Not Applicable,88,Not Applicable,88,Not Applicable,88,Not Applicable,FALSE,1,Public Road,1,"Trafficway, On Road",CT0009300,New Haven PD,238,06:44.0,C,Closed,01:49.0,,,,,,,
1035804,1,Complete,1035804,1035804,41.308788,-72.909845,3529990,New Haven,93,93,New Haven,3/29/2023,2023,3,March,29,4,Wednesday,16:23:00,16,23012448,A,1,,Pedestrian,"Injury of any type (Serious, Minor, Possible)",A,Suspected Serious Injury (A),1,1,4,Local,0.49,165,EAST ST,EAST ST,GRAND AV,,,,,41.308788,-72.909845,9,Pedestrian,88,Not Applicable,1,On Roadway,1,Clear,88,Not Applicable,1,Daylight,1,Dry,0,None,88,Not Applicable,88,Not Applicable,0,None,88,Not Applicable,88,Not Applicable,2,Intersection,2,Four-Way Intersection,1,No,1,No,88,Not Applicable,88,Not Applicable,88,Not Applicable,88,Not Applicable,FALSE,1,Public Road,1,"Trafficway, On Road",CT0009300,New Haven PD,44056,52:26.0,O,Open,00:47.0,,2,19000,4,MINOR ARTERIAL - NEW HPMS,2,Urban
1036166,1,Complete,1036166,1036166,41.3292614,-72.9338202,3530352,New Haven,93,93,New Haven,3/27/2023,2023,3,March,27,2,Monday,17:44:00,17,23012116,A,3,,Motor Vehicle In Motion,"Injury of any type (Serious, Minor, Possible)",C,Possible Injury (C),0,1,4,Local,0.37,720,HAZEL ST,HAZEL ST,,DIXWELL AVENUE,377,Feet,E,41.3292614,-72.9338202,14,Motor Vehicle in Operation,1,Front to rear,1,On Roadway,1,Clear,88,Not Applicable,1,Daylight,1,Dry,0,None,88,Not Applicable,88,Not Applicable,0,None,88,Not Applicable,88,Not Applicable,1,Non-Junction,1,Not at Intersection,1,No,1,No,88,Not Applicable,88,Not Applicable,88,Not Applicable,88,Not Applicable,FALSE,1,Public Road,1,"Trafficway, On Road",CT0009300,New Haven PD,44052,17:16.0,C,Closed,01:31.0,,,,,,,
1036175,1,Complete,1036175,1036175,41.320293,-72.950852,3530361,New Haven,93,93,New Haven,3/30/2023,2023,3,March,30,5,Thursday,16:45:00,16,23012610,A,3,,Motor Vehicle In Motion,"Injury of any type (Serious, Minor, Possible)",C,Possible Injury (C),0,0,3,State,3.15,10,10-N,10-N,,HOBART ST,50,Feet,W,41.320293,-72.950852,14,Motor Vehicle in Operation,3,Angle,1,On Roadway,1,Clear,88,Not Applicable,1,Daylight,1,Dry,0,None,88,Not Applicable,88,Not Applicable,0,None,88,Not Applicable,88,Not Applicable,1,Non-Junction,1,Not at Intersection,1,No,1,No,88,Not Applicable,88,Not Applicable,88,Not Applicable,88,Not Applicable,FALSE,1,Public Road,1,"Trafficway, On Road",CT0009300,New Haven PD,9,44:57.0,O,Open,01:35.0,,2,18100,3,PRINCIPAL ARTERIAL - OTHER - NEW HPMS,2,Urban
1036176,1,Complete,1036176,1036176,41.311482,-72.924966,3530362,New Haven,93,93,New Haven,3/30/2023,2023,3,March,30,5,Thursday,17:21:00,17,23012620,A,2,,Other Non-Collision,"Injury of any type (Serious, Minor, Possible)",B,Suspected Minor Injury (B),1,0,4,Local,0.32,271,GROVE ST,GROVE ST,,COLLEGE ST,115,Feet,E,41.311482,-72.924966,10,Pedalcycle/Pedalcyclist,4,"Sideswipe, same direction",2,Shoulder,1,Clear,88,Not Applicable,1,Daylight,1,Dry,0,None,88,Not Applicable,88,Not Applicable,0,None,88,Not Applicable,88,Not Applicable,1,Non-Junction,1,Not at Intersection,1,No,1,No,88,Not Applicable,88,Not Applicable,88,Not Applicable,88,Not Applicable,FALSE,1,Public Road,1,"Trafficway, On Road",CT0009300,New Haven PD,221,19:07.0,C,Closed,01:34.0,,,,,,,
1036809,1,Complete,1036809,1036809,41.3209,-72.93606,3530995,New Haven,93,93,New Haven,3/24/2023,2023,3,March,24,6,Friday,21:42:00,21,23011776,A,2,,Motor Vehicle In Motion,"Injury of any type (Serious, Minor, Possible)",B,Suspected Minor Injury (B),0,0,4,Local,1.42,453,ORCHARD ST,ORCHARD ST,HENRY ST,,,,,41.3209,-72.93606,14,Motor Vehicle in Operation,2,Front to front,1,On Roadway,2,Cloudy,88,Not Applicable,4,Dark-Lighted,1,Dry,0,None,88,Not Applicable,88,Not Applicable,0,None,88,Not Applicable,88,Not Applicable,2,Intersection,2,Four-Way Intersection,1,No,1,No,88,Not Applicable,88,Not Applicable,88,Not Applicable,88,Not Applicable,FALSE,1,Public Road,1,"Trafficway, On Road",CT0009300,New Haven PD,504,08:12.0,C,Closed,00:30.0,,,,,,,
1036814,1,Complete,1036814,1036814,41.298216,-72.892459,3531000,New Haven,93,93,New Haven,3/27/2023,2023,3,March,27,2,Monday,23:49:00,23,23012158,A,4,,Ran Off Roadway Right,"Injury of any type (Serious, Minor, Possible)",C,Possible Injury (C),0,0,4,Local,0.27,210,FARREN AV,FARREN AV,,LANCRAFT,50,Feet,S,41.298216,-72.892459,14,Motor Vehicle in Operation,1,Front to rear,1,On Roadway,4,Rain,88,Not Applicable,4,Dark-Lighted,2,Wet,0,None,88,Not Applicable,88,Not Applicable,0,None,88,Not Applicable,88,Not Applicable,1,Non-Junction,1,Not at Intersection,1,No,1,No,88,Not Applicable,88,Not Applicable,88,Not Applicable,88,Not Applicable,FALSE,1,Public Road,1,"Trafficway, On Road",CT0009300,New Haven PD,180,34:37.0,C,Closed,00:40.0,23012158,,,,,,
1036817,1,Complete,1036817,1036817,41.29666,-72.89285,3531003,New Haven,93,93,New Haven,3/29/2023,2023,3,March,29,4,Wednesday,16:49:00,16,23012454,A,2,,Motor Vehicle In Motion,"Injury of any type (Serious, Minor, Possible)",C,Possible Injury (C),0,0,4,Local,0.16,210,FARREN AV,FARREN AV,,FULTON ST,100,Feet,S,41.29666,-72.89285,14,Motor Vehicle in Operation,1,Front to rear,1,On Roadway,1,Clear,88,Not Applicable,1,Daylight,1,Dry,0,None,88,Not Applicable,88,Not Applicable,0,None,88,Not Applicable,88,Not Applicable,1,Non-Junction,1,Not at Intersection,1,No,1,No,88,Not Applicable,88,Not Applicable,88,Not Applicable,88,Not Applicable,TRUE,1,Public Road,1,"Trafficway, On Road",CT0009300,New Haven PD,44176,56:04.0,C,Closed,00:43.0,,,,,,,
1036819,1,Complete,1036819,1036819,41.28978,-72.89233,3531005,New Haven,93,93,New Haven,3/30/2023,2023,3,March,30,5,Thursday,17:30:00,17,23012622,A,3,,Motor Vehicle In Motion,"Injury of any type (Serious, Minor, Possible)",C,Possible Injury (C),0,2,2,USRoute,50.25,1,1-N,1-N,TOWNSEND AV,,,,,41.28978,-72.89233,14,Motor Vehicle in Operation,3,Angle,1,On Roadway,1,Clear,88,Not Applicable,1,Daylight,1,Dry,0,None,88,Not Applicable,88,Not Applicable,0,None,88,Not Applicable,88,Not Applicable,2,Intersection,2,Four-Way Intersection,1,No,1,No,88,Not Applicable,88,Not Applicable,88,Not Applicable,88,Not Applicable,FALSE,1,Public Road,1,"Trafficway, On Road",CT0009300,New Haven PD,322,54:05.0,C,Closed,00:30.0,,2,9100,3,PRINCIPAL ARTERIAL - OTHER - NEW HPMS,2,Urban
1036820,1,Complete,1036820,1036820,41.311762,-72.938329,3531006,New Haven,93,93,New Haven,3/31/2023,2023,3,March,31,6,Friday,8:34:00,8,23012680,A,2,,Motor Vehicle In Motion,"Injury of any type (Serious, Minor, Possible)",C,Possible Injury (C),0,0,4,Local,1.77,179,EDGEWOOD AV,EDGEWOOD AV,,Day St,55,Feet,E,41.311762,-72.938329,14,Motor Vehicle in Operation,4,"Sideswipe, same direction",1,On Roadway,1,Clear,88,Not Applicable,1,Daylight,1,Dry,0,None,88,Not Applicable,88,Not Applicable,0,None,88,Not Applicable,88,Not Applicable,2,Intersection,3,T-Intersection,2,"Yes, School Bus Directly Involved",1,No,88,Not Applicable,88,Not Applicable,88,Not Applicable,88,Not Applicable,FALSE,1,Public Road,1,"Trafficway, On Road",CT0009300,New Haven PD,349,55:56.0,C,Closed,00:31.0,,,,,,,
1036821,1,Complete,1036821,1036821,41.29018,-72.89467,3531007,New Haven,93,93,New Haven,3/31/2023,2023,3,March,31,6,Friday,8:59:00,8,23012681,A,1,,Pedestrian,"Injury of any type (Serious, Minor, Possible)",C,Possible Injury (C),1,1,,,,,,401 FORBES AVE,,,,,,41.29018,-72.89467,9,Pedestrian,88,Not Applicable,7,In Parking Lane or Zone,1,Clear,88,Not Applicable,1,Daylight,1,Dry,0,None,88,Not Applicable,88,Not Applicable,0,None,88,Not Applicable,88,Not Applicable,17,"Other Location Not Listed Above Within an Interchange Area (median, shoulder and roadside)",1,Not at Intersection,1,No,1,No,88,Not Applicable,88,Not Applicable,88,Not Applicable,88,Not Applicable,FALSE,2,Private Road,4,Parking Lot,CT0009300,New Haven PD,44339,22:25.0,O,Open,00:47.0,,,,,,,
1036831,1,Complete,1036831,1036831,41.327582,-72.897642,3531017,New Haven,93,93,New Haven,4/1/2023,2023,4,April,1,7,Saturday,9:04:00,9,23012799,A,3,,Motor Vehicle In Motion,"Injury of any type (Serious, Minor, Possible)",B,Suspected Minor Injury (B),0,1,2,USRoute,0.97,5,5-N,5-N,,ALBERT STREET,0.100000001,TenthsofMile,N,41.327582,-72.897642,14,Motor Vehicle in Operation,3,Angle,1,On Roadway,4,Rain,88,Not Applicable,1,Daylight,2,Wet,0,None,88,Not Applicable,88,Not Applicable,0,None,88,Not Applicable,88,Not Applicable,1,Non-Junction,1,Not at Intersection,1,No,1,No,88,Not Applicable,88,Not Applicable,88,Not Applicable,88,Not Applicable,FALSE,1,Public Road,1,"Trafficway, On Road",CT0009300,New Haven PD,44052,39:58.0,C,Closed,00:36.0,,1,17500,4,MINOR ARTERIAL - NEW HPMS,1,Rural
1036833,1,Complete,1036833,1036833,41.329736,-72.91409,3531019,New Haven,93,93,New Haven,4/1/2023,2023,4,April,1,7,Saturday,16:56:00,16,23012829,A,3,,Motor Vehicle In Motion,"Injury of any type (Serious, Minor, Possible)",C,Possible Injury (C),0,0,4,Local,1.41,656,WHITNEY AV,WHITNEY AV,,HUNTINGTON ST,100,Feet,N,41.329736,-72.91409,14,Motor Vehicle in Operation,1,Front to rear,1,On Roadway,1,Clear,88,Not Applicable,1,Daylight,1,Dry,0,None,88,Not Applicable,88,Not Applicable,0,None,88,Not Applicable,88,Not Applicable,1,Non-Junction,1,Not at Intersection,1,No,1,No,88,Not Applicable,88,Not Applicable,88,Not Applicable,88,Not Applicable,FALSE,1,Public Road,1,"Trafficway, On Road",CT0009300,New Haven PD,30,32:24.0,C,Closed,00:37.0,NONE,,,,,,
1036837,1,Complete,1036837,1036837,41.307862,-72.930147,3531023,New Haven,93,93,New Haven,4/1/2023,2023,4,April,1,7,Saturday,20:20:00,20,23012866,A,2,,Motor Vehicle In Motion,"Injury of any type (Serious, Minor, Possible)",C,Possible Injury (C),0,0,4,Local,2.03,97,CHAPEL ST,CHAPEL ST,,HIGH ST,50,Feet,E,41.307862,-72.930147,14,Motor Vehicle in Operation,1,Front to rear,1,On Roadway,4,Rain,88,Not Applicable,4,Dark-Lighted,2,Wet,0,None,88,Not Applicable,88,Not Applicable,0,None,88,Not Applicable,88,Not Applicable,3,Intersection-Related,2,Four-Way Intersection,1,No,1,No,88,Not Applicable,88,Not Applicable,88,Not Applicable,88,Not Applicable,TRUE,1,Public Road,1,"Trafficway, On Road",CT0009300,New Haven PD,40790,39:32.0,C,Closed,00:38.0,,,,,,,
1036844,1,Complete,1036844,1036844,41.29769,-72.94091,3531030,New Haven,93,93,New Haven,4/2/2023,2023,4,April,2,1,Sunday,19:00:00,19,23012945,A,2,,Motor Vehicle In Motion,"Injury of any type (Serious, Minor, Possible)",C,Possible Injury (C),0,0,2,USRoute,47.05,1,1-N,1-N,WEST ST,,,,,41.29769,-72.94091,14,Motor Vehicle in Operation,3,Angle,1,On Roadway,1,Clear,88,Not Applicable,1,Daylight,1,Dry,0,None,88,Not Applicable,88,Not Applicable,97,Other,88,Not Applicable,88,Not Applicable,2,Intersection,2,Four-Way Intersection,1,No,1,No,88,Not Applicable,88,Not Applicable,88,Not Applicable,88,Not Applicable,FALSE,1,Public Road,1,"Trafficway, On Road",CT0009300,New Haven PD,40818,09:07.0,C,Closed,00:46.0,,1,5900,3,PRINCIPAL ARTERIAL - OTHER - NEW HPMS,1,Rural
1037046,1,Complete,1037046,1037046,41.294052,-72.919749,3531232,New Haven,93,93,New Haven,4/1/2023,2023,4,April,1,7,Saturday,20:47:00,20,23012868,A,2,,Motor Vehicle In Motion,"Injury of any type (Serious, Minor, Possible)",C,Possible Injury (C),0,0,4,Local,0.8,359,SARGENT DR,SARGENT DR,,CHURCH ST EXT,500,Feet,N,41.294052,-72.919749,14,Motor Vehicle in Operation,1,Front to rear,1,On Roadway,1,Clear,88,Not Applicable,1,Daylight,1,Dry,0,None,88,Not Applicable,88,Not Applicable,0,None,88,Not Applicable,88,Not Applicable,1,Non-Junction,1,Not at Intersection,1,No,1,No,88,Not Applicable,88,Not Applicable,88,Not Applicable,88,Not Applicable,FALSE,1,Public Road,1,"Trafficway, On Road",CT0009300,New Haven PD,33016,44:25.0,C,Closed,01:55.0,,,,,,,
1037047,1,Complete,1037047,1037047,41.3152523,-72.8970055,3531233,New Haven,93,93,New Haven,4/2/2023,2023,4,April,2,1,Sunday,13:03:00,13,23012920,A,1,,Pedestrian,"Injury of any type (Serious, Minor, Possible)",B,Suspected Minor Injury (B),2,2,4,Local,0.32,213,FERRY ST,FERRY ST,LOMBARD ST,,,,,41.3152523,-72.8970055,9,Pedestrian,88,Not Applicable,1,On Roadway,1,Clear,88,Not Applicable,1,Daylight,1,Dry,0,None,88,Not Applicable,88,Not Applicable,0,None,88,Not Applicable,88,Not Applicable,2,Intersection,2,Four-Way Intersection,1,No,1,No,88,Not Applicable,88,Not Applicable,88,Not Applicable,88,Not Applicable,FALSE,1,Public Road,1,"Trafficway, On Road",CT0009300,New Haven PD,44052,21:01.0,C,Closed,01:51.0,,2,13500,4,MINOR ARTERIAL - NEW HPMS,2,Urban
1037048,1,Complete,1037048,1037048,41.314574,-72.949446,3531234,New Haven,93,93,New Haven,4/2/2023,2023,4,April,2,1,Sunday,14:00:00,14,23012921,A,2,,Motor Vehicle In Motion,"Injury of any type (Serious, Minor, Possible)",B,Suspected Minor Injury (B),0,0,4,Local,1.15,179,EDGEWOOD AV,EDGEWOOD AV,ELLSWORTH AV,,,,,41.314574,-72.949446,14,Motor Vehicle in Operation,3,Angle,1,On Roadway,1,Clear,88,Not Applicable,1,Daylight,1,Dry,0,None,88,Not Applicable,88,Not Applicable,0,None,88,Not Applicable,88,Not Applicable,2,Intersection,2,Four-Way Intersection,1,No,1,No,88,Not Applicable,88,Not Applicable,88,Not Applicable,88,Not Applicable,FALSE,1,Public Road,1,"Trafficway, On Road",CT0009300,New Haven PD,62,44:25.0,C,Closed,01:47.0,,,,,,,
1037049,1,Complete,1037049,1037049,41.29691,-72.89281,3531235,New Haven,93,93,New Haven,4/2/2023,2023,4,April,2,1,Sunday,14:22:00,14,23012923,A,2,,Motor Vehicle In Motion,"Injury of any type (Serious, Minor, Possible)",C,Possible Injury (C),0,0,4,Local,0.18,210,FARREN AV,FARREN AV,FULTON ST,,,,,41.29691,-72.89281,14,Motor Vehicle in Operation,4,"Sideswipe, same direction",1,On Roadway,1,Clear,88,Not Applicable,1,Daylight,1,Dry,0,None,88,Not Applicable,88,Not Applicable,0,None,88,Not Applicable,88,Not Applicable,2,Intersection,2,Four-Way Intersection,1,No,1,No,88,Not Applicable,88,Not Applicable,88,Not Applicable,88,Not Applicable,FALSE,1,Public Road,1,"Trafficway, On Road",CT0009300,New Haven PD,156,50:18.0,C,Closed,01:50.0,,,,,,,
1037053,1,Complete,1037053,1037053,41.30943,-72.923271,3531239,New Haven,93,93,New Haven,4/3/2023,2023,4,April,3,2,Monday,10:33:00,10,23013025,A,2,,Motor Vehicle In Motion,"Injury of any type (Serious, Minor, Possible)",C,Possible Injury (C),0,0,4,Local,0.45,103,CHURCH ST,CHURCH ST,WALL ST NO 2,,,,,41.30943,-72.923271,14,Motor Vehicle in Operation,1,Front to rear,1,On Roadway,1,Clear,88,Not Applicable,1,Daylight,1,Dry,0,None,88,Not Applicable,88,Not Applicable,0,None,88,Not Applicable,88,Not Applicable,1,Non-Junction,1,Not at Intersection,1,No,1,No,88,Not Applicable,88,Not Applicable,88,Not Applicable,88,Not Applicable,TRUE,1,Public Road,1,"Trafficway, On Road",CT0009300,New Haven PD,165,53:50.0,C,Closed,01:48.0,,,,,,,
1037056,1,Complete,1037056,1037056,41.301101,-72.936324,3531242,New Haven,93,93,New Haven,4/3/2023,2023,4,April,3,2,Monday,15:57:00,15,23013080,A,2,,Motor Vehicle In Motion,"Injury of any type (Serious, Minor, Possible)",C,Possible Injury (C),0,0,4,Local,0.64,123,CONGRESS AV,CONGRESS AV,,VERNON ST,50,Feet,E,41.301101,-72.936324,14,Motor Vehicle in Operation,1,Front to rear,1,On Roadway,1,Clear,88,Not Applicable,1,Daylight,1,Dry,0,None,88,Not Applicable,88,Not Applicable,0,None,88,Not Applicable,88,Not Applicable,1,Non-Junction,1,Not at Intersection,1,No,1,No,88,Not Applicable,88,Not Applicable,88,Not Applicable,88,Not Applicable,FALSE,1,Public Road,1,"Trafficway, On Road",CT0009300,New Haven PD,158,20:47.0,C,Closed,01:53.0,,,,,,,