CrashId,Fatal Case Status,Fatal Case Status Text Format,CrashId,CrashId,Latitude,Longitude,DOT Case Number,Town Name,Town Number,Town Number,Town Number Text Format,Date Of Crash,Year,Month,Month Text Format,Day,Day of the Week,Day of the Week Text Format,Time of Crash,Hour of the Day,Case Identifier,Crash Severity,Number Of Motor Vehicles,Motor vehicle action,Most harmful event,Crash Severity Text Format,Most Severe Injury,Most Severe Injury Text Format,Number Of Non-Motorist,Number Of Witnesses,Route Class,Route Class Text Format,Milemarker,Road Number,Road Description,Roadway Name,Intersecting Roadway Name,Landmark Description,Distance From Nearest Landmark,Unit Of Measure From Nearest Landmark,Direction From Nearest Landmark,Latitude,Longitude,First Harmful Event,First Harmful Event Text Format,Manner of Crash / Collision Impact,Manner of Crash / Collision Impact Text Format,Location of First Harmful Event,Location of First Harmful Event Text Format,Weather Condition,Weather Condition Text Format,Weather 2,Weather 2 Text Format,Light Condition,Light Condition Text Format,Road Surface Condition,Road Surface Condition Text Format,"Contributing Circumstances, Environment","Contributing Circumstances, Environment Text Format",Environment 2,Environment 2 Text Format,Environment 3,Environment 3 Text Format,"Contributing Circumstances, Road","Contributing Circumstances, Road Text Format",Road 2,Road 2 Text Format,Road 3,Road 3 Text Format,Crash Specific Location,Crash Specific Location Text Format,Type of Intersection,Type of Intersection Text Format,School Bus Related,School Bus Related Text Format,Work Zone Related,Work Zone Related Text Format,Location Of Crash Relative To Work Zone,Location Of Crash Relative To Work Zone Text Format,Type of Work Zone,Type of Work Zone Text Format,Worker Presence,Worker Presence Text Format,Law Enforcement Presence,Law Enforcement Presence Text Format,Were Vehicles Moved Prior To Police Arrival,Trafficway Ownership,Trafficway Ownership Text Format,Trafficway Class,Trafficway Class Text Format,Police Agency,Police Agency Text Format,Badge Number,Approval Date,Police Case Status,Police Case Status Text Format,Crash Report Submission Date,Related Case Identifiers,No. of Through Lanes (Log Dir.),Average Daily Traffic,Functional Classification,Functional Classification Text Format,Rural or Urban,Rural or Urban Text Format
1037363,1,Complete,1037363,1037363,41.314547,-72.949432,3531555,New Haven,93,93,New Haven,4/3/2023,2023,4,April,3,2,Monday,17:17:00,17,23013088,A,2,,Motor Vehicle In Motion,"Injury of any type (Serious, Minor, Possible)",C,Possible Injury (C),0,0,4,Local,1.15,179,EDGEWOOD AV,EDGEWOOD AV,ELLSWORTH AV,,,,,41.314547,-72.949432,14,Motor Vehicle in Operation,3,Angle,1,On Roadway,1,Clear,88,Not Applicable,1,Daylight,1,Dry,0,None,88,Not Applicable,88,Not Applicable,0,None,88,Not Applicable,88,Not Applicable,2,Intersection,2,Four-Way Intersection,1,No,1,No,88,Not Applicable,88,Not Applicable,88,Not Applicable,88,Not Applicable,FALSE,1,Public Road,1,"Trafficway, On Road",CT0009300,New Haven PD,44055,20:55.0,C,Closed,01:35.0,,,,,,,
1037766,1,Complete,1037766,1037766,41.332834,-72.949228,3531958,New Haven,93,93,New Haven,4/4/2023,2023,4,April,4,3,Tuesday,21:12:00,21,23013369,A,2,,Motor Vehicle In Motion,"Injury of any type (Serious, Minor, Possible)",B,Suspected Minor Injury (B),0,0,3,State,4.13,10,10-S,10-S,WINTERGREEN AV,,,,,41.332834,-72.949228,14,Motor Vehicle in Operation,3,Angle,1,On Roadway,1,Clear,88,Not Applicable,4,Dark-Lighted,1,Dry,0,None,88,Not Applicable,88,Not Applicable,0,None,88,Not Applicable,88,Not Applicable,2,Intersection,3,T-Intersection,1,No,1,No,88,Not Applicable,88,Not Applicable,88,Not Applicable,88,Not Applicable,FALSE,1,Public Road,1,"Trafficway, On Road",CT0009300,New Haven PD,402,11:30.0,C,Closed,00:41.0,,1,13200,4,MINOR ARTERIAL - NEW HPMS,1,Rural
1037768,1,Complete,1037768,1037768,41.30363,-72.903243,3531960,New Haven,93,93,New Haven,4/5/2023,2023,4,April,5,4,Wednesday,0:18:00,0,23013388,A,2,,Motor Vehicle In Motion,"Injury of any type (Serious, Minor, Possible)",C,Possible Injury (C),0,0,4,Local,0.56,97,CHAPEL ST,CHAPEL ST,,JAMES ST,195,Feet,W,41.30363,-72.903243,14,Motor Vehicle in Operation,1,Front to rear,1,On Roadway,1,Clear,88,Not Applicable,4,Dark-Lighted,1,Dry,0,None,88,Not Applicable,88,Not Applicable,0,None,88,Not Applicable,88,Not Applicable,1,Non-Junction,1,Not at Intersection,1,No,1,No,88,Not Applicable,88,Not Applicable,88,Not Applicable,88,Not Applicable,FALSE,1,Public Road,1,"Trafficway, On Road",CT0009300,New Haven PD,42055,36:00.0,O,Open,00:39.0,,,,,,,
1037769,1,Complete,1037769,1037769,41.30842,-72.931287,3531961,New Haven,93,93,New Haven,4/5/2023,2023,4,April,5,4,Wednesday,5:04:00,5,23013397,A,1,,"Other Post, Pole, or Support","Injury of any type (Serious, Minor, Possible)",B,Suspected Minor Injury (B),0,0,4,Local,2.1,97,CHAPEL ST,CHAPEL ST,,YORK ST,100,Feet,E,41.30842,-72.931287,25,Curb,88,Not Applicable,2,Shoulder,1,Clear,88,Not Applicable,4,Dark-Lighted,1,Dry,0,None,88,Not Applicable,88,Not Applicable,0,None,88,Not Applicable,88,Not Applicable,1,Non-Junction,1,Not at Intersection,1,No,1,No,88,Not Applicable,88,Not Applicable,88,Not Applicable,88,Not Applicable,FALSE,1,Public Road,1,"Trafficway, On Road",CT0009300,New Haven PD,344,04:22.0,C,Closed,00:39.0,,2,7700,4,MINOR ARTERIAL - NEW HPMS,2,Urban
1037772,1,Complete,1037772,1037772,41.29013,-72.94041,3531964,New Haven,93,93,New Haven,4/5/2023,2023,4,April,5,4,Wednesday,13:05:00,13,23013430,A,2,,Motor Vehicle In Motion,"Injury of any type (Serious, Minor, Possible)",C,Possible Injury (C),0,0,3,State,0.7,10,10-N,10-N,WASHINGTON AV NO 1,,,,,41.29013,-72.94041,14,Motor Vehicle in Operation,1,Front to rear,1,On Roadway,2,Cloudy,88,Not Applicable,1,Daylight,1,Dry,0,None,88,Not Applicable,88,Not Applicable,0,None,88,Not Applicable,88,Not Applicable,2,Intersection,2,Four-Way Intersection,1,No,1,No,88,Not Applicable,88,Not Applicable,88,Not Applicable,88,Not Applicable,TRUE,1,Public Road,1,"Trafficway, On Road",CT0009300,New Haven PD,295,48:49.0,C,Closed,00:42.0,,2,18000,3,PRINCIPAL ARTERIAL - OTHER - NEW HPMS,2,Urban
1037774,1,Complete,1037774,1037774,41.29686,-72.94831,3531966,New Haven,93,93,New Haven,4/5/2023,2023,4,April,5,4,Wednesday,15:54:00,15,23013464,A,2,,Motor Vehicle In Motion,"Injury of any type (Serious, Minor, Possible)",C,Possible Injury (C),0,0,3,State,1.42,10,10-N,10-N,,COLUMBUS AVE,300,Feet,S,41.29686,-72.94831,14,Motor Vehicle in Operation,3,Angle,1,On Roadway,99,Unknown,88,Not Applicable,1,Daylight,99,Unknown,99,Unknown,88,Not Applicable,88,Not Applicable,99,Unknown,88,Not Applicable,88,Not Applicable,1,Non-Junction,1,Not at Intersection,1,No,1,No,88,Not Applicable,88,Not Applicable,88,Not Applicable,88,Not Applicable,TRUE,1,Public Road,1,"Trafficway, On Road",CT0009300,New Haven PD,40947,37:42.0,C,Closed,00:42.0,,2,20300,3,PRINCIPAL ARTERIAL - OTHER - NEW HPMS,2,Urban
1037776,1,Complete,1037776,1037776,41.310222,-72.934807,3531968,New Haven,93,93,New Haven,3/28/2023,2023,3,March,28,3,Tuesday,2:44:00,2,202300428,A,1,,"Other Fixed Object (wall, building, tunnel, etc.)","Injury of any type (Serious, Minor, Possible)",C,Possible Injury (C),0,0,4,Local,0.31,310,HOWE ST,HOWE ST,,Edgewood Ave,185,Feet,S,41.310222,-72.934807,39,"Other Fixed Object (wall, building, tunnel, etc.)",88,Not Applicable,7,In Parking Lane or Zone,2,Cloudy,88,Not Applicable,4,Dark-Lighted,1,Dry,0,None,88,Not Applicable,88,Not Applicable,0,None,88,Not Applicable,88,Not Applicable,4,Entrance / Exit Ramp,1,Not at Intersection,1,No,1,No,88,Not Applicable,88,Not Applicable,88,Not Applicable,88,Not Applicable,FALSE,2,Private Road,4,Parking Lot,CT0009300,New Haven PD,426,38:45.0,C,Closed,01:49.0,,,,,,,
1038079,1,Complete,1038079,1038079,41.316602,-72.942488,3532271,New Haven,93,93,New Haven,4/2/2023,2023,4,April,2,1,Sunday,9:12:00,9,23012869,A,2,,Motor Vehicle In Motion,"Injury of any type (Serious, Minor, Possible)",C,Possible Injury (C),0,0,4,Local,0.38,653,WHALLEY AV,WHALLEY AV,SHERMAN AV,,,,,41.316602,-72.942488,14,Motor Vehicle in Operation,1,Front to rear,1,On Roadway,4,Rain,88,Not Applicable,1,Daylight,2,Wet,97,Other,88,Not Applicable,88,Not Applicable,97,Other,88,Not Applicable,88,Not Applicable,2,Intersection,2,Four-Way Intersection,1,No,1,No,88,Not Applicable,88,Not Applicable,88,Not Applicable,88,Not Applicable,FALSE,1,Public Road,1,"Trafficway, On Road",CT0009300,New Haven PD,44062,13:54.0,C,Closed,00:54.0,,,,,,,
1038081,1,Complete,1038081,1038081,41.324425,-72.944226,3532273,New Haven,93,93,New Haven,4/4/2023,2023,4,April,4,3,Tuesday,10:07:00,10,23013228,A,2,,Motor Vehicle In Motion,"Injury of any type (Serious, Minor, Possible)",C,Possible Injury (C),0,0,4,Local,0.29,254,GLEN RD,GLEN RD,ELLSWORTH AV,,,,,41.324425,-72.944226,14,Motor Vehicle in Operation,3,Angle,1,On Roadway,1,Clear,88,Not Applicable,1,Daylight,1,Dry,0,None,88,Not Applicable,88,Not Applicable,0,None,88,Not Applicable,88,Not Applicable,2,Intersection,2,Four-Way Intersection,1,No,1,No,88,Not Applicable,88,Not Applicable,88,Not Applicable,88,Not Applicable,FALSE,1,Public Road,1,"Trafficway, On Road",CT0009300,New Haven PD,359,51:04.0,C,Closed,00:50.0,,,,,,,
1038091,1,Complete,1038091,1038091,41.30964,-72.924764,3532283,New Haven,93,93,New Haven,4/6/2023,2023,4,April,6,5,Thursday,13:46:00,13,23013625,A,3,,Motor Vehicle In Motion,"Injury of any type (Serious, Minor, Possible)",C,Possible Injury (C),0,0,4,Local,0.33,588,TEMPLE ST,TEMPLE ST,,ELM ST,358,Feet,N,41.30964,-72.924764,14,Motor Vehicle in Operation,3,Angle,1,On Roadway,1,Clear,88,Not Applicable,1,Daylight,1,Dry,0,None,88,Not Applicable,88,Not Applicable,0,None,88,Not Applicable,88,Not Applicable,1,Non-Junction,1,Not at Intersection,1,No,1,No,88,Not Applicable,88,Not Applicable,88,Not Applicable,88,Not Applicable,TRUE,1,Public Road,1,"Trafficway, On Road",CT0009300,New Haven PD,40790,26:50.0,C,Closed,00:53.0,,,,,,,
1038465,1,Complete,1038465,1038465,41.314559,-72.900633,3532657,New Haven,93,93,New Haven,4/6/2023,2023,4,April,6,5,Thursday,17:41:00,17,23013660,A,2,,Motor Vehicle In Motion,"Injury of any type (Serious, Minor, Possible)",B,Suspected Minor Injury (B),0,0,4,Local,0.18,379,LOMBARD ST,LOMBARD ST,BLATCHLEY AV,,,,,41.314559,-72.900633,14,Motor Vehicle in Operation,97,Other,1,On Roadway,2,Cloudy,88,Not Applicable,1,Daylight,1,Dry,0,None,88,Not Applicable,88,Not Applicable,0,None,88,Not Applicable,88,Not Applicable,2,Intersection,2,Four-Way Intersection,1,No,1,No,88,Not Applicable,88,Not Applicable,88,Not Applicable,88,Not Applicable,FALSE,1,Public Road,1,"Trafficway, On Road",CT0009300,New Haven PD,44339,14:24.0,C,Closed,00:10.0,,,,,,,
1038471,1,Complete,1038471,1038471,41.319153,-72.936797,3532663,New Haven,93,93,New Haven,4/7/2023,2023,4,April,7,6,Friday,14:28:00,14,23013775,A,2,,Motor Vehicle In Motion,"Injury of any type (Serious, Minor, Possible)",C,Possible Injury (C),0,0,4,Local,1.28,453,ORCHARD ST,ORCHARD ST,CHARLES ST,,,,,41.319153,-72.936797,14,Motor Vehicle in Operation,4,"Sideswipe, same direction",1,On Roadway,1,Clear,88,Not Applicable,1,Daylight,1,Dry,99,Unknown,88,Not Applicable,88,Not Applicable,99,Unknown,88,Not Applicable,88,Not Applicable,2,Intersection,3,T-Intersection,1,No,1,No,88,Not Applicable,88,Not Applicable,88,Not Applicable,88,Not Applicable,FALSE,1,Public Road,1,"Trafficway, On Road",CT0009300,New Haven PD,43689,43:14.0,C,Closed,00:16.0,,,,,,,
1038472,1,Complete,1038472,1038472,41.304699,-72.939509,3532664,New Haven,93,93,New Haven,4/7/2023,2023,4,April,7,6,Friday,15:08:00,15,23013782,A,2,,Motor Vehicle In Motion,"Injury of any type (Serious, Minor, Possible)",C,Possible Injury (C),0,0,4,Local,0.3,622,WARD ST,WARD ST,SYLVAN AV,,,,,41.304699,-72.939509,14,Motor Vehicle in Operation,3,Angle,1,On Roadway,1,Clear,88,Not Applicable,1,Daylight,1,Dry,0,None,88,Not Applicable,88,Not Applicable,0,None,88,Not Applicable,88,Not Applicable,3,Intersection-Related,2,Four-Way Intersection,1,No,1,No,88,Not Applicable,88,Not Applicable,88,Not Applicable,88,Not Applicable,FALSE,1,Public Road,1,"Trafficway, On Road",CT0009300,New Haven PD,39,22:43.0,C,Closed,00:11.0,,,,,,,
1038477,1,Complete,1038477,1038477,41.308237,-72.94817,3532669,New Haven,93,93,New Haven,4/8/2023,2023,4,April,8,7,Saturday,16:03:00,16,23013917,A,2,,Motor Vehicle In Motion,"Injury of any type (Serious, Minor, Possible)",C,Possible Injury (C),0,0,4,Local,0.25,333,JUDSON AV,JUDSON AV,WINTHROP AV NO 2,,,,,41.308237,-72.94817,14,Motor Vehicle in Operation,3,Angle,1,On Roadway,1,Clear,88,Not Applicable,1,Daylight,1,Dry,0,None,88,Not Applicable,88,Not Applicable,0,None,88,Not Applicable,88,Not Applicable,1,Non-Junction,1,Not at Intersection,1,No,1,No,88,Not Applicable,88,Not Applicable,88,Not Applicable,88,Not Applicable,FALSE,1,Public Road,1,"Trafficway, On Road",CT0009300,New Haven PD,42046,43:40.0,C,Closed,00:17.0,,,,,,,
1038483,1,Complete,1038483,1038483,41.308733,-72.911083,3532675,New Haven,93,93,New Haven,4/8/2023,2023,4,April,8,7,Saturday,22:40:00,22,23013970,A,2,,Motor Vehicle In Motion,"Injury of any type (Serious, Minor, Possible)",B,Suspected Minor Injury (B),0,0,4,Local,1.32,264,GRAND AV,GRAND AV,WALLACE ST,,,,,41.308733,-72.911083,14,Motor Vehicle in Operation,3,Angle,1,On Roadway,1,Clear,88,Not Applicable,4,Dark-Lighted,1,Dry,0,None,88,Not Applicable,88,Not Applicable,0,None,88,Not Applicable,88,Not Applicable,2,Intersection,2,Four-Way Intersection,1,No,1,No,88,Not Applicable,88,Not Applicable,88,Not Applicable,88,Not Applicable,FALSE,1,Public Road,1,"Trafficway, On Road",CT0009300,New Haven PD,44063,44:11.0,C,Closed,00:21.0,,,,,,,
1038486,1,Complete,1038486,1038486,41.305178,-72.923679,3532678,New Haven,93,93,New Haven,4/9/2023,2023,4,April,9,1,Sunday,15:53:00,15,23014020,A,2,,Motor Vehicle In Motion,"Injury of any type (Serious, Minor, Possible)",C,Possible Injury (C),0,0,4,Local,1.64,97,CHAPEL ST,CHAPEL ST,,ORANGE ST,200,Feet,E,41.305178,-72.923679,15,Parked Motor Vehicle,3,Angle,2,Shoulder,1,Clear,88,Not Applicable,1,Daylight,1,Dry,0,None,88,Not Applicable,88,Not Applicable,0,None,88,Not Applicable,88,Not Applicable,1,Non-Junction,1,Not at Intersection,1,No,1,No,88,Not Applicable,88,Not Applicable,88,Not Applicable,88,Not Applicable,FALSE,1,Public Road,1,"Trafficway, On Road",CT0009300,New Haven PD,42044,17:59.0,O,Open,00:25.0,,,,,,,
1038488,1,Complete,1038488,1038488,41.311783,-72.938208,3532680,New Haven,93,93,New Haven,4/9/2023,2023,4,April,9,1,Sunday,18:39:00,18,23014038,A,2,,Motor Vehicle In Motion,"Injury of any type (Serious, Minor, Possible)",C,Possible Injury (C),0,0,4,Local,1.78,179,EDGEWOOD AV,EDGEWOOD AV,,GARDEN ST,50,Feet,E,41.311783,-72.938208,14,Motor Vehicle in Operation,4,"Sideswipe, same direction",1,On Roadway,1,Clear,88,Not Applicable,1,Daylight,1,Dry,0,None,88,Not Applicable,88,Not Applicable,0,None,88,Not Applicable,88,Not Applicable,3,Intersection-Related,3,T-Intersection,1,No,1,No,88,Not Applicable,88,Not Applicable,88,Not Applicable,88,Not Applicable,FALSE,1,Public Road,1,"Trafficway, On Road",CT0009300,New Haven PD,44045,44:22.0,C,Closed,00:24.0,,,,,,,
1038877,1,Complete,1038877,1038877,41.30544,-72.95259,3533069,New Haven,93,93,New Haven,4/5/2023,2023,4,April,5,4,Wednesday,15:53:00,15,23013454,A,2,,Motor Vehicle In Motion,"Injury of any type (Serious, Minor, Possible)",B,Suspected Minor Injury (B),0,0,3,State,1.87,10,10-N,10-N,LEGION AV-RT 34,,,,,41.30544,-72.95259,14,Motor Vehicle in Operation,1,Front to rear,1,On Roadway,1,Clear,88,Not Applicable,1,Daylight,1,Dry,0,None,88,Not Applicable,88,Not Applicable,0,None,88,Not Applicable,88,Not Applicable,3,Intersection-Related,3,T-Intersection,1,No,1,No,88,Not Applicable,88,Not Applicable,88,Not Applicable,88,Not Applicable,FALSE,1,Public Road,1,"Trafficway, On Road",CT0009300,New Haven PD,158,13:55.0,C,Closed,00:58.0,23-013454,2,20800,3,PRINCIPAL ARTERIAL - OTHER - NEW HPMS,2,Urban
1038878,1,Complete,1038878,1038878,41.30091,-72.89222,3533070,New Haven,93,93,New Haven,4/8/2023,2023,4,April,8,7,Saturday,21:47:00,21,23013951,A,2,,Motor Vehicle In Motion,"Injury of any type (Serious, Minor, Possible)",C,Possible Injury (C),0,0,4,Local,0.2,795,EAST FERRY ST,EAST FERRY ST,FAIRMONT AV,,,,,41.30091,-72.89222,14,Motor Vehicle in Operation,1,Front to rear,1,On Roadway,1,Clear,88,Not Applicable,4,Dark-Lighted,1,Dry,0,None,88,Not Applicable,88,Not Applicable,0,None,88,Not Applicable,88,Not Applicable,2,Intersection,2,Four-Way Intersection,1,No,1,No,88,Not Applicable,88,Not Applicable,88,Not Applicable,88,Not Applicable,TRUE,1,Public Road,1,"Trafficway, On Road",CT0009300,New Haven PD,44050,57:48.0,C,Closed,00:59.0,,,,,,,
1038882,1,Complete,1038882,1038882,41.312103,-72.93941,3533074,New Haven,93,93,New Haven,4/10/2023,2023,4,April,10,2,Monday,8:29:00,8,23014085,A,2,,Motor Vehicle In Motion,"Injury of any type (Serious, Minor, Possible)",C,Possible Injury (C),0,2,4,Local,1.71,179,EDGEWOOD AV,EDGEWOOD AV,KENSINGTON ST,,,,,41.312103,-72.93941,14,Motor Vehicle in Operation,3,Angle,1,On Roadway,1,Clear,1,Clear,1,Daylight,1,Dry,0,None,88,Not Applicable,88,Not Applicable,0,None,88,Not Applicable,88,Not Applicable,2,Intersection,2,Four-Way Intersection,1,No,1,No,88,Not Applicable,88,Not Applicable,88,Not Applicable,88,Not Applicable,FALSE,1,Public Road,1,"Trafficway, On Road",CT0009300,New Haven PD,465,24:54.0,C,Closed,00:56.0,,,,,,,
1039174,1,Complete,1039174,1039174,41.31793,-72.92729,3533366,New Haven,93,93,New Haven,4/1/2023,2023,4,April,1,7,Saturday,15:20:00,15,23012826,A,2,,Motor Vehicle In Motion,"Injury of any type (Serious, Minor, Possible)",B,Suspected Minor Injury (B),0,0,4,Local,0,631,WEBSTER ST,WEBSTER ST,WINCHESTER AV,,,,,41.31793,-72.92729,14,Motor Vehicle in Operation,3,Angle,1,On Roadway,1,Clear,88,Not Applicable,1,Daylight,1,Dry,0,None,88,Not Applicable,88,Not Applicable,0,None,88,Not Applicable,88,Not Applicable,2,Intersection,3,T-Intersection,1,No,1,No,88,Not Applicable,88,Not Applicable,88,Not Applicable,88,Not Applicable,FALSE,1,Public Road,1,"Trafficway, On Road",CT0009300,New Haven PD,23,09:37.0,O,Open,01:51.0,,,,,,,
1039178,1,Complete,1039178,1039178,41.319534,-72.96717,3533370,New Haven,93,93,New Haven,4/10/2023,2023,4,April,10,2,Monday,14:40:00,14,23014266,A,2,,Motor Vehicle In Motion,"Injury of any type (Serious, Minor, Possible)",C,Possible Injury (C),0,0,4,Local,0.16,179,EDGEWOOD AV,EDGEWOOD AV,MCKINLEY AV,,,,,41.319534,-72.96717,14,Motor Vehicle in Operation,3,Angle,1,On Roadway,1,Clear,88,Not Applicable,1,Daylight,1,Dry,0,None,88,Not Applicable,88,Not Applicable,0,None,88,Not Applicable,88,Not Applicable,2,Intersection,2,Four-Way Intersection,1,No,1,No,88,Not Applicable,88,Not Applicable,88,Not Applicable,88,Not Applicable,FALSE,1,Public Road,1,"Trafficway, On Road",CT0009300,New Haven PD,62,01:47.0,C,Closed,01:49.0,,,,,,,
1039183,1,Complete,1039183,1039183,41.300045,-72.934958,3533375,New Haven,93,93,New Haven,4/11/2023,2023,4,April,11,3,Tuesday,16:43:00,16,23014398,A,2,,Motor Vehicle In Motion,"Injury of any type (Serious, Minor, Possible)",C,Possible Injury (C),0,0,4,Local,0.45,308,HOWARD AV,HOWARD AV,,WASHINGTON AVE,245,Feet,N,41.300045,-72.934958,14,Motor Vehicle in Operation,3,Angle,1,On Roadway,1,Clear,88,Not Applicable,1,Daylight,1,Dry,0,None,88,Not Applicable,88,Not Applicable,0,None,88,Not Applicable,88,Not Applicable,1,Non-Junction,1,Not at Intersection,1,No,1,No,88,Not Applicable,88,Not Applicable,88,Not Applicable,88,Not Applicable,FALSE,1,Public Road,1,"Trafficway, On Road",CT0009300,New Haven PD,158,07:13.0,C,Closed,01:50.0,,,,,,,
1039426,1,Complete,1039426,1039426,41.301812,-72.926938,3533618,New Haven,93,93,New Haven,3/17/2023,2023,3,March,17,6,Friday,2:16:00,2,23010660,A,2,,Motor Vehicle In Motion,"Injury of any type (Serious, Minor, Possible)",C,Possible Injury (C),0,0,4,Local,0.09,809,REV DR MLK JR BLVD,REV DR MLK JR BLVD,ORANGE ST,,,,,41.301812,-72.926938,14,Motor Vehicle in Operation,4,"Sideswipe, same direction",1,On Roadway,1,Clear,88,Not Applicable,99,Unknown,1,Dry,0,None,88,Not Applicable,88,Not Applicable,0,None,88,Not Applicable,88,Not Applicable,1,Non-Junction,1,Not at Intersection,1,No,1,No,88,Not Applicable,88,Not Applicable,88,Not Applicable,88,Not Applicable,FALSE,1,Public Road,1,"Trafficway, On Road",CT0009300,New Haven PD,42044,13:32.0,C,Closed,00:35.0,,,,,,,
1039428,1,Complete,1039428,1039428,41.320904,-72.935966,3533620,New Haven,93,93,New Haven,4/7/2023,2023,4,April,7,6,Friday,15:58:00,15,23013794,A,1,,Pedestrian,"Injury of any type (Serious, Minor, Possible)",B,Suspected Minor Injury (B),1,0,4,Local,1.42,453,ORCHARD ST,ORCHARD ST,HENRY ST,,,,,41.320904,-72.935966,9,Pedestrian,88,Not Applicable,1,On Roadway,1,Clear,88,Not Applicable,1,Daylight,1,Dry,0,None,88,Not Applicable,88,Not Applicable,0,None,88,Not Applicable,88,Not Applicable,2,Intersection,2,Four-Way Intersection,1,No,1,No,88,Not Applicable,88,Not Applicable,88,Not Applicable,88,Not Applicable,FALSE,1,Public Road,1,"Trafficway, On Road",CT0009300,New Haven PD,286,57:50.0,C,Closed,00:38.0,,2,4200,4,MINOR ARTERIAL - NEW HPMS,2,Urban
1039430,1,Complete,1039430,1039430,41.30716,-72.89699,3533622,New Haven,93,93,New Haven,4/9/2023,2023,4,April,9,1,Sunday,18:06:00,18,23014034,A,2,,Motor Vehicle In Motion,"Injury of any type (Serious, Minor, Possible)",C,Possible Injury (C),0,0,4,Local,0.38,487,POPLAR ST,POPLAR ST,EXCHANGE ST,,,,,41.30716,-72.89699,14,Motor Vehicle in Operation,4,"Sideswipe, same direction",1,On Roadway,1,Clear,88,Not Applicable,1,Daylight,1,Dry,0,None,88,Not Applicable,88,Not Applicable,0,None,88,Not Applicable,88,Not Applicable,3,Intersection-Related,2,Four-Way Intersection,1,No,1,No,88,Not Applicable,88,Not Applicable,88,Not Applicable,88,Not Applicable,FALSE,1,Public Road,1,"Trafficway, On Road",CT0009300,New Haven PD,44176,34:05.0,O,Open,00:37.0,,,,,,,
1039431,1,Complete,1039431,1039431,41.25824,-72.89176,3533623,New Haven,93,93,New Haven,4/11/2023,2023,4,April,11,3,Tuesday,9:17:00,9,23014276,A,2,,Motor Vehicle In Motion,"Injury of any type (Serious, Minor, Possible)",C,Possible Injury (C),0,0,3,State,2.27,337,337-E,337-E,,MORRIS CAUSEWAY,150,Feet,W,41.25824,-72.89176,14,Motor Vehicle in Operation,2,Front to front,1,On Roadway,1,Clear,88,Not Applicable,1,Daylight,1,Dry,0,None,88,Not Applicable,88,Not Applicable,0,None,88,Not Applicable,88,Not Applicable,1,Non-Junction,1,Not at Intersection,1,No,1,No,88,Not Applicable,88,Not Applicable,88,Not Applicable,88,Not Applicable,FALSE,1,Public Road,1,"Trafficway, On Road",CT0009300,New Haven PD,156,26:12.0,C,Closed,00:36.0,,1,5500,4,MINOR ARTERIAL - NEW HPMS,1,Rural
1039432,1,Complete,1039432,1039432,41.31749,-72.90141,3533624,New Haven,93,93,New Haven,4/11/2023,2023,4,April,11,3,Tuesday,13:51:00,13,23014350,A,2,,Motor Vehicle In Motion,"Injury of any type (Serious, Minor, Possible)",C,Possible Injury (C),0,0,2,USRoute,0.17,5,5-N,5-N,WILLOW ST,,,,,41.31749,-72.90141,14,Motor Vehicle in Operation,3,Angle,1,On Roadway,1,Clear,88,Not Applicable,1,Daylight,1,Dry,0,None,88,Not Applicable,88,Not Applicable,0,None,88,Not Applicable,88,Not Applicable,2,Intersection,2,Four-Way Intersection,1,No,1,No,88,Not Applicable,88,Not Applicable,88,Not Applicable,88,Not Applicable,FALSE,1,Public Road,1,"Trafficway, On Road",CT0009300,New Haven PD,44060,00:57.0,C,Closed,00:40.0,,1,12900,4,MINOR ARTERIAL - NEW HPMS,1,Rural
1039437,1,Complete,1039437,1039437,41.289006,-72.8945787,3533629,New Haven,93,93,New Haven,4/12/2023,2023,4,April,12,4,Wednesday,17:02:00,17,23014572,A,2,,Motor Vehicle In Motion,"Injury of any type (Serious, Minor, Possible)",C,Possible Injury (C),0,0,1,Interstate,0.36,95,95-N-346,95-N-346,WOODWARD AV,,,,,41.289006,-72.8945787,14,Motor Vehicle in Operation,4,"Sideswipe, same direction",1,On Roadway,1,Clear,88,Not Applicable,1,Daylight,1,Dry,0,None,88,Not Applicable,88,Not Applicable,0,None,88,Not Applicable,88,Not Applicable,2,Intersection,2,Four-Way Intersection,1,No,1,No,88,Not Applicable,88,Not Applicable,88,Not Applicable,88,Not Applicable,FALSE,1,Public Road,1,"Trafficway, On Road",CT0009300,New Haven PD,40807,31:47.0,C,Closed,00:39.0,,,32700,1,INTERSTATE - NEW HPMS,2,Urban
1039658,1,Complete,1039658,1039658,41.308602,-72.886989,3533850,New Haven,93,93,New Haven,4/13/2023,2023,4,April,13,5,Thursday,8:34:00,8,23013435,A,3,,Motor Vehicle In Motion,"Injury of any type (Serious, Minor, Possible)",C,Possible Injury (C),0,0,4,Local,0.05,264,GRAND AV,GRAND AV,,FRONT ST,550,Feet,E,41.308602,-72.886989,14,Motor Vehicle in Operation,1,Front to rear,1,On Roadway,1,Clear,88,Not Applicable,1,Daylight,1,Dry,0,None,88,Not Applicable,88,Not Applicable,0,None,88,Not Applicable,88,Not Applicable,1,Non-Junction,1,Not at Intersection,1,No,1,No,88,Not Applicable,88,Not Applicable,88,Not Applicable,88,Not Applicable,FALSE,1,Public Road,1,"Trafficway, On Road",CT0009300,New Haven PD,193,09:08.0,O,Open,01:42.0,,,,,,,
1039663,1,Complete,1039663,1039663,41.320749,-72.89751,3533855,New Haven,93,93,New Haven,4/13/2023,2023,4,April,13,5,Thursday,9:22:00,9,23014630,A,3,,Motor Vehicle In Motion,"Injury of any type (Serious, Minor, Possible)",C,Possible Injury (C),0,0,2,USRoute,0.48,5,5-N,5-N,,ROCK ST,120,Feet,S,41.320749,-72.89751,14,Motor Vehicle in Operation,1,Front to rear,1,On Roadway,1,Clear,88,Not Applicable,1,Daylight,1,Dry,0,None,88,Not Applicable,88,Not Applicable,0,None,88,Not Applicable,88,Not Applicable,1,Non-Junction,1,Not at Intersection,1,No,1,No,88,Not Applicable,88,Not Applicable,88,Not Applicable,88,Not Applicable,FALSE,1,Public Road,1,"Trafficway, On Road",CT0009300,New Haven PD,87,04:27.0,C,Closed,01:43.0,,1,17500,4,MINOR ARTERIAL - NEW HPMS,1,Rural