CrashId,Fatal Case Status,Fatal Case Status Text Format,CrashId,CrashId,Latitude,Longitude,DOT Case Number,Town Name,Town Number,Town Number,Town Number Text Format,Date Of Crash,Year,Month,Month Text Format,Day,Day of the Week,Day of the Week Text Format,Time of Crash,Hour of the Day,Case Identifier,Crash Severity,Number Of Motor Vehicles,Motor vehicle action,Most harmful event,Crash Severity Text Format,Most Severe Injury,Most Severe Injury Text Format,Number Of Non-Motorist,Number Of Witnesses,Route Class,Route Class Text Format,Milemarker,Road Number,Road Description,Roadway Name,Intersecting Roadway Name,Landmark Description,Distance From Nearest Landmark,Unit Of Measure From Nearest Landmark,Direction From Nearest Landmark,Latitude,Longitude,First Harmful Event,First Harmful Event Text Format,Manner of Crash / Collision Impact,Manner of Crash / Collision Impact Text Format,Location of First Harmful Event,Location of First Harmful Event Text Format,Weather Condition,Weather Condition Text Format,Weather 2,Weather 2 Text Format,Light Condition,Light Condition Text Format,Road Surface Condition,Road Surface Condition Text Format,"Contributing Circumstances, Environment","Contributing Circumstances, Environment Text Format",Environment 2,Environment 2 Text Format,Environment 3,Environment 3 Text Format,"Contributing Circumstances, Road","Contributing Circumstances, Road Text Format",Road 2,Road 2 Text Format,Road 3,Road 3 Text Format,Crash Specific Location,Crash Specific Location Text Format,Type of Intersection,Type of Intersection Text Format,School Bus Related,School Bus Related Text Format,Work Zone Related,Work Zone Related Text Format,Location Of Crash Relative To Work Zone,Location Of Crash Relative To Work Zone Text Format,Type of Work Zone,Type of Work Zone Text Format,Worker Presence,Worker Presence Text Format,Law Enforcement Presence,Law Enforcement Presence Text Format,Were Vehicles Moved Prior To Police Arrival,Trafficway Ownership,Trafficway Ownership Text Format,Trafficway Class,Trafficway Class Text Format,Police Agency,Police Agency Text Format,Badge Number,Approval Date,Police Case Status,Police Case Status Text Format,Crash Report Submission Date,Related Case Identifiers,No. of Through Lanes (Log Dir.),Average Daily Traffic,Functional Classification,Functional Classification Text Format,Rural or Urban,Rural or Urban Text Format
1039667,1,Complete,1039667,1039667,41.31872,-72.89957,3533859,New Haven,93,93,New Haven,4/13/2023,2023,4,April,13,5,Thursday,15:34:00,15,23014682,A,2,,Motor Vehicle In Motion,"Injury of any type (Serious, Minor, Possible)",C,Possible Injury (C),0,0,2,USRoute,0.29,5,5-N,5-N,WARRREN PLACE,,,,,41.31872,-72.89957,14,Motor Vehicle in Operation,4,"Sideswipe, same direction",1,On Roadway,1,Clear,88,Not Applicable,1,Daylight,1,Dry,0,None,88,Not Applicable,88,Not Applicable,0,None,88,Not Applicable,88,Not Applicable,3,Intersection-Related,3,T-Intersection,1,No,1,No,88,Not Applicable,88,Not Applicable,88,Not Applicable,88,Not Applicable,FALSE,1,Public Road,1,"Trafficway, On Road",CT0009300,New Haven PD,991,53:16.0,C,Closed,01:43.0,,1,14100,4,MINOR ARTERIAL - NEW HPMS,1,Rural
1039669,1,Complete,1039669,1039669,41.30883396,-72.93324105,3533861,New Haven,93,93,New Haven,4/13/2023,2023,4,April,13,5,Thursday,16:18:00,16,23014687,A,2,,Motor Vehicle In Motion,"Injury of any type (Serious, Minor, Possible)",C,Possible Injury (C),0,0,4,Local,2.2,97,CHAPEL ST,CHAPEL ST,,PARK ST,85,Feet,E,41.30883396,-72.93324105,14,Motor Vehicle in Operation,4,"Sideswipe, same direction",1,On Roadway,1,Clear,88,Not Applicable,1,Daylight,1,Dry,0,None,88,Not Applicable,88,Not Applicable,0,None,88,Not Applicable,88,Not Applicable,1,Non-Junction,1,Not at Intersection,1,No,1,No,88,Not Applicable,88,Not Applicable,88,Not Applicable,88,Not Applicable,FALSE,1,Public Road,1,"Trafficway, On Road",CT0009300,New Haven PD,42046,27:44.0,C,Closed,01:46.0,,,,,,,
1040085,1,Complete,1040085,1040085,41.3111,-72.903556,3534277,New Haven,93,93,New Haven,4/8/2023,2023,4,April,8,7,Saturday,17:03:00,17,23013929,A,2,,Motor Vehicle In Motion,"Injury of any type (Serious, Minor, Possible)",C,Possible Injury (C),0,1,4,Local,0.37,327,JAMES ST,JAMES ST,MARKET ST,,,,,41.3111,-72.903556,14,Motor Vehicle in Operation,99,Unknown,1,On Roadway,1,Clear,88,Not Applicable,1,Daylight,1,Dry,0,None,88,Not Applicable,88,Not Applicable,0,None,88,Not Applicable,88,Not Applicable,2,Intersection,2,Four-Way Intersection,1,No,1,No,88,Not Applicable,88,Not Applicable,88,Not Applicable,88,Not Applicable,FALSE,1,Public Road,1,"Trafficway, On Road",CT0009300,New Haven PD,65,02:20.0,O,Open,01:03.0,,,,,,,
1040088,1,Complete,1040088,1040088,41.309568,-72.923399,3534280,New Haven,93,93,New Haven,4/11/2023,2023,4,April,11,3,Tuesday,15:29:00,15,23014363,A,1,,Not Applicable,"Injury of any type (Serious, Minor, Possible)",A,Suspected Serious Injury (A),1,0,4,Local,0.16,712,WALL ST NO 2,WALL ST NO 2,CHURCH ST,,,,,41.309568,-72.923399,17,Work Zone/Maintenance Equipment,88,Not Applicable,1,On Roadway,1,Clear,88,Not Applicable,1,Daylight,1,Dry,99,Unknown,88,Not Applicable,88,Not Applicable,8,Work Zone (construction / maintenance / utility),88,Not Applicable,88,Not Applicable,2,Intersection,2,Four-Way Intersection,1,No,2,Yes,4,Activity Area,3,Work on Shoulder or Median,2,Yes,2,Yes,FALSE,1,Public Road,1,"Trafficway, On Road",CT0009300,New Haven PD,813,32:45.0,C,Closed,00:52.0,,3,8400,3,PRINCIPAL ARTERIAL - OTHER - NEW HPMS,2,Urban
1040099,1,Complete,1040099,1040099,41.30755,-72.89516,3534291,New Haven,93,93,New Haven,4/14/2023,2023,4,April,14,6,Friday,11:36:00,11,23014868,A,2,,Motor Vehicle In Motion,"Injury of any type (Serious, Minor, Possible)",C,Possible Injury (C),0,0,4,Local,0.84,213,FERRY ST,FERRY ST,EXCHANGE ST,,,,,41.30755,-72.89516,14,Motor Vehicle in Operation,3,Angle,1,On Roadway,1,Clear,88,Not Applicable,1,Daylight,1,Dry,0,None,88,Not Applicable,88,Not Applicable,0,None,88,Not Applicable,88,Not Applicable,2,Intersection,5,L-Intersection,1,No,1,No,88,Not Applicable,88,Not Applicable,88,Not Applicable,88,Not Applicable,FALSE,1,Public Road,1,"Trafficway, On Road",CT0009300,New Haven PD,11439,19:05.0,C,Closed,00:53.0,,,,,,,
1040101,1,Complete,1040101,1040101,41.300856,-72.915435,3534293,New Haven,93,93,New Haven,4/14/2023,2023,4,April,14,6,Friday,14:27:00,14,23014888,A,2,,Motor Vehicle In Motion,"Injury of any type (Serious, Minor, Possible)",C,Possible Injury (C),0,0,2,USRoute,48.72,1,1-N,1-N,CHESTNUT ST NO 1,,,,,41.300856,-72.915435,14,Motor Vehicle in Operation,4,"Sideswipe, same direction",1,On Roadway,1,Clear,88,Not Applicable,1,Daylight,1,Dry,0,None,88,Not Applicable,88,Not Applicable,0,None,88,Not Applicable,88,Not Applicable,2,Intersection,3,T-Intersection,1,No,1,No,88,Not Applicable,88,Not Applicable,88,Not Applicable,88,Not Applicable,FALSE,1,Public Road,1,"Trafficway, On Road",CT0009300,New Haven PD,44339,37:27.0,C,Closed,00:56.0,,1,9800,3,PRINCIPAL ARTERIAL - OTHER - NEW HPMS,1,Rural
1040102,1,Complete,1040102,1040102,41.32004,-72.89818,3534294,New Haven,93,93,New Haven,4/14/2023,2023,4,April,14,6,Friday,14:59:00,14,23014891,A,2,,Motor Vehicle In Motion,"Injury of any type (Serious, Minor, Possible)",C,Possible Injury (C),0,0,2,USRoute,0.42,5,5-N,5-N,GRACE ST,,,,,41.32004,-72.89818,14,Motor Vehicle in Operation,1,Front to rear,1,On Roadway,1,Clear,88,Not Applicable,1,Daylight,1,Dry,0,None,88,Not Applicable,88,Not Applicable,0,None,88,Not Applicable,88,Not Applicable,3,Intersection-Related,3,T-Intersection,1,No,1,No,88,Not Applicable,88,Not Applicable,88,Not Applicable,88,Not Applicable,TRUE,1,Public Road,1,"Trafficway, On Road",CT0009300,New Haven PD,44948,06:43.0,C,Closed,00:48.0,NONE,1,19500,4,MINOR ARTERIAL - NEW HPMS,1,Rural
1040108,1,Complete,1040108,1040108,41.327538,-72.937106,3534300,New Haven,93,93,New Haven,4/15/2023,2023,4,April,15,7,Saturday,2:12:00,2,23014965,A,3,,Motor Vehicle In Motion,"Injury of any type (Serious, Minor, Possible)",C,Possible Injury (C),0,0,4,Local,0.58,557,SHERMAN PKWY,SHERMAN PKWY,HARDING PL,,,,,41.327538,-72.937106,14,Motor Vehicle in Operation,3,Angle,1,On Roadway,1,Clear,88,Not Applicable,6,Dark-Unknown Lighting,1,Dry,0,None,88,Not Applicable,88,Not Applicable,0,None,88,Not Applicable,88,Not Applicable,2,Intersection,3,T-Intersection,1,No,1,No,88,Not Applicable,88,Not Applicable,88,Not Applicable,88,Not Applicable,FALSE,1,Public Road,1,"Trafficway, On Road",CT0009300,New Haven PD,44053,48:00.0,O,Open,01:00.0,,,,,,,
1040112,1,Complete,1040112,1040112,41.303533,-72.893775,3534304,New Haven,93,93,New Haven,4/15/2023,2023,4,April,15,7,Saturday,17:55:00,17,23015033,A,1,,Tree (standing),"Injury of any type (Serious, Minor, Possible)",C,Possible Injury (C),0,0,4,Local,0,795,EAST FERRY ST,FERRY ST,RIVER ST,,,,,41.303533,-72.893775,32,Tree (standing),88,Not Applicable,1,On Roadway,4,Rain,88,Not Applicable,1,Daylight,2,Wet,0,None,88,Not Applicable,88,Not Applicable,0,None,88,Not Applicable,88,Not Applicable,2,Intersection,2,Four-Way Intersection,1,No,1,No,88,Not Applicable,88,Not Applicable,88,Not Applicable,88,Not Applicable,FALSE,1,Public Road,1,"Trafficway, On Road",CT0009300,New Haven PD,44060,41:14.0,C,Closed,00:58.0,,2,13500,4,MINOR ARTERIAL - NEW HPMS,2,Urban
1040114,1,Complete,1040114,1040114,41.326914,-72.965184,3534306,New Haven,93,93,New Haven,4/15/2023,2023,4,April,15,7,Saturday,21:58:00,21,23015058,A,2,,Motor Vehicle In Motion,"Injury of any type (Serious, Minor, Possible)",C,Possible Injury (C),0,0,3,State,6.37,243,243-W,243-W,EMERSON ST NO 2,,,,,41.326914,-72.965184,14,Motor Vehicle in Operation,3,Angle,1,On Roadway,1,Clear,88,Not Applicable,4,Dark-Lighted,2,Wet,0,None,88,Not Applicable,88,Not Applicable,0,None,88,Not Applicable,88,Not Applicable,2,Intersection,3,T-Intersection,1,No,1,No,88,Not Applicable,88,Not Applicable,88,Not Applicable,88,Not Applicable,FALSE,1,Public Road,1,"Trafficway, On Road",CT0009300,New Haven PD,55,16:45.0,C,Closed,01:03.0,,1,10500,4,MINOR ARTERIAL - NEW HPMS,1,Rural
1040115,1,Complete,1040115,1040115,41.301347,-72.927005,3534307,New Haven,93,93,New Haven,4/16/2023,2023,4,April,16,1,Sunday,0:59:00,0,23015072,A,2,,Motor Vehicle In Motion,"Injury of any type (Serious, Minor, Possible)",C,Possible Injury (C),0,0,4,Local,0.02,567,SOUTH ORANGE ST,SOUTH ORANGE ST,,S FRONTAGE RD,50,Feet,W,41.301347,-72.927005,14,Motor Vehicle in Operation,1,Front to rear,1,On Roadway,1,Clear,88,Not Applicable,4,Dark-Lighted,1,Dry,0,None,88,Not Applicable,88,Not Applicable,0,None,88,Not Applicable,88,Not Applicable,1,Non-Junction,1,Not at Intersection,1,No,1,No,88,Not Applicable,88,Not Applicable,88,Not Applicable,88,Not Applicable,FALSE,1,Public Road,1,"Trafficway, On Road",CT0009300,New Haven PD,476,13:29.0,C,Closed,01:01.0,,,,,,,
1040116,1,Complete,1040116,1040116,41.303887,-72.900334,3534308,New Haven,93,93,New Haven,4/16/2023,2023,4,April,16,1,Sunday,7:06:00,7,23015098,A,2,,Motor Vehicle In Motion,"Injury of any type (Serious, Minor, Possible)",C,Possible Injury (C),0,1,4,Local,0.4,97,CHAPEL ST,CHAPEL ST,LLOYD ST,,,,,41.303887,-72.900334,14,Motor Vehicle in Operation,3,Angle,1,On Roadway,2,Cloudy,88,Not Applicable,1,Daylight,1,Dry,0,None,88,Not Applicable,88,Not Applicable,0,None,88,Not Applicable,88,Not Applicable,2,Intersection,2,Four-Way Intersection,1,No,1,No,88,Not Applicable,88,Not Applicable,88,Not Applicable,88,Not Applicable,FALSE,1,Public Road,1,"Trafficway, On Road",CT0009300,New Haven PD,980,05:30.0,C,Closed,01:02.0,,,,,,,
1040117,1,Complete,1040117,1040117,41.330364,-72.98459,3534309,New Haven,93,93,New Haven,4/16/2023,2023,4,April,16,1,Sunday,10:51:00,10,23015118,A,2,,Motor Vehicle In Motion,"Injury of any type (Serious, Minor, Possible)",B,Suspected Minor Injury (B),0,0,3,State,5.33,243,243-E,243-E,SENECA RD,,,,,41.330364,-72.98459,14,Motor Vehicle in Operation,3,Angle,1,On Roadway,1,Clear,88,Not Applicable,1,Daylight,1,Dry,0,None,88,Not Applicable,88,Not Applicable,0,None,88,Not Applicable,88,Not Applicable,3,Intersection-Related,3,T-Intersection,1,No,1,No,88,Not Applicable,88,Not Applicable,88,Not Applicable,88,Not Applicable,FALSE,1,Public Road,1,"Trafficway, On Road",CT0009300,New Haven PD,62,57:46.0,C,Closed,01:02.0,,1,8300,4,MINOR ARTERIAL - NEW HPMS,1,Rural
1040637,1,Complete,1040637,1040637,41.305967,-72.92896,3534822,New Haven,93,93,New Haven,4/2/2023,2023,4,April,2,1,Sunday,3:30:00,3,23012881,A,2,,Motor Vehicle In Motion,"Injury of any type (Serious, Minor, Possible)",B,Suspected Minor Injury (B),1,0,4,Local,,117,COLLEGE ST,COLLEGE ST,,CHAPEL STREET,10,Feet,N,41.305967,-72.92896,14,Motor Vehicle in Operation,4,"Sideswipe, same direction",7,In Parking Lane or Zone,1,Clear,88,Not Applicable,4,Dark-Lighted,1,Dry,0,None,88,Not Applicable,88,Not Applicable,0,None,88,Not Applicable,88,Not Applicable,1,Non-Junction,1,Not at Intersection,1,No,1,No,88,Not Applicable,88,Not Applicable,88,Not Applicable,88,Not Applicable,FALSE,88,Not Applicable,4,Parking Lot,CT0009300,New Haven PD,44063,40:55.0,C,Closed,01:17.0,,,,,,,
1040640,1,Complete,1040640,1040640,41.303541,-72.923794,3534825,New Haven,93,93,New Haven,4/12/2023,2023,4,April,12,4,Wednesday,17:11:00,17,23014567,A,2,,Motor Vehicle In Motion,"Injury of any type (Serious, Minor, Possible)",C,Possible Injury (C),0,0,4,Local,1.45,575,STATE ST,STATE ST,CROWN ST,,,,,41.303541,-72.923794,14,Motor Vehicle in Operation,3,Angle,1,On Roadway,1,Clear,88,Not Applicable,1,Daylight,1,Dry,0,None,88,Not Applicable,88,Not Applicable,0,None,88,Not Applicable,88,Not Applicable,2,Intersection,2,Four-Way Intersection,1,No,1,No,88,Not Applicable,88,Not Applicable,88,Not Applicable,88,Not Applicable,FALSE,1,Public Road,1,"Trafficway, On Road",CT0009300,New Haven PD,42044,33:01.0,C,Closed,01:22.0,,,,,,,
1040643,1,Complete,1040643,1040643,41.3148393,-72.8917642,3534828,New Haven,93,93,New Haven,4/15/2023,2023,4,April,15,7,Saturday,4:22:00,4,23014971,A,2,,Motor Vehicle In Motion,"Injury of any type (Serious, Minor, Possible)",B,Suspected Minor Injury (B),0,0,4,Local,0.38,113,CLINTON AV,CLINTON AV,CHATHAM ST,,,,,41.3148393,-72.8917642,14,Motor Vehicle in Operation,3,Angle,1,On Roadway,1,Clear,88,Not Applicable,4,Dark-Lighted,1,Dry,0,None,88,Not Applicable,88,Not Applicable,0,None,88,Not Applicable,88,Not Applicable,2,Intersection,2,Four-Way Intersection,1,No,1,No,88,Not Applicable,88,Not Applicable,88,Not Applicable,88,Not Applicable,FALSE,1,Public Road,1,"Trafficway, On Road",CT0009300,New Haven PD,43690,22:15.0,C,Closed,01:18.0,,,,,,,
1040644,1,Complete,1040644,1040644,41.318577,-72.902989,3534829,New Haven,93,93,New Haven,4/16/2023,2023,4,April,16,1,Sunday,13:11:00,13,23015136,A,2,,Motor Vehicle In Motion,"Injury of any type (Serious, Minor, Possible)",C,Possible Injury (C),0,0,1,Interstate,0.32,91,91-N-141,91-N-141,WILLOW ST,,,,,41.318577,-72.902989,14,Motor Vehicle in Operation,1,Front to rear,1,On Roadway,1,Clear,88,Not Applicable,1,Daylight,1,Dry,0,None,88,Not Applicable,88,Not Applicable,0,None,88,Not Applicable,88,Not Applicable,2,Intersection,3,T-Intersection,1,No,1,No,88,Not Applicable,88,Not Applicable,88,Not Applicable,88,Not Applicable,FALSE,1,Public Road,1,"Trafficway, On Road",CT0009300,New Haven PD,87,01:16.0,C,Closed,01:21.0,,2,28800,1,INTERSTATE - NEW HPMS,2,Urban
1040647,1,Complete,1040647,1040647,41.31791,-72.94599,3534832,New Haven,93,93,New Haven,4/17/2023,2023,4,April,17,2,Monday,9:10:00,9,23015213,A,2,,Motor Vehicle In Motion,"Injury of any type (Serious, Minor, Possible)",C,Possible Injury (C),0,0,4,Local,0.17,653,WHALLEY AV,WHALLEY AV,NORTON ST,,,,,41.31791,-72.94599,14,Motor Vehicle in Operation,3,Angle,1,On Roadway,1,Clear,88,Not Applicable,1,Daylight,1,Dry,0,None,88,Not Applicable,88,Not Applicable,0,None,88,Not Applicable,88,Not Applicable,2,Intersection,2,Four-Way Intersection,1,No,1,No,88,Not Applicable,88,Not Applicable,88,Not Applicable,88,Not Applicable,FALSE,1,Public Road,1,"Trafficway, On Road",CT0009300,New Haven PD,238,21:58.0,C,Closed,01:19.0,,,,,,,
1040648,1,Complete,1040648,1040648,41.287792,-72.925389,3534833,New Haven,93,93,New Haven,4/17/2023,2023,4,April,17,2,Monday,11:18:00,11,23015252,A,2,,Motor Vehicle In Motion,"Injury of any type (Serious, Minor, Possible)",B,Suspected Minor Injury (B),0,0,4,Local,0.27,359,SARGENT DR,SARGENT DR,,LONG WHARF DRIVE,200,Feet,E,41.287792,-72.925389,14,Motor Vehicle in Operation,3,Angle,1,On Roadway,4,Rain,88,Not Applicable,1,Daylight,2,Wet,0,None,88,Not Applicable,88,Not Applicable,0,None,88,Not Applicable,88,Not Applicable,1,Non-Junction,1,Not at Intersection,1,No,1,No,88,Not Applicable,88,Not Applicable,88,Not Applicable,88,Not Applicable,FALSE,1,Public Road,1,"Trafficway, On Road",CT0009300,New Haven PD,476,24:16.0,C,Closed,01:23.0,,,,,,,
1040911,1,Complete,1040911,1040911,41.33149,-72.92552,3535096,New Haven,93,93,New Haven,4/10/2023,2023,4,April,10,2,Monday,10:56:00,10,23014100,A,2,,Motor Vehicle In Motion,"Injury of any type (Serious, Minor, Possible)",C,Possible Injury (C),0,1,4,Local,1.11,669,WINCHESTER AV,WINCHESTER AV,HUNTINGTON ST,,,,,41.33149,-72.92552,14,Motor Vehicle in Operation,4,"Sideswipe, same direction",1,On Roadway,1,Clear,88,Not Applicable,1,Daylight,1,Dry,0,None,88,Not Applicable,88,Not Applicable,0,None,88,Not Applicable,88,Not Applicable,2,Intersection,2,Four-Way Intersection,1,No,1,No,88,Not Applicable,88,Not Applicable,88,Not Applicable,88,Not Applicable,FALSE,1,Public Road,1,"Trafficway, On Road",CT0009300,New Haven PD,432,13:26.0,C,Closed,00:27.0,,,,,,,
1040912,1,Complete,1040912,1040912,41.30103415,-72.93649302,3535097,New Haven,93,93,New Haven,4/11/2023,2023,4,April,11,3,Tuesday,11:56:00,11,23014314,A,3,,Motor Vehicle In Motion,"Injury of any type (Serious, Minor, Possible)",B,Suspected Minor Injury (B),0,0,4,Local,0.63,123,CONGRESS AV,CONGRESS AV,VERNON ST,,,,,41.30103415,-72.93649302,14,Motor Vehicle in Operation,3,Angle,1,On Roadway,1,Clear,88,Not Applicable,1,Daylight,99,Unknown,0,None,88,Not Applicable,88,Not Applicable,0,None,88,Not Applicable,88,Not Applicable,2,Intersection,3,T-Intersection,1,No,1,No,88,Not Applicable,88,Not Applicable,88,Not Applicable,88,Not Applicable,FALSE,1,Public Road,1,"Trafficway, On Road",CT0009300,New Haven PD,301,47:59.0,C,Closed,00:31.0,,,,,,,
1040917,1,Complete,1040917,1040917,41.319055,-72.954031,3535102,New Haven,93,93,New Haven,4/17/2023,2023,4,April,17,2,Monday,11:43:00,11,23015255,A,2,,Motor Vehicle In Motion,"Injury of any type (Serious, Minor, Possible)",C,Possible Injury (C),0,0,4,Local,1.18,194,ELM ST NO 1,ELM ST NO 1,,HUNINGER ST,75,Feet,E,41.319055,-72.954031,14,Motor Vehicle in Operation,1,Front to rear,1,On Roadway,4,Rain,88,Not Applicable,1,Daylight,2,Wet,0,None,88,Not Applicable,88,Not Applicable,0,None,88,Not Applicable,88,Not Applicable,11,Through Roadway,1,Not at Intersection,1,No,1,No,88,Not Applicable,88,Not Applicable,88,Not Applicable,88,Not Applicable,FALSE,1,Public Road,1,"Trafficway, On Road",CT0009300,New Haven PD,359,48:37.0,C,Closed,00:28.0,,,,,,,
1040919,1,Complete,1040919,1040919,41.316994,-72.943769,3535104,New Haven,93,93,New Haven,4/17/2023,2023,4,April,17,2,Monday,18:42:00,18,23015317,A,1,,Pedestrian,"Injury of any type (Serious, Minor, Possible)",C,Possible Injury (C),1,1,4,Local,0.4,653,WHALLEY AV,WHALLEY AV,,SHERMAN AVE,394,Feet,E,41.316994,-72.943769,9,Pedestrian,88,Not Applicable,8,"Off Roadway,  Location Unknown",1,Clear,88,Not Applicable,1,Daylight,1,Dry,0,None,88,Not Applicable,88,Not Applicable,0,None,88,Not Applicable,88,Not Applicable,1,Non-Junction,1,Not at Intersection,1,No,1,No,88,Not Applicable,88,Not Applicable,88,Not Applicable,88,Not Applicable,FALSE,88,Not Applicable,3,Non-trafficway,CT0009300,New Haven PD,44175,22:32.0,C,Closed,00:32.0,,4,21100,3,PRINCIPAL ARTERIAL - OTHER - NEW HPMS,2,Urban
1041195,1,Complete,1041195,1041195,41.316898,-72.932924,3535380,New Haven,93,93,New Haven,4/13/2023,2023,4,April,13,5,Thursday,20:01:00,20,23014777,A,3,,Motor Vehicle In Motion,"Injury of any type (Serious, Minor, Possible)",C,Possible Injury (C),0,0,4,Local,0.3,631,WEBSTER ST,WEBSTER ST,,DIXWELL AVE,100,Feet,E,41.316898,-72.932924,14,Motor Vehicle in Operation,1,Front to rear,1,On Roadway,1,Clear,88,Not Applicable,4,Dark-Lighted,1,Dry,0,None,88,Not Applicable,88,Not Applicable,0,None,88,Not Applicable,88,Not Applicable,1,Non-Junction,1,Not at Intersection,1,No,1,No,88,Not Applicable,88,Not Applicable,88,Not Applicable,88,Not Applicable,FALSE,1,Public Road,1,"Trafficway, On Road",CT0009300,New Haven PD,504,49:55.0,C,Closed,01:55.0,,,,,,,
1041198,1,Complete,1041198,1041198,41.286089,-72.889934,3535383,New Haven,93,93,New Haven,4/16/2023,2023,4,April,16,1,Sunday,2:45:00,2,23015115,A,2,,Motor Vehicle In Motion,"Injury of any type (Serious, Minor, Possible)",C,Possible Injury (C),0,0,4,Local,0.09,317,HUNTINGTON AV,HUNTINGTON AV,,MAIN ST ANNEX,500,Feet,S,41.286089,-72.889934,14,Motor Vehicle in Operation,2,Front to front,4,Roadside,1,Clear,88,Not Applicable,4,Dark-Lighted,2,Wet,0,None,88,Not Applicable,88,Not Applicable,0,None,88,Not Applicable,88,Not Applicable,1,Non-Junction,1,Not at Intersection,1,No,1,No,88,Not Applicable,88,Not Applicable,88,Not Applicable,88,Not Applicable,FALSE,1,Public Road,2,"Trafficway, Not on Road",CT0009300,New Haven PD,40807,56:45.0,C,Closed,01:51.0,,,,,,,
1041200,1,Complete,1041200,1041200,41.304278,-72.920184,3535385,New Haven,93,93,New Haven,4/18/2023,2023,4,April,18,3,Tuesday,12:40:00,12,23015411,A,2,,Motor Vehicle In Motion,"Injury of any type (Serious, Minor, Possible)",C,Possible Injury (C),0,0,4,Local,1.45,97,CHAPEL ST,CHAPEL ST,OLIVE ST,,,,,41.304278,-72.920184,14,Motor Vehicle in Operation,1,Front to rear,1,On Roadway,1,Clear,88,Not Applicable,1,Daylight,1,Dry,99,Unknown,88,Not Applicable,88,Not Applicable,97,Other,88,Not Applicable,88,Not Applicable,2,Intersection,3,T-Intersection,1,No,1,No,88,Not Applicable,88,Not Applicable,88,Not Applicable,88,Not Applicable,FALSE,1,Public Road,1,"Trafficway, On Road",CT0009300,New Haven PD,240,09:01.0,C,Closed,01:51.0,,,,,,,
1041207,1,Complete,1041207,1041207,41.31264,-72.95038,3535392,New Haven,93,93,New Haven,4/19/2023,2023,4,April,19,4,Wednesday,20:27:00,20,23015661,A,2,,Motor Vehicle In Motion,"Injury of any type (Serious, Minor, Possible)",C,Possible Injury (C),0,0,4,Local,3.14,97,CHAPEL ST,CHAPEL ST,ELLSWORTH AV,,,,,41.31264,-72.95038,14,Motor Vehicle in Operation,1,Front to rear,1,On Roadway,1,Clear,88,Not Applicable,4,Dark-Lighted,1,Dry,0,None,88,Not Applicable,88,Not Applicable,0,None,88,Not Applicable,88,Not Applicable,2,Intersection,2,Four-Way Intersection,1,No,1,No,88,Not Applicable,88,Not Applicable,88,Not Applicable,88,Not Applicable,FALSE,1,Public Road,1,"Trafficway, On Road",CT0009300,New Haven PD,11439,25:16.0,C,Closed,01:56.0,,,,,,,
1041433,1,Complete,1041433,1041433,41.314132,-72.912118,3535618,New Haven,93,93,New Haven,4/15/2023,2023,4,April,15,7,Saturday,0:28:00,0,23014989,A,2,,Motor Vehicle In Motion,"Injury of any type (Serious, Minor, Possible)",C,Possible Injury (C),0,0,4,Local,0.47,575,STATE ST,STATE ST,HUMPHREY ST,,,,,41.314132,-72.912118,14,Motor Vehicle in Operation,3,Angle,1,On Roadway,99,Unknown,88,Not Applicable,4,Dark-Lighted,1,Dry,99,Unknown,88,Not Applicable,88,Not Applicable,0,None,88,Not Applicable,88,Not Applicable,2,Intersection,2,Four-Way Intersection,1,No,1,No,88,Not Applicable,88,Not Applicable,88,Not Applicable,88,Not Applicable,FALSE,1,Public Road,1,"Trafficway, On Road",CT0009300,New Haven PD,87,04:46.0,O,Open,00:45.0,,,,,,,
1041435,1,Complete,1041435,1041435,41.31954,-72.94987,3535620,New Haven,93,93,New Haven,4/17/2023,2023,4,April,17,2,Monday,17:58:00,17,23015323,A,2,,Motor Vehicle In Motion,"Injury of any type (Serious, Minor, Possible)",C,Possible Injury (C),0,0,3,State,2.93,10,10-N,10-N,BROWNELL ST,,,,,41.31954,-72.94987,14,Motor Vehicle in Operation,1,Front to rear,1,On Roadway,1,Clear,88,Not Applicable,1,Daylight,1,Dry,0,None,88,Not Applicable,88,Not Applicable,0,None,88,Not Applicable,88,Not Applicable,1,Non-Junction,1,Not at Intersection,1,No,1,No,88,Not Applicable,88,Not Applicable,88,Not Applicable,88,Not Applicable,FALSE,1,Public Road,1,"Trafficway, On Road",CT0009300,New Haven PD,44339,18:22.0,C,Closed,00:52.0,,1,10200,3,PRINCIPAL ARTERIAL - OTHER - NEW HPMS,1,Rural
1041438,1,Complete,1041438,1041438,41.3318,-72.86929,3535623,New Haven,93,93,New Haven,4/19/2023,2023,4,April,19,4,Wednesday,14:39:00,14,23015576,A,2,,Motor Vehicle In Motion,"Injury of any type (Serious, Minor, Possible)",B,Suspected Minor Injury (B),0,0,4,Local,0.21,132,CRANSTON ST,CRANSTON ST,PORTLAND ST,,,,,41.3318,-72.86929,14,Motor Vehicle in Operation,3,Angle,1,On Roadway,1,Clear,88,Not Applicable,1,Daylight,1,Dry,0,None,88,Not Applicable,88,Not Applicable,0,None,88,Not Applicable,88,Not Applicable,3,Intersection-Related,2,Four-Way Intersection,1,No,1,No,88,Not Applicable,88,Not Applicable,88,Not Applicable,88,Not Applicable,FALSE,1,Public Road,1,"Trafficway, On Road",CT0009300,New Haven PD,42366,02:55.0,C,Closed,00:44.0,,,,,,,