CrashId,Fatal Case Status,Fatal Case Status Text Format,CrashId,CrashId,Latitude,Longitude,DOT Case Number,Town Name,Town Number,Town Number,Town Number Text Format,Date Of Crash,Year,Month,Month Text Format,Day,Day of the Week,Day of the Week Text Format,Time of Crash,Hour of the Day,Case Identifier,Crash Severity,Number Of Motor Vehicles,Motor vehicle action,Most harmful event,Crash Severity Text Format,Most Severe Injury,Most Severe Injury Text Format,Number Of Non-Motorist,Number Of Witnesses,Route Class,Route Class Text Format,Milemarker,Road Number,Road Description,Roadway Name,Intersecting Roadway Name,Landmark Description,Distance From Nearest Landmark,Unit Of Measure From Nearest Landmark,Direction From Nearest Landmark,Latitude,Longitude,First Harmful Event,First Harmful Event Text Format,Manner of Crash / Collision Impact,Manner of Crash / Collision Impact Text Format,Location of First Harmful Event,Location of First Harmful Event Text Format,Weather Condition,Weather Condition Text Format,Weather 2,Weather 2 Text Format,Light Condition,Light Condition Text Format,Road Surface Condition,Road Surface Condition Text Format,"Contributing Circumstances, Environment","Contributing Circumstances, Environment Text Format",Environment 2,Environment 2 Text Format,Environment 3,Environment 3 Text Format,"Contributing Circumstances, Road","Contributing Circumstances, Road Text Format",Road 2,Road 2 Text Format,Road 3,Road 3 Text Format,Crash Specific Location,Crash Specific Location Text Format,Type of Intersection,Type of Intersection Text Format,School Bus Related,School Bus Related Text Format,Work Zone Related,Work Zone Related Text Format,Location Of Crash Relative To Work Zone,Location Of Crash Relative To Work Zone Text Format,Type of Work Zone,Type of Work Zone Text Format,Worker Presence,Worker Presence Text Format,Law Enforcement Presence,Law Enforcement Presence Text Format,Were Vehicles Moved Prior To Police Arrival,Trafficway Ownership,Trafficway Ownership Text Format,Trafficway Class,Trafficway Class Text Format,Police Agency,Police Agency Text Format,Badge Number,Approval Date,Police Case Status,Police Case Status Text Format,Crash Report Submission Date,Related Case Identifiers,No. of Through Lanes (Log Dir.),Average Daily Traffic,Functional Classification,Functional Classification Text Format,Rural or Urban,Rural or Urban Text Format
1045581,1,Complete,1045581,1045581,41.287598,-72.925503,3539766,New Haven,93,93,New Haven,5/1/2023,2023,5,May,1,2,Monday,18:27:00,18,23017483,A,1,,Pedalcycle/Pedalcyclist,"Injury of any type (Serious, Minor, Possible)",A,Suspected Serious Injury (A),2,2,4,Local,0.02,513,LONG WHARF DR,LONG WHARF DR,,SARGENT DR,70,Feet,E,41.287598,-72.925503,10,Pedalcycle/Pedalcyclist,4,"Sideswipe, same direction",1,On Roadway,2,Cloudy,88,Not Applicable,1,Daylight,1,Dry,0,None,88,Not Applicable,88,Not Applicable,0,None,88,Not Applicable,88,Not Applicable,1,Non-Junction,1,Not at Intersection,1,No,1,No,88,Not Applicable,88,Not Applicable,88,Not Applicable,88,Not Applicable,TRUE,1,Public Road,1,"Trafficway, On Road",CT0009300,New Haven PD,332,34:39.0,C,Closed,00:24.0,,4,9200,4,MINOR ARTERIAL - NEW HPMS,2,Urban
1045584,1,Complete,1045584,1045584,41.286256,-72.936055,3539769,New Haven,93,93,New Haven,5/3/2023,2023,5,May,3,4,Wednesday,23:08:00,23,23017814,A,2,,Motor Vehicle In Motion,"Injury of any type (Serious, Minor, Possible)",B,Suspected Minor Injury (B),0,0,3,State,0.28,10,10-N,10-N,745-E,,,,,41.286256,-72.936055,14,Motor Vehicle in Operation,1,Front to rear,1,On Roadway,1,Clear,88,Not Applicable,4,Dark-Lighted,1,Dry,0,None,88,Not Applicable,88,Not Applicable,0,None,88,Not Applicable,88,Not Applicable,3,Intersection-Related,2,Four-Way Intersection,1,No,1,No,88,Not Applicable,88,Not Applicable,88,Not Applicable,88,Not Applicable,FALSE,1,Public Road,1,"Trafficway, On Road",CT0009300,New Haven PD,44052,13:21.0,C,Closed,00:25.0,,2,18600,3,PRINCIPAL ARTERIAL - OTHER - NEW HPMS,2,Urban
1045587,1,Complete,1045587,1045587,41.3277,-72.93512,3539772,New Haven,93,93,New Haven,5/4/2023,2023,5,May,4,5,Thursday,11:34:00,11,23017877,A,2,,Motor Vehicle In Motion,"Injury of any type (Serious, Minor, Possible)",C,Possible Injury (C),0,0,4,Local,1.04,152,DIXWELL AV,DIXWELL AV,HARDING PL,,,,,41.3277,-72.93512,14,Motor Vehicle in Operation,1,Front to rear,1,On Roadway,1,Clear,88,Not Applicable,1,Daylight,1,Dry,0,None,88,Not Applicable,88,Not Applicable,0,None,88,Not Applicable,88,Not Applicable,2,Intersection,3,T-Intersection,1,No,1,No,88,Not Applicable,88,Not Applicable,88,Not Applicable,88,Not Applicable,FALSE,1,Public Road,1,"Trafficway, On Road",CT0009300,New Haven PD,42052,37:55.0,C,Closed,00:27.0,,,,,,,
1045589,1,Complete,1045589,1045589,41.317779,-72.872153,3539774,New Haven,93,93,New Haven,5/4/2023,2023,5,May,4,5,Thursday,12:47:00,12,23017894,A,2,,Motor Vehicle In Motion,"Injury of any type (Serious, Minor, Possible)",C,Possible Injury (C),0,0,4,Local,0.78,167,EASTERN ST,EASTERN ST,,FOXON BLVD,300,Feet,S,41.317779,-72.872153,14,Motor Vehicle in Operation,1,Front to rear,1,On Roadway,2,Cloudy,88,Not Applicable,1,Daylight,1,Dry,0,None,88,Not Applicable,88,Not Applicable,0,None,88,Not Applicable,88,Not Applicable,1,Non-Junction,1,Not at Intersection,1,No,1,No,88,Not Applicable,88,Not Applicable,88,Not Applicable,88,Not Applicable,FALSE,1,Public Road,1,"Trafficway, On Road",CT0009300,New Haven PD,430,40:03.0,C,Closed,00:28.0,,,,,,,
1045591,1,Complete,1045591,1045591,41.312728,-72.940599,3539776,New Haven,93,93,New Haven,5/4/2023,2023,5,May,4,5,Thursday,15:16:00,15,23017913,A,2,,Motor Vehicle In Motion,"Injury of any type (Serious, Minor, Possible)",C,Possible Injury (C),0,0,4,Local,0.8,453,ORCHARD ST,ORCHARD ST,,EDGEWOOD AVE,100,Feet,N,41.312728,-72.940599,14,Motor Vehicle in Operation,2,Front to front,1,On Roadway,1,Clear,88,Not Applicable,1,Daylight,1,Dry,0,None,88,Not Applicable,88,Not Applicable,0,None,88,Not Applicable,88,Not Applicable,1,Non-Junction,1,Not at Intersection,1,No,1,No,88,Not Applicable,88,Not Applicable,88,Not Applicable,88,Not Applicable,FALSE,1,Public Road,1,"Trafficway, On Road",CT0009300,New Haven PD,11439,38:05.0,C,Closed,00:29.0,,,,,,,
1045592,1,Complete,1045592,1045592,41.30490668,-72.89882016,3539777,New Haven,93,93,New Haven,5/4/2023,2023,5,May,4,5,Thursday,17:33:00,17,23017936,A,2,,Motor Vehicle In Motion,"Injury of any type (Serious, Minor, Possible)",C,Possible Injury (C),0,0,4,Local,0.12,57,BLATCHLEY AV,BLATCHLEY AV,SALTONSTALL AV,,,,,41.30490668,-72.89882016,14,Motor Vehicle in Operation,3,Angle,1,On Roadway,2,Cloudy,88,Not Applicable,1,Daylight,1,Dry,0,None,88,Not Applicable,88,Not Applicable,0,None,88,Not Applicable,88,Not Applicable,2,Intersection,2,Four-Way Intersection,1,No,1,No,88,Not Applicable,88,Not Applicable,88,Not Applicable,88,Not Applicable,FALSE,1,Public Road,1,"Trafficway, On Road",CT0009300,New Haven PD,263,21:50.0,C,Closed,00:29.0,,,,,,,
1045989,1,Complete,1045989,1045989,41.310914,-72.949169,3540174,New Haven,93,93,New Haven,4/21/2023,2023,4,April,21,6,Friday,19:14:00,19,23016043,A,2,,Motor Vehicle In Motion,"Injury of any type (Serious, Minor, Possible)",C,Possible Injury (C),0,0,4,Local,0.18,147,DERBY AV,DERBY AV,NORTON ST,,,,,41.310914,-72.949169,14,Motor Vehicle in Operation,3,Angle,1,On Roadway,1,Clear,88,Not Applicable,1,Daylight,1,Dry,0,None,88,Not Applicable,88,Not Applicable,0,None,88,Not Applicable,88,Not Applicable,2,Intersection,4,Y-Intersection,1,No,1,No,88,Not Applicable,88,Not Applicable,88,Not Applicable,88,Not Applicable,FALSE,1,Public Road,1,"Trafficway, On Road",CT0009300,New Haven PD,11439,53:15.0,C,Closed,00:25.0,,2,10300,3,PRINCIPAL ARTERIAL - OTHER - NEW HPMS,2,Urban
1045990,1,Complete,1045990,1045990,41.3094652,-72.9270511,3540175,New Haven,93,93,New Haven,4/28/2023,2023,4,April,28,6,Friday,19:58:00,19,23017157,A,2,,Motor Vehicle In Motion,"Injury of any type (Serious, Minor, Possible)",B,Suspected Minor Injury (B),0,0,4,Local,0.38,726,ELM ST NO 2,ELM ST NO 2,COLLEGE ST,,,,,41.3094652,-72.9270511,14,Motor Vehicle in Operation,1,Front to rear,1,On Roadway,1,Clear,88,Not Applicable,4,Dark-Lighted,1,Dry,0,None,88,Not Applicable,88,Not Applicable,0,None,88,Not Applicable,88,Not Applicable,2,Intersection,2,Four-Way Intersection,1,No,1,No,88,Not Applicable,88,Not Applicable,88,Not Applicable,88,Not Applicable,FALSE,1,Public Road,1,"Trafficway, On Road",CT0009300,New Haven PD,286,16:03.0,C,Closed,00:45.0,,,,,,,
1045991,1,Complete,1045991,1045991,41.30697,-72.90088,3540176,New Haven,93,93,New Haven,4/29/2023,2023,4,April,29,7,Saturday,0:02:00,0,23017183,A,2,,Motor Vehicle In Motion,"Injury of any type (Serious, Minor, Possible)",B,Suspected Minor Injury (B),0,0,4,Local,0.23,377,LLOYD ST,LLOYD ST,EXCHANGE ST,,,,,41.30697,-72.90088,14,Motor Vehicle in Operation,1,Front to rear,1,On Roadway,4,Rain,88,Not Applicable,4,Dark-Lighted,2,Wet,0,None,88,Not Applicable,88,Not Applicable,0,None,88,Not Applicable,88,Not Applicable,2,Intersection,2,Four-Way Intersection,1,No,1,No,88,Not Applicable,88,Not Applicable,88,Not Applicable,88,Not Applicable,TRUE,1,Public Road,1,"Trafficway, On Road",CT0009300,New Haven PD,44056,00:24.0,C,Closed,00:27.0,,,,,,,
1045992,1,Complete,1045992,1045992,41.30409341,-72.89761067,3540177,New Haven,93,93,New Haven,4/29/2023,2023,4,April,29,7,Saturday,0:38:00,0,23017198,A,4,,Motor Vehicle In Motion,"Injury of any type (Serious, Minor, Possible)",C,Possible Injury (C),0,1,4,Local,0.27,97,CHAPEL ST,CHAPEL ST,,Poplar St,344,Feet,W,41.30409341,-72.89761067,14,Motor Vehicle in Operation,97,Other,1,On Roadway,4,Rain,88,Not Applicable,4,Dark-Lighted,2,Wet,0,None,88,Not Applicable,88,Not Applicable,0,None,88,Not Applicable,88,Not Applicable,1,Non-Junction,1,Not at Intersection,1,No,1,No,88,Not Applicable,88,Not Applicable,88,Not Applicable,88,Not Applicable,FALSE,1,Public Road,1,"Trafficway, On Road",CT0009300,New Haven PD,43776,42:31.0,O,Open,00:26.0,,,,,,,
1045994,1,Complete,1045994,1045994,41.318995,-72.94909,3540179,New Haven,93,93,New Haven,5/2/2023,2023,5,May,2,3,Tuesday,12:40:00,12,23017577,A,2,,Motor Vehicle In Motion,"Injury of any type (Serious, Minor, Possible)",C,Possible Injury (C),0,0,3,State,2.86,10,10-N,10-N,ELLA T GRASSO BLVD NO 2,,,,,41.318995,-72.94909,14,Motor Vehicle in Operation,3,Angle,1,On Roadway,1,Clear,88,Not Applicable,1,Daylight,1,Dry,0,None,88,Not Applicable,88,Not Applicable,0,None,88,Not Applicable,88,Not Applicable,2,Intersection,2,Four-Way Intersection,1,No,1,No,88,Not Applicable,88,Not Applicable,88,Not Applicable,88,Not Applicable,TRUE,1,Public Road,1,"Trafficway, On Road",CT0009300,New Haven PD,731,28:18.0,C,Closed,00:36.0,,1,10200,3,PRINCIPAL ARTERIAL - OTHER - NEW HPMS,1,Rural
1045998,1,Complete,1045998,1045998,41.305345,-72.926295,3540183,New Haven,93,93,New Haven,5/3/2023,2023,5,May,3,4,Wednesday,15:30:00,15,23017730,A,2,,Motor Vehicle In Motion,"Injury of any type (Serious, Minor, Possible)",C,Possible Injury (C),0,0,4,Local,0.12,103,CHURCH ST,CHURCH ST,CENTER ST,,,,,41.305345,-72.926295,14,Motor Vehicle in Operation,1,Front to rear,1,On Roadway,1,Clear,88,Not Applicable,1,Daylight,1,Dry,97,Other,88,Not Applicable,88,Not Applicable,97,Other,88,Not Applicable,88,Not Applicable,2,Intersection,3,T-Intersection,1,No,1,No,88,Not Applicable,88,Not Applicable,88,Not Applicable,88,Not Applicable,FALSE,1,Public Road,1,"Trafficway, On Road",CT0009300,New Haven PD,240,12:07.0,O,Open,00:53.0,,,,,,,
1046007,1,Complete,1046007,1046007,41.316639,-72.942383,3540192,New Haven,93,93,New Haven,5/4/2023,2023,5,May,4,5,Thursday,20:49:00,20,23017974,A,2,,Motor Vehicle In Motion,"Injury of any type (Serious, Minor, Possible)",C,Possible Injury (C),0,1,4,Local,0.38,653,WHALLEY AV,WHALLEY AV,SHERMAN AV,,,,,41.316639,-72.942383,14,Motor Vehicle in Operation,1,Front to rear,1,On Roadway,4,Rain,88,Not Applicable,5,Dark-Not Lighted,2,Wet,97,Other,88,Not Applicable,88,Not Applicable,0,None,88,Not Applicable,88,Not Applicable,3,Intersection-Related,2,Four-Way Intersection,1,No,1,No,88,Not Applicable,88,Not Applicable,88,Not Applicable,88,Not Applicable,FALSE,1,Public Road,1,"Trafficway, On Road",CT0009300,New Haven PD,44062,18:19.0,C,Closed,00:28.0,,,,,,,
1046010,1,Complete,1046010,1046010,41.319083,-72.949185,3540195,New Haven,93,93,New Haven,5/5/2023,2023,5,May,5,6,Friday,7:12:00,7,23018003,A,2,,Motor Vehicle In Motion,"Injury of any type (Serious, Minor, Possible)",C,Possible Injury (C),0,0,3,State,2.86,10,10-N,10-N,ELLA T GRASSO BLVD NO 2,,,,,41.319083,-72.949185,14,Motor Vehicle in Operation,3,Angle,1,On Roadway,1,Clear,88,Not Applicable,1,Daylight,1,Dry,0,None,88,Not Applicable,88,Not Applicable,0,None,88,Not Applicable,88,Not Applicable,2,Intersection,2,Four-Way Intersection,1,No,1,No,88,Not Applicable,88,Not Applicable,88,Not Applicable,88,Not Applicable,TRUE,1,Public Road,1,"Trafficway, On Road",CT0009300,New Haven PD,324,59:39.0,C,Closed,00:34.0,,1,10200,3,PRINCIPAL ARTERIAL - OTHER - NEW HPMS,1,Rural
1046017,1,Complete,1046017,1046017,41.30351,-72.92958,3540202,New Haven,93,93,New Haven,5/5/2023,2023,5,May,5,6,Friday,15:15:00,15,23018045,A,2,,Motor Vehicle In Motion,"Injury of any type (Serious, Minor, Possible)",C,Possible Injury (C),0,0,4,Local,0.82,588,TEMPLE ST,TEMPLE ST,,TEMPLE ST,100,Feet,W,41.30351,-72.92958,14,Motor Vehicle in Operation,1,Front to rear,1,On Roadway,1,Clear,88,Not Applicable,1,Daylight,1,Dry,0,None,88,Not Applicable,88,Not Applicable,0,None,88,Not Applicable,88,Not Applicable,1,Non-Junction,1,Not at Intersection,1,No,1,No,88,Not Applicable,88,Not Applicable,88,Not Applicable,88,Not Applicable,FALSE,1,Public Road,1,"Trafficway, On Road",CT0009300,New Haven PD,158,09:53.0,C,Closed,00:33.0,,,,,,,
1046021,1,Complete,1046021,1046021,41.34314,-72.96204,3540206,New Haven,93,93,New Haven,5/5/2023,2023,5,May,5,6,Friday,18:41:00,18,23018083,A,2,,Motor Vehicle In Motion,"Injury of any type (Serious, Minor, Possible)",C,Possible Injury (C),0,0,4,Local,1,671,WINTERGREEN AV,WINTERGREEN AV,BROOKSIDE AV,,,,,41.34314,-72.96204,14,Motor Vehicle in Operation,3,Angle,1,On Roadway,1,Clear,88,Not Applicable,1,Daylight,1,Dry,0,None,88,Not Applicable,88,Not Applicable,0,None,88,Not Applicable,88,Not Applicable,2,Intersection,2,Four-Way Intersection,1,No,1,No,88,Not Applicable,88,Not Applicable,88,Not Applicable,88,Not Applicable,TRUE,1,Public Road,1,"Trafficway, On Road",CT0009300,New Haven PD,170,32:57.0,C,Closed,00:33.0,,,,,,,
1046022,1,Complete,1046022,1046022,41.3049,-72.925132,3540207,New Haven,93,93,New Haven,5/5/2023,2023,5,May,5,6,Friday,22:48:00,22,23018117,A,1,,Pedestrian,"Injury of any type (Serious, Minor, Possible)",A,Suspected Serious Injury (A),1,0,4,Local,0.02,92,CENTER ST,CENTER ST,,ORANGE ST,100,Feet,W,41.3049,-72.925132,9,Pedestrian,88,Not Applicable,1,On Roadway,1,Clear,88,Not Applicable,4,Dark-Lighted,1,Dry,0,None,88,Not Applicable,88,Not Applicable,0,None,88,Not Applicable,88,Not Applicable,1,Non-Junction,1,Not at Intersection,1,No,1,No,88,Not Applicable,88,Not Applicable,88,Not Applicable,88,Not Applicable,TRUE,1,Public Road,1,"Trafficway, On Road",CT0009300,New Haven PD,170,46:43.0,C,Closed,00:39.0,,2,4678,7,LOCAL - NEW HPMS,2,Urban
1046026,1,Complete,1046026,1046026,41.309471,-72.889815,3540211,New Haven,93,93,New Haven,5/6/2023,2023,5,May,6,7,Saturday,2:40:00,2,23018152,A,3,,Motor Vehicle In Motion,"Injury of any type (Serious, Minor, Possible)",B,Suspected Minor Injury (B),0,0,4,Local,0.21,264,GRAND AV,GRAND AV,PERKINS ST,,,TenthsofMile,W,41.309471,-72.889815,14,Motor Vehicle in Operation,1,Front to rear,1,On Roadway,1,Clear,88,Not Applicable,4,Dark-Lighted,1,Dry,0,None,88,Not Applicable,88,Not Applicable,0,None,88,Not Applicable,88,Not Applicable,2,Intersection,3,T-Intersection,1,No,1,No,88,Not Applicable,88,Not Applicable,88,Not Applicable,88,Not Applicable,FALSE,1,Public Road,1,"Trafficway, On Road",CT0009300,New Haven PD,44053,54:14.0,C,Closed,00:51.0,,,,,,,
1046037,1,Complete,1046037,1046037,41.301492,-72.927032,3540222,New Haven,93,93,New Haven,5/6/2023,2023,5,May,6,7,Saturday,17:11:00,17,23018228,A,3,,Motor Vehicle In Motion,"Injury of any type (Serious, Minor, Possible)",C,Possible Injury (C),0,1,3,State,0,34,34-E-8A,34-E-8A,SOUTH ORANGE ST,,,,,41.301492,-72.927032,14,Motor Vehicle in Operation,1,Front to rear,1,On Roadway,1,Clear,88,Not Applicable,1,Daylight,1,Dry,0,None,88,Not Applicable,88,Not Applicable,0,None,88,Not Applicable,88,Not Applicable,3,Intersection-Related,2,Four-Way Intersection,1,No,1,No,88,Not Applicable,88,Not Applicable,88,Not Applicable,88,Not Applicable,FALSE,1,Public Road,1,"Trafficway, On Road",CT0009300,New Haven PD,44062,10:22.0,C,Closed,00:56.0,,,4500,2,PRIN ART-OTHER FREEWAYS & EXPRESSWAYS - NEW HPMS,2,Urban
1046038,1,Complete,1046038,1046038,41.3295249,-72.9351788,3540223,New Haven,93,93,New Haven,5/6/2023,2023,5,May,6,7,Saturday,17:30:00,17,23018229,A,2,,Motor Vehicle In Motion,"Injury of any type (Serious, Minor, Possible)",B,Suspected Minor Injury (B),0,0,4,Local,1.18,152,DIXWELL AV,DIXWELL AV,HAZEL ST,,,,,41.3295249,-72.9351788,14,Motor Vehicle in Operation,3,Angle,1,On Roadway,1,Clear,88,Not Applicable,1,Daylight,1,Dry,0,None,88,Not Applicable,88,Not Applicable,0,None,88,Not Applicable,88,Not Applicable,2,Intersection,3,T-Intersection,1,No,1,No,88,Not Applicable,88,Not Applicable,88,Not Applicable,88,Not Applicable,FALSE,1,Public Road,1,"Trafficway, On Road",CT0009300,New Haven PD,40953,23:13.0,O,Open,00:55.0,,,,,,,
1046040,1,Complete,1046040,1046040,41.301492,-72.927032,3540225,New Haven,93,93,New Haven,5/6/2023,2023,5,May,6,7,Saturday,17:30:00,17,23018250,A,3,,Motor Vehicle In Motion,"Injury of any type (Serious, Minor, Possible)",C,Possible Injury (C),0,0,3,State,0,34,34-E-8A,34-E-8A,SOUTH ORANGE ST,,,,N,41.301492,-72.927032,14,Motor Vehicle in Operation,1,Front to rear,1,On Roadway,1,Clear,88,Not Applicable,1,Daylight,1,Dry,0,None,88,Not Applicable,88,Not Applicable,0,None,88,Not Applicable,88,Not Applicable,1,Non-Junction,1,Not at Intersection,1,No,1,No,88,Not Applicable,88,Not Applicable,88,Not Applicable,88,Not Applicable,FALSE,1,Public Road,1,"Trafficway, On Road",CT0009300,New Haven PD,40953,19:07.0,O,Open,00:55.0,,,4500,2,PRIN ART-OTHER FREEWAYS & EXPRESSWAYS - NEW HPMS,2,Urban
1046045,1,Complete,1046045,1046045,41.30882,-72.89812,3540230,New Haven,93,93,New Haven,5/7/2023,2023,5,May,7,1,Sunday,14:45:00,14,23018329,A,2,,Motor Vehicle In Motion,"Injury of any type (Serious, Minor, Possible)",C,Possible Injury (C),0,1,4,Local,0.64,264,GRAND AV,GRAND AV,FILLMORE ST,,,,,41.30882,-72.89812,14,Motor Vehicle in Operation,3,Angle,1,On Roadway,1,Clear,1,Clear,1,Daylight,1,Dry,0,None,88,Not Applicable,88,Not Applicable,0,None,88,Not Applicable,88,Not Applicable,2,Intersection,3,T-Intersection,1,No,1,No,88,Not Applicable,88,Not Applicable,88,Not Applicable,88,Not Applicable,FALSE,1,Public Road,1,"Trafficway, On Road",CT0009300,New Haven PD,44060,13:53.0,C,Closed,00:56.0,,,,,,,
1046046,1,Complete,1046046,1046046,41.295188,-72.918813,3540231,New Haven,93,93,New Haven,5/7/2023,2023,5,May,7,1,Sunday,18:14:00,18,23018354,A,1,,Other Non-Collision,"Injury of any type (Serious, Minor, Possible)",A,Suspected Serious Injury (A),0,1,4,Local,0.89,359,SARGENT DR,SARGENT DR,,BREWERY ST,3,TenthsofMile,S,41.295188,-72.918813,8,Other Non-Collision,88,Not Applicable,1,On Roadway,1,Clear,88,Not Applicable,1,Daylight,1,Dry,99,Unknown,88,Not Applicable,88,Not Applicable,99,Unknown,88,Not Applicable,88,Not Applicable,1,Non-Junction,1,Not at Intersection,1,No,1,No,88,Not Applicable,88,Not Applicable,88,Not Applicable,88,Not Applicable,TRUE,1,Public Road,1,"Trafficway, On Road",CT0009300,New Haven PD,40947,00:17.0,C,Closed,00:59.0,,4,11300,3,PRINCIPAL ARTERIAL - OTHER - NEW HPMS,2,Urban
1046048,1,Complete,1046048,1046048,41.314724,-72.939591,3540233,New Haven,93,93,New Haven,5/7/2023,2023,5,May,7,1,Sunday,22:23:00,22,23018362,A,2,,Motor Vehicle In Motion,"Injury of any type (Serious, Minor, Possible)",C,Possible Injury (C),0,0,4,Local,0.95,453,ORCHARD ST,ORCHARD ST,,WHALLEY AVE,200,Feet,S,41.314724,-72.939591,14,Motor Vehicle in Operation,1,Front to rear,1,On Roadway,1,Clear,88,Not Applicable,4,Dark-Lighted,1,Dry,0,None,88,Not Applicable,88,Not Applicable,0,None,88,Not Applicable,88,Not Applicable,1,Non-Junction,1,Not at Intersection,1,No,1,No,88,Not Applicable,88,Not Applicable,88,Not Applicable,88,Not Applicable,FALSE,1,Public Road,1,"Trafficway, On Road",CT0009300,New Haven PD,44055,00:09.0,C,Closed,00:59.0,,,,,,,
1046050,1,Complete,1046050,1046050,41.330968,-72.97707,3540235,New Haven,93,93,New Haven,5/7/2023,2023,5,May,7,1,Sunday,21:36:00,21,23018373,A,1,,Ran Off Roadway Right,"Injury of any type (Serious, Minor, Possible)",B,Suspected Minor Injury (B),0,1,4,Local,0.18,501,RAMSDELL ST,RAMSDELL ST,,FAIRFIELD ST,200,Feet,N,41.330968,-72.97707,25,Curb,88,Not Applicable,4,Roadside,2,Cloudy,88,Not Applicable,4,Dark-Lighted,1,Dry,0,None,88,Not Applicable,88,Not Applicable,0,None,88,Not Applicable,88,Not Applicable,1,Non-Junction,1,Not at Intersection,1,No,1,No,88,Not Applicable,88,Not Applicable,88,Not Applicable,88,Not Applicable,TRUE,1,Public Road,1,"Trafficway, On Road",CT0009300,New Haven PD,170,32:56.0,C,Closed,00:58.0,,2,4300,5,MAJOR COLLECTOR - NEW HPMS,2,Urban
1046626,1,Complete,1046626,1046626,41.307307,-72.899106,3540811,New Haven,93,93,New Haven,5/8/2023,2023,5,May,8,2,Monday,8:21:00,8,23018394,A,2,,Motor Vehicle In Motion,"Injury of any type (Serious, Minor, Possible)",C,Possible Injury (C),0,0,4,Local,0.29,57,BLATCHLEY AV,BLATCHLEY AV,,EXCHANGE ST,50,Feet,N,41.307307,-72.899106,14,Motor Vehicle in Operation,3,Angle,1,On Roadway,1,Clear,88,Not Applicable,1,Daylight,1,Dry,0,None,88,Not Applicable,88,Not Applicable,0,None,88,Not Applicable,88,Not Applicable,3,Intersection-Related,2,Four-Way Intersection,1,No,1,No,88,Not Applicable,88,Not Applicable,88,Not Applicable,88,Not Applicable,TRUE,1,Public Road,1,"Trafficway, On Road",CT0009300,New Haven PD,86,55:37.0,C,Closed,01:33.0,,,,,,,
1046628,1,Complete,1046628,1046628,41.308244,-72.92419,3540813,New Haven,93,93,New Haven,5/8/2023,2023,5,May,8,2,Monday,14:24:00,14,23018474,A,2,,Motor Vehicle In Motion,"Injury of any type (Serious, Minor, Possible)",C,Possible Injury (C),0,0,4,Local,0.34,103,CHURCH ST,CHURCH ST,ELM ST NO 2,,,,,41.308244,-72.92419,14,Motor Vehicle in Operation,3,Angle,1,On Roadway,1,Clear,88,Not Applicable,1,Daylight,1,Dry,0,None,88,Not Applicable,88,Not Applicable,0,None,88,Not Applicable,88,Not Applicable,2,Intersection,2,Four-Way Intersection,1,No,1,No,88,Not Applicable,88,Not Applicable,88,Not Applicable,88,Not Applicable,TRUE,1,Public Road,1,"Trafficway, On Road",CT0009300,New Haven PD,30,23:00.0,C,Closed,01:36.0,NONE,,,,,,
1046629,1,Complete,1046629,1046629,41.319328,-72.875026,3540814,New Haven,93,93,New Haven,5/8/2023,2023,5,May,8,2,Monday,17:21:00,17,23018528,A,2,,Motor Vehicle In Motion,"Injury of any type (Serious, Minor, Possible)",C,Possible Injury (C),0,0,4,Local,2.11,498,QUINNIPIAC AV,QUINNIPIAC AV,,FOXON BLVD,100,Feet,S,41.319328,-72.875026,14,Motor Vehicle in Operation,5,"Sideswipe, opposite direction",1,On Roadway,1,Clear,88,Not Applicable,1,Daylight,1,Dry,0,None,88,Not Applicable,88,Not Applicable,0,None,88,Not Applicable,88,Not Applicable,1,Non-Junction,1,Not at Intersection,1,No,1,No,88,Not Applicable,88,Not Applicable,88,Not Applicable,88,Not Applicable,TRUE,1,Public Road,1,"Trafficway, On Road",CT0009300,New Haven PD,44176,52:25.0,C,Closed,01:36.0,,,,,,,
1046971,1,Complete,1046971,1046971,41.306597,-72.952922,3541156,New Haven,93,93,New Haven,4/16/2023,2023,4,April,16,1,Sunday,22:49:00,22,23015189,A,3,,Motor Vehicle In Motion,"Injury of any type (Serious, Minor, Possible)",C,Possible Injury (C),0,0,3,State,2.14,10,10-N,10-N,NORTH FRONTAGE RD,,,,,41.306597,-72.952922,14,Motor Vehicle in Operation,1,Front to rear,1,On Roadway,4,Rain,88,Not Applicable,4,Dark-Lighted,2,Wet,0,None,88,Not Applicable,88,Not Applicable,0,None,88,Not Applicable,88,Not Applicable,2,Intersection,3,T-Intersection,1,No,1,No,88,Not Applicable,88,Not Applicable,88,Not Applicable,88,Not Applicable,TRUE,1,Public Road,1,"Trafficway, On Road",CT0009300,New Haven PD,39,57:48.0,C,Closed,01:09.0,23015189,2,33300,3,PRINCIPAL ARTERIAL - OTHER - NEW HPMS,2,Urban
1047295,1,Complete,1047295,1047295,41.297834,-72.934267,3541480,New Haven,93,93,New Haven,5/8/2023,2023,5,May,8,2,Monday,20:39:00,20,23018564,A,1,,Motor Vehicle In Motion,"Injury of any type (Serious, Minor, Possible)",B,Suspected Minor Injury (B),2,0,2,USRoute,47.4,1,1-N,Howard Ave,Columbus Ave,,,,,41.297834,-72.934267,14,Motor Vehicle in Operation,3,Angle,1,On Roadway,1,Clear,88,Not Applicable,99,Unknown,1,Dry,0,None,88,Not Applicable,88,Not Applicable,0,None,88,Not Applicable,88,Not Applicable,3,Intersection-Related,2,Four-Way Intersection,1,No,1,No,88,Not Applicable,88,Not Applicable,88,Not Applicable,88,Not Applicable,TRUE,1,Public Road,1,"Trafficway, On Road",CT0009300,New Haven PD,44049,21:30.0,C,Closed,02:04.0,,1,8400,3,PRINCIPAL ARTERIAL - OTHER - NEW HPMS,1,Rural