CrashId,Fatal Case Status,Fatal Case Status Text Format,CrashId,CrashId,Latitude,Longitude,DOT Case Number,Town Name,Town Number,Town Number,Town Number Text Format,Date Of Crash,Year,Month,Month Text Format,Day,Day of the Week,Day of the Week Text Format,Time of Crash,Hour of the Day,Case Identifier,Crash Severity,Number Of Motor Vehicles,Motor vehicle action,Most harmful event,Crash Severity Text Format,Most Severe Injury,Most Severe Injury Text Format,Number Of Non-Motorist,Number Of Witnesses,Route Class,Route Class Text Format,Milemarker,Road Number,Road Description,Roadway Name,Intersecting Roadway Name,Landmark Description,Distance From Nearest Landmark,Unit Of Measure From Nearest Landmark,Direction From Nearest Landmark,Latitude,Longitude,First Harmful Event,First Harmful Event Text Format,Manner of Crash / Collision Impact,Manner of Crash / Collision Impact Text Format,Location of First Harmful Event,Location of First Harmful Event Text Format,Weather Condition,Weather Condition Text Format,Weather 2,Weather 2 Text Format,Light Condition,Light Condition Text Format,Road Surface Condition,Road Surface Condition Text Format,"Contributing Circumstances, Environment","Contributing Circumstances, Environment Text Format",Environment 2,Environment 2 Text Format,Environment 3,Environment 3 Text Format,"Contributing Circumstances, Road","Contributing Circumstances, Road Text Format",Road 2,Road 2 Text Format,Road 3,Road 3 Text Format,Crash Specific Location,Crash Specific Location Text Format,Type of Intersection,Type of Intersection Text Format,School Bus Related,School Bus Related Text Format,Work Zone Related,Work Zone Related Text Format,Location Of Crash Relative To Work Zone,Location Of Crash Relative To Work Zone Text Format,Type of Work Zone,Type of Work Zone Text Format,Worker Presence,Worker Presence Text Format,Law Enforcement Presence,Law Enforcement Presence Text Format,Were Vehicles Moved Prior To Police Arrival,Trafficway Ownership,Trafficway Ownership Text Format,Trafficway Class,Trafficway Class Text Format,Police Agency,Police Agency Text Format,Badge Number,Approval Date,Police Case Status,Police Case Status Text Format,Crash Report Submission Date,Related Case Identifiers,No. of Through Lanes (Log Dir.),Average Daily Traffic,Functional Classification,Functional Classification Text Format,Rural or Urban,Rural or Urban Text Format
1049579,1,Complete,1049579,1049579,41.32284,-72.87894,3543764,New Haven,93,93,New Haven,5/18/2023,2023,5,May,18,5,Thursday,14:30:00,14,23020069,A,2,,Motor Vehicle In Motion,"Injury of any type (Serious, Minor, Possible)",B,Suspected Minor Injury (B),0,0,3,State,0.15,80,80-E,80-E,,MIDDLETOWN AVE,200,Feet,E,41.32284,-72.87894,14,Motor Vehicle in Operation,3,Angle,1,On Roadway,1,Clear,88,Not Applicable,1,Daylight,1,Dry,0,None,88,Not Applicable,88,Not Applicable,0,None,88,Not Applicable,88,Not Applicable,1,Non-Junction,1,Not at Intersection,1,No,1,No,88,Not Applicable,88,Not Applicable,88,Not Applicable,88,Not Applicable,FALSE,1,Public Road,1,"Trafficway, On Road",CT0009300,New Haven PD,42367,52:38.0,C,Closed,00:32.0,,2,32300,3,PRINCIPAL ARTERIAL - OTHER - NEW HPMS,2,Urban
1050023,1,Complete,1050023,1050023,41.30953,-72.92723,3544208,New Haven,93,93,New Haven,5/13/2023,2023,5,May,13,7,Saturday,19:46:00,19,23019363,A,2,,Motor Vehicle In Motion,"Injury of any type (Serious, Minor, Possible)",C,Possible Injury (C),0,0,4,Local,0.38,726,ELM ST NO 2,ELM ST NO 2,COLLEGE ST,,,,W,41.30953,-72.92723,14,Motor Vehicle in Operation,4,"Sideswipe, same direction",1,On Roadway,1,Clear,88,Not Applicable,4,Dark-Lighted,1,Dry,0,None,88,Not Applicable,88,Not Applicable,0,None,88,Not Applicable,88,Not Applicable,3,Intersection-Related,2,Four-Way Intersection,1,No,1,No,88,Not Applicable,88,Not Applicable,88,Not Applicable,88,Not Applicable,FALSE,1,Public Road,1,"Trafficway, On Road",CT0009300,New Haven PD,44049,23:43.0,C,Closed,01:41.0,,,,,,,
1050028,1,Complete,1050028,1050028,41.317383,-72.944534,3544213,New Haven,93,93,New Haven,5/17/2023,2023,5,May,17,4,Wednesday,12:11:00,12,23019909,A,2,,Motor Vehicle In Motion,"Injury of any type (Serious, Minor, Possible)",C,Possible Injury (C),0,1,4,Local,0.26,653,WHALLEY AV,WHALLEY AV,WINTHROP AV NO 2,,,,,41.317383,-72.944534,14,Motor Vehicle in Operation,3,Angle,1,On Roadway,1,Clear,88,Not Applicable,1,Daylight,1,Dry,0,None,88,Not Applicable,88,Not Applicable,0,None,88,Not Applicable,88,Not Applicable,2,Intersection,2,Four-Way Intersection,1,No,1,No,88,Not Applicable,88,Not Applicable,88,Not Applicable,88,Not Applicable,FALSE,1,Public Road,1,"Trafficway, On Road",CT0009300,New Haven PD,91,47:01.0,C,Closed,01:34.0,,,,,,,
1050031,1,Complete,1050031,1050031,41.33288228,-72.94926408,3544216,New Haven,93,93,New Haven,5/18/2023,2023,5,May,18,5,Thursday,14:58:00,14,23020072,A,3,,Motor Vehicle In Motion,"Injury of any type (Serious, Minor, Possible)",C,Possible Injury (C),0,0,3,State,4.13,10,10-S,10-S,WINTERGREEN AV,,,,,41.33288228,-72.94926408,14,Motor Vehicle in Operation,3,Angle,1,On Roadway,1,Clear,88,Not Applicable,1,Daylight,1,Dry,0,None,88,Not Applicable,88,Not Applicable,0,None,88,Not Applicable,88,Not Applicable,2,Intersection,3,T-Intersection,1,No,1,No,88,Not Applicable,88,Not Applicable,88,Not Applicable,88,Not Applicable,FALSE,1,Public Road,1,"Trafficway, On Road",CT0009300,New Haven PD,66,03:21.0,C,Closed,01:24.0,,1,13200,4,MINOR ARTERIAL - NEW HPMS,1,Rural
1050034,1,Complete,1050034,1050034,41.32325,-72.94483,3544219,New Haven,93,93,New Haven,5/18/2023,2023,5,May,18,5,Thursday,18:36:00,18,23020126,A,2,,Motor Vehicle In Motion,"Injury of any type (Serious, Minor, Possible)",B,Suspected Minor Injury (B),0,0,4,Local,0.24,420,MORELAND RD,MORELAND RD,ELLSWORTH AV,,,,,41.32325,-72.94483,14,Motor Vehicle in Operation,1,Front to rear,1,On Roadway,1,Clear,88,Not Applicable,1,Daylight,1,Dry,0,None,88,Not Applicable,88,Not Applicable,0,None,88,Not Applicable,88,Not Applicable,3,Intersection-Related,2,Four-Way Intersection,1,No,1,No,88,Not Applicable,88,Not Applicable,88,Not Applicable,88,Not Applicable,FALSE,1,Public Road,1,"Trafficway, On Road",CT0009300,New Haven PD,44062,30:48.0,C,Closed,01:42.0,,,,,,,
1050039,1,Complete,1050039,1050039,41.30846,-72.90319,3544224,New Haven,93,93,New Haven,5/19/2023,2023,5,May,19,6,Friday,16:25:00,16,23020232,A,2,,Motor Vehicle In Motion,"Injury of any type (Serious, Minor, Possible)",B,Suspected Minor Injury (B),0,0,4,Local,0.92,264,GRAND AV,GRAND AV,JAMES ST,,,,,41.30846,-72.90319,14,Motor Vehicle in Operation,2,Front to front,1,On Roadway,1,Clear,88,Not Applicable,1,Daylight,1,Dry,0,None,88,Not Applicable,88,Not Applicable,0,None,88,Not Applicable,88,Not Applicable,2,Intersection,2,Four-Way Intersection,1,No,1,No,88,Not Applicable,88,Not Applicable,88,Not Applicable,88,Not Applicable,FALSE,1,Public Road,1,"Trafficway, On Road",CT0009300,New Haven PD,42057,27:15.0,C,Closed,01:28.0,,,,,,,
1050040,1,Complete,1050040,1050040,41.327564,-72.953018,3544225,New Haven,93,93,New Haven,5/19/2023,2023,5,May,19,6,Friday,17:22:00,17,23020241,A,2,,Motor Vehicle In Motion,"Injury of any type (Serious, Minor, Possible)",C,Possible Injury (C),0,0,3,State,3.88,10,10-N,10-N,,Blake St ,55,Feet,E,41.327564,-72.953018,14,Motor Vehicle in Operation,1,Front to rear,1,On Roadway,1,Clear,88,Not Applicable,1,Daylight,1,Dry,0,None,88,Not Applicable,88,Not Applicable,0,None,88,Not Applicable,88,Not Applicable,9,Driveway Access-Related,1,Not at Intersection,1,No,1,No,88,Not Applicable,88,Not Applicable,88,Not Applicable,88,Not Applicable,TRUE,1,Public Road,1,"Trafficway, On Road",CT0009300,New Haven PD,44175,33:28.0,C,Closed,01:31.0,,1,13200,4,MINOR ARTERIAL - NEW HPMS,1,Rural
1050041,1,Complete,1050041,1050041,41.297475,-72.948909,3544226,New Haven,93,93,New Haven,5/19/2023,2023,5,May,19,6,Friday,17:57:00,17,23020246,A,3,,Motor Vehicle In Motion,"Injury of any type (Serious, Minor, Possible)",C,Possible Injury (C),0,1,2,USRoute,46.64,1,1-N,1-N,10-N,,,,,41.297475,-72.948909,14,Motor Vehicle in Operation,3,Angle,1,On Roadway,1,Clear,88,Not Applicable,1,Daylight,1,Dry,0,None,88,Not Applicable,88,Not Applicable,0,None,88,Not Applicable,88,Not Applicable,3,Intersection-Related,2,Four-Way Intersection,1,No,1,No,88,Not Applicable,88,Not Applicable,88,Not Applicable,88,Not Applicable,TRUE,1,Public Road,1,"Trafficway, On Road",CT0009300,New Haven PD,40814,50:12.0,O,Open,01:30.0,,2,20700,3,PRINCIPAL ARTERIAL - OTHER - NEW HPMS,2,Urban
1050042,1,Complete,1050042,1050042,41.3177987,-72.9197263,3544227,New Haven,93,93,New Haven,5/19/2023,2023,5,May,19,6,Friday,18:03:00,18,23020249,A,1,,Pedalcycle/Pedalcyclist,"Injury of any type (Serious, Minor, Possible)",B,Suspected Minor Injury (B),1,0,4,Local,0.52,656,WHITNEY AV,WHITNEY AV,HUMPHREY ST,,,,,41.3177987,-72.9197263,10,Pedalcycle/Pedalcyclist,1,Front to rear,1,On Roadway,1,Clear,88,Not Applicable,1,Daylight,1,Dry,0,None,88,Not Applicable,88,Not Applicable,0,None,88,Not Applicable,88,Not Applicable,2,Intersection,2,Four-Way Intersection,1,No,1,No,88,Not Applicable,88,Not Applicable,88,Not Applicable,88,Not Applicable,TRUE,1,Public Road,1,"Trafficway, On Road",CT0009300,New Haven PD,40953,36:36.0,O,Open,01:30.0,,,,,,,
1050045,1,Complete,1050045,1050045,41.32217,-72.953399,3544230,New Haven,93,93,New Haven,5/19/2023,2023,5,May,19,6,Friday,21:04:00,21,23020270,A,1,,Pedestrian,"Injury of any type (Serious, Minor, Possible)",B,Suspected Minor Injury (B),4,0,3,State,3.17,10,10-N,10-N,OSBORN AV,,,,,41.32217,-72.953399,9,Pedestrian,88,Not Applicable,1,On Roadway,1,Clear,88,Not Applicable,4,Dark-Lighted,1,Dry,0,None,88,Not Applicable,88,Not Applicable,0,None,88,Not Applicable,88,Not Applicable,2,Intersection,3,T-Intersection,1,No,1,No,88,Not Applicable,88,Not Applicable,88,Not Applicable,88,Not Applicable,FALSE,1,Public Road,1,"Trafficway, On Road",CT0009300,New Haven PD,9,25:05.0,O,Open,01:35.0,,4,18000,3,PRINCIPAL ARTERIAL - OTHER - NEW HPMS,2,Urban
1050047,1,Complete,1050047,1050047,41.307213,-72.932526,3544232,New Haven,93,93,New Haven,5/19/2023,2023,5,May,19,6,Friday,23:30:00,23,23020280,A,2,,Motor Vehicle In Motion,"Injury of any type (Serious, Minor, Possible)",B,Suspected Minor Injury (B),0,2,4,Local,0.35,766,YORK ST,YORK ST,CROWN ST,,,,,41.307213,-72.932526,14,Motor Vehicle in Operation,5,"Sideswipe, opposite direction",1,On Roadway,1,Clear,88,Not Applicable,4,Dark-Lighted,1,Dry,0,None,88,Not Applicable,88,Not Applicable,0,None,88,Not Applicable,88,Not Applicable,2,Intersection,2,Four-Way Intersection,1,No,1,No,88,Not Applicable,88,Not Applicable,88,Not Applicable,88,Not Applicable,TRUE,1,Public Road,1,"Trafficway, On Road",CT0009300,New Haven PD,44948,59:32.0,O,Open,01:33.0,23-020280,,,,,,
1050051,1,Complete,1050051,1050051,41.32823,-72.92884,3544236,New Haven,93,93,New Haven,5/20/2023,2023,5,May,20,7,Saturday,7:36:00,7,23020311,A,2,,Motor Vehicle In Motion,"Injury of any type (Serious, Minor, Possible)",C,Possible Injury (C),0,0,4,Local,0.1,720,HAZEL ST,HAZEL ST,NEWHALL ST,,,,,41.32823,-72.92884,14,Motor Vehicle in Operation,2,Front to front,1,On Roadway,1,Clear,88,Not Applicable,2,Dawn,1,Dry,0,None,88,Not Applicable,88,Not Applicable,0,None,88,Not Applicable,88,Not Applicable,3,Intersection-Related,2,Four-Way Intersection,1,No,1,No,88,Not Applicable,88,Not Applicable,88,Not Applicable,88,Not Applicable,FALSE,1,Public Road,1,"Trafficway, On Road",CT0009300,New Haven PD,44062,42:22.0,C,Closed,01:33.0,,,,,,,
1050059,1,Complete,1050059,1050059,41.319866,-72.913361,3544244,New Haven,93,93,New Haven,5/20/2023,2023,5,May,20,7,Saturday,15:39:00,15,23020350,A,2,,Motor Vehicle In Motion,"Injury of any type (Serious, Minor, Possible)",C,Possible Injury (C),0,0,4,Local,0.57,450,ORANGE ST NO 1,ORANGE ST NO 1,COTTAGE ST,,,,,41.319866,-72.913361,14,Motor Vehicle in Operation,3,Angle,1,On Roadway,4,Rain,88,Not Applicable,1,Daylight,2,Wet,0,None,88,Not Applicable,88,Not Applicable,0,None,88,Not Applicable,88,Not Applicable,2,Intersection,2,Four-Way Intersection,1,No,1,No,88,Not Applicable,88,Not Applicable,88,Not Applicable,88,Not Applicable,FALSE,1,Public Road,1,"Trafficway, On Road",CT0009300,New Haven PD,42052,25:58.0,C,Closed,01:38.0,,,,,,,
1050063,1,Complete,1050063,1050063,41.33053,-72.97755,3544248,New Haven,93,93,New Haven,5/20/2023,2023,5,May,20,7,Saturday,20:56:00,20,23020376,A,2,,Motor Vehicle In Motion,"Injury of any type (Serious, Minor, Possible)",A,Suspected Serious Injury (A),0,0,4,Local,0.14,501,RAMSDELL ST,RAMSDELL ST,FAIRFIELD ST NO 1,,,,,41.33053,-72.97755,14,Motor Vehicle in Operation,3,Angle,1,On Roadway,4,Rain,88,Not Applicable,4,Dark-Lighted,2,Wet,0,None,88,Not Applicable,88,Not Applicable,0,None,88,Not Applicable,88,Not Applicable,2,Intersection,2,Four-Way Intersection,1,No,1,No,88,Not Applicable,88,Not Applicable,88,Not Applicable,88,Not Applicable,FALSE,1,Public Road,1,"Trafficway, On Road",CT0009300,New Haven PD,170,32:45.0,C,Closed,01:36.0,,,,,,,
1050073,1,Complete,1050073,1050073,41.295767,-72.916654,3544258,New Haven,93,93,New Haven,5/21/2023,2023,5,May,21,1,Sunday,17:27:00,17,23020484,A,2,,Motor Vehicle In Motion,"Injury of any type (Serious, Minor, Possible)",A,Suspected Serious Injury (A),0,0,4,Local,0.81,513,LONG WHARF DR,LONG WHARF DR,CANAL DOCK RD,,,,,41.295767,-72.916654,14,Motor Vehicle in Operation,4,"Sideswipe, same direction",1,On Roadway,1,Clear,88,Not Applicable,1,Daylight,1,Dry,0,None,88,Not Applicable,88,Not Applicable,0,None,88,Not Applicable,88,Not Applicable,2,Intersection,2,Four-Way Intersection,1,No,1,No,88,Not Applicable,88,Not Applicable,88,Not Applicable,88,Not Applicable,FALSE,1,Public Road,1,"Trafficway, On Road",CT0009300,New Haven PD,44052,14:31.0,C,Closed,01:52.0,,,,,,,
1050074,1,Complete,1050074,1050074,41.30964,-72.93697,3544259,New Haven,93,93,New Haven,5/21/2023,2023,5,May,21,1,Sunday,19:09:00,19,23020489,A,3,,Motor Vehicle In Motion,"Injury of any type (Serious, Minor, Possible)",C,Possible Injury (C),0,1,4,Local,0.3,160,DWIGHT ST,DWIGHT ST,CHAPEL ST,,,,,41.30964,-72.93697,14,Motor Vehicle in Operation,3,Angle,1,On Roadway,1,Clear,88,Not Applicable,1,Daylight,1,Dry,0,None,88,Not Applicable,88,Not Applicable,0,None,88,Not Applicable,88,Not Applicable,2,Intersection,5,L-Intersection,1,No,1,No,88,Not Applicable,88,Not Applicable,88,Not Applicable,88,Not Applicable,FALSE,1,Public Road,1,"Trafficway, On Road",CT0009300,New Haven PD,11439,41:16.0,C,Closed,01:50.0,,,,,,,
1051715,1,Complete,1051715,1051715,41.332584,-72.937874,3544930,New Haven,93,93,New Haven,5/22/2023,2023,5,May,22,2,Monday,13:44:00,13,23020455,A,2,,Motor Vehicle In Motion,"Injury of any type (Serious, Minor, Possible)",C,Possible Injury (C),0,0,4,Local,0.95,557,SHERMAN PKWY,SHERMAN PKWY,BASSETT ST,,,,,41.332584,-72.937874,14,Motor Vehicle in Operation,3,Angle,1,On Roadway,1,Clear,88,Not Applicable,1,Daylight,1,Dry,0,None,88,Not Applicable,88,Not Applicable,0,None,88,Not Applicable,88,Not Applicable,2,Intersection,2,Four-Way Intersection,1,No,1,No,88,Not Applicable,88,Not Applicable,88,Not Applicable,88,Not Applicable,TRUE,1,Public Road,1,"Trafficway, On Road",CT0009300,New Haven PD,45132,27:26.0,O,Open,01:36.0,,,,,,,
1052050,1,Complete,1052050,1052050,41.30086,-72.91545,3545265,New Haven,93,93,New Haven,5/12/2023,2023,5,May,12,6,Friday,23:22:00,23,23019252,A,2,,Motor Vehicle In Motion,"Injury of any type (Serious, Minor, Possible)",C,Possible Injury (C),0,0,2,USRoute,48.72,1,1-N,1-N,CHESTNUT ST NO 1,,,,,41.30086,-72.91545,14,Motor Vehicle in Operation,4,"Sideswipe, same direction",1,On Roadway,1,Clear,88,Not Applicable,4,Dark-Lighted,1,Dry,0,None,88,Not Applicable,88,Not Applicable,0,None,88,Not Applicable,88,Not Applicable,2,Intersection,3,T-Intersection,1,No,1,No,88,Not Applicable,88,Not Applicable,88,Not Applicable,88,Not Applicable,FALSE,1,Public Road,1,"Trafficway, On Road",CT0009300,New Haven PD,43776,45:56.0,C,Closed,00:16.0,,1,9800,3,PRINCIPAL ARTERIAL - OTHER - NEW HPMS,1,Rural
1052051,1,Complete,1052051,1052051,41.315384,-72.950867,3545266,New Haven,93,93,New Haven,5/20/2023,2023,5,May,20,7,Saturday,2:15:00,2,23020349,A,2,,Motor Vehicle In Motion,"Injury of any type (Serious, Minor, Possible)",C,Possible Injury (C),0,0,3,State,2.58,10,10-N,10-N,EDGEWOOD AV,,,,,41.315384,-72.950867,14,Motor Vehicle in Operation,1,Front to rear,1,On Roadway,4,Rain,88,Not Applicable,97,Other,2,Wet,1,Weather Conditions,88,Not Applicable,88,Not Applicable,0,None,88,Not Applicable,88,Not Applicable,3,Intersection-Related,2,Four-Way Intersection,1,No,1,No,88,Not Applicable,88,Not Applicable,88,Not Applicable,88,Not Applicable,FALSE,1,Public Road,1,"Trafficway, On Road",CT0009300,New Haven PD,42046,47:17.0,C,Closed,00:15.0,,1,19800,3,PRINCIPAL ARTERIAL - OTHER - NEW HPMS,1,Rural
1052398,1,Complete,1052398,1052398,41.2909,-72.94147,923114,New Haven,93,93,New Haven,5/24/2023,2023,5,May,24,4,Wednesday,19:34:00,19,23021021,K,3,Straight Ahead,Motor Vehicle In Motion,Fatal (Kill),K,Fatal Injury (K),0,0,3,State,0.7,10,10-N,10-N,WASHINGTON AV NO 1,,,,,41.2909,-72.94147,14,Motor Vehicle in Operation,99,Unknown,1,On Roadway,1,Clear,88,Not Applicable,1,Daylight,1,Dry,0,None,88,Not Applicable,88,Not Applicable,0,None,88,Not Applicable,88,Not Applicable,2,Intersection,2,Four-Way Intersection,1,No,1,No,88,Not Applicable,88,Not Applicable,88,Not Applicable,88,Not Applicable,FALSE,1,Public Road,1,"Trafficway, On Road",CT0009300,New Haven PD,42370,55:52.0,O,Open,01:31.0,,2,18000,3,PRINCIPAL ARTERIAL - OTHER - NEW HPMS,2,Urban
1053180,1,Complete,1053180,1053180,41.312416,-72.934952,3546395,New Haven,93,93,New Haven,5/26/2023,2023,5,May,26,6,Friday,10:54:00,10,23021217,A,2,,Motor Vehicle In Motion,"Injury of any type (Serious, Minor, Possible)",C,Possible Injury (C),0,0,4,Local,0.08,160,DWIGHT ST,DWIGHT ST,ELM ST NO 1,,,,,41.312416,-72.934952,14,Motor Vehicle in Operation,3,Angle,1,On Roadway,1,Clear,1,Clear,1,Daylight,1,Dry,0,None,88,Not Applicable,88,Not Applicable,0,None,88,Not Applicable,88,Not Applicable,2,Intersection,2,Four-Way Intersection,1,No,1,No,88,Not Applicable,88,Not Applicable,88,Not Applicable,88,Not Applicable,FALSE,1,Public Road,1,"Trafficway, On Road",CT0009300,New Haven PD,465,02:13.0,C,Closed,01:40.0,,,,,,,
1053184,1,Complete,1053184,1053184,41.32093651,-72.87396256,3546399,New Haven,93,93,New Haven,5/26/2023,2023,5,May,26,6,Friday,13:23:00,13,23021234,A,2,,Motor Vehicle In Motion,"Injury of any type (Serious, Minor, Possible)",C,Possible Injury (C),0,0,3,State,0.44,80,80-E,80-E,103-N,,,,E,41.32093651,-72.87396256,14,Motor Vehicle in Operation,1,Front to rear,1,On Roadway,1,Clear,88,Not Applicable,1,Daylight,1,Dry,0,None,88,Not Applicable,88,Not Applicable,3,Backup Due to Regular Congestion,88,Not Applicable,88,Not Applicable,2,Intersection,2,Four-Way Intersection,1,No,1,No,88,Not Applicable,88,Not Applicable,88,Not Applicable,88,Not Applicable,TRUE,1,Public Road,1,"Trafficway, On Road",CT0009300,New Haven PD,86,41:55.0,C,Closed,01:44.0,,2,32300,3,PRINCIPAL ARTERIAL - OTHER - NEW HPMS,2,Urban
1053193,1,Complete,1053193,1053193,41.329285,-72.968788,3546408,New Haven,93,93,New Haven,5/27/2023,2023,5,May,27,7,Saturday,11:00:00,11,23021356,A,3,,Motor Vehicle In Motion,"Injury of any type (Serious, Minor, Possible)",A,Suspected Serious Injury (A),0,0,3,State,0.72,63,63-N,63-N,,DAYTON ST,50,Feet,W,41.329285,-72.968788,14,Motor Vehicle in Operation,3,Angle,1,On Roadway,1,Clear,88,Not Applicable,1,Daylight,1,Dry,0,None,88,Not Applicable,88,Not Applicable,0,None,88,Not Applicable,88,Not Applicable,1,Non-Junction,1,Not at Intersection,1,No,1,No,88,Not Applicable,88,Not Applicable,88,Not Applicable,88,Not Applicable,FALSE,1,Public Road,1,"Trafficway, On Road",CT0009300,New Haven PD,44948,36:24.0,C,Closed,01:56.0,,2,23000,3,PRINCIPAL ARTERIAL - OTHER - NEW HPMS,1,Rural
1053195,1,Complete,1053195,1053195,41.30561,-72.93601,3546410,New Haven,93,93,New Haven,5/27/2023,2023,5,May,27,7,Saturday,16:00:00,16,23021379,A,2,,Motor Vehicle In Motion,"Injury of any type (Serious, Minor, Possible)",C,Possible Injury (C),0,0,4,Local,0.08,565,SOUTH FRONTAGE RD-RT 34,SOUTH FRONTAGE RD-RT 34,PARK ST,,,,,41.30561,-72.93601,14,Motor Vehicle in Operation,3,Angle,1,On Roadway,1,Clear,88,Not Applicable,1,Daylight,1,Dry,99,Unknown,88,Not Applicable,88,Not Applicable,99,Unknown,88,Not Applicable,88,Not Applicable,2,Intersection,2,Four-Way Intersection,1,No,1,No,88,Not Applicable,88,Not Applicable,88,Not Applicable,88,Not Applicable,FALSE,1,Public Road,1,"Trafficway, On Road",CT0009300,New Haven PD,40947,56:33.0,C,Closed,01:51.0,,,,,,,
1053196,1,Complete,1053196,1053196,41.3291,-72.955377,3546411,New Haven,93,93,New Haven,5/27/2023,2023,5,May,27,7,Saturday,16:42:00,16,23021383,A,1,,Pedestrian,"Injury of any type (Serious, Minor, Possible)",B,Suspected Minor Injury (B),1,0,4,Local,0.02,572,SPRINGSIDE AV,SPRINGSIDE AV,,BLAKE ST,70,Feet,N,41.3291,-72.955377,9,Pedestrian,88,Not Applicable,1,On Roadway,1,Clear,88,Not Applicable,1,Daylight,1,Dry,0,None,88,Not Applicable,88,Not Applicable,0,None,88,Not Applicable,88,Not Applicable,1,Non-Junction,1,Not at Intersection,1,No,1,No,88,Not Applicable,88,Not Applicable,88,Not Applicable,88,Not Applicable,FALSE,1,Public Road,1,"Trafficway, On Road",CT0009300,New Haven PD,44339,37:34.0,C,Closed,01:53.0,,2,4266,7,LOCAL - NEW HPMS,2,Urban
1053197,1,Complete,1053197,1053197,41.3125,-72.897934,3546412,New Haven,93,93,New Haven,5/27/2023,2023,5,May,27,7,Saturday,22:23:00,22,23021414,A,3,,Motor Vehicle In Motion,"Injury of any type (Serious, Minor, Possible)",C,Possible Injury (C),0,0,4,Local,0.74,487,POPLAR ST,POPLAR ST,,CHATHAM ST,500,Feet,S,41.3125,-72.897934,14,Motor Vehicle in Operation,4,"Sideswipe, same direction",1,On Roadway,1,Clear,88,Not Applicable,4,Dark-Lighted,1,Dry,0,None,88,Not Applicable,88,Not Applicable,0,None,88,Not Applicable,88,Not Applicable,1,Non-Junction,1,Not at Intersection,1,No,1,No,88,Not Applicable,88,Not Applicable,88,Not Applicable,88,Not Applicable,FALSE,1,Public Road,1,"Trafficway, On Road",CT0009300,New Haven PD,40807,20:27.0,O,Open,01:58.0,,,,,,,
1053198,1,Complete,1053198,1053198,41.327632,-72.960666,3546413,New Haven,93,93,New Haven,5/27/2023,2023,5,May,27,7,Saturday,23:15:00,23,23021421,A,1,,Pedestrian,"Injury of any type (Serious, Minor, Possible)",B,Suspected Minor Injury (B),1,2,3,State,0.26,63,63-N,63-N,,BLAKE ST,100,Feet,N,41.327632,-72.960666,9,Pedestrian,88,Not Applicable,1,On Roadway,1,Clear,88,Not Applicable,4,Dark-Lighted,1,Dry,0,None,88,Not Applicable,88,Not Applicable,0,None,0,None,88,Not Applicable,1,Non-Junction,1,Not at Intersection,1,No,1,No,88,Not Applicable,88,Not Applicable,88,Not Applicable,88,Not Applicable,FALSE,1,Public Road,1,"Trafficway, On Road",CT0009300,New Haven PD,44175,52:57.0,C,Closed,01:53.0,,2,20300,3,PRINCIPAL ARTERIAL - OTHER - NEW HPMS,2,Urban
1053201,1,Complete,1053201,1053201,41.308434,-72.931618,3546416,New Haven,93,93,New Haven,5/28/2023,2023,5,May,28,1,Sunday,2:17:00,2,23021436,A,2,,Motor Vehicle In Motion,"Injury of any type (Serious, Minor, Possible)",C,Possible Injury (C),0,0,4,Local,0.45,766,YORK ST,CHAPEL ST,YORK ST,,,,,41.308434,-72.931618,14,Motor Vehicle in Operation,1,Front to rear,1,On Roadway,1,Clear,88,Not Applicable,4,Dark-Lighted,1,Dry,0,None,88,Not Applicable,88,Not Applicable,0,None,88,Not Applicable,88,Not Applicable,2,Intersection,2,Four-Way Intersection,1,No,1,No,88,Not Applicable,88,Not Applicable,88,Not Applicable,88,Not Applicable,FALSE,1,Public Road,1,"Trafficway, On Road",CT0009300,New Haven PD,794,22:29.0,C,Closed,01:55.0,,,,,,,
1053204,1,Complete,1053204,1053204,41.26384,-72.892952,3546419,New Haven,93,93,New Haven,5/28/2023,2023,5,May,28,1,Sunday,11:03:00,11,23021467,A,2,,Motor Vehicle In Motion,"Injury of any type (Serious, Minor, Possible)",B,Suspected Minor Injury (B),0,0,4,Local,0.41,121,CONCORD ST,CONCORD ST,,PARKER PL,130,Feet,N,41.26384,-72.892952,14,Motor Vehicle in Operation,1,Front to rear,1,On Roadway,1,Clear,88,Not Applicable,1,Daylight,1,Dry,0,None,88,Not Applicable,88,Not Applicable,0,None,88,Not Applicable,88,Not Applicable,1,Non-Junction,1,Not at Intersection,1,No,1,No,88,Not Applicable,88,Not Applicable,88,Not Applicable,88,Not Applicable,FALSE,1,Public Road,1,"Trafficway, On Road",CT0009300,New Haven PD,316,12:21.0,C,Closed,01:57.0,,,,,,,
1053206,1,Complete,1053206,1053206,41.32106,-72.8972,3546421,New Haven,93,93,New Haven,5/28/2023,2023,5,May,28,1,Sunday,20:42:00,20,23021522,A,2,,Motor Vehicle In Motion,"Injury of any type (Serious, Minor, Possible)",C,Possible Injury (C),0,0,2,USRoute,0.5,5,5-N,5-N,ROCK ST,,,,,41.32106,-72.8972,14,Motor Vehicle in Operation,3,Angle,1,On Roadway,1,Clear,88,Not Applicable,4,Dark-Lighted,1,Dry,0,None,88,Not Applicable,88,Not Applicable,0,None,88,Not Applicable,88,Not Applicable,2,Intersection,3,T-Intersection,1,No,1,No,88,Not Applicable,88,Not Applicable,88,Not Applicable,88,Not Applicable,FALSE,1,Public Road,1,"Trafficway, On Road",CT0009300,New Haven PD,42052,31:30.0,O,Open,01:59.0,,1,17500,4,MINOR ARTERIAL - NEW HPMS,1,Rural