CrashId,Fatal Case Status,Fatal Case Status Text Format,CrashId,CrashId,Latitude,Longitude,DOT Case Number,Town Name,Town Number,Town Number,Town Number Text Format,Date Of Crash,Year,Month,Month Text Format,Day,Day of the Week,Day of the Week Text Format,Time of Crash,Hour of the Day,Case Identifier,Crash Severity,Number Of Motor Vehicles,Motor vehicle action,Most harmful event,Crash Severity Text Format,Most Severe Injury,Most Severe Injury Text Format,Number Of Non-Motorist,Number Of Witnesses,Route Class,Route Class Text Format,Milemarker,Road Number,Road Description,Roadway Name,Intersecting Roadway Name,Landmark Description,Distance From Nearest Landmark,Unit Of Measure From Nearest Landmark,Direction From Nearest Landmark,Latitude,Longitude,First Harmful Event,First Harmful Event Text Format,Manner of Crash / Collision Impact,Manner of Crash / Collision Impact Text Format,Location of First Harmful Event,Location of First Harmful Event Text Format,Weather Condition,Weather Condition Text Format,Weather 2,Weather 2 Text Format,Light Condition,Light Condition Text Format,Road Surface Condition,Road Surface Condition Text Format,"Contributing Circumstances, Environment","Contributing Circumstances, Environment Text Format",Environment 2,Environment 2 Text Format,Environment 3,Environment 3 Text Format,"Contributing Circumstances, Road","Contributing Circumstances, Road Text Format",Road 2,Road 2 Text Format,Road 3,Road 3 Text Format,Crash Specific Location,Crash Specific Location Text Format,Type of Intersection,Type of Intersection Text Format,School Bus Related,School Bus Related Text Format,Work Zone Related,Work Zone Related Text Format,Location Of Crash Relative To Work Zone,Location Of Crash Relative To Work Zone Text Format,Type of Work Zone,Type of Work Zone Text Format,Worker Presence,Worker Presence Text Format,Law Enforcement Presence,Law Enforcement Presence Text Format,Were Vehicles Moved Prior To Police Arrival,Trafficway Ownership,Trafficway Ownership Text Format,Trafficway Class,Trafficway Class Text Format,Police Agency,Police Agency Text Format,Badge Number,Approval Date,Police Case Status,Police Case Status Text Format,Crash Report Submission Date,Related Case Identifiers,No. of Through Lanes (Log Dir.),Average Daily Traffic,Functional Classification,Functional Classification Text Format,Rural or Urban,Rural or Urban Text Format
1053667,1,Complete,1053667,1053667,41.291375,-72.899699,3546882,New Haven,93,93,New Haven,5/12/2023,2023,5,May,12,6,Friday,17:35:00,17,23019199,A,2,,Motor Vehicle In Motion,"Injury of any type (Serious, Minor, Possible)",A,Suspected Serious Injury (A),0,0,4,Local,0.18,243,FULTON TER,FULTON TER,WATERFRONT CONNECTOR,,,,,41.291375,-72.899699,14,Motor Vehicle in Operation,97,Other,1,On Roadway,1,Clear,88,Not Applicable,1,Daylight,1,Dry,0,None,88,Not Applicable,88,Not Applicable,0,None,88,Not Applicable,88,Not Applicable,2,Intersection,2,Four-Way Intersection,1,No,1,No,88,Not Applicable,88,Not Applicable,88,Not Applicable,88,Not Applicable,FALSE,1,Public Road,1,"Trafficway, On Road",CT0009300,New Haven PD,416,55:34.0,C,Closed,01:40.0,,,,,,,
1053670,1,Complete,1053670,1053670,41.300142,-72.89042,3546885,New Haven,93,93,New Haven,5/20/2023,2023,5,May,20,7,Saturday,23:07:00,23,23020390,A,2,,Motor Vehicle In Motion,"Injury of any type (Serious, Minor, Possible)",C,Possible Injury (C),0,0,4,Local,0.55,498,QUINNIPIAC AV,QUINNIPIAC AV,QUINNIPIAC AV,,,,,41.300142,-72.89042,14,Motor Vehicle in Operation,1,Front to rear,1,On Roadway,4,Rain,88,Not Applicable,4,Dark-Lighted,2,Wet,0,None,88,Not Applicable,88,Not Applicable,0,None,88,Not Applicable,88,Not Applicable,2,Intersection,7,Roundabout,1,No,1,No,88,Not Applicable,88,Not Applicable,88,Not Applicable,88,Not Applicable,FALSE,1,Public Road,1,"Trafficway, On Road",CT0009300,New Haven PD,43776,39:29.0,C,Closed,00:24.0,,,,,,,
1053673,1,Complete,1053673,1053673,41.320205,-72.908621,3546888,New Haven,93,93,New Haven,5/23/2023,2023,5,May,23,3,Tuesday,7:50:00,7,23020760,A,10,,Motor Vehicle In Motion,"Injury of any type (Serious, Minor, Possible)",A,Suspected Serious Injury (A),0,0,4,Local,0.29,435,NICOLL ST,NICOLL ST,,WILLOW ST,150,Feet,S,41.320205,-72.908621,14,Motor Vehicle in Operation,5,"Sideswipe, opposite direction",1,On Roadway,1,Clear,88,Not Applicable,1,Daylight,1,Dry,0,None,88,Not Applicable,88,Not Applicable,0,None,88,Not Applicable,88,Not Applicable,1,Non-Junction,1,Not at Intersection,1,No,1,No,88,Not Applicable,88,Not Applicable,88,Not Applicable,88,Not Applicable,FALSE,1,Public Road,1,"Trafficway, On Road",CT0009300,New Haven PD,45132,20:23.0,O,Open,01:54.0,,,,,,,
1053674,1,Complete,1053674,1053674,41.3113137,-72.9444022,3546889,New Haven,93,93,New Haven,5/23/2023,2023,5,May,23,3,Tuesday,18:52:00,18,23020855,A,2,,Motor Vehicle In Motion,"Injury of any type (Serious, Minor, Possible)",C,Possible Injury (C),0,0,4,Local,0.39,556,SHERMAN AV,SHERMAN AV,CHAPEL ST,,,,,41.3113137,-72.9444022,14,Motor Vehicle in Operation,1,Front to rear,1,On Roadway,1,Clear,88,Not Applicable,1,Daylight,1,Dry,0,None,88,Not Applicable,88,Not Applicable,0,None,88,Not Applicable,88,Not Applicable,2,Intersection,2,Four-Way Intersection,1,No,1,No,88,Not Applicable,88,Not Applicable,88,Not Applicable,88,Not Applicable,FALSE,1,Public Road,1,"Trafficway, On Road",CT0009300,New Haven PD,42046,08:53.0,C,Closed,01:52.0,,,,,,,
1053676,1,Complete,1053676,1053676,41.309451,-72.927082,3546891,New Haven,93,93,New Haven,5/23/2023,2023,5,May,23,3,Tuesday,19:55:00,19,23020867,A,2,,Motor Vehicle In Motion,"Injury of any type (Serious, Minor, Possible)",C,Possible Injury (C),0,0,4,Local,0.38,726,ELM ST NO 2,ELM ST NO 2,COLLEGE ST,,,,,41.309451,-72.927082,14,Motor Vehicle in Operation,97,Other,1,On Roadway,1,Clear,88,Not Applicable,1,Daylight,1,Dry,0,None,88,Not Applicable,88,Not Applicable,0,None,88,Not Applicable,88,Not Applicable,3,Intersection-Related,2,Four-Way Intersection,1,No,1,No,88,Not Applicable,88,Not Applicable,88,Not Applicable,88,Not Applicable,FALSE,1,Public Road,1,"Trafficway, On Road",CT0009300,New Haven PD,43688,34:30.0,C,Closed,02:00.0,,,,,,,
1053681,1,Complete,1053681,1053681,41.3270265,-72.9351478,3546896,New Haven,93,93,New Haven,5/25/2023,2023,5,May,25,5,Thursday,22:00:00,22,23021162,A,2,,Motor Vehicle In Motion,"Injury of any type (Serious, Minor, Possible)",C,Possible Injury (C),0,0,4,Local,1,152,DIXWELL AV,DIXWELL AV,DIVISION ST,,,,,41.3270265,-72.9351478,14,Motor Vehicle in Operation,3,Angle,1,On Roadway,1,Clear,88,Not Applicable,4,Dark-Lighted,1,Dry,0,None,88,Not Applicable,88,Not Applicable,0,None,88,Not Applicable,88,Not Applicable,2,Intersection,2,Four-Way Intersection,1,No,1,No,88,Not Applicable,88,Not Applicable,88,Not Applicable,88,Not Applicable,FALSE,1,Public Road,1,"Trafficway, On Road",CT0009300,New Haven PD,42048,38:46.0,O,Open,01:45.0,23-021163,,,,,,
1053684,1,Complete,1053684,1053684,41.301551,-72.941207,3546899,New Haven,93,93,New Haven,5/27/2023,2023,5,May,27,7,Saturday,3:11:00,3,23021320,A,1,,Pedestrian,"Injury of any type (Serious, Minor, Possible)",B,Suspected Minor Injury (B),1,0,4,Local,0,453,ORCHARD ST,ORCHARD ST,DAVENPORT AV,,,,,41.301551,-72.941207,9,Pedestrian,88,Not Applicable,1,On Roadway,1,Clear,88,Not Applicable,4,Dark-Lighted,1,Dry,0,None,88,Not Applicable,88,Not Applicable,0,None,88,Not Applicable,88,Not Applicable,2,Intersection,2,Four-Way Intersection,1,No,1,No,88,Not Applicable,88,Not Applicable,88,Not Applicable,88,Not Applicable,FALSE,1,Public Road,1,"Trafficway, On Road",CT0009300,New Haven PD,42056,33:49.0,O,Open,00:25.0,,2,5900,4,MINOR ARTERIAL - NEW HPMS,2,Urban
1053686,1,Complete,1053686,1053686,41.3127215,-72.9419117,3546901,New Haven,93,93,New Haven,5/28/2023,2023,5,May,28,1,Sunday,15:44:00,15,23021490,A,2,,Motor Vehicle In Motion,"Injury of any type (Serious, Minor, Possible)",A,Suspected Serious Injury (A),0,2,4,Local,1.57,179,EDGEWOOD AV,EDGEWOOD AV,BEERS ST,,,,,41.3127215,-72.9419117,14,Motor Vehicle in Operation,3,Angle,1,On Roadway,1,Clear,88,Not Applicable,1,Daylight,1,Dry,0,None,88,Not Applicable,88,Not Applicable,0,None,88,Not Applicable,88,Not Applicable,2,Intersection,2,Four-Way Intersection,1,No,1,No,88,Not Applicable,88,Not Applicable,88,Not Applicable,88,Not Applicable,FALSE,1,Public Road,1,"Trafficway, On Road",CT0009300,New Haven PD,42046,17:06.0,C,Closed,00:26.0,,,,,,,
1053693,1,Complete,1053693,1053693,41.28728,-72.92583,3546908,New Haven,93,93,New Haven,5/29/2023,2023,5,May,29,2,Monday,16:15:00,16,23021605,A,2,,Motor Vehicle In Motion,"Injury of any type (Serious, Minor, Possible)",C,Possible Injury (C),0,0,4,Local,0.23,359,SARGENT DR,SARGENT DR,LONG WHARF DR,,,,,41.28728,-72.92583,14,Motor Vehicle in Operation,3,Angle,1,On Roadway,1,Clear,88,Not Applicable,1,Daylight,1,Dry,99,Unknown,88,Not Applicable,88,Not Applicable,99,Unknown,88,Not Applicable,88,Not Applicable,2,Intersection,2,Four-Way Intersection,1,No,1,No,88,Not Applicable,88,Not Applicable,88,Not Applicable,88,Not Applicable,FALSE,1,Public Road,1,"Trafficway, On Road",CT0009300,New Haven PD,40947,59:33.0,C,Closed,00:28.0,,,,,,,
1053990,1,Complete,1053990,1053990,41.324981,-72.956858,3547205,New Haven,93,93,New Haven,4/12/2023,2023,4,April,12,4,Wednesday,13:00:00,13,23014551,A,1,,Pedalcycle/Pedalcyclist,"Injury of any type (Serious, Minor, Possible)",A,Suspected Serious Injury (A),1,0,3,State,0,63,63-N,63-N,10-N,,,,,41.324981,-72.956858,10,Pedalcycle/Pedalcyclist,3,Angle,1,On Roadway,1,Clear,88,Not Applicable,1,Daylight,1,Dry,0,None,88,Not Applicable,88,Not Applicable,0,None,88,Not Applicable,88,Not Applicable,2,Intersection,2,Four-Way Intersection,1,No,1,No,88,Not Applicable,88,Not Applicable,88,Not Applicable,88,Not Applicable,FALSE,1,Public Road,1,"Trafficway, On Road",CT0009300,New Haven PD,225,43:48.0,C,Closed,00:59.0,,2,23200,3,PRINCIPAL ARTERIAL - OTHER - NEW HPMS,2,Urban
1053994,1,Complete,1053994,1053994,41.288288,-72.889143,3547209,New Haven,93,93,New Haven,5/28/2023,2023,5,May,28,1,Sunday,22:55:00,22,23021535,A,1,,"Other Fixed Object (wall, building, tunnel, etc.)","Injury of any type (Serious, Minor, Possible)",A,Suspected Serious Injury (A),0,0,2,USRoute,50.47,1,1-N,1-N,OAKLEY ST NO 2,,,,,41.288288,-72.889143,39,"Other Fixed Object (wall, building, tunnel, etc.)",88,Not Applicable,4,Roadside,1,Clear,88,Not Applicable,4,Dark-Lighted,1,Dry,0,None,88,Not Applicable,88,Not Applicable,99,Unknown,88,Not Applicable,88,Not Applicable,2,Intersection,3,T-Intersection,1,No,1,No,88,Not Applicable,88,Not Applicable,88,Not Applicable,88,Not Applicable,FALSE,1,Public Road,1,"Trafficway, On Road",CT0009300,New Haven PD,43776,38:45.0,C,Closed,01:01.0,,3,21300,3,PRINCIPAL ARTERIAL - OTHER - NEW HPMS,2,Urban
1053996,1,Complete,1053996,1053996,41.31491,-72.937495,3547211,New Haven,93,93,New Haven,5/29/2023,2023,5,May,29,2,Monday,19:29:00,19,23021630,A,2,,Ran Off Roadway Right,"Injury of any type (Serious, Minor, Possible)",B,Suspected Minor Injury (B),0,0,4,Local,0.66,653,WHALLEY AV,WHALLEY AV,,ORCHARD ST,520,Feet,E,41.31491,-72.937495,14,Motor Vehicle in Operation,5,"Sideswipe, opposite direction",1,On Roadway,1,Clear,88,Not Applicable,1,Daylight,1,Dry,0,None,88,Not Applicable,88,Not Applicable,0,None,88,Not Applicable,88,Not Applicable,1,Non-Junction,1,Not at Intersection,1,No,1,No,88,Not Applicable,88,Not Applicable,88,Not Applicable,88,Not Applicable,FALSE,1,Public Road,1,"Trafficway, On Road",CT0009300,New Haven PD,44953,12:55.0,C,Closed,01:05.0,,,,,,,
1053997,1,Complete,1053997,1053997,41.320867,-72.87426,3547212,New Haven,93,93,New Haven,5/30/2023,2023,5,May,30,3,Tuesday,1:23:00,1,23021656,A,2,,Motor Vehicle In Motion,"Injury of any type (Serious, Minor, Possible)",B,Suspected Minor Injury (B),0,0,3,State,0.44,80,80-E,80-E,103-N,,,,,41.320867,-72.87426,14,Motor Vehicle in Operation,3,Angle,1,On Roadway,1,Clear,88,Not Applicable,4,Dark-Lighted,1,Dry,0,None,88,Not Applicable,88,Not Applicable,0,None,88,Not Applicable,88,Not Applicable,2,Intersection,2,Four-Way Intersection,1,No,1,No,88,Not Applicable,88,Not Applicable,88,Not Applicable,88,Not Applicable,FALSE,1,Public Road,1,"Trafficway, On Road",CT0009300,New Haven PD,44063,12:33.0,C,Closed,01:01.0,,2,32300,3,PRINCIPAL ARTERIAL - OTHER - NEW HPMS,2,Urban
1054004,1,Complete,1054004,1054004,41.335094,-72.977303,3547219,New Haven,93,93,New Haven,5/30/2023,2023,5,May,30,3,Tuesday,15:26:00,15,23021780,A,3,,Motor Vehicle In Motion,"Injury of any type (Serious, Minor, Possible)",C,Possible Injury (C),0,0,3,State,1.33,63,63-N,63-N,,WRIGHT ST,77,Feet,W,41.335094,-72.977303,14,Motor Vehicle in Operation,2,Front to front,1,On Roadway,1,Clear,88,Not Applicable,1,Daylight,1,Dry,0,None,88,Not Applicable,88,Not Applicable,0,None,88,Not Applicable,88,Not Applicable,1,Non-Junction,1,Not at Intersection,1,No,1,No,88,Not Applicable,88,Not Applicable,88,Not Applicable,88,Not Applicable,FALSE,1,Public Road,1,"Trafficway, On Road",CT0009300,New Haven PD,170,43:54.0,C,Closed,01:09.0,,1,17200,3,PRINCIPAL ARTERIAL - OTHER - NEW HPMS,1,Rural
1054005,1,Complete,1054005,1054005,41.3007,-72.9244,3547220,New Haven,93,93,New Haven,5/30/2023,2023,5,May,30,3,Tuesday,16:09:00,16,23021781,A,2,,Motor Vehicle In Motion,"Injury of any type (Serious, Minor, Possible)",B,Suspected Minor Injury (B),0,0,2,USRoute,48.26,1,1-N,1-N,STATE ST NORTH,,,,,41.3007,-72.9244,14,Motor Vehicle in Operation,4,"Sideswipe, same direction",1,On Roadway,1,Clear,88,Not Applicable,1,Daylight,1,Dry,0,None,88,Not Applicable,88,Not Applicable,0,None,88,Not Applicable,88,Not Applicable,2,Intersection,3,T-Intersection,1,No,1,No,88,Not Applicable,88,Not Applicable,88,Not Applicable,88,Not Applicable,FALSE,1,Public Road,1,"Trafficway, On Road",CT0009300,New Haven PD,268,25:03.0,C,Closed,01:08.0,,2,11700,3,PRINCIPAL ARTERIAL - OTHER - NEW HPMS,2,Urban
1054006,1,Complete,1054006,1054006,41.307289,-72.928703,3547221,New Haven,93,93,New Haven,5/27/2023,2023,5,May,27,7,Saturday,9:00:00,9,23021823,A,1,,Motor Vehicle In Motion,"Injury of any type (Serious, Minor, Possible)",C,Possible Injury (C),1,0,4,Local,0.34,117,COLLEGE ST,COLLEGE ST,CHAPEL ST,,,,,41.307289,-72.928703,14,Motor Vehicle in Operation,3,Angle,1,On Roadway,1,Clear,88,Not Applicable,1,Daylight,1,Dry,0,None,88,Not Applicable,88,Not Applicable,0,None,88,Not Applicable,88,Not Applicable,2,Intersection,2,Four-Way Intersection,1,No,1,No,88,Not Applicable,88,Not Applicable,88,Not Applicable,88,Not Applicable,TRUE,1,Public Road,1,"Trafficway, On Road",CT0009300,New Haven PD,221,53:58.0,O,Open,01:03.0,,,,,,,
1055294,1,Complete,1055294,1055294,41.308595,-72.901418,3547510,New Haven,93,93,New Haven,5/22/2023,2023,5,May,22,2,Monday,21:30:00,21,23020724,A,2,,Parked Vehicle,"Injury of any type (Serious, Minor, Possible)",B,Suspected Minor Injury (B),0,0,4,Local,0.82,264,GRAND AV,GRAND AV,,LLOYD ST,50,Feet,W,41.308595,-72.901418,14,Motor Vehicle in Operation,1,Front to rear,1,On Roadway,1,Clear,88,Not Applicable,4,Dark-Lighted,1,Dry,0,None,88,Not Applicable,88,Not Applicable,0,None,88,Not Applicable,88,Not Applicable,1,Non-Junction,1,Not at Intersection,1,No,1,No,88,Not Applicable,88,Not Applicable,88,Not Applicable,88,Not Applicable,FALSE,1,Public Road,1,"Trafficway, On Road",CT0009300,New Haven PD,65,53:33.0,C,Closed,00:56.0,,,,,,,
1055299,1,Complete,1055299,1055299,41.32612,-72.91576,3547515,New Haven,93,93,New Haven,5/30/2023,2023,5,May,30,3,Tuesday,15:10:00,15,23021772,A,2,,Motor Vehicle In Motion,"Injury of any type (Serious, Minor, Possible)",C,Possible Injury (C),0,0,4,Local,1.15,656,WHITNEY AV,WHITNEY AV,COLD SPRING ST,,,,,41.32612,-72.91576,14,Motor Vehicle in Operation,3,Angle,1,On Roadway,1,Clear,88,Not Applicable,1,Daylight,1,Dry,0,None,88,Not Applicable,88,Not Applicable,0,None,88,Not Applicable,88,Not Applicable,2,Intersection,3,T-Intersection,1,No,1,No,88,Not Applicable,88,Not Applicable,88,Not Applicable,88,Not Applicable,TRUE,1,Public Road,1,"Trafficway, On Road",CT0009300,New Haven PD,45132,25:38.0,C,Closed,00:57.0,,,,,,,
1055300,1,Complete,1055300,1055300,41.310417,-72.899887,3547516,New Haven,93,93,New Haven,5/30/2023,2023,5,May,30,3,Tuesday,17:04:00,17,23021798,A,2,,Motor Vehicle In Motion,"Injury of any type (Serious, Minor, Possible)",C,Possible Injury (C),0,0,4,Local,0.37,419,MONROE ST,MONROE ST,CLAY ST NO 1,,,,,41.310417,-72.899887,14,Motor Vehicle in Operation,3,Angle,1,On Roadway,1,Clear,88,Not Applicable,1,Daylight,1,Dry,0,None,88,Not Applicable,88,Not Applicable,0,None,88,Not Applicable,88,Not Applicable,2,Intersection,2,Four-Way Intersection,1,No,1,No,88,Not Applicable,88,Not Applicable,88,Not Applicable,88,Not Applicable,FALSE,1,Public Road,1,"Trafficway, On Road",CT0009300,New Haven PD,65,15:41.0,C,Closed,00:55.0,,,,,,,
1055305,1,Complete,1055305,1055305,41.32737,-72.953484,3547521,New Haven,93,93,New Haven,5/31/2023,2023,5,May,31,4,Wednesday,16:34:00,16,23021957,A,2,,Motor Vehicle In Motion,"Injury of any type (Serious, Minor, Possible)",C,Possible Injury (C),0,0,3,State,3.85,10,10-N,10-N,,BLAKE ST,22,Feet,S,41.32737,-72.953484,14,Motor Vehicle in Operation,1,Front to rear,1,On Roadway,1,Clear,88,Not Applicable,1,Daylight,1,Dry,0,None,88,Not Applicable,88,Not Applicable,0,None,88,Not Applicable,88,Not Applicable,3,Intersection-Related,2,Four-Way Intersection,1,No,1,No,88,Not Applicable,88,Not Applicable,88,Not Applicable,88,Not Applicable,TRUE,1,Public Road,1,"Trafficway, On Road",CT0009300,New Haven PD,42045,24:51.0,C,Closed,00:52.0,,1,8900,4,MINOR ARTERIAL - NEW HPMS,1,Rural
1055308,1,Complete,1055308,1055308,41.311494,-72.945109,3547524,New Haven,93,93,New Haven,5/31/2023,2023,5,May,31,4,Wednesday,21:09:00,21,23022022,A,1,,Pedestrian,"Injury of any type (Serious, Minor, Possible)",A,Suspected Serious Injury (A),1,0,4,Local,2.85,97,CHAPEL ST,CHAPEL ST,,HOTCHKISS ST,100,Feet,E,41.311494,-72.945109,9,Pedestrian,88,Not Applicable,1,On Roadway,1,Clear,88,Not Applicable,4,Dark-Lighted,1,Dry,0,None,88,Not Applicable,88,Not Applicable,0,None,88,Not Applicable,88,Not Applicable,1,Non-Junction,1,Not at Intersection,1,No,1,No,88,Not Applicable,88,Not Applicable,88,Not Applicable,88,Not Applicable,TRUE,1,Public Road,1,"Trafficway, On Road",CT0009300,New Haven PD,416,57:12.0,C,Closed,00:51.0,,1,7700,4,MINOR ARTERIAL - NEW HPMS,2,Urban
1055639,1,Complete,1055639,1055639,41.31074789,-72.94185752,3547855,New Haven,93,93,New Haven,6/1/2023,2023,6,June,1,5,Thursday,11:00:00,11,23021921,A,1,,Pedestrian,"Injury of any type (Serious, Minor, Possible)",C,Possible Injury (C),1,0,4,Local,2.67,97,CHAPEL ST,CHAPEL ST,,BEERS ST,120,Feet,W,41.31074789,-72.94185752,9,Pedestrian,88,Not Applicable,1,On Roadway,1,Clear,88,Not Applicable,1,Daylight,1,Dry,0,None,88,Not Applicable,88,Not Applicable,0,None,88,Not Applicable,88,Not Applicable,9,Driveway Access-Related,1,Not at Intersection,1,No,1,No,88,Not Applicable,88,Not Applicable,88,Not Applicable,88,Not Applicable,TRUE,1,Public Road,1,"Trafficway, On Road",CT0009300,New Haven PD,225,18:34.0,C,Closed,00:40.0,,2,7700,4,MINOR ARTERIAL - NEW HPMS,2,Urban
1055643,1,Complete,1055643,1055643,41.28691781,-72.92608918,3547859,New Haven,93,93,New Haven,6/1/2023,2023,6,June,1,5,Thursday,11:38:00,11,23022121,A,1,,"Other Post, Pole, or Support","Injury of any type (Serious, Minor, Possible)",C,Possible Injury (C),0,0,4,Local,0.2,359,SARGENT DR,SARGENT DR,,LONGWHARF DRIVE,150,Feet,W,41.28691781,-72.92608918,38,"Other Post, Pole or Support",88,Not Applicable,2,Shoulder,1,Clear,88,Not Applicable,1,Daylight,1,Dry,97,Other,88,Not Applicable,88,Not Applicable,0,None,88,Not Applicable,88,Not Applicable,1,Non-Junction,1,Not at Intersection,1,No,1,No,88,Not Applicable,88,Not Applicable,88,Not Applicable,88,Not Applicable,FALSE,1,Public Road,1,"Trafficway, On Road",CT0009300,New Haven PD,44062,29:14.0,C,Closed,00:39.0,,3,11300,3,PRINCIPAL ARTERIAL - OTHER - NEW HPMS,2,Urban
1055649,1,Complete,1055649,1055649,41.30704,-72.93887,3547865,New Haven,93,93,New Haven,5/30/2023,2023,5,May,30,3,Tuesday,11:31:00,11,23022160,A,2,,Motor Vehicle In Motion,"Injury of any type (Serious, Minor, Possible)",C,Possible Injury (C),0,0,4,Local,0.84,809,REV DR MLK JR BLVD,REV DR MLK JR BLVD,DWIGHT ST,,,,,41.30704,-72.93887,14,Motor Vehicle in Operation,1,Front to rear,1,On Roadway,1,Clear,88,Not Applicable,1,Daylight,1,Dry,0,None,88,Not Applicable,88,Not Applicable,0,None,88,Not Applicable,88,Not Applicable,3,Intersection-Related,2,Four-Way Intersection,1,No,1,No,88,Not Applicable,88,Not Applicable,88,Not Applicable,88,Not Applicable,FALSE,1,Public Road,1,"Trafficway, On Road",CT0009300,New Haven PD,44045,53:43.0,C,Closed,00:38.0,,,,,,,
1055651,1,Complete,1055651,1055651,41.3116431,-72.8999201,3547867,New Haven,93,93,New Haven,6/1/2023,2023,6,June,1,5,Thursday,19:28:00,19,23022181,A,3,,Motor Vehicle In Motion,"Injury of any type (Serious, Minor, Possible)",B,Suspected Minor Injury (B),0,1,4,Local,0.6,57,BLATCHLEY AV,BLATCHLEY AV,PINE ST NO 1,,,,,41.3116431,-72.8999201,14,Motor Vehicle in Operation,2,Front to front,1,On Roadway,1,Clear,88,Not Applicable,1,Daylight,1,Dry,99,Unknown,88,Not Applicable,88,Not Applicable,99,Unknown,88,Not Applicable,88,Not Applicable,2,Intersection,2,Four-Way Intersection,1,No,1,No,88,Not Applicable,88,Not Applicable,88,Not Applicable,88,Not Applicable,TRUE,1,Public Road,1,"Trafficway, On Road",CT0009300,New Haven PD,43690,44:09.0,C,Closed,00:43.0,,,,,,,
1055653,1,Complete,1055653,1055653,41.30138,-72.935333,3547869,New Haven,93,93,New Haven,5/25/2023,2023,5,May,25,5,Thursday,13:27:00,13,202300813,A,2,,Motor Vehicle In Motion,"Injury of any type (Serious, Minor, Possible)",B,Suspected Minor Injury (B),0,3,4,Local,0.35,308,HOWARD AV,HOWARD AV,CONGRESS AV,,,,,41.30138,-72.935333,14,Motor Vehicle in Operation,3,Angle,1,On Roadway,1,Clear,88,Not Applicable,1,Daylight,1,Dry,0,None,88,Not Applicable,88,Not Applicable,0,None,88,Not Applicable,88,Not Applicable,2,Intersection,2,Four-Way Intersection,1,No,1,No,88,Not Applicable,88,Not Applicable,88,Not Applicable,88,Not Applicable,FALSE,1,Public Road,1,"Trafficway, On Road",CT0009300,New Haven PD,530,58:50.0,C,Closed,02:12.0,,,,,,,
1056075,1,Complete,1056075,1056075,41.30190727,-72.94025226,3548291,New Haven,93,93,New Haven,5/17/2023,2023,5,May,17,4,Wednesday,8:25:00,8,23019864,A,1,,Pedestrian,"Injury of any type (Serious, Minor, Possible)",B,Suspected Minor Injury (B),1,2,4,Local,0.5,141,DAVENPORT AV,DAVENPORT AV,ELLIOTT ST,,,,,41.30190727,-72.94025226,9,Pedestrian,88,Not Applicable,1,On Roadway,1,Clear,88,Not Applicable,1,Daylight,1,Dry,0,None,88,Not Applicable,88,Not Applicable,0,None,88,Not Applicable,88,Not Applicable,2,Intersection,3,T-Intersection,1,No,1,No,88,Not Applicable,88,Not Applicable,88,Not Applicable,88,Not Applicable,TRUE,1,Public Road,1,"Trafficway, On Road",CT0009300,New Haven PD,301,24:50.0,C,Closed,01:17.0,,2,5900,4,MINOR ARTERIAL - NEW HPMS,2,Urban
1056077,1,Complete,1056077,1056077,41.28867,-72.924559,3548293,New Haven,93,93,New Haven,5/26/2023,2023,5,May,26,6,Friday,21:35:00,21,23021290,A,1,,Fell/Jumped From Vehicle,"Injury of any type (Serious, Minor, Possible)",C,Possible Injury (C),0,0,4,Local,0.35,359,SARGENT DR,SARGENT DR,,95-S-329,500,Feet,S,41.28867,-72.924559,6,Fell/Jumped from Vehicle,88,Not Applicable,1,On Roadway,1,Clear,88,Not Applicable,99,Unknown,1,Dry,0,None,88,Not Applicable,88,Not Applicable,0,None,88,Not Applicable,88,Not Applicable,1,Non-Junction,1,Not at Intersection,1,No,1,No,88,Not Applicable,88,Not Applicable,88,Not Applicable,88,Not Applicable,FALSE,1,Public Road,1,"Trafficway, On Road",CT0009300,New Haven PD,33016,17:26.0,C,Closed,01:12.0,,4,11300,3,PRINCIPAL ARTERIAL - OTHER - NEW HPMS,2,Urban
1056080,1,Complete,1056080,1056080,41.331875,-72.86927,3548296,New Haven,93,93,New Haven,5/30/2023,2023,5,May,30,3,Tuesday,18:54:00,18,23021829,A,2,,Motor Vehicle In Motion,"Injury of any type (Serious, Minor, Possible)",C,Possible Injury (C),0,0,4,Local,0.21,132,CRANSTON ST,CRANSTON ST,PORTLAND ST,,,,,41.331875,-72.86927,14,Motor Vehicle in Operation,3,Angle,1,On Roadway,1,Clear,88,Not Applicable,1,Daylight,1,Dry,0,None,88,Not Applicable,88,Not Applicable,0,None,88,Not Applicable,88,Not Applicable,2,Intersection,2,Four-Way Intersection,1,No,1,No,88,Not Applicable,88,Not Applicable,88,Not Applicable,88,Not Applicable,FALSE,1,Public Road,1,"Trafficway, On Road",CT0009300,New Haven PD,416,00:26.0,C,Closed,00:57.0,,,,,,,
1056092,1,Complete,1056092,1056092,41.29749,-72.94856,3548308,New Haven,93,93,New Haven,6/2/2023,2023,6,June,2,6,Friday,8:57:00,8,23022250,A,2,,Motor Vehicle In Motion,"Injury of any type (Serious, Minor, Possible)",C,Possible Injury (C),0,0,2,USRoute,46.64,1,1-N,1-N,10-N,,,,,41.29749,-72.94856,14,Motor Vehicle in Operation,1,Front to rear,1,On Roadway,1,Clear,88,Not Applicable,1,Daylight,1,Dry,0,None,88,Not Applicable,88,Not Applicable,0,None,88,Not Applicable,88,Not Applicable,3,Intersection-Related,2,Four-Way Intersection,1,No,1,No,88,Not Applicable,88,Not Applicable,88,Not Applicable,88,Not Applicable,FALSE,1,Public Road,1,"Trafficway, On Road",CT0009300,New Haven PD,44339,01:00.0,C,Closed,01:00.0,,2,20700,3,PRINCIPAL ARTERIAL - OTHER - NEW HPMS,2,Urban