CrashId,Fatal Case Status,Fatal Case Status Text Format,CrashId,CrashId,Latitude,Longitude,DOT Case Number,Town Name,Town Number,Town Number,Town Number Text Format,Date Of Crash,Year,Month,Month Text Format,Day,Day of the Week,Day of the Week Text Format,Time of Crash,Hour of the Day,Case Identifier,Crash Severity,Number Of Motor Vehicles,Motor vehicle action,Most harmful event,Crash Severity Text Format,Most Severe Injury,Most Severe Injury Text Format,Number Of Non-Motorist,Number Of Witnesses,Route Class,Route Class Text Format,Milemarker,Road Number,Road Description,Roadway Name,Intersecting Roadway Name,Landmark Description,Distance From Nearest Landmark,Unit Of Measure From Nearest Landmark,Direction From Nearest Landmark,Latitude,Longitude,First Harmful Event,First Harmful Event Text Format,Manner of Crash / Collision Impact,Manner of Crash / Collision Impact Text Format,Location of First Harmful Event,Location of First Harmful Event Text Format,Weather Condition,Weather Condition Text Format,Weather 2,Weather 2 Text Format,Light Condition,Light Condition Text Format,Road Surface Condition,Road Surface Condition Text Format,"Contributing Circumstances, Environment","Contributing Circumstances, Environment Text Format",Environment 2,Environment 2 Text Format,Environment 3,Environment 3 Text Format,"Contributing Circumstances, Road","Contributing Circumstances, Road Text Format",Road 2,Road 2 Text Format,Road 3,Road 3 Text Format,Crash Specific Location,Crash Specific Location Text Format,Type of Intersection,Type of Intersection Text Format,School Bus Related,School Bus Related Text Format,Work Zone Related,Work Zone Related Text Format,Location Of Crash Relative To Work Zone,Location Of Crash Relative To Work Zone Text Format,Type of Work Zone,Type of Work Zone Text Format,Worker Presence,Worker Presence Text Format,Law Enforcement Presence,Law Enforcement Presence Text Format,Were Vehicles Moved Prior To Police Arrival,Trafficway Ownership,Trafficway Ownership Text Format,Trafficway Class,Trafficway Class Text Format,Police Agency,Police Agency Text Format,Badge Number,Approval Date,Police Case Status,Police Case Status Text Format,Crash Report Submission Date,Related Case Identifiers,No. of Through Lanes (Log Dir.),Average Daily Traffic,Functional Classification,Functional Classification Text Format,Rural or Urban,Rural or Urban Text Format
1056094,1,Complete,1056094,1056094,41.29842,-72.941704,3548310,New Haven,93,93,New Haven,6/2/2023,2023,6,June,2,6,Friday,9:54:00,9,23022257,A,2,,Motor Vehicle In Motion,"Injury of any type (Serious, Minor, Possible)",C,Possible Injury (C),0,0,4,Local,0.3,636,WEST ST,WEST ST,,COLUMBUS AVE,258,Feet,N,41.29842,-72.941704,14,Motor Vehicle in Operation,3,Angle,1,On Roadway,1,Clear,88,Not Applicable,1,Daylight,1,Dry,0,None,88,Not Applicable,88,Not Applicable,0,None,88,Not Applicable,88,Not Applicable,1,Non-Junction,1,Not at Intersection,1,No,1,No,88,Not Applicable,88,Not Applicable,88,Not Applicable,88,Not Applicable,TRUE,1,Public Road,1,"Trafficway, On Road",CT0009300,New Haven PD,137,48:30.0,C,Closed,01:05.0,,,,,,,
1056101,1,Complete,1056101,1056101,41.29344722,-72.92033625,3548317,New Haven,93,93,New Haven,6/2/2023,2023,6,June,2,6,Friday,16:03:00,16,23022294,A,2,,Motor Vehicle In Motion,"Injury of any type (Serious, Minor, Possible)",B,Suspected Minor Injury (B),0,0,4,Local,0.63,359,SARGENT DR,SARGENT DR,CHURCH ST SOUTH NO 2,,2,Feet,S,41.29344722,-72.92033625,14,Motor Vehicle in Operation,1,Front to rear,1,On Roadway,1,Clear,88,Not Applicable,1,Daylight,1,Dry,0,None,88,Not Applicable,88,Not Applicable,0,None,88,Not Applicable,88,Not Applicable,2,Intersection,3,T-Intersection,1,No,1,No,88,Not Applicable,88,Not Applicable,88,Not Applicable,88,Not Applicable,FALSE,1,Public Road,1,"Trafficway, On Road",CT0009300,New Haven PD,737,40:54.0,C,Closed,01:02.0,,,,,,,
1056102,1,Complete,1056102,1056102,41.316513,-72.942421,3548318,New Haven,93,93,New Haven,6/2/2023,2023,6,June,2,6,Friday,13:45:00,13,23022314,A,1,,Pedestrian,"Injury of any type (Serious, Minor, Possible)",C,Possible Injury (C),1,0,4,Local,0.38,653,WHALLEY AV,WHALLEY AV,SHERMAN AV,,,,,41.316513,-72.942421,9,Pedestrian,88,Not Applicable,1,On Roadway,1,Clear,88,Not Applicable,1,Daylight,1,Dry,0,None,88,Not Applicable,88,Not Applicable,0,None,88,Not Applicable,88,Not Applicable,2,Intersection,2,Four-Way Intersection,1,No,1,No,88,Not Applicable,88,Not Applicable,88,Not Applicable,88,Not Applicable,FALSE,1,Public Road,1,"Trafficway, On Road",CT0009300,New Haven PD,276,08:34.0,C,Closed,01:03.0,23022314,2,21100,3,PRINCIPAL ARTERIAL - OTHER - NEW HPMS,2,Urban
1056107,1,Complete,1056107,1056107,41.311749,-72.952568,3548323,New Haven,93,93,New Haven,6/3/2023,2023,6,June,3,7,Saturday,12:37:00,12,23022401,A,2,,Motor Vehicle In Motion,"Injury of any type (Serious, Minor, Possible)",C,Possible Injury (C),0,0,3,State,2.5,10,10-N,10-N,,IRVING ST,120,Feet,S,41.311749,-72.952568,14,Motor Vehicle in Operation,1,Front to rear,1,On Roadway,1,Clear,88,Not Applicable,1,Daylight,1,Dry,0,None,88,Not Applicable,88,Not Applicable,0,None,88,Not Applicable,88,Not Applicable,1,Non-Junction,1,Not at Intersection,1,No,1,No,88,Not Applicable,88,Not Applicable,88,Not Applicable,88,Not Applicable,FALSE,1,Public Road,1,"Trafficway, On Road",CT0009300,New Haven PD,44339,47:57.0,C,Closed,01:09.0,,1,19800,3,PRINCIPAL ARTERIAL - OTHER - NEW HPMS,1,Rural
1056113,1,Complete,1056113,1056113,41.299152,-72.949699,3548329,New Haven,93,93,New Haven,6/4/2023,2023,6,June,4,1,Sunday,2:34:00,2,23022475,A,3,,Motor Vehicle In Motion,"Injury of any type (Serious, Minor, Possible)",C,Possible Injury (C),0,1,3,State,1.59,10,10-N,10-N,,COLUMBUS AVE,595,Feet,N,41.299152,-72.949699,14,Motor Vehicle in Operation,2,Front to front,1,On Roadway,1,Clear,88,Not Applicable,5,Dark-Not Lighted,1,Dry,99,Unknown,88,Not Applicable,88,Not Applicable,0,None,88,Not Applicable,88,Not Applicable,1,Non-Junction,1,Not at Intersection,1,No,1,No,88,Not Applicable,88,Not Applicable,88,Not Applicable,88,Not Applicable,FALSE,1,Public Road,1,"Trafficway, On Road",CT0009300,New Haven PD,43690,53:07.0,C,Closed,01:15.0,,2,20800,3,PRINCIPAL ARTERIAL - OTHER - NEW HPMS,2,Urban
1056631,1,Complete,1056631,1056631,41.319105,-72.896575,3548847,New Haven,93,93,New Haven,5/26/2023,2023,5,May,26,6,Friday,15:14:00,15,23021242,A,2,,Motor Vehicle In Motion,"Injury of any type (Serious, Minor, Possible)",A,Suspected Serious Injury (A),0,0,4,Local,0.69,411,MIDDLETOWN AV,MIDDLETOWN AV,,FERRY ST,300,Feet,E,41.319105,-72.896575,14,Motor Vehicle in Operation,3,Angle,1,On Roadway,1,Clear,88,Not Applicable,1,Daylight,1,Dry,0,None,88,Not Applicable,88,Not Applicable,10,Obstruction in Roadway,88,Not Applicable,88,Not Applicable,1,Non-Junction,1,Not at Intersection,1,No,1,No,88,Not Applicable,88,Not Applicable,88,Not Applicable,88,Not Applicable,FALSE,1,Public Road,1,"Trafficway, On Road",CT0009300,New Haven PD,42044,59:54.0,C,Closed,01:56.0,,2,10700,3,PRINCIPAL ARTERIAL - OTHER - NEW HPMS,2,Urban
1056638,1,Complete,1056638,1056638,41.30888626,-72.89705251,3548854,New Haven,93,93,New Haven,6/5/2023,2023,6,June,5,2,Monday,7:06:00,7,23022578,A,3,,Motor Vehicle In Motion,"Injury of any type (Serious, Minor, Possible)",C,Possible Injury (C),0,0,4,Local,0.59,264,GRAND AV,GRAND AV,POPLAR ST,,,,,41.30888626,-72.89705251,14,Motor Vehicle in Operation,3,Angle,1,On Roadway,1,Clear,88,Not Applicable,1,Daylight,1,Dry,0,None,88,Not Applicable,88,Not Applicable,0,None,88,Not Applicable,88,Not Applicable,2,Intersection,2,Four-Way Intersection,1,No,1,No,88,Not Applicable,88,Not Applicable,88,Not Applicable,88,Not Applicable,FALSE,1,Public Road,1,"Trafficway, On Road",CT0009300,New Haven PD,263,56:23.0,C,Closed,01:58.0,,,,,,,
1056641,1,Complete,1056641,1056641,41.32159054,-72.87603262,3548857,New Haven,93,93,New Haven,6/5/2023,2023,6,June,5,2,Monday,10:00:00,10,23022592,A,2,,Motor Vehicle In Motion,"Injury of any type (Serious, Minor, Possible)",C,Possible Injury (C),0,0,3,State,0.32,80,80-E,80-E,,,1,TenthsofMile,W,41.32159054,-72.87603262,14,Motor Vehicle in Operation,3,Angle,8,"Off Roadway,  Location Unknown",1,Clear,88,Not Applicable,1,Daylight,1,Dry,0,None,88,Not Applicable,88,Not Applicable,0,None,88,Not Applicable,88,Not Applicable,1,Non-Junction,1,Not at Intersection,1,No,1,No,88,Not Applicable,88,Not Applicable,88,Not Applicable,88,Not Applicable,FALSE,2,Private Road,4,Parking Lot,CT0009300,New Haven PD,430,54:29.0,C,Closed,02:01.0,,2,32300,3,PRINCIPAL ARTERIAL - OTHER - NEW HPMS,2,Urban
1056644,1,Complete,1056644,1056644,41.32025,-72.97,3548860,New Haven,93,93,New Haven,6/5/2023,2023,6,June,5,2,Monday,12:41:00,12,23022656,A,2,,Motor Vehicle In Motion,"Injury of any type (Serious, Minor, Possible)",C,Possible Injury (C),0,0,3,State,2.88,122,122-N,122-N,EDGEWOOD WAY,,,,,41.32025,-72.97,14,Motor Vehicle in Operation,1,Front to rear,1,On Roadway,1,Clear,88,Not Applicable,1,Daylight,1,Dry,0,None,88,Not Applicable,88,Not Applicable,0,None,88,Not Applicable,88,Not Applicable,2,Intersection,2,Four-Way Intersection,1,No,1,No,88,Not Applicable,88,Not Applicable,88,Not Applicable,88,Not Applicable,FALSE,1,Public Road,1,"Trafficway, On Road",CT0009300,New Haven PD,44948,55:04.0,C,Closed,02:01.0,,1,11800,4,MINOR ARTERIAL - NEW HPMS,1,Rural
1057336,1,Complete,1057336,1057336,41.30738,-72.88377,3549552,New Haven,93,93,New Haven,5/31/2023,2023,5,May,31,4,Wednesday,21:33:00,21,23022025,A,2,,Motor Vehicle In Motion,"Injury of any type (Serious, Minor, Possible)",B,Suspected Minor Injury (B),0,0,4,Local,0.74,366,LEXINGTON AV,LEXINGTON AV,EAST GRAND AV,,,,,41.30738,-72.88377,14,Motor Vehicle in Operation,3,Angle,1,On Roadway,1,Clear,88,Not Applicable,4,Dark-Lighted,1,Dry,0,None,88,Not Applicable,88,Not Applicable,0,None,88,Not Applicable,88,Not Applicable,2,Intersection,2,Four-Way Intersection,1,No,1,No,88,Not Applicable,88,Not Applicable,88,Not Applicable,88,Not Applicable,TRUE,1,Public Road,1,"Trafficway, On Road",CT0009300,New Haven PD,44056,34:20.0,C,Closed,00:35.0,,,,,,,
1057337,1,Complete,1057337,1057337,41.315426,-72.950928,3549553,New Haven,93,93,New Haven,6/1/2023,2023,6,June,1,5,Thursday,9:01:00,9,23022068,A,3,,Motor Vehicle In Motion,"Injury of any type (Serious, Minor, Possible)",B,Suspected Minor Injury (B),0,0,3,State,2.58,10,10-N,10-N,EDGEWOOD AV,,,,,41.315426,-72.950928,14,Motor Vehicle in Operation,1,Front to rear,1,On Roadway,1,Clear,88,Not Applicable,1,Daylight,1,Dry,0,None,88,Not Applicable,88,Not Applicable,0,None,88,Not Applicable,88,Not Applicable,3,Intersection-Related,2,Four-Way Intersection,1,No,1,No,88,Not Applicable,88,Not Applicable,88,Not Applicable,88,Not Applicable,FALSE,1,Public Road,1,"Trafficway, On Road",CT0009300,New Haven PD,465,28:45.0,C,Closed,00:36.0,,1,19800,3,PRINCIPAL ARTERIAL - OTHER - NEW HPMS,1,Rural
1057339,1,Complete,1057339,1057339,41.320087,-72.89817,3549555,New Haven,93,93,New Haven,6/1/2023,2023,6,June,1,5,Thursday,19:44:00,19,23022197,A,4,,Motor Vehicle In Motion,"Injury of any type (Serious, Minor, Possible)",C,Possible Injury (C),0,0,2,USRoute,0.42,5,5-N,5-N,GRACE ST,,,,,41.320087,-72.89817,14,Motor Vehicle in Operation,4,"Sideswipe, same direction",1,On Roadway,1,Clear,88,Not Applicable,3,Dusk,1,Dry,0,None,88,Not Applicable,88,Not Applicable,0,None,88,Not Applicable,88,Not Applicable,3,Intersection-Related,3,T-Intersection,1,No,1,No,88,Not Applicable,88,Not Applicable,88,Not Applicable,88,Not Applicable,FALSE,1,Public Road,1,"Trafficway, On Road",CT0009300,New Haven PD,42048,10:03.0,O,Open,00:37.0,,1,19500,4,MINOR ARTERIAL - NEW HPMS,1,Rural
1057343,1,Complete,1057343,1057343,41.312412,-72.940758,3549559,New Haven,93,93,New Haven,6/7/2023,2023,6,June,7,4,Wednesday,0:16:00,0,23022927,A,3,,Motor Vehicle In Motion,"Injury of any type (Serious, Minor, Possible)",C,Possible Injury (C),0,0,4,Local,1.63,179,EDGEWOOD AV,EDGEWOOD AV,ORCHARD ST,,,,,41.312412,-72.940758,14,Motor Vehicle in Operation,3,Angle,1,On Roadway,1,Clear,88,Not Applicable,4,Dark-Lighted,1,Dry,0,None,88,Not Applicable,88,Not Applicable,0,None,88,Not Applicable,88,Not Applicable,2,Intersection,2,Four-Way Intersection,1,No,1,No,88,Not Applicable,88,Not Applicable,88,Not Applicable,88,Not Applicable,FALSE,1,Public Road,1,"Trafficway, On Road",CT0009300,New Haven PD,44046,39:34.0,C,Closed,00:34.0,,,,,,,
1057345,1,Complete,1057345,1057345,41.300529,-72.89196,3549561,New Haven,93,93,New Haven,6/7/2023,2023,6,June,7,4,Wednesday,9:56:00,9,23022953,A,2,,Motor Vehicle In Motion,"Injury of any type (Serious, Minor, Possible)",C,Possible Injury (C),0,0,4,Local,0.41,210,FARREN AV,FARREN AV,,E FERRY ST,20,Feet,S,41.300529,-72.89196,14,Motor Vehicle in Operation,1,Front to rear,1,On Roadway,1,Clear,88,Not Applicable,1,Daylight,1,Dry,0,None,88,Not Applicable,88,Not Applicable,0,None,88,Not Applicable,88,Not Applicable,3,Intersection-Related,3,T-Intersection,1,No,1,No,88,Not Applicable,88,Not Applicable,88,Not Applicable,88,Not Applicable,FALSE,1,Public Road,1,"Trafficway, On Road",CT0009300,New Haven PD,44951,57:49.0,C,Closed,00:36.0,,,,,,,
1058049,1,Complete,1058049,1058049,41.304688,-72.886917,3550265,New Haven,93,93,New Haven,5/28/2023,2023,5,May,28,1,Sunday,15:21:00,15,23021491,A,2,,Motor Vehicle In Motion,"Injury of any type (Serious, Minor, Possible)",B,Suspected Minor Injury (B),0,0,4,Local,0.41,363,LENOX ST,LENOX ST,,ANER ST,200,Feet,S,41.304688,-72.886917,14,Motor Vehicle in Operation,1,Front to rear,1,On Roadway,1,Clear,88,Not Applicable,1,Daylight,1,Dry,0,None,88,Not Applicable,88,Not Applicable,0,None,88,Not Applicable,88,Not Applicable,1,Non-Junction,1,Not at Intersection,1,No,1,No,88,Not Applicable,88,Not Applicable,88,Not Applicable,88,Not Applicable,FALSE,1,Public Road,1,"Trafficway, On Road",CT0009300,New Haven PD,41103,13:01.0,C,Closed,01:06.0,,,,,,,
1058053,1,Complete,1058053,1058053,41.305759,-72.924988,3550269,New Haven,93,93,New Haven,6/1/2023,2023,6,June,1,5,Thursday,19:07:00,19,23022189,A,2,,Motor Vehicle In Motion,"Injury of any type (Serious, Minor, Possible)",C,Possible Injury (C),0,0,4,Local,1.72,97,CHAPEL ST,CHAPEL ST,,CHURCH ST,197,Feet,E,41.305759,-72.924988,14,Motor Vehicle in Operation,1,Front to rear,1,On Roadway,1,Clear,88,Not Applicable,1,Daylight,1,Dry,0,None,88,Not Applicable,88,Not Applicable,0,None,88,Not Applicable,88,Not Applicable,1,Non-Junction,1,Not at Intersection,1,No,1,No,88,Not Applicable,88,Not Applicable,88,Not Applicable,88,Not Applicable,TRUE,1,Public Road,1,"Trafficway, On Road",CT0009300,New Haven PD,469,22:40.0,C,Closed,01:19.0,,,,,,,
1058061,1,Complete,1058061,1058061,41.320858,-72.87397,3550277,New Haven,93,93,New Haven,6/7/2023,2023,6,June,7,4,Wednesday,17:38:00,17,23023097,A,2,,Cross Centerline,"Injury of any type (Serious, Minor, Possible)",C,Possible Injury (C),0,1,3,State,0.44,80,80-E,80-E,103-N,,,,,41.320858,-72.87397,4,Jackknife,3,Angle,1,On Roadway,1,Clear,88,Not Applicable,1,Daylight,1,Dry,0,None,88,Not Applicable,88,Not Applicable,0,None,88,Not Applicable,88,Not Applicable,2,Intersection,2,Four-Way Intersection,1,No,1,No,88,Not Applicable,88,Not Applicable,88,Not Applicable,88,Not Applicable,FALSE,1,Public Road,1,"Trafficway, On Road",CT0009300,New Haven PD,290,52:32.0,C,Closed,00:57.0,,2,32300,3,PRINCIPAL ARTERIAL - OTHER - NEW HPMS,2,Urban
1058066,1,Complete,1058066,1058066,41.316877,-72.942291,3550282,New Haven,93,93,New Haven,6/8/2023,2023,6,June,8,5,Thursday,10:09:00,10,23023155,A,3,,Motor Vehicle In Motion,"Injury of any type (Serious, Minor, Possible)",C,Possible Injury (C),0,0,4,Local,0.79,556,SHERMAN AV,SHERMAN AV,,WHALLEY AVE,50,Feet,N,41.316877,-72.942291,14,Motor Vehicle in Operation,5,"Sideswipe, opposite direction",1,On Roadway,1,Clear,88,Not Applicable,1,Daylight,1,Dry,0,None,88,Not Applicable,88,Not Applicable,0,None,88,Not Applicable,88,Not Applicable,11,Through Roadway,1,Not at Intersection,1,No,1,No,88,Not Applicable,88,Not Applicable,88,Not Applicable,88,Not Applicable,FALSE,1,Public Road,1,"Trafficway, On Road",CT0009300,New Haven PD,359,43:56.0,C,Closed,00:58.0,,,,,,,
1058083,1,Complete,1058083,1058083,41.326752,-72.964821,3550299,New Haven,93,93,New Haven,6/9/2023,2023,6,June,9,6,Friday,15:19:00,15,23023341,A,2,,Motor Vehicle In Motion,"Injury of any type (Serious, Minor, Possible)",C,Possible Injury (C),0,0,3,State,6.39,243,243-E,243-E,BARNETT ST,,,,,41.326752,-72.964821,14,Motor Vehicle in Operation,3,Angle,1,On Roadway,1,Clear,88,Not Applicable,1,Daylight,1,Dry,0,None,88,Not Applicable,88,Not Applicable,0,None,88,Not Applicable,88,Not Applicable,2,Intersection,3,T-Intersection,1,No,1,No,88,Not Applicable,88,Not Applicable,88,Not Applicable,88,Not Applicable,FALSE,1,Public Road,1,"Trafficway, On Road",CT0009300,New Haven PD,402,19:10.0,C,Closed,01:06.0,,1,10500,4,MINOR ARTERIAL - NEW HPMS,1,Rural
1058084,1,Complete,1058084,1058084,41.309628,-72.935283,3550300,New Haven,93,93,New Haven,6/9/2023,2023,6,June,9,6,Friday,15:16:00,15,23023352,A,2,,Motor Vehicle In Motion,"Injury of any type (Serious, Minor, Possible)",C,Possible Injury (C),0,0,4,Local,0.26,310,HOWE ST,HOWE ST,,CHAPEL ST,100,Feet,N,41.309628,-72.935283,14,Motor Vehicle in Operation,4,"Sideswipe, same direction",1,On Roadway,1,Clear,1,Clear,1,Daylight,1,Dry,0,None,88,Not Applicable,88,Not Applicable,0,None,88,Not Applicable,88,Not Applicable,1,Non-Junction,1,Not at Intersection,1,No,1,No,88,Not Applicable,88,Not Applicable,88,Not Applicable,88,Not Applicable,FALSE,1,Public Road,1,"Trafficway, On Road",CT0009300,New Haven PD,44175,43:59.0,C,Closed,01:02.0,,,,,,,
1058091,1,Complete,1058091,1058091,41.318336,-72.962791,3550307,New Haven,93,93,New Haven,6/10/2023,2023,6,June,10,7,Saturday,8:21:00,8,23023437,A,3,,Motor Vehicle In Motion,"Injury of any type (Serious, Minor, Possible)",A,Suspected Serious Injury (A),0,0,4,Local,0.6,93,CENTRAL AV,CENTRAL AV,EDGEWOOD AV,,,,,41.318336,-72.962791,14,Motor Vehicle in Operation,3,Angle,1,On Roadway,1,Clear,88,Not Applicable,1,Daylight,1,Dry,0,None,88,Not Applicable,88,Not Applicable,0,None,88,Not Applicable,88,Not Applicable,2,Intersection,2,Four-Way Intersection,1,No,1,No,88,Not Applicable,88,Not Applicable,88,Not Applicable,88,Not Applicable,FALSE,1,Public Road,1,"Trafficway, On Road",CT0009300,New Haven PD,44948,22:13.0,C,Closed,01:12.0,,,,,,,
1058092,1,Complete,1058092,1058092,41.322887,-72.896347,3550308,New Haven,93,93,New Haven,6/10/2023,2023,6,June,10,7,Saturday,9:41:00,9,23023449,A,2,,Motor Vehicle In Motion,"Injury of any type (Serious, Minor, Possible)",C,Possible Injury (C),0,0,2,USRoute,0.64,5,5-N,5-N,,LYMAN ST,1,TenthsofMile,S,41.322887,-72.896347,14,Motor Vehicle in Operation,3,Angle,1,On Roadway,1,Clear,88,Not Applicable,1,Daylight,1,Dry,0,None,88,Not Applicable,88,Not Applicable,0,None,88,Not Applicable,88,Not Applicable,1,Non-Junction,1,Not at Intersection,1,No,1,No,88,Not Applicable,88,Not Applicable,88,Not Applicable,88,Not Applicable,FALSE,1,Public Road,1,"Trafficway, On Road",CT0009300,New Haven PD,44046,05:11.0,C,Closed,01:10.0,,1,17500,4,MINOR ARTERIAL - NEW HPMS,1,Rural
1058094,1,Complete,1058094,1058094,41.300083,-72.927887,3550310,New Haven,93,93,New Haven,6/10/2023,2023,6,June,10,7,Saturday,13:08:00,13,23023468,A,3,,Motor Vehicle In Motion,"Injury of any type (Serious, Minor, Possible)",C,Possible Injury (C),0,0,4,Local,0.1,764,TOWER LA,TOWER LA,,,,,,41.300083,-72.927887,14,Motor Vehicle in Operation,3,Angle,97,Other,1,Clear,88,Not Applicable,1,Daylight,1,Dry,0,None,88,Not Applicable,88,Not Applicable,0,None,88,Not Applicable,88,Not Applicable,97,Other,1,Not at Intersection,1,No,1,No,88,Not Applicable,88,Not Applicable,88,Not Applicable,88,Not Applicable,FALSE,88,Not Applicable,4,Parking Lot,CT0009300,New Haven PD,295,19:40.0,C,Closed,01:10.0,,,,,,,
1058103,1,Complete,1058103,1058103,41.31833,-72.962726,3550319,New Haven,93,93,New Haven,6/11/2023,2023,6,June,11,1,Sunday,18:02:00,18,23023613,A,2,,Motor Vehicle In Motion,"Injury of any type (Serious, Minor, Possible)",C,Possible Injury (C),0,0,4,Local,0.6,93,CENTRAL AV,CENTRAL AV,EDGEWOOD AV,,,,,41.31833,-72.962726,14,Motor Vehicle in Operation,3,Angle,1,On Roadway,1,Clear,88,Not Applicable,1,Daylight,1,Dry,0,None,88,Not Applicable,88,Not Applicable,0,None,88,Not Applicable,88,Not Applicable,2,Intersection,2,Four-Way Intersection,1,No,1,No,88,Not Applicable,88,Not Applicable,88,Not Applicable,88,Not Applicable,FALSE,1,Public Road,1,"Trafficway, On Road",CT0009300,New Haven PD,44946,13:49.0,C,Closed,01:23.0,,,,,,,
1058648,1,Complete,1058648,1058648,41.307014,-72.900955,3550864,New Haven,93,93,New Haven,5/3/2023,2023,5,May,3,4,Wednesday,15:40:00,15,23017729,A,2,,Motor Vehicle In Motion,"Injury of any type (Serious, Minor, Possible)",C,Possible Injury (C),0,0,4,Local,0.59,204,EXCHANGE ST,EXCHANGE ST,,LLOYD STREET,25,Feet,W,41.307014,-72.900955,14,Motor Vehicle in Operation,1,Front to rear,1,On Roadway,1,Clear,88,Not Applicable,1,Daylight,1,Dry,0,None,88,Not Applicable,88,Not Applicable,0,None,88,Not Applicable,88,Not Applicable,1,Non-Junction,1,Not at Intersection,1,No,1,No,88,Not Applicable,88,Not Applicable,88,Not Applicable,88,Not Applicable,FALSE,1,Public Road,1,"Trafficway, On Road",CT0009300,New Haven PD,756,40:14.0,C,Closed,00:39.0,,,,,,,
1058649,1,Complete,1058649,1058649,41.300689,-72.910885,3550865,New Haven,93,93,New Haven,5/25/2023,2023,5,May,25,5,Thursday,16:50:00,16,23021120,A,2,,Motor Vehicle In Motion,"Injury of any type (Serious, Minor, Possible)",C,Possible Injury (C),0,0,4,Local,1.07,165,EAST ST,EAST ST,WATER ST,,,,,41.300689,-72.910885,14,Motor Vehicle in Operation,4,"Sideswipe, same direction",1,On Roadway,1,Clear,88,Not Applicable,1,Daylight,1,Dry,0,None,88,Not Applicable,88,Not Applicable,0,None,88,Not Applicable,88,Not Applicable,2,Intersection,2,Four-Way Intersection,1,No,1,No,88,Not Applicable,88,Not Applicable,88,Not Applicable,88,Not Applicable,FALSE,1,Public Road,1,"Trafficway, On Road",CT0009300,New Haven PD,991,16:02.0,C,Closed,00:40.0,,,,,,,
1058652,1,Complete,1058652,1058652,41.290678,-72.936891,3550868,New Haven,93,93,New Haven,6/10/2023,2023,6,June,10,7,Saturday,20:17:00,20,23022745,A,2,,Motor Vehicle In Motion,"Injury of any type (Serious, Minor, Possible)",C,Possible Injury (C),0,0,4,Local,0.19,350,LAMBERTON ST,LAMBERTON ST,HURLBURT ST,,,,,41.290678,-72.936891,14,Motor Vehicle in Operation,3,Angle,1,On Roadway,1,Clear,88,Not Applicable,1,Daylight,1,Dry,0,None,88,Not Applicable,88,Not Applicable,0,None,88,Not Applicable,88,Not Applicable,2,Intersection,3,T-Intersection,1,No,1,No,88,Not Applicable,88,Not Applicable,88,Not Applicable,88,Not Applicable,FALSE,1,Public Road,1,"Trafficway, On Road",CT0009300,New Haven PD,33016,19:10.0,C,Closed,00:45.0,,,,,,,
1058656,1,Complete,1058656,1058656,41.30705,-72.92104,3550872,New Haven,93,93,New Haven,6/11/2023,2023,6,June,11,1,Sunday,18:09:00,18,23023614,A,2,,Motor Vehicle In Motion,"Injury of any type (Serious, Minor, Possible)",B,Suspected Minor Injury (B),0,0,4,Local,1.17,575,STATE ST,STATE ST,GRAND AV,,,,,41.30705,-72.92104,14,Motor Vehicle in Operation,3,Angle,1,On Roadway,1,Clear,1,Clear,1,Daylight,1,Dry,0,None,88,Not Applicable,88,Not Applicable,0,None,88,Not Applicable,88,Not Applicable,2,Intersection,2,Four-Way Intersection,1,No,1,No,88,Not Applicable,88,Not Applicable,88,Not Applicable,88,Not Applicable,FALSE,1,Public Road,1,"Trafficway, On Road",CT0009300,New Haven PD,44049,35:36.0,C,Closed,00:38.0,,,,,,,
1058661,1,Complete,1058661,1058661,41.283695,-72.893791,3550877,New Haven,93,93,New Haven,6/12/2023,2023,6,June,12,2,Monday,16:19:00,16,23023728,A,4,,Motor Vehicle In Motion,"Injury of any type (Serious, Minor, Possible)",C,Possible Injury (C),0,0,3,State,0.42,337,337-E,337-E,,PARK LANE,400,Feet,S,41.283695,-72.893791,14,Motor Vehicle in Operation,1,Front to rear,1,On Roadway,2,Cloudy,88,Not Applicable,1,Daylight,1,Dry,0,None,88,Not Applicable,88,Not Applicable,0,None,88,Not Applicable,88,Not Applicable,1,Non-Junction,1,Not at Intersection,1,No,1,No,88,Not Applicable,88,Not Applicable,88,Not Applicable,88,Not Applicable,FALSE,1,Public Road,1,"Trafficway, On Road",CT0009300,New Haven PD,40951,45:54.0,C,Closed,00:44.0,,1,9200,4,MINOR ARTERIAL - NEW HPMS,1,Rural
1058664,1,Complete,1058664,1058664,41.31584,-72.948788,3550880,New Haven,93,93,New Haven,6/12/2023,2023,6,June,12,2,Monday,15:59:00,15,23023733,A,2,,Motor Vehicle In Motion,"Injury of any type (Serious, Minor, Possible)",B,Suspected Minor Injury (B),0,0,4,Local,0.4,193,ELLSWORTH AV,ELLSWORTH AV,MAPLE ST,,,,,41.31584,-72.948788,14,Motor Vehicle in Operation,3,Angle,1,On Roadway,1,Clear,88,Not Applicable,1,Daylight,1,Dry,0,None,88,Not Applicable,88,Not Applicable,0,None,88,Not Applicable,88,Not Applicable,2,Intersection,2,Four-Way Intersection,1,No,1,No,88,Not Applicable,88,Not Applicable,88,Not Applicable,88,Not Applicable,FALSE,1,Public Road,1,"Trafficway, On Road",CT0009300,New Haven PD,44953,18:11.0,C,Closed,00:42.0,,,,,,,