CrashId,Fatal Case Status,Fatal Case Status Text Format,CrashId,CrashId,Latitude,Longitude,DOT Case Number,Town Name,Town Number,Town Number,Town Number Text Format,Date Of Crash,Year,Month,Month Text Format,Day,Day of the Week,Day of the Week Text Format,Time of Crash,Hour of the Day,Case Identifier,Crash Severity,Number Of Motor Vehicles,Motor vehicle action,Most harmful event,Crash Severity Text Format,Most Severe Injury,Most Severe Injury Text Format,Number Of Non-Motorist,Number Of Witnesses,Route Class,Route Class Text Format,Milemarker,Road Number,Road Description,Roadway Name,Intersecting Roadway Name,Landmark Description,Distance From Nearest Landmark,Unit Of Measure From Nearest Landmark,Direction From Nearest Landmark,Latitude,Longitude,First Harmful Event,First Harmful Event Text Format,Manner of Crash / Collision Impact,Manner of Crash / Collision Impact Text Format,Location of First Harmful Event,Location of First Harmful Event Text Format,Weather Condition,Weather Condition Text Format,Weather 2,Weather 2 Text Format,Light Condition,Light Condition Text Format,Road Surface Condition,Road Surface Condition Text Format,"Contributing Circumstances, Environment","Contributing Circumstances, Environment Text Format",Environment 2,Environment 2 Text Format,Environment 3,Environment 3 Text Format,"Contributing Circumstances, Road","Contributing Circumstances, Road Text Format",Road 2,Road 2 Text Format,Road 3,Road 3 Text Format,Crash Specific Location,Crash Specific Location Text Format,Type of Intersection,Type of Intersection Text Format,School Bus Related,School Bus Related Text Format,Work Zone Related,Work Zone Related Text Format,Location Of Crash Relative To Work Zone,Location Of Crash Relative To Work Zone Text Format,Type of Work Zone,Type of Work Zone Text Format,Worker Presence,Worker Presence Text Format,Law Enforcement Presence,Law Enforcement Presence Text Format,Were Vehicles Moved Prior To Police Arrival,Trafficway Ownership,Trafficway Ownership Text Format,Trafficway Class,Trafficway Class Text Format,Police Agency,Police Agency Text Format,Badge Number,Approval Date,Police Case Status,Police Case Status Text Format,Crash Report Submission Date,Related Case Identifiers,No. of Through Lanes (Log Dir.),Average Daily Traffic,Functional Classification,Functional Classification Text Format,Rural or Urban,Rural or Urban Text Format
1065263,1,Complete,1065263,1065263,41.286766,-72.89547,3557475,New Haven,93,93,New Haven,7/3/2023,2023,7,July,3,2,Monday,19:11:00,19,23026776,A,2,,Motor Vehicle In Motion,"Injury of any type (Serious, Minor, Possible)",C,Possible Injury (C),0,0,4,Local,1.2,678,WOODWARD AV,WOODWARD AV,,JOHN ST,160,Feet,S,41.286766,-72.89547,14,Motor Vehicle in Operation,3,Angle,1,On Roadway,1,Clear,88,Not Applicable,1,Daylight,1,Dry,0,None,88,Not Applicable,88,Not Applicable,0,None,88,Not Applicable,88,Not Applicable,9,Driveway Access-Related,1,Not at Intersection,1,No,1,No,88,Not Applicable,88,Not Applicable,88,Not Applicable,88,Not Applicable,FALSE,1,Public Road,1,"Trafficway, On Road",CT0009300,New Haven PD,279,10:54.0,C,Closed,00:14.0,,,,,,,
1065264,1,Complete,1065264,1065264,41.330318,-72.875359,3557476,New Haven,93,93,New Haven,7/5/2023,2023,7,July,5,4,Wednesday,12:17:00,12,23026999,A,2,,Motor Vehicle In Motion,"Injury of any type (Serious, Minor, Possible)",C,Possible Injury (C),0,0,3,State,0.77,17,17-N,17-N,,GANDO DR,30,Feet,S,41.330318,-72.875359,14,Motor Vehicle in Operation,1,Front to rear,1,On Roadway,1,Clear,88,Not Applicable,1,Daylight,1,Dry,0,None,88,Not Applicable,88,Not Applicable,0,None,88,Not Applicable,88,Not Applicable,3,Intersection-Related,3,T-Intersection,1,No,1,No,88,Not Applicable,88,Not Applicable,88,Not Applicable,88,Not Applicable,TRUE,1,Public Road,1,"Trafficway, On Road",CT0009300,New Haven PD,416,27:31.0,C,Closed,00:16.0,,1,14300,3,PRINCIPAL ARTERIAL - OTHER - NEW HPMS,1,Rural
1065266,1,Complete,1065266,1065266,41.318598,-72.94928,3557478,New Haven,93,93,New Haven,7/5/2023,2023,7,July,5,4,Wednesday,18:26:00,18,23027042,A,2,,Motor Vehicle In Motion,"Injury of any type (Serious, Minor, Possible)",C,Possible Injury (C),0,0,3,State,3,10,10-N,10-N,,WHALLEY AVE,100,Feet,S,41.318598,-72.94928,14,Motor Vehicle in Operation,1,Front to rear,1,On Roadway,1,Clear,88,Not Applicable,1,Daylight,1,Dry,0,None,88,Not Applicable,88,Not Applicable,0,None,88,Not Applicable,88,Not Applicable,1,Non-Junction,1,Not at Intersection,1,No,1,No,88,Not Applicable,88,Not Applicable,88,Not Applicable,88,Not Applicable,FALSE,1,Public Road,1,"Trafficway, On Road",CT0009300,New Haven PD,45132,43:30.0,C,Closed,00:12.0,,1,10200,3,PRINCIPAL ARTERIAL - OTHER - NEW HPMS,1,Rural
1065271,1,Complete,1065271,1065271,41.299343,-72.934654,3557483,New Haven,93,93,New Haven,7/6/2023,2023,7,July,6,5,Thursday,14:20:00,14,23027140,A,3,,Motor Vehicle In Motion,"Injury of any type (Serious, Minor, Possible)",B,Suspected Minor Injury (B),0,1,4,Local,0.12,730,WASHINGTON AV NO 2,WASHINGTON AV NO 2,HOWARD AV,,,,,41.299343,-72.934654,14,Motor Vehicle in Operation,4,"Sideswipe, same direction",1,On Roadway,1,Clear,88,Not Applicable,1,Daylight,1,Dry,0,None,88,Not Applicable,88,Not Applicable,0,None,88,Not Applicable,88,Not Applicable,2,Intersection,2,Four-Way Intersection,1,No,1,No,88,Not Applicable,88,Not Applicable,88,Not Applicable,88,Not Applicable,FALSE,1,Public Road,1,"Trafficway, On Road",CT0009300,New Haven PD,251,41:21.0,O,Open,00:20.0,,,,,,,
1065702,1,Complete,1065702,1065702,41.301567,-72.927315,3557914,New Haven,93,93,New Haven,6/22/2023,2023,6,June,22,5,Thursday,18:34:00,18,23025235,A,2,,Motor Vehicle In Motion,"Injury of any type (Serious, Minor, Possible)",C,Possible Injury (C),0,0,3,State,0,34,34-E-8A,34-E-8A,SOUTH ORANGE ST,,,,,41.301567,-72.927315,14,Motor Vehicle in Operation,1,Front to rear,1,On Roadway,1,Clear,88,Not Applicable,1,Daylight,1,Dry,0,None,88,Not Applicable,88,Not Applicable,0,None,88,Not Applicable,88,Not Applicable,2,Intersection,3,T-Intersection,1,No,1,No,88,Not Applicable,88,Not Applicable,88,Not Applicable,88,Not Applicable,FALSE,1,Public Road,1,"Trafficway, On Road",CT0009300,New Haven PD,19532,58:51.0,C,Closed,01:59.0,,,4500,2,PRIN ART-OTHER FREEWAYS & EXPRESSWAYS - NEW HPMS,2,Urban
1065707,1,Complete,1065707,1065707,41.321793,-72.873436,3557919,New Haven,93,93,New Haven,6/30/2023,2023,6,June,30,6,Friday,18:15:00,18,23026363,A,1,,Pedestrian,"Injury of any type (Serious, Minor, Possible)",C,Possible Injury (C),1,0,3,State,0.07,103,103-N,103-N,BARNES AV,,,,,41.321793,-72.873436,9,Pedestrian,88,Not Applicable,1,On Roadway,1,Clear,88,Not Applicable,1,Daylight,1,Dry,0,None,88,Not Applicable,88,Not Applicable,0,None,88,Not Applicable,88,Not Applicable,2,Intersection,3,T-Intersection,1,No,1,No,88,Not Applicable,88,Not Applicable,88,Not Applicable,88,Not Applicable,FALSE,1,Public Road,1,"Trafficway, On Road",CT0009300,New Haven PD,322,14:30.0,C,Closed,01:50.0,,2,9000,4,MINOR ARTERIAL - NEW HPMS,2,Urban
1065708,1,Complete,1065708,1065708,41.287117,-72.895241,3557920,New Haven,93,93,New Haven,6/30/2023,2023,6,June,30,6,Friday,20:28:00,20,23026383,A,2,,Motor Vehicle In Motion,"Injury of any type (Serious, Minor, Possible)",A,Suspected Serious Injury (A),0,0,4,Local,1.22,678,WOODWARD AV,WOODWARD AV,,JOHN ST,25,Feet,S,41.287117,-72.895241,14,Motor Vehicle in Operation,2,Front to front,1,On Roadway,1,Clear,88,Not Applicable,3,Dusk,1,Dry,0,None,88,Not Applicable,88,Not Applicable,0,None,88,Not Applicable,88,Not Applicable,1,Non-Junction,1,Not at Intersection,1,No,1,No,88,Not Applicable,88,Not Applicable,88,Not Applicable,88,Not Applicable,FALSE,1,Public Road,1,"Trafficway, On Road",CT0009300,New Haven PD,322,18:55.0,C,Closed,01:48.0,,,,,,,
1065709,1,Complete,1065709,1065709,41.320316,-72.87191,3557921,New Haven,93,93,New Haven,7/1/2023,2023,7,July,1,7,Saturday,18:50:00,18,23026472,A,2,,Motor Vehicle In Motion,"Injury of any type (Serious, Minor, Possible)",C,Possible Injury (C),0,0,3,State,0.57,80,80-E,80-E,EASTERN ST,,,,,41.320316,-72.87191,14,Motor Vehicle in Operation,4,"Sideswipe, same direction",1,On Roadway,1,Clear,88,Not Applicable,1,Daylight,1,Dry,0,None,88,Not Applicable,88,Not Applicable,0,None,88,Not Applicable,88,Not Applicable,2,Intersection,2,Four-Way Intersection,1,No,1,No,88,Not Applicable,88,Not Applicable,88,Not Applicable,88,Not Applicable,FALSE,1,Public Road,1,"Trafficway, On Road",CT0009300,New Haven PD,322,40:24.0,C,Closed,01:48.0,,2,32300,3,PRINCIPAL ARTERIAL - OTHER - NEW HPMS,2,Urban
1065712,1,Complete,1065712,1065712,41.304543,-72.926819,3557924,New Haven,93,93,New Haven,7/2/2023,2023,7,July,2,1,Sunday,12:53:00,12,23026549,A,2,,Motor Vehicle In Motion,"Injury of any type (Serious, Minor, Possible)",C,Possible Injury (C),0,0,4,Local,0.05,103,CHURCH ST,CHURCH ST,,CROWN ST,73,Feet,S,41.304543,-72.926819,14,Motor Vehicle in Operation,4,"Sideswipe, same direction",1,On Roadway,1,Clear,88,Not Applicable,1,Daylight,1,Dry,0,None,88,Not Applicable,88,Not Applicable,0,None,88,Not Applicable,88,Not Applicable,1,Non-Junction,1,Not at Intersection,1,No,1,No,88,Not Applicable,88,Not Applicable,88,Not Applicable,88,Not Applicable,TRUE,1,Public Road,1,"Trafficway, On Road",CT0009300,New Haven PD,469,13:16.0,C,Closed,01:56.0,,,,,,,
1065720,1,Complete,1065720,1065720,41.316994,-72.902634,3557932,New Haven,93,93,New Haven,7/5/2023,2023,7,July,5,4,Wednesday,16:46:00,16,23027023,A,2,,Motor Vehicle In Motion,"Injury of any type (Serious, Minor, Possible)",B,Suspected Minor Injury (B),0,0,2,USRoute,0.1,5,5-N,5-N,,BLATCHLEY AVE,355,Feet,S,41.316994,-72.902634,14,Motor Vehicle in Operation,4,"Sideswipe, same direction",1,On Roadway,1,Clear,88,Not Applicable,1,Daylight,1,Dry,0,None,88,Not Applicable,88,Not Applicable,0,None,88,Not Applicable,88,Not Applicable,1,Non-Junction,1,Not at Intersection,1,No,1,No,88,Not Applicable,88,Not Applicable,88,Not Applicable,88,Not Applicable,FALSE,1,Public Road,1,"Trafficway, On Road",CT0009300,New Haven PD,263,12:00.0,C,Closed,01:57.0,,1,12900,4,MINOR ARTERIAL - NEW HPMS,1,Rural
1065721,1,Complete,1065721,1065721,41.32098,-72.942345,3557933,New Haven,93,93,New Haven,7/5/2023,2023,7,July,5,4,Wednesday,20:20:00,20,23027053,A,2,,Motor Vehicle In Motion,"Injury of any type (Serious, Minor, Possible)",C,Possible Injury (C),0,0,4,Local,0.48,258,GOFFE TER,GOFFE TER,WINTHROP AV NO 2,,,,,41.32098,-72.942345,14,Motor Vehicle in Operation,3,Angle,1,On Roadway,1,Clear,88,Not Applicable,4,Dark-Lighted,1,Dry,0,None,88,Not Applicable,88,Not Applicable,0,None,88,Not Applicable,88,Not Applicable,2,Intersection,2,Four-Way Intersection,1,No,1,No,88,Not Applicable,88,Not Applicable,88,Not Applicable,88,Not Applicable,FALSE,1,Public Road,1,"Trafficway, On Road",CT0009300,New Haven PD,324,35:29.0,C,Closed,02:01.0,,,,,,,
1065729,1,Complete,1065729,1065729,41.327595,-72.935234,3557941,New Haven,93,93,New Haven,7/7/2023,2023,7,July,7,6,Friday,8:08:00,8,23027242,A,2,,Motor Vehicle In Motion,"Injury of any type (Serious, Minor, Possible)",B,Suspected Minor Injury (B),0,1,4,Local,1.04,152,DIXWELL AV,DIXWELL AV,HARDING PL,,,,,41.327595,-72.935234,14,Motor Vehicle in Operation,3,Angle,1,On Roadway,1,Clear,88,Not Applicable,1,Daylight,1,Dry,0,None,88,Not Applicable,88,Not Applicable,0,None,88,Not Applicable,88,Not Applicable,2,Intersection,3,T-Intersection,1,No,1,No,88,Not Applicable,88,Not Applicable,88,Not Applicable,88,Not Applicable,FALSE,1,Public Road,1,"Trafficway, On Road",CT0009300,New Haven PD,87,26:37.0,C,Closed,01:49.0,,,,,,,
1065731,1,Complete,1065731,1065731,41.308414,-72.895308,3557943,New Haven,93,93,New Haven,7/7/2023,2023,7,July,7,6,Friday,17:19:00,17,23027321,A,2,,Motor Vehicle In Motion,"Injury of any type (Serious, Minor, Possible)",C,Possible Injury (C),0,0,4,Local,0.79,213,FERRY ST,FERRY ST,,GRAND AVE,200,Feet,E,41.308414,-72.895308,14,Motor Vehicle in Operation,1,Front to rear,1,On Roadway,1,Clear,88,Not Applicable,1,Daylight,1,Dry,0,None,88,Not Applicable,88,Not Applicable,0,None,88,Not Applicable,88,Not Applicable,1,Non-Junction,1,Not at Intersection,1,No,1,No,88,Not Applicable,88,Not Applicable,88,Not Applicable,88,Not Applicable,FALSE,1,Public Road,1,"Trafficway, On Road",CT0009300,New Haven PD,44951,08:37.0,C,Closed,02:11.0,,,,,,,
1065735,1,Complete,1065735,1065735,41.329533,-72.935204,3557947,New Haven,93,93,New Haven,7/7/2023,2023,7,July,7,6,Friday,23:42:00,23,23027365,A,2,,Motor Vehicle In Motion,"Injury of any type (Serious, Minor, Possible)",C,Possible Injury (C),0,0,4,Local,1.18,152,DIXWELL AV,DIXWELL AV,HAZEL ST,,,,,41.329533,-72.935204,14,Motor Vehicle in Operation,3,Angle,1,On Roadway,1,Clear,88,Not Applicable,4,Dark-Lighted,1,Dry,0,None,88,Not Applicable,88,Not Applicable,0,None,88,Not Applicable,88,Not Applicable,2,Intersection,3,T-Intersection,1,No,1,No,88,Not Applicable,88,Not Applicable,88,Not Applicable,88,Not Applicable,TRUE,1,Public Road,1,"Trafficway, On Road",CT0009300,New Haven PD,432,34:08.0,C,Closed,02:09.0,,,,,,,
1065739,1,Complete,1065739,1065739,41.331558,-72.930351,3557951,New Haven,93,93,New Haven,7/8/2023,2023,7,July,8,7,Saturday,11:36:00,11,23027410,A,2,,Motor Vehicle In Motion,"Injury of any type (Serious, Minor, Possible)",C,Possible Injury (C),0,0,4,Local,0.46,42,BASSETT ST,BASSETT ST,BUTLER ST,,,,,41.331558,-72.930351,14,Motor Vehicle in Operation,3,Angle,1,On Roadway,1,Clear,88,Not Applicable,1,Daylight,1,Dry,0,None,88,Not Applicable,88,Not Applicable,0,None,88,Not Applicable,88,Not Applicable,2,Intersection,2,Four-Way Intersection,1,No,1,No,88,Not Applicable,88,Not Applicable,88,Not Applicable,88,Not Applicable,FALSE,1,Public Road,1,"Trafficway, On Road",CT0009300,New Haven PD,42052,48:45.0,C,Closed,02:03.0,,,,,,,
1065740,1,Complete,1065740,1065740,41.306934,-72.942429,3557952,New Haven,93,93,New Haven,7/8/2023,2023,7,July,8,7,Saturday,12:00:00,12,23027413,A,2,,Motor Vehicle In Motion,"Injury of any type (Serious, Minor, Possible)",C,Possible Injury (C),0,0,4,Local,1.02,809,REV DR MLK JR BLVD,REV DR MLK JR BLVD,ORCHARD ST,,,,,41.306934,-72.942429,14,Motor Vehicle in Operation,3,Angle,1,On Roadway,1,Clear,88,Not Applicable,1,Daylight,1,Dry,0,None,88,Not Applicable,88,Not Applicable,0,None,88,Not Applicable,88,Not Applicable,2,Intersection,2,Four-Way Intersection,1,No,1,No,88,Not Applicable,88,Not Applicable,88,Not Applicable,88,Not Applicable,FALSE,1,Public Road,1,"Trafficway, On Road",CT0009300,New Haven PD,465,57:16.0,C,Closed,02:10.0,,,,,,,
1065741,1,Complete,1065741,1065741,41.308521,-72.912331,3557953,New Haven,93,93,New Haven,7/8/2023,2023,7,July,8,7,Saturday,13:24:00,13,23027422,A,2,,Motor Vehicle In Motion,"Injury of any type (Serious, Minor, Possible)",C,Possible Injury (C),0,1,4,Local,1.38,264,GRAND AV,GRAND AV,HAMILTON ST NO 2,,,,,41.308521,-72.912331,14,Motor Vehicle in Operation,3,Angle,1,On Roadway,1,Clear,88,Not Applicable,1,Daylight,1,Dry,0,None,88,Not Applicable,88,Not Applicable,0,None,88,Not Applicable,88,Not Applicable,2,Intersection,2,Four-Way Intersection,1,No,1,No,88,Not Applicable,88,Not Applicable,88,Not Applicable,88,Not Applicable,FALSE,1,Public Road,1,"Trafficway, On Road",CT0009300,New Haven PD,44339,30:02.0,C,Closed,02:01.0,,,,,,,
1065742,1,Complete,1065742,1065742,41.32056,-72.873169,3557954,New Haven,93,93,New Haven,7/8/2023,2023,7,July,8,7,Saturday,13:43:00,13,23027424,A,2,,Motor Vehicle In Motion,"Injury of any type (Serious, Minor, Possible)",C,Possible Injury (C),0,0,3,State,0.49,80,80-E,80-E,,QUINNIPIAC AVE,230,Feet,E,41.32056,-72.873169,14,Motor Vehicle in Operation,3,Angle,1,On Roadway,1,Clear,88,Not Applicable,1,Daylight,1,Dry,0,None,88,Not Applicable,88,Not Applicable,0,None,88,Not Applicable,88,Not Applicable,9,Driveway Access-Related,1,Not at Intersection,1,No,1,No,88,Not Applicable,88,Not Applicable,88,Not Applicable,88,Not Applicable,FALSE,1,Public Road,1,"Trafficway, On Road",CT0009300,New Haven PD,156,54:31.0,C,Closed,02:16.0,,2,32300,3,PRINCIPAL ARTERIAL - OTHER - NEW HPMS,2,Urban
1065744,1,Complete,1065744,1065744,41.313038,-72.951981,3557956,New Haven,93,93,New Haven,7/8/2023,2023,7,July,8,7,Saturday,16:29:00,16,23027435,A,2,,Motor Vehicle In Motion,"Injury of any type (Serious, Minor, Possible)",C,Possible Injury (C),0,0,3,State,2.41,10,10-N,10-N,CHAPEL ST,,,,,41.313038,-72.951981,14,Motor Vehicle in Operation,3,Angle,1,On Roadway,1,Clear,88,Not Applicable,1,Daylight,1,Dry,0,None,88,Not Applicable,88,Not Applicable,0,None,88,Not Applicable,88,Not Applicable,2,Intersection,2,Four-Way Intersection,1,No,1,No,88,Not Applicable,88,Not Applicable,88,Not Applicable,88,Not Applicable,FALSE,1,Public Road,1,"Trafficway, On Road",CT0009300,New Haven PD,9,59:12.0,O,Open,02:04.0,,2,19800,3,PRINCIPAL ARTERIAL - OTHER - NEW HPMS,2,Urban
1065745,1,Complete,1065745,1065745,41.318398,-72.88765,3557957,New Haven,93,93,New Haven,7/8/2023,2023,7,July,8,7,Saturday,18:09:00,18,23027452,A,3,,Motor Vehicle In Motion,"Injury of any type (Serious, Minor, Possible)",C,Possible Injury (C),0,0,4,Local,0.24,240,FRONT ST,FRONT ST,,Del Rio Dr,24,Feet,N,41.318398,-72.88765,14,Motor Vehicle in Operation,1,Front to rear,1,On Roadway,1,Clear,88,Not Applicable,1,Daylight,1,Dry,0,None,88,Not Applicable,88,Not Applicable,0,None,88,Not Applicable,88,Not Applicable,3,Intersection-Related,3,T-Intersection,1,No,1,No,88,Not Applicable,88,Not Applicable,88,Not Applicable,88,Not Applicable,FALSE,1,Public Road,1,"Trafficway, On Road",CT0009300,New Haven PD,42057,28:09.0,C,Closed,01:58.0,,,,,,,
1065752,1,Complete,1065752,1065752,41.31242,-72.94074,3557964,New Haven,93,93,New Haven,7/8/2023,2023,7,July,8,7,Saturday,23:36:00,23,23027498,A,2,,Motor Vehicle In Motion,"Injury of any type (Serious, Minor, Possible)",C,Possible Injury (C),0,0,4,Local,1.63,179,EDGEWOOD AV,EDGEWOOD AV,ORCHARD ST,,,,,41.31242,-72.94074,14,Motor Vehicle in Operation,5,"Sideswipe, opposite direction",1,On Roadway,1,Clear,88,Not Applicable,4,Dark-Lighted,1,Dry,0,None,88,Not Applicable,88,Not Applicable,1,Backup Due to Prior Crash,88,Not Applicable,88,Not Applicable,3,Intersection-Related,2,Four-Way Intersection,1,No,1,No,88,Not Applicable,88,Not Applicable,88,Not Applicable,88,Not Applicable,FALSE,1,Public Road,1,"Trafficway, On Road",CT0009300,New Haven PD,11107,28:36.0,C,Closed,02:07.0,,,,,,,
1065753,1,Complete,1065753,1065753,41.318844,-72.943626,3557965,New Haven,93,93,New Haven,7/9/2023,2023,7,July,9,1,Sunday,0:44:00,0,23027499,A,2,,Motor Vehicle In Motion,"Injury of any type (Serious, Minor, Possible)",C,Possible Injury (C),0,0,4,Local,0.86,775,WINTHROP AV NO 2,WINTHROP AV NO 2,,Percival St,132,Feet,S,41.318844,-72.943626,14,Motor Vehicle in Operation,3,Angle,1,On Roadway,1,Clear,88,Not Applicable,4,Dark-Lighted,1,Dry,97,Other,88,Not Applicable,88,Not Applicable,0,None,88,Not Applicable,88,Not Applicable,1,Non-Junction,1,Not at Intersection,1,No,1,No,88,Not Applicable,88,Not Applicable,88,Not Applicable,88,Not Applicable,FALSE,1,Public Road,1,"Trafficway, On Road",CT0009300,New Haven PD,44062,48:44.0,C,Closed,02:09.0,,,,,,,
1065754,1,Complete,1065754,1065754,41.314594,-72.949348,3557966,New Haven,93,93,New Haven,7/9/2023,2023,7,July,9,1,Sunday,2:03:00,2,23027508,A,2,,Motor Vehicle In Motion,"Injury of any type (Serious, Minor, Possible)",A,Suspected Serious Injury (A),0,0,4,Local,1.15,179,EDGEWOOD AV,EDGEWOOD AV,ELLSWORTH AV,,,,,41.314594,-72.949348,14,Motor Vehicle in Operation,3,Angle,1,On Roadway,1,Clear,88,Not Applicable,4,Dark-Lighted,1,Dry,0,None,88,Not Applicable,88,Not Applicable,0,None,88,Not Applicable,88,Not Applicable,2,Intersection,2,Four-Way Intersection,1,No,1,No,88,Not Applicable,88,Not Applicable,88,Not Applicable,88,Not Applicable,FALSE,1,Public Road,1,"Trafficway, On Road",CT0009300,New Haven PD,44055,03:06.0,C,Closed,02:17.0,,,,,,,
1065757,1,Complete,1065757,1065757,41.322834,-72.878929,3557969,New Haven,93,93,New Haven,7/9/2023,2023,7,July,9,1,Sunday,13:50:00,13,23027555,A,3,,Motor Vehicle In Motion,"Injury of any type (Serious, Minor, Possible)",A,Suspected Serious Injury (A),0,1,3,State,0.15,80,80-E,80-E,,MIDDLETOWN AVE,775,Feet,E,41.322834,-72.878929,14,Motor Vehicle in Operation,2,Front to front,1,On Roadway,1,Clear,88,Not Applicable,1,Daylight,1,Dry,0,None,88,Not Applicable,88,Not Applicable,0,None,88,Not Applicable,88,Not Applicable,1,Non-Junction,1,Not at Intersection,1,No,1,No,88,Not Applicable,88,Not Applicable,88,Not Applicable,88,Not Applicable,FALSE,1,Public Road,1,"Trafficway, On Road",CT0009300,New Haven PD,42049,17:00.0,O,Open,02:15.0,,2,32300,3,PRINCIPAL ARTERIAL - OTHER - NEW HPMS,2,Urban
1065759,1,Complete,1065759,1065759,41.330605,-72.935181,3557971,New Haven,93,93,New Haven,7/9/2023,2023,7,July,9,1,Sunday,17:15:00,17,23027576,A,2,,Motor Vehicle In Motion,"Injury of any type (Serious, Minor, Possible)",C,Possible Injury (C),0,0,4,Local,1.25,152,DIXWELL AV,DIXWELL AV,,W. IVY STREET,40,Feet,S,41.330605,-72.935181,14,Motor Vehicle in Operation,5,"Sideswipe, opposite direction",1,On Roadway,1,Clear,88,Not Applicable,1,Daylight,1,Dry,0,None,88,Not Applicable,88,Not Applicable,0,None,88,Not Applicable,88,Not Applicable,3,Intersection-Related,3,T-Intersection,1,No,1,No,88,Not Applicable,88,Not Applicable,88,Not Applicable,88,Not Applicable,FALSE,1,Public Road,1,"Trafficway, On Road",CT0009300,New Haven PD,42052,25:59.0,C,Closed,02:14.0,,,,,,,
1066476,1,Complete,1066476,1066476,41.315338,-72.895348,3558688,New Haven,93,93,New Haven,6/21/2023,2023,6,June,21,4,Wednesday,9:35:00,9,23024975,A,2,,Motor Vehicle In Motion,"Injury of any type (Serious, Minor, Possible)",C,Possible Injury (C),0,0,4,Local,0.21,531,ROWE ST,ROWE ST,LOMBARD ST,,,,,41.315338,-72.895348,14,Motor Vehicle in Operation,3,Angle,1,On Roadway,1,Clear,88,Not Applicable,1,Daylight,1,Dry,0,None,88,Not Applicable,88,Not Applicable,0,None,88,Not Applicable,88,Not Applicable,2,Intersection,2,Four-Way Intersection,1,No,1,No,88,Not Applicable,88,Not Applicable,88,Not Applicable,88,Not Applicable,FALSE,1,Public Road,1,"Trafficway, On Road",CT0009300,New Haven PD,44060,51:44.0,C,Closed,00:18.0,,,,,,,
1066478,1,Complete,1066478,1066478,41.322018,-72.945488,3558690,New Haven,93,93,New Haven,7/5/2023,2023,7,July,5,4,Wednesday,15:28:00,15,23027015,A,2,,Motor Vehicle In Motion,"Injury of any type (Serious, Minor, Possible)",C,Possible Injury (C),0,0,4,Local,0.3,258,GOFFE TER,GOFFE TER,ELLSWORTH AV,,,,,41.322018,-72.945488,14,Motor Vehicle in Operation,3,Angle,1,On Roadway,1,Clear,88,Not Applicable,1,Daylight,1,Dry,0,None,88,Not Applicable,88,Not Applicable,0,None,88,Not Applicable,88,Not Applicable,2,Intersection,2,Four-Way Intersection,1,No,1,No,88,Not Applicable,88,Not Applicable,88,Not Applicable,88,Not Applicable,FALSE,1,Public Road,1,"Trafficway, On Road",CT0009300,New Haven PD,238,19:42.0,C,Closed,00:14.0,,,,,,,
1066481,1,Complete,1066481,1066481,41.314587,-72.949478,3558693,New Haven,93,93,New Haven,7/7/2023,2023,7,July,7,6,Friday,23:15:00,23,23027384,A,2,,Motor Vehicle In Motion,"Injury of any type (Serious, Minor, Possible)",C,Possible Injury (C),0,0,4,Local,1.15,179,EDGEWOOD AV,EDGEWOOD AV,ELLSWORTH AV,,,,,41.314587,-72.949478,14,Motor Vehicle in Operation,3,Angle,1,On Roadway,1,Clear,88,Not Applicable,6,Dark-Unknown Lighting,1,Dry,0,None,88,Not Applicable,88,Not Applicable,0,None,88,Not Applicable,88,Not Applicable,2,Intersection,2,Four-Way Intersection,1,No,1,No,88,Not Applicable,88,Not Applicable,88,Not Applicable,88,Not Applicable,FALSE,1,Public Road,1,"Trafficway, On Road",CT0009300,New Haven PD,40789,36:57.0,C,Closed,00:11.0,,,,,,,
1066484,1,Complete,1066484,1066484,41.299362,-72.9347,3558696,New Haven,93,93,New Haven,7/10/2023,2023,7,July,10,2,Monday,7:25:00,7,23027623,A,3,,Motor Vehicle In Motion,"Injury of any type (Serious, Minor, Possible)",B,Suspected Minor Injury (B),0,0,4,Local,0.12,730,WASHINGTON AV NO 2,WASHINGTON AV NO 2,HOWARD AV,,,,,41.299362,-72.9347,14,Motor Vehicle in Operation,3,Angle,1,On Roadway,4,Rain,88,Not Applicable,1,Daylight,2,Wet,0,None,88,Not Applicable,88,Not Applicable,0,None,88,Not Applicable,88,Not Applicable,2,Intersection,2,Four-Way Intersection,1,No,1,No,88,Not Applicable,88,Not Applicable,88,Not Applicable,88,Not Applicable,FALSE,1,Public Road,1,"Trafficway, On Road",CT0009300,New Haven PD,137,22:52.0,C,Closed,00:11.0,,,,,,,
1066485,1,Complete,1066485,1066485,41.306297,-72.935577,3558697,New Haven,93,93,New Haven,7/10/2023,2023,7,July,10,2,Monday,8:00:00,8,23027628,A,1,,Motor Vehicle In Motion,"Injury of any type (Serious, Minor, Possible)",C,Possible Injury (C),1,1,4,Local,0.64,809,REV DR MLK JR BLVD,REV DR MLK JR BLVD,PARK ST,,,,,41.306297,-72.935577,14,Motor Vehicle in Operation,97,Other,1,On Roadway,1,Clear,88,Not Applicable,1,Daylight,2,Wet,0,None,88,Not Applicable,88,Not Applicable,0,None,88,Not Applicable,88,Not Applicable,2,Intersection,2,Four-Way Intersection,1,No,1,No,88,Not Applicable,88,Not Applicable,88,Not Applicable,88,Not Applicable,TRUE,1,Public Road,1,"Trafficway, On Road",CT0009300,New Haven PD,295,35:44.0,C,Closed,00:12.0,,,,,,,