CrashId,Fatal Case Status,Fatal Case Status Text Format,CrashId,CrashId,Latitude,Longitude,DOT Case Number,Town Name,Town Number,Town Number,Town Number Text Format,Date Of Crash,Year,Month,Month Text Format,Day,Day of the Week,Day of the Week Text Format,Time of Crash,Hour of the Day,Case Identifier,Crash Severity,Number Of Motor Vehicles,Motor vehicle action,Most harmful event,Crash Severity Text Format,Most Severe Injury,Most Severe Injury Text Format,Number Of Non-Motorist,Number Of Witnesses,Route Class,Route Class Text Format,Milemarker,Road Number,Road Description,Roadway Name,Intersecting Roadway Name,Landmark Description,Distance From Nearest Landmark,Unit Of Measure From Nearest Landmark,Direction From Nearest Landmark,Latitude,Longitude,First Harmful Event,First Harmful Event Text Format,Manner of Crash / Collision Impact,Manner of Crash / Collision Impact Text Format,Location of First Harmful Event,Location of First Harmful Event Text Format,Weather Condition,Weather Condition Text Format,Weather 2,Weather 2 Text Format,Light Condition,Light Condition Text Format,Road Surface Condition,Road Surface Condition Text Format,"Contributing Circumstances, Environment","Contributing Circumstances, Environment Text Format",Environment 2,Environment 2 Text Format,Environment 3,Environment 3 Text Format,"Contributing Circumstances, Road","Contributing Circumstances, Road Text Format",Road 2,Road 2 Text Format,Road 3,Road 3 Text Format,Crash Specific Location,Crash Specific Location Text Format,Type of Intersection,Type of Intersection Text Format,School Bus Related,School Bus Related Text Format,Work Zone Related,Work Zone Related Text Format,Location Of Crash Relative To Work Zone,Location Of Crash Relative To Work Zone Text Format,Type of Work Zone,Type of Work Zone Text Format,Worker Presence,Worker Presence Text Format,Law Enforcement Presence,Law Enforcement Presence Text Format,Were Vehicles Moved Prior To Police Arrival,Trafficway Ownership,Trafficway Ownership Text Format,Trafficway Class,Trafficway Class Text Format,Police Agency,Police Agency Text Format,Badge Number,Approval Date,Police Case Status,Police Case Status Text Format,Crash Report Submission Date,Related Case Identifiers,No. of Through Lanes (Log Dir.),Average Daily Traffic,Functional Classification,Functional Classification Text Format,Rural or Urban,Rural or Urban Text Format
1066489,1,Complete,1066489,1066489,41.31177003,-72.9232486,3558701,New Haven,93,93,New Haven,7/10/2023,2023,7,July,10,2,Monday,17:43:00,17,23027727,A,2,,Motor Vehicle In Motion,"Injury of any type (Serious, Minor, Possible)",C,Possible Injury (C),0,1,4,Local,0.16,588,TEMPLE ST,TEMPLE ST,,TRUMBULL ST,60,Feet,E,41.31177003,-72.9232486,14,Motor Vehicle in Operation,4,"Sideswipe, same direction",1,On Roadway,1,Clear,1,Clear,1,Daylight,1,Dry,0,None,88,Not Applicable,88,Not Applicable,0,None,88,Not Applicable,88,Not Applicable,3,Intersection-Related,2,Four-Way Intersection,1,No,1,No,88,Not Applicable,88,Not Applicable,88,Not Applicable,88,Not Applicable,FALSE,1,Public Road,1,"Trafficway, On Road",CT0009300,New Haven PD,44948,50:32.0,C,Closed,00:17.0,,,,,,,
1066490,1,Complete,1066490,1066490,41.315899,-72.948738,3558702,New Haven,93,93,New Haven,7/10/2023,2023,7,July,10,2,Monday,19:57:00,19,23027749,A,2,,Motor Vehicle In Motion,"Injury of any type (Serious, Minor, Possible)",B,Suspected Minor Injury (B),0,0,4,Local,0.4,193,ELLSWORTH AV,ELLSWORTH AV,MAPLE ST,,,,,41.315899,-72.948738,14,Motor Vehicle in Operation,3,Angle,1,On Roadway,1,Clear,88,Not Applicable,1,Daylight,1,Dry,0,None,88,Not Applicable,88,Not Applicable,0,None,88,Not Applicable,88,Not Applicable,2,Intersection,2,Four-Way Intersection,1,No,1,No,88,Not Applicable,88,Not Applicable,88,Not Applicable,88,Not Applicable,FALSE,1,Public Road,1,"Trafficway, On Road",CT0009300,New Haven PD,44947,52:15.0,C,Closed,00:18.0,,,,,,,
1066491,1,Complete,1066491,1066491,41.297432,-72.948914,3558703,New Haven,93,93,New Haven,7/10/2023,2023,7,July,10,2,Monday,21:00:00,21,23027765,A,2,,Motor Vehicle In Motion,"Injury of any type (Serious, Minor, Possible)",B,Suspected Minor Injury (B),0,0,2,USRoute,46.64,1,1-N,1-N,10-N,,,,,41.297432,-72.948914,14,Motor Vehicle in Operation,3,Angle,1,On Roadway,1,Clear,88,Not Applicable,4,Dark-Lighted,1,Dry,0,None,88,Not Applicable,88,Not Applicable,0,None,88,Not Applicable,88,Not Applicable,2,Intersection,2,Four-Way Intersection,1,No,1,No,88,Not Applicable,88,Not Applicable,88,Not Applicable,88,Not Applicable,FALSE,1,Public Road,1,"Trafficway, On Road",CT0009300,New Haven PD,44063,04:21.0,C,Closed,00:19.0,,2,20700,3,PRINCIPAL ARTERIAL - OTHER - NEW HPMS,2,Urban
1066788,1,Complete,1066788,1066788,41.30402,-72.920242,3559000,New Haven,93,93,New Haven,7/7/2023,2023,7,July,7,6,Friday,8:40:00,8,23027251,A,2,,Motor Vehicle In Motion,"Injury of any type (Serious, Minor, Possible)",C,Possible Injury (C),0,0,4,Local,1.45,97,CHAPEL ST,CHAPEL ST,OLIVE ST,,,,,41.30402,-72.920242,14,Motor Vehicle in Operation,1,Front to rear,1,On Roadway,1,Clear,88,Not Applicable,1,Daylight,1,Dry,0,None,88,Not Applicable,88,Not Applicable,0,None,88,Not Applicable,88,Not Applicable,2,Intersection,2,Four-Way Intersection,1,No,1,No,88,Not Applicable,88,Not Applicable,88,Not Applicable,88,Not Applicable,TRUE,1,Public Road,1,"Trafficway, On Road",CT0009300,New Haven PD,40790,54:01.0,C,Closed,01:51.0,,,,,,,
1066794,1,Complete,1066794,1066794,41.323111,-72.914215,3559006,New Haven,93,93,New Haven,7/10/2023,2023,7,July,10,2,Monday,7:08:00,7,23027624,A,2,,Motor Vehicle In Motion,"Injury of any type (Serious, Minor, Possible)",C,Possible Injury (C),0,0,4,Local,0.78,666,WILLOW ST,WILLOW ST,LIVINGSTON ST,,,,,41.323111,-72.914215,14,Motor Vehicle in Operation,2,Front to front,1,On Roadway,2,Cloudy,88,Not Applicable,1,Daylight,2,Wet,0,None,88,Not Applicable,88,Not Applicable,0,None,88,Not Applicable,88,Not Applicable,2,Intersection,2,Four-Way Intersection,1,No,1,No,88,Not Applicable,88,Not Applicable,88,Not Applicable,88,Not Applicable,FALSE,1,Public Road,1,"Trafficway, On Road",CT0009300,New Haven PD,42057,29:09.0,C,Closed,01:46.0,,,,,,,
1066796,1,Complete,1066796,1066796,41.310154,-72.903404,3559008,New Haven,93,93,New Haven,7/10/2023,2023,7,July,10,2,Monday,19:43:00,19,23027756,A,2,,Motor Vehicle In Motion,"Injury of any type (Serious, Minor, Possible)",C,Possible Injury (C),0,0,4,Local,0.43,327,JAMES ST,JAMES ST,CLAY ST NO 1,,,,,41.310154,-72.903404,14,Motor Vehicle in Operation,3,Angle,1,On Roadway,1,Clear,1,Clear,1,Daylight,1,Dry,0,None,88,Not Applicable,88,Not Applicable,0,None,88,Not Applicable,88,Not Applicable,2,Intersection,2,Four-Way Intersection,1,No,1,No,88,Not Applicable,88,Not Applicable,88,Not Applicable,88,Not Applicable,FALSE,1,Public Road,1,"Trafficway, On Road",CT0009300,New Haven PD,44049,08:27.0,C,Closed,01:47.0,,,,,,,
1066800,1,Complete,1066800,1066800,41.297729,-72.93943,3559012,New Haven,93,93,New Haven,7/11/2023,2023,7,July,11,3,Tuesday,17:01:00,17,23027871,A,2,,Motor Vehicle In Motion,"Injury of any type (Serious, Minor, Possible)",C,Possible Injury (C),0,0,2,USRoute,47.13,1,1-N,1-N,,REDFIELD ST,90,Feet,E,41.297729,-72.93943,14,Motor Vehicle in Operation,1,Front to rear,1,On Roadway,1,Clear,88,Not Applicable,1,Daylight,1,Dry,0,None,88,Not Applicable,88,Not Applicable,0,None,88,Not Applicable,88,Not Applicable,1,Non-Junction,1,Not at Intersection,1,No,1,No,88,Not Applicable,88,Not Applicable,88,Not Applicable,88,Not Applicable,FALSE,1,Public Road,1,"Trafficway, On Road",CT0009300,New Haven PD,45388,03:01.0,C,Closed,01:53.0,,1,8600,3,PRINCIPAL ARTERIAL - OTHER - NEW HPMS,1,Rural
1066801,1,Complete,1066801,1066801,41.32745,-72.953239,3559013,New Haven,93,93,New Haven,7/11/2023,2023,7,July,11,3,Tuesday,21:40:00,21,23027927,A,2,,Motor Vehicle In Motion,"Injury of any type (Serious, Minor, Possible)",C,Possible Injury (C),0,0,3,State,3.68,10,10-N,10-N,BLAKE ST,,,,,41.32745,-72.953239,14,Motor Vehicle in Operation,3,Angle,1,On Roadway,1,Clear,88,Not Applicable,4,Dark-Lighted,1,Dry,0,None,88,Not Applicable,88,Not Applicable,0,None,88,Not Applicable,88,Not Applicable,2,Intersection,2,Four-Way Intersection,1,No,1,No,88,Not Applicable,88,Not Applicable,88,Not Applicable,88,Not Applicable,FALSE,1,Public Road,1,"Trafficway, On Road",CT0009300,New Haven PD,276,46:22.0,C,Closed,01:46.0,23-27927,1,8900,4,MINOR ARTERIAL - NEW HPMS,1,Rural
1067079,1,Complete,1067079,1067079,41.302143,-72.928703,3559291,New Haven,93,93,New Haven,7/4/2023,2023,7,July,4,3,Tuesday,11:00:00,11,23026837,A,2,,Motor Vehicle In Motion,"Injury of any type (Serious, Minor, Possible)",C,Possible Injury (C),0,0,4,Local,0.25,104,CHURCH ST SOUTH NO 1,CHURCH ST SOUTH NO 1,CHURCH ST SOUTH NO 1,,,,,41.302143,-72.928703,14,Motor Vehicle in Operation,3,Angle,1,On Roadway,1,Clear,88,Not Applicable,1,Daylight,1,Dry,0,None,88,Not Applicable,88,Not Applicable,0,None,88,Not Applicable,88,Not Applicable,2,Intersection,2,Four-Way Intersection,1,No,1,No,88,Not Applicable,88,Not Applicable,88,Not Applicable,88,Not Applicable,FALSE,1,Public Road,1,"Trafficway, On Road",CT0009300,New Haven PD,44048,29:27.0,C,Closed,01:11.0,,,,,,,
1067082,1,Complete,1067082,1067082,41.304321,-72.928543,3559294,New Haven,93,93,New Haven,7/9/2023,2023,7,July,9,1,Sunday,16:13:00,16,23027563,A,2,,Motor Vehicle In Motion,"Injury of any type (Serious, Minor, Possible)",C,Possible Injury (C),0,0,4,Local,0.75,588,TEMPLE ST,TEMPLE ST,GEORGE ST,,,,,41.304321,-72.928543,14,Motor Vehicle in Operation,3,Angle,1,On Roadway,1,Clear,88,Not Applicable,1,Daylight,1,Dry,0,None,88,Not Applicable,88,Not Applicable,0,None,88,Not Applicable,88,Not Applicable,2,Intersection,2,Four-Way Intersection,1,No,1,No,88,Not Applicable,88,Not Applicable,88,Not Applicable,88,Not Applicable,FALSE,1,Public Road,1,"Trafficway, On Road",CT0009300,New Haven PD,44048,20:52.0,C,Closed,01:14.0,,,,,,,
1067089,1,Complete,1067089,1067089,41.297951,-72.947792,3559301,New Haven,93,93,New Haven,7/12/2023,2023,7,July,12,4,Wednesday,15:45:00,15,23028018,A,1,,Utility Pole,"Injury of any type (Serious, Minor, Possible)",B,Suspected Minor Injury (B),0,0,4,Local,0.02,141,DAVENPORT AV,DAVENPORT AV,COLUMBUS AVE,,,,,41.297951,-72.947792,33,Utility Pole/Light Support,88,Not Applicable,1,On Roadway,1,Clear,88,Not Applicable,1,Daylight,1,Dry,0,None,88,Not Applicable,88,Not Applicable,0,None,88,Not Applicable,88,Not Applicable,2,Intersection,3,T-Intersection,1,No,1,No,88,Not Applicable,88,Not Applicable,88,Not Applicable,88,Not Applicable,FALSE,1,Public Road,1,"Trafficway, On Road",CT0009300,New Haven PD,158,48:02.0,C,Closed,01:12.0,,3,5900,4,MINOR ARTERIAL - NEW HPMS,2,Urban
1067090,1,Complete,1067090,1067090,41.30603,-72.942612,3559302,New Haven,93,93,New Haven,7/12/2023,2023,7,July,12,4,Wednesday,16:31:00,16,23028036,A,2,,Motor Vehicle In Motion,"Injury of any type (Serious, Minor, Possible)",C,Possible Injury (C),0,0,4,Local,0.52,360,LEGION AV-RT 34,LEGION AV-RT 34,ORCHARD ST,,,,,41.30603,-72.942612,14,Motor Vehicle in Operation,3,Angle,1,On Roadway,1,Clear,88,Not Applicable,1,Daylight,1,Dry,0,None,88,Not Applicable,88,Not Applicable,0,None,88,Not Applicable,88,Not Applicable,2,Intersection,2,Four-Way Intersection,1,No,1,No,88,Not Applicable,88,Not Applicable,88,Not Applicable,88,Not Applicable,FALSE,1,Public Road,1,"Trafficway, On Road",CT0009300,New Haven PD,158,24:00.0,C,Closed,01:14.0,,,,,,,
1067091,1,Complete,1067091,1067091,41.306931,-72.942505,3559303,New Haven,93,93,New Haven,7/12/2023,2023,7,July,12,4,Wednesday,19:45:00,19,23028056,A,2,,Motor Vehicle In Motion,"Injury of any type (Serious, Minor, Possible)",C,Possible Injury (C),0,1,4,Local,1.02,809,REV DR MLK JR BLVD,REV DR MLK JR BLVD,ORCHARD ST,,,,,41.306931,-72.942505,14,Motor Vehicle in Operation,3,Angle,1,On Roadway,1,Clear,88,Not Applicable,1,Daylight,1,Dry,0,None,88,Not Applicable,88,Not Applicable,0,None,88,Not Applicable,88,Not Applicable,2,Intersection,2,Four-Way Intersection,1,No,1,No,88,Not Applicable,88,Not Applicable,88,Not Applicable,88,Not Applicable,TRUE,1,Public Road,1,"Trafficway, On Road",CT0009300,New Haven PD,44046,01:25.0,C,Closed,01:16.0,,,,,,,
1067472,1,Complete,1067472,1067472,41.306839,-72.902962,3559684,New Haven,93,93,New Haven,7/9/2023,2023,7,July,9,1,Sunday,3:23:00,3,23027514,A,2,,Motor Vehicle In Motion,"Injury of any type (Serious, Minor, Possible)",B,Suspected Minor Injury (B),0,0,4,Local,0.66,327,JAMES ST,JAMES ST,EXCHANGE ST,,,,,41.306839,-72.902962,14,Motor Vehicle in Operation,3,Angle,1,On Roadway,1,Clear,88,Not Applicable,4,Dark-Lighted,1,Dry,99,Unknown,88,Not Applicable,88,Not Applicable,99,Unknown,88,Not Applicable,88,Not Applicable,2,Intersection,2,Four-Way Intersection,1,No,1,No,88,Not Applicable,88,Not Applicable,88,Not Applicable,88,Not Applicable,FALSE,1,Public Road,1,"Trafficway, On Road",CT0009300,New Haven PD,44057,25:05.0,C,Closed,00:48.0,,,,,,,
1067473,1,Complete,1067473,1067473,41.313225,-72.922183,3559685,New Haven,93,93,New Haven,7/10/2023,2023,7,July,10,2,Monday,21:34:00,21,23027767,A,2,,Motor Vehicle In Motion,"Injury of any type (Serious, Minor, Possible)",C,Possible Injury (C),0,1,4,Local,0.05,588,TEMPLE ST,TEMPLE ST,TRUMBULL ST,,,,,41.313225,-72.922183,14,Motor Vehicle in Operation,3,Angle,1,On Roadway,1,Clear,88,Not Applicable,4,Dark-Lighted,1,Dry,0,None,88,Not Applicable,88,Not Applicable,0,None,88,Not Applicable,88,Not Applicable,2,Intersection,2,Four-Way Intersection,1,No,1,No,88,Not Applicable,88,Not Applicable,88,Not Applicable,88,Not Applicable,FALSE,1,Public Road,1,"Trafficway, On Road",CT0009300,New Haven PD,44948,54:42.0,C,Closed,00:50.0,,,,,,,
1067479,1,Complete,1067479,1067479,41.28804,-72.93809,3559691,New Haven,93,93,New Haven,7/13/2023,2023,7,July,13,5,Thursday,12:03:00,12,23028137,A,3,,Motor Vehicle In Motion,"Injury of any type (Serious, Minor, Possible)",C,Possible Injury (C),0,0,3,State,0.62,10,10-N,10-N,,PLYMOUTH ST,405,Feet,W,41.28804,-72.93809,14,Motor Vehicle in Operation,1,Front to rear,1,On Roadway,1,Clear,88,Not Applicable,1,Daylight,1,Dry,0,None,88,Not Applicable,88,Not Applicable,3,Backup Due to Regular Congestion,88,Not Applicable,88,Not Applicable,1,Non-Junction,1,Not at Intersection,1,No,1,No,88,Not Applicable,88,Not Applicable,88,Not Applicable,88,Not Applicable,TRUE,1,Public Road,1,"Trafficway, On Road",CT0009300,New Haven PD,42366,06:25.0,C,Closed,00:46.0,,2,18000,3,PRINCIPAL ARTERIAL - OTHER - NEW HPMS,2,Urban
1067482,1,Complete,1067482,1067482,41.288128,-72.889107,3559694,New Haven,93,93,New Haven,6/30/2023,2023,6,June,30,6,Friday,12:00:00,12,23028170,A,2,,Motor Vehicle In Motion,"Injury of any type (Serious, Minor, Possible)",C,Possible Injury (C),0,0,4,Local,0.05,702,OAKLEY ST NO 2,OAKLEY ST NO 2,,FRONTAGE RD,34,Feet,S,41.288128,-72.889107,14,Motor Vehicle in Operation,1,Front to rear,1,On Roadway,1,Clear,88,Not Applicable,1,Daylight,1,Dry,0,None,88,Not Applicable,88,Not Applicable,0,None,88,Not Applicable,88,Not Applicable,3,Intersection-Related,3,T-Intersection,1,No,1,No,88,Not Applicable,88,Not Applicable,88,Not Applicable,88,Not Applicable,FALSE,1,Public Road,1,"Trafficway, On Road",CT0009300,New Haven PD,45132,39:07.0,C,Closed,00:48.0,,,,,,,
1067893,1,Complete,1067893,1067893,41.31006052,-72.90436485,923133,New Haven,93,93,New Haven,6/7/2023,2023,6,June,7,4,Wednesday,20:30:00,20,23023092,K,2,Turning Left,Motor Vehicle In Motion,Fatal (Kill),K,Fatal Injury (K),0,0,4,Local,0.06,,HAVEN ST,HAVEN STREET,CLAY STREET No 1,,,,,41.31006052,-72.90436485,14,Motor Vehicle in Operation,3,Angle,1,On Roadway,1,Clear,88,Not Applicable,1,Daylight,1,Dry,99,Unknown,88,Not Applicable,88,Not Applicable,0,None,88,Not Applicable,88,Not Applicable,2,Intersection,3,T-Intersection,1,No,1,No,88,Not Applicable,88,Not Applicable,88,Not Applicable,88,Not Applicable,FALSE,1,Public Road,1,"Trafficway, On Road",CT0009300,New Haven PD,44057,46:56.0,O,Open,00:19.0,,,,,,,
1067895,1,Complete,1067895,1067895,41.317448,-72.901398,3560107,New Haven,93,93,New Haven,7/2/2023,2023,7,July,2,1,Sunday,8:56:00,8,23026525,A,3,,Motor Vehicle In Motion,"Injury of any type (Serious, Minor, Possible)",C,Possible Injury (C),0,0,4,Local,0,666,WILLOW ST,WILLOW ST,5-N,,,,,41.317448,-72.901398,14,Motor Vehicle in Operation,97,Other,1,On Roadway,4,Rain,88,Not Applicable,1,Daylight,2,Wet,0,None,88,Not Applicable,88,Not Applicable,0,None,88,Not Applicable,88,Not Applicable,2,Intersection,2,Four-Way Intersection,1,No,1,No,88,Not Applicable,88,Not Applicable,88,Not Applicable,88,Not Applicable,FALSE,1,Public Road,1,"Trafficway, On Road",CT0009300,New Haven PD,43688,33:30.0,C,Closed,00:20.0,,,,,,,
1067898,1,Complete,1067898,1067898,41.3334977,-72.9378344,3560110,New Haven,93,93,New Haven,7/12/2023,2023,7,July,12,4,Wednesday,9:03:00,9,23027799,A,2,,Motor Vehicle In Motion,"Injury of any type (Serious, Minor, Possible)",C,Possible Injury (C),0,0,4,Local,1.01,557,SHERMAN PKWY,SHERMAN PKWY,DORMAN ST NO 1,,,,,41.3334977,-72.9378344,14,Motor Vehicle in Operation,3,Angle,1,On Roadway,1,Clear,88,Not Applicable,1,Daylight,1,Dry,0,None,88,Not Applicable,88,Not Applicable,0,None,88,Not Applicable,88,Not Applicable,3,Intersection-Related,2,Four-Way Intersection,2,"Yes, School Bus Directly Involved",1,No,88,Not Applicable,88,Not Applicable,88,Not Applicable,88,Not Applicable,FALSE,1,Public Road,1,"Trafficway, On Road",CT0009300,New Haven PD,307,44:23.0,C,Closed,00:18.0,,,,,,,
1067900,1,Complete,1067900,1067900,41.311451,-72.873711,3560112,New Haven,93,93,New Haven,7/11/2023,2023,7,July,11,3,Tuesday,19:25:00,19,23027915,A,2,,Motor Vehicle In Motion,"Injury of any type (Serious, Minor, Possible)",C,Possible Injury (C),0,0,4,Local,0.32,167,EASTERN ST,EASTERN ST,,BOUCHET LN,135,Feet,N,41.311451,-72.873711,14,Motor Vehicle in Operation,3,Angle,1,On Roadway,1,Clear,88,Not Applicable,1,Daylight,1,Dry,0,None,88,Not Applicable,88,Not Applicable,0,None,88,Not Applicable,88,Not Applicable,1,Non-Junction,1,Not at Intersection,1,No,1,No,88,Not Applicable,88,Not Applicable,88,Not Applicable,88,Not Applicable,FALSE,1,Public Road,1,"Trafficway, On Road",CT0009300,New Haven PD,43776,59:12.0,C,Closed,00:10.0,,,,,,,
1067906,1,Complete,1067906,1067906,41.308781,-72.898209,3560118,New Haven,93,93,New Haven,7/14/2023,2023,7,July,14,6,Friday,2:47:00,2,23028179,A,2,,Motor Vehicle In Motion,"Injury of any type (Serious, Minor, Possible)",C,Possible Injury (C),0,0,4,Local,0.65,264,GRAND AV,GRAND AV,,POPLAR ST,300,Feet,W,41.308781,-72.898209,14,Motor Vehicle in Operation,5,"Sideswipe, opposite direction",1,On Roadway,1,Clear,88,Not Applicable,6,Dark-Unknown Lighting,1,Dry,0,None,88,Not Applicable,88,Not Applicable,0,None,88,Not Applicable,88,Not Applicable,9,Driveway Access-Related,1,Not at Intersection,1,No,1,No,88,Not Applicable,88,Not Applicable,88,Not Applicable,88,Not Applicable,TRUE,1,Public Road,1,"Trafficway, On Road",CT0009300,New Haven PD,44951,34:59.0,C,Closed,00:29.0,,,,,,,
1067907,1,Complete,1067907,1067907,41.322848,-72.934926,3560119,New Haven,93,93,New Haven,7/13/2023,2023,7,July,13,5,Thursday,3:11:00,3,23028188,A,2,,Motor Vehicle In Motion,"Injury of any type (Serious, Minor, Possible)",C,Possible Injury (C),0,0,4,Local,0.7,152,DIXWELL AV,DIXWELL AV,MUNSON ST,,,,,41.322848,-72.934926,14,Motor Vehicle in Operation,3,Angle,1,On Roadway,1,Clear,88,Not Applicable,99,Unknown,1,Dry,0,None,88,Not Applicable,88,Not Applicable,0,None,88,Not Applicable,88,Not Applicable,2,Intersection,2,Four-Way Intersection,1,No,1,No,88,Not Applicable,88,Not Applicable,88,Not Applicable,88,Not Applicable,FALSE,1,Public Road,1,"Trafficway, On Road",CT0009300,New Haven PD,44055,10:16.0,C,Closed,00:02.0,,,,,,,
1067910,1,Complete,1067910,1067910,41.313084,-72.948166,3560122,New Haven,93,93,New Haven,7/13/2023,2023,7,July,13,5,Thursday,22:14:00,22,23028245,A,1,,Pedestrian,"Injury of any type (Serious, Minor, Possible)",C,Possible Injury (C),1,0,4,Local,0.19,439,NORTON ST,NORTON ST,,STANLEY ST,20,Feet,N,41.313084,-72.948166,9,Pedestrian,88,Not Applicable,99,Unknown,1,Clear,88,Not Applicable,6,Dark-Unknown Lighting,1,Dry,0,None,88,Not Applicable,88,Not Applicable,0,None,88,Not Applicable,88,Not Applicable,3,Intersection-Related,3,T-Intersection,1,No,1,No,88,Not Applicable,88,Not Applicable,88,Not Applicable,88,Not Applicable,FALSE,1,Public Road,1,"Trafficway, On Road",CT0009300,New Haven PD,42046,28:43.0,O,Open,00:03.0,,2,3846,7,LOCAL - NEW HPMS,2,Urban
1067916,1,Complete,1067916,1067916,41.29781,-72.934265,3560128,New Haven,93,93,New Haven,7/14/2023,2023,7,July,14,6,Friday,14:56:00,14,23028309,A,2,,Motor Vehicle In Motion,"Injury of any type (Serious, Minor, Possible)",C,Possible Injury (C),0,0,2,USRoute,47.4,1,1-N,1-N,HOWARD AV,,,,,41.29781,-72.934265,14,Motor Vehicle in Operation,3,Angle,1,On Roadway,1,Clear,88,Not Applicable,1,Daylight,1,Dry,0,None,88,Not Applicable,88,Not Applicable,0,None,88,Not Applicable,88,Not Applicable,2,Intersection,2,Four-Way Intersection,1,No,1,No,88,Not Applicable,88,Not Applicable,88,Not Applicable,88,Not Applicable,TRUE,1,Public Road,1,"Trafficway, On Road",CT0009300,New Haven PD,42366,49:31.0,C,Closed,00:15.0,,1,8400,3,PRINCIPAL ARTERIAL - OTHER - NEW HPMS,1,Rural
1067927,1,Complete,1067927,1067927,41.314545,-72.893501,3560139,New Haven,93,93,New Haven,7/14/2023,2023,7,July,14,6,Friday,20:48:00,20,23028376,A,2,,Motor Vehicle In Motion,"Injury of any type (Serious, Minor, Possible)",C,Possible Injury (C),0,0,4,Local,0.28,29,ATWATER ST,ATWATER ST,CHATHAM ST,,,,,41.314545,-72.893501,14,Motor Vehicle in Operation,4,"Sideswipe, same direction",1,On Roadway,2,Cloudy,88,Not Applicable,5,Dark-Not Lighted,1,Dry,0,None,88,Not Applicable,88,Not Applicable,0,None,88,Not Applicable,88,Not Applicable,2,Intersection,2,Four-Way Intersection,1,No,1,No,88,Not Applicable,88,Not Applicable,88,Not Applicable,88,Not Applicable,TRUE,1,Public Road,1,"Trafficway, On Road",CT0009300,New Haven PD,42054,32:48.0,C,Closed,00:09.0,,,,,,,
1067933,1,Complete,1067933,1067933,41.332594,-72.937858,3560145,New Haven,93,93,New Haven,7/15/2023,2023,7,July,15,7,Saturday,5:49:00,5,23028428,A,2,,Motor Vehicle In Motion,"Injury of any type (Serious, Minor, Possible)",B,Suspected Minor Injury (B),0,1,4,Local,0.95,557,SHERMAN PKWY,SHERMAN PKWY,BASSETT ST,,,,,41.332594,-72.937858,14,Motor Vehicle in Operation,3,Angle,1,On Roadway,1,Clear,88,Not Applicable,1,Daylight,1,Dry,0,None,88,Not Applicable,88,Not Applicable,0,None,88,Not Applicable,88,Not Applicable,2,Intersection,2,Four-Way Intersection,1,No,1,No,88,Not Applicable,88,Not Applicable,88,Not Applicable,88,Not Applicable,FALSE,1,Public Road,1,"Trafficway, On Road",CT0009300,New Haven PD,44052,37:43.0,C,Closed,00:24.0,,,,,,,
1067937,1,Complete,1067937,1067937,41.293758,-72.936859,3560149,New Haven,93,93,New Haven,7/15/2023,2023,7,July,15,7,Saturday,16:14:00,16,23028466,A,2,,Motor Vehicle In Motion,"Injury of any type (Serious, Minor, Possible)",C,Possible Injury (C),0,0,4,Local,0.13,571,SPRING ST,SPRING ST,BUTTON ST,,,,,41.293758,-72.936859,14,Motor Vehicle in Operation,3,Angle,1,On Roadway,1,Clear,88,Not Applicable,1,Daylight,1,Dry,99,Unknown,88,Not Applicable,88,Not Applicable,99,Unknown,88,Not Applicable,88,Not Applicable,2,Intersection,2,Four-Way Intersection,1,No,1,No,88,Not Applicable,88,Not Applicable,88,Not Applicable,88,Not Applicable,FALSE,1,Public Road,1,"Trafficway, On Road",CT0009300,New Haven PD,40947,34:58.0,C,Closed,00:27.0,,,,,,,
1067942,1,Complete,1067942,1067942,41.321735,-72.896751,3560154,New Haven,93,93,New Haven,7/16/2023,2023,7,July,16,1,Sunday,1:44:00,1,23028530,A,2,,Parked Vehicle,"Injury of any type (Serious, Minor, Possible)",A,Suspected Serious Injury (A),0,1,2,USRoute,0.56,5,5-N,5-N,,ROCK ST,275,Feet,N,41.321735,-72.896751,15,Parked Motor Vehicle,1,Front to rear,1,On Roadway,1,Clear,88,Not Applicable,4,Dark-Lighted,1,Dry,0,None,88,Not Applicable,88,Not Applicable,0,None,88,Not Applicable,88,Not Applicable,1,Non-Junction,1,Not at Intersection,1,No,1,No,88,Not Applicable,88,Not Applicable,88,Not Applicable,88,Not Applicable,FALSE,1,Public Road,1,"Trafficway, On Road",CT0009300,New Haven PD,41104,32:45.0,C,Closed,00:33.0,,1,17500,4,MINOR ARTERIAL - NEW HPMS,1,Rural
1067947,1,Complete,1067947,1067947,41.292511,-72.930565,3560159,New Haven,93,93,New Haven,7/16/2023,2023,7,July,16,1,Sunday,14:01:00,14,23028584,A,2,,Motor Vehicle In Motion,"Injury of any type (Serious, Minor, Possible)",C,Possible Injury (C),0,0,4,Local,0.11,87,CASSIUS ST,CASSIUS ST,CEDAR ST NO 1,,,,,41.292511,-72.930565,14,Motor Vehicle in Operation,3,Angle,1,On Roadway,4,Rain,88,Not Applicable,1,Daylight,2,Wet,0,None,88,Not Applicable,88,Not Applicable,0,None,88,Not Applicable,88,Not Applicable,2,Intersection,3,T-Intersection,1,No,1,No,88,Not Applicable,88,Not Applicable,88,Not Applicable,88,Not Applicable,FALSE,1,Public Road,1,"Trafficway, On Road",CT0009300,New Haven PD,980,45:35.0,C,Closed,00:28.0,,,,,,,