CrashId,Fatal Case Status,Fatal Case Status Text Format,CrashId,CrashId,Latitude,Longitude,DOT Case Number,Town Name,Town Number,Town Number,Town Number Text Format,Date Of Crash,Year,Month,Month Text Format,Day,Day of the Week,Day of the Week Text Format,Time of Crash,Hour of the Day,Case Identifier,Crash Severity,Number Of Motor Vehicles,Motor vehicle action,Most harmful event,Crash Severity Text Format,Most Severe Injury,Most Severe Injury Text Format,Number Of Non-Motorist,Number Of Witnesses,Route Class,Route Class Text Format,Milemarker,Road Number,Road Description,Roadway Name,Intersecting Roadway Name,Landmark Description,Distance From Nearest Landmark,Unit Of Measure From Nearest Landmark,Direction From Nearest Landmark,Latitude,Longitude,First Harmful Event,First Harmful Event Text Format,Manner of Crash / Collision Impact,Manner of Crash / Collision Impact Text Format,Location of First Harmful Event,Location of First Harmful Event Text Format,Weather Condition,Weather Condition Text Format,Weather 2,Weather 2 Text Format,Light Condition,Light Condition Text Format,Road Surface Condition,Road Surface Condition Text Format,"Contributing Circumstances, Environment","Contributing Circumstances, Environment Text Format",Environment 2,Environment 2 Text Format,Environment 3,Environment 3 Text Format,"Contributing Circumstances, Road","Contributing Circumstances, Road Text Format",Road 2,Road 2 Text Format,Road 3,Road 3 Text Format,Crash Specific Location,Crash Specific Location Text Format,Type of Intersection,Type of Intersection Text Format,School Bus Related,School Bus Related Text Format,Work Zone Related,Work Zone Related Text Format,Location Of Crash Relative To Work Zone,Location Of Crash Relative To Work Zone Text Format,Type of Work Zone,Type of Work Zone Text Format,Worker Presence,Worker Presence Text Format,Law Enforcement Presence,Law Enforcement Presence Text Format,Were Vehicles Moved Prior To Police Arrival,Trafficway Ownership,Trafficway Ownership Text Format,Trafficway Class,Trafficway Class Text Format,Police Agency,Police Agency Text Format,Badge Number,Approval Date,Police Case Status,Police Case Status Text Format,Crash Report Submission Date,Related Case Identifiers,No. of Through Lanes (Log Dir.),Average Daily Traffic,Functional Classification,Functional Classification Text Format,Rural or Urban,Rural or Urban Text Format
1073375,1,Complete,1073375,1073375,41.30061,-72.942947,3565587,New Haven,93,93,New Haven,8/2/2023,2023,8,August,2,4,Wednesday,15:22:00,15,23031469,A,2,,Motor Vehicle In Motion,"Injury of any type (Serious, Minor, Possible)",C,Possible Injury (C),0,0,4,Local,0.32,141,DAVENPORT AV,DAVENPORT AV,,DAVENPORT AVE,57,Feet,E,41.30061,-72.942947,14,Motor Vehicle in Operation,1,Front to rear,2,Shoulder,1,Clear,88,Not Applicable,1,Daylight,1,Dry,0,None,88,Not Applicable,88,Not Applicable,0,None,88,Not Applicable,88,Not Applicable,1,Non-Junction,1,Not at Intersection,1,No,1,No,88,Not Applicable,88,Not Applicable,88,Not Applicable,88,Not Applicable,TRUE,1,Public Road,1,"Trafficway, On Road",CT0009300,New Haven PD,158,45:31.0,C,Closed,01:10.0,23-031469,,,,,,
1073378,1,Complete,1073378,1073378,41.28289,-72.93466,3565590,New Haven,93,93,New Haven,8/3/2023,2023,8,August,3,5,Thursday,16:54:00,16,23031495,A,2,,Motor Vehicle In Motion,"Injury of any type (Serious, Minor, Possible)",C,Possible Injury (C),0,0,3,State,0.19,10,10-N,10-N,95-N-365,,,,,41.28289,-72.93466,14,Motor Vehicle in Operation,1,Front to rear,1,On Roadway,1,Clear,88,Not Applicable,1,Daylight,1,Dry,99,Unknown,88,Not Applicable,88,Not Applicable,99,Unknown,88,Not Applicable,88,Not Applicable,3,Intersection-Related,2,Four-Way Intersection,1,No,1,No,88,Not Applicable,88,Not Applicable,88,Not Applicable,88,Not Applicable,FALSE,1,Public Road,1,"Trafficway, On Road",CT0009300,New Haven PD,40947,10:12.0,C,Closed,01:08.0,,2,15100,3,PRINCIPAL ARTERIAL - OTHER - NEW HPMS,2,Urban
1073806,1,Complete,1073806,1073806,41.291218,-72.93336,3566018,New Haven,93,93,New Haven,7/29/2023,2023,7,July,29,7,Saturday,23:41:00,23,23030702,A,2,,Motor Vehicle In Motion,"Injury of any type (Serious, Minor, Possible)",C,Possible Injury (C),0,0,4,Local,0.07,339,KIMBERLY AV,KIMBERLY AV,LAMBERTON ST,,,,,41.291218,-72.93336,14,Motor Vehicle in Operation,3,Angle,1,On Roadway,1,Clear,88,Not Applicable,4,Dark-Lighted,1,Dry,0,None,88,Not Applicable,88,Not Applicable,0,None,88,Not Applicable,88,Not Applicable,2,Intersection,2,Four-Way Intersection,1,No,1,No,88,Not Applicable,88,Not Applicable,88,Not Applicable,88,Not Applicable,FALSE,1,Public Road,1,"Trafficway, On Road",CT0009300,New Haven PD,45407,36:55.0,C,Closed,00:11.0,,,,,,,
1073810,1,Complete,1073810,1073810,41.302784,-72.930274,3566022,New Haven,93,93,New Haven,8/2/2023,2023,8,August,2,4,Wednesday,14:14:00,14,23031239,A,2,,Motor Vehicle In Motion,"Injury of any type (Serious, Minor, Possible)",C,Possible Injury (C),0,0,4,Local,0.97,123,CONGRESS AV,CONGRESS AV,,S FRONTAGE RD,30,Feet,W,41.302784,-72.930274,14,Motor Vehicle in Operation,1,Front to rear,1,On Roadway,1,Clear,88,Not Applicable,1,Daylight,1,Dry,0,None,88,Not Applicable,88,Not Applicable,0,None,88,Not Applicable,88,Not Applicable,3,Intersection-Related,3,T-Intersection,1,No,1,No,88,Not Applicable,88,Not Applicable,88,Not Applicable,88,Not Applicable,TRUE,1,Public Road,1,"Trafficway, On Road",CT0009300,New Haven PD,301,53:48.0,C,Closed,00:02.0,,,,,,,
1073813,1,Complete,1073813,1073813,41.293705,-72.892317,3566025,New Haven,93,93,New Haven,8/2/2023,2023,8,August,2,4,Wednesday,18:11:00,18,23031309,A,1,,"Other Post, Pole, or Support","Injury of any type (Serious, Minor, Possible)",C,Possible Injury (C),0,0,4,Local,0.04,498,QUINNIPIAC AV,QUINNIPIAC AV,,fairmont ave,204,Feet,N,41.293705,-72.892317,38,"Other Post, Pole or Support",88,Not Applicable,1,On Roadway,1,Clear,88,Not Applicable,1,Daylight,1,Dry,0,None,88,Not Applicable,88,Not Applicable,0,None,88,Not Applicable,88,Not Applicable,1,Non-Junction,1,Not at Intersection,1,No,1,No,88,Not Applicable,88,Not Applicable,88,Not Applicable,88,Not Applicable,FALSE,1,Public Road,1,"Trafficway, On Road",CT0009300,New Haven PD,279,13:21.0,C,Closed,00:03.0,,1,6400,4,MINOR ARTERIAL - NEW HPMS,2,Urban
1073814,1,Complete,1073814,1073814,41.335102,-72.935283,3566026,New Haven,93,93,New Haven,8/2/2023,2023,8,August,2,4,Wednesday,20:50:00,20,23031320,A,2,,Motor Vehicle In Motion,"Injury of any type (Serious, Minor, Possible)",C,Possible Injury (C),0,0,4,Local,1.57,152,DIXWELL AV,DIXWELL AV,,CHERRY ANN ST,160,Feet,S,41.335102,-72.935283,14,Motor Vehicle in Operation,4,"Sideswipe, same direction",1,On Roadway,1,Clear,88,Not Applicable,4,Dark-Lighted,1,Dry,0,None,88,Not Applicable,88,Not Applicable,0,None,88,Not Applicable,88,Not Applicable,1,Non-Junction,1,Not at Intersection,1,No,1,No,88,Not Applicable,88,Not Applicable,88,Not Applicable,88,Not Applicable,FALSE,1,Public Road,1,"Trafficway, On Road",CT0009300,New Haven PD,45399,23:47.0,C,Closed,00:09.0,,,,,,,
1073822,1,Complete,1073822,1073822,41.302755,-72.930383,3566034,New Haven,93,93,New Haven,8/4/2023,2023,8,August,4,6,Friday,15:15:00,15,23031685,A,2,,Motor Vehicle In Motion,"Injury of any type (Serious, Minor, Possible)",B,Suspected Minor Injury (B),0,0,4,Local,0.96,123,CONGRESS AV,CONGRESS AV,,S FRONTAGE RD,52,Feet,W,41.302755,-72.930383,14,Motor Vehicle in Operation,1,Front to rear,1,On Roadway,1,Clear,88,Not Applicable,1,Daylight,1,Dry,0,None,88,Not Applicable,88,Not Applicable,0,None,88,Not Applicable,88,Not Applicable,1,Non-Junction,1,Not at Intersection,1,No,1,No,88,Not Applicable,88,Not Applicable,88,Not Applicable,88,Not Applicable,FALSE,1,Public Road,1,"Trafficway, On Road",CT0009300,New Haven PD,45394,32:10.0,C,Closed,00:07.0,,,,,,,
1073830,1,Complete,1073830,1073830,41.324547,-72.909719,3566042,New Haven,93,93,New Haven,8/5/2023,2023,8,August,5,7,Saturday,15:41:00,15,23031807,A,2,,Motor Vehicle In Motion,"Injury of any type (Serious, Minor, Possible)",C,Possible Injury (C),0,0,4,Local,0.42,418,MITCHELL DR,MITCHELL DR,ORANGE ST NO 1,,,,,41.324547,-72.909719,14,Motor Vehicle in Operation,4,"Sideswipe, same direction",1,On Roadway,1,Clear,88,Not Applicable,1,Daylight,1,Dry,0,None,88,Not Applicable,88,Not Applicable,0,None,88,Not Applicable,88,Not Applicable,2,Intersection,2,Four-Way Intersection,1,No,1,No,88,Not Applicable,88,Not Applicable,88,Not Applicable,88,Not Applicable,TRUE,1,Public Road,1,"Trafficway, On Road",CT0009300,New Haven PD,44948,37:04.0,C,Closed,00:14.0,,,,,,,
1073838,1,Complete,1073838,1073838,41.297381,-72.949367,3566050,New Haven,93,93,New Haven,8/4/2023,2023,8,August,4,6,Friday,15:15:00,15,23031915,A,2,,Motor Vehicle In Motion,"Injury of any type (Serious, Minor, Possible)",C,Possible Injury (C),0,0,2,USRoute,46.62,1,1-N,1-N,,ELLA T GRASSO BLVD,87,Feet,W,41.297381,-72.949367,14,Motor Vehicle in Operation,1,Front to rear,1,On Roadway,99,Unknown,88,Not Applicable,99,Unknown,99,Unknown,99,Unknown,88,Not Applicable,88,Not Applicable,99,Unknown,88,Not Applicable,88,Not Applicable,1,Non-Junction,1,Not at Intersection,1,No,1,No,88,Not Applicable,88,Not Applicable,88,Not Applicable,88,Not Applicable,TRUE,1,Public Road,1,"Trafficway, On Road",CT0009300,New Haven PD,45403,16:37.0,C,Closed,00:21.0,,2,20700,3,PRINCIPAL ARTERIAL - OTHER - NEW HPMS,2,Urban
1074410,1,Complete,1074410,1074410,41.289771,-72.892308,3566622,New Haven,93,93,New Haven,8/3/2023,2023,8,August,3,5,Thursday,21:30:00,21,23031558,A,1,,Motor Vehicle In Motion,"Injury of any type (Serious, Minor, Possible)",C,Possible Injury (C),1,1,2,USRoute,50.25,1,1-N,1-N,TOWNSEND AV,,,,,41.289771,-72.892308,14,Motor Vehicle in Operation,3,Angle,1,On Roadway,1,Clear,88,Not Applicable,4,Dark-Lighted,1,Dry,0,None,88,Not Applicable,88,Not Applicable,0,None,88,Not Applicable,88,Not Applicable,2,Intersection,2,Four-Way Intersection,1,No,1,No,88,Not Applicable,88,Not Applicable,88,Not Applicable,88,Not Applicable,FALSE,1,Public Road,1,"Trafficway, On Road",CT0009300,New Haven PD,42049,49:38.0,C,Closed,01:07.0,,2,9100,3,PRINCIPAL ARTERIAL - OTHER - NEW HPMS,2,Urban
1074415,1,Complete,1074415,1074415,41.308946,-72.895713,3566627,New Haven,93,93,New Haven,8/7/2023,2023,8,August,7,2,Monday,18:32:00,18,23032023,A,2,,Motor Vehicle In Motion,"Injury of any type (Serious, Minor, Possible)",C,Possible Injury (C),0,0,4,Local,0.51,264,GRAND AV,GRAND AV,,FERRY ST,45,Feet,W,41.308946,-72.895713,14,Motor Vehicle in Operation,1,Front to rear,1,On Roadway,1,Clear,88,Not Applicable,1,Daylight,2,Wet,0,None,88,Not Applicable,88,Not Applicable,0,None,88,Not Applicable,88,Not Applicable,3,Intersection-Related,2,Four-Way Intersection,1,No,1,No,88,Not Applicable,88,Not Applicable,88,Not Applicable,88,Not Applicable,FALSE,1,Public Road,1,"Trafficway, On Road",CT0009300,New Haven PD,42057,47:08.0,O,Open,01:08.0,,,,,,,
1074689,1,Complete,1074689,1074689,41.320131,-72.870147,3566901,New Haven,93,93,New Haven,8/8/2023,2023,8,August,8,3,Tuesday,9:42:00,9,23031979,A,2,,Motor Vehicle In Motion,"Injury of any type (Serious, Minor, Possible)",C,Possible Injury (C),0,0,3,State,0.65,80,80-E,80-E,,Eastern St,413,Feet,E,41.320131,-72.870147,14,Motor Vehicle in Operation,3,Angle,1,On Roadway,1,Clear,88,Not Applicable,1,Daylight,2,Wet,0,None,88,Not Applicable,88,Not Applicable,0,None,88,Not Applicable,88,Not Applicable,9,Driveway Access-Related,1,Not at Intersection,1,No,1,No,88,Not Applicable,88,Not Applicable,88,Not Applicable,88,Not Applicable,FALSE,1,Public Road,1,"Trafficway, On Road",CT0009300,New Haven PD,40793,34:49.0,C,Closed,01:59.0,,2,32300,3,PRINCIPAL ARTERIAL - OTHER - NEW HPMS,2,Urban
1074692,1,Complete,1074692,1074692,41.296228,-72.93377,3566904,New Haven,93,93,New Haven,8/8/2023,2023,8,August,8,3,Tuesday,9:45:00,9,23032104,A,2,,Motor Vehicle In Motion,"Injury of any type (Serious, Minor, Possible)",C,Possible Injury (C),0,0,4,Local,0.72,308,HOWARD AV,HOWARD AV,CARLISLE ST,,,,,41.296228,-72.93377,14,Motor Vehicle in Operation,3,Angle,1,On Roadway,1,Clear,88,Not Applicable,1,Daylight,1,Dry,99,Unknown,88,Not Applicable,88,Not Applicable,0,None,88,Not Applicable,88,Not Applicable,2,Intersection,3,T-Intersection,1,No,1,No,88,Not Applicable,88,Not Applicable,88,Not Applicable,88,Not Applicable,FALSE,1,Public Road,1,"Trafficway, On Road",CT0009300,New Haven PD,45388,44:27.0,C,Closed,01:57.0,,,,,,,
1074694,1,Complete,1074694,1074694,41.288862,-72.887917,3566906,New Haven,93,93,New Haven,8/8/2023,2023,8,August,8,3,Tuesday,12:39:00,12,23032138,A,2,,Motor Vehicle In Motion,"Injury of any type (Serious, Minor, Possible)",C,Possible Injury (C),0,0,2,USRoute,50.52,1,1-S,1-S,916-E,,,,,41.288862,-72.887917,14,Motor Vehicle in Operation,3,Angle,1,On Roadway,1,Clear,88,Not Applicable,1,Daylight,1,Dry,0,None,88,Not Applicable,88,Not Applicable,0,None,88,Not Applicable,88,Not Applicable,2,Intersection,3,T-Intersection,1,No,1,No,88,Not Applicable,88,Not Applicable,88,Not Applicable,88,Not Applicable,FALSE,1,Public Road,1,"Trafficway, On Road",CT0009300,New Haven PD,42367,53:48.0,C,Closed,02:01.0,,3,21400,3,PRINCIPAL ARTERIAL - OTHER - NEW HPMS,2,Urban
1074696,1,Complete,1074696,1074696,41.309565,-72.927037,3566908,New Haven,93,93,New Haven,8/8/2023,2023,8,August,8,3,Tuesday,15:45:00,15,23032181,A,2,,Motor Vehicle In Motion,"Injury of any type (Serious, Minor, Possible)",C,Possible Injury (C),0,0,4,Local,0.16,117,COLLEGE ST,COLLEGE ST,ELM ST,,,,,41.309565,-72.927037,14,Motor Vehicle in Operation,1,Front to rear,1,On Roadway,1,Clear,88,Not Applicable,1,Daylight,1,Dry,0,None,88,Not Applicable,88,Not Applicable,0,None,88,Not Applicable,88,Not Applicable,3,Intersection-Related,2,Four-Way Intersection,1,No,1,No,88,Not Applicable,88,Not Applicable,88,Not Applicable,88,Not Applicable,TRUE,1,Public Road,1,"Trafficway, On Road",CT0009300,New Haven PD,221,19:16.0,O,Open,02:00.0,,,,,,,
1074697,1,Complete,1074697,1074697,41.328295,-72.917435,3566909,New Haven,93,93,New Haven,8/8/2023,2023,8,August,8,3,Tuesday,18:05:00,18,23032198,A,1,,Pedestrian,"Injury of any type (Serious, Minor, Possible)",A,Suspected Serious Injury (A),1,0,4,Local,0,177,EDGEHILL RD,EDGEHILL RD,Highland St,,,,,41.328295,-72.917435,9,Pedestrian,88,Not Applicable,1,On Roadway,1,Clear,88,Not Applicable,1,Daylight,1,Dry,0,None,88,Not Applicable,88,Not Applicable,0,None,88,Not Applicable,88,Not Applicable,2,Intersection,2,Four-Way Intersection,1,No,1,No,88,Not Applicable,88,Not Applicable,88,Not Applicable,88,Not Applicable,FALSE,1,Public Road,1,"Trafficway, On Road",CT0009300,New Haven PD,45393,48:03.0,C,Closed,01:56.0,,2,4243,7,LOCAL - NEW HPMS,2,Urban
1075004,1,Complete,1075004,1075004,41.303811,-72.918021,3567216,New Haven,93,93,New Haven,8/5/2023,2023,8,August,5,7,Saturday,19:11:00,19,23031823,A,2,,Motor Vehicle In Motion,"Injury of any type (Serious, Minor, Possible)",A,Suspected Serious Injury (A),0,2,4,Local,1.33,97,CHAPEL ST,CHAPEL ST,DEPALMA CT,,,,,41.303811,-72.918021,14,Motor Vehicle in Operation,4,"Sideswipe, same direction",1,On Roadway,1,Clear,88,Not Applicable,3,Dusk,1,Dry,0,None,88,Not Applicable,88,Not Applicable,0,None,88,Not Applicable,88,Not Applicable,2,Intersection,3,T-Intersection,1,No,1,No,88,Not Applicable,88,Not Applicable,88,Not Applicable,88,Not Applicable,FALSE,1,Public Road,1,"Trafficway, On Road",CT0009300,New Haven PD,43688,47:35.0,C,Closed,00:44.0,,,,,,,
1075006,1,Complete,1075006,1075006,41.314928,-72.873281,3567218,New Haven,93,93,New Haven,8/7/2023,2023,8,August,7,2,Monday,5:53:00,5,23031970,A,2,,Motor Vehicle In Motion,"Injury of any type (Serious, Minor, Possible)",C,Possible Injury (C),0,0,4,Local,0.57,167,EASTERN ST,EASTERN ST,,HEMINGWAY STREET,100,Feet,N,41.314928,-72.873281,14,Motor Vehicle in Operation,4,"Sideswipe, same direction",1,On Roadway,4,Rain,88,Not Applicable,1,Daylight,2,Wet,0,None,88,Not Applicable,88,Not Applicable,0,None,88,Not Applicable,88,Not Applicable,1,Non-Junction,1,Not at Intersection,1,No,1,No,88,Not Applicable,88,Not Applicable,88,Not Applicable,88,Not Applicable,FALSE,1,Public Road,1,"Trafficway, On Road",CT0009300,New Haven PD,180,51:12.0,C,Closed,00:46.0,23031970,,,,,,
1075007,1,Complete,1075007,1075007,41.28735735,-72.89517191,3567219,New Haven,93,93,New Haven,8/8/2023,2023,8,August,8,3,Tuesday,16:59:00,16,23032172,A,2,,Motor Vehicle In Motion,"Injury of any type (Serious, Minor, Possible)",C,Possible Injury (C),0,0,4,Local,1.24,678,WOODWARD AV,WOODWARD AV,,JOHN ST,15,Feet,N,41.28735735,-72.89517191,14,Motor Vehicle in Operation,3,Angle,1,On Roadway,1,Clear,88,Not Applicable,1,Daylight,1,Dry,0,None,88,Not Applicable,88,Not Applicable,0,None,88,Not Applicable,88,Not Applicable,3,Intersection-Related,3,T-Intersection,1,No,1,No,88,Not Applicable,88,Not Applicable,88,Not Applicable,88,Not Applicable,FALSE,1,Public Road,1,"Trafficway, On Road",CT0009300,New Haven PD,45390,18:50.0,C,Closed,00:49.0,,,,,,,
1075008,1,Complete,1075008,1075008,41.3315033,-72.9254903,3567220,New Haven,93,93,New Haven,8/8/2023,2023,8,August,8,3,Tuesday,17:14:00,17,23032174,A,2,,Motor Vehicle In Motion,"Injury of any type (Serious, Minor, Possible)",C,Possible Injury (C),0,0,4,Local,1.11,669,WINCHESTER AV,WINCHESTER AV,HUNTINGTON ST,,,,,41.3315033,-72.9254903,14,Motor Vehicle in Operation,3,Angle,1,On Roadway,1,Clear,88,Not Applicable,1,Daylight,1,Dry,0,None,88,Not Applicable,88,Not Applicable,0,None,88,Not Applicable,88,Not Applicable,2,Intersection,2,Four-Way Intersection,1,No,1,No,88,Not Applicable,88,Not Applicable,88,Not Applicable,88,Not Applicable,FALSE,1,Public Road,1,"Trafficway, On Road",CT0009300,New Haven PD,42048,29:09.0,C,Closed,00:49.0,,,,,,,
1075010,1,Complete,1075010,1075010,41.32296433,-72.93489956,3567222,New Haven,93,93,New Haven,8/8/2023,2023,8,August,8,3,Tuesday,21:11:00,21,23032224,A,2,,Motor Vehicle In Motion,"Injury of any type (Serious, Minor, Possible)",C,Possible Injury (C),0,0,4,Local,0.71,152,DIXWELL AV,DIXWELL AV,,MUNSON ST,20,Feet,N,41.32296433,-72.93489956,14,Motor Vehicle in Operation,2,Front to front,1,On Roadway,1,Clear,88,Not Applicable,4,Dark-Lighted,1,Dry,0,None,88,Not Applicable,88,Not Applicable,0,None,88,Not Applicable,88,Not Applicable,3,Intersection-Related,2,Four-Way Intersection,1,No,1,No,88,Not Applicable,88,Not Applicable,88,Not Applicable,88,Not Applicable,FALSE,1,Public Road,1,"Trafficway, On Road",CT0009300,New Haven PD,727,02:24.0,C,Closed,00:47.0,,,,,,,
1075015,1,Complete,1075015,1075015,41.30847,-72.90318,3567227,New Haven,93,93,New Haven,8/9/2023,2023,8,August,9,4,Wednesday,18:36:00,18,23032377,A,2,,Motor Vehicle In Motion,"Injury of any type (Serious, Minor, Possible)",C,Possible Injury (C),0,0,4,Local,0.55,327,JAMES ST,JAMES ST,,Grand Ave ,30,Feet,N,41.30847,-72.90318,14,Motor Vehicle in Operation,1,Front to rear,1,On Roadway,1,Clear,88,Not Applicable,1,Daylight,1,Dry,0,None,88,Not Applicable,88,Not Applicable,0,None,88,Not Applicable,88,Not Applicable,3,Intersection-Related,2,Four-Way Intersection,1,No,1,No,88,Not Applicable,88,Not Applicable,88,Not Applicable,88,Not Applicable,FALSE,1,Public Road,1,"Trafficway, On Road",CT0009300,New Haven PD,42057,30:20.0,C,Closed,00:48.0,,,,,,,
1075307,1,Complete,1075307,1075307,41.293774,-72.936798,3567519,New Haven,93,93,New Haven,7/23/2023,2023,7,July,23,1,Sunday,11:35:00,11,23029715,A,2,,Motor Vehicle In Motion,"Injury of any type (Serious, Minor, Possible)",C,Possible Injury (C),0,0,4,Local,0.13,571,SPRING ST,SPRING ST,BUTTON ST,,,,,41.293774,-72.936798,14,Motor Vehicle in Operation,3,Angle,1,On Roadway,1,Clear,88,Not Applicable,1,Daylight,1,Dry,0,None,88,Not Applicable,88,Not Applicable,0,None,88,Not Applicable,88,Not Applicable,2,Intersection,2,Four-Way Intersection,1,No,1,No,88,Not Applicable,88,Not Applicable,88,Not Applicable,88,Not Applicable,FALSE,1,Public Road,1,"Trafficway, On Road",CT0009300,New Haven PD,45403,49:33.0,C,Closed,01:35.0,,4,5600,5,MAJOR COLLECTOR - NEW HPMS,2,Urban
1075309,1,Complete,1075309,1075309,41.317205,-72.915495,3567521,New Haven,93,93,New Haven,8/2/2023,2023,8,August,2,4,Wednesday,2:21:00,2,23031177,A,2,,Motor Vehicle In Motion,"Injury of any type (Serious, Minor, Possible)",C,Possible Injury (C),0,1,4,Local,0.79,450,ORANGE ST NO 1,ORANGE ST NO 1,BISHOP ST,,,,,41.317205,-72.915495,14,Motor Vehicle in Operation,3,Angle,1,On Roadway,1,Clear,88,Not Applicable,4,Dark-Lighted,1,Dry,0,None,88,Not Applicable,88,Not Applicable,0,None,88,Not Applicable,88,Not Applicable,2,Intersection,2,Four-Way Intersection,1,No,1,No,88,Not Applicable,88,Not Applicable,88,Not Applicable,88,Not Applicable,TRUE,1,Public Road,1,"Trafficway, On Road",CT0009300,New Haven PD,432,58:46.0,O,Open,01:37.0,,,,,,,
1075313,1,Complete,1075313,1075313,41.320641,-72.874213,3567525,New Haven,93,93,New Haven,8/10/2023,2023,8,August,10,5,Thursday,7:45:00,7,23032432,A,1,,Motor Vehicle In Motion,"Injury of any type (Serious, Minor, Possible)",B,Suspected Minor Injury (B),1,0,4,Local,2.2,498,QUINNIPIAC AV,QUINNIPIAC AV,,FOXON BLVD,50,Feet,S,41.320641,-72.874213,14,Motor Vehicle in Operation,3,Angle,1,On Roadway,1,Clear,88,Not Applicable,1,Daylight,1,Dry,0,None,88,Not Applicable,88,Not Applicable,0,None,88,Not Applicable,88,Not Applicable,1,Non-Junction,1,Not at Intersection,1,No,1,No,88,Not Applicable,88,Not Applicable,88,Not Applicable,88,Not Applicable,FALSE,1,Public Road,1,"Trafficway, On Road",CT0009300,New Haven PD,316,23:53.0,C,Closed,01:37.0,,,,,,,
1075661,1,Complete,1075661,1075661,41.318848,-72.948524,3567873,New Haven,93,93,New Haven,7/20/2023,2023,7,July,20,5,Thursday,16:04:00,16,23029248,A,2,,Motor Vehicle In Motion,"Injury of any type (Serious, Minor, Possible)",C,Possible Injury (C),0,0,4,Local,0.03,653,WHALLEY AV,WHALLEY AV,,ELLA T GRASSO BLVD,138,Feet,E,41.318848,-72.948524,14,Motor Vehicle in Operation,3,Angle,1,On Roadway,1,Clear,88,Not Applicable,1,Daylight,1,Dry,0,None,88,Not Applicable,88,Not Applicable,0,None,88,Not Applicable,88,Not Applicable,1,Non-Junction,1,Not at Intersection,1,No,1,No,88,Not Applicable,88,Not Applicable,88,Not Applicable,88,Not Applicable,FALSE,1,Public Road,1,"Trafficway, On Road",CT0009300,New Haven PD,276,20:45.0,C,Closed,00:18.0,23029248,4,21200,3,PRINCIPAL ARTERIAL - OTHER - NEW HPMS,2,Urban
1075663,1,Complete,1075663,1075663,41.304359,-72.894509,3567875,New Haven,93,93,New Haven,8/3/2023,2023,8,August,3,5,Thursday,11:33:00,11,23031427,A,1,,Pedalcycle/Pedalcyclist,"Injury of any type (Serious, Minor, Possible)",C,Possible Injury (C),1,0,4,Local,1.09,213,FERRY ST,FERRY ST,CHAPEL ST,,,,,41.304359,-72.894509,10,Pedalcycle/Pedalcyclist,3,Angle,1,On Roadway,1,Clear,88,Not Applicable,1,Daylight,1,Dry,0,None,88,Not Applicable,88,Not Applicable,0,None,88,Not Applicable,88,Not Applicable,2,Intersection,2,Four-Way Intersection,1,No,1,No,88,Not Applicable,88,Not Applicable,88,Not Applicable,88,Not Applicable,TRUE,1,Public Road,1,"Trafficway, On Road",CT0009300,New Haven PD,40790,08:22.0,C,Closed,00:20.0,,,,,,,
1075664,1,Complete,1075664,1075664,41.301632,-72.9245,3567876,New Haven,93,93,New Haven,8/4/2023,2023,8,August,4,6,Friday,14:10:00,14,23031654,A,2,,Motor Vehicle In Motion,"Injury of any type (Serious, Minor, Possible)",C,Possible Injury (C),0,0,4,Local,1.59,575,STATE ST,STATE ST,,WATER ST,40,Feet,N,41.301632,-72.9245,14,Motor Vehicle in Operation,3,Angle,1,On Roadway,1,Clear,88,Not Applicable,1,Daylight,1,Dry,1,Weather Conditions,88,Not Applicable,88,Not Applicable,0,None,88,Not Applicable,88,Not Applicable,3,Intersection-Related,2,Four-Way Intersection,1,No,1,No,88,Not Applicable,88,Not Applicable,88,Not Applicable,88,Not Applicable,TRUE,1,Public Road,1,"Trafficway, On Road",CT0009300,New Haven PD,469,56:02.0,C,Closed,00:14.0,,,,,,,
1075665,1,Complete,1075665,1075665,41.320395,-72.867685,3567877,New Haven,93,93,New Haven,8/6/2023,2023,8,August,6,1,Sunday,15:30:00,15,23031913,A,2,,Motor Vehicle In Motion,"Injury of any type (Serious, Minor, Possible)",C,Possible Injury (C),0,1,3,State,0.79,80,80-E,80-E,,DELL DR,42,Feet,W,41.320395,-72.867685,14,Motor Vehicle in Operation,3,Angle,1,On Roadway,1,Clear,88,Not Applicable,1,Daylight,1,Dry,0,None,88,Not Applicable,88,Not Applicable,3,Backup Due to Regular Congestion,88,Not Applicable,88,Not Applicable,3,Intersection-Related,3,T-Intersection,1,No,1,No,88,Not Applicable,88,Not Applicable,88,Not Applicable,88,Not Applicable,TRUE,1,Public Road,1,"Trafficway, On Road",CT0009300,New Haven PD,409,40:21.0,C,Closed,00:26.0,,2,23400,3,PRINCIPAL ARTERIAL - OTHER - NEW HPMS,2,Urban