CrashId,Fatal Case Status,Fatal Case Status Text Format,CrashId,CrashId,Latitude,Longitude,DOT Case Number,Town Name,Town Number,Town Number,Town Number Text Format,Date Of Crash,Year,Month,Month Text Format,Day,Day of the Week,Day of the Week Text Format,Time of Crash,Hour of the Day,Case Identifier,Crash Severity,Number Of Motor Vehicles,Motor vehicle action,Most harmful event,Crash Severity Text Format,Most Severe Injury,Most Severe Injury Text Format,Number Of Non-Motorist,Number Of Witnesses,Route Class,Route Class Text Format,Milemarker,Road Number,Road Description,Roadway Name,Intersecting Roadway Name,Landmark Description,Distance From Nearest Landmark,Unit Of Measure From Nearest Landmark,Direction From Nearest Landmark,Latitude,Longitude,First Harmful Event,First Harmful Event Text Format,Manner of Crash / Collision Impact,Manner of Crash / Collision Impact Text Format,Location of First Harmful Event,Location of First Harmful Event Text Format,Weather Condition,Weather Condition Text Format,Weather 2,Weather 2 Text Format,Light Condition,Light Condition Text Format,Road Surface Condition,Road Surface Condition Text Format,"Contributing Circumstances, Environment","Contributing Circumstances, Environment Text Format",Environment 2,Environment 2 Text Format,Environment 3,Environment 3 Text Format,"Contributing Circumstances, Road","Contributing Circumstances, Road Text Format",Road 2,Road 2 Text Format,Road 3,Road 3 Text Format,Crash Specific Location,Crash Specific Location Text Format,Type of Intersection,Type of Intersection Text Format,School Bus Related,School Bus Related Text Format,Work Zone Related,Work Zone Related Text Format,Location Of Crash Relative To Work Zone,Location Of Crash Relative To Work Zone Text Format,Type of Work Zone,Type of Work Zone Text Format,Worker Presence,Worker Presence Text Format,Law Enforcement Presence,Law Enforcement Presence Text Format,Were Vehicles Moved Prior To Police Arrival,Trafficway Ownership,Trafficway Ownership Text Format,Trafficway Class,Trafficway Class Text Format,Police Agency,Police Agency Text Format,Badge Number,Approval Date,Police Case Status,Police Case Status Text Format,Crash Report Submission Date,Related Case Identifiers,No. of Through Lanes (Log Dir.),Average Daily Traffic,Functional Classification,Functional Classification Text Format,Rural or Urban,Rural or Urban Text Format
1078293,1,Complete,1078293,1078293,41.299525,-72.925401,3570505,New Haven,93,93,New Haven,8/21/2023,2023,8,August,21,2,Monday,8:52:00,8,23033978,A,2,,Motor Vehicle In Motion,"Injury of any type (Serious, Minor, Possible)",C,Possible Injury (C),0,0,2,USRoute,48.12,1,1-N,1-N,,MEADOW ST,32,Feet,N,41.299525,-72.925401,14,Motor Vehicle in Operation,1,Front to rear,1,On Roadway,1,Clear,88,Not Applicable,1,Daylight,1,Dry,0,None,88,Not Applicable,88,Not Applicable,0,None,88,Not Applicable,88,Not Applicable,3,Intersection-Related,3,T-Intersection,1,No,1,No,88,Not Applicable,88,Not Applicable,88,Not Applicable,88,Not Applicable,FALSE,1,Public Road,1,"Trafficway, On Road",CT0009300,New Haven PD,45395,10:51.0,C,Closed,01:29.0,,2,11700,3,PRINCIPAL ARTERIAL - OTHER - NEW HPMS,2,Urban
1078295,1,Complete,1078295,1078295,41.31301,-72.95202,3570507,New Haven,93,93,New Haven,8/21/2023,2023,8,August,21,2,Monday,16:09:00,16,23034029,A,2,,Motor Vehicle In Motion,"Injury of any type (Serious, Minor, Possible)",C,Possible Injury (C),0,0,3,State,2.41,10,10-N,10-N,CHAPEL ST,,,,,41.31301,-72.95202,14,Motor Vehicle in Operation,1,Front to rear,1,On Roadway,1,Clear,88,Not Applicable,1,Daylight,1,Dry,0,None,88,Not Applicable,88,Not Applicable,0,None,88,Not Applicable,88,Not Applicable,2,Intersection,2,Four-Way Intersection,1,No,1,No,88,Not Applicable,88,Not Applicable,88,Not Applicable,88,Not Applicable,FALSE,1,Public Road,1,"Trafficway, On Road",CT0009300,New Haven PD,11439,24:54.0,C,Closed,01:30.0,,2,19800,3,PRINCIPAL ARTERIAL - OTHER - NEW HPMS,2,Urban
1078296,1,Complete,1078296,1078296,41.321259,-72.869621,3570508,New Haven,93,93,New Haven,8/21/2023,2023,8,August,21,2,Monday,16:31:00,16,23034034,A,1,,"Other Post, Pole, or Support","Injury of any type (Serious, Minor, Possible)",C,Possible Injury (C),0,0,,,,,,466 FOXON BLVD,,EASTERN ST,560,Feet,E,41.321259,-72.869621,38,"Other Post, Pole or Support",88,Not Applicable,7,In Parking Lane or Zone,1,Clear,88,Not Applicable,1,Daylight,1,Dry,0,None,88,Not Applicable,88,Not Applicable,0,None,88,Not Applicable,88,Not Applicable,97,Other,1,Not at Intersection,1,No,1,No,88,Not Applicable,88,Not Applicable,88,Not Applicable,88,Not Applicable,FALSE,88,Not Applicable,4,Parking Lot,CT0009300,New Haven PD,409,44:59.0,C,Closed,01:29.0,,,,,,,
1078569,1,Complete,1078569,1078569,41.337961,-72.97656,923221,New Haven,93,93,New Haven,8/22/2023,2023,8,August,22,3,Tuesday,10:57:00,10,23034167,K,1,Straight Ahead,Pedestrian,Fatal (Kill),K,Fatal Injury (K),1,1,3,State,0.24,69,69-N,69-N,15-N-114,,,,,41.337961,-72.97656,9,Pedestrian,88,Not Applicable,1,On Roadway,1,Clear,88,Not Applicable,1,Daylight,1,Dry,0,None,88,Not Applicable,88,Not Applicable,0,None,88,Not Applicable,88,Not Applicable,3,Intersection-Related,3,T-Intersection,1,No,1,No,88,Not Applicable,88,Not Applicable,88,Not Applicable,88,Not Applicable,TRUE,1,Public Road,1,"Trafficway, On Road",CT0009300,New Haven PD,66,39:14.0,C,Closed,00:48.0,,1,5500,2,PRIN ART-OTHER FREEWAYS & EXPRESSWAYS - NEW HPMS,2,Urban
1078571,1,Complete,1078571,1078571,41.290975,-72.941486,3570783,New Haven,93,93,New Haven,8/22/2023,2023,8,August,22,3,Tuesday,15:45:00,15,23034217,A,2,,Motor Vehicle In Motion,"Injury of any type (Serious, Minor, Possible)",C,Possible Injury (C),0,0,3,State,0.7,10,10-N,10-N,WASHINGTON AV NO 1,,,,,41.290975,-72.941486,14,Motor Vehicle in Operation,3,Angle,1,On Roadway,1,Clear,88,Not Applicable,1,Daylight,1,Dry,0,None,88,Not Applicable,88,Not Applicable,0,None,88,Not Applicable,88,Not Applicable,2,Intersection,2,Four-Way Intersection,1,No,1,No,88,Not Applicable,88,Not Applicable,88,Not Applicable,88,Not Applicable,FALSE,1,Public Road,1,"Trafficway, On Road",CT0009300,New Haven PD,44953,33:51.0,C,Closed,00:45.0,,2,18000,3,PRINCIPAL ARTERIAL - OTHER - NEW HPMS,2,Urban
1078853,1,Complete,1078853,1078853,41.315328,-72.897021,3571065,New Haven,93,93,New Haven,8/17/2023,2023,8,August,17,5,Thursday,22:56:00,22,23033606,A,2,,Motor Vehicle In Motion,"Injury of any type (Serious, Minor, Possible)",B,Suspected Minor Injury (B),0,0,4,Local,0.31,213,FERRY ST,FERRY ST,,LOMBARD ST,50,Feet,N,41.315328,-72.897021,14,Motor Vehicle in Operation,97,Other,1,On Roadway,1,Clear,88,Not Applicable,4,Dark-Lighted,1,Dry,0,None,88,Not Applicable,88,Not Applicable,0,None,88,Not Applicable,88,Not Applicable,1,Non-Junction,1,Not at Intersection,1,No,1,No,88,Not Applicable,88,Not Applicable,88,Not Applicable,88,Not Applicable,FALSE,1,Public Road,1,"Trafficway, On Road",CT0009300,New Haven PD,42055,40:57.0,O,Open,01:59.0,,,,,,,
1078854,1,Complete,1078854,1078854,41.324566,-72.909867,3571066,New Haven,93,93,New Haven,8/19/2023,2023,8,August,19,7,Saturday,8:06:00,8,23033755,A,2,,Motor Vehicle In Motion,"Injury of any type (Serious, Minor, Possible)",B,Suspected Minor Injury (B),0,0,4,Local,0.2,418,ORANGE ST NO 1,ORANGE ST NO 1,Cold Spring St ,,,,,41.324566,-72.909867,14,Motor Vehicle in Operation,3,Angle,1,On Roadway,1,Clear,88,Not Applicable,1,Daylight,1,Dry,0,None,88,Not Applicable,88,Not Applicable,0,None,88,Not Applicable,88,Not Applicable,2,Intersection,2,Four-Way Intersection,1,No,1,No,88,Not Applicable,88,Not Applicable,88,Not Applicable,88,Not Applicable,TRUE,1,Public Road,1,"Trafficway, On Road",CT0009300,New Haven PD,43689,41:29.0,C,Closed,01:58.0,,,,,,,
1078860,1,Complete,1078860,1078860,41.270283,-72.896866,3571072,New Haven,93,93,New Haven,8/22/2023,2023,8,August,22,3,Tuesday,16:59:00,16,23034221,A,2,,Motor Vehicle In Motion,"Injury of any type (Serious, Minor, Possible)",C,Possible Injury (C),0,0,3,State,1.37,337,337-E,337-E,,POPE ST,25,Feet,N,41.270283,-72.896866,14,Motor Vehicle in Operation,1,Front to rear,1,On Roadway,1,Clear,88,Not Applicable,1,Daylight,1,Dry,0,None,88,Not Applicable,88,Not Applicable,0,None,88,Not Applicable,88,Not Applicable,1,Non-Junction,1,Not at Intersection,1,No,1,No,88,Not Applicable,88,Not Applicable,88,Not Applicable,88,Not Applicable,FALSE,1,Public Road,1,"Trafficway, On Road",CT0009300,New Haven PD,42367,54:50.0,C,Closed,02:02.0,,1,8200,4,MINOR ARTERIAL - NEW HPMS,1,Rural
1078863,1,Complete,1078863,1078863,41.316382,-72.942464,3571075,New Haven,93,93,New Haven,8/23/2023,2023,8,August,23,4,Wednesday,11:05:00,11,23034332,A,2,,Motor Vehicle In Motion,"Injury of any type (Serious, Minor, Possible)",C,Possible Injury (C),0,0,4,Local,0.75,556,SHERMAN AV,SHERMAN AV,,WHALLEY AVE,50,Feet,W,41.316382,-72.942464,14,Motor Vehicle in Operation,1,Front to rear,1,On Roadway,1,Clear,88,Not Applicable,1,Daylight,1,Dry,0,None,88,Not Applicable,88,Not Applicable,0,None,88,Not Applicable,88,Not Applicable,3,Intersection-Related,2,Four-Way Intersection,1,No,1,No,88,Not Applicable,88,Not Applicable,88,Not Applicable,88,Not Applicable,FALSE,1,Public Road,1,"Trafficway, On Road",CT0009300,New Haven PD,238,54:24.0,C,Closed,02:03.0,,,,,,,
1080088,1,Complete,1080088,1080088,41.33318,-72.975577,3572300,New Haven,93,93,New Haven,8/15/2023,2023,8,August,15,3,Tuesday,17:07:00,17,23033225,A,3,,Motor Vehicle In Motion,"Injury of any type (Serious, Minor, Possible)",C,Possible Injury (C),0,0,3,State,1.17,63,63-N,63-N,,WESTERLEIGH RD,22,Feet,N,41.33318,-72.975577,14,Motor Vehicle in Operation,1,Front to rear,1,On Roadway,1,Clear,1,Clear,1,Daylight,1,Dry,0,None,0,None,0,None,0,None,88,Not Applicable,88,Not Applicable,3,Intersection-Related,3,T-Intersection,1,No,1,No,88,Not Applicable,88,Not Applicable,88,Not Applicable,88,Not Applicable,FALSE,1,Public Road,1,"Trafficway, On Road",CT0009300,New Haven PD,55,54:38.0,C,Closed,00:24.0,,2,27000,3,PRINCIPAL ARTERIAL - OTHER - NEW HPMS,2,Urban
1080091,1,Complete,1080091,1080091,41.288828,-72.892537,3572303,New Haven,93,93,New Haven,8/21/2023,2023,8,August,21,2,Monday,19:35:00,19,23034088,A,2,,Motor Vehicle In Motion,"Injury of any type (Serious, Minor, Possible)",B,Suspected Minor Injury (B),0,0,3,State,0.09,741,741-E,741-E,MAIN ST NO 2,,,,,41.288828,-72.892537,14,Motor Vehicle in Operation,3,Angle,1,On Roadway,1,Clear,88,Not Applicable,1,Daylight,1,Dry,0,None,88,Not Applicable,88,Not Applicable,0,None,88,Not Applicable,88,Not Applicable,2,Intersection,2,Four-Way Intersection,1,No,1,No,88,Not Applicable,88,Not Applicable,88,Not Applicable,88,Not Applicable,FALSE,1,Public Road,1,"Trafficway, On Road",CT0009300,New Haven PD,45390,19:06.0,C,Closed,00:25.0,,2,14200,4,MINOR ARTERIAL - NEW HPMS,2,Urban
1080092,1,Complete,1080092,1080092,41.32391,-72.8812,3572304,New Haven,93,93,New Haven,8/24/2023,2023,8,August,24,5,Thursday,21:51:00,21,23034587,A,2,,Motor Vehicle In Motion,"Injury of any type (Serious, Minor, Possible)",B,Suspected Minor Injury (B),0,0,3,State,0,80,80-W,80-W,17-N,,,,,41.32391,-72.8812,14,Motor Vehicle in Operation,97,Other,1,On Roadway,1,Clear,88,Not Applicable,4,Dark-Lighted,1,Dry,0,None,88,Not Applicable,88,Not Applicable,0,None,88,Not Applicable,88,Not Applicable,3,Intersection-Related,2,Four-Way Intersection,1,No,1,No,88,Not Applicable,88,Not Applicable,88,Not Applicable,88,Not Applicable,TRUE,99,Unknown,1,"Trafficway, On Road",CT0009300,New Haven PD,45398,58:04.0,C,Closed,00:29.0,,2,32300,3,PRINCIPAL ARTERIAL - OTHER - NEW HPMS,2,Urban
1080096,1,Complete,1080096,1080096,41.328698,-72.91476,3572308,New Haven,93,93,New Haven,8/28/2023,2023,8,August,28,2,Monday,7:22:00,7,23035017,A,1,,Utility Pole,"Injury of any type (Serious, Minor, Possible)",C,Possible Injury (C),0,0,4,Local,1.33,656,WHITNEY AV,WHITNEY AV,,HUNTINGTON ST,275,Feet,S,41.328698,-72.91476,33,Utility Pole/Light Support,88,Not Applicable,1,On Roadway,1,Clear,88,Not Applicable,1,Daylight,1,Dry,0,None,88,Not Applicable,88,Not Applicable,0,None,88,Not Applicable,88,Not Applicable,1,Non-Junction,1,Not at Intersection,1,No,1,No,88,Not Applicable,88,Not Applicable,88,Not Applicable,88,Not Applicable,FALSE,1,Public Road,1,"Trafficway, On Road",CT0009300,New Haven PD,263,59:10.0,C,Closed,00:26.0,,4,11100,3,PRINCIPAL ARTERIAL - OTHER - NEW HPMS,2,Urban
1080385,1,Complete,1080385,1080385,41.310695,-72.949639,3572597,New Haven,93,93,New Haven,7/28/2023,2023,7,July,28,6,Friday,9:57:00,9,23032094,A,2,,Motor Vehicle In Motion,"Injury of any type (Serious, Minor, Possible)",C,Possible Injury (C),0,0,4,Local,0.02,248,GEORGE ST,GEORGE ST,,Norton St,35,Feet,W,41.310695,-72.949639,14,Motor Vehicle in Operation,1,Front to rear,1,On Roadway,1,Clear,88,Not Applicable,1,Daylight,1,Dry,0,None,88,Not Applicable,88,Not Applicable,0,None,88,Not Applicable,88,Not Applicable,3,Intersection-Related,3,T-Intersection,1,No,1,No,88,Not Applicable,88,Not Applicable,88,Not Applicable,88,Not Applicable,FALSE,1,Public Road,1,"Trafficway, On Road",CT0009300,New Haven PD,225,40:44.0,C,Closed,01:37.0,,,,,,,
1080386,1,Complete,1080386,1080386,41.314132,-72.932568,3572598,New Haven,93,93,New Haven,8/14/2023,2023,8,August,14,2,Monday,15:15:00,15,23033052,A,2,,Motor Vehicle In Motion,"Injury of any type (Serious, Minor, Possible)",C,Possible Injury (C),0,0,4,Local,0.08,152,DIXWELL AV,DIXWELL AV,,LAKE PL,100,Feet,N,41.314132,-72.932568,14,Motor Vehicle in Operation,4,"Sideswipe, same direction",1,On Roadway,1,Clear,88,Not Applicable,1,Daylight,1,Dry,0,None,88,Not Applicable,88,Not Applicable,0,None,88,Not Applicable,88,Not Applicable,1,Non-Junction,1,Not at Intersection,1,No,1,No,88,Not Applicable,88,Not Applicable,88,Not Applicable,88,Not Applicable,FALSE,1,Public Road,1,"Trafficway, On Road",CT0009300,New Haven PD,307,01:40.0,C,Closed,01:32.0,,,,,,,
1080390,1,Complete,1080390,1080390,41.301653,-72.932688,3572602,New Haven,93,93,New Haven,8/20/2023,2023,8,August,20,1,Sunday,18:27:00,18,23033912,A,2,,Motor Vehicle In Motion,"Injury of any type (Serious, Minor, Possible)",B,Suspected Minor Injury (B),0,1,4,Local,0.03,750,LIBERTY ST NO 2,LIBERTY ST NO 2,,WASHINGTON AVE,155,Feet,N,41.301653,-72.932688,14,Motor Vehicle in Operation,4,"Sideswipe, same direction",1,On Roadway,1,Clear,88,Not Applicable,1,Daylight,1,Dry,0,None,88,Not Applicable,88,Not Applicable,0,None,88,Not Applicable,88,Not Applicable,11,Through Roadway,1,Not at Intersection,1,No,1,No,88,Not Applicable,88,Not Applicable,88,Not Applicable,88,Not Applicable,FALSE,1,Public Road,1,"Trafficway, On Road",CT0009300,New Haven PD,45402,51:50.0,C,Closed,01:32.0,,,,,,,
1080402,1,Complete,1080402,1080402,41.30398,-72.89861,3572614,New Haven,93,93,New Haven,8/29/2023,2023,8,August,29,3,Tuesday,12:44:00,12,23035226,A,2,,Motor Vehicle In Motion,"Injury of any type (Serious, Minor, Possible)",C,Possible Injury (C),0,0,4,Local,0.32,97,CHAPEL ST,CHAPEL ST,BLATCHLEY AV,,,,,41.30398,-72.89861,14,Motor Vehicle in Operation,3,Angle,1,On Roadway,1,Clear,88,Not Applicable,1,Daylight,1,Dry,0,None,88,Not Applicable,88,Not Applicable,0,None,88,Not Applicable,88,Not Applicable,2,Intersection,2,Four-Way Intersection,1,No,1,No,88,Not Applicable,88,Not Applicable,88,Not Applicable,88,Not Applicable,FALSE,1,Public Road,1,"Trafficway, On Road",CT0009300,New Haven PD,980,21:42.0,C,Closed,01:39.0,,,,,,,
1080406,1,Complete,1080406,1080406,41.317518,-72.937964,3572618,New Haven,93,93,New Haven,8/29/2023,2023,8,August,29,3,Tuesday,20:33:00,20,23035325,A,1,,Pedestrian,"Injury of any type (Serious, Minor, Possible)",B,Suspected Minor Injury (B),1,0,4,Local,1.17,453,ORCHARD ST,ORCHARD ST,,GOFFE ST,100,Feet,S,41.317518,-72.937964,9,Pedestrian,88,Not Applicable,1,On Roadway,1,Clear,88,Not Applicable,5,Dark-Not Lighted,1,Dry,0,None,88,Not Applicable,88,Not Applicable,0,None,88,Not Applicable,88,Not Applicable,1,Non-Junction,1,Not at Intersection,1,No,1,No,88,Not Applicable,88,Not Applicable,88,Not Applicable,88,Not Applicable,FALSE,1,Public Road,1,"Trafficway, On Road",CT0009300,New Haven PD,9,25:37.0,C,Closed,01:40.0,,2,4200,4,MINOR ARTERIAL - NEW HPMS,2,Urban
1080749,1,Complete,1080749,1080749,41.304199,-72.896211,3572961,New Haven,93,93,New Haven,8/23/2023,2023,8,August,23,4,Wednesday,20:28:00,20,23034400,A,1,,Motor Vehicle In Motion,"Injury of any type (Serious, Minor, Possible)",B,Suspected Minor Injury (B),1,0,4,Local,0.2,97,CHAPEL ST,CHAPEL ST,,Poplar St ,50,Feet,E,41.304199,-72.896211,10,Pedalcycle/Pedalcyclist,3,Angle,1,On Roadway,1,Clear,88,Not Applicable,3,Dusk,1,Dry,0,None,88,Not Applicable,88,Not Applicable,0,None,88,Not Applicable,88,Not Applicable,2,Intersection,3,T-Intersection,1,No,1,No,88,Not Applicable,88,Not Applicable,88,Not Applicable,88,Not Applicable,FALSE,1,Public Road,1,"Trafficway, On Road",CT0009300,New Haven PD,813,45:21.0,C,Closed,01:19.0,,,,,,,
1080756,1,Complete,1080756,1080756,41.3224603,-72.8812012,3572968,New Haven,93,93,New Haven,8/28/2023,2023,8,August,28,2,Monday,22:25:00,22,23035142,A,2,,Motor Vehicle In Motion,"Injury of any type (Serious, Minor, Possible)",C,Possible Injury (C),0,0,,,,,,115 FOXON BLVD,,315 FOXON BLVD,50,Feet,W,41.3224603,-72.8812012,14,Motor Vehicle in Operation,2,Front to front,7,In Parking Lane or Zone,1,Clear,88,Not Applicable,4,Dark-Lighted,1,Dry,0,None,88,Not Applicable,88,Not Applicable,0,None,88,Not Applicable,88,Not Applicable,1,Non-Junction,1,Not at Intersection,1,No,1,No,88,Not Applicable,88,Not Applicable,88,Not Applicable,88,Not Applicable,FALSE,2,Private Road,4,Parking Lot,CT0009300,New Haven PD,42369,26:35.0,C,Closed,01:20.0,,,,,,,
1080765,1,Complete,1080765,1080765,41.307082,-72.938386,3572977,New Haven,93,93,New Haven,8/30/2023,2023,8,August,30,4,Wednesday,15:18:00,15,23035401,A,2,,Motor Vehicle In Motion,"Injury of any type (Serious, Minor, Possible)",C,Possible Injury (C),0,0,4,Local,0.81,809,REV DR MLK JR BLVD,REV DR MLK JR BLVD,,DWIGHT ST,100,Feet,E,41.307082,-72.938386,14,Motor Vehicle in Operation,1,Front to rear,1,On Roadway,1,Clear,88,Not Applicable,1,Daylight,1,Dry,0,None,88,Not Applicable,88,Not Applicable,3,Backup Due to Regular Congestion,88,Not Applicable,88,Not Applicable,1,Non-Junction,1,Not at Intersection,1,No,1,No,88,Not Applicable,88,Not Applicable,88,Not Applicable,88,Not Applicable,FALSE,1,Public Road,1,"Trafficway, On Road",CT0009300,New Haven PD,158,08:25.0,C,Closed,01:13.0,,,,,,,
1080767,1,Complete,1080767,1080767,41.307311,-72.928784,3572979,New Haven,93,93,New Haven,8/30/2023,2023,8,August,30,4,Wednesday,15:42:00,15,23035408,A,1,,Ran Off Roadway Left,"Injury of any type (Serious, Minor, Possible)",A,Suspected Serious Injury (A),0,1,4,Local,0.34,117,COLLEGE ST,COLLEGE ST,CHAPEL ST,,,,,41.307311,-72.928784,25,Curb,88,Not Applicable,1,On Roadway,1,Clear,1,Clear,1,Daylight,1,Dry,0,None,88,Not Applicable,88,Not Applicable,0,None,88,Not Applicable,88,Not Applicable,2,Intersection,2,Four-Way Intersection,1,No,1,No,88,Not Applicable,88,Not Applicable,88,Not Applicable,88,Not Applicable,FALSE,1,Public Road,1,"Trafficway, On Road",CT0009300,New Haven PD,221,03:34.0,C,Closed,01:14.0,,2,3500,3,PRINCIPAL ARTERIAL - OTHER - NEW HPMS,2,Urban
1081385,1,Complete,1081385,1081385,41.302897,-72.937459,3573597,New Haven,93,93,New Haven,8/22/2023,2023,8,August,22,3,Tuesday,11:35:00,11,23034174,A,2,,Motor Vehicle In Motion,"Injury of any type (Serious, Minor, Possible)",C,Possible Injury (C),0,0,4,Local,0.66,141,DAVENPORT AV,DAVENPORT AV,,VERNON ST,-2,Feet,S,41.302897,-72.937459,14,Motor Vehicle in Operation,3,Angle,1,On Roadway,1,Clear,88,Not Applicable,1,Daylight,1,Dry,0,None,88,Not Applicable,88,Not Applicable,0,None,88,Not Applicable,88,Not Applicable,3,Intersection-Related,2,Four-Way Intersection,1,No,1,No,88,Not Applicable,88,Not Applicable,88,Not Applicable,88,Not Applicable,TRUE,1,Public Road,1,"Trafficway, On Road",CT0009300,New Haven PD,39,16:22.0,C,Closed,00:47.0,23034174,,,,,,
1081387,1,Complete,1081387,1081387,41.339018,-72.976847,3573599,New Haven,93,93,New Haven,8/26/2023,2023,8,August,26,7,Saturday,23:13:00,23,23034861,A,2,,Motor Vehicle In Motion,"Injury of any type (Serious, Minor, Possible)",C,Possible Injury (C),0,0,3,State,0.32,69,69-N,69-N,,POND LILY AVE,20,Feet,N,41.339018,-72.976847,14,Motor Vehicle in Operation,1,Front to rear,1,On Roadway,1,Clear,88,Not Applicable,4,Dark-Lighted,1,Dry,0,None,88,Not Applicable,88,Not Applicable,0,None,88,Not Applicable,88,Not Applicable,2,Intersection,3,T-Intersection,1,No,1,No,88,Not Applicable,88,Not Applicable,88,Not Applicable,88,Not Applicable,FALSE,1,Public Road,1,"Trafficway, On Road",CT0009300,New Haven PD,19532,17:50.0,C,Closed,00:55.0,,1,21100,3,PRINCIPAL ARTERIAL - OTHER - NEW HPMS,1,Rural
1081391,1,Complete,1081391,1081391,41.313644,-72.878846,3573603,New Haven,93,93,New Haven,8/29/2023,2023,8,August,29,3,Tuesday,14:43:00,14,23035230,A,3,,Motor Vehicle In Motion,"Injury of any type (Serious, Minor, Possible)",B,Suspected Minor Injury (B),0,0,4,Local,1.67,498,QUINNIPIAC AV,QUINNIPIAC AV,HEMINGWAY ST,,,,,41.313644,-72.878846,14,Motor Vehicle in Operation,2,Front to front,1,On Roadway,1,Clear,88,Not Applicable,1,Daylight,1,Dry,0,None,88,Not Applicable,88,Not Applicable,0,None,88,Not Applicable,88,Not Applicable,2,Intersection,4,Y-Intersection,1,No,1,No,88,Not Applicable,88,Not Applicable,88,Not Applicable,88,Not Applicable,FALSE,1,Public Road,1,"Trafficway, On Road",CT0009300,New Haven PD,45400,52:25.0,C,Closed,00:44.0,,,,,,,
1081392,1,Complete,1081392,1081392,41.323609,-72.880908,3573604,New Haven,93,93,New Haven,8/30/2023,2023,8,August,30,4,Wednesday,7:41:00,7,23035354,A,2,,Motor Vehicle In Motion,"Injury of any type (Serious, Minor, Possible)",C,Possible Injury (C),0,0,3,State,0.03,80,80-W,80-W,,Middletown Ave ,175,Feet,E,41.323609,-72.880908,14,Motor Vehicle in Operation,1,Front to rear,1,On Roadway,4,Rain,88,Not Applicable,1,Daylight,2,Wet,97,Other,88,Not Applicable,88,Not Applicable,0,None,88,Not Applicable,88,Not Applicable,1,Non-Junction,1,Not at Intersection,1,No,1,No,88,Not Applicable,88,Not Applicable,88,Not Applicable,88,Not Applicable,FALSE,1,Public Road,1,"Trafficway, On Road",CT0009300,New Haven PD,44062,41:24.0,C,Closed,00:32.0,,2,32300,3,PRINCIPAL ARTERIAL - OTHER - NEW HPMS,2,Urban
1081393,1,Complete,1081393,1081393,41.301473,-72.935073,3573605,New Haven,93,93,New Haven,8/30/2023,2023,8,August,30,4,Wednesday,7:38:00,7,23035355,A,2,,Motor Vehicle In Motion,"Injury of any type (Serious, Minor, Possible)",C,Possible Injury (C),0,0,4,Local,0.72,123,CONGRESS AV,CONGRESS AV,,HOWARD AVE,30,Feet,E,41.301473,-72.935073,14,Motor Vehicle in Operation,1,Front to rear,1,On Roadway,2,Cloudy,88,Not Applicable,1,Daylight,2,Wet,1,Weather Conditions,88,Not Applicable,88,Not Applicable,0,None,88,Not Applicable,88,Not Applicable,3,Intersection-Related,2,Four-Way Intersection,1,No,1,No,88,Not Applicable,88,Not Applicable,88,Not Applicable,88,Not Applicable,FALSE,1,Public Road,1,"Trafficway, On Road",CT0009300,New Haven PD,45388,43:36.0,C,Closed,00:33.0,,,,,,,
1081395,1,Complete,1081395,1081395,41.298592,-72.944358,3573607,New Haven,93,93,New Haven,8/30/2023,2023,8,August,30,4,Wednesday,23:16:00,23,23035478,A,3,,"Other Fixed Object (wall, building, tunnel, etc.)","Injury of any type (Serious, Minor, Possible)",C,Possible Injury (C),0,1,4,Local,0.07,158,DOWNES ST,DOWNES ST,,Congress Ave,30,Feet,S,41.298592,-72.944358,14,Motor Vehicle in Operation,4,"Sideswipe, same direction",1,On Roadway,1,Clear,1,Clear,4,Dark-Lighted,1,Dry,0,None,99,Unknown,88,Not Applicable,0,None,88,Not Applicable,88,Not Applicable,1,Non-Junction,1,Not at Intersection,1,No,1,No,88,Not Applicable,88,Not Applicable,88,Not Applicable,88,Not Applicable,FALSE,1,Public Road,1,"Trafficway, On Road",CT0009300,New Haven PD,43690,08:10.0,O,Open,00:32.0,,,,,,,
1081396,1,Complete,1081396,1081396,41.31982,-72.920172,3573608,New Haven,93,93,New Haven,8/31/2023,2023,8,August,31,5,Thursday,9:44:00,9,23035516,A,3,,Motor Vehicle In Motion,"Injury of any type (Serious, Minor, Possible)",C,Possible Injury (C),0,0,4,Local,0.16,184,EDWARDS ST,EDWARDS ST,,Saint Ronan St,50,Feet,E,41.31982,-72.920172,14,Motor Vehicle in Operation,97,Other,1,On Roadway,1,Clear,88,Not Applicable,1,Daylight,1,Dry,0,None,88,Not Applicable,88,Not Applicable,0,None,88,Not Applicable,88,Not Applicable,3,Intersection-Related,3,T-Intersection,1,No,1,No,88,Not Applicable,88,Not Applicable,88,Not Applicable,88,Not Applicable,TRUE,1,Public Road,1,"Trafficway, On Road",CT0009300,New Haven PD,43689,51:39.0,C,Closed,00:39.0,,,,,,,
1081397,1,Complete,1081397,1081397,41.286824,-72.88883,3573609,New Haven,93,93,New Haven,8/31/2023,2023,8,August,31,5,Thursday,10:30:00,10,23035549,A,2,,Motor Vehicle In Motion,"Injury of any type (Serious, Minor, Possible)",C,Possible Injury (C),0,0,4,Local,0.23,388,MAIN ST NO 2,MAIN ST NO 2,,PEAT MEADOW RD,65,Feet,N,41.286824,-72.88883,14,Motor Vehicle in Operation,1,Front to rear,1,On Roadway,1,Clear,88,Not Applicable,1,Daylight,1,Dry,0,None,88,Not Applicable,88,Not Applicable,0,None,88,Not Applicable,88,Not Applicable,1,Non-Junction,1,Not at Intersection,1,No,1,No,88,Not Applicable,88,Not Applicable,88,Not Applicable,88,Not Applicable,FALSE,1,Public Road,1,"Trafficway, On Road",CT0009300,New Haven PD,316,01:54.0,C,Closed,00:35.0,,,,,,,