CrashId,Fatal Case Status,Fatal Case Status Text Format,CrashId,CrashId,Latitude,Longitude,DOT Case Number,Town Name,Town Number,Town Number,Town Number Text Format,Date Of Crash,Year,Month,Month Text Format,Day,Day of the Week,Day of the Week Text Format,Time of Crash,Hour of the Day,Case Identifier,Crash Severity,Number Of Motor Vehicles,Motor vehicle action,Most harmful event,Crash Severity Text Format,Most Severe Injury,Most Severe Injury Text Format,Number Of Non-Motorist,Number Of Witnesses,Route Class,Route Class Text Format,Milemarker,Road Number,Road Description,Roadway Name,Intersecting Roadway Name,Landmark Description,Distance From Nearest Landmark,Unit Of Measure From Nearest Landmark,Direction From Nearest Landmark,Latitude,Longitude,First Harmful Event,First Harmful Event Text Format,Manner of Crash / Collision Impact,Manner of Crash / Collision Impact Text Format,Location of First Harmful Event,Location of First Harmful Event Text Format,Weather Condition,Weather Condition Text Format,Weather 2,Weather 2 Text Format,Light Condition,Light Condition Text Format,Road Surface Condition,Road Surface Condition Text Format,"Contributing Circumstances, Environment","Contributing Circumstances, Environment Text Format",Environment 2,Environment 2 Text Format,Environment 3,Environment 3 Text Format,"Contributing Circumstances, Road","Contributing Circumstances, Road Text Format",Road 2,Road 2 Text Format,Road 3,Road 3 Text Format,Crash Specific Location,Crash Specific Location Text Format,Type of Intersection,Type of Intersection Text Format,School Bus Related,School Bus Related Text Format,Work Zone Related,Work Zone Related Text Format,Location Of Crash Relative To Work Zone,Location Of Crash Relative To Work Zone Text Format,Type of Work Zone,Type of Work Zone Text Format,Worker Presence,Worker Presence Text Format,Law Enforcement Presence,Law Enforcement Presence Text Format,Were Vehicles Moved Prior To Police Arrival,Trafficway Ownership,Trafficway Ownership Text Format,Trafficway Class,Trafficway Class Text Format,Police Agency,Police Agency Text Format,Badge Number,Approval Date,Police Case Status,Police Case Status Text Format,Crash Report Submission Date,Related Case Identifiers,No. of Through Lanes (Log Dir.),Average Daily Traffic,Functional Classification,Functional Classification Text Format,Rural or Urban,Rural or Urban Text Format
1087118,1,Complete,1087118,1087118,41.297596,-72.934154,3579330,New Haven,93,93,New Haven,9/12/2023,2023,9,September,12,3,Tuesday,23:30:00,23,23037324,A,1,,Pedestrian,"Injury of any type (Serious, Minor, Possible)",B,Suspected Minor Injury (B),1,0,4,Local,0.62,308,HOWARD AV,HOWARD AV,,COLUMBUS AVE,80,Feet,S,41.297596,-72.934154,9,Pedestrian,88,Not Applicable,1,On Roadway,1,Clear,88,Not Applicable,4,Dark-Lighted,1,Dry,0,None,88,Not Applicable,88,Not Applicable,0,None,88,Not Applicable,88,Not Applicable,3,Intersection-Related,2,Four-Way Intersection,1,No,1,No,88,Not Applicable,88,Not Applicable,88,Not Applicable,88,Not Applicable,FALSE,1,Public Road,1,"Trafficway, On Road",CT0009300,New Haven PD,10,45:37.0,C,Closed,36:38.0,,2,8400,3,PRINCIPAL ARTERIAL - OTHER - NEW HPMS,2,Urban
1087119,1,Complete,1087119,1087119,41.32908692,-72.96043224,3579331,New Haven,93,93,New Haven,9/13/2023,2023,9,September,13,4,Wednesday,9:02:00,9,23037343,A,3,,Motor Vehicle In Motion,"Injury of any type (Serious, Minor, Possible)",C,Possible Injury (C),0,0,4,Local,1.14,612,VALLEY ST NO 1,VALLEY ST NO 1,,BLAKE ST,450,Feet,N,41.32908692,-72.96043224,14,Motor Vehicle in Operation,1,Front to rear,1,On Roadway,4,Rain,88,Not Applicable,99,Unknown,2,Wet,1,Weather Conditions,88,Not Applicable,88,Not Applicable,5,"Road Surface Condition (wet, icy, snow, slush, etc.)",88,Not Applicable,88,Not Applicable,1,Non-Junction,1,Not at Intersection,1,No,1,No,88,Not Applicable,88,Not Applicable,88,Not Applicable,88,Not Applicable,FALSE,1,Public Road,1,"Trafficway, On Road",CT0009300,New Haven PD,45407,16:50.0,C,Closed,36:52.0,,,,,,,
1087120,1,Complete,1087120,1087120,41.293661,-72.937693,3579332,New Haven,93,93,New Haven,9/13/2023,2023,9,September,13,4,Wednesday,11:22:00,11,23037362,A,2,,Motor Vehicle In Motion,"Injury of any type (Serious, Minor, Possible)",C,Possible Injury (C),0,0,4,Local,0.09,571,SPRING ST,SPRING ST,HURLBURT ST,,,,,41.293661,-72.937693,14,Motor Vehicle in Operation,3,Angle,1,On Roadway,1,Clear,88,Not Applicable,1,Daylight,1,Dry,0,None,88,Not Applicable,88,Not Applicable,0,None,88,Not Applicable,88,Not Applicable,2,Intersection,2,Four-Way Intersection,1,No,1,No,88,Not Applicable,88,Not Applicable,88,Not Applicable,88,Not Applicable,TRUE,1,Public Road,1,"Trafficway, On Road",CT0009300,New Haven PD,42366,54:38.0,C,Closed,36:41.0,,,,,,,
1087121,1,Complete,1087121,1087121,41.304798,-72.936916,3579333,New Haven,93,93,New Haven,9/13/2023,2023,9,September,13,4,Wednesday,11:35:00,11,23037365,A,2,,Motor Vehicle In Motion,"Injury of any type (Serious, Minor, Possible)",C,Possible Injury (C),0,0,4,Local,0.01,563,SOUTH ST,SOUTH ST,,HOWARD AVE,55,Feet,E,41.304798,-72.936916,14,Motor Vehicle in Operation,1,Front to rear,1,On Roadway,2,Cloudy,88,Not Applicable,1,Daylight,1,Dry,0,None,88,Not Applicable,88,Not Applicable,0,None,88,Not Applicable,88,Not Applicable,3,Intersection-Related,2,Four-Way Intersection,1,No,1,No,88,Not Applicable,88,Not Applicable,88,Not Applicable,88,Not Applicable,FALSE,1,Public Road,1,"Trafficway, On Road",CT0009300,New Haven PD,251,28:41.0,C,Closed,36:38.0,,,,,,,
1087124,1,Complete,1087124,1087124,41.32243432,-72.87829809,3579336,New Haven,93,93,New Haven,9/13/2023,2023,9,September,13,4,Wednesday,15:01:00,15,23037381,A,2,,Motor Vehicle In Motion,"Injury of any type (Serious, Minor, Possible)",C,Possible Injury (C),0,0,3,State,0.19,80,80-E,80-E,,91-N-16A,800,Feet,E,41.32243432,-72.87829809,14,Motor Vehicle in Operation,3,Angle,1,On Roadway,1,Clear,88,Not Applicable,1,Daylight,1,Dry,0,None,88,Not Applicable,88,Not Applicable,0,None,88,Not Applicable,88,Not Applicable,9,Driveway Access-Related,1,Not at Intersection,1,No,1,No,88,Not Applicable,88,Not Applicable,88,Not Applicable,88,Not Applicable,TRUE,1,Public Road,1,"Trafficway, On Road",CT0009300,New Haven PD,279,20:55.0,C,Closed,37:41.0,,3,32300,3,PRINCIPAL ARTERIAL - OTHER - NEW HPMS,2,Urban
1087130,1,Complete,1087130,1087130,41.309561,-72.8906,3579342,New Haven,93,93,New Haven,9/13/2023,2023,9,September,13,4,Wednesday,23:12:00,23,23037465,A,2,,Motor Vehicle In Motion,"Injury of any type (Serious, Minor, Possible)",C,Possible Injury (C),0,0,4,Local,0.01,113,CLINTON AV,CLINTON AV,GRAND AVE,Grand Ave,15,Feet,N,41.309561,-72.8906,14,Motor Vehicle in Operation,1,Front to rear,1,On Roadway,1,Clear,88,Not Applicable,5,Dark-Not Lighted,1,Dry,0,None,88,Not Applicable,88,Not Applicable,0,None,88,Not Applicable,88,Not Applicable,3,Intersection-Related,3,T-Intersection,1,No,1,No,88,Not Applicable,88,Not Applicable,88,Not Applicable,88,Not Applicable,FALSE,1,Public Road,1,"Trafficway, On Road",CT0009300,New Haven PD,42055,41:45.0,C,Closed,36:55.0,,,,,,,
1087151,1,Complete,1087151,1087151,41.318186,-72.937432,3579363,New Haven,93,93,New Haven,9/14/2023,2023,9,September,14,5,Thursday,13:53:00,13,23037568,A,1,,"Other Fixed Object (wall, building, tunnel, etc.)","Injury of any type (Serious, Minor, Possible)",B,Suspected Minor Injury (B),0,0,4,Local,1.21,453,ORCHARD ST,ORCHARD ST,ORCHARD PL,,,,,41.318186,-72.937432,39,"Other Fixed Object (wall, building, tunnel, etc.)",88,Not Applicable,1,On Roadway,1,Clear,88,Not Applicable,1,Daylight,1,Dry,0,None,88,Not Applicable,88,Not Applicable,0,None,88,Not Applicable,88,Not Applicable,2,Intersection,3,T-Intersection,1,No,1,No,88,Not Applicable,88,Not Applicable,88,Not Applicable,88,Not Applicable,FALSE,1,Public Road,1,"Trafficway, On Road",CT0009300,New Haven PD,238,49:37.0,C,Closed,37:11.0,,1,4200,4,MINOR ARTERIAL - NEW HPMS,2,Urban
1087152,1,Complete,1087152,1087152,41.31031,-72.953375,3579364,New Haven,93,93,New Haven,9/15/2023,2023,9,September,15,6,Friday,15:24:00,15,23037576,A,4,,Motor Vehicle In Motion,"Injury of any type (Serious, Minor, Possible)",C,Possible Injury (C),0,0,3,State,2.39,10,10-N,10-N,RT 34,,,,,41.31031,-72.953375,14,Motor Vehicle in Operation,1,Front to rear,1,On Roadway,1,Clear,88,Not Applicable,1,Daylight,1,Dry,0,None,88,Not Applicable,88,Not Applicable,0,None,88,Not Applicable,88,Not Applicable,2,Intersection,2,Four-Way Intersection,1,No,1,No,88,Not Applicable,88,Not Applicable,88,Not Applicable,88,Not Applicable,FALSE,1,Public Road,1,"Trafficway, On Road",CT0009300,New Haven PD,40804,57:18.0,C,Closed,37:19.0,,2,19800,3,PRINCIPAL ARTERIAL - OTHER - NEW HPMS,2,Urban
1087153,1,Complete,1087153,1087153,41.32933318,-72.96880154,3579365,New Haven,93,93,New Haven,9/14/2023,2023,9,September,14,5,Thursday,14:23:00,14,23037578,A,2,,Motor Vehicle In Motion,"Injury of any type (Serious, Minor, Possible)",C,Possible Injury (C),0,1,3,State,0.72,63,63-N,63-N,,122-N,50,Feet,W,41.32933318,-72.96880154,14,Motor Vehicle in Operation,3,Angle,1,On Roadway,1,Clear,88,Not Applicable,1,Daylight,1,Dry,0,None,88,Not Applicable,88,Not Applicable,0,None,88,Not Applicable,88,Not Applicable,1,Non-Junction,1,Not at Intersection,1,No,1,No,88,Not Applicable,88,Not Applicable,88,Not Applicable,88,Not Applicable,FALSE,1,Public Road,1,"Trafficway, On Road",CT0009300,New Haven PD,55,13:28.0,C,Closed,37:16.0,,2,23000,3,PRINCIPAL ARTERIAL - OTHER - NEW HPMS,1,Rural
1087162,1,Complete,1087162,1087162,41.315581,-72.939175,3579374,New Haven,93,93,New Haven,9/15/2023,2023,9,September,15,6,Friday,8:40:00,8,23037670,A,2,,Motor Vehicle In Motion,"Injury of any type (Serious, Minor, Possible)",B,Suspected Minor Injury (B),0,0,4,Local,1.01,453,ORCHARD ST,ORCHARD ST,WHALLEY AVE,,,,,41.315581,-72.939175,14,Motor Vehicle in Operation,1,Front to rear,1,On Roadway,99,Unknown,88,Not Applicable,99,Unknown,1,Dry,0,None,88,Not Applicable,88,Not Applicable,0,None,88,Not Applicable,88,Not Applicable,2,Intersection,2,Four-Way Intersection,1,No,1,No,88,Not Applicable,88,Not Applicable,88,Not Applicable,88,Not Applicable,FALSE,1,Public Road,1,"Trafficway, On Road",CT0009300,New Haven PD,45392,31:26.0,C,Closed,37:11.0,,,,,,,
1087168,1,Complete,1087168,1087168,41.32767,-72.96071,3579380,New Haven,93,93,New Haven,9/15/2023,2023,9,September,15,6,Friday,13:36:00,13,23037695,A,2,,Motor Vehicle In Motion,"Injury of any type (Serious, Minor, Possible)",C,Possible Injury (C),0,0,3,State,0.27,63,63-N,63-N,PHILIP ST,,,,,41.32767,-72.96071,14,Motor Vehicle in Operation,3,Angle,1,On Roadway,1,Clear,88,Not Applicable,1,Daylight,1,Dry,0,None,88,Not Applicable,88,Not Applicable,0,None,88,Not Applicable,88,Not Applicable,2,Intersection,3,T-Intersection,1,No,1,No,88,Not Applicable,88,Not Applicable,88,Not Applicable,88,Not Applicable,TRUE,1,Public Road,1,"Trafficway, On Road",CT0009300,New Haven PD,324,17:24.0,C,Closed,37:29.0,,1,20400,3,PRINCIPAL ARTERIAL - OTHER - NEW HPMS,1,Rural
1087177,1,Complete,1087177,1087177,41.32019,-72.87174,3579389,New Haven,93,93,New Haven,9/16/2023,2023,9,September,16,7,Saturday,4:58:00,4,23037771,A,2,,Motor Vehicle In Motion,"Injury of any type (Serious, Minor, Possible)",A,Suspected Serious Injury (A),0,0,3,State,0.57,80,80-E,80-E,EASTERN ST,,,,,41.32019,-72.87174,14,Motor Vehicle in Operation,3,Angle,1,On Roadway,1,Clear,88,Not Applicable,4,Dark-Lighted,1,Dry,0,None,88,Not Applicable,88,Not Applicable,0,None,88,Not Applicable,88,Not Applicable,2,Intersection,2,Four-Way Intersection,1,No,1,No,88,Not Applicable,88,Not Applicable,88,Not Applicable,88,Not Applicable,FALSE,1,Public Road,1,"Trafficway, On Road",CT0009300,New Haven PD,44056,12:22.0,C,Closed,37:27.0,,2,32300,3,PRINCIPAL ARTERIAL - OTHER - NEW HPMS,2,Urban
1087192,1,Complete,1087192,1087192,41.313592,-72.894902,3579404,New Haven,93,93,New Haven,9/19/2023,2023,9,September,19,3,Tuesday,9:29:00,9,23037949,A,1,,"Other Fixed Object (wall, building, tunnel, etc.)","Injury of any type (Serious, Minor, Possible)",C,Possible Injury (C),0,0,4,Local,0.08,531,ROWE ST,ROWE ST,,GRAFTON ST,60,Feet,N,41.313592,-72.894902,39,"Other Fixed Object (wall, building, tunnel, etc.)",88,Not Applicable,8,"Off Roadway,  Location Unknown",1,Clear,88,Not Applicable,1,Daylight,1,Dry,0,None,88,Not Applicable,88,Not Applicable,0,None,88,Not Applicable,88,Not Applicable,3,Intersection-Related,2,Four-Way Intersection,1,No,1,No,88,Not Applicable,88,Not Applicable,88,Not Applicable,88,Not Applicable,FALSE,1,Public Road,1,"Trafficway, On Road",CT0009300,New Haven PD,45407,07:42.0,O,Open,36:45.0,,2,1538,7,LOCAL - NEW HPMS,2,Urban
1087198,1,Complete,1087198,1087198,41.29746369,-72.94890911,3579410,New Haven,93,93,New Haven,9/18/2023,2023,9,September,18,2,Monday,10:00:00,10,23038002,A,2,,Motor Vehicle In Motion,"Injury of any type (Serious, Minor, Possible)",C,Possible Injury (C),0,0,2,USRoute,46.64,1,1-N,1-N,10-N,,,,,41.29746369,-72.94890911,14,Motor Vehicle in Operation,1,Front to rear,1,On Roadway,4,Rain,88,Not Applicable,1,Daylight,2,Wet,0,None,88,Not Applicable,88,Not Applicable,0,None,88,Not Applicable,88,Not Applicable,2,Intersection,2,Four-Way Intersection,1,No,1,No,88,Not Applicable,88,Not Applicable,88,Not Applicable,88,Not Applicable,TRUE,1,Public Road,1,"Trafficway, On Road",CT0009300,New Haven PD,295,19:09.0,C,Closed,37:57.0,,2,20700,3,PRINCIPAL ARTERIAL - OTHER - NEW HPMS,2,Urban
1087201,1,Complete,1087201,1087201,41.301387,-72.943643,3579413,New Haven,93,93,New Haven,9/18/2023,2023,9,September,18,2,Monday,9:20:00,9,23038009,A,2,,Motor Vehicle In Motion,"Injury of any type (Serious, Minor, Possible)",C,Possible Injury (C),0,0,4,Local,0.06,672,WINTHROP AV NO 1,WINTHROP AV NO 1,,DAVENPORT AVE,315,Feet,N,41.301387,-72.943643,14,Motor Vehicle in Operation,1,Front to rear,1,On Roadway,4,Rain,88,Not Applicable,1,Daylight,2,Wet,0,None,88,Not Applicable,88,Not Applicable,0,None,88,Not Applicable,88,Not Applicable,1,Non-Junction,1,Not at Intersection,1,No,1,No,88,Not Applicable,88,Not Applicable,88,Not Applicable,88,Not Applicable,FALSE,1,Public Road,1,"Trafficway, On Road",CT0009300,New Haven PD,137,08:02.0,C,Closed,37:56.0,,,,,,,
1087205,1,Complete,1087205,1087205,41.30767515,-72.92266414,3579417,New Haven,93,93,New Haven,9/18/2023,2023,9,September,18,2,Monday,10:50:00,10,23038030,A,1,,Pedestrian,"Injury of any type (Serious, Minor, Possible)",C,Possible Injury (C),1,0,4,Local,0.64,726,ELM ST NO 2,ELM ST NO 2,ORANGE ST NO 1,,,,,41.30767515,-72.92266414,9,Pedestrian,88,Not Applicable,1,On Roadway,4,Rain,88,Not Applicable,1,Daylight,2,Wet,1,Weather Conditions,88,Not Applicable,88,Not Applicable,0,None,88,Not Applicable,88,Not Applicable,2,Intersection,2,Four-Way Intersection,1,No,1,No,88,Not Applicable,88,Not Applicable,88,Not Applicable,88,Not Applicable,FALSE,1,Public Road,1,"Trafficway, On Road",CT0009300,New Haven PD,344,28:26.0,O,Open,37:52.0,23038030,2,18200,3,PRINCIPAL ARTERIAL - OTHER - NEW HPMS,2,Urban
1087206,1,Complete,1087206,1087206,41.317448,-72.918942,3579418,New Haven,93,93,New Haven,9/18/2023,2023,9,September,18,2,Monday,11:53:00,11,23038032,A,4,,Motor Vehicle In Motion,"Injury of any type (Serious, Minor, Possible)",C,Possible Injury (C),0,0,4,Local,0.05,316,HUMPHREY ST,HUMPHREY ST,,WHITNEY AVE,230,Feet,E,41.317448,-72.918942,14,Motor Vehicle in Operation,4,"Sideswipe, same direction",4,Roadside,4,Rain,88,Not Applicable,1,Daylight,2,Wet,0,None,88,Not Applicable,88,Not Applicable,0,None,88,Not Applicable,88,Not Applicable,1,Non-Junction,1,Not at Intersection,1,No,1,No,88,Not Applicable,88,Not Applicable,88,Not Applicable,88,Not Applicable,FALSE,1,Public Road,1,"Trafficway, On Road",CT0009300,New Haven PD,307,10:45.0,C,Closed,36:30.0,,,,,,,
1087207,1,Complete,1087207,1087207,41.320841,-72.934281,3579419,New Haven,93,93,New Haven,9/18/2023,2023,9,September,18,2,Monday,12:40:00,12,23038035,A,1,,Pedestrian,"Injury of any type (Serious, Minor, Possible)",C,Possible Injury (C),1,0,4,Local,0.56,152,DIXWELL AV,DIXWELL AV,HENRY ST,,,,,41.320841,-72.934281,9,Pedestrian,88,Not Applicable,1,On Roadway,4,Rain,88,Not Applicable,1,Daylight,2,Wet,1,Weather Conditions,3,Glare,88,Not Applicable,99,Unknown,88,Not Applicable,88,Not Applicable,3,Intersection-Related,2,Four-Way Intersection,1,No,1,No,88,Not Applicable,88,Not Applicable,88,Not Applicable,88,Not Applicable,FALSE,1,Public Road,1,"Trafficway, On Road",CT0009300,New Haven PD,991,20:00.0,C,Closed,36:33.0,,2,6400,3,PRINCIPAL ARTERIAL - OTHER - NEW HPMS,2,Urban
1087208,1,Complete,1087208,1087208,41.314066,-72.90407952,3579420,New Haven,93,93,New Haven,9/18/2023,2023,9,September,18,2,Monday,14:41:00,14,23038058,A,2,,Motor Vehicle In Motion,"Injury of any type (Serious, Minor, Possible)",C,Possible Injury (C),0,0,4,Local,0.92,316,HUMPHREY ST,HUMPHREY ST,JAMES ST,,,,,41.314066,-72.90407952,14,Motor Vehicle in Operation,4,"Sideswipe, same direction",1,On Roadway,1,Clear,88,Not Applicable,1,Daylight,1,Dry,0,None,88,Not Applicable,88,Not Applicable,0,None,88,Not Applicable,88,Not Applicable,2,Intersection,2,Four-Way Intersection,1,No,1,No,88,Not Applicable,88,Not Applicable,88,Not Applicable,88,Not Applicable,FALSE,1,Public Road,1,"Trafficway, On Road",CT0009300,New Haven PD,33160,15:18.0,C,Closed,36:27.0,,,,,,,
1087211,1,Complete,1087211,1087211,41.327564,-72.953018,3579423,New Haven,93,93,New Haven,9/18/2023,2023,9,September,18,2,Monday,14:31:00,14,23038071,A,2,,Motor Vehicle In Motion,"Injury of any type (Serious, Minor, Possible)",B,Suspected Minor Injury (B),0,0,3,State,3.88,10,10-N,10-N,,BLAKE ST,50,Feet,N,41.327564,-72.953018,14,Motor Vehicle in Operation,3,Angle,1,On Roadway,4,Rain,88,Not Applicable,1,Daylight,2,Wet,1,Weather Conditions,88,Not Applicable,88,Not Applicable,5,"Road Surface Condition (wet, icy, snow, slush, etc.)",88,Not Applicable,88,Not Applicable,3,Intersection-Related,2,Four-Way Intersection,1,No,1,No,88,Not Applicable,88,Not Applicable,88,Not Applicable,88,Not Applicable,FALSE,1,Public Road,1,"Trafficway, On Road",CT0009300,New Haven PD,45400,58:20.0,C,Closed,36:16.0,,1,13200,4,MINOR ARTERIAL - NEW HPMS,1,Rural
1087213,1,Complete,1087213,1087213,41.329105,-72.979884,3579425,New Haven,93,93,New Haven,9/18/2023,2023,9,September,18,2,Monday,17:05:00,17,23038081,A,2,,Motor Vehicle In Motion,"Injury of any type (Serious, Minor, Possible)",C,Possible Injury (C),0,0,3,State,5.59,243,243-E,243-E,COOPER PL,,,,,41.329105,-72.979884,14,Motor Vehicle in Operation,1,Front to rear,1,On Roadway,2,Cloudy,88,Not Applicable,1,Daylight,2,Wet,0,None,88,Not Applicable,88,Not Applicable,0,None,88,Not Applicable,88,Not Applicable,2,Intersection,3,T-Intersection,1,No,1,No,88,Not Applicable,88,Not Applicable,88,Not Applicable,88,Not Applicable,FALSE,1,Public Road,1,"Trafficway, On Road",CT0009300,New Haven PD,170,17:38.0,C,Closed,37:50.0,,1,8300,4,MINOR ARTERIAL - NEW HPMS,1,Rural
1087216,1,Complete,1087216,1087216,41.31808316,-72.95114767,3579428,New Haven,93,93,New Haven,9/18/2023,2023,9,September,18,2,Monday,17:21:00,17,23038117,A,2,,Motor Vehicle In Motion,"Injury of any type (Serious, Minor, Possible)",C,Possible Injury (C),0,0,4,Local,0.2,72,BROWNELL ST,BROWNELL ST,ELM ST NO 1,,,,,41.31808316,-72.95114767,14,Motor Vehicle in Operation,3,Angle,1,On Roadway,99,Unknown,88,Not Applicable,1,Daylight,99,Unknown,99,Unknown,88,Not Applicable,88,Not Applicable,0,None,88,Not Applicable,88,Not Applicable,2,Intersection,2,Four-Way Intersection,1,No,1,No,88,Not Applicable,88,Not Applicable,88,Not Applicable,88,Not Applicable,FALSE,1,Public Road,1,"Trafficway, On Road",CT0009300,New Haven PD,9,40:32.0,O,Open,36:14.0,,,,,,,
1087218,1,Complete,1087218,1087218,41.309345,-72.935581,3579430,New Haven,93,93,New Haven,9/18/2023,2023,9,September,18,2,Monday,23:37:00,23,23038127,A,2,,Motor Vehicle In Motion,"Injury of any type (Serious, Minor, Possible)",B,Suspected Minor Injury (B),0,0,4,Local,0.24,310,HOWE ST,HOWE ST,CHAPEL ST,,,,,41.309345,-72.935581,14,Motor Vehicle in Operation,3,Angle,1,On Roadway,1,Clear,88,Not Applicable,4,Dark-Lighted,1,Dry,0,None,88,Not Applicable,88,Not Applicable,0,None,88,Not Applicable,88,Not Applicable,2,Intersection,2,Four-Way Intersection,1,No,1,No,88,Not Applicable,88,Not Applicable,88,Not Applicable,88,Not Applicable,FALSE,1,Public Road,1,"Trafficway, On Road",CT0009300,New Haven PD,44063,24:20.0,C,Closed,37:58.0,,,,,,,
1087229,1,Complete,1087229,1087229,41.310812,-72.930178,3579441,New Haven,93,93,New Haven,9/19/2023,2023,9,September,19,3,Tuesday,19:09:00,19,23038274,A,3,,Motor Vehicle In Motion,"Injury of any type (Serious, Minor, Possible)",C,Possible Injury (C),0,1,4,Local,0,68,BROADWAY,BROADWAY,ELM ST NO 2,,,,,41.310812,-72.930178,14,Motor Vehicle in Operation,1,Front to rear,1,On Roadway,1,Clear,1,Clear,4,Dark-Lighted,1,Dry,0,None,88,Not Applicable,88,Not Applicable,0,None,88,Not Applicable,88,Not Applicable,2,Intersection,2,Four-Way Intersection,1,No,1,No,88,Not Applicable,88,Not Applicable,88,Not Applicable,88,Not Applicable,FALSE,1,Public Road,1,"Trafficway, On Road",CT0009300,New Haven PD,165,14:03.0,C,Closed,36:17.0,,,,,,,
1087234,1,Complete,1087234,1087234,41.32409043,-72.88168311,3579446,New Haven,93,93,New Haven,9/20/2023,2023,9,September,20,4,Wednesday,9:13:00,9,23038310,A,2,,Motor Vehicle In Motion,"Injury of any type (Serious, Minor, Possible)",C,Possible Injury (C),0,0,3,State,0,80,80-W,80-W,17-N,80-W,50,Feet,N,41.32409043,-72.88168311,14,Motor Vehicle in Operation,1,Front to rear,1,On Roadway,1,Clear,88,Not Applicable,1,Daylight,1,Dry,0,None,88,Not Applicable,88,Not Applicable,0,None,88,Not Applicable,88,Not Applicable,2,Intersection,2,Four-Way Intersection,1,No,1,No,88,Not Applicable,88,Not Applicable,88,Not Applicable,88,Not Applicable,FALSE,1,Public Road,1,"Trafficway, On Road",CT0009300,New Haven PD,45389,10:23.0,C,Closed,36:27.0,,2,32300,3,PRINCIPAL ARTERIAL - OTHER - NEW HPMS,2,Urban
1087238,1,Complete,1087238,1087238,41.30712255,-72.92152713,3579450,New Haven,93,93,New Haven,9/20/2023,2023,9,September,20,4,Wednesday,19:12:00,19,23038410,A,2,,Motor Vehicle In Motion,"Injury of any type (Serious, Minor, Possible)",C,Possible Injury (C),0,0,4,Local,0.71,726,ELM ST NO 2,ELM ST NO 2,,STATE ST,100,Feet,W,41.30712255,-72.92152713,14,Motor Vehicle in Operation,1,Front to rear,1,On Roadway,1,Clear,88,Not Applicable,3,Dusk,1,Dry,0,None,88,Not Applicable,88,Not Applicable,0,None,88,Not Applicable,88,Not Applicable,3,Intersection-Related,2,Four-Way Intersection,1,No,1,No,88,Not Applicable,88,Not Applicable,88,Not Applicable,88,Not Applicable,FALSE,1,Public Road,1,"Trafficway, On Road",CT0009300,New Haven PD,44049,00:56.0,C,Closed,36:40.0,,,,,,,
1087406,1,Complete,1087406,1087406,41.316587,-72.942416,3579618,New Haven,93,93,New Haven,9/20/2023,2023,9,September,20,4,Wednesday,11:13:00,11,23038342,A,2,,Motor Vehicle In Motion,"Injury of any type (Serious, Minor, Possible)",C,Possible Injury (C),0,0,4,Local,0.38,653,WHALLEY AV,WHALLEY AV,SHERMAN AV,,,,,41.316587,-72.942416,14,Motor Vehicle in Operation,1,Front to rear,1,On Roadway,1,Clear,88,Not Applicable,1,Daylight,1,Dry,0,None,88,Not Applicable,88,Not Applicable,0,None,88,Not Applicable,88,Not Applicable,2,Intersection,2,Four-Way Intersection,1,No,1,No,88,Not Applicable,88,Not Applicable,88,Not Applicable,88,Not Applicable,FALSE,1,Public Road,1,"Trafficway, On Road",CT0009300,New Haven PD,91,10:20.0,C,Closed,01:25.0,,,,,,,
1087409,1,Complete,1087409,1087409,41.29025971,-72.89412916,3579621,New Haven,93,93,New Haven,9/21/2023,2023,9,September,21,5,Thursday,7:17:00,7,23038456,A,2,,Motor Vehicle In Motion,"Injury of any type (Serious, Minor, Possible)",C,Possible Injury (C),0,0,2,USRoute,50.15,1,1-N,1-N,WOODWARD AV,,,,,41.29025971,-72.89412916,14,Motor Vehicle in Operation,3,Angle,1,On Roadway,1,Clear,88,Not Applicable,1,Daylight,1,Dry,0,None,88,Not Applicable,88,Not Applicable,0,None,88,Not Applicable,88,Not Applicable,2,Intersection,2,Four-Way Intersection,1,No,1,No,88,Not Applicable,88,Not Applicable,88,Not Applicable,88,Not Applicable,FALSE,1,Public Road,1,"Trafficway, On Road",CT0009300,New Haven PD,316,59:51.0,C,Closed,01:25.0,,2,9400,3,PRINCIPAL ARTERIAL - OTHER - NEW HPMS,2,Urban
1087414,1,Complete,1087414,1087414,41.311012,-72.93072,3579626,New Haven,93,93,New Haven,9/21/2023,2023,9,September,21,5,Thursday,15:00:00,15,23038525,A,2,,Motor Vehicle In Motion,"Injury of any type (Serious, Minor, Possible)",C,Possible Injury (C),0,0,4,Local,0.01,68,BROADWAY,BROADWAY,,YORK ST,175,Feet,W,41.311012,-72.93072,14,Motor Vehicle in Operation,3,Angle,1,On Roadway,1,Clear,88,Not Applicable,1,Daylight,1,Dry,0,None,88,Not Applicable,88,Not Applicable,0,None,88,Not Applicable,88,Not Applicable,1,Non-Junction,1,Not at Intersection,1,No,1,No,88,Not Applicable,88,Not Applicable,88,Not Applicable,88,Not Applicable,FALSE,1,Public Road,1,"Trafficway, On Road",CT0009300,New Haven PD,45392,39:17.0,C,Closed,01:28.0,NONE,,,,,,