CrashId,Fatal Case Status,Fatal Case Status Text Format,CrashId,CrashId,Latitude,Longitude,DOT Case Number,Town Name,Town Number,Town Number,Town Number Text Format,Date Of Crash,Year,Month,Month Text Format,Day,Day of the Week,Day of the Week Text Format,Time of Crash,Hour of the Day,Case Identifier,Crash Severity,Number Of Motor Vehicles,Motor vehicle action,Most harmful event,Crash Severity Text Format,Most Severe Injury,Most Severe Injury Text Format,Number Of Non-Motorist,Number Of Witnesses,Route Class,Route Class Text Format,Milemarker,Road Number,Road Description,Roadway Name,Intersecting Roadway Name,Landmark Description,Distance From Nearest Landmark,Unit Of Measure From Nearest Landmark,Direction From Nearest Landmark,Latitude,Longitude,First Harmful Event,First Harmful Event Text Format,Manner of Crash / Collision Impact,Manner of Crash / Collision Impact Text Format,Location of First Harmful Event,Location of First Harmful Event Text Format,Weather Condition,Weather Condition Text Format,Weather 2,Weather 2 Text Format,Light Condition,Light Condition Text Format,Road Surface Condition,Road Surface Condition Text Format,"Contributing Circumstances, Environment","Contributing Circumstances, Environment Text Format",Environment 2,Environment 2 Text Format,Environment 3,Environment 3 Text Format,"Contributing Circumstances, Road","Contributing Circumstances, Road Text Format",Road 2,Road 2 Text Format,Road 3,Road 3 Text Format,Crash Specific Location,Crash Specific Location Text Format,Type of Intersection,Type of Intersection Text Format,School Bus Related,School Bus Related Text Format,Work Zone Related,Work Zone Related Text Format,Location Of Crash Relative To Work Zone,Location Of Crash Relative To Work Zone Text Format,Type of Work Zone,Type of Work Zone Text Format,Worker Presence,Worker Presence Text Format,Law Enforcement Presence,Law Enforcement Presence Text Format,Were Vehicles Moved Prior To Police Arrival,Trafficway Ownership,Trafficway Ownership Text Format,Trafficway Class,Trafficway Class Text Format,Police Agency,Police Agency Text Format,Badge Number,Approval Date,Police Case Status,Police Case Status Text Format,Crash Report Submission Date,Related Case Identifiers,No. of Through Lanes (Log Dir.),Average Daily Traffic,Functional Classification,Functional Classification Text Format,Rural or Urban,Rural or Urban Text Format
1091935,1,Complete,1091935,1091935,41.31247034,-72.9325087,3584145,New Haven,93,93,New Haven,10/5/2023,2023,10,October,5,5,Thursday,9:17:00,9,23040434,A,2,,Motor Vehicle In Motion,"Injury of any type (Serious, Minor, Possible)",C,Possible Injury (C),0,0,4,Local,0.15,68,BROADWAY,BROADWAY,,HOWE ST,100,Feet,E,41.31247034,-72.9325087,14,Motor Vehicle in Operation,1,Front to rear,1,On Roadway,1,Clear,88,Not Applicable,1,Daylight,1,Dry,0,None,88,Not Applicable,88,Not Applicable,0,None,88,Not Applicable,88,Not Applicable,1,Non-Junction,1,Not at Intersection,1,No,1,No,88,Not Applicable,88,Not Applicable,88,Not Applicable,88,Not Applicable,FALSE,1,Public Road,1,"Trafficway, On Road",CT0009300,New Haven PD,465,15:21.0,C,Closed,00:11.0,,,,,,,
1091944,1,Complete,1091944,1091944,41.32700417,-72.93501956,3584154,New Haven,93,93,New Haven,10/5/2023,2023,10,October,5,5,Thursday,18:59:00,18,23040527,A,2,,Motor Vehicle In Motion,"Injury of any type (Serious, Minor, Possible)",C,Possible Injury (C),0,0,4,Local,1,152,DIXWELL AV,DIXWELL AV,DIVISION ST,,,,,41.32700417,-72.93501956,14,Motor Vehicle in Operation,5,"Sideswipe, opposite direction",1,On Roadway,1,Clear,88,Not Applicable,4,Dark-Lighted,1,Dry,0,None,88,Not Applicable,88,Not Applicable,0,None,88,Not Applicable,88,Not Applicable,3,Intersection-Related,3,T-Intersection,1,No,1,No,88,Not Applicable,88,Not Applicable,88,Not Applicable,88,Not Applicable,TRUE,1,Public Road,1,"Trafficway, On Road",CT0009300,New Haven PD,30,53:35.0,C,Closed,00:09.0,NONE,,,,,,
1091947,1,Complete,1091947,1091947,41.3060352,-72.9259401,3584157,New Haven,93,93,New Haven,10/5/2023,2023,10,October,5,5,Thursday,20:58:00,20,23040545,A,1,,Pedalcycle/Pedalcyclist,"Injury of any type (Serious, Minor, Possible)",B,Suspected Minor Injury (B),1,0,4,Local,0.17,103,CHURCH ST,CHURCH ST,CHAPEL ST,,,,,41.3060352,-72.9259401,10,Pedalcycle/Pedalcyclist,97,Other,1,On Roadway,1,Clear,88,Not Applicable,4,Dark-Lighted,1,Dry,0,None,88,Not Applicable,88,Not Applicable,0,None,88,Not Applicable,88,Not Applicable,2,Intersection,2,Four-Way Intersection,1,No,1,No,88,Not Applicable,88,Not Applicable,88,Not Applicable,88,Not Applicable,TRUE,1,Public Road,1,"Trafficway, On Road",CT0009300,New Haven PD,165,14:52.0,C,Closed,00:17.0,,,,,,,
1091948,1,Complete,1091948,1091948,41.321175,-72.874915,3584158,New Haven,93,93,New Haven,10/6/2023,2023,10,October,6,6,Friday,0:06:00,0,23040558,A,2,,Motor Vehicle In Motion,"Injury of any type (Serious, Minor, Possible)",C,Possible Injury (C),0,0,3,State,0.39,80,80-E,80-E,,QUINNIPIAC AVE,273,Feet,W,41.321175,-72.874915,14,Motor Vehicle in Operation,1,Front to rear,1,On Roadway,1,Clear,88,Not Applicable,4,Dark-Lighted,1,Dry,99,Unknown,88,Not Applicable,88,Not Applicable,99,Unknown,88,Not Applicable,88,Not Applicable,1,Non-Junction,1,Not at Intersection,1,No,1,No,88,Not Applicable,88,Not Applicable,88,Not Applicable,88,Not Applicable,TRUE,1,Public Road,1,"Trafficway, On Road",CT0009300,New Haven PD,40792,34:35.0,C,Closed,00:19.0,,2,32300,3,PRINCIPAL ARTERIAL - OTHER - NEW HPMS,2,Urban
1092361,1,Complete,1092361,1092361,41.28735824,-72.92583482,3584571,New Haven,93,93,New Haven,10/3/2023,2023,10,October,3,3,Tuesday,9:48:00,9,23040110,A,2,,Motor Vehicle In Motion,"Injury of any type (Serious, Minor, Possible)",B,Suspected Minor Injury (B),0,0,4,Local,0.23,359,SARGENT DR,SARGENT DR,LONG WHARF DR,,,,,41.28735824,-72.92583482,14,Motor Vehicle in Operation,3,Angle,1,On Roadway,1,Clear,88,Not Applicable,1,Daylight,1,Dry,0,None,88,Not Applicable,88,Not Applicable,0,None,88,Not Applicable,88,Not Applicable,2,Intersection,2,Four-Way Intersection,1,No,1,No,88,Not Applicable,88,Not Applicable,88,Not Applicable,88,Not Applicable,FALSE,1,Public Road,1,"Trafficway, On Road",CT0009300,New Haven PD,42367,03:34.0,C,Closed,01:59.0,,,,,,,
1092362,1,Complete,1092362,1092362,41.304812,-72.952458,3584572,New Haven,93,93,New Haven,10/3/2023,2023,10,October,3,3,Tuesday,13:58:00,13,23040154,A,2,,Motor Vehicle In Motion,"Injury of any type (Serious, Minor, Possible)",C,Possible Injury (C),0,0,3,State,2,10,10-N,10-N,,LEGION AVE,250,Feet,S,41.304812,-72.952458,14,Motor Vehicle in Operation,1,Front to rear,1,On Roadway,1,Clear,1,Clear,1,Daylight,1,Dry,0,None,88,Not Applicable,88,Not Applicable,0,None,88,Not Applicable,88,Not Applicable,1,Non-Junction,1,Not at Intersection,1,No,1,No,88,Not Applicable,88,Not Applicable,88,Not Applicable,88,Not Applicable,FALSE,1,Public Road,1,"Trafficway, On Road",CT0009300,New Haven PD,301,52:25.0,O,Open,02:07.0,,2,20800,3,PRINCIPAL ARTERIAL - OTHER - NEW HPMS,2,Urban
1092363,1,Complete,1092363,1092363,41.29020099,-72.89415468,3584573,New Haven,93,93,New Haven,10/3/2023,2023,10,October,3,3,Tuesday,22:14:00,22,23040221,A,2,,Motor Vehicle In Motion,"Injury of any type (Serious, Minor, Possible)",B,Suspected Minor Injury (B),0,0,2,USRoute,50.15,1,1-N,1-N,WOODWARD AV,,,,,41.29020099,-72.89415468,14,Motor Vehicle in Operation,3,Angle,1,On Roadway,1,Clear,88,Not Applicable,4,Dark-Lighted,1,Dry,0,None,88,Not Applicable,88,Not Applicable,0,None,88,Not Applicable,88,Not Applicable,2,Intersection,2,Four-Way Intersection,1,No,1,No,88,Not Applicable,88,Not Applicable,88,Not Applicable,88,Not Applicable,FALSE,1,Public Road,1,"Trafficway, On Road",CT0009300,New Haven PD,42049,23:22.0,O,Open,02:00.0,,2,9400,3,PRINCIPAL ARTERIAL - OTHER - NEW HPMS,2,Urban
1092366,1,Complete,1092366,1092366,41.31567738,-72.95226468,3584576,New Haven,93,93,New Haven,10/4/2023,2023,10,October,4,4,Wednesday,21:41:00,21,23040369,A,1,,Pedestrian,"Injury of any type (Serious, Minor, Possible)",A,Suspected Serious Injury (A),1,0,4,Local,0.98,179,EDGEWOOD AV,EDGEWOOD AV,BROWNELL ST,,,,,41.31567738,-72.95226468,9,Pedestrian,88,Not Applicable,1,On Roadway,1,Clear,88,Not Applicable,4,Dark-Lighted,1,Dry,0,None,88,Not Applicable,88,Not Applicable,0,None,88,Not Applicable,88,Not Applicable,2,Intersection,3,T-Intersection,1,No,1,No,88,Not Applicable,88,Not Applicable,88,Not Applicable,88,Not Applicable,TRUE,1,Public Road,1,"Trafficway, On Road",CT0009300,New Haven PD,44046,24:39.0,C,Closed,02:12.0,,1,3300,5,MAJOR COLLECTOR - NEW HPMS,2,Urban
1092367,1,Complete,1092367,1092367,41.32232923,-72.9536748,3584577,New Haven,93,93,New Haven,10/4/2023,2023,10,October,4,4,Wednesday,23:28:00,23,23040397,A,3,,Motor Vehicle In Motion,"Injury of any type (Serious, Minor, Possible)",C,Possible Injury (C),0,0,3,State,3.37,10,10-N,10-N,,OSBORN AVE,150,Feet,W,41.32232923,-72.9536748,14,Motor Vehicle in Operation,1,Front to rear,1,On Roadway,99,Unknown,88,Not Applicable,6,Dark-Unknown Lighting,97,Other,99,Unknown,88,Not Applicable,88,Not Applicable,0,None,88,Not Applicable,88,Not Applicable,3,Intersection-Related,3,T-Intersection,1,No,1,No,88,Not Applicable,88,Not Applicable,88,Not Applicable,88,Not Applicable,FALSE,1,Public Road,1,"Trafficway, On Road",CT0009300,New Haven PD,44062,42:35.0,C,Closed,01:54.0,,2,18100,3,PRINCIPAL ARTERIAL - OTHER - NEW HPMS,2,Urban
1092375,1,Complete,1092375,1092375,41.30435394,-72.93113098,3584585,New Haven,93,93,New Haven,10/6/2023,2023,10,October,6,6,Friday,0:39:00,0,23040553,A,3,,Motor Vehicle In Motion,"Injury of any type (Serious, Minor, Possible)",A,Suspected Serious Injury (A),0,1,4,Local,0.38,809,REV DR MLK JR BLVD,REV DR MLK JR BLVD,,COLLEGE ST,150,Feet,W,41.30435394,-72.93113098,14,Motor Vehicle in Operation,4,"Sideswipe, same direction",1,On Roadway,1,Clear,88,Not Applicable,4,Dark-Lighted,1,Dry,0,None,88,Not Applicable,88,Not Applicable,0,None,88,Not Applicable,88,Not Applicable,1,Non-Junction,1,Not at Intersection,1,No,1,No,88,Not Applicable,88,Not Applicable,88,Not Applicable,88,Not Applicable,FALSE,1,Public Road,1,"Trafficway, On Road",CT0009300,New Haven PD,44046,45:19.0,C,Closed,02:05.0,,,,,,,
1092378,1,Complete,1092378,1092378,41.28463,-72.93473,3584588,New Haven,93,93,New Haven,10/6/2023,2023,10,October,6,6,Friday,9:52:00,9,23040588,A,2,,Motor Vehicle In Motion,"Injury of any type (Serious, Minor, Possible)",C,Possible Injury (C),0,1,3,State,0.32,10,10-N,10-N,95-S-366 (Exit 45 on ramp),,,,,41.28463,-72.93473,14,Motor Vehicle in Operation,3,Angle,1,On Roadway,2,Cloudy,88,Not Applicable,1,Daylight,1,Dry,0,None,88,Not Applicable,88,Not Applicable,0,None,88,Not Applicable,88,Not Applicable,2,Intersection,2,Four-Way Intersection,1,No,1,No,88,Not Applicable,88,Not Applicable,88,Not Applicable,88,Not Applicable,FALSE,1,Public Road,1,"Trafficway, On Road",CT0009300,New Haven PD,45395,13:11.0,C,Closed,01:57.0,,,,,,,
1092379,1,Complete,1092379,1092379,41.31804663,-72.9462638,3584589,New Haven,93,93,New Haven,10/6/2023,2023,10,October,6,6,Friday,11:54:00,11,23040602,A,2,,Motor Vehicle In Motion,"Injury of any type (Serious, Minor, Possible)",C,Possible Injury (C),0,0,4,Local,0.15,653,WHALLEY AV,WHALLEY AV,,NORTON ST,140,Feet,W,41.31804663,-72.9462638,14,Motor Vehicle in Operation,1,Front to rear,1,On Roadway,1,Clear,88,Not Applicable,1,Daylight,1,Dry,0,None,88,Not Applicable,88,Not Applicable,0,None,88,Not Applicable,88,Not Applicable,1,Non-Junction,1,Not at Intersection,1,No,1,No,88,Not Applicable,88,Not Applicable,88,Not Applicable,88,Not Applicable,TRUE,1,Public Road,1,"Trafficway, On Road",CT0009300,New Haven PD,39,36:09.0,C,Closed,01:58.0,,,,,,,
1092380,1,Complete,1092380,1092380,41.31976026,-72.91886485,3584590,New Haven,93,93,New Haven,10/6/2023,2023,10,October,6,6,Friday,12:11:00,12,23040609,A,2,,Motor Vehicle In Motion,"Injury of any type (Serious, Minor, Possible)",C,Possible Injury (C),0,0,4,Local,0.67,656,WHITNEY AV,WHITNEY AV,,EDWARDS ST,50,Feet,N,41.31976026,-72.91886485,14,Motor Vehicle in Operation,1,Front to rear,1,On Roadway,2,Cloudy,88,Not Applicable,1,Daylight,1,Dry,0,None,88,Not Applicable,88,Not Applicable,0,None,88,Not Applicable,88,Not Applicable,3,Intersection-Related,2,Four-Way Intersection,1,No,1,No,88,Not Applicable,88,Not Applicable,88,Not Applicable,88,Not Applicable,FALSE,1,Public Road,1,"Trafficway, On Road",CT0009300,New Haven PD,40799,59:28.0,C,Closed,02:13.0,,,,,,,
1092381,1,Complete,1092381,1092381,41.307548,-72.926325,3584591,New Haven,93,93,New Haven,10/6/2023,2023,10,October,6,6,Friday,15:14:00,15,23040629,A,1,,Pedestrian,"Injury of any type (Serious, Minor, Possible)",B,Suspected Minor Injury (B),1,0,4,Local,0.49,588,TEMPLE ST,TEMPLE ST,,CHAPEL ST,376,Feet,N,41.307548,-72.926325,9,Pedestrian,88,Not Applicable,1,On Roadway,1,Clear,88,Not Applicable,1,Daylight,1,Dry,0,None,88,Not Applicable,88,Not Applicable,0,None,88,Not Applicable,88,Not Applicable,1,Non-Junction,1,Not at Intersection,1,No,1,No,88,Not Applicable,88,Not Applicable,88,Not Applicable,88,Not Applicable,TRUE,1,Public Road,1,"Trafficway, On Road",CT0009300,New Haven PD,221,38:03.0,C,Closed,01:59.0,,1,5200,3,PRINCIPAL ARTERIAL - OTHER - NEW HPMS,2,Urban
1092385,1,Complete,1092385,1092385,41.32454466,-72.90976314,3584595,New Haven,93,93,New Haven,10/6/2023,2023,10,October,6,6,Friday,17:16:00,17,23040674,A,2,,Motor Vehicle In Motion,"Injury of any type (Serious, Minor, Possible)",C,Possible Injury (C),0,0,4,Local,0.42,418,MITCHELL DR,MITCHELL DR,ORANGE ST NO 1,,,,,41.32454466,-72.90976314,14,Motor Vehicle in Operation,1,Front to rear,1,On Roadway,1,Clear,88,Not Applicable,1,Daylight,1,Dry,0,None,88,Not Applicable,88,Not Applicable,0,None,88,Not Applicable,88,Not Applicable,2,Intersection,2,Four-Way Intersection,1,No,1,No,88,Not Applicable,88,Not Applicable,88,Not Applicable,88,Not Applicable,TRUE,1,Public Road,1,"Trafficway, On Road",CT0009300,New Haven PD,44948,22:16.0,C,Closed,02:02.0,,,,,,,
1092387,1,Complete,1092387,1092387,41.330668,-72.925874,3584597,New Haven,93,93,New Haven,10/6/2023,2023,10,October,6,6,Friday,19:09:00,19,23040697,A,2,,Motor Vehicle In Motion,"Injury of any type (Serious, Minor, Possible)",C,Possible Injury (C),0,0,4,Local,0.7,42,BASSETT ST,BASSETT ST,WINCHESTER AV,,,,,41.330668,-72.925874,14,Motor Vehicle in Operation,3,Angle,1,On Roadway,1,Clear,88,Not Applicable,4,Dark-Lighted,1,Dry,0,None,88,Not Applicable,88,Not Applicable,0,None,88,Not Applicable,88,Not Applicable,2,Intersection,3,T-Intersection,1,No,1,No,88,Not Applicable,88,Not Applicable,88,Not Applicable,88,Not Applicable,FALSE,1,Public Road,1,"Trafficway, On Road",CT0009300,New Haven PD,44948,20:57.0,C,Closed,02:01.0,,,,,,,
1092393,1,Complete,1092393,1092393,41.30359401,-72.91060512,3584603,New Haven,93,93,New Haven,10/7/2023,2023,10,October,7,7,Saturday,8:59:00,8,23040756,A,1,,Utility Pole,"Injury of any type (Serious, Minor, Possible)",C,Possible Injury (C),0,0,4,Local,0.87,165,EAST ST,EAST ST,,CHAPEL ST,50,Feet,W,41.30359401,-72.91060512,33,Utility Pole/Light Support,88,Not Applicable,1,On Roadway,2,Cloudy,88,Not Applicable,1,Daylight,1,Dry,0,None,88,Not Applicable,88,Not Applicable,0,None,88,Not Applicable,88,Not Applicable,3,Intersection-Related,2,Four-Way Intersection,1,No,1,No,88,Not Applicable,88,Not Applicable,88,Not Applicable,88,Not Applicable,FALSE,1,Public Road,1,"Trafficway, On Road",CT0009300,New Haven PD,980,38:21.0,C,Closed,02:11.0,,2,19000,4,MINOR ARTERIAL - NEW HPMS,2,Urban
1092399,1,Complete,1092399,1092399,41.29919398,-72.93466247,3584609,New Haven,93,93,New Haven,10/7/2023,2023,10,October,7,7,Saturday,19:10:00,19,23040803,A,1,,Pedestrian,"Injury of any type (Serious, Minor, Possible)",C,Possible Injury (C),1,0,4,Local,0.51,308,HOWARD AV,HOWARD AV,MINOR ST,,,,,41.29919398,-72.93466247,9,Pedestrian,88,Not Applicable,1,On Roadway,4,Rain,88,Not Applicable,4,Dark-Lighted,2,Wet,0,None,88,Not Applicable,88,Not Applicable,0,None,88,Not Applicable,88,Not Applicable,2,Intersection,2,Four-Way Intersection,1,No,1,No,88,Not Applicable,88,Not Applicable,88,Not Applicable,88,Not Applicable,FALSE,1,Public Road,1,"Trafficway, On Road",CT0009300,New Haven PD,45399,23:28.0,O,Open,02:19.0,,2,7700,4,MINOR ARTERIAL - NEW HPMS,2,Urban
1092400,1,Complete,1092400,1092400,41.315498,-72.938991,3584610,New Haven,93,93,New Haven,10/7/2023,2023,10,October,7,7,Saturday,21:13:00,21,23040818,A,2,,Motor Vehicle In Motion,"Injury of any type (Serious, Minor, Possible)",B,Suspected Minor Injury (B),0,0,4,Local,0.57,653,WHALLEY AV,WHALLEY AV,,ORCHARD ST,80,Feet,E,41.315498,-72.938991,14,Motor Vehicle in Operation,1,Front to rear,1,On Roadway,4,Rain,88,Not Applicable,4,Dark-Lighted,2,Wet,0,None,88,Not Applicable,88,Not Applicable,0,None,88,Not Applicable,88,Not Applicable,3,Intersection-Related,2,Four-Way Intersection,1,No,1,No,88,Not Applicable,88,Not Applicable,88,Not Applicable,88,Not Applicable,FALSE,1,Public Road,1,"Trafficway, On Road",CT0009300,New Haven PD,45402,08:37.0,C,Closed,02:13.0,,,,,,,
1093035,1,Complete,1093035,1093035,41.309785,-72.937464,3585245,New Haven,93,93,New Haven,10/4/2023,2023,10,October,4,4,Wednesday,16:13:00,16,23040320,A,3,,Motor Vehicle In Motion,"Injury of any type (Serious, Minor, Possible)",B,Suspected Minor Injury (B),0,0,4,Local,2.44,97,CHAPEL ST,CHAPEL ST,,DWIGHT STREET ,130,Feet,W,41.309785,-72.937464,14,Motor Vehicle in Operation,1,Front to rear,1,On Roadway,1,Clear,88,Not Applicable,1,Daylight,1,Dry,0,None,88,Not Applicable,88,Not Applicable,0,None,88,Not Applicable,88,Not Applicable,1,Non-Junction,1,Not at Intersection,1,No,1,No,88,Not Applicable,88,Not Applicable,88,Not Applicable,88,Not Applicable,FALSE,1,Public Road,1,"Trafficway, On Road",CT0009300,New Haven PD,42046,53:49.0,C,Closed,00:30.0,,,,,,,
1093037,1,Complete,1093037,1093037,41.29482,-72.93825,3585247,New Haven,93,93,New Haven,10/7/2023,2023,10,October,7,7,Saturday,22:05:00,22,23040822,A,2,,Motor Vehicle In Motion,"Injury of any type (Serious, Minor, Possible)",C,Possible Injury (C),0,0,4,Local,0.45,626,WASHINGTON AV NO 1,WASHINGTON AV NO 1,HURLBURT ST,,,,,41.29482,-72.93825,14,Motor Vehicle in Operation,2,Front to front,1,On Roadway,1,Clear,88,Not Applicable,4,Dark-Lighted,1,Dry,0,None,88,Not Applicable,88,Not Applicable,0,None,88,Not Applicable,88,Not Applicable,2,Intersection,3,T-Intersection,1,No,1,No,88,Not Applicable,88,Not Applicable,88,Not Applicable,88,Not Applicable,FALSE,1,Public Road,1,"Trafficway, On Road",CT0009300,New Haven PD,44952,18:38.0,C,Closed,00:28.0,,,,,,,
1093039,1,Complete,1093039,1093039,41.314103,-72.903955,3585249,New Haven,93,93,New Haven,10/9/2023,2023,10,October,9,2,Monday,1:55:00,1,23040949,A,2,,Motor Vehicle In Motion,"Injury of any type (Serious, Minor, Possible)",C,Possible Injury (C),0,0,4,Local,0.92,316,HUMPHREY ST,HUMPHREY ST,JAMES ST,,,,,41.314103,-72.903955,14,Motor Vehicle in Operation,3,Angle,1,On Roadway,1,Clear,88,Not Applicable,4,Dark-Lighted,1,Dry,0,None,88,Not Applicable,88,Not Applicable,0,None,88,Not Applicable,88,Not Applicable,2,Intersection,2,Four-Way Intersection,1,No,1,No,88,Not Applicable,88,Not Applicable,88,Not Applicable,88,Not Applicable,FALSE,1,Public Road,1,"Trafficway, On Road",CT0009300,New Haven PD,45393,46:31.0,C,Closed,00:24.0,,,,,,,
1093040,1,Complete,1093040,1093040,41.31535,-72.94715,3585250,New Haven,93,93,New Haven,10/9/2023,2023,10,October,9,2,Monday,9:59:00,9,23040972,A,2,,Motor Vehicle In Motion,"Injury of any type (Serious, Minor, Possible)",C,Possible Injury (C),0,1,4,Local,0.35,439,NORTON ST,NORTON ST,MAPLE ST,,,,,41.31535,-72.94715,14,Motor Vehicle in Operation,3,Angle,1,On Roadway,1,Clear,88,Not Applicable,1,Daylight,1,Dry,0,None,88,Not Applicable,88,Not Applicable,0,None,88,Not Applicable,88,Not Applicable,2,Intersection,2,Four-Way Intersection,1,No,1,No,88,Not Applicable,88,Not Applicable,88,Not Applicable,88,Not Applicable,FALSE,1,Public Road,1,"Trafficway, On Road",CT0009300,New Haven PD,45394,10:25.0,C,Closed,00:26.0,,,,,,,
1093045,1,Complete,1093045,1093045,41.306941,-72.94253,3585255,New Haven,93,93,New Haven,10/9/2023,2023,10,October,9,2,Monday,23:15:00,23,23041055,A,2,,Motor Vehicle In Motion,"Injury of any type (Serious, Minor, Possible)",C,Possible Injury (C),0,0,4,Local,1.02,809,REV DR MLK JR BLVD,REV DR MLK JR BLVD,ORCHARD ST,,,,,41.306941,-72.94253,14,Motor Vehicle in Operation,3,Angle,1,On Roadway,1,Clear,88,Not Applicable,4,Dark-Lighted,1,Dry,0,None,88,Not Applicable,88,Not Applicable,0,None,88,Not Applicable,88,Not Applicable,2,Intersection,2,Four-Way Intersection,1,No,1,No,88,Not Applicable,88,Not Applicable,88,Not Applicable,88,Not Applicable,FALSE,1,Public Road,1,"Trafficway, On Road",CT0009300,New Haven PD,44339,57:37.0,C,Closed,00:31.0,,,,,,,
1093397,1,Complete,1093397,1093397,41.316281,-72.916628,3585604,New Haven,93,93,New Haven,10/2/2023,2023,10,October,2,2,Monday,20:56:00,20,23040071,A,2,,Motor Vehicle In Motion,"Injury of any type (Serious, Minor, Possible)",C,Possible Injury (C),0,0,4,Local,0.19,316,HUMPHREY ST,HUMPHREY ST,,,,,,41.316281,-72.916628,14,Motor Vehicle in Operation,1,Front to rear,1,On Roadway,1,Clear,88,Not Applicable,4,Dark-Lighted,1,Dry,0,None,88,Not Applicable,88,Not Applicable,0,None,88,Not Applicable,88,Not Applicable,3,Intersection-Related,2,Four-Way Intersection,1,No,1,No,88,Not Applicable,88,Not Applicable,88,Not Applicable,88,Not Applicable,FALSE,1,Public Road,1,"Trafficway, On Road",CT0009300,New Haven PD,42057,01:24.0,C,Closed,01:22.0,,,,,,,
1093399,1,Complete,1093399,1093399,41.324517,-72.916556,3585606,New Haven,93,93,New Haven,10/6/2023,2023,10,October,6,6,Friday,9:54:00,9,23040574,A,2,,Motor Vehicle In Motion,"Injury of any type (Serious, Minor, Possible)",C,Possible Injury (C),0,0,4,Local,1.04,656,WHITNEY AV,WHITNEY AV,CANNER ST,,,,,41.324517,-72.916556,14,Motor Vehicle in Operation,1,Front to rear,1,On Roadway,1,Clear,88,Not Applicable,1,Daylight,1,Dry,0,None,88,Not Applicable,88,Not Applicable,0,None,88,Not Applicable,88,Not Applicable,3,Intersection-Related,2,Four-Way Intersection,1,No,1,No,88,Not Applicable,88,Not Applicable,88,Not Applicable,88,Not Applicable,FALSE,1,Public Road,1,"Trafficway, On Road",CT0009300,New Haven PD,45627,10:07.0,C,Closed,01:24.0,,,,,,,
1093407,1,Complete,1093407,1093407,41.31169429,-72.89994406,3585614,New Haven,93,93,New Haven,10/10/2023,2023,10,October,10,3,Tuesday,12:40:00,12,23041115,A,2,,Motor Vehicle In Motion,"Injury of any type (Serious, Minor, Possible)",C,Possible Injury (C),0,0,4,Local,0.6,57,BLATCHLEY AV,BLATCHLEY AV,PINE ST NO 1,,,,,41.31169429,-72.89994406,14,Motor Vehicle in Operation,3,Angle,1,On Roadway,1,Clear,88,Not Applicable,1,Daylight,1,Dry,0,None,88,Not Applicable,88,Not Applicable,0,None,88,Not Applicable,88,Not Applicable,2,Intersection,2,Four-Way Intersection,1,No,1,No,88,Not Applicable,88,Not Applicable,88,Not Applicable,88,Not Applicable,FALSE,1,Public Road,1,"Trafficway, On Road",CT0009300,New Haven PD,430,38:52.0,C,Closed,01:25.0,,,,,,,
1093743,1,Complete,1093743,1093743,41.29416268,-72.9336337,3585950,New Haven,93,93,New Haven,9/29/2023,2023,9,September,29,6,Friday,22:31:00,22,23039699,A,2,,Motor Vehicle In Motion,"Injury of any type (Serious, Minor, Possible)",C,Possible Injury (C),0,0,4,Local,0.3,571,SPRING ST,SPRING ST,,HOWARD AVE,100,Feet,W,41.29416268,-72.9336337,14,Motor Vehicle in Operation,1,Front to rear,1,On Roadway,4,Rain,88,Not Applicable,4,Dark-Lighted,2,Wet,0,None,88,Not Applicable,88,Not Applicable,0,None,88,Not Applicable,88,Not Applicable,1,Non-Junction,1,Not at Intersection,1,No,1,No,88,Not Applicable,88,Not Applicable,88,Not Applicable,88,Not Applicable,FALSE,1,Public Road,1,"Trafficway, On Road",CT0009300,New Haven PD,33016,53:40.0,C,Closed,00:22.0,,,,,,,
1093746,1,Complete,1093746,1093746,41.320245,-72.871762,3585953,New Haven,93,93,New Haven,10/4/2023,2023,10,October,4,4,Wednesday,17:29:00,17,23040351,A,2,,Motor Vehicle In Motion,"Injury of any type (Serious, Minor, Possible)",C,Possible Injury (C),0,1,3,State,0.57,80,80-E,80-E,EASTERN ST,,,,,41.320245,-72.871762,14,Motor Vehicle in Operation,3,Angle,1,On Roadway,1,Clear,88,Not Applicable,1,Daylight,1,Dry,0,None,88,Not Applicable,88,Not Applicable,0,None,88,Not Applicable,88,Not Applicable,2,Intersection,2,Four-Way Intersection,1,No,1,No,88,Not Applicable,88,Not Applicable,88,Not Applicable,88,Not Applicable,FALSE,1,Public Road,1,"Trafficway, On Road",CT0009300,New Haven PD,45626,45:15.0,C,Closed,00:32.0,,2,32300,3,PRINCIPAL ARTERIAL - OTHER - NEW HPMS,2,Urban
1093750,1,Complete,1093750,1093750,41.303457,-72.929505,3585957,New Haven,93,93,New Haven,10/8/2023,2023,10,October,8,1,Sunday,13:13:00,13,23040887,A,3,,Motor Vehicle In Motion,"Injury of any type (Serious, Minor, Possible)",C,Possible Injury (C),0,0,4,Local,0.28,809,REV DR MLK JR BLVD,REV DR MLK JR BLVD,TEMPLE ST,,,,,41.303457,-72.929505,14,Motor Vehicle in Operation,1,Front to rear,1,On Roadway,1,Clear,88,Not Applicable,1,Daylight,1,Dry,0,None,88,Not Applicable,88,Not Applicable,0,None,88,Not Applicable,88,Not Applicable,1,Non-Junction,1,Not at Intersection,1,No,1,No,88,Not Applicable,88,Not Applicable,88,Not Applicable,88,Not Applicable,FALSE,1,Public Road,1,"Trafficway, On Road",CT0009300,New Haven PD,165,47:09.0,C,Closed,00:24.0,,,,,,,