CrashId,Fatal Case Status,Fatal Case Status Text Format,CrashId,CrashId,Latitude,Longitude,DOT Case Number,Town Name,Town Number,Town Number,Town Number Text Format,Date Of Crash,Year,Month,Month Text Format,Day,Day of the Week,Day of the Week Text Format,Time of Crash,Hour of the Day,Case Identifier,Crash Severity,Number Of Motor Vehicles,Motor vehicle action,Most harmful event,Crash Severity Text Format,Most Severe Injury,Most Severe Injury Text Format,Number Of Non-Motorist,Number Of Witnesses,Route Class,Route Class Text Format,Milemarker,Road Number,Road Description,Roadway Name,Intersecting Roadway Name,Landmark Description,Distance From Nearest Landmark,Unit Of Measure From Nearest Landmark,Direction From Nearest Landmark,Latitude,Longitude,First Harmful Event,First Harmful Event Text Format,Manner of Crash / Collision Impact,Manner of Crash / Collision Impact Text Format,Location of First Harmful Event,Location of First Harmful Event Text Format,Weather Condition,Weather Condition Text Format,Weather 2,Weather 2 Text Format,Light Condition,Light Condition Text Format,Road Surface Condition,Road Surface Condition Text Format,"Contributing Circumstances, Environment","Contributing Circumstances, Environment Text Format",Environment 2,Environment 2 Text Format,Environment 3,Environment 3 Text Format,"Contributing Circumstances, Road","Contributing Circumstances, Road Text Format",Road 2,Road 2 Text Format,Road 3,Road 3 Text Format,Crash Specific Location,Crash Specific Location Text Format,Type of Intersection,Type of Intersection Text Format,School Bus Related,School Bus Related Text Format,Work Zone Related,Work Zone Related Text Format,Location Of Crash Relative To Work Zone,Location Of Crash Relative To Work Zone Text Format,Type of Work Zone,Type of Work Zone Text Format,Worker Presence,Worker Presence Text Format,Law Enforcement Presence,Law Enforcement Presence Text Format,Were Vehicles Moved Prior To Police Arrival,Trafficway Ownership,Trafficway Ownership Text Format,Trafficway Class,Trafficway Class Text Format,Police Agency,Police Agency Text Format,Badge Number,Approval Date,Police Case Status,Police Case Status Text Format,Crash Report Submission Date,Related Case Identifiers,No. of Through Lanes (Log Dir.),Average Daily Traffic,Functional Classification,Functional Classification Text Format,Rural or Urban,Rural or Urban Text Format
1095196,1,Complete,1095196,1095196,41.33248954,-72.8678935,3587403,New Haven,93,93,New Haven,10/15/2023,2023,10,October,15,1,Sunday,23:51:00,23,23041907,A,1,,Utility Pole,"Injury of any type (Serious, Minor, Possible)",C,Possible Injury (C),0,0,3,State,0.88,103,103-N,103-N,,Glen Haven Rd,170,Feet,S,41.33248954,-72.8678935,33,Utility Pole/Light Support,88,Not Applicable,1,On Roadway,1,Clear,88,Not Applicable,4,Dark-Lighted,1,Dry,0,None,88,Not Applicable,88,Not Applicable,0,None,88,Not Applicable,88,Not Applicable,1,Non-Junction,1,Not at Intersection,1,No,1,No,88,Not Applicable,88,Not Applicable,88,Not Applicable,88,Not Applicable,TRUE,1,Public Road,1,"Trafficway, On Road",CT0009300,New Haven PD,40952,30:21.0,C,Closed,00:38.0,23041907,2,6500,4,MINOR ARTERIAL - NEW HPMS,2,Urban
1095197,1,Complete,1095197,1095197,41.31893,-72.899256,3587404,New Haven,93,93,New Haven,10/16/2023,2023,10,October,16,2,Monday,8:49:00,8,23041930,A,1,,Pedalcycle/Pedalcyclist,"Injury of any type (Serious, Minor, Possible)",C,Possible Injury (C),1,0,2,USRoute,0.32,5,5-N,5-N,,WARREN PL,100,Feet,E,41.31893,-72.899256,10,Pedalcycle/Pedalcyclist,5,"Sideswipe, opposite direction",1,On Roadway,1,Clear,88,Not Applicable,1,Daylight,1,Dry,0,None,88,Not Applicable,88,Not Applicable,0,None,88,Not Applicable,88,Not Applicable,1,Non-Junction,1,Not at Intersection,1,No,1,No,88,Not Applicable,88,Not Applicable,88,Not Applicable,88,Not Applicable,FALSE,1,Public Road,1,"Trafficway, On Road",CT0009300,New Haven PD,40807,24:23.0,O,Open,00:40.0,,1,19200,4,MINOR ARTERIAL - NEW HPMS,1,Rural
1095198,1,Complete,1095198,1095198,41.32091,-72.94235,3587405,New Haven,93,93,New Haven,10/16/2023,2023,10,October,16,2,Monday,9:11:00,9,23041936,A,2,,Motor Vehicle In Motion,"Injury of any type (Serious, Minor, Possible)",C,Possible Injury (C),0,2,4,Local,0.48,258,GOFFE TER,GOFFE TER,WINTHROP AV NO 2,,,,,41.32091,-72.94235,14,Motor Vehicle in Operation,3,Angle,1,On Roadway,1,Clear,88,Not Applicable,1,Daylight,1,Dry,0,None,88,Not Applicable,88,Not Applicable,0,None,88,Not Applicable,88,Not Applicable,2,Intersection,2,Four-Way Intersection,2,"Yes, School Bus Directly Involved",1,No,88,Not Applicable,88,Not Applicable,88,Not Applicable,88,Not Applicable,FALSE,1,Public Road,1,"Trafficway, On Road",CT0009300,New Haven PD,324,28:41.0,C,Closed,00:38.0,,,,,,,
1095199,1,Complete,1095199,1095199,41.320848,-72.923267,3587406,New Haven,93,93,New Haven,10/16/2023,2023,10,October,16,2,Monday,15:00:00,15,23041992,A,1,,Utility Pole,"Injury of any type (Serious, Minor, Possible)",C,Possible Injury (C),0,0,4,Local,0.64,495,PROSPECT ST,PROSPECT ST,HILLSIDE PL,,,,,41.320848,-72.923267,33,Utility Pole/Light Support,88,Not Applicable,1,On Roadway,4,Rain,88,Not Applicable,1,Daylight,2,Wet,1,Weather Conditions,88,Not Applicable,88,Not Applicable,0,None,88,Not Applicable,88,Not Applicable,2,Intersection,3,T-Intersection,1,No,1,No,88,Not Applicable,88,Not Applicable,88,Not Applicable,88,Not Applicable,FALSE,1,Public Road,1,"Trafficway, On Road",CT0009300,New Haven PD,45399,40:06.0,C,Closed,00:41.0,,2,7200,4,MINOR ARTERIAL - NEW HPMS,2,Urban
1095596,1,Complete,1095596,1095596,41.30831,-72.924469,3587803,New Haven,93,93,New Haven,8/30/2023,2023,8,August,30,4,Wednesday,19:50:00,19,23035457,A,1,,Pedestrian,"Injury of any type (Serious, Minor, Possible)",B,Suspected Minor Injury (B),1,0,4,Local,0.54,726,ELM ST NO 2,ELM ST NO 2,,CHURCH ST,65,Feet,W,41.30831,-72.924469,9,Pedestrian,88,Not Applicable,1,On Roadway,1,Clear,88,Not Applicable,4,Dark-Lighted,1,Dry,0,None,88,Not Applicable,88,Not Applicable,0,None,88,Not Applicable,88,Not Applicable,1,Non-Junction,1,Not at Intersection,1,No,1,No,88,Not Applicable,88,Not Applicable,88,Not Applicable,88,Not Applicable,FALSE,1,Public Road,1,"Trafficway, On Road",CT0009300,New Haven PD,44049,57:22.0,C,Closed,01:30.0,,3,18200,3,PRINCIPAL ARTERIAL - OTHER - NEW HPMS,2,Urban
1095598,1,Complete,1095598,1095598,41.33127749,-72.86764817,3587805,New Haven,93,93,New Haven,10/15/2023,2023,10,October,15,1,Sunday,21:44:00,21,23041897,A,2,,Motor Vehicle In Motion,"Injury of any type (Serious, Minor, Possible)",C,Possible Injury (C),0,0,3,State,0.79,103,103-N,103-N,FOXON HILL RD,,,,,41.33127749,-72.86764817,14,Motor Vehicle in Operation,2,Front to front,1,On Roadway,1,Clear,88,Not Applicable,4,Dark-Lighted,1,Dry,0,None,88,Not Applicable,88,Not Applicable,0,None,88,Not Applicable,88,Not Applicable,2,Intersection,2,Four-Way Intersection,1,No,1,No,88,Not Applicable,88,Not Applicable,88,Not Applicable,88,Not Applicable,FALSE,1,Public Road,1,"Trafficway, On Road",CT0009300,New Haven PD,42049,37:57.0,O,Open,01:27.0,,1,9100,4,MINOR ARTERIAL - NEW HPMS,1,Rural
1095600,1,Complete,1095600,1095600,41.314623,-72.900137,3587807,New Haven,93,93,New Haven,10/16/2023,2023,10,October,16,2,Monday,23:12:00,23,23042041,A,1,,Utility Pole,"Injury of any type (Serious, Minor, Possible)",C,Possible Injury (C),0,0,4,Local,0.2,379,LOMBARD ST,LOMBARD ST,,FILLMORE ST,50,Feet,W,41.314623,-72.900137,33,Utility Pole/Light Support,88,Not Applicable,1,On Roadway,1,Clear,88,Not Applicable,5,Dark-Not Lighted,1,Dry,0,None,88,Not Applicable,88,Not Applicable,0,None,88,Not Applicable,88,Not Applicable,1,Non-Junction,1,Not at Intersection,1,No,1,No,88,Not Applicable,88,Not Applicable,88,Not Applicable,88,Not Applicable,FALSE,1,Public Road,1,"Trafficway, On Road",CT0009300,New Haven PD,42055,15:02.0,C,Closed,01:30.0,,2,7500,5,MAJOR COLLECTOR - NEW HPMS,2,Urban
1095601,1,Complete,1095601,1095601,41.308023,-72.895235,3587808,New Haven,93,93,New Haven,10/17/2023,2023,10,October,17,3,Tuesday,8:54:00,8,23042063,A,3,,Motor Vehicle In Motion,"Injury of any type (Serious, Minor, Possible)",B,Suspected Minor Injury (B),0,0,4,Local,0.81,213,FERRY ST,FERRY ST,,Exchange St,150,Feet,N,41.308023,-72.895235,14,Motor Vehicle in Operation,1,Front to rear,1,On Roadway,1,Clear,88,Not Applicable,1,Daylight,1,Dry,0,None,88,Not Applicable,88,Not Applicable,0,None,88,Not Applicable,88,Not Applicable,9,Driveway Access-Related,1,Not at Intersection,1,No,1,No,88,Not Applicable,88,Not Applicable,88,Not Applicable,88,Not Applicable,FALSE,1,Public Road,1,"Trafficway, On Road",CT0009300,New Haven PD,44176,50:04.0,C,Closed,01:27.0,,,,,,,
1095602,1,Complete,1095602,1095602,41.30546759,-72.92615411,3587809,New Haven,93,93,New Haven,10/17/2023,2023,10,October,17,3,Tuesday,13:59:00,13,23042114,A,1,,Other Non-motorist,"Injury of any type (Serious, Minor, Possible)",C,Possible Injury (C),1,0,4,Local,0.13,103,CHURCH ST,CHURCH ST,,CENTER ST,50,Feet,N,41.30546759,-72.92615411,11,Other Non-motorist,88,Not Applicable,1,On Roadway,1,Clear,88,Not Applicable,1,Daylight,1,Dry,0,None,88,Not Applicable,88,Not Applicable,0,None,88,Not Applicable,88,Not Applicable,2,Intersection,3,T-Intersection,1,No,1,No,88,Not Applicable,88,Not Applicable,88,Not Applicable,88,Not Applicable,FALSE,1,Public Road,1,"Trafficway, On Road",CT0009300,New Haven PD,40790,15:25.0,C,Closed,01:28.0,,2,14000,3,PRINCIPAL ARTERIAL - OTHER - NEW HPMS,2,Urban
1095604,1,Complete,1095604,1095604,41.33942633,-72.97542137,3587811,New Haven,93,93,New Haven,10/17/2023,2023,10,October,17,3,Tuesday,16:41:00,16,23042135,A,2,,Motor Vehicle In Motion,"Injury of any type (Serious, Minor, Possible)",C,Possible Injury (C),0,0,4,Local,0.08,485,POND LILY AV,POND LILY AV,,BANK STREET,100,Feet,W,41.33942633,-72.97542137,14,Motor Vehicle in Operation,1,Front to rear,1,On Roadway,1,Clear,88,Not Applicable,1,Daylight,1,Dry,0,None,88,Not Applicable,88,Not Applicable,0,None,88,Not Applicable,88,Not Applicable,1,Non-Junction,1,Not at Intersection,1,No,1,No,88,Not Applicable,88,Not Applicable,88,Not Applicable,88,Not Applicable,FALSE,1,Public Road,1,"Trafficway, On Road",CT0009300,New Haven PD,45628,40:33.0,C,Closed,01:29.0,,,,,,,
1095961,1,Complete,1095961,1095961,41.289723,-72.891923,3588168,New Haven,93,93,New Haven,10/17/2023,2023,10,October,17,3,Tuesday,17:00:00,17,23042138,A,3,,Motor Vehicle In Motion,"Injury of any type (Serious, Minor, Possible)",C,Possible Injury (C),0,0,2,USRoute,50.27,1,1-N,1-N,,TOWNSEND AVE,100,Feet,E,41.289723,-72.891923,14,Motor Vehicle in Operation,1,Front to rear,1,On Roadway,1,Clear,88,Not Applicable,1,Daylight,1,Dry,0,None,88,Not Applicable,88,Not Applicable,0,None,88,Not Applicable,88,Not Applicable,3,Intersection-Related,2,Four-Way Intersection,1,No,1,No,88,Not Applicable,88,Not Applicable,88,Not Applicable,88,Not Applicable,FALSE,1,Public Road,1,"Trafficway, On Road",CT0009300,New Haven PD,279,33:10.0,C,Closed,02:04.0,,2,17700,3,PRINCIPAL ARTERIAL - OTHER - NEW HPMS,2,Urban
1096246,1,Complete,1096246,1096246,41.324977,-72.956978,3588453,New Haven,93,93,New Haven,10/14/2023,2023,10,October,14,7,Saturday,23:02:00,23,23041797,A,2,,Motor Vehicle In Motion,"Injury of any type (Serious, Minor, Possible)",C,Possible Injury (C),0,0,3,State,0,63,63-N,63-N,10-N,,,,,41.324977,-72.956978,14,Motor Vehicle in Operation,1,Front to rear,1,On Roadway,4,Rain,88,Not Applicable,4,Dark-Lighted,2,Wet,0,None,88,Not Applicable,88,Not Applicable,0,None,88,Not Applicable,88,Not Applicable,3,Intersection-Related,3,T-Intersection,1,No,1,No,88,Not Applicable,88,Not Applicable,88,Not Applicable,88,Not Applicable,FALSE,1,Public Road,1,"Trafficway, On Road",CT0009300,New Haven PD,19532,37:00.0,C,Closed,00:51.0,,2,23200,3,PRINCIPAL ARTERIAL - OTHER - NEW HPMS,2,Urban
1096254,1,Complete,1096254,1096254,41.334803,-72.976844,923272,New Haven,93,93,New Haven,10/18/2023,2023,10,October,18,4,Wednesday,23:08:00,23,23042376,K,1,Straight Ahead,Other Non-motorist,Fatal (Kill),K,Fatal Injury (K),1,2,3,State,0.01,69,69-N,69-N,63-N,,,,,41.334803,-72.976844,11,Other Non-motorist,88,Not Applicable,1,On Roadway,1,Clear,88,Not Applicable,99,Unknown,1,Dry,0,None,88,Not Applicable,88,Not Applicable,0,None,88,Not Applicable,88,Not Applicable,2,Intersection,8,"Five-Point, or More",1,No,1,No,88,Not Applicable,88,Not Applicable,88,Not Applicable,88,Not Applicable,FALSE,1,Public Road,1,"Trafficway, On Road",CT0009300,New Haven PD,44053,27:17.0,O,Open,00:49.0,,3,17100,3,PRINCIPAL ARTERIAL - OTHER - NEW HPMS,2,Urban
1096694,1,Complete,1096694,1096694,41.328375,-72.937518,3588901,New Haven,93,93,New Haven,10/5/2023,2023,10,October,5,5,Thursday,17:05:00,17,23040503,A,2,,Motor Vehicle In Motion,"Injury of any type (Serious, Minor, Possible)",C,Possible Injury (C),0,0,4,Local,0.64,557,SHERMAN PKWY,SHERMAN PKWY,FORD ST,,,,,41.328375,-72.937518,14,Motor Vehicle in Operation,3,Angle,1,On Roadway,1,Clear,88,Not Applicable,1,Daylight,1,Dry,0,None,88,Not Applicable,88,Not Applicable,0,None,88,Not Applicable,88,Not Applicable,2,Intersection,3,T-Intersection,1,No,1,No,88,Not Applicable,88,Not Applicable,88,Not Applicable,88,Not Applicable,FALSE,1,Public Road,1,"Trafficway, On Road",CT0009300,New Haven PD,65,42:54.0,C,Closed,01:58.0,,,,,,,
1096695,1,Complete,1096695,1096695,41.32016,-72.89313,3588902,New Haven,93,93,New Haven,10/9/2023,2023,10,October,9,2,Monday,0:18:00,0,23040933,A,2,,Motor Vehicle In Motion,"Injury of any type (Serious, Minor, Possible)",C,Possible Injury (C),0,0,4,Local,0.49,411,MIDDLETOWN AV,MIDDLETOWN AV,CLINTON AV,,,,,41.32016,-72.89313,14,Motor Vehicle in Operation,3,Angle,1,On Roadway,1,Clear,88,Not Applicable,4,Dark-Lighted,1,Dry,99,Unknown,88,Not Applicable,88,Not Applicable,99,Unknown,88,Not Applicable,88,Not Applicable,2,Intersection,2,Four-Way Intersection,1,No,1,No,88,Not Applicable,88,Not Applicable,88,Not Applicable,88,Not Applicable,FALSE,1,Public Road,1,"Trafficway, On Road",CT0009300,New Haven PD,36335,08:21.0,C,Closed,02:23.0,,,,,,,
1096705,1,Complete,1096705,1096705,41.309635,-72.936752,3588912,New Haven,93,93,New Haven,10/19/2023,2023,10,October,19,5,Thursday,14:58:00,14,23042470,A,2,,Motor Vehicle In Motion,"Injury of any type (Serious, Minor, Possible)",C,Possible Injury (C),0,0,4,Local,2.4,97,CHAPEL ST,CHAPEL ST,,DWIGHT ST,52,Feet,E,41.309635,-72.936752,14,Motor Vehicle in Operation,1,Front to rear,1,On Roadway,1,Clear,88,Not Applicable,1,Daylight,1,Dry,0,None,88,Not Applicable,88,Not Applicable,0,None,88,Not Applicable,88,Not Applicable,3,Intersection-Related,2,Four-Way Intersection,1,No,1,No,88,Not Applicable,88,Not Applicable,88,Not Applicable,88,Not Applicable,TRUE,1,Public Road,1,"Trafficway, On Road",CT0009300,New Haven PD,45132,11:28.0,O,Open,02:05.0,,,,,,,
1096708,1,Complete,1096708,1096708,41.30178,-72.943866,3588915,New Haven,93,93,New Haven,10/19/2023,2023,10,October,19,5,Thursday,20:34:00,20,23042512,A,1,,Pedalcycle/Pedalcyclist,"Injury of any type (Serious, Minor, Possible)",B,Suspected Minor Injury (B),1,0,4,Local,0.09,672,WINTHROP AV NO 1,WINTHROP AV NO 1,,DAVENPORT AVE,484,Feet,N,41.30178,-72.943866,14,Motor Vehicle in Operation,97,Other,1,On Roadway,1,Clear,88,Not Applicable,5,Dark-Not Lighted,1,Dry,99,Unknown,88,Not Applicable,88,Not Applicable,99,Unknown,88,Not Applicable,88,Not Applicable,1,Non-Junction,1,Not at Intersection,1,No,1,No,88,Not Applicable,88,Not Applicable,88,Not Applicable,88,Not Applicable,TRUE,1,Public Road,1,"Trafficway, On Road",CT0009300,New Haven PD,980,43:25.0,C,Closed,02:01.0,,,,,,,
1096709,1,Complete,1096709,1096709,41.30276,-72.92822,3588916,New Haven,93,93,New Haven,10/19/2023,2023,10,October,19,5,Thursday,21:51:00,21,23042516,A,2,,Motor Vehicle In Motion,"Injury of any type (Serious, Minor, Possible)",C,Possible Injury (C),0,0,4,Local,0.19,809,REV DR MLK JR BLVD,REV DR MLK JR BLVD,CHURCH ST SOUTH NO 1,,,,,41.30276,-72.92822,14,Motor Vehicle in Operation,4,"Sideswipe, same direction",1,On Roadway,1,Clear,88,Not Applicable,4,Dark-Lighted,1,Dry,0,None,88,Not Applicable,88,Not Applicable,0,None,88,Not Applicable,88,Not Applicable,2,Intersection,3,T-Intersection,1,No,1,No,88,Not Applicable,88,Not Applicable,88,Not Applicable,88,Not Applicable,TRUE,1,Public Road,1,"Trafficway, On Road",CT0009300,New Haven PD,251,34:55.0,C,Closed,02:03.0,,,,,,,
1096715,1,Complete,1096715,1096715,41.32257,-72.878483,3588922,New Haven,93,93,New Haven,10/20/2023,2023,10,October,20,6,Friday,10:04:00,10,23042562,A,2,,Motor Vehicle In Motion,"Injury of any type (Serious, Minor, Possible)",C,Possible Injury (C),0,0,3,State,0.18,80,80-E,80-E,,91-N-16A,660,Feet,S,41.32257,-72.878483,14,Motor Vehicle in Operation,3,Angle,1,On Roadway,4,Rain,88,Not Applicable,1,Daylight,2,Wet,0,None,88,Not Applicable,88,Not Applicable,0,None,88,Not Applicable,88,Not Applicable,9,Driveway Access-Related,1,Not at Intersection,1,No,1,No,88,Not Applicable,88,Not Applicable,88,Not Applicable,88,Not Applicable,FALSE,1,Public Road,1,"Trafficway, On Road",CT0009300,New Haven PD,322,55:35.0,C,Closed,02:21.0,,3,32300,3,PRINCIPAL ARTERIAL - OTHER - NEW HPMS,2,Urban
1096718,1,Complete,1096718,1096718,41.3083,-72.88634,3588925,New Haven,93,93,New Haven,10/20/2023,2023,10,October,20,6,Friday,13:35:00,13,23042589,A,1,,Pedalcycle/Pedalcyclist,"Injury of any type (Serious, Minor, Possible)",C,Possible Injury (C),1,0,4,Local,0.01,,GRAND AV,E GRAND AVE,QUINNIPIAC AVE,,,,,41.3083,-72.88634,10,Pedalcycle/Pedalcyclist,3,Angle,1,On Roadway,4,Rain,88,Not Applicable,1,Daylight,2,Wet,1,Weather Conditions,88,Not Applicable,88,Not Applicable,0,None,88,Not Applicable,88,Not Applicable,2,Intersection,2,Four-Way Intersection,1,No,1,No,88,Not Applicable,88,Not Applicable,88,Not Applicable,88,Not Applicable,TRUE,1,Public Road,1,"Trafficway, On Road",CT0009300,New Haven PD,416,03:43.0,C,Closed,02:02.0,,,,,,,
1096719,1,Complete,1096719,1096719,41.298538,-72.892419,3588926,New Haven,93,93,New Haven,10/20/2023,2023,10,October,20,6,Friday,15:36:00,15,23042599,A,2,,Motor Vehicle In Motion,"Injury of any type (Serious, Minor, Possible)",B,Suspected Minor Injury (B),0,0,4,Local,0.29,210,FARREN AV,FARREN AV,,LANDCRAFT STREET,50,Feet,E,41.298538,-72.892419,14,Motor Vehicle in Operation,5,"Sideswipe, opposite direction",1,On Roadway,4,Rain,88,Not Applicable,1,Daylight,2,Wet,0,None,88,Not Applicable,88,Not Applicable,0,None,88,Not Applicable,88,Not Applicable,11,Through Roadway,1,Not at Intersection,2,"Yes, School Bus Directly Involved",1,No,88,Not Applicable,88,Not Applicable,88,Not Applicable,88,Not Applicable,FALSE,1,Public Road,1,"Trafficway, On Road",CT0009300,New Haven PD,45396,58:29.0,C,Closed,02:08.0,,,,,,,
1096721,1,Complete,1096721,1096721,41.313208,-72.931188,3588928,New Haven,93,93,New Haven,10/20/2023,2023,10,October,20,6,Friday,15:10:00,15,23042606,A,2,,Motor Vehicle In Motion,"Injury of any type (Serious, Minor, Possible)",C,Possible Injury (C),0,0,4,Local,0.16,596,TOWER PKWY,TOWER PKWY,,York Square Pl,200,Feet,W,41.313208,-72.931188,14,Motor Vehicle in Operation,1,Front to rear,1,On Roadway,4,Rain,88,Not Applicable,1,Daylight,2,Wet,0,None,88,Not Applicable,88,Not Applicable,0,None,88,Not Applicable,88,Not Applicable,3,Intersection-Related,2,Four-Way Intersection,1,No,1,No,88,Not Applicable,88,Not Applicable,88,Not Applicable,88,Not Applicable,FALSE,1,Public Road,1,"Trafficway, On Road",CT0009300,New Haven PD,42054,47:34.0,C,Closed,02:04.0,,,,,,,
1096729,1,Complete,1096729,1096729,41.316805,-72.97084,3588936,New Haven,93,93,New Haven,10/21/2023,2023,10,October,21,7,Saturday,14:05:00,14,23042699,A,1,,Tree (standing),"Injury of any type (Serious, Minor, Possible)",C,Possible Injury (C),0,0,3,State,2.63,122,122-N,122-N,,CHAPEL STREET,100,Feet,S,41.316805,-72.97084,32,Tree (standing),88,Not Applicable,1,On Roadway,4,Rain,88,Not Applicable,1,Daylight,2,Wet,0,None,88,Not Applicable,88,Not Applicable,0,None,88,Not Applicable,88,Not Applicable,1,Non-Junction,1,Not at Intersection,1,No,1,No,88,Not Applicable,88,Not Applicable,88,Not Applicable,88,Not Applicable,FALSE,1,Public Road,1,"Trafficway, On Road",CT0009300,New Haven PD,42045,09:50.0,C,Closed,02:13.0,,2,11700,4,MINOR ARTERIAL - NEW HPMS,2,Urban
1096731,1,Complete,1096731,1096731,41.303905,-72.900338,3588938,New Haven,93,93,New Haven,10/21/2023,2023,10,October,21,7,Saturday,18:32:00,18,23042721,A,2,,Motor Vehicle In Motion,"Injury of any type (Serious, Minor, Possible)",C,Possible Injury (C),0,0,4,Local,0.4,97,CHAPEL ST,CHAPEL ST,LLOYD ST,,,,,41.303905,-72.900338,14,Motor Vehicle in Operation,3,Angle,1,On Roadway,2,Cloudy,88,Not Applicable,6,Dark-Unknown Lighting,2,Wet,0,None,88,Not Applicable,88,Not Applicable,0,None,88,Not Applicable,88,Not Applicable,2,Intersection,2,Four-Way Intersection,1,No,1,No,88,Not Applicable,88,Not Applicable,88,Not Applicable,88,Not Applicable,FALSE,1,Public Road,1,"Trafficway, On Road",CT0009300,New Haven PD,45389,05:59.0,C,Closed,02:17.0,,,,,,,
1096733,1,Complete,1096733,1096733,41.32894,-72.93521,3588940,New Haven,93,93,New Haven,10/21/2023,2023,10,October,21,7,Saturday,21:15:00,21,23042747,A,2,,Motor Vehicle In Motion,"Injury of any type (Serious, Minor, Possible)",C,Possible Injury (C),0,0,4,Local,1.14,152,DIXWELL AV,DIXWELL AV,,FORD ST,200,Feet,N,41.32894,-72.93521,14,Motor Vehicle in Operation,4,"Sideswipe, same direction",1,On Roadway,1,Clear,88,Not Applicable,4,Dark-Lighted,1,Dry,0,None,88,Not Applicable,88,Not Applicable,0,None,88,Not Applicable,88,Not Applicable,1,Non-Junction,1,Not at Intersection,1,No,1,No,88,Not Applicable,88,Not Applicable,88,Not Applicable,88,Not Applicable,TRUE,1,Public Road,1,"Trafficway, On Road",CT0009300,New Haven PD,42054,27:45.0,C,Closed,02:14.0,,,,,,,
1097303,1,Complete,1097303,1097303,41.312823,-72.932917,3589510,New Haven,93,93,New Haven,10/16/2023,2023,10,October,16,2,Monday,21:00:00,21,23042034,A,2,,Motor Vehicle In Motion,"Injury of any type (Serious, Minor, Possible)",B,Suspected Minor Injury (B),0,1,4,Local,0.95,653,WHALLEY AV,WHALLEY AV,HOWE ST,,,,,41.312823,-72.932917,14,Motor Vehicle in Operation,3,Angle,1,On Roadway,4,Rain,88,Not Applicable,4,Dark-Lighted,2,Wet,0,None,88,Not Applicable,88,Not Applicable,0,None,88,Not Applicable,88,Not Applicable,2,Intersection,3,T-Intersection,1,No,1,No,88,Not Applicable,88,Not Applicable,88,Not Applicable,88,Not Applicable,FALSE,1,Public Road,1,"Trafficway, On Road",CT0009300,New Haven PD,45403,28:39.0,C,Closed,00:34.0,,,,,,,
1097640,1,Complete,1097640,1097640,41.305501,-72.898841,3589847,New Haven,93,93,New Haven,8/29/2023,2023,8,August,29,3,Tuesday,16:00:00,16,23035293,A,4,,Motor Vehicle In Motion,"Injury of any type (Serious, Minor, Possible)",A,Suspected Serious Injury (A),0,0,4,Local,0.17,57,BLATCHLEY AV,BLATCHLEY AV,,SALTONSTALL AVE,195,Feet,N,41.305501,-72.898841,14,Motor Vehicle in Operation,3,Angle,1,On Roadway,1,Clear,88,Not Applicable,1,Daylight,1,Dry,0,None,88,Not Applicable,88,Not Applicable,0,None,88,Not Applicable,88,Not Applicable,9,Driveway Access-Related,1,Not at Intersection,1,No,1,No,88,Not Applicable,88,Not Applicable,88,Not Applicable,88,Not Applicable,FALSE,1,Public Road,1,"Trafficway, On Road",CT0009300,New Haven PD,45402,26:14.0,C,Closed,00:55.0,,,,,,,
1097643,1,Complete,1097643,1097643,41.300019,-72.936994,3589850,New Haven,93,93,New Haven,9/12/2023,2023,9,September,12,3,Tuesday,22:40:00,22,23037320,A,2,,Motor Vehicle In Motion,"Injury of any type (Serious, Minor, Possible)",C,Possible Injury (C),0,0,4,Local,0.05,138,DAGGETT ST,DAGGETT ST,,CONGRESS AVE,289,Feet,S,41.300019,-72.936994,14,Motor Vehicle in Operation,1,Front to rear,1,On Roadway,1,Clear,88,Not Applicable,4,Dark-Lighted,1,Dry,0,None,88,Not Applicable,88,Not Applicable,0,None,88,Not Applicable,88,Not Applicable,1,Non-Junction,1,Not at Intersection,1,No,1,No,88,Not Applicable,88,Not Applicable,88,Not Applicable,88,Not Applicable,TRUE,1,Public Road,1,"Trafficway, On Road",CT0009300,New Haven PD,44949,30:01.0,C,Closed,00:51.0,,2,,7,LOCAL - NEW HPMS,2,Urban
1097648,1,Complete,1097648,1097648,41.31015,-72.93921,3589855,New Haven,93,93,New Haven,10/1/2023,2023,10,October,1,1,Sunday,17:40:00,17,23039887,A,2,,Motor Vehicle In Motion,"Injury of any type (Serious, Minor, Possible)",C,Possible Injury (C),0,1,4,Local,2.53,97,CHAPEL ST,CHAPEL ST,DAY ST,,,,,41.31015,-72.93921,14,Motor Vehicle in Operation,3,Angle,1,On Roadway,1,Clear,88,Not Applicable,1,Daylight,1,Dry,0,None,88,Not Applicable,88,Not Applicable,0,None,88,Not Applicable,88,Not Applicable,2,Intersection,2,Four-Way Intersection,1,No,1,No,88,Not Applicable,88,Not Applicable,88,Not Applicable,88,Not Applicable,FALSE,1,Public Road,1,"Trafficway, On Road",CT0009300,New Haven PD,11439,58:51.0,C,Closed,00:53.0,,6,126100,1,INTERSTATE - NEW HPMS,2,Urban