CrashId,Fatal Case Status,Fatal Case Status Text Format,CrashId,CrashId,Latitude,Longitude,DOT Case Number,Town Name,Town Number,Town Number,Town Number Text Format,Date Of Crash,Year,Month,Month Text Format,Day,Day of the Week,Day of the Week Text Format,Time of Crash,Hour of the Day,Case Identifier,Crash Severity,Number Of Motor Vehicles,Motor vehicle action,Most harmful event,Crash Severity Text Format,Most Severe Injury,Most Severe Injury Text Format,Number Of Non-Motorist,Number Of Witnesses,Route Class,Route Class Text Format,Milemarker,Road Number,Road Description,Roadway Name,Intersecting Roadway Name,Landmark Description,Distance From Nearest Landmark,Unit Of Measure From Nearest Landmark,Direction From Nearest Landmark,Latitude,Longitude,First Harmful Event,First Harmful Event Text Format,Manner of Crash / Collision Impact,Manner of Crash / Collision Impact Text Format,Location of First Harmful Event,Location of First Harmful Event Text Format,Weather Condition,Weather Condition Text Format,Weather 2,Weather 2 Text Format,Light Condition,Light Condition Text Format,Road Surface Condition,Road Surface Condition Text Format,"Contributing Circumstances, Environment","Contributing Circumstances, Environment Text Format",Environment 2,Environment 2 Text Format,Environment 3,Environment 3 Text Format,"Contributing Circumstances, Road","Contributing Circumstances, Road Text Format",Road 2,Road 2 Text Format,Road 3,Road 3 Text Format,Crash Specific Location,Crash Specific Location Text Format,Type of Intersection,Type of Intersection Text Format,School Bus Related,School Bus Related Text Format,Work Zone Related,Work Zone Related Text Format,Location Of Crash Relative To Work Zone,Location Of Crash Relative To Work Zone Text Format,Type of Work Zone,Type of Work Zone Text Format,Worker Presence,Worker Presence Text Format,Law Enforcement Presence,Law Enforcement Presence Text Format,Were Vehicles Moved Prior To Police Arrival,Trafficway Ownership,Trafficway Ownership Text Format,Trafficway Class,Trafficway Class Text Format,Police Agency,Police Agency Text Format,Badge Number,Approval Date,Police Case Status,Police Case Status Text Format,Crash Report Submission Date,Related Case Identifiers,No. of Through Lanes (Log Dir.),Average Daily Traffic,Functional Classification,Functional Classification Text Format,Rural or Urban,Rural or Urban Text Format
1097649,1,Complete,1097649,1097649,41.32222321,-72.93852766,3589856,New Haven,93,93,New Haven,10/3/2023,2023,10,October,3,3,Tuesday,17:09:00,17,23040174,A,2,,Motor Vehicle In Motion,"Injury of any type (Serious, Minor, Possible)",C,Possible Injury (C),0,1,4,Local,0.19,557,SHERMAN PKWY,SHERMAN PKWY,,HENRY ST,300,Feet,N,41.32222321,-72.93852766,14,Motor Vehicle in Operation,3,Angle,1,On Roadway,1,Clear,88,Not Applicable,1,Daylight,1,Dry,0,None,88,Not Applicable,88,Not Applicable,0,None,88,Not Applicable,88,Not Applicable,1,Non-Junction,1,Not at Intersection,1,No,1,No,88,Not Applicable,88,Not Applicable,88,Not Applicable,88,Not Applicable,FALSE,1,Public Road,1,"Trafficway, On Road",CT0009300,New Haven PD,991,00:38.0,C,Closed,00:58.0,,,,,,,
1097656,1,Complete,1097656,1097656,41.30452308,-72.89454176,3589863,New Haven,93,93,New Haven,10/23/2023,2023,10,October,23,2,Monday,5:04:00,5,23042907,A,2,,Motor Vehicle In Motion,"Injury of any type (Serious, Minor, Possible)",B,Suspected Minor Injury (B),0,0,4,Local,1.08,213,FERRY ST,FERRY ST,,Chapel St,50,Feet,N,41.30452308,-72.89454176,14,Motor Vehicle in Operation,3,Angle,1,On Roadway,1,Clear,88,Not Applicable,4,Dark-Lighted,1,Dry,0,None,88,Not Applicable,88,Not Applicable,0,None,88,Not Applicable,88,Not Applicable,9,Driveway Access-Related,1,Not at Intersection,1,No,1,No,88,Not Applicable,88,Not Applicable,88,Not Applicable,88,Not Applicable,TRUE,1,Public Road,1,"Trafficway, On Road",CT0009300,New Haven PD,42055,53:01.0,C,Closed,00:57.0,,,,,,,
1097659,1,Complete,1097659,1097659,41.33301153,-72.93520976,3589866,New Haven,93,93,New Haven,10/23/2023,2023,10,October,23,2,Monday,18:19:00,18,23042999,A,2,,Motor Vehicle In Motion,"Injury of any type (Serious, Minor, Possible)",C,Possible Injury (C),0,0,4,Local,1.42,152,DIXWELL AV,DIXWELL AV,,Dorman St,150,Feet,S,41.33301153,-72.93520976,14,Motor Vehicle in Operation,3,Angle,1,On Roadway,1,Clear,88,Not Applicable,1,Daylight,1,Dry,0,None,88,Not Applicable,88,Not Applicable,0,None,88,Not Applicable,88,Not Applicable,9,Driveway Access-Related,1,Not at Intersection,1,No,1,No,88,Not Applicable,88,Not Applicable,88,Not Applicable,88,Not Applicable,TRUE,1,Public Road,1,"Trafficway, On Road",CT0009300,New Haven PD,42052,53:13.0,C,Closed,01:04.0,,,,,,,
1097671,1,Complete,1097671,1097671,41.32075827,-72.95189615,3589878,New Haven,93,93,New Haven,10/24/2023,2023,10,October,24,3,Tuesday,19:43:00,19,23043163,A,2,,Motor Vehicle In Motion,"Injury of any type (Serious, Minor, Possible)",C,Possible Injury (C),0,0,4,Local,0.36,472,PENDLETON ST,PENDLETON ST,,10-N,50,Feet,S,41.32075827,-72.95189615,14,Motor Vehicle in Operation,1,Front to rear,1,On Roadway,1,Clear,88,Not Applicable,1,Daylight,1,Dry,0,None,88,Not Applicable,88,Not Applicable,0,None,88,Not Applicable,88,Not Applicable,3,Intersection-Related,3,T-Intersection,1,No,1,No,88,Not Applicable,88,Not Applicable,88,Not Applicable,88,Not Applicable,FALSE,1,Public Road,1,"Trafficway, On Road",CT0009300,New Haven PD,44063,32:38.0,O,Open,01:07.0,,,,,,,
1097964,1,Complete,1097964,1097964,41.312122,-72.919229,3590171,New Haven,93,93,New Haven,8/27/2023,2023,8,August,27,1,Sunday,2:04:00,2,23034880,A,2,,Motor Vehicle In Motion,"Injury of any type (Serious, Minor, Possible)",B,Suspected Minor Injury (B),0,0,4,Local,1.18,450,ORANGE ST NO 1,ORANGE ST NO 1,TRUMBULL ST,,,,,41.312122,-72.919229,14,Motor Vehicle in Operation,3,Angle,1,On Roadway,1,Clear,88,Not Applicable,4,Dark-Lighted,1,Dry,0,None,88,Not Applicable,88,Not Applicable,0,None,88,Not Applicable,88,Not Applicable,2,Intersection,2,Four-Way Intersection,1,No,1,No,88,Not Applicable,88,Not Applicable,88,Not Applicable,88,Not Applicable,FALSE,1,Public Road,1,"Trafficway, On Road",CT0009300,New Haven PD,45390,51:58.0,C,Closed,00:50.0,,,,,,,
1097967,1,Complete,1097967,1097967,41.31483,-72.898852,3590174,New Haven,93,93,New Haven,10/14/2023,2023,10,October,14,7,Saturday,16:20:00,16,23041762,A,2,,Motor Vehicle In Motion,"Injury of any type (Serious, Minor, Possible)",C,Possible Injury (C),0,1,4,Local,0.27,379,LOMBARD ST,LOMBARD ST,,POPLAR ST,60,Feet,W,41.31483,-72.898852,14,Motor Vehicle in Operation,2,Front to front,1,On Roadway,4,Rain,88,Not Applicable,1,Daylight,2,Wet,0,None,88,Not Applicable,88,Not Applicable,0,None,88,Not Applicable,88,Not Applicable,1,Non-Junction,1,Not at Intersection,1,No,1,No,88,Not Applicable,88,Not Applicable,88,Not Applicable,88,Not Applicable,FALSE,1,Public Road,1,"Trafficway, On Road",CT0009300,New Haven PD,44951,59:59.0,C,Closed,00:53.0,,,,,,,
1097974,1,Complete,1097974,1097974,41.314297,-72.896758,3590181,New Haven,93,93,New Haven,10/25/2023,2023,10,October,25,4,Wednesday,16:18:00,16,23043271,A,1,,Pedestrian,"Injury of any type (Serious, Minor, Possible)",C,Possible Injury (C),1,0,4,Local,0.37,213,FERRY ST,FERRY ST,,CHATHAM,50,Feet,N,41.314297,-72.896758,9,Pedestrian,88,Not Applicable,1,On Roadway,1,Clear,88,Not Applicable,1,Daylight,1,Dry,0,None,88,Not Applicable,88,Not Applicable,0,None,88,Not Applicable,88,Not Applicable,1,Non-Junction,1,Not at Intersection,1,No,1,No,88,Not Applicable,88,Not Applicable,88,Not Applicable,88,Not Applicable,FALSE,1,Public Road,1,"Trafficway, On Road",CT0009300,New Haven PD,42057,18:20.0,C,Closed,00:56.0,,4,13500,4,MINOR ARTERIAL - NEW HPMS,2,Urban
1098232,1,Complete,1098232,1098232,41.2918355,-72.9424378,3590439,New Haven,93,93,New Haven,10/26/2023,2023,10,October,26,5,Thursday,2:54:00,2,23040737,A,2,,Motor Vehicle In Motion,"Injury of any type (Serious, Minor, Possible)",A,Suspected Serious Injury (A),0,1,3,State,0.96,10,10-N,10-N,TRUMAN ST,,,,,41.2918355,-72.9424378,14,Motor Vehicle in Operation,3,Angle,1,On Roadway,1,Clear,88,Not Applicable,99,Unknown,1,Dry,0,None,88,Not Applicable,88,Not Applicable,0,None,88,Not Applicable,88,Not Applicable,2,Intersection,3,T-Intersection,1,No,1,No,88,Not Applicable,88,Not Applicable,88,Not Applicable,88,Not Applicable,FALSE,1,Public Road,1,"Trafficway, On Road",CT0009300,New Haven PD,44052,10:25.0,C,Closed,01:46.0,,2,20300,3,PRINCIPAL ARTERIAL - OTHER - NEW HPMS,2,Urban
1098235,1,Complete,1098235,1098235,41.30848866,-72.90317661,3590442,New Haven,93,93,New Haven,10/15/2023,2023,10,October,15,1,Sunday,22:40:00,22,23041796,A,2,,Motor Vehicle In Motion,"Injury of any type (Serious, Minor, Possible)",C,Possible Injury (C),0,0,4,Local,0.92,264,GRAND AV,GRAND AV,JAMES ST,,,,,41.30848866,-72.90317661,14,Motor Vehicle in Operation,3,Angle,1,On Roadway,1,Clear,88,Not Applicable,4,Dark-Lighted,1,Dry,99,Unknown,88,Not Applicable,88,Not Applicable,99,Unknown,88,Not Applicable,88,Not Applicable,2,Intersection,2,Four-Way Intersection,1,No,1,No,88,Not Applicable,88,Not Applicable,88,Not Applicable,88,Not Applicable,FALSE,1,Public Road,1,"Trafficway, On Road",CT0009300,New Haven PD,36335,59:07.0,C,Closed,01:47.0,,,,,,,
1098238,1,Complete,1098238,1098238,41.29756629,-72.94598664,3590445,New Haven,93,93,New Haven,10/24/2023,2023,10,October,24,3,Tuesday,6:55:00,6,23043052,A,2,,Motor Vehicle In Motion,"Injury of any type (Serious, Minor, Possible)",C,Possible Injury (C),0,0,2,USRoute,46.79,1,1-N,1-N,,Davenport Av,1,TenthsofMile,E,41.29756629,-72.94598664,14,Motor Vehicle in Operation,3,Angle,1,On Roadway,1,Clear,88,Not Applicable,1,Daylight,1,Dry,99,Unknown,88,Not Applicable,88,Not Applicable,99,Unknown,88,Not Applicable,88,Not Applicable,9,Driveway Access-Related,1,Not at Intersection,1,No,1,No,88,Not Applicable,88,Not Applicable,88,Not Applicable,88,Not Applicable,FALSE,1,Public Road,1,"Trafficway, On Road",CT0009300,New Haven PD,43690,38:03.0,C,Closed,01:45.0,,1,5900,3,PRINCIPAL ARTERIAL - OTHER - NEW HPMS,1,Rural
1098242,1,Complete,1098242,1098242,41.30572425,-72.93413847,3590449,New Haven,93,93,New Haven,10/26/2023,2023,10,October,26,5,Thursday,7:18:00,7,23043366,A,2,,Motor Vehicle In Motion,"Injury of any type (Serious, Minor, Possible)",C,Possible Injury (C),0,0,4,Local,0.56,809,REV DR MLK JR BLVD,REV DR MLK JR BLVD,,YORK ST,97,Feet,W,41.30572425,-72.93413847,14,Motor Vehicle in Operation,1,Front to rear,1,On Roadway,1,Clear,88,Not Applicable,2,Dawn,1,Dry,0,None,88,Not Applicable,88,Not Applicable,0,None,88,Not Applicable,88,Not Applicable,1,Non-Junction,1,Not at Intersection,1,No,1,No,88,Not Applicable,88,Not Applicable,88,Not Applicable,88,Not Applicable,TRUE,1,Public Road,1,"Trafficway, On Road",CT0009300,New Haven PD,137,01:53.0,C,Closed,01:47.0,,,,,,,
1098244,1,Complete,1098244,1098244,41.30168712,-72.95079597,3590451,New Haven,93,93,New Haven,10/26/2023,2023,10,October,26,5,Thursday,11:24:00,11,23043399,A,2,,Motor Vehicle In Motion,"Injury of any type (Serious, Minor, Possible)",C,Possible Injury (C),0,0,3,State,1.77,10,10-N,10-N,,LEGION AVE,1454,Feet,S,41.30168712,-72.95079597,14,Motor Vehicle in Operation,1,Front to rear,1,On Roadway,1,Clear,88,Not Applicable,1,Daylight,1,Dry,0,None,88,Not Applicable,88,Not Applicable,0,None,88,Not Applicable,88,Not Applicable,1,Non-Junction,1,Not at Intersection,1,No,1,No,88,Not Applicable,88,Not Applicable,88,Not Applicable,88,Not Applicable,FALSE,1,Public Road,1,"Trafficway, On Road",CT0009300,New Haven PD,137,04:07.0,C,Closed,01:49.0,,2,20800,3,PRINCIPAL ARTERIAL - OTHER - NEW HPMS,2,Urban
1098245,1,Complete,1098245,1098245,41.3094,-72.8905,3590452,New Haven,93,93,New Haven,10/26/2023,2023,10,October,26,5,Thursday,13:09:00,13,23043411,A,1,,Pedestrian,"Injury of any type (Serious, Minor, Possible)",C,Possible Injury (C),1,0,4,Local,0,113,CLINTON AV,CLINTON AV,GRAND AVE,,,,,41.3094,-72.8905,9,Pedestrian,88,Not Applicable,1,On Roadway,1,Clear,88,Not Applicable,1,Daylight,1,Dry,0,None,88,Not Applicable,88,Not Applicable,0,None,88,Not Applicable,88,Not Applicable,2,Intersection,3,T-Intersection,1,No,1,No,88,Not Applicable,88,Not Applicable,88,Not Applicable,88,Not Applicable,TRUE,1,Public Road,1,"Trafficway, On Road",CT0009300,New Haven PD,980,09:09.0,C,Closed,01:40.0,,2,6600,4,MINOR ARTERIAL - NEW HPMS,2,Urban
1098248,1,Complete,1098248,1098248,41.316319,-72.941394,3590455,New Haven,93,93,New Haven,10/26/2023,2023,10,October,26,5,Thursday,19:22:00,19,23043441,A,1,,Pedestrian,"Injury of any type (Serious, Minor, Possible)",B,Suspected Minor Injury (B),1,0,4,Local,0.44,653,WHALLEY AV,WHALLEY AV,HUDSON ST,,,,,41.316319,-72.941394,9,Pedestrian,88,Not Applicable,1,On Roadway,1,Clear,88,Not Applicable,1,Daylight,1,Dry,0,None,88,Not Applicable,88,Not Applicable,0,None,88,Not Applicable,88,Not Applicable,2,Intersection,2,Four-Way Intersection,1,No,1,No,88,Not Applicable,88,Not Applicable,88,Not Applicable,88,Not Applicable,FALSE,1,Public Road,1,"Trafficway, On Road",CT0009300,New Haven PD,79,06:19.0,O,Open,01:50.0,,2,21100,3,PRINCIPAL ARTERIAL - OTHER - NEW HPMS,2,Urban
1098249,1,Complete,1098249,1098249,41.3070202,-72.93500533,3590456,New Haven,93,93,New Haven,10/26/2023,2023,10,October,26,5,Thursday,17:17:00,17,23043444,A,2,,Motor Vehicle In Motion,"Injury of any type (Serious, Minor, Possible)",C,Possible Injury (C),0,0,4,Local,0.83,248,GEORGE ST,GEORGE ST,PARK ST,,,,,41.3070202,-72.93500533,14,Motor Vehicle in Operation,4,"Sideswipe, same direction",1,On Roadway,1,Clear,1,Clear,1,Daylight,1,Dry,0,None,88,Not Applicable,88,Not Applicable,0,None,88,Not Applicable,88,Not Applicable,2,Intersection,2,Four-Way Intersection,1,No,1,No,88,Not Applicable,88,Not Applicable,88,Not Applicable,88,Not Applicable,FALSE,1,Public Road,1,"Trafficway, On Road",CT0009300,New Haven PD,42046,18:11.0,C,Closed,01:42.0,,,,,,,
1098624,1,Complete,1098624,1098624,41.320894,-72.934391,3590831,New Haven,93,93,New Haven,10/20/2023,2023,10,October,20,6,Friday,18:39:00,18,23042617,A,2,,Motor Vehicle In Motion,"Injury of any type (Serious, Minor, Possible)",C,Possible Injury (C),0,0,4,Local,0.56,152,DIXWELL AV,DIXWELL AV,HENRY ST,,,,,41.320894,-72.934391,14,Motor Vehicle in Operation,3,Angle,1,On Roadway,4,Rain,88,Not Applicable,4,Dark-Lighted,2,Wet,0,None,88,Not Applicable,88,Not Applicable,0,None,88,Not Applicable,88,Not Applicable,2,Intersection,2,Four-Way Intersection,1,No,1,No,88,Not Applicable,88,Not Applicable,88,Not Applicable,88,Not Applicable,TRUE,1,Public Road,1,"Trafficway, On Road",CT0009300,New Haven PD,42054,29:57.0,C,Closed,00:45.0,,2,6400,3,PRINCIPAL ARTERIAL - OTHER - NEW HPMS,2,Urban
1098626,1,Complete,1098626,1098626,41.32113447,-72.87390422,3590833,New Haven,93,93,New Haven,10/22/2023,2023,10,October,22,1,Sunday,14:01:00,14,23042832,A,2,,Motor Vehicle In Motion,"Injury of any type (Serious, Minor, Possible)",C,Possible Injury (C),0,0,3,State,0.02,103,103-N,103-N,,FOXON BLVD,120,Feet,N,41.32113447,-72.87390422,14,Motor Vehicle in Operation,97,Other,1,On Roadway,1,Clear,88,Not Applicable,1,Daylight,1,Dry,0,None,88,Not Applicable,88,Not Applicable,0,None,88,Not Applicable,88,Not Applicable,3,Intersection-Related,2,Four-Way Intersection,1,No,1,No,88,Not Applicable,88,Not Applicable,88,Not Applicable,88,Not Applicable,FALSE,1,Public Road,1,"Trafficway, On Road",CT0009300,New Haven PD,44055,41:07.0,C,Closed,00:41.0,,,,,,,
1098629,1,Complete,1098629,1098629,41.31019493,-72.90238592,3590836,New Haven,93,93,New Haven,10/25/2023,2023,10,October,25,4,Wednesday,9:39:00,9,23043219,A,2,,Motor Vehicle In Motion,"Injury of any type (Serious, Minor, Possible)",C,Possible Injury (C),0,0,4,Local,0.14,108,CLAY ST NO 1,CLAY ST NO 1,MALTBY PL,,,,,41.31019493,-72.90238592,14,Motor Vehicle in Operation,3,Angle,1,On Roadway,1,Clear,88,Not Applicable,1,Daylight,1,Dry,0,None,88,Not Applicable,88,Not Applicable,0,None,88,Not Applicable,88,Not Applicable,2,Intersection,3,T-Intersection,1,No,1,No,88,Not Applicable,88,Not Applicable,88,Not Applicable,88,Not Applicable,FALSE,1,Public Road,1,"Trafficway, On Road",CT0009300,New Haven PD,9,00:30.0,C,Closed,00:58.0,,,,,,,
1098630,1,Complete,1098630,1098630,41.325311,-72.9126904,3590837,New Haven,93,93,New Haven,10/25/2023,2023,10,October,25,4,Wednesday,10:06:00,10,23043225,A,1,,Pedestrian,"Injury of any type (Serious, Minor, Possible)",B,Suspected Minor Injury (B),1,0,4,Local,0.16,116,COLD SPRING ST,COLD SPRING ST,LIVINGSTON ST,,,,,41.325311,-72.9126904,9,Pedestrian,88,Not Applicable,1,On Roadway,1,Clear,88,Not Applicable,1,Daylight,1,Dry,0,None,88,Not Applicable,88,Not Applicable,0,None,88,Not Applicable,88,Not Applicable,2,Intersection,2,Four-Way Intersection,1,No,1,No,88,Not Applicable,88,Not Applicable,88,Not Applicable,88,Not Applicable,FALSE,99,Unknown,1,"Trafficway, On Road",CT0009300,New Haven PD,45627,41:08.0,C,Closed,00:42.0,,2,7800,5,MAJOR COLLECTOR - NEW HPMS,2,Urban
1098636,1,Complete,1098636,1098636,41.31105,-72.90356,923273,New Haven,93,93,New Haven,10/26/2023,2023,10,October,26,5,Thursday,23:13:00,23,23043508,K,2,Straight Ahead,Pedestrian,Fatal (Kill),K,Fatal Injury (K),1,0,4,Local,0.37,327,JAMES ST,JAMES ST,MARKET ST,,,,,41.31105,-72.90356,9,Pedestrian,99,Unknown,1,On Roadway,1,Clear,88,Not Applicable,4,Dark-Lighted,1,Dry,99,Unknown,88,Not Applicable,88,Not Applicable,99,Unknown,88,Not Applicable,88,Not Applicable,2,Intersection,2,Four-Way Intersection,1,No,1,No,88,Not Applicable,88,Not Applicable,88,Not Applicable,88,Not Applicable,FALSE,1,Public Road,1,"Trafficway, On Road",CT0009300,New Haven PD,36335,46:27.0,O,Open,01:06.0,,,,,,,
1098638,1,Complete,1098638,1098638,41.30918303,-72.94207894,3590845,New Haven,93,93,New Haven,10/27/2023,2023,10,October,27,6,Friday,9:12:00,9,23043545,A,2,,Motor Vehicle In Motion,"Injury of any type (Serious, Minor, Possible)",C,Possible Injury (C),0,0,4,Local,0.54,453,ORCHARD ST,ORCHARD ST,GEORGE ST,,,,,41.30918303,-72.94207894,14,Motor Vehicle in Operation,4,"Sideswipe, same direction",1,On Roadway,1,Clear,88,Not Applicable,1,Daylight,1,Dry,99,Unknown,88,Not Applicable,88,Not Applicable,0,None,88,Not Applicable,88,Not Applicable,2,Intersection,2,Four-Way Intersection,1,No,1,No,88,Not Applicable,88,Not Applicable,88,Not Applicable,88,Not Applicable,TRUE,1,Public Road,1,"Trafficway, On Road",CT0009300,New Haven PD,45625,09:52.0,C,Closed,00:54.0,,,,,,,
1098640,1,Complete,1098640,1098640,41.308274,-72.937962,3590847,New Haven,93,93,New Haven,10/27/2023,2023,10,October,27,6,Friday,14:15:00,14,23043579,A,2,,Motor Vehicle In Motion,"Injury of any type (Serious, Minor, Possible)",C,Possible Injury (C),0,0,4,Local,0.64,248,GEORGE ST,GEORGE ST,DWIGHT ST,,,,,41.308274,-72.937962,14,Motor Vehicle in Operation,4,"Sideswipe, same direction",1,On Roadway,1,Clear,88,Not Applicable,1,Daylight,1,Dry,0,None,88,Not Applicable,88,Not Applicable,0,None,88,Not Applicable,88,Not Applicable,2,Intersection,2,Four-Way Intersection,1,No,1,No,88,Not Applicable,88,Not Applicable,88,Not Applicable,88,Not Applicable,TRUE,1,Public Road,1,"Trafficway, On Road",CT0009300,New Haven PD,45625,36:39.0,C,Closed,01:04.0,,,,,,,
1098645,1,Complete,1098645,1098645,41.31281469,-72.93290567,3590852,New Haven,93,93,New Haven,10/27/2023,2023,10,October,27,6,Friday,19:35:00,19,23043625,A,1,,Pedestrian,"Injury of any type (Serious, Minor, Possible)",C,Possible Injury (C),1,0,4,Local,0.95,653,WHALLEY AV,WHALLEY AV,HOWE ST,,,,,41.31281469,-72.93290567,9,Pedestrian,88,Not Applicable,1,On Roadway,1,Clear,88,Not Applicable,4,Dark-Lighted,1,Dry,0,None,88,Not Applicable,88,Not Applicable,0,None,88,Not Applicable,88,Not Applicable,2,Intersection,4,Y-Intersection,1,No,1,No,88,Not Applicable,88,Not Applicable,88,Not Applicable,88,Not Applicable,FALSE,1,Public Road,1,"Trafficway, On Road",CT0009300,New Haven PD,44045,08:29.0,C,Closed,00:49.0,,2,21100,3,PRINCIPAL ARTERIAL - OTHER - NEW HPMS,2,Urban
1098647,1,Complete,1098647,1098647,41.32839437,-72.96205637,3590854,New Haven,93,93,New Haven,10/27/2023,2023,10,October,27,6,Friday,23:50:00,23,23043651,A,1,,Tree (standing),"Injury of any type (Serious, Minor, Possible)",B,Suspected Minor Injury (B),0,0,3,State,0.36,63,63-N,63-N,HARRISON ST,,,,,41.32839437,-72.96205637,32,Tree (standing),88,Not Applicable,1,On Roadway,1,Clear,88,Not Applicable,5,Dark-Not Lighted,1,Dry,0,None,88,Not Applicable,88,Not Applicable,0,None,88,Not Applicable,88,Not Applicable,2,Intersection,3,T-Intersection,1,No,1,No,88,Not Applicable,88,Not Applicable,88,Not Applicable,88,Not Applicable,FALSE,1,Public Road,1,"Trafficway, On Road",CT0009300,New Haven PD,760,52:35.0,C,Closed,01:05.0,NONE,2,20300,3,PRINCIPAL ARTERIAL - OTHER - NEW HPMS,2,Urban
1098659,1,Complete,1098659,1098659,41.319966,-72.8981,3590866,New Haven,93,93,New Haven,10/28/2023,2023,10,October,28,7,Saturday,20:59:00,20,23043764,A,2,,Motor Vehicle In Motion,"Injury of any type (Serious, Minor, Possible)",C,Possible Injury (C),0,0,2,USRoute,0.42,5,5-N,5-N,GRACE ST,,,,,41.319966,-72.8981,14,Motor Vehicle in Operation,3,Angle,1,On Roadway,1,Clear,88,Not Applicable,4,Dark-Lighted,1,Dry,0,None,88,Not Applicable,88,Not Applicable,0,None,88,Not Applicable,88,Not Applicable,3,Intersection-Related,3,T-Intersection,1,No,1,No,88,Not Applicable,88,Not Applicable,88,Not Applicable,88,Not Applicable,FALSE,1,Public Road,1,"Trafficway, On Road",CT0009300,New Haven PD,42048,18:19.0,C,Closed,00:58.0,,1,19500,4,MINOR ARTERIAL - NEW HPMS,1,Rural
1098662,1,Complete,1098662,1098662,41.305261,-72.930193,3590869,New Haven,93,93,New Haven,10/29/2023,2023,10,October,29,1,Sunday,2:29:00,2,23043805,A,3,,Motor Vehicle In Motion,"Injury of any type (Serious, Minor, Possible)",C,Possible Injury (C),0,0,4,Local,0.5,117,COLLEGE ST,COLLEGE ST,,George St,50,Feet,N,41.305261,-72.930193,14,Motor Vehicle in Operation,2,Front to front,1,On Roadway,1,Clear,88,Not Applicable,4,Dark-Lighted,1,Dry,0,None,88,Not Applicable,88,Not Applicable,0,None,88,Not Applicable,88,Not Applicable,3,Intersection-Related,2,Four-Way Intersection,1,No,1,No,88,Not Applicable,88,Not Applicable,88,Not Applicable,88,Not Applicable,FALSE,1,Public Road,1,"Trafficway, On Road",CT0009300,New Haven PD,733,38:00.0,C,Closed,01:01.0,,,,,,,
1098663,1,Complete,1098663,1098663,41.280493,-72.894989,3590870,New Haven,93,93,New Haven,10/29/2023,2023,10,October,29,1,Sunday,7:30:00,7,23043814,A,1,,Fell/Jumped From Vehicle,"Injury of any type (Serious, Minor, Possible)",C,Possible Injury (C),0,0,3,State,0.65,337,337-E,337-E,UPSON TER,,,,,41.280493,-72.894989,6,Fell/Jumped from Vehicle,88,Not Applicable,1,On Roadway,4,Rain,2,Cloudy,1,Daylight,2,Wet,1,Weather Conditions,88,Not Applicable,88,Not Applicable,5,"Road Surface Condition (wet, icy, snow, slush, etc.)",88,Not Applicable,88,Not Applicable,2,Intersection,2,Four-Way Intersection,1,No,1,No,88,Not Applicable,88,Not Applicable,88,Not Applicable,88,Not Applicable,TRUE,1,Public Road,1,"Trafficway, On Road",CT0009300,New Haven PD,165,03:23.0,C,Closed,01:02.0,,2,9100,4,MINOR ARTERIAL - NEW HPMS,2,Urban
1098664,1,Complete,1098664,1098664,41.30083,-72.91077,3590871,New Haven,93,93,New Haven,10/29/2023,2023,10,October,29,1,Sunday,10:57:00,10,23043836,A,2,,Motor Vehicle In Motion,"Injury of any type (Serious, Minor, Possible)",C,Possible Injury (C),0,1,2,USRoute,48.96,1,1-N,1-N,EAST ST,,,,,41.30083,-72.91077,14,Motor Vehicle in Operation,3,Angle,1,On Roadway,4,Rain,88,Not Applicable,1,Daylight,2,Wet,0,None,88,Not Applicable,88,Not Applicable,0,None,88,Not Applicable,88,Not Applicable,2,Intersection,2,Four-Way Intersection,1,No,1,No,88,Not Applicable,88,Not Applicable,88,Not Applicable,88,Not Applicable,FALSE,1,Public Road,1,"Trafficway, On Road",CT0009300,New Haven PD,45389,55:28.0,C,Closed,01:04.0,,2,6700,3,PRINCIPAL ARTERIAL - OTHER - NEW HPMS,2,Urban
1098669,1,Complete,1098669,1098669,41.31581602,-72.93988168,3590876,New Haven,93,93,New Haven,10/29/2023,2023,10,October,29,1,Sunday,22:49:00,22,23043905,A,1,,Traffic Sign Support,"Injury of any type (Serious, Minor, Possible)",B,Suspected Minor Injury (B),0,0,4,Local,0.52,653,WHALLEY AV,WHALLEY AV,,COUNTY ST,85,Feet,E,41.31581602,-72.93988168,34,Traffic Sign Support,88,Not Applicable,1,On Roadway,4,Rain,88,Not Applicable,4,Dark-Lighted,2,Wet,0,None,88,Not Applicable,88,Not Applicable,0,None,88,Not Applicable,88,Not Applicable,1,Non-Junction,1,Not at Intersection,1,No,1,No,88,Not Applicable,88,Not Applicable,88,Not Applicable,88,Not Applicable,FALSE,1,Public Road,1,"Trafficway, On Road",CT0009300,New Haven PD,44339,27:11.0,C,Closed,01:07.0,,4,21100,3,PRINCIPAL ARTERIAL - OTHER - NEW HPMS,2,Urban
1099366,1,Complete,1099366,1099366,41.28629782,-72.93617228,3591573,New Haven,93,93,New Haven,10/21/2023,2023,10,October,21,7,Saturday,14:26:00,14,23042592,A,2,,Motor Vehicle In Motion,"Injury of any type (Serious, Minor, Possible)",C,Possible Injury (C),0,0,3,State,0.28,10,10-N,10-N,745-E,,,,,41.28629782,-72.93617228,14,Motor Vehicle in Operation,3,Angle,1,On Roadway,4,Rain,88,Not Applicable,1,Daylight,2,Wet,0,None,88,Not Applicable,88,Not Applicable,0,None,88,Not Applicable,88,Not Applicable,2,Intersection,2,Four-Way Intersection,1,No,1,No,88,Not Applicable,88,Not Applicable,88,Not Applicable,88,Not Applicable,FALSE,1,Public Road,1,"Trafficway, On Road",CT0009300,New Haven PD,45395,08:46.0,C,Closed,01:47.0,,2,18600,3,PRINCIPAL ARTERIAL - OTHER - NEW HPMS,2,Urban