CrashId,Fatal Case Status,Fatal Case Status Text Format,CrashId,CrashId,Latitude,Longitude,DOT Case Number,Town Name,Town Number,Town Number,Town Number Text Format,Date Of Crash,Year,Month,Month Text Format,Day,Day of the Week,Day of the Week Text Format,Time of Crash,Hour of the Day,Case Identifier,Crash Severity,Number Of Motor Vehicles,Motor vehicle action,Most harmful event,Crash Severity Text Format,Most Severe Injury,Most Severe Injury Text Format,Number Of Non-Motorist,Number Of Witnesses,Route Class,Route Class Text Format,Milemarker,Road Number,Road Description,Roadway Name,Intersecting Roadway Name,Landmark Description,Distance From Nearest Landmark,Unit Of Measure From Nearest Landmark,Direction From Nearest Landmark,Latitude,Longitude,First Harmful Event,First Harmful Event Text Format,Manner of Crash / Collision Impact,Manner of Crash / Collision Impact Text Format,Location of First Harmful Event,Location of First Harmful Event Text Format,Weather Condition,Weather Condition Text Format,Weather 2,Weather 2 Text Format,Light Condition,Light Condition Text Format,Road Surface Condition,Road Surface Condition Text Format,"Contributing Circumstances, Environment","Contributing Circumstances, Environment Text Format",Environment 2,Environment 2 Text Format,Environment 3,Environment 3 Text Format,"Contributing Circumstances, Road","Contributing Circumstances, Road Text Format",Road 2,Road 2 Text Format,Road 3,Road 3 Text Format,Crash Specific Location,Crash Specific Location Text Format,Type of Intersection,Type of Intersection Text Format,School Bus Related,School Bus Related Text Format,Work Zone Related,Work Zone Related Text Format,Location Of Crash Relative To Work Zone,Location Of Crash Relative To Work Zone Text Format,Type of Work Zone,Type of Work Zone Text Format,Worker Presence,Worker Presence Text Format,Law Enforcement Presence,Law Enforcement Presence Text Format,Were Vehicles Moved Prior To Police Arrival,Trafficway Ownership,Trafficway Ownership Text Format,Trafficway Class,Trafficway Class Text Format,Police Agency,Police Agency Text Format,Badge Number,Approval Date,Police Case Status,Police Case Status Text Format,Crash Report Submission Date,Related Case Identifiers,No. of Through Lanes (Log Dir.),Average Daily Traffic,Functional Classification,Functional Classification Text Format,Rural or Urban,Rural or Urban Text Format
1099374,1,Complete,1099374,1099374,41.33448145,-72.95223884,3591581,New Haven,93,93,New Haven,10/28/2023,2023,10,October,28,7,Saturday,13:40:00,13,23043735,A,2,,Motor Vehicle In Motion,"Injury of any type (Serious, Minor, Possible)",C,Possible Injury (C),0,0,4,Local,0.19,671,WINTERGREEN AV,WINTERGREEN AV,,FARNHAM AVE,630,Feet,N,41.33448145,-72.95223884,14,Motor Vehicle in Operation,4,"Sideswipe, same direction",1,On Roadway,1,Clear,88,Not Applicable,1,Daylight,1,Dry,0,None,88,Not Applicable,88,Not Applicable,0,None,88,Not Applicable,88,Not Applicable,1,Non-Junction,1,Not at Intersection,1,No,1,No,88,Not Applicable,88,Not Applicable,88,Not Applicable,88,Not Applicable,FALSE,1,Public Road,1,"Trafficway, On Road",CT0009300,New Haven PD,40799,47:13.0,C,Closed,01:50.0,,,,,,,
1099376,1,Complete,1099376,1099376,41.301137,-72.892394,3591583,New Haven,93,93,New Haven,10/29/2023,2023,10,October,29,1,Sunday,9:18:00,9,23043821,A,2,,Motor Vehicle In Motion,"Injury of any type (Serious, Minor, Possible)",C,Possible Injury (C),0,0,4,Local,0.18,795,EAST FERRY ST,EAST FERRY ST,,FAIRMONT AVE,95,Feet,E,41.301137,-72.892394,14,Motor Vehicle in Operation,1,Front to rear,1,On Roadway,4,Rain,88,Not Applicable,1,Daylight,2,Wet,1,Weather Conditions,88,Not Applicable,88,Not Applicable,5,"Road Surface Condition (wet, icy, snow, slush, etc.)",88,Not Applicable,88,Not Applicable,3,Intersection-Related,2,Four-Way Intersection,1,No,1,No,88,Not Applicable,88,Not Applicable,88,Not Applicable,88,Not Applicable,FALSE,1,Public Road,1,"Trafficway, On Road",CT0009300,New Haven PD,316,11:06.0,C,Closed,01:44.0,,,,,,,
1099377,1,Complete,1099377,1099377,41.29742,-72.94945,3591584,New Haven,93,93,New Haven,10/29/2023,2023,10,October,29,1,Sunday,1:18:00,1,23043826,A,2,,Motor Vehicle In Motion,"Injury of any type (Serious, Minor, Possible)",C,Possible Injury (C),0,0,2,USRoute,46.61,1,1-N,1-N,,10-N,150,Feet,W,41.29742,-72.94945,14,Motor Vehicle in Operation,4,"Sideswipe, same direction",1,On Roadway,1,Clear,88,Not Applicable,4,Dark-Lighted,1,Dry,99,Unknown,88,Not Applicable,88,Not Applicable,0,None,88,Not Applicable,88,Not Applicable,9,Driveway Access-Related,1,Not at Intersection,1,No,1,No,88,Not Applicable,88,Not Applicable,88,Not Applicable,88,Not Applicable,FALSE,1,Public Road,1,"Trafficway, On Road",CT0009300,New Haven PD,45389,34:26.0,C,Closed,01:47.0,,2,20700,3,PRINCIPAL ARTERIAL - OTHER - NEW HPMS,2,Urban
1099379,1,Complete,1099379,1099379,41.31972436,-72.89832152,3591586,New Haven,93,93,New Haven,10/29/2023,2023,10,October,29,1,Sunday,16:58:00,16,23043861,A,2,,Motor Vehicle In Motion,"Injury of any type (Serious, Minor, Possible)",C,Possible Injury (C),0,0,2,USRoute,0.4,5,5-N,5-N,,GRACE STREET,160,Feet,S,41.31972436,-72.89832152,14,Motor Vehicle in Operation,2,Front to front,1,On Roadway,4,Rain,88,Not Applicable,1,Daylight,2,Wet,0,None,88,Not Applicable,88,Not Applicable,0,None,88,Not Applicable,88,Not Applicable,1,Non-Junction,1,Not at Intersection,1,No,1,No,88,Not Applicable,88,Not Applicable,88,Not Applicable,88,Not Applicable,TRUE,1,Public Road,1,"Trafficway, On Road",CT0009300,New Haven PD,42052,39:35.0,C,Closed,01:41.0,,1,19500,4,MINOR ARTERIAL - NEW HPMS,1,Rural
1099381,1,Complete,1099381,1099381,41.32202335,-72.96021574,3591588,New Haven,93,93,New Haven,10/30/2023,2023,10,October,30,2,Monday,2:34:00,2,23043911,A,1,,Other Non-Fixed Object,"Injury of any type (Serious, Minor, Possible)",C,Possible Injury (C),0,0,4,Local,0.48,650,WEST ROCK AV NO 1,WEST ROCK AV NO 1,,W ELM ST,230,Feet,N,41.32202335,-72.96021574,18,Other Non-Fixed Object,88,Not Applicable,4,Roadside,4,Rain,88,Not Applicable,5,Dark-Not Lighted,2,Wet,0,None,88,Not Applicable,88,Not Applicable,0,None,88,Not Applicable,88,Not Applicable,1,Non-Junction,1,Not at Intersection,1,No,1,No,88,Not Applicable,88,Not Applicable,88,Not Applicable,88,Not Applicable,FALSE,1,Public Road,1,"Trafficway, On Road",CT0009300,New Haven PD,42053,18:26.0,C,Closed,01:40.0,,2,3062,7,LOCAL - NEW HPMS,2,Urban
1099386,1,Complete,1099386,1099386,41.298317,-72.926508,3591593,New Haven,93,93,New Haven,10/30/2023,2023,10,October,30,2,Monday,15:27:00,15,23043989,A,3,,Motor Vehicle In Motion,"Injury of any type (Serious, Minor, Possible)",C,Possible Injury (C),0,0,2,USRoute,48.02,1,1-N,1-N,,COLUMBUS AVE,250,Feet,E,41.298317,-72.926508,14,Motor Vehicle in Operation,4,"Sideswipe, same direction",1,On Roadway,1,Clear,88,Not Applicable,1,Daylight,1,Dry,0,None,88,Not Applicable,88,Not Applicable,0,None,88,Not Applicable,88,Not Applicable,1,Non-Junction,1,Not at Intersection,1,No,1,No,88,Not Applicable,88,Not Applicable,88,Not Applicable,88,Not Applicable,TRUE,1,Public Road,1,"Trafficway, On Road",CT0009300,New Haven PD,476,35:23.0,C,Closed,01:51.0,,2,9500,3,PRINCIPAL ARTERIAL - OTHER - NEW HPMS,2,Urban
1099388,1,Complete,1099388,1099388,41.30832935,-72.92445803,3591595,New Haven,93,93,New Haven,10/30/2023,2023,10,October,30,2,Monday,7:20:00,7,23043992,A,2,,Motor Vehicle In Motion,"Injury of any type (Serious, Minor, Possible)",C,Possible Injury (C),0,0,4,Local,0.54,726,ELM ST NO 2,ELM ST NO 2,,CHURCH ST,50,Feet,W,41.30832935,-72.92445803,14,Motor Vehicle in Operation,1,Front to rear,1,On Roadway,4,Rain,88,Not Applicable,1,Daylight,2,Wet,0,None,88,Not Applicable,88,Not Applicable,0,None,88,Not Applicable,88,Not Applicable,3,Intersection-Related,2,Four-Way Intersection,1,No,1,No,88,Not Applicable,88,Not Applicable,88,Not Applicable,88,Not Applicable,TRUE,1,Public Road,1,"Trafficway, On Road",CT0009300,New Haven PD,221,19:46.0,C,Closed,01:52.0,,,,,,,
1099389,1,Complete,1099389,1099389,41.31207504,-72.89620262,3591596,New Haven,93,93,New Haven,10/30/2023,2023,10,October,30,2,Monday,19:08:00,19,23044055,A,2,,Motor Vehicle In Motion,"Injury of any type (Serious, Minor, Possible)",C,Possible Injury (C),0,0,4,Local,0.54,213,FERRY ST,FERRY ST,,PINE ST,60,Feet,S,41.31207504,-72.89620262,14,Motor Vehicle in Operation,1,Front to rear,1,On Roadway,4,Rain,88,Not Applicable,4,Dark-Lighted,2,Wet,0,None,88,Not Applicable,88,Not Applicable,0,None,88,Not Applicable,88,Not Applicable,2,Intersection,2,Four-Way Intersection,1,No,1,No,88,Not Applicable,88,Not Applicable,88,Not Applicable,88,Not Applicable,FALSE,1,Public Road,1,"Trafficway, On Road",CT0009300,New Haven PD,42057,49:50.0,C,Closed,01:53.0,,,,,,,
1099390,1,Complete,1099390,1099390,41.30449363,-72.92315644,3591597,New Haven,93,93,New Haven,10/29/2023,2023,10,October,29,1,Sunday,16:00:00,16,23044079,A,1,,Pedestrian,"Injury of any type (Serious, Minor, Possible)",C,Possible Injury (C),1,0,4,Local,1.37,575,STATE ST,STATE ST,,CHAPEL ST,150,Feet,S,41.30449363,-72.92315644,9,Pedestrian,88,Not Applicable,4,Roadside,4,Rain,88,Not Applicable,1,Daylight,2,Wet,0,None,88,Not Applicable,88,Not Applicable,0,None,88,Not Applicable,88,Not Applicable,8,Driveway Access,1,Not at Intersection,1,No,1,No,88,Not Applicable,88,Not Applicable,88,Not Applicable,88,Not Applicable,TRUE,1,Public Road,2,"Trafficway, Not on Road",CT0009300,New Haven PD,40952,39:29.0,O,Open,01:52.0,,4,10200,3,PRINCIPAL ARTERIAL - OTHER - NEW HPMS,2,Urban
1099728,1,Complete,1099728,1099728,41.3177131,-72.9375696,3591935,New Haven,93,93,New Haven,10/27/2023,2023,10,October,27,6,Friday,6:29:00,6,23043534,A,2,,Motor Vehicle In Motion,"Injury of any type (Serious, Minor, Possible)",C,Possible Injury (C),0,0,4,Local,0.28,257,GOFFE ST,GOFFE ST,,ORCHARD ST,60,Feet,E,41.3177131,-72.9375696,14,Motor Vehicle in Operation,1,Front to rear,1,On Roadway,1,Clear,1,Clear,5,Dark-Not Lighted,1,Dry,97,Other,88,Not Applicable,88,Not Applicable,99,Unknown,88,Not Applicable,88,Not Applicable,2,Intersection,2,Four-Way Intersection,1,No,1,No,88,Not Applicable,88,Not Applicable,88,Not Applicable,88,Not Applicable,FALSE,1,Public Road,1,"Trafficway, On Road",CT0009300,New Haven PD,43690,29:44.0,C,Closed,00:58.0,,,,,,,
1099732,1,Complete,1099732,1099732,41.299288,-72.942388,3591939,New Haven,93,93,New Haven,10/30/2023,2023,10,October,30,2,Monday,19:37:00,19,23044067,A,1,,Pedestrian,"Injury of any type (Serious, Minor, Possible)",B,Suspected Minor Injury (B),1,1,4,Local,0.31,123,CONGRESS AV,CONGRESS AV,,West St ,20,Feet,E,41.299288,-72.942388,9,Pedestrian,88,Not Applicable,1,On Roadway,1,Clear,88,Not Applicable,4,Dark-Lighted,1,Dry,0,None,88,Not Applicable,88,Not Applicable,0,None,88,Not Applicable,88,Not Applicable,3,Intersection-Related,2,Four-Way Intersection,1,No,1,No,88,Not Applicable,88,Not Applicable,88,Not Applicable,88,Not Applicable,FALSE,1,Public Road,1,"Trafficway, On Road",CT0009300,New Haven PD,44953,54:34.0,C,Closed,01:04.0,,2,5800,4,MINOR ARTERIAL - NEW HPMS,2,Urban
1099738,1,Complete,1099738,1099738,41.304194,-72.89643,3591945,New Haven,93,93,New Haven,10/31/2023,2023,10,October,31,3,Tuesday,11:09:00,11,23044148,A,2,,Motor Vehicle In Motion,"Injury of any type (Serious, Minor, Possible)",B,Suspected Minor Injury (B),0,0,4,Local,0.21,97,CHAPEL ST,CHAPEL ST,POPLAR ST,,,,,41.304194,-72.89643,14,Motor Vehicle in Operation,3,Angle,1,On Roadway,1,Clear,88,Not Applicable,1,Daylight,1,Dry,0,None,88,Not Applicable,88,Not Applicable,0,None,88,Not Applicable,88,Not Applicable,2,Intersection,2,Four-Way Intersection,1,No,1,No,88,Not Applicable,88,Not Applicable,88,Not Applicable,88,Not Applicable,FALSE,1,Public Road,1,"Trafficway, On Road",CT0009300,New Haven PD,45394,21:12.0,C,Closed,01:01.0,,,,,,,
1100069,1,Complete,1100069,1100069,41.31491,-72.910956,3592276,New Haven,93,93,New Haven,7/14/2023,2023,7,July,14,6,Friday,11:35:00,11,23028277,A,1,,Pedestrian,"Injury of any type (Serious, Minor, Possible)",A,Suspected Serious Injury (A),1,1,4,Local,0.39,575,STATE ST,STATE ST,BISHOP ST,,,,,41.31491,-72.910956,9,Pedestrian,88,Not Applicable,1,On Roadway,4,Rain,88,Not Applicable,1,Daylight,2,Wet,0,None,88,Not Applicable,88,Not Applicable,0,None,88,Not Applicable,88,Not Applicable,2,Intersection,3,T-Intersection,1,No,1,No,88,Not Applicable,88,Not Applicable,88,Not Applicable,88,Not Applicable,TRUE,1,Public Road,1,"Trafficway, On Road",CT0009300,New Haven PD,65,29:47.0,C,Closed,01:54.0,,2,10200,4,MINOR ARTERIAL - NEW HPMS,2,Urban
1100075,1,Complete,1100075,1100075,41.325713,-72.958453,3592282,New Haven,93,93,New Haven,10/31/2023,2023,10,October,31,3,Tuesday,14:30:00,14,23044174,A,2,,Motor Vehicle In Motion,"Injury of any type (Serious, Minor, Possible)",C,Possible Injury (C),0,0,3,State,0.1,63,63-N,63-N,WEST ROCK AV NO 1,,,,,41.325713,-72.958453,14,Motor Vehicle in Operation,4,"Sideswipe, same direction",1,On Roadway,1,Clear,88,Not Applicable,1,Daylight,1,Dry,0,None,88,Not Applicable,88,Not Applicable,0,None,88,Not Applicable,88,Not Applicable,2,Intersection,2,Four-Way Intersection,1,No,1,No,88,Not Applicable,88,Not Applicable,88,Not Applicable,88,Not Applicable,TRUE,1,Public Road,1,"Trafficway, On Road",CT0009300,New Haven PD,66,55:33.0,C,Closed,01:58.0,,2,23200,3,PRINCIPAL ARTERIAL - OTHER - NEW HPMS,3,Unknown
1100076,1,Complete,1100076,1100076,41.30885,-72.945593,3592283,New Haven,93,93,New Haven,10/31/2023,2023,10,October,31,3,Tuesday,15:58:00,15,23044186,A,3,,Motor Vehicle In Motion,"Injury of any type (Serious, Minor, Possible)",C,Possible Injury (C),0,0,4,Local,0.21,556,SHERMAN AV,SHERMAN AV,GILBERT AV,,,,,41.30885,-72.945593,14,Motor Vehicle in Operation,3,Angle,1,On Roadway,1,Clear,88,Not Applicable,1,Daylight,1,Dry,0,None,88,Not Applicable,88,Not Applicable,0,None,88,Not Applicable,88,Not Applicable,2,Intersection,2,Four-Way Intersection,1,No,1,No,88,Not Applicable,88,Not Applicable,88,Not Applicable,88,Not Applicable,FALSE,1,Public Road,1,"Trafficway, On Road",CT0009300,New Haven PD,42046,33:25.0,C,Closed,02:03.0,,,,,,,
1100337,1,Complete,1100337,1100337,41.308234,-72.924169,3592544,New Haven,93,93,New Haven,10/28/2023,2023,10,October,28,7,Saturday,12:33:00,12,23043714,A,2,,Motor Vehicle In Motion,"Injury of any type (Serious, Minor, Possible)",C,Possible Injury (C),0,0,4,Local,0.55,726,ELM ST NO 2,ELM ST NO 2,CHURCH ST,,,,,41.308234,-72.924169,14,Motor Vehicle in Operation,3,Angle,1,On Roadway,1,Clear,88,Not Applicable,1,Daylight,1,Dry,0,None,88,Not Applicable,88,Not Applicable,0,None,88,Not Applicable,88,Not Applicable,2,Intersection,2,Four-Way Intersection,1,No,1,No,88,Not Applicable,88,Not Applicable,88,Not Applicable,88,Not Applicable,FALSE,1,Public Road,1,"Trafficway, On Road",CT0009300,New Haven PD,279,04:29.0,C,Closed,01:04.0,,,,,,,
1100341,1,Complete,1100341,1100341,41.33117998,-72.92780054,3592548,New Haven,93,93,New Haven,10/31/2023,2023,10,October,31,3,Tuesday,8:41:00,8,23044109,A,2,,Motor Vehicle In Motion,"Injury of any type (Serious, Minor, Possible)",C,Possible Injury (C),0,0,4,Local,0.25,434,NEWHALL ST,NEWHALL ST,,BASSETT ST,70,Feet,N,41.33117998,-72.92780054,14,Motor Vehicle in Operation,4,"Sideswipe, same direction",1,On Roadway,2,Cloudy,88,Not Applicable,1,Daylight,2,Wet,0,None,88,Not Applicable,88,Not Applicable,0,None,88,Not Applicable,88,Not Applicable,3,Intersection-Related,2,Four-Way Intersection,1,No,1,No,88,Not Applicable,88,Not Applicable,88,Not Applicable,88,Not Applicable,FALSE,1,Public Road,1,"Trafficway, On Road",CT0009300,New Haven PD,65,57:46.0,C,Closed,00:51.0,,,,,,,
1100342,1,Complete,1100342,1100342,41.32384824,-72.96093953,3592549,New Haven,93,93,New Haven,10/31/2023,2023,10,October,31,3,Tuesday,16:06:00,16,23044181,A,1,,Pedalcycle/Pedalcyclist,"Injury of any type (Serious, Minor, Possible)",C,Possible Injury (C),1,0,4,Local,0.21,93,CENTRAL AV,CENTRAL AV,WILLARD ST,,,,,41.32384824,-72.96093953,10,Pedalcycle/Pedalcyclist,3,Angle,1,On Roadway,1,Clear,88,Not Applicable,1,Daylight,1,Dry,0,None,88,Not Applicable,88,Not Applicable,0,None,88,Not Applicable,88,Not Applicable,2,Intersection,2,Four-Way Intersection,1,No,1,No,88,Not Applicable,88,Not Applicable,88,Not Applicable,88,Not Applicable,TRUE,1,Public Road,1,"Trafficway, On Road",CT0009300,New Haven PD,170,16:30.0,C,Closed,00:51.0,,,,,,,
1100343,1,Complete,1100343,1100343,41.31551505,-72.9508376,3592550,New Haven,93,93,New Haven,10/31/2023,2023,10,October,31,3,Tuesday,19:36:00,19,23044210,A,2,,Motor Vehicle In Motion,"Injury of any type (Serious, Minor, Possible)",C,Possible Injury (C),0,0,3,State,2.78,10,10-N,10-N,,EDGEWOOD AVE,100,Feet,N,41.31551505,-72.9508376,14,Motor Vehicle in Operation,3,Angle,1,On Roadway,1,Clear,88,Not Applicable,4,Dark-Lighted,1,Dry,0,None,88,Not Applicable,88,Not Applicable,0,None,88,Not Applicable,88,Not Applicable,3,Intersection-Related,2,Four-Way Intersection,1,No,1,No,88,Not Applicable,88,Not Applicable,88,Not Applicable,88,Not Applicable,FALSE,1,Public Road,1,"Trafficway, On Road",CT0009300,New Haven PD,11439,50:54.0,C,Closed,00:50.0,,1,10200,3,PRINCIPAL ARTERIAL - OTHER - NEW HPMS,1,Rural
1100346,1,Complete,1100346,1100346,41.309512,-72.930849,3592553,New Haven,93,93,New Haven,11/1/2023,2023,11,November,1,4,Wednesday,11:50:00,11,23044313,A,2,,Motor Vehicle In Motion,"Injury of any type (Serious, Minor, Possible)",B,Suspected Minor Injury (B),0,3,4,Local,0.53,766,YORK ST,YORK ST,,ELM ST,500,Feet,S,41.309512,-72.930849,14,Motor Vehicle in Operation,4,"Sideswipe, same direction",1,On Roadway,2,Cloudy,88,Not Applicable,1,Daylight,2,Wet,0,None,88,Not Applicable,88,Not Applicable,0,None,88,Not Applicable,88,Not Applicable,1,Non-Junction,1,Not at Intersection,1,No,1,No,88,Not Applicable,88,Not Applicable,88,Not Applicable,88,Not Applicable,TRUE,1,Public Road,1,"Trafficway, On Road",CT0009300,New Haven PD,45630,08:42.0,C,Closed,00:58.0,,,,,,,
1100348,1,Complete,1100348,1100348,41.3176184,-72.94982255,3592555,New Haven,93,93,New Haven,11/1/2023,2023,11,November,1,4,Wednesday,14:50:00,14,23044344,A,2,,Motor Vehicle In Motion,"Injury of any type (Serious, Minor, Possible)",C,Possible Injury (C),0,0,3,State,2.74,10,10-N,10-N,ELM ST NO 1,,,,,41.3176184,-72.94982255,14,Motor Vehicle in Operation,3,Angle,1,On Roadway,1,Clear,88,Not Applicable,1,Daylight,1,Dry,0,None,88,Not Applicable,88,Not Applicable,0,None,88,Not Applicable,88,Not Applicable,2,Intersection,2,Four-Way Intersection,1,No,1,No,88,Not Applicable,88,Not Applicable,88,Not Applicable,88,Not Applicable,FALSE,1,Public Road,1,"Trafficway, On Road",CT0009300,New Haven PD,9,25:41.0,C,Closed,00:49.0,,1,16900,3,PRINCIPAL ARTERIAL - OTHER - NEW HPMS,1,Rural
1100349,1,Complete,1100349,1100349,41.298435,-72.930707,3592556,New Haven,93,93,New Haven,11/1/2023,2023,11,November,1,4,Wednesday,16:02:00,16,23044345,A,2,,Motor Vehicle In Motion,"Injury of any type (Serious, Minor, Possible)",B,Suspected Minor Injury (B),0,0,2,USRoute,47.59,1,1-N,1-N,LIBERTY ST NO 1,,,,,41.298435,-72.930707,14,Motor Vehicle in Operation,2,Front to front,1,On Roadway,1,Clear,88,Not Applicable,1,Daylight,1,Dry,0,None,88,Not Applicable,88,Not Applicable,0,None,88,Not Applicable,88,Not Applicable,3,Intersection-Related,3,T-Intersection,1,No,1,No,88,Not Applicable,88,Not Applicable,88,Not Applicable,88,Not Applicable,FALSE,1,Public Road,1,"Trafficway, On Road",CT0009300,New Haven PD,158,50:26.0,C,Closed,00:48.0,,1,8400,3,PRINCIPAL ARTERIAL - OTHER - NEW HPMS,1,Rural
1100354,1,Complete,1100354,1100354,41.32952075,-72.9736512,3592561,New Haven,93,93,New Haven,11/2/2023,2023,11,November,2,5,Thursday,9:05:00,9,23044438,A,1,,Pedestrian,"Injury of any type (Serious, Minor, Possible)",C,Possible Injury (C),1,1,4,Local,0.14,142,DAVIS ST,DAVIS ST,,FAIRFIELD ST,30,Feet,N,41.32952075,-72.9736512,9,Pedestrian,88,Not Applicable,1,On Roadway,1,Clear,88,Not Applicable,1,Daylight,1,Dry,0,None,88,Not Applicable,88,Not Applicable,0,None,88,Not Applicable,88,Not Applicable,3,Intersection-Related,2,Four-Way Intersection,1,No,1,No,88,Not Applicable,88,Not Applicable,88,Not Applicable,88,Not Applicable,FALSE,1,Public Road,1,"Trafficway, On Road",CT0009300,New Haven PD,9,36:36.0,C,Closed,00:57.0,,1,1982,7,LOCAL - NEW HPMS,2,Urban
1100362,1,Complete,1100362,1100362,41.30729,-72.92871,3592569,New Haven,93,93,New Haven,11/2/2023,2023,11,November,2,5,Thursday,19:02:00,19,23044562,A,2,,Motor Vehicle In Motion,"Injury of any type (Serious, Minor, Possible)",C,Possible Injury (C),0,0,4,Local,0.34,117,COLLEGE ST,COLLEGE ST,CHAPEL ST,,,,,41.30729,-72.92871,14,Motor Vehicle in Operation,4,"Sideswipe, same direction",1,On Roadway,1,Clear,88,Not Applicable,4,Dark-Lighted,1,Dry,0,None,88,Not Applicable,88,Not Applicable,0,None,88,Not Applicable,88,Not Applicable,2,Intersection,2,Four-Way Intersection,1,No,1,No,88,Not Applicable,88,Not Applicable,88,Not Applicable,88,Not Applicable,FALSE,1,Public Road,1,"Trafficway, On Road",CT0009300,New Haven PD,44045,13:40.0,C,Closed,01:01.0,,,,,,,
1107327,1,Complete,1107327,1107327,41.30881898,-72.89521222,3599529,New Haven,93,93,New Haven,12/24/2022,2022,12,December,24,7,Saturday,15:41:00,15,22043468,A,2,,Parked Vehicle,"Injury of any type (Serious, Minor, Possible)",C,Possible Injury (C),0,0,,,,,,325 FERRY ST,,GRAND AVE,150,Feet,S,41.30881898,-72.89521222,14,Motor Vehicle in Operation,3,Angle,97,Other,1,Clear,88,Not Applicable,4,Dark-Lighted,1,Dry,99,Unknown,88,Not Applicable,88,Not Applicable,99,Unknown,88,Not Applicable,88,Not Applicable,1,Non-Junction,1,Not at Intersection,1,No,1,No,88,Not Applicable,88,Not Applicable,88,Not Applicable,88,Not Applicable,FALSE,88,Not Applicable,4,Parking Lot,CT0009300,New Haven PD,36335,36:19.0,C,Closed,39:43.0,,,,,,,
1107328,1,Complete,1107328,1107328,41.3206,-72.93435,3599530,New Haven,93,93,New Haven,6/17/2023,2023,6,June,17,7,Saturday,13:25:00,13,23024417,A,3,,Motor Vehicle In Motion,"Injury of any type (Serious, Minor, Possible)",C,Possible Injury (C),0,0,4,Local,0.54,152,DIXWELL AV,DIXWELL AV,,HENRY ST,80,Feet,S,41.3206,-72.93435,14,Motor Vehicle in Operation,4,"Sideswipe, same direction",1,On Roadway,1,Clear,88,Not Applicable,1,Daylight,1,Dry,0,None,88,Not Applicable,88,Not Applicable,0,None,88,Not Applicable,88,Not Applicable,1,Non-Junction,1,Not at Intersection,1,No,1,No,88,Not Applicable,88,Not Applicable,88,Not Applicable,88,Not Applicable,FALSE,1,Public Road,1,"Trafficway, On Road",CT0009300,New Haven PD,42367,16:01.0,C,Closed,38:43.0,,,,,,,
1107333,1,Complete,1107333,1107333,41.297557,-72.927236,3599535,New Haven,93,93,New Haven,8/27/2023,2023,8,August,27,1,Sunday,2:30:00,2,23034881,A,2,,Parked Vehicle,"Injury of any type (Serious, Minor, Possible)",C,Possible Injury (C),0,1,2,USRoute,47.95,1,1-N,1-N,,CHURCH ST EXT,550,Feet,N,41.297557,-72.927236,15,Parked Motor Vehicle,3,Angle,1,On Roadway,1,Clear,88,Not Applicable,4,Dark-Lighted,1,Dry,0,None,88,Not Applicable,88,Not Applicable,0,None,88,Not Applicable,88,Not Applicable,1,Non-Junction,1,Not at Intersection,1,No,1,No,88,Not Applicable,88,Not Applicable,88,Not Applicable,88,Not Applicable,FALSE,1,Public Road,1,"Trafficway, On Road",CT0009300,New Haven PD,798,51:30.0,C,Closed,40:30.0,,2,9500,3,PRINCIPAL ARTERIAL - OTHER - NEW HPMS,2,Urban
1107334,1,Complete,1107334,1107334,41.31438,-72.9126,3599536,New Haven,93,93,New Haven,9/12/2023,2023,9,September,12,3,Tuesday,9:00:00,9,23037173,A,3,,Motor Vehicle In Motion,"Injury of any type (Serious, Minor, Possible)",C,Possible Injury (C),0,0,4,Local,0.44,316,HUMPHREY ST,HUMPHREY ST,,STATE ST,164,Feet,W,41.31438,-72.9126,14,Motor Vehicle in Operation,1,Front to rear,1,On Roadway,1,Clear,88,Not Applicable,1,Daylight,1,Dry,0,None,88,Not Applicable,88,Not Applicable,0,None,88,Not Applicable,88,Not Applicable,1,Non-Junction,1,Not at Intersection,1,No,1,No,88,Not Applicable,88,Not Applicable,88,Not Applicable,88,Not Applicable,FALSE,1,Public Road,1,"Trafficway, On Road",CT0009300,New Haven PD,32,24:27.0,C,Closed,40:46.0,,,,,,,
1107337,1,Complete,1107337,1107337,41.308718,-72.936027,3599539,New Haven,93,93,New Haven,11/4/2023,2023,11,November,4,7,Saturday,3:28:00,3,23037772,A,1,,Utility Pole,"Injury of any type (Serious, Minor, Possible)",A,Suspected Serious Injury (A),0,0,4,Local,0.19,310,HOWE ST,HOWE ST,CROWN ST,,,,,41.308718,-72.936027,33,Utility Pole/Light Support,88,Not Applicable,1,On Roadway,1,Clear,88,Not Applicable,4,Dark-Lighted,1,Dry,0,None,88,Not Applicable,88,Not Applicable,0,None,88,Not Applicable,88,Not Applicable,2,Intersection,3,T-Intersection,1,No,1,No,88,Not Applicable,88,Not Applicable,88,Not Applicable,88,Not Applicable,FALSE,1,Public Road,1,"Trafficway, On Road",CT0009300,New Haven PD,45132,18:24.0,C,Closed,39:16.0,,2,6100,4,MINOR ARTERIAL - NEW HPMS,2,Urban