CrashId,Fatal Case Status,Fatal Case Status Text Format,CrashId,CrashId,Latitude,Longitude,DOT Case Number,Town Name,Town Number,Town Number,Town Number Text Format,Date Of Crash,Year,Month,Month Text Format,Day,Day of the Week,Day of the Week Text Format,Time of Crash,Hour of the Day,Case Identifier,Crash Severity,Number Of Motor Vehicles,Motor vehicle action,Most harmful event,Crash Severity Text Format,Most Severe Injury,Most Severe Injury Text Format,Number Of Non-Motorist,Number Of Witnesses,Route Class,Route Class Text Format,Milemarker,Road Number,Road Description,Roadway Name,Intersecting Roadway Name,Landmark Description,Distance From Nearest Landmark,Unit Of Measure From Nearest Landmark,Direction From Nearest Landmark,Latitude,Longitude,First Harmful Event,First Harmful Event Text Format,Manner of Crash / Collision Impact,Manner of Crash / Collision Impact Text Format,Location of First Harmful Event,Location of First Harmful Event Text Format,Weather Condition,Weather Condition Text Format,Weather 2,Weather 2 Text Format,Light Condition,Light Condition Text Format,Road Surface Condition,Road Surface Condition Text Format,"Contributing Circumstances, Environment","Contributing Circumstances, Environment Text Format",Environment 2,Environment 2 Text Format,Environment 3,Environment 3 Text Format,"Contributing Circumstances, Road","Contributing Circumstances, Road Text Format",Road 2,Road 2 Text Format,Road 3,Road 3 Text Format,Crash Specific Location,Crash Specific Location Text Format,Type of Intersection,Type of Intersection Text Format,School Bus Related,School Bus Related Text Format,Work Zone Related,Work Zone Related Text Format,Location Of Crash Relative To Work Zone,Location Of Crash Relative To Work Zone Text Format,Type of Work Zone,Type of Work Zone Text Format,Worker Presence,Worker Presence Text Format,Law Enforcement Presence,Law Enforcement Presence Text Format,Were Vehicles Moved Prior To Police Arrival,Trafficway Ownership,Trafficway Ownership Text Format,Trafficway Class,Trafficway Class Text Format,Police Agency,Police Agency Text Format,Badge Number,Approval Date,Police Case Status,Police Case Status Text Format,Crash Report Submission Date,Related Case Identifiers,No. of Through Lanes (Log Dir.),Average Daily Traffic,Functional Classification,Functional Classification Text Format,Rural or Urban,Rural or Urban Text Format
1107351,1,Complete,1107351,1107351,41.31786,-72.89429,3599553,New Haven,93,93,New Haven,10/15/2023,2023,10,October,15,1,Sunday,21:00:00,21,23041894,A,2,,Motor Vehicle In Motion,"Injury of any type (Serious, Minor, Possible)",C,Possible Injury (C),0,0,4,Local,0.04,29,ATWATER ST,ATWATER ST,DOVER ST,,,,,41.31786,-72.89429,14,Motor Vehicle in Operation,3,Angle,1,On Roadway,1,Clear,88,Not Applicable,4,Dark-Lighted,1,Dry,99,Unknown,88,Not Applicable,88,Not Applicable,99,Unknown,88,Not Applicable,88,Not Applicable,2,Intersection,2,Four-Way Intersection,1,No,1,No,88,Not Applicable,88,Not Applicable,88,Not Applicable,88,Not Applicable,FALSE,1,Public Road,1,"Trafficway, On Road",CT0009300,New Haven PD,36335,07:46.0,C,Closed,39:00.0,,,,,,,
1107374,1,Complete,1107374,1107374,41.294678,-72.929918,3599576,New Haven,93,93,New Haven,11/2/2023,2023,11,November,2,5,Thursday,9:33:00,9,23043563,A,2,,Motor Vehicle In Motion,"Injury of any type (Serious, Minor, Possible)",B,Suspected Minor Injury (B),0,0,4,Local,0.5,571,SPRING ST,SPRING ST,LIBERTY ST,,,,,41.294678,-72.929918,14,Motor Vehicle in Operation,3,Angle,1,On Roadway,1,Clear,88,Not Applicable,1,Daylight,1,Dry,0,None,88,Not Applicable,88,Not Applicable,0,None,88,Not Applicable,88,Not Applicable,2,Intersection,3,T-Intersection,1,No,1,No,88,Not Applicable,88,Not Applicable,88,Not Applicable,88,Not Applicable,FALSE,1,Public Road,1,"Trafficway, On Road",CT0009300,New Haven PD,45392,59:27.0,C,Closed,39:55.0,NONE,,,,,,
1107376,1,Complete,1107376,1107376,41.304175,-72.930788,3599578,New Haven,93,93,New Haven,10/28/2023,2023,10,October,28,7,Saturday,21:21:00,21,23043775,A,2,,Motor Vehicle In Motion,"Injury of any type (Serious, Minor, Possible)",C,Possible Injury (C),0,0,4,Local,0.36,809,REV DR MLK JR BLVD,REV DR MLK JR BLVD,COLLEGE ST,,,,,41.304175,-72.930788,14,Motor Vehicle in Operation,1,Front to rear,1,On Roadway,1,Clear,88,Not Applicable,4,Dark-Lighted,1,Dry,99,Unknown,88,Not Applicable,88,Not Applicable,0,None,88,Not Applicable,88,Not Applicable,2,Intersection,2,Four-Way Intersection,1,No,1,No,88,Not Applicable,88,Not Applicable,88,Not Applicable,88,Not Applicable,TRUE,1,Public Road,1,"Trafficway, On Road",CT0009300,New Haven PD,45402,14:11.0,C,Closed,39:19.0,,,,,,,
1107377,1,Complete,1107377,1107377,41.311887,-72.933152,3599579,New Haven,93,93,New Haven,10/30/2023,2023,10,October,30,2,Monday,4:01:00,4,23043809,A,3,,Motor Vehicle In Motion,"Injury of any type (Serious, Minor, Possible)",B,Suspected Minor Injury (B),0,0,4,Local,0.02,726,ELM ST NO 2,ELM ST NO 2,,HOWE STREET,80,Feet,E,41.311887,-72.933152,15,Parked Motor Vehicle,1,Front to rear,7,In Parking Lane or Zone,1,Clear,88,Not Applicable,4,Dark-Lighted,2,Wet,0,None,88,Not Applicable,88,Not Applicable,0,None,88,Not Applicable,88,Not Applicable,1,Non-Junction,1,Not at Intersection,1,No,1,No,88,Not Applicable,88,Not Applicable,88,Not Applicable,88,Not Applicable,FALSE,1,Public Road,1,"Trafficway, On Road",CT0009300,New Haven PD,44947,52:01.0,C,Closed,39:26.0,,,,,,,
1107383,1,Complete,1107383,1107383,41.28621,-72.93619,3599585,New Haven,93,93,New Haven,10/30/2023,2023,10,October,30,2,Monday,16:07:00,16,23043999,A,2,,Motor Vehicle In Motion,"Injury of any type (Serious, Minor, Possible)",C,Possible Injury (C),0,0,3,State,1.2,745,745-E,745-E,RT 10,,,,,41.28621,-72.93619,14,Motor Vehicle in Operation,1,Front to rear,1,On Roadway,1,Clear,88,Not Applicable,1,Daylight,1,Dry,0,None,88,Not Applicable,88,Not Applicable,0,None,88,Not Applicable,88,Not Applicable,2,Intersection,2,Four-Way Intersection,1,No,1,No,88,Not Applicable,88,Not Applicable,88,Not Applicable,88,Not Applicable,TRUE,1,Public Road,1,"Trafficway, On Road",CT0009300,New Haven PD,44953,59:30.0,C,Closed,39:51.0,,1,15200,4,MINOR ARTERIAL - NEW HPMS,1,Rural
1107387,1,Complete,1107387,1107387,41.317021,-72.902583,3599589,New Haven,93,93,New Haven,10/31/2023,2023,10,October,31,3,Tuesday,14:05:00,14,23044172,A,2,,Motor Vehicle In Motion,"Injury of any type (Serious, Minor, Possible)",C,Possible Injury (C),0,0,2,USRoute,0.1,5,5-N,5-N,,JAMESSTREET,553,Feet,E,41.317021,-72.902583,14,Motor Vehicle in Operation,4,"Sideswipe, same direction",1,On Roadway,1,Clear,88,Not Applicable,1,Daylight,1,Dry,0,None,88,Not Applicable,88,Not Applicable,0,None,88,Not Applicable,88,Not Applicable,1,Non-Junction,1,Not at Intersection,1,No,1,No,88,Not Applicable,88,Not Applicable,88,Not Applicable,88,Not Applicable,TRUE,1,Public Road,1,"Trafficway, On Road",CT0009300,New Haven PD,45393,30:00.0,C,Closed,40:24.0,,1,12900,4,MINOR ARTERIAL - NEW HPMS,1,Rural
1107398,1,Complete,1107398,1107398,41.286293,-72.936107,3599600,New Haven,93,93,New Haven,11/2/2023,2023,11,November,2,5,Thursday,14:00:00,14,23044481,A,3,,Motor Vehicle In Motion,"Injury of any type (Serious, Minor, Possible)",B,Suspected Minor Injury (B),0,0,3,State,0.28,10,10-N,10-N,745-E,,,,,41.286293,-72.936107,14,Motor Vehicle in Operation,3,Angle,1,On Roadway,1,Clear,88,Not Applicable,1,Daylight,1,Dry,0,None,88,Not Applicable,88,Not Applicable,0,None,88,Not Applicable,88,Not Applicable,2,Intersection,2,Four-Way Intersection,1,No,1,No,88,Not Applicable,88,Not Applicable,88,Not Applicable,88,Not Applicable,FALSE,1,Public Road,1,"Trafficway, On Road",CT0009300,New Haven PD,45392,29:36.0,C,Closed,39:53.0,NONE,2,18600,3,PRINCIPAL ARTERIAL - OTHER - NEW HPMS,2,Urban
1107415,1,Complete,1107415,1107415,41.308432,-72.924082,3599617,New Haven,93,93,New Haven,11/3/2023,2023,11,November,3,6,Friday,15:03:00,15,23044647,A,2,,Motor Vehicle In Motion,"Injury of any type (Serious, Minor, Possible)",C,Possible Injury (C),0,0,4,Local,0.36,103,CHURCH ST,CHURCH ST,,ELM ST,45,Feet,N,41.308432,-72.924082,14,Motor Vehicle in Operation,4,"Sideswipe, same direction",1,On Roadway,1,Clear,88,Not Applicable,1,Daylight,1,Dry,0,None,88,Not Applicable,88,Not Applicable,0,None,88,Not Applicable,88,Not Applicable,3,Intersection-Related,2,Four-Way Intersection,1,No,1,No,88,Not Applicable,88,Not Applicable,88,Not Applicable,88,Not Applicable,TRUE,1,Public Road,1,"Trafficway, On Road",CT0009300,New Haven PD,45627,15:32.0,C,Closed,39:09.0,,,,,,,
1107417,1,Complete,1107417,1107417,41.313925,-72.943572,3599619,New Haven,93,93,New Haven,11/3/2023,2023,11,November,3,6,Friday,16:00:00,16,23044656,A,3,,Motor Vehicle In Motion,"Injury of any type (Serious, Minor, Possible)",C,Possible Injury (C),0,0,4,Local,0.58,556,SHERMAN AV,SHERMAN AV,,MAPLE ST,100,Feet,S,41.313925,-72.943572,14,Motor Vehicle in Operation,1,Front to rear,1,On Roadway,1,Clear,88,Not Applicable,1,Daylight,1,Dry,0,None,88,Not Applicable,88,Not Applicable,0,None,88,Not Applicable,88,Not Applicable,1,Non-Junction,1,Not at Intersection,1,No,1,No,88,Not Applicable,88,Not Applicable,88,Not Applicable,88,Not Applicable,FALSE,1,Public Road,1,"Trafficway, On Road",CT0009300,New Haven PD,45403,28:02.0,C,Closed,38:57.0,,,,,,,
1107421,1,Complete,1107421,1107421,41.29090196,-72.9414195,3599623,New Haven,93,93,New Haven,11/3/2023,2023,11,November,3,6,Friday,17:00:00,17,23044685,A,3,,Motor Vehicle In Motion,"Injury of any type (Serious, Minor, Possible)",A,Suspected Serious Injury (A),0,0,3,State,0.88,10,10-N,10-N,WASHINGTON AV NO 1,,,,,41.29090196,-72.9414195,14,Motor Vehicle in Operation,3,Angle,1,On Roadway,1,Clear,88,Not Applicable,1,Daylight,1,Dry,0,None,88,Not Applicable,88,Not Applicable,11,"Traffic Control Device Inoperative, Missing, or Obscured",88,Not Applicable,88,Not Applicable,2,Intersection,2,Four-Way Intersection,1,No,1,No,88,Not Applicable,88,Not Applicable,88,Not Applicable,88,Not Applicable,FALSE,1,Public Road,1,"Trafficway, On Road",CT0009300,New Haven PD,45392,30:28.0,C,Closed,39:54.0,NONE,2,18000,3,PRINCIPAL ARTERIAL - OTHER - NEW HPMS,2,Urban
1107440,1,Complete,1107440,1107440,41.327435,-72.953389,3599642,New Haven,93,93,New Haven,11/4/2023,2023,11,November,4,7,Saturday,8:01:00,8,23044743,A,2,,Motor Vehicle In Motion,"Injury of any type (Serious, Minor, Possible)",C,Possible Injury (C),0,0,3,State,3.68,10,10-N,10-N,BLAKE ST,,,,,41.327435,-72.953389,14,Motor Vehicle in Operation,3,Angle,1,On Roadway,1,Clear,88,Not Applicable,1,Daylight,1,Dry,0,None,88,Not Applicable,88,Not Applicable,0,None,88,Not Applicable,88,Not Applicable,2,Intersection,2,Four-Way Intersection,1,No,1,No,88,Not Applicable,88,Not Applicable,88,Not Applicable,88,Not Applicable,TRUE,1,Public Road,1,"Trafficway, On Road",CT0009300,New Haven PD,326,10:25.0,C,Closed,39:03.0,,1,8900,4,MINOR ARTERIAL - NEW HPMS,1,Rural
1107448,1,Complete,1107448,1107448,41.287699,-72.931399,3599650,New Haven,93,93,New Haven,11/4/2023,2023,11,November,4,7,Saturday,17:52:00,17,23044800,A,2,,Motor Vehicle In Motion,"Injury of any type (Serious, Minor, Possible)",C,Possible Injury (C),0,0,4,Local,1.31,308,HOWARD AV,HOWARD AV,THIRD ST,,,,,41.287699,-72.931399,14,Motor Vehicle in Operation,3,Angle,1,On Roadway,1,Clear,88,Not Applicable,3,Dusk,1,Dry,99,Unknown,88,Not Applicable,88,Not Applicable,99,Unknown,88,Not Applicable,88,Not Applicable,2,Intersection,2,Four-Way Intersection,1,No,1,No,88,Not Applicable,88,Not Applicable,88,Not Applicable,88,Not Applicable,TRUE,1,Public Road,1,"Trafficway, On Road",CT0009300,New Haven PD,40947,49:30.0,C,Closed,39:14.0,,,,,,,
1107449,1,Complete,1107449,1107449,41.318127,-72.970893,3599651,New Haven,93,93,New Haven,11/4/2023,2023,11,November,4,7,Saturday,17:42:00,17,23044801,A,1,,Animal (live),"Injury of any type (Serious, Minor, Possible)",C,Possible Injury (C),0,0,3,State,2.72,122,122-N,122-N,,CHAPEL ST,325,Feet,N,41.318127,-72.970893,40,Deer,88,Not Applicable,1,On Roadway,1,Clear,88,Not Applicable,3,Dusk,1,Dry,4,Animal(s) in Roadway,88,Not Applicable,88,Not Applicable,0,None,88,Not Applicable,88,Not Applicable,1,Non-Junction,1,Not at Intersection,1,No,1,No,88,Not Applicable,88,Not Applicable,88,Not Applicable,88,Not Applicable,FALSE,1,Public Road,1,"Trafficway, On Road",CT0009300,New Haven PD,170,19:08.0,C,Closed,39:14.0,,1,11700,4,MINOR ARTERIAL - NEW HPMS,2,Urban
1107459,1,Complete,1107459,1107459,41.285661,-72.88999,3599661,New Haven,93,93,New Haven,11/5/2023,2023,11,November,5,1,Sunday,16:16:00,16,23044903,A,2,,Motor Vehicle In Motion,"Injury of any type (Serious, Minor, Possible)",C,Possible Injury (C),0,0,4,Local,0.12,317,HUNTINGTON AV,HUNTINGTON AV,,page street ,455,Feet,S,41.285661,-72.88999,14,Motor Vehicle in Operation,1,Front to rear,1,On Roadway,1,Clear,88,Not Applicable,1,Daylight,1,Dry,0,None,88,Not Applicable,88,Not Applicable,0,None,88,Not Applicable,88,Not Applicable,9,Driveway Access-Related,1,Not at Intersection,1,No,1,No,88,Not Applicable,88,Not Applicable,88,Not Applicable,88,Not Applicable,FALSE,1,Public Road,1,"Trafficway, On Road",CT0009300,New Haven PD,42367,28:14.0,C,Closed,39:26.0,,,,,,,
1107472,1,Complete,1107472,1107472,41.316453,-72.946606,3599674,New Haven,93,93,New Haven,11/6/2023,2023,11,November,6,2,Monday,16:39:00,16,23045020,A,2,,Motor Vehicle In Motion,"Injury of any type (Serious, Minor, Possible)",C,Possible Injury (C),0,1,4,Local,0.42,439,NORTON ST,NORTON ST,ELM ST NO 1,,,,,41.316453,-72.946606,14,Motor Vehicle in Operation,3,Angle,1,On Roadway,1,Clear,88,Not Applicable,1,Daylight,1,Dry,0,None,88,Not Applicable,88,Not Applicable,0,None,88,Not Applicable,88,Not Applicable,2,Intersection,2,Four-Way Intersection,99,Unknown,1,No,88,Not Applicable,88,Not Applicable,88,Not Applicable,88,Not Applicable,TRUE,1,Public Road,1,"Trafficway, On Road",CT0009300,New Haven PD,44947,29:54.0,C,Closed,39:40.0,,,,,,,
1107473,1,Complete,1107473,1107473,41.293847,-72.933093,3599675,New Haven,93,93,New Haven,11/6/2023,2023,11,November,6,2,Monday,18:19:00,18,23045028,A,2,,Motor Vehicle In Motion,"Injury of any type (Serious, Minor, Possible)",C,Possible Injury (C),0,1,4,Local,0.88,308,HOWARD AV,HOWARD AV,,SPRING STREET ,121,Feet,S,41.293847,-72.933093,14,Motor Vehicle in Operation,1,Front to rear,1,On Roadway,1,Clear,88,Not Applicable,3,Dusk,1,Dry,0,None,88,Not Applicable,88,Not Applicable,0,None,88,Not Applicable,88,Not Applicable,1,Non-Junction,1,Not at Intersection,1,No,1,No,88,Not Applicable,88,Not Applicable,88,Not Applicable,88,Not Applicable,FALSE,1,Public Road,1,"Trafficway, On Road",CT0009300,New Haven PD,45626,43:03.0,C,Closed,39:44.0,,,,,,,
1107498,1,Complete,1107498,1107498,41.302852,-72.937372,3599700,New Haven,93,93,New Haven,11/8/2023,2023,11,November,8,4,Wednesday,17:00:00,17,23045357,A,3,,Motor Vehicle In Motion,"Injury of any type (Serious, Minor, Possible)",B,Suspected Minor Injury (B),0,0,4,Local,0.66,141,DAVENPORT AV,DAVENPORT AV,VERNON ST,,,,,41.302852,-72.937372,14,Motor Vehicle in Operation,3,Angle,1,On Roadway,1,Clear,88,Not Applicable,1,Daylight,1,Dry,0,None,88,Not Applicable,88,Not Applicable,0,None,88,Not Applicable,88,Not Applicable,2,Intersection,2,Four-Way Intersection,1,No,1,No,88,Not Applicable,88,Not Applicable,88,Not Applicable,88,Not Applicable,FALSE,1,Public Road,1,"Trafficway, On Road",CT0009300,New Haven PD,44947,13:39.0,C,Closed,40:03.0,,,,,,,
1107502,1,Complete,1107502,1107502,41.30828648,-72.93501356,3599704,New Haven,93,93,New Haven,11/8/2023,2023,11,November,8,4,Wednesday,21:27:00,21,23045392,A,1,,Overturn/Rollover,"Injury of any type (Serious, Minor, Possible)",C,Possible Injury (C),0,1,4,Local,0.69,136,CROWN ST,CROWN ST,,PARK ST,240,Feet,W,41.30828648,-72.93501356,32,Tree (standing),88,Not Applicable,4,Roadside,1,Clear,88,Not Applicable,4,Dark-Lighted,1,Dry,0,None,88,Not Applicable,88,Not Applicable,0,None,88,Not Applicable,88,Not Applicable,1,Non-Junction,1,Not at Intersection,1,No,1,No,88,Not Applicable,88,Not Applicable,88,Not Applicable,88,Not Applicable,FALSE,1,Public Road,1,"Trafficway, On Road",CT0009300,New Haven PD,45403,30:41.0,C,Closed,40:08.0,,2,4500,5,MAJOR COLLECTOR - NEW HPMS,2,Urban
1107504,1,Complete,1107504,1107504,41.316057,-72.95502,3599706,New Haven,93,93,New Haven,11/8/2023,2023,11,November,8,4,Wednesday,23:32:00,23,23045402,A,1,,Utility Pole,"Injury of any type (Serious, Minor, Possible)",B,Suspected Minor Injury (B),0,2,4,Local,0.86,179,EDGEWOOD AV,EDGEWOOD AV,,PENDLETON ST,115,Feet,W,41.316057,-72.95502,1,Overturn/Rollover,88,Not Applicable,1,On Roadway,1,Clear,88,Not Applicable,4,Dark-Lighted,1,Dry,0,None,88,Not Applicable,88,Not Applicable,0,None,88,Not Applicable,88,Not Applicable,1,Non-Junction,1,Not at Intersection,1,No,1,No,88,Not Applicable,88,Not Applicable,88,Not Applicable,88,Not Applicable,FALSE,1,Public Road,1,"Trafficway, On Road",CT0009300,New Haven PD,412,24:05.0,C,Closed,40:12.0,,4,3300,5,MAJOR COLLECTOR - NEW HPMS,2,Urban
1107508,1,Complete,1107508,1107508,41.332868,-72.912621,3599710,New Haven,93,93,New Haven,11/9/2023,2023,11,November,9,5,Thursday,11:59:00,11,23045455,A,2,,Motor Vehicle In Motion,"Injury of any type (Serious, Minor, Possible)",A,Suspected Serious Injury (A),0,0,4,Local,1.65,656,WHITNEY AV,WHITNEY AV,,CLIFF ST,200,Feet,N,41.332868,-72.912621,14,Motor Vehicle in Operation,3,Angle,1,On Roadway,1,Clear,88,Not Applicable,1,Daylight,1,Dry,0,None,88,Not Applicable,88,Not Applicable,0,None,88,Not Applicable,88,Not Applicable,1,Non-Junction,1,Not at Intersection,1,No,1,No,88,Not Applicable,88,Not Applicable,88,Not Applicable,88,Not Applicable,FALSE,1,Public Road,1,"Trafficway, On Road",CT0009300,New Haven PD,290,20:28.0,C,Closed,42:24.0,,,,,,,
1107524,1,Complete,1107524,1107524,41.320072,-72.871682,3599726,New Haven,93,93,New Haven,11/10/2023,2023,11,November,10,6,Friday,20:00:00,20,23045636,A,1,,Pedestrian,"Injury of any type (Serious, Minor, Possible)",B,Suspected Minor Injury (B),1,0,3,State,0.57,80,80-E,80-E,EASTERN ST,,,,,41.320072,-72.871682,9,Pedestrian,88,Not Applicable,1,On Roadway,1,Clear,88,Not Applicable,4,Dark-Lighted,1,Dry,0,None,88,Not Applicable,88,Not Applicable,0,None,88,Not Applicable,88,Not Applicable,2,Intersection,2,Four-Way Intersection,1,No,1,No,88,Not Applicable,88,Not Applicable,88,Not Applicable,88,Not Applicable,TRUE,1,Public Road,1,"Trafficway, On Road",CT0009300,New Haven PD,45625,31:44.0,C,Closed,40:24.0,,4,32100,3,PRINCIPAL ARTERIAL - OTHER - NEW HPMS,2,Urban
1107528,1,Complete,1107528,1107528,41.302692,-72.928255,3599730,New Haven,93,93,New Haven,11/10/2023,2023,11,November,10,6,Friday,16:39:00,16,23045694,A,2,,Motor Vehicle In Motion,"Injury of any type (Serious, Minor, Possible)",C,Possible Injury (C),0,0,4,Local,0.19,809,REV DR MLK JR BLVD,REV DR MLK JR BLVD,CHURCH ST SOUTH NO 1,,,,,41.302692,-72.928255,14,Motor Vehicle in Operation,3,Angle,1,On Roadway,1,Clear,88,Not Applicable,1,Daylight,1,Dry,0,None,88,Not Applicable,88,Not Applicable,0,None,88,Not Applicable,88,Not Applicable,2,Intersection,2,Four-Way Intersection,1,No,1,No,88,Not Applicable,88,Not Applicable,88,Not Applicable,88,Not Applicable,FALSE,1,Public Road,1,"Trafficway, On Road",CT0009300,New Haven PD,45394,35:24.0,O,Open,42:17.0,,,,,,,
1107530,1,Complete,1107530,1107530,41.293081,-72.942672,3599732,New Haven,93,93,New Haven,11/11/2023,2023,11,November,11,7,Saturday,10:58:00,10,23045710,A,2,,Motor Vehicle In Motion,"Injury of any type (Serious, Minor, Possible)",C,Possible Injury (C),0,0,4,Local,0.13,39,BARCLAY ST,BARCLAY ST,FRANK ST,,,,,41.293081,-72.942672,14,Motor Vehicle in Operation,2,Front to front,1,On Roadway,1,Clear,88,Not Applicable,1,Daylight,1,Dry,0,None,88,Not Applicable,88,Not Applicable,0,None,88,Not Applicable,88,Not Applicable,2,Intersection,2,Four-Way Intersection,1,No,1,No,88,Not Applicable,88,Not Applicable,88,Not Applicable,88,Not Applicable,FALSE,1,Public Road,1,"Trafficway, On Road",CT0009300,New Haven PD,45399,05:30.0,O,Open,41:45.0,,,,,,,
1107534,1,Complete,1107534,1107534,41.325746,-72.928238,3599736,New Haven,93,93,New Haven,11/11/2023,2023,11,November,11,7,Saturday,15:45:00,15,23045745,A,1,,Tree (standing),"Injury of any type (Serious, Minor, Possible)",B,Suspected Minor Injury (B),0,0,4,Local,0.37,151,DIVISION ST,DIVISION ST,,WINCHESTER AVE,15,Feet,W,41.325746,-72.928238,32,Tree (standing),88,Not Applicable,4,Roadside,1,Clear,88,Not Applicable,1,Daylight,1,Dry,0,None,88,Not Applicable,88,Not Applicable,0,None,88,Not Applicable,88,Not Applicable,1,Non-Junction,1,Not at Intersection,1,No,1,No,88,Not Applicable,88,Not Applicable,88,Not Applicable,88,Not Applicable,FALSE,1,Public Road,1,"Trafficway, On Road",CT0009300,New Haven PD,65,34:48.0,C,Closed,41:24.0,,2,3700,4,MINOR ARTERIAL - NEW HPMS,2,Urban
1107550,1,Complete,1107550,1107550,41.313072,-72.921806,3599752,New Haven,93,93,New Haven,11/11/2023,2023,11,November,11,7,Saturday,19:09:00,19,23045770,A,2,,Motor Vehicle In Motion,"Injury of any type (Serious, Minor, Possible)",C,Possible Injury (C),0,0,4,Local,0.18,656,WHITNEY AV,WHITNEY AV,TRUMBULL ST,,,,,41.313072,-72.921806,14,Motor Vehicle in Operation,3,Angle,1,On Roadway,1,Clear,88,Not Applicable,4,Dark-Lighted,1,Dry,0,None,88,Not Applicable,88,Not Applicable,0,None,88,Not Applicable,88,Not Applicable,2,Intersection,2,Four-Way Intersection,1,No,1,No,88,Not Applicable,88,Not Applicable,88,Not Applicable,88,Not Applicable,FALSE,1,Public Road,1,"Trafficway, On Road",CT0009300,New Haven PD,221,18:47.0,C,Closed,40:27.0,,,,,,,
1107554,1,Complete,1107554,1107554,41.307568,-72.89516,3599756,New Haven,93,93,New Haven,11/12/2023,2023,11,November,12,1,Sunday,2:00:00,2,23045803,A,2,,Motor Vehicle In Motion,"Injury of any type (Serious, Minor, Possible)",B,Suspected Minor Injury (B),0,0,4,Local,0.84,213,FERRY ST,FERRY ST,EXCHANGE ST,,,,,41.307568,-72.89516,14,Motor Vehicle in Operation,4,"Sideswipe, same direction",1,On Roadway,1,Clear,88,Not Applicable,4,Dark-Lighted,1,Dry,0,None,88,Not Applicable,88,Not Applicable,0,None,88,Not Applicable,88,Not Applicable,2,Intersection,2,Four-Way Intersection,1,No,1,No,88,Not Applicable,88,Not Applicable,88,Not Applicable,88,Not Applicable,FALSE,1,Public Road,1,"Trafficway, On Road",CT0009300,New Haven PD,193,22:25.0,O,Open,40:55.0,,,,,,,
1107557,1,Complete,1107557,1107557,41.28644663,-72.93636772,3599759,New Haven,93,93,New Haven,11/12/2023,2023,11,November,12,1,Sunday,12:10:00,12,23045838,A,2,,Motor Vehicle In Motion,"Injury of any type (Serious, Minor, Possible)",C,Possible Injury (C),0,0,3,State,0.47,10,10-N,10-N,,KIMBERLY AVE,50,Feet,W,41.28644663,-72.93636772,14,Motor Vehicle in Operation,1,Front to rear,1,On Roadway,1,Clear,1,Clear,1,Daylight,1,Dry,0,None,88,Not Applicable,88,Not Applicable,0,None,88,Not Applicable,88,Not Applicable,3,Intersection-Related,2,Four-Way Intersection,1,No,1,No,88,Not Applicable,88,Not Applicable,88,Not Applicable,88,Not Applicable,FALSE,1,Public Road,1,"Trafficway, On Road",CT0009300,New Haven PD,45391,57:33.0,C,Closed,40:33.0,,2,18000,3,PRINCIPAL ARTERIAL - OTHER - NEW HPMS,2,Urban
1107560,1,Complete,1107560,1107560,41.293351,-72.932962,3599762,New Haven,93,93,New Haven,11/12/2023,2023,11,November,12,1,Sunday,19:32:00,19,23045874,A,1,,Pedestrian,"Injury of any type (Serious, Minor, Possible)",C,Possible Injury (C),1,0,4,Local,0.92,308,HOWARD AV,HOWARD AV,ROSETTE ST,,,,,41.293351,-72.932962,9,Pedestrian,88,Not Applicable,1,On Roadway,1,Clear,88,Not Applicable,5,Dark-Not Lighted,1,Dry,0,None,88,Not Applicable,88,Not Applicable,0,None,88,Not Applicable,88,Not Applicable,2,Intersection,2,Four-Way Intersection,1,No,1,No,88,Not Applicable,88,Not Applicable,88,Not Applicable,88,Not Applicable,FALSE,1,Public Road,1,"Trafficway, On Road",CT0009300,New Haven PD,33016,59:56.0,C,Closed,41:55.0,,2,7100,4,MINOR ARTERIAL - NEW HPMS,2,Urban
1107566,1,Complete,1107566,1107566,41.303522,-72.910451,3599768,New Haven,93,93,New Haven,11/13/2023,2023,11,November,13,2,Monday,5:57:00,5,23045903,A,2,,Motor Vehicle In Motion,"Injury of any type (Serious, Minor, Possible)",C,Possible Injury (C),0,0,4,Local,0.87,165,EAST ST,EAST ST,CHAPEL ST,,,,,41.303522,-72.910451,14,Motor Vehicle in Operation,3,Angle,1,On Roadway,1,Clear,88,Not Applicable,4,Dark-Lighted,1,Dry,0,None,88,Not Applicable,88,Not Applicable,0,None,88,Not Applicable,88,Not Applicable,1,Non-Junction,1,Not at Intersection,1,No,1,No,88,Not Applicable,88,Not Applicable,88,Not Applicable,88,Not Applicable,TRUE,1,Public Road,1,"Trafficway, On Road",CT0009300,New Haven PD,45393,48:18.0,C,Closed,40:48.0,,,,,,,
1107568,1,Complete,1107568,1107568,41.32467056,-72.95637225,3599770,New Haven,93,93,New Haven,11/13/2023,2023,11,November,13,2,Monday,10:10:00,10,23045936,A,2,,Motor Vehicle In Motion,"Injury of any type (Serious, Minor, Possible)",C,Possible Injury (C),0,0,3,State,3.57,10,10-N,10-N,,JEWELL ST,15,Feet,W,41.32467056,-72.95637225,14,Motor Vehicle in Operation,1,Front to rear,1,On Roadway,1,Clear,88,Not Applicable,1,Daylight,1,Dry,0,None,88,Not Applicable,88,Not Applicable,0,None,88,Not Applicable,88,Not Applicable,1,Non-Junction,1,Not at Intersection,1,No,1,No,88,Not Applicable,88,Not Applicable,88,Not Applicable,88,Not Applicable,TRUE,1,Public Road,1,"Trafficway, On Road",CT0009300,New Haven PD,359,03:04.0,C,Closed,40:39.0,,2,18100,3,PRINCIPAL ARTERIAL - OTHER - NEW HPMS,2,Urban