CrashId,Fatal Case Status,Fatal Case Status Text Format,CrashId,CrashId,Latitude,Longitude,DOT Case Number,Town Name,Town Number,Town Number,Town Number Text Format,Date Of Crash,Year,Month,Month Text Format,Day,Day of the Week,Day of the Week Text Format,Time of Crash,Hour of the Day,Case Identifier,Crash Severity,Number Of Motor Vehicles,Motor vehicle action,Most harmful event,Crash Severity Text Format,Most Severe Injury,Most Severe Injury Text Format,Number Of Non-Motorist,Number Of Witnesses,Route Class,Route Class Text Format,Milemarker,Road Number,Road Description,Roadway Name,Intersecting Roadway Name,Landmark Description,Distance From Nearest Landmark,Unit Of Measure From Nearest Landmark,Direction From Nearest Landmark,Latitude,Longitude,First Harmful Event,First Harmful Event Text Format,Manner of Crash / Collision Impact,Manner of Crash / Collision Impact Text Format,Location of First Harmful Event,Location of First Harmful Event Text Format,Weather Condition,Weather Condition Text Format,Weather 2,Weather 2 Text Format,Light Condition,Light Condition Text Format,Road Surface Condition,Road Surface Condition Text Format,"Contributing Circumstances, Environment","Contributing Circumstances, Environment Text Format",Environment 2,Environment 2 Text Format,Environment 3,Environment 3 Text Format,"Contributing Circumstances, Road","Contributing Circumstances, Road Text Format",Road 2,Road 2 Text Format,Road 3,Road 3 Text Format,Crash Specific Location,Crash Specific Location Text Format,Type of Intersection,Type of Intersection Text Format,School Bus Related,School Bus Related Text Format,Work Zone Related,Work Zone Related Text Format,Location Of Crash Relative To Work Zone,Location Of Crash Relative To Work Zone Text Format,Type of Work Zone,Type of Work Zone Text Format,Worker Presence,Worker Presence Text Format,Law Enforcement Presence,Law Enforcement Presence Text Format,Were Vehicles Moved Prior To Police Arrival,Trafficway Ownership,Trafficway Ownership Text Format,Trafficway Class,Trafficway Class Text Format,Police Agency,Police Agency Text Format,Badge Number,Approval Date,Police Case Status,Police Case Status Text Format,Crash Report Submission Date,Related Case Identifiers,No. of Through Lanes (Log Dir.),Average Daily Traffic,Functional Classification,Functional Classification Text Format,Rural or Urban,Rural or Urban Text Format
1107570,1,Complete,1107570,1107570,41.319921,-72.906264,3599772,New Haven,93,93,New Haven,11/13/2023,2023,11,November,13,2,Monday,12:44:00,12,23045966,A,2,,Motor Vehicle In Motion,"Injury of any type (Serious, Minor, Possible)",C,Possible Injury (C),0,1,4,Local,0.31,666,WILLOW ST,WILLOW ST,MITCHELL DR,,,,,41.319921,-72.906264,14,Motor Vehicle in Operation,3,Angle,1,On Roadway,1,Clear,88,Not Applicable,1,Daylight,1,Dry,0,None,88,Not Applicable,88,Not Applicable,0,None,88,Not Applicable,88,Not Applicable,2,Intersection,2,Four-Way Intersection,1,No,1,No,88,Not Applicable,88,Not Applicable,88,Not Applicable,88,Not Applicable,FALSE,1,Public Road,1,"Trafficway, On Road",CT0009300,New Haven PD,45399,57:25.0,O,Open,41:22.0,,,,,,,
1107572,1,Complete,1107572,1107572,41.31333017,-72.93746462,3599774,New Haven,93,93,New Haven,11/13/2023,2023,11,November,13,2,Monday,15:47:00,15,23045987,A,2,,Parked Vehicle,"Injury of any type (Serious, Minor, Possible)",C,Possible Injury (C),0,0,4,Local,0.23,194,ELM ST NO 1,ELM ST NO 1,,GARDEN STREET,15,Feet,W,41.31333017,-72.93746462,15,Parked Motor Vehicle,1,Front to rear,1,On Roadway,1,Clear,88,Not Applicable,1,Daylight,1,Dry,0,None,88,Not Applicable,88,Not Applicable,0,None,88,Not Applicable,88,Not Applicable,1,Non-Junction,1,Not at Intersection,1,No,1,No,88,Not Applicable,88,Not Applicable,88,Not Applicable,88,Not Applicable,FALSE,1,Public Road,1,"Trafficway, On Road",CT0009300,New Haven PD,263,29:33.0,C,Closed,40:40.0,,,,,,,
1107573,1,Complete,1107573,1107573,41.312417,-72.940755,3599775,New Haven,93,93,New Haven,11/13/2023,2023,11,November,13,2,Monday,18:10:00,18,23046017,A,2,,Motor Vehicle In Motion,"Injury of any type (Serious, Minor, Possible)",C,Possible Injury (C),0,0,4,Local,1.63,179,EDGEWOOD AV,EDGEWOOD AV,ORCHARD ST,,,,,41.312417,-72.940755,14,Motor Vehicle in Operation,3,Angle,1,On Roadway,1,Clear,88,Not Applicable,4,Dark-Lighted,1,Dry,0,None,88,Not Applicable,88,Not Applicable,0,None,88,Not Applicable,88,Not Applicable,2,Intersection,2,Four-Way Intersection,1,No,1,No,88,Not Applicable,88,Not Applicable,88,Not Applicable,88,Not Applicable,FALSE,1,Public Road,1,"Trafficway, On Road",CT0009300,New Haven PD,263,19:09.0,C,Closed,40:40.0,,,,,,,
1107575,1,Complete,1107575,1107575,41.319261,-72.898396,3599777,New Haven,93,93,New Haven,11/13/2023,2023,11,November,13,2,Monday,20:20:00,20,23046033,A,2,,Motor Vehicle In Motion,"Injury of any type (Serious, Minor, Possible)",C,Possible Injury (C),0,0,4,Local,0.01,213,FERRY ST,FERRY ST,,RT 5,83,Feet,S,41.319261,-72.898396,14,Motor Vehicle in Operation,5,"Sideswipe, opposite direction",1,On Roadway,1,Clear,88,Not Applicable,4,Dark-Lighted,1,Dry,0,None,88,Not Applicable,88,Not Applicable,0,None,88,Not Applicable,88,Not Applicable,2,Intersection,3,T-Intersection,1,No,1,No,88,Not Applicable,88,Not Applicable,88,Not Applicable,88,Not Applicable,FALSE,1,Public Road,1,"Trafficway, On Road",CT0009300,New Haven PD,42057,30:02.0,C,Closed,42:19.0,,,,,,,
1107577,1,Complete,1107577,1107577,41.323021,-72.948126,3599779,New Haven,93,93,New Haven,11/13/2023,2023,11,November,13,2,Monday,23:16:00,23,23046042,A,2,,Motor Vehicle In Motion,"Injury of any type (Serious, Minor, Possible)",B,Suspected Minor Injury (B),0,0,4,Local,0.14,258,GOFFE TER,GOFFE TER,,BELLEVUE ROAD ,122,Feet,N,41.323021,-72.948126,14,Motor Vehicle in Operation,1,Front to rear,2,Shoulder,1,Clear,1,Clear,5,Dark-Not Lighted,1,Dry,0,None,88,Not Applicable,88,Not Applicable,0,None,88,Not Applicable,88,Not Applicable,1,Non-Junction,1,Not at Intersection,1,No,1,No,88,Not Applicable,88,Not Applicable,88,Not Applicable,88,Not Applicable,FALSE,1,Public Road,1,"Trafficway, On Road",CT0009300,New Haven PD,44063,29:18.0,C,Closed,40:41.0,,,,,,,
1107585,1,Complete,1107585,1107585,41.316869,-72.946385,3599787,New Haven,93,93,New Haven,11/14/2023,2023,11,November,14,3,Tuesday,15:01:00,15,23046128,A,2,,Motor Vehicle In Motion,"Injury of any type (Serious, Minor, Possible)",C,Possible Injury (C),0,0,4,Local,0.45,439,NORTON ST,NORTON ST,,ELM STREET ,144,Feet,N,41.316869,-72.946385,14,Motor Vehicle in Operation,4,"Sideswipe, same direction",1,On Roadway,1,Clear,88,Not Applicable,1,Daylight,1,Dry,0,None,88,Not Applicable,88,Not Applicable,0,None,88,Not Applicable,88,Not Applicable,1,Non-Junction,1,Not at Intersection,1,No,1,No,88,Not Applicable,88,Not Applicable,88,Not Applicable,88,Not Applicable,FALSE,1,Public Road,1,"Trafficway, On Road",CT0009300,New Haven PD,276,18:54.0,C,Closed,40:50.0,23046128,,,,,,
1107587,1,Complete,1107587,1107587,41.31067,-72.93452,3599789,New Haven,93,93,New Haven,11/15/2023,2023,11,November,15,4,Wednesday,8:03:00,8,23046208,A,2,,Pedalcycle/Pedalcyclist,"Injury of any type (Serious, Minor, Possible)",C,Possible Injury (C),1,1,4,Local,0.34,310,HOWE ST,HOWE ST,EDGEWOOD AV,,,,,41.31067,-72.93452,14,Motor Vehicle in Operation,3,Angle,1,On Roadway,1,Clear,88,Not Applicable,1,Daylight,1,Dry,0,None,88,Not Applicable,88,Not Applicable,0,None,88,Not Applicable,88,Not Applicable,2,Intersection,2,Four-Way Intersection,1,No,1,No,88,Not Applicable,88,Not Applicable,88,Not Applicable,88,Not Applicable,TRUE,1,Public Road,1,"Trafficway, On Road",CT0009300,New Haven PD,326,26:37.0,C,Closed,41:05.0,,,,,,,
1107588,1,Complete,1107588,1107588,41.325206,-72.918629,3599790,New Haven,93,93,New Haven,11/15/2023,2023,11,November,15,4,Wednesday,7:49:00,7,23046209,A,1,,Other Non-motorist,"Injury of any type (Serious, Minor, Possible)",B,Suspected Minor Injury (B),1,0,4,Local,0.22,83,CANNER ST,CANNER ST,ST RONAN ST,,,,,41.325206,-72.918629,11,Other Non-motorist,1,Front to rear,1,On Roadway,1,Clear,88,Not Applicable,1,Daylight,1,Dry,0,None,88,Not Applicable,88,Not Applicable,0,None,88,Not Applicable,88,Not Applicable,2,Intersection,2,Four-Way Intersection,1,No,1,No,88,Not Applicable,88,Not Applicable,88,Not Applicable,88,Not Applicable,FALSE,1,Public Road,1,"Trafficway, On Road",CT0009300,New Haven PD,33160,50:46.0,C,Closed,41:02.0,,,,,,,
1107594,1,Complete,1107594,1107594,41.32839775,-72.95772372,3599796,New Haven,93,93,New Haven,11/15/2023,2023,11,November,15,4,Wednesday,13:16:00,13,23046256,A,1,,Pedestrian,"Injury of any type (Serious, Minor, Possible)",B,Suspected Minor Injury (B),1,0,4,Local,0.83,56,BLAKE ST,BLAKE ST,,STONE ST,100,Feet,W,41.32839775,-72.95772372,9,Pedestrian,88,Not Applicable,1,On Roadway,1,Clear,88,Not Applicable,1,Daylight,1,Dry,0,None,88,Not Applicable,88,Not Applicable,0,None,88,Not Applicable,88,Not Applicable,1,Non-Junction,1,Not at Intersection,1,No,1,No,88,Not Applicable,88,Not Applicable,88,Not Applicable,88,Not Applicable,TRUE,1,Public Road,1,"Trafficway, On Road",CT0009300,New Haven PD,324,14:06.0,C,Closed,42:05.0,,2,7000,5,MAJOR COLLECTOR - NEW HPMS,2,Urban
1107597,1,Complete,1107597,1107597,41.31671813,-72.92425172,3599799,New Haven,93,93,New Haven,11/15/2023,2023,11,November,15,4,Wednesday,17:03:00,17,23046276,A,2,,Motor Vehicle In Motion,"Injury of any type (Serious, Minor, Possible)",C,Possible Injury (C),0,0,4,Local,0.36,495,PROSPECT ST,PROSPECT ST,,SACHEM STREET,190,Feet,N,41.31671813,-72.92425172,14,Motor Vehicle in Operation,3,Angle,1,On Roadway,1,Clear,88,Not Applicable,4,Dark-Lighted,1,Dry,0,None,88,Not Applicable,88,Not Applicable,0,None,88,Not Applicable,88,Not Applicable,8,Driveway Access,1,Not at Intersection,1,No,1,No,88,Not Applicable,88,Not Applicable,88,Not Applicable,88,Not Applicable,FALSE,1,Public Road,1,"Trafficway, On Road",CT0009300,New Haven PD,42052,08:40.0,C,Closed,40:58.0,,,,,,,
1107605,1,Complete,1107605,1107605,41.316796,-72.892264,3599807,New Haven,93,93,New Haven,11/16/2023,2023,11,November,16,5,Thursday,7:17:00,7,23046343,A,2,,Motor Vehicle In Motion,"Injury of any type (Serious, Minor, Possible)",C,Possible Injury (C),0,0,4,Local,0.26,737,PECK ST NO 2,PECK ST NO 2,CLINTON AV,,,,,41.316796,-72.892264,14,Motor Vehicle in Operation,3,Angle,1,On Roadway,1,Clear,88,Not Applicable,1,Daylight,1,Dry,0,None,88,Not Applicable,88,Not Applicable,0,None,88,Not Applicable,88,Not Applicable,2,Intersection,2,Four-Way Intersection,1,No,1,No,88,Not Applicable,88,Not Applicable,88,Not Applicable,88,Not Applicable,FALSE,1,Public Road,1,"Trafficway, On Road",CT0009300,New Haven PD,45388,35:04.0,C,Closed,41:08.0,,,,,,,
1107607,1,Complete,1107607,1107607,41.303946,-72.930397,3599809,New Haven,93,93,New Haven,11/16/2023,2023,11,November,16,5,Thursday,8:55:00,8,23046346,A,2,,Motor Vehicle In Motion,"Injury of any type (Serious, Minor, Possible)",C,Possible Injury (C),0,0,4,Local,0.33,809,REV DR MLK JR BLVD,REV DR MLK JR BLVD,,COLLEGE ST,165,Feet,E,41.303946,-72.930397,14,Motor Vehicle in Operation,4,"Sideswipe, same direction",1,On Roadway,1,Clear,88,Not Applicable,1,Daylight,1,Dry,0,None,88,Not Applicable,88,Not Applicable,0,None,88,Not Applicable,88,Not Applicable,1,Non-Junction,1,Not at Intersection,1,No,1,No,88,Not Applicable,88,Not Applicable,88,Not Applicable,88,Not Applicable,TRUE,1,Public Road,1,"Trafficway, On Road",CT0009300,New Haven PD,42366,17:34.0,C,Closed,41:07.0,,,,,,,
1107612,1,Complete,1107612,1107612,41.310189,-72.921897,3599814,New Haven,93,93,New Haven,11/16/2023,2023,11,November,16,5,Thursday,13:57:00,13,23046399,A,2,,Motor Vehicle In Motion,"Injury of any type (Serious, Minor, Possible)",C,Possible Injury (C),0,0,4,Local,0.14,271,GROVE ST,GROVE ST,,ORANGE ST,276,Feet,W,41.310189,-72.921897,14,Motor Vehicle in Operation,4,"Sideswipe, same direction",1,On Roadway,1,Clear,88,Not Applicable,1,Daylight,1,Dry,0,None,88,Not Applicable,88,Not Applicable,0,None,88,Not Applicable,88,Not Applicable,1,Non-Junction,1,Not at Intersection,1,No,1,No,88,Not Applicable,88,Not Applicable,88,Not Applicable,88,Not Applicable,FALSE,1,Public Road,1,"Trafficway, On Road",CT0009300,New Haven PD,40790,48:28.0,C,Closed,41:11.0,,,,,,,
1107617,1,Complete,1107617,1107617,41.296147,-72.939505,3599819,New Haven,93,93,New Haven,11/16/2023,2023,11,November,16,5,Thursday,15:58:00,15,23046417,A,2,,Motor Vehicle In Motion,"Injury of any type (Serious, Minor, Possible)",B,Suspected Minor Injury (B),0,0,4,Local,0.11,636,WEST ST,WEST ST,FRANK ST,,,,,41.296147,-72.939505,14,Motor Vehicle in Operation,3,Angle,1,On Roadway,1,Clear,88,Not Applicable,3,Dusk,1,Dry,0,None,88,Not Applicable,88,Not Applicable,0,None,88,Not Applicable,88,Not Applicable,3,Intersection-Related,2,Four-Way Intersection,1,No,1,No,88,Not Applicable,88,Not Applicable,88,Not Applicable,88,Not Applicable,FALSE,1,Public Road,1,"Trafficway, On Road",CT0009300,New Haven PD,42366,53:43.0,C,Closed,41:16.0,,,,,,,
1107623,1,Complete,1107623,1107623,41.290643,-72.900445,3599825,New Haven,93,93,New Haven,11/17/2023,2023,11,November,17,6,Friday,4:00:00,4,23046495,A,2,,Motor Vehicle In Motion,"Injury of any type (Serious, Minor, Possible)",C,Possible Injury (C),0,0,4,Local,0.24,243,FULTON TER,FULTON TER,ALABAMA ST,,,,,41.290643,-72.900445,14,Motor Vehicle in Operation,3,Angle,1,On Roadway,1,Clear,88,Not Applicable,5,Dark-Not Lighted,1,Dry,0,None,88,Not Applicable,88,Not Applicable,0,None,88,Not Applicable,88,Not Applicable,2,Intersection,2,Four-Way Intersection,1,No,1,No,88,Not Applicable,88,Not Applicable,88,Not Applicable,88,Not Applicable,FALSE,1,Public Road,1,"Trafficway, On Road",CT0009300,New Haven PD,180,31:41.0,C,Closed,42:27.0,23046495,,,,,,
1107628,1,Complete,1107628,1107628,41.32454,-72.93516,3599830,New Haven,93,93,New Haven,11/17/2023,2023,11,November,17,6,Friday,9:57:00,9,23046529,A,2,,Motor Vehicle In Motion,"Injury of any type (Serious, Minor, Possible)",C,Possible Injury (C),0,1,4,Local,0.83,152,DIXWELL AV,DIXWELL AV,ARGYLE ST,,,,,41.32454,-72.93516,14,Motor Vehicle in Operation,3,Angle,1,On Roadway,1,Clear,88,Not Applicable,1,Daylight,1,Dry,0,None,88,Not Applicable,88,Not Applicable,0,None,88,Not Applicable,88,Not Applicable,2,Intersection,3,T-Intersection,1,No,1,No,88,Not Applicable,88,Not Applicable,88,Not Applicable,88,Not Applicable,FALSE,1,Public Road,1,"Trafficway, On Road",CT0009300,New Haven PD,11439,14:55.0,C,Closed,41:20.0,,,,,,,
1107634,1,Complete,1107634,1107634,41.325351,-72.912701,3599836,New Haven,93,93,New Haven,11/17/2023,2023,11,November,17,6,Friday,18:30:00,18,23046601,A,2,,Motor Vehicle In Motion,"Injury of any type (Serious, Minor, Possible)",C,Possible Injury (C),0,0,4,Local,0.16,116,COLD SPRING ST,COLD SPRING ST,LIVINGSTON ST,,,,,41.325351,-72.912701,14,Motor Vehicle in Operation,3,Angle,1,On Roadway,1,Clear,88,Not Applicable,4,Dark-Lighted,1,Dry,0,None,88,Not Applicable,88,Not Applicable,0,None,88,Not Applicable,88,Not Applicable,2,Intersection,2,Four-Way Intersection,1,No,1,No,88,Not Applicable,88,Not Applicable,88,Not Applicable,88,Not Applicable,FALSE,1,Public Road,1,"Trafficway, On Road",CT0009300,New Haven PD,44045,37:01.0,C,Closed,41:33.0,,,,,,,
1107635,1,Complete,1107635,1107635,41.30925,-72.895554,3599837,New Haven,93,93,New Haven,11/17/2023,2023,11,November,17,6,Friday,18:50:00,18,23046602,A,2,,Motor Vehicle In Motion,"Injury of any type (Serious, Minor, Possible)",C,Possible Injury (C),0,0,4,Local,0.73,213,FERRY ST,FERRY ST,,GRAND AVE,65,Feet,N,41.30925,-72.895554,14,Motor Vehicle in Operation,4,"Sideswipe, same direction",1,On Roadway,1,Clear,88,Not Applicable,4,Dark-Lighted,1,Dry,0,None,88,Not Applicable,88,Not Applicable,0,None,88,Not Applicable,88,Not Applicable,3,Intersection-Related,2,Four-Way Intersection,1,No,1,No,88,Not Applicable,88,Not Applicable,88,Not Applicable,88,Not Applicable,FALSE,1,Public Road,1,"Trafficway, On Road",CT0009300,New Haven PD,193,42:41.0,C,Closed,41:27.0,,,,,,,
1107640,1,Complete,1107640,1107640,41.333807,-72.976182,3599842,New Haven,93,93,New Haven,11/18/2023,2023,11,November,18,7,Saturday,10:34:00,10,23046671,A,2,,Motor Vehicle In Motion,"Injury of any type (Serious, Minor, Possible)",C,Possible Injury (C),0,0,3,State,1.23,63,63-N,63-N,,GLEN VIEW TER,122,Feet,S,41.333807,-72.976182,14,Motor Vehicle in Operation,1,Front to rear,1,On Roadway,1,Clear,88,Not Applicable,1,Daylight,1,Dry,0,None,88,Not Applicable,88,Not Applicable,0,None,88,Not Applicable,88,Not Applicable,1,Non-Junction,1,Not at Intersection,1,No,1,No,88,Not Applicable,88,Not Applicable,88,Not Applicable,88,Not Applicable,FALSE,1,Public Road,1,"Trafficway, On Road",CT0009300,New Haven PD,62,36:33.0,C,Closed,41:28.0,,1,27000,3,PRINCIPAL ARTERIAL - OTHER - NEW HPMS,2,Urban
1107644,1,Complete,1107644,1107644,41.32032565,-72.86855455,3599846,New Haven,93,93,New Haven,11/18/2023,2023,11,November,18,7,Saturday,13:34:00,13,23046693,A,3,,Motor Vehicle In Motion,"Injury of any type (Serious, Minor, Possible)",A,Suspected Serious Injury (A),0,0,3,State,0.74,80,80-E,80-E,,OLD FOXON RD,50,Feet,E,41.32032565,-72.86855455,14,Motor Vehicle in Operation,1,Front to rear,1,On Roadway,1,Clear,88,Not Applicable,1,Daylight,1,Dry,0,None,88,Not Applicable,88,Not Applicable,0,None,88,Not Applicable,88,Not Applicable,1,Non-Junction,1,Not at Intersection,1,No,1,No,88,Not Applicable,88,Not Applicable,88,Not Applicable,88,Not Applicable,FALSE,1,Public Road,1,"Trafficway, On Road",CT0009300,New Haven PD,45388,07:51.0,C,Closed,42:45.0,,2,23400,3,PRINCIPAL ARTERIAL - OTHER - NEW HPMS,2,Urban
1107669,1,Complete,1107669,1107669,41.329347,-72.969069,3599871,New Haven,93,93,New Haven,11/18/2023,2023,11,November,18,7,Saturday,17:58:00,17,23046719,A,2,,Motor Vehicle In Motion,"Injury of any type (Serious, Minor, Possible)",C,Possible Injury (C),0,0,3,State,0.72,63,63-N,63-N,,DAYTON ST,120,Feet,W,41.329347,-72.969069,14,Motor Vehicle in Operation,3,Angle,1,On Roadway,1,Clear,88,Not Applicable,4,Dark-Lighted,1,Dry,0,None,88,Not Applicable,88,Not Applicable,0,None,88,Not Applicable,88,Not Applicable,1,Non-Junction,1,Not at Intersection,1,No,1,No,88,Not Applicable,88,Not Applicable,88,Not Applicable,88,Not Applicable,TRUE,1,Public Road,1,"Trafficway, On Road",CT0009300,New Haven PD,45403,42:36.0,C,Closed,41:34.0,,2,23000,3,PRINCIPAL ARTERIAL - OTHER - NEW HPMS,1,Rural
1107672,1,Complete,1107672,1107672,41.326288,-72.9600103,3599874,New Haven,93,93,New Haven,11/18/2023,2023,11,November,18,7,Saturday,22:30:00,22,23046749,A,1,,Ran Off Roadway Right,"Injury of any type (Serious, Minor, Possible)",B,Suspected Minor Injury (B),0,0,3,State,6.64,243,243-E,243-E,CENTRAL AV,,,,,41.326288,-72.9600103,33,Utility Pole/Light Support,88,Not Applicable,4,Roadside,1,Clear,88,Not Applicable,4,Dark-Lighted,1,Dry,0,None,88,Not Applicable,88,Not Applicable,0,None,88,Not Applicable,88,Not Applicable,2,Intersection,3,T-Intersection,1,No,1,No,88,Not Applicable,88,Not Applicable,88,Not Applicable,88,Not Applicable,FALSE,1,Public Road,1,"Trafficway, On Road",CT0009300,New Haven PD,45403,28:24.0,C,Closed,41:46.0,,2,9700,4,MINOR ARTERIAL - NEW HPMS,2,Urban
1107673,1,Complete,1107673,1107673,41.316295,-72.897307,3599875,New Haven,93,93,New Haven,11/18/2023,2023,11,November,18,7,Saturday,22:26:00,22,23046753,A,1,,Pedestrian,"Injury of any type (Serious, Minor, Possible)",C,Possible Injury (C),1,1,4,Local,0.23,213,FERRY ST,FERRY ST,,Peck St,15,Feet,N,41.316295,-72.897307,9,Pedestrian,88,Not Applicable,1,On Roadway,1,Clear,88,Not Applicable,5,Dark-Not Lighted,1,Dry,99,Unknown,88,Not Applicable,88,Not Applicable,99,Unknown,88,Not Applicable,88,Not Applicable,3,Intersection-Related,2,Four-Way Intersection,1,No,1,No,88,Not Applicable,88,Not Applicable,88,Not Applicable,88,Not Applicable,FALSE,1,Public Road,1,"Trafficway, On Road",CT0009300,New Haven PD,36335,26:35.0,O,Open,42:59.0,,2,13500,4,MINOR ARTERIAL - NEW HPMS,2,Urban
1107676,1,Complete,1107676,1107676,41.311169,-72.93414,3599878,New Haven,93,93,New Haven,11/19/2023,2023,11,November,19,1,Sunday,2:09:00,2,23046765,A,1,,Pedestrian,"Injury of any type (Serious, Minor, Possible)",C,Possible Injury (C),1,2,4,Local,0.38,310,HOWE ST,HOWE ST,,Edgewood AVE,195,Feet,N,41.311169,-72.93414,9,Pedestrian,88,Not Applicable,1,On Roadway,1,Clear,88,Not Applicable,6,Dark-Unknown Lighting,1,Dry,0,None,88,Not Applicable,88,Not Applicable,0,None,88,Not Applicable,88,Not Applicable,1,Non-Junction,1,Not at Intersection,1,No,1,No,88,Not Applicable,88,Not Applicable,88,Not Applicable,88,Not Applicable,FALSE,1,Public Road,1,"Trafficway, On Road",CT0009300,New Haven PD,44052,22:08.0,C,Closed,41:43.0,,2,6100,4,MINOR ARTERIAL - NEW HPMS,2,Urban
1107677,1,Complete,1107677,1107677,41.3141,-72.90398,3599879,New Haven,93,93,New Haven,11/19/2023,2023,11,November,19,1,Sunday,2:32:00,2,23046768,A,2,,Motor Vehicle In Motion,"Injury of any type (Serious, Minor, Possible)",C,Possible Injury (C),0,0,4,Local,0.92,316,HUMPHREY ST,HUMPHREY ST,JAMES ST,,,,,41.3141,-72.90398,14,Motor Vehicle in Operation,3,Angle,1,On Roadway,1,Clear,88,Not Applicable,4,Dark-Lighted,1,Dry,99,Unknown,88,Not Applicable,88,Not Applicable,99,Unknown,88,Not Applicable,88,Not Applicable,2,Intersection,2,Four-Way Intersection,1,No,1,No,88,Not Applicable,88,Not Applicable,88,Not Applicable,88,Not Applicable,FALSE,1,Public Road,1,"Trafficway, On Road",CT0009300,New Haven PD,36335,17:05.0,O,Open,43:14.0,,,,,,,
1107682,1,Complete,1107682,1107682,41.328104,-72.917567,3599884,New Haven,93,93,New Haven,11/19/2023,2023,11,November,19,1,Sunday,13:17:00,13,23046811,A,2,,Motor Vehicle In Motion,"Injury of any type (Serious, Minor, Possible)",C,Possible Injury (C),0,0,4,Local,0.59,540,ST RONAN ST,ST RONAN ST,,HIGHLAND ST,40,Feet,S,41.328104,-72.917567,14,Motor Vehicle in Operation,1,Front to rear,1,On Roadway,1,Clear,88,Not Applicable,1,Daylight,1,Dry,0,None,88,Not Applicable,88,Not Applicable,0,None,88,Not Applicable,88,Not Applicable,3,Intersection-Related,2,Four-Way Intersection,1,No,1,No,88,Not Applicable,88,Not Applicable,88,Not Applicable,88,Not Applicable,FALSE,1,Public Road,1,"Trafficway, On Road",CT0009300,New Haven PD,32,21:10.0,C,Closed,41:57.0,,,,,,,
1107683,1,Complete,1107683,1107683,41.28841,-72.89104,3599885,New Haven,93,93,New Haven,11/19/2023,2023,11,November,19,1,Sunday,15:20:00,15,23046820,A,2,,Motor Vehicle In Motion,"Injury of any type (Serious, Minor, Possible)",C,Possible Injury (C),0,0,4,Local,0.08,388,MAIN ST NO 2,MAIN ST NO 2,BEACON AV,,,,,41.28841,-72.89104,14,Motor Vehicle in Operation,3,Angle,1,On Roadway,1,Clear,88,Not Applicable,1,Daylight,1,Dry,0,None,88,Not Applicable,88,Not Applicable,0,None,88,Not Applicable,88,Not Applicable,2,Intersection,3,T-Intersection,1,No,1,No,88,Not Applicable,88,Not Applicable,88,Not Applicable,88,Not Applicable,FALSE,1,Public Road,1,"Trafficway, On Road",CT0009300,New Haven PD,45625,52:10.0,C,Closed,41:48.0,,,,,,,
1107684,1,Complete,1107684,1107684,41.303631,-72.931446,3599886,New Haven,93,93,New Haven,11/19/2023,2023,11,November,19,1,Sunday,16:07:00,16,23046822,A,2,,Motor Vehicle In Motion,"Injury of any type (Serious, Minor, Possible)",C,Possible Injury (C),0,0,4,Local,0.09,564,SOUTH FRONTAGE RD,SOUTH FRONTAGE RD,COLLEGE ST,,,,,41.303631,-72.931446,14,Motor Vehicle in Operation,3,Angle,1,On Roadway,1,Clear,88,Not Applicable,1,Daylight,1,Dry,0,None,88,Not Applicable,88,Not Applicable,0,None,88,Not Applicable,88,Not Applicable,2,Intersection,2,Four-Way Intersection,1,No,1,No,88,Not Applicable,88,Not Applicable,88,Not Applicable,88,Not Applicable,TRUE,1,Public Road,1,"Trafficway, On Road",CT0009300,New Haven PD,44048,29:45.0,C,Closed,41:48.0,,,,,,,
1107691,1,Complete,1107691,1107691,41.284872,-72.934917,3599893,New Haven,93,93,New Haven,11/20/2023,2023,11,November,20,2,Monday,0:45:00,0,23046873,A,2,,Motor Vehicle In Motion,"Injury of any type (Serious, Minor, Possible)",C,Possible Injury (C),0,0,3,State,0.34,10,10-N,10-N,,95-S-368,90,Feet,N,41.284872,-72.934917,14,Motor Vehicle in Operation,3,Angle,1,On Roadway,1,Clear,88,Not Applicable,5,Dark-Not Lighted,1,Dry,0,None,88,Not Applicable,88,Not Applicable,0,None,88,Not Applicable,88,Not Applicable,1,Non-Junction,1,Not at Intersection,1,No,1,No,88,Not Applicable,88,Not Applicable,88,Not Applicable,88,Not Applicable,FALSE,1,Public Road,1,"Trafficway, On Road",CT0009300,New Haven PD,33016,51:05.0,C,Closed,42:12.0,,2,18600,3,PRINCIPAL ARTERIAL - OTHER - NEW HPMS,2,Urban
1107701,1,Complete,1107701,1107701,41.308523,-72.912365,3599903,New Haven,93,93,New Haven,11/22/2023,2023,11,November,22,4,Wednesday,6:50:00,6,23047056,A,2,,Motor Vehicle In Motion,"Injury of any type (Serious, Minor, Possible)",A,Suspected Serious Injury (A),0,1,4,Local,1.38,264,GRAND AV,GRAND AV,HAMILTON ST NO 2,,,,,41.308523,-72.912365,14,Motor Vehicle in Operation,3,Angle,1,On Roadway,1,Clear,88,Not Applicable,1,Daylight,1,Dry,0,None,88,Not Applicable,88,Not Applicable,0,None,88,Not Applicable,88,Not Applicable,2,Intersection,2,Four-Way Intersection,1,No,1,No,88,Not Applicable,88,Not Applicable,88,Not Applicable,88,Not Applicable,FALSE,1,Public Road,1,"Trafficway, On Road",CT0009300,New Haven PD,33016,02:41.0,C,Closed,43:01.0,,,,,,,