CrashId,Fatal Case Status,Fatal Case Status Text Format,CrashId,CrashId,Latitude,Longitude,DOT Case Number,Town Name,Town Number,Town Number,Town Number Text Format,Date Of Crash,Year,Month,Month Text Format,Day,Day of the Week,Day of the Week Text Format,Time of Crash,Hour of the Day,Case Identifier,Crash Severity,Number Of Motor Vehicles,Motor vehicle action,Most harmful event,Crash Severity Text Format,Most Severe Injury,Most Severe Injury Text Format,Number Of Non-Motorist,Number Of Witnesses,Route Class,Route Class Text Format,Milemarker,Road Number,Road Description,Roadway Name,Intersecting Roadway Name,Landmark Description,Distance From Nearest Landmark,Unit Of Measure From Nearest Landmark,Direction From Nearest Landmark,Latitude,Longitude,First Harmful Event,First Harmful Event Text Format,Manner of Crash / Collision Impact,Manner of Crash / Collision Impact Text Format,Location of First Harmful Event,Location of First Harmful Event Text Format,Weather Condition,Weather Condition Text Format,Weather 2,Weather 2 Text Format,Light Condition,Light Condition Text Format,Road Surface Condition,Road Surface Condition Text Format,"Contributing Circumstances, Environment","Contributing Circumstances, Environment Text Format",Environment 2,Environment 2 Text Format,Environment 3,Environment 3 Text Format,"Contributing Circumstances, Road","Contributing Circumstances, Road Text Format",Road 2,Road 2 Text Format,Road 3,Road 3 Text Format,Crash Specific Location,Crash Specific Location Text Format,Type of Intersection,Type of Intersection Text Format,School Bus Related,School Bus Related Text Format,Work Zone Related,Work Zone Related Text Format,Location Of Crash Relative To Work Zone,Location Of Crash Relative To Work Zone Text Format,Type of Work Zone,Type of Work Zone Text Format,Worker Presence,Worker Presence Text Format,Law Enforcement Presence,Law Enforcement Presence Text Format,Were Vehicles Moved Prior To Police Arrival,Trafficway Ownership,Trafficway Ownership Text Format,Trafficway Class,Trafficway Class Text Format,Police Agency,Police Agency Text Format,Badge Number,Approval Date,Police Case Status,Police Case Status Text Format,Crash Report Submission Date,Related Case Identifiers,No. of Through Lanes (Log Dir.),Average Daily Traffic,Functional Classification,Functional Classification Text Format,Rural or Urban,Rural or Urban Text Format
1107702,1,Complete,1107702,1107702,41.30676,-72.94645,3599904,New Haven,93,93,New Haven,11/21/2023,2023,11,November,21,3,Tuesday,6:51:00,6,23047057,A,2,,Motor Vehicle In Motion,"Injury of any type (Serious, Minor, Possible)",B,Suspected Minor Injury (B),0,0,4,Local,1.23,809,REV DR MLK JR BLVD,REV DR MLK JR BLVD,SHERMAN AV,,,,,41.30676,-72.94645,14,Motor Vehicle in Operation,3,Angle,1,On Roadway,1,Clear,88,Not Applicable,1,Daylight,1,Dry,0,None,88,Not Applicable,88,Not Applicable,0,None,88,Not Applicable,88,Not Applicable,2,Intersection,2,Four-Way Intersection,1,No,1,No,88,Not Applicable,88,Not Applicable,88,Not Applicable,88,Not Applicable,TRUE,1,Public Road,1,"Trafficway, On Road",CT0009300,New Haven PD,476,43:32.0,C,Closed,42:04.0,,,,,,,
1107713,1,Complete,1107713,1107713,41.316313,-72.942595,3599915,New Haven,93,93,New Haven,11/21/2023,2023,11,November,21,3,Tuesday,19:09:00,19,23047201,A,1,,Pedestrian,"Injury of any type (Serious, Minor, Possible)",C,Possible Injury (C),2,0,4,Local,0.75,556,SHERMAN AV,SHERMAN AV,,WHALLEY AVE,90,Feet,S,41.316313,-72.942595,9,Pedestrian,88,Not Applicable,1,On Roadway,4,Rain,88,Not Applicable,4,Dark-Lighted,2,Wet,99,Unknown,88,Not Applicable,88,Not Applicable,0,None,88,Not Applicable,88,Not Applicable,1,Non-Junction,1,Not at Intersection,1,No,1,No,88,Not Applicable,88,Not Applicable,88,Not Applicable,88,Not Applicable,FALSE,1,Public Road,1,"Trafficway, On Road",CT0009300,New Haven PD,276,40:42.0,C,Closed,42:08.0,23047201,4,10900,4,MINOR ARTERIAL - NEW HPMS,2,Urban
1107714,1,Complete,1107714,1107714,41.325548,-72.922773,3599916,New Haven,93,93,New Haven,11/21/2023,2023,11,November,21,3,Tuesday,19:46:00,19,23047207,A,1,,Pedestrian,"Injury of any type (Serious, Minor, Possible)",C,Possible Injury (C),1,0,4,Local,0.97,495,PROSPECT ST,PROSPECT ST,CANNER ST,,,,,41.325548,-72.922773,9,Pedestrian,88,Not Applicable,1,On Roadway,4,Rain,88,Not Applicable,5,Dark-Not Lighted,2,Wet,0,None,88,Not Applicable,88,Not Applicable,0,None,88,Not Applicable,88,Not Applicable,2,Intersection,3,T-Intersection,1,No,1,No,88,Not Applicable,88,Not Applicable,88,Not Applicable,88,Not Applicable,TRUE,1,Public Road,1,"Trafficway, On Road",CT0009300,New Haven PD,42052,40:54.0,C,Closed,42:09.0,,2,7200,4,MINOR ARTERIAL - NEW HPMS,2,Urban
1107716,1,Complete,1107716,1107716,41.29745014,-72.94929845,3599918,New Haven,93,93,New Haven,11/21/2023,2023,11,November,21,3,Tuesday,22:33:00,22,23047221,A,2,,Motor Vehicle In Motion,"Injury of any type (Serious, Minor, Possible)",C,Possible Injury (C),0,0,2,USRoute,46.62,1,1-N,1-N,,ELLA T GRASSO BLVD,56,Feet,W,41.29745014,-72.94929845,14,Motor Vehicle in Operation,1,Front to rear,1,On Roadway,4,Rain,88,Not Applicable,4,Dark-Lighted,2,Wet,0,None,88,Not Applicable,88,Not Applicable,0,None,88,Not Applicable,88,Not Applicable,1,Non-Junction,1,Not at Intersection,1,No,1,No,88,Not Applicable,88,Not Applicable,88,Not Applicable,88,Not Applicable,FALSE,1,Public Road,1,"Trafficway, On Road",CT0009300,New Haven PD,44049,26:10.0,C,Closed,43:12.0,,2,20700,3,PRINCIPAL ARTERIAL - OTHER - NEW HPMS,2,Urban
1107724,1,Complete,1107724,1107724,41.30347,-72.89429,3599926,New Haven,93,93,New Haven,11/22/2023,2023,11,November,22,4,Wednesday,13:27:00,13,23047277,A,2,,Motor Vehicle In Motion,"Injury of any type (Serious, Minor, Possible)",B,Suspected Minor Injury (B),0,0,4,Local,0,795,EAST FERRY ST,EAST FERRY ST,RIVER ST,,,,,41.30347,-72.89429,14,Motor Vehicle in Operation,2,Front to front,1,On Roadway,1,Clear,88,Not Applicable,1,Daylight,1,Dry,0,None,88,Not Applicable,88,Not Applicable,0,None,88,Not Applicable,88,Not Applicable,2,Intersection,3,T-Intersection,1,No,1,No,88,Not Applicable,88,Not Applicable,88,Not Applicable,88,Not Applicable,FALSE,1,Public Road,1,"Trafficway, On Road",CT0009300,New Haven PD,45391,08:32.0,C,Closed,42:28.0,,,,,,,
1107726,1,Complete,1107726,1107726,41.30288,-72.93742,3599928,New Haven,93,93,New Haven,11/22/2023,2023,11,November,22,4,Wednesday,15:02:00,15,23047283,A,2,,Motor Vehicle In Motion,"Injury of any type (Serious, Minor, Possible)",C,Possible Injury (C),0,0,4,Local,0.66,141,DAVENPORT AV,DAVENPORT AV,VERNON ST,,,,,41.30288,-72.93742,14,Motor Vehicle in Operation,3,Angle,1,On Roadway,1,Clear,88,Not Applicable,1,Daylight,1,Dry,0,None,88,Not Applicable,88,Not Applicable,0,None,88,Not Applicable,88,Not Applicable,2,Intersection,2,Four-Way Intersection,1,No,1,No,88,Not Applicable,88,Not Applicable,88,Not Applicable,88,Not Applicable,FALSE,1,Public Road,1,"Trafficway, On Road",CT0009300,New Haven PD,45394,02:43.0,C,Closed,42:53.0,,,,,,,
1107731,1,Complete,1107731,1107731,41.310703,-72.930004,3599933,New Haven,93,93,New Haven,11/22/2023,2023,11,November,22,4,Wednesday,23:31:00,23,23047358,A,2,,Motor Vehicle In Motion,"Injury of any type (Serious, Minor, Possible)",C,Possible Injury (C),0,0,4,Local,0.2,726,ELM ST NO 2,ELM ST NO 2,YORK ST,,,,,41.310703,-72.930004,14,Motor Vehicle in Operation,3,Angle,1,On Roadway,1,Clear,88,Not Applicable,4,Dark-Lighted,1,Dry,0,None,88,Not Applicable,88,Not Applicable,0,None,88,Not Applicable,88,Not Applicable,2,Intersection,2,Four-Way Intersection,1,No,1,No,88,Not Applicable,88,Not Applicable,88,Not Applicable,88,Not Applicable,TRUE,1,Public Road,1,"Trafficway, On Road",CT0009300,New Haven PD,158,59:10.0,C,Closed,42:32.0,,,,,,,
1107734,1,Complete,1107734,1107734,41.306196,-72.894851,3599936,New Haven,93,93,New Haven,11/23/2023,2023,11,November,23,5,Thursday,17:07:00,17,23047431,A,2,,Motor Vehicle In Motion,"Injury of any type (Serious, Minor, Possible)",C,Possible Injury (C),0,0,4,Local,0.96,213,FERRY ST,FERRY ST,CHAMBERS ST,,,,,41.306196,-72.894851,14,Motor Vehicle in Operation,1,Front to rear,1,On Roadway,1,Clear,88,Not Applicable,4,Dark-Lighted,1,Dry,0,None,88,Not Applicable,88,Not Applicable,0,None,88,Not Applicable,88,Not Applicable,2,Intersection,3,T-Intersection,1,No,1,No,88,Not Applicable,88,Not Applicable,88,Not Applicable,88,Not Applicable,TRUE,1,Public Road,1,"Trafficway, On Road",CT0009300,New Haven PD,44951,22:53.0,C,Closed,42:32.0,,,,,,,
1107740,1,Complete,1107740,1107740,41.32388888,-72.94061332,3599942,New Haven,93,93,New Haven,11/24/2023,2023,11,November,24,6,Friday,16:08:00,16,23047501,A,1,,Light Support,"Injury of any type (Serious, Minor, Possible)",C,Possible Injury (C),0,0,4,Local,0.23,133,CRESCENT ST,CRESCENT ST,,MUNSON ST,58,Feet,N,41.32388888,-72.94061332,33,Utility Pole/Light Support,88,Not Applicable,4,Roadside,1,Clear,88,Not Applicable,1,Daylight,1,Dry,0,None,88,Not Applicable,88,Not Applicable,99,Unknown,88,Not Applicable,88,Not Applicable,1,Non-Junction,1,Not at Intersection,1,No,1,No,88,Not Applicable,88,Not Applicable,88,Not Applicable,88,Not Applicable,FALSE,1,Public Road,1,"Trafficway, On Road",CT0009300,New Haven PD,9,31:27.0,C,Closed,42:57.0,,4,6000,5,MAJOR COLLECTOR - NEW HPMS,2,Urban
1107743,1,Complete,1107743,1107743,41.305006,-72.936396,3599945,New Haven,93,93,New Haven,11/24/2023,2023,11,November,24,6,Friday,16:27:00,16,23047511,A,2,,Motor Vehicle In Motion,"Injury of any type (Serious, Minor, Possible)",C,Possible Injury (C),0,0,4,Local,0.51,463,PARK ST,PARK ST,,South St,115,Feet,N,41.305006,-72.936396,14,Motor Vehicle in Operation,3,Angle,1,On Roadway,1,Clear,88,Not Applicable,1,Daylight,1,Dry,0,None,88,Not Applicable,88,Not Applicable,0,None,88,Not Applicable,88,Not Applicable,9,Driveway Access-Related,1,Not at Intersection,1,No,1,No,88,Not Applicable,88,Not Applicable,88,Not Applicable,88,Not Applicable,FALSE,1,Public Road,1,"Trafficway, On Road",CT0009300,New Haven PD,158,39:50.0,C,Closed,42:43.0,,,,,,,
1107751,1,Complete,1107751,1107751,41.313697,-72.925088,3599953,New Haven,93,93,New Haven,11/25/2023,2023,11,November,25,7,Saturday,15:13:00,15,23047599,A,2,,Motor Vehicle In Motion,"Injury of any type (Serious, Minor, Possible)",C,Possible Injury (C),0,0,4,Local,0.14,495,PROSPECT ST,PROSPECT ST,,TRUMBULL ST,30,Feet,S,41.313697,-72.925088,14,Motor Vehicle in Operation,5,"Sideswipe, opposite direction",1,On Roadway,1,Clear,88,Not Applicable,1,Daylight,1,Dry,0,None,88,Not Applicable,88,Not Applicable,0,None,88,Not Applicable,88,Not Applicable,3,Intersection-Related,2,Four-Way Intersection,1,No,1,No,88,Not Applicable,88,Not Applicable,88,Not Applicable,88,Not Applicable,FALSE,1,Public Road,1,"Trafficway, On Road",CT0009300,New Haven PD,40790,47:15.0,C,Closed,42:48.0,,,,,,,
1107754,1,Complete,1107754,1107754,41.30048982,-72.94317505,3599956,New Haven,93,93,New Haven,11/25/2023,2023,11,November,25,7,Saturday,21:30:00,21,23047634,A,2,,Motor Vehicle In Motion,"Injury of any type (Serious, Minor, Possible)",C,Possible Injury (C),0,0,4,Local,0,672,WINTHROP AV NO 1,WINTHROP AV NO 1,DAVENPORT AV,,,,,41.30048982,-72.94317505,14,Motor Vehicle in Operation,3,Angle,1,On Roadway,1,Clear,88,Not Applicable,4,Dark-Lighted,1,Dry,0,None,88,Not Applicable,88,Not Applicable,0,None,88,Not Applicable,88,Not Applicable,2,Intersection,3,T-Intersection,1,No,1,No,88,Not Applicable,88,Not Applicable,88,Not Applicable,88,Not Applicable,FALSE,1,Public Road,1,"Trafficway, On Road",CT0009300,New Haven PD,44949,34:56.0,C,Closed,42:53.0,,,,,,,
1107757,1,Complete,1107757,1107757,41.310548,-72.934615,3599959,New Haven,93,93,New Haven,11/26/2023,2023,11,November,26,1,Sunday,0:55:00,0,23047653,A,2,,Motor Vehicle In Motion,"Injury of any type (Serious, Minor, Possible)",C,Possible Injury (C),0,0,4,Local,0.33,310,HOWE ST,HOWE ST,,EDGEWOOD AVE,25,,S,41.310548,-72.934615,14,Motor Vehicle in Operation,1,Front to rear,1,On Roadway,1,Clear,88,Not Applicable,4,Dark-Lighted,1,Dry,0,None,88,Not Applicable,88,Not Applicable,0,None,88,Not Applicable,88,Not Applicable,3,Intersection-Related,2,Four-Way Intersection,1,No,1,No,88,Not Applicable,88,Not Applicable,88,Not Applicable,88,Not Applicable,FALSE,1,Public Road,1,"Trafficway, On Road",CT0009300,New Haven PD,44045,43:30.0,O,Open,42:52.0,,,,,,,
1107761,1,Complete,1107761,1107761,41.3255809,-72.94726877,3599963,New Haven,93,93,New Haven,11/26/2023,2023,11,November,26,1,Sunday,19:05:00,19,23047728,A,2,,Motor Vehicle In Motion,"Injury of any type (Serious, Minor, Possible)",C,Possible Injury (C),0,0,4,Local,0.46,690,ELLA T GRASSO BLVD,ELLA T GRASSO BLVD,,GLEN RD,23,Feet,N,41.3255809,-72.94726877,14,Motor Vehicle in Operation,4,"Sideswipe, same direction",1,On Roadway,4,Rain,88,Not Applicable,4,Dark-Lighted,2,Wet,0,None,88,Not Applicable,88,Not Applicable,0,None,88,Not Applicable,88,Not Applicable,3,Intersection-Related,2,Four-Way Intersection,1,No,1,No,88,Not Applicable,88,Not Applicable,88,Not Applicable,88,Not Applicable,FALSE,1,Public Road,1,"Trafficway, On Road",CT0009300,New Haven PD,44339,01:02.0,C,Closed,42:59.0,,,,,,,
1107783,1,Complete,1107783,1107783,41.33132012,-72.91720589,3599985,New Haven,93,93,New Haven,11/27/2023,2023,11,November,27,2,Monday,8:41:00,8,23047778,A,3,,Motor Vehicle In Motion,"Injury of any type (Serious, Minor, Possible)",C,Possible Injury (C),0,0,4,Local,0.21,177,EDGEHILL RD,EDGEHILL RD,EAST ROCK RD,,,,,41.33132012,-72.91720589,14,Motor Vehicle in Operation,97,Other,1,On Roadway,1,Clear,88,Not Applicable,1,Daylight,1,Dry,0,None,88,Not Applicable,88,Not Applicable,0,None,88,Not Applicable,88,Not Applicable,2,Intersection,2,Four-Way Intersection,1,No,1,No,88,Not Applicable,88,Not Applicable,88,Not Applicable,88,Not Applicable,FALSE,1,Public Road,1,"Trafficway, On Road",CT0009300,New Haven PD,32,18:14.0,C,Closed,43:04.0,,,,,,,
1107784,1,Complete,1107784,1107784,41.33116036,-72.96742699,3599986,New Haven,93,93,New Haven,11/27/2023,2023,11,November,27,2,Monday,9:22:00,9,23047786,A,4,,Motor Vehicle In Motion,"Injury of any type (Serious, Minor, Possible)",C,Possible Injury (C),0,0,4,Local,0.73,612,VALLEY ST NO 1,VALLEY ST NO 1,,STRONG ST,22,Feet,E,41.33116036,-72.96742699,14,Motor Vehicle in Operation,1,Front to rear,1,On Roadway,1,Clear,88,Not Applicable,1,Daylight,1,Dry,0,None,88,Not Applicable,88,Not Applicable,8,Work Zone (construction / maintenance / utility),88,Not Applicable,88,Not Applicable,3,Intersection-Related,3,T-Intersection,1,No,2,Yes,1,Before the First Work Zone Warning Sign,1,Lane Closure,2,Yes,2,Yes,TRUE,1,Public Road,1,"Trafficway, On Road",CT0009300,New Haven PD,349,31:12.0,O,Open,43:07.0,,,,,,,
1107901,1,Complete,1107901,1107901,41.332518,-72.974993,3600103,New Haven,93,93,New Haven,11/6/2023,2023,11,November,6,2,Monday,17:30:00,17,23045043,A,2,,Motor Vehicle In Motion,"Injury of any type (Serious, Minor, Possible)",C,Possible Injury (C),0,0,3,State,1.12,63,63-N,63-N,RAMSDELL ST,,,,,41.332518,-72.974993,14,Motor Vehicle in Operation,3,Angle,1,On Roadway,1,Clear,88,Not Applicable,4,Dark-Lighted,1,Dry,0,None,88,Not Applicable,88,Not Applicable,0,None,88,Not Applicable,88,Not Applicable,2,Intersection,2,Four-Way Intersection,1,No,1,No,88,Not Applicable,88,Not Applicable,88,Not Applicable,88,Not Applicable,FALSE,1,Public Road,1,"Trafficway, On Road",CT0009300,New Haven PD,42045,34:35.0,C,Closed,01:48.0,,2,23000,3,PRINCIPAL ARTERIAL - OTHER - NEW HPMS,2,Urban
1107903,1,Complete,1107903,1107903,41.30226,-72.92457,3600105,New Haven,93,93,New Haven,11/11/2023,2023,11,November,11,7,Saturday,2:45:00,2,23045669,A,1,,Tree (standing),"Injury of any type (Serious, Minor, Possible)",B,Suspected Minor Injury (B),0,1,4,Local,1.54,575,STATE ST,STATE ST,,GEORGE ST,100,Feet,S,41.30226,-72.92457,25,Curb,88,Not Applicable,1,On Roadway,1,Clear,88,Not Applicable,4,Dark-Lighted,1,Dry,0,None,88,Not Applicable,88,Not Applicable,99,Unknown,88,Not Applicable,88,Not Applicable,1,Non-Junction,1,Not at Intersection,1,No,1,No,88,Not Applicable,88,Not Applicable,88,Not Applicable,88,Not Applicable,FALSE,1,Public Road,1,"Trafficway, On Road",CT0009300,New Haven PD,44176,25:11.0,C,Closed,01:57.0,,3,10200,3,PRINCIPAL ARTERIAL - OTHER - NEW HPMS,2,Urban
1107907,1,Complete,1107907,1107907,41.3043296,-72.9285999,3600109,New Haven,93,93,New Haven,11/22/2023,2023,11,November,22,4,Wednesday,13:45:00,13,23047278,A,2,,Motor Vehicle In Motion,"Injury of any type (Serious, Minor, Possible)",C,Possible Injury (C),0,1,4,Local,0.75,588,TEMPLE ST,TEMPLE ST,GEORGE ST,,,,,41.3043296,-72.9285999,14,Motor Vehicle in Operation,3,Angle,1,On Roadway,1,Clear,88,Not Applicable,1,Daylight,1,Dry,0,None,88,Not Applicable,88,Not Applicable,0,None,88,Not Applicable,88,Not Applicable,2,Intersection,2,Four-Way Intersection,1,No,1,No,88,Not Applicable,88,Not Applicable,88,Not Applicable,88,Not Applicable,TRUE,1,Public Road,1,"Trafficway, On Road",CT0009300,New Haven PD,469,57:59.0,C,Closed,01:55.0,,,,,,,
1107908,1,Complete,1107908,1107908,41.31720311,-72.97091681,3600110,New Haven,93,93,New Haven,11/22/2023,2023,11,November,22,4,Wednesday,18:12:00,18,23047323,A,2,,Motor Vehicle In Motion,"Injury of any type (Serious, Minor, Possible)",C,Possible Injury (C),0,0,3,State,2.65,122,122-N,122-N,CHAPEL ST,,,,,41.31720311,-72.97091681,14,Motor Vehicle in Operation,3,Angle,1,On Roadway,1,Clear,88,Not Applicable,5,Dark-Not Lighted,1,Dry,0,None,88,Not Applicable,88,Not Applicable,0,None,88,Not Applicable,88,Not Applicable,2,Intersection,3,T-Intersection,1,No,1,No,88,Not Applicable,88,Not Applicable,88,Not Applicable,88,Not Applicable,FALSE,1,Public Road,1,"Trafficway, On Road",CT0009300,New Haven PD,45397,02:15.0,C,Closed,01:57.0,,1,11800,4,MINOR ARTERIAL - NEW HPMS,1,Rural
1107910,1,Complete,1107910,1107910,41.3019,-72.928745,3600112,New Haven,93,93,New Haven,11/27/2023,2023,11,November,27,2,Monday,22:09:00,22,23047885,A,2,,Motor Vehicle In Motion,"Injury of any type (Serious, Minor, Possible)",C,Possible Injury (C),0,0,4,Local,0.23,104,CHURCH ST SOUTH NO 1,CHURCH ST SOUTH NO 1,,S FRONTAGE RD,50,Feet,S,41.3019,-72.928745,14,Motor Vehicle in Operation,1,Front to rear,1,On Roadway,1,Clear,88,Not Applicable,4,Dark-Lighted,1,Dry,0,None,88,Not Applicable,88,Not Applicable,0,None,88,Not Applicable,88,Not Applicable,3,Intersection-Related,2,Four-Way Intersection,1,No,1,No,88,Not Applicable,88,Not Applicable,88,Not Applicable,88,Not Applicable,FALSE,1,Public Road,1,"Trafficway, On Road",CT0009300,New Haven PD,476,20:44.0,C,Closed,01:52.0,,,,,,,
1107914,1,Complete,1107914,1107914,41.3095934,-72.9418702,3600116,New Haven,93,93,New Haven,11/28/2023,2023,11,November,28,3,Tuesday,15:51:00,15,23047977,A,3,,Motor Vehicle In Motion,"Injury of any type (Serious, Minor, Possible)",C,Possible Injury (C),0,0,4,Local,0.57,453,ORCHARD ST,ORCHARD ST,,GEORGE ST,142,Feet,N,41.3095934,-72.9418702,14,Motor Vehicle in Operation,1,Front to rear,1,On Roadway,1,Clear,88,Not Applicable,1,Daylight,1,Dry,0,None,88,Not Applicable,88,Not Applicable,0,None,88,Not Applicable,88,Not Applicable,1,Non-Junction,1,Not at Intersection,1,No,1,No,88,Not Applicable,88,Not Applicable,88,Not Applicable,88,Not Applicable,FALSE,1,Public Road,1,"Trafficway, On Road",CT0009300,New Haven PD,40804,49:21.0,C,Closed,01:50.0,,,,,,,
1108310,1,Complete,1108310,1108310,41.31884597,-72.94850868,3600512,New Haven,93,93,New Haven,11/28/2023,2023,11,November,28,3,Tuesday,16:27:00,16,23047984,A,2,,Motor Vehicle In Motion,"Injury of any type (Serious, Minor, Possible)",B,Suspected Minor Injury (B),0,0,4,Local,0.03,653,WHALLEY AV,WHALLEY AV,,ELLA T GRASS BLVD,149,Feet,E,41.31884597,-72.94850868,14,Motor Vehicle in Operation,3,Angle,1,On Roadway,1,Clear,88,Not Applicable,1,Daylight,1,Dry,0,None,88,Not Applicable,88,Not Applicable,0,None,88,Not Applicable,88,Not Applicable,9,Driveway Access-Related,1,Not at Intersection,1,No,1,No,88,Not Applicable,88,Not Applicable,88,Not Applicable,88,Not Applicable,TRUE,1,Public Road,1,"Trafficway, On Road",CT0009300,New Haven PD,45403,52:16.0,C,Closed,00:44.0,,,,,,,
1108315,1,Complete,1108315,1108315,41.299938,-72.89222,3600517,New Haven,93,93,New Haven,11/22/2023,2023,11,November,22,4,Wednesday,15:34:00,15,23048084,A,1,,Overturn/Rollover,"Injury of any type (Serious, Minor, Possible)",B,Suspected Minor Injury (B),0,0,4,Local,0.37,210,FARREN AV,FARREN AV,,E FERRY ST,259,Feet,S,41.299938,-72.89222,1,Overturn/Rollover,88,Not Applicable,4,Roadside,1,Clear,88,Not Applicable,1,Daylight,1,Dry,99,Unknown,88,Not Applicable,88,Not Applicable,0,None,88,Not Applicable,88,Not Applicable,1,Non-Junction,1,Not at Intersection,1,No,1,No,88,Not Applicable,88,Not Applicable,88,Not Applicable,88,Not Applicable,FALSE,1,Public Road,1,"Trafficway, On Road",CT0009300,New Haven PD,801,43:48.0,C,Closed,00:50.0,,2,11400,4,MINOR ARTERIAL - NEW HPMS,2,Urban
1108934,1,Complete,1108934,1108934,41.325151,-72.960486,3601136,New Haven,93,93,New Haven,11/15/2023,2023,11,November,15,4,Wednesday,13:31:00,13,23046260,A,3,,Motor Vehicle In Motion,"Injury of any type (Serious, Minor, Possible)",C,Possible Injury (C),0,0,4,Local,0.11,93,CENTRAL AV,CENTRAL AV,,FOUNTAIN STREET,415,Feet,S,41.325151,-72.960486,14,Motor Vehicle in Operation,3,Angle,1,On Roadway,1,Clear,88,Not Applicable,1,Daylight,1,Dry,0,None,88,Not Applicable,88,Not Applicable,0,None,88,Not Applicable,88,Not Applicable,1,Non-Junction,1,Not at Intersection,1,No,1,No,88,Not Applicable,88,Not Applicable,88,Not Applicable,88,Not Applicable,FALSE,1,Public Road,1,"Trafficway, On Road",CT0009300,New Haven PD,225,17:11.0,C,Closed,01:50.0,,,,,,,
1108938,1,Complete,1108938,1108938,41.31009,-72.95325,3601140,New Haven,93,93,New Haven,11/29/2023,2023,11,November,29,4,Wednesday,5:45:00,5,23048025,A,2,,Motor Vehicle In Motion,"Injury of any type (Serious, Minor, Possible)",C,Possible Injury (C),0,1,3,State,21.88,34,34-E,34-E,10-N,,,,,41.31009,-72.95325,14,Motor Vehicle in Operation,3,Angle,1,On Roadway,1,Clear,88,Not Applicable,4,Dark-Lighted,1,Dry,0,None,88,Not Applicable,88,Not Applicable,0,None,88,Not Applicable,88,Not Applicable,2,Intersection,2,Four-Way Intersection,1,No,1,No,88,Not Applicable,88,Not Applicable,88,Not Applicable,88,Not Applicable,FALSE,1,Public Road,1,"Trafficway, On Road",CT0009300,New Haven PD,11107,15:53.0,C,Closed,01:55.0,,1,22200,3,PRINCIPAL ARTERIAL - OTHER - NEW HPMS,2,Urban
1108939,1,Complete,1108939,1108939,41.30706474,-72.93511069,3601141,New Haven,93,93,New Haven,11/29/2023,2023,11,November,29,4,Wednesday,9:00:00,9,23048036,A,2,,Motor Vehicle In Motion,"Injury of any type (Serious, Minor, Possible)",C,Possible Injury (C),0,0,4,Local,0.82,248,GEORGE ST,GEORGE ST,,PARK ST,20,Feet,W,41.30706474,-72.93511069,14,Motor Vehicle in Operation,1,Front to rear,1,On Roadway,1,Clear,88,Not Applicable,1,Daylight,1,Dry,0,None,88,Not Applicable,88,Not Applicable,0,None,88,Not Applicable,88,Not Applicable,3,Intersection-Related,2,Four-Way Intersection,1,No,1,No,88,Not Applicable,88,Not Applicable,88,Not Applicable,88,Not Applicable,TRUE,1,Public Road,1,"Trafficway, On Road",CT0009300,New Haven PD,263,21:55.0,C,Closed,01:51.0,,,,,,,
1108941,1,Complete,1108941,1108941,41.306309,-72.935497,3601143,New Haven,93,93,New Haven,11/30/2023,2023,11,November,30,5,Thursday,10:17:00,10,23048177,A,2,,Motor Vehicle In Motion,"Injury of any type (Serious, Minor, Possible)",B,Suspected Minor Injury (B),0,0,4,Local,0.64,809,REV DR MLK JR BLVD,REV DR MLK JR BLVD,PARK ST,,,,,41.306309,-72.935497,14,Motor Vehicle in Operation,3,Angle,1,On Roadway,1,Clear,88,Not Applicable,1,Daylight,1,Dry,0,None,88,Not Applicable,88,Not Applicable,0,None,88,Not Applicable,88,Not Applicable,2,Intersection,3,T-Intersection,1,No,1,No,88,Not Applicable,88,Not Applicable,88,Not Applicable,88,Not Applicable,TRUE,1,Public Road,1,"Trafficway, On Road",CT0009300,New Haven PD,45400,58:44.0,C,Closed,01:51.0,,,,,,,
1108944,1,Complete,1108944,1108944,41.29446,-72.94123,3601146,New Haven,93,93,New Haven,11/30/2023,2023,11,November,30,5,Thursday,16:40:00,16,23048220,A,2,,Motor Vehicle In Motion,"Injury of any type (Serious, Minor, Possible)",C,Possible Injury (C),0,0,4,Local,0.11,114,CLOVER PL,CLOVER PL,FRANK ST,,,,,41.29446,-72.94123,14,Motor Vehicle in Operation,4,"Sideswipe, same direction",1,On Roadway,1,Clear,88,Not Applicable,1,Daylight,1,Dry,0,None,88,Not Applicable,88,Not Applicable,0,None,88,Not Applicable,88,Not Applicable,3,Intersection-Related,3,T-Intersection,2,"Yes, School Bus Directly Involved",1,No,88,Not Applicable,88,Not Applicable,88,Not Applicable,88,Not Applicable,FALSE,1,Public Road,1,"Trafficway, On Road",CT0009300,New Haven PD,42366,00:31.0,C,Closed,01:54.0,,,,,,,
1108946,1,Complete,1108946,1108946,41.296242,-72.928305,3601148,New Haven,93,93,New Haven,11/30/2023,2023,11,November,30,5,Thursday,21:34:00,21,23048260,A,2,,Motor Vehicle In Motion,"Injury of any type (Serious, Minor, Possible)",B,Suspected Minor Injury (B),0,0,2,USRoute,47.84,1,1-N,1-N,CHURCH ST SOUTH NO 2,,,,,41.296242,-72.928305,14,Motor Vehicle in Operation,3,Angle,1,On Roadway,1,Clear,88,Not Applicable,4,Dark-Lighted,1,Dry,0,None,88,Not Applicable,88,Not Applicable,0,None,88,Not Applicable,88,Not Applicable,2,Intersection,2,Four-Way Intersection,1,No,1,No,88,Not Applicable,88,Not Applicable,88,Not Applicable,88,Not Applicable,FALSE,1,Public Road,1,"Trafficway, On Road",CT0009300,New Haven PD,42366,37:41.0,C,Closed,01:53.0,,1,9500,3,PRINCIPAL ARTERIAL - OTHER - NEW HPMS,1,Rural