CrashId,Fatal Case Status,Fatal Case Status Text Format,CrashId,CrashId,Latitude,Longitude,DOT Case Number,Town Name,Town Number,Town Number,Town Number Text Format,Date Of Crash,Year,Month,Month Text Format,Day,Day of the Week,Day of the Week Text Format,Time of Crash,Hour of the Day,Case Identifier,Crash Severity,Number Of Motor Vehicles,Motor vehicle action,Most harmful event,Crash Severity Text Format,Most Severe Injury,Most Severe Injury Text Format,Number Of Non-Motorist,Number Of Witnesses,Route Class,Route Class Text Format,Milemarker,Road Number,Road Description,Roadway Name,Intersecting Roadway Name,Landmark Description,Distance From Nearest Landmark,Unit Of Measure From Nearest Landmark,Direction From Nearest Landmark,Latitude,Longitude,First Harmful Event,First Harmful Event Text Format,Manner of Crash / Collision Impact,Manner of Crash / Collision Impact Text Format,Location of First Harmful Event,Location of First Harmful Event Text Format,Weather Condition,Weather Condition Text Format,Weather 2,Weather 2 Text Format,Light Condition,Light Condition Text Format,Road Surface Condition,Road Surface Condition Text Format,"Contributing Circumstances, Environment","Contributing Circumstances, Environment Text Format",Environment 2,Environment 2 Text Format,Environment 3,Environment 3 Text Format,"Contributing Circumstances, Road","Contributing Circumstances, Road Text Format",Road 2,Road 2 Text Format,Road 3,Road 3 Text Format,Crash Specific Location,Crash Specific Location Text Format,Type of Intersection,Type of Intersection Text Format,School Bus Related,School Bus Related Text Format,Work Zone Related,Work Zone Related Text Format,Location Of Crash Relative To Work Zone,Location Of Crash Relative To Work Zone Text Format,Type of Work Zone,Type of Work Zone Text Format,Worker Presence,Worker Presence Text Format,Law Enforcement Presence,Law Enforcement Presence Text Format,Were Vehicles Moved Prior To Police Arrival,Trafficway Ownership,Trafficway Ownership Text Format,Trafficway Class,Trafficway Class Text Format,Police Agency,Police Agency Text Format,Badge Number,Approval Date,Police Case Status,Police Case Status Text Format,Crash Report Submission Date,Related Case Identifiers,No. of Through Lanes (Log Dir.),Average Daily Traffic,Functional Classification,Functional Classification Text Format,Rural or Urban,Rural or Urban Text Format
1109348,1,Complete,1109348,1109348,41.31679,-72.93336,3601550,New Haven,93,93,New Haven,11/17/2023,2023,11,November,17,6,Friday,13:01:00,13,23046552,A,2,,Motor Vehicle In Motion,"Injury of any type (Serious, Minor, Possible)",A,Suspected Serious Injury (A),0,0,4,Local,0.28,152,DIXWELL AV,DIXWELL AV,WEBSTER ST,,,,,41.31679,-72.93336,14,Motor Vehicle in Operation,3,Angle,1,On Roadway,1,Clear,88,Not Applicable,1,Daylight,1,Dry,0,None,88,Not Applicable,88,Not Applicable,0,None,88,Not Applicable,88,Not Applicable,2,Intersection,2,Four-Way Intersection,1,No,1,No,88,Not Applicable,88,Not Applicable,88,Not Applicable,88,Not Applicable,FALSE,1,Public Road,1,"Trafficway, On Road",CT0009300,New Haven PD,991,04:00.0,C,Closed,00:38.0,,,,,,,
1109354,1,Complete,1109354,1109354,41.29614276,-72.93951146,3601556,New Haven,93,93,New Haven,11/28/2023,2023,11,November,28,3,Tuesday,16:32:00,16,23047987,A,2,,Motor Vehicle In Motion,"Injury of any type (Serious, Minor, Possible)",C,Possible Injury (C),0,0,4,Local,0.11,636,WEST ST,WEST ST,FRANK ST,,,,,41.29614276,-72.93951146,14,Motor Vehicle in Operation,3,Angle,1,On Roadway,1,Clear,88,Not Applicable,5,Dark-Not Lighted,1,Dry,0,None,88,Not Applicable,88,Not Applicable,0,None,88,Not Applicable,88,Not Applicable,2,Intersection,2,Four-Way Intersection,1,No,1,No,88,Not Applicable,88,Not Applicable,88,Not Applicable,88,Not Applicable,FALSE,1,Public Road,1,"Trafficway, On Road",CT0009300,New Haven PD,44953,54:44.0,C,Closed,00:49.0,,,,,,,
1109358,1,Complete,1109358,1109358,41.314439,-72.90173,3601560,New Haven,93,93,New Haven,11/30/2023,2023,11,November,30,5,Thursday,12:55:00,12,23048206,A,2,,Motor Vehicle In Motion,"Injury of any type (Serious, Minor, Possible)",C,Possible Injury (C),0,0,4,Local,0.12,379,LOMBARD ST,LOMBARD ST,MONROE ST,,,,,41.314439,-72.90173,14,Motor Vehicle in Operation,3,Angle,1,On Roadway,1,Clear,88,Not Applicable,1,Daylight,1,Dry,99,Unknown,88,Not Applicable,88,Not Applicable,0,None,88,Not Applicable,88,Not Applicable,2,Intersection,2,Four-Way Intersection,1,No,1,No,88,Not Applicable,88,Not Applicable,88,Not Applicable,88,Not Applicable,TRUE,1,Public Road,1,"Trafficway, On Road",CT0009300,New Haven PD,980,15:02.0,C,Closed,00:39.0,,,,,,,
1109363,1,Complete,1109363,1109363,41.322177,-72.938522,3601565,New Haven,93,93,New Haven,12/2/2023,2023,12,December,2,7,Saturday,7:05:00,7,23048311,A,4,,Motor Vehicle In Motion,"Injury of any type (Serious, Minor, Possible)",C,Possible Injury (C),0,0,4,Local,0.18,557,SHERMAN PKWY,SHERMAN PKWY,,MUNSON ST,200,Feet,S,41.322177,-72.938522,14,Motor Vehicle in Operation,5,"Sideswipe, opposite direction",1,On Roadway,1,Clear,88,Not Applicable,1,Daylight,1,Dry,0,None,88,Not Applicable,88,Not Applicable,0,None,88,Not Applicable,88,Not Applicable,1,Non-Junction,1,Not at Intersection,1,No,1,No,88,Not Applicable,88,Not Applicable,88,Not Applicable,88,Not Applicable,FALSE,1,Public Road,1,"Trafficway, On Road",CT0009300,New Haven PD,45630,15:42.0,C,Closed,00:46.0,,,,,,,
1109368,1,Complete,1109368,1109368,41.3275,-72.93294,3601570,New Haven,93,93,New Haven,12/1/2023,2023,12,December,1,6,Friday,18:06:00,18,23048358,A,1,,Pedestrian,"Injury of any type (Serious, Minor, Possible)",A,Suspected Serious Injury (A),1,0,4,Local,0.37,552,SHELTON AV,SHELTON AV,,THOMPSON ST,33,Feet,S,41.3275,-72.93294,9,Pedestrian,88,Not Applicable,1,On Roadway,4,Rain,88,Not Applicable,4,Dark-Lighted,2,Wet,1,Weather Conditions,88,Not Applicable,88,Not Applicable,0,None,88,Not Applicable,88,Not Applicable,2,Intersection,2,Four-Way Intersection,1,No,1,No,88,Not Applicable,88,Not Applicable,88,Not Applicable,88,Not Applicable,FALSE,1,Public Road,1,"Trafficway, On Road",CT0009300,New Haven PD,44948,08:13.0,C,Closed,00:47.0,23048358,2,4400,5,MAJOR COLLECTOR - NEW HPMS,2,Urban
1109371,1,Complete,1109371,1109371,41.320563,-72.951305,3601573,New Haven,93,93,New Haven,12/1/2023,2023,12,December,1,6,Friday,22:18:00,22,23048380,A,2,,Motor Vehicle In Motion,"Injury of any type (Serious, Minor, Possible)",C,Possible Injury (C),1,0,3,State,3.19,10,10-N,10-N,,HOBART ST,100,Feet,W,41.320563,-72.951305,14,Motor Vehicle in Operation,4,"Sideswipe, same direction",1,On Roadway,4,Rain,88,Not Applicable,4,Dark-Lighted,2,Wet,0,None,88,Not Applicable,88,Not Applicable,0,None,88,Not Applicable,88,Not Applicable,1,Non-Junction,1,Not at Intersection,1,No,1,No,88,Not Applicable,88,Not Applicable,88,Not Applicable,88,Not Applicable,TRUE,1,Public Road,1,"Trafficway, On Road",CT0009300,New Haven PD,42366,55:09.0,O,Open,00:44.0,,2,18100,3,PRINCIPAL ARTERIAL - OTHER - NEW HPMS,2,Urban
1109377,1,Complete,1109377,1109377,41.315934,-72.872857,3601579,New Haven,93,93,New Haven,12/2/2023,2023,12,December,2,7,Saturday,14:06:00,14,23048458,A,2,,Motor Vehicle In Motion,"Injury of any type (Serious, Minor, Possible)",A,Suspected Serious Injury (A),0,1,4,Local,0.64,167,EASTERN ST,EASTERN ST,Bella Vista Dr,,,,,41.315934,-72.872857,14,Motor Vehicle in Operation,3,Angle,1,On Roadway,1,Clear,88,Not Applicable,1,Daylight,1,Dry,0,None,88,Not Applicable,88,Not Applicable,0,None,88,Not Applicable,88,Not Applicable,2,Intersection,3,T-Intersection,1,No,1,No,88,Not Applicable,88,Not Applicable,88,Not Applicable,88,Not Applicable,FALSE,1,Public Road,1,"Trafficway, On Road",CT0009300,New Haven PD,416,18:30.0,C,Closed,00:53.0,,,,,,,
1109387,1,Complete,1109387,1109387,41.3169348,-72.9431812,3601589,New Haven,93,93,New Haven,12/3/2023,2023,12,December,3,1,Sunday,19:22:00,19,23048583,A,3,,Motor Vehicle In Motion,"Injury of any type (Serious, Minor, Possible)",C,Possible Injury (C),0,0,4,Local,0.34,653,WHALLEY AV,WHALLEY AV,,CARMEL ST,75,Feet,E,41.3169348,-72.9431812,14,Motor Vehicle in Operation,1,Front to rear,1,On Roadway,4,Rain,88,Not Applicable,4,Dark-Lighted,2,Wet,0,None,88,Not Applicable,88,Not Applicable,0,None,88,Not Applicable,88,Not Applicable,1,Non-Junction,1,Not at Intersection,1,No,1,No,88,Not Applicable,88,Not Applicable,88,Not Applicable,88,Not Applicable,TRUE,1,Public Road,1,"Trafficway, On Road",CT0009300,New Haven PD,45403,24:42.0,C,Closed,00:59.0,,,,,,,
1109946,1,Complete,1109946,1109946,41.29337,-72.93302,3602148,New Haven,93,93,New Haven,12/4/2023,2023,12,December,4,2,Monday,18:11:00,18,23045868,A,1,,Pedestrian,"Injury of any type (Serious, Minor, Possible)",B,Suspected Minor Injury (B),1,0,4,Local,0.92,308,HOWARD AV,HOWARD AV,ROSETTE ST,,,,,41.29337,-72.93302,9,Pedestrian,88,Not Applicable,1,On Roadway,1,Clear,88,Not Applicable,3,Dusk,1,Dry,0,None,88,Not Applicable,88,Not Applicable,0,None,88,Not Applicable,88,Not Applicable,2,Intersection,2,Four-Way Intersection,1,No,1,No,88,Not Applicable,88,Not Applicable,88,Not Applicable,88,Not Applicable,FALSE,1,Public Road,1,"Trafficway, On Road",CT0009300,New Haven PD,33016,28:25.0,C,Closed,00:59.0,,2,7100,4,MINOR ARTERIAL - NEW HPMS,2,Urban
1109948,1,Complete,1109948,1109948,41.31097,-72.942802,3602150,New Haven,93,93,New Haven,11/16/2023,2023,11,November,16,5,Thursday,7:05:00,7,23046341,A,2,,Motor Vehicle In Motion,"Injury of any type (Serious, Minor, Possible)",C,Possible Injury (C),0,0,4,Local,2.72,97,CHAPEL ST,CHAPEL ST,,Beers St,30,Feet,W,41.31097,-72.942802,14,Motor Vehicle in Operation,3,Angle,1,On Roadway,1,Clear,88,Not Applicable,1,Daylight,1,Dry,0,None,88,Not Applicable,88,Not Applicable,0,None,88,Not Applicable,88,Not Applicable,1,Non-Junction,1,Not at Intersection,1,No,1,No,88,Not Applicable,88,Not Applicable,88,Not Applicable,88,Not Applicable,FALSE,1,Public Road,1,"Trafficway, On Road",CT0009300,New Haven PD,91,17:51.0,C,Closed,00:54.0,,,,,,,
1109952,1,Complete,1109952,1109952,41.31022,-72.921918,3602154,New Haven,93,93,New Haven,12/1/2023,2023,12,December,1,6,Friday,7:50:00,7,23048282,A,2,,Pedalcycle/Pedalcyclist,"Injury of any type (Serious, Minor, Possible)",C,Possible Injury (C),1,0,4,Local,0.14,271,GROVE ST,GROVE ST,,CHURCH ST,160,Feet,E,41.31022,-72.921918,10,Pedalcycle/Pedalcyclist,4,"Sideswipe, same direction",1,On Roadway,1,Clear,88,Not Applicable,1,Daylight,1,Dry,0,None,88,Not Applicable,88,Not Applicable,0,None,88,Not Applicable,88,Not Applicable,1,Non-Junction,1,Not at Intersection,1,No,1,No,88,Not Applicable,88,Not Applicable,88,Not Applicable,88,Not Applicable,TRUE,1,Public Road,1,"Trafficway, On Road",CT0009300,New Haven PD,263,31:53.0,C,Closed,00:51.0,,,,,,,
1109954,1,Complete,1109954,1109954,41.31467299,-72.95928336,3602156,New Haven,93,93,New Haven,12/2/2023,2023,12,December,2,7,Saturday,14:00:00,14,23048455,A,3,,Parked Vehicle,"Injury of any type (Serious, Minor, Possible)",C,Possible Injury (C),1,1,4,Local,3.63,97,CHAPEL ST,CHAPEL ST,,YALE AVE,40,Feet,W,41.31467299,-72.95928336,15,Parked Motor Vehicle,1,Front to rear,1,On Roadway,1,Clear,88,Not Applicable,1,Daylight,1,Dry,0,None,88,Not Applicable,88,Not Applicable,0,None,88,Not Applicable,88,Not Applicable,2,Intersection,2,Four-Way Intersection,1,No,1,No,88,Not Applicable,88,Not Applicable,88,Not Applicable,88,Not Applicable,FALSE,1,Public Road,1,"Trafficway, On Road",CT0009300,New Haven PD,45401,18:17.0,O,Open,00:52.0,,,,,,,
1109959,1,Complete,1109959,1109959,41.32882783,-72.97883108,3602161,New Haven,93,93,New Haven,12/4/2023,2023,12,December,4,2,Monday,8:52:00,8,23048620,A,3,,Motor Vehicle In Motion,"Injury of any type (Serious, Minor, Possible)",C,Possible Injury (C),0,0,3,State,5.65,243,243-E,243-E,,ramsdell st,34,Feet,E,41.32882783,-72.97883108,14,Motor Vehicle in Operation,1,Front to rear,1,On Roadway,1,Clear,88,Not Applicable,1,Daylight,1,Dry,0,None,88,Not Applicable,88,Not Applicable,0,None,88,Not Applicable,88,Not Applicable,3,Intersection-Related,3,T-Intersection,1,No,1,No,88,Not Applicable,88,Not Applicable,88,Not Applicable,88,Not Applicable,FALSE,88,Not Applicable,1,"Trafficway, On Road",CT0009300,New Haven PD,79,24:01.0,C,Closed,00:56.0,,1,9800,4,MINOR ARTERIAL - NEW HPMS,1,Rural
1109961,1,Complete,1109961,1109961,41.334,-72.9763,3602163,New Haven,93,93,New Haven,12/4/2023,2023,12,December,4,2,Monday,13:30:00,13,23048667,A,3,,Motor Vehicle In Motion,"Injury of any type (Serious, Minor, Possible)",C,Possible Injury (C),0,0,3,State,1.25,63,63-N,63-N,,GLEN VIEW TER,50,Feet,S,41.334,-72.9763,14,Motor Vehicle in Operation,1,Front to rear,1,On Roadway,1,Clear,88,Not Applicable,1,Daylight,1,Dry,0,None,88,Not Applicable,88,Not Applicable,0,None,88,Not Applicable,88,Not Applicable,2,Intersection,3,T-Intersection,1,No,1,No,88,Not Applicable,88,Not Applicable,88,Not Applicable,88,Not Applicable,FALSE,1,Public Road,1,"Trafficway, On Road",CT0009300,New Haven PD,79,20:24.0,C,Closed,00:57.0,,1,27000,3,PRINCIPAL ARTERIAL - OTHER - NEW HPMS,2,Urban
1110243,1,Complete,1110243,1110243,41.3026,-72.922801,3602445,New Haven,93,93,New Haven,11/2/2023,2023,11,November,2,5,Thursday,6:06:00,6,23044432,A,1,,Pedestrian,"Injury of any type (Serious, Minor, Possible)",B,Suspected Minor Injury (B),1,0,4,Local,0.09,606,UNION ST,UNION ST,FAIR ST,,,,,41.3026,-72.922801,9,Pedestrian,88,Not Applicable,1,On Roadway,1,Clear,88,Not Applicable,4,Dark-Lighted,1,Dry,0,None,88,Not Applicable,88,Not Applicable,0,None,88,Not Applicable,88,Not Applicable,2,Intersection,2,Four-Way Intersection,1,No,1,No,88,Not Applicable,88,Not Applicable,88,Not Applicable,88,Not Applicable,FALSE,1,Public Road,1,"Trafficway, On Road",CT0009300,New Haven PD,44065,21:23.0,C,Closed,00:19.0,,2,5521,7,LOCAL - NEW HPMS,2,Urban
1110248,1,Complete,1110248,1110248,41.3115419,-72.9309052,3602450,New Haven,93,93,New Haven,12/1/2023,2023,12,December,1,6,Friday,13:42:00,13,23048318,A,2,,Motor Vehicle In Motion,"Injury of any type (Serious, Minor, Possible)",C,Possible Injury (C),0,0,4,Local,0.05,68,BROADWAY,BROADWAY,,TOWER PARKWAY,588,Feet,E,41.3115419,-72.9309052,14,Motor Vehicle in Operation,1,Front to rear,1,On Roadway,2,Cloudy,88,Not Applicable,1,Daylight,2,Wet,0,None,88,Not Applicable,88,Not Applicable,0,None,88,Not Applicable,88,Not Applicable,1,Non-Junction,1,Not at Intersection,1,No,1,No,88,Not Applicable,88,Not Applicable,88,Not Applicable,88,Not Applicable,TRUE,1,Public Road,1,"Trafficway, On Road",CT0009300,New Haven PD,469,30:25.0,C,Closed,00:14.0,,,,,,,
1110252,1,Complete,1110252,1110252,41.308811,-72.925542,3602454,New Haven,93,93,New Haven,12/5/2023,2023,12,December,5,3,Tuesday,9:05:00,9,23048773,A,2,,Motor Vehicle In Motion,"Injury of any type (Serious, Minor, Possible)",C,Possible Injury (C),0,0,4,Local,0.47,726,ELM ST NO 2,ELM ST NO 2,TEMPLE ST,,,,,41.308811,-72.925542,14,Motor Vehicle in Operation,3,Angle,1,On Roadway,2,Cloudy,88,Not Applicable,1,Daylight,1,Dry,0,None,88,Not Applicable,88,Not Applicable,0,None,88,Not Applicable,88,Not Applicable,3,Intersection-Related,2,Four-Way Intersection,1,No,1,No,88,Not Applicable,88,Not Applicable,88,Not Applicable,88,Not Applicable,TRUE,1,Public Road,1,"Trafficway, On Road",CT0009300,New Haven PD,165,44:02.0,C,Closed,00:18.0,,,,,,,
1110498,1,Complete,1110498,1110498,41.313852,-72.925037,3602700,New Haven,93,93,New Haven,11/28/2023,2023,11,November,28,3,Tuesday,12:40:00,12,23047963,A,2,,Motor Vehicle In Motion,"Injury of any type (Serious, Minor, Possible)",C,Possible Injury (C),0,0,4,Local,0.15,495,PROSPECT ST,PROSPECT ST,TRUMBULL ST,,,,,41.313852,-72.925037,14,Motor Vehicle in Operation,3,Angle,1,On Roadway,1,Clear,88,Not Applicable,1,Daylight,1,Dry,0,None,88,Not Applicable,88,Not Applicable,0,None,88,Not Applicable,88,Not Applicable,2,Intersection,2,Four-Way Intersection,1,No,1,No,88,Not Applicable,88,Not Applicable,88,Not Applicable,88,Not Applicable,FALSE,1,Public Road,1,"Trafficway, On Road",CT0009300,New Haven PD,469,39:42.0,C,Closed,01:47.0,,,,,,,
1110508,1,Complete,1110508,1110508,41.334126,-72.976428,3602710,New Haven,93,93,New Haven,12/6/2023,2023,12,December,6,4,Wednesday,9:46:00,9,23048896,A,2,,Motor Vehicle In Motion,"Injury of any type (Serious, Minor, Possible)",C,Possible Injury (C),0,0,3,State,1.26,63,63-N,63-N,GLEN VIEW TER,,,,,41.334126,-72.976428,14,Motor Vehicle in Operation,3,Angle,1,On Roadway,1,Clear,88,Not Applicable,1,Daylight,1,Dry,0,None,88,Not Applicable,88,Not Applicable,0,None,88,Not Applicable,88,Not Applicable,2,Intersection,3,T-Intersection,1,No,1,No,88,Not Applicable,88,Not Applicable,88,Not Applicable,88,Not Applicable,FALSE,1,Public Road,1,"Trafficway, On Road",CT0009300,New Haven PD,349,50:06.0,C,Closed,01:52.0,,1,27000,3,PRINCIPAL ARTERIAL - OTHER - NEW HPMS,2,Urban
1110512,1,Complete,1110512,1110512,41.302578,-72.930985,3602714,New Haven,93,93,New Haven,12/6/2023,2023,12,December,6,4,Wednesday,18:13:00,18,23048977,A,3,,Motor Vehicle In Motion,"Injury of any type (Serious, Minor, Possible)",A,Suspected Serious Injury (A),0,0,4,Local,0.95,123,CONGRESS AV,CONGRESS AV,LAFAYETTE ST,,,,,41.302578,-72.930985,14,Motor Vehicle in Operation,2,Front to front,2,Shoulder,1,Clear,88,Not Applicable,4,Dark-Lighted,1,Dry,0,None,88,Not Applicable,88,Not Applicable,0,None,88,Not Applicable,88,Not Applicable,1,Non-Junction,1,Not at Intersection,1,No,1,No,88,Not Applicable,88,Not Applicable,88,Not Applicable,88,Not Applicable,FALSE,1,Public Road,1,"Trafficway, On Road",CT0009300,New Haven PD,40814,12:15.0,C,Closed,01:45.0,,,,,,,
1110513,1,Complete,1110513,1110513,41.30278,-72.910622,3602715,New Haven,93,93,New Haven,12/6/2023,2023,12,December,6,4,Wednesday,18:50:00,18,23048979,A,1,,Utility Pole,"Injury of any type (Serious, Minor, Possible)",C,Possible Injury (C),0,0,4,Local,0.92,165,EAST ST,EAST ST,,WOOSTER ST,40,Feet,N,41.30278,-72.910622,33,Utility Pole/Light Support,88,Not Applicable,1,On Roadway,1,Clear,88,Not Applicable,4,Dark-Lighted,1,Dry,0,None,88,Not Applicable,88,Not Applicable,0,None,88,Not Applicable,88,Not Applicable,1,Non-Junction,1,Not at Intersection,1,No,1,No,88,Not Applicable,88,Not Applicable,88,Not Applicable,88,Not Applicable,FALSE,1,Public Road,1,"Trafficway, On Road",CT0009300,New Haven PD,40788,49:53.0,C,Closed,01:53.0,,3,19000,4,MINOR ARTERIAL - NEW HPMS,2,Urban
1110849,1,Complete,1110849,1110849,41.315897,-72.948748,3603051,New Haven,93,93,New Haven,11/9/2023,2023,11,November,9,5,Thursday,20:51:00,20,23045526,A,2,,Motor Vehicle In Motion,"Injury of any type (Serious, Minor, Possible)",B,Suspected Minor Injury (B),0,0,4,Local,0.3,393,MAPLE ST,MAPLE ST,ELLSWORTH AV,,,,,41.315897,-72.948748,14,Motor Vehicle in Operation,3,Angle,1,On Roadway,1,Clear,88,Not Applicable,4,Dark-Lighted,1,Dry,0,None,88,Not Applicable,88,Not Applicable,0,None,88,Not Applicable,88,Not Applicable,2,Intersection,2,Four-Way Intersection,1,No,1,No,88,Not Applicable,88,Not Applicable,88,Not Applicable,88,Not Applicable,FALSE,1,Public Road,1,"Trafficway, On Road",CT0009300,New Haven PD,44339,57:56.0,C,Closed,00:58.0,,,,,,,
1110850,1,Complete,1110850,1110850,41.285274,-72.93074,3603052,New Haven,93,93,New Haven,11/22/2023,2023,11,November,22,4,Wednesday,21:54:00,21,23047351,A,2,,Motor Vehicle In Motion,"Injury of any type (Serious, Minor, Possible)",B,Suspected Minor Injury (B),0,0,4,Local,1.48,308,HOWARD AV,HOWARD AV,FIFTH ST,,,,,41.285274,-72.93074,14,Motor Vehicle in Operation,3,Angle,1,On Roadway,1,Clear,88,Not Applicable,99,Unknown,1,Dry,0,None,88,Not Applicable,88,Not Applicable,0,None,88,Not Applicable,88,Not Applicable,2,Intersection,2,Four-Way Intersection,1,No,1,No,88,Not Applicable,88,Not Applicable,88,Not Applicable,88,Not Applicable,FALSE,1,Public Road,1,"Trafficway, On Road",CT0009300,New Haven PD,40811,29:57.0,C,Closed,00:54.0,,,,,,,
1110852,1,Complete,1110852,1110852,41.3128,-72.93286,3603054,New Haven,93,93,New Haven,12/2/2023,2023,12,December,2,7,Saturday,4:00:00,4,23048403,A,2,,Motor Vehicle In Motion,"Injury of any type (Serious, Minor, Possible)",C,Possible Injury (C),0,0,4,Local,0.95,653,WHALLEY AV,WHALLEY AV,HOWE ST,,,,,41.3128,-72.93286,14,Motor Vehicle in Operation,3,Angle,1,On Roadway,1,Clear,88,Not Applicable,4,Dark-Lighted,2,Wet,0,None,88,Not Applicable,88,Not Applicable,0,None,88,Not Applicable,88,Not Applicable,2,Intersection,3,T-Intersection,1,No,1,No,88,Not Applicable,88,Not Applicable,88,Not Applicable,88,Not Applicable,FALSE,1,Public Road,1,"Trafficway, On Road",CT0009300,New Haven PD,45625,43:50.0,C,Closed,00:57.0,,,,,,,
1110856,1,Complete,1110856,1110856,41.31775103,-72.94977236,3603058,New Haven,93,93,New Haven,12/5/2023,2023,12,December,5,3,Tuesday,22:27:00,22,23048863,A,2,,Motor Vehicle In Motion,"Injury of any type (Serious, Minor, Possible)",C,Possible Injury (C),0,0,3,State,2.93,10,10-N,10-N,,ELM ST,40,Feet,N,41.31775103,-72.94977236,14,Motor Vehicle in Operation,1,Front to rear,1,On Roadway,1,Clear,88,Not Applicable,5,Dark-Not Lighted,1,Dry,99,Unknown,88,Not Applicable,88,Not Applicable,99,Unknown,88,Not Applicable,88,Not Applicable,3,Intersection-Related,2,Four-Way Intersection,1,No,1,No,88,Not Applicable,88,Not Applicable,88,Not Applicable,88,Not Applicable,FALSE,1,Public Road,1,"Trafficway, On Road",CT0009300,New Haven PD,44062,58:08.0,C,Closed,00:51.0,,1,10200,3,PRINCIPAL ARTERIAL - OTHER - NEW HPMS,1,Rural
1110859,1,Complete,1110859,1110859,41.29739203,-72.94951468,3603061,New Haven,93,93,New Haven,12/7/2023,2023,12,December,7,5,Thursday,19:25:00,19,23048986,A,3,,Motor Vehicle In Motion,"Injury of any type (Serious, Minor, Possible)",C,Possible Injury (C),0,0,2,USRoute,46.61,1,1-N,1-N,,ELLA GRASSO BLVD,130,Feet,W,41.29739203,-72.94951468,14,Motor Vehicle in Operation,3,Angle,1,On Roadway,1,Clear,88,Not Applicable,4,Dark-Lighted,1,Dry,0,None,88,Not Applicable,88,Not Applicable,0,None,88,Not Applicable,88,Not Applicable,3,Intersection-Related,2,Four-Way Intersection,1,No,1,No,88,Not Applicable,88,Not Applicable,88,Not Applicable,88,Not Applicable,TRUE,1,Public Road,1,"Trafficway, On Road",CT0009300,New Haven PD,158,06:02.0,O,Open,00:59.0,,2,20700,3,PRINCIPAL ARTERIAL - OTHER - NEW HPMS,2,Urban
1110868,1,Complete,1110868,1110868,41.30880004,-72.93143924,3603070,New Haven,93,93,New Haven,12/7/2023,2023,12,December,7,5,Thursday,18:51:00,18,23049093,A,2,,Motor Vehicle In Motion,"Injury of any type (Serious, Minor, Possible)",C,Possible Injury (C),0,1,4,Local,0.48,766,YORK ST,YORK ST,,CHAPEL ST,115,Feet,N,41.30880004,-72.93143924,14,Motor Vehicle in Operation,4,"Sideswipe, same direction",1,On Roadway,1,Clear,88,Not Applicable,5,Dark-Not Lighted,1,Dry,0,None,88,Not Applicable,88,Not Applicable,0,None,88,Not Applicable,88,Not Applicable,1,Non-Junction,1,Not at Intersection,1,No,1,No,88,Not Applicable,88,Not Applicable,88,Not Applicable,88,Not Applicable,FALSE,1,Public Road,1,"Trafficway, On Road",CT0009300,New Haven PD,42044,42:39.0,O,Open,00:55.0,,,,,,,
1111342,1,Complete,1111342,1111342,41.30619803,-72.89892668,3603544,New Haven,93,93,New Haven,11/8/2023,2023,11,November,8,4,Wednesday,18:29:00,18,23045375,A,1,,Utility Pole,"Injury of any type (Serious, Minor, Possible)",C,Possible Injury (C),0,0,4,Local,0.27,673,WOLCOTT ST,WOLCOTT ST,BLATCHLEY AV,,,,,41.30619803,-72.89892668,33,Utility Pole/Light Support,88,Not Applicable,1,On Roadway,1,Clear,88,Not Applicable,3,Dusk,1,Dry,0,None,88,Not Applicable,88,Not Applicable,0,None,88,Not Applicable,88,Not Applicable,2,Intersection,2,Four-Way Intersection,1,No,1,No,88,Not Applicable,88,Not Applicable,88,Not Applicable,88,Not Applicable,FALSE,1,Public Road,1,"Trafficway, On Road",CT0009300,New Haven PD,44946,05:37.0,C,Closed,00:32.0,,2,4168,7,LOCAL - NEW HPMS,2,Urban
1111343,1,Complete,1111343,1111343,41.28621,-72.935966,3603545,New Haven,93,93,New Haven,12/8/2023,2023,12,December,8,6,Friday,5:59:00,5,23045651,A,2,,Utility Pole,"Injury of any type (Serious, Minor, Possible)",C,Possible Injury (C),0,0,3,State,0.45,10,10-N,10-N,,Kimberly Ave,40,Feet,S,41.28621,-72.935966,14,Motor Vehicle in Operation,4,"Sideswipe, same direction",1,On Roadway,1,Clear,88,Not Applicable,4,Dark-Lighted,1,Dry,0,None,88,Not Applicable,88,Not Applicable,0,None,88,Not Applicable,88,Not Applicable,3,Intersection-Related,2,Four-Way Intersection,1,No,1,No,88,Not Applicable,88,Not Applicable,88,Not Applicable,88,Not Applicable,FALSE,1,Public Road,1,"Trafficway, On Road",CT0009300,New Haven PD,44952,51:52.0,C,Closed,00:30.0,,2,18600,3,PRINCIPAL ARTERIAL - OTHER - NEW HPMS,2,Urban