CrashId,Fatal Case Status,Fatal Case Status Text Format,CrashId,CrashId,Latitude,Longitude,DOT Case Number,Town Name,Town Number,Town Number,Town Number Text Format,Date Of Crash,Year,Month,Month Text Format,Day,Day of the Week,Day of the Week Text Format,Time of Crash,Hour of the Day,Case Identifier,Crash Severity,Number Of Motor Vehicles,Motor vehicle action,Most harmful event,Crash Severity Text Format,Most Severe Injury,Most Severe Injury Text Format,Number Of Non-Motorist,Number Of Witnesses,Route Class,Route Class Text Format,Milemarker,Road Number,Road Description,Roadway Name,Intersecting Roadway Name,Landmark Description,Distance From Nearest Landmark,Unit Of Measure From Nearest Landmark,Direction From Nearest Landmark,Latitude,Longitude,First Harmful Event,First Harmful Event Text Format,Manner of Crash / Collision Impact,Manner of Crash / Collision Impact Text Format,Location of First Harmful Event,Location of First Harmful Event Text Format,Weather Condition,Weather Condition Text Format,Weather 2,Weather 2 Text Format,Light Condition,Light Condition Text Format,Road Surface Condition,Road Surface Condition Text Format,"Contributing Circumstances, Environment","Contributing Circumstances, Environment Text Format",Environment 2,Environment 2 Text Format,Environment 3,Environment 3 Text Format,"Contributing Circumstances, Road","Contributing Circumstances, Road Text Format",Road 2,Road 2 Text Format,Road 3,Road 3 Text Format,Crash Specific Location,Crash Specific Location Text Format,Type of Intersection,Type of Intersection Text Format,School Bus Related,School Bus Related Text Format,Work Zone Related,Work Zone Related Text Format,Location Of Crash Relative To Work Zone,Location Of Crash Relative To Work Zone Text Format,Type of Work Zone,Type of Work Zone Text Format,Worker Presence,Worker Presence Text Format,Law Enforcement Presence,Law Enforcement Presence Text Format,Were Vehicles Moved Prior To Police Arrival,Trafficway Ownership,Trafficway Ownership Text Format,Trafficway Class,Trafficway Class Text Format,Police Agency,Police Agency Text Format,Badge Number,Approval Date,Police Case Status,Police Case Status Text Format,Crash Report Submission Date,Related Case Identifiers,No. of Through Lanes (Log Dir.),Average Daily Traffic,Functional Classification,Functional Classification Text Format,Rural or Urban,Rural or Urban Text Format
1111353,1,Complete,1111353,1111353,41.314031,-72.900492,3603555,New Haven,93,93,New Haven,12/3/2023,2023,12,December,3,1,Sunday,19:39:00,19,23048577,A,2,,Motor Vehicle In Motion,"Injury of any type (Serious, Minor, Possible)",A,Suspected Serious Injury (A),1,0,4,Local,0.77,57,BLATCHLEY AV,BLATCHLEY AV,,LOMBARD ST,211,Feet,S,41.314031,-72.900492,14,Motor Vehicle in Operation,4,"Sideswipe, same direction",1,On Roadway,2,Cloudy,88,Not Applicable,5,Dark-Not Lighted,2,Wet,0,None,88,Not Applicable,88,Not Applicable,0,None,88,Not Applicable,88,Not Applicable,1,Non-Junction,1,Not at Intersection,1,No,1,No,88,Not Applicable,88,Not Applicable,88,Not Applicable,88,Not Applicable,FALSE,1,Public Road,1,"Trafficway, On Road",CT0009300,New Haven PD,45401,49:02.0,O,Open,00:24.0,,,,,,,
1111355,1,Complete,1111355,1111355,41.304323,-72.89514,3603557,New Haven,93,93,New Haven,12/4/2023,2023,12,December,4,2,Monday,15:45:00,15,23048709,A,1,,Traffic Sign Support,"Injury of any type (Serious, Minor, Possible)",C,Possible Injury (C),0,0,4,Local,0.14,97,CHAPEL ST,CHAPEL ST,,FERRY ST,181,Feet,W,41.304323,-72.89514,34,Traffic Sign Support,88,Not Applicable,1,On Roadway,1,Clear,88,Not Applicable,1,Daylight,1,Dry,0,None,88,Not Applicable,88,Not Applicable,0,None,88,Not Applicable,88,Not Applicable,1,Non-Junction,1,Not at Intersection,1,No,1,No,88,Not Applicable,88,Not Applicable,88,Not Applicable,88,Not Applicable,FALSE,1,Public Road,1,"Trafficway, On Road",CT0009300,New Haven PD,193,53:15.0,C,Closed,00:18.0,,2,7700,4,MINOR ARTERIAL - NEW HPMS,2,Urban
1111356,1,Complete,1111356,1111356,41.2901,-72.940494,3603558,New Haven,93,93,New Haven,12/5/2023,2023,12,December,5,3,Tuesday,13:11:00,13,23048801,A,2,,Motor Vehicle In Motion,"Injury of any type (Serious, Minor, Possible)",A,Suspected Serious Injury (A),0,0,3,State,0.81,10,10-N,10-N,LAMBERTON ST,,,,,41.2901,-72.940494,14,Motor Vehicle in Operation,1,Front to rear,1,On Roadway,2,Cloudy,88,Not Applicable,1,Daylight,1,Dry,0,None,88,Not Applicable,88,Not Applicable,0,None,88,Not Applicable,88,Not Applicable,3,Intersection-Related,2,Four-Way Intersection,1,No,1,No,88,Not Applicable,88,Not Applicable,88,Not Applicable,88,Not Applicable,FALSE,1,Public Road,1,"Trafficway, On Road",CT0009300,New Haven PD,45401,30:03.0,C,Closed,00:26.0,,2,18000,3,PRINCIPAL ARTERIAL - OTHER - NEW HPMS,2,Urban
1111357,1,Complete,1111357,1111357,41.29267638,-72.92260891,3603559,New Haven,93,93,New Haven,12/6/2023,2023,12,December,6,4,Wednesday,13:30:00,13,23048935,A,2,,Motor Vehicle In Motion,"Injury of any type (Serious, Minor, Possible)",C,Possible Injury (C),0,0,4,Local,0.07,759,CHURCH ST SOUTH NO 2,CHURCH ST SOUTH NO 2,,Sargent Dr,315,Feet,W,41.29267638,-72.92260891,14,Motor Vehicle in Operation,1,Front to rear,1,On Roadway,1,Clear,88,Not Applicable,1,Daylight,1,Dry,0,None,88,Not Applicable,88,Not Applicable,0,None,88,Not Applicable,88,Not Applicable,9,Driveway Access-Related,1,Not at Intersection,1,No,1,No,88,Not Applicable,88,Not Applicable,88,Not Applicable,88,Not Applicable,FALSE,1,Public Road,1,"Trafficway, On Road",CT0009300,New Haven PD,45627,23:41.0,C,Closed,00:33.0,,,,,,,
1111360,1,Complete,1111360,1111360,41.308013,-72.92435,3603562,New Haven,93,93,New Haven,12/8/2023,2023,12,December,8,6,Friday,12:03:00,12,23049046,A,3,,Motor Vehicle In Motion,"Injury of any type (Serious, Minor, Possible)",C,Possible Injury (C),0,0,4,Local,0.32,103,CHURCH ST,CHURCH ST,,ELM ST,50,Feet,S,41.308013,-72.92435,14,Motor Vehicle in Operation,3,Angle,1,On Roadway,1,Clear,88,Not Applicable,1,Daylight,1,Dry,0,None,88,Not Applicable,88,Not Applicable,0,None,88,Not Applicable,88,Not Applicable,3,Intersection-Related,2,Four-Way Intersection,1,No,1,No,88,Not Applicable,88,Not Applicable,88,Not Applicable,88,Not Applicable,FALSE,1,Public Road,1,"Trafficway, On Road",CT0009300,New Haven PD,40790,02:36.0,C,Closed,00:25.0,,,,,,,
1111364,1,Complete,1111364,1111364,41.312815,-72.891323,3603566,New Haven,93,93,New Haven,12/8/2023,2023,12,December,8,6,Friday,8:29:00,8,23049132,A,1,,Pedestrian,"Injury of any type (Serious, Minor, Possible)",B,Suspected Minor Injury (B),1,2,4,Local,0.26,738,PINE ST NO 2,PINE ST NO 2,CLINTON AV,,,,,41.312815,-72.891323,9,Pedestrian,88,Not Applicable,1,On Roadway,1,Clear,88,Not Applicable,1,Daylight,1,Dry,0,None,88,Not Applicable,88,Not Applicable,0,None,88,Not Applicable,88,Not Applicable,2,Intersection,2,Four-Way Intersection,1,No,1,No,88,Not Applicable,88,Not Applicable,88,Not Applicable,88,Not Applicable,FALSE,1,Public Road,1,"Trafficway, On Road",CT0009300,New Haven PD,180,41:06.0,C,Closed,00:22.0,23049132,2,3900,7,LOCAL - NEW HPMS,2,Urban
1111370,1,Complete,1111370,1111370,41.31561,-72.93491,3603572,New Haven,93,93,New Haven,12/8/2023,2023,12,December,8,6,Friday,13:02:00,13,23049175,A,2,,Motor Vehicle In Motion,"Injury of any type (Serious, Minor, Possible)",A,Suspected Serious Injury (A),0,0,4,Local,0.48,257,GOFFE ST,GOFFE ST,WEBSTER ST,,,,,41.31561,-72.93491,14,Motor Vehicle in Operation,3,Angle,1,On Roadway,1,Clear,88,Not Applicable,1,Daylight,1,Dry,0,None,88,Not Applicable,88,Not Applicable,0,None,88,Not Applicable,88,Not Applicable,2,Intersection,2,Four-Way Intersection,1,No,1,No,88,Not Applicable,88,Not Applicable,88,Not Applicable,88,Not Applicable,FALSE,1,Public Road,1,"Trafficway, On Road",CT0009300,New Haven PD,238,54:07.0,C,Closed,00:23.0,,,,,,,
1111376,1,Complete,1111376,1111376,41.307558,-72.936769,3603578,New Haven,93,93,New Haven,12/8/2023,2023,12,December,8,6,Friday,20:27:00,20,23049229,A,2,,Motor Vehicle In Motion,"Injury of any type (Serious, Minor, Possible)",C,Possible Injury (C),0,0,4,Local,0.11,310,HOWE ST,HOWE ST,,George St,40,Feet,S,41.307558,-72.936769,14,Motor Vehicle in Operation,1,Front to rear,1,On Roadway,1,Clear,88,Not Applicable,4,Dark-Lighted,1,Dry,0,None,88,Not Applicable,88,Not Applicable,0,None,88,Not Applicable,88,Not Applicable,3,Intersection-Related,2,Four-Way Intersection,1,No,1,No,88,Not Applicable,88,Not Applicable,88,Not Applicable,88,Not Applicable,FALSE,1,Public Road,1,"Trafficway, On Road",CT0009300,New Haven PD,40804,40:27.0,C,Closed,00:21.0,,,,,,,
1111384,1,Complete,1111384,1111384,41.30378,-72.917481,3603586,New Haven,93,93,New Haven,12/9/2023,2023,12,December,9,7,Saturday,23:42:00,23,23049349,A,2,,Parked Vehicle,"Injury of any type (Serious, Minor, Possible)",C,Possible Injury (C),0,0,4,Local,1.3,97,CHAPEL ST,CHAPEL ST,,WOOSTER PL,75,Feet,W,41.30378,-72.917481,15,Parked Motor Vehicle,1,Front to rear,7,In Parking Lane or Zone,1,Clear,88,Not Applicable,5,Dark-Not Lighted,1,Dry,0,None,88,Not Applicable,88,Not Applicable,0,None,88,Not Applicable,88,Not Applicable,1,Non-Junction,1,Not at Intersection,1,No,1,No,88,Not Applicable,88,Not Applicable,88,Not Applicable,88,Not Applicable,FALSE,1,Public Road,1,"Trafficway, On Road",CT0009300,New Haven PD,44339,31:27.0,C,Closed,00:31.0,,,,,,,
1111388,1,Complete,1111388,1111388,41.307188,-72.92843,3603590,New Haven,93,93,New Haven,12/10/2023,2023,12,December,10,1,Sunday,14:47:00,14,23049403,A,2,,Motor Vehicle In Motion,"Injury of any type (Serious, Minor, Possible)",C,Possible Injury (C),0,0,4,Local,1.92,97,CHAPEL ST,CHAPEL ST,,College St,45,Feet,E,41.307188,-72.92843,14,Motor Vehicle in Operation,1,Front to rear,1,On Roadway,4,Rain,88,Not Applicable,1,Daylight,2,Wet,0,None,88,Not Applicable,88,Not Applicable,0,None,88,Not Applicable,88,Not Applicable,3,Intersection-Related,2,Four-Way Intersection,1,No,1,No,88,Not Applicable,88,Not Applicable,88,Not Applicable,88,Not Applicable,FALSE,1,Public Road,1,"Trafficway, On Road",CT0009300,New Haven PD,221,37:16.0,C,Closed,00:35.0,,,,,,,
1111389,1,Complete,1111389,1111389,41.3225,-72.878217,3603591,New Haven,93,93,New Haven,12/10/2023,2023,12,December,10,1,Sunday,16:10:00,16,23049410,A,2,,Motor Vehicle In Motion,"Injury of any type (Serious, Minor, Possible)",C,Possible Injury (C),0,0,3,State,0.14,80,80-W,80-W,,Middletown Ave,1015,Feet,E,41.3225,-72.878217,14,Motor Vehicle in Operation,3,Angle,1,On Roadway,4,Rain,88,Not Applicable,4,Dark-Lighted,2,Wet,0,None,88,Not Applicable,88,Not Applicable,0,None,88,Not Applicable,88,Not Applicable,9,Driveway Access-Related,1,Not at Intersection,1,No,1,No,88,Not Applicable,88,Not Applicable,88,Not Applicable,88,Not Applicable,FALSE,1,Public Road,1,"Trafficway, On Road",CT0009300,New Haven PD,45399,10:35.0,C,Closed,00:36.0,,2,32300,3,PRINCIPAL ARTERIAL - OTHER - NEW HPMS,2,Urban
1111932,1,Complete,1111932,1111932,41.308946,-72.897085,3604134,New Haven,93,93,New Haven,11/10/2023,2023,11,November,10,6,Friday,21:43:00,21,23045648,A,1,,Pedestrian,"Injury of any type (Serious, Minor, Possible)",B,Suspected Minor Injury (B),1,0,4,Local,0.59,264,GRAND AV,GRAND AV,POPLAR ST,,,,,41.308946,-72.897085,9,Pedestrian,88,Not Applicable,1,On Roadway,1,Clear,88,Not Applicable,4,Dark-Lighted,1,Dry,0,None,88,Not Applicable,88,Not Applicable,0,None,88,Not Applicable,88,Not Applicable,2,Intersection,2,Four-Way Intersection,1,No,1,No,88,Not Applicable,88,Not Applicable,88,Not Applicable,88,Not Applicable,FALSE,1,Public Road,1,"Trafficway, On Road",CT0009300,New Haven PD,193,11:41.0,O,Open,01:25.0,,2,14400,4,MINOR ARTERIAL - NEW HPMS,2,Urban
1111935,1,Complete,1111935,1111935,41.29627,-72.928391,3604137,New Haven,93,93,New Haven,11/30/2023,2023,11,November,30,5,Thursday,21:34:00,21,23048243,A,2,,Motor Vehicle In Motion,"Injury of any type (Serious, Minor, Possible)",B,Suspected Minor Injury (B),0,0,2,USRoute,47.84,1,1-N,1-N,CHURCH ST SOUTH NO 2,,,,,41.29627,-72.928391,14,Motor Vehicle in Operation,3,Angle,1,On Roadway,1,Clear,88,Not Applicable,4,Dark-Lighted,1,Dry,0,None,88,Not Applicable,88,Not Applicable,0,None,88,Not Applicable,88,Not Applicable,2,Intersection,2,Four-Way Intersection,1,No,1,No,88,Not Applicable,88,Not Applicable,88,Not Applicable,88,Not Applicable,FALSE,1,Public Road,1,"Trafficway, On Road",CT0009300,New Haven PD,42366,37:41.0,C,Closed,01:23.0,,1,9500,3,PRINCIPAL ARTERIAL - OTHER - NEW HPMS,1,Rural
1111938,1,Complete,1111938,1111938,41.297655,-72.940814,3604140,New Haven,93,93,New Haven,12/10/2023,2023,12,December,10,1,Sunday,22:11:00,22,23049437,A,2,,Motor Vehicle In Motion,"Injury of any type (Serious, Minor, Possible)",C,Possible Injury (C),0,0,2,USRoute,47.05,1,1-N,1-N,WEST ST,,,,,41.297655,-72.940814,14,Motor Vehicle in Operation,3,Angle,1,On Roadway,4,Rain,88,Not Applicable,4,Dark-Lighted,2,Wet,0,None,88,Not Applicable,88,Not Applicable,0,None,88,Not Applicable,88,Not Applicable,2,Intersection,2,Four-Way Intersection,1,No,1,No,88,Not Applicable,88,Not Applicable,88,Not Applicable,88,Not Applicable,FALSE,1,Public Road,1,"Trafficway, On Road",CT0009300,New Haven PD,44949,56:27.0,C,Closed,01:23.0,,1,5900,3,PRINCIPAL ARTERIAL - OTHER - NEW HPMS,1,Rural
1111940,1,Complete,1111940,1111940,41.300491,-72.938432,3604142,New Haven,93,93,New Haven,12/11/2023,2023,12,December,11,2,Monday,11:25:00,11,23049474,A,2,,Motor Vehicle In Motion,"Injury of any type (Serious, Minor, Possible)",C,Possible Injury (C),0,0,4,Local,0.52,123,CONGRESS AV,CONGRESS AV,,Hallock St,52,Feet,E,41.300491,-72.938432,14,Motor Vehicle in Operation,1,Front to rear,1,On Roadway,2,Cloudy,88,Not Applicable,1,Daylight,1,Dry,0,None,88,Not Applicable,88,Not Applicable,0,None,88,Not Applicable,88,Not Applicable,1,Non-Junction,1,Not at Intersection,1,No,1,No,88,Not Applicable,88,Not Applicable,88,Not Applicable,88,Not Applicable,TRUE,1,Public Road,1,"Trafficway, On Road",CT0009300,New Haven PD,251,32:12.0,C,Closed,01:30.0,,,,,,,
1112316,1,Complete,1112316,1112316,41.31926302,-72.93392668,3604518,New Haven,93,93,New Haven,12/3/2023,2023,12,December,3,1,Sunday,13:42:00,13,23048544,A,2,,Motor Vehicle In Motion,"Injury of any type (Serious, Minor, Possible)",B,Suspected Minor Injury (B),0,0,4,Local,0.43,152,DIXWELL AV,DIXWELL AV,,CHARLES ST,35,Feet,S,41.31926302,-72.93392668,14,Motor Vehicle in Operation,3,Angle,1,On Roadway,1,Clear,88,Not Applicable,1,Daylight,1,Dry,0,None,88,Not Applicable,88,Not Applicable,0,None,88,Not Applicable,88,Not Applicable,9,Driveway Access-Related,1,Not at Intersection,1,No,1,No,88,Not Applicable,88,Not Applicable,88,Not Applicable,88,Not Applicable,FALSE,1,Public Road,1,"Trafficway, On Road",CT0009300,New Haven PD,503,28:27.0,C,Closed,00:53.0,,,,,,,
1112317,1,Complete,1112317,1112317,41.300839,-72.910816,3604519,New Haven,93,93,New Haven,12/6/2023,2023,12,December,6,4,Wednesday,8:11:00,8,23048885,A,2,,Motor Vehicle In Motion,"Injury of any type (Serious, Minor, Possible)",B,Suspected Minor Injury (B),0,0,2,USRoute,48.96,1,1-N,1-N,EAST ST,,,,,41.300839,-72.910816,14,Motor Vehicle in Operation,3,Angle,1,On Roadway,1,Clear,88,Not Applicable,1,Daylight,1,Dry,0,None,88,Not Applicable,88,Not Applicable,0,None,88,Not Applicable,88,Not Applicable,2,Intersection,2,Four-Way Intersection,1,No,1,No,88,Not Applicable,88,Not Applicable,88,Not Applicable,88,Not Applicable,TRUE,1,Public Road,1,"Trafficway, On Road",CT0009300,New Haven PD,45627,19:43.0,C,Closed,00:48.0,,2,6700,3,PRINCIPAL ARTERIAL - OTHER - NEW HPMS,2,Urban
1112319,1,Complete,1112319,1112319,41.28953,-72.928716,3604521,New Haven,93,93,New Haven,12/11/2023,2023,12,December,11,2,Monday,14:00:00,14,23049489,A,2,,Parked Vehicle,"Injury of any type (Serious, Minor, Possible)",C,Possible Injury (C),0,0,,,,,,1 LONG WHARF DR,,Sargent Dr,1080,Feet,W,41.28953,-72.928716,15,Parked Motor Vehicle,3,Angle,97,Other,1,Clear,88,Not Applicable,1,Daylight,1,Dry,0,None,88,Not Applicable,88,Not Applicable,0,None,88,Not Applicable,88,Not Applicable,97,Other,1,Not at Intersection,1,No,1,No,88,Not Applicable,88,Not Applicable,88,Not Applicable,88,Not Applicable,TRUE,88,Not Applicable,4,Parking Lot,CT0009300,New Haven PD,44947,27:56.0,C,Closed,00:47.0,,,,,,,
1112320,1,Complete,1112320,1112320,41.30937,-72.92335,3604522,New Haven,93,93,New Haven,12/11/2023,2023,12,December,11,2,Monday,16:15:00,16,23049505,A,2,,Motor Vehicle In Motion,"Injury of any type (Serious, Minor, Possible)",C,Possible Injury (C),0,0,4,Local,0.44,103,CHURCH ST,CHURCH ST,,Wall St,30,Feet,S,41.30937,-72.92335,14,Motor Vehicle in Operation,1,Front to rear,1,On Roadway,1,Clear,88,Not Applicable,1,Daylight,1,Dry,0,None,88,Not Applicable,88,Not Applicable,0,None,88,Not Applicable,88,Not Applicable,3,Intersection-Related,2,Four-Way Intersection,1,No,1,No,88,Not Applicable,88,Not Applicable,88,Not Applicable,88,Not Applicable,FALSE,1,Public Road,1,"Trafficway, On Road",CT0009300,New Haven PD,150,09:11.0,C,Closed,00:49.0,,,,,,,
1112327,1,Complete,1112327,1112327,41.317751,-72.900975,3604529,New Haven,93,93,New Haven,12/12/2023,2023,12,December,12,3,Tuesday,8:47:00,8,23049606,A,2,,Motor Vehicle In Motion,"Injury of any type (Serious, Minor, Possible)",C,Possible Injury (C),0,0,2,USRoute,0.2,5,5-N,5-N,,BLACTHLEY AVE,125,Feet,N,41.317751,-72.900975,14,Motor Vehicle in Operation,1,Front to rear,1,On Roadway,1,Clear,88,Not Applicable,1,Daylight,1,Dry,0,None,88,Not Applicable,88,Not Applicable,0,None,88,Not Applicable,88,Not Applicable,3,Intersection-Related,2,Four-Way Intersection,1,No,1,No,88,Not Applicable,88,Not Applicable,88,Not Applicable,88,Not Applicable,FALSE,1,Public Road,1,"Trafficway, On Road",CT0009300,New Haven PD,40789,05:55.0,C,Closed,00:50.0,,1,14100,4,MINOR ARTERIAL - NEW HPMS,1,Rural
1112328,1,Complete,1112328,1112328,41.324727,-72.916797,3604530,New Haven,93,93,New Haven,12/12/2023,2023,12,December,12,3,Tuesday,11:15:00,11,23049637,A,2,,Motor Vehicle In Motion,"Injury of any type (Serious, Minor, Possible)",C,Possible Injury (C),0,0,4,Local,0.32,83,CANNER ST,CANNER ST,,Whitney Ave,40,Feet,W,41.324727,-72.916797,14,Motor Vehicle in Operation,1,Front to rear,1,On Roadway,1,Clear,88,Not Applicable,1,Daylight,1,Dry,0,None,88,Not Applicable,88,Not Applicable,0,None,88,Not Applicable,88,Not Applicable,3,Intersection-Related,2,Four-Way Intersection,1,No,1,No,88,Not Applicable,88,Not Applicable,88,Not Applicable,88,Not Applicable,TRUE,1,Public Road,1,"Trafficway, On Road",CT0009300,New Haven PD,43689,53:43.0,C,Closed,00:54.0,,,,,,,
1116123,1,Complete,1116123,1116123,41.30544,-72.95259,3608325,New Haven,93,93,New Haven,8/16/2023,2023,8,August,16,4,Wednesday,18:02:00,18,23033366,A,2,,Motor Vehicle In Motion,"Injury of any type (Serious, Minor, Possible)",C,Possible Injury (C),0,0,3,State,1.87,10,10-N,10-N,LEGION AV-RT 34,,,,,41.30544,-72.95259,14,Motor Vehicle in Operation,99,Unknown,1,On Roadway,99,Unknown,88,Not Applicable,99,Unknown,99,Unknown,99,Unknown,88,Not Applicable,88,Not Applicable,99,Unknown,88,Not Applicable,88,Not Applicable,3,Intersection-Related,3,T-Intersection,99,Unknown,1,No,88,Not Applicable,88,Not Applicable,88,Not Applicable,88,Not Applicable,FALSE,99,Unknown,99,Unknown,CT0009300,New Haven PD,40814,20:24.0,C,Closed,18:48.0,,2,20800,3,PRINCIPAL ARTERIAL - OTHER - NEW HPMS,2,Urban
1116127,1,Complete,1116127,1116127,41.30263603,-72.93804368,3608329,New Haven,93,93,New Haven,9/23/2023,2023,9,September,23,7,Saturday,14:28:00,14,23038834,A,1,,Tree (standing),"Injury of any type (Serious, Minor, Possible)",B,Suspected Minor Injury (B),0,0,4,Local,0.62,141,DAVENPORT AV,DAVENPORT AV,,ward st,90,Feet,E,41.30263603,-72.93804368,32,Tree (standing),88,Not Applicable,1,On Roadway,4,Rain,88,Not Applicable,1,Daylight,2,Wet,0,None,88,Not Applicable,88,Not Applicable,0,None,88,Not Applicable,88,Not Applicable,2,Intersection,2,Four-Way Intersection,1,No,1,No,88,Not Applicable,88,Not Applicable,88,Not Applicable,88,Not Applicable,FALSE,1,Public Road,1,"Trafficway, On Road",CT0009300,New Haven PD,301,27:29.0,O,Open,18:46.0,,2,5900,4,MINOR ARTERIAL - NEW HPMS,2,Urban
1116129,1,Complete,1116129,1116129,41.30547767,-72.95264252,3608331,New Haven,93,93,New Haven,10/22/2023,2023,10,October,22,1,Sunday,11:12:00,11,23042817,A,2,,Motor Vehicle In Motion,"Injury of any type (Serious, Minor, Possible)",B,Suspected Minor Injury (B),0,2,3,State,1.87,10,10-N,10-N,LEGION AV-RT 34,,,,,41.30547767,-72.95264252,14,Motor Vehicle in Operation,3,Angle,1,On Roadway,1,Clear,1,Clear,1,Daylight,1,Dry,0,None,88,Not Applicable,88,Not Applicable,0,None,88,Not Applicable,88,Not Applicable,2,Intersection,3,T-Intersection,1,No,1,No,88,Not Applicable,88,Not Applicable,88,Not Applicable,88,Not Applicable,FALSE,1,Public Road,1,"Trafficway, On Road",CT0009300,New Haven PD,301,41:53.0,C,Closed,19:39.0,,2,20800,3,PRINCIPAL ARTERIAL - OTHER - NEW HPMS,2,Urban
1116131,1,Complete,1116131,1116131,41.31989,-72.90626,3608333,New Haven,93,93,New Haven,10/24/2023,2023,10,October,24,3,Tuesday,14:44:00,14,23043108,A,2,,Motor Vehicle In Motion,"Injury of any type (Serious, Minor, Possible)",C,Possible Injury (C),0,0,4,Local,0.31,666,WILLOW ST,WILLOW ST,MITCHELL DR,,,,,41.31989,-72.90626,14,Motor Vehicle in Operation,4,"Sideswipe, same direction",1,On Roadway,1,Clear,88,Not Applicable,1,Daylight,1,Dry,0,None,88,Not Applicable,88,Not Applicable,0,None,88,Not Applicable,88,Not Applicable,2,Intersection,2,Four-Way Intersection,2,"Yes, School Bus Directly Involved",1,No,88,Not Applicable,88,Not Applicable,88,Not Applicable,88,Not Applicable,FALSE,1,Public Road,1,"Trafficway, On Road",CT0009300,New Haven PD,45399,12:55.0,O,Open,20:18.0,,,,,,,
1116133,1,Complete,1116133,1116133,41.31402,-72.89749,3608335,New Haven,93,93,New Haven,11/19/2023,2023,11,November,19,1,Sunday,15:42:00,15,23046821,A,1,,Pedestrian,"Injury of any type (Serious, Minor, Possible)",C,Possible Injury (C),1,0,4,Local,0.55,99,CHATHAM ST,CHATHAM ST,,FERRY ST,185,Feet,W,41.31402,-72.89749,9,Pedestrian,88,Not Applicable,1,On Roadway,1,Clear,88,Not Applicable,1,Daylight,1,Dry,0,None,88,Not Applicable,88,Not Applicable,0,None,88,Not Applicable,88,Not Applicable,1,Non-Junction,1,Not at Intersection,1,No,1,No,88,Not Applicable,88,Not Applicable,88,Not Applicable,88,Not Applicable,FALSE,1,Public Road,1,"Trafficway, On Road",CT0009300,New Haven PD,45399,47:16.0,C,Closed,20:09.0,,2,500,7,LOCAL - NEW HPMS,2,Urban
1116138,1,Complete,1116138,1116138,41.32452,-72.93518,3608340,New Haven,93,93,New Haven,12/6/2023,2023,12,December,6,4,Wednesday,12:26:00,12,23048929,A,2,,Motor Vehicle In Motion,"Injury of any type (Serious, Minor, Possible)",C,Possible Injury (C),0,0,4,Local,0.83,152,DIXWELL AV,DIXWELL AV,ARGYLE ST,,,,,41.32452,-72.93518,14,Motor Vehicle in Operation,3,Angle,1,On Roadway,1,Clear,88,Not Applicable,1,Daylight,1,Dry,0,None,88,Not Applicable,88,Not Applicable,0,None,88,Not Applicable,88,Not Applicable,3,Intersection-Related,3,T-Intersection,1,No,1,No,88,Not Applicable,88,Not Applicable,88,Not Applicable,88,Not Applicable,FALSE,1,Public Road,1,"Trafficway, On Road",CT0009300,New Haven PD,43689,43:39.0,C,Closed,20:21.0,,,,,,,
1116143,1,Complete,1116143,1116143,41.31461699,-72.90070168,3608345,New Haven,93,93,New Haven,12/9/2023,2023,12,December,9,7,Saturday,1:31:00,1,23049257,A,4,,Motor Vehicle In Motion,"Injury of any type (Serious, Minor, Possible)",C,Possible Injury (C),0,0,4,Local,0.18,379,LOMBARD ST,LOMBARD ST,BLATCHLEY AV,,,,,41.31461699,-72.90070168,14,Motor Vehicle in Operation,2,Front to front,1,On Roadway,1,Clear,88,Not Applicable,6,Dark-Unknown Lighting,1,Dry,0,None,88,Not Applicable,88,Not Applicable,0,None,88,Not Applicable,88,Not Applicable,2,Intersection,2,Four-Way Intersection,1,No,1,No,88,Not Applicable,88,Not Applicable,88,Not Applicable,88,Not Applicable,FALSE,1,Public Road,1,"Trafficway, On Road",CT0009300,New Haven PD,44946,29:04.0,C,Closed,20:33.0,,,,,,,
1116146,1,Complete,1116146,1116146,41.326915,-72.965203,3608348,New Haven,93,93,New Haven,12/10/2023,2023,12,December,10,1,Sunday,7:45:00,7,23049366,A,2,,Motor Vehicle In Motion,"Injury of any type (Serious, Minor, Possible)",C,Possible Injury (C),0,0,3,State,6.37,243,243-W,243-W,EMERSON ST NO 2,,,,,41.326915,-72.965203,14,Motor Vehicle in Operation,3,Angle,1,On Roadway,2,Cloudy,88,Not Applicable,1,Daylight,2,Wet,0,None,88,Not Applicable,88,Not Applicable,0,None,88,Not Applicable,88,Not Applicable,2,Intersection,3,T-Intersection,1,No,1,No,88,Not Applicable,88,Not Applicable,88,Not Applicable,88,Not Applicable,TRUE,1,Public Road,1,"Trafficway, On Road",CT0009300,New Haven PD,381,29:31.0,C,Closed,18:58.0,,1,10500,4,MINOR ARTERIAL - NEW HPMS,1,Rural
1116159,1,Complete,1116159,1116159,41.315253,-72.928897,3608361,New Haven,93,93,New Haven,12/13/2023,2023,12,December,13,4,Wednesday,9:44:00,9,23049782,A,2,,Motor Vehicle In Motion,"Injury of any type (Serious, Minor, Possible)",C,Possible Injury (C),0,0,4,Local,0.21,348,LAKE PL,LAKE PL,ASHMUN ST NO 2,,,,,41.315253,-72.928897,14,Motor Vehicle in Operation,3,Angle,1,On Roadway,1,Clear,88,Not Applicable,1,Daylight,1,Dry,0,None,88,Not Applicable,88,Not Applicable,0,None,88,Not Applicable,88,Not Applicable,2,Intersection,3,T-Intersection,1,No,1,No,88,Not Applicable,88,Not Applicable,88,Not Applicable,88,Not Applicable,FALSE,1,Public Road,1,"Trafficway, On Road",CT0009300,New Haven PD,991,37:10.0,C,Closed,18:58.0,,,,,,,