CrashId,Fatal Case Status,Fatal Case Status Text Format,CrashId,CrashId,Latitude,Longitude,DOT Case Number,Town Name,Town Number,Town Number,Town Number Text Format,Date Of Crash,Year,Month,Month Text Format,Day,Day of the Week,Day of the Week Text Format,Time of Crash,Hour of the Day,Case Identifier,Crash Severity,Number Of Motor Vehicles,Motor vehicle action,Most harmful event,Crash Severity Text Format,Most Severe Injury,Most Severe Injury Text Format,Number Of Non-Motorist,Number Of Witnesses,Route Class,Route Class Text Format,Milemarker,Road Number,Road Description,Roadway Name,Intersecting Roadway Name,Landmark Description,Distance From Nearest Landmark,Unit Of Measure From Nearest Landmark,Direction From Nearest Landmark,Latitude,Longitude,First Harmful Event,First Harmful Event Text Format,Manner of Crash / Collision Impact,Manner of Crash / Collision Impact Text Format,Location of First Harmful Event,Location of First Harmful Event Text Format,Weather Condition,Weather Condition Text Format,Weather 2,Weather 2 Text Format,Light Condition,Light Condition Text Format,Road Surface Condition,Road Surface Condition Text Format,"Contributing Circumstances, Environment","Contributing Circumstances, Environment Text Format",Environment 2,Environment 2 Text Format,Environment 3,Environment 3 Text Format,"Contributing Circumstances, Road","Contributing Circumstances, Road Text Format",Road 2,Road 2 Text Format,Road 3,Road 3 Text Format,Crash Specific Location,Crash Specific Location Text Format,Type of Intersection,Type of Intersection Text Format,School Bus Related,School Bus Related Text Format,Work Zone Related,Work Zone Related Text Format,Location Of Crash Relative To Work Zone,Location Of Crash Relative To Work Zone Text Format,Type of Work Zone,Type of Work Zone Text Format,Worker Presence,Worker Presence Text Format,Law Enforcement Presence,Law Enforcement Presence Text Format,Were Vehicles Moved Prior To Police Arrival,Trafficway Ownership,Trafficway Ownership Text Format,Trafficway Class,Trafficway Class Text Format,Police Agency,Police Agency Text Format,Badge Number,Approval Date,Police Case Status,Police Case Status Text Format,Crash Report Submission Date,Related Case Identifiers,No. of Through Lanes (Log Dir.),Average Daily Traffic,Functional Classification,Functional Classification Text Format,Rural or Urban,Rural or Urban Text Format
1116164,1,Complete,1116164,1116164,41.323542,-72.872249,3608366,New Haven,93,93,New Haven,12/13/2023,2023,12,December,13,4,Wednesday,17:18:00,17,23049880,A,1,,Pedestrian,"Injury of any type (Serious, Minor, Possible)",B,Suspected Minor Injury (B),1,0,3,State,0.2,103,103-N,103-N,,EASTERN ST,25,Feet,S,41.323542,-72.872249,9,Pedestrian,88,Not Applicable,1,On Roadway,1,Clear,88,Not Applicable,6,Dark-Unknown Lighting,1,Dry,0,None,88,Not Applicable,88,Not Applicable,0,None,88,Not Applicable,88,Not Applicable,1,Non-Junction,1,Not at Intersection,1,No,1,No,88,Not Applicable,88,Not Applicable,88,Not Applicable,88,Not Applicable,TRUE,1,Public Road,1,"Trafficway, On Road",CT0009300,New Haven PD,45626,18:32.0,C,Closed,18:44.0,,2,9000,4,MINOR ARTERIAL - NEW HPMS,2,Urban
1116165,1,Complete,1116165,1116165,41.30884,-72.89809,3608367,New Haven,93,93,New Haven,12/13/2023,2023,12,December,13,4,Wednesday,17:20:00,17,23049881,A,2,,Motor Vehicle In Motion,"Injury of any type (Serious, Minor, Possible)",C,Possible Injury (C),0,0,4,Local,0.64,264,GRAND AV,GRAND AV,FILLMORE ST,,,,,41.30884,-72.89809,14,Motor Vehicle in Operation,5,"Sideswipe, opposite direction",1,On Roadway,1,Clear,88,Not Applicable,4,Dark-Lighted,1,Dry,0,None,88,Not Applicable,88,Not Applicable,0,None,88,Not Applicable,88,Not Applicable,2,Intersection,3,T-Intersection,1,No,1,No,88,Not Applicable,88,Not Applicable,88,Not Applicable,88,Not Applicable,TRUE,1,Public Road,1,"Trafficway, On Road",CT0009300,New Haven PD,40788,11:31.0,O,Open,19:06.0,,,,,,,
1116169,1,Complete,1116169,1116169,41.31646699,-72.904118,3608371,New Haven,93,93,New Haven,12/13/2023,2023,12,December,13,4,Wednesday,18:39:00,18,23049892,A,2,,Motor Vehicle In Motion,"Injury of any type (Serious, Minor, Possible)",C,Possible Injury (C),0,0,2,USRoute,0.01,5,5-N,5-N,,JAMES ST,45,Feet,E,41.31646699,-72.904118,14,Motor Vehicle in Operation,1,Front to rear,1,On Roadway,1,Clear,88,Not Applicable,4,Dark-Lighted,1,Dry,0,None,88,Not Applicable,88,Not Applicable,0,None,88,Not Applicable,88,Not Applicable,3,Intersection-Related,2,Four-Way Intersection,1,No,1,No,88,Not Applicable,88,Not Applicable,88,Not Applicable,88,Not Applicable,TRUE,1,Public Road,1,"Trafficway, On Road",CT0009300,New Haven PD,39,28:18.0,C,Closed,19:40.0,,2,12900,4,MINOR ARTERIAL - NEW HPMS,1,Rural
1116173,1,Complete,1116173,1116173,41.32848297,-72.92663668,3608375,New Haven,93,93,New Haven,12/14/2023,2023,12,December,14,5,Thursday,1:28:00,1,23049930,A,3,,Parked Vehicle,"Injury of any type (Serious, Minor, Possible)",C,Possible Injury (C),0,0,4,Local,0.89,669,WINCHESTER AV,WINCHESTER AV,,Highland st,300,Feet,S,41.32848297,-72.92663668,15,Parked Motor Vehicle,1,Front to rear,1,On Roadway,1,Clear,88,Not Applicable,4,Dark-Lighted,1,Dry,0,None,88,Not Applicable,88,Not Applicable,0,None,88,Not Applicable,88,Not Applicable,1,Non-Junction,1,Not at Intersection,1,No,1,No,88,Not Applicable,88,Not Applicable,88,Not Applicable,88,Not Applicable,FALSE,1,Public Road,1,"Trafficway, On Road",CT0009300,New Haven PD,432,06:45.0,C,Closed,19:46.0,,,,,,,
1116176,1,Complete,1116176,1116176,41.327464,-72.960432,3608378,New Haven,93,93,New Haven,12/14/2023,2023,12,December,14,5,Thursday,13:29:00,13,23049977,A,2,,Motor Vehicle In Motion,"Injury of any type (Serious, Minor, Possible)",C,Possible Injury (C),0,0,3,State,0.25,63,63-N,63-N,BLAKE ST,,,,,41.327464,-72.960432,14,Motor Vehicle in Operation,3,Angle,1,On Roadway,1,Clear,88,Not Applicable,1,Daylight,1,Dry,0,None,88,Not Applicable,88,Not Applicable,0,None,88,Not Applicable,88,Not Applicable,2,Intersection,3,T-Intersection,1,No,1,No,88,Not Applicable,88,Not Applicable,88,Not Applicable,88,Not Applicable,FALSE,1,Public Road,1,"Trafficway, On Road",CT0009300,New Haven PD,62,14:32.0,C,Closed,19:41.0,,1,15500,3,PRINCIPAL ARTERIAL - OTHER - NEW HPMS,1,Rural
1116181,1,Complete,1116181,1116181,41.30182819,-72.93359594,3608383,New Haven,93,93,New Haven,12/14/2023,2023,12,December,14,5,Thursday,13:42:00,13,23050016,A,1,,Pedestrian,"Injury of any type (Serious, Minor, Possible)",B,Suspected Minor Injury (B),1,0,4,Local,0.79,123,CONGRESS AV,CONGRESS AV,CEDAR ST NO 3,,,,,41.30182819,-72.93359594,9,Pedestrian,88,Not Applicable,1,On Roadway,1,Clear,88,Not Applicable,1,Daylight,1,Dry,0,None,88,Not Applicable,88,Not Applicable,99,Unknown,88,Not Applicable,88,Not Applicable,2,Intersection,2,Four-Way Intersection,1,No,1,No,88,Not Applicable,88,Not Applicable,88,Not Applicable,88,Not Applicable,FALSE,1,Public Road,1,"Trafficway, On Road",CT0009300,New Haven PD,40811,45:07.0,O,Open,19:45.0,,3,5800,4,MINOR ARTERIAL - NEW HPMS,2,Urban
1116189,1,Complete,1116189,1116189,41.330163,-72.87556,3608391,New Haven,93,93,New Haven,12/14/2023,2023,12,December,14,5,Thursday,20:25:00,20,23050052,A,2,,Motor Vehicle In Motion,"Injury of any type (Serious, Minor, Possible)",C,Possible Injury (C),0,0,3,State,0.76,17,17-N,17-N,,ELLIS ST,323,Feet,N,41.330163,-72.87556,14,Motor Vehicle in Operation,1,Front to rear,1,On Roadway,1,Clear,88,Not Applicable,5,Dark-Not Lighted,1,Dry,0,None,88,Not Applicable,88,Not Applicable,0,None,88,Not Applicable,88,Not Applicable,1,Non-Junction,1,Not at Intersection,1,No,1,No,88,Not Applicable,88,Not Applicable,88,Not Applicable,88,Not Applicable,FALSE,1,Public Road,1,"Trafficway, On Road",CT0009300,New Haven PD,42049,00:21.0,C,Closed,19:54.0,,1,14300,3,PRINCIPAL ARTERIAL - OTHER - NEW HPMS,1,Rural
1116195,1,Complete,1116195,1116195,41.31540102,-72.91684536,3608397,New Haven,93,93,New Haven,12/15/2023,2023,12,December,15,6,Friday,14:50:00,14,23050117,A,2,,Motor Vehicle In Motion,"Injury of any type (Serious, Minor, Possible)",C,Possible Injury (C),0,0,4,Local,0.93,450,ORANGE ST NO 1,ORANGE ST NO 1,CLARK ST,,,,,41.31540102,-72.91684536,14,Motor Vehicle in Operation,3,Angle,1,On Roadway,1,Clear,88,Not Applicable,1,Daylight,1,Dry,0,None,88,Not Applicable,88,Not Applicable,0,None,88,Not Applicable,88,Not Applicable,2,Intersection,3,T-Intersection,1,No,1,No,88,Not Applicable,88,Not Applicable,88,Not Applicable,88,Not Applicable,FALSE,1,Public Road,1,"Trafficway, On Road",CT0009300,New Haven PD,65,39:56.0,C,Closed,20:13.0,,,,,,,
1116196,1,Complete,1116196,1116196,41.319228,-72.87506968,3608398,New Haven,93,93,New Haven,12/14/2023,2023,12,December,14,5,Thursday,19:01:00,19,23050120,A,2,,Motor Vehicle In Motion,"Injury of any type (Serious, Minor, Possible)",C,Possible Injury (C),0,0,4,Local,2.1,498,QUINNIPIAC AV,QUINNIPIAC AV,,foxon st,135,Feet,S,41.319228,-72.87506968,14,Motor Vehicle in Operation,1,Front to rear,1,On Roadway,1,Clear,88,Not Applicable,6,Dark-Unknown Lighting,1,Dry,0,None,88,Not Applicable,88,Not Applicable,0,None,88,Not Applicable,88,Not Applicable,9,Driveway Access-Related,1,Not at Intersection,1,No,1,No,88,Not Applicable,88,Not Applicable,88,Not Applicable,88,Not Applicable,FALSE,1,Public Road,1,"Trafficway, On Road",CT0009300,New Haven PD,42049,43:20.0,C,Closed,19:58.0,,,,,,,
1116200,1,Complete,1116200,1116200,41.310516,-72.951016,3608402,New Haven,93,93,New Haven,12/15/2023,2023,12,December,15,6,Friday,18:22:00,18,23050135,A,1,,Pedestrian,"Injury of any type (Serious, Minor, Possible)",C,Possible Injury (C),1,0,4,Local,0.27,147,DERBY AV,DERBY AV,,MEAD ST,50,Feet,E,41.310516,-72.951016,9,Pedestrian,88,Not Applicable,1,On Roadway,1,Clear,88,Not Applicable,5,Dark-Not Lighted,1,Dry,0,None,88,Not Applicable,88,Not Applicable,0,None,88,Not Applicable,88,Not Applicable,1,Non-Junction,1,Not at Intersection,1,No,1,No,88,Not Applicable,88,Not Applicable,88,Not Applicable,88,Not Applicable,FALSE,1,Public Road,1,"Trafficway, On Road",CT0009300,New Haven PD,11439,42:09.0,C,Closed,19:55.0,,3,8000,4,MINOR ARTERIAL - NEW HPMS,2,Urban
1116204,1,Complete,1116204,1116204,41.31987,-72.94037,3608406,New Haven,93,93,New Haven,12/15/2023,2023,12,December,15,6,Friday,21:19:00,21,23050157,A,2,,Motor Vehicle In Motion,"Injury of any type (Serious, Minor, Possible)",C,Possible Injury (C),0,0,4,Local,0,557,SHERMAN PKWY,SHERMAN PKWY,GOFFE ST,,,,,41.31987,-72.94037,14,Motor Vehicle in Operation,3,Angle,1,On Roadway,1,Clear,88,Not Applicable,4,Dark-Lighted,1,Dry,0,None,88,Not Applicable,88,Not Applicable,0,None,88,Not Applicable,88,Not Applicable,2,Intersection,2,Four-Way Intersection,1,No,1,No,88,Not Applicable,88,Not Applicable,88,Not Applicable,88,Not Applicable,FALSE,1,Public Road,1,"Trafficway, On Road",CT0009300,New Haven PD,44060,51:08.0,O,Open,19:59.0,,,,,,,
1116208,1,Complete,1116208,1116208,41.318943,-72.948549,3608410,New Haven,93,93,New Haven,12/15/2023,2023,12,December,15,6,Friday,22:35:00,22,23050168,A,1,,Utility Pole,"Injury of any type (Serious, Minor, Possible)",C,Possible Injury (C),0,0,4,Local,0.02,653,WHALLEY AV,WHALLEY AV,,ELLA T. GRASSO BLVD,115,Feet,W,41.318943,-72.948549,33,Utility Pole/Light Support,88,Not Applicable,2,Shoulder,1,Clear,88,Not Applicable,5,Dark-Not Lighted,1,Dry,0,None,88,Not Applicable,88,Not Applicable,0,None,88,Not Applicable,88,Not Applicable,1,Non-Junction,1,Not at Intersection,1,No,1,No,88,Not Applicable,88,Not Applicable,88,Not Applicable,88,Not Applicable,FALSE,1,Public Road,2,"Trafficway, Not on Road",CT0009300,New Haven PD,44947,54:52.0,C,Closed,19:59.0,,4,21100,3,PRINCIPAL ARTERIAL - OTHER - NEW HPMS,2,Urban
1116209,1,Complete,1116209,1116209,41.327527,-72.968544,3608411,New Haven,93,93,New Haven,12/16/2023,2023,12,December,16,7,Saturday,0:50:00,0,23050170,A,2,,Motor Vehicle In Motion,"Injury of any type (Serious, Minor, Possible)",C,Possible Injury (C),1,0,3,State,3.41,122,122-N,122-N,,FOUNTAIN ST,55,Feet,N,41.327527,-72.968544,14,Motor Vehicle in Operation,1,Front to rear,1,On Roadway,1,Clear,88,Not Applicable,4,Dark-Lighted,1,Dry,0,None,88,Not Applicable,88,Not Applicable,0,None,88,Not Applicable,88,Not Applicable,3,Intersection-Related,3,T-Intersection,1,No,1,No,88,Not Applicable,88,Not Applicable,88,Not Applicable,88,Not Applicable,TRUE,1,Public Road,1,"Trafficway, On Road",CT0009300,New Haven PD,44046,54:25.0,C,Closed,20:09.0,,1,7500,4,MINOR ARTERIAL - NEW HPMS,1,Rural
1116211,1,Complete,1116211,1116211,41.313888,-72.876008,3608413,New Haven,93,93,New Haven,12/16/2023,2023,12,December,16,7,Saturday,1:47:00,1,23050174,A,1,,Utility Pole,"Injury of any type (Serious, Minor, Possible)",B,Suspected Minor Injury (B),0,0,4,Local,0.15,287,HEMINGWAY ST,HEMINGWAY ST,,ROSEWOOD AVE,43,Feet,W,41.313888,-72.876008,33,Utility Pole/Light Support,88,Not Applicable,2,Shoulder,1,Clear,88,Not Applicable,4,Dark-Lighted,1,Dry,0,None,88,Not Applicable,88,Not Applicable,0,None,88,Not Applicable,88,Not Applicable,1,Non-Junction,1,Not at Intersection,1,No,1,No,88,Not Applicable,88,Not Applicable,88,Not Applicable,88,Not Applicable,FALSE,1,Public Road,1,"Trafficway, On Road",CT0009300,New Haven PD,44063,31:17.0,C,Closed,20:40.0,,2,4727,7,LOCAL - NEW HPMS,2,Urban
1116231,1,Complete,1116231,1116231,41.28977182,-72.89214017,3608433,New Haven,93,93,New Haven,12/23/2023,2023,12,December,23,7,Saturday,2:15:00,2,23050178,A,2,,Motor Vehicle In Motion,"Injury of any type (Serious, Minor, Possible)",C,Possible Injury (C),0,0,2,USRoute,50.26,1,1-N,1-N,,TOWNSEND AVE,42,Feet,E,41.28977182,-72.89214017,14,Motor Vehicle in Operation,3,Angle,1,On Roadway,1,Clear,88,Not Applicable,4,Dark-Lighted,1,Dry,0,None,88,Not Applicable,88,Not Applicable,0,None,88,Not Applicable,88,Not Applicable,3,Intersection-Related,2,Four-Way Intersection,1,No,1,No,88,Not Applicable,88,Not Applicable,88,Not Applicable,88,Not Applicable,FALSE,1,Public Road,1,"Trafficway, On Road",CT0009300,New Haven PD,44946,43:38.0,O,Open,19:31.0,,2,17700,3,PRINCIPAL ARTERIAL - OTHER - NEW HPMS,2,Urban
1116235,1,Complete,1116235,1116235,41.311068,-72.943292,3608437,New Haven,93,93,New Haven,12/16/2023,2023,12,December,16,7,Saturday,13:25:00,13,23050223,A,2,,Motor Vehicle In Motion,"Injury of any type (Serious, Minor, Possible)",C,Possible Injury (C),0,0,4,Local,2.75,97,CHAPEL ST,CHAPEL ST,,BEERS ST ,156,Feet,W,41.311068,-72.943292,14,Motor Vehicle in Operation,1,Front to rear,1,On Roadway,1,Clear,88,Not Applicable,1,Daylight,1,Dry,0,None,88,Not Applicable,88,Not Applicable,0,None,88,Not Applicable,88,Not Applicable,1,Non-Junction,1,Not at Intersection,1,No,1,No,88,Not Applicable,88,Not Applicable,88,Not Applicable,88,Not Applicable,FALSE,1,Public Road,1,"Trafficway, On Road",CT0009300,New Haven PD,39,52:59.0,C,Closed,20:11.0,,,,,,,
1116236,1,Complete,1116236,1116236,41.300907,-72.915423,3608438,New Haven,93,93,New Haven,12/16/2023,2023,12,December,16,7,Saturday,16:15:00,16,23050237,A,2,,Motor Vehicle In Motion,"Injury of any type (Serious, Minor, Possible)",C,Possible Injury (C),0,0,2,USRoute,48.72,1,1-N,1-N,CHESTNUT ST NO 1,,,,,41.300907,-72.915423,14,Motor Vehicle in Operation,3,Angle,1,On Roadway,1,Clear,88,Not Applicable,1,Daylight,1,Dry,0,None,88,Not Applicable,88,Not Applicable,0,None,88,Not Applicable,88,Not Applicable,2,Intersection,3,T-Intersection,1,No,1,No,88,Not Applicable,88,Not Applicable,88,Not Applicable,88,Not Applicable,TRUE,1,Public Road,1,"Trafficway, On Road",CT0009300,New Haven PD,40788,13:17.0,C,Closed,20:05.0,,1,9800,3,PRINCIPAL ARTERIAL - OTHER - NEW HPMS,1,Rural
1116237,1,Complete,1116237,1116237,41.29660413,-72.89094058,3608439,New Haven,93,93,New Haven,12/16/2023,2023,12,December,16,7,Saturday,15:55:00,15,23050241,A,2,,Motor Vehicle In Motion,"Injury of any type (Serious, Minor, Possible)",C,Possible Injury (C),0,0,4,Local,0.03,332,JUDITH TER,JUDITH TER,,QUINNIPIAC AVE,134,Feet,E,41.29660413,-72.89094058,14,Motor Vehicle in Operation,3,Angle,1,On Roadway,1,Clear,88,Not Applicable,3,Dusk,1,Dry,0,None,88,Not Applicable,88,Not Applicable,0,None,88,Not Applicable,88,Not Applicable,9,Driveway Access-Related,1,Not at Intersection,1,No,1,No,88,Not Applicable,88,Not Applicable,88,Not Applicable,88,Not Applicable,FALSE,1,Public Road,1,"Trafficway, On Road",CT0009300,New Haven PD,42049,54:32.0,C,Closed,20:06.0,,,,,,,
1116240,1,Complete,1116240,1116240,41.302183,-72.928784,3608442,New Haven,93,93,New Haven,12/16/2023,2023,12,December,16,7,Saturday,20:06:00,20,23050257,A,2,,Motor Vehicle In Motion,"Injury of any type (Serious, Minor, Possible)",C,Possible Injury (C),0,0,4,Local,0.25,104,CHURCH ST SOUTH NO 1,CHURCH ST SOUTH NO 1,CHURCH ST SOUTH NO 1,,,,,41.302183,-72.928784,14,Motor Vehicle in Operation,2,Front to front,1,On Roadway,1,Clear,88,Not Applicable,4,Dark-Lighted,1,Dry,0,None,88,Not Applicable,88,Not Applicable,13,Non-Highway Work,88,Not Applicable,88,Not Applicable,2,Intersection,2,Four-Way Intersection,1,No,1,No,88,Not Applicable,88,Not Applicable,88,Not Applicable,88,Not Applicable,FALSE,1,Public Road,1,"Trafficway, On Road",CT0009300,New Haven PD,40810,38:29.0,C,Closed,20:38.0,,,,,,,
1116244,1,Complete,1116244,1116244,41.31277268,-72.9521214,3608446,New Haven,93,93,New Haven,12/17/2023,2023,12,December,17,1,Sunday,0:38:00,0,23050288,A,2,,Motor Vehicle In Motion,"Injury of any type (Serious, Minor, Possible)",C,Possible Injury (C),0,0,3,State,2.57,10,10-N,10-N,,CHAPEL ST,68,Feet,S,41.31277268,-72.9521214,14,Motor Vehicle in Operation,1,Front to rear,1,On Roadway,2,Cloudy,88,Not Applicable,4,Dark-Lighted,1,Dry,0,None,88,Not Applicable,88,Not Applicable,0,None,88,Not Applicable,88,Not Applicable,3,Intersection-Related,2,Four-Way Intersection,1,No,1,No,88,Not Applicable,88,Not Applicable,88,Not Applicable,88,Not Applicable,TRUE,1,Public Road,1,"Trafficway, On Road",CT0009300,New Haven PD,40956,52:01.0,C,Closed,20:10.0,,1,19800,3,PRINCIPAL ARTERIAL - OTHER - NEW HPMS,1,Rural
1116246,1,Complete,1116246,1116246,41.319263,-72.926111,3608448,New Haven,93,93,New Haven,12/10/2023,2023,12,December,10,1,Sunday,19:30:00,19,23050315,A,1,,Pedestrian,"Injury of any type (Serious, Minor, Possible)",B,Suspected Minor Injury (B),1,0,4,Local,0,676,WOODLAND ST,WOODLAND ST,MANSFIELD ST,,,,,41.319263,-72.926111,9,Pedestrian,88,Not Applicable,1,On Roadway,1,Clear,88,Not Applicable,4,Dark-Lighted,2,Wet,0,None,88,Not Applicable,88,Not Applicable,0,None,88,Not Applicable,88,Not Applicable,2,Intersection,3,T-Intersection,1,No,1,No,88,Not Applicable,88,Not Applicable,88,Not Applicable,88,Not Applicable,FALSE,1,Public Road,1,"Trafficway, On Road",CT0009300,New Haven PD,42046,57:54.0,C,Closed,20:11.0,,2,2427,7,LOCAL - NEW HPMS,2,Urban
1116247,1,Complete,1116247,1116247,41.309796,-72.945206,3608449,New Haven,93,93,New Haven,12/17/2023,2023,12,December,17,1,Sunday,11:29:00,11,23050327,A,2,,Motor Vehicle In Motion,"Injury of any type (Serious, Minor, Possible)",C,Possible Injury (C),0,1,4,Local,0.26,248,GEORGE ST,GEORGE ST,SHERMAN AV,,,,,41.309796,-72.945206,14,Motor Vehicle in Operation,3,Angle,1,On Roadway,4,Rain,88,Not Applicable,1,Daylight,2,Wet,0,None,88,Not Applicable,88,Not Applicable,0,None,88,Not Applicable,88,Not Applicable,2,Intersection,2,Four-Way Intersection,1,No,1,No,88,Not Applicable,88,Not Applicable,88,Not Applicable,88,Not Applicable,FALSE,1,Public Road,1,"Trafficway, On Road",CT0009300,New Haven PD,91,06:09.0,C,Closed,20:12.0,,,,,,,
1116252,1,Complete,1116252,1116252,41.293565,-72.897717,3608454,New Haven,93,93,New Haven,12/17/2023,2023,12,December,17,1,Sunday,19:50:00,19,23050369,A,5,,Motor Vehicle In Motion,"Injury of any type (Serious, Minor, Possible)",C,Possible Injury (C),0,0,2,USRoute,49.82,1,1-N,1-N,FULTON TER,,,,,41.293565,-72.897717,14,Motor Vehicle in Operation,3,Angle,1,On Roadway,4,Rain,88,Not Applicable,4,Dark-Lighted,2,Wet,99,Unknown,88,Not Applicable,88,Not Applicable,99,Unknown,88,Not Applicable,88,Not Applicable,2,Intersection,2,Four-Way Intersection,1,No,1,No,88,Not Applicable,88,Not Applicable,88,Not Applicable,88,Not Applicable,FALSE,1,Public Road,1,"Trafficway, On Road",CT0009300,New Haven PD,9,26:47.0,C,Closed,18:50.0,,2,9400,3,PRINCIPAL ARTERIAL - OTHER - NEW HPMS,2,Urban
1116253,1,Complete,1116253,1116253,41.28261,-72.935015,3608455,New Haven,93,93,New Haven,12/17/2023,2023,12,December,17,1,Sunday,21:24:00,21,23050373,A,3,,Motor Vehicle In Motion,"Injury of any type (Serious, Minor, Possible)",C,Possible Injury (C),0,0,3,State,0.16,10,10-N,10-N,,SEA ST ,86,Feet,W,41.28261,-72.935015,14,Motor Vehicle in Operation,1,Front to rear,1,On Roadway,4,Rain,88,Not Applicable,4,Dark-Lighted,2,Wet,99,Unknown,88,Not Applicable,88,Not Applicable,99,Unknown,88,Not Applicable,88,Not Applicable,1,Non-Junction,1,Not at Intersection,1,No,1,No,88,Not Applicable,88,Not Applicable,88,Not Applicable,88,Not Applicable,FALSE,1,Public Road,1,"Trafficway, On Road",CT0009300,New Haven PD,44057,24:04.0,C,Closed,20:16.0,,2,15100,3,PRINCIPAL ARTERIAL - OTHER - NEW HPMS,2,Urban
1116259,1,Complete,1116259,1116259,41.29495113,-72.93752898,3608461,New Haven,93,93,New Haven,12/18/2023,2023,12,December,18,2,Monday,9:54:00,9,23050405,A,3,,Parked Vehicle,"Injury of any type (Serious, Minor, Possible)",C,Possible Injury (C),0,1,4,Local,0.02,731,PUTNAM ST NO 2,PUTNAM ST NO 2,,BUTTON ST,74,Feet,W,41.29495113,-72.93752898,14,Motor Vehicle in Operation,4,"Sideswipe, same direction",2,Shoulder,4,Rain,88,Not Applicable,1,Daylight,2,Wet,99,Unknown,88,Not Applicable,88,Not Applicable,0,None,88,Not Applicable,88,Not Applicable,1,Non-Junction,1,Not at Intersection,1,No,1,No,88,Not Applicable,88,Not Applicable,88,Not Applicable,88,Not Applicable,FALSE,1,Public Road,1,"Trafficway, On Road",CT0009300,New Haven PD,42366,17:58.0,C,Closed,20:23.0,,,,,,,
1116260,1,Complete,1116260,1116260,41.31175477,-72.92562681,3608462,New Haven,93,93,New Haven,12/18/2023,2023,12,December,18,2,Monday,10:59:00,10,23050412,A,2,,Motor Vehicle In Motion,"Injury of any type (Serious, Minor, Possible)",B,Suspected Minor Injury (B),0,0,4,Local,0,117,COLLEGE ST,COLLEGE ST,GROVE ST,,,,,41.31175477,-72.92562681,14,Motor Vehicle in Operation,3,Angle,1,On Roadway,2,Cloudy,88,Not Applicable,1,Daylight,2,Wet,0,None,88,Not Applicable,88,Not Applicable,0,None,88,Not Applicable,88,Not Applicable,2,Intersection,2,Four-Way Intersection,1,No,1,No,88,Not Applicable,88,Not Applicable,88,Not Applicable,88,Not Applicable,TRUE,1,Public Road,1,"Trafficway, On Road",CT0009300,New Haven PD,165,20:49.0,C,Closed,20:23.0,,,,,,,
1116261,1,Complete,1116261,1116261,41.304899,-72.934292,3608463,New Haven,93,93,New Haven,12/18/2023,2023,12,December,18,2,Monday,11:40:00,11,23050414,A,2,,Motor Vehicle In Motion,"Injury of any type (Serious, Minor, Possible)",C,Possible Injury (C),0,0,4,Local,0.19,565,SOUTH FRONTAGE RD-RT 34,SOUTH FRONTAGE RD-RT 34,YORK ST,,,,,41.304899,-72.934292,14,Motor Vehicle in Operation,3,Angle,1,On Roadway,2,Cloudy,88,Not Applicable,1,Daylight,2,Wet,0,None,88,Not Applicable,88,Not Applicable,0,None,88,Not Applicable,88,Not Applicable,2,Intersection,3,T-Intersection,1,No,1,No,88,Not Applicable,88,Not Applicable,88,Not Applicable,88,Not Applicable,TRUE,1,Public Road,1,"Trafficway, On Road",CT0009300,New Haven PD,251,07:10.0,C,Closed,20:27.0,,,,,,,
1116275,1,Complete,1116275,1116275,41.317725,-72.947927,3608477,New Haven,93,93,New Haven,12/19/2023,2023,12,December,19,3,Tuesday,13:00:00,13,23050586,A,2,,Motor Vehicle In Motion,"Injury of any type (Serious, Minor, Possible)",C,Possible Injury (C),0,0,4,Local,0.08,21,ARGONNE ST,ARGONNE ST,ELLSWORTH AV,,,,,41.317725,-72.947927,14,Motor Vehicle in Operation,3,Angle,1,On Roadway,1,Clear,88,Not Applicable,1,Daylight,1,Dry,0,None,88,Not Applicable,88,Not Applicable,0,None,88,Not Applicable,88,Not Applicable,2,Intersection,3,T-Intersection,2,"Yes, School Bus Directly Involved",1,No,88,Not Applicable,88,Not Applicable,88,Not Applicable,88,Not Applicable,FALSE,1,Public Road,1,"Trafficway, On Road",CT0009300,New Haven PD,503,17:20.0,C,Closed,19:29.0,,,,,,,
1116277,1,Complete,1116277,1116277,41.284539,-72.934817,3608479,New Haven,93,93,New Haven,12/19/2023,2023,12,December,19,3,Tuesday,16:41:00,16,23050613,A,2,,Motor Vehicle In Motion,"Injury of any type (Serious, Minor, Possible)",C,Possible Injury (C),0,0,3,State,0.31,10,10-N,10-N,95-S-366 (Exit 44 on ramp),,,,,41.284539,-72.934817,14,Motor Vehicle in Operation,3,Angle,1,On Roadway,1,Clear,88,Not Applicable,4,Dark-Lighted,1,Dry,0,None,88,Not Applicable,88,Not Applicable,0,None,88,Not Applicable,88,Not Applicable,2,Intersection,2,Four-Way Intersection,1,No,1,No,88,Not Applicable,88,Not Applicable,88,Not Applicable,88,Not Applicable,FALSE,1,Public Road,1,"Trafficway, On Road",CT0009300,New Haven PD,40810,36:32.0,C,Closed,20:39.0,,,,,,,