CrashId,Fatal Case Status,Fatal Case Status Text Format,CrashId,CrashId,Latitude,Longitude,DOT Case Number,Town Name,Town Number,Town Number,Town Number Text Format,Date Of Crash,Year,Month,Month Text Format,Day,Day of the Week,Day of the Week Text Format,Time of Crash,Hour of the Day,Case Identifier,Crash Severity,Number Of Motor Vehicles,Motor vehicle action,Most harmful event,Crash Severity Text Format,Most Severe Injury,Most Severe Injury Text Format,Number Of Non-Motorist,Number Of Witnesses,Route Class,Route Class Text Format,Milemarker,Road Number,Road Description,Roadway Name,Intersecting Roadway Name,Landmark Description,Distance From Nearest Landmark,Unit Of Measure From Nearest Landmark,Direction From Nearest Landmark,Latitude,Longitude,First Harmful Event,First Harmful Event Text Format,Manner of Crash / Collision Impact,Manner of Crash / Collision Impact Text Format,Location of First Harmful Event,Location of First Harmful Event Text Format,Weather Condition,Weather Condition Text Format,Weather 2,Weather 2 Text Format,Light Condition,Light Condition Text Format,Road Surface Condition,Road Surface Condition Text Format,"Contributing Circumstances, Environment","Contributing Circumstances, Environment Text Format",Environment 2,Environment 2 Text Format,Environment 3,Environment 3 Text Format,"Contributing Circumstances, Road","Contributing Circumstances, Road Text Format",Road 2,Road 2 Text Format,Road 3,Road 3 Text Format,Crash Specific Location,Crash Specific Location Text Format,Type of Intersection,Type of Intersection Text Format,School Bus Related,School Bus Related Text Format,Work Zone Related,Work Zone Related Text Format,Location Of Crash Relative To Work Zone,Location Of Crash Relative To Work Zone Text Format,Type of Work Zone,Type of Work Zone Text Format,Worker Presence,Worker Presence Text Format,Law Enforcement Presence,Law Enforcement Presence Text Format,Were Vehicles Moved Prior To Police Arrival,Trafficway Ownership,Trafficway Ownership Text Format,Trafficway Class,Trafficway Class Text Format,Police Agency,Police Agency Text Format,Badge Number,Approval Date,Police Case Status,Police Case Status Text Format,Crash Report Submission Date,Related Case Identifiers,No. of Through Lanes (Log Dir.),Average Daily Traffic,Functional Classification,Functional Classification Text Format,Rural or Urban,Rural or Urban Text Format
1116289,1,Complete,1116289,1116289,41.308224,-72.924219,3608491,New Haven,93,93,New Haven,12/20/2023,2023,12,December,20,4,Wednesday,15:02:00,15,23050738,A,2,,Motor Vehicle In Motion,"Injury of any type (Serious, Minor, Possible)",C,Possible Injury (C),0,0,4,Local,0.34,103,CHURCH ST,CHURCH ST,ELM ST NO 2,,,,,41.308224,-72.924219,14,Motor Vehicle in Operation,3,Angle,1,On Roadway,1,Clear,88,Not Applicable,1,Daylight,1,Dry,0,None,88,Not Applicable,88,Not Applicable,0,None,88,Not Applicable,88,Not Applicable,2,Intersection,2,Four-Way Intersection,1,No,1,No,88,Not Applicable,88,Not Applicable,88,Not Applicable,88,Not Applicable,TRUE,1,Public Road,1,"Trafficway, On Road",CT0009300,New Haven PD,221,15:47.0,C,Closed,20:45.0,,,,,,,
1116292,1,Complete,1116292,1116292,41.304327,-72.894546,3608494,New Haven,93,93,New Haven,12/20/2023,2023,12,December,20,4,Wednesday,16:38:00,16,23050771,A,2,,Motor Vehicle In Motion,"Injury of any type (Serious, Minor, Possible)",C,Possible Injury (C),0,0,4,Local,1.09,213,FERRY ST,FERRY ST,CHAPEL ST,,,,,41.304327,-72.894546,14,Motor Vehicle in Operation,3,Angle,1,On Roadway,1,Clear,88,Not Applicable,4,Dark-Lighted,1,Dry,0,None,88,Not Applicable,88,Not Applicable,3,Backup Due to Regular Congestion,88,Not Applicable,88,Not Applicable,3,Intersection-Related,2,Four-Way Intersection,1,No,1,No,88,Not Applicable,88,Not Applicable,88,Not Applicable,88,Not Applicable,FALSE,1,Public Road,1,"Trafficway, On Road",CT0009300,New Haven PD,409,07:46.0,C,Closed,18:43.0,,,,,,,
1116293,1,Complete,1116293,1116293,41.318669,-72.945559,3608495,New Haven,93,93,New Haven,12/20/2023,2023,12,December,20,4,Wednesday,16:58:00,16,23050775,A,2,,Motor Vehicle In Motion,"Injury of any type (Serious, Minor, Possible)",C,Possible Injury (C),0,0,4,Local,0.59,439,NORTON ST,NORTON ST,,WHALLEY AVENUE,249,Feet,N,41.318669,-72.945559,14,Motor Vehicle in Operation,1,Front to rear,7,In Parking Lane or Zone,1,Clear,88,Not Applicable,3,Dusk,1,Dry,0,None,88,Not Applicable,88,Not Applicable,0,None,88,Not Applicable,88,Not Applicable,1,Non-Junction,1,Not at Intersection,1,No,1,No,88,Not Applicable,88,Not Applicable,88,Not Applicable,88,Not Applicable,FALSE,1,Public Road,1,"Trafficway, On Road",CT0009300,New Haven PD,44062,22:10.0,C,Closed,19:21.0,,,,,,,
1116304,1,Complete,1116304,1116304,41.31737881,-72.94436041,3608506,New Haven,93,93,New Haven,12/21/2023,2023,12,December,21,5,Thursday,13:55:00,13,23050898,A,1,,Motor Vehicle In Motion,"Injury of any type (Serious, Minor, Possible)",C,Possible Injury (C),1,1,4,Local,0.27,653,WHALLEY AV,WHALLEY AV,,WINTHROP AVE ,39,Feet,E,41.31737881,-72.94436041,14,Motor Vehicle in Operation,3,Angle,1,On Roadway,1,Clear,88,Not Applicable,1,Daylight,1,Dry,0,None,88,Not Applicable,88,Not Applicable,0,None,88,Not Applicable,88,Not Applicable,3,Intersection-Related,3,T-Intersection,1,No,1,No,88,Not Applicable,88,Not Applicable,88,Not Applicable,88,Not Applicable,TRUE,1,Public Road,1,"Trafficway, On Road",CT0009300,New Haven PD,39,03:17.0,C,Closed,19:14.0,23050898,,,,,,
1116306,1,Complete,1116306,1116306,41.320384,-72.867826,3608508,New Haven,93,93,New Haven,12/21/2023,2023,12,December,21,5,Thursday,15:37:00,15,23050906,A,2,,Motor Vehicle In Motion,"Injury of any type (Serious, Minor, Possible)",C,Possible Injury (C),0,0,3,State,0.78,80,80-E,80-E,,DELL DR,85,Feet,W,41.320384,-72.867826,14,Motor Vehicle in Operation,1,Front to rear,1,On Roadway,1,Clear,88,Not Applicable,1,Daylight,1,Dry,0,None,88,Not Applicable,88,Not Applicable,0,None,88,Not Applicable,88,Not Applicable,1,Non-Junction,1,Not at Intersection,1,No,1,No,88,Not Applicable,88,Not Applicable,88,Not Applicable,88,Not Applicable,TRUE,1,Public Road,1,"Trafficway, On Road",CT0009300,New Haven PD,409,10:22.0,C,Closed,19:07.0,,2,23400,3,PRINCIPAL ARTERIAL - OTHER - NEW HPMS,2,Urban
1116313,1,Complete,1116313,1116313,41.30653,-72.9529,3608515,New Haven,93,93,New Haven,12/22/2023,2023,12,December,22,6,Friday,2:20:00,2,23050951,A,1,,Embankment,"Injury of any type (Serious, Minor, Possible)",C,Possible Injury (C),0,0,3,State,2.13,10,10-N,10-N,Rev Dr Martin Luther King Jr Blvd,,,,,41.30653,-72.9529,27,Embankment,88,Not Applicable,1,On Roadway,1,Clear,88,Not Applicable,4,Dark-Lighted,1,Dry,99,Unknown,88,Not Applicable,88,Not Applicable,99,Unknown,88,Not Applicable,88,Not Applicable,2,Intersection,2,Four-Way Intersection,1,No,1,No,88,Not Applicable,88,Not Applicable,88,Not Applicable,88,Not Applicable,FALSE,1,Public Road,1,"Trafficway, On Road",CT0009300,New Haven PD,44949,40:29.0,C,Closed,19:09.0,,2,24500,3,PRINCIPAL ARTERIAL - OTHER - NEW HPMS,2,Urban
1116318,1,Complete,1116318,1116318,41.28732406,-72.93736527,3608520,New Haven,93,93,New Haven,12/22/2023,2023,12,December,22,6,Friday,13:24:00,13,23050973,A,2,,Reentering Roadway,"Injury of any type (Serious, Minor, Possible)",B,Suspected Minor Injury (B),0,0,3,State,0.56,10,10-N,10-N,,RD A,50,Feet,E,41.28732406,-72.93736527,14,Motor Vehicle in Operation,1,Front to rear,1,On Roadway,1,Clear,88,Not Applicable,1,Daylight,1,Dry,0,None,88,Not Applicable,88,Not Applicable,0,None,88,Not Applicable,88,Not Applicable,9,Driveway Access-Related,1,Not at Intersection,1,No,1,No,88,Not Applicable,88,Not Applicable,88,Not Applicable,88,Not Applicable,FALSE,1,Public Road,1,"Trafficway, On Road",CT0009300,New Haven PD,45627,03:19.0,C,Closed,19:18.0,,2,18000,3,PRINCIPAL ARTERIAL - OTHER - NEW HPMS,2,Urban
1116319,1,Complete,1116319,1116319,41.329419,-72.944891,3608521,New Haven,93,93,New Haven,12/22/2023,2023,12,December,22,6,Friday,13:17:00,13,23050985,A,2,,Motor Vehicle In Motion,"Injury of any type (Serious, Minor, Possible)",C,Possible Injury (C),0,0,4,Local,0.75,690,ELLA T GRASSO BLVD,ELLA T GRASSO BLVD,,CRESCENT ST,311,Feet,S,41.329419,-72.944891,14,Motor Vehicle in Operation,3,Angle,1,On Roadway,1,Clear,88,Not Applicable,1,Daylight,1,Dry,0,None,88,Not Applicable,88,Not Applicable,0,None,88,Not Applicable,88,Not Applicable,9,Driveway Access-Related,1,Not at Intersection,1,No,1,No,88,Not Applicable,88,Not Applicable,88,Not Applicable,88,Not Applicable,FALSE,1,Public Road,1,"Trafficway, On Road",CT0009300,New Haven PD,324,12:53.0,C,Closed,19:25.0,,,,,,,
1116326,1,Complete,1116326,1116326,41.32313636,-72.87699565,3608528,New Haven,93,93,New Haven,12/22/2023,2023,12,December,22,6,Friday,17:17:00,17,23051015,A,1,,Tree (standing),"Injury of any type (Serious, Minor, Possible)",C,Possible Injury (C),0,0,4,Local,0.22,40,BARNES AV,BARNES AV,,KENNY DR,170,Feet,S,41.32313636,-72.87699565,32,Tree (standing),88,Not Applicable,1,On Roadway,1,Clear,88,Not Applicable,4,Dark-Lighted,1,Dry,0,None,88,Not Applicable,88,Not Applicable,0,None,88,Not Applicable,88,Not Applicable,1,Non-Junction,1,Not at Intersection,1,No,1,No,88,Not Applicable,88,Not Applicable,88,Not Applicable,88,Not Applicable,FALSE,1,Public Road,1,"Trafficway, On Road",CT0009300,New Haven PD,42049,43:09.0,C,Closed,19:22.0,,2,4238,7,LOCAL - NEW HPMS,2,Urban
1116364,1,Complete,1116364,1116364,41.271579,-72.89706,3608566,New Haven,93,93,New Haven,12/22/2023,2023,12,December,22,6,Friday,18:40:00,18,23051020,A,2,,Parked Vehicle,"Injury of any type (Serious, Minor, Possible)",C,Possible Injury (C),0,0,4,Local,0.01,425,MORSE PL,MORSE PL,,TOWNSEND AVE,33,Feet,W,41.271579,-72.89706,15,Parked Motor Vehicle,3,Angle,1,On Roadway,1,Clear,88,Not Applicable,4,Dark-Lighted,1,Dry,0,None,88,Not Applicable,88,Not Applicable,0,None,88,Not Applicable,88,Not Applicable,3,Intersection-Related,3,T-Intersection,1,No,1,No,88,Not Applicable,88,Not Applicable,88,Not Applicable,88,Not Applicable,FALSE,1,Public Road,1,"Trafficway, On Road",CT0009300,New Haven PD,45391,09:02.0,C,Closed,19:20.0,,,,,,,
1116369,1,Complete,1116369,1116369,41.301489,-72.927021,3608571,New Haven,93,93,New Haven,12/23/2023,2023,12,December,23,7,Saturday,22:37:00,22,23051123,A,2,,Motor Vehicle In Motion,"Injury of any type (Serious, Minor, Possible)",C,Possible Injury (C),0,0,3,State,0,,Oak St Connector ,Oak St Connector ,S Orange St ,,,,,41.301489,-72.927021,14,Motor Vehicle in Operation,4,"Sideswipe, same direction",1,On Roadway,1,Clear,88,Not Applicable,4,Dark-Lighted,1,Dry,0,None,88,Not Applicable,88,Not Applicable,0,None,88,Not Applicable,88,Not Applicable,2,Intersection,2,Four-Way Intersection,1,No,1,No,88,Not Applicable,88,Not Applicable,88,Not Applicable,88,Not Applicable,TRUE,1,Public Road,1,"Trafficway, On Road",CT0009300,New Haven PD,42366,26:06.0,C,Closed,19:30.0,,,,,,,
1116370,1,Complete,1116370,1116370,41.289944,-72.894724,3608572,New Haven,93,93,New Haven,12/23/2023,2023,12,December,23,7,Saturday,22:41:00,22,23051124,A,1,,"Other Fixed Object (wall, building, tunnel, etc.)","Injury of any type (Serious, Minor, Possible)",B,Suspected Minor Injury (B),0,0,,,,,,401 FORBES AVE,,WOODWARD AVE,108,Feet,W,41.289944,-72.894724,39,"Other Fixed Object (wall, building, tunnel, etc.)",88,Not Applicable,97,Other,1,Clear,88,Not Applicable,4,Dark-Lighted,1,Dry,0,None,88,Not Applicable,88,Not Applicable,0,None,88,Not Applicable,88,Not Applicable,97,Other,1,Not at Intersection,1,No,1,No,88,Not Applicable,88,Not Applicable,88,Not Applicable,88,Not Applicable,FALSE,88,Not Applicable,4,Parking Lot,CT0009300,New Haven PD,45398,30:35.0,C,Closed,19:28.0,,,,,,,
1116371,1,Complete,1116371,1116371,41.31039874,-72.94526761,3608573,New Haven,93,93,New Haven,12/24/2023,2023,12,December,24,1,Sunday,7:02:00,7,23051145,A,1,,Other Non-Collision,"Injury of any type (Serious, Minor, Possible)",C,Possible Injury (C),0,0,,,,,,136 SHERMAN AVE,,GEORGE ST,193,Feet,N,41.31039874,-72.94526761,8,Other Non-Collision,88,Not Applicable,97,Other,1,Clear,88,Not Applicable,1,Daylight,2,Wet,0,None,88,Not Applicable,88,Not Applicable,0,None,88,Not Applicable,88,Not Applicable,97,Other,1,Not at Intersection,1,No,1,No,88,Not Applicable,88,Not Applicable,88,Not Applicable,88,Not Applicable,FALSE,88,Not Applicable,4,Parking Lot,CT0009300,New Haven PD,324,57:32.0,C,Closed,19:30.0,,,,,,,
1116376,1,Complete,1116376,1116376,41.29067873,-72.93687915,3608578,New Haven,93,93,New Haven,12/25/2023,2023,12,December,25,2,Monday,10:18:00,10,23051224,A,2,,Motor Vehicle In Motion,"Injury of any type (Serious, Minor, Possible)",C,Possible Injury (C),0,0,4,Local,0.19,350,LAMBERTON ST,LAMBERTON ST,HURLBURT ST,,,,,41.29067873,-72.93687915,14,Motor Vehicle in Operation,5,"Sideswipe, opposite direction",1,On Roadway,2,Cloudy,88,Not Applicable,1,Daylight,1,Dry,0,None,88,Not Applicable,88,Not Applicable,0,None,88,Not Applicable,88,Not Applicable,2,Intersection,3,T-Intersection,1,No,1,No,88,Not Applicable,88,Not Applicable,88,Not Applicable,88,Not Applicable,TRUE,1,Public Road,1,"Trafficway, On Road",CT0009300,New Haven PD,40788,11:45.0,O,Open,19:35.0,,,,,,,
1116379,1,Complete,1116379,1116379,41.333233,-72.871868,3608581,New Haven,93,93,New Haven,12/25/2023,2023,12,December,25,2,Monday,15:44:00,15,23051247,A,2,,Parked Vehicle,"Injury of any type (Serious, Minor, Possible)",C,Possible Injury (C),0,0,3,State,1.05,17,17-N,17-N,,GANDO DR,237,Feet,S,41.333233,-72.871868,14,Motor Vehicle in Operation,1,Front to rear,1,On Roadway,1,Clear,88,Not Applicable,1,Daylight,1,Dry,0,None,88,Not Applicable,88,Not Applicable,0,None,88,Not Applicable,88,Not Applicable,1,Non-Junction,1,Not at Intersection,1,No,1,No,88,Not Applicable,88,Not Applicable,88,Not Applicable,88,Not Applicable,FALSE,1,Public Road,1,"Trafficway, On Road",CT0009300,New Haven PD,42367,33:29.0,C,Closed,19:36.0,,1,9800,3,PRINCIPAL ARTERIAL - OTHER - NEW HPMS,1,Rural
1116382,1,Complete,1116382,1116382,41.323795,-72.881279,3608584,New Haven,93,93,New Haven,12/26/2023,2023,12,December,26,3,Tuesday,6:20:00,6,23051292,A,2,,Motor Vehicle In Motion,"Injury of any type (Serious, Minor, Possible)",C,Possible Injury (C),0,0,3,State,0.01,80,80-W,80-W,,MIDDLETOWN AVE,44,Feet,S,41.323795,-72.881279,14,Motor Vehicle in Operation,1,Front to rear,1,On Roadway,3,"Fog, Smog, Smoke",88,Not Applicable,1,Daylight,1,Dry,0,None,88,Not Applicable,88,Not Applicable,0,None,88,Not Applicable,88,Not Applicable,3,Intersection-Related,3,T-Intersection,1,No,1,No,88,Not Applicable,88,Not Applicable,88,Not Applicable,88,Not Applicable,TRUE,1,Public Road,1,"Trafficway, On Road",CT0009300,New Haven PD,44046,45:48.0,C,Closed,19:39.0,,2,32300,3,PRINCIPAL ARTERIAL - OTHER - NEW HPMS,2,Urban
1116433,1,Complete,1116433,1116433,41.30475112,-72.94254915,3608635,New Haven,93,93,New Haven,12/26/2023,2023,12,December,26,3,Tuesday,17:38:00,17,23051351,A,2,,Motor Vehicle In Motion,"Injury of any type (Serious, Minor, Possible)",C,Possible Injury (C),0,0,4,Local,0.23,453,ORCHARD ST,ORCHARD ST,,SYLVAN AVE,116,Feet,N,41.30475112,-72.94254915,14,Motor Vehicle in Operation,1,Front to rear,1,On Roadway,1,Clear,88,Not Applicable,3,Dusk,1,Dry,0,None,88,Not Applicable,88,Not Applicable,0,None,88,Not Applicable,88,Not Applicable,1,Non-Junction,1,Not at Intersection,1,No,1,No,88,Not Applicable,88,Not Applicable,88,Not Applicable,88,Not Applicable,FALSE,1,Public Road,1,"Trafficway, On Road",CT0009300,New Haven PD,45389,12:22.0,C,Closed,01:50.0,,,,,,,
1116434,1,Complete,1116434,1116434,41.314905,-72.945657,3608636,New Haven,93,93,New Haven,12/26/2023,2023,12,December,26,3,Tuesday,18:19:00,18,23051361,A,2,,Motor Vehicle In Motion,"Injury of any type (Serious, Minor, Possible)",C,Possible Injury (C),0,1,4,Local,0.12,393,MAPLE ST,MAPLE ST,WINTHROP AV NO 2,,,,,41.314905,-72.945657,14,Motor Vehicle in Operation,3,Angle,1,On Roadway,1,Clear,88,Not Applicable,4,Dark-Lighted,1,Dry,0,None,88,Not Applicable,88,Not Applicable,0,None,88,Not Applicable,88,Not Applicable,2,Intersection,2,Four-Way Intersection,1,No,1,No,88,Not Applicable,88,Not Applicable,88,Not Applicable,88,Not Applicable,FALSE,1,Public Road,1,"Trafficway, On Road",CT0009300,New Haven PD,44055,16:42.0,C,Closed,01:51.0,,,,,,,
1116975,1,Complete,1116975,1116975,41.309178,-72.934841,3609177,New Haven,93,93,New Haven,12/9/2023,2023,12,December,9,7,Saturday,19:03:00,19,23049331,A,4,,Motor Vehicle In Motion,"Injury of any type (Serious, Minor, Possible)",B,Suspected Minor Injury (B),0,0,4,Local,2.3,97,CHAPEL ST,CHAPEL ST,,HOWE ST,160,Feet,E,41.309178,-72.934841,14,Motor Vehicle in Operation,4,"Sideswipe, same direction",1,On Roadway,1,Clear,88,Not Applicable,4,Dark-Lighted,1,Dry,0,None,88,Not Applicable,88,Not Applicable,0,None,88,Not Applicable,88,Not Applicable,1,Non-Junction,1,Not at Intersection,1,No,1,No,88,Not Applicable,88,Not Applicable,88,Not Applicable,88,Not Applicable,FALSE,1,Public Road,1,"Trafficway, On Road",CT0009300,New Haven PD,42046,06:15.0,C,Closed,00:15.0,,6,124100,1,INTERSTATE - NEW HPMS,2,Urban
1116978,1,Complete,1116978,1116978,41.323873,-72.88148,3609180,New Haven,93,93,New Haven,12/17/2023,2023,12,December,17,1,Sunday,2:37:00,2,23050295,A,2,,Motor Vehicle In Motion,"Injury of any type (Serious, Minor, Possible)",C,Possible Injury (C),0,1,3,State,0,80,80-W,80-W,17-N,,,,,41.323873,-72.88148,14,Motor Vehicle in Operation,3,Angle,1,On Roadway,1,Clear,88,Not Applicable,4,Dark-Lighted,1,Dry,0,None,88,Not Applicable,88,Not Applicable,0,None,88,Not Applicable,88,Not Applicable,2,Intersection,2,Four-Way Intersection,1,No,1,No,88,Not Applicable,88,Not Applicable,88,Not Applicable,88,Not Applicable,TRUE,1,Public Road,1,"Trafficway, On Road",CT0009300,New Haven PD,44947,12:39.0,C,Closed,00:18.0,,2,32300,3,PRINCIPAL ARTERIAL - OTHER - NEW HPMS,2,Urban
1116980,1,Complete,1116980,1116980,41.31119188,-72.89606249,3609182,New Haven,93,93,New Haven,12/19/2023,2023,12,December,19,3,Tuesday,21:20:00,21,23050654,A,4,,Parked Vehicle,"Injury of any type (Serious, Minor, Possible)",B,Suspected Minor Injury (B),0,0,4,Local,0.6,213,FERRY ST,FERRY ST,,CLAY ST,88,Feet,N,41.31119188,-72.89606249,14,Motor Vehicle in Operation,1,Front to rear,1,On Roadway,1,Clear,88,Not Applicable,4,Dark-Lighted,1,Dry,0,None,88,Not Applicable,88,Not Applicable,0,None,88,Not Applicable,88,Not Applicable,1,Non-Junction,1,Not at Intersection,1,No,1,No,88,Not Applicable,88,Not Applicable,88,Not Applicable,88,Not Applicable,FALSE,1,Public Road,1,"Trafficway, On Road",CT0009300,New Haven PD,42042,31:54.0,C,Closed,00:14.0,,8,140800,1,INTERSTATE - NEW HPMS,2,Urban
1116981,1,Complete,1116981,1116981,41.31125105,-72.94759385,3609183,New Haven,93,93,New Haven,12/20/2023,2023,12,December,20,4,Wednesday,11:22:00,11,23050713,A,2,,Motor Vehicle In Motion,"Injury of any type (Serious, Minor, Possible)",C,Possible Injury (C),0,0,4,Local,0.09,147,DERBY AV,DERBY AV,,WINTHROP AVE,94,Feet,W,41.31125105,-72.94759385,14,Motor Vehicle in Operation,4,"Sideswipe, same direction",1,On Roadway,1,Clear,88,Not Applicable,1,Daylight,1,Dry,0,None,88,Not Applicable,88,Not Applicable,0,None,88,Not Applicable,88,Not Applicable,1,Non-Junction,1,Not at Intersection,1,No,1,No,88,Not Applicable,88,Not Applicable,88,Not Applicable,88,Not Applicable,TRUE,1,Public Road,1,"Trafficway, On Road",CT0009300,New Haven PD,39,46:20.0,C,Closed,00:31.0,23050713,,,,,,
1116985,1,Complete,1116985,1116985,41.30407298,-72.89817268,3609187,New Haven,93,93,New Haven,12/26/2023,2023,12,December,26,3,Tuesday,16:39:00,16,23051342,A,2,,Motor Vehicle In Motion,"Injury of any type (Serious, Minor, Possible)",C,Possible Injury (C),0,0,4,Local,0.3,97,CHAPEL ST,CHAPEL ST,,BLATCHLEY AVE,115,Feet,E,41.30407298,-72.89817268,14,Motor Vehicle in Operation,5,"Sideswipe, opposite direction",1,On Roadway,1,Clear,88,Not Applicable,4,Dark-Lighted,1,Dry,0,None,88,Not Applicable,88,Not Applicable,0,None,88,Not Applicable,88,Not Applicable,9,Driveway Access-Related,1,Not at Intersection,1,No,1,No,88,Not Applicable,88,Not Applicable,88,Not Applicable,88,Not Applicable,TRUE,1,Public Road,1,"Trafficway, On Road",CT0009300,New Haven PD,40788,24:38.0,C,Closed,00:31.0,,,,,,,
1116987,1,Complete,1116987,1116987,41.309552,-72.899523,3609189,New Haven,93,93,New Haven,12/26/2023,2023,12,December,26,3,Tuesday,18:34:00,18,23051364,A,1,,Pedestrian,"Injury of any type (Serious, Minor, Possible)",C,Possible Injury (C),1,0,4,Local,0.45,57,BLATCHLEY AV,BLATCHLEY AV,,MONROE ST,117,Feet,S,41.309552,-72.899523,9,Pedestrian,88,Not Applicable,1,On Roadway,3,"Fog, Smog, Smoke",88,Not Applicable,6,Dark-Unknown Lighting,1,Dry,99,Unknown,88,Not Applicable,88,Not Applicable,0,None,88,Not Applicable,88,Not Applicable,1,Non-Junction,1,Not at Intersection,1,No,1,No,88,Not Applicable,88,Not Applicable,88,Not Applicable,88,Not Applicable,TRUE,1,Public Road,1,"Trafficway, On Road",CT0009300,New Haven PD,980,12:55.0,C,Closed,00:21.0,,6,4168,7,LOCAL - NEW HPMS,2,Urban
1116988,1,Complete,1116988,1116988,41.32320815,-72.94882839,3609190,New Haven,93,93,New Haven,12/26/2023,2023,12,December,26,3,Tuesday,4:56:00,4,23051374,A,2,,Motor Vehicle In Motion,"Injury of any type (Serious, Minor, Possible)",C,Possible Injury (C),0,0,4,Local,0.11,258,GOFFE TER,GOFFE TER,ELLA T GRASSO BLVD NO 2,,,,,41.32320815,-72.94882839,14,Motor Vehicle in Operation,3,Angle,1,On Roadway,1,Clear,88,Not Applicable,4,Dark-Lighted,1,Dry,0,None,88,Not Applicable,88,Not Applicable,0,None,88,Not Applicable,88,Not Applicable,2,Intersection,2,Four-Way Intersection,1,No,1,No,88,Not Applicable,88,Not Applicable,88,Not Applicable,88,Not Applicable,FALSE,1,Public Road,1,"Trafficway, On Road",CT0009300,New Haven PD,44055,31:27.0,C,Closed,00:20.0,,,,,,,
1116994,1,Complete,1116994,1116994,41.33309997,-72.97557136,3609196,New Haven,93,93,New Haven,12/27/2023,2023,12,December,27,4,Wednesday,10:56:00,10,23051414,A,2,,Motor Vehicle In Motion,"Injury of any type (Serious, Minor, Possible)",C,Possible Injury (C),0,0,3,State,1.16,63,63-N,63-N,WESTERLEIGH RD,,,,,41.33309997,-72.97557136,14,Motor Vehicle in Operation,5,"Sideswipe, opposite direction",1,On Roadway,1,Clear,88,Not Applicable,1,Daylight,1,Dry,0,None,88,Not Applicable,88,Not Applicable,0,None,88,Not Applicable,88,Not Applicable,2,Intersection,3,T-Intersection,1,No,1,No,88,Not Applicable,88,Not Applicable,88,Not Applicable,88,Not Applicable,FALSE,1,Public Road,1,"Trafficway, On Road",CT0009300,New Haven PD,758,16:21.0,C,Closed,00:22.0,,2,27000,3,PRINCIPAL ARTERIAL - OTHER - NEW HPMS,2,Urban
1117001,1,Complete,1117001,1117001,41.32748104,-72.97420294,3609203,New Haven,93,93,New Haven,12/27/2023,2023,12,December,27,4,Wednesday,18:05:00,18,23051477,A,2,,Motor Vehicle In Motion,"Injury of any type (Serious, Minor, Possible)",C,Possible Injury (C),0,0,3,State,5.9,243,243-E,243-E,,DAVIS ST,84,Feet,E,41.32748104,-72.97420294,14,Motor Vehicle in Operation,3,Angle,1,On Roadway,3,"Fog, Smog, Smoke",88,Not Applicable,5,Dark-Not Lighted,2,Wet,0,None,88,Not Applicable,88,Not Applicable,0,None,88,Not Applicable,88,Not Applicable,1,Non-Junction,1,Not at Intersection,1,No,1,No,88,Not Applicable,88,Not Applicable,88,Not Applicable,88,Not Applicable,TRUE,1,Public Road,1,"Trafficway, On Road",CT0009300,New Haven PD,39,12:42.0,C,Closed,00:28.0,,1,10900,4,MINOR ARTERIAL - NEW HPMS,1,Rural
1117346,1,Complete,1117346,1117346,41.33141,-72.94967,3609548,New Haven,93,93,New Haven,12/5/2023,2023,12,December,5,3,Tuesday,21:22:00,21,23048861,A,3,,Motor Vehicle In Motion,"Injury of any type (Serious, Minor, Possible)",C,Possible Injury (C),0,0,3,State,4.04,10,10-N,10-N,CRESCENT ST,,,,,41.33141,-72.94967,14,Motor Vehicle in Operation,3,Angle,1,On Roadway,1,Clear,88,Not Applicable,4,Dark-Lighted,1,Dry,0,None,88,Not Applicable,88,Not Applicable,0,None,88,Not Applicable,88,Not Applicable,2,Intersection,3,T-Intersection,1,No,1,No,88,Not Applicable,88,Not Applicable,88,Not Applicable,88,Not Applicable,FALSE,1,Public Road,1,"Trafficway, On Road",CT0009300,New Haven PD,44176,47:14.0,C,Closed,00:28.0,,1,13200,4,MINOR ARTERIAL - NEW HPMS,1,Rural
1117750,1,Complete,1117750,1117750,41.300891,-72.918553,3609952,New Haven,93,93,New Haven,12/22/2023,2023,12,December,22,6,Friday,3:36:00,3,23050952,A,2,,Motor Vehicle In Motion,"Injury of any type (Serious, Minor, Possible)",C,Possible Injury (C),0,0,2,USRoute,48.56,1,1-N,1-N,,BREWERY ST,41,Feet,N,41.300891,-72.918553,14,Motor Vehicle in Operation,1,Front to rear,1,On Roadway,1,Clear,88,Not Applicable,4,Dark-Lighted,1,Dry,0,None,88,Not Applicable,88,Not Applicable,0,None,88,Not Applicable,88,Not Applicable,3,Intersection-Related,2,Four-Way Intersection,1,No,1,No,88,Not Applicable,88,Not Applicable,88,Not Applicable,88,Not Applicable,FALSE,1,Public Road,1,"Trafficway, On Road",CT0009300,New Haven PD,44338,47:52.0,C,Closed,01:12.0,,1,9100,3,PRINCIPAL ARTERIAL - OTHER - NEW HPMS,1,Rural
1117751,1,Complete,1117751,1117751,41.29640199,-72.94777068,3609953,New Haven,93,93,New Haven,12/22/2023,2023,12,December,22,6,Friday,14:34:00,14,23051002,A,2,,Motor Vehicle In Motion,"Injury of any type (Serious, Minor, Possible)",C,Possible Injury (C),0,0,3,State,1.38,10,10-N,10-N,,LONGHINI LN,105,Feet,N,41.29640199,-72.94777068,14,Motor Vehicle in Operation,3,Angle,1,On Roadway,1,Clear,88,Not Applicable,1,Daylight,1,Dry,0,None,88,Not Applicable,88,Not Applicable,0,None,88,Not Applicable,88,Not Applicable,1,Non-Junction,1,Not at Intersection,1,No,1,No,88,Not Applicable,88,Not Applicable,88,Not Applicable,88,Not Applicable,FALSE,1,Public Road,1,"Trafficway, On Road",CT0009300,New Haven PD,91,44:57.0,C,Closed,01:08.0,,2,20300,3,PRINCIPAL ARTERIAL - OTHER - NEW HPMS,2,Urban