CrashId,Fatal Case Status,Fatal Case Status Text Format,CrashId,CrashId,Latitude,Longitude,DOT Case Number,Town Name,Town Number,Town Number,Town Number Text Format,Date Of Crash,Year,Month,Month Text Format,Day,Day of the Week,Day of the Week Text Format,Time of Crash,Hour of the Day,Case Identifier,Crash Severity,Number Of Motor Vehicles,Motor vehicle action,Most harmful event,Crash Severity Text Format,Most Severe Injury,Most Severe Injury Text Format,Number Of Non-Motorist,Number Of Witnesses,Route Class,Route Class Text Format,Milemarker,Road Number,Road Description,Roadway Name,Intersecting Roadway Name,Landmark Description,Distance From Nearest Landmark,Unit Of Measure From Nearest Landmark,Direction From Nearest Landmark,Latitude,Longitude,First Harmful Event,First Harmful Event Text Format,Manner of Crash / Collision Impact,Manner of Crash / Collision Impact Text Format,Location of First Harmful Event,Location of First Harmful Event Text Format,Weather Condition,Weather Condition Text Format,Weather 2,Weather 2 Text Format,Light Condition,Light Condition Text Format,Road Surface Condition,Road Surface Condition Text Format,"Contributing Circumstances, Environment","Contributing Circumstances, Environment Text Format",Environment 2,Environment 2 Text Format,Environment 3,Environment 3 Text Format,"Contributing Circumstances, Road","Contributing Circumstances, Road Text Format",Road 2,Road 2 Text Format,Road 3,Road 3 Text Format,Crash Specific Location,Crash Specific Location Text Format,Type of Intersection,Type of Intersection Text Format,School Bus Related,School Bus Related Text Format,Work Zone Related,Work Zone Related Text Format,Location Of Crash Relative To Work Zone,Location Of Crash Relative To Work Zone Text Format,Type of Work Zone,Type of Work Zone Text Format,Worker Presence,Worker Presence Text Format,Law Enforcement Presence,Law Enforcement Presence Text Format,Were Vehicles Moved Prior To Police Arrival,Trafficway Ownership,Trafficway Ownership Text Format,Trafficway Class,Trafficway Class Text Format,Police Agency,Police Agency Text Format,Badge Number,Approval Date,Police Case Status,Police Case Status Text Format,Crash Report Submission Date,Related Case Identifiers,No. of Through Lanes (Log Dir.),Average Daily Traffic,Functional Classification,Functional Classification Text Format,Rural or Urban,Rural or Urban Text Format
1120660,1,Complete,1120660,1120660,41.33452897,-72.9351321,3612862,New Haven,93,93,New Haven,1/4/2024,2024,1,January,4,5,Thursday,16:00:00,16,24000569,A,2,,Motor Vehicle In Motion,"Injury of any type (Serious, Minor, Possible)",C,Possible Injury (C),0,0,4,Local,1.53,152,DIXWELL AV,DIXWELL AV,,POND STREET,68,Feet,N,41.33452897,-72.9351321,14,Motor Vehicle in Operation,1,Front to rear,1,On Roadway,1,Clear,88,Not Applicable,1,Daylight,1,Dry,0,None,88,Not Applicable,88,Not Applicable,0,None,88,Not Applicable,88,Not Applicable,3,Intersection-Related,3,T-Intersection,1,No,1,No,88,Not Applicable,88,Not Applicable,88,Not Applicable,88,Not Applicable,FALSE,1,Public Road,1,"Trafficway, On Road",CT0009300,New Haven PD,44062,38:54.0,C,Closed,00:37.0,,,,,,,
1120662,1,Complete,1120662,1120662,41.3269741,-72.96623029,3612864,New Haven,93,93,New Haven,1/5/2024,2024,1,January,5,6,Friday,2:23:00,2,24000691,A,2,,Motor Vehicle In Motion,"Injury of any type (Serious, Minor, Possible)",C,Possible Injury (C),0,0,3,State,6.32,243,243-E,243-E,,EMERSON ST,253,Feet,W,41.3269741,-72.96623029,14,Motor Vehicle in Operation,3,Angle,1,On Roadway,1,Clear,88,Not Applicable,4,Dark-Lighted,1,Dry,0,None,88,Not Applicable,88,Not Applicable,0,None,88,Not Applicable,88,Not Applicable,9,Driveway Access-Related,1,Not at Intersection,1,No,1,No,88,Not Applicable,88,Not Applicable,88,Not Applicable,88,Not Applicable,FALSE,1,Public Road,1,"Trafficway, On Road",CT0009300,New Haven PD,42053,53:25.0,C,Closed,00:26.0,,,,,,,
1120665,1,Complete,1120665,1120665,41.287264,-72.894207,3612867,New Haven,93,93,New Haven,1/5/2024,2024,1,January,5,6,Friday,13:46:00,13,24000741,A,1,,Pedestrian,"Injury of any type (Serious, Minor, Possible)",C,Possible Injury (C),1,0,4,Local,0.01,493,PROSPECT AV,PROSPECT AV,,JOHN ST,50,Feet,N,41.287264,-72.894207,9,Pedestrian,88,Not Applicable,1,On Roadway,1,Clear,88,Not Applicable,1,Daylight,1,Dry,0,None,88,Not Applicable,88,Not Applicable,0,None,88,Not Applicable,88,Not Applicable,1,Non-Junction,1,Not at Intersection,1,No,1,No,88,Not Applicable,88,Not Applicable,88,Not Applicable,88,Not Applicable,FALSE,1,Public Road,1,"Trafficway, On Road",CT0009300,New Haven PD,44948,08:41.0,C,Closed,00:34.0,24000741,2,515,7,LOCAL - NEW HPMS,2,Urban
1120678,1,Complete,1120678,1120678,41.31054681,-72.94088286,3612880,New Haven,93,93,New Haven,1/6/2024,2024,1,January,6,7,Saturday,17:07:00,17,24000917,A,2,,Motor Vehicle In Motion,"Injury of any type (Serious, Minor, Possible)",C,Possible Injury (C),0,0,4,Local,2.62,97,CHAPEL ST,CHAPEL ST,,ORCHARD ST,145,Feet,W,41.31054681,-72.94088286,14,Motor Vehicle in Operation,3,Angle,1,On Roadway,7,Snow,88,Not Applicable,4,Dark-Lighted,3,Snow,0,None,88,Not Applicable,88,Not Applicable,0,None,88,Not Applicable,88,Not Applicable,1,Non-Junction,1,Not at Intersection,1,No,1,No,88,Not Applicable,88,Not Applicable,88,Not Applicable,88,Not Applicable,FALSE,1,Public Road,1,"Trafficway, On Road",CT0009300,New Haven PD,40804,37:37.0,C,Closed,00:41.0,,,,,,,
1121285,1,Complete,1121285,1121285,41.32507139,-72.96043365,3613487,New Haven,93,93,New Haven,1/7/2024,2024,1,January,7,1,Sunday,17:12:00,17,24001003,A,2,,Motor Vehicle In Motion,"Injury of any type (Serious, Minor, Possible)",C,Possible Injury (C),0,0,4,Local,0.12,93,CENTRAL AV,CENTRAL AV,,FOUNTAIN ST,430,Feet,S,41.32507139,-72.96043365,14,Motor Vehicle in Operation,2,Front to front,1,On Roadway,1,Clear,88,Not Applicable,4,Dark-Lighted,3,Snow,0,None,88,Not Applicable,88,Not Applicable,0,None,88,Not Applicable,88,Not Applicable,1,Non-Junction,1,Not at Intersection,1,No,1,No,88,Not Applicable,88,Not Applicable,88,Not Applicable,88,Not Applicable,FALSE,1,Public Road,1,"Trafficway, On Road",CT0009300,New Haven PD,42046,40:25.0,C,Closed,00:44.0,,,,,,,
1121288,1,Complete,1121288,1121288,41.31938,-72.89867,3613490,New Haven,93,93,New Haven,1/8/2024,2024,1,January,8,2,Monday,12:31:00,12,24001090,A,2,,Motor Vehicle In Motion,"Injury of any type (Serious, Minor, Possible)",C,Possible Injury (C),0,0,2,USRoute,0.37,5,5-N,5-N,FERRY ST,,,,,41.31938,-72.89867,14,Motor Vehicle in Operation,1,Front to rear,1,On Roadway,1,Clear,88,Not Applicable,1,Daylight,5,Ice / Frost,1,Weather Conditions,88,Not Applicable,88,Not Applicable,0,None,88,Not Applicable,88,Not Applicable,1,Non-Junction,1,Not at Intersection,1,No,1,No,88,Not Applicable,88,Not Applicable,88,Not Applicable,88,Not Applicable,FALSE,1,Public Road,1,"Trafficway, On Road",CT0009300,New Haven PD,42049,16:14.0,C,Closed,00:46.0,,,,,,,
1121289,1,Complete,1121289,1121289,41.30489203,-72.92305268,3613491,New Haven,93,93,New Haven,1/8/2024,2024,1,January,8,2,Monday,13:25:00,13,24001109,A,2,,Motor Vehicle In Motion,"Injury of any type (Serious, Minor, Possible)",C,Possible Injury (C),0,0,4,Local,1.59,97,CHAPEL ST,CHAPEL ST,,STATE ST,35,Feet,W,41.30489203,-72.92305268,14,Motor Vehicle in Operation,5,"Sideswipe, opposite direction",1,On Roadway,7,Snow,88,Not Applicable,1,Daylight,3,Snow,0,None,88,Not Applicable,88,Not Applicable,0,None,88,Not Applicable,88,Not Applicable,3,Intersection-Related,2,Four-Way Intersection,1,No,1,No,88,Not Applicable,88,Not Applicable,88,Not Applicable,88,Not Applicable,TRUE,1,Public Road,1,"Trafficway, On Road",CT0009300,New Haven PD,40790,47:43.0,C,Closed,00:47.0,,,,,,,
1121598,1,Complete,1121598,1121598,41.288859,-72.892448,3613800,New Haven,93,93,New Haven,12/18/2023,2023,12,December,18,2,Monday,19:27:00,19,23050485,A,2,,Motor Vehicle In Motion,"Injury of any type (Serious, Minor, Possible)",C,Possible Injury (C),0,0,3,State,0.09,741,741-E,741-E,TOWNSEND AVE,,,,,41.288859,-72.892448,14,Motor Vehicle in Operation,1,Front to rear,1,On Roadway,1,Clear,88,Not Applicable,99,Unknown,99,Unknown,0,None,88,Not Applicable,88,Not Applicable,0,None,88,Not Applicable,88,Not Applicable,2,Intersection,2,Four-Way Intersection,1,No,1,No,88,Not Applicable,88,Not Applicable,88,Not Applicable,88,Not Applicable,TRUE,1,Public Road,1,"Trafficway, On Road",CT0009300,New Haven PD,45626,07:58.0,C,Closed,01:34.0,,2,14200,4,MINOR ARTERIAL - NEW HPMS,2,Urban
1121607,1,Complete,1121607,1121607,41.306962,-72.937306,3613809,New Haven,93,93,New Haven,1/8/2024,2024,1,January,8,2,Monday,10:31:00,10,24001058,A,2,,Motor Vehicle In Motion,"Injury of any type (Serious, Minor, Possible)",C,Possible Injury (C),0,1,4,Local,0.74,809,REV DR MLK JR BLVD,REV DR MLK JR BLVD,HOWE ST,,,,,41.306962,-72.937306,14,Motor Vehicle in Operation,3,Angle,1,On Roadway,1,Clear,88,Not Applicable,1,Daylight,1,Dry,0,None,88,Not Applicable,88,Not Applicable,0,None,88,Not Applicable,88,Not Applicable,2,Intersection,2,Four-Way Intersection,1,No,1,No,88,Not Applicable,88,Not Applicable,88,Not Applicable,88,Not Applicable,FALSE,1,Public Road,1,"Trafficway, On Road",CT0009300,New Haven PD,225,33:40.0,C,Closed,01:32.0,,,,,,,
1121608,1,Complete,1121608,1121608,41.28633,-72.936123,3613810,New Haven,93,93,New Haven,1/8/2024,2024,1,January,8,2,Monday,12:57:00,12,24001098,A,2,,Motor Vehicle In Motion,"Injury of any type (Serious, Minor, Possible)",C,Possible Injury (C),0,0,3,State,0.28,10,10-N,10-N,745-E,,,,,41.28633,-72.936123,14,Motor Vehicle in Operation,4,"Sideswipe, same direction",1,On Roadway,1,Clear,88,Not Applicable,1,Daylight,1,Dry,0,None,88,Not Applicable,88,Not Applicable,0,None,88,Not Applicable,88,Not Applicable,2,Intersection,2,Four-Way Intersection,1,No,1,No,88,Not Applicable,88,Not Applicable,88,Not Applicable,88,Not Applicable,TRUE,1,Public Road,1,"Trafficway, On Road",CT0009300,New Haven PD,44949,54:30.0,C,Closed,01:33.0,,,,,,,
1121611,1,Complete,1121611,1121611,41.327356,-72.969439,3613813,New Haven,93,93,New Haven,1/9/2024,2024,1,January,9,3,Tuesday,10:43:00,10,24001225,A,2,,Motor Vehicle In Motion,"Injury of any type (Serious, Minor, Possible)",C,Possible Injury (C),0,0,3,State,6.15,243,243-E,243-E,,PARDEE PL,10,Feet,S,41.327356,-72.969439,14,Motor Vehicle in Operation,1,Front to rear,1,On Roadway,1,Clear,88,Not Applicable,1,Daylight,2,Wet,0,None,88,Not Applicable,88,Not Applicable,0,None,88,Not Applicable,88,Not Applicable,3,Intersection-Related,3,T-Intersection,1,No,1,No,88,Not Applicable,88,Not Applicable,88,Not Applicable,88,Not Applicable,FALSE,1,Public Road,1,"Trafficway, On Road",CT0009300,New Haven PD,45699,24:09.0,C,Closed,01:36.0,,,,,,,
1121615,1,Complete,1121615,1121615,41.29121,-72.93331,3613817,New Haven,93,93,New Haven,1/9/2024,2024,1,January,9,3,Tuesday,20:20:00,20,24001292,A,2,,Motor Vehicle In Motion,"Injury of any type (Serious, Minor, Possible)",C,Possible Injury (C),0,0,4,Local,0.07,339,KIMBERLY AV,KIMBERLY AV,LAMBERTON ST,,,,,41.29121,-72.93331,14,Motor Vehicle in Operation,3,Angle,1,On Roadway,4,Rain,88,Not Applicable,4,Dark-Lighted,2,Wet,99,Unknown,88,Not Applicable,88,Not Applicable,99,Unknown,88,Not Applicable,88,Not Applicable,2,Intersection,2,Four-Way Intersection,1,No,1,No,88,Not Applicable,88,Not Applicable,88,Not Applicable,88,Not Applicable,TRUE,1,Public Road,1,"Trafficway, On Road",CT0009300,New Haven PD,40947,37:27.0,C,Closed,01:40.0,,,,,,,
1121953,1,Complete,1121953,1121953,41.32003681,-72.87234138,3614155,New Haven,93,93,New Haven,1/6/2024,2024,1,January,6,7,Saturday,19:58:00,19,23050492,A,1,,Pedestrian,"Injury of any type (Serious, Minor, Possible)",A,Suspected Serious Injury (A),1,1,,,,,,397 FOXON BLVD ,,EASTERN ST,125,Feet,W,41.32003681,-72.87234138,9,Pedestrian,88,Not Applicable,97,Other,99,Unknown,88,Not Applicable,99,Unknown,99,Unknown,0,None,88,Not Applicable,88,Not Applicable,0,None,88,Not Applicable,88,Not Applicable,97,Other,1,Not at Intersection,1,No,1,No,88,Not Applicable,88,Not Applicable,88,Not Applicable,88,Not Applicable,TRUE,88,Not Applicable,4,Parking Lot,CT0009300,New Haven PD,45626,51:58.0,C,Closed,00:39.0,,,,,,,
1121955,1,Complete,1121955,1121955,41.28895,-72.89458,3614157,New Haven,93,93,New Haven,1/3/2024,2024,1,January,3,4,Wednesday,22:52:00,22,24000462,A,2,,Motor Vehicle In Motion,"Injury of any type (Serious, Minor, Possible)",B,Suspected Minor Injury (B),0,0,1,Interstate,0.36,95,95-N-346,95-N-346,WOODWARD AV,,,,,41.28895,-72.89458,14,Motor Vehicle in Operation,3,Angle,1,On Roadway,1,Clear,88,Not Applicable,4,Dark-Lighted,1,Dry,0,None,88,Not Applicable,88,Not Applicable,0,None,88,Not Applicable,88,Not Applicable,2,Intersection,2,Four-Way Intersection,1,No,1,No,88,Not Applicable,88,Not Applicable,88,Not Applicable,88,Not Applicable,FALSE,1,Public Road,1,"Trafficway, On Road",CT0009300,New Haven PD,44176,46:50.0,C,Closed,00:45.0,,,,,,,
1122244,1,Complete,1122244,1122244,41.303642,-72.887536,3614446,New Haven,93,93,New Haven,11/10/2023,2023,11,November,10,6,Friday,5:53:00,5,23045569,A,2,,Motor Vehicle In Motion,"Injury of any type (Serious, Minor, Possible)",C,Possible Injury (C),0,0,4,Local,0.33,363,LENOX ST,LENOX ST,OXFORD ST,,,,,41.303642,-72.887536,14,Motor Vehicle in Operation,3,Angle,1,On Roadway,1,Clear,88,Not Applicable,6,Dark-Unknown Lighting,1,Dry,0,None,88,Not Applicable,88,Not Applicable,0,None,88,Not Applicable,88,Not Applicable,2,Intersection,2,Four-Way Intersection,1,No,1,No,88,Not Applicable,88,Not Applicable,88,Not Applicable,88,Not Applicable,TRUE,1,Public Road,1,"Trafficway, On Road",CT0009300,New Haven PD,980,51:52.0,C,Closed,01:49.0,,2,,7,LOCAL - NEW HPMS,2,Urban
1122250,1,Complete,1122250,1122250,41.301458,-72.927066,3614452,New Haven,93,93,New Haven,1/9/2024,2024,1,January,9,3,Tuesday,18:08:00,18,24001280,A,2,,Motor Vehicle In Motion,"Injury of any type (Serious, Minor, Possible)",C,Possible Injury (C),0,0,4,Local,0.01,567,SOUTH ORANGE ST,SOUTH ORANGE ST,S Frontage Rd ,,,,,41.301458,-72.927066,14,Motor Vehicle in Operation,4,"Sideswipe, same direction",1,On Roadway,4,Rain,88,Not Applicable,4,Dark-Lighted,2,Wet,0,None,88,Not Applicable,88,Not Applicable,0,None,88,Not Applicable,88,Not Applicable,2,Intersection,2,Four-Way Intersection,1,No,1,No,88,Not Applicable,88,Not Applicable,88,Not Applicable,88,Not Applicable,FALSE,1,Public Road,1,"Trafficway, On Road",CT0009300,New Haven PD,40810,04:06.0,C,Closed,01:55.0,,,,,,,
1122254,1,Complete,1122254,1122254,41.3097865,-72.9451592,3614456,New Haven,93,93,New Haven,1/10/2024,2024,1,January,10,4,Wednesday,18:12:00,18,24001441,A,2,,Motor Vehicle In Motion,"Injury of any type (Serious, Minor, Possible)",C,Possible Injury (C),0,0,4,Local,0.26,248,GEORGE ST,GEORGE ST,SHERMAN AV,,,,,41.3097865,-72.9451592,14,Motor Vehicle in Operation,1,Front to rear,1,On Roadway,1,Clear,1,Clear,4,Dark-Lighted,1,Dry,0,None,88,Not Applicable,88,Not Applicable,0,None,88,Not Applicable,88,Not Applicable,2,Intersection,2,Four-Way Intersection,1,No,1,No,88,Not Applicable,88,Not Applicable,88,Not Applicable,88,Not Applicable,FALSE,1,Public Road,1,"Trafficway, On Road",CT0009300,New Haven PD,42046,28:12.0,C,Closed,01:58.0,,,,,,,
1122258,1,Complete,1122258,1122258,41.309442,-72.888973,3614460,New Haven,93,93,New Haven,1/11/2024,2024,1,January,11,5,Thursday,11:08:00,11,24001513,A,2,,Motor Vehicle In Motion,"Injury of any type (Serious, Minor, Possible)",C,Possible Injury (C),0,1,4,Local,0.16,264,GRAND AV,GRAND AV,,FRONT ST,35,Feet,W,41.309442,-72.888973,14,Motor Vehicle in Operation,3,Angle,7,In Parking Lane or Zone,1,Clear,88,Not Applicable,1,Daylight,1,Dry,0,None,88,Not Applicable,88,Not Applicable,0,None,88,Not Applicable,88,Not Applicable,11,Through Roadway,1,Not at Intersection,1,No,1,No,88,Not Applicable,88,Not Applicable,88,Not Applicable,88,Not Applicable,FALSE,1,Public Road,1,"Trafficway, On Road",CT0009300,New Haven PD,40793,22:47.0,C,Closed,01:57.0,,,,,,,
1122262,1,Complete,1122262,1122262,41.29615,-72.947533,3614464,New Haven,93,93,New Haven,1/11/2024,2024,1,January,11,5,Thursday,17:51:00,17,24001610,A,2,,Motor Vehicle In Motion,"Injury of any type (Serious, Minor, Possible)",C,Possible Injury (C),0,0,3,State,1.18,10,10-N,10-N,LONGHINI LA,,,,,41.29615,-72.947533,14,Motor Vehicle in Operation,3,Angle,1,On Roadway,1,Clear,88,Not Applicable,4,Dark-Lighted,1,Dry,0,None,88,Not Applicable,88,Not Applicable,0,None,88,Not Applicable,88,Not Applicable,2,Intersection,3,T-Intersection,1,No,1,No,88,Not Applicable,88,Not Applicable,88,Not Applicable,88,Not Applicable,FALSE,1,Public Road,1,"Trafficway, On Road",CT0009300,New Haven PD,40810,36:55.0,C,Closed,01:59.0,,,,,,,
1122722,1,Complete,1122722,1122722,41.31633467,-72.90434218,3614923,New Haven,93,93,New Haven,12/1/2023,2023,12,December,1,6,Friday,18:47:00,18,23048360,A,2,,Motor Vehicle In Motion,"Injury of any type (Serious, Minor, Possible)",B,Suspected Minor Injury (B),0,1,4,Local,0,575,STATE ST,STATE ST,5-N,,,,,41.31633467,-72.90434218,14,Motor Vehicle in Operation,3,Angle,1,On Roadway,4,Rain,88,Not Applicable,4,Dark-Lighted,2,Wet,0,None,88,Not Applicable,88,Not Applicable,0,None,88,Not Applicable,88,Not Applicable,2,Intersection,2,Four-Way Intersection,1,No,1,No,88,Not Applicable,88,Not Applicable,88,Not Applicable,88,Not Applicable,FALSE,1,Public Road,1,"Trafficway, On Road",CT0009300,New Haven PD,268,47:23.0,C,Closed,01:02.0,,,,,,,
1122724,1,Complete,1122724,1122724,41.30428702,-72.94268202,3614925,New Haven,93,93,New Haven,1/5/2024,2024,1,January,5,6,Friday,21:17:00,21,24000820,A,1,,Pedestrian,"Injury of any type (Serious, Minor, Possible)",C,Possible Injury (C),1,0,4,Local,0.2,453,ORCHARD ST,ORCHARD ST,SYLVAN AV,,,,,41.30428702,-72.94268202,9,Pedestrian,88,Not Applicable,1,On Roadway,1,Clear,88,Not Applicable,4,Dark-Lighted,1,Dry,0,None,88,Not Applicable,88,Not Applicable,0,None,88,Not Applicable,88,Not Applicable,2,Intersection,2,Four-Way Intersection,1,No,1,No,88,Not Applicable,88,Not Applicable,88,Not Applicable,88,Not Applicable,FALSE,1,Public Road,1,"Trafficway, On Road",CT0009300,New Haven PD,45395,23:08.0,C,Closed,01:21.0,,2,4200,4,MINOR ARTERIAL - NEW HPMS,2,Urban
1122725,1,Complete,1122725,1122725,41.30939099,-72.89086402,3614926,New Haven,93,93,New Haven,1/6/2024,2024,1,January,6,7,Saturday,23:45:00,23,24000949,A,2,,Motor Vehicle In Motion,"Injury of any type (Serious, Minor, Possible)",C,Possible Injury (C),0,0,4,Local,0.27,264,GRAND AV,GRAND AV,,Clinton ave,35,Feet,W,41.30939099,-72.89086402,14,Motor Vehicle in Operation,1,Front to rear,1,On Roadway,7,Snow,88,Not Applicable,4,Dark-Lighted,3,Snow,99,Unknown,88,Not Applicable,88,Not Applicable,99,Unknown,88,Not Applicable,88,Not Applicable,3,Intersection-Related,3,T-Intersection,1,No,1,No,88,Not Applicable,88,Not Applicable,88,Not Applicable,88,Not Applicable,FALSE,1,Public Road,1,"Trafficway, On Road",CT0009300,New Haven PD,44060,35:26.0,C,Closed,01:05.0,,,,,,,
1122726,1,Complete,1122726,1122726,41.31627899,-72.94138902,3614927,New Haven,93,93,New Haven,1/8/2024,2024,1,January,8,2,Monday,11:59:00,11,24001081,A,2,,Motor Vehicle In Motion,"Injury of any type (Serious, Minor, Possible)",C,Possible Injury (C),0,0,4,Local,0.44,653,WHALLEY AV,WHALLEY AV,HUDSON ST,,,,,41.31627899,-72.94138902,14,Motor Vehicle in Operation,4,"Sideswipe, same direction",1,On Roadway,1,Clear,88,Not Applicable,1,Daylight,1,Dry,0,None,88,Not Applicable,88,Not Applicable,0,None,88,Not Applicable,88,Not Applicable,2,Intersection,3,T-Intersection,1,No,1,No,88,Not Applicable,88,Not Applicable,88,Not Applicable,88,Not Applicable,FALSE,1,Public Road,1,"Trafficway, On Road",CT0009300,New Haven PD,45627,20:55.0,C,Closed,01:00.0,,,,,,,
1122729,1,Complete,1122729,1122729,41.313255,-72.909258,3614930,New Haven,93,93,New Haven,1/10/2024,2024,1,January,10,4,Wednesday,17:35:00,17,24001436,A,2,,Motor Vehicle In Motion,"Injury of any type (Serious, Minor, Possible)",C,Possible Injury (C),0,0,4,Local,0.2,165,EAST ST,EAST ST,,HUMPHREY ST,10,Feet,S,41.313255,-72.909258,14,Motor Vehicle in Operation,3,Angle,1,On Roadway,1,Clear,88,Not Applicable,1,Daylight,1,Dry,0,None,88,Not Applicable,88,Not Applicable,0,None,88,Not Applicable,88,Not Applicable,3,Intersection-Related,2,Four-Way Intersection,1,No,1,No,88,Not Applicable,88,Not Applicable,88,Not Applicable,88,Not Applicable,TRUE,1,Public Road,1,"Trafficway, On Road",CT0009300,New Haven PD,45393,47:02.0,C,Closed,01:08.0,,,,,,,
1122733,1,Complete,1122733,1122733,41.30962892,-72.9431845,3614934,New Haven,93,93,New Haven,1/9/2024,2024,1,January,9,3,Tuesday,19:50:00,19,24001638,A,2,,Motor Vehicle In Motion,"Injury of any type (Serious, Minor, Possible)",C,Possible Injury (C),0,1,,,,,,629 GEORGE ST,,George St,70,Feet,N,41.30962892,-72.9431845,14,Motor Vehicle in Operation,1,Front to rear,97,Other,1,Clear,88,Not Applicable,4,Dark-Lighted,1,Dry,0,None,88,Not Applicable,88,Not Applicable,0,None,88,Not Applicable,88,Not Applicable,97,Other,1,Not at Intersection,1,No,1,No,88,Not Applicable,88,Not Applicable,88,Not Applicable,88,Not Applicable,FALSE,88,Not Applicable,4,Parking Lot,CT0009300,New Haven PD,44055,04:49.0,C,Closed,01:04.0,,,,,,,
1122734,1,Complete,1122734,1122734,41.339105,-72.958286,3614935,New Haven,93,93,New Haven,1/12/2024,2024,1,January,12,6,Friday,8:41:00,8,24001670,A,1,,Tree (standing),"Injury of any type (Serious, Minor, Possible)",C,Possible Injury (C),0,0,4,Local,0.79,572,SPRINGSIDE AV,SPRINGSIDE AV,,WINTERGREEN AVE,90,Feet,S,41.339105,-72.958286,28,Guardrail Face,88,Not Applicable,1,On Roadway,1,Clear,88,Not Applicable,1,Daylight,5,Ice / Frost,0,None,88,Not Applicable,88,Not Applicable,0,None,88,Not Applicable,88,Not Applicable,1,Non-Junction,1,Not at Intersection,1,No,1,No,88,Not Applicable,88,Not Applicable,88,Not Applicable,88,Not Applicable,FALSE,1,Public Road,1,"Trafficway, On Road",CT0009300,New Haven PD,62,43:07.0,C,Closed,00:59.0,,2,4266,7,LOCAL - NEW HPMS,2,Urban
1122740,1,Complete,1122740,1122740,41.307146,-72.932362,3614941,New Haven,93,93,New Haven,1/12/2024,2024,1,January,12,6,Friday,15:01:00,15,24001707,A,2,,Motor Vehicle In Motion,"Injury of any type (Serious, Minor, Possible)",C,Possible Injury (C),0,0,4,Local,0.54,136,CROWN ST,CROWN ST,,YORK ST,40,Feet,E,41.307146,-72.932362,14,Motor Vehicle in Operation,1,Front to rear,1,On Roadway,1,Clear,88,Not Applicable,1,Daylight,1,Dry,0,None,88,Not Applicable,88,Not Applicable,0,None,88,Not Applicable,88,Not Applicable,3,Intersection-Related,2,Four-Way Intersection,1,No,1,No,88,Not Applicable,88,Not Applicable,88,Not Applicable,88,Not Applicable,FALSE,1,Public Road,1,"Trafficway, On Road",CT0009300,New Haven PD,40952,22:09.0,C,Closed,01:04.0,24001707,,,,,,
1122746,1,Complete,1122746,1122746,41.32017,-72.8687,3614947,New Haven,93,93,New Haven,1/12/2024,2024,1,January,12,6,Friday,19:14:00,19,24001764,A,2,,Motor Vehicle In Motion,"Injury of any type (Serious, Minor, Possible)",C,Possible Injury (C),0,0,3,State,0.73,80,80-E,80-E,OLD FOXON RD,,,,,41.32017,-72.8687,14,Motor Vehicle in Operation,3,Angle,1,On Roadway,1,Clear,88,Not Applicable,5,Dark-Not Lighted,1,Dry,0,None,88,Not Applicable,88,Not Applicable,0,None,88,Not Applicable,88,Not Applicable,2,Intersection,3,T-Intersection,1,No,1,No,88,Not Applicable,88,Not Applicable,88,Not Applicable,88,Not Applicable,TRUE,1,Public Road,1,"Trafficway, On Road",CT0009300,New Haven PD,44056,24:02.0,C,Closed,01:07.0,,,,,,,
1122753,1,Complete,1122753,1122753,41.299172,-72.926836,3614954,New Haven,93,93,New Haven,1/12/2024,2024,1,January,12,6,Friday,23:40:00,23,24001850,A,2,,Motor Vehicle In Motion,"Injury of any type (Serious, Minor, Possible)",C,Possible Injury (C),0,0,4,Local,0.16,567,SOUTH ORANGE ST,SOUTH ORANGE ST,,COLUMBUS AVE,40,Feet,N,41.299172,-72.926836,14,Motor Vehicle in Operation,1,Front to rear,1,On Roadway,4,Rain,88,Not Applicable,4,Dark-Lighted,2,Wet,0,None,88,Not Applicable,88,Not Applicable,0,None,88,Not Applicable,88,Not Applicable,3,Intersection-Related,3,T-Intersection,1,No,1,No,88,Not Applicable,88,Not Applicable,88,Not Applicable,88,Not Applicable,TRUE,1,Public Road,1,"Trafficway, On Road",CT0009300,New Haven PD,165,15:17.0,C,Closed,01:13.0,,,,,,,
1122761,1,Complete,1122761,1122761,41.32246918,-72.87826853,3614962,New Haven,93,93,New Haven,1/14/2024,2024,1,January,14,1,Sunday,12:19:00,12,24001976,A,2,,Motor Vehicle In Motion,"Injury of any type (Serious, Minor, Possible)",C,Possible Injury (C),0,0,3,State,0.19,80,80-E,80-E,,QUINNIPIAC AVENUE,1300,Feet,W,41.32246918,-72.87826853,14,Motor Vehicle in Operation,3,Angle,1,On Roadway,2,Cloudy,88,Not Applicable,1,Daylight,1,Dry,0,None,88,Not Applicable,88,Not Applicable,0,None,88,Not Applicable,88,Not Applicable,9,Driveway Access-Related,1,Not at Intersection,1,No,1,No,88,Not Applicable,88,Not Applicable,88,Not Applicable,88,Not Applicable,FALSE,1,Public Road,1,"Trafficway, On Road",CT0009300,New Haven PD,180,52:53.0,C,Closed,01:20.0,24001976,,,,,,
1122763,1,Complete,1122763,1122763,41.33144219,-72.98171597,3614964,New Haven,93,93,New Haven,1/14/2024,2024,1,January,14,1,Sunday,16:30:00,16,24002003,A,1,,Tree (standing),"Injury of any type (Serious, Minor, Possible)",B,Suspected Minor Injury (B),0,0,4,Local,0.19,267,GREEN HILL TER,GREEN HILL TER,,fairfield st,495,Feet,W,41.33144219,-72.98171597,32,Tree (standing),88,Not Applicable,1,On Roadway,1,Clear,88,Not Applicable,1,Daylight,1,Dry,0,None,88,Not Applicable,88,Not Applicable,0,None,88,Not Applicable,88,Not Applicable,1,Non-Junction,1,Not at Intersection,1,No,1,No,88,Not Applicable,88,Not Applicable,88,Not Applicable,88,Not Applicable,FALSE,1,Public Road,1,"Trafficway, On Road",CT0009300,New Haven PD,45397,14:38.0,C,Closed,01:21.0,,2,2617,7,LOCAL - NEW HPMS,2,Urban