CrashId,Fatal Case Status,Fatal Case Status Text Format,CrashId,CrashId,Latitude,Longitude,DOT Case Number,Town Name,Town Number,Town Number,Town Number Text Format,Date Of Crash,Year,Month,Month Text Format,Day,Day of the Week,Day of the Week Text Format,Time of Crash,Hour of the Day,Case Identifier,Crash Severity,Number Of Motor Vehicles,Motor vehicle action,Most harmful event,Crash Severity Text Format,Most Severe Injury,Most Severe Injury Text Format,Number Of Non-Motorist,Number Of Witnesses,Route Class,Route Class Text Format,Milemarker,Road Number,Road Description,Roadway Name,Intersecting Roadway Name,Landmark Description,Distance From Nearest Landmark,Unit Of Measure From Nearest Landmark,Direction From Nearest Landmark,Latitude,Longitude,First Harmful Event,First Harmful Event Text Format,Manner of Crash / Collision Impact,Manner of Crash / Collision Impact Text Format,Location of First Harmful Event,Location of First Harmful Event Text Format,Weather Condition,Weather Condition Text Format,Weather 2,Weather 2 Text Format,Light Condition,Light Condition Text Format,Road Surface Condition,Road Surface Condition Text Format,"Contributing Circumstances, Environment","Contributing Circumstances, Environment Text Format",Environment 2,Environment 2 Text Format,Environment 3,Environment 3 Text Format,"Contributing Circumstances, Road","Contributing Circumstances, Road Text Format",Road 2,Road 2 Text Format,Road 3,Road 3 Text Format,Crash Specific Location,Crash Specific Location Text Format,Type of Intersection,Type of Intersection Text Format,School Bus Related,School Bus Related Text Format,Work Zone Related,Work Zone Related Text Format,Location Of Crash Relative To Work Zone,Location Of Crash Relative To Work Zone Text Format,Type of Work Zone,Type of Work Zone Text Format,Worker Presence,Worker Presence Text Format,Law Enforcement Presence,Law Enforcement Presence Text Format,Were Vehicles Moved Prior To Police Arrival,Trafficway Ownership,Trafficway Ownership Text Format,Trafficway Class,Trafficway Class Text Format,Police Agency,Police Agency Text Format,Badge Number,Approval Date,Police Case Status,Police Case Status Text Format,Crash Report Submission Date,Related Case Identifiers,No. of Through Lanes (Log Dir.),Average Daily Traffic,Functional Classification,Functional Classification Text Format,Rural or Urban,Rural or Urban Text Format
1123340,1,Complete,1123340,1123340,41.289021,-72.894638,3615541,New Haven,93,93,New Haven,1/30/2023,2023,1,January,30,2,Monday,14:21:00,14,23004045,A,2,,Motor Vehicle In Motion,"Injury of any type (Serious, Minor, Possible)",C,Possible Injury (C),0,2,4,Local,1.37,678,WOODWARD AV,WOODWARD AV,MAIN ST ANX,,,,,41.289021,-72.894638,14,Motor Vehicle in Operation,3,Angle,1,On Roadway,1,Clear,88,Not Applicable,1,Daylight,1,Dry,99,Unknown,88,Not Applicable,88,Not Applicable,0,None,88,Not Applicable,88,Not Applicable,2,Intersection,2,Four-Way Intersection,1,No,1,No,88,Not Applicable,88,Not Applicable,88,Not Applicable,88,Not Applicable,FALSE,1,Public Road,1,"Trafficway, On Road",CT0009300,New Haven PD,175,38:28.0,C,Closed,01:37.0,,2,6800,4,MINOR ARTERIAL - NEW HPMS,2,Urban
1123349,1,Complete,1123349,1123349,41.29882187,-72.89239531,3615550,New Haven,93,93,New Haven,1/14/2024,2024,1,January,14,1,Sunday,21:02:00,21,24002048,A,1,,Pedestrian,"Injury of any type (Serious, Minor, Possible)",C,Possible Injury (C),1,0,4,Local,0.31,210,FARREN AV,FARREN AV,,LANCRAFT ST,150,Feet,N,41.29882187,-72.89239531,9,Pedestrian,88,Not Applicable,1,On Roadway,1,Clear,88,Not Applicable,6,Dark-Unknown Lighting,1,Dry,99,Unknown,88,Not Applicable,88,Not Applicable,0,None,88,Not Applicable,88,Not Applicable,1,Non-Junction,1,Not at Intersection,1,No,1,No,88,Not Applicable,88,Not Applicable,88,Not Applicable,88,Not Applicable,TRUE,1,Public Road,1,"Trafficway, On Road",CT0009300,New Haven PD,45701,39:43.0,C,Closed,01:39.0,,2,11400,4,MINOR ARTERIAL - NEW HPMS,2,Urban
1123350,1,Complete,1123350,1123350,41.330328,-72.963343,3615551,New Haven,93,93,New Haven,1/15/2024,2024,1,January,15,2,Monday,2:40:00,2,24002057,A,1,,Utility Pole,"Injury of any type (Serious, Minor, Possible)",C,Possible Injury (C),0,1,4,Local,0.95,612,VALLEY ST NO 1,VALLEY ST NO 1,,EMERSON ST,200,Feet,E,41.330328,-72.963343,25,Curb,88,Not Applicable,4,Roadside,1,Clear,88,Not Applicable,5,Dark-Not Lighted,1,Dry,0,None,88,Not Applicable,88,Not Applicable,0,None,88,Not Applicable,88,Not Applicable,1,Non-Junction,1,Not at Intersection,1,No,1,No,88,Not Applicable,88,Not Applicable,88,Not Applicable,88,Not Applicable,TRUE,1,Public Road,1,"Trafficway, On Road",CT0009300,New Haven PD,44947,08:03.0,O,Open,01:34.0,,2,11500,5,MAJOR COLLECTOR - NEW HPMS,2,Urban
1123352,1,Complete,1123352,1123352,41.30404303,-72.89864707,3615553,New Haven,93,93,New Haven,1/15/2024,2024,1,January,15,2,Monday,18:53:00,18,24002148,A,3,,Motor Vehicle In Motion,"Injury of any type (Serious, Minor, Possible)",C,Possible Injury (C),0,0,4,Local,0.32,97,CHAPEL ST,CHAPEL ST,BLATCHLEY AV,,,,,41.30404303,-72.89864707,14,Motor Vehicle in Operation,3,Angle,1,On Roadway,1,Clear,1,Clear,4,Dark-Lighted,1,Dry,0,None,88,Not Applicable,88,Not Applicable,0,None,88,Not Applicable,88,Not Applicable,2,Intersection,2,Four-Way Intersection,1,No,1,No,88,Not Applicable,88,Not Applicable,88,Not Applicable,88,Not Applicable,FALSE,1,Public Road,1,"Trafficway, On Road",CT0009300,New Haven PD,45629,53:03.0,C,Closed,01:40.0,,,,,,,
1123686,1,Complete,1123686,1123686,41.303877,-72.93666,3615887,New Haven,93,93,New Haven,12/27/2023,2023,12,December,27,4,Wednesday,6:05:00,6,23051393,A,1,,Pedestrian,"Injury of any type (Serious, Minor, Possible)",A,Suspected Serious Injury (A),1,0,4,Local,0.17,308,HOWARD AV,HOWARD AV,,DAVENPORT AVE,250,Feet,N,41.303877,-72.93666,9,Pedestrian,88,Not Applicable,1,On Roadway,1,Clear,1,Clear,4,Dark-Lighted,1,Dry,0,None,88,Not Applicable,88,Not Applicable,0,None,88,Not Applicable,88,Not Applicable,1,Non-Junction,1,Not at Intersection,1,No,1,No,88,Not Applicable,88,Not Applicable,88,Not Applicable,88,Not Applicable,FALSE,1,Public Road,1,"Trafficway, On Road",CT0009300,New Haven PD,42056,29:20.0,C,Closed,00:21.0,,2,9300,4,MINOR ARTERIAL - NEW HPMS,2,Urban
1123693,1,Complete,1123693,1123693,41.33314986,-72.94908603,3615894,New Haven,93,93,New Haven,1/16/2024,2024,1,January,16,3,Tuesday,10:01:00,10,24002194,A,2,,Motor Vehicle In Motion,"Injury of any type (Serious, Minor, Possible)",C,Possible Injury (C),0,0,3,State,4.33,10,10-S,10-S,,WINTERGREEN AVE,100,Feet,N,41.33314986,-72.94908603,14,Motor Vehicle in Operation,1,Front to rear,1,On Roadway,7,Snow,88,Not Applicable,1,Daylight,3,Snow,0,None,88,Not Applicable,88,Not Applicable,0,None,88,Not Applicable,88,Not Applicable,3,Intersection-Related,3,T-Intersection,1,No,1,No,88,Not Applicable,88,Not Applicable,88,Not Applicable,88,Not Applicable,FALSE,1,Public Road,1,"Trafficway, On Road",CT0009300,New Haven PD,263,59:20.0,C,Closed,00:22.0,,,,,,,
1123694,1,Complete,1123694,1123694,41.28653521,-72.93642773,3615895,New Haven,93,93,New Haven,1/16/2024,2024,1,January,16,3,Tuesday,14:41:00,14,24002218,A,2,,Motor Vehicle In Motion,"Injury of any type (Serious, Minor, Possible)",C,Possible Injury (C),0,0,3,State,0.48,10,10-N,10-N,,745-E,100,Feet,N,41.28653521,-72.93642773,14,Motor Vehicle in Operation,1,Front to rear,1,On Roadway,6,Freezing Rain or Freezing Drizzle,88,Not Applicable,1,Daylight,2,Wet,0,None,88,Not Applicable,88,Not Applicable,0,None,88,Not Applicable,88,Not Applicable,3,Intersection-Related,2,Four-Way Intersection,1,No,1,No,88,Not Applicable,88,Not Applicable,88,Not Applicable,88,Not Applicable,FALSE,1,Public Road,1,"Trafficway, On Road",CT0009300,New Haven PD,40810,48:37.0,O,Open,00:25.0,,,,,,,
1123699,1,Complete,1123699,1123699,41.30903,-72.89519,3615900,New Haven,93,93,New Haven,1/16/2024,2024,1,January,16,3,Tuesday,17:40:00,17,24002240,A,2,,Motor Vehicle In Motion,"Injury of any type (Serious, Minor, Possible)",C,Possible Injury (C),0,0,4,Local,0.49,264,GRAND AV,GRAND AV,,FERRY ST,75,Feet,E,41.30903,-72.89519,14,Motor Vehicle in Operation,1,Front to rear,1,On Roadway,6,Freezing Rain or Freezing Drizzle,88,Not Applicable,4,Dark-Lighted,4,Slush,99,Unknown,88,Not Applicable,88,Not Applicable,0,None,88,Not Applicable,88,Not Applicable,3,Intersection-Related,2,Four-Way Intersection,1,No,1,No,88,Not Applicable,88,Not Applicable,88,Not Applicable,88,Not Applicable,FALSE,1,Public Road,1,"Trafficway, On Road",CT0009300,New Haven PD,45389,33:15.0,C,Closed,00:28.0,,,,,,,
1124056,1,Complete,1124056,1124056,41.31429825,-72.92127787,3616257,New Haven,93,93,New Haven,12/1/2023,2023,12,December,1,6,Friday,18:54:00,18,23048364,A,1,,Pedestrian,"Injury of any type (Serious, Minor, Possible)",C,Possible Injury (C),1,0,4,Local,0.11,691,BRADLEY ST NO 2,BRADLEY ST NO 2,WHITNEY AVE,,,,,41.31429825,-72.92127787,9,Pedestrian,88,Not Applicable,1,On Roadway,4,Rain,88,Not Applicable,5,Dark-Not Lighted,2,Wet,0,None,88,Not Applicable,88,Not Applicable,0,None,88,Not Applicable,88,Not Applicable,2,Intersection,3,T-Intersection,1,No,1,No,88,Not Applicable,88,Not Applicable,88,Not Applicable,88,Not Applicable,FALSE,1,Public Road,1,"Trafficway, On Road",CT0009300,New Haven PD,65,11:15.0,O,Open,01:42.0,,4,12100,3,PRINCIPAL ARTERIAL - OTHER - NEW HPMS,2,Urban
1124060,1,Complete,1124060,1124060,41.31693526,-72.93334266,3616261,New Haven,93,93,New Haven,1/8/2024,2024,1,January,8,2,Monday,19:30:00,19,24001159,A,2,,Motor Vehicle In Motion,"Injury of any type (Serious, Minor, Possible)",C,Possible Injury (C),0,0,4,Local,0.29,152,DIXWELL AV,DIXWELL AV,,WEBSTER ST,63,Feet,N,41.31693526,-72.93334266,14,Motor Vehicle in Operation,1,Front to rear,1,On Roadway,1,Clear,88,Not Applicable,4,Dark-Lighted,1,Dry,0,None,88,Not Applicable,88,Not Applicable,0,None,88,Not Applicable,88,Not Applicable,3,Intersection-Related,2,Four-Way Intersection,1,No,1,No,88,Not Applicable,88,Not Applicable,88,Not Applicable,88,Not Applicable,TRUE,1,Public Road,1,"Trafficway, On Road",CT0009300,New Haven PD,23,10:18.0,C,Closed,01:36.0,,,,,,,
1124061,1,Complete,1124061,1124061,41.30960111,-72.94525844,3616262,New Haven,93,93,New Haven,1/10/2024,2024,1,January,10,4,Wednesday,18:12:00,18,24001420,A,2,,Motor Vehicle In Motion,"Injury of any type (Serious, Minor, Possible)",C,Possible Injury (C),0,0,4,Local,0.27,556,SHERMAN AV,SHERMAN AV,,GEORGE ST,41,Feet,S,41.30960111,-72.94525844,14,Motor Vehicle in Operation,1,Front to rear,1,On Roadway,1,Clear,88,Not Applicable,4,Dark-Lighted,1,Dry,0,None,88,Not Applicable,88,Not Applicable,0,None,88,Not Applicable,88,Not Applicable,3,Intersection-Related,2,Four-Way Intersection,1,No,1,No,88,Not Applicable,88,Not Applicable,88,Not Applicable,88,Not Applicable,FALSE,1,Public Road,1,"Trafficway, On Road",CT0009300,New Haven PD,42046,56:57.0,C,Closed,01:41.0,,,,,,,
1124065,1,Complete,1124065,1124065,41.31234266,-72.89513941,3616266,New Haven,93,93,New Haven,1/16/2024,2024,1,January,16,3,Tuesday,14:30:00,14,24002216,A,2,,Motor Vehicle In Motion,"Injury of any type (Serious, Minor, Possible)",C,Possible Injury (C),0,0,4,Local,0.05,738,PINE ST NO 2,PINE ST NO 2,,BRIGHT ST,28,Feet,W,41.31234266,-72.89513941,14,Motor Vehicle in Operation,97,Other,1,On Roadway,6,Freezing Rain or Freezing Drizzle,88,Not Applicable,1,Daylight,4,Slush,0,None,88,Not Applicable,88,Not Applicable,0,None,88,Not Applicable,88,Not Applicable,3,Intersection-Related,3,T-Intersection,1,No,1,No,88,Not Applicable,88,Not Applicable,88,Not Applicable,88,Not Applicable,TRUE,1,Public Road,1,"Trafficway, On Road",CT0009300,New Haven PD,45626,33:28.0,C,Closed,01:37.0,,,,,,,
1124067,1,Complete,1124067,1124067,41.327563,-72.936939,3616268,New Haven,93,93,New Haven,1/17/2024,2024,1,January,17,4,Wednesday,8:57:00,8,24002275,A,2,,Motor Vehicle In Motion,"Injury of any type (Serious, Minor, Possible)",C,Possible Injury (C),0,0,4,Local,0.09,278,HARDING PL,HARDING PL,SHERMAN PAKWY,,,,,41.327563,-72.936939,14,Motor Vehicle in Operation,1,Front to rear,1,On Roadway,1,Clear,88,Not Applicable,1,Daylight,3,Snow,0,None,88,Not Applicable,88,Not Applicable,0,None,88,Not Applicable,88,Not Applicable,2,Intersection,3,T-Intersection,1,No,1,No,88,Not Applicable,88,Not Applicable,88,Not Applicable,88,Not Applicable,FALSE,1,Public Road,1,"Trafficway, On Road",CT0009300,New Haven PD,87,18:54.0,C,Closed,01:38.0,,,,,,,
1124436,1,Complete,1124436,1124436,41.312771,-72.932907,3616637,New Haven,93,93,New Haven,1/16/2024,2024,1,January,16,3,Tuesday,9:35:00,9,24002197,A,2,,Motor Vehicle In Motion,"Injury of any type (Serious, Minor, Possible)",C,Possible Injury (C),0,0,4,Local,0.95,653,WHALLEY AV,WHALLEY AV,HOWE ST,,,,,41.312771,-72.932907,14,Motor Vehicle in Operation,3,Angle,1,On Roadway,1,Clear,88,Not Applicable,1,Daylight,3,Snow,0,None,88,Not Applicable,88,Not Applicable,0,None,88,Not Applicable,88,Not Applicable,2,Intersection,2,Four-Way Intersection,1,No,1,No,88,Not Applicable,88,Not Applicable,88,Not Applicable,88,Not Applicable,TRUE,1,Public Road,1,"Trafficway, On Road",CT0009300,New Haven PD,503,17:26.0,O,Open,00:49.0,,,,,,,
1124437,1,Complete,1124437,1124437,41.32290967,-72.95452805,3616638,New Haven,93,93,New Haven,1/16/2024,2024,1,January,16,3,Tuesday,11:58:00,11,24002203,A,1,,Utility Pole,"Injury of any type (Serious, Minor, Possible)",C,Possible Injury (C),0,0,3,State,3.43,10,10-N,10-N,,W PARK AVE,11,Feet,W,41.32290967,-72.95452805,33,Utility Pole/Light Support,88,Not Applicable,1,On Roadway,7,Snow,88,Not Applicable,1,Daylight,4,Slush,1,Weather Conditions,88,Not Applicable,88,Not Applicable,0,None,88,Not Applicable,88,Not Applicable,3,Intersection-Related,3,T-Intersection,1,No,1,No,88,Not Applicable,88,Not Applicable,88,Not Applicable,88,Not Applicable,FALSE,1,Public Road,1,"Trafficway, On Road",CT0009300,New Haven PD,45627,12:53.0,C,Closed,00:47.0,,4,18000,3,PRINCIPAL ARTERIAL - OTHER - NEW HPMS,2,Urban
1124442,1,Complete,1124442,1124442,41.30556833,-72.93377097,3616643,New Haven,93,93,New Haven,1/18/2024,2024,1,January,18,5,Thursday,7:44:00,7,24002450,A,2,,Motor Vehicle In Motion,"Injury of any type (Serious, Minor, Possible)",C,Possible Injury (C),0,0,4,Local,0.54,809,REV DR MLK JR BLVD,REV DR MLK JR BLVD,YORK ST,,,,,41.30556833,-72.93377097,14,Motor Vehicle in Operation,1,Front to rear,1,On Roadway,1,Clear,88,Not Applicable,1,Daylight,5,Ice / Frost,0,None,88,Not Applicable,88,Not Applicable,0,None,88,Not Applicable,88,Not Applicable,2,Intersection,2,Four-Way Intersection,1,No,1,No,88,Not Applicable,88,Not Applicable,88,Not Applicable,88,Not Applicable,TRUE,1,Public Road,1,"Trafficway, On Road",CT0009300,New Haven PD,251,02:06.0,C,Closed,00:46.0,,,,,,,
1124890,1,Complete,1124890,1124890,41.32065343,-72.87337683,3617091,New Haven,93,93,New Haven,1/13/2024,2024,1,January,13,7,Saturday,23:23:00,23,24001926,A,2,,Motor Vehicle In Motion,"Injury of any type (Serious, Minor, Possible)",C,Possible Injury (C),0,0,3,State,0.48,80,80-E,80-E,,QUINNIPIAC AVE,200,Feet,E,41.32065343,-72.87337683,14,Motor Vehicle in Operation,3,Angle,1,On Roadway,1,Clear,88,Not Applicable,4,Dark-Lighted,1,Dry,0,None,88,Not Applicable,88,Not Applicable,0,None,88,Not Applicable,88,Not Applicable,8,Driveway Access,1,Not at Intersection,1,No,1,No,88,Not Applicable,88,Not Applicable,88,Not Applicable,88,Not Applicable,FALSE,1,Public Road,1,"Trafficway, On Road",CT0009300,New Haven PD,754,16:11.0,C,Closed,01:56.0,,,,,,,
1124891,1,Complete,1124891,1124891,41.31295741,-72.92241051,3617092,New Haven,93,93,New Haven,1/15/2024,2024,1,January,15,2,Monday,11:24:00,11,24002086,A,2,,Motor Vehicle In Motion,"Injury of any type (Serious, Minor, Possible)",C,Possible Injury (C),0,0,4,Local,0.07,588,TEMPLE ST,TEMPLE ST,,TRUMBULL ST,80,Feet,S,41.31295741,-72.92241051,14,Motor Vehicle in Operation,4,"Sideswipe, same direction",1,On Roadway,1,Clear,88,Not Applicable,1,Daylight,1,Dry,0,None,88,Not Applicable,88,Not Applicable,0,None,88,Not Applicable,88,Not Applicable,1,Non-Junction,1,Not at Intersection,1,No,1,No,88,Not Applicable,88,Not Applicable,88,Not Applicable,88,Not Applicable,TRUE,1,Public Road,1,"Trafficway, On Road",CT0009300,New Haven PD,469,42:19.0,C,Closed,01:52.0,,,,,,,
1124902,1,Complete,1124902,1124902,41.303509,-72.921994,3617103,New Haven,93,93,New Haven,1/19/2024,2024,1,January,19,6,Friday,13:37:00,13,24002689,A,2,,Motor Vehicle In Motion,"Injury of any type (Serious, Minor, Possible)",C,Possible Injury (C),0,0,4,Local,0.16,606,UNION ST,UNION ST,87 Union St,,,,,41.303509,-72.921994,14,Motor Vehicle in Operation,3,Angle,1,On Roadway,7,Snow,88,Not Applicable,1,Daylight,3,Snow,0,None,88,Not Applicable,88,Not Applicable,0,None,88,Not Applicable,88,Not Applicable,2,Intersection,3,T-Intersection,1,No,1,No,88,Not Applicable,88,Not Applicable,88,Not Applicable,88,Not Applicable,TRUE,1,Public Road,1,"Trafficway, On Road",CT0009300,New Haven PD,40952,22:21.0,C,Closed,02:00.0,,,,,,,
1124905,1,Complete,1124905,1124905,41.315549,-72.93922668,3617106,New Haven,93,93,New Haven,1/19/2024,2024,1,January,19,6,Friday,18:09:00,18,24002710,A,2,,Motor Vehicle In Motion,"Injury of any type (Serious, Minor, Possible)",B,Suspected Minor Injury (B),0,0,4,Local,0.56,653,WHALLEY AV,WHALLEY AV,ORCHARD ST,,,,,41.315549,-72.93922668,14,Motor Vehicle in Operation,97,Other,1,On Roadway,2,Cloudy,88,Not Applicable,4,Dark-Lighted,2,Wet,0,None,88,Not Applicable,88,Not Applicable,0,None,88,Not Applicable,88,Not Applicable,2,Intersection,2,Four-Way Intersection,1,No,1,No,88,Not Applicable,88,Not Applicable,88,Not Applicable,88,Not Applicable,FALSE,1,Public Road,1,"Trafficway, On Road",CT0009300,New Haven PD,44062,40:08.0,C,Closed,02:02.0,,,,,,,
1124908,1,Complete,1124908,1124908,41.3124134,-72.94416408,3617109,New Haven,93,93,New Haven,1/19/2024,2024,1,January,19,6,Friday,20:59:00,20,24002759,A,2,,Motor Vehicle In Motion,"Injury of any type (Serious, Minor, Possible)",C,Possible Injury (C),0,0,4,Local,0.47,556,SHERMAN AV,SHERMAN AV,Sherman Ct,,,,,41.3124134,-72.94416408,14,Motor Vehicle in Operation,3,Angle,1,On Roadway,1,Clear,88,Not Applicable,4,Dark-Lighted,1,Dry,0,None,88,Not Applicable,88,Not Applicable,0,None,88,Not Applicable,88,Not Applicable,2,Intersection,3,T-Intersection,1,No,1,No,88,Not Applicable,88,Not Applicable,88,Not Applicable,88,Not Applicable,FALSE,1,Public Road,1,"Trafficway, On Road",CT0009300,New Haven PD,40804,41:55.0,C,Closed,02:01.0,,,,,,,
1124916,1,Complete,1124916,1124916,41.31531731,-72.95092694,3617117,New Haven,93,93,New Haven,1/20/2024,2024,1,January,20,7,Saturday,20:43:00,20,24002881,A,2,,Motor Vehicle In Motion,"Injury of any type (Serious, Minor, Possible)",C,Possible Injury (C),0,0,3,State,2.58,10,10-N,10-N,EDGEWOOD AV,,,,,41.31531731,-72.95092694,14,Motor Vehicle in Operation,3,Angle,1,On Roadway,7,Snow,88,Not Applicable,4,Dark-Lighted,3,Snow,0,None,88,Not Applicable,88,Not Applicable,0,None,88,Not Applicable,88,Not Applicable,2,Intersection,2,Four-Way Intersection,1,No,1,No,88,Not Applicable,88,Not Applicable,88,Not Applicable,88,Not Applicable,FALSE,1,Public Road,1,"Trafficway, On Road",CT0009300,New Haven PD,44045,44:32.0,C,Closed,02:10.0,,,,,,,
1124918,1,Complete,1124918,1124918,41.32510858,-72.94632274,3617119,New Haven,93,93,New Haven,1/21/2024,2024,1,January,21,1,Sunday,6:36:00,6,24002914,A,2,,Tree (standing),"Injury of any type (Serious, Minor, Possible)",C,Possible Injury (C),0,0,4,Local,0.35,51,BELLEVUE RD,BELLEVUE RD,GLEN RD,,,,,41.32510858,-72.94632274,14,Motor Vehicle in Operation,3,Angle,1,On Roadway,1,Clear,88,Not Applicable,1,Daylight,2,Wet,0,None,88,Not Applicable,88,Not Applicable,0,None,88,Not Applicable,88,Not Applicable,2,Intersection,2,Four-Way Intersection,1,No,1,No,88,Not Applicable,88,Not Applicable,88,Not Applicable,88,Not Applicable,TRUE,1,Public Road,1,"Trafficway, On Road",CT0009300,New Haven PD,44947,48:33.0,O,Open,01:56.0,,,,,,,
1125575,1,Complete,1125575,1125575,41.303518,-72.923714,3617776,New Haven,93,93,New Haven,12/23/2023,2023,12,December,23,7,Saturday,13:29:00,13,23051092,A,2,,Motor Vehicle In Motion,"Injury of any type (Serious, Minor, Possible)",C,Possible Injury (C),0,0,4,Local,1.45,575,STATE ST,STATE ST,CROWN ST,,,,,41.303518,-72.923714,14,Motor Vehicle in Operation,3,Angle,1,On Roadway,1,Clear,88,Not Applicable,1,Daylight,1,Dry,0,None,88,Not Applicable,88,Not Applicable,0,None,88,Not Applicable,88,Not Applicable,2,Intersection,2,Four-Way Intersection,1,No,1,No,88,Not Applicable,88,Not Applicable,88,Not Applicable,88,Not Applicable,FALSE,1,Public Road,1,"Trafficway, On Road",CT0009300,New Haven PD,469,22:11.0,C,Closed,01:43.0,,,2100,1,INTERSTATE - NEW HPMS,2,Urban
1125585,1,Complete,1125585,1125585,41.28693,-72.93579,3617786,New Haven,93,93,New Haven,1/22/2024,2024,1,January,22,2,Monday,16:12:00,16,24003092,A,2,,Motor Vehicle In Motion,"Injury of any type (Serious, Minor, Possible)",C,Possible Injury (C),0,0,4,Local,0.39,339,KIMBERLY AV,KIMBERLY AV,,ELLA T GRASSO BLVD,223,Feet,N,41.28693,-72.93579,14,Motor Vehicle in Operation,4,"Sideswipe, same direction",1,On Roadway,1,Clear,88,Not Applicable,1,Daylight,1,Dry,0,None,88,Not Applicable,88,Not Applicable,0,None,88,Not Applicable,88,Not Applicable,1,Non-Junction,1,Not at Intersection,1,No,1,No,88,Not Applicable,88,Not Applicable,88,Not Applicable,88,Not Applicable,TRUE,1,Public Road,1,"Trafficway, On Road",CT0009300,New Haven PD,40810,18:40.0,C,Closed,01:48.0,,,,,,,
1125902,1,Complete,1125902,1125902,41.320874,-72.899143,3618103,New Haven,93,93,New Haven,1/22/2024,2024,1,January,22,2,Monday,8:04:00,8,24003000,A,2,,Motor Vehicle In Motion,"Injury of any type (Serious, Minor, Possible)",B,Suspected Minor Injury (B),0,1,4,Local,0.14,91,CEDAR HILL AV,CEDAR HILL AV,GRACE ST,,,,,41.320874,-72.899143,14,Motor Vehicle in Operation,4,"Sideswipe, same direction",1,On Roadway,1,Clear,88,Not Applicable,1,Daylight,1,Dry,99,Unknown,88,Not Applicable,88,Not Applicable,99,Unknown,0,None,88,Not Applicable,2,Intersection,3,T-Intersection,1,No,1,No,88,Not Applicable,88,Not Applicable,88,Not Applicable,88,Not Applicable,FALSE,1,Public Road,1,"Trafficway, On Road",CT0009300,New Haven PD,45627,20:32.0,C,Closed,00:32.0,,,,,,,
1125905,1,Complete,1125905,1125905,41.328529,-72.951662,3618106,New Haven,93,93,New Haven,1/22/2024,2024,1,January,22,2,Monday,9:31:00,9,24003022,A,2,,Motor Vehicle In Motion,"Injury of any type (Serious, Minor, Possible)",B,Suspected Minor Injury (B),0,0,3,State,3.98,10,10-N,10-N,,Dyer St,20,Feet,N,41.328529,-72.951662,14,Motor Vehicle in Operation,1,Front to rear,1,On Roadway,1,Clear,88,Not Applicable,1,Daylight,1,Dry,0,None,88,Not Applicable,88,Not Applicable,0,None,88,Not Applicable,88,Not Applicable,3,Intersection-Related,3,T-Intersection,1,No,1,No,88,Not Applicable,88,Not Applicable,88,Not Applicable,88,Not Applicable,FALSE,1,Public Road,1,"Trafficway, On Road",CT0009300,New Haven PD,332,33:41.0,C,Closed,00:27.0,,2,13100,4,MINOR ARTERIAL - NEW HPMS,2,Urban
1125906,1,Complete,1125906,1125906,41.31567639,-72.93970079,3618107,New Haven,93,93,New Haven,1/22/2024,2024,1,January,22,2,Monday,11:33:00,11,24003053,A,2,,Motor Vehicle In Motion,"Injury of any type (Serious, Minor, Possible)",C,Possible Injury (C),0,1,4,Local,0.54,653,WHALLEY AV,WHALLEY AV,,ORCHARD ST,150,Feet,W,41.31567639,-72.93970079,14,Motor Vehicle in Operation,3,Angle,1,On Roadway,1,Clear,88,Not Applicable,1,Daylight,1,Dry,0,None,88,Not Applicable,88,Not Applicable,0,None,88,Not Applicable,88,Not Applicable,1,Non-Junction,1,Not at Intersection,1,No,1,No,88,Not Applicable,88,Not Applicable,88,Not Applicable,88,Not Applicable,TRUE,1,Public Road,1,"Trafficway, On Road",CT0009300,New Haven PD,326,23:33.0,C,Closed,00:33.0,,,,,,,
1125907,1,Complete,1125907,1125907,41.30341,-72.91322,3618108,New Haven,93,93,New Haven,1/22/2024,2024,1,January,22,2,Monday,11:36:00,11,24003055,A,1,,Bridge Pier or Support,"Injury of any type (Serious, Minor, Possible)",C,Possible Injury (C),0,0,,,,,,424 CHAPEL ST,,S Wallace St ,390,Feet,W,41.30341,-72.91322,21,Bridge Pier or Support,88,Not Applicable,97,Other,1,Clear,88,Not Applicable,1,Daylight,2,Wet,0,None,88,Not Applicable,88,Not Applicable,0,None,88,Not Applicable,88,Not Applicable,97,Other,1,Not at Intersection,1,No,1,No,88,Not Applicable,88,Not Applicable,88,Not Applicable,88,Not Applicable,FALSE,88,Not Applicable,4,Parking Lot,CT0009300,New Haven PD,45626,38:17.0,C,Closed,00:35.0,,,,,,,
1126213,1,Complete,1126213,1126213,41.32104205,-72.90940256,3618414,New Haven,93,93,New Haven,1/23/2024,2024,1,January,23,3,Tuesday,12:07:00,12,24003197,A,2,,Motor Vehicle In Motion,"Injury of any type (Serious, Minor, Possible)",C,Possible Injury (C),0,1,4,Local,0.49,666,WILLOW ST,WILLOW ST,FOSTER ST,,,,,41.32104205,-72.90940256,14,Motor Vehicle in Operation,3,Angle,1,On Roadway,2,Cloudy,88,Not Applicable,1,Daylight,1,Dry,0,None,88,Not Applicable,88,Not Applicable,0,None,88,Not Applicable,88,Not Applicable,2,Intersection,2,Four-Way Intersection,1,No,1,No,88,Not Applicable,88,Not Applicable,88,Not Applicable,88,Not Applicable,FALSE,1,Public Road,1,"Trafficway, On Road",CT0009300,New Haven PD,87,59:30.0,C,Closed,01:52.0,,,,,,,