CrashId,Fatal Case Status,Fatal Case Status Text Format,CrashId,CrashId,Latitude,Longitude,DOT Case Number,Town Name,Town Number,Town Number,Town Number Text Format,Date Of Crash,Year,Month,Month Text Format,Day,Day of the Week,Day of the Week Text Format,Time of Crash,Hour of the Day,Case Identifier,Crash Severity,Number Of Motor Vehicles,Motor vehicle action,Most harmful event,Crash Severity Text Format,Most Severe Injury,Most Severe Injury Text Format,Number Of Non-Motorist,Number Of Witnesses,Route Class,Route Class Text Format,Milemarker,Road Number,Road Description,Roadway Name,Intersecting Roadway Name,Landmark Description,Distance From Nearest Landmark,Unit Of Measure From Nearest Landmark,Direction From Nearest Landmark,Latitude,Longitude,First Harmful Event,First Harmful Event Text Format,Manner of Crash / Collision Impact,Manner of Crash / Collision Impact Text Format,Location of First Harmful Event,Location of First Harmful Event Text Format,Weather Condition,Weather Condition Text Format,Weather 2,Weather 2 Text Format,Light Condition,Light Condition Text Format,Road Surface Condition,Road Surface Condition Text Format,"Contributing Circumstances, Environment","Contributing Circumstances, Environment Text Format",Environment 2,Environment 2 Text Format,Environment 3,Environment 3 Text Format,"Contributing Circumstances, Road","Contributing Circumstances, Road Text Format",Road 2,Road 2 Text Format,Road 3,Road 3 Text Format,Crash Specific Location,Crash Specific Location Text Format,Type of Intersection,Type of Intersection Text Format,School Bus Related,School Bus Related Text Format,Work Zone Related,Work Zone Related Text Format,Location Of Crash Relative To Work Zone,Location Of Crash Relative To Work Zone Text Format,Type of Work Zone,Type of Work Zone Text Format,Worker Presence,Worker Presence Text Format,Law Enforcement Presence,Law Enforcement Presence Text Format,Were Vehicles Moved Prior To Police Arrival,Trafficway Ownership,Trafficway Ownership Text Format,Trafficway Class,Trafficway Class Text Format,Police Agency,Police Agency Text Format,Badge Number,Approval Date,Police Case Status,Police Case Status Text Format,Crash Report Submission Date,Related Case Identifiers,No. of Through Lanes (Log Dir.),Average Daily Traffic,Functional Classification,Functional Classification Text Format,Rural or Urban,Rural or Urban Text Format
1126217,1,Complete,1126217,1126217,41.311169,-72.935905,3618418,New Haven,93,93,New Haven,1/24/2024,2024,1,January,24,4,Wednesday,9:49:00,9,24003347,A,2,,Motor Vehicle In Motion,"Injury of any type (Serious, Minor, Possible)",C,Possible Injury (C),0,0,4,Local,0.18,160,DWIGHT ST,DWIGHT ST,EDGEWOOD AV,,,,,41.311169,-72.935905,14,Motor Vehicle in Operation,3,Angle,1,On Roadway,2,Cloudy,88,Not Applicable,1,Daylight,2,Wet,0,None,88,Not Applicable,88,Not Applicable,0,None,88,Not Applicable,88,Not Applicable,2,Intersection,2,Four-Way Intersection,1,No,1,No,88,Not Applicable,88,Not Applicable,88,Not Applicable,88,Not Applicable,TRUE,1,Public Road,1,"Trafficway, On Road",CT0009300,New Haven PD,349,50:47.0,C,Closed,01:49.0,,,,,,,
1126221,1,Complete,1126221,1126221,41.31409625,-72.93995738,3618422,New Haven,93,93,New Haven,1/24/2024,2024,1,January,24,4,Wednesday,15:20:00,15,24003385,A,2,,Motor Vehicle In Motion,"Injury of any type (Serious, Minor, Possible)",C,Possible Injury (C),0,0,4,Local,0.9,453,ORCHARD ST,ORCHARD ST,ELM ST NO 1,,,,,41.31409625,-72.93995738,14,Motor Vehicle in Operation,3,Angle,1,On Roadway,4,Rain,88,Not Applicable,1,Daylight,2,Wet,0,None,88,Not Applicable,88,Not Applicable,0,None,88,Not Applicable,88,Not Applicable,2,Intersection,3,T-Intersection,1,No,1,No,88,Not Applicable,88,Not Applicable,88,Not Applicable,88,Not Applicable,FALSE,1,Public Road,1,"Trafficway, On Road",CT0009300,New Haven PD,11439,05:44.0,O,Open,01:50.0,,,,,,,
1126481,1,Complete,1126481,1126481,41.312801,-72.932881,3618682,New Haven,93,93,New Haven,1/25/2024,2024,1,January,25,5,Thursday,10:46:00,10,24003492,A,2,,Motor Vehicle In Motion,"Injury of any type (Serious, Minor, Possible)",C,Possible Injury (C),0,1,4,Local,0.95,653,WHALLEY AV,WHALLEY AV,HOWE ST,,,,,41.312801,-72.932881,14,Motor Vehicle in Operation,3,Angle,1,On Roadway,1,Clear,88,Not Applicable,1,Daylight,1,Dry,0,None,88,Not Applicable,88,Not Applicable,0,None,88,Not Applicable,88,Not Applicable,2,Intersection,3,T-Intersection,1,No,1,No,88,Not Applicable,88,Not Applicable,88,Not Applicable,88,Not Applicable,FALSE,1,Public Road,1,"Trafficway, On Road",CT0009300,New Haven PD,349,46:11.0,C,Closed,00:34.0,,,,,,,
1126884,1,Complete,1126884,1126884,41.25882804,-72.8922457,3619085,New Haven,93,93,New Haven,1/13/2024,2024,1,January,13,7,Saturday,23:08:00,23,24001924,A,2,,Motor Vehicle In Motion,"Injury of any type (Serious, Minor, Possible)",C,Possible Injury (C),0,0,3,State,2.23,337,337-E,337-E,MORRIS COVE RD,,,,,41.25882804,-72.8922457,14,Motor Vehicle in Operation,1,Front to rear,1,On Roadway,1,Clear,88,Not Applicable,5,Dark-Not Lighted,1,Dry,0,None,88,Not Applicable,88,Not Applicable,0,None,88,Not Applicable,88,Not Applicable,2,Intersection,4,Y-Intersection,1,No,1,No,88,Not Applicable,88,Not Applicable,88,Not Applicable,88,Not Applicable,TRUE,1,Public Road,1,"Trafficway, On Road",CT0009300,New Haven PD,44056,16:57.0,O,Open,01:26.0,,,,,,,
1126896,1,Complete,1126896,1126896,41.31546357,-72.89707816,3619097,New Haven,93,93,New Haven,1/24/2024,2024,1,January,24,4,Wednesday,23:13:00,23,24003445,A,2,,Motor Vehicle In Motion,"Injury of any type (Serious, Minor, Possible)",C,Possible Injury (C),0,0,4,Local,0.29,213,FERRY ST,FERRY ST,,LOMBARD ST,109,Feet,N,41.31546357,-72.89707816,14,Motor Vehicle in Operation,1,Front to rear,1,On Roadway,4,Rain,88,Not Applicable,4,Dark-Lighted,2,Wet,99,Unknown,88,Not Applicable,88,Not Applicable,0,None,88,Not Applicable,88,Not Applicable,1,Non-Junction,1,Not at Intersection,1,No,1,No,88,Not Applicable,88,Not Applicable,88,Not Applicable,88,Not Applicable,FALSE,1,Public Road,1,"Trafficway, On Road",CT0009300,New Haven PD,44056,19:34.0,C,Closed,01:53.0,,,,,,,
1126900,1,Complete,1126900,1126900,41.328323,-72.92197934,3619101,New Haven,93,93,New Haven,1/25/2024,2024,1,January,25,5,Thursday,16:39:00,16,24003540,A,2,,Motor Vehicle In Motion,"Injury of any type (Serious, Minor, Possible)",B,Suspected Minor Injury (B),0,0,4,Local,1.17,495,PROSPECT ST,PROSPECT ST,,highland st,40,Feet,S,41.328323,-72.92197934,14,Motor Vehicle in Operation,1,Front to rear,1,On Roadway,1,Clear,88,Not Applicable,1,Daylight,1,Dry,0,None,88,Not Applicable,88,Not Applicable,0,None,88,Not Applicable,88,Not Applicable,3,Intersection-Related,2,Four-Way Intersection,1,No,1,No,88,Not Applicable,88,Not Applicable,88,Not Applicable,88,Not Applicable,FALSE,1,Public Road,1,"Trafficway, On Road",CT0009300,New Haven PD,45701,38:27.0,C,Closed,01:35.0,,,,,,,
1126911,1,Complete,1126911,1126911,41.29996291,-72.9401556,3619112,New Haven,93,93,New Haven,1/26/2024,2024,1,January,26,6,Friday,17:04:00,17,24003750,A,2,,Motor Vehicle In Motion,"Injury of any type (Serious, Minor, Possible)",C,Possible Injury (C),0,0,4,Local,0.42,123,CONGRESS AV,CONGRESS AV,KOSSUTH ST,,,,,41.29996291,-72.9401556,14,Motor Vehicle in Operation,3,Angle,1,On Roadway,1,Clear,88,Not Applicable,4,Dark-Lighted,1,Dry,0,None,88,Not Applicable,88,Not Applicable,0,None,88,Not Applicable,88,Not Applicable,2,Intersection,3,T-Intersection,1,No,1,No,88,Not Applicable,88,Not Applicable,88,Not Applicable,88,Not Applicable,FALSE,1,Public Road,1,"Trafficway, On Road",CT0009300,New Haven PD,45395,32:42.0,C,Closed,01:43.0,,,,,,,
1126914,1,Complete,1126914,1126914,41.320843,-72.93429334,3619115,New Haven,93,93,New Haven,1/26/2024,2024,1,January,26,6,Friday,20:44:00,20,24003772,A,1,,Pedestrian,"Injury of any type (Serious, Minor, Possible)",A,Suspected Serious Injury (A),1,0,4,Local,0.56,152,DIXWELL AV,DIXWELL AV,HENRY ST,,,,,41.320843,-72.93429334,9,Pedestrian,88,Not Applicable,1,On Roadway,1,Clear,88,Not Applicable,6,Dark-Unknown Lighting,1,Dry,0,None,88,Not Applicable,88,Not Applicable,0,None,88,Not Applicable,88,Not Applicable,2,Intersection,2,Four-Way Intersection,1,No,1,No,88,Not Applicable,88,Not Applicable,88,Not Applicable,88,Not Applicable,FALSE,1,Public Road,1,"Trafficway, On Road",CT0009300,New Haven PD,44053,46:14.0,O,Open,01:36.0,,2,6400,3,PRINCIPAL ARTERIAL - OTHER - NEW HPMS,2,Urban
1126915,1,Complete,1126915,1126915,41.32883133,-72.96486076,3619116,New Haven,93,93,New Haven,1/26/2024,2024,1,January,26,6,Friday,21:00:00,21,24003776,A,2,,Motor Vehicle In Motion,"Injury of any type (Serious, Minor, Possible)",C,Possible Injury (C),0,0,3,State,0.51,63,63-N,63-N,,EMERSON ST,23,Feet,E,41.32883133,-72.96486076,14,Motor Vehicle in Operation,1,Front to rear,1,On Roadway,1,Clear,88,Not Applicable,4,Dark-Lighted,1,Dry,0,None,88,Not Applicable,88,Not Applicable,0,None,88,Not Applicable,88,Not Applicable,3,Intersection-Related,2,Four-Way Intersection,1,No,1,No,88,Not Applicable,88,Not Applicable,88,Not Applicable,88,Not Applicable,TRUE,1,Public Road,1,"Trafficway, On Road",CT0009300,New Haven PD,170,32:49.0,C,Closed,01:37.0,,,,,,,
1126920,1,Complete,1126920,1126920,41.30956699,-72.92736765,3619121,New Haven,93,93,New Haven,1/27/2024,2024,1,January,27,7,Saturday,1:55:00,1,24003814,A,2,,Motor Vehicle In Motion,"Injury of any type (Serious, Minor, Possible)",B,Suspected Minor Injury (B),0,0,4,Local,0.36,726,ELM ST NO 2,ELM ST NO 2,,COLLEGE ST,50,Feet,W,41.30956699,-72.92736765,14,Motor Vehicle in Operation,1,Front to rear,1,On Roadway,1,Clear,88,Not Applicable,4,Dark-Lighted,1,Dry,0,None,88,Not Applicable,88,Not Applicable,0,None,88,Not Applicable,88,Not Applicable,3,Intersection-Related,2,Four-Way Intersection,1,No,1,No,88,Not Applicable,88,Not Applicable,88,Not Applicable,88,Not Applicable,FALSE,1,Public Road,1,"Trafficway, On Road",CT0009300,New Haven PD,44947,55:56.0,C,Closed,01:38.0,,,,,,,
1126921,1,Complete,1126921,1126921,41.307954,-72.942246,3619122,New Haven,93,93,New Haven,1/27/2024,2024,1,January,27,7,Saturday,3:00:00,3,24003819,A,2,,Parked Vehicle,"Injury of any type (Serious, Minor, Possible)",C,Possible Injury (C),0,0,4,Local,0.45,453,ORCHARD ST,ORCHARD ST,,GILBERT AVE,50,Feet,S,41.307954,-72.942246,15,Parked Motor Vehicle,1,Front to rear,7,In Parking Lane or Zone,1,Clear,88,Not Applicable,4,Dark-Lighted,1,Dry,0,None,88,Not Applicable,88,Not Applicable,0,None,88,Not Applicable,88,Not Applicable,1,Non-Junction,1,Not at Intersection,1,No,1,No,88,Not Applicable,88,Not Applicable,88,Not Applicable,88,Not Applicable,FALSE,1,Public Road,1,"Trafficway, On Road",CT0009300,New Haven PD,11107,14:52.0,C,Closed,01:37.0,,,,,,,
1126923,1,Complete,1126923,1126923,41.31168438,-72.931501,3619124,New Haven,93,93,New Haven,1/27/2024,2024,1,January,27,7,Saturday,7:35:00,7,24003827,A,2,,Motor Vehicle In Motion,"Injury of any type (Serious, Minor, Possible)",C,Possible Injury (C),0,0,4,Local,0.08,68,BROADWAY,BROADWAY,,PARK ST,30,Feet,W,41.31168438,-72.931501,14,Motor Vehicle in Operation,4,"Sideswipe, same direction",1,On Roadway,1,Clear,88,Not Applicable,1,Daylight,1,Dry,0,None,88,Not Applicable,88,Not Applicable,0,None,88,Not Applicable,88,Not Applicable,3,Intersection-Related,3,T-Intersection,1,No,1,No,88,Not Applicable,88,Not Applicable,88,Not Applicable,88,Not Applicable,FALSE,1,Public Road,1,"Trafficway, On Road",CT0009300,New Haven PD,238,59:02.0,C,Closed,01:41.0,,,,,,,
1126926,1,Complete,1126926,1126926,41.315337,-72.94703,3619127,New Haven,93,93,New Haven,1/27/2024,2024,1,January,27,7,Saturday,11:22:00,11,24003848,A,2,,Motor Vehicle In Motion,"Injury of any type (Serious, Minor, Possible)",C,Possible Injury (C),0,0,4,Local,0.35,439,NORTON ST,NORTON ST,MAPLE ST,,,,,41.315337,-72.94703,14,Motor Vehicle in Operation,3,Angle,1,On Roadway,1,Clear,88,Not Applicable,1,Daylight,1,Dry,0,None,88,Not Applicable,88,Not Applicable,0,None,88,Not Applicable,88,Not Applicable,2,Intersection,2,Four-Way Intersection,1,No,1,No,88,Not Applicable,88,Not Applicable,88,Not Applicable,88,Not Applicable,TRUE,1,Public Road,1,"Trafficway, On Road",CT0009300,New Haven PD,359,21:53.0,C,Closed,01:43.0,,,,,,,
1126927,1,Complete,1126927,1126927,41.298611,-72.929401,3619128,New Haven,93,93,New Haven,1/28/2024,2024,1,January,28,1,Sunday,8:36:00,8,24003854,A,2,,Motor Vehicle In Motion,"Injury of any type (Serious, Minor, Possible)",B,Suspected Minor Injury (B),0,0,2,USRoute,47.66,1,1-N,1-N,,Church St South,40,Feet,W,41.298611,-72.929401,14,Motor Vehicle in Operation,1,Front to rear,1,On Roadway,1,Clear,88,Not Applicable,1,Daylight,1,Dry,0,None,88,Not Applicable,88,Not Applicable,0,None,88,Not Applicable,88,Not Applicable,3,Intersection-Related,2,Four-Way Intersection,1,No,1,No,88,Not Applicable,88,Not Applicable,88,Not Applicable,88,Not Applicable,FALSE,1,Public Road,1,"Trafficway, On Road",CT0009300,New Haven PD,45392,23:44.0,C,Closed,01:51.0,MOME,,,,,,
1126928,1,Complete,1126928,1126928,41.33213511,-72.93145228,3619129,New Haven,93,93,New Haven,1/27/2024,2024,1,January,27,7,Saturday,20:01:00,20,24003856,A,2,,Parked Vehicle,"Injury of any type (Serious, Minor, Possible)",C,Possible Injury (C),0,0,4,Local,0.7,552,SHELTON AV,SHELTON AV,,BASSETT ST,120,Feet,N,41.33213511,-72.93145228,14,Motor Vehicle in Operation,1,Front to rear,2,Shoulder,1,Clear,88,Not Applicable,4,Dark-Lighted,1,Dry,0,None,88,Not Applicable,88,Not Applicable,0,None,88,Not Applicable,88,Not Applicable,3,Intersection-Related,2,Four-Way Intersection,1,No,1,No,88,Not Applicable,88,Not Applicable,88,Not Applicable,88,Not Applicable,FALSE,1,Public Road,2,"Trafficway, Not on Road",CT0009300,New Haven PD,44055,25:43.0,C,Closed,01:47.0,,,,,,,
1126930,1,Complete,1126930,1126930,41.334154,-72.947646,3619131,New Haven,93,93,New Haven,1/27/2024,2024,1,January,27,7,Saturday,18:12:00,18,24003886,A,2,,Motor Vehicle In Motion,"Injury of any type (Serious, Minor, Possible)",C,Possible Injury (C),0,0,3,State,4.43,10,10-N,10-N,,PINE ROCK AVE,40,Feet,W,41.334154,-72.947646,14,Motor Vehicle in Operation,1,Front to rear,1,On Roadway,1,Clear,88,Not Applicable,4,Dark-Lighted,1,Dry,0,None,88,Not Applicable,88,Not Applicable,0,None,88,Not Applicable,88,Not Applicable,3,Intersection-Related,4,Y-Intersection,1,No,1,No,88,Not Applicable,88,Not Applicable,88,Not Applicable,88,Not Applicable,FALSE,1,Public Road,1,"Trafficway, On Road",CT0009300,New Haven PD,45394,50:12.0,O,Open,01:44.0,,,,,,,
1126931,1,Complete,1126931,1126931,41.314258,-72.874588,924019,New Haven,93,93,New Haven,1/27/2024,2024,1,January,27,7,Saturday,20:34:00,20,24003906,K,2,Negotiating a Curve,Motor Vehicle In Motion,Fatal (Kill),K,Fatal Injury (K),0,0,4,Local,0.23,287,HEMINGWAY ST,HEMINGWAY ST,,RUSSELL ST,25,Feet,E,41.314258,-72.874588,14,Motor Vehicle in Operation,2,Front to front,1,On Roadway,1,Clear,88,Not Applicable,4,Dark-Lighted,1,Dry,0,None,88,Not Applicable,88,Not Applicable,0,None,88,Not Applicable,88,Not Applicable,1,Non-Junction,1,Not at Intersection,1,No,1,No,88,Not Applicable,88,Not Applicable,88,Not Applicable,88,Not Applicable,FALSE,1,Public Road,1,"Trafficway, On Road",CT0009300,New Haven PD,44176,59:58.0,O,Open,01:47.0,,,,,,,
1127548,1,Complete,1127548,1127548,41.30449501,-72.92596468,3619749,New Haven,93,93,New Haven,1/29/2024,2024,1,January,29,2,Monday,8:53:00,8,24004093,A,2,,Motor Vehicle In Motion,"Injury of any type (Serious, Minor, Possible)",C,Possible Injury (C),0,0,4,Local,0.16,136,CROWN ST,CROWN ST,,CHURCH ST.,190,Feet,E,41.30449501,-72.92596468,14,Motor Vehicle in Operation,4,"Sideswipe, same direction",1,On Roadway,1,Clear,88,Not Applicable,1,Daylight,2,Wet,0,None,88,Not Applicable,88,Not Applicable,0,None,88,Not Applicable,88,Not Applicable,9,Driveway Access-Related,1,Not at Intersection,1,No,1,No,88,Not Applicable,88,Not Applicable,88,Not Applicable,88,Not Applicable,FALSE,1,Public Road,1,"Trafficway, On Road",CT0009300,New Haven PD,106,58:33.0,C,Closed,00:35.0,,,,,,,
1127550,1,Complete,1127550,1127550,41.31170802,-72.94445102,3619751,New Haven,93,93,New Haven,1/29/2024,2024,1,January,29,2,Monday,15:48:00,15,24004152,A,3,,Motor Vehicle In Motion,"Injury of any type (Serious, Minor, Possible)",C,Possible Injury (C),0,0,4,Local,0.42,556,SHERMAN AV,SHERMAN AV,,chapel st,90,Feet,N,41.31170802,-72.94445102,14,Motor Vehicle in Operation,3,Angle,1,On Roadway,1,Clear,88,Not Applicable,1,Daylight,1,Dry,0,None,88,Not Applicable,88,Not Applicable,0,None,88,Not Applicable,88,Not Applicable,1,Non-Junction,1,Not at Intersection,1,No,1,No,88,Not Applicable,88,Not Applicable,88,Not Applicable,88,Not Applicable,FALSE,1,Public Road,1,"Trafficway, On Road",CT0009300,New Haven PD,40804,20:08.0,C,Closed,00:34.0,,,,,,,
1127931,1,Complete,1127931,1127931,41.32253701,-72.87849368,3620132,New Haven,93,93,New Haven,1/18/2024,2024,1,January,18,5,Thursday,12:36:00,12,24002518,A,2,,Motor Vehicle In Motion,"Injury of any type (Serious, Minor, Possible)",C,Possible Injury (C),0,0,3,State,0.18,80,80-E,80-E,,91-n-16a (exit 8),725,Feet,S,41.32253701,-72.87849368,14,Motor Vehicle in Operation,3,Angle,1,On Roadway,1,Clear,88,Not Applicable,1,Daylight,1,Dry,0,None,88,Not Applicable,88,Not Applicable,0,None,88,Not Applicable,88,Not Applicable,9,Driveway Access-Related,1,Not at Intersection,1,No,1,No,88,Not Applicable,88,Not Applicable,88,Not Applicable,88,Not Applicable,FALSE,1,Public Road,1,"Trafficway, On Road",CT0009300,New Haven PD,175,14:46.0,C,Closed,01:36.0,,,,,,,
1127932,1,Complete,1127932,1127932,41.311143,-72.935847,3620133,New Haven,93,93,New Haven,1/25/2024,2024,1,January,25,5,Thursday,13:26:00,13,24003517,A,2,,Motor Vehicle In Motion,"Injury of any type (Serious, Minor, Possible)",C,Possible Injury (C),0,1,4,Local,0.18,160,DWIGHT ST,DWIGHT ST,EDGEWOOD AV,,,,,41.311143,-72.935847,14,Motor Vehicle in Operation,3,Angle,1,On Roadway,2,Cloudy,88,Not Applicable,1,Daylight,1,Dry,0,None,88,Not Applicable,88,Not Applicable,0,None,88,Not Applicable,88,Not Applicable,2,Intersection,2,Four-Way Intersection,1,No,1,No,88,Not Applicable,88,Not Applicable,88,Not Applicable,88,Not Applicable,FALSE,1,Public Road,1,"Trafficway, On Road",CT0009300,New Haven PD,332,48:13.0,C,Closed,01:32.0,,,,,,,
1127941,1,Complete,1127941,1127941,41.30966398,-72.89833868,3620142,New Haven,93,93,New Haven,1/30/2024,2024,1,January,30,3,Tuesday,16:00:00,16,24004281,A,1,,Pedestrian,"Injury of any type (Serious, Minor, Possible)",C,Possible Injury (C),1,1,4,Local,0.43,216,FILLMORE ST,FILLMORE ST,,GRAND AVE,300,Feet,S,41.30966398,-72.89833868,9,Pedestrian,88,Not Applicable,1,On Roadway,2,Cloudy,88,Not Applicable,1,Daylight,1,Dry,0,None,88,Not Applicable,88,Not Applicable,0,None,88,Not Applicable,88,Not Applicable,1,Non-Junction,1,Not at Intersection,1,No,1,No,88,Not Applicable,88,Not Applicable,88,Not Applicable,88,Not Applicable,TRUE,1,Public Road,1,"Trafficway, On Road",CT0009300,New Haven PD,45626,14:07.0,C,Closed,01:31.0,,2,3038,7,LOCAL - NEW HPMS,2,Urban
1127944,1,Complete,1127944,1127944,41.32046,-72.951157,3620145,New Haven,93,93,New Haven,1/30/2024,2024,1,January,30,3,Tuesday,18:12:00,18,24004305,A,2,,Ran Off Roadway Left,"Injury of any type (Serious, Minor, Possible)",C,Possible Injury (C),0,0,3,State,3.17,10,10-N,10-N,,HOBART ST,50,Feet,E,41.32046,-72.951157,14,Motor Vehicle in Operation,2,Front to front,1,On Roadway,2,Cloudy,88,Not Applicable,1,Daylight,1,Dry,0,None,88,Not Applicable,88,Not Applicable,0,None,88,Not Applicable,88,Not Applicable,1,Non-Junction,1,Not at Intersection,1,No,1,No,88,Not Applicable,88,Not Applicable,88,Not Applicable,88,Not Applicable,FALSE,1,Public Road,1,"Trafficway, On Road",CT0009300,New Haven PD,44062,16:04.0,C,Closed,01:29.0,,,,,,,
1127945,1,Complete,1127945,1127945,41.30806702,-72.95268641,3620146,New Haven,93,93,New Haven,1/30/2024,2024,1,January,30,3,Tuesday,19:16:00,19,24004335,A,2,,Parked Vehicle,"Injury of any type (Serious, Minor, Possible)",C,Possible Injury (C),0,0,4,Local,0.03,333,JUDSON AV,JUDSON AV,,MILLER ST,80,Feet,W,41.30806702,-72.95268641,15,Parked Motor Vehicle,4,"Sideswipe, same direction",1,On Roadway,1,Clear,88,Not Applicable,4,Dark-Lighted,1,Dry,0,None,88,Not Applicable,88,Not Applicable,0,None,88,Not Applicable,88,Not Applicable,1,Non-Junction,1,Not at Intersection,1,No,1,No,88,Not Applicable,88,Not Applicable,88,Not Applicable,88,Not Applicable,FALSE,1,Public Road,1,"Trafficway, On Road",CT0009300,New Haven PD,11439,30:25.0,C,Closed,01:28.0,,,,,,,
1128262,1,Complete,1128262,1128262,41.309968,-72.893049,3620463,New Haven,93,93,New Haven,12/30/2023,2023,12,December,30,7,Saturday,5:49:00,5,23051716,A,1,,Pedestrian,"Injury of any type (Serious, Minor, Possible)",A,Suspected Serious Injury (A),1,0,,,,,,26 Atwater St parking lot ,,ATWATER ST,145,Feet,N,41.309968,-72.893049,9,Pedestrian,88,Not Applicable,97,Other,1,Clear,88,Not Applicable,5,Dark-Not Lighted,1,Dry,0,None,88,Not Applicable,88,Not Applicable,0,None,88,Not Applicable,88,Not Applicable,97,Other,1,Not at Intersection,1,No,1,No,88,Not Applicable,88,Not Applicable,88,Not Applicable,88,Not Applicable,FALSE,88,Not Applicable,4,Parking Lot,CT0009300,New Haven PD,44946,05:56.0,C,Closed,00:30.0,,,,,,,
1128266,1,Complete,1128266,1128266,41.28717441,-72.89520472,3620467,New Haven,93,93,New Haven,1/29/2024,2024,1,January,29,2,Monday,8:03:00,8,24004085,A,2,,Motor Vehicle In Motion,"Injury of any type (Serious, Minor, Possible)",C,Possible Injury (C),0,0,4,Local,0.11,330,JOHN ST,JOHN ST,WOODWARD AV,,,,,41.28717441,-72.89520472,14,Motor Vehicle in Operation,3,Angle,1,On Roadway,2,Cloudy,88,Not Applicable,1,Daylight,1,Dry,0,None,88,Not Applicable,88,Not Applicable,0,None,88,Not Applicable,88,Not Applicable,2,Intersection,3,T-Intersection,1,No,1,No,88,Not Applicable,88,Not Applicable,88,Not Applicable,88,Not Applicable,FALSE,1,Public Road,1,"Trafficway, On Road",CT0009300,New Haven PD,65,12:40.0,C,Closed,00:38.0,,,,,,,
1128267,1,Complete,1128267,1128267,41.311024,-72.916948,3620468,New Haven,93,93,New Haven,1/31/2024,2024,1,January,31,4,Wednesday,21:35:00,21,24004220,A,2,,Motor Vehicle In Motion,"Injury of any type (Serious, Minor, Possible)",B,Suspected Minor Injury (B),0,0,4,Local,0.81,575,STATE ST,STATE ST,,TRUMBULL ST,150,Feet,N,41.311024,-72.916948,14,Motor Vehicle in Operation,3,Angle,1,On Roadway,1,Clear,88,Not Applicable,4,Dark-Lighted,1,Dry,0,None,88,Not Applicable,88,Not Applicable,0,None,88,Not Applicable,88,Not Applicable,9,Driveway Access-Related,1,Not at Intersection,1,No,1,No,88,Not Applicable,88,Not Applicable,88,Not Applicable,88,Not Applicable,FALSE,1,Public Road,1,"Trafficway, On Road",CT0009300,New Haven PD,45395,58:53.0,C,Closed,00:29.0,,,,,,,
1128275,1,Complete,1128275,1128275,41.316682,-72.942369,3620476,New Haven,93,93,New Haven,1/31/2024,2024,1,January,31,4,Wednesday,12:26:00,12,24004425,A,1,,Pedestrian,"Injury of any type (Serious, Minor, Possible)",B,Suspected Minor Injury (B),1,4,4,Local,0.38,653,WHALLEY AV,WHALLEY AV,SHERMAN AV,,,,,41.316682,-72.942369,9,Pedestrian,88,Not Applicable,1,On Roadway,2,Cloudy,88,Not Applicable,1,Daylight,1,Dry,0,None,88,Not Applicable,88,Not Applicable,0,None,88,Not Applicable,88,Not Applicable,2,Intersection,2,Four-Way Intersection,1,No,1,No,88,Not Applicable,88,Not Applicable,88,Not Applicable,88,Not Applicable,FALSE,1,Public Road,1,"Trafficway, On Road",CT0009300,New Haven PD,332,09:28.0,C,Closed,00:38.0,,2,21100,3,PRINCIPAL ARTERIAL - OTHER - NEW HPMS,2,Urban
1128276,1,Complete,1128276,1128276,41.32191048,-72.92341576,3620477,New Haven,93,93,New Haven,1/31/2024,2024,1,January,31,4,Wednesday,15:12:00,15,24004430,A,2,,Motor Vehicle In Motion,"Injury of any type (Serious, Minor, Possible)",C,Possible Injury (C),0,0,4,Local,0.72,495,PROSPECT ST,PROSPECT ST,,HILLSIDE PL,400,Feet,N,41.32191048,-72.92341576,14,Motor Vehicle in Operation,3,Angle,1,On Roadway,1,Clear,88,Not Applicable,1,Daylight,1,Dry,0,None,88,Not Applicable,88,Not Applicable,0,None,88,Not Applicable,88,Not Applicable,9,Driveway Access-Related,1,Not at Intersection,1,No,1,No,88,Not Applicable,88,Not Applicable,88,Not Applicable,88,Not Applicable,FALSE,1,Public Road,1,"Trafficway, On Road",CT0009300,New Haven PD,45701,13:15.0,C,Closed,00:36.0,,,,,,,
1128277,1,Complete,1128277,1128277,41.30999787,-72.94175858,3620478,New Haven,93,93,New Haven,1/31/2024,2024,1,January,31,4,Wednesday,15:49:00,15,24004432,A,2,,Motor Vehicle In Motion,"Injury of any type (Serious, Minor, Possible)",C,Possible Injury (C),0,0,4,Local,0.6,453,ORCHARD ST,ORCHARD ST,,CHAPEL ST,235,Feet,S,41.30999787,-72.94175858,14,Motor Vehicle in Operation,3,Angle,1,On Roadway,1,Clear,1,Clear,1,Daylight,1,Dry,0,None,88,Not Applicable,88,Not Applicable,0,None,88,Not Applicable,88,Not Applicable,9,Driveway Access-Related,1,Not at Intersection,1,No,1,No,88,Not Applicable,88,Not Applicable,88,Not Applicable,88,Not Applicable,FALSE,1,Public Road,1,"Trafficway, On Road",CT0009300,New Haven PD,42046,27:24.0,C,Closed,00:34.0,,,,,,,