CrashId,Fatal Case Status,Fatal Case Status Text Format,CrashId,CrashId,Latitude,Longitude,DOT Case Number,Town Name,Town Number,Town Number,Town Number Text Format,Date Of Crash,Year,Month,Month Text Format,Day,Day of the Week,Day of the Week Text Format,Time of Crash,Hour of the Day,Case Identifier,Crash Severity,Number Of Motor Vehicles,Motor vehicle action,Most harmful event,Crash Severity Text Format,Most Severe Injury,Most Severe Injury Text Format,Number Of Non-Motorist,Number Of Witnesses,Route Class,Route Class Text Format,Milemarker,Road Number,Road Description,Roadway Name,Intersecting Roadway Name,Landmark Description,Distance From Nearest Landmark,Unit Of Measure From Nearest Landmark,Direction From Nearest Landmark,Latitude,Longitude,First Harmful Event,First Harmful Event Text Format,Manner of Crash / Collision Impact,Manner of Crash / Collision Impact Text Format,Location of First Harmful Event,Location of First Harmful Event Text Format,Weather Condition,Weather Condition Text Format,Weather 2,Weather 2 Text Format,Light Condition,Light Condition Text Format,Road Surface Condition,Road Surface Condition Text Format,"Contributing Circumstances, Environment","Contributing Circumstances, Environment Text Format",Environment 2,Environment 2 Text Format,Environment 3,Environment 3 Text Format,"Contributing Circumstances, Road","Contributing Circumstances, Road Text Format",Road 2,Road 2 Text Format,Road 3,Road 3 Text Format,Crash Specific Location,Crash Specific Location Text Format,Type of Intersection,Type of Intersection Text Format,School Bus Related,School Bus Related Text Format,Work Zone Related,Work Zone Related Text Format,Location Of Crash Relative To Work Zone,Location Of Crash Relative To Work Zone Text Format,Type of Work Zone,Type of Work Zone Text Format,Worker Presence,Worker Presence Text Format,Law Enforcement Presence,Law Enforcement Presence Text Format,Were Vehicles Moved Prior To Police Arrival,Trafficway Ownership,Trafficway Ownership Text Format,Trafficway Class,Trafficway Class Text Format,Police Agency,Police Agency Text Format,Badge Number,Approval Date,Police Case Status,Police Case Status Text Format,Crash Report Submission Date,Related Case Identifiers,No. of Through Lanes (Log Dir.),Average Daily Traffic,Functional Classification,Functional Classification Text Format,Rural or Urban,Rural or Urban Text Format
1128624,1,Complete,1128624,1128624,41.32773402,-72.92925536,3620825,New Haven,93,93,New Haven,2/1/2024,2024,2,February,1,5,Thursday,10:04:00,10,24004558,A,1,,"Other Fixed Object (wall, building, tunnel, etc.)","Injury of any type (Serious, Minor, Possible)",C,Possible Injury (C),0,1,4,Local,0.18,574,STARR ST NO 1,STARR ST NO 1,,NEWHALL ST,35,Feet,W,41.32773402,-72.92925536,39,"Other Fixed Object (wall, building, tunnel, etc.)",88,Not Applicable,1,On Roadway,2,Cloudy,88,Not Applicable,1,Daylight,1,Dry,0,None,88,Not Applicable,88,Not Applicable,0,None,88,Not Applicable,88,Not Applicable,1,Non-Junction,1,Not at Intersection,1,No,1,No,88,Not Applicable,88,Not Applicable,88,Not Applicable,88,Not Applicable,FALSE,1,Public Road,1,"Trafficway, On Road",CT0009300,New Haven PD,87,42:59.0,C,Closed,00:09.0,,2,1897,7,LOCAL - NEW HPMS,2,Urban
1128627,1,Complete,1128627,1128627,41.32597,-72.958683,3620828,New Haven,93,93,New Haven,2/1/2024,2024,2,February,1,5,Thursday,15:02:00,15,24004610,A,2,,Motor Vehicle In Motion,"Injury of any type (Serious, Minor, Possible)",C,Possible Injury (C),0,0,3,State,0.12,63,63-N,63-N,,WEST ROCK AVE,20,Feet,N,41.32597,-72.958683,14,Motor Vehicle in Operation,3,Angle,1,On Roadway,2,Cloudy,88,Not Applicable,1,Daylight,1,Dry,0,None,88,Not Applicable,88,Not Applicable,0,None,88,Not Applicable,88,Not Applicable,3,Intersection-Related,2,Four-Way Intersection,1,No,1,No,88,Not Applicable,88,Not Applicable,88,Not Applicable,88,Not Applicable,FALSE,1,Public Road,1,"Trafficway, On Road",CT0009300,New Haven PD,170,07:28.0,C,Closed,00:10.0,,,,,,,
1128628,1,Complete,1128628,1128628,41.3045361,-72.9269824,3620829,New Haven,93,93,New Haven,2/1/2024,2024,2,February,1,5,Thursday,15:31:00,15,24004619,A,2,,Parked Vehicle,"Injury of any type (Serious, Minor, Possible)",C,Possible Injury (C),0,0,4,Local,0.05,103,CHURCH ST,CHURCH ST,,CROWN ST,80,Feet,S,41.3045361,-72.9269824,15,Parked Motor Vehicle,1,Front to rear,1,On Roadway,1,Clear,88,Not Applicable,1,Daylight,1,Dry,0,None,88,Not Applicable,88,Not Applicable,0,None,88,Not Applicable,88,Not Applicable,1,Non-Junction,1,Not at Intersection,1,No,1,No,88,Not Applicable,88,Not Applicable,88,Not Applicable,88,Not Applicable,TRUE,1,Public Road,1,"Trafficway, On Road",CT0009300,New Haven PD,45630,53:47.0,C,Closed,00:10.0,,,,,,,
1129044,1,Complete,1129044,1129044,41.289736,-72.89224,3621245,New Haven,93,93,New Haven,1/29/2024,2024,1,January,29,2,Monday,13:16:00,13,24004145,A,2,,Motor Vehicle In Motion,"Injury of any type (Serious, Minor, Possible)",C,Possible Injury (C),0,0,2,USRoute,50.25,1,1-N,1-N,TOWNSEND AV,,,,,41.289736,-72.89224,14,Motor Vehicle in Operation,1,Front to rear,1,On Roadway,1,Clear,88,Not Applicable,1,Daylight,1,Dry,0,None,88,Not Applicable,88,Not Applicable,0,None,88,Not Applicable,88,Not Applicable,2,Intersection,2,Four-Way Intersection,1,No,1,No,88,Not Applicable,88,Not Applicable,88,Not Applicable,88,Not Applicable,FALSE,1,Public Road,1,"Trafficway, On Road",CT0009300,New Haven PD,430,09:27.0,C,Closed,01:23.0,,,,,,,
1129045,1,Complete,1129045,1129045,41.315429,-72.91000838,3621246,New Haven,93,93,New Haven,1/29/2024,2024,1,January,29,2,Monday,16:20:00,16,24004174,A,3,,Motor Vehicle In Motion,"Injury of any type (Serious, Minor, Possible)",C,Possible Injury (C),0,0,4,Local,0.33,575,STATE ST,STATE ST,,edward st,100,Feet,W,41.315429,-72.91000838,14,Motor Vehicle in Operation,1,Front to rear,1,On Roadway,1,Clear,88,Not Applicable,1,Daylight,1,Dry,0,None,0,None,88,Not Applicable,0,None,88,Not Applicable,88,Not Applicable,1,Non-Junction,1,Not at Intersection,1,No,1,No,88,Not Applicable,88,Not Applicable,88,Not Applicable,88,Not Applicable,FALSE,1,Public Road,1,"Trafficway, On Road",CT0009300,New Haven PD,45395,47:45.0,C,Closed,01:24.0,,,,,,,
1129055,1,Complete,1129055,1129055,41.31104302,-72.90392404,3621256,New Haven,93,93,New Haven,2/2/2024,2024,2,February,2,6,Friday,5:43:00,5,24004707,A,1,,Tree (standing),"Injury of any type (Serious, Minor, Possible)",C,Possible Injury (C),0,1,4,Local,0.08,397,MARKET ST,MARKET ST,,JAMES ST,75,Feet,W,41.31104302,-72.90392404,25,Curb,88,Not Applicable,1,On Roadway,1,Clear,88,Not Applicable,4,Dark-Lighted,1,Dry,0,None,88,Not Applicable,88,Not Applicable,0,None,88,Not Applicable,88,Not Applicable,1,Non-Junction,1,Not at Intersection,1,No,1,No,88,Not Applicable,88,Not Applicable,88,Not Applicable,88,Not Applicable,FALSE,1,Public Road,1,"Trafficway, On Road",CT0009300,New Haven PD,86,17:06.0,C,Closed,01:52.0,,2,1336,7,LOCAL - NEW HPMS,2,Urban
1129060,1,Complete,1129060,1129060,41.31023,-72.9475,3621261,New Haven,93,93,New Haven,2/2/2024,2024,2,February,2,6,Friday,12:30:00,12,24004763,A,2,,Motor Vehicle In Motion,"Injury of any type (Serious, Minor, Possible)",C,Possible Injury (C),0,0,4,Local,0.13,248,GEORGE ST,GEORGE ST,WINTHROP AV NO 2,,,,,41.31023,-72.9475,14,Motor Vehicle in Operation,3,Angle,1,On Roadway,4,Rain,88,Not Applicable,1,Daylight,2,Wet,0,None,88,Not Applicable,88,Not Applicable,0,None,88,Not Applicable,88,Not Applicable,2,Intersection,2,Four-Way Intersection,1,No,1,No,88,Not Applicable,88,Not Applicable,88,Not Applicable,88,Not Applicable,FALSE,1,Public Road,1,"Trafficway, On Road",CT0009300,New Haven PD,476,46:23.0,C,Closed,01:32.0,,,,,,,
1129064,1,Complete,1129064,1129064,41.30650995,-72.95278911,3621265,New Haven,93,93,New Haven,2/2/2024,2024,2,February,2,6,Friday,16:10:00,16,24004800,A,2,,Motor Vehicle In Motion,"Injury of any type (Serious, Minor, Possible)",C,Possible Injury (C),0,0,3,State,2.13,10,10-N,10-N,REV DR MLK JR BLVD,,,,,41.30650995,-72.95278911,14,Motor Vehicle in Operation,3,Angle,1,On Roadway,1,Clear,88,Not Applicable,1,Daylight,1,Dry,0,None,0,None,88,Not Applicable,0,None,88,Not Applicable,88,Not Applicable,2,Intersection,3,T-Intersection,1,No,1,No,88,Not Applicable,88,Not Applicable,88,Not Applicable,88,Not Applicable,FALSE,1,Public Road,1,"Trafficway, On Road",CT0009300,New Haven PD,42046,18:34.0,C,Closed,01:24.0,,,,,,,
1129065,1,Complete,1129065,1129065,41.31009497,-72.92277749,3621266,New Haven,93,93,New Haven,2/1/2024,2024,2,February,1,5,Thursday,15:00:00,15,24004808,A,2,,Motor Vehicle In Motion,"Injury of any type (Serious, Minor, Possible)",C,Possible Injury (C),0,0,4,Local,0.5,103,CHURCH ST,CHURCH ST,,GROVE st,117,Feet,S,41.31009497,-72.92277749,14,Motor Vehicle in Operation,4,"Sideswipe, same direction",1,On Roadway,1,Clear,88,Not Applicable,1,Daylight,1,Dry,0,None,88,Not Applicable,88,Not Applicable,0,None,88,Not Applicable,88,Not Applicable,1,Non-Junction,1,Not at Intersection,1,No,1,No,88,Not Applicable,88,Not Applicable,88,Not Applicable,88,Not Applicable,TRUE,1,Public Road,1,"Trafficway, On Road",CT0009300,New Haven PD,45630,12:22.0,O,Open,01:30.0,,,,,,,
1129066,1,Complete,1129066,1129066,41.30844459,-72.88679557,3621267,New Haven,93,93,New Haven,2/2/2024,2024,2,February,2,6,Friday,17:07:00,17,24004819,A,2,,Motor Vehicle In Motion,"Injury of any type (Serious, Minor, Possible)",C,Possible Injury (C),0,0,4,Local,0.03,264,GRAND AV,GRAND AV,,QUINNIPIAC AVE,150,Feet,W,41.30844459,-72.88679557,14,Motor Vehicle in Operation,1,Front to rear,1,On Roadway,1,Clear,88,Not Applicable,4,Dark-Lighted,1,Dry,0,None,88,Not Applicable,88,Not Applicable,0,None,88,Not Applicable,88,Not Applicable,3,Intersection-Related,2,Four-Way Intersection,1,No,1,No,88,Not Applicable,88,Not Applicable,88,Not Applicable,88,Not Applicable,TRUE,1,Public Road,1,"Trafficway, On Road",CT0009300,New Haven PD,409,41:32.0,C,Closed,01:31.0,,,,,,,
1129074,1,Complete,1129074,1129074,41.331651,-72.969145,3621275,New Haven,93,93,New Haven,2/3/2024,2024,2,February,3,7,Saturday,8:16:00,8,24004905,A,2,,Parked Vehicle,"Injury of any type (Serious, Minor, Possible)",C,Possible Injury (C),0,0,4,Local,0.63,612,VALLEY ST NO 1,VALLEY ST NO 1,,PARKSIDE DR,100,Feet,E,41.331651,-72.969145,14,Motor Vehicle in Operation,2,Front to front,1,On Roadway,1,Clear,88,Not Applicable,1,Daylight,1,Dry,3,Glare,88,Not Applicable,88,Not Applicable,0,None,88,Not Applicable,88,Not Applicable,1,Non-Junction,1,Not at Intersection,1,No,1,No,88,Not Applicable,88,Not Applicable,88,Not Applicable,88,Not Applicable,FALSE,1,Public Road,1,"Trafficway, On Road",CT0009300,New Haven PD,324,53:54.0,C,Closed,01:40.0,,,,,,,
1129088,1,Complete,1129088,1129088,41.290965,-72.936958,3621289,New Haven,93,93,New Haven,2/4/2024,2024,2,February,4,1,Sunday,5:18:00,5,24005034,A,3,,Parked Vehicle,"Injury of any type (Serious, Minor, Possible)",C,Possible Injury (C),0,1,4,Local,0.27,320,HURLBURT ST,HURLBURT ST,,LAMBERTON ST,92,Feet,N,41.290965,-72.936958,14,Motor Vehicle in Operation,97,Other,1,On Roadway,1,Clear,88,Not Applicable,4,Dark-Lighted,1,Dry,0,None,88,Not Applicable,88,Not Applicable,0,None,88,Not Applicable,88,Not Applicable,1,Non-Junction,1,Not at Intersection,1,No,1,No,88,Not Applicable,88,Not Applicable,88,Not Applicable,88,Not Applicable,FALSE,1,Public Road,1,"Trafficway, On Road",CT0009300,New Haven PD,44947,26:10.0,C,Closed,01:45.0,,,,,,,
1129092,1,Complete,1129092,1129092,41.31294102,-72.89648934,3621293,New Haven,93,93,New Haven,2/4/2024,2024,2,February,4,1,Sunday,18:12:00,18,24005102,A,1,,Pedestrian,"Injury of any type (Serious, Minor, Possible)",B,Suspected Minor Injury (B),1,0,4,Local,0.47,213,FERRY ST,FERRY ST,,GRAFTON ST,35,Feet,S,41.31294102,-72.89648934,9,Pedestrian,88,Not Applicable,1,On Roadway,1,Clear,88,Not Applicable,4,Dark-Lighted,1,Dry,0,None,88,Not Applicable,88,Not Applicable,0,None,88,Not Applicable,88,Not Applicable,1,Non-Junction,1,Not at Intersection,1,No,1,No,88,Not Applicable,88,Not Applicable,88,Not Applicable,88,Not Applicable,TRUE,1,Public Road,1,"Trafficway, On Road",CT0009300,New Haven PD,476,35:12.0,C,Closed,01:51.0,,4,13500,4,MINOR ARTERIAL - NEW HPMS,2,Urban
1129932,1,Complete,1129932,1129932,41.31819391,-72.92596938,3622133,New Haven,93,93,New Haven,12/7/2023,2023,12,December,7,5,Thursday,9:07:00,9,23049032,A,1,,Motor Vehicle In Motion,"Injury of any type (Serious, Minor, Possible)",C,Possible Injury (C),1,0,4,Local,0.14,749,MANSFIELD ST,MANSFIELD ST,COMPTON ST,,,,,41.31819391,-72.92596938,10,Pedalcycle/Pedalcyclist,3,Angle,1,On Roadway,1,Clear,88,Not Applicable,1,Daylight,1,Dry,0,None,88,Not Applicable,88,Not Applicable,0,None,88,Not Applicable,88,Not Applicable,2,Intersection,3,T-Intersection,1,No,1,No,88,Not Applicable,88,Not Applicable,88,Not Applicable,88,Not Applicable,FALSE,1,Public Road,1,"Trafficway, On Road",CT0009300,New Haven PD,40789,12:04.0,C,Closed,00:32.0,,,,,,,
1129934,1,Complete,1129934,1129934,41.311095,-72.895973,3622135,New Haven,93,93,New Haven,1/26/2024,2024,1,January,26,6,Friday,8:34:00,8,24003638,A,1,,Pedalcycle/Pedalcyclist,"Injury of any type (Serious, Minor, Possible)",C,Possible Injury (C),1,0,4,Local,0.61,213,FERRY ST,FERRY ST,,CLAY ST,60,Feet,S,41.311095,-72.895973,14,Motor Vehicle in Operation,3,Angle,1,On Roadway,4,Rain,88,Not Applicable,1,Daylight,2,Wet,0,None,88,Not Applicable,88,Not Applicable,0,None,88,Not Applicable,88,Not Applicable,1,Non-Junction,1,Not at Intersection,1,No,1,No,88,Not Applicable,88,Not Applicable,88,Not Applicable,88,Not Applicable,FALSE,1,Public Road,1,"Trafficway, On Road",CT0009300,New Haven PD,40789,52:32.0,C,Closed,00:30.0,,,,,,,
1129942,1,Complete,1129942,1129942,41.31398,-72.90457,3622143,New Haven,93,93,New Haven,2/5/2024,2024,2,February,5,2,Monday,14:15:00,14,24005219,A,1,,Pedestrian,"Injury of any type (Serious, Minor, Possible)",C,Possible Injury (C),1,1,4,Local,0.89,316,HUMPHREY ST,HUMPHREY ST,,JAMES ST,164,Feet,W,41.31398,-72.90457,9,Pedestrian,88,Not Applicable,8,"Off Roadway,  Location Unknown",1,Clear,88,Not Applicable,1,Daylight,1,Dry,0,None,88,Not Applicable,88,Not Applicable,0,None,88,Not Applicable,88,Not Applicable,8,Driveway Access,1,Not at Intersection,1,No,1,No,88,Not Applicable,88,Not Applicable,88,Not Applicable,88,Not Applicable,FALSE,1,Public Road,1,"Trafficway, On Road",CT0009300,New Haven PD,40793,59:45.0,C,Closed,00:31.0,,4,5800,5,MAJOR COLLECTOR - NEW HPMS,2,Urban
1130242,1,Complete,1130242,1130242,41.320296,-72.868734,3622443,New Haven,93,93,New Haven,2/6/2024,2024,2,February,6,3,Tuesday,8:54:00,8,24005291,A,2,,Motor Vehicle In Motion,"Injury of any type (Serious, Minor, Possible)",C,Possible Injury (C),0,0,3,State,0.73,80,80-E,80-E,OLD FOXON RD,,,,,41.320296,-72.868734,14,Motor Vehicle in Operation,1,Front to rear,1,On Roadway,1,Clear,88,Not Applicable,1,Daylight,1,Dry,0,None,88,Not Applicable,88,Not Applicable,0,None,88,Not Applicable,88,Not Applicable,2,Intersection,3,T-Intersection,1,No,1,No,88,Not Applicable,88,Not Applicable,88,Not Applicable,88,Not Applicable,FALSE,1,Public Road,1,"Trafficway, On Road",CT0009300,New Haven PD,45700,37:34.0,C,Closed,01:56.0,,,,,,,
1130244,1,Complete,1130244,1130244,41.30065,-72.92951,3622445,New Haven,93,93,New Haven,2/6/2024,2024,2,February,6,3,Tuesday,9:31:00,9,24005303,A,2,,Motor Vehicle In Motion,"Injury of any type (Serious, Minor, Possible)",C,Possible Injury (C),0,0,4,Local,0.13,104,CHURCH ST SOUTH NO 1,CHURCH ST SOUTH NO 1,AMISTAD ST,,,,,41.30065,-72.92951,14,Motor Vehicle in Operation,3,Angle,1,On Roadway,1,Clear,88,Not Applicable,1,Daylight,1,Dry,0,None,88,Not Applicable,88,Not Applicable,0,None,88,Not Applicable,88,Not Applicable,2,Intersection,2,Four-Way Intersection,1,No,1,No,88,Not Applicable,88,Not Applicable,88,Not Applicable,88,Not Applicable,FALSE,1,Public Road,1,"Trafficway, On Road",CT0009300,New Haven PD,45394,16:46.0,C,Closed,01:57.0,,,,,,,
1130247,1,Complete,1130247,1130247,41.30840902,-72.895539,3622448,New Haven,93,93,New Haven,2/6/2024,2024,2,February,6,3,Tuesday,19:31:00,19,24005416,A,2,,Motor Vehicle In Motion,"Injury of any type (Serious, Minor, Possible)",C,Possible Injury (C),0,0,,,,,,308 FERRY ST,,FERRY ST,30,Feet,W,41.30840902,-72.895539,14,Motor Vehicle in Operation,1,Front to rear,97,Other,1,Clear,88,Not Applicable,4,Dark-Lighted,1,Dry,0,None,88,Not Applicable,88,Not Applicable,0,None,88,Not Applicable,88,Not Applicable,97,Other,1,Not at Intersection,1,No,1,No,88,Not Applicable,88,Not Applicable,88,Not Applicable,88,Not Applicable,FALSE,88,Not Applicable,4,Parking Lot,CT0009300,New Haven PD,42057,55:52.0,C,Closed,02:00.0,,,,,,,
1130473,1,Complete,1130473,1130473,41.30934513,-72.89149915,3622673,New Haven,93,93,New Haven,2/6/2024,2024,2,February,6,3,Tuesday,15:22:00,15,24005265,A,2,,Motor Vehicle In Motion,"Injury of any type (Serious, Minor, Possible)",C,Possible Injury (C),0,0,4,Local,0.3,264,GRAND AV,GRAND AV,EAST PEARL ST,,,,,41.30934513,-72.89149915,14,Motor Vehicle in Operation,1,Front to rear,1,On Roadway,1,Clear,88,Not Applicable,4,Dark-Lighted,1,Dry,0,None,88,Not Applicable,88,Not Applicable,0,None,88,Not Applicable,88,Not Applicable,2,Intersection,3,T-Intersection,1,No,1,No,88,Not Applicable,88,Not Applicable,88,Not Applicable,88,Not Applicable,FALSE,1,Public Road,1,"Trafficway, On Road",CT0009300,New Haven PD,42057,17:14.0,C,Closed,00:36.0,,,,,,,
1130474,1,Complete,1130474,1130474,41.30682825,-72.94516364,3622674,New Haven,93,93,New Haven,2/6/2024,2024,2,February,6,3,Tuesday,13:30:00,13,24005358,A,2,,Motor Vehicle In Motion,"Injury of any type (Serious, Minor, Possible)",C,Possible Injury (C),0,0,4,Local,1.16,809,REV DR MLK JR BLVD,REV DR MLK JR BLVD,,AUBURN ST,100,Feet,E,41.30682825,-72.94516364,14,Motor Vehicle in Operation,1,Front to rear,1,On Roadway,1,Clear,88,Not Applicable,1,Daylight,1,Dry,0,None,88,Not Applicable,88,Not Applicable,0,None,88,Not Applicable,88,Not Applicable,1,Non-Junction,1,Not at Intersection,1,No,1,No,88,Not Applicable,88,Not Applicable,88,Not Applicable,88,Not Applicable,FALSE,1,Public Road,1,"Trafficway, On Road",CT0009300,New Haven PD,251,13:52.0,C,Closed,00:41.0,,,,,,,
1130478,1,Complete,1130478,1130478,41.32359538,-72.91591795,3622678,New Haven,93,93,New Haven,2/6/2024,2024,2,February,6,3,Tuesday,23:32:00,23,24005439,A,3,,Parked Vehicle,"Injury of any type (Serious, Minor, Possible)",C,Possible Injury (C),0,0,4,Local,0.87,666,WILLOW ST,WILLOW ST,,LIVINGSTON ST,500,Feet,W,41.32359538,-72.91591795,14,Motor Vehicle in Operation,2,Front to front,1,On Roadway,1,Clear,88,Not Applicable,4,Dark-Lighted,1,Dry,0,None,88,Not Applicable,88,Not Applicable,0,None,88,Not Applicable,88,Not Applicable,1,Non-Junction,1,Not at Intersection,1,No,1,No,88,Not Applicable,88,Not Applicable,88,Not Applicable,88,Not Applicable,FALSE,1,Public Road,1,"Trafficway, On Road",CT0009300,New Haven PD,432,59:37.0,C,Closed,00:38.0,,,,,,,
1130804,1,Complete,1130804,1130804,41.30523302,-72.902681,3623004,New Haven,93,93,New Haven,2/8/2024,2024,2,February,8,5,Thursday,9:20:00,9,24005648,A,2,,Parked Vehicle,"Injury of any type (Serious, Minor, Possible)",C,Possible Injury (C),0,1,4,Local,0.78,327,JAMES ST,JAMES ST,,WOLCOTT ST,215,Feet,S,41.30523302,-72.902681,15,Parked Motor Vehicle,4,"Sideswipe, same direction",1,On Roadway,1,Clear,88,Not Applicable,1,Daylight,1,Dry,0,None,88,Not Applicable,88,Not Applicable,0,None,88,Not Applicable,88,Not Applicable,11,Through Roadway,1,Not at Intersection,1,No,1,No,88,Not Applicable,88,Not Applicable,88,Not Applicable,88,Not Applicable,FALSE,1,Public Road,1,"Trafficway, On Road",CT0009300,New Haven PD,40793,19:43.0,C,Closed,00:07.0,,,,,,,
1130806,1,Complete,1130806,1130806,41.3120694,-72.9152592,3623006,New Haven,93,93,New Haven,2/8/2024,2024,2,February,8,5,Thursday,11:25:00,11,24005686,A,2,,Motor Vehicle In Motion,"Injury of any type (Serious, Minor, Possible)",C,Possible Injury (C),0,0,4,Local,0.69,575,STATE ST,STATE ST,ELD ST,,,,,41.3120694,-72.9152592,14,Motor Vehicle in Operation,1,Front to rear,1,On Roadway,1,Clear,88,Not Applicable,1,Daylight,1,Dry,0,None,88,Not Applicable,88,Not Applicable,0,None,88,Not Applicable,88,Not Applicable,2,Intersection,3,T-Intersection,1,No,1,No,88,Not Applicable,88,Not Applicable,88,Not Applicable,88,Not Applicable,FALSE,1,Public Road,1,"Trafficway, On Road",CT0009300,New Haven PD,165,18:10.0,C,Closed,00:07.0,,,,,,,
1130808,1,Complete,1130808,1130808,41.33281,-72.94911,3623008,New Haven,93,93,New Haven,2/8/2024,2024,2,February,8,5,Thursday,14:24:00,14,24005723,A,3,,Motor Vehicle In Motion,"Injury of any type (Serious, Minor, Possible)",A,Suspected Serious Injury (A),0,0,3,State,4.13,10,10-S,10-S,WINTERGREEN AV,,,,,41.33281,-72.94911,14,Motor Vehicle in Operation,3,Angle,1,On Roadway,1,Clear,88,Not Applicable,1,Daylight,1,Dry,0,None,88,Not Applicable,88,Not Applicable,0,None,88,Not Applicable,88,Not Applicable,2,Intersection,3,T-Intersection,1,No,1,No,88,Not Applicable,88,Not Applicable,88,Not Applicable,88,Not Applicable,FALSE,1,Public Road,1,"Trafficway, On Road",CT0009300,New Haven PD,42045,07:40.0,C,Closed,00:10.0,,,,,,,
1131180,1,Complete,1131180,1131180,41.311014,-72.930696,3623380,New Haven,93,93,New Haven,8/12/2023,2023,8,August,12,7,Saturday,14:13:00,14,23032823,A,2,,Motor Vehicle In Motion,"Injury of any type (Serious, Minor, Possible)",B,Suspected Minor Injury (B),0,0,4,Local,0.01,68,BROADWAY,BROADWAY,ELM,,,,,41.311014,-72.930696,14,Motor Vehicle in Operation,1,Front to rear,1,On Roadway,1,Clear,88,Not Applicable,1,Daylight,1,Dry,0,None,88,Not Applicable,88,Not Applicable,0,None,88,Not Applicable,88,Not Applicable,2,Intersection,4,Y-Intersection,1,No,1,No,88,Not Applicable,88,Not Applicable,88,Not Applicable,88,Not Applicable,FALSE,1,Public Road,1,"Trafficway, On Road",CT0009300,New Haven PD,45132,19:17.0,C,Closed,01:12.0,,4,40700,2,PRIN ART-OTHER FREEWAYS & EXPRESSWAYS - NEW HPMS,2,Urban
1131185,1,Complete,1131185,1131185,41.31922026,-72.89833553,3623385,New Haven,93,93,New Haven,2/5/2024,2024,2,February,5,2,Monday,5:59:00,5,24005147,A,2,,Motor Vehicle In Motion,"Injury of any type (Serious, Minor, Possible)",C,Possible Injury (C),0,0,4,Local,0.02,213,FERRY ST,FERRY ST,,STATE ST,100,Feet,E,41.31922026,-72.89833553,14,Motor Vehicle in Operation,1,Front to rear,1,On Roadway,1,Clear,88,Not Applicable,4,Dark-Lighted,1,Dry,0,None,88,Not Applicable,88,Not Applicable,0,None,88,Not Applicable,88,Not Applicable,3,Intersection-Related,3,T-Intersection,1,No,1,No,88,Not Applicable,88,Not Applicable,88,Not Applicable,88,Not Applicable,TRUE,1,Public Road,1,"Trafficway, On Road",CT0009300,New Haven PD,44947,48:51.0,O,Open,01:26.0,,,,,,,
1131196,1,Complete,1131196,1131196,41.28218,-72.938163,3623396,New Haven,93,93,New Haven,2/8/2024,2024,2,February,8,5,Thursday,18:48:00,18,24005754,A,2,,Motor Vehicle In Motion,"Injury of any type (Serious, Minor, Possible)",C,Possible Injury (C),0,0,3,State,0.91,745,745-E,745-E,,ELLA T GRASSO BLVD,100,Feet,S,41.28218,-72.938163,14,Motor Vehicle in Operation,1,Front to rear,1,On Roadway,1,Clear,88,Not Applicable,4,Dark-Lighted,1,Dry,0,None,88,Not Applicable,88,Not Applicable,0,None,88,Not Applicable,88,Not Applicable,1,Non-Junction,1,Not at Intersection,1,No,1,No,88,Not Applicable,88,Not Applicable,88,Not Applicable,88,Not Applicable,FALSE,1,Public Road,1,"Trafficway, On Road",CT0009300,New Haven PD,40810,16:41.0,C,Closed,01:20.0,,,,,,,
1131203,1,Complete,1131203,1131203,41.334744,-72.976738,3623403,New Haven,93,93,New Haven,2/9/2024,2024,2,February,9,6,Friday,15:16:00,15,24005861,A,2,,Motor Vehicle In Motion,"Injury of any type (Serious, Minor, Possible)",C,Possible Injury (C),0,0,3,State,0,69,69-N,69-N,63-N,,,,,41.334744,-72.976738,14,Motor Vehicle in Operation,3,Angle,1,On Roadway,1,Clear,88,Not Applicable,1,Daylight,1,Dry,0,None,88,Not Applicable,88,Not Applicable,0,None,88,Not Applicable,88,Not Applicable,2,Intersection,8,"Five-Point, or More",1,No,1,No,88,Not Applicable,88,Not Applicable,88,Not Applicable,88,Not Applicable,TRUE,1,Public Road,1,"Trafficway, On Road",CT0009300,New Haven PD,42045,47:06.0,C,Closed,01:16.0,,,,,,,
1131219,1,Complete,1131219,1131219,41.324363,-72.969028,3623419,New Haven,93,93,New Haven,2/11/2024,2024,2,February,11,1,Sunday,0:34:00,0,24006069,A,1,,Utility Pole,"Injury of any type (Serious, Minor, Possible)",A,Suspected Serious Injury (A),0,0,3,State,3.17,122,122-N,122-N,,W ELM ST,10,Feet,S,41.324363,-72.969028,25,Curb,88,Not Applicable,4,Roadside,2,Cloudy,88,Not Applicable,4,Dark-Lighted,2,Wet,0,None,88,Not Applicable,88,Not Applicable,0,None,88,Not Applicable,88,Not Applicable,3,Intersection-Related,3,T-Intersection,1,No,1,No,88,Not Applicable,88,Not Applicable,88,Not Applicable,88,Not Applicable,FALSE,1,Public Road,1,"Trafficway, On Road",CT0009300,New Haven PD,42053,19:36.0,C,Closed,01:33.0,,2,11500,4,MINOR ARTERIAL - NEW HPMS,2,Urban