CrashId,Fatal Case Status,Fatal Case Status Text Format,CrashId,CrashId,Latitude,Longitude,DOT Case Number,Town Name,Town Number,Town Number,Town Number Text Format,Date Of Crash,Year,Month,Month Text Format,Day,Day of the Week,Day of the Week Text Format,Time of Crash,Hour of the Day,Case Identifier,Crash Severity,Number Of Motor Vehicles,Motor vehicle action,Most harmful event,Crash Severity Text Format,Most Severe Injury,Most Severe Injury Text Format,Number Of Non-Motorist,Number Of Witnesses,Route Class,Route Class Text Format,Milemarker,Road Number,Road Description,Roadway Name,Intersecting Roadway Name,Landmark Description,Distance From Nearest Landmark,Unit Of Measure From Nearest Landmark,Direction From Nearest Landmark,Latitude,Longitude,First Harmful Event,First Harmful Event Text Format,Manner of Crash / Collision Impact,Manner of Crash / Collision Impact Text Format,Location of First Harmful Event,Location of First Harmful Event Text Format,Weather Condition,Weather Condition Text Format,Weather 2,Weather 2 Text Format,Light Condition,Light Condition Text Format,Road Surface Condition,Road Surface Condition Text Format,"Contributing Circumstances, Environment","Contributing Circumstances, Environment Text Format",Environment 2,Environment 2 Text Format,Environment 3,Environment 3 Text Format,"Contributing Circumstances, Road","Contributing Circumstances, Road Text Format",Road 2,Road 2 Text Format,Road 3,Road 3 Text Format,Crash Specific Location,Crash Specific Location Text Format,Type of Intersection,Type of Intersection Text Format,School Bus Related,School Bus Related Text Format,Work Zone Related,Work Zone Related Text Format,Location Of Crash Relative To Work Zone,Location Of Crash Relative To Work Zone Text Format,Type of Work Zone,Type of Work Zone Text Format,Worker Presence,Worker Presence Text Format,Law Enforcement Presence,Law Enforcement Presence Text Format,Were Vehicles Moved Prior To Police Arrival,Trafficway Ownership,Trafficway Ownership Text Format,Trafficway Class,Trafficway Class Text Format,Police Agency,Police Agency Text Format,Badge Number,Approval Date,Police Case Status,Police Case Status Text Format,Crash Report Submission Date,Related Case Identifiers,No. of Through Lanes (Log Dir.),Average Daily Traffic,Functional Classification,Functional Classification Text Format,Rural or Urban,Rural or Urban Text Format
1131222,1,Complete,1131222,1131222,41.32744102,-72.95340568,3623422,New Haven,93,93,New Haven,2/11/2024,2024,2,February,11,1,Sunday,4:07:00,4,24006078,A,2,,Motor Vehicle In Motion,"Injury of any type (Serious, Minor, Possible)",C,Possible Injury (C),0,0,3,State,3.68,10,10-N,10-N,BLAKE ST,,,,,41.32744102,-72.95340568,14,Motor Vehicle in Operation,3,Angle,1,On Roadway,2,Cloudy,88,Not Applicable,4,Dark-Lighted,2,Wet,0,None,88,Not Applicable,88,Not Applicable,0,None,88,Not Applicable,88,Not Applicable,2,Intersection,2,Four-Way Intersection,1,No,1,No,88,Not Applicable,88,Not Applicable,88,Not Applicable,88,Not Applicable,FALSE,1,Public Road,1,"Trafficway, On Road",CT0009300,New Haven PD,42053,28:07.0,C,Closed,01:35.0,,,,,,,
1131226,1,Complete,1131226,1131226,41.30403304,-72.93487668,3623426,New Haven,93,93,New Haven,2/11/2024,2024,2,February,11,1,Sunday,18:50:00,18,24006140,A,1,,Pedestrian,"Injury of any type (Serious, Minor, Possible)",C,Possible Injury (C),1,0,4,Local,0.09,766,YORK ST,YORK ST,CEDAR ST NO 3,,,,,41.30403304,-72.93487668,9,Pedestrian,88,Not Applicable,1,On Roadway,1,Clear,88,Not Applicable,5,Dark-Not Lighted,1,Dry,0,None,88,Not Applicable,88,Not Applicable,0,None,88,Not Applicable,88,Not Applicable,2,Intersection,3,T-Intersection,1,No,1,No,88,Not Applicable,88,Not Applicable,88,Not Applicable,88,Not Applicable,FALSE,1,Public Road,1,"Trafficway, On Road",CT0009300,New Haven PD,44062,55:41.0,C,Closed,01:38.0,,1,5600,4,MINOR ARTERIAL - NEW HPMS,2,Urban
1131227,1,Complete,1131227,1131227,41.289954,-72.892345,3623427,New Haven,93,93,New Haven,2/11/2024,2024,2,February,11,1,Sunday,19:15:00,19,24006141,A,2,,Motor Vehicle In Motion,"Injury of any type (Serious, Minor, Possible)",C,Possible Injury (C),0,0,4,Local,0.23,597,TOWNSEND AV,TOWNSEND AV,,FORBES AVE,35,Feet,N,41.289954,-72.892345,14,Motor Vehicle in Operation,1,Front to rear,1,On Roadway,1,Clear,88,Not Applicable,4,Dark-Lighted,1,Dry,0,None,88,Not Applicable,88,Not Applicable,0,None,88,Not Applicable,88,Not Applicable,3,Intersection-Related,2,Four-Way Intersection,1,No,1,No,88,Not Applicable,88,Not Applicable,88,Not Applicable,88,Not Applicable,FALSE,1,Public Road,1,"Trafficway, On Road",CT0009300,New Haven PD,45629,51:18.0,C,Closed,01:36.0,,,,,,,
1131740,1,Complete,1131740,1131740,41.30883,-72.91616,3623940,New Haven,93,93,New Haven,11/2/2022,2022,11,November,2,4,Wednesday,9:29:00,9,22036914,A,2,,Motor Vehicle In Motion,"Injury of any type (Serious, Minor, Possible)",C,Possible Injury (C),0,1,4,Local,0,328,JEFFERSON ST,JEFFERSON ST,LYON ST NO 2,,,,,41.30883,-72.91616,14,Motor Vehicle in Operation,3,Angle,1,On Roadway,1,Clear,88,Not Applicable,1,Daylight,1,Dry,0,None,88,Not Applicable,88,Not Applicable,0,None,88,Not Applicable,88,Not Applicable,2,Intersection,3,T-Intersection,1,No,1,No,88,Not Applicable,88,Not Applicable,88,Not Applicable,88,Not Applicable,FALSE,1,Public Road,1,"Trafficway, On Road",CT0009300,New Haven PD,40793,59:03.0,C,Closed,00:00.0,,2,,7,LOCAL - NEW HPMS,2,Urban
1131742,1,Complete,1131742,1131742,41.32911,-72.914487,3623942,New Haven,93,93,New Haven,2/8/2024,2024,2,February,8,5,Thursday,14:52:00,14,24005706,A,3,,Motor Vehicle In Motion,"Injury of any type (Serious, Minor, Possible)",C,Possible Injury (C),0,0,4,Local,1.37,656,WHITNEY AV,WHITNEY AV,,Huntington St,110,Feet,S,41.32911,-72.914487,14,Motor Vehicle in Operation,3,Angle,1,On Roadway,1,Clear,88,Not Applicable,1,Daylight,1,Dry,0,None,88,Not Applicable,88,Not Applicable,0,None,88,Not Applicable,88,Not Applicable,1,Non-Junction,1,Not at Intersection,1,No,1,No,88,Not Applicable,88,Not Applicable,88,Not Applicable,88,Not Applicable,FALSE,1,Public Road,1,"Trafficway, On Road",CT0009300,New Haven PD,40799,36:51.0,C,Closed,00:06.0,,,,,,,
1131744,1,Complete,1131744,1131744,41.293062,-72.896871,3623944,New Haven,93,93,New Haven,2/11/2024,2024,2,February,11,1,Sunday,11:32:00,11,24006105,A,2,,Motor Vehicle In Motion,"Injury of any type (Serious, Minor, Possible)",C,Possible Injury (C),0,0,2,USRoute,49.88,1,1-N,1-N,,Edgemere Rd,60,Feet,N,41.293062,-72.896871,14,Motor Vehicle in Operation,1,Front to rear,1,On Roadway,1,Clear,88,Not Applicable,1,Daylight,1,Dry,0,None,88,Not Applicable,88,Not Applicable,0,None,88,Not Applicable,88,Not Applicable,9,Driveway Access-Related,1,Not at Intersection,1,No,1,No,88,Not Applicable,88,Not Applicable,88,Not Applicable,88,Not Applicable,FALSE,1,Public Road,1,"Trafficway, On Road",CT0009300,New Haven PD,156,58:35.0,C,Closed,00:06.0,,,,,,,
1131749,1,Complete,1131749,1131749,41.314339,-72.935959,3623949,New Haven,93,93,New Haven,2/12/2024,2024,2,February,12,2,Monday,8:53:00,8,24006187,A,2,,Motor Vehicle In Motion,"Injury of any type (Serious, Minor, Possible)",C,Possible Injury (C),0,0,4,Local,0.75,653,WHALLEY AV,WHALLEY AV,,Sperry St,30,Feet,W,41.314339,-72.935959,14,Motor Vehicle in Operation,3,Angle,1,On Roadway,1,Clear,88,Not Applicable,1,Daylight,1,Dry,0,None,88,Not Applicable,88,Not Applicable,0,None,88,Not Applicable,88,Not Applicable,3,Intersection-Related,3,T-Intersection,1,No,1,No,88,Not Applicable,88,Not Applicable,88,Not Applicable,88,Not Applicable,FALSE,1,Public Road,1,"Trafficway, On Road",CT0009300,New Haven PD,238,48:05.0,C,Closed,00:05.0,,,,,,,
1131758,1,Complete,1131758,1131758,41.30620902,-72.8989727,3623958,New Haven,93,93,New Haven,2/12/2024,2024,2,February,12,2,Monday,19:14:00,19,24006272,A,2,,Motor Vehicle In Motion,"Injury of any type (Serious, Minor, Possible)",C,Possible Injury (C),0,0,4,Local,0.27,673,WOLCOTT ST,WOLCOTT ST,BLATCHLEY AV,,,,,41.30620902,-72.8989727,14,Motor Vehicle in Operation,2,Front to front,1,On Roadway,1,Clear,88,Not Applicable,4,Dark-Lighted,1,Dry,0,None,88,Not Applicable,88,Not Applicable,0,None,88,Not Applicable,88,Not Applicable,2,Intersection,2,Four-Way Intersection,1,No,1,No,88,Not Applicable,88,Not Applicable,88,Not Applicable,88,Not Applicable,FALSE,1,Public Road,1,"Trafficway, On Road",CT0009300,New Haven PD,42057,54:23.0,C,Closed,00:12.0,,,,,,,
1132015,1,Complete,1132015,1132015,41.31290369,-72.89809085,3624215,New Haven,93,93,New Haven,8/7/2023,2023,8,August,7,2,Monday,22:00:00,22,23032063,A,3,,Parked Vehicle,"Injury of any type (Serious, Minor, Possible)",B,Suspected Minor Injury (B),0,0,4,Local,0.77,487,POPLAR ST,POPLAR ST,,CHATHAM ST,375,Feet,S,41.31290369,-72.89809085,14,Motor Vehicle in Operation,4,"Sideswipe, same direction",1,On Roadway,1,Clear,88,Not Applicable,6,Dark-Unknown Lighting,1,Dry,0,None,88,Not Applicable,88,Not Applicable,0,None,88,Not Applicable,88,Not Applicable,1,Non-Junction,1,Not at Intersection,1,No,1,No,88,Not Applicable,88,Not Applicable,88,Not Applicable,88,Not Applicable,FALSE,1,Public Road,1,"Trafficway, On Road",CT0009300,New Haven PD,44946,33:30.0,C,Closed,01:31.0,,,,,,,
1132029,1,Complete,1132029,1132029,41.33385903,-72.93526636,3624229,New Haven,93,93,New Haven,2/13/2024,2024,2,February,13,3,Tuesday,21:08:00,21,24006374,A,2,,Parked Vehicle,"Injury of any type (Serious, Minor, Possible)",C,Possible Injury (C),1,0,4,Local,1.48,152,DIXWELL AV,DIXWELL AV,,DORMAN ST,125,Feet,N,41.33385903,-72.93526636,9,Pedestrian,97,Other,1,On Roadway,7,Snow,1,Clear,4,Dark-Lighted,3,Snow,99,Unknown,88,Not Applicable,88,Not Applicable,0,None,88,Not Applicable,88,Not Applicable,1,Non-Junction,1,Not at Intersection,1,No,1,No,88,Not Applicable,88,Not Applicable,88,Not Applicable,88,Not Applicable,FALSE,1,Public Road,1,"Trafficway, On Road",CT0009300,New Haven PD,42042,06:29.0,C,Closed,01:40.0,,,,,,,
1132415,1,Complete,1132415,1132415,41.315689,-72.953634,3624615,New Haven,93,93,New Haven,2/10/2024,2024,2,February,10,7,Saturday,16:50:00,16,24006020,A,2,,Motor Vehicle In Motion,"Injury of any type (Serious, Minor, Possible)",B,Suspected Minor Injury (B),0,0,4,Local,0.92,179,EDGEWOOD AV,EDGEWOOD AV,HOBART ST,,,,,41.315689,-72.953634,14,Motor Vehicle in Operation,1,Front to rear,1,On Roadway,1,Clear,88,Not Applicable,1,Daylight,1,Dry,0,None,88,Not Applicable,88,Not Applicable,0,None,88,Not Applicable,88,Not Applicable,2,Intersection,2,Four-Way Intersection,1,No,1,No,88,Not Applicable,88,Not Applicable,88,Not Applicable,88,Not Applicable,FALSE,1,Public Road,1,"Trafficway, On Road",CT0009300,New Haven PD,42046,08:42.0,C,Closed,00:50.0,,,,,,,
1132420,1,Complete,1132420,1132420,41.3260845,-72.89726576,3624620,New Haven,93,93,New Haven,2/14/2024,2024,2,February,14,4,Wednesday,7:27:00,7,24006390,A,2,,Motor Vehicle In Motion,"Injury of any type (Serious, Minor, Possible)",C,Possible Injury (C),0,1,2,USRoute,0.87,5,5-N,5-N,,ALBERT ST,110,Feet,S,41.3260845,-72.89726576,14,Motor Vehicle in Operation,1,Front to rear,1,On Roadway,1,Clear,88,Not Applicable,1,Daylight,2,Wet,0,None,88,Not Applicable,88,Not Applicable,0,None,88,Not Applicable,88,Not Applicable,3,Intersection-Related,3,T-Intersection,1,No,1,No,88,Not Applicable,88,Not Applicable,88,Not Applicable,88,Not Applicable,FALSE,1,Public Road,1,"Trafficway, On Road",CT0009300,New Haven PD,476,36:42.0,C,Closed,00:44.0,,,,,,,
1132426,1,Complete,1132426,1132426,41.3315,-72.92548,3624626,New Haven,93,93,New Haven,2/14/2024,2024,2,February,14,4,Wednesday,16:22:00,16,24006477,A,2,,Motor Vehicle In Motion,"Injury of any type (Serious, Minor, Possible)",C,Possible Injury (C),0,0,4,Local,1.11,669,WINCHESTER AV,WINCHESTER AV,HUNTINGTON ST,,,,,41.3315,-72.92548,14,Motor Vehicle in Operation,3,Angle,1,On Roadway,1,Clear,88,Not Applicable,1,Daylight,1,Dry,0,None,88,Not Applicable,88,Not Applicable,0,None,88,Not Applicable,88,Not Applicable,2,Intersection,2,Four-Way Intersection,1,No,1,No,88,Not Applicable,88,Not Applicable,88,Not Applicable,88,Not Applicable,FALSE,1,Public Road,1,"Trafficway, On Road",CT0009300,New Haven PD,45699,05:47.0,C,Closed,00:50.0,,,,,,,
1132428,1,Complete,1132428,1132428,41.30367022,-72.91453487,3624628,New Haven,93,93,New Haven,2/14/2024,2024,2,February,14,4,Wednesday,17:20:00,17,24006504,A,2,,Motor Vehicle In Motion,"Injury of any type (Serious, Minor, Possible)",C,Possible Injury (C),0,0,4,Local,1.15,97,CHAPEL ST,CHAPEL ST,FRANKLIN ST NO 1,,,,,41.30367022,-72.91453487,14,Motor Vehicle in Operation,3,Angle,1,On Roadway,1,Clear,88,Not Applicable,6,Dark-Unknown Lighting,1,Dry,0,None,88,Not Applicable,88,Not Applicable,0,None,88,Not Applicable,88,Not Applicable,2,Intersection,3,T-Intersection,1,No,1,No,88,Not Applicable,88,Not Applicable,88,Not Applicable,88,Not Applicable,TRUE,1,Public Road,1,"Trafficway, On Road",CT0009300,New Haven PD,45983,31:57.0,O,Open,00:52.0,24-006504,,,,,,
1132429,1,Complete,1132429,1132429,41.324252,-72.883802,3624629,New Haven,93,93,New Haven,2/14/2024,2024,2,February,14,4,Wednesday,18:01:00,18,24006515,A,2,,Motor Vehicle In Motion,"Injury of any type (Serious, Minor, Possible)",C,Possible Injury (C),0,0,3,State,0.1,17,17-S,17-S,I-91S ON RAMP    91-S-17,,,,,41.324252,-72.883802,14,Motor Vehicle in Operation,4,"Sideswipe, same direction",1,On Roadway,1,Clear,88,Not Applicable,4,Dark-Lighted,1,Dry,0,None,88,Not Applicable,88,Not Applicable,1,Backup Due to Prior Crash,88,Not Applicable,88,Not Applicable,2,Intersection,3,T-Intersection,1,No,1,No,88,Not Applicable,88,Not Applicable,88,Not Applicable,88,Not Applicable,TRUE,1,Public Road,1,"Trafficway, On Road",CT0009300,New Haven PD,416,19:36.0,C,Closed,00:54.0,,,,,,,
1132705,1,Complete,1132705,1132705,41.318485,-72.897733,3624905,New Haven,93,93,New Haven,2/15/2024,2024,2,February,15,5,Thursday,6:23:00,6,24006553,A,1,,Traffic Sign Support,"Injury of any type (Serious, Minor, Possible)",A,Suspected Serious Injury (A),0,0,4,Local,0.08,213,FERRY ST,FERRY ST,,MIDDLETOWN AVENUE,70,Feet,S,41.318485,-72.897733,25,Curb,88,Not Applicable,2,Shoulder,1,Clear,88,Not Applicable,1,Daylight,1,Dry,0,None,88,Not Applicable,88,Not Applicable,0,None,88,Not Applicable,88,Not Applicable,1,Non-Junction,1,Not at Intersection,1,No,1,No,88,Not Applicable,88,Not Applicable,88,Not Applicable,88,Not Applicable,FALSE,1,Public Road,1,"Trafficway, On Road",CT0009300,New Haven PD,44048,51:14.0,C,Closed,00:22.0,,4,13500,4,MINOR ARTERIAL - NEW HPMS,2,Urban
1132707,1,Complete,1132707,1132707,41.30547298,-72.91282223,3624907,New Haven,93,93,New Haven,2/15/2024,2024,2,February,15,5,Thursday,8:18:00,8,24006559,A,1,,Pedalcycle/Pedalcyclist,"Injury of any type (Serious, Minor, Possible)",C,Possible Injury (C),1,0,4,Local,0.12,275,HAMILTON ST NO 2,HAMILTON ST NO 2,91-S-2 (Exit 2),,,,,41.30547298,-72.91282223,10,Pedalcycle/Pedalcyclist,1,Front to rear,1,On Roadway,1,Clear,88,Not Applicable,1,Daylight,1,Dry,0,None,88,Not Applicable,88,Not Applicable,0,None,88,Not Applicable,88,Not Applicable,2,Intersection,2,Four-Way Intersection,1,No,1,No,88,Not Applicable,88,Not Applicable,88,Not Applicable,88,Not Applicable,FALSE,1,Public Road,1,"Trafficway, On Road",CT0009300,New Haven PD,42057,41:59.0,C,Closed,00:25.0,,,,,,,
1132708,1,Complete,1132708,1132708,41.293566,-72.897701,3624908,New Haven,93,93,New Haven,2/15/2024,2024,2,February,15,5,Thursday,8:56:00,8,24006566,A,2,,Motor Vehicle In Motion,"Injury of any type (Serious, Minor, Possible)",B,Suspected Minor Injury (B),0,0,2,USRoute,49.82,1,1-N,1-N,FULTON TER,,,,,41.293566,-72.897701,14,Motor Vehicle in Operation,97,Other,1,On Roadway,1,Clear,88,Not Applicable,1,Daylight,1,Dry,99,Unknown,88,Not Applicable,88,Not Applicable,11,"Traffic Control Device Inoperative, Missing, or Obscured",88,Not Applicable,88,Not Applicable,2,Intersection,2,Four-Way Intersection,1,No,1,No,88,Not Applicable,88,Not Applicable,88,Not Applicable,88,Not Applicable,FALSE,1,Public Road,1,"Trafficway, On Road",CT0009300,New Haven PD,45698,43:53.0,C,Closed,00:23.0,,,,,,,
1132718,1,Complete,1132718,1132718,41.31240045,-72.94073606,3624918,New Haven,93,93,New Haven,2/15/2024,2024,2,February,15,5,Thursday,18:47:00,18,24006708,A,2,,Motor Vehicle In Motion,"Injury of any type (Serious, Minor, Possible)",C,Possible Injury (C),0,0,4,Local,1.63,179,EDGEWOOD AV,EDGEWOOD AV,ORCHARD ST,,,,,41.31240045,-72.94073606,14,Motor Vehicle in Operation,3,Angle,1,On Roadway,1,Clear,88,Not Applicable,4,Dark-Lighted,1,Dry,0,None,88,Not Applicable,88,Not Applicable,0,None,88,Not Applicable,88,Not Applicable,2,Intersection,2,Four-Way Intersection,1,No,1,No,88,Not Applicable,88,Not Applicable,88,Not Applicable,88,Not Applicable,FALSE,1,Public Road,1,"Trafficway, On Road",CT0009300,New Haven PD,276,52:26.0,C,Closed,00:17.0,24006708,,,,,,
1133156,1,Complete,1133156,1133156,41.323803,-72.881291,3625356,New Haven,93,93,New Haven,2/1/2024,2024,2,February,1,5,Thursday,7:46:00,7,24004531,A,3,,Motor Vehicle In Motion,"Injury of any type (Serious, Minor, Possible)",B,Suspected Minor Injury (B),0,0,3,State,0.01,80,80-W,80-W,,MIDDLETOWN AVE,50,Feet,E,41.323803,-72.881291,14,Motor Vehicle in Operation,4,"Sideswipe, same direction",1,On Roadway,1,Clear,88,Not Applicable,1,Daylight,1,Dry,0,None,88,Not Applicable,88,Not Applicable,0,None,88,Not Applicable,88,Not Applicable,3,Intersection-Related,8,"Five-Point, or More",1,No,1,No,88,Not Applicable,88,Not Applicable,88,Not Applicable,88,Not Applicable,FALSE,1,Public Road,1,"Trafficway, On Road",CT0009300,New Haven PD,44338,54:53.0,C,Closed,02:17.0,,,,,,,
1133162,1,Complete,1133162,1133162,41.29868983,-72.92901137,3625362,New Haven,93,93,New Haven,2/12/2024,2024,2,February,12,2,Monday,22:35:00,22,24006156,A,2,,Motor Vehicle In Motion,"Injury of any type (Serious, Minor, Possible)",B,Suspected Minor Injury (B),0,3,2,USRoute,47.67,1,1-N,1-N,1-S,,,,,41.29868983,-72.92901137,14,Motor Vehicle in Operation,3,Angle,1,On Roadway,1,Clear,88,Not Applicable,4,Dark-Lighted,1,Dry,0,None,88,Not Applicable,88,Not Applicable,0,None,88,Not Applicable,88,Not Applicable,2,Intersection,2,Four-Way Intersection,1,No,1,No,88,Not Applicable,88,Not Applicable,88,Not Applicable,88,Not Applicable,FALSE,1,Public Road,1,"Trafficway, On Road",CT0009300,New Haven PD,45395,27:18.0,C,Closed,02:01.0,,,,,,,
1133166,1,Complete,1133166,1133166,41.3155,-72.93921,3625366,New Haven,93,93,New Haven,2/14/2024,2024,2,February,14,4,Wednesday,11:28:00,11,24006426,A,2,,Motor Vehicle In Motion,"Injury of any type (Serious, Minor, Possible)",C,Possible Injury (C),0,0,4,Local,0.56,653,WHALLEY AV,WHALLEY AV,ORCHARD ST,,,,,41.3155,-72.93921,14,Motor Vehicle in Operation,1,Front to rear,1,On Roadway,1,Clear,88,Not Applicable,1,Daylight,2,Wet,0,None,88,Not Applicable,88,Not Applicable,0,None,88,Not Applicable,88,Not Applicable,2,Intersection,2,Four-Way Intersection,1,No,1,No,88,Not Applicable,88,Not Applicable,88,Not Applicable,88,Not Applicable,FALSE,1,Public Road,1,"Trafficway, On Road",CT0009300,New Haven PD,238,33:22.0,C,Closed,01:59.0,,,,,,,
1133180,1,Complete,1133180,1133180,41.32061099,-72.94145596,3625380,New Haven,93,93,New Haven,2/16/2024,2024,2,February,16,6,Friday,10:50:00,10,24006778,A,2,,Motor Vehicle In Motion,"Injury of any type (Serious, Minor, Possible)",C,Possible Injury (C),0,0,4,Local,0,257,GOFFE ST,GOFFE ST,,CRESCENT ST,30,Feet,W,41.32061099,-72.94145596,14,Motor Vehicle in Operation,1,Front to rear,1,On Roadway,1,Clear,88,Not Applicable,1,Daylight,2,Wet,0,None,88,Not Applicable,88,Not Applicable,0,None,88,Not Applicable,88,Not Applicable,3,Intersection-Related,2,Four-Way Intersection,1,No,1,No,88,Not Applicable,88,Not Applicable,88,Not Applicable,88,Not Applicable,FALSE,1,Public Road,1,"Trafficway, On Road",CT0009300,New Haven PD,238,17:27.0,C,Closed,02:00.0,,,,,,,
1133183,1,Complete,1133183,1133183,41.31579814,-72.90965481,3625383,New Haven,93,93,New Haven,2/16/2024,2024,2,February,16,6,Friday,15:28:00,15,24006806,A,1,,Pedestrian,"Injury of any type (Serious, Minor, Possible)",C,Possible Injury (C),1,0,4,Local,0.78,184,EDWARDS ST,EDWARDS ST,,State St,10,Feet,W,41.31579814,-72.90965481,9,Pedestrian,88,Not Applicable,1,On Roadway,1,Clear,88,Not Applicable,1,Daylight,1,Dry,0,None,88,Not Applicable,88,Not Applicable,0,None,88,Not Applicable,88,Not Applicable,3,Intersection-Related,3,T-Intersection,1,No,1,No,88,Not Applicable,88,Not Applicable,88,Not Applicable,88,Not Applicable,TRUE,1,Public Road,1,"Trafficway, On Road",CT0009300,New Haven PD,45699,38:40.0,C,Closed,02:03.0,NONE,2,10200,4,MINOR ARTERIAL - NEW HPMS,2,Urban
1133190,1,Complete,1133190,1133190,41.30897246,-72.89570855,3625390,New Haven,93,93,New Haven,2/16/2024,2024,2,February,16,6,Friday,19:11:00,19,24006867,A,1,,Pedestrian,"Injury of any type (Serious, Minor, Possible)",C,Possible Injury (C),1,0,4,Local,0.51,264,GRAND AV,GRAND AV,,FERRY STREET,50,Feet,W,41.30897246,-72.89570855,9,Pedestrian,88,Not Applicable,1,On Roadway,1,Clear,88,Not Applicable,4,Dark-Lighted,1,Dry,0,None,88,Not Applicable,88,Not Applicable,0,None,88,Not Applicable,88,Not Applicable,1,Non-Junction,1,Not at Intersection,1,No,1,No,88,Not Applicable,88,Not Applicable,88,Not Applicable,88,Not Applicable,FALSE,1,Public Road,1,"Trafficway, On Road",CT0009300,New Haven PD,44052,46:28.0,C,Closed,02:05.0,,2,14400,4,MINOR ARTERIAL - NEW HPMS,2,Urban
1133192,1,Complete,1133192,1133192,41.30967485,-72.93696782,3625392,New Haven,93,93,New Haven,2/17/2024,2024,2,February,17,7,Saturday,2:03:00,2,24006904,A,2,,Motor Vehicle In Motion,"Injury of any type (Serious, Minor, Possible)",C,Possible Injury (C),0,0,4,Local,0.3,160,DWIGHT ST,DWIGHT ST,CHAPEL ST,,,,,41.30967485,-72.93696782,14,Motor Vehicle in Operation,3,Angle,1,On Roadway,7,Snow,88,Not Applicable,4,Dark-Lighted,3,Snow,99,Unknown,88,Not Applicable,88,Not Applicable,0,None,88,Not Applicable,88,Not Applicable,2,Intersection,2,Four-Way Intersection,1,No,1,No,88,Not Applicable,88,Not Applicable,88,Not Applicable,88,Not Applicable,TRUE,1,Public Road,1,"Trafficway, On Road",CT0009300,New Haven PD,44175,54:16.0,C,Closed,02:09.0,,,,,,,
1133193,1,Complete,1133193,1133193,41.33008251,-72.94450546,3625393,New Haven,93,93,New Haven,2/17/2024,2024,2,February,17,7,Saturday,7:18:00,7,24006910,A,2,,Motor Vehicle In Motion,"Injury of any type (Serious, Minor, Possible)",C,Possible Injury (C),0,0,4,Local,0.8,690,ELLA T GRASSO BLVD,ELLA T GRASSO BLVD,,CRESCENT ST,52,Feet,S,41.33008251,-72.94450546,14,Motor Vehicle in Operation,1,Front to rear,1,On Roadway,7,Snow,88,Not Applicable,1,Daylight,5,Ice / Frost,1,Weather Conditions,88,Not Applicable,88,Not Applicable,5,"Road Surface Condition (wet, icy, snow, slush, etc.)",88,Not Applicable,88,Not Applicable,3,Intersection-Related,3,T-Intersection,1,No,1,No,88,Not Applicable,88,Not Applicable,88,Not Applicable,88,Not Applicable,TRUE,1,Public Road,1,"Trafficway, On Road",CT0009300,New Haven PD,359,36:51.0,C,Closed,02:11.0,,,,,,,
1133196,1,Complete,1133196,1133196,41.3058964,-72.92587936,3625396,New Haven,93,93,New Haven,2/17/2024,2024,2,February,17,7,Saturday,10:17:00,10,24006919,A,2,,Motor Vehicle In Motion,"Injury of any type (Serious, Minor, Possible)",C,Possible Injury (C),0,0,4,Local,0.16,103,CHURCH ST,CHURCH ST,,CHAPEL ST,40,Feet,S,41.3058964,-72.92587936,14,Motor Vehicle in Operation,1,Front to rear,1,On Roadway,7,Snow,88,Not Applicable,1,Daylight,2,Wet,0,None,88,Not Applicable,88,Not Applicable,0,None,88,Not Applicable,88,Not Applicable,3,Intersection-Related,2,Four-Way Intersection,1,No,1,No,88,Not Applicable,88,Not Applicable,88,Not Applicable,88,Not Applicable,FALSE,1,Public Road,1,"Trafficway, On Road",CT0009300,New Haven PD,767,00:57.0,C,Closed,02:15.0,,,,,,,
1133201,1,Complete,1133201,1133201,41.32771489,-72.96075116,3625401,New Haven,93,93,New Haven,2/17/2024,2024,2,February,17,7,Saturday,23:16:00,23,24006982,A,2,,Motor Vehicle In Motion,"Injury of any type (Serious, Minor, Possible)",C,Possible Injury (C),0,1,3,State,0.27,63,63-N,63-N,PHILIP ST,,,,,41.32771489,-72.96075116,14,Motor Vehicle in Operation,3,Angle,1,On Roadway,1,Clear,88,Not Applicable,4,Dark-Lighted,1,Dry,0,None,88,Not Applicable,88,Not Applicable,0,None,88,Not Applicable,88,Not Applicable,2,Intersection,3,T-Intersection,1,No,1,No,88,Not Applicable,88,Not Applicable,88,Not Applicable,88,Not Applicable,TRUE,1,Public Road,1,"Trafficway, On Road",CT0009300,New Haven PD,44175,11:34.0,C,Closed,02:19.0,,,,,,,
1133701,1,Complete,1133701,1133701,41.32269894,-72.9473609,3625901,New Haven,93,93,New Haven,2/10/2024,2024,2,February,10,7,Saturday,20:15:00,20,24006049,A,2,,Motor Vehicle In Motion,"Injury of any type (Serious, Minor, Possible)",A,Suspected Serious Injury (A),0,1,4,Local,0.19,258,GOFFE TER,GOFFE TER,,BELLEVUE RD,75,Feet,E,41.32269894,-72.9473609,14,Motor Vehicle in Operation,2,Front to front,1,On Roadway,4,Rain,88,Not Applicable,4,Dark-Lighted,2,Wet,99,Unknown,88,Not Applicable,88,Not Applicable,0,None,88,Not Applicable,88,Not Applicable,1,Non-Junction,1,Not at Intersection,1,No,1,No,88,Not Applicable,88,Not Applicable,88,Not Applicable,88,Not Applicable,FALSE,1,Public Road,1,"Trafficway, On Road",CT0009300,New Haven PD,45403,02:43.0,C,Closed,00:48.0,,,,,,,