CrashId,Fatal Case Status,Fatal Case Status Text Format,CrashId,CrashId,Latitude,Longitude,DOT Case Number,Town Name,Town Number,Town Number,Town Number Text Format,Date Of Crash,Year,Month,Month Text Format,Day,Day of the Week,Day of the Week Text Format,Time of Crash,Hour of the Day,Case Identifier,Crash Severity,Number Of Motor Vehicles,Motor vehicle action,Most harmful event,Crash Severity Text Format,Most Severe Injury,Most Severe Injury Text Format,Number Of Non-Motorist,Number Of Witnesses,Route Class,Route Class Text Format,Milemarker,Road Number,Road Description,Roadway Name,Intersecting Roadway Name,Landmark Description,Distance From Nearest Landmark,Unit Of Measure From Nearest Landmark,Direction From Nearest Landmark,Latitude,Longitude,First Harmful Event,First Harmful Event Text Format,Manner of Crash / Collision Impact,Manner of Crash / Collision Impact Text Format,Location of First Harmful Event,Location of First Harmful Event Text Format,Weather Condition,Weather Condition Text Format,Weather 2,Weather 2 Text Format,Light Condition,Light Condition Text Format,Road Surface Condition,Road Surface Condition Text Format,"Contributing Circumstances, Environment","Contributing Circumstances, Environment Text Format",Environment 2,Environment 2 Text Format,Environment 3,Environment 3 Text Format,"Contributing Circumstances, Road","Contributing Circumstances, Road Text Format",Road 2,Road 2 Text Format,Road 3,Road 3 Text Format,Crash Specific Location,Crash Specific Location Text Format,Type of Intersection,Type of Intersection Text Format,School Bus Related,School Bus Related Text Format,Work Zone Related,Work Zone Related Text Format,Location Of Crash Relative To Work Zone,Location Of Crash Relative To Work Zone Text Format,Type of Work Zone,Type of Work Zone Text Format,Worker Presence,Worker Presence Text Format,Law Enforcement Presence,Law Enforcement Presence Text Format,Were Vehicles Moved Prior To Police Arrival,Trafficway Ownership,Trafficway Ownership Text Format,Trafficway Class,Trafficway Class Text Format,Police Agency,Police Agency Text Format,Badge Number,Approval Date,Police Case Status,Police Case Status Text Format,Crash Report Submission Date,Related Case Identifiers,No. of Through Lanes (Log Dir.),Average Daily Traffic,Functional Classification,Functional Classification Text Format,Rural or Urban,Rural or Urban Text Format
1136065,1,Complete,1136065,1136065,41.332585,-72.936816,3628265,New Haven,93,93,New Haven,2/26/2024,2024,2,February,26,2,Monday,17:44:00,17,24008298,A,2,,Motor Vehicle In Motion,"Injury of any type (Serious, Minor, Possible)",C,Possible Injury (C),0,0,4,Local,0.12,42,BASSETT ST,BASSETT ST,,SHERMAN PKWY,270,Feet,W,41.332585,-72.936816,14,Motor Vehicle in Operation,3,Angle,1,On Roadway,1,Clear,88,Not Applicable,3,Dusk,1,Dry,0,None,88,Not Applicable,88,Not Applicable,0,None,88,Not Applicable,88,Not Applicable,1,Non-Junction,1,Not at Intersection,1,No,1,No,88,Not Applicable,88,Not Applicable,88,Not Applicable,88,Not Applicable,FALSE,1,Public Road,1,"Trafficway, On Road",CT0009300,New Haven PD,42048,25:02.0,C,Closed,01:08.0,,,,,,,
1136067,1,Complete,1136067,1136067,41.327469,-72.878932,3628267,New Haven,93,93,New Haven,2/27/2024,2024,2,February,27,3,Tuesday,8:12:00,8,24008351,A,2,,Motor Vehicle In Motion,"Injury of any type (Serious, Minor, Possible)",C,Possible Injury (C),0,0,3,State,0.5,17,17-N,17-N,,91-N-19 (Exit 8 on-ramp),30,Feet,S,41.327469,-72.878932,14,Motor Vehicle in Operation,1,Front to rear,1,On Roadway,1,Clear,88,Not Applicable,1,Daylight,1,Dry,0,None,88,Not Applicable,88,Not Applicable,0,None,88,Not Applicable,88,Not Applicable,3,Intersection-Related,3,T-Intersection,1,No,1,No,88,Not Applicable,88,Not Applicable,88,Not Applicable,88,Not Applicable,FALSE,1,Public Road,1,"Trafficway, On Road",CT0009300,New Haven PD,45401,10:03.0,C,Closed,01:04.0,,,,,,,
1136068,1,Complete,1136068,1136068,41.33194281,-72.93791737,3628268,New Haven,93,93,New Haven,2/27/2024,2024,2,February,27,3,Tuesday,8:36:00,8,24008354,A,2,,Motor Vehicle In Motion,"Injury of any type (Serious, Minor, Possible)",C,Possible Injury (C),0,0,4,Local,0.9,557,SHERMAN PKWY,SHERMAN PKWY,WILLIS ST,,,,,41.33194281,-72.93791737,14,Motor Vehicle in Operation,2,Front to front,1,On Roadway,1,Clear,88,Not Applicable,1,Daylight,1,Dry,0,None,88,Not Applicable,88,Not Applicable,0,None,88,Not Applicable,88,Not Applicable,2,Intersection,2,Four-Way Intersection,1,No,1,No,88,Not Applicable,88,Not Applicable,88,Not Applicable,88,Not Applicable,FALSE,1,Public Road,1,"Trafficway, On Road",CT0009300,New Haven PD,42057,06:57.0,C,Closed,01:02.0,,,,,,,
1136070,1,Complete,1136070,1136070,41.31467317,-72.93683706,3628270,New Haven,93,93,New Haven,2/27/2024,2024,2,February,27,3,Tuesday,12:14:00,12,24008395,A,2,,Motor Vehicle In Motion,"Injury of any type (Serious, Minor, Possible)",C,Possible Injury (C),0,0,4,Local,0.7,653,WHALLEY AV,WHALLEY AV,,SPERRY ST,297,Feet,N,41.31467317,-72.93683706,14,Motor Vehicle in Operation,3,Angle,1,On Roadway,1,Clear,88,Not Applicable,1,Daylight,1,Dry,0,None,88,Not Applicable,88,Not Applicable,0,None,88,Not Applicable,88,Not Applicable,9,Driveway Access-Related,1,Not at Intersection,1,No,1,No,88,Not Applicable,88,Not Applicable,88,Not Applicable,88,Not Applicable,FALSE,1,Public Road,1,"Trafficway, On Road",CT0009300,New Haven PD,359,43:44.0,C,Closed,01:05.0,,,,,,,
1136331,1,Complete,1136331,1136331,41.32222499,-72.94595968,3628531,New Haven,93,93,New Haven,2/27/2024,2024,2,February,27,3,Tuesday,22:34:00,22,24008532,A,2,,Not Applicable,"Injury of any type (Serious, Minor, Possible)",C,Possible Injury (C),0,0,4,Local,0.27,258,GOFFE TER,GOFFE TER,,ELLSWORTH AVE,40,Feet,W,41.32222499,-72.94595968,14,Motor Vehicle in Operation,1,Front to rear,1,On Roadway,4,Rain,88,Not Applicable,4,Dark-Lighted,2,Wet,99,Unknown,88,Not Applicable,88,Not Applicable,99,Unknown,88,Not Applicable,88,Not Applicable,1,Non-Junction,1,Not at Intersection,1,No,1,No,88,Not Applicable,88,Not Applicable,88,Not Applicable,88,Not Applicable,FALSE,1,Public Road,1,"Trafficway, On Road",CT0009300,New Haven PD,82,43:36.0,C,Closed,01:57.0,,,,,,,
1136336,1,Complete,1136336,1136336,41.32014198,-72.95071268,3628536,New Haven,93,93,New Haven,2/28/2024,2024,2,February,28,4,Wednesday,18:17:00,18,24008661,A,2,,Reentering Roadway,"Injury of any type (Serious, Minor, Possible)",C,Possible Injury (C),0,1,3,State,3.14,10,10-N,10-N,,blake st,155,Feet,N,41.32014198,-72.95071268,14,Motor Vehicle in Operation,3,Angle,1,On Roadway,4,Rain,88,Not Applicable,4,Dark-Lighted,2,Wet,1,Weather Conditions,88,Not Applicable,88,Not Applicable,0,None,88,Not Applicable,88,Not Applicable,9,Driveway Access-Related,1,Not at Intersection,1,No,1,No,88,Not Applicable,88,Not Applicable,88,Not Applicable,88,Not Applicable,FALSE,1,Public Road,1,"Trafficway, On Road",CT0009300,New Haven PD,44062,50:22.0,C,Closed,02:00.0,,,,,,,
1136656,1,Complete,1136656,1136656,41.292728,-72.896345,3628856,New Haven,93,93,New Haven,2/17/2024,2024,2,February,17,7,Saturday,12:45:00,12,24006932,A,1,,Curb,"Injury of any type (Serious, Minor, Possible)",C,Possible Injury (C),0,0,2,USRoute,49.92,1,1-N,1-N,,Chamberlain St,25,Feet,S,41.292728,-72.896345,25,Curb,88,Not Applicable,4,Roadside,1,Clear,88,Not Applicable,1,Daylight,2,Wet,0,None,88,Not Applicable,88,Not Applicable,0,None,88,Not Applicable,88,Not Applicable,3,Intersection-Related,3,T-Intersection,1,No,1,No,88,Not Applicable,88,Not Applicable,88,Not Applicable,88,Not Applicable,FALSE,1,Public Road,1,"Trafficway, On Road",CT0009300,New Haven PD,40807,38:44.0,O,Open,00:43.0,,4,9400,3,PRINCIPAL ARTERIAL - OTHER - NEW HPMS,2,Urban
1136659,1,Complete,1136659,1136659,41.32576,-72.9228,3628859,New Haven,93,93,New Haven,2/28/2024,2024,2,February,28,4,Wednesday,18:19:00,18,24008668,A,2,,Motor Vehicle In Motion,"Injury of any type (Serious, Minor, Possible)",A,Suspected Serious Injury (A),0,0,4,Local,0.98,495,PROSPECT ST,PROSPECT ST,,CANNER ST,71,Feet,N,41.32576,-72.9228,14,Motor Vehicle in Operation,3,Angle,1,On Roadway,4,Rain,88,Not Applicable,4,Dark-Lighted,2,Wet,99,Unknown,88,Not Applicable,88,Not Applicable,0,None,88,Not Applicable,88,Not Applicable,1,Non-Junction,1,Not at Intersection,1,No,1,No,88,Not Applicable,88,Not Applicable,88,Not Applicable,88,Not Applicable,FALSE,1,Public Road,1,"Trafficway, On Road",CT0009300,New Haven PD,45699,11:37.0,O,Open,00:38.0,,,,,,,
1136664,1,Complete,1136664,1136664,41.303201,-72.910563,3628864,New Haven,93,93,New Haven,2/29/2024,2024,2,February,29,5,Thursday,8:50:00,8,24008719,A,1,,Utility Pole,"Injury of any type (Serious, Minor, Possible)",C,Possible Injury (C),0,0,4,Local,0.89,165,EAST ST,EAST ST,,CHAPEL ST,105,Feet,S,41.303201,-72.910563,25,Curb,88,Not Applicable,4,Roadside,1,Clear,88,Not Applicable,1,Daylight,1,Dry,0,None,88,Not Applicable,88,Not Applicable,0,None,88,Not Applicable,88,Not Applicable,1,Non-Junction,1,Not at Intersection,1,No,1,No,88,Not Applicable,88,Not Applicable,88,Not Applicable,88,Not Applicable,FALSE,1,Public Road,1,"Trafficway, On Road",CT0009300,New Haven PD,40807,00:53.0,C,Closed,00:40.0,,3,19000,4,MINOR ARTERIAL - NEW HPMS,2,Urban
1136665,1,Complete,1136665,1136665,41.308351,-72.924426,3628865,New Haven,93,93,New Haven,2/29/2024,2024,2,February,29,5,Thursday,11:26:00,11,24008764,A,2,,Motor Vehicle In Motion,"Injury of any type (Serious, Minor, Possible)",B,Suspected Minor Injury (B),0,0,4,Local,0.54,726,ELM ST NO 2,ELM ST NO 2,,Church St,45,Feet,W,41.308351,-72.924426,14,Motor Vehicle in Operation,1,Front to rear,1,On Roadway,1,Clear,88,Not Applicable,1,Daylight,1,Dry,0,None,88,Not Applicable,88,Not Applicable,0,None,88,Not Applicable,88,Not Applicable,3,Intersection-Related,2,Four-Way Intersection,1,No,1,No,88,Not Applicable,88,Not Applicable,88,Not Applicable,88,Not Applicable,FALSE,1,Public Road,1,"Trafficway, On Road",CT0009300,New Haven PD,40790,53:25.0,C,Closed,00:42.0,,,,,,,
1137050,1,Complete,1137050,1137050,41.3055653,-72.93367998,3629249,New Haven,93,93,New Haven,2/28/2024,2024,2,February,28,4,Wednesday,8:53:00,8,24008556,A,2,,Motor Vehicle In Motion,"Injury of any type (Serious, Minor, Possible)",C,Possible Injury (C),0,0,4,Local,0.54,809,REV DR MLK JR BLVD,REV DR MLK JR BLVD,YORK ST,,,,,41.3055653,-72.93367998,14,Motor Vehicle in Operation,3,Angle,1,On Roadway,4,Rain,88,Not Applicable,1,Daylight,2,Wet,0,None,88,Not Applicable,88,Not Applicable,0,None,88,Not Applicable,88,Not Applicable,2,Intersection,3,T-Intersection,1,No,1,No,88,Not Applicable,88,Not Applicable,88,Not Applicable,88,Not Applicable,TRUE,1,Public Road,1,"Trafficway, On Road",CT0009300,New Haven PD,263,31:53.0,C,Closed,01:41.0,,,,,,,
1137053,1,Complete,1137053,1137053,41.327539,-72.94114,3629252,New Haven,93,93,New Haven,3/1/2024,2024,3,March,1,6,Friday,0:40:00,0,24008895,A,1,,Utility Pole,"Injury of any type (Serious, Minor, Possible)",C,Possible Injury (C),0,0,4,Local,0.5,133,CRESCENT ST,CRESCENT ST,,Ellsworth Ave,325,Feet,S,41.327539,-72.94114,25,Curb,88,Not Applicable,4,Roadside,1,Clear,88,Not Applicable,4,Dark-Lighted,1,Dry,0,None,88,Not Applicable,88,Not Applicable,0,None,88,Not Applicable,88,Not Applicable,1,Non-Junction,1,Not at Intersection,1,No,1,No,88,Not Applicable,88,Not Applicable,88,Not Applicable,88,Not Applicable,FALSE,1,Public Road,1,"Trafficway, On Road",CT0009300,New Haven PD,44339,29:57.0,C,Closed,01:31.0,,4,6000,5,MAJOR COLLECTOR - NEW HPMS,2,Urban
1137054,1,Complete,1137054,1137054,41.29619629,-72.92832346,3629253,New Haven,93,93,New Haven,3/1/2024,2024,3,March,1,6,Friday,10:08:00,10,24008943,A,2,,Motor Vehicle In Motion,"Injury of any type (Serious, Minor, Possible)",C,Possible Injury (C),0,0,2,USRoute,47.84,1,1-N,1-N,CHURCH ST SOUTH NO 2,,,,,41.29619629,-72.92832346,14,Motor Vehicle in Operation,3,Angle,1,On Roadway,1,Clear,88,Not Applicable,1,Daylight,1,Dry,0,None,88,Not Applicable,88,Not Applicable,0,None,88,Not Applicable,88,Not Applicable,2,Intersection,2,Four-Way Intersection,1,No,1,No,88,Not Applicable,88,Not Applicable,88,Not Applicable,88,Not Applicable,FALSE,1,Public Road,1,"Trafficway, On Road",CT0009300,New Haven PD,40819,02:26.0,C,Closed,01:32.0,,,,,,,
1137055,1,Complete,1137055,1137055,41.29784,-72.93427,3629254,New Haven,93,93,New Haven,3/1/2024,2024,3,March,1,6,Friday,12:54:00,12,24008978,A,2,,Motor Vehicle In Motion,"Injury of any type (Serious, Minor, Possible)",B,Suspected Minor Injury (B),0,0,2,USRoute,47.4,1,1-N,1-N,HOWARD AV,,,,,41.29784,-72.93427,14,Motor Vehicle in Operation,99,Unknown,1,On Roadway,1,Clear,88,Not Applicable,1,Daylight,1,Dry,0,None,88,Not Applicable,88,Not Applicable,0,None,88,Not Applicable,88,Not Applicable,2,Intersection,2,Four-Way Intersection,1,No,1,No,88,Not Applicable,88,Not Applicable,88,Not Applicable,88,Not Applicable,TRUE,1,Public Road,1,"Trafficway, On Road",CT0009300,New Haven PD,45400,35:43.0,C,Closed,01:35.0,,,,,,,
1137066,1,Complete,1137066,1137066,41.3053815,-72.9301056,3629265,New Haven,93,93,New Haven,3/1/2024,2024,3,March,1,6,Friday,20:11:00,20,24009065,A,2,,Motor Vehicle In Motion,"Injury of any type (Serious, Minor, Possible)",C,Possible Injury (C),0,0,4,Local,0.49,117,COLLEGE ST,COLLEGE ST,,GEORGE ST,113,Feet,N,41.3053815,-72.9301056,14,Motor Vehicle in Operation,4,"Sideswipe, same direction",1,On Roadway,1,Clear,88,Not Applicable,4,Dark-Lighted,1,Dry,0,None,88,Not Applicable,88,Not Applicable,0,None,88,Not Applicable,88,Not Applicable,1,Non-Junction,1,Not at Intersection,1,No,1,No,88,Not Applicable,88,Not Applicable,88,Not Applicable,88,Not Applicable,FALSE,1,Public Road,1,"Trafficway, On Road",CT0009300,New Haven PD,45630,35:34.0,C,Closed,01:49.0,,,,,,,
1137068,1,Complete,1137068,1137068,41.3062425,-72.9301701,3629267,New Haven,93,93,New Haven,3/1/2024,2024,3,March,1,6,Friday,22:59:00,22,24009079,A,2,,Parked Vehicle,"Injury of any type (Serious, Minor, Possible)",C,Possible Injury (C),0,0,4,Local,0.4,136,CROWN ST,CROWN ST,,College ST,150,Feet,W,41.3062425,-72.9301701,15,Parked Motor Vehicle,1,Front to rear,1,On Roadway,1,Clear,88,Not Applicable,4,Dark-Lighted,1,Dry,0,None,88,Not Applicable,88,Not Applicable,0,None,88,Not Applicable,88,Not Applicable,1,Non-Junction,1,Not at Intersection,1,No,1,No,88,Not Applicable,88,Not Applicable,88,Not Applicable,88,Not Applicable,TRUE,1,Public Road,1,"Trafficway, On Road",CT0009300,New Haven PD,72,41:52.0,C,Closed,01:43.0,,,,,,,
1137070,1,Complete,1137070,1137070,41.30808,-72.95308,3629269,New Haven,93,93,New Haven,3/2/2024,2024,3,March,2,7,Saturday,1:55:00,1,24009096,A,1,,Tree (standing),"Injury of any type (Serious, Minor, Possible)",B,Suspected Minor Injury (B),0,0,3,State,2.06,10,10-N,10-N,JUDSON AV,,,,,41.30808,-72.95308,32,Tree (standing),88,Not Applicable,1,On Roadway,1,Clear,88,Not Applicable,4,Dark-Lighted,1,Dry,0,None,88,Not Applicable,88,Not Applicable,0,None,88,Not Applicable,88,Not Applicable,2,Intersection,3,T-Intersection,1,No,1,No,88,Not Applicable,88,Not Applicable,88,Not Applicable,88,Not Applicable,FALSE,1,Public Road,1,"Trafficway, On Road",CT0009300,New Haven PD,44046,00:04.0,C,Closed,01:39.0,,4,33100,3,PRINCIPAL ARTERIAL - OTHER - NEW HPMS,2,Urban
1137071,1,Complete,1137071,1137071,41.315331,-72.947115,3629270,New Haven,93,93,New Haven,3/2/2024,2024,3,March,2,7,Saturday,10:32:00,10,24009115,A,2,,Motor Vehicle In Motion,"Injury of any type (Serious, Minor, Possible)",B,Suspected Minor Injury (B),0,0,4,Local,0.35,439,NORTON ST,NORTON ST,MAPLE ST,,,,,41.315331,-72.947115,14,Motor Vehicle in Operation,3,Angle,1,On Roadway,4,Rain,88,Not Applicable,1,Daylight,2,Wet,0,None,88,Not Applicable,88,Not Applicable,0,None,88,Not Applicable,88,Not Applicable,2,Intersection,2,Four-Way Intersection,1,No,1,No,88,Not Applicable,88,Not Applicable,88,Not Applicable,88,Not Applicable,FALSE,1,Public Road,1,"Trafficway, On Road",CT0009300,New Haven PD,332,01:20.0,C,Closed,01:40.0,,,,,,,
1137073,1,Complete,1137073,1137073,41.328152,-72.960025,3629272,New Haven,93,93,New Haven,3/2/2024,2024,3,March,2,7,Saturday,12:27:00,12,24009125,A,2,,Motor Vehicle In Motion,"Injury of any type (Serious, Minor, Possible)",C,Possible Injury (C),0,0,4,Local,1.21,612,VALLEY ST NO 1,VALLEY ST NO 1,,BLAKE ST,100,Feet,N,41.328152,-72.960025,14,Motor Vehicle in Operation,1,Front to rear,1,On Roadway,4,Rain,88,Not Applicable,1,Daylight,2,Wet,1,Weather Conditions,88,Not Applicable,88,Not Applicable,99,Unknown,88,Not Applicable,88,Not Applicable,1,Non-Junction,1,Not at Intersection,1,No,1,No,88,Not Applicable,88,Not Applicable,88,Not Applicable,88,Not Applicable,FALSE,1,Public Road,1,"Trafficway, On Road",CT0009300,New Haven PD,9,30:42.0,C,Closed,01:41.0,,,,,,,
1137078,1,Complete,1137078,1137078,41.305785,-72.921924,3629277,New Haven,93,93,New Haven,3/2/2024,2024,3,March,2,7,Saturday,21:00:00,21,24009161,A,2,,Motor Vehicle In Motion,"Injury of any type (Serious, Minor, Possible)",C,Possible Injury (C),0,0,4,Local,1.26,575,STATE ST,STATE ST,COURT ST NO 2,,,,,41.305785,-72.921924,14,Motor Vehicle in Operation,3,Angle,1,On Roadway,4,Rain,88,Not Applicable,4,Dark-Lighted,2,Wet,0,None,88,Not Applicable,88,Not Applicable,0,None,88,Not Applicable,88,Not Applicable,2,Intersection,2,Four-Way Intersection,1,No,1,No,88,Not Applicable,88,Not Applicable,88,Not Applicable,88,Not Applicable,TRUE,1,Public Road,1,"Trafficway, On Road",CT0009300,New Haven PD,45630,00:25.0,C,Closed,01:50.0,,,,,,,
1137080,1,Complete,1137080,1137080,41.31335132,-72.93270364,3629279,New Haven,93,93,New Haven,3/2/2024,2024,3,March,2,7,Saturday,23:02:00,23,24009169,A,2,,Motor Vehicle In Motion,"Injury of any type (Serious, Minor, Possible)",C,Possible Injury (C),0,0,4,Local,0.67,257,GOFFE ST,GOFFE ST,,DIXWELL AVE,74,Feet,W,41.31335132,-72.93270364,14,Motor Vehicle in Operation,3,Angle,1,On Roadway,4,Rain,88,Not Applicable,4,Dark-Lighted,2,Wet,0,None,88,Not Applicable,88,Not Applicable,0,None,88,Not Applicable,88,Not Applicable,3,Intersection-Related,2,Four-Way Intersection,1,No,1,No,88,Not Applicable,88,Not Applicable,88,Not Applicable,88,Not Applicable,TRUE,1,Public Road,1,"Trafficway, On Road",CT0009300,New Haven PD,44175,45:40.0,C,Closed,01:44.0,,,,,,,
1137085,1,Complete,1137085,1137085,41.29700794,-72.89274054,3629284,New Haven,93,93,New Haven,3/3/2024,2024,3,March,3,1,Sunday,14:31:00,14,24009238,A,2,,Motor Vehicle In Motion,"Injury of any type (Serious, Minor, Possible)",C,Possible Injury (C),0,1,4,Local,0.18,210,FARREN AV,FARREN AV,FULTON ST,,,,,41.29700794,-72.89274054,14,Motor Vehicle in Operation,3,Angle,1,On Roadway,1,Clear,88,Not Applicable,1,Daylight,1,Dry,0,None,88,Not Applicable,88,Not Applicable,0,None,88,Not Applicable,88,Not Applicable,2,Intersection,2,Four-Way Intersection,1,No,1,No,88,Not Applicable,88,Not Applicable,88,Not Applicable,88,Not Applicable,FALSE,1,Public Road,1,"Trafficway, On Road",CT0009300,New Haven PD,40807,27:09.0,C,Closed,01:48.0,,,,,,,
1137626,1,Complete,1137626,1137626,41.30987,-72.893064,3629825,New Haven,93,93,New Haven,12/30/2023,2023,12,December,30,7,Saturday,5:45:00,5,23051731,A,1,,Pedestrian,"Injury of any type (Serious, Minor, Possible)",A,Suspected Serious Injury (A),1,0,,,,,,ATWATER STREET,,GRAND AVE,255,Feet,N,41.30987,-72.893064,9,Pedestrian,88,Not Applicable,8,"Off Roadway,  Location Unknown",1,Clear,88,Not Applicable,3,Dusk,1,Dry,0,None,88,Not Applicable,88,Not Applicable,0,None,88,Not Applicable,88,Not Applicable,1,Non-Junction,1,Not at Intersection,1,No,1,No,88,Not Applicable,88,Not Applicable,88,Not Applicable,88,Not Applicable,FALSE,2,Private Road,4,Parking Lot,CT0009300,New Haven PD,44946,02:23.0,C,Closed,01:32.0,,,,,,,
1137630,1,Complete,1137630,1137630,41.31718608,-72.94393889,3629829,New Haven,93,93,New Haven,3/1/2024,2024,3,March,1,6,Friday,14:14:00,14,24008990,A,2,,Motor Vehicle In Motion,"Injury of any type (Serious, Minor, Possible)",C,Possible Injury (C),0,0,4,Local,0.3,653,WHALLEY AV,WHALLEY AV,,CARMEL ST,107,Feet,W,41.31718608,-72.94393889,14,Motor Vehicle in Operation,3,Angle,1,On Roadway,1,Clear,88,Not Applicable,1,Daylight,1,Dry,0,None,88,Not Applicable,88,Not Applicable,0,None,88,Not Applicable,88,Not Applicable,1,Non-Junction,1,Not at Intersection,1,No,1,No,88,Not Applicable,88,Not Applicable,88,Not Applicable,88,Not Applicable,TRUE,1,Public Road,1,"Trafficway, On Road",CT0009300,New Haven PD,42366,36:10.0,O,Open,01:30.0,,,,,,,
1137634,1,Complete,1137634,1137634,41.31308793,-72.95244631,3629833,New Haven,93,93,New Haven,3/3/2024,2024,3,March,3,1,Sunday,13:31:00,13,24009228,A,1,,Pedalcycle/Pedalcyclist,"Injury of any type (Serious, Minor, Possible)",C,Possible Injury (C),1,0,4,Local,3.25,97,CHAPEL ST,CHAPEL ST,,ELLA T GRASSO BLVD,85,Feet,W,41.31308793,-72.95244631,10,Pedalcycle/Pedalcyclist,97,Other,1,On Roadway,1,Clear,88,Not Applicable,1,Daylight,1,Dry,0,None,88,Not Applicable,88,Not Applicable,0,None,88,Not Applicable,88,Not Applicable,1,Non-Junction,1,Not at Intersection,1,No,1,No,88,Not Applicable,88,Not Applicable,88,Not Applicable,88,Not Applicable,FALSE,1,Public Road,1,"Trafficway, On Road",CT0009300,New Haven PD,349,08:32.0,C,Closed,01:34.0,,,,,,,
1137637,1,Complete,1137637,1137637,41.291076,-72.941671,3629836,New Haven,93,93,New Haven,3/3/2024,2024,3,March,3,1,Sunday,22:43:00,22,24009294,A,3,,Motor Vehicle In Motion,"Injury of any type (Serious, Minor, Possible)",C,Possible Injury (C),0,0,3,State,0.9,10,10-N,10-N,,Washington Ave,55,Feet,N,41.291076,-72.941671,14,Motor Vehicle in Operation,1,Front to rear,1,On Roadway,1,Clear,88,Not Applicable,5,Dark-Not Lighted,1,Dry,0,None,88,Not Applicable,88,Not Applicable,0,None,88,Not Applicable,88,Not Applicable,3,Intersection-Related,2,Four-Way Intersection,1,No,1,No,88,Not Applicable,88,Not Applicable,88,Not Applicable,88,Not Applicable,FALSE,1,Public Road,1,"Trafficway, On Road",CT0009300,New Haven PD,45389,09:18.0,C,Closed,01:27.0,,,,,,,
1137638,1,Complete,1137638,1137638,41.321985,-72.953061,3629837,New Haven,93,93,New Haven,3/3/2024,2024,3,March,3,1,Sunday,23:21:00,23,24009296,A,2,,Motor Vehicle In Motion,"Injury of any type (Serious, Minor, Possible)",B,Suspected Minor Injury (B),0,0,3,State,3.32,10,10-N,10-N,,Hubinger St,95,Feet,W,41.321985,-72.953061,13,Animal Other Than Deer (live),88,Not Applicable,1,On Roadway,1,Clear,88,Not Applicable,4,Dark-Lighted,1,Dry,0,None,88,Not Applicable,88,Not Applicable,0,None,88,Not Applicable,88,Not Applicable,1,Non-Junction,1,Not at Intersection,1,No,1,No,88,Not Applicable,88,Not Applicable,88,Not Applicable,88,Not Applicable,FALSE,1,Public Road,1,"Trafficway, On Road",CT0009300,New Haven PD,44175,26:27.0,C,Closed,01:33.0,,,,,,,
1137639,1,Complete,1137639,1137639,41.293658,-72.937705,3629838,New Haven,93,93,New Haven,3/4/2024,2024,3,March,4,2,Monday,0:11:00,0,24009299,A,2,,Motor Vehicle In Motion,"Injury of any type (Serious, Minor, Possible)",B,Suspected Minor Injury (B),0,0,4,Local,0.09,571,SPRING ST,SPRING ST,HURLBURT ST,,,,,41.293658,-72.937705,14,Motor Vehicle in Operation,3,Angle,1,On Roadway,1,Clear,88,Not Applicable,4,Dark-Lighted,1,Dry,0,None,88,Not Applicable,88,Not Applicable,0,None,88,Not Applicable,88,Not Applicable,2,Intersection,2,Four-Way Intersection,1,No,1,No,88,Not Applicable,88,Not Applicable,88,Not Applicable,88,Not Applicable,FALSE,1,Public Road,1,"Trafficway, On Road",CT0009300,New Haven PD,44045,09:56.0,C,Closed,01:34.0,,,,,,,
1137643,1,Complete,1137643,1137643,41.3214536,-72.8791289,3629842,New Haven,93,93,New Haven,3/4/2024,2024,3,March,4,2,Monday,16:58:00,16,24009409,A,2,,Motor Vehicle In Motion,"Injury of any type (Serious, Minor, Possible)",C,Possible Injury (C),0,0,,,,,,115 FOXON BLVD,,FOXON BOULEVARD,410,Feet,S,41.3214536,-72.8791289,14,Motor Vehicle in Operation,3,Angle,97,Other,1,Clear,88,Not Applicable,1,Daylight,1,Dry,1,Weather Conditions,88,Not Applicable,88,Not Applicable,0,None,88,Not Applicable,88,Not Applicable,97,Other,1,Not at Intersection,1,No,1,No,88,Not Applicable,88,Not Applicable,88,Not Applicable,88,Not Applicable,FALSE,88,Not Applicable,4,Parking Lot,CT0009300,New Haven PD,45403,08:34.0,C,Closed,01:36.0,,,,,,,
1137644,1,Complete,1137644,1137644,41.314137,-72.947799,3629843,New Haven,93,93,New Haven,3/4/2024,2024,3,March,4,2,Monday,18:43:00,18,24009413,A,1,,Pedestrian,"Injury of any type (Serious, Minor, Possible)",C,Possible Injury (C),1,0,4,Local,1.23,179,EDGEWOOD AV,EDGEWOOD AV,,Norton St,5,Feet,W,41.314137,-72.947799,9,Pedestrian,88,Not Applicable,1,On Roadway,1,Clear,88,Not Applicable,1,Daylight,1,Dry,0,None,88,Not Applicable,88,Not Applicable,0,None,88,Not Applicable,88,Not Applicable,3,Intersection-Related,2,Four-Way Intersection,1,No,1,No,88,Not Applicable,88,Not Applicable,88,Not Applicable,88,Not Applicable,FALSE,1,Public Road,1,"Trafficway, On Road",CT0009300,New Haven PD,44055,10:38.0,C,Closed,01:29.0,,1,4900,4,MINOR ARTERIAL - NEW HPMS,2,Urban