CrashId,Fatal Case Status,Fatal Case Status Text Format,CrashId,CrashId,Latitude,Longitude,DOT Case Number,Town Name,Town Number,Town Number,Town Number Text Format,Date Of Crash,Year,Month,Month Text Format,Day,Day of the Week,Day of the Week Text Format,Time of Crash,Hour of the Day,Case Identifier,Crash Severity,Number Of Motor Vehicles,Motor vehicle action,Most harmful event,Crash Severity Text Format,Most Severe Injury,Most Severe Injury Text Format,Number Of Non-Motorist,Number Of Witnesses,Route Class,Route Class Text Format,Milemarker,Road Number,Road Description,Roadway Name,Intersecting Roadway Name,Landmark Description,Distance From Nearest Landmark,Unit Of Measure From Nearest Landmark,Direction From Nearest Landmark,Latitude,Longitude,First Harmful Event,First Harmful Event Text Format,Manner of Crash / Collision Impact,Manner of Crash / Collision Impact Text Format,Location of First Harmful Event,Location of First Harmful Event Text Format,Weather Condition,Weather Condition Text Format,Weather 2,Weather 2 Text Format,Light Condition,Light Condition Text Format,Road Surface Condition,Road Surface Condition Text Format,"Contributing Circumstances, Environment","Contributing Circumstances, Environment Text Format",Environment 2,Environment 2 Text Format,Environment 3,Environment 3 Text Format,"Contributing Circumstances, Road","Contributing Circumstances, Road Text Format",Road 2,Road 2 Text Format,Road 3,Road 3 Text Format,Crash Specific Location,Crash Specific Location Text Format,Type of Intersection,Type of Intersection Text Format,School Bus Related,School Bus Related Text Format,Work Zone Related,Work Zone Related Text Format,Location Of Crash Relative To Work Zone,Location Of Crash Relative To Work Zone Text Format,Type of Work Zone,Type of Work Zone Text Format,Worker Presence,Worker Presence Text Format,Law Enforcement Presence,Law Enforcement Presence Text Format,Were Vehicles Moved Prior To Police Arrival,Trafficway Ownership,Trafficway Ownership Text Format,Trafficway Class,Trafficway Class Text Format,Police Agency,Police Agency Text Format,Badge Number,Approval Date,Police Case Status,Police Case Status Text Format,Crash Report Submission Date,Related Case Identifiers,No. of Through Lanes (Log Dir.),Average Daily Traffic,Functional Classification,Functional Classification Text Format,Rural or Urban,Rural or Urban Text Format
1140193,1,Complete,1140193,1140193,41.307936,-72.892326,3632391,New Haven,93,93,New Haven,3/11/2024,2024,3,March,11,2,Monday,15:22:00,15,24010366,A,2,,Parked Vehicle,"Injury of any type (Serious, Minor, Possible)",C,Possible Injury (C),0,0,4,Local,0.14,204,EXCHANGE ST,EXCHANGE ST,,FERRY ST,100,Feet,E,41.307936,-72.892326,14,Motor Vehicle in Operation,4,"Sideswipe, same direction",1,On Roadway,1,Clear,88,Not Applicable,1,Daylight,1,Dry,0,None,88,Not Applicable,88,Not Applicable,0,None,88,Not Applicable,88,Not Applicable,1,Non-Junction,1,Not at Intersection,2,"Yes, School Bus Directly Involved",1,No,88,Not Applicable,88,Not Applicable,88,Not Applicable,88,Not Applicable,FALSE,1,Public Road,1,"Trafficway, On Road",CT0009300,New Haven PD,11439,37:11.0,C,Closed,01:25.0,,,,,,,
1140195,1,Complete,1140195,1140195,41.30982,-72.945176,3632393,New Haven,93,93,New Haven,3/12/2024,2024,3,March,12,3,Tuesday,12:08:00,12,24010486,A,2,,Motor Vehicle In Motion,"Injury of any type (Serious, Minor, Possible)",C,Possible Injury (C),0,0,4,Local,0.26,248,GEORGE ST,GEORGE ST,SHERMAN AV,,,,,41.30982,-72.945176,14,Motor Vehicle in Operation,3,Angle,1,On Roadway,1,Clear,88,Not Applicable,1,Daylight,1,Dry,0,None,88,Not Applicable,88,Not Applicable,0,None,88,Not Applicable,88,Not Applicable,2,Intersection,2,Four-Way Intersection,1,No,1,No,88,Not Applicable,88,Not Applicable,88,Not Applicable,88,Not Applicable,FALSE,1,Public Road,1,"Trafficway, On Road",CT0009300,New Haven PD,39,38:29.0,C,Closed,01:22.0,,,,,,,
1140531,1,Complete,1140531,1140531,41.32168892,-72.92905258,3632729,New Haven,93,93,New Haven,3/14/2024,2024,3,March,14,5,Thursday,6:20:00,6,24010764,A,2,,Motor Vehicle In Motion,"Injury of any type (Serious, Minor, Possible)",C,Possible Injury (C),0,0,4,Local,0.41,669,WINCHESTER AV,WINCHESTER AV,,munson st,15,Feet,N,41.32168892,-72.92905258,14,Motor Vehicle in Operation,3,Angle,1,On Roadway,1,Clear,88,Not Applicable,4,Dark-Lighted,1,Dry,99,Unknown,88,Not Applicable,88,Not Applicable,99,Unknown,88,Not Applicable,88,Not Applicable,3,Intersection-Related,2,Four-Way Intersection,1,No,1,No,88,Not Applicable,88,Not Applicable,88,Not Applicable,88,Not Applicable,FALSE,1,Public Road,1,"Trafficway, On Road",CT0009300,New Haven PD,45698,19:59.0,C,Closed,00:33.0,,,,,,,
1140543,1,Complete,1140543,1140543,41.30315017,-72.94207681,3632741,New Haven,93,93,New Haven,3/16/2024,2024,3,March,16,7,Saturday,16:25:00,16,24011142,A,2,,Motor Vehicle In Motion,"Injury of any type (Serious, Minor, Possible)",C,Possible Injury (C),0,0,4,Local,0.11,453,ORCHARD ST,ORCHARD ST,,davenport ave,600,Feet,N,41.30315017,-72.94207681,14,Motor Vehicle in Operation,3,Angle,1,On Roadway,1,Clear,88,Not Applicable,1,Daylight,1,Dry,99,Unknown,88,Not Applicable,88,Not Applicable,99,Unknown,88,Not Applicable,88,Not Applicable,9,Driveway Access-Related,1,Not at Intersection,1,No,1,No,88,Not Applicable,88,Not Applicable,88,Not Applicable,88,Not Applicable,FALSE,1,Public Road,1,"Trafficway, On Road",CT0009300,New Haven PD,40947,01:19.0,C,Closed,00:38.0,,,,,,,
1140545,1,Complete,1140545,1140545,41.30349954,-72.93653933,3632743,New Haven,93,93,New Haven,3/16/2024,2024,3,March,16,7,Saturday,17:40:00,17,24011161,A,2,,Motor Vehicle In Motion,"Injury of any type (Serious, Minor, Possible)",C,Possible Injury (C),0,0,4,Local,0.19,308,HOWARD AV,HOWARD AV,,york ave,70,Feet,N,41.30349954,-72.93653933,14,Motor Vehicle in Operation,1,Front to rear,1,On Roadway,1,Clear,88,Not Applicable,1,Daylight,1,Dry,0,None,88,Not Applicable,88,Not Applicable,0,None,88,Not Applicable,88,Not Applicable,3,Intersection-Related,2,Four-Way Intersection,1,No,1,No,88,Not Applicable,88,Not Applicable,88,Not Applicable,88,Not Applicable,FALSE,1,Public Road,1,"Trafficway, On Road",CT0009300,New Haven PD,45389,03:21.0,C,Closed,00:36.0,,,,,,,
1140546,1,Complete,1140546,1140546,41.328269,-72.928834,3632744,New Haven,93,93,New Haven,3/16/2024,2024,3,March,16,7,Saturday,20:44:00,20,24011171,A,2,,Motor Vehicle In Motion,"Injury of any type (Serious, Minor, Possible)",C,Possible Injury (C),0,0,4,Local,0.1,720,HAZEL ST,HAZEL ST,NEWHALL ST,,,,,41.328269,-72.928834,14,Motor Vehicle in Operation,3,Angle,1,On Roadway,1,Clear,88,Not Applicable,4,Dark-Lighted,1,Dry,0,None,88,Not Applicable,88,Not Applicable,0,None,88,Not Applicable,88,Not Applicable,2,Intersection,2,Four-Way Intersection,1,No,1,No,88,Not Applicable,88,Not Applicable,88,Not Applicable,88,Not Applicable,FALSE,1,Public Road,1,"Trafficway, On Road",CT0009300,New Haven PD,45393,40:05.0,C,Closed,00:46.0,,,,,,,
1140551,1,Complete,1140551,1140551,41.290197,-72.940508,3632749,New Haven,93,93,New Haven,3/17/2024,2024,3,March,17,1,Sunday,14:53:00,14,24011253,A,2,,Motor Vehicle In Motion,"Injury of any type (Serious, Minor, Possible)",C,Possible Injury (C),0,0,3,State,0.81,10,10-N,10-N,,Lamberton St,35,Feet,N,41.290197,-72.940508,14,Motor Vehicle in Operation,3,Angle,1,On Roadway,1,Clear,88,Not Applicable,1,Daylight,1,Dry,99,Unknown,88,Not Applicable,88,Not Applicable,99,Unknown,88,Not Applicable,88,Not Applicable,1,Non-Junction,1,Not at Intersection,1,No,1,No,88,Not Applicable,88,Not Applicable,88,Not Applicable,88,Not Applicable,TRUE,1,Public Road,1,"Trafficway, On Road",CT0009300,New Haven PD,40947,50:53.0,C,Closed,00:45.0,,,,,,,
1140552,1,Complete,1140552,1140552,41.32463575,-72.91621681,3632750,New Haven,93,93,New Haven,3/17/2024,2024,3,March,17,1,Sunday,18:07:00,18,24011267,A,2,,Motor Vehicle In Motion,"Injury of any type (Serious, Minor, Possible)",C,Possible Injury (C),0,0,4,Local,0.35,83,CANNER ST,CANNER ST,,WHITNEY AVE,70,Feet,E,41.32463575,-72.91621681,14,Motor Vehicle in Operation,1,Front to rear,1,On Roadway,1,Clear,88,Not Applicable,1,Daylight,1,Dry,0,None,88,Not Applicable,88,Not Applicable,0,None,88,Not Applicable,88,Not Applicable,3,Intersection-Related,2,Four-Way Intersection,1,No,1,No,88,Not Applicable,88,Not Applicable,88,Not Applicable,88,Not Applicable,FALSE,1,Public Road,1,"Trafficway, On Road",CT0009300,New Haven PD,42048,42:12.0,C,Closed,00:46.0,,,,,,,
1141421,1,Complete,1141421,1141421,41.31318976,-72.93738654,3633619,New Haven,93,93,New Haven,3/15/2024,2024,3,March,15,6,Friday,13:31:00,13,24011013,A,1,,Motor Vehicle In Motion,"Injury of any type (Serious, Minor, Possible)",C,Possible Injury (C),1,0,4,Local,0.11,244,GARDEN ST,GARDEN ST,ELM ST NO 1,,,,,41.31318976,-72.93738654,14,Motor Vehicle in Operation,1,Front to rear,1,On Roadway,1,Clear,88,Not Applicable,1,Daylight,1,Dry,0,None,88,Not Applicable,88,Not Applicable,0,None,88,Not Applicable,88,Not Applicable,2,Intersection,2,Four-Way Intersection,1,No,1,No,88,Not Applicable,88,Not Applicable,88,Not Applicable,88,Not Applicable,TRUE,1,Public Road,1,"Trafficway, On Road",CT0009300,New Haven PD,39,37:40.0,C,Closed,00:39.0,24011013,,,,,,
1141429,1,Complete,1141429,1141429,41.29407302,-72.94518031,3633627,New Haven,93,93,New Haven,3/18/2024,2024,3,March,18,2,Monday,20:08:00,20,24011482,A,2,,Motor Vehicle In Motion,"Injury of any type (Serious, Minor, Possible)",C,Possible Injury (C),0,0,3,State,1.16,10,10-N,10-N,,ADELINE ST,480,Feet,N,41.29407302,-72.94518031,14,Motor Vehicle in Operation,3,Angle,1,On Roadway,1,Clear,88,Not Applicable,4,Dark-Lighted,1,Dry,0,None,88,Not Applicable,88,Not Applicable,0,None,88,Not Applicable,88,Not Applicable,9,Driveway Access-Related,1,Not at Intersection,1,No,1,No,88,Not Applicable,88,Not Applicable,88,Not Applicable,88,Not Applicable,FALSE,1,Public Road,1,"Trafficway, On Road",CT0009300,New Haven PD,44049,24:15.0,C,Closed,00:43.0,,,,,,,
1141831,1,Complete,1141831,1141831,41.3228713,-72.9352591,3634029,New Haven,93,93,New Haven,3/17/2024,2024,3,March,17,1,Sunday,20:54:00,20,24011281,A,2,,Motor Vehicle In Motion,"Injury of any type (Serious, Minor, Possible)",A,Suspected Serious Injury (A),0,0,4,Local,0.7,152,DIXWELL AV,DIXWELL AV,MUNSON ST,,,,,41.3228713,-72.9352591,14,Motor Vehicle in Operation,3,Angle,1,On Roadway,1,Clear,88,Not Applicable,99,Unknown,1,Dry,0,None,88,Not Applicable,88,Not Applicable,0,None,88,Not Applicable,88,Not Applicable,2,Intersection,8,"Five-Point, or More",1,No,1,No,88,Not Applicable,88,Not Applicable,88,Not Applicable,88,Not Applicable,FALSE,1,Public Road,1,"Trafficway, On Road",CT0009300,New Haven PD,44053,39:03.0,O,Open,01:29.0,,,,,,,
1141841,1,Complete,1141841,1141841,41.30467616,-72.89215457,3634039,New Haven,93,93,New Haven,3/19/2024,2024,3,March,19,3,Tuesday,20:56:00,20,24011632,A,1,,Curb,"Injury of any type (Serious, Minor, Possible)",C,Possible Injury (C),0,0,4,Local,1.26,240,FRONT ST,FRONT ST,,e pearl st,115,Feet,E,41.30467616,-72.89215457,25,Curb,88,Not Applicable,1,On Roadway,1,Clear,88,Not Applicable,4,Dark-Lighted,1,Dry,99,Unknown,88,Not Applicable,88,Not Applicable,99,Unknown,88,Not Applicable,88,Not Applicable,1,Non-Junction,1,Not at Intersection,1,No,1,No,88,Not Applicable,88,Not Applicable,88,Not Applicable,88,Not Applicable,FALSE,1,Public Road,1,"Trafficway, On Road",CT0009300,New Haven PD,44057,46:25.0,C,Closed,01:35.0,,2,4143,7,LOCAL - NEW HPMS,2,Urban
1142469,1,Complete,1142469,1142469,41.328073,-72.914973,3634667,New Haven,93,93,New Haven,3/19/2024,2024,3,March,19,3,Tuesday,12:30:00,12,24011559,A,2,,Motor Vehicle In Motion,"Injury of any type (Serious, Minor, Possible)",C,Possible Injury (C),0,0,4,Local,1.29,656,WHITNEY AV,WHITNEY AV,HIGHLAND ST,,,,,41.328073,-72.914973,14,Motor Vehicle in Operation,3,Angle,1,On Roadway,1,Clear,88,Not Applicable,1,Daylight,1,Dry,0,None,88,Not Applicable,88,Not Applicable,0,None,88,Not Applicable,88,Not Applicable,2,Intersection,3,T-Intersection,1,No,1,No,88,Not Applicable,88,Not Applicable,88,Not Applicable,88,Not Applicable,FALSE,1,Public Road,1,"Trafficway, On Road",CT0009300,New Haven PD,32,48:13.0,C,Closed,00:27.0,,,,,,,
1142480,1,Complete,1142480,1142480,41.32688578,-72.92932247,3634678,New Haven,93,93,New Haven,3/20/2024,2024,3,March,20,4,Wednesday,15:18:00,15,24011761,A,2,,Motor Vehicle In Motion,"Injury of any type (Serious, Minor, Possible)",C,Possible Injury (C),0,0,4,Local,0.55,434,NEWHALL ST,NEWHALL ST,THOMPSON ST,,,,,41.32688578,-72.92932247,14,Motor Vehicle in Operation,3,Angle,1,On Roadway,2,Cloudy,88,Not Applicable,1,Daylight,1,Dry,0,None,88,Not Applicable,88,Not Applicable,0,None,88,Not Applicable,88,Not Applicable,2,Intersection,2,Four-Way Intersection,1,No,1,No,88,Not Applicable,88,Not Applicable,88,Not Applicable,88,Not Applicable,FALSE,1,Public Road,1,"Trafficway, On Road",CT0009300,New Haven PD,42048,15:05.0,C,Closed,00:26.0,,,,,,,
1142481,1,Complete,1142481,1142481,41.288736,-72.887355,3634679,New Haven,93,93,New Haven,3/20/2024,2024,3,March,20,4,Wednesday,16:29:00,16,24011763,A,2,,Motor Vehicle In Motion,"Injury of any type (Serious, Minor, Possible)",C,Possible Injury (C),0,0,2,USRoute,50.55,1,1-S,1-S,,PEAT MEADOW RD,150,Feet,E,41.288736,-72.887355,14,Motor Vehicle in Operation,1,Front to rear,1,On Roadway,2,Cloudy,88,Not Applicable,1,Daylight,1,Dry,0,None,88,Not Applicable,88,Not Applicable,0,None,88,Not Applicable,88,Not Applicable,1,Non-Junction,1,Not at Intersection,1,No,1,No,88,Not Applicable,88,Not Applicable,88,Not Applicable,88,Not Applicable,FALSE,1,Public Road,1,"Trafficway, On Road",CT0009300,New Haven PD,42367,27:53.0,C,Closed,00:26.0,,,,,,,
1142482,1,Complete,1142482,1142482,41.32079221,-72.91554945,3634680,New Haven,93,93,New Haven,3/20/2024,2024,3,March,20,4,Wednesday,17:32:00,17,24011782,A,2,,Motor Vehicle In Motion,"Injury of any type (Serious, Minor, Possible)",C,Possible Injury (C),0,0,4,Local,0.13,127,COTTAGE ST,COTTAGE ST,LIVINGSTON ST,,,,,41.32079221,-72.91554945,14,Motor Vehicle in Operation,3,Angle,1,On Roadway,4,Rain,88,Not Applicable,1,Daylight,2,Wet,0,None,88,Not Applicable,88,Not Applicable,0,None,88,Not Applicable,88,Not Applicable,2,Intersection,2,Four-Way Intersection,1,No,1,No,88,Not Applicable,88,Not Applicable,88,Not Applicable,88,Not Applicable,FALSE,1,Public Road,1,"Trafficway, On Road",CT0009300,New Haven PD,42048,58:24.0,O,Open,00:30.0,,,,,,,
1143153,1,Complete,1143153,1143153,41.324616,-72.956476,3635351,New Haven,93,93,New Haven,3/20/2024,2024,3,March,20,4,Wednesday,12:13:00,12,24011718,A,2,,Motor Vehicle In Motion,"Injury of any type (Serious, Minor, Possible)",C,Possible Injury (C),0,0,3,State,3.57,10,10-N,10-N,,JEWELL ST,30,Feet,W,41.324616,-72.956476,14,Motor Vehicle in Operation,3,Angle,1,On Roadway,1,Clear,88,Not Applicable,1,Daylight,1,Dry,0,None,88,Not Applicable,88,Not Applicable,0,None,88,Not Applicable,88,Not Applicable,9,Driveway Access-Related,1,Not at Intersection,1,No,1,No,88,Not Applicable,88,Not Applicable,88,Not Applicable,88,Not Applicable,FALSE,1,Public Road,1,"Trafficway, On Road",CT0009300,New Haven PD,238,20:18.0,C,Closed,01:45.0,,,,,,,
1143155,1,Complete,1143155,1143155,41.28965,-72.89655,3635353,New Haven,93,93,New Haven,3/20/2024,2024,3,March,20,4,Wednesday,21:31:00,21,24011828,A,2,,Motor Vehicle In Motion,"Injury of any type (Serious, Minor, Possible)",C,Possible Injury (C),0,0,1,Interstate,0.28,95,95-N-346,95-N-346,MAIN ST ANNEX,,,Feet,,41.28965,-72.89655,14,Motor Vehicle in Operation,4,"Sideswipe, same direction",1,On Roadway,1,Clear,88,Not Applicable,4,Dark-Lighted,1,Dry,0,None,88,Not Applicable,88,Not Applicable,0,None,88,Not Applicable,88,Not Applicable,2,Intersection,2,Four-Way Intersection,1,No,1,No,88,Not Applicable,88,Not Applicable,88,Not Applicable,88,Not Applicable,FALSE,1,Public Road,1,"Trafficway, On Road",CT0009300,New Haven PD,42367,10:30.0,C,Closed,01:46.0,,,,,,,
1143165,1,Complete,1143165,1143165,41.308862,-72.909784,3635363,New Haven,93,93,New Haven,3/21/2024,2024,3,March,21,5,Thursday,18:50:00,18,24011990,A,2,,Motor Vehicle In Motion,"Injury of any type (Serious, Minor, Possible)",C,Possible Injury (C),0,0,4,Local,0.49,165,EAST ST,EAST ST,GRAND AV,,,,,41.308862,-72.909784,14,Motor Vehicle in Operation,1,Front to rear,1,On Roadway,1,Clear,88,Not Applicable,1,Daylight,1,Dry,0,None,88,Not Applicable,88,Not Applicable,0,None,88,Not Applicable,88,Not Applicable,2,Intersection,2,Four-Way Intersection,1,No,1,No,88,Not Applicable,88,Not Applicable,88,Not Applicable,88,Not Applicable,FALSE,1,Public Road,1,"Trafficway, On Road",CT0009300,New Haven PD,44052,17:55.0,C,Closed,01:49.0,,,,,,,
1143512,1,Complete,1143512,1143512,41.326805,-72.964846,3635710,New Haven,93,93,New Haven,3/2/2024,2024,3,March,2,7,Saturday,7:50:00,7,24009103,A,2,,Motor Vehicle In Motion,"Injury of any type (Serious, Minor, Possible)",C,Possible Injury (C),0,0,3,State,6.39,243,243-E,243-E,BARNETT ST,,,,,41.326805,-72.964846,14,Motor Vehicle in Operation,3,Angle,1,On Roadway,2,Cloudy,88,Not Applicable,1,Daylight,2,Wet,1,Weather Conditions,88,Not Applicable,88,Not Applicable,0,None,88,Not Applicable,88,Not Applicable,2,Intersection,3,T-Intersection,1,No,1,No,88,Not Applicable,88,Not Applicable,88,Not Applicable,88,Not Applicable,FALSE,1,Public Road,1,"Trafficway, On Road",CT0009300,New Haven PD,91,57:17.0,C,Closed,00:26.0,,,,,,,
1143516,1,Complete,1143516,1143516,41.30189994,-72.93353985,3635714,New Haven,93,93,New Haven,3/18/2024,2024,3,March,18,2,Monday,0:33:00,0,24011305,A,2,,Motor Vehicle In Motion,"Injury of any type (Serious, Minor, Possible)",C,Possible Injury (C),0,1,4,Local,0.79,123,CONGRESS AV,CONGRESS AV,CEDAR ST NO 3,,,,,41.30189994,-72.93353985,14,Motor Vehicle in Operation,3,Angle,1,On Roadway,1,Clear,88,Not Applicable,4,Dark-Lighted,1,Dry,99,Unknown,88,Not Applicable,88,Not Applicable,99,Unknown,88,Not Applicable,88,Not Applicable,2,Intersection,2,Four-Way Intersection,1,No,1,No,88,Not Applicable,88,Not Applicable,88,Not Applicable,88,Not Applicable,TRUE,1,Public Road,1,"Trafficway, On Road",CT0009300,New Haven PD,43690,43:29.0,C,Closed,00:29.0,,,,,,,
1143520,1,Complete,1143520,1143520,41.31642456,-72.94161566,3635718,New Haven,93,93,New Haven,3/20/2024,2024,3,March,20,4,Wednesday,14:53:00,14,24011793,A,2,,Motor Vehicle In Motion,"Injury of any type (Serious, Minor, Possible)",C,Possible Injury (C),0,0,4,Local,0.43,653,WHALLEY AV,WHALLEY AV,,SHERMAN AVENUE,195,Feet,E,41.31642456,-72.94161566,14,Motor Vehicle in Operation,97,Other,1,On Roadway,4,Rain,88,Not Applicable,1,Daylight,2,Wet,1,Weather Conditions,88,Not Applicable,88,Not Applicable,0,None,88,Not Applicable,88,Not Applicable,9,Driveway Access-Related,1,Not at Intersection,1,No,1,No,88,Not Applicable,88,Not Applicable,88,Not Applicable,88,Not Applicable,FALSE,1,Public Road,1,"Trafficway, On Road",CT0009300,New Haven PD,44062,46:43.0,C,Closed,00:24.0,,,,,,,
1143527,1,Complete,1143527,1143527,41.32398692,-72.88178601,3635725,New Haven,93,93,New Haven,3/22/2024,2024,3,March,22,6,Friday,12:22:00,12,24012080,A,2,,Motor Vehicle In Motion,"Injury of any type (Serious, Minor, Possible)",C,Possible Injury (C),0,0,3,State,0.2,17,17-S,17-S,,91-N-16 (Exit 8),50,Feet,W,41.32398692,-72.88178601,14,Motor Vehicle in Operation,1,Front to rear,1,On Roadway,1,Clear,88,Not Applicable,1,Daylight,1,Dry,0,None,88,Not Applicable,88,Not Applicable,0,None,88,Not Applicable,88,Not Applicable,1,Non-Junction,1,Not at Intersection,1,No,1,No,88,Not Applicable,88,Not Applicable,88,Not Applicable,88,Not Applicable,FALSE,1,Public Road,1,"Trafficway, On Road",CT0009300,New Haven PD,180,48:39.0,C,Closed,00:25.0,24012080,,,,,,
1143531,1,Complete,1143531,1143531,41.3270695,-72.91544588,3635729,New Haven,93,93,New Haven,3/22/2024,2024,3,March,22,6,Friday,17:36:00,17,24012142,A,2,,Motor Vehicle In Motion,"Injury of any type (Serious, Minor, Possible)",C,Possible Injury (C),0,0,4,Local,1.21,656,WHITNEY AV,WHITNEY AV,,COLD SPRING DR,385,Feet,N,41.3270695,-72.91544588,14,Motor Vehicle in Operation,3,Angle,1,On Roadway,1,Clear,88,Not Applicable,1,Daylight,1,Dry,0,None,88,Not Applicable,88,Not Applicable,0,None,88,Not Applicable,88,Not Applicable,9,Driveway Access-Related,1,Not at Intersection,1,No,1,No,88,Not Applicable,88,Not Applicable,88,Not Applicable,88,Not Applicable,TRUE,1,Public Road,1,"Trafficway, On Road",CT0009300,New Haven PD,45393,58:07.0,C,Closed,00:34.0,,,,,,,
1143532,1,Complete,1143532,1143532,41.30652924,-72.89497959,3635730,New Haven,93,93,New Haven,3/22/2024,2024,3,March,22,6,Friday,19:36:00,19,24012162,A,2,,Motor Vehicle In Motion,"Injury of any type (Serious, Minor, Possible)",C,Possible Injury (C),0,0,4,Local,0.93,213,FERRY ST,FERRY ST,WOLCOTT ST,,,,,41.30652924,-72.89497959,14,Motor Vehicle in Operation,3,Angle,1,On Roadway,1,Clear,88,Not Applicable,4,Dark-Lighted,1,Dry,0,None,88,Not Applicable,88,Not Applicable,0,None,88,Not Applicable,88,Not Applicable,2,Intersection,3,T-Intersection,1,No,1,No,88,Not Applicable,88,Not Applicable,88,Not Applicable,88,Not Applicable,FALSE,1,Public Road,1,"Trafficway, On Road",CT0009300,New Haven PD,45629,55:24.0,C,Closed,00:29.0,,,,,,,
1143533,1,Complete,1143533,1143533,41.33150794,-72.97360383,3635731,New Haven,93,93,New Haven,3/22/2024,2024,3,March,22,6,Friday,20:40:00,20,24012174,A,1,,Pedestrian,"Injury of any type (Serious, Minor, Possible)",B,Suspected Minor Injury (B),1,1,3,State,1.02,63,63-N,63-N,,ANTHONY ST,200,Feet,S,41.33150794,-72.97360383,9,Pedestrian,88,Not Applicable,1,On Roadway,2,Cloudy,88,Not Applicable,4,Dark-Lighted,1,Dry,0,None,88,Not Applicable,88,Not Applicable,0,None,88,Not Applicable,88,Not Applicable,1,Non-Junction,1,Not at Intersection,1,No,1,No,88,Not Applicable,88,Not Applicable,88,Not Applicable,88,Not Applicable,FALSE,1,Public Road,1,"Trafficway, On Road",CT0009300,New Haven PD,170,34:55.0,C,Closed,00:32.0,,4,22900,3,PRINCIPAL ARTERIAL - OTHER - NEW HPMS,2,Urban
1143536,1,Complete,1143536,1143536,41.308499,-72.903017,3635734,New Haven,93,93,New Haven,3/23/2024,2024,3,March,23,7,Saturday,1:54:00,1,24012193,A,2,,Motor Vehicle In Motion,"Injury of any type (Serious, Minor, Possible)",B,Suspected Minor Injury (B),0,0,4,Local,0.91,264,GRAND AV,GRAND AV,,JAMES ST,30,Feet,E,41.308499,-72.903017,14,Motor Vehicle in Operation,1,Front to rear,1,On Roadway,1,Clear,88,Not Applicable,4,Dark-Lighted,1,Dry,0,None,88,Not Applicable,88,Not Applicable,0,None,88,Not Applicable,88,Not Applicable,2,Intersection,2,Four-Way Intersection,1,No,1,No,88,Not Applicable,88,Not Applicable,88,Not Applicable,88,Not Applicable,FALSE,1,Public Road,1,"Trafficway, On Road",CT0009300,New Haven PD,42055,28:57.0,O,Open,00:30.0,,,,,,,
1143539,1,Complete,1143539,1143539,41.31562843,-72.93494147,3635737,New Haven,93,93,New Haven,3/23/2024,2024,3,March,23,7,Saturday,13:15:00,13,24012227,A,2,,Motor Vehicle In Motion,"Injury of any type (Serious, Minor, Possible)",C,Possible Injury (C),0,0,4,Local,0.48,257,GOFFE ST,GOFFE ST,WEBSTER ST,,,,,41.31562843,-72.93494147,14,Motor Vehicle in Operation,3,Angle,1,On Roadway,4,Rain,88,Not Applicable,1,Daylight,2,Wet,0,None,88,Not Applicable,88,Not Applicable,0,None,88,Not Applicable,88,Not Applicable,2,Intersection,2,Four-Way Intersection,1,No,1,No,88,Not Applicable,88,Not Applicable,88,Not Applicable,88,Not Applicable,FALSE,1,Public Road,1,"Trafficway, On Road",CT0009300,New Haven PD,45393,34:57.0,C,Closed,00:37.0,,,,,,,
1143548,1,Complete,1143548,1143548,41.32007881,-72.87166525,3635746,New Haven,93,93,New Haven,3/24/2024,2024,3,March,24,1,Sunday,17:12:00,17,24012354,A,1,,Pedestrian,"Injury of any type (Serious, Minor, Possible)",C,Possible Injury (C),1,0,3,State,0.57,80,80-E,80-E,EASTERN ST,,,,,41.32007881,-72.87166525,9,Pedestrian,88,Not Applicable,1,On Roadway,1,Clear,88,Not Applicable,1,Daylight,1,Dry,0,None,88,Not Applicable,88,Not Applicable,3,Backup Due to Regular Congestion,88,Not Applicable,88,Not Applicable,2,Intersection,2,Four-Way Intersection,1,No,1,No,88,Not Applicable,88,Not Applicable,88,Not Applicable,88,Not Applicable,TRUE,1,Public Road,1,"Trafficway, On Road",CT0009300,New Haven PD,409,56:26.0,C,Closed,00:42.0,,4,32100,3,PRINCIPAL ARTERIAL - OTHER - NEW HPMS,2,Urban
1144061,1,Complete,1144061,1144061,41.296813,-72.892795,3636259,New Haven,93,93,New Haven,3/17/2024,2024,3,March,17,1,Sunday,15:09:00,15,24011273,A,3,,Motor Vehicle In Motion,"Injury of any type (Serious, Minor, Possible)",C,Possible Injury (C),0,0,4,Local,0.17,210,FARREN AV,FARREN AV,,FULTON ST,50,Feet,S,41.296813,-72.892795,14,Motor Vehicle in Operation,5,"Sideswipe, opposite direction",1,On Roadway,1,Clear,88,Not Applicable,1,Daylight,1,Dry,0,None,88,Not Applicable,88,Not Applicable,0,None,88,Not Applicable,88,Not Applicable,1,Non-Junction,1,Not at Intersection,1,No,1,No,88,Not Applicable,88,Not Applicable,88,Not Applicable,88,Not Applicable,TRUE,1,Public Road,1,"Trafficway, On Road",CT0009300,New Haven PD,279,35:14.0,C,Closed,00:01.0,,,,,,,