CrashId,Fatal Case Status,Fatal Case Status Text Format,CrashId,CrashId,Latitude,Longitude,DOT Case Number,Town Name,Town Number,Town Number,Town Number Text Format,Date Of Crash,Year,Month,Month Text Format,Day,Day of the Week,Day of the Week Text Format,Time of Crash,Hour of the Day,Case Identifier,Crash Severity,Number Of Motor Vehicles,Motor vehicle action,Most harmful event,Crash Severity Text Format,Most Severe Injury,Most Severe Injury Text Format,Number Of Non-Motorist,Number Of Witnesses,Route Class,Route Class Text Format,Milemarker,Road Number,Road Description,Roadway Name,Intersecting Roadway Name,Landmark Description,Distance From Nearest Landmark,Unit Of Measure From Nearest Landmark,Direction From Nearest Landmark,Latitude,Longitude,First Harmful Event,First Harmful Event Text Format,Manner of Crash / Collision Impact,Manner of Crash / Collision Impact Text Format,Location of First Harmful Event,Location of First Harmful Event Text Format,Weather Condition,Weather Condition Text Format,Weather 2,Weather 2 Text Format,Light Condition,Light Condition Text Format,Road Surface Condition,Road Surface Condition Text Format,"Contributing Circumstances, Environment","Contributing Circumstances, Environment Text Format",Environment 2,Environment 2 Text Format,Environment 3,Environment 3 Text Format,"Contributing Circumstances, Road","Contributing Circumstances, Road Text Format",Road 2,Road 2 Text Format,Road 3,Road 3 Text Format,Crash Specific Location,Crash Specific Location Text Format,Type of Intersection,Type of Intersection Text Format,School Bus Related,School Bus Related Text Format,Work Zone Related,Work Zone Related Text Format,Location Of Crash Relative To Work Zone,Location Of Crash Relative To Work Zone Text Format,Type of Work Zone,Type of Work Zone Text Format,Worker Presence,Worker Presence Text Format,Law Enforcement Presence,Law Enforcement Presence Text Format,Were Vehicles Moved Prior To Police Arrival,Trafficway Ownership,Trafficway Ownership Text Format,Trafficway Class,Trafficway Class Text Format,Police Agency,Police Agency Text Format,Badge Number,Approval Date,Police Case Status,Police Case Status Text Format,Crash Report Submission Date,Related Case Identifiers,No. of Through Lanes (Log Dir.),Average Daily Traffic,Functional Classification,Functional Classification Text Format,Rural or Urban,Rural or Urban Text Format
1144066,1,Complete,1144066,1144066,41.31613,-72.941022,3636264,New Haven,93,93,New Haven,3/24/2024,2024,3,March,24,1,Sunday,15:48:00,15,24012325,A,2,,Motor Vehicle In Motion,"Injury of any type (Serious, Minor, Possible)",C,Possible Injury (C),0,1,4,Local,0.46,653,WHALLEY AV,WHALLEY AV,,HUDSON ST,120,Feet,E,41.31613,-72.941022,14,Motor Vehicle in Operation,3,Angle,1,On Roadway,1,Clear,88,Not Applicable,1,Daylight,1,Dry,99,Unknown,88,Not Applicable,88,Not Applicable,0,None,88,Not Applicable,88,Not Applicable,1,Non-Junction,1,Not at Intersection,1,No,1,No,88,Not Applicable,88,Not Applicable,88,Not Applicable,88,Not Applicable,FALSE,1,Public Road,1,"Trafficway, On Road",CT0009300,New Haven PD,45984,45:01.0,O,Open,00:02.0,,,,,,,
1144068,1,Complete,1144068,1144068,41.31908562,-72.91406045,3636266,New Haven,93,93,New Haven,3/25/2024,2024,3,March,25,2,Monday,16:13:00,16,24012522,A,2,,Motor Vehicle In Motion,"Injury of any type (Serious, Minor, Possible)",C,Possible Injury (C),0,0,4,Local,0.64,450,ORANGE ST NO 1,ORANGE ST NO 1,LAWRENCE ST NO 1,,,,,41.31908562,-72.91406045,14,Motor Vehicle in Operation,3,Angle,1,On Roadway,1,Clear,88,Not Applicable,1,Daylight,1,Dry,0,None,88,Not Applicable,88,Not Applicable,0,None,88,Not Applicable,88,Not Applicable,2,Intersection,2,Four-Way Intersection,1,No,1,No,88,Not Applicable,88,Not Applicable,88,Not Applicable,88,Not Applicable,TRUE,1,Public Road,1,"Trafficway, On Road",CT0009300,New Haven PD,30,35:22.0,C,Closed,00:05.0,NONE,,,,,,
1144069,1,Complete,1144069,1144069,41.29806706,-72.9378774,3636267,New Haven,93,93,New Haven,3/25/2024,2024,3,March,25,2,Monday,16:02:00,16,24012562,A,2,,Motor Vehicle In Motion,"Injury of any type (Serious, Minor, Possible)",C,Possible Injury (C),0,0,4,Local,0.15,19,ARCH ST,ARCH ST,,COLUMBUS AVE,100,Feet,N,41.29806706,-72.9378774,14,Motor Vehicle in Operation,4,"Sideswipe, same direction",1,On Roadway,1,Clear,88,Not Applicable,1,Daylight,1,Dry,0,None,88,Not Applicable,88,Not Applicable,0,None,88,Not Applicable,88,Not Applicable,1,Non-Junction,1,Not at Intersection,1,No,1,No,88,Not Applicable,88,Not Applicable,88,Not Applicable,88,Not Applicable,FALSE,1,Public Road,1,"Trafficway, On Road",CT0009300,New Haven PD,45389,00:06.0,C,Closed,00:07.0,,,,,,,
1144343,1,Complete,1144343,1144343,41.292844,-72.89644,3636541,New Haven,93,93,New Haven,3/13/2024,2024,3,March,13,4,Wednesday,18:09:00,18,24010701,A,2,,Motor Vehicle In Motion,"Injury of any type (Serious, Minor, Possible)",C,Possible Injury (C),0,0,2,USRoute,49.91,1,1-N,1-N,CHAMBERLAIN ST,,,,,41.292844,-72.89644,14,Motor Vehicle in Operation,4,"Sideswipe, same direction",1,On Roadway,1,Clear,88,Not Applicable,1,Daylight,1,Dry,0,None,88,Not Applicable,88,Not Applicable,0,None,88,Not Applicable,88,Not Applicable,2,Intersection,3,T-Intersection,1,No,1,No,88,Not Applicable,88,Not Applicable,88,Not Applicable,88,Not Applicable,FALSE,1,Public Road,1,"Trafficway, On Road",CT0009300,New Haven PD,266,43:58.0,C,Closed,01:49.0,,,,,,,
1144346,1,Complete,1144346,1144346,41.298674,-72.929216,3636544,New Haven,93,93,New Haven,3/21/2024,2024,3,March,21,5,Thursday,16:42:00,16,24011970,A,2,,Motor Vehicle In Motion,"Injury of any type (Serious, Minor, Possible)",C,Possible Injury (C),0,0,2,USRoute,47.67,1,1-N,1-N,1-S,,,,,41.298674,-72.929216,14,Motor Vehicle in Operation,3,Angle,1,On Roadway,1,Clear,88,Not Applicable,1,Daylight,1,Dry,0,None,88,Not Applicable,88,Not Applicable,0,None,88,Not Applicable,88,Not Applicable,2,Intersection,2,Four-Way Intersection,1,No,1,No,88,Not Applicable,88,Not Applicable,88,Not Applicable,88,Not Applicable,FALSE,1,Public Road,1,"Trafficway, On Road",CT0009300,New Haven PD,44056,11:59.0,O,Open,01:52.0,,,,,,,
1144351,1,Complete,1144351,1144351,41.28549,-72.92941,3636549,New Haven,93,93,New Haven,3/26/2024,2024,3,March,26,3,Tuesday,10:09:00,10,24012648,A,1,,Curb,"Injury of any type (Serious, Minor, Possible)",B,Suspected Minor Injury (B),0,0,4,Local,0,359,SARGENT DR,SARGENT DR,HALLOCK AVE,,,,,41.28549,-72.92941,25,Curb,88,Not Applicable,1,On Roadway,1,Clear,88,Not Applicable,1,Daylight,1,Dry,0,None,88,Not Applicable,88,Not Applicable,0,None,88,Not Applicable,88,Not Applicable,2,Intersection,3,T-Intersection,1,No,1,No,88,Not Applicable,88,Not Applicable,88,Not Applicable,88,Not Applicable,FALSE,1,Public Road,1,"Trafficway, On Road",CT0009300,New Haven PD,45394,18:14.0,C,Closed,01:46.0,,2,11400,3,PRINCIPAL ARTERIAL - OTHER - NEW HPMS,2,Urban
1144353,1,Complete,1144353,1144353,41.31984,-72.906078,3636551,New Haven,93,93,New Haven,3/26/2024,2024,3,March,26,3,Tuesday,10:49:00,10,24012663,A,2,,Motor Vehicle In Motion,"Injury of any type (Serious, Minor, Possible)",C,Possible Injury (C),0,0,4,Local,0.3,666,WILLOW ST,WILLOW ST,,MITCHELL DR,50,Feet,E,41.31984,-72.906078,14,Motor Vehicle in Operation,1,Front to rear,1,On Roadway,1,Clear,88,Not Applicable,1,Daylight,1,Dry,0,None,88,Not Applicable,88,Not Applicable,0,None,88,Not Applicable,88,Not Applicable,1,Non-Junction,1,Not at Intersection,1,No,1,No,88,Not Applicable,88,Not Applicable,88,Not Applicable,88,Not Applicable,FALSE,1,Public Road,1,"Trafficway, On Road",CT0009300,New Haven PD,32,36:02.0,C,Closed,01:49.0,,,,,,,
1144356,1,Complete,1144356,1144356,41.30889,-72.909835,3636554,New Haven,93,93,New Haven,3/26/2024,2024,3,March,26,3,Tuesday,14:51:00,14,24012708,A,2,,Motor Vehicle In Motion,"Injury of any type (Serious, Minor, Possible)",C,Possible Injury (C),0,1,4,Local,1.26,264,GRAND AV,GRAND AV,EAST ST,,,,,41.30889,-72.909835,14,Motor Vehicle in Operation,3,Angle,1,On Roadway,1,Clear,88,Not Applicable,1,Daylight,1,Dry,0,None,88,Not Applicable,88,Not Applicable,0,None,88,Not Applicable,88,Not Applicable,3,Intersection-Related,2,Four-Way Intersection,1,No,1,No,88,Not Applicable,88,Not Applicable,88,Not Applicable,88,Not Applicable,FALSE,1,Public Road,1,"Trafficway, On Road",CT0009300,New Haven PD,44052,37:40.0,C,Closed,01:51.0,,,,,,,
1144360,1,Complete,1144360,1144360,41.28496518,-72.93725881,3636558,New Haven,93,93,New Haven,3/26/2024,2024,3,March,26,3,Tuesday,21:38:00,21,24012786,A,2,,Motor Vehicle In Motion,"Injury of any type (Serious, Minor, Possible)",C,Possible Injury (C),0,0,,,,,317 kimberly ave,317 kimberly ave,,kimberly ave,60,Feet,W,41.28496518,-72.93725881,14,Motor Vehicle in Operation,3,Angle,1,On Roadway,1,Clear,88,Not Applicable,4,Dark-Lighted,1,Dry,99,Unknown,88,Not Applicable,88,Not Applicable,99,Unknown,88,Not Applicable,88,Not Applicable,1,Non-Junction,1,Not at Intersection,1,No,1,No,88,Not Applicable,88,Not Applicable,88,Not Applicable,88,Not Applicable,TRUE,2,Private Road,2,"Trafficway, Not on Road",CT0009300,New Haven PD,40947,17:55.0,C,Closed,01:53.0,,,,,,,
1144615,1,Complete,1144615,1144615,41.326612,-72.879782,3636813,New Haven,93,93,New Haven,3/27/2024,2024,3,March,27,4,Wednesday,13:36:00,13,24012879,A,2,,Motor Vehicle In Motion,"Injury of any type (Serious, Minor, Possible)",C,Possible Injury (C),0,0,3,State,0.43,17,17-N,17-N,,BARNES AVENUE,100,Feet,S,41.326612,-72.879782,14,Motor Vehicle in Operation,1,Front to rear,1,On Roadway,1,Clear,88,Not Applicable,1,Daylight,1,Dry,0,None,88,Not Applicable,88,Not Applicable,0,None,88,Not Applicable,88,Not Applicable,1,Non-Junction,1,Not at Intersection,1,No,1,No,88,Not Applicable,88,Not Applicable,88,Not Applicable,88,Not Applicable,FALSE,1,Public Road,1,"Trafficway, On Road",CT0009300,New Haven PD,180,24:23.0,C,Closed,00:29.0,24012879,,,,,,
1144616,1,Complete,1144616,1144616,41.31513246,-72.8969948,3636814,New Haven,93,93,New Haven,3/27/2024,2024,3,March,27,4,Wednesday,14:54:00,14,24012881,A,2,,Motor Vehicle In Motion,"Injury of any type (Serious, Minor, Possible)",C,Possible Injury (C),0,0,4,Local,0.32,213,FERRY ST,FERRY ST,LOMBARD ST,,,,,41.31513246,-72.8969948,14,Motor Vehicle in Operation,3,Angle,1,On Roadway,1,Clear,88,Not Applicable,1,Daylight,1,Dry,0,None,88,Not Applicable,88,Not Applicable,0,None,88,Not Applicable,88,Not Applicable,2,Intersection,2,Four-Way Intersection,1,No,1,No,88,Not Applicable,88,Not Applicable,88,Not Applicable,88,Not Applicable,FALSE,1,Public Road,1,"Trafficway, On Road",CT0009300,New Haven PD,44062,30:28.0,C,Closed,00:33.0,,,,,,,
1144943,1,Complete,1144943,1144943,41.311371,-72.944588,3637141,New Haven,93,93,New Haven,3/27/2024,2024,3,March,27,4,Wednesday,14:52:00,14,24012880,A,2,,Motor Vehicle In Motion,"Injury of any type (Serious, Minor, Possible)",C,Possible Injury (C),0,0,4,Local,0.39,556,SHERMAN AV,SHERMAN AV,CHAPEL ST,,,,,41.311371,-72.944588,14,Motor Vehicle in Operation,3,Angle,1,On Roadway,1,Clear,88,Not Applicable,1,Daylight,1,Dry,0,None,88,Not Applicable,88,Not Applicable,0,None,88,Not Applicable,88,Not Applicable,2,Intersection,2,Four-Way Intersection,1,No,1,No,88,Not Applicable,88,Not Applicable,88,Not Applicable,88,Not Applicable,TRUE,1,Public Road,1,"Trafficway, On Road",CT0009300,New Haven PD,39,39:45.0,C,Closed,00:35.0,,,,,,,
1144950,1,Complete,1144950,1144950,41.30138329,-72.92407088,3637148,New Haven,93,93,New Haven,3/28/2024,2024,3,March,28,5,Thursday,12:58:00,12,24013041,A,2,,Motor Vehicle In Motion,"Injury of any type (Serious, Minor, Possible)",C,Possible Injury (C),0,0,2,USRoute,48.26,1,1-N,1-N,STATE ST NORTH,,,,,41.30138329,-72.92407088,14,Motor Vehicle in Operation,3,Angle,1,On Roadway,4,Rain,2,Cloudy,1,Daylight,2,Wet,0,None,88,Not Applicable,88,Not Applicable,0,None,88,Not Applicable,88,Not Applicable,2,Intersection,8,"Five-Point, or More",1,No,1,No,88,Not Applicable,88,Not Applicable,88,Not Applicable,88,Not Applicable,FALSE,1,Public Road,1,"Trafficway, On Road",CT0009300,New Haven PD,165,40:02.0,C,Closed,00:33.0,,,,,,,
1144954,1,Complete,1144954,1144954,41.30708502,-72.93859443,3637152,New Haven,93,93,New Haven,3/28/2024,2024,3,March,28,5,Thursday,20:29:00,20,24013090,A,3,,Motor Vehicle In Motion,"Injury of any type (Serious, Minor, Possible)",C,Possible Injury (C),0,0,4,Local,0.82,809,REV DR MLK JR BLVD,REV DR MLK JR BLVD,,DWIGHT ST,35,Feet,E,41.30708502,-72.93859443,14,Motor Vehicle in Operation,1,Front to rear,1,On Roadway,4,Rain,88,Not Applicable,4,Dark-Lighted,2,Wet,0,None,88,Not Applicable,88,Not Applicable,0,None,88,Not Applicable,88,Not Applicable,3,Intersection-Related,2,Four-Way Intersection,1,No,1,No,88,Not Applicable,88,Not Applicable,88,Not Applicable,88,Not Applicable,FALSE,1,Public Road,1,"Trafficway, On Road",CT0009300,New Haven PD,44045,51:55.0,C,Closed,00:38.0,,,,,,,
1145325,1,Complete,1145325,1145325,41.305617,-72.935981,3637523,New Haven,93,93,New Haven,3/22/2024,2024,3,March,22,6,Friday,10:14:00,10,24012069,A,2,,Motor Vehicle In Motion,"Injury of any type (Serious, Minor, Possible)",B,Suspected Minor Injury (B),0,2,4,Local,0.08,565,SOUTH FRONTAGE RD-RT 34,SOUTH FRONTAGE RD-RT 34,PARK ST,,,,,41.305617,-72.935981,14,Motor Vehicle in Operation,3,Angle,1,On Roadway,1,Clear,88,Not Applicable,1,Daylight,1,Dry,0,None,88,Not Applicable,88,Not Applicable,0,None,88,Not Applicable,88,Not Applicable,2,Intersection,2,Four-Way Intersection,1,No,1,No,88,Not Applicable,88,Not Applicable,88,Not Applicable,88,Not Applicable,FALSE,1,Public Road,1,"Trafficway, On Road",CT0009300,New Haven PD,301,09:41.0,C,Closed,01:33.0,,,,,,,
1145330,1,Complete,1145330,1145330,41.31630271,-72.9669948,3637528,New Haven,93,93,New Haven,3/24/2024,2024,3,March,24,1,Sunday,19:34:00,19,24012355,A,2,,Motor Vehicle In Motion,"Injury of any type (Serious, Minor, Possible)",C,Possible Injury (C),0,0,4,Local,4.05,97,CHAPEL ST,CHAPEL ST,ALDEN AV,,,,,41.31630271,-72.9669948,14,Motor Vehicle in Operation,3,Angle,1,On Roadway,1,Clear,88,Not Applicable,1,Daylight,1,Dry,0,None,88,Not Applicable,88,Not Applicable,0,None,88,Not Applicable,88,Not Applicable,3,Intersection-Related,2,Four-Way Intersection,1,No,1,No,88,Not Applicable,88,Not Applicable,88,Not Applicable,88,Not Applicable,FALSE,1,Public Road,1,"Trafficway, On Road",CT0009300,New Haven PD,45403,44:31.0,O,Open,01:39.0,,,,,,,
1145331,1,Complete,1145331,1145331,41.3187379,-72.8995882,3637529,New Haven,93,93,New Haven,3/24/2024,2024,3,March,24,1,Sunday,17:41:00,17,24012361,A,2,,Motor Vehicle In Motion,"Injury of any type (Serious, Minor, Possible)",C,Possible Injury (C),0,0,2,USRoute,0.29,5,5-N,5-N,WARREN PL,,,,,41.3187379,-72.8995882,14,Motor Vehicle in Operation,3,Angle,1,On Roadway,1,Clear,88,Not Applicable,1,Daylight,1,Dry,0,None,88,Not Applicable,88,Not Applicable,0,None,88,Not Applicable,88,Not Applicable,2,Intersection,3,T-Intersection,1,No,1,No,88,Not Applicable,88,Not Applicable,88,Not Applicable,88,Not Applicable,FALSE,1,Public Road,1,"Trafficway, On Road",CT0009300,New Haven PD,45699,06:34.0,C,Closed,01:41.0,,,,,,,
1145333,1,Complete,1145333,1145333,41.312509,-72.920334,3637531,New Haven,93,93,New Haven,3/25/2024,2024,3,March,25,2,Monday,15:19:00,15,24012537,A,2,,Motor Vehicle In Motion,"Injury of any type (Serious, Minor, Possible)",C,Possible Injury (C),0,0,4,Local,0.26,601,TRUMBULL ST,TRUMBULL ST,,LINCOLN ST,25,Feet,W,41.312509,-72.920334,14,Motor Vehicle in Operation,1,Front to rear,1,On Roadway,1,Clear,88,Not Applicable,1,Daylight,1,Dry,0,None,88,Not Applicable,88,Not Applicable,0,None,88,Not Applicable,88,Not Applicable,3,Intersection-Related,2,Four-Way Intersection,1,No,1,No,88,Not Applicable,88,Not Applicable,88,Not Applicable,88,Not Applicable,TRUE,1,Public Road,1,"Trafficway, On Road",CT0009300,New Haven PD,45403,44:16.0,C,Closed,01:40.0,,,,,,,
1145335,1,Complete,1145335,1145335,41.31460222,-72.9006444,3637533,New Haven,93,93,New Haven,3/26/2024,2024,3,March,26,3,Tuesday,20:03:00,20,24012775,A,2,,Motor Vehicle In Motion,"Injury of any type (Serious, Minor, Possible)",C,Possible Injury (C),0,0,4,Local,0.18,379,LOMBARD ST,LOMBARD ST,BLATCHLEY AV,,,,,41.31460222,-72.9006444,14,Motor Vehicle in Operation,3,Angle,1,On Roadway,1,Clear,88,Not Applicable,4,Dark-Lighted,1,Dry,0,None,88,Not Applicable,88,Not Applicable,0,None,88,Not Applicable,88,Not Applicable,2,Intersection,2,Four-Way Intersection,1,No,1,No,88,Not Applicable,88,Not Applicable,88,Not Applicable,88,Not Applicable,FALSE,1,Public Road,1,"Trafficway, On Road",CT0009300,New Haven PD,45698,17:29.0,C,Closed,01:29.0,,,,,,,
1145336,1,Complete,1145336,1145336,41.30161492,-72.92739017,3637534,New Haven,93,93,New Haven,3/27/2024,2024,3,March,27,4,Wednesday,15:45:00,15,24012903,A,3,,Motor Vehicle In Motion,"Injury of any type (Serious, Minor, Possible)",C,Possible Injury (C),0,1,4,Local,0.35,564,SOUTH FRONTAGE RD,SOUTH FRONTAGE RD,,S Orange St,85,Feet,W,41.30161492,-72.92739017,14,Motor Vehicle in Operation,1,Front to rear,1,On Roadway,2,Cloudy,88,Not Applicable,1,Daylight,1,Dry,0,None,88,Not Applicable,88,Not Applicable,0,None,88,Not Applicable,88,Not Applicable,3,Intersection-Related,2,Four-Way Intersection,1,No,1,No,88,Not Applicable,88,Not Applicable,88,Not Applicable,88,Not Applicable,FALSE,1,Public Road,1,"Trafficway, On Road",CT0009300,New Haven PD,44952,18:08.0,C,Closed,01:42.0,,,,,,,
1145337,1,Complete,1145337,1145337,41.3036,-72.9314,3637535,New Haven,93,93,New Haven,3/27/2024,2024,3,March,27,4,Wednesday,19:36:00,19,24012965,A,3,,Motor Vehicle In Motion,"Injury of any type (Serious, Minor, Possible)",B,Suspected Minor Injury (B),0,0,4,Local,0.09,564,SOUTH FRONTAGE RD,SOUTH FRONTAGE RD,COLLEGE ST,,,,,41.3036,-72.9314,14,Motor Vehicle in Operation,3,Angle,1,On Roadway,4,Rain,88,Not Applicable,4,Dark-Lighted,2,Wet,0,None,88,Not Applicable,88,Not Applicable,0,None,88,Not Applicable,88,Not Applicable,2,Intersection,2,Four-Way Intersection,1,No,1,No,88,Not Applicable,88,Not Applicable,88,Not Applicable,88,Not Applicable,FALSE,1,Public Road,1,"Trafficway, On Road",CT0009300,New Haven PD,45389,28:32.0,C,Closed,01:46.0,,,,,,,
1145340,1,Complete,1145340,1145340,41.34316,-72.961949,3637538,New Haven,93,93,New Haven,3/28/2024,2024,3,March,28,5,Thursday,21:22:00,21,24013094,A,1,,Utility Pole,"Injury of any type (Serious, Minor, Possible)",B,Suspected Minor Injury (B),0,0,4,Local,1,671,WINTERGREEN AV,WINTERGREEN AV,BROOKSIDE AV,,,,,41.34316,-72.961949,33,Utility Pole/Light Support,88,Not Applicable,4,Roadside,4,Rain,88,Not Applicable,4,Dark-Lighted,2,Wet,4,Animal(s) in Roadway,1,Weather Conditions,88,Not Applicable,0,None,88,Not Applicable,88,Not Applicable,2,Intersection,2,Four-Way Intersection,1,No,1,No,88,Not Applicable,88,Not Applicable,88,Not Applicable,88,Not Applicable,FALSE,1,Public Road,1,"Trafficway, On Road",CT0009300,New Haven PD,44062,09:26.0,C,Closed,01:30.0,,2,2800,7,LOCAL - NEW HPMS,2,Urban
1145341,1,Complete,1145341,1145341,41.315678,-72.934905,3637539,New Haven,93,93,New Haven,3/29/2024,2024,3,March,29,6,Friday,0:44:00,0,24013115,A,2,,Motor Vehicle In Motion,"Injury of any type (Serious, Minor, Possible)",C,Possible Injury (C),0,0,4,Local,0.48,257,GOFFE ST,GOFFE ST,WEBSTER ST,,,,,41.315678,-72.934905,14,Motor Vehicle in Operation,3,Angle,1,On Roadway,4,Rain,88,Not Applicable,4,Dark-Lighted,2,Wet,0,None,88,Not Applicable,88,Not Applicable,0,None,88,Not Applicable,88,Not Applicable,2,Intersection,2,Four-Way Intersection,1,No,1,No,88,Not Applicable,88,Not Applicable,88,Not Applicable,88,Not Applicable,TRUE,1,Public Road,1,"Trafficway, On Road",CT0009300,New Haven PD,82,49:34.0,C,Closed,01:38.0,,,,,,,
1145351,1,Complete,1145351,1145351,41.327973,-72.950293,3637549,New Haven,93,93,New Haven,3/30/2024,2024,3,March,30,7,Saturday,8:49:00,8,24013290,A,2,,Motor Vehicle In Motion,"Injury of any type (Serious, Minor, Possible)",B,Suspected Minor Injury (B),0,0,4,Local,0.21,149,DIAMOND ST,DIAMOND ST,DYER ST,,,,,41.327973,-72.950293,14,Motor Vehicle in Operation,3,Angle,1,On Roadway,1,Clear,88,Not Applicable,1,Daylight,1,Dry,0,None,88,Not Applicable,88,Not Applicable,0,None,88,Not Applicable,88,Not Applicable,2,Intersection,2,Four-Way Intersection,1,No,1,No,88,Not Applicable,88,Not Applicable,88,Not Applicable,88,Not Applicable,TRUE,1,Public Road,1,"Trafficway, On Road",CT0009300,New Haven PD,359,05:26.0,C,Closed,01:31.0,,,,,,,
1145359,1,Complete,1145359,1145359,41.312929,-72.89641,3637557,New Haven,93,93,New Haven,3/30/2024,2024,3,March,30,7,Saturday,23:15:00,23,24013372,A,3,,Motor Vehicle In Motion,"Injury of any type (Serious, Minor, Possible)",C,Possible Injury (C),0,0,4,Local,0.48,213,FERRY ST,FERRY ST,,GRAFTON ST,40,Feet,S,41.312929,-72.89641,14,Motor Vehicle in Operation,1,Front to rear,1,On Roadway,1,Clear,88,Not Applicable,4,Dark-Lighted,1,Dry,0,None,88,Not Applicable,88,Not Applicable,0,None,88,Not Applicable,88,Not Applicable,3,Intersection-Related,3,T-Intersection,1,No,1,No,88,Not Applicable,88,Not Applicable,88,Not Applicable,88,Not Applicable,FALSE,1,Public Road,1,"Trafficway, On Road",CT0009300,New Haven PD,42055,33:51.0,O,Open,01:32.0,,,,,,,
1145361,1,Complete,1145361,1145361,41.311978,-72.94758,3637559,New Haven,93,93,New Haven,3/31/2024,2024,3,March,31,1,Sunday,5:06:00,5,24013400,A,2,,Parked Vehicle,"Injury of any type (Serious, Minor, Possible)",C,Possible Injury (C),0,0,4,Local,3,97,CHAPEL ST,CHAPEL ST,,WINTHROP AVE ,140,Feet,W,41.311978,-72.94758,14,Motor Vehicle in Operation,2,Front to front,1,On Roadway,1,Clear,88,Not Applicable,4,Dark-Lighted,1,Dry,0,None,88,Not Applicable,88,Not Applicable,0,None,88,Not Applicable,88,Not Applicable,1,Non-Junction,1,Not at Intersection,1,No,1,No,88,Not Applicable,88,Not Applicable,88,Not Applicable,88,Not Applicable,FALSE,1,Public Road,1,"Trafficway, On Road",CT0009300,New Haven PD,44046,24:34.0,C,Closed,01:32.0,,,,,,,
1145366,1,Complete,1145366,1145366,41.32067136,-72.87348925,3637564,New Haven,93,93,New Haven,3/31/2024,2024,3,March,31,1,Sunday,18:47:00,18,24013456,A,2,,Motor Vehicle In Motion,"Injury of any type (Serious, Minor, Possible)",C,Possible Injury (C),0,0,3,State,0.47,80,80-E,80-E,,QUINNIPIAC AVE,115,Feet,E,41.32067136,-72.87348925,14,Motor Vehicle in Operation,1,Front to rear,1,On Roadway,1,Clear,88,Not Applicable,1,Daylight,1,Dry,0,None,88,Not Applicable,88,Not Applicable,0,None,88,Not Applicable,88,Not Applicable,9,Driveway Access-Related,1,Not at Intersection,1,No,1,No,88,Not Applicable,88,Not Applicable,88,Not Applicable,88,Not Applicable,TRUE,1,Public Road,1,"Trafficway, On Road",CT0009300,New Haven PD,416,56:34.0,C,Closed,01:37.0,,,,,,,
1145877,1,Complete,1145877,1145877,41.304006,-72.898662,3638075,New Haven,93,93,New Haven,3/25/2024,2024,3,March,25,2,Monday,2:34:00,2,24012409,A,2,,Motor Vehicle In Motion,"Injury of any type (Serious, Minor, Possible)",C,Possible Injury (C),0,0,4,Local,0.32,97,CHAPEL ST,CHAPEL ST,BLATCHLEY AV,,,,,41.304006,-72.898662,14,Motor Vehicle in Operation,97,Other,1,On Roadway,1,Clear,88,Not Applicable,4,Dark-Lighted,1,Dry,0,None,88,Not Applicable,88,Not Applicable,0,None,88,Not Applicable,88,Not Applicable,2,Intersection,2,Four-Way Intersection,1,No,1,No,88,Not Applicable,88,Not Applicable,88,Not Applicable,88,Not Applicable,TRUE,1,Public Road,1,"Trafficway, On Road",CT0009300,New Haven PD,86,11:29.0,C,Closed,00:43.0,,,,,,,
1145889,1,Complete,1145889,1145889,41.31234,-72.902846,3638087,New Haven,93,93,New Haven,4/1/2024,2024,4,April,1,2,Monday,4:06:00,4,24013493,A,2,,Parked Vehicle,"Injury of any type (Serious, Minor, Possible)",C,Possible Injury (C),0,0,4,Local,0.17,387,MAIN ST NO 1,MAIN ST NO 1,,CASTLE STREET,100,Feet,N,41.31234,-72.902846,14,Motor Vehicle in Operation,1,Front to rear,1,On Roadway,1,Clear,88,Not Applicable,4,Dark-Lighted,1,Dry,0,None,88,Not Applicable,88,Not Applicable,0,None,88,Not Applicable,88,Not Applicable,1,Non-Junction,1,Not at Intersection,1,No,1,No,88,Not Applicable,88,Not Applicable,88,Not Applicable,88,Not Applicable,FALSE,1,Public Road,1,"Trafficway, On Road",CT0009300,New Haven PD,44949,33:29.0,C,Closed,00:44.0,,,,,,,
1146146,1,Complete,1146146,1146146,41.31068275,-72.94141652,3638344,New Haven,93,93,New Haven,3/23/2024,2024,3,March,23,7,Saturday,13:30:00,13,24012230,A,4,,Motor Vehicle In Motion,"Injury of any type (Serious, Minor, Possible)",B,Suspected Minor Injury (B),0,1,4,Local,0.65,453,ORCHARD ST,ORCHARD ST,CHAPEL ST,,,,,41.31068275,-72.94141652,14,Motor Vehicle in Operation,3,Angle,1,On Roadway,4,Rain,88,Not Applicable,1,Daylight,2,Wet,0,None,88,Not Applicable,88,Not Applicable,0,None,88,Not Applicable,88,Not Applicable,2,Intersection,2,Four-Way Intersection,1,No,1,No,88,Not Applicable,88,Not Applicable,88,Not Applicable,88,Not Applicable,FALSE,1,Public Road,1,"Trafficway, On Road",CT0009300,New Haven PD,175,57:56.0,C,Closed,01:13.0,,,,,,,
1146147,1,Complete,1146147,1146147,41.30577,-72.94997,3638345,New Haven,93,93,New Haven,3/27/2024,2024,3,March,27,4,Wednesday,18:49:00,18,24012960,A,2,,Motor Vehicle In Motion,"Injury of any type (Serious, Minor, Possible)",C,Possible Injury (C),0,1,4,Local,0.13,360,LEGION AV-RT 34,LEGION AV-RT 34,TYLER ST,,,,,41.30577,-72.94997,14,Motor Vehicle in Operation,3,Angle,1,On Roadway,1,Clear,88,Not Applicable,1,Daylight,1,Dry,0,None,88,Not Applicable,88,Not Applicable,0,None,88,Not Applicable,88,Not Applicable,2,Intersection,2,Four-Way Intersection,1,No,1,No,88,Not Applicable,88,Not Applicable,88,Not Applicable,88,Not Applicable,TRUE,1,Public Road,1,"Trafficway, On Road",CT0009300,New Haven PD,44953,09:08.0,C,Closed,01:10.0,,,,,,,