CrashId,Fatal Case Status,Fatal Case Status Text Format,CrashId,CrashId,Latitude,Longitude,DOT Case Number,Town Name,Town Number,Town Number,Town Number Text Format,Date Of Crash,Year,Month,Month Text Format,Day,Day of the Week,Day of the Week Text Format,Time of Crash,Hour of the Day,Case Identifier,Crash Severity,Number Of Motor Vehicles,Motor vehicle action,Most harmful event,Crash Severity Text Format,Most Severe Injury,Most Severe Injury Text Format,Number Of Non-Motorist,Number Of Witnesses,Route Class,Route Class Text Format,Milemarker,Road Number,Road Description,Roadway Name,Intersecting Roadway Name,Landmark Description,Distance From Nearest Landmark,Unit Of Measure From Nearest Landmark,Direction From Nearest Landmark,Latitude,Longitude,First Harmful Event,First Harmful Event Text Format,Manner of Crash / Collision Impact,Manner of Crash / Collision Impact Text Format,Location of First Harmful Event,Location of First Harmful Event Text Format,Weather Condition,Weather Condition Text Format,Weather 2,Weather 2 Text Format,Light Condition,Light Condition Text Format,Road Surface Condition,Road Surface Condition Text Format,"Contributing Circumstances, Environment","Contributing Circumstances, Environment Text Format",Environment 2,Environment 2 Text Format,Environment 3,Environment 3 Text Format,"Contributing Circumstances, Road","Contributing Circumstances, Road Text Format",Road 2,Road 2 Text Format,Road 3,Road 3 Text Format,Crash Specific Location,Crash Specific Location Text Format,Type of Intersection,Type of Intersection Text Format,School Bus Related,School Bus Related Text Format,Work Zone Related,Work Zone Related Text Format,Location Of Crash Relative To Work Zone,Location Of Crash Relative To Work Zone Text Format,Type of Work Zone,Type of Work Zone Text Format,Worker Presence,Worker Presence Text Format,Law Enforcement Presence,Law Enforcement Presence Text Format,Were Vehicles Moved Prior To Police Arrival,Trafficway Ownership,Trafficway Ownership Text Format,Trafficway Class,Trafficway Class Text Format,Police Agency,Police Agency Text Format,Badge Number,Approval Date,Police Case Status,Police Case Status Text Format,Crash Report Submission Date,Related Case Identifiers,No. of Through Lanes (Log Dir.),Average Daily Traffic,Functional Classification,Functional Classification Text Format,Rural or Urban,Rural or Urban Text Format
1147878,1,Complete,1147878,1147878,41.322681,-72.878935,3640076,New Haven,93,93,New Haven,4/9/2024,2024,4,April,9,3,Tuesday,16:54:00,16,24014774,A,2,,Motor Vehicle In Motion,"Injury of any type (Serious, Minor, Possible)",C,Possible Injury (C),0,0,3,State,0.15,80,80-E,80-E,80-W,,,,,41.322681,-72.878935,14,Motor Vehicle in Operation,3,Angle,1,On Roadway,1,Clear,88,Not Applicable,1,Daylight,1,Dry,0,None,88,Not Applicable,88,Not Applicable,0,None,88,Not Applicable,88,Not Applicable,2,Intersection,2,Four-Way Intersection,1,No,1,No,88,Not Applicable,88,Not Applicable,88,Not Applicable,88,Not Applicable,TRUE,1,Public Road,1,"Trafficway, On Road",CT0009300,New Haven PD,416,43:56.0,C,Closed,00:40.0,,,,,,,
1148119,1,Complete,1148119,1148119,41.32850938,-72.95727011,3640317,New Haven,93,93,New Haven,4/10/2024,2024,4,April,10,4,Wednesday,15:10:00,15,24014909,A,1,,Other Non-motorist,"Injury of any type (Serious, Minor, Possible)",C,Possible Injury (C),1,0,4,Local,0.81,56,BLAKE ST,BLAKE ST,STONE ST,,,,,41.32850938,-72.95727011,11,Other Non-motorist,88,Not Applicable,8,"Off Roadway,  Location Unknown",1,Clear,88,Not Applicable,1,Daylight,1,Dry,0,None,88,Not Applicable,88,Not Applicable,0,None,88,Not Applicable,88,Not Applicable,8,Driveway Access,1,Not at Intersection,1,No,1,No,88,Not Applicable,88,Not Applicable,88,Not Applicable,88,Not Applicable,TRUE,1,Public Road,4,Parking Lot,CT0009300,New Haven PD,42045,43:57.0,C,Closed,01:35.0,,,,,,,
1148121,1,Complete,1148121,1148121,41.308506,-72.902964,3640319,New Haven,93,93,New Haven,4/10/2024,2024,4,April,10,4,Wednesday,18:47:00,18,24014979,A,2,,Motor Vehicle In Motion,"Injury of any type (Serious, Minor, Possible)",C,Possible Injury (C),0,0,4,Local,0.91,264,GRAND AV,GRAND AV,,JAMES STREET,50,Feet,E,41.308506,-72.902964,14,Motor Vehicle in Operation,1,Front to rear,1,On Roadway,1,Clear,88,Not Applicable,1,Daylight,1,Dry,0,None,88,Not Applicable,88,Not Applicable,0,None,88,Not Applicable,88,Not Applicable,3,Intersection-Related,2,Four-Way Intersection,1,No,1,No,88,Not Applicable,88,Not Applicable,88,Not Applicable,88,Not Applicable,FALSE,1,Public Road,1,"Trafficway, On Road",CT0009300,New Haven PD,45391,33:25.0,C,Closed,01:37.0,,,,,,,
1148354,1,Complete,1148354,1148354,41.3087822,-72.925384,3640552,New Haven,93,93,New Haven,4/11/2024,2024,4,April,11,5,Thursday,8:19:00,8,24010517,A,2,,Motor Vehicle In Motion,"Injury of any type (Serious, Minor, Possible)",C,Possible Injury (C),0,0,4,Local,0.4,588,TEMPLE ST,TEMPLE ST,ELM ST NO 2,,,,,41.3087822,-72.925384,14,Motor Vehicle in Operation,3,Angle,1,On Roadway,4,Rain,88,Not Applicable,1,Daylight,2,Wet,0,None,88,Not Applicable,88,Not Applicable,0,None,88,Not Applicable,88,Not Applicable,2,Intersection,2,Four-Way Intersection,1,No,1,No,88,Not Applicable,88,Not Applicable,88,Not Applicable,88,Not Applicable,FALSE,1,Public Road,1,"Trafficway, On Road",CT0009300,New Haven PD,26,08:54.0,O,Open,01:44.0,,,,,,,
1148359,1,Complete,1148359,1148359,41.322657,-72.943114,3640557,New Haven,93,93,New Haven,4/11/2024,2024,4,April,11,5,Thursday,8:38:00,8,24015024,A,2,,Motor Vehicle In Motion,"Injury of any type (Serious, Minor, Possible)",B,Suspected Minor Injury (B),0,0,4,Local,0.09,438,NORTON PKWY,NORTON PKWY,MORELAND RD,,,,,41.322657,-72.943114,14,Motor Vehicle in Operation,3,Angle,1,On Roadway,2,Cloudy,88,Not Applicable,1,Daylight,2,Wet,0,None,88,Not Applicable,88,Not Applicable,0,None,88,Not Applicable,88,Not Applicable,2,Intersection,2,Four-Way Intersection,1,No,1,No,88,Not Applicable,88,Not Applicable,88,Not Applicable,88,Not Applicable,TRUE,1,Public Road,1,"Trafficway, On Road",CT0009300,New Haven PD,359,53:24.0,C,Closed,01:43.0,,,,,,,
1148364,1,Complete,1148364,1148364,41.284564,-72.934756,3640562,New Haven,93,93,New Haven,4/11/2024,2024,4,April,11,5,Thursday,15:28:00,15,24015085,A,3,,Motor Vehicle In Motion,"Injury of any type (Serious, Minor, Possible)",C,Possible Injury (C),0,1,1,Interstate,0,95,95-S-366,95-S-366,10-N,,,,,41.284564,-72.934756,14,Motor Vehicle in Operation,2,Front to front,1,On Roadway,4,Rain,88,Not Applicable,1,Daylight,2,Wet,0,None,88,Not Applicable,88,Not Applicable,0,None,88,Not Applicable,88,Not Applicable,2,Intersection,2,Four-Way Intersection,1,No,1,No,88,Not Applicable,88,Not Applicable,88,Not Applicable,88,Not Applicable,FALSE,1,Public Road,1,"Trafficway, On Road",CT0009300,New Haven PD,40811,20:14.0,C,Closed,01:46.0,,,,,,,
1148366,1,Complete,1148366,1148366,41.327938,-72.952471,3640564,New Haven,93,93,New Haven,4/11/2024,2024,4,April,11,5,Thursday,20:03:00,20,24015133,A,2,,Motor Vehicle In Motion,"Injury of any type (Serious, Minor, Possible)",C,Possible Injury (C),0,0,3,State,3.92,10,10-N,10-N,,Dyer St,250,Feet,W,41.327938,-72.952471,14,Motor Vehicle in Operation,1,Front to rear,1,On Roadway,4,Rain,88,Not Applicable,5,Dark-Not Lighted,2,Wet,0,None,88,Not Applicable,88,Not Applicable,0,None,88,Not Applicable,88,Not Applicable,3,Intersection-Related,2,Four-Way Intersection,1,No,1,No,88,Not Applicable,88,Not Applicable,88,Not Applicable,88,Not Applicable,FALSE,1,Public Road,1,"Trafficway, On Road",CT0009300,New Haven PD,45983,57:22.0,C,Closed,01:47.0,,,,,,,
1149421,1,Complete,1149421,1149421,41.31089,-72.895912,3641619,New Haven,93,93,New Haven,4/14/2024,2024,4,April,14,1,Sunday,22:51:00,22,24015494,A,2,,Motor Vehicle In Motion,"Injury of any type (Serious, Minor, Possible)",C,Possible Injury (C),0,0,4,Local,0.62,213,FERRY ST,FERRY ST,CLAY ST NO 2,,,,,41.31089,-72.895912,14,Motor Vehicle in Operation,1,Front to rear,1,On Roadway,1,Clear,1,Clear,4,Dark-Lighted,1,Dry,0,None,88,Not Applicable,88,Not Applicable,0,None,88,Not Applicable,88,Not Applicable,1,Non-Junction,1,Not at Intersection,1,No,1,No,88,Not Applicable,88,Not Applicable,88,Not Applicable,88,Not Applicable,FALSE,1,Public Road,1,"Trafficway, On Road",CT0009300,New Haven PD,45629,03:16.0,C,Closed,00:04.0,,,,,,,
1149422,1,Complete,1149422,1149422,41.28909737,-72.93184473,3641620,New Haven,93,93,New Haven,4/15/2024,2024,4,April,15,2,Monday,2:57:00,2,24015507,A,2,,Motor Vehicle In Motion,"Injury of any type (Serious, Minor, Possible)",C,Possible Injury (C),0,0,4,Local,1.22,308,HOWARD AV,HOWARD AV,,2ND STREET,50,Feet,N,41.28909737,-72.93184473,14,Motor Vehicle in Operation,1,Front to rear,1,On Roadway,1,Clear,88,Not Applicable,4,Dark-Lighted,1,Dry,0,None,88,Not Applicable,88,Not Applicable,0,None,88,Not Applicable,88,Not Applicable,1,Non-Junction,1,Not at Intersection,1,No,1,No,88,Not Applicable,88,Not Applicable,88,Not Applicable,88,Not Applicable,FALSE,1,Public Road,1,"Trafficway, On Road",CT0009300,New Haven PD,44338,16:42.0,C,Closed,00:05.0,,,,,,,
1149785,1,Complete,1149785,1149785,41.31260543,-72.94066802,3641983,New Haven,93,93,New Haven,4/15/2024,2024,4,April,15,2,Monday,21:50:00,21,24015646,A,2,,Motor Vehicle In Motion,"Injury of any type (Serious, Minor, Possible)",C,Possible Injury (C),0,0,4,Local,0.79,453,ORCHARD ST,ORCHARD ST,,Edgewood Ave,50,Feet,N,41.31260543,-72.94066802,14,Motor Vehicle in Operation,1,Front to rear,1,On Roadway,1,Clear,88,Not Applicable,4,Dark-Lighted,1,Dry,0,None,88,Not Applicable,88,Not Applicable,0,None,88,Not Applicable,88,Not Applicable,3,Intersection-Related,2,Four-Way Intersection,1,No,1,No,88,Not Applicable,88,Not Applicable,88,Not Applicable,88,Not Applicable,TRUE,1,Public Road,1,"Trafficway, On Road",CT0009300,New Haven PD,349,03:24.0,O,Open,01:43.0,,,,,,,
1149789,1,Complete,1149789,1149789,41.29168,-72.89599,3641987,New Haven,93,93,New Haven,4/16/2024,2024,4,April,16,3,Tuesday,17:53:00,17,24015710,A,2,,Motor Vehicle In Motion,"Injury of any type (Serious, Minor, Possible)",A,Suspected Serious Injury (A),0,0,2,USRoute,49.99,1,1-N,1-N,KENDALL ST,,,,,41.29168,-72.89599,14,Motor Vehicle in Operation,3,Angle,1,On Roadway,1,Clear,88,Not Applicable,1,Daylight,1,Dry,0,None,88,Not Applicable,88,Not Applicable,0,None,88,Not Applicable,88,Not Applicable,2,Intersection,3,T-Intersection,1,No,1,No,88,Not Applicable,88,Not Applicable,88,Not Applicable,88,Not Applicable,FALSE,1,Public Road,1,"Trafficway, On Road",CT0009300,New Haven PD,45389,50:06.0,C,Closed,01:48.0,,,,,,,
1149791,1,Complete,1149791,1149791,41.32154342,-72.92991251,3641989,New Haven,93,93,New Haven,4/16/2024,2024,4,April,16,3,Tuesday,18:49:00,18,24015720,A,1,,Pedalcycle/Pedalcyclist,"Injury of any type (Serious, Minor, Possible)",B,Suspected Minor Injury (B),1,0,4,Local,0.22,429,MUNSON ST,MUNSON ST,HENRY ST,,,,,41.32154342,-72.92991251,10,Pedalcycle/Pedalcyclist,4,"Sideswipe, same direction",1,On Roadway,1,Clear,88,Not Applicable,1,Daylight,1,Dry,0,None,88,Not Applicable,88,Not Applicable,0,None,88,Not Applicable,88,Not Applicable,2,Intersection,2,Four-Way Intersection,1,No,1,No,88,Not Applicable,88,Not Applicable,88,Not Applicable,88,Not Applicable,TRUE,1,Public Road,1,"Trafficway, On Road",CT0009300,New Haven PD,42054,40:13.0,C,Closed,01:47.0,,,,,,,
1150435,1,Complete,1150435,1150435,41.300853,-72.932918,3642633,New Haven,93,93,New Haven,4/17/2024,2024,4,April,17,4,Wednesday,7:17:00,7,24015750,A,1,,Pedestrian,"Injury of any type (Serious, Minor, Possible)",C,Possible Injury (C),1,0,4,Local,0.26,730,WASHINGTON AV NO 2,WASHINGTON AV NO 2,CEDAR ST NO 2,,,,,41.300853,-72.932918,9,Pedestrian,88,Not Applicable,1,On Roadway,1,Clear,88,Not Applicable,1,Daylight,1,Dry,0,None,88,Not Applicable,88,Not Applicable,0,None,88,Not Applicable,88,Not Applicable,2,Intersection,2,Four-Way Intersection,1,No,1,No,88,Not Applicable,88,Not Applicable,88,Not Applicable,88,Not Applicable,TRUE,1,Public Road,1,"Trafficway, On Road",CT0009300,New Haven PD,251,12:10.0,C,Closed,01:51.0,,1,3000,4,MINOR ARTERIAL - NEW HPMS,2,Urban
1150436,1,Complete,1150436,1150436,41.316813,-72.943035,3642634,New Haven,93,93,New Haven,4/17/2024,2024,4,April,17,4,Wednesday,11:04:00,11,24015781,A,2,,Motor Vehicle In Motion,"Injury of any type (Serious, Minor, Possible)",C,Possible Injury (C),0,1,4,Local,0.35,653,WHALLEY AV,WHALLEY AV,,SHERMAN AVE,155,Feet,W,41.316813,-72.943035,14,Motor Vehicle in Operation,1,Front to rear,1,On Roadway,1,Clear,88,Not Applicable,1,Daylight,1,Dry,0,None,88,Not Applicable,88,Not Applicable,0,None,88,Not Applicable,88,Not Applicable,1,Non-Junction,1,Not at Intersection,1,No,1,No,88,Not Applicable,88,Not Applicable,88,Not Applicable,88,Not Applicable,FALSE,1,Public Road,1,"Trafficway, On Road",CT0009300,New Haven PD,332,04:01.0,C,Closed,01:53.0,,,,,,,
1151060,1,Complete,1151060,1151060,41.332666,-72.937861,3643258,New Haven,93,93,New Haven,4/13/2024,2024,4,April,13,7,Saturday,1:38:00,1,24015284,A,2,,Motor Vehicle In Motion,"Injury of any type (Serious, Minor, Possible)",C,Possible Injury (C),0,0,4,Local,0.95,557,SHERMAN PKWY,SHERMAN PKWY,BASSETT ST,,,,,41.332666,-72.937861,14,Motor Vehicle in Operation,2,Front to front,1,On Roadway,1,Clear,88,Not Applicable,4,Dark-Lighted,1,Dry,0,None,88,Not Applicable,88,Not Applicable,0,None,88,Not Applicable,88,Not Applicable,2,Intersection,2,Four-Way Intersection,1,No,1,No,88,Not Applicable,88,Not Applicable,88,Not Applicable,88,Not Applicable,FALSE,1,Public Road,1,"Trafficway, On Road",CT0009300,New Haven PD,44948,01:14.0,C,Closed,01:21.0,,,,,,,
1151061,1,Complete,1151061,1151061,41.308849,-72.925613,3643259,New Haven,93,93,New Haven,4/13/2024,2024,4,April,13,7,Saturday,22:27:00,22,24015391,A,2,,Motor Vehicle In Motion,"Injury of any type (Serious, Minor, Possible)",C,Possible Injury (C),0,0,4,Local,0.47,726,ELM ST NO 2,ELM ST NO 2,,Temple St,35,Feet,W,41.308849,-72.925613,14,Motor Vehicle in Operation,1,Front to rear,1,On Roadway,1,Clear,88,Not Applicable,4,Dark-Lighted,1,Dry,0,None,88,Not Applicable,88,Not Applicable,0,None,88,Not Applicable,88,Not Applicable,3,Intersection-Related,2,Four-Way Intersection,1,No,1,No,88,Not Applicable,88,Not Applicable,88,Not Applicable,88,Not Applicable,TRUE,1,Public Road,1,"Trafficway, On Road",CT0009300,New Haven PD,44949,16:10.0,C,Closed,01:31.0,,,,,,,
1151064,1,Complete,1151064,1151064,41.304964,-72.92256,3643262,New Haven,93,93,New Haven,4/17/2024,2024,4,April,17,4,Wednesday,15:14:00,15,24015819,A,2,,Motor Vehicle In Motion,"Injury of any type (Serious, Minor, Possible)",C,Possible Injury (C),0,0,4,Local,1.32,575,STATE ST,STATE ST,,CHAPEL ST,50,Feet,N,41.304964,-72.92256,14,Motor Vehicle in Operation,1,Front to rear,1,On Roadway,2,Cloudy,88,Not Applicable,1,Daylight,1,Dry,0,None,88,Not Applicable,88,Not Applicable,0,None,88,Not Applicable,88,Not Applicable,3,Intersection-Related,3,T-Intersection,1,No,1,No,88,Not Applicable,88,Not Applicable,88,Not Applicable,88,Not Applicable,FALSE,1,Public Road,1,"Trafficway, On Road",CT0009300,New Haven PD,42054,59:55.0,C,Closed,01:19.0,,,,,,,
1151071,1,Complete,1151071,1151071,41.307025,-72.900726,3643269,New Haven,93,93,New Haven,4/18/2024,2024,4,April,18,5,Thursday,8:03:00,8,24015920,A,2,,Motor Vehicle In Motion,"Injury of any type (Serious, Minor, Possible)",C,Possible Injury (C),0,0,4,Local,0.23,377,LLOYD ST,LLOYD ST,EXCHANGE ST,,,,,41.307025,-72.900726,14,Motor Vehicle in Operation,3,Angle,1,On Roadway,4,Rain,88,Not Applicable,1,Daylight,2,Wet,0,None,88,Not Applicable,88,Not Applicable,0,None,88,Not Applicable,88,Not Applicable,2,Intersection,2,Four-Way Intersection,1,No,1,No,88,Not Applicable,88,Not Applicable,88,Not Applicable,88,Not Applicable,TRUE,1,Public Road,1,"Trafficway, On Road",CT0009300,New Haven PD,980,21:22.0,C,Closed,01:27.0,,,,,,,
1151073,1,Complete,1151073,1151073,41.32936,-72.969154,3643271,New Haven,93,93,New Haven,4/18/2024,2024,4,April,18,5,Thursday,9:57:00,9,24015927,A,2,,Motor Vehicle In Motion,"Injury of any type (Serious, Minor, Possible)",C,Possible Injury (C),0,0,3,State,0.74,63,63-N,63-N,,DAYTON ST,145,Feet,W,41.32936,-72.969154,14,Motor Vehicle in Operation,3,Angle,1,On Roadway,4,Rain,88,Not Applicable,1,Daylight,2,Wet,0,None,88,Not Applicable,88,Not Applicable,0,None,88,Not Applicable,88,Not Applicable,9,Driveway Access-Related,1,Not at Intersection,1,No,1,No,88,Not Applicable,88,Not Applicable,88,Not Applicable,88,Not Applicable,FALSE,1,Public Road,1,"Trafficway, On Road",CT0009300,New Haven PD,62,36:24.0,C,Closed,01:26.0,,,,,,,
1152065,1,Complete,1152065,1152065,41.30984647,-72.95333717,3644263,New Haven,93,93,New Haven,4/17/2024,2024,4,April,17,4,Wednesday,20:51:00,20,24015895,A,2,,Motor Vehicle In Motion,"Injury of any type (Serious, Minor, Possible)",B,Suspected Minor Injury (B),0,0,3,State,2.36,10,10-N,10-N,,DERBY AVE,85,Feet,S,41.30984647,-72.95333717,14,Motor Vehicle in Operation,1,Front to rear,1,On Roadway,4,Rain,88,Not Applicable,4,Dark-Lighted,2,Wet,0,None,88,Not Applicable,88,Not Applicable,0,None,88,Not Applicable,88,Not Applicable,3,Intersection-Related,2,Four-Way Intersection,1,No,1,No,88,Not Applicable,88,Not Applicable,88,Not Applicable,88,Not Applicable,FALSE,1,Public Road,1,"Trafficway, On Road",CT0009300,New Haven PD,42046,48:15.0,C,Closed,01:43.0,,,,,,,
1152071,1,Complete,1152071,1152071,41.30824896,-72.90985079,3644269,New Haven,93,93,New Haven,4/21/2024,2024,4,April,21,1,Sunday,1:44:00,1,24016288,A,2,,Parked Vehicle,"Injury of any type (Serious, Minor, Possible)",C,Possible Injury (C),0,0,4,Local,0.54,165,EAST ST,EAST ST,,GRAND AVE,195,Feet,S,41.30824896,-72.90985079,15,Parked Motor Vehicle,2,Front to front,2,Shoulder,1,Clear,88,Not Applicable,5,Dark-Not Lighted,1,Dry,0,None,88,Not Applicable,88,Not Applicable,0,None,88,Not Applicable,88,Not Applicable,1,Non-Junction,1,Not at Intersection,1,No,1,No,88,Not Applicable,88,Not Applicable,88,Not Applicable,88,Not Applicable,FALSE,1,Public Road,1,"Trafficway, On Road",CT0009300,New Haven PD,42055,35:57.0,O,Open,01:39.0,,,,,,,
1152072,1,Complete,1152072,1152072,41.30800895,-72.94816895,3644270,New Haven,93,93,New Haven,4/21/2024,2024,4,April,21,1,Sunday,1:43:00,1,24016301,A,2,,Parked Vehicle,"Injury of any type (Serious, Minor, Possible)",C,Possible Injury (C),0,0,4,Local,0.07,775,WINTHROP AV NO 2,WINTHROP AV NO 2,,SCRANTON ST,35,Feet,N,41.30800895,-72.94816895,15,Parked Motor Vehicle,1,Front to rear,1,On Roadway,1,Clear,88,Not Applicable,5,Dark-Not Lighted,1,Dry,0,None,88,Not Applicable,88,Not Applicable,0,None,88,Not Applicable,88,Not Applicable,1,Non-Junction,1,Not at Intersection,1,No,1,No,88,Not Applicable,88,Not Applicable,88,Not Applicable,88,Not Applicable,FALSE,1,Public Road,2,"Trafficway, Not on Road",CT0009300,New Haven PD,44947,39:47.0,C,Closed,01:42.0,,,,,,,
1152073,1,Complete,1152073,1152073,41.30659917,-72.95299138,3644271,New Haven,93,93,New Haven,4/22/2024,2024,4,April,22,2,Monday,0:20:00,0,24016394,A,1,,Overturn/Rollover,"Injury of any type (Serious, Minor, Possible)",C,Possible Injury (C),0,0,3,State,1.87,10,10-N,10-N,M.L.K. Jr. Blvd,,,,,41.30659917,-72.95299138,1,Overturn/Rollover,88,Not Applicable,1,On Roadway,1,Clear,88,Not Applicable,5,Dark-Not Lighted,1,Dry,0,None,88,Not Applicable,88,Not Applicable,0,None,88,Not Applicable,88,Not Applicable,2,Intersection,3,T-Intersection,1,No,1,No,88,Not Applicable,88,Not Applicable,88,Not Applicable,88,Not Applicable,FALSE,1,Public Road,1,"Trafficway, On Road",CT0009300,New Haven PD,44947,13:46.0,C,Closed,01:43.0,,4,24400,3,PRINCIPAL ARTERIAL - OTHER - NEW HPMS,2,Urban
1152081,1,Complete,1152081,1152081,41.32752164,-72.93230093,3644279,New Haven,93,93,New Haven,4/22/2024,2024,4,April,22,2,Monday,14:29:00,14,24016463,A,2,,Motor Vehicle In Motion,"Injury of any type (Serious, Minor, Possible)",B,Suspected Minor Injury (B),0,0,4,Local,0.27,592,THOMPSON ST,THOMPSON ST,Farmington Canal Trail,,,,,41.32752164,-72.93230093,14,Motor Vehicle in Operation,3,Angle,1,On Roadway,1,Clear,88,Not Applicable,1,Daylight,1,Dry,0,None,88,Not Applicable,88,Not Applicable,0,None,88,Not Applicable,88,Not Applicable,2,Intersection,2,Four-Way Intersection,1,No,1,No,88,Not Applicable,88,Not Applicable,88,Not Applicable,88,Not Applicable,FALSE,1,Public Road,1,"Trafficway, On Road",CT0009300,New Haven PD,87,58:10.0,C,Closed,01:42.0,,,,,,,
1152343,1,Complete,1152343,1152343,41.32166224,-72.87608684,3644541,New Haven,93,93,New Haven,4/15/2024,2024,4,April,15,2,Monday,19:28:00,19,24015579,A,2,,Motor Vehicle In Motion,"Injury of any type (Serious, Minor, Possible)",C,Possible Injury (C),0,0,3,State,0.32,80,80-E,80-E,,QUINNIPIAC AVE,535,Feet,W,41.32166224,-72.87608684,14,Motor Vehicle in Operation,4,"Sideswipe, same direction",1,On Roadway,1,Clear,88,Not Applicable,1,Daylight,1,Dry,0,None,88,Not Applicable,88,Not Applicable,0,None,88,Not Applicable,88,Not Applicable,9,Driveway Access-Related,1,Not at Intersection,1,No,1,No,88,Not Applicable,88,Not Applicable,88,Not Applicable,88,Not Applicable,FALSE,1,Public Road,1,"Trafficway, On Road",CT0009300,New Haven PD,45701,24:23.0,C,Closed,00:33.0,,,,,,,
1152348,1,Complete,1152348,1152348,41.30867504,-72.90041752,3644546,New Haven,93,93,New Haven,4/22/2024,2024,4,April,22,2,Monday,17:01:00,17,24016476,A,2,,Motor Vehicle In Motion,"Injury of any type (Serious, Minor, Possible)",C,Possible Injury (C),0,0,4,Local,0.77,264,GRAND AV,GRAND AV,,Shelter St,30,Feet,W,41.30867504,-72.90041752,14,Motor Vehicle in Operation,3,Angle,1,On Roadway,1,Clear,88,Not Applicable,1,Daylight,1,Dry,0,None,88,Not Applicable,88,Not Applicable,0,None,88,Not Applicable,88,Not Applicable,1,Non-Junction,1,Not at Intersection,1,No,1,No,88,Not Applicable,88,Not Applicable,88,Not Applicable,88,Not Applicable,FALSE,1,Public Road,1,"Trafficway, On Road",CT0009300,New Haven PD,45699,57:24.0,C,Closed,00:40.0,,,,,,,
1152351,1,Complete,1152351,1152351,41.31041725,-72.95335344,3644549,New Haven,93,93,New Haven,4/23/2024,2024,4,April,23,3,Tuesday,9:07:00,9,24016562,A,2,,Motor Vehicle In Motion,"Injury of any type (Serious, Minor, Possible)",C,Possible Injury (C),0,0,3,State,2.4,10,10-N,10-N,,DERBY AVE,55,Feet,N,41.31041725,-72.95335344,14,Motor Vehicle in Operation,1,Front to rear,1,On Roadway,1,Clear,88,Not Applicable,1,Daylight,1,Dry,0,None,88,Not Applicable,88,Not Applicable,0,None,88,Not Applicable,88,Not Applicable,3,Intersection-Related,2,Four-Way Intersection,1,No,1,No,88,Not Applicable,88,Not Applicable,88,Not Applicable,88,Not Applicable,FALSE,1,Public Road,1,"Trafficway, On Road",CT0009300,New Haven PD,349,53:21.0,C,Closed,00:34.0,,,,,,,
1152352,1,Complete,1152352,1152352,41.33063096,-72.91366308,3644550,New Haven,93,93,New Haven,4/23/2024,2024,4,April,23,3,Tuesday,9:28:00,9,24016571,A,2,,Motor Vehicle In Motion,"Injury of any type (Serious, Minor, Possible)",C,Possible Injury (C),0,0,4,Local,1.48,656,WHITNEY AV,WHITNEY AV,EAST ROCK RD,,,,,41.33063096,-72.91366308,14,Motor Vehicle in Operation,3,Angle,1,On Roadway,1,Clear,88,Not Applicable,1,Daylight,1,Dry,0,None,88,Not Applicable,88,Not Applicable,0,None,88,Not Applicable,88,Not Applicable,2,Intersection,2,Four-Way Intersection,1,No,1,No,88,Not Applicable,88,Not Applicable,88,Not Applicable,88,Not Applicable,FALSE,1,Public Road,1,"Trafficway, On Road",CT0009300,New Haven PD,45984,35:39.0,C,Closed,00:38.0,,,,,,,
1152356,1,Complete,1152356,1152356,41.30142946,-72.92391394,3644554,New Haven,93,93,New Haven,4/23/2024,2024,4,April,23,3,Tuesday,15:46:00,15,24016622,A,2,,Motor Vehicle In Motion,"Injury of any type (Serious, Minor, Possible)",C,Possible Injury (C),0,0,4,Local,0,729,STATE ST NORTH,STATE ST NORTH,Water St ,,,,,41.30142946,-72.92391394,14,Motor Vehicle in Operation,3,Angle,1,On Roadway,1,Clear,88,Not Applicable,1,Daylight,1,Dry,0,None,88,Not Applicable,88,Not Applicable,0,None,88,Not Applicable,88,Not Applicable,2,Intersection,8,"Five-Point, or More",1,No,1,No,88,Not Applicable,88,Not Applicable,88,Not Applicable,88,Not Applicable,TRUE,1,Public Road,1,"Trafficway, On Road",CT0009300,New Haven PD,42366,39:33.0,C,Closed,00:39.0,,,,,,,
1152641,1,Complete,1152641,1152641,41.320937,-72.874046,3644839,New Haven,93,93,New Haven,4/20/2024,2024,4,April,20,7,Saturday,3:22:00,3,24016179,A,2,,Motor Vehicle In Motion,"Injury of any type (Serious, Minor, Possible)",C,Possible Injury (C),0,2,3,State,0.44,80,80-E,80-E,103-N,,,,,41.320937,-72.874046,14,Motor Vehicle in Operation,3,Angle,1,On Roadway,4,Rain,88,Not Applicable,4,Dark-Lighted,2,Wet,0,None,88,Not Applicable,88,Not Applicable,0,None,88,Not Applicable,88,Not Applicable,2,Intersection,2,Four-Way Intersection,1,No,1,No,88,Not Applicable,88,Not Applicable,88,Not Applicable,88,Not Applicable,FALSE,1,Public Road,1,"Trafficway, On Road",CT0009300,New Haven PD,42369,34:04.0,O,Open,01:33.0,,,,,,,