CrashId,Fatal Case Status,Fatal Case Status Text Format,CrashId,CrashId,Latitude,Longitude,DOT Case Number,Town Name,Town Number,Town Number,Town Number Text Format,Date Of Crash,Year,Month,Month Text Format,Day,Day of the Week,Day of the Week Text Format,Time of Crash,Hour of the Day,Case Identifier,Crash Severity,Number Of Motor Vehicles,Motor vehicle action,Most harmful event,Crash Severity Text Format,Most Severe Injury,Most Severe Injury Text Format,Number Of Non-Motorist,Number Of Witnesses,Route Class,Route Class Text Format,Milemarker,Road Number,Road Description,Roadway Name,Intersecting Roadway Name,Landmark Description,Distance From Nearest Landmark,Unit Of Measure From Nearest Landmark,Direction From Nearest Landmark,Latitude,Longitude,First Harmful Event,First Harmful Event Text Format,Manner of Crash / Collision Impact,Manner of Crash / Collision Impact Text Format,Location of First Harmful Event,Location of First Harmful Event Text Format,Weather Condition,Weather Condition Text Format,Weather 2,Weather 2 Text Format,Light Condition,Light Condition Text Format,Road Surface Condition,Road Surface Condition Text Format,"Contributing Circumstances, Environment","Contributing Circumstances, Environment Text Format",Environment 2,Environment 2 Text Format,Environment 3,Environment 3 Text Format,"Contributing Circumstances, Road","Contributing Circumstances, Road Text Format",Road 2,Road 2 Text Format,Road 3,Road 3 Text Format,Crash Specific Location,Crash Specific Location Text Format,Type of Intersection,Type of Intersection Text Format,School Bus Related,School Bus Related Text Format,Work Zone Related,Work Zone Related Text Format,Location Of Crash Relative To Work Zone,Location Of Crash Relative To Work Zone Text Format,Type of Work Zone,Type of Work Zone Text Format,Worker Presence,Worker Presence Text Format,Law Enforcement Presence,Law Enforcement Presence Text Format,Were Vehicles Moved Prior To Police Arrival,Trafficway Ownership,Trafficway Ownership Text Format,Trafficway Class,Trafficway Class Text Format,Police Agency,Police Agency Text Format,Badge Number,Approval Date,Police Case Status,Police Case Status Text Format,Crash Report Submission Date,Related Case Identifiers,No. of Through Lanes (Log Dir.),Average Daily Traffic,Functional Classification,Functional Classification Text Format,Rural or Urban,Rural or Urban Text Format
1158242,1,Complete,1158242,1158242,41.31056817,-72.89854206,3650439,New Haven,93,93,New Haven,5/14/2024,2024,5,May,14,3,Tuesday,15:31:00,15,24019622,A,2,,Motor Vehicle In Motion,"Injury of any type (Serious, Minor, Possible)",C,Possible Injury (C),0,0,4,Local,0.05,734,CLAY ST NO 2,CLAY ST NO 2,FILLMORE ST,,,,,41.31056817,-72.89854206,14,Motor Vehicle in Operation,3,Angle,1,On Roadway,1,Clear,88,Not Applicable,1,Daylight,1,Dry,0,None,88,Not Applicable,88,Not Applicable,0,None,88,Not Applicable,88,Not Applicable,2,Intersection,2,Four-Way Intersection,1,No,1,No,88,Not Applicable,88,Not Applicable,88,Not Applicable,88,Not Applicable,FALSE,1,Public Road,1,"Trafficway, On Road",CT0009300,New Haven PD,44176,46:26.0,O,Open,00:44.0,,,,,,,
1158564,1,Complete,1158564,1158564,41.320841,-72.951847,3650761,New Haven,93,93,New Haven,4/29/2024,2024,4,April,29,2,Monday,14:32:00,14,24017448,A,1,,Pedestrian,"Injury of any type (Serious, Minor, Possible)",C,Possible Injury (C),1,0,4,Local,0.36,472,PENDLETON ST,PENDLETON ST,,Whalley Ave,10,Feet,S,41.320841,-72.951847,9,Pedestrian,88,Not Applicable,1,On Roadway,1,Clear,88,Not Applicable,1,Daylight,1,Dry,0,None,88,Not Applicable,88,Not Applicable,0,None,88,Not Applicable,88,Not Applicable,3,Intersection-Related,3,T-Intersection,1,No,1,No,88,Not Applicable,88,Not Applicable,88,Not Applicable,88,Not Applicable,TRUE,1,Public Road,1,"Trafficway, On Road",CT0009300,New Haven PD,39,33:47.0,C,Closed,01:06.0,,4,18000,3,PRINCIPAL ARTERIAL - OTHER - NEW HPMS,2,Urban
1158565,1,Complete,1158565,1158565,41.297445,-72.948863,3650762,New Haven,93,93,New Haven,5/12/2024,2024,5,May,12,1,Sunday,12:00:00,12,24019271,A,2,,Motor Vehicle In Motion,"Injury of any type (Serious, Minor, Possible)",C,Possible Injury (C),0,2,2,USRoute,46.64,1,1-N,1-N,10-N,,,,,41.297445,-72.948863,14,Motor Vehicle in Operation,3,Angle,1,On Roadway,1,Clear,88,Not Applicable,1,Daylight,1,Dry,0,None,88,Not Applicable,88,Not Applicable,0,None,88,Not Applicable,88,Not Applicable,2,Intersection,2,Four-Way Intersection,1,No,1,No,88,Not Applicable,88,Not Applicable,88,Not Applicable,88,Not Applicable,FALSE,1,Public Road,1,"Trafficway, On Road",CT0009300,New Haven PD,40819,29:22.0,C,Closed,01:01.0,,,,,,,
1158572,1,Complete,1158572,1158572,41.30352,-72.923809,3650769,New Haven,93,93,New Haven,5/14/2024,2024,5,May,14,3,Tuesday,21:16:00,21,24019685,A,2,,Overturn/Rollover,"Injury of any type (Serious, Minor, Possible)",B,Suspected Minor Injury (B),0,0,4,Local,1.45,575,STATE ST,STATE ST,CROWN ST,,,,,41.30352,-72.923809,14,Motor Vehicle in Operation,3,Angle,1,On Roadway,1,Clear,88,Not Applicable,4,Dark-Lighted,1,Dry,0,None,88,Not Applicable,88,Not Applicable,0,None,88,Not Applicable,88,Not Applicable,2,Intersection,2,Four-Way Intersection,1,No,1,No,88,Not Applicable,88,Not Applicable,88,Not Applicable,88,Not Applicable,FALSE,1,Public Road,1,"Trafficway, On Road",CT0009300,New Haven PD,40952,39:37.0,C,Closed,01:05.0,,,,,,,
1158573,1,Complete,1158573,1158573,41.311197,-72.902403,3650770,New Haven,93,93,New Haven,5/14/2024,2024,5,May,14,3,Tuesday,21:50:00,21,24019687,A,5,,Parked Vehicle,"Injury of any type (Serious, Minor, Possible)",C,Possible Injury (C),0,0,4,Local,0.16,397,MARKET ST,MARKET ST,,MAIN STREET,55,Feet,E,41.311197,-72.902403,15,Parked Motor Vehicle,1,Front to rear,1,On Roadway,1,Clear,88,Not Applicable,4,Dark-Lighted,1,Dry,99,Unknown,88,Not Applicable,88,Not Applicable,99,Unknown,88,Not Applicable,88,Not Applicable,1,Non-Junction,1,Not at Intersection,1,No,1,No,88,Not Applicable,88,Not Applicable,88,Not Applicable,88,Not Applicable,FALSE,1,Public Road,1,"Trafficway, On Road",CT0009300,New Haven PD,44057,10:41.0,C,Closed,01:08.0,,,,,,,
1158575,1,Complete,1158575,1158575,41.300872,-72.910856,3650772,New Haven,93,93,New Haven,5/15/2024,2024,5,May,15,4,Wednesday,6:52:00,6,24019702,A,2,,Motor Vehicle In Motion,"Injury of any type (Serious, Minor, Possible)",C,Possible Injury (C),0,0,2,USRoute,48.96,1,1-N,1-N,EAST ST,,,,,41.300872,-72.910856,14,Motor Vehicle in Operation,3,Angle,1,On Roadway,4,Rain,88,Not Applicable,1,Daylight,2,Wet,0,None,88,Not Applicable,88,Not Applicable,0,None,88,Not Applicable,88,Not Applicable,2,Intersection,2,Four-Way Intersection,1,No,1,No,88,Not Applicable,88,Not Applicable,88,Not Applicable,88,Not Applicable,FALSE,1,Public Road,1,"Trafficway, On Road",CT0009300,New Haven PD,430,17:13.0,C,Closed,01:07.0,,,,,,,
1158577,1,Complete,1158577,1158577,41.323764,-72.940683,3650774,New Haven,93,93,New Haven,5/15/2024,2024,5,May,15,4,Wednesday,7:35:00,7,24019706,A,2,,Motor Vehicle In Motion,"Injury of any type (Serious, Minor, Possible)",C,Possible Injury (C),0,0,4,Local,0.23,133,CRESCENT ST,CRESCENT ST,,Winthrop Ave,25,Feet,N,41.323764,-72.940683,14,Motor Vehicle in Operation,1,Front to rear,1,On Roadway,2,Cloudy,88,Not Applicable,1,Daylight,2,Wet,0,None,88,Not Applicable,88,Not Applicable,0,None,88,Not Applicable,88,Not Applicable,3,Intersection-Related,7,Roundabout,1,No,1,No,88,Not Applicable,88,Not Applicable,88,Not Applicable,88,Not Applicable,TRUE,1,Public Road,1,"Trafficway, On Road",CT0009300,New Haven PD,359,27:47.0,C,Closed,00:58.0,,,,,,,
1158581,1,Complete,1158581,1158581,41.286211,-72.935948,3650778,New Haven,93,93,New Haven,5/15/2024,2024,5,May,15,4,Wednesday,15:32:00,15,24019759,A,2,,Motor Vehicle In Motion,"Injury of any type (Serious, Minor, Possible)",C,Possible Injury (C),0,0,3,State,0.45,10,10-N,10-N,,KIMBERLY AVE,50,Feet,E,41.286211,-72.935948,14,Motor Vehicle in Operation,1,Front to rear,1,On Roadway,4,Rain,88,Not Applicable,1,Daylight,2,Wet,99,Unknown,88,Not Applicable,88,Not Applicable,0,None,88,Not Applicable,88,Not Applicable,2,Intersection,2,Four-Way Intersection,1,No,1,No,88,Not Applicable,88,Not Applicable,88,Not Applicable,88,Not Applicable,FALSE,1,Public Road,1,"Trafficway, On Road",CT0009300,New Haven PD,43690,47:46.0,C,Closed,01:03.0,,,,,,,
1158583,1,Complete,1158583,1158583,41.305813,-72.894768,3650780,New Haven,93,93,New Haven,5/15/2024,2024,5,May,15,4,Wednesday,16:59:00,16,24019765,A,3,,Motor Vehicle In Motion,"Injury of any type (Serious, Minor, Possible)",C,Possible Injury (C),0,0,4,Local,0.98,213,FERRY ST,FERRY ST,,SALTONSTALL,200,Feet,N,41.305813,-72.894768,14,Motor Vehicle in Operation,1,Front to rear,1,On Roadway,2,Cloudy,4,Rain,1,Daylight,2,Wet,0,None,88,Not Applicable,88,Not Applicable,0,None,88,Not Applicable,88,Not Applicable,1,Non-Junction,1,Not at Intersection,1,No,1,No,88,Not Applicable,88,Not Applicable,88,Not Applicable,88,Not Applicable,FALSE,1,Public Road,1,"Trafficway, On Road",CT0009300,New Haven PD,42057,11:18.0,C,Closed,01:08.0,,,,,,,
1158584,1,Complete,1158584,1158584,41.306164,-72.939929,3650781,New Haven,93,93,New Haven,5/15/2024,2024,5,May,15,4,Wednesday,18:12:00,18,24019777,A,2,,Motor Vehicle In Motion,"Injury of any type (Serious, Minor, Possible)",C,Possible Injury (C),0,0,4,Local,0.66,360,LEGION AV-RT 34,LEGION AV-RT 34,,WARD ST,85,Feet,W,41.306164,-72.939929,14,Motor Vehicle in Operation,3,Angle,1,On Roadway,4,Rain,88,Not Applicable,1,Daylight,2,Wet,0,None,88,Not Applicable,88,Not Applicable,0,None,88,Not Applicable,88,Not Applicable,9,Driveway Access-Related,1,Not at Intersection,1,No,1,No,88,Not Applicable,88,Not Applicable,88,Not Applicable,88,Not Applicable,FALSE,1,Public Road,1,"Trafficway, On Road",CT0009300,New Haven PD,45389,05:45.0,C,Closed,01:04.0,,,,,,,
1158926,1,Complete,1158926,1158926,41.320198,-72.871165,3651123,New Haven,93,93,New Haven,5/10/2024,2024,5,May,10,6,Friday,17:39:00,17,24019113,A,6,,Motor Vehicle In Motion,"Injury of any type (Serious, Minor, Possible)",A,Suspected Serious Injury (A),0,3,3,State,0.6,80,80-E,80-E,,EASTERN ST,90,Feet,E,41.320198,-72.871165,14,Motor Vehicle in Operation,1,Front to rear,1,On Roadway,2,Cloudy,88,Not Applicable,1,Daylight,1,Dry,0,None,88,Not Applicable,88,Not Applicable,0,None,88,Not Applicable,88,Not Applicable,3,Intersection-Related,2,Four-Way Intersection,1,No,1,No,88,Not Applicable,88,Not Applicable,88,Not Applicable,88,Not Applicable,FALSE,1,Public Road,1,"Trafficway, On Road",CT0009300,New Haven PD,44056,42:11.0,O,Open,00:25.0,,,,,,,
1158928,1,Complete,1158928,1158928,41.293597,-72.920257,3651125,New Haven,93,93,New Haven,5/12/2024,2024,5,May,12,1,Sunday,10:43:00,10,24019278,A,2,,Motor Vehicle In Motion,"Injury of any type (Serious, Minor, Possible)",C,Possible Injury (C),0,0,4,Local,0.76,359,SARGENT DR,SARGENT DR,,church street ext ,650,Feet,N,41.293597,-72.920257,14,Motor Vehicle in Operation,1,Front to rear,1,On Roadway,1,Clear,88,Not Applicable,1,Daylight,1,Dry,0,None,88,Not Applicable,88,Not Applicable,0,None,88,Not Applicable,88,Not Applicable,3,Intersection-Related,3,T-Intersection,1,No,1,No,88,Not Applicable,88,Not Applicable,88,Not Applicable,88,Not Applicable,FALSE,1,Public Road,1,"Trafficway, On Road",CT0009300,New Haven PD,45392,24:58.0,C,Closed,00:16.0,NONE,,,,,,
1158933,1,Complete,1158933,1158933,41.317811,-72.92786,3651130,New Haven,93,93,New Haven,5/14/2024,2024,5,May,14,3,Tuesday,16:09:00,16,24019619,A,2,,Motor Vehicle In Motion,"Injury of any type (Serious, Minor, Possible)",B,Suspected Minor Injury (B),0,0,4,Local,0.03,631,WEBSTER ST,WEBSTER ST,,CANAL ST,40,Feet,E,41.317811,-72.92786,14,Motor Vehicle in Operation,2,Front to front,1,On Roadway,1,Clear,88,Not Applicable,1,Daylight,1,Dry,0,None,88,Not Applicable,88,Not Applicable,0,None,88,Not Applicable,88,Not Applicable,1,Non-Junction,1,Not at Intersection,1,No,1,No,88,Not Applicable,88,Not Applicable,88,Not Applicable,88,Not Applicable,FALSE,1,Public Road,1,"Trafficway, On Road",CT0009300,New Haven PD,23,09:19.0,C,Closed,00:16.0,,,,,,,
1158935,1,Complete,1158935,1158935,41.310102,-72.953392,3651132,New Haven,93,93,New Haven,5/15/2024,2024,5,May,15,4,Wednesday,23:42:00,23,24019812,A,2,,Motor Vehicle In Motion,"Injury of any type (Serious, Minor, Possible)",B,Suspected Minor Injury (B),0,1,3,State,21.88,34,34-E,34-E,10-N,,,,,41.310102,-72.953392,14,Motor Vehicle in Operation,3,Angle,1,On Roadway,4,Rain,88,Not Applicable,4,Dark-Lighted,2,Wet,1,Weather Conditions,88,Not Applicable,88,Not Applicable,0,None,88,Not Applicable,88,Not Applicable,2,Intersection,2,Four-Way Intersection,1,No,1,No,88,Not Applicable,88,Not Applicable,88,Not Applicable,88,Not Applicable,FALSE,1,Public Road,1,"Trafficway, On Road",CT0009300,New Haven PD,44046,15:33.0,C,Closed,00:13.0,,,,,,,
1159327,1,Complete,1159327,1159327,41.30197266,-72.92812202,3651524,New Haven,93,93,New Haven,4/20/2024,2024,4,April,20,7,Saturday,22:42:00,22,24016243,A,2,,Motor Vehicle In Motion,"Injury of any type (Serious, Minor, Possible)",C,Possible Injury (C),0,0,4,Local,0.31,564,SOUTH FRONTAGE RD,SOUTH FRONTAGE RD,,church st,110,Feet,E,41.30197266,-72.92812202,14,Motor Vehicle in Operation,1,Front to rear,1,On Roadway,1,Clear,88,Not Applicable,6,Dark-Unknown Lighting,1,Dry,0,None,88,Not Applicable,88,Not Applicable,0,None,88,Not Applicable,88,Not Applicable,1,Non-Junction,1,Not at Intersection,1,No,1,No,88,Not Applicable,88,Not Applicable,88,Not Applicable,88,Not Applicable,FALSE,1,Public Road,1,"Trafficway, On Road",CT0009300,New Haven PD,45395,56:13.0,C,Closed,02:01.0,,,,,,,
1159328,1,Complete,1159328,1159328,41.307653,-72.92268,3651525,New Haven,93,93,New Haven,4/22/2024,2024,4,April,22,2,Monday,6:25:00,6,24016405,A,2,,Motor Vehicle In Motion,"Injury of any type (Serious, Minor, Possible)",C,Possible Injury (C),0,0,4,Local,0.64,726,ELM ST NO 2,ELM ST NO 2,ORANGE ST NO 1,,,,,41.307653,-72.92268,14,Motor Vehicle in Operation,5,"Sideswipe, opposite direction",1,On Roadway,1,Clear,88,Not Applicable,1,Daylight,1,Dry,0,None,88,Not Applicable,88,Not Applicable,0,None,88,Not Applicable,88,Not Applicable,2,Intersection,2,Four-Way Intersection,1,No,1,No,88,Not Applicable,88,Not Applicable,88,Not Applicable,88,Not Applicable,FALSE,1,Public Road,1,"Trafficway, On Road",CT0009300,New Haven PD,44338,39:22.0,C,Closed,01:46.0,,,,,,,
1159332,1,Complete,1159332,1159332,41.32822,-72.961329,3651529,New Haven,93,93,New Haven,5/14/2024,2024,5,May,14,3,Tuesday,0:03:00,0,24019148,A,1,,Other Traffic Barrier,"Injury of any type (Serious, Minor, Possible)",C,Possible Injury (C),0,0,3,State,0.32,63,63-N,63-N,,HARRISON ST,190,Feet,E,41.32822,-72.961329,25,Curb,88,Not Applicable,3,Median,1,Clear,88,Not Applicable,4,Dark-Lighted,1,Dry,0,None,88,Not Applicable,88,Not Applicable,0,None,88,Not Applicable,88,Not Applicable,1,Non-Junction,1,Not at Intersection,1,No,1,No,88,Not Applicable,88,Not Applicable,88,Not Applicable,88,Not Applicable,FALSE,1,Public Road,1,"Trafficway, On Road",CT0009300,New Haven PD,45132,12:16.0,C,Closed,01:54.0,,2,20300,3,PRINCIPAL ARTERIAL - OTHER - NEW HPMS,2,Urban
1159333,1,Complete,1159333,1159333,41.316583,-72.90682,3651530,New Haven,93,93,New Haven,5/12/2024,2024,5,May,12,1,Sunday,5:22:00,5,24019261,A,1,,Utility Pole,"Injury of any type (Serious, Minor, Possible)",C,Possible Injury (C),0,0,4,Local,0.13,575,STATE ST,STATE ST,,Mill River St,270,Feet,E,41.316583,-72.90682,33,Utility Pole/Light Support,88,Not Applicable,1,On Roadway,1,Clear,88,Not Applicable,1,Daylight,1,Dry,99,Unknown,88,Not Applicable,88,Not Applicable,99,Unknown,88,Not Applicable,88,Not Applicable,1,Non-Junction,1,Not at Intersection,1,No,1,No,88,Not Applicable,88,Not Applicable,88,Not Applicable,88,Not Applicable,FALSE,88,Not Applicable,1,"Trafficway, On Road",CT0009300,New Haven PD,36335,19:08.0,C,Closed,02:12.0,,2,10200,4,MINOR ARTERIAL - NEW HPMS,2,Urban
1159335,1,Complete,1159335,1159335,41.308341,-72.913511,3651532,New Haven,93,93,New Haven,5/14/2024,2024,5,May,14,3,Tuesday,16:07:00,16,24019617,A,2,,Motor Vehicle In Motion,"Injury of any type (Serious, Minor, Possible)",B,Suspected Minor Injury (B),0,0,4,Local,1.45,264,GRAND AV,GRAND AV,,Franklin St.,70,Feet,E,41.308341,-72.913511,14,Motor Vehicle in Operation,3,Angle,1,On Roadway,1,Clear,88,Not Applicable,1,Daylight,1,Dry,0,None,88,Not Applicable,88,Not Applicable,0,None,88,Not Applicable,88,Not Applicable,1,Non-Junction,1,Not at Intersection,1,No,1,No,88,Not Applicable,88,Not Applicable,88,Not Applicable,88,Not Applicable,TRUE,1,Public Road,1,"Trafficway, On Road",CT0009300,New Haven PD,39,29:16.0,C,Closed,01:52.0,,,,,,,
1159336,1,Complete,1159336,1159336,41.304452,-72.936906,3651533,New Haven,93,93,New Haven,5/15/2024,2024,5,May,15,4,Wednesday,12:14:00,12,24019745,A,2,,Motor Vehicle In Motion,"Injury of any type (Serious, Minor, Possible)",C,Possible Injury (C),0,1,4,Local,0.56,463,PARK ST,PARK ST,HOWARD AV,,,,,41.304452,-72.936906,14,Motor Vehicle in Operation,4,"Sideswipe, same direction",1,On Roadway,4,Rain,88,Not Applicable,1,Daylight,2,Wet,0,None,88,Not Applicable,88,Not Applicable,0,None,88,Not Applicable,88,Not Applicable,2,Intersection,3,T-Intersection,1,No,1,No,88,Not Applicable,88,Not Applicable,88,Not Applicable,88,Not Applicable,TRUE,1,Public Road,1,"Trafficway, On Road",CT0009300,New Haven PD,301,10:09.0,C,Closed,01:57.0,,,,,,,
1159350,1,Complete,1159350,1159350,41.30769382,-72.93666486,3651547,New Haven,93,93,New Haven,5/18/2024,2024,5,May,18,7,Saturday,1:39:00,1,24020122,A,2,,Motor Vehicle In Motion,"Injury of any type (Serious, Minor, Possible)",C,Possible Injury (C),0,0,4,Local,0.72,248,GEORGE ST,GEORGE ST,HOWE ST,,,,,41.30769382,-72.93666486,14,Motor Vehicle in Operation,2,Front to front,1,On Roadway,1,Clear,88,Not Applicable,4,Dark-Lighted,1,Dry,0,None,88,Not Applicable,88,Not Applicable,0,None,88,Not Applicable,88,Not Applicable,2,Intersection,2,Four-Way Intersection,1,No,1,No,88,Not Applicable,88,Not Applicable,88,Not Applicable,88,Not Applicable,FALSE,1,Public Road,1,"Trafficway, On Road",CT0009300,New Haven PD,11107,11:09.0,C,Closed,02:04.0,,,,,,,
1159351,1,Complete,1159351,1159351,41.323764,-72.881361,924103,New Haven,93,93,New Haven,5/18/2024,2024,5,May,18,7,Saturday,3:29:00,3,24020124,K,2,Straight Ahead,Motor Vehicle In Motion,Fatal (Kill),K,Fatal Injury (K),0,2,3,State,0.01,17,80-W,RT 80,,17-N,30,Feet,E,41.323764,-72.881361,28,Guardrail Face,88,Not Applicable,1,On Roadway,1,Clear,88,Not Applicable,4,Dark-Lighted,1,Dry,0,None,88,Not Applicable,88,Not Applicable,0,None,88,Not Applicable,88,Not Applicable,3,Intersection-Related,2,Four-Way Intersection,1,No,1,No,88,Not Applicable,88,Not Applicable,88,Not Applicable,88,Not Applicable,FALSE,1,Public Road,1,"Trafficway, On Road",CT0009300,New Haven PD,42055,31:17.0,O,Open,01:56.0,,,,,,,
1159352,1,Complete,1159352,1159352,41.293074,-72.943959,3651549,New Haven,93,93,New Haven,5/18/2024,2024,5,May,18,7,Saturday,8:45:00,8,24020138,A,3,,Motor Vehicle In Motion,"Injury of any type (Serious, Minor, Possible)",C,Possible Injury (C),0,0,3,State,0.89,10,10-N,10-N,ADELINE ST,,,,,41.293074,-72.943959,14,Motor Vehicle in Operation,2,Front to front,1,On Roadway,1,Clear,88,Not Applicable,1,Daylight,1,Dry,0,None,88,Not Applicable,88,Not Applicable,0,None,88,Not Applicable,88,Not Applicable,2,Intersection,3,T-Intersection,1,No,1,No,88,Not Applicable,88,Not Applicable,88,Not Applicable,88,Not Applicable,FALSE,1,Public Road,1,"Trafficway, On Road",CT0009300,New Haven PD,45392,07:05.0,C,Closed,01:58.0,NONE,,,,,,
1159354,1,Complete,1159354,1159354,41.326873,-72.965531,3651551,New Haven,93,93,New Haven,5/18/2024,2024,5,May,18,7,Saturday,9:58:00,9,24020144,A,2,,Parked Vehicle,"Injury of any type (Serious, Minor, Possible)",B,Suspected Minor Injury (B),0,1,3,State,6.35,243,243-E,243-E,,EMERSON ST.,50,Feet,W,41.326873,-72.965531,14,Motor Vehicle in Operation,4,"Sideswipe, same direction",1,On Roadway,1,Clear,88,Not Applicable,1,Daylight,1,Dry,0,None,88,Not Applicable,88,Not Applicable,0,None,88,Not Applicable,88,Not Applicable,1,Non-Junction,1,Not at Intersection,1,No,1,No,88,Not Applicable,88,Not Applicable,88,Not Applicable,88,Not Applicable,FALSE,1,Public Road,1,"Trafficway, On Road",CT0009300,New Haven PD,62,40:43.0,C,Closed,01:57.0,,,,,,,
1159363,1,Complete,1159363,1159363,41.306532,-72.894968,3651560,New Haven,93,93,New Haven,5/19/2024,2024,5,May,19,1,Sunday,0:10:00,0,24020234,A,3,,Motor Vehicle In Motion,"Injury of any type (Serious, Minor, Possible)",C,Possible Injury (C),0,0,4,Local,0.93,213,FERRY ST,FERRY ST,WOLCOTT ST,,,,,41.306532,-72.894968,14,Motor Vehicle in Operation,2,Front to front,1,On Roadway,1,Clear,88,Not Applicable,5,Dark-Not Lighted,1,Dry,0,None,88,Not Applicable,88,Not Applicable,0,None,88,Not Applicable,88,Not Applicable,2,Intersection,3,T-Intersection,1,No,1,No,88,Not Applicable,88,Not Applicable,88,Not Applicable,88,Not Applicable,FALSE,1,Public Road,1,"Trafficway, On Road",CT0009300,New Haven PD,42055,34:36.0,C,Closed,02:05.0,,,,,,,
1159364,1,Complete,1159364,1159364,41.307737,-72.885095,3651561,New Haven,93,93,New Haven,5/19/2024,2024,5,May,19,1,Sunday,0:41:00,0,24020235,A,2,,Motor Vehicle In Motion,"Injury of any type (Serious, Minor, Possible)",C,Possible Injury (C),0,0,4,Local,0.07,168,EAST GRAND AV,EAST GRAND AV,LENOX ST,,,,,41.307737,-72.885095,14,Motor Vehicle in Operation,3,Angle,1,On Roadway,1,Clear,88,Not Applicable,6,Dark-Unknown Lighting,1,Dry,99,Unknown,88,Not Applicable,88,Not Applicable,99,Unknown,88,Not Applicable,88,Not Applicable,3,Intersection-Related,2,Four-Way Intersection,1,No,1,No,88,Not Applicable,88,Not Applicable,88,Not Applicable,88,Not Applicable,FALSE,1,Public Road,1,"Trafficway, On Road",CT0009300,New Haven PD,40792,05:23.0,C,Closed,01:59.0,,,,,,,
1159365,1,Complete,1159365,1159365,41.31073927,-72.93012874,3651562,New Haven,93,93,New Haven,5/19/2024,2024,5,May,19,1,Sunday,1:53:00,1,24020245,A,1,,Pedestrian,"Injury of any type (Serious, Minor, Possible)",B,Suspected Minor Injury (B),1,1,4,Local,0.2,726,ELM ST NO 2,ELM ST NO 2,YORK ST,,,,,41.31073927,-72.93012874,9,Pedestrian,88,Not Applicable,1,On Roadway,1,Clear,88,Not Applicable,4,Dark-Lighted,1,Dry,0,None,88,Not Applicable,88,Not Applicable,0,None,88,Not Applicable,88,Not Applicable,2,Intersection,2,Four-Way Intersection,1,No,1,No,88,Not Applicable,88,Not Applicable,88,Not Applicable,88,Not Applicable,TRUE,1,Public Road,1,"Trafficway, On Road",CT0009300,New Haven PD,44048,46:29.0,O,Open,02:03.0,,3,18200,3,PRINCIPAL ARTERIAL - OTHER - NEW HPMS,2,Urban
1159368,1,Complete,1159368,1159368,41.32098209,-72.87458057,3651565,New Haven,93,93,New Haven,5/19/2024,2024,5,May,19,1,Sunday,15:43:00,15,24020288,A,3,,Motor Vehicle In Motion,"Injury of any type (Serious, Minor, Possible)",C,Possible Injury (C),0,1,3,State,0.41,80,80-E,80-E,,QUINNIPIAC AVE,110,Feet,W,41.32098209,-72.87458057,14,Motor Vehicle in Operation,1,Front to rear,1,On Roadway,2,Cloudy,88,Not Applicable,1,Daylight,1,Dry,0,None,88,Not Applicable,88,Not Applicable,0,None,88,Not Applicable,88,Not Applicable,2,Intersection,2,Four-Way Intersection,1,No,1,No,88,Not Applicable,88,Not Applicable,88,Not Applicable,88,Not Applicable,FALSE,1,Public Road,1,"Trafficway, On Road",CT0009300,New Haven PD,42057,13:56.0,C,Closed,02:08.0,,,,,,,
1159369,1,Complete,1159369,1159369,41.308608,-72.900974,3651566,New Haven,93,93,New Haven,5/19/2024,2024,5,May,19,1,Sunday,16:16:00,16,24020292,A,2,,Motor Vehicle In Motion,"Injury of any type (Serious, Minor, Possible)",C,Possible Injury (C),0,0,4,Local,0.8,264,GRAND AV,GRAND AV,LLOYD ST,,,,,41.308608,-72.900974,14,Motor Vehicle in Operation,5,"Sideswipe, opposite direction",1,On Roadway,1,Clear,88,Not Applicable,1,Daylight,1,Dry,99,Unknown,88,Not Applicable,88,Not Applicable,99,Unknown,88,Not Applicable,88,Not Applicable,2,Intersection,2,Four-Way Intersection,1,No,1,No,88,Not Applicable,88,Not Applicable,88,Not Applicable,88,Not Applicable,FALSE,1,Public Road,1,"Trafficway, On Road",CT0009300,New Haven PD,44057,31:20.0,C,Closed,02:09.0,,,,,,,
1159372,1,Complete,1159372,1159372,41.286491,-72.936086,3651569,New Haven,93,93,New Haven,5/19/2024,2024,5,May,19,1,Sunday,20:51:00,20,24020318,A,2,,Motor Vehicle In Motion,"Injury of any type (Serious, Minor, Possible)",C,Possible Injury (C),0,0,4,Local,0.42,339,KIMBERLY AV,KIMBERLY AV,,ELLA T GRASSO BLVD,35,Feet,N,41.286491,-72.936086,14,Motor Vehicle in Operation,4,"Sideswipe, same direction",1,On Roadway,1,Clear,88,Not Applicable,4,Dark-Lighted,1,Dry,0,None,88,Not Applicable,88,Not Applicable,0,None,88,Not Applicable,88,Not Applicable,3,Intersection-Related,2,Four-Way Intersection,1,No,1,No,88,Not Applicable,88,Not Applicable,88,Not Applicable,88,Not Applicable,FALSE,1,Public Road,1,"Trafficway, On Road",CT0009300,New Haven PD,45389,35:24.0,C,Closed,02:11.0,,,,,,,
1160375,1,Complete,1160375,1160375,41.301582,-72.927235,3652572,New Haven,93,93,New Haven,5/15/2024,2024,5,May,15,4,Wednesday,10:00:00,10,24019721,A,2,,Motor Vehicle In Motion,"Injury of any type (Serious, Minor, Possible)",C,Possible Injury (C),0,0,4,Local,0.36,564,SOUTH FRONTAGE RD,SOUTH FRONTAGE RD,,S Orange St ,20,Feet,W,41.301582,-72.927235,14,Motor Vehicle in Operation,4,"Sideswipe, same direction",1,On Roadway,4,Rain,88,Not Applicable,1,Daylight,2,Wet,0,None,88,Not Applicable,88,Not Applicable,0,None,88,Not Applicable,88,Not Applicable,3,Intersection-Related,2,Four-Way Intersection,1,No,1,No,88,Not Applicable,88,Not Applicable,88,Not Applicable,88,Not Applicable,FALSE,1,Public Road,1,"Trafficway, On Road",CT0009300,New Haven PD,40819,48:37.0,C,Closed,02:02.0,,,,,,,