CrashId,Fatal Case Status,Fatal Case Status Text Format,CrashId,CrashId,Latitude,Longitude,DOT Case Number,Town Name,Town Number,Town Number,Town Number Text Format,Date Of Crash,Year,Month,Month Text Format,Day,Day of the Week,Day of the Week Text Format,Time of Crash,Hour of the Day,Case Identifier,Crash Severity,Number Of Motor Vehicles,Motor vehicle action,Most harmful event,Crash Severity Text Format,Most Severe Injury,Most Severe Injury Text Format,Number Of Non-Motorist,Number Of Witnesses,Route Class,Route Class Text Format,Milemarker,Road Number,Road Description,Roadway Name,Intersecting Roadway Name,Landmark Description,Distance From Nearest Landmark,Unit Of Measure From Nearest Landmark,Direction From Nearest Landmark,Latitude,Longitude,First Harmful Event,First Harmful Event Text Format,Manner of Crash / Collision Impact,Manner of Crash / Collision Impact Text Format,Location of First Harmful Event,Location of First Harmful Event Text Format,Weather Condition,Weather Condition Text Format,Weather 2,Weather 2 Text Format,Light Condition,Light Condition Text Format,Road Surface Condition,Road Surface Condition Text Format,"Contributing Circumstances, Environment","Contributing Circumstances, Environment Text Format",Environment 2,Environment 2 Text Format,Environment 3,Environment 3 Text Format,"Contributing Circumstances, Road","Contributing Circumstances, Road Text Format",Road 2,Road 2 Text Format,Road 3,Road 3 Text Format,Crash Specific Location,Crash Specific Location Text Format,Type of Intersection,Type of Intersection Text Format,School Bus Related,School Bus Related Text Format,Work Zone Related,Work Zone Related Text Format,Location Of Crash Relative To Work Zone,Location Of Crash Relative To Work Zone Text Format,Type of Work Zone,Type of Work Zone Text Format,Worker Presence,Worker Presence Text Format,Law Enforcement Presence,Law Enforcement Presence Text Format,Were Vehicles Moved Prior To Police Arrival,Trafficway Ownership,Trafficway Ownership Text Format,Trafficway Class,Trafficway Class Text Format,Police Agency,Police Agency Text Format,Badge Number,Approval Date,Police Case Status,Police Case Status Text Format,Crash Report Submission Date,Related Case Identifiers,No. of Through Lanes (Log Dir.),Average Daily Traffic,Functional Classification,Functional Classification Text Format,Rural or Urban,Rural or Urban Text Format
1162104,1,Complete,1162104,1162104,41.317049,-72.87653,3654301,New Haven,93,93,New Haven,5/25/2024,2024,5,May,25,7,Saturday,18:30:00,18,24021196,A,2,,Motor Vehicle In Motion,"Injury of any type (Serious, Minor, Possible)",C,Possible Injury (C),0,0,4,Local,1.92,498,QUINNIPIAC AV,QUINNIPIAC AV,,ESSEX ST,115,Feet,S,41.317049,-72.87653,14,Motor Vehicle in Operation,3,Angle,1,On Roadway,1,Clear,88,Not Applicable,1,Daylight,1,Dry,0,None,88,Not Applicable,88,Not Applicable,0,None,88,Not Applicable,88,Not Applicable,1,Non-Junction,1,Not at Intersection,1,No,1,No,88,Not Applicable,88,Not Applicable,88,Not Applicable,88,Not Applicable,FALSE,1,Public Road,1,"Trafficway, On Road",CT0009300,New Haven PD,409,19:22.0,C,Closed,01:33.0,,,,,,,
1162106,1,Complete,1162106,1162106,41.32695068,-72.96821959,3654303,New Haven,93,93,New Haven,5/26/2024,2024,5,May,26,1,Sunday,18:43:00,18,24021317,A,2,,Motor Vehicle In Motion,"Injury of any type (Serious, Minor, Possible)",B,Suspected Minor Injury (B),0,0,3,State,3.35,122,122-N,122-N,,FOUNTAIN ST,70,Feet,S,41.32695068,-72.96821959,14,Motor Vehicle in Operation,1,Front to rear,1,On Roadway,1,Clear,88,Not Applicable,1,Daylight,1,Dry,0,None,88,Not Applicable,88,Not Applicable,0,None,88,Not Applicable,88,Not Applicable,3,Intersection-Related,3,T-Intersection,1,No,1,No,88,Not Applicable,88,Not Applicable,88,Not Applicable,88,Not Applicable,FALSE,1,Public Road,1,"Trafficway, On Road",CT0009300,New Haven PD,45403,25:19.0,O,Open,01:30.0,,,,,,,
1162397,1,Complete,1162397,1162397,41.286528,-72.936121,3654594,New Haven,93,93,New Haven,5/24/2024,2024,5,May,24,6,Friday,17:45:00,17,24021039,A,1,,Motor Vehicle In Motion,"Injury of any type (Serious, Minor, Possible)",C,Possible Injury (C),1,0,4,Local,0.42,339,KIMBERLY AV,KIMBERLY AV,,ELLA T GRASSO BLVD,30,Feet,N,41.286528,-72.936121,10,Pedalcycle/Pedalcyclist,3,Angle,1,On Roadway,1,Clear,88,Not Applicable,1,Daylight,1,Dry,0,None,88,Not Applicable,88,Not Applicable,0,None,88,Not Applicable,88,Not Applicable,3,Intersection-Related,2,Four-Way Intersection,1,No,1,No,88,Not Applicable,88,Not Applicable,88,Not Applicable,88,Not Applicable,FALSE,1,Public Road,1,"Trafficway, On Road",CT0009300,New Haven PD,45984,57:50.0,C,Closed,02:00.0,,,,,,,
1162404,1,Complete,1162404,1162404,41.305332,-72.952522,3654601,New Haven,93,93,New Haven,5/26/2024,2024,5,May,26,1,Sunday,2:16:00,2,24021232,A,2,,Motor Vehicle In Motion,"Injury of any type (Serious, Minor, Possible)",C,Possible Injury (C),0,0,3,State,2.04,10,10-N,10-N,,LEGION AVE,20,Feet,S,41.305332,-72.952522,14,Motor Vehicle in Operation,1,Front to rear,1,On Roadway,1,Clear,88,Not Applicable,4,Dark-Lighted,1,Dry,0,None,88,Not Applicable,88,Not Applicable,0,None,88,Not Applicable,88,Not Applicable,3,Intersection-Related,3,T-Intersection,1,No,1,No,88,Not Applicable,88,Not Applicable,88,Not Applicable,88,Not Applicable,FALSE,1,Public Road,1,"Trafficway, On Road",CT0009300,New Haven PD,45391,17:12.0,C,Closed,02:11.0,,,,,,,
1162407,1,Complete,1162407,1162407,41.27801,-72.895711,3654604,New Haven,93,93,New Haven,5/28/2024,2024,5,May,28,3,Tuesday,1:12:00,1,24021483,A,1,,Curb,"Injury of any type (Serious, Minor, Possible)",B,Suspected Minor Injury (B),0,0,3,State,0.82,337,337-E,337-E,TUTTLE ST,,,,,41.27801,-72.895711,25,Curb,88,Not Applicable,2,Shoulder,1,Clear,88,Not Applicable,5,Dark-Not Lighted,6,Moving Water,99,Unknown,88,Not Applicable,88,Not Applicable,99,Unknown,88,Not Applicable,88,Not Applicable,2,Intersection,3,T-Intersection,1,No,1,No,88,Not Applicable,88,Not Applicable,88,Not Applicable,88,Not Applicable,FALSE,1,Public Road,1,"Trafficway, On Road",CT0009300,New Haven PD,44063,15:34.0,C,Closed,02:00.0,,2,9100,4,MINOR ARTERIAL - NEW HPMS,2,Urban
1162411,1,Complete,1162411,1162411,41.31996,-72.90648,3654608,New Haven,93,93,New Haven,5/28/2024,2024,5,May,28,3,Tuesday,8:20:00,8,24021500,A,2,,Motor Vehicle In Motion,"Injury of any type (Serious, Minor, Possible)",C,Possible Injury (C),0,0,4,Local,0.32,666,WILLOW ST,WILLOW ST,,MITCHELL DR,45,Feet,W,41.31996,-72.90648,14,Motor Vehicle in Operation,1,Front to rear,1,On Roadway,1,Clear,88,Not Applicable,1,Daylight,1,Dry,0,None,88,Not Applicable,88,Not Applicable,0,None,88,Not Applicable,88,Not Applicable,3,Intersection-Related,3,T-Intersection,1,No,1,No,88,Not Applicable,88,Not Applicable,88,Not Applicable,88,Not Applicable,FALSE,1,Public Road,1,"Trafficway, On Road",CT0009300,New Haven PD,87,20:43.0,C,Closed,02:04.0,,,,,,,
1162415,1,Complete,1162415,1162415,41.302782,-72.928288,3654612,New Haven,93,93,New Haven,5/28/2024,2024,5,May,28,3,Tuesday,18:03:00,18,24021633,A,2,,Motor Vehicle In Motion,"Injury of any type (Serious, Minor, Possible)",A,Suspected Serious Injury (A),1,1,4,Local,0.19,809,REV DR MLK JR BLVD,REV DR MLK JR BLVD,CHURCH ST SOUTH NO 1,,,,,41.302782,-72.928288,14,Motor Vehicle in Operation,3,Angle,1,On Roadway,1,Clear,88,Not Applicable,1,Daylight,1,Dry,0,None,88,Not Applicable,88,Not Applicable,0,None,88,Not Applicable,88,Not Applicable,2,Intersection,2,Four-Way Intersection,1,No,1,No,88,Not Applicable,88,Not Applicable,88,Not Applicable,88,Not Applicable,FALSE,1,Public Road,1,"Trafficway, On Road",CT0009300,New Haven PD,40790,49:30.0,C,Closed,02:09.0,,,,,,,
1162746,1,Complete,1162746,1162746,41.320548,-72.891171,3654941,New Haven,93,93,New Haven,3/4/2024,2024,3,March,4,2,Monday,18:54:00,18,24009424,A,1,,Fence,"Injury of any type (Serious, Minor, Possible)",C,Possible Injury (C),0,0,4,Local,0.38,411,MIDDLETOWN AV,MIDDLETOWN AV,FRONT ST,,,,,41.320548,-72.891171,25,Curb,88,Not Applicable,1,On Roadway,1,Clear,88,Not Applicable,4,Dark-Lighted,1,Dry,0,None,88,Not Applicable,88,Not Applicable,0,None,88,Not Applicable,88,Not Applicable,2,Intersection,3,T-Intersection,1,No,1,No,88,Not Applicable,88,Not Applicable,88,Not Applicable,88,Not Applicable,FALSE,1,Public Road,1,"Trafficway, On Road",CT0009300,New Haven PD,42057,26:04.0,C,Closed,01:21.0,,2,12900,3,PRINCIPAL ARTERIAL - OTHER - NEW HPMS,2,Urban
1162749,1,Complete,1162749,1162749,41.311545,-72.931408,3654944,New Haven,93,93,New Haven,5/24/2024,2024,5,May,24,6,Friday,19:09:00,19,24021076,A,2,,Motor Vehicle In Motion,"Injury of any type (Serious, Minor, Possible)",C,Possible Injury (C),0,0,4,Local,0.07,68,BROADWAY,BROADWAY,PARK ST,,,,,41.311545,-72.931408,14,Motor Vehicle in Operation,1,Front to rear,1,On Roadway,1,Clear,88,Not Applicable,1,Daylight,1,Dry,0,None,88,Not Applicable,88,Not Applicable,0,None,88,Not Applicable,88,Not Applicable,2,Intersection,3,T-Intersection,1,No,1,No,88,Not Applicable,88,Not Applicable,88,Not Applicable,88,Not Applicable,FALSE,1,Public Road,1,"Trafficway, On Road",CT0009300,New Haven PD,42046,55:48.0,C,Closed,01:26.0,,,,,,,
1162751,1,Complete,1162751,1162751,41.285106,-72.895948,3654946,New Haven,93,93,New Haven,5/28/2024,2024,5,May,28,3,Tuesday,6:17:00,6,24021494,A,2,,Motor Vehicle In Motion,"Injury of any type (Serious, Minor, Possible)",C,Possible Injury (C),0,0,4,Local,1.09,678,WOODWARD AV,WOODWARD AV,,PARK LN,10,Feet,S,41.285106,-72.895948,14,Motor Vehicle in Operation,1,Front to rear,1,On Roadway,2,Cloudy,88,Not Applicable,1,Daylight,1,Dry,0,None,88,Not Applicable,88,Not Applicable,0,None,88,Not Applicable,88,Not Applicable,3,Intersection-Related,3,T-Intersection,1,No,1,No,88,Not Applicable,88,Not Applicable,88,Not Applicable,88,Not Applicable,FALSE,1,Public Road,1,"Trafficway, On Road",CT0009300,New Haven PD,45397,52:29.0,C,Closed,01:19.0,,,,,,,
1162760,1,Complete,1162760,1162760,41.303647,-72.911707,3654955,New Haven,93,93,New Haven,5/29/2024,2024,5,May,29,4,Wednesday,9:03:00,9,24021706,A,1,,Pedalcycle/Pedalcyclist,"Injury of any type (Serious, Minor, Possible)",B,Suspected Minor Injury (B),1,0,4,Local,0.06,620,SOUTH WALLACE ST,SOUTH WALLACE ST,,CHAPEL ST,10,Feet,N,41.303647,-72.911707,10,Pedalcycle/Pedalcyclist,88,Not Applicable,1,On Roadway,1,Clear,88,Not Applicable,1,Daylight,1,Dry,0,None,88,Not Applicable,88,Not Applicable,0,None,88,Not Applicable,88,Not Applicable,3,Intersection-Related,2,Four-Way Intersection,1,No,1,No,88,Not Applicable,88,Not Applicable,88,Not Applicable,88,Not Applicable,FALSE,1,Public Road,1,"Trafficway, On Road",CT0009300,New Haven PD,42367,17:27.0,C,Closed,01:23.0,,,,,,,
1162764,1,Complete,1162764,1162764,41.286228,-72.936058,3654959,New Haven,93,93,New Haven,5/29/2024,2024,5,May,29,4,Wednesday,17:58:00,17,24021825,A,1,,Motor Vehicle In Motion,"Injury of any type (Serious, Minor, Possible)",B,Suspected Minor Injury (B),1,0,3,State,0.28,10,10-N,10-N,745-E,,,,,41.286228,-72.936058,10,Pedalcycle/Pedalcyclist,3,Angle,1,On Roadway,1,Clear,88,Not Applicable,1,Daylight,1,Dry,0,None,88,Not Applicable,88,Not Applicable,0,None,88,Not Applicable,88,Not Applicable,2,Intersection,2,Four-Way Intersection,1,No,1,No,88,Not Applicable,88,Not Applicable,88,Not Applicable,88,Not Applicable,TRUE,1,Public Road,1,"Trafficway, On Road",CT0009300,New Haven PD,45984,09:05.0,C,Closed,01:29.0,,,,,,,
1162766,1,Complete,1162766,1162766,41.310699,-72.934439,3654961,New Haven,93,93,New Haven,5/29/2024,2024,5,May,29,4,Wednesday,19:13:00,19,24021843,A,2,,Motor Vehicle In Motion,"Injury of any type (Serious, Minor, Possible)",C,Possible Injury (C),0,0,4,Local,0.34,310,HOWE ST,HOWE ST,EDGEWOOD AV,,,,,41.310699,-72.934439,14,Motor Vehicle in Operation,4,"Sideswipe, same direction",1,On Roadway,1,Clear,88,Not Applicable,1,Daylight,1,Dry,0,None,88,Not Applicable,88,Not Applicable,0,None,88,Not Applicable,88,Not Applicable,2,Intersection,2,Four-Way Intersection,1,No,1,No,88,Not Applicable,88,Not Applicable,88,Not Applicable,88,Not Applicable,FALSE,1,Public Road,1,"Trafficway, On Road",CT0009300,New Haven PD,45397,12:19.0,C,Closed,01:28.0,,,,,,,
1162983,1,Complete,1162983,1162983,41.28743172,-72.88952231,3655178,New Haven,93,93,New Haven,5/28/2024,2024,5,May,28,3,Tuesday,14:44:00,14,24021572,A,1,,Motor Vehicle In Motion,"Injury of any type (Serious, Minor, Possible)",B,Suspected Minor Injury (B),1,1,4,Local,0.18,388,MAIN ST NO 2,MAIN ST NO 2,HUNTINGTON AV,,,,,41.28743172,-72.88952231,14,Motor Vehicle in Operation,3,Angle,1,On Roadway,1,Clear,88,Not Applicable,1,Daylight,1,Dry,0,None,88,Not Applicable,88,Not Applicable,0,None,88,Not Applicable,88,Not Applicable,2,Intersection,2,Four-Way Intersection,1,No,1,No,88,Not Applicable,88,Not Applicable,88,Not Applicable,88,Not Applicable,FALSE,1,Public Road,1,"Trafficway, On Road",CT0009300,New Haven PD,180,40:35.0,C,Closed,00:58.0,24021572,,,,,,
1162987,1,Complete,1162987,1162987,41.3156981,-72.92071174,3655182,New Haven,93,93,New Haven,5/29/2024,2024,5,May,29,4,Wednesday,15:35:00,15,24021757,A,1,,Pedestrian,"Injury of any type (Serious, Minor, Possible)",B,Suspected Minor Injury (B),1,0,4,Local,0.37,656,WHITNEY AV,WHITNEY AV,,SASHCEM ST,75,Feet,N,41.3156981,-72.92071174,9,Pedestrian,88,Not Applicable,1,On Roadway,1,Clear,88,Not Applicable,1,Daylight,1,Dry,0,None,88,Not Applicable,88,Not Applicable,0,None,88,Not Applicable,88,Not Applicable,1,Non-Junction,1,Not at Intersection,1,No,1,No,88,Not Applicable,88,Not Applicable,88,Not Applicable,88,Not Applicable,FALSE,1,Public Road,1,"Trafficway, On Road",CT0009300,New Haven PD,45630,34:54.0,C,Closed,00:59.0,,4,12700,3,PRINCIPAL ARTERIAL - OTHER - NEW HPMS,2,Urban
1162992,1,Complete,1162992,1162992,41.32616456,-72.95906329,3655187,New Haven,93,93,New Haven,5/30/2024,2024,5,May,30,5,Thursday,13:21:00,13,24021972,A,2,,Motor Vehicle In Motion,"Injury of any type (Serious, Minor, Possible)",A,Suspected Serious Injury (A),0,0,3,State,6.7,243,243-E,243-E,63-N,,,,,41.32616456,-72.95906329,14,Motor Vehicle in Operation,3,Angle,1,On Roadway,2,Cloudy,88,Not Applicable,1,Daylight,1,Dry,0,None,88,Not Applicable,88,Not Applicable,0,None,88,Not Applicable,88,Not Applicable,2,Intersection,3,T-Intersection,1,No,1,No,88,Not Applicable,88,Not Applicable,88,Not Applicable,88,Not Applicable,FALSE,1,Public Road,1,"Trafficway, On Road",CT0009300,New Haven PD,79,10:23.0,C,Closed,01:05.0,,,,,,,
1162995,1,Complete,1162995,1162995,41.33176116,-72.97604206,3655190,New Haven,93,93,New Haven,5/30/2024,2024,5,May,30,5,Thursday,15:39:00,15,24022002,A,2,,Motor Vehicle In Motion,"Injury of any type (Serious, Minor, Possible)",C,Possible Injury (C),0,0,4,Local,0.25,501,RAMSDELL ST,RAMSDELL ST,,whalley ave,330,Feet,S,41.33176116,-72.97604206,14,Motor Vehicle in Operation,1,Front to rear,1,On Roadway,2,Cloudy,88,Not Applicable,1,Daylight,1,Dry,0,None,88,Not Applicable,88,Not Applicable,0,None,88,Not Applicable,88,Not Applicable,3,Intersection-Related,2,Four-Way Intersection,1,No,1,No,88,Not Applicable,88,Not Applicable,88,Not Applicable,88,Not Applicable,FALSE,1,Public Road,1,"Trafficway, On Road",CT0009300,New Haven PD,402,22:50.0,C,Closed,01:06.0,,,,,,,
1163407,1,Complete,1163407,1163407,41.291084,-72.934524,3655602,New Haven,93,93,New Haven,5/18/2024,2024,5,May,18,7,Saturday,17:24:00,17,24020185,A,2,,Parked Vehicle,"Injury of any type (Serious, Minor, Possible)",C,Possible Injury (C),0,0,4,Local,0.31,350,LAMBERTON ST,LAMBERTON ST,,DEWITT ST,90,Feet,W,41.291084,-72.934524,15,Parked Motor Vehicle,1,Front to rear,1,On Roadway,1,Clear,88,Not Applicable,1,Daylight,1,Dry,0,None,88,Not Applicable,88,Not Applicable,0,None,88,Not Applicable,88,Not Applicable,1,Non-Junction,1,Not at Intersection,1,No,1,No,88,Not Applicable,88,Not Applicable,88,Not Applicable,88,Not Applicable,FALSE,1,Public Road,1,"Trafficway, On Road",CT0009300,New Haven PD,33016,40:14.0,C,Closed,02:00.0,,,,,,,
1163409,1,Complete,1163409,1163409,41.320142,-72.89792,3655604,New Haven,93,93,New Haven,5/26/2024,2024,5,May,26,1,Sunday,11:51:00,11,24021268,A,2,,Motor Vehicle In Motion,"Injury of any type (Serious, Minor, Possible)",C,Possible Injury (C),0,0,2,USRoute,0.43,5,5-N,5-N,,GRACE ST,50,Feet,N,41.320142,-72.89792,14,Motor Vehicle in Operation,3,Angle,1,On Roadway,1,Clear,88,Not Applicable,1,Daylight,1,Dry,0,None,88,Not Applicable,88,Not Applicable,0,None,88,Not Applicable,88,Not Applicable,1,Non-Junction,1,Not at Intersection,1,No,1,No,88,Not Applicable,88,Not Applicable,88,Not Applicable,88,Not Applicable,FALSE,1,Public Road,1,"Trafficway, On Road",CT0009300,New Haven PD,43689,21:12.0,C,Closed,01:54.0,,,,,,,
1163417,1,Complete,1163417,1163417,41.32923,-72.96878,3655612,New Haven,93,93,New Haven,5/30/2024,2024,5,May,30,5,Thursday,13:21:00,13,24021987,A,2,,Motor Vehicle In Motion,"Injury of any type (Serious, Minor, Possible)",A,Suspected Serious Injury (A),0,0,3,State,0.72,63,63-N,63-N,,DAYTON ST,50,Feet,W,41.32923,-72.96878,14,Motor Vehicle in Operation,3,Angle,1,On Roadway,1,Clear,88,Not Applicable,1,Daylight,1,Dry,0,None,88,Not Applicable,88,Not Applicable,0,None,88,Not Applicable,88,Not Applicable,9,Driveway Access-Related,1,Not at Intersection,1,No,1,No,88,Not Applicable,88,Not Applicable,88,Not Applicable,88,Not Applicable,FALSE,1,Public Road,1,"Trafficway, On Road",CT0009300,New Haven PD,263,27:27.0,C,Closed,01:51.0,,,,,,,
1163422,1,Complete,1163422,1163422,41.32035656,-72.89241849,3655617,New Haven,93,93,New Haven,5/31/2024,2024,5,May,31,6,Friday,5:56:00,5,24022100,A,2,,Motor Vehicle In Motion,"Injury of any type (Serious, Minor, Possible)",C,Possible Injury (C),0,0,4,Local,0.45,411,MIDDLETOWN AV,MIDDLETOWN AV,,CLINTON AVE,200,Feet,E,41.32035656,-72.89241849,14,Motor Vehicle in Operation,1,Front to rear,1,On Roadway,1,Clear,88,Not Applicable,1,Daylight,1,Dry,0,None,88,Not Applicable,88,Not Applicable,0,None,88,Not Applicable,88,Not Applicable,1,Non-Junction,1,Not at Intersection,1,No,1,No,88,Not Applicable,88,Not Applicable,88,Not Applicable,88,Not Applicable,TRUE,1,Public Road,1,"Trafficway, On Road",CT0009300,New Haven PD,44951,11:05.0,C,Closed,01:47.0,,,,,,,
1163423,1,Complete,1163423,1163423,41.319959,-72.940294,3655618,New Haven,93,93,New Haven,5/31/2024,2024,5,May,31,6,Friday,9:00:00,9,24022102,A,3,,Motor Vehicle In Motion,"Injury of any type (Serious, Minor, Possible)",C,Possible Injury (C),0,0,4,Local,1.01,556,SHERMAN AV,SHERMAN AV,,GOFFE ST,20,Feet,N,41.319959,-72.940294,14,Motor Vehicle in Operation,1,Front to rear,1,On Roadway,1,Clear,88,Not Applicable,1,Daylight,1,Dry,0,None,88,Not Applicable,88,Not Applicable,0,None,88,Not Applicable,88,Not Applicable,3,Intersection-Related,2,Four-Way Intersection,1,No,1,No,88,Not Applicable,88,Not Applicable,88,Not Applicable,88,Not Applicable,FALSE,1,Public Road,1,"Trafficway, On Road",CT0009300,New Haven PD,46617,01:21.0,C,Closed,01:50.0,,,,,,,
1163425,1,Complete,1163425,1163425,41.310689,-72.930031,3655620,New Haven,93,93,New Haven,5/31/2024,2024,5,May,31,6,Friday,10:02:00,10,24022119,A,2,,Motor Vehicle In Motion,"Injury of any type (Serious, Minor, Possible)",C,Possible Injury (C),0,0,4,Local,0.2,726,ELM ST NO 2,ELM ST NO 2,YORK ST,,,,,41.310689,-72.930031,14,Motor Vehicle in Operation,97,Other,1,On Roadway,1,Clear,88,Not Applicable,1,Daylight,1,Dry,0,None,88,Not Applicable,88,Not Applicable,0,None,88,Not Applicable,88,Not Applicable,2,Intersection,2,Four-Way Intersection,1,No,1,No,88,Not Applicable,88,Not Applicable,88,Not Applicable,88,Not Applicable,TRUE,1,Public Road,1,"Trafficway, On Road",CT0009300,New Haven PD,43688,26:19.0,C,Closed,02:01.0,,,,,,,
1163426,1,Complete,1163426,1163426,41.315032,-72.951082,3655621,New Haven,93,93,New Haven,5/31/2024,2024,5,May,31,6,Friday,11:11:00,11,24022126,A,2,,Motor Vehicle In Motion,"Injury of any type (Serious, Minor, Possible)",C,Possible Injury (C),0,0,3,State,2.56,10,10-N,10-N,EDGEWOOD AV,,,,,41.315032,-72.951082,14,Motor Vehicle in Operation,3,Angle,1,On Roadway,1,Clear,88,Not Applicable,1,Daylight,1,Dry,0,None,88,Not Applicable,88,Not Applicable,0,None,88,Not Applicable,88,Not Applicable,2,Intersection,2,Four-Way Intersection,1,No,1,No,88,Not Applicable,88,Not Applicable,88,Not Applicable,88,Not Applicable,FALSE,1,Public Road,1,"Trafficway, On Road",CT0009300,New Haven PD,44055,06:56.0,C,Closed,01:50.0,,,,,,,
1163438,1,Complete,1163438,1163438,41.331538,-72.930365,3655633,New Haven,93,93,New Haven,6/1/2024,2024,6,June,1,7,Saturday,0:39:00,0,24022212,A,2,,Motor Vehicle In Motion,"Injury of any type (Serious, Minor, Possible)",C,Possible Injury (C),0,0,4,Local,0.46,42,BASSETT ST,BASSETT ST,BUTLER ST,,,,,41.331538,-72.930365,14,Motor Vehicle in Operation,3,Angle,1,On Roadway,1,Clear,88,Not Applicable,4,Dark-Lighted,1,Dry,0,None,88,Not Applicable,88,Not Applicable,0,None,88,Not Applicable,88,Not Applicable,2,Intersection,2,Four-Way Intersection,1,No,1,No,88,Not Applicable,88,Not Applicable,88,Not Applicable,88,Not Applicable,FALSE,1,Public Road,1,"Trafficway, On Road",CT0009300,New Haven PD,44948,27:14.0,C,Closed,01:59.0,24022212,,,,,,
1163449,1,Complete,1163449,1163449,41.327559,-72.935199,3655644,New Haven,93,93,New Haven,6/2/2024,2024,6,June,2,1,Sunday,15:02:00,15,24022381,A,1,,Fell/Jumped From Vehicle,"Injury of any type (Serious, Minor, Possible)",A,Suspected Serious Injury (A),0,0,4,Local,1.04,152,DIXWELL AV,DIXWELL AV,HARDING PL,,,,,41.327559,-72.935199,6,Fell/Jumped from Vehicle,88,Not Applicable,1,On Roadway,1,Clear,88,Not Applicable,1,Daylight,1,Dry,0,None,88,Not Applicable,88,Not Applicable,0,None,88,Not Applicable,88,Not Applicable,3,Intersection-Related,3,T-Intersection,1,No,1,No,88,Not Applicable,88,Not Applicable,88,Not Applicable,88,Not Applicable,FALSE,1,Public Road,1,"Trafficway, On Road",CT0009300,New Haven PD,45401,40:14.0,C,Closed,02:08.0,,2,10900,3,PRINCIPAL ARTERIAL - OTHER - NEW HPMS,2,Urban
1163452,1,Complete,1163452,1163452,41.316876,-72.969504,3655647,New Haven,93,93,New Haven,5/1/2024,2024,5,May,1,4,Wednesday,8:30:00,8,24165428,A,2,,Motor Vehicle In Motion,"Injury of any type (Serious, Minor, Possible)",B,Suspected Minor Injury (B),0,0,4,Local,4.18,97,CHAPEL ST,CHAPEL ST,ALSTON AV,,,,,41.316876,-72.969504,14,Motor Vehicle in Operation,3,Angle,1,On Roadway,1,Clear,88,Not Applicable,1,Daylight,1,Dry,0,None,88,Not Applicable,88,Not Applicable,0,None,88,Not Applicable,88,Not Applicable,2,Intersection,3,T-Intersection,1,No,1,No,88,Not Applicable,88,Not Applicable,88,Not Applicable,88,Not Applicable,FALSE,1,Public Road,1,"Trafficway, On Road",CT0009300,New Haven PD,46613,33:30.0,C,Closed,02:00.0,,,,,,,
1164023,1,Complete,1164023,1164023,41.28790495,-72.93526464,3656218,New Haven,93,93,New Haven,6/2/2024,2024,6,June,2,1,Sunday,21:42:00,21,24022407,A,2,,Motor Vehicle In Motion,"Injury of any type (Serious, Minor, Possible)",C,Possible Injury (C),0,1,4,Local,0.32,339,KIMBERLY AV,KIMBERLY AV,,GRANT ST,45,Feet,S,41.28790495,-72.93526464,14,Motor Vehicle in Operation,5,"Sideswipe, opposite direction",1,On Roadway,1,Clear,88,Not Applicable,4,Dark-Lighted,1,Dry,0,None,88,Not Applicable,88,Not Applicable,0,None,88,Not Applicable,88,Not Applicable,3,Intersection-Related,2,Four-Way Intersection,1,No,1,No,88,Not Applicable,88,Not Applicable,88,Not Applicable,88,Not Applicable,FALSE,1,Public Road,1,"Trafficway, On Road",CT0009300,New Haven PD,45389,58:54.0,C,Closed,01:21.0,,,,,,,
1164024,1,Complete,1164024,1164024,41.31529546,-72.93453888,3656219,New Haven,93,93,New Haven,6/3/2024,2024,6,June,3,2,Monday,8:27:00,8,24022436,A,2,,Motor Vehicle In Motion,"Injury of any type (Serious, Minor, Possible)",C,Possible Injury (C),0,0,4,Local,0.44,631,WEBSTER ST,WEBSTER ST,,sperry st,85,Feet,S,41.31529546,-72.93453888,14,Motor Vehicle in Operation,1,Front to rear,1,On Roadway,1,Clear,88,Not Applicable,1,Daylight,1,Dry,0,None,88,Not Applicable,88,Not Applicable,0,None,88,Not Applicable,88,Not Applicable,3,Intersection-Related,3,T-Intersection,1,No,1,No,88,Not Applicable,88,Not Applicable,88,Not Applicable,88,Not Applicable,FALSE,1,Public Road,1,"Trafficway, On Road",CT0009300,New Haven PD,238,05:14.0,C,Closed,01:19.0,240224436,,,,,,
1164029,1,Complete,1164029,1164029,41.297384,-72.950007,3656224,New Haven,93,93,New Haven,6/3/2024,2024,6,June,3,2,Monday,14:10:00,14,24022516,A,2,,Motor Vehicle In Motion,"Injury of any type (Serious, Minor, Possible)",C,Possible Injury (C),0,0,2,USRoute,46.58,1,1-N,1-N,,ELLA T GRASSO BLVD,265,Feet,W,41.297384,-72.950007,14,Motor Vehicle in Operation,4,"Sideswipe, same direction",1,On Roadway,1,Clear,88,Not Applicable,1,Daylight,1,Dry,0,None,88,Not Applicable,88,Not Applicable,0,None,88,Not Applicable,88,Not Applicable,1,Non-Junction,1,Not at Intersection,1,No,1,No,88,Not Applicable,88,Not Applicable,88,Not Applicable,88,Not Applicable,FALSE,1,Public Road,1,"Trafficway, On Road",CT0009300,New Haven PD,33016,27:50.0,C,Closed,01:22.0,,,,,,,