CrashId,Fatal Case Status,Fatal Case Status Text Format,CrashId,CrashId,Latitude,Longitude,DOT Case Number,Town Name,Town Number,Town Number,Town Number Text Format,Date Of Crash,Year,Month,Month Text Format,Day,Day of the Week,Day of the Week Text Format,Time of Crash,Hour of the Day,Case Identifier,Crash Severity,Number Of Motor Vehicles,Motor vehicle action,Most harmful event,Crash Severity Text Format,Most Severe Injury,Most Severe Injury Text Format,Number Of Non-Motorist,Number Of Witnesses,Route Class,Route Class Text Format,Milemarker,Road Number,Road Description,Roadway Name,Intersecting Roadway Name,Landmark Description,Distance From Nearest Landmark,Unit Of Measure From Nearest Landmark,Direction From Nearest Landmark,Latitude,Longitude,First Harmful Event,First Harmful Event Text Format,Manner of Crash / Collision Impact,Manner of Crash / Collision Impact Text Format,Location of First Harmful Event,Location of First Harmful Event Text Format,Weather Condition,Weather Condition Text Format,Weather 2,Weather 2 Text Format,Light Condition,Light Condition Text Format,Road Surface Condition,Road Surface Condition Text Format,"Contributing Circumstances, Environment","Contributing Circumstances, Environment Text Format",Environment 2,Environment 2 Text Format,Environment 3,Environment 3 Text Format,"Contributing Circumstances, Road","Contributing Circumstances, Road Text Format",Road 2,Road 2 Text Format,Road 3,Road 3 Text Format,Crash Specific Location,Crash Specific Location Text Format,Type of Intersection,Type of Intersection Text Format,School Bus Related,School Bus Related Text Format,Work Zone Related,Work Zone Related Text Format,Location Of Crash Relative To Work Zone,Location Of Crash Relative To Work Zone Text Format,Type of Work Zone,Type of Work Zone Text Format,Worker Presence,Worker Presence Text Format,Law Enforcement Presence,Law Enforcement Presence Text Format,Were Vehicles Moved Prior To Police Arrival,Trafficway Ownership,Trafficway Ownership Text Format,Trafficway Class,Trafficway Class Text Format,Police Agency,Police Agency Text Format,Badge Number,Approval Date,Police Case Status,Police Case Status Text Format,Crash Report Submission Date,Related Case Identifiers,No. of Through Lanes (Log Dir.),Average Daily Traffic,Functional Classification,Functional Classification Text Format,Rural or Urban,Rural or Urban Text Format
1170466,1,Complete,1170466,1170466,41.323212,-72.948737,3662657,New Haven,93,93,New Haven,6/23/2024,2024,6,June,23,1,Sunday,8:28:00,8,24025379,A,2,,Motor Vehicle In Motion,"Injury of any type (Serious, Minor, Possible)",C,Possible Injury (C),0,1,4,Local,0.11,258,GOFFE TER,GOFFE TER,ELLA T GRASSO BLVD NO 2,,,,,41.323212,-72.948737,14,Motor Vehicle in Operation,3,Angle,1,On Roadway,2,Cloudy,88,Not Applicable,1,Daylight,1,Dry,0,None,88,Not Applicable,88,Not Applicable,0,None,88,Not Applicable,88,Not Applicable,2,Intersection,2,Four-Way Intersection,1,No,1,No,88,Not Applicable,88,Not Applicable,88,Not Applicable,88,Not Applicable,FALSE,1,Public Road,1,"Trafficway, On Road",CT0009300,New Haven PD,359,39:25.0,C,Closed,00:42.0,,,,,,,
1170469,1,Complete,1170469,1170469,41.31249,-72.946654,3662660,New Haven,93,93,New Haven,6/23/2024,2024,6,June,23,1,Sunday,11:14:00,11,24025398,A,2,,Motor Vehicle In Motion,"Injury of any type (Serious, Minor, Possible)",C,Possible Injury (C),0,0,4,Local,0.39,775,WINTHROP AV NO 2,WINTHROP AV NO 2,,CHAPEL ST,210,Feet,N,41.31249,-72.946654,14,Motor Vehicle in Operation,3,Angle,1,On Roadway,1,Clear,88,Not Applicable,1,Daylight,1,Dry,0,None,88,Not Applicable,88,Not Applicable,0,None,88,Not Applicable,88,Not Applicable,9,Driveway Access-Related,1,Not at Intersection,1,No,1,No,88,Not Applicable,88,Not Applicable,88,Not Applicable,88,Not Applicable,FALSE,1,Public Road,1,"Trafficway, On Road",CT0009300,New Haven PD,91,40:34.0,C,Closed,00:29.0,,,,,,,
1170471,1,Complete,1170471,1170471,41.298056,-72.913225,3662662,New Haven,93,93,New Haven,6/23/2024,2024,6,June,23,1,Sunday,16:28:00,16,24025425,A,2,,Motor Vehicle In Motion,"Injury of any type (Serious, Minor, Possible)",A,Suspected Serious Injury (A),0,2,4,Local,1.06,513,LONG WHARF DR,LONG WHARF DR,HAMILTON ST NO 1,,,,,41.298056,-72.913225,14,Motor Vehicle in Operation,1,Front to rear,1,On Roadway,1,Clear,88,Not Applicable,1,Daylight,1,Dry,0,None,88,Not Applicable,88,Not Applicable,0,None,88,Not Applicable,88,Not Applicable,2,Intersection,3,T-Intersection,1,No,1,No,88,Not Applicable,88,Not Applicable,88,Not Applicable,88,Not Applicable,FALSE,1,Public Road,1,"Trafficway, On Road",CT0009300,New Haven PD,40810,49:44.0,C,Closed,00:46.0,,,,,,,
1171167,1,Complete,1171167,1171167,41.302732,-72.928297,3663358,New Haven,93,93,New Haven,12/24/2023,2023,12,December,24,1,Sunday,2:07:00,2,23051142,A,2,,Motor Vehicle In Motion,"Injury of any type (Serious, Minor, Possible)",C,Possible Injury (C),0,0,4,Local,0.19,809,REV DR MLK JR BLVD,REV DR MLK JR BLVD,CHURCH ST SOUTH NO 1,,,,,41.302732,-72.928297,14,Motor Vehicle in Operation,3,Angle,1,On Roadway,1,Clear,88,Not Applicable,4,Dark-Lighted,1,Dry,0,None,88,Not Applicable,88,Not Applicable,0,None,88,Not Applicable,88,Not Applicable,2,Intersection,2,Four-Way Intersection,1,No,1,No,88,Not Applicable,88,Not Applicable,88,Not Applicable,88,Not Applicable,FALSE,1,Public Road,1,"Trafficway, On Road",CT0009300,New Haven PD,44952,33:01.0,C,Closed,00:03.0,,,,,,,
1171169,1,Complete,1171169,1171169,41.318049,-72.91484,3663360,New Haven,93,93,New Haven,6/23/2024,2024,6,June,23,1,Sunday,15:51:00,15,24025417,A,3,,Motor Vehicle In Motion,"Injury of any type (Serious, Minor, Possible)",C,Possible Injury (C),0,0,4,Local,0.72,450,ORANGE ST NO 1,ORANGE ST NO 1,,EDWARDS ST,35,Feet,S,41.318049,-72.91484,14,Motor Vehicle in Operation,4,"Sideswipe, same direction",1,On Roadway,2,Cloudy,88,Not Applicable,1,Daylight,1,Dry,0,None,88,Not Applicable,88,Not Applicable,0,None,88,Not Applicable,88,Not Applicable,3,Intersection-Related,2,Four-Way Intersection,1,No,1,No,88,Not Applicable,88,Not Applicable,88,Not Applicable,88,Not Applicable,FALSE,1,Public Road,1,"Trafficway, On Road",CT0009300,New Haven PD,42048,43:30.0,C,Closed,00:14.0,,,,,,,
1171171,1,Complete,1171171,1171171,41.323677,-72.885799,3663362,New Haven,93,93,New Haven,6/23/2024,2024,6,June,23,1,Sunday,17:58:00,17,24025431,A,1,,"Other Fixed Object (wall, building, tunnel, etc.)","Injury of any type (Serious, Minor, Possible)",B,Suspected Minor Injury (B),0,1,4,Local,0.01,411,MIDDLETOWN AV,MIDDLETOWN AV,,DUMP RD,140,Feet,S,41.323677,-72.885799,39,"Other Fixed Object (wall, building, tunnel, etc.)",88,Not Applicable,1,On Roadway,2,Cloudy,88,Not Applicable,1,Daylight,1,Dry,0,None,88,Not Applicable,88,Not Applicable,0,None,88,Not Applicable,88,Not Applicable,1,Non-Junction,1,Not at Intersection,1,No,1,No,88,Not Applicable,88,Not Applicable,88,Not Applicable,88,Not Applicable,FALSE,1,Public Road,1,"Trafficway, On Road",CT0009300,New Haven PD,44056,19:03.0,C,Closed,00:16.0,,2,12900,3,PRINCIPAL ARTERIAL - OTHER - NEW HPMS,2,Urban
1171172,1,Complete,1171172,1171172,41.316912,-72.942317,3663363,New Haven,93,93,New Haven,6/23/2024,2024,6,June,23,1,Sunday,23:47:00,23,24025458,A,2,,Motor Vehicle In Motion,"Injury of any type (Serious, Minor, Possible)",C,Possible Injury (C),0,0,4,Local,0.79,556,SHERMAN AV,SHERMAN AV,,whalley ave ,30,Feet,N,41.316912,-72.942317,14,Motor Vehicle in Operation,1,Front to rear,1,On Roadway,2,Cloudy,88,Not Applicable,4,Dark-Lighted,2,Wet,0,None,88,Not Applicable,88,Not Applicable,0,None,88,Not Applicable,88,Not Applicable,3,Intersection-Related,2,Four-Way Intersection,1,No,1,No,88,Not Applicable,88,Not Applicable,88,Not Applicable,88,Not Applicable,FALSE,1,Public Road,1,"Trafficway, On Road",CT0009300,New Haven PD,44046,09:02.0,C,Closed,00:08.0,,,,,,,
1171174,1,Complete,1171174,1171174,41.32091151,-72.93606636,3663365,New Haven,93,93,New Haven,6/24/2024,2024,6,June,24,2,Monday,6:42:00,6,24025473,A,2,,Motor Vehicle In Motion,"Injury of any type (Serious, Minor, Possible)",C,Possible Injury (C),0,0,4,Local,0.16,289,HENRY ST,HENRY ST,ORCHARD ST,,,,,41.32091151,-72.93606636,14,Motor Vehicle in Operation,3,Angle,1,On Roadway,1,Clear,88,Not Applicable,1,Daylight,1,Dry,0,None,88,Not Applicable,88,Not Applicable,0,None,88,Not Applicable,88,Not Applicable,2,Intersection,2,Four-Way Intersection,1,No,1,No,88,Not Applicable,88,Not Applicable,88,Not Applicable,88,Not Applicable,FALSE,1,Public Road,1,"Trafficway, On Road",CT0009300,New Haven PD,991,43:54.0,C,Closed,00:13.0,,,,,,,
1171177,1,Complete,1171177,1171177,41.288868,-72.892607,3663368,New Haven,93,93,New Haven,6/24/2024,2024,6,June,24,2,Monday,12:53:00,12,24025502,A,2,,Motor Vehicle In Motion,"Injury of any type (Serious, Minor, Possible)",C,Possible Injury (C),0,0,3,State,0.09,741,741-E,741-E,337-E,,,,,41.288868,-72.892607,14,Motor Vehicle in Operation,3,Angle,1,On Roadway,1,Clear,88,Not Applicable,1,Daylight,1,Dry,0,None,88,Not Applicable,88,Not Applicable,0,None,88,Not Applicable,88,Not Applicable,2,Intersection,2,Four-Way Intersection,1,No,1,No,88,Not Applicable,88,Not Applicable,88,Not Applicable,88,Not Applicable,FALSE,1,Public Road,1,"Trafficway, On Road",CT0009300,New Haven PD,430,29:15.0,C,Closed,00:11.0,,,,,,,
1171615,1,Complete,1171615,1171615,41.324515,-72.935159,3663805,New Haven,93,93,New Haven,5/3/2024,2024,5,May,3,6,Friday,14:55:00,14,24018021,A,2,,Motor Vehicle In Motion,"Injury of any type (Serious, Minor, Possible)",A,Suspected Serious Injury (A),0,0,4,Local,0.83,152,DIXWELL AV,DIXWELL AV,ARGYLE ST,,,,,41.324515,-72.935159,14,Motor Vehicle in Operation,3,Angle,1,On Roadway,1,Clear,88,Not Applicable,1,Daylight,1,Dry,0,None,88,Not Applicable,88,Not Applicable,0,None,88,Not Applicable,88,Not Applicable,3,Intersection-Related,3,T-Intersection,1,No,1,No,88,Not Applicable,88,Not Applicable,88,Not Applicable,88,Not Applicable,FALSE,1,Public Road,1,"Trafficway, On Road",CT0009300,New Haven PD,45401,48:56.0,C,Closed,01:30.0,24-018021,,,,,,
1171617,1,Complete,1171617,1171617,41.30948,-72.92704,3663807,New Haven,93,93,New Haven,6/14/2024,2024,6,June,14,6,Friday,21:07:00,21,24024279,A,2,,Motor Vehicle In Motion,"Injury of any type (Serious, Minor, Possible)",C,Possible Injury (C),0,0,4,Local,0.38,726,ELM ST NO 2,ELM ST NO 2,COLLEGE ST,,,,,41.30948,-72.92704,14,Motor Vehicle in Operation,3,Angle,1,On Roadway,4,Rain,88,Not Applicable,4,Dark-Lighted,2,Wet,0,None,88,Not Applicable,88,Not Applicable,0,None,88,Not Applicable,88,Not Applicable,2,Intersection,2,Four-Way Intersection,1,No,1,No,88,Not Applicable,88,Not Applicable,88,Not Applicable,88,Not Applicable,FALSE,1,Public Road,1,"Trafficway, On Road",CT0009300,New Haven PD,31814,40:47.0,C,Closed,01:43.0,,,,,,,
1171620,1,Complete,1171620,1171620,41.290765,-72.941434,3663810,New Haven,93,93,New Haven,6/16/2024,2024,6,June,16,1,Sunday,1:28:00,1,24024505,A,1,,Fence,"Injury of any type (Serious, Minor, Possible)",B,Suspected Minor Injury (B),0,0,3,State,0.7,10,10-N,10-N,WASHINGTON AV NO 1,,,,,41.290765,-72.941434,35,Traffic Signal Support,88,Not Applicable,4,Roadside,1,Clear,88,Not Applicable,4,Dark-Lighted,1,Dry,0,None,88,Not Applicable,88,Not Applicable,0,None,88,Not Applicable,88,Not Applicable,2,Intersection,2,Four-Way Intersection,1,No,1,No,88,Not Applicable,88,Not Applicable,88,Not Applicable,88,Not Applicable,FALSE,1,Public Road,1,"Trafficway, On Road",CT0009300,New Haven PD,44946,35:17.0,O,Open,01:35.0,,4,20200,3,PRINCIPAL ARTERIAL - OTHER - NEW HPMS,2,Urban
1171624,1,Complete,1171624,1171624,41.302949,-72.902504,3663814,New Haven,93,93,New Haven,6/24/2024,2024,6,June,24,2,Monday,21:31:00,21,24025449,A,2,,Parked Vehicle,"Injury of any type (Serious, Minor, Possible)",C,Possible Injury (C),0,0,4,Local,0.93,327,JAMES ST,JAMES ST,,RIVER ST,30,Feet,N,41.302949,-72.902504,14,Motor Vehicle in Operation,1,Front to rear,7,In Parking Lane or Zone,4,Rain,88,Not Applicable,4,Dark-Lighted,2,Wet,0,None,88,Not Applicable,88,Not Applicable,0,None,88,Not Applicable,88,Not Applicable,1,Non-Junction,1,Not at Intersection,1,No,1,No,88,Not Applicable,88,Not Applicable,88,Not Applicable,88,Not Applicable,TRUE,1,Public Road,1,"Trafficway, On Road",CT0009300,New Haven PD,45403,24:39.0,O,Open,01:33.0,,,,,,,
1171990,1,Complete,1171990,1171990,41.328589,-72.954838,3664179,New Haven,93,93,New Haven,6/25/2024,2024,6,June,25,3,Tuesday,18:52:00,18,24025817,A,2,,Motor Vehicle In Motion,"Injury of any type (Serious, Minor, Possible)",C,Possible Injury (C),0,0,4,Local,0.66,56,BLAKE ST,BLAKE ST,,FARNHAM AVE,45,Feet,W,41.328589,-72.954838,14,Motor Vehicle in Operation,1,Front to rear,1,On Roadway,1,Clear,88,Not Applicable,1,Daylight,1,Dry,0,None,88,Not Applicable,88,Not Applicable,0,None,88,Not Applicable,88,Not Applicable,3,Intersection-Related,3,T-Intersection,1,No,1,No,88,Not Applicable,88,Not Applicable,88,Not Applicable,88,Not Applicable,FALSE,1,Public Road,1,"Trafficway, On Road",CT0009300,New Haven PD,45397,17:08.0,C,Closed,01:47.0,,,,,,,
1171995,1,Complete,1171995,1171995,41.329871,-72.932094,3664184,New Haven,93,93,New Haven,6/26/2024,2024,6,June,26,4,Wednesday,12:20:00,12,24025918,A,2,,Motor Vehicle In Motion,"Injury of any type (Serious, Minor, Possible)",C,Possible Injury (C),0,1,4,Local,0.54,552,SHELTON AV,SHELTON AV,IVY ST NO 1,,,,,41.329871,-72.932094,14,Motor Vehicle in Operation,1,Front to rear,1,On Roadway,1,Clear,88,Not Applicable,1,Daylight,1,Dry,0,None,88,Not Applicable,88,Not Applicable,0,None,88,Not Applicable,88,Not Applicable,2,Intersection,2,Four-Way Intersection,1,No,1,No,88,Not Applicable,88,Not Applicable,88,Not Applicable,88,Not Applicable,FALSE,1,Public Road,1,"Trafficway, On Road",CT0009300,New Haven PD,32,47:15.0,C,Closed,01:46.0,,,,,,,
1172251,1,Complete,1172251,1172251,41.298583,-72.926098,3664440,New Haven,93,93,New Haven,6/13/2024,2024,6,June,13,5,Thursday,6:41:00,6,24023966,A,1,,Pedalcycle/Pedalcyclist,"Injury of any type (Serious, Minor, Possible)",C,Possible Injury (C),1,0,2,USRoute,48.05,1,1-N,1-N,,COLUMBUS AVE,100,Feet,S,41.298583,-72.926098,10,Pedalcycle/Pedalcyclist,1,Front to rear,1,On Roadway,1,Clear,88,Not Applicable,1,Daylight,1,Dry,0,None,88,Not Applicable,88,Not Applicable,0,None,88,Not Applicable,88,Not Applicable,1,Non-Junction,1,Not at Intersection,1,No,1,No,88,Not Applicable,88,Not Applicable,88,Not Applicable,88,Not Applicable,FALSE,1,Public Road,1,"Trafficway, On Road",CT0009300,New Haven PD,44338,20:42.0,C,Closed,01:38.0,,,,,,,
1172253,1,Complete,1172253,1172253,41.303694,-72.931675,3664442,New Haven,93,93,New Haven,6/16/2024,2024,6,June,16,1,Sunday,3:30:00,3,24024389,A,2,,Motor Vehicle In Motion,"Injury of any type (Serious, Minor, Possible)",C,Possible Injury (C),0,0,4,Local,0.08,564,SOUTH FRONTAGE RD,SOUTH FRONTAGE RD,,COLLEGE STREET,40,Feet,W,41.303694,-72.931675,14,Motor Vehicle in Operation,1,Front to rear,1,On Roadway,1,Clear,88,Not Applicable,6,Dark-Unknown Lighting,1,Dry,0,None,88,Not Applicable,88,Not Applicable,0,None,88,Not Applicable,88,Not Applicable,3,Intersection-Related,2,Four-Way Intersection,1,No,1,No,88,Not Applicable,88,Not Applicable,88,Not Applicable,88,Not Applicable,FALSE,1,Public Road,1,"Trafficway, On Road",CT0009300,New Haven PD,44946,15:32.0,O,Open,01:43.0,,,,,,,
1172260,1,Complete,1172260,1172260,41.286703,-72.924828,3664449,New Haven,93,93,New Haven,6/27/2024,2024,6,June,27,5,Thursday,0:08:00,0,24026024,A,1,,Fence,"Injury of any type (Serious, Minor, Possible)",C,Possible Injury (C),0,0,4,Local,0.07,513,LONG WHARF DR,LONG WHARF DR,,SARGENT DR,300,Feet,E,41.286703,-72.924828,25,Curb,88,Not Applicable,2,Shoulder,4,Rain,88,Not Applicable,5,Dark-Not Lighted,2,Wet,1,Weather Conditions,88,Not Applicable,88,Not Applicable,0,None,88,Not Applicable,88,Not Applicable,1,Non-Junction,1,Not at Intersection,1,No,1,No,88,Not Applicable,88,Not Applicable,88,Not Applicable,88,Not Applicable,FALSE,1,Public Road,1,"Trafficway, On Road",CT0009300,New Haven PD,44048,03:21.0,C,Closed,01:39.0,,4,9100,4,MINOR ARTERIAL - NEW HPMS,2,Urban
1172264,1,Complete,1172264,1172264,41.300869,-72.910575,3664453,New Haven,93,93,New Haven,6/27/2024,2024,6,June,27,5,Thursday,16:40:00,16,24026124,A,2,,Motor Vehicle In Motion,"Injury of any type (Serious, Minor, Possible)",C,Possible Injury (C),0,0,2,USRoute,48.97,1,1-N,1-N,,East St,35,Feet,E,41.300869,-72.910575,14,Motor Vehicle in Operation,4,"Sideswipe, same direction",1,On Roadway,1,Clear,88,Not Applicable,1,Daylight,1,Dry,0,None,88,Not Applicable,88,Not Applicable,0,None,88,Not Applicable,88,Not Applicable,3,Intersection-Related,2,Four-Way Intersection,1,No,1,No,88,Not Applicable,88,Not Applicable,88,Not Applicable,88,Not Applicable,TRUE,1,Public Road,1,"Trafficway, On Road",CT0009300,New Haven PD,42366,38:13.0,C,Closed,01:44.0,,,,,,,
1172265,1,Complete,1172265,1172265,41.291182,-72.920486,3664454,New Haven,93,93,New Haven,6/27/2024,2024,6,June,27,5,Thursday,21:34:00,21,24026161,A,1,,Pedestrian,"Injury of any type (Serious, Minor, Possible)",B,Suspected Minor Injury (B),1,1,4,Local,0.45,513,LONG WHARF DR,LONG WHARF DR,,95-N-328 (Exit 46 on-ramp),825,Feet,N,41.291182,-72.920486,9,Pedestrian,88,Not Applicable,1,On Roadway,1,Clear,88,Not Applicable,4,Dark-Lighted,1,Dry,0,None,88,Not Applicable,88,Not Applicable,0,None,88,Not Applicable,88,Not Applicable,10,Shared-Use Path or Trail,1,Not at Intersection,1,No,1,No,88,Not Applicable,88,Not Applicable,88,Not Applicable,88,Not Applicable,FALSE,1,Public Road,1,"Trafficway, On Road",CT0009300,New Haven PD,42366,43:02.0,C,Closed,01:46.0,,4,9100,4,MINOR ARTERIAL - NEW HPMS,2,Urban
1172882,1,Complete,1172882,1172882,41.31836463,-72.89779915,3665071,New Haven,93,93,New Haven,4/10/2024,2024,4,April,10,4,Wednesday,5:12:00,5,24014839,A,1,,Other Non-Fixed Object,"Injury of any type (Serious, Minor, Possible)",B,Suspected Minor Injury (B),0,0,4,Local,0.09,213,FERRY ST,FERRY ST,,MIDDLETOWN AVE,150,Feet,S,41.31836463,-72.89779915,18,Other Non-Fixed Object,88,Not Applicable,1,On Roadway,1,Clear,88,Not Applicable,4,Dark-Lighted,1,Dry,0,None,88,Not Applicable,88,Not Applicable,0,None,88,Not Applicable,88,Not Applicable,1,Non-Junction,1,Not at Intersection,1,No,1,No,88,Not Applicable,88,Not Applicable,88,Not Applicable,88,Not Applicable,FALSE,1,Public Road,1,"Trafficway, On Road",CT0009300,New Haven PD,44947,40:44.0,C,Closed,01:59.0,,4,13500,4,MINOR ARTERIAL - NEW HPMS,2,Urban
1172888,1,Complete,1172888,1172888,41.299435,-72.949865,3665077,New Haven,93,93,New Haven,6/14/2024,2024,6,June,14,6,Friday,14:11:00,14,24024222,A,3,,Motor Vehicle In Motion,"Injury of any type (Serious, Minor, Possible)",B,Suspected Minor Injury (B),0,0,3,State,1.61,10,10-N,10-N,,COLUMBUS AVE,725,Feet,N,41.299435,-72.949865,14,Motor Vehicle in Operation,3,Angle,1,On Roadway,1,Clear,88,Not Applicable,1,Daylight,1,Dry,0,None,88,Not Applicable,88,Not Applicable,0,None,88,Not Applicable,88,Not Applicable,9,Driveway Access-Related,1,Not at Intersection,1,No,1,No,88,Not Applicable,88,Not Applicable,88,Not Applicable,88,Not Applicable,FALSE,1,Public Road,1,"Trafficway, On Road",CT0009300,New Haven PD,301,10:45.0,C,Closed,02:05.0,,,,,,,
1172892,1,Complete,1172892,1172892,41.297972,-72.913294,3665081,New Haven,93,93,New Haven,6/20/2024,2024,6,June,20,5,Thursday,20:16:00,20,24025065,A,2,,Motor Vehicle In Motion,"Injury of any type (Serious, Minor, Possible)",A,Suspected Serious Injury (A),0,0,4,Local,1.06,513,LONG WHARF DR,LONG WHARF DR,HAMILTON ST NO 1,,,,,41.297972,-72.913294,14,Motor Vehicle in Operation,1,Front to rear,1,On Roadway,1,Clear,88,Not Applicable,4,Dark-Lighted,1,Dry,0,None,88,Not Applicable,88,Not Applicable,0,None,88,Not Applicable,88,Not Applicable,2,Intersection,3,T-Intersection,1,No,1,No,88,Not Applicable,88,Not Applicable,88,Not Applicable,88,Not Applicable,FALSE,1,Public Road,1,"Trafficway, On Road",CT0009300,New Haven PD,46622,11:54.0,O,Open,02:08.0,,,,,,,
1172898,1,Complete,1172898,1172898,41.313075,-72.943845,3665087,New Haven,93,93,New Haven,6/27/2024,2024,6,June,27,5,Thursday,12:29:00,12,24026103,A,2,,Motor Vehicle In Motion,"Injury of any type (Serious, Minor, Possible)",C,Possible Injury (C),0,0,4,Local,0.52,556,SHERMAN AV,SHERMAN AV,,GILBERT AVE,35,Feet,S,41.313075,-72.943845,14,Motor Vehicle in Operation,1,Front to rear,1,On Roadway,1,Clear,88,Not Applicable,1,Daylight,1,Dry,0,None,88,Not Applicable,88,Not Applicable,0,None,88,Not Applicable,88,Not Applicable,3,Intersection-Related,2,Four-Way Intersection,1,No,1,No,88,Not Applicable,88,Not Applicable,88,Not Applicable,88,Not Applicable,FALSE,1,Public Road,1,"Trafficway, On Road",CT0009300,New Haven PD,44062,31:50.0,C,Closed,01:50.0,,,,,,,
1172900,1,Complete,1172900,1172900,41.306283,-72.939158,3665089,New Haven,93,93,New Haven,6/27/2024,2024,6,June,27,5,Thursday,21:36:00,21,24026170,A,2,,Motor Vehicle In Motion,"Injury of any type (Serious, Minor, Possible)",C,Possible Injury (C),0,0,4,Local,0.57,160,DWIGHT ST,DWIGHT ST,,LEGION AVENUE,40,Feet,N,41.306283,-72.939158,14,Motor Vehicle in Operation,1,Front to rear,1,On Roadway,1,Clear,88,Not Applicable,4,Dark-Lighted,1,Dry,0,None,88,Not Applicable,88,Not Applicable,0,None,88,Not Applicable,88,Not Applicable,3,Intersection-Related,3,T-Intersection,1,No,1,No,88,Not Applicable,88,Not Applicable,88,Not Applicable,88,Not Applicable,FALSE,1,Public Road,1,"Trafficway, On Road",CT0009300,New Haven PD,44338,47:07.0,O,Open,01:49.0,,,,,,,
1172901,1,Complete,1172901,1172901,41.307973,-72.934276,3665090,New Haven,93,93,New Haven,6/28/2024,2024,6,June,28,6,Friday,1:58:00,1,24026176,A,2,,Motor Vehicle In Motion,"Injury of any type (Serious, Minor, Possible)",C,Possible Injury (C),0,1,4,Local,0.27,463,PARK ST,PARK ST,CROWN ST,,,,,41.307973,-72.934276,14,Motor Vehicle in Operation,3,Angle,1,On Roadway,1,Clear,88,Not Applicable,4,Dark-Lighted,1,Dry,0,None,88,Not Applicable,88,Not Applicable,0,None,88,Not Applicable,88,Not Applicable,2,Intersection,2,Four-Way Intersection,1,No,1,No,88,Not Applicable,88,Not Applicable,88,Not Applicable,88,Not Applicable,FALSE,1,Public Road,1,"Trafficway, On Road",CT0009300,New Haven PD,11107,13:30.0,C,Closed,01:46.0,,,,,,,
1172902,1,Complete,1172902,1172902,41.305928,-72.947119,3665091,New Haven,93,93,New Haven,6/28/2024,2024,6,June,28,6,Friday,9:45:00,9,24026201,A,2,,Motor Vehicle In Motion,"Injury of any type (Serious, Minor, Possible)",C,Possible Injury (C),0,0,4,Local,0.28,360,LEGION AV-RT 34,LEGION AV-RT 34,,WINTHROP AVE,30,Feet,W,41.305928,-72.947119,14,Motor Vehicle in Operation,4,"Sideswipe, same direction",1,On Roadway,1,Clear,88,Not Applicable,1,Daylight,1,Dry,0,None,88,Not Applicable,88,Not Applicable,0,None,88,Not Applicable,88,Not Applicable,3,Intersection-Related,2,Four-Way Intersection,1,No,1,No,88,Not Applicable,88,Not Applicable,88,Not Applicable,88,Not Applicable,TRUE,1,Public Road,1,"Trafficway, On Road",CT0009300,New Haven PD,39,47:19.0,C,Closed,01:50.0,,,,,,,
1172905,1,Complete,1172905,1172905,41.330957,-72.956567,3665094,New Haven,93,93,New Haven,6/28/2024,2024,6,June,28,6,Friday,10:22:00,10,24026233,A,2,,Motor Vehicle In Motion,"Injury of any type (Serious, Minor, Possible)",C,Possible Injury (C),0,0,4,Local,0.17,572,SPRINGSIDE AV,SPRINGSIDE AV,,HARD ST,35,Feet,N,41.330957,-72.956567,14,Motor Vehicle in Operation,1,Front to rear,1,On Roadway,1,Clear,88,Not Applicable,1,Daylight,1,Dry,0,None,88,Not Applicable,88,Not Applicable,0,None,88,Not Applicable,88,Not Applicable,3,Intersection-Related,3,T-Intersection,1,No,1,No,88,Not Applicable,88,Not Applicable,88,Not Applicable,88,Not Applicable,TRUE,1,Public Road,1,"Trafficway, On Road",CT0009300,New Haven PD,324,01:42.0,O,Open,01:54.0,24026233,,,,,,
1172908,1,Complete,1172908,1172908,41.306228,-72.935321,3665097,New Haven,93,93,New Haven,6/28/2024,2024,6,June,28,6,Friday,9:56:00,9,24026250,A,2,,Motor Vehicle In Motion,"Injury of any type (Serious, Minor, Possible)",C,Possible Injury (C),0,0,4,Local,0.63,809,REV DR MLK JR BLVD,REV DR MLK JR BLVD,,PARK ST,30,Feet,E,41.306228,-72.935321,14,Motor Vehicle in Operation,4,"Sideswipe, same direction",1,On Roadway,1,Clear,88,Not Applicable,1,Daylight,1,Dry,0,None,88,Not Applicable,88,Not Applicable,0,None,88,Not Applicable,88,Not Applicable,3,Intersection-Related,2,Four-Way Intersection,1,No,1,No,88,Not Applicable,88,Not Applicable,88,Not Applicable,88,Not Applicable,TRUE,1,Public Road,1,"Trafficway, On Road",CT0009300,New Haven PD,39,53:39.0,C,Closed,01:52.0,,,,,,,
1172910,1,Complete,1172910,1172910,41.29561,-72.91669,3665099,New Haven,93,93,New Haven,6/28/2024,2024,6,June,28,6,Friday,14:35:00,14,24026262,A,2,,Motor Vehicle In Motion,"Injury of any type (Serious, Minor, Possible)",B,Suspected Minor Injury (B),0,0,4,Local,0.81,513,LONG WHARF DR,LONG WHARF DR,CANAL DOCK RD,,,,,41.29561,-72.91669,1,Overturn/Rollover,4,"Sideswipe, same direction",1,On Roadway,1,Clear,88,Not Applicable,1,Daylight,1,Dry,0,None,88,Not Applicable,88,Not Applicable,0,None,88,Not Applicable,88,Not Applicable,1,Non-Junction,1,Not at Intersection,1,No,1,No,88,Not Applicable,88,Not Applicable,88,Not Applicable,88,Not Applicable,FALSE,1,Public Road,1,"Trafficway, On Road",CT0009300,New Haven PD,40819,51:20.0,C,Closed,02:03.0,,,,,,,