CrashId,Fatal Case Status,Fatal Case Status Text Format,CrashId,CrashId,Latitude,Longitude,DOT Case Number,Town Name,Town Number,Town Number,Town Number Text Format,Date Of Crash,Year,Month,Month Text Format,Day,Day of the Week,Day of the Week Text Format,Time of Crash,Hour of the Day,Case Identifier,Crash Severity,Number Of Motor Vehicles,Motor vehicle action,Most harmful event,Crash Severity Text Format,Most Severe Injury,Most Severe Injury Text Format,Number Of Non-Motorist,Number Of Witnesses,Route Class,Route Class Text Format,Milemarker,Road Number,Road Description,Roadway Name,Intersecting Roadway Name,Landmark Description,Distance From Nearest Landmark,Unit Of Measure From Nearest Landmark,Direction From Nearest Landmark,Latitude,Longitude,First Harmful Event,First Harmful Event Text Format,Manner of Crash / Collision Impact,Manner of Crash / Collision Impact Text Format,Location of First Harmful Event,Location of First Harmful Event Text Format,Weather Condition,Weather Condition Text Format,Weather 2,Weather 2 Text Format,Light Condition,Light Condition Text Format,Road Surface Condition,Road Surface Condition Text Format,"Contributing Circumstances, Environment","Contributing Circumstances, Environment Text Format",Environment 2,Environment 2 Text Format,Environment 3,Environment 3 Text Format,"Contributing Circumstances, Road","Contributing Circumstances, Road Text Format",Road 2,Road 2 Text Format,Road 3,Road 3 Text Format,Crash Specific Location,Crash Specific Location Text Format,Type of Intersection,Type of Intersection Text Format,School Bus Related,School Bus Related Text Format,Work Zone Related,Work Zone Related Text Format,Location Of Crash Relative To Work Zone,Location Of Crash Relative To Work Zone Text Format,Type of Work Zone,Type of Work Zone Text Format,Worker Presence,Worker Presence Text Format,Law Enforcement Presence,Law Enforcement Presence Text Format,Were Vehicles Moved Prior To Police Arrival,Trafficway Ownership,Trafficway Ownership Text Format,Trafficway Class,Trafficway Class Text Format,Police Agency,Police Agency Text Format,Badge Number,Approval Date,Police Case Status,Police Case Status Text Format,Crash Report Submission Date,Related Case Identifiers,No. of Through Lanes (Log Dir.),Average Daily Traffic,Functional Classification,Functional Classification Text Format,Rural or Urban,Rural or Urban Text Format
1172911,1,Complete,1172911,1172911,41.310791,-72.93,3665100,New Haven,93,93,New Haven,6/28/2024,2024,6,June,28,6,Friday,15:19:00,15,24026267,A,1,,Pedestrian,"Injury of any type (Serious, Minor, Possible)",C,Possible Injury (C),1,0,4,Local,0.2,726,ELM ST NO 2,ELM ST NO 2,YORK ST,,,,,41.310791,-72.93,9,Pedestrian,88,Not Applicable,1,On Roadway,1,Clear,88,Not Applicable,1,Daylight,1,Dry,0,None,88,Not Applicable,88,Not Applicable,0,None,88,Not Applicable,88,Not Applicable,2,Intersection,2,Four-Way Intersection,1,No,1,No,88,Not Applicable,88,Not Applicable,88,Not Applicable,88,Not Applicable,FALSE,1,Public Road,1,"Trafficway, On Road",CT0009300,New Haven PD,46174,36:21.0,C,Closed,02:02.0,,3,18200,3,PRINCIPAL ARTERIAL - OTHER - NEW HPMS,2,Urban
1172919,1,Complete,1172919,1172919,41.3198784,-72.9403928,3665108,New Haven,93,93,New Haven,6/29/2024,2024,6,June,29,7,Saturday,9:36:00,9,24026385,A,2,,Motor Vehicle In Motion,"Injury of any type (Serious, Minor, Possible)",C,Possible Injury (C),0,0,4,Local,1.01,556,SHERMAN AV,SHERMAN AV,GOFFE ST,,,,,41.3198784,-72.9403928,14,Motor Vehicle in Operation,3,Angle,1,On Roadway,2,Cloudy,88,Not Applicable,1,Daylight,1,Dry,0,None,88,Not Applicable,88,Not Applicable,0,None,88,Not Applicable,88,Not Applicable,2,Intersection,2,Four-Way Intersection,1,No,1,No,88,Not Applicable,88,Not Applicable,88,Not Applicable,88,Not Applicable,FALSE,1,Public Road,1,"Trafficway, On Road",CT0009300,New Haven PD,332,56:23.0,C,Closed,02:01.0,,,,,,,
1172923,1,Complete,1172923,1172923,41.303697,-72.914406,3665112,New Haven,93,93,New Haven,6/30/2024,2024,6,June,30,1,Sunday,15:33:00,15,24026535,A,2,,Motor Vehicle In Motion,"Injury of any type (Serious, Minor, Possible)",C,Possible Injury (C),0,0,4,Local,1.14,97,CHAPEL ST,CHAPEL ST,,FRANKLIN ST,59,Feet,E,41.303697,-72.914406,14,Motor Vehicle in Operation,1,Front to rear,1,On Roadway,4,Rain,88,Not Applicable,1,Daylight,2,Wet,0,None,88,Not Applicable,88,Not Applicable,0,None,88,Not Applicable,88,Not Applicable,3,Intersection-Related,2,Four-Way Intersection,1,No,1,No,88,Not Applicable,88,Not Applicable,88,Not Applicable,88,Not Applicable,FALSE,1,Public Road,1,"Trafficway, On Road",CT0009300,New Haven PD,44049,21:48.0,C,Closed,02:09.0,,,,,,,
1173348,1,Complete,1173348,1173348,41.309152,-72.894283,3665537,New Haven,93,93,New Haven,6/23/2024,2024,6,June,23,1,Sunday,1:45:00,1,24025369,A,2,,Motor Vehicle In Motion,"Injury of any type (Serious, Minor, Possible)",C,Possible Injury (C),0,0,4,Local,0.44,264,GRAND AV,GRAND AV,BRIGHT ST,,,,,41.309152,-72.894283,14,Motor Vehicle in Operation,4,"Sideswipe, same direction",1,On Roadway,1,Clear,88,Not Applicable,6,Dark-Unknown Lighting,1,Dry,0,None,88,Not Applicable,88,Not Applicable,0,None,88,Not Applicable,88,Not Applicable,2,Intersection,3,T-Intersection,1,No,1,No,88,Not Applicable,88,Not Applicable,88,Not Applicable,88,Not Applicable,FALSE,1,Public Road,1,"Trafficway, On Road",CT0009300,New Haven PD,44946,19:55.0,C,Closed,00:27.0,,,,,,,
1173350,1,Complete,1173350,1173350,41.307215,-72.895171,3665539,New Haven,93,93,New Haven,6/29/2024,2024,6,June,29,7,Saturday,18:28:00,18,24026425,A,1,,Motor Vehicle In Motion,"Injury of any type (Serious, Minor, Possible)",C,Possible Injury (C),1,1,4,Local,0.87,213,FERRY ST,FERRY ST,,PIERPONT ST,100,Feet,N,41.307215,-72.895171,10,Pedalcycle/Pedalcyclist,3,Angle,97,Other,1,Clear,88,Not Applicable,1,Daylight,1,Dry,0,None,88,Not Applicable,88,Not Applicable,0,None,88,Not Applicable,88,Not Applicable,9,Driveway Access-Related,1,Not at Intersection,1,No,1,No,88,Not Applicable,88,Not Applicable,88,Not Applicable,88,Not Applicable,FALSE,1,Public Road,2,"Trafficway, Not on Road",CT0009300,New Haven PD,45388,10:57.0,C,Closed,00:25.0,,,,,,,
1173351,1,Complete,1173351,1173351,41.28897,-72.894561,3665540,New Haven,93,93,New Haven,6/30/2024,2024,6,June,30,1,Sunday,3:07:00,3,24026481,A,2,,Motor Vehicle In Motion,"Injury of any type (Serious, Minor, Possible)",C,Possible Injury (C),0,0,4,Local,1.36,678,WOODWARD AV,WOODWARD AV,95-N-346 (Exit 50),,,,,41.28897,-72.894561,14,Motor Vehicle in Operation,99,Unknown,1,On Roadway,1,Clear,1,Clear,4,Dark-Lighted,1,Dry,0,None,88,Not Applicable,88,Not Applicable,0,None,88,Not Applicable,88,Not Applicable,2,Intersection,2,Four-Way Intersection,1,No,1,No,88,Not Applicable,88,Not Applicable,88,Not Applicable,88,Not Applicable,FALSE,1,Public Road,1,"Trafficway, On Road",CT0009300,New Haven PD,45629,28:32.0,C,Closed,00:26.0,,,,,,,
1173699,1,Complete,1173699,1173699,41.30865,-72.901274,3665888,New Haven,93,93,New Haven,6/25/2024,2024,6,June,25,3,Tuesday,19:03:00,19,24025814,A,2,,Parked Vehicle,"Injury of any type (Serious, Minor, Possible)",C,Possible Injury (C),0,0,4,Local,0.81,264,GRAND AV,GRAND AV,,Lloyd St,55,Feet,W,41.30865,-72.901274,15,Parked Motor Vehicle,1,Front to rear,7,In Parking Lane or Zone,1,Clear,88,Not Applicable,1,Daylight,1,Dry,0,None,88,Not Applicable,88,Not Applicable,0,None,88,Not Applicable,88,Not Applicable,1,Non-Junction,1,Not at Intersection,1,No,1,No,88,Not Applicable,88,Not Applicable,88,Not Applicable,88,Not Applicable,FALSE,1,Public Road,1,"Trafficway, On Road",CT0009300,New Haven PD,42057,29:31.0,C,Closed,00:40.0,,,,,,,
1173702,1,Complete,1173702,1173702,41.306888,-72.942709,3665891,New Haven,93,93,New Haven,6/30/2024,2024,6,June,30,1,Sunday,12:31:00,12,24026518,A,2,,Motor Vehicle In Motion,"Injury of any type (Serious, Minor, Possible)",C,Possible Injury (C),0,0,4,Local,1.03,809,REV DR MLK JR BLVD,REV DR MLK JR BLVD,,ORCHARD ST,40,Feet,W,41.306888,-72.942709,14,Motor Vehicle in Operation,1,Front to rear,1,On Roadway,1,Clear,88,Not Applicable,1,Daylight,1,Dry,0,None,88,Not Applicable,88,Not Applicable,0,None,88,Not Applicable,88,Not Applicable,3,Intersection-Related,2,Four-Way Intersection,1,No,1,No,88,Not Applicable,88,Not Applicable,88,Not Applicable,88,Not Applicable,FALSE,1,Public Road,1,"Trafficway, On Road",CT0009300,New Haven PD,91,51:08.0,C,Closed,00:38.0,,,,,,,
1173966,1,Complete,1173966,1173966,41.312644,-72.950387,3666155,New Haven,93,93,New Haven,6/21/2024,2024,6,June,21,6,Friday,11:40:00,11,24025141,A,2,,Motor Vehicle In Motion,"Injury of any type (Serious, Minor, Possible)",B,Suspected Minor Injury (B),0,0,4,Local,3.14,97,CHAPEL ST,CHAPEL ST,ELLSWORTH AV,,,,,41.312644,-72.950387,14,Motor Vehicle in Operation,3,Angle,1,On Roadway,1,Clear,88,Not Applicable,1,Daylight,1,Dry,0,None,88,Not Applicable,88,Not Applicable,0,None,88,Not Applicable,88,Not Applicable,2,Intersection,2,Four-Way Intersection,1,No,1,No,88,Not Applicable,88,Not Applicable,88,Not Applicable,88,Not Applicable,TRUE,1,Public Road,1,"Trafficway, On Road",CT0009300,New Haven PD,46618,03:01.0,C,Closed,01:14.0,,,,,,,
1194720,1,Complete,1194720,1194720,41.297906,-72.933994,3682926,New Haven,93,93,New Haven,8/31/2024,2024,8,August,31,7,Saturday,12:48:00,12,24036033,A,2,,Motor Vehicle In Motion,"Injury of any type (Serious, Minor, Possible)",C,Possible Injury (C),0,0,2,USRoute,47.42,1,1-N,1-N,,HOWARD AVE,50,Feet,E,41.297906,-72.933994,14,Motor Vehicle in Operation,4,"Sideswipe, same direction",1,On Roadway,1,Clear,88,Not Applicable,1,Daylight,1,Dry,0,None,88,Not Applicable,88,Not Applicable,0,None,88,Not Applicable,88,Not Applicable,1,Non-Junction,1,Not at Intersection,1,No,1,No,88,Not Applicable,88,Not Applicable,88,Not Applicable,88,Not Applicable,TRUE,1,Public Road,1,"Trafficway, On Road",CT0009300,New Haven PD,476,58:47.0,C,Closed,02:09.0,,,,,,,
1194722,1,Complete,1194722,1194722,41.30908,-72.895468,3682928,New Haven,93,93,New Haven,8/31/2024,2024,8,August,31,7,Saturday,11:41:00,11,24036050,A,1,,Pedestrian,"Injury of any type (Serious, Minor, Possible)",C,Possible Injury (C),1,0,4,Local,0.5,264,GRAND AV,GRAND AV,FERRY ST,,,,,41.30908,-72.895468,9,Pedestrian,88,Not Applicable,1,On Roadway,1,Clear,88,Not Applicable,1,Daylight,1,Dry,0,None,88,Not Applicable,88,Not Applicable,0,None,88,Not Applicable,88,Not Applicable,2,Intersection,2,Four-Way Intersection,1,No,1,No,88,Not Applicable,88,Not Applicable,88,Not Applicable,88,Not Applicable,FALSE,1,Public Road,1,"Trafficway, On Road",CT0009300,New Haven PD,980,20:55.0,C,Closed,02:12.0,,2,8000,4,MINOR ARTERIAL - NEW HPMS,2,Urban
1194724,1,Complete,1194724,1194724,41.31072364,-72.9344892,3682930,New Haven,93,93,New Haven,8/31/2024,2024,8,August,31,7,Saturday,12:15:00,12,24036056,A,1,,Pedestrian,"Injury of any type (Serious, Minor, Possible)",B,Suspected Minor Injury (B),1,0,4,Local,0.34,310,HOWE ST,HOWE ST,EDGEWOOD AV,,,,,41.31072364,-72.9344892,9,Pedestrian,88,Not Applicable,1,On Roadway,1,Clear,88,Not Applicable,1,Daylight,1,Dry,0,None,88,Not Applicable,88,Not Applicable,0,None,88,Not Applicable,88,Not Applicable,2,Intersection,2,Four-Way Intersection,1,No,1,No,88,Not Applicable,88,Not Applicable,88,Not Applicable,88,Not Applicable,TRUE,1,Public Road,1,"Trafficway, On Road",CT0009300,New Haven PD,39,59:45.0,C,Closed,02:08.0,,,,,,,
1194725,1,Complete,1194725,1194725,41.315406,-72.877637,3682931,New Haven,93,93,New Haven,8/31/2024,2024,8,August,31,7,Saturday,12:34:00,12,24036058,A,2,,Motor Vehicle In Motion,"Injury of any type (Serious, Minor, Possible)",C,Possible Injury (C),0,0,4,Local,1.8,498,QUINNIPIAC AV,QUINNIPIAC AV,,HEMINGWAY ST,700,Feet,N,41.315406,-72.877637,14,Motor Vehicle in Operation,3,Angle,1,On Roadway,1,Clear,88,Not Applicable,1,Daylight,1,Dry,0,None,88,Not Applicable,88,Not Applicable,0,None,88,Not Applicable,88,Not Applicable,1,Non-Junction,1,Not at Intersection,1,No,1,No,88,Not Applicable,88,Not Applicable,88,Not Applicable,88,Not Applicable,FALSE,1,Public Road,1,"Trafficway, On Road",CT0009300,New Haven PD,45401,04:58.0,C,Closed,02:14.0,,,,,,,
1194733,1,Complete,1194733,1194733,41.294252,-72.933204,3682939,New Haven,93,93,New Haven,8/31/2024,2024,8,August,31,7,Saturday,22:42:00,22,24036119,A,2,,Motor Vehicle In Motion,"Injury of any type (Serious, Minor, Possible)",C,Possible Injury (C),0,0,4,Local,0.85,308,HOWARD AV,HOWARD AV,SPRING ST,,,,,41.294252,-72.933204,14,Motor Vehicle in Operation,3,Angle,1,On Roadway,1,Clear,88,Not Applicable,4,Dark-Lighted,1,Dry,0,None,88,Not Applicable,88,Not Applicable,0,None,88,Not Applicable,88,Not Applicable,2,Intersection,2,Four-Way Intersection,1,No,1,No,88,Not Applicable,88,Not Applicable,88,Not Applicable,88,Not Applicable,FALSE,1,Public Road,1,"Trafficway, On Road",CT0009300,New Haven PD,44953,36:43.0,O,Open,02:21.0,,,,,,,
1194735,1,Complete,1194735,1194735,41.303567,-72.91041,3682941,New Haven,93,93,New Haven,9/1/2024,2024,9,September,1,1,Sunday,0:52:00,0,24036128,A,2,,Motor Vehicle In Motion,"Injury of any type (Serious, Minor, Possible)",A,Suspected Serious Injury (A),0,0,4,Local,0.87,165,EAST ST,EAST ST,CHAPEL ST,,,,,41.303567,-72.91041,14,Motor Vehicle in Operation,3,Angle,1,On Roadway,1,Clear,88,Not Applicable,4,Dark-Lighted,1,Dry,0,None,88,Not Applicable,88,Not Applicable,0,None,88,Not Applicable,88,Not Applicable,2,Intersection,2,Four-Way Intersection,1,No,1,No,88,Not Applicable,88,Not Applicable,88,Not Applicable,88,Not Applicable,TRUE,1,Public Road,1,"Trafficway, On Road",CT0009300,New Haven PD,46622,43:38.0,C,Closed,02:22.0,,,,,,,
1194736,1,Complete,1194736,1194736,41.32308,-72.91416,3682942,New Haven,93,93,New Haven,9/1/2024,2024,9,September,1,1,Sunday,3:45:00,3,24036130,A,1,,Pedalcycle/Pedalcyclist,"Injury of any type (Serious, Minor, Possible)",C,Possible Injury (C),1,0,4,Local,0.78,666,WILLOW ST,WILLOW ST,LIVINGSTON ST,,,,,41.32308,-72.91416,10,Pedalcycle/Pedalcyclist,1,Front to rear,1,On Roadway,1,Clear,88,Not Applicable,4,Dark-Lighted,1,Dry,0,None,88,Not Applicable,88,Not Applicable,0,None,88,Not Applicable,88,Not Applicable,2,Intersection,2,Four-Way Intersection,1,No,1,No,88,Not Applicable,88,Not Applicable,88,Not Applicable,88,Not Applicable,FALSE,1,Public Road,1,"Trafficway, On Road",CT0009300,New Haven PD,41104,22:19.0,O,Open,02:22.0,,,,,,,
1194737,1,Complete,1194737,1194737,41.28463,-72.896219,3682943,New Haven,93,93,New Haven,9/1/2024,2024,9,September,1,1,Sunday,4:01:00,4,24036143,A,3,,Parked Vehicle,"Injury of any type (Serious, Minor, Possible)",A,Suspected Serious Injury (A),0,0,4,Local,1.05,678,WOODWARD AV,WOODWARD AV,,PARK LANE,200,Feet,S,41.28463,-72.896219,14,Motor Vehicle in Operation,2,Front to front,1,On Roadway,1,Clear,88,Not Applicable,5,Dark-Not Lighted,1,Dry,0,None,88,Not Applicable,88,Not Applicable,0,None,88,Not Applicable,88,Not Applicable,1,Non-Junction,1,Not at Intersection,1,No,1,No,88,Not Applicable,88,Not Applicable,88,Not Applicable,88,Not Applicable,FALSE,1,Public Road,1,"Trafficway, On Road",CT0009300,New Haven PD,46622,43:42.0,C,Closed,02:25.0,,,,,,,
1195327,1,Complete,1195327,1195327,41.330329,-72.971764,3683533,New Haven,93,93,New Haven,9/2/2024,2024,9,September,2,2,Monday,2:01:00,2,24036259,A,5,,Motor Vehicle In Motion,"Injury of any type (Serious, Minor, Possible)",C,Possible Injury (C),0,1,3,State,0.89,63,63-N,63-N,,W PROSPECT ST,15,Feet,E,41.330329,-72.971764,14,Motor Vehicle in Operation,4,"Sideswipe, same direction",1,On Roadway,1,Clear,88,Not Applicable,4,Dark-Lighted,1,Dry,0,None,88,Not Applicable,88,Not Applicable,0,None,88,Not Applicable,88,Not Applicable,3,Intersection-Related,3,T-Intersection,1,No,1,No,88,Not Applicable,88,Not Applicable,88,Not Applicable,88,Not Applicable,FALSE,1,Public Road,1,"Trafficway, On Road",CT0009300,New Haven PD,45388,56:48.0,C,Closed,00:35.0,,,,,,,
1195328,1,Complete,1195328,1195328,41.33029245,-72.94452909,3683534,New Haven,93,93,New Haven,9/2/2024,2024,9,September,2,2,Monday,5:10:00,5,24036269,A,1,,Tree (standing),"Injury of any type (Serious, Minor, Possible)",A,Suspected Serious Injury (A),0,0,4,Local,0.81,,ELLA T GRASSO BLVD NO 2,ELLA T GRASSO BLVD NO 2,CRESCENT ST,,,,,41.33029245,-72.94452909,25,Curb,88,Not Applicable,1,On Roadway,1,Clear,88,Not Applicable,1,Daylight,1,Dry,99,Unknown,88,Not Applicable,88,Not Applicable,99,Unknown,88,Not Applicable,88,Not Applicable,2,Intersection,3,T-Intersection,1,No,1,No,88,Not Applicable,88,Not Applicable,88,Not Applicable,88,Not Applicable,FALSE,1,Public Road,1,"Trafficway, On Road",CT0009300,New Haven PD,45401,34:55.0,C,Closed,00:36.0,,2,900,5,MAJOR COLLECTOR - NEW HPMS,2,Urban
1195330,1,Complete,1195330,1195330,41.30550677,-72.91278384,3683536,New Haven,93,93,New Haven,9/2/2024,2024,9,September,2,2,Monday,15:59:00,15,24036312,A,2,,Motor Vehicle In Motion,"Injury of any type (Serious, Minor, Possible)",B,Suspected Minor Injury (B),0,0,4,Local,0.13,275,HAMILTON ST NO 2,HAMILTON ST NO 2,IVES PL,,,,,41.30550677,-72.91278384,14,Motor Vehicle in Operation,1,Front to rear,1,On Roadway,1,Clear,88,Not Applicable,1,Daylight,1,Dry,0,None,88,Not Applicable,88,Not Applicable,0,None,88,Not Applicable,88,Not Applicable,2,Intersection,8,"Five-Point, or More",1,No,1,No,88,Not Applicable,88,Not Applicable,88,Not Applicable,88,Not Applicable,FALSE,1,Public Road,1,"Trafficway, On Road",CT0009300,New Haven PD,42057,36:42.0,C,Closed,00:38.0,,,,,,,
1195331,1,Complete,1195331,1195331,41.31775971,-72.94967432,3683537,New Haven,93,93,New Haven,9/2/2024,2024,9,September,2,2,Monday,15:39:00,15,24036314,A,2,,Motor Vehicle In Motion,"Injury of any type (Serious, Minor, Possible)",C,Possible Injury (C),0,0,3,State,2.94,10,10-N,10-N,,elm st,40,Feet,N,41.31775971,-72.94967432,14,Motor Vehicle in Operation,1,Front to rear,1,On Roadway,1,Clear,88,Not Applicable,1,Daylight,1,Dry,0,None,88,Not Applicable,88,Not Applicable,0,None,88,Not Applicable,88,Not Applicable,1,Non-Junction,1,Not at Intersection,1,No,1,No,88,Not Applicable,88,Not Applicable,88,Not Applicable,88,Not Applicable,FALSE,1,Public Road,1,"Trafficway, On Road",CT0009300,New Haven PD,276,38:08.0,C,Closed,00:41.0,24036314,,,,,,
1195334,1,Complete,1195334,1195334,41.3348185,-72.9569442,3683540,New Haven,93,93,New Haven,9/2/2024,2024,9,September,2,2,Monday,21:42:00,21,24036367,A,1,,Tree (standing),"Injury of any type (Serious, Minor, Possible)",C,Possible Injury (C),0,0,4,Local,0.45,572,SPRINGSIDE AV,SPRINGSIDE AV,,HARD ST,3,TenthsofMile,N,41.3348185,-72.9569442,32,Tree (standing),88,Not Applicable,1,On Roadway,1,Clear,88,Not Applicable,5,Dark-Not Lighted,1,Dry,0,None,88,Not Applicable,88,Not Applicable,0,None,88,Not Applicable,88,Not Applicable,1,Non-Junction,1,Not at Intersection,1,No,1,No,88,Not Applicable,88,Not Applicable,88,Not Applicable,88,Not Applicable,FALSE,1,Public Road,1,"Trafficway, On Road",CT0009300,New Haven PD,45397,30:50.0,O,Open,00:39.0,,4,9900,4,MINOR ARTERIAL - NEW HPMS,2,Urban
1195335,1,Complete,1195335,1195335,41.31616515,-72.92438305,3683541,New Haven,93,93,New Haven,8/31/2024,2024,8,August,31,7,Saturday,21:18:00,21,202401934,A,2,,Motor Vehicle In Motion,"Injury of any type (Serious, Minor, Possible)",B,Suspected Minor Injury (B),0,0,4,Local,0.32,495,PROSPECT ST,PROSPECT ST,SACHEM ST,,,,,41.31616515,-72.92438305,14,Motor Vehicle in Operation,1,Front to rear,1,On Roadway,1,Clear,1,Clear,4,Dark-Lighted,1,Dry,97,Other,88,Not Applicable,88,Not Applicable,97,Other,88,Not Applicable,88,Not Applicable,2,Intersection,2,Four-Way Intersection,1,No,1,No,88,Not Applicable,88,Not Applicable,88,Not Applicable,88,Not Applicable,TRUE,1,Public Road,1,"Trafficway, On Road",CT0009300,New Haven PD,530,31:26.0,O,Open,01:57.0,,,,,,,
1195651,1,Complete,1195651,1195651,41.32751663,-72.8975768,3683857,New Haven,93,93,New Haven,8/31/2024,2024,8,August,31,7,Saturday,20:02:00,20,24036108,A,2,,Motor Vehicle In Motion,"Injury of any type (Serious, Minor, Possible)",B,Suspected Minor Injury (B),0,0,2,USRoute,0.97,5,5-N,5-N,,ALBERT ST,400,Feet,N,41.32751663,-72.8975768,14,Motor Vehicle in Operation,4,"Sideswipe, same direction",1,On Roadway,1,Clear,88,Not Applicable,4,Dark-Lighted,1,Dry,0,None,88,Not Applicable,88,Not Applicable,0,None,88,Not Applicable,88,Not Applicable,9,Driveway Access-Related,1,Not at Intersection,1,No,1,No,88,Not Applicable,88,Not Applicable,88,Not Applicable,88,Not Applicable,FALSE,1,Public Road,1,"Trafficway, On Road",CT0009300,New Haven PD,46623,22:56.0,C,Closed,00:24.0,,,,,,,
1195654,1,Complete,1195654,1195654,41.31291913,-72.93256933,3683860,New Haven,93,93,New Haven,9/3/2024,2024,9,September,3,3,Tuesday,5:45:00,5,24036386,A,2,,Motor Vehicle In Motion,"Injury of any type (Serious, Minor, Possible)",C,Possible Injury (C),0,0,4,Local,0.23,596,TOWER PKWY,TOWER PKWY,GOFFE ST,,,,,41.31291913,-72.93256933,14,Motor Vehicle in Operation,4,"Sideswipe, same direction",1,On Roadway,1,Clear,88,Not Applicable,1,Daylight,1,Dry,0,None,88,Not Applicable,88,Not Applicable,0,None,88,Not Applicable,88,Not Applicable,2,Intersection,3,T-Intersection,1,No,1,No,88,Not Applicable,88,Not Applicable,88,Not Applicable,88,Not Applicable,FALSE,1,Public Road,1,"Trafficway, On Road",CT0009300,New Haven PD,91,51:36.0,O,Open,00:26.0,,,,,,,
1195658,1,Complete,1195658,1195658,41.308754,-72.931429,3683864,New Haven,93,93,New Haven,9/3/2024,2024,9,September,3,3,Tuesday,10:54:00,10,24036429,A,2,,Motor Vehicle In Motion,"Injury of any type (Serious, Minor, Possible)",C,Possible Injury (C),0,0,4,Local,0.47,766,YORK ST,YORK ST,,CHAPEL,117,Feet,N,41.308754,-72.931429,14,Motor Vehicle in Operation,4,"Sideswipe, same direction",1,On Roadway,1,Clear,88,Not Applicable,1,Daylight,1,Dry,0,None,88,Not Applicable,88,Not Applicable,1,Backup Due to Prior Crash,88,Not Applicable,88,Not Applicable,1,Non-Junction,1,Not at Intersection,1,No,1,No,88,Not Applicable,88,Not Applicable,88,Not Applicable,88,Not Applicable,FALSE,1,Public Road,1,"Trafficway, On Road",CT0009300,New Haven PD,43688,34:52.0,C,Closed,00:31.0,,,,,,,
1195661,1,Complete,1195661,1195661,41.31822468,-72.9147147,3683867,New Haven,93,93,New Haven,9/3/2024,2024,9,September,3,3,Tuesday,12:30:00,12,24036452,A,2,,Motor Vehicle In Motion,"Injury of any type (Serious, Minor, Possible)",C,Possible Injury (C),0,0,4,Local,0.71,450,ORANGE ST NO 1,ORANGE ST NO 1,EDWARDS ST,,,,,41.31822468,-72.9147147,14,Motor Vehicle in Operation,3,Angle,1,On Roadway,1,Clear,88,Not Applicable,1,Daylight,1,Dry,0,None,88,Not Applicable,88,Not Applicable,0,None,88,Not Applicable,88,Not Applicable,2,Intersection,2,Four-Way Intersection,1,No,1,No,88,Not Applicable,88,Not Applicable,88,Not Applicable,88,Not Applicable,FALSE,1,Public Road,1,"Trafficway, On Road",CT0009300,New Haven PD,87,37:28.0,C,Closed,00:28.0,,,,,,,
1195667,1,Complete,1195667,1195667,41.28923746,-72.89448837,3683873,New Haven,93,93,New Haven,9/3/2024,2024,9,September,3,3,Tuesday,19:53:00,19,24036528,A,3,,Motor Vehicle In Motion,"Injury of any type (Serious, Minor, Possible)",C,Possible Injury (C),0,0,4,Local,1.38,678,WOODWARD AV,WOODWARD AV,,MAIN ST ANX,55,Feet,N,41.28923746,-72.89448837,14,Motor Vehicle in Operation,1,Front to rear,1,On Roadway,1,Clear,88,Not Applicable,4,Dark-Lighted,1,Dry,0,None,88,Not Applicable,88,Not Applicable,0,None,88,Not Applicable,88,Not Applicable,3,Intersection-Related,2,Four-Way Intersection,1,No,1,No,88,Not Applicable,88,Not Applicable,88,Not Applicable,88,Not Applicable,FALSE,1,Public Road,1,"Trafficway, On Road",CT0009300,New Haven PD,45395,51:30.0,C,Closed,00:34.0,,,,,,,
1196005,1,Complete,1196005,1196005,41.31933,-72.904844,3684211,New Haven,93,93,New Haven,9/1/2024,2024,9,September,1,1,Sunday,14:06:00,14,24036185,A,2,,Motor Vehicle In Motion,"Injury of any type (Serious, Minor, Possible)",C,Possible Injury (C),0,0,1,Interstate,0,91,91-S-139,91-S-139,WILLOW ST,,,,,41.31933,-72.904844,14,Motor Vehicle in Operation,3,Angle,1,On Roadway,1,Clear,88,Not Applicable,1,Daylight,1,Dry,0,None,88,Not Applicable,88,Not Applicable,0,None,88,Not Applicable,88,Not Applicable,2,Intersection,3,T-Intersection,1,No,1,No,88,Not Applicable,88,Not Applicable,88,Not Applicable,88,Not Applicable,FALSE,1,Public Road,1,"Trafficway, On Road",CT0009300,New Haven PD,44060,59:40.0,C,Closed,01:10.0,,,,,,,
1196008,1,Complete,1196008,1196008,41.315414,-72.934968,3684214,New Haven,93,93,New Haven,9/3/2024,2024,9,September,3,3,Tuesday,11:38:00,11,24036442,A,1,,Pedalcycle/Pedalcyclist,"Injury of any type (Serious, Minor, Possible)",C,Possible Injury (C),1,0,4,Local,0.08,570,SPERRY ST,SPERRY ST,,GOFFE ST,35,Feet,S,41.315414,-72.934968,10,Pedalcycle/Pedalcyclist,3,Angle,1,On Roadway,1,Clear,88,Not Applicable,1,Daylight,1,Dry,0,None,88,Not Applicable,88,Not Applicable,0,None,88,Not Applicable,88,Not Applicable,3,Intersection-Related,2,Four-Way Intersection,1,No,1,No,88,Not Applicable,88,Not Applicable,88,Not Applicable,88,Not Applicable,FALSE,1,Public Road,1,"Trafficway, On Road",CT0009300,New Haven PD,46611,53:17.0,C,Closed,01:09.0,,,,,,,