CrashId,Fatal Case Status,Fatal Case Status Text Format,CrashId,CrashId,Latitude,Longitude,DOT Case Number,Town Name,Town Number,Town Number,Town Number Text Format,Date Of Crash,Year,Month,Month Text Format,Day,Day of the Week,Day of the Week Text Format,Time of Crash,Hour of the Day,Case Identifier,Crash Severity,Number Of Motor Vehicles,Motor vehicle action,Most harmful event,Crash Severity Text Format,Most Severe Injury,Most Severe Injury Text Format,Number Of Non-Motorist,Number Of Witnesses,Route Class,Route Class Text Format,Milemarker,Road Number,Road Description,Roadway Name,Intersecting Roadway Name,Landmark Description,Distance From Nearest Landmark,Unit Of Measure From Nearest Landmark,Direction From Nearest Landmark,Latitude,Longitude,First Harmful Event,First Harmful Event Text Format,Manner of Crash / Collision Impact,Manner of Crash / Collision Impact Text Format,Location of First Harmful Event,Location of First Harmful Event Text Format,Weather Condition,Weather Condition Text Format,Weather 2,Weather 2 Text Format,Light Condition,Light Condition Text Format,Road Surface Condition,Road Surface Condition Text Format,"Contributing Circumstances, Environment","Contributing Circumstances, Environment Text Format",Environment 2,Environment 2 Text Format,Environment 3,Environment 3 Text Format,"Contributing Circumstances, Road","Contributing Circumstances, Road Text Format",Road 2,Road 2 Text Format,Road 3,Road 3 Text Format,Crash Specific Location,Crash Specific Location Text Format,Type of Intersection,Type of Intersection Text Format,School Bus Related,School Bus Related Text Format,Work Zone Related,Work Zone Related Text Format,Location Of Crash Relative To Work Zone,Location Of Crash Relative To Work Zone Text Format,Type of Work Zone,Type of Work Zone Text Format,Worker Presence,Worker Presence Text Format,Law Enforcement Presence,Law Enforcement Presence Text Format,Were Vehicles Moved Prior To Police Arrival,Trafficway Ownership,Trafficway Ownership Text Format,Trafficway Class,Trafficway Class Text Format,Police Agency,Police Agency Text Format,Badge Number,Approval Date,Police Case Status,Police Case Status Text Format,Crash Report Submission Date,Related Case Identifiers,No. of Through Lanes (Log Dir.),Average Daily Traffic,Functional Classification,Functional Classification Text Format,Rural or Urban,Rural or Urban Text Format
1196009,1,Complete,1196009,1196009,41.315724,-72.922479,3684215,New Haven,93,93,New Haven,9/4/2024,2024,9,September,4,4,Wednesday,4:59:00,4,24036556,A,2,,Motor Vehicle In Motion,"Injury of any type (Serious, Minor, Possible)",C,Possible Injury (C),0,0,4,Local,0.09,536,SACHEM ST,SACHEM ST,,HILLHOUSE AVENUE,50,Feet,E,41.315724,-72.922479,14,Motor Vehicle in Operation,1,Front to rear,1,On Roadway,1,Clear,88,Not Applicable,4,Dark-Lighted,1,Dry,0,None,88,Not Applicable,88,Not Applicable,0,None,88,Not Applicable,88,Not Applicable,1,Non-Junction,1,Not at Intersection,1,No,1,No,88,Not Applicable,88,Not Applicable,88,Not Applicable,88,Not Applicable,FALSE,1,Public Road,1,"Trafficway, On Road",CT0009300,New Haven PD,45393,12:36.0,C,Closed,01:05.0,,,,,,,
1196010,1,Complete,1196010,1196010,41.339469,-72.976962,3684216,New Haven,93,93,New Haven,9/4/2024,2024,9,September,4,4,Wednesday,9:30:00,9,24036562,A,2,,Motor Vehicle In Motion,"Injury of any type (Serious, Minor, Possible)",C,Possible Injury (C),0,0,3,State,0.35,69,69-N,69-N,,15-S-116(Exit 59),45,Feet,S,41.339469,-72.976962,14,Motor Vehicle in Operation,1,Front to rear,1,On Roadway,1,Clear,88,Not Applicable,1,Daylight,1,Dry,97,Other,88,Not Applicable,88,Not Applicable,0,None,88,Not Applicable,88,Not Applicable,3,Intersection-Related,3,T-Intersection,1,No,1,No,88,Not Applicable,88,Not Applicable,88,Not Applicable,88,Not Applicable,FALSE,1,Public Road,1,"Trafficway, On Road",CT0009300,New Haven PD,44062,08:33.0,C,Closed,01:12.0,,,,,,,
1196012,1,Complete,1196012,1196012,41.33581,-72.976685,3684218,New Haven,93,93,New Haven,9/4/2024,2024,9,September,4,4,Wednesday,10:31:00,10,24036580,A,2,,Motor Vehicle In Motion,"Injury of any type (Serious, Minor, Possible)",B,Suspected Minor Injury (B),0,0,3,State,0.09,69,69-N,69-N,,AMITY RD,320,Feet,N,41.33581,-72.976685,14,Motor Vehicle in Operation,3,Angle,1,On Roadway,1,Clear,88,Not Applicable,1,Daylight,1,Dry,0,None,88,Not Applicable,88,Not Applicable,0,None,88,Not Applicable,88,Not Applicable,9,Driveway Access-Related,1,Not at Intersection,1,No,1,No,88,Not Applicable,88,Not Applicable,88,Not Applicable,88,Not Applicable,FALSE,1,Public Road,1,"Trafficway, On Road",CT0009300,New Haven PD,45700,45:54.0,C,Closed,01:12.0,,,,,,,
1196016,1,Complete,1196016,1196016,41.335806,-72.976681,3684222,New Haven,93,93,New Haven,9/4/2024,2024,9,September,4,4,Wednesday,18:02:00,18,24036698,A,2,,Motor Vehicle In Motion,"Injury of any type (Serious, Minor, Possible)",C,Possible Injury (C),0,0,3,State,0.09,69,69-N,69-N,,GLENVIEW TER ,585,Feet,N,41.335806,-72.976681,14,Motor Vehicle in Operation,3,Angle,1,On Roadway,1,Clear,88,Not Applicable,1,Daylight,1,Dry,0,None,88,Not Applicable,88,Not Applicable,0,None,88,Not Applicable,88,Not Applicable,9,Driveway Access-Related,1,Not at Intersection,1,No,1,No,88,Not Applicable,88,Not Applicable,88,Not Applicable,88,Not Applicable,FALSE,1,Public Road,1,"Trafficway, On Road",CT0009300,New Haven PD,268,09:31.0,C,Closed,01:13.0,,,,,,,
1196305,1,Complete,1196305,1196305,41.328244,-72.928822,3684511,New Haven,93,93,New Haven,9/2/2024,2024,9,September,2,2,Monday,13:44:00,13,24036299,A,2,,Motor Vehicle In Motion,"Injury of any type (Serious, Minor, Possible)",C,Possible Injury (C),0,0,4,Local,0.1,720,HAZEL ST,HAZEL ST,NEWHALL ST,,,,,41.328244,-72.928822,14,Motor Vehicle in Operation,3,Angle,1,On Roadway,1,Clear,88,Not Applicable,1,Daylight,1,Dry,0,None,88,Not Applicable,88,Not Applicable,0,None,88,Not Applicable,88,Not Applicable,2,Intersection,2,Four-Way Intersection,1,No,1,No,88,Not Applicable,88,Not Applicable,88,Not Applicable,88,Not Applicable,FALSE,1,Public Road,1,"Trafficway, On Road",CT0009300,New Haven PD,46173,38:45.0,O,Open,01:04.0,,,,,,,
1196310,1,Complete,1196310,1196310,41.331932,-72.932535,3684516,New Haven,93,93,New Haven,9/4/2024,2024,9,September,4,4,Wednesday,20:02:00,20,24036720,A,2,,Motor Vehicle In Motion,"Injury of any type (Serious, Minor, Possible)",C,Possible Injury (C),0,0,4,Local,0.35,42,BASSETT ST,BASSETT ST,,GOODYEAR ST,30,Feet,E,41.331932,-72.932535,14,Motor Vehicle in Operation,3,Angle,1,On Roadway,1,Clear,88,Not Applicable,1,Daylight,1,Dry,0,None,88,Not Applicable,88,Not Applicable,0,None,88,Not Applicable,88,Not Applicable,1,Non-Junction,1,Not at Intersection,1,No,1,No,88,Not Applicable,88,Not Applicable,88,Not Applicable,88,Not Applicable,FALSE,1,Public Road,1,"Trafficway, On Road",CT0009300,New Haven PD,46621,56:06.0,C,Closed,01:03.0,,,,,,,
1196313,1,Complete,1196313,1196313,41.31141655,-72.93732438,3684519,New Haven,93,93,New Haven,9/5/2024,2024,9,September,5,5,Thursday,16:40:00,16,24036816,A,2,,Parked Vehicle,"Injury of any type (Serious, Minor, Possible)",C,Possible Injury (C),0,0,,,,,,130 EDGEWOOD AVE,,EDGEWOOD AVE,25,Feet,S,41.31141655,-72.93732438,15,Parked Motor Vehicle,1,Front to rear,97,Other,1,Clear,88,Not Applicable,1,Daylight,1,Dry,0,None,88,Not Applicable,88,Not Applicable,0,None,88,Not Applicable,88,Not Applicable,97,Other,1,Not at Intersection,2,"Yes, School Bus Directly Involved",1,No,88,Not Applicable,88,Not Applicable,88,Not Applicable,88,Not Applicable,FALSE,88,Not Applicable,4,Parking Lot,CT0009300,New Haven PD,44055,44:58.0,C,Closed,01:08.0,,,,,,,
1196315,1,Complete,1196315,1196315,41.305219,-72.930239,3684521,New Haven,93,93,New Haven,9/5/2024,2024,9,September,5,5,Thursday,17:22:00,17,24036852,A,2,,Motor Vehicle In Motion,"Injury of any type (Serious, Minor, Possible)",C,Possible Injury (C),0,0,4,Local,0.51,117,COLLEGE ST,COLLEGE ST,,GEORGE ST,45,Feet,N,41.305219,-72.930239,14,Motor Vehicle in Operation,1,Front to rear,1,On Roadway,1,Clear,88,Not Applicable,1,Daylight,1,Dry,0,None,88,Not Applicable,88,Not Applicable,0,None,88,Not Applicable,88,Not Applicable,3,Intersection-Related,2,Four-Way Intersection,1,No,1,No,88,Not Applicable,88,Not Applicable,88,Not Applicable,88,Not Applicable,FALSE,1,Public Road,1,"Trafficway, On Road",CT0009300,New Haven PD,44049,36:52.0,C,Closed,01:08.0,,,,,,,
1196692,1,Complete,1196692,1196692,41.300991,-72.91064,3684898,New Haven,93,93,New Haven,9/5/2024,2024,9,September,5,5,Thursday,3:05:00,3,24034961,A,1,,Curb,"Injury of any type (Serious, Minor, Possible)",C,Possible Injury (C),0,0,2,USRoute,48.96,1,1-N,1-N,EAST ST,,,,,41.300991,-72.91064,25,Curb,88,Not Applicable,1,On Roadway,1,Clear,88,Not Applicable,4,Dark-Lighted,1,Dry,0,None,88,Not Applicable,88,Not Applicable,0,None,88,Not Applicable,88,Not Applicable,2,Intersection,2,Four-Way Intersection,1,No,1,No,88,Not Applicable,88,Not Applicable,88,Not Applicable,88,Not Applicable,FALSE,1,Public Road,1,"Trafficway, On Road",CT0009300,New Haven PD,44951,57:03.0,C,Closed,01:53.0,,,,,,,
1196695,1,Complete,1196695,1196695,41.30925,-72.919577,3684901,New Haven,93,93,New Haven,9/1/2024,2024,9,September,1,1,Sunday,18:52:00,18,24036225,A,2,,Motor Vehicle In Motion,"Injury of any type (Serious, Minor, Possible)",C,Possible Injury (C),0,0,4,Local,1,575,STATE ST,STATE ST,GROVE ST,,,,,41.30925,-72.919577,14,Motor Vehicle in Operation,2,Front to front,1,On Roadway,1,Clear,88,Not Applicable,1,Daylight,1,Dry,0,None,88,Not Applicable,88,Not Applicable,0,None,88,Not Applicable,88,Not Applicable,2,Intersection,2,Four-Way Intersection,1,No,1,No,88,Not Applicable,88,Not Applicable,88,Not Applicable,88,Not Applicable,FALSE,1,Public Road,1,"Trafficway, On Road",CT0009300,New Haven PD,45699,31:50.0,C,Closed,02:02.0,,,,,,,
1196699,1,Complete,1196699,1196699,41.330213,-72.944359,3684905,New Haven,93,93,New Haven,9/6/2024,2024,9,September,6,6,Friday,20:39:00,20,24036532,A,2,,Motor Vehicle In Motion,"Injury of any type (Serious, Minor, Possible)",B,Suspected Minor Injury (B),0,0,4,Local,0.81,,ELLA T GRASSO BLVD NO 2,ELLA T GRASSO BLVD NO 2,CRESCENT ST,,,,,41.330213,-72.944359,14,Motor Vehicle in Operation,3,Angle,1,On Roadway,1,Clear,88,Not Applicable,4,Dark-Lighted,1,Dry,0,None,88,Not Applicable,88,Not Applicable,0,None,88,Not Applicable,88,Not Applicable,2,Intersection,3,T-Intersection,1,No,1,No,88,Not Applicable,88,Not Applicable,88,Not Applicable,88,Not Applicable,FALSE,1,Public Road,1,"Trafficway, On Road",CT0009300,New Haven PD,46623,14:32.0,C,Closed,01:41.0,,,,,,,
1196701,1,Complete,1196701,1196701,41.30875618,-72.89920843,3684907,New Haven,93,93,New Haven,9/4/2024,2024,9,September,4,4,Wednesday,15:30:00,15,24036675,A,1,,Pedestrian,"Injury of any type (Serious, Minor, Possible)",C,Possible Injury (C),1,1,4,Local,0.71,264,GRAND AV,GRAND AV,BLATCHLEY AV,,,,,41.30875618,-72.89920843,9,Pedestrian,88,Not Applicable,1,On Roadway,1,Clear,88,Not Applicable,1,Daylight,1,Dry,0,None,88,Not Applicable,88,Not Applicable,0,None,88,Not Applicable,88,Not Applicable,2,Intersection,2,Four-Way Intersection,1,No,1,No,88,Not Applicable,88,Not Applicable,88,Not Applicable,88,Not Applicable,FALSE,1,Public Road,1,"Trafficway, On Road",CT0009300,New Haven PD,42367,15:39.0,C,Closed,01:56.0,,,,,,,
1196706,1,Complete,1196706,1196706,41.33048388,-72.98497163,3684912,New Haven,93,93,New Haven,9/6/2024,2024,9,September,6,6,Friday,0:32:00,0,24036900,A,1,,Guardrail Face,"Injury of any type (Serious, Minor, Possible)",C,Possible Injury (C),0,0,3,State,5.31,243,243-E,243-E,,SENECA RD,55,Feet,W,41.33048388,-72.98497163,28,Guardrail Face,88,Not Applicable,1,On Roadway,1,Clear,88,Not Applicable,5,Dark-Not Lighted,1,Dry,0,None,88,Not Applicable,88,Not Applicable,0,None,88,Not Applicable,88,Not Applicable,1,Non-Junction,1,Not at Intersection,1,No,1,No,88,Not Applicable,88,Not Applicable,88,Not Applicable,88,Not Applicable,FALSE,1,Public Road,1,"Trafficway, On Road",CT0009300,New Haven PD,42053,40:10.0,C,Closed,01:49.0,,,,,,,
1196707,1,Complete,1196707,1196707,41.312284,-72.948575,3684913,New Haven,93,93,New Haven,9/6/2024,2024,9,September,6,6,Friday,2:19:00,2,24036901,A,2,,Motor Vehicle In Motion,"Injury of any type (Serious, Minor, Possible)",C,Possible Injury (C),0,0,4,Local,3.04,97,CHAPEL ST,CHAPEL ST,NORTON ST,,,,,41.312284,-72.948575,14,Motor Vehicle in Operation,3,Angle,1,On Roadway,1,Clear,88,Not Applicable,5,Dark-Not Lighted,1,Dry,0,None,88,Not Applicable,88,Not Applicable,0,None,88,Not Applicable,88,Not Applicable,2,Intersection,2,Four-Way Intersection,1,No,1,No,88,Not Applicable,88,Not Applicable,88,Not Applicable,88,Not Applicable,FALSE,1,Public Road,1,"Trafficway, On Road",CT0009300,New Haven PD,44046,46:49.0,C,Closed,01:48.0,,,,,,,
1196712,1,Complete,1196712,1196712,41.306075,-72.925737,3684918,New Haven,93,93,New Haven,9/6/2024,2024,9,September,6,6,Friday,9:26:00,9,24036924,A,2,,Motor Vehicle In Motion,"Injury of any type (Serious, Minor, Possible)",C,Possible Injury (C),0,0,4,Local,1.77,97,CHAPEL ST,CHAPEL ST,CHURCH ST,,,,,41.306075,-72.925737,14,Motor Vehicle in Operation,1,Front to rear,1,On Roadway,1,Clear,88,Not Applicable,1,Daylight,1,Dry,0,None,88,Not Applicable,88,Not Applicable,0,None,88,Not Applicable,88,Not Applicable,2,Intersection,2,Four-Way Intersection,1,No,1,No,88,Not Applicable,88,Not Applicable,88,Not Applicable,88,Not Applicable,TRUE,1,Public Road,1,"Trafficway, On Road",CT0009300,New Haven PD,43688,01:41.0,C,Closed,01:40.0,,,,,,,
1196722,1,Complete,1196722,1196722,41.28530367,-72.93670032,3684928,New Haven,93,93,New Haven,9/6/2024,2024,9,September,6,6,Friday,16:26:00,16,24037012,A,2,,Motor Vehicle In Motion,"Injury of any type (Serious, Minor, Possible)",C,Possible Injury (C),0,0,3,State,1.14,745,745-E,745-E,,ELLA T GRASSO BLVD,325,Feet,S,41.28530367,-72.93670032,14,Motor Vehicle in Operation,3,Angle,1,On Roadway,1,Clear,88,Not Applicable,1,Daylight,1,Dry,0,None,88,Not Applicable,88,Not Applicable,0,None,88,Not Applicable,88,Not Applicable,9,Driveway Access-Related,1,Not at Intersection,1,No,1,No,88,Not Applicable,88,Not Applicable,88,Not Applicable,88,Not Applicable,FALSE,1,Public Road,1,"Trafficway, On Road",CT0009300,New Haven PD,46613,09:04.0,C,Closed,01:45.0,,,,,,,
1196725,1,Complete,1196725,1196725,41.288875,-72.931777,3684931,New Haven,93,93,New Haven,9/6/2024,2024,9,September,6,6,Friday,23:39:00,23,24037034,A,2,,Motor Vehicle In Motion,"Injury of any type (Serious, Minor, Possible)",B,Suspected Minor Injury (B),0,0,4,Local,1.23,308,HOWARD AV,HOWARD AV,SECOND ST NO 1,,,,,41.288875,-72.931777,14,Motor Vehicle in Operation,1,Front to rear,1,On Roadway,1,Clear,88,Not Applicable,4,Dark-Lighted,1,Dry,0,None,88,Not Applicable,88,Not Applicable,0,None,88,Not Applicable,88,Not Applicable,2,Intersection,2,Four-Way Intersection,1,No,1,No,88,Not Applicable,88,Not Applicable,88,Not Applicable,88,Not Applicable,TRUE,1,Public Road,1,"Trafficway, On Road",CT0009300,New Haven PD,45400,50:11.0,C,Closed,01:51.0,,,,,,,
1196726,1,Complete,1196726,1196726,41.319552,-72.918594,3684932,New Haven,93,93,New Haven,9/7/2024,2024,9,September,7,7,Saturday,8:26:00,8,24037073,A,3,,Motor Vehicle In Motion,"Injury of any type (Serious, Minor, Possible)",C,Possible Injury (C),0,0,4,Local,0.26,184,EDWARDS ST,EDWARDS ST,,WHITNEY AVE,53,Feet,E,41.319552,-72.918594,14,Motor Vehicle in Operation,1,Front to rear,1,On Roadway,2,Cloudy,88,Not Applicable,1,Daylight,1,Dry,0,None,88,Not Applicable,88,Not Applicable,0,None,88,Not Applicable,88,Not Applicable,3,Intersection-Related,2,Four-Way Intersection,1,No,1,No,88,Not Applicable,88,Not Applicable,88,Not Applicable,88,Not Applicable,FALSE,1,Public Road,1,"Trafficway, On Road",CT0009300,New Haven PD,32,58:50.0,C,Closed,01:41.0,,,,,,,
1196731,1,Complete,1196731,1196731,41.33193873,-72.92761084,3684937,New Haven,93,93,New Haven,9/8/2024,2024,9,September,8,1,Sunday,18:53:00,18,24037141,A,2,,Motor Vehicle In Motion,"Injury of any type (Serious, Minor, Possible)",C,Possible Injury (C),0,0,4,Local,0.72,319,HUNTINGTON ST,HUNTINGTON ST,NEWHALL ST,,,,,41.33193873,-72.92761084,14,Motor Vehicle in Operation,4,"Sideswipe, same direction",1,On Roadway,1,Clear,88,Not Applicable,3,Dusk,2,Wet,0,None,88,Not Applicable,88,Not Applicable,0,None,88,Not Applicable,88,Not Applicable,2,Intersection,2,Four-Way Intersection,1,No,1,No,88,Not Applicable,88,Not Applicable,88,Not Applicable,88,Not Applicable,TRUE,1,Public Road,1,"Trafficway, On Road",CT0009300,New Haven PD,46621,50:11.0,C,Closed,01:58.0,,,,,,,
1196736,1,Complete,1196736,1196736,41.30663062,-72.92157198,3684942,New Haven,93,93,New Haven,9/8/2024,2024,9,September,8,1,Sunday,0:46:00,0,24037173,A,3,,Parked Vehicle,"Injury of any type (Serious, Minor, Possible)",B,Suspected Minor Injury (B),0,0,4,Local,1.2,575,STATE ST,STATE ST,,COURT STREET,135,Feet,S,41.30663062,-72.92157198,14,Motor Vehicle in Operation,1,Front to rear,1,On Roadway,1,Clear,88,Not Applicable,4,Dark-Lighted,1,Dry,0,None,88,Not Applicable,88,Not Applicable,0,None,88,Not Applicable,88,Not Applicable,1,Non-Junction,1,Not at Intersection,1,No,1,No,88,Not Applicable,88,Not Applicable,88,Not Applicable,88,Not Applicable,FALSE,1,Public Road,1,"Trafficway, On Road",CT0009300,New Haven PD,44048,02:03.0,C,Closed,01:52.0,,,,,,,
1197377,1,Complete,1197377,1197377,41.29230448,-72.89242745,3685583,New Haven,93,93,New Haven,9/9/2024,2024,9,September,9,2,Monday,1:05:00,1,24037274,A,2,,Motor Vehicle In Motion,"Injury of any type (Serious, Minor, Possible)",C,Possible Injury (C),0,0,4,Local,0.06,597,TOWNSEND AV,TOWNSEND AV,,WOODWARD AVE,311,Feet,S,41.29230448,-72.89242745,14,Motor Vehicle in Operation,3,Angle,1,On Roadway,1,Clear,88,Not Applicable,6,Dark-Unknown Lighting,1,Dry,99,Unknown,88,Not Applicable,88,Not Applicable,99,Unknown,88,Not Applicable,88,Not Applicable,9,Driveway Access-Related,1,Not at Intersection,1,No,1,No,88,Not Applicable,88,Not Applicable,88,Not Applicable,88,Not Applicable,FALSE,1,Public Road,1,"Trafficway, On Road",CT0009300,New Haven PD,40792,41:27.0,C,Closed,01:09.0,,,,,,,
1197381,1,Complete,1197381,1197381,41.307591,-72.938456,3685587,New Haven,93,93,New Haven,9/9/2024,2024,9,September,9,2,Monday,15:42:00,15,24037337,A,2,,Motor Vehicle In Motion,"Injury of any type (Serious, Minor, Possible)",C,Possible Injury (C),0,0,4,Local,0.47,160,DWIGHT ST,DWIGHT ST,,REV DR MLK JR BLVD,200,Feet,W,41.307591,-72.938456,14,Motor Vehicle in Operation,4,"Sideswipe, same direction",1,On Roadway,1,Clear,88,Not Applicable,1,Daylight,1,Dry,0,None,88,Not Applicable,88,Not Applicable,0,None,88,Not Applicable,88,Not Applicable,1,Non-Junction,1,Not at Intersection,1,No,1,No,88,Not Applicable,88,Not Applicable,88,Not Applicable,88,Not Applicable,FALSE,1,Public Road,1,"Trafficway, On Road",CT0009300,New Haven PD,46615,16:10.0,O,Open,01:14.0,,,,,,,
1197757,1,Complete,1197757,1197757,41.30625224,-72.88124907,3685963,New Haven,93,93,New Haven,9/8/2024,2024,9,September,8,1,Sunday,17:40:00,17,24037228,A,2,,Motor Vehicle In Motion,"Injury of any type (Serious, Minor, Possible)",A,Suspected Serious Injury (A),0,1,4,Local,0.29,168,EAST GRAND AV,EAST GRAND AV,,summit st,10,Feet,W,41.30625224,-72.88124907,14,Motor Vehicle in Operation,3,Angle,1,On Roadway,1,Clear,88,Not Applicable,1,Daylight,1,Dry,0,None,88,Not Applicable,88,Not Applicable,0,None,88,Not Applicable,88,Not Applicable,3,Intersection-Related,2,Four-Way Intersection,1,No,1,No,88,Not Applicable,88,Not Applicable,88,Not Applicable,88,Not Applicable,FALSE,1,Public Road,1,"Trafficway, On Road",CT0009300,New Haven PD,409,12:56.0,C,Closed,01:00.0,,,,,,,
1197762,1,Complete,1197762,1197762,41.32016494,-72.94027027,3685968,New Haven,93,93,New Haven,9/10/2024,2024,9,September,10,3,Tuesday,13:32:00,13,24037536,A,2,,Motor Vehicle In Motion,"Injury of any type (Serious, Minor, Possible)",C,Possible Injury (C),0,0,4,Local,0.02,557,SHERMAN PKWY,SHERMAN PKWY,,geoffe st,35,Feet,N,41.32016494,-72.94027027,14,Motor Vehicle in Operation,1,Front to rear,1,On Roadway,1,Clear,88,Not Applicable,1,Daylight,1,Dry,0,None,88,Not Applicable,88,Not Applicable,0,None,88,Not Applicable,88,Not Applicable,3,Intersection-Related,2,Four-Way Intersection,1,No,1,No,88,Not Applicable,88,Not Applicable,88,Not Applicable,88,Not Applicable,TRUE,1,Public Road,1,"Trafficway, On Road",CT0009300,New Haven PD,332,40:50.0,C,Closed,01:05.0,,,,,,,
1198089,1,Complete,1198089,1198089,41.307079,-72.921035,3686295,New Haven,93,93,New Haven,9/7/2024,2024,9,September,7,7,Saturday,2:04:00,2,24037050,A,2,,Motor Vehicle In Motion,"Injury of any type (Serious, Minor, Possible)",A,Suspected Serious Injury (A),0,0,4,Local,1.17,575,STATE ST,STATE ST,GRAND AV,,,,,41.307079,-72.921035,14,Motor Vehicle in Operation,3,Angle,1,On Roadway,1,Clear,88,Not Applicable,4,Dark-Lighted,1,Dry,0,None,88,Not Applicable,88,Not Applicable,0,None,88,Not Applicable,88,Not Applicable,2,Intersection,2,Four-Way Intersection,1,No,1,No,88,Not Applicable,88,Not Applicable,88,Not Applicable,88,Not Applicable,FALSE,1,Public Road,1,"Trafficway, On Road",CT0009300,New Haven PD,7729,47:17.0,C,Closed,00:41.0,,,,,,,
1198090,1,Complete,1198090,1198090,41.317158,-72.897499,3686296,New Haven,93,93,New Haven,9/7/2024,2024,9,September,7,7,Saturday,12:53:00,12,24037101,A,2,,Motor Vehicle In Motion,"Injury of any type (Serious, Minor, Possible)",C,Possible Injury (C),0,0,4,Local,0.17,213,FERRY ST,FERRY ST,FOX ST,,,,,41.317158,-72.897499,14,Motor Vehicle in Operation,3,Angle,1,On Roadway,1,Clear,88,Not Applicable,1,Daylight,1,Dry,0,None,88,Not Applicable,88,Not Applicable,0,None,88,Not Applicable,88,Not Applicable,2,Intersection,3,T-Intersection,1,No,1,No,88,Not Applicable,88,Not Applicable,88,Not Applicable,88,Not Applicable,FALSE,1,Public Road,1,"Trafficway, On Road",CT0009300,New Haven PD,45392,41:42.0,C,Closed,00:46.0,NONE,,,,,,
1198093,1,Complete,1198093,1198093,41.304016,-72.898657,3686299,New Haven,93,93,New Haven,9/10/2024,2024,9,September,10,3,Tuesday,20:21:00,20,24037571,A,2,,Motor Vehicle In Motion,"Injury of any type (Serious, Minor, Possible)",C,Possible Injury (C),0,0,4,Local,0.32,97,CHAPEL ST,CHAPEL ST,BLATCHLEY AV,,,,,41.304016,-72.898657,14,Motor Vehicle in Operation,3,Angle,1,On Roadway,1,Clear,88,Not Applicable,1,Daylight,1,Dry,0,None,88,Not Applicable,88,Not Applicable,0,None,88,Not Applicable,88,Not Applicable,2,Intersection,2,Four-Way Intersection,1,No,1,No,88,Not Applicable,88,Not Applicable,88,Not Applicable,88,Not Applicable,TRUE,1,Public Road,1,"Trafficway, On Road",CT0009300,New Haven PD,44176,20:17.0,C,Closed,00:43.0,,,,,,,
1198095,1,Complete,1198095,1198095,41.30413851,-72.94569996,3686301,New Haven,93,93,New Haven,9/11/2024,2024,9,September,11,4,Wednesday,7:26:00,7,24037639,A,2,,Motor Vehicle In Motion,"Injury of any type (Serious, Minor, Possible)",C,Possible Injury (C),0,0,4,Local,0.27,672,WINTHROP AV NO 1,WINTHROP AV NO 1,,SYLVAN AVE,75,Feet,N,41.30413851,-72.94569996,14,Motor Vehicle in Operation,1,Front to rear,1,On Roadway,1,Clear,88,Not Applicable,1,Daylight,1,Dry,0,None,88,Not Applicable,88,Not Applicable,0,None,88,Not Applicable,88,Not Applicable,3,Intersection-Related,3,T-Intersection,1,No,1,No,88,Not Applicable,88,Not Applicable,88,Not Applicable,88,Not Applicable,FALSE,1,Public Road,1,"Trafficway, On Road",CT0009300,New Haven PD,44338,24:33.0,C,Closed,00:44.0,,,,,,,
1198098,1,Complete,1198098,1198098,41.338474,-72.973309,3686304,New Haven,93,93,New Haven,9/11/2024,2024,9,September,11,4,Wednesday,16:04:00,16,24037708,A,1,,Overturn/Rollover,"Injury of any type (Serious, Minor, Possible)",C,Possible Injury (C),0,0,4,Local,0.1,612,VALLEY ST NO 1,VALLEY ST NO 1,HARPER AV,,,,,41.338474,-72.973309,1,Overturn/Rollover,88,Not Applicable,1,On Roadway,1,Clear,88,Not Applicable,1,Daylight,1,Dry,0,None,88,Not Applicable,88,Not Applicable,0,None,88,Not Applicable,88,Not Applicable,2,Intersection,3,T-Intersection,1,No,1,No,88,Not Applicable,88,Not Applicable,88,Not Applicable,88,Not Applicable,FALSE,1,Public Road,1,"Trafficway, On Road",CT0009300,New Haven PD,170,21:19.0,C,Closed,00:48.0,,,,,,,
1198099,1,Complete,1198099,1198099,41.30754,-72.9263,3686305,New Haven,93,93,New Haven,9/11/2024,2024,9,September,11,4,Wednesday,15:13:00,15,24037734,A,1,,Pedalcycle/Pedalcyclist,"Injury of any type (Serious, Minor, Possible)",B,Suspected Minor Injury (B),1,1,4,Local,0.49,588,TEMPLE ST,TEMPLE ST,,CHAPEL ST,366,Feet,N,41.30754,-72.9263,10,Pedalcycle/Pedalcyclist,3,Angle,1,On Roadway,1,Clear,88,Not Applicable,1,Daylight,1,Dry,2,Visual Obstruction(s),88,Not Applicable,88,Not Applicable,0,None,88,Not Applicable,88,Not Applicable,1,Non-Junction,1,Not at Intersection,1,No,1,No,88,Not Applicable,88,Not Applicable,88,Not Applicable,88,Not Applicable,TRUE,1,Public Road,1,"Trafficway, On Road",CT0009300,New Haven PD,97,19:55.0,C,Closed,00:45.0,,,,,,,