CrashId,Fatal Case Status,Fatal Case Status Text Format,CrashId,CrashId,Latitude,Longitude,DOT Case Number,Town Name,Town Number,Town Number,Town Number Text Format,Date Of Crash,Year,Month,Month Text Format,Day,Day of the Week,Day of the Week Text Format,Time of Crash,Hour of the Day,Case Identifier,Crash Severity,Number Of Motor Vehicles,Motor vehicle action,Most harmful event,Crash Severity Text Format,Most Severe Injury,Most Severe Injury Text Format,Number Of Non-Motorist,Number Of Witnesses,Route Class,Route Class Text Format,Milemarker,Road Number,Road Description,Roadway Name,Intersecting Roadway Name,Landmark Description,Distance From Nearest Landmark,Unit Of Measure From Nearest Landmark,Direction From Nearest Landmark,Latitude,Longitude,First Harmful Event,First Harmful Event Text Format,Manner of Crash / Collision Impact,Manner of Crash / Collision Impact Text Format,Location of First Harmful Event,Location of First Harmful Event Text Format,Weather Condition,Weather Condition Text Format,Weather 2,Weather 2 Text Format,Light Condition,Light Condition Text Format,Road Surface Condition,Road Surface Condition Text Format,"Contributing Circumstances, Environment","Contributing Circumstances, Environment Text Format",Environment 2,Environment 2 Text Format,Environment 3,Environment 3 Text Format,"Contributing Circumstances, Road","Contributing Circumstances, Road Text Format",Road 2,Road 2 Text Format,Road 3,Road 3 Text Format,Crash Specific Location,Crash Specific Location Text Format,Type of Intersection,Type of Intersection Text Format,School Bus Related,School Bus Related Text Format,Work Zone Related,Work Zone Related Text Format,Location Of Crash Relative To Work Zone,Location Of Crash Relative To Work Zone Text Format,Type of Work Zone,Type of Work Zone Text Format,Worker Presence,Worker Presence Text Format,Law Enforcement Presence,Law Enforcement Presence Text Format,Were Vehicles Moved Prior To Police Arrival,Trafficway Ownership,Trafficway Ownership Text Format,Trafficway Class,Trafficway Class Text Format,Police Agency,Police Agency Text Format,Badge Number,Approval Date,Police Case Status,Police Case Status Text Format,Crash Report Submission Date,Related Case Identifiers,No. of Through Lanes (Log Dir.),Average Daily Traffic,Functional Classification,Functional Classification Text Format,Rural or Urban,Rural or Urban Text Format
1198360,1,Complete,1198360,1198360,41.33189883,-72.96704257,3686566,New Haven,93,93,New Haven,9/10/2024,2024,9,September,10,3,Tuesday,21:24:00,21,24037617,A,3,,Motor Vehicle In Motion,"Injury of any type (Serious, Minor, Possible)",C,Possible Injury (C),0,0,4,Local,0.05,582,STRONG ST,STRONG ST,,VALLEY STREET,281,Feet,N,41.33189883,-72.96704257,14,Motor Vehicle in Operation,4,"Sideswipe, same direction",1,On Roadway,1,Clear,88,Not Applicable,4,Dark-Lighted,1,Dry,0,None,88,Not Applicable,88,Not Applicable,0,None,88,Not Applicable,88,Not Applicable,1,Non-Junction,1,Not at Intersection,1,No,1,No,88,Not Applicable,88,Not Applicable,88,Not Applicable,88,Not Applicable,FALSE,1,Public Road,1,"Trafficway, On Road",CT0009300,New Haven PD,765,13:58.0,C,Closed,00:19.0,,,,,,,
1198362,1,Complete,1198362,1198362,41.31083045,-72.92025096,3686568,New Haven,93,93,New Haven,9/11/2024,2024,9,September,11,4,Wednesday,10:01:00,10,24037665,A,1,,Pedestrian,"Injury of any type (Serious, Minor, Possible)",C,Possible Injury (C),1,0,4,Local,1.3,450,ORANGE ST NO 1,ORANGE ST NO 1,AUDUBON ST,,,,,41.31083045,-72.92025096,9,Pedestrian,88,Not Applicable,1,On Roadway,10,"Blowing Sand, Soil, Dirt",88,Not Applicable,1,Daylight,1,Dry,0,None,88,Not Applicable,88,Not Applicable,0,None,88,Not Applicable,88,Not Applicable,2,Intersection,2,Four-Way Intersection,1,No,1,No,88,Not Applicable,88,Not Applicable,88,Not Applicable,88,Not Applicable,TRUE,1,Public Road,1,"Trafficway, On Road",CT0009300,New Haven PD,469,36:35.0,C,Closed,00:21.0,,,,,,,
1198363,1,Complete,1198363,1198363,41.31918,-72.898984,3686569,New Haven,93,93,New Haven,9/11/2024,2024,9,September,11,4,Wednesday,19:57:00,19,24037755,A,2,,Motor Vehicle In Motion,"Injury of any type (Serious, Minor, Possible)",C,Possible Injury (C),0,0,2,USRoute,0.34,5,5-N,5-N,,May St ,71,Feet,W,41.31918,-72.898984,14,Motor Vehicle in Operation,1,Front to rear,1,On Roadway,1,Clear,88,Not Applicable,4,Dark-Lighted,1,Dry,0,None,88,Not Applicable,88,Not Applicable,0,None,88,Not Applicable,88,Not Applicable,1,Non-Junction,1,Not at Intersection,1,No,1,No,88,Not Applicable,88,Not Applicable,88,Not Applicable,88,Not Applicable,FALSE,1,Public Road,1,"Trafficway, On Road",CT0009300,New Haven PD,45700,23:18.0,O,Open,00:24.0,,,,,,,
1198364,1,Complete,1198364,1198364,41.33287616,-72.94924042,3686570,New Haven,93,93,New Haven,9/11/2024,2024,9,September,11,4,Wednesday,20:51:00,20,24037762,A,2,,Motor Vehicle In Motion,"Injury of any type (Serious, Minor, Possible)",C,Possible Injury (C),0,0,3,State,4.31,10,10-S,10-S,WINTERGREEN AV,,,,,41.33287616,-72.94924042,14,Motor Vehicle in Operation,3,Angle,1,On Roadway,1,Clear,88,Not Applicable,6,Dark-Unknown Lighting,1,Dry,0,None,88,Not Applicable,88,Not Applicable,0,None,88,Not Applicable,88,Not Applicable,2,Intersection,3,T-Intersection,1,No,1,No,88,Not Applicable,88,Not Applicable,88,Not Applicable,88,Not Applicable,FALSE,1,Public Road,1,"Trafficway, On Road",CT0009300,New Haven PD,44062,37:31.0,C,Closed,00:24.0,,,,,,,
1198370,1,Complete,1198370,1198370,41.30593904,-72.94696011,3686576,New Haven,93,93,New Haven,9/12/2024,2024,9,September,12,5,Thursday,15:42:00,15,24037894,A,3,,Motor Vehicle In Motion,"Injury of any type (Serious, Minor, Possible)",C,Possible Injury (C),0,0,4,Local,0.29,360,LEGION AV-RT 34,LEGION AV-RT 34,WINTHROP AV NO 1,,,,,41.30593904,-72.94696011,14,Motor Vehicle in Operation,1,Front to rear,1,On Roadway,1,Clear,88,Not Applicable,1,Daylight,1,Dry,0,None,88,Not Applicable,88,Not Applicable,0,None,88,Not Applicable,88,Not Applicable,2,Intersection,2,Four-Way Intersection,1,No,1,No,88,Not Applicable,88,Not Applicable,88,Not Applicable,88,Not Applicable,FALSE,1,Public Road,1,"Trafficway, On Road",CT0009300,New Haven PD,42056,33:45.0,C,Closed,00:29.0,,,,,,,
1198372,1,Complete,1198372,1198372,41.333793,-72.948316,3686578,New Haven,93,93,New Haven,9/12/2024,2024,9,September,12,5,Thursday,16:20:00,16,24037902,A,2,,Motor Vehicle In Motion,"Injury of any type (Serious, Minor, Possible)",B,Suspected Minor Injury (B),0,0,3,State,4.39,10,10-N,10-N,,PINE ROCK AVE,275,Feet,S,41.333793,-72.948316,14,Motor Vehicle in Operation,1,Front to rear,1,On Roadway,1,Clear,88,Not Applicable,1,Daylight,1,Dry,0,None,88,Not Applicable,88,Not Applicable,0,None,88,Not Applicable,88,Not Applicable,1,Non-Junction,1,Not at Intersection,1,No,1,No,88,Not Applicable,88,Not Applicable,88,Not Applicable,88,Not Applicable,FALSE,1,Public Road,1,"Trafficway, On Road",CT0009300,New Haven PD,170,48:20.0,C,Closed,00:23.0,,,,,,,
1198811,1,Complete,1198811,1198811,41.308839,-72.898131,3687017,New Haven,93,93,New Haven,3/28/2023,2023,3,March,28,3,Tuesday,9:40:00,9,23012180,A,3,,Parked Vehicle,"Injury of any type (Serious, Minor, Possible)",C,Possible Injury (C),0,0,4,Local,0.64,264,GRAND AV,GRAND AV,FILLMORE ST,,,,,41.308839,-72.898131,14,Motor Vehicle in Operation,3,Angle,1,On Roadway,2,Cloudy,88,Not Applicable,1,Daylight,2,Wet,2,Visual Obstruction(s),88,Not Applicable,88,Not Applicable,0,None,88,Not Applicable,88,Not Applicable,2,Intersection,3,T-Intersection,1,No,1,No,88,Not Applicable,88,Not Applicable,88,Not Applicable,88,Not Applicable,FALSE,1,Public Road,1,"Trafficway, On Road",CT0009300,New Haven PD,332,58:00.0,C,Closed,01:36.0,,2,13600,4,MINOR ARTERIAL - NEW HPMS,2,Urban
1198813,1,Complete,1198813,1198813,41.320186,-72.893138,3687019,New Haven,93,93,New Haven,9/2/2024,2024,9,September,2,2,Monday,22:25:00,22,24036371,A,2,,Motor Vehicle In Motion,"Injury of any type (Serious, Minor, Possible)",B,Suspected Minor Injury (B),0,0,4,Local,0.49,411,MIDDLETOWN AV,MIDDLETOWN AV,CLINTON AV,,,,,41.320186,-72.893138,14,Motor Vehicle in Operation,3,Angle,1,On Roadway,1,Clear,88,Not Applicable,4,Dark-Lighted,1,Dry,0,None,88,Not Applicable,88,Not Applicable,0,None,88,Not Applicable,88,Not Applicable,2,Intersection,2,Four-Way Intersection,1,No,1,No,88,Not Applicable,88,Not Applicable,88,Not Applicable,88,Not Applicable,FALSE,1,Public Road,1,"Trafficway, On Road",CT0009300,New Haven PD,33160,34:46.0,O,Open,01:49.0,,,,,,,
1198819,1,Complete,1198819,1198819,41.286474,-72.93619,3687025,New Haven,93,93,New Haven,9/8/2024,2024,9,September,8,1,Sunday,8:43:00,8,24037196,A,2,,Motor Vehicle In Motion,"Injury of any type (Serious, Minor, Possible)",C,Possible Injury (C),0,0,4,Local,0.43,339,KIMBERLY AV,KIMBERLY AV,10-N,,,,,41.286474,-72.93619,14,Motor Vehicle in Operation,3,Angle,1,On Roadway,1,Clear,88,Not Applicable,1,Daylight,1,Dry,0,None,88,Not Applicable,88,Not Applicable,0,None,88,Not Applicable,88,Not Applicable,2,Intersection,2,Four-Way Intersection,1,No,1,No,88,Not Applicable,88,Not Applicable,88,Not Applicable,88,Not Applicable,TRUE,1,Public Road,1,"Trafficway, On Road",CT0009300,New Haven PD,46611,14:17.0,C,Closed,01:32.0,,,,,,,
1198823,1,Complete,1198823,1198823,41.282549,-72.938014,3687029,New Haven,93,93,New Haven,9/9/2024,2024,9,September,9,2,Monday,20:27:00,20,24037424,A,2,,Motor Vehicle In Motion,"Injury of any type (Serious, Minor, Possible)",B,Suspected Minor Injury (B),0,1,3,State,0.94,745,745-E,745-E,10-N,,,,,41.282549,-72.938014,14,Motor Vehicle in Operation,3,Angle,1,On Roadway,1,Clear,88,Not Applicable,4,Dark-Lighted,1,Dry,0,None,88,Not Applicable,88,Not Applicable,0,None,88,Not Applicable,88,Not Applicable,2,Intersection,3,T-Intersection,1,No,1,No,88,Not Applicable,88,Not Applicable,88,Not Applicable,88,Not Applicable,FALSE,1,Public Road,1,"Trafficway, On Road",CT0009300,New Haven PD,45400,10:43.0,C,Closed,01:32.0,,,,,,,
1198825,1,Complete,1198825,1198825,41.30457,-72.94057,3687031,New Haven,93,93,New Haven,9/10/2024,2024,9,September,10,3,Tuesday,16:30:00,16,24037582,A,2,,Motor Vehicle In Motion,"Injury of any type (Serious, Minor, Possible)",C,Possible Injury (C),0,0,4,Local,0.18,585,SYLVAN AV,SYLVAN AV,ASYLUM ST,,,,,41.30457,-72.94057,14,Motor Vehicle in Operation,4,"Sideswipe, same direction",1,On Roadway,1,Clear,88,Not Applicable,1,Daylight,1,Dry,99,Unknown,88,Not Applicable,88,Not Applicable,99,Unknown,88,Not Applicable,88,Not Applicable,2,Intersection,3,T-Intersection,1,No,1,No,88,Not Applicable,88,Not Applicable,88,Not Applicable,88,Not Applicable,TRUE,1,Public Road,1,"Trafficway, On Road",CT0009300,New Haven PD,45698,03:17.0,C,Closed,01:29.0,,,,,,,
1198828,1,Complete,1198828,1198828,41.323867,-72.881538,3687034,New Haven,93,93,New Haven,9/12/2024,2024,9,September,12,5,Thursday,8:36:00,8,24037811,A,2,,Motor Vehicle In Motion,"Injury of any type (Serious, Minor, Possible)",C,Possible Injury (C),0,2,3,State,0,80,80-W,80-W,17-N,,,,,41.323867,-72.881538,14,Motor Vehicle in Operation,3,Angle,1,On Roadway,1,Clear,88,Not Applicable,1,Daylight,1,Dry,0,None,88,Not Applicable,88,Not Applicable,0,None,88,Not Applicable,88,Not Applicable,2,Intersection,2,Four-Way Intersection,1,No,1,No,88,Not Applicable,88,Not Applicable,88,Not Applicable,88,Not Applicable,FALSE,1,Public Road,1,"Trafficway, On Road",CT0009300,New Haven PD,180,28:55.0,C,Closed,01:43.0,24037811,,,,,,
1198833,1,Complete,1198833,1198833,41.3241664,-72.93413122,3687039,New Haven,93,93,New Haven,9/12/2024,2024,9,September,12,5,Thursday,17:55:00,17,24037938,A,2,,Motor Vehicle In Motion,"Injury of any type (Serious, Minor, Possible)",C,Possible Injury (C),0,0,4,Local,0.13,552,SHELTON AV,SHELTON AV,,ARGYLE ST,45,Feet,S,41.3241664,-72.93413122,14,Motor Vehicle in Operation,3,Angle,1,On Roadway,1,Clear,88,Not Applicable,1,Daylight,1,Dry,0,None,88,Not Applicable,88,Not Applicable,0,None,88,Not Applicable,88,Not Applicable,1,Non-Junction,1,Not at Intersection,1,No,1,No,88,Not Applicable,88,Not Applicable,88,Not Applicable,88,Not Applicable,FALSE,1,Public Road,1,"Trafficway, On Road",CT0009300,New Haven PD,46621,15:32.0,C,Closed,01:35.0,,,,,,,
1198836,1,Complete,1198836,1198836,41.30530853,-72.89473777,3687042,New Haven,93,93,New Haven,9/12/2024,2024,9,September,12,5,Thursday,21:46:00,21,24037966,A,2,,Motor Vehicle In Motion,"Injury of any type (Serious, Minor, Possible)",C,Possible Injury (C),0,0,4,Local,1.02,213,FERRY ST,FERRY ST,SALTONSTALL AV,,,,,41.30530853,-72.89473777,14,Motor Vehicle in Operation,3,Angle,1,On Roadway,1,Clear,1,Clear,4,Dark-Lighted,1,Dry,0,None,88,Not Applicable,88,Not Applicable,0,None,88,Not Applicable,88,Not Applicable,2,Intersection,3,T-Intersection,1,No,1,No,88,Not Applicable,88,Not Applicable,88,Not Applicable,88,Not Applicable,FALSE,1,Public Road,1,"Trafficway, On Road",CT0009300,New Haven PD,46622,45:45.0,C,Closed,01:25.0,,,,,,,
1198840,1,Complete,1198840,1198840,41.32073821,-72.94810555,3687046,New Haven,93,93,New Haven,9/13/2024,2024,9,September,13,6,Friday,10:30:00,10,24038030,A,1,,Pedestrian,"Injury of any type (Serious, Minor, Possible)",C,Possible Injury (C),1,0,,,,,,471 WHALLEY AVE,,ella t grasso blvd,315,Feet,E,41.32073821,-72.94810555,9,Pedestrian,88,Not Applicable,97,Other,1,Clear,88,Not Applicable,1,Daylight,1,Dry,0,None,88,Not Applicable,88,Not Applicable,0,None,88,Not Applicable,88,Not Applicable,97,Other,1,Not at Intersection,1,No,1,No,88,Not Applicable,88,Not Applicable,88,Not Applicable,88,Not Applicable,TRUE,88,Not Applicable,4,Parking Lot,CT0009300,New Haven PD,332,42:33.0,C,Closed,01:27.0,,,,,,,
1198842,1,Complete,1198842,1198842,41.297838,-72.937662,3687048,New Haven,93,93,New Haven,9/11/2024,2024,9,September,11,4,Wednesday,8:30:00,8,24038050,A,1,,Other Non-motorist,"Injury of any type (Serious, Minor, Possible)",C,Possible Injury (C),1,0,4,Local,0.17,19,ARCH ST,ARCH ST,,Columbus Ave ,10,Feet,N,41.297838,-72.937662,11,Other Non-motorist,88,Not Applicable,1,On Roadway,1,Clear,88,Not Applicable,1,Daylight,1,Dry,99,Unknown,88,Not Applicable,88,Not Applicable,99,Unknown,88,Not Applicable,88,Not Applicable,3,Intersection-Related,2,Four-Way Intersection,1,No,1,No,88,Not Applicable,88,Not Applicable,88,Not Applicable,88,Not Applicable,TRUE,1,Public Road,1,"Trafficway, On Road",CT0009300,New Haven PD,45698,37:45.0,C,Closed,01:41.0,,,,,,,
1198844,1,Complete,1198844,1198844,41.31009,-72.95325,3687050,New Haven,93,93,New Haven,9/13/2024,2024,9,September,13,6,Friday,20:32:00,20,24038077,A,2,,Motor Vehicle In Motion,"Injury of any type (Serious, Minor, Possible)",C,Possible Injury (C),0,0,3,State,21.88,34,34-E,34-E,10-N,,,,,41.31009,-72.95325,14,Motor Vehicle in Operation,1,Front to rear,1,On Roadway,1,Clear,88,Not Applicable,4,Dark-Lighted,1,Dry,0,None,88,Not Applicable,88,Not Applicable,0,None,88,Not Applicable,88,Not Applicable,3,Intersection-Related,2,Four-Way Intersection,1,No,1,No,88,Not Applicable,88,Not Applicable,88,Not Applicable,88,Not Applicable,FALSE,1,Public Road,1,"Trafficway, On Road",CT0009300,New Haven PD,44045,03:24.0,C,Closed,01:33.0,,,,,,,
1198845,1,Complete,1198845,1198845,41.32145165,-72.95258001,3687051,New Haven,93,93,New Haven,9/13/2024,2024,9,September,13,6,Friday,23:57:00,23,24038091,A,2,,Parked Vehicle,"Injury of any type (Serious, Minor, Possible)",C,Possible Injury (C),0,0,3,State,3.28,10,10-N,10-N,,HUBINGER ST,80,Feet,S,41.32145165,-72.95258001,15,Parked Motor Vehicle,4,"Sideswipe, same direction",1,On Roadway,1,Clear,88,Not Applicable,4,Dark-Lighted,1,Dry,0,None,88,Not Applicable,88,Not Applicable,0,None,88,Not Applicable,88,Not Applicable,1,Non-Junction,1,Not at Intersection,1,No,1,No,88,Not Applicable,88,Not Applicable,88,Not Applicable,88,Not Applicable,FALSE,1,Public Road,1,"Trafficway, On Road",CT0009300,New Haven PD,42053,41:31.0,C,Closed,01:34.0,,,,,,,
1198846,1,Complete,1198846,1198846,41.30594253,-72.94685156,3687052,New Haven,93,93,New Haven,9/14/2024,2024,9,September,14,7,Saturday,8:07:00,8,24038129,A,2,,Motor Vehicle In Motion,"Injury of any type (Serious, Minor, Possible)",C,Possible Injury (C),0,0,4,Local,0.29,360,LEGION AV-RT 34,LEGION AV-RT 34,sherman ave,,,,,41.30594253,-72.94685156,14,Motor Vehicle in Operation,3,Angle,1,On Roadway,1,Clear,88,Not Applicable,1,Daylight,1,Dry,0,None,88,Not Applicable,88,Not Applicable,0,None,88,Not Applicable,88,Not Applicable,2,Intersection,2,Four-Way Intersection,1,No,1,No,88,Not Applicable,88,Not Applicable,88,Not Applicable,88,Not Applicable,TRUE,1,Public Road,1,"Trafficway, On Road",CT0009300,New Haven PD,44947,23:15.0,C,Closed,01:38.0,,,,,,,
1198852,1,Complete,1198852,1198852,41.31917023,-72.96589191,3687058,New Haven,93,93,New Haven,9/15/2024,2024,9,September,15,1,Sunday,15:25:00,15,24038277,A,2,,Motor Vehicle In Motion,"Injury of any type (Serious, Minor, Possible)",C,Possible Injury (C),0,0,4,Local,0.23,179,EDGEWOOD AV,EDGEWOOD AV,ALDEN AV,,,,,41.31917023,-72.96589191,14,Motor Vehicle in Operation,3,Angle,1,On Roadway,1,Clear,88,Not Applicable,1,Daylight,1,Dry,0,None,88,Not Applicable,88,Not Applicable,0,None,88,Not Applicable,88,Not Applicable,2,Intersection,2,Four-Way Intersection,1,No,1,No,88,Not Applicable,88,Not Applicable,88,Not Applicable,88,Not Applicable,FALSE,1,Public Road,1,"Trafficway, On Road",CT0009300,New Haven PD,402,03:45.0,C,Closed,01:46.0,,,,,,,
1198853,1,Complete,1198853,1198853,41.31530963,-72.95093443,3687059,New Haven,93,93,New Haven,9/15/2024,2024,9,September,15,1,Sunday,16:53:00,16,24038300,A,2,,Motor Vehicle In Motion,"Injury of any type (Serious, Minor, Possible)",C,Possible Injury (C),0,0,3,State,2.58,10,10-N,10-N,EDGEWOOD AV,,,,,41.31530963,-72.95093443,14,Motor Vehicle in Operation,3,Angle,1,On Roadway,1,Clear,88,Not Applicable,1,Daylight,1,Dry,0,None,88,Not Applicable,88,Not Applicable,0,None,88,Not Applicable,88,Not Applicable,2,Intersection,2,Four-Way Intersection,1,No,1,No,88,Not Applicable,88,Not Applicable,88,Not Applicable,88,Not Applicable,FALSE,1,Public Road,1,"Trafficway, On Road",CT0009300,New Haven PD,40804,01:46.0,O,Open,01:45.0,,,,,,,
1198855,1,Complete,1198855,1198855,41.316415,-72.94246,3687061,New Haven,93,93,New Haven,9/15/2024,2024,9,September,15,1,Sunday,18:29:00,18,24038315,A,2,,Motor Vehicle In Motion,"Injury of any type (Serious, Minor, Possible)",C,Possible Injury (C),0,0,4,Local,0.75,556,SHERMAN AV,SHERMAN AV,,Whalley Ave,45,Feet,S,41.316415,-72.94246,14,Motor Vehicle in Operation,3,Angle,1,On Roadway,1,Clear,88,Not Applicable,1,Daylight,1,Dry,0,None,88,Not Applicable,88,Not Applicable,0,None,88,Not Applicable,88,Not Applicable,9,Driveway Access-Related,1,Not at Intersection,1,No,1,No,88,Not Applicable,88,Not Applicable,88,Not Applicable,88,Not Applicable,FALSE,1,Public Road,1,"Trafficway, On Road",CT0009300,New Haven PD,44055,03:36.0,C,Closed,01:47.0,,,,,,,
1198857,1,Complete,1198857,1198857,41.34275956,-72.9576637,3687063,New Haven,93,93,New Haven,9/15/2024,2024,9,September,15,1,Sunday,18:47:00,18,24038325,A,1,,Tree (standing),"Injury of any type (Serious, Minor, Possible)",A,Suspected Serious Injury (A),0,0,4,Local,0.22,70,BROOKSIDE AV,BROOKSIDE AV,WILMOT RD,,,,,41.34275956,-72.9576637,32,Tree (standing),88,Not Applicable,1,On Roadway,1,Clear,88,Not Applicable,3,Dusk,1,Dry,99,Unknown,88,Not Applicable,88,Not Applicable,99,Unknown,88,Not Applicable,88,Not Applicable,2,Intersection,2,Four-Way Intersection,1,No,1,No,88,Not Applicable,88,Not Applicable,88,Not Applicable,88,Not Applicable,FALSE,1,Public Road,1,"Trafficway, On Road",CT0009300,New Haven PD,402,49:13.0,O,Open,01:45.0,24038325,,,,,,
1199359,1,Complete,1199359,1199359,41.305421,-72.931268,3687565,New Haven,93,93,New Haven,9/14/2024,2024,9,September,14,7,Saturday,8:49:00,8,24038136,A,4,,Motor Vehicle In Motion,"Injury of any type (Serious, Minor, Possible)",C,Possible Injury (C),0,0,4,Local,1.05,248,GEORGE ST,GEORGE ST,,HIGH ST,200,Feet,E,41.305421,-72.931268,14,Motor Vehicle in Operation,4,"Sideswipe, same direction",1,On Roadway,1,Clear,88,Not Applicable,1,Daylight,1,Dry,0,None,88,Not Applicable,88,Not Applicable,0,None,88,Not Applicable,88,Not Applicable,1,Non-Junction,1,Not at Intersection,1,No,1,No,88,Not Applicable,88,Not Applicable,88,Not Applicable,88,Not Applicable,FALSE,1,Public Road,1,"Trafficway, On Road",CT0009300,New Haven PD,42366,08:11.0,C,Closed,00:06.0,,,,,,,
1199722,1,Complete,1199722,1199722,41.318817,-72.949152,3687928,New Haven,93,93,New Haven,9/14/2024,2024,9,September,14,7,Saturday,21:49:00,21,24038214,A,2,,Motor Vehicle In Motion,"Injury of any type (Serious, Minor, Possible)",C,Possible Injury (C),0,0,3,State,3.02,10,10-N,10-N,,WHALLEY AVE,50,Feet,S,41.318817,-72.949152,14,Motor Vehicle in Operation,1,Front to rear,1,On Roadway,1,Clear,88,Not Applicable,4,Dark-Lighted,1,Dry,0,None,88,Not Applicable,88,Not Applicable,0,None,88,Not Applicable,88,Not Applicable,3,Intersection-Related,3,T-Intersection,1,No,1,No,88,Not Applicable,88,Not Applicable,88,Not Applicable,88,Not Applicable,FALSE,1,Public Road,1,"Trafficway, On Road",CT0009300,New Haven PD,45701,32:06.0,C,Closed,00:27.0,,,,,,,
1199723,1,Complete,1199723,1199723,41.29008534,-72.94038588,3687929,New Haven,93,93,New Haven,9/15/2024,2024,9,September,15,1,Sunday,1:36:00,1,24038228,A,2,,Motor Vehicle In Motion,"Injury of any type (Serious, Minor, Possible)",C,Possible Injury (C),0,0,3,State,0.62,10,10-N,10-N,lamberton st,,,,,41.29008534,-72.94038588,14,Motor Vehicle in Operation,3,Angle,1,On Roadway,1,Clear,88,Not Applicable,4,Dark-Lighted,1,Dry,0,None,88,Not Applicable,88,Not Applicable,0,None,88,Not Applicable,88,Not Applicable,2,Intersection,2,Four-Way Intersection,1,No,1,No,88,Not Applicable,88,Not Applicable,88,Not Applicable,88,Not Applicable,FALSE,1,Public Road,1,"Trafficway, On Road",CT0009300,New Haven PD,45983,07:02.0,C,Closed,00:26.0,,,,,,,
1199724,1,Complete,1199724,1199724,41.30138457,-72.92402044,3687930,New Haven,93,93,New Haven,9/16/2024,2024,9,September,16,2,Monday,10:41:00,10,24038385,A,2,,Motor Vehicle In Motion,"Injury of any type (Serious, Minor, Possible)",C,Possible Injury (C),0,1,2,USRoute,48.26,1,1-N,1-N,STATE ST NORTH,,,,,41.30138457,-72.92402044,14,Motor Vehicle in Operation,3,Angle,1,On Roadway,1,Clear,88,Not Applicable,1,Daylight,1,Dry,0,None,88,Not Applicable,88,Not Applicable,0,None,88,Not Applicable,88,Not Applicable,2,Intersection,2,Four-Way Intersection,1,No,1,No,88,Not Applicable,88,Not Applicable,88,Not Applicable,88,Not Applicable,FALSE,1,Public Road,1,"Trafficway, On Road",CT0009300,New Haven PD,251,19:30.0,C,Closed,00:30.0,,,,,,,
1200132,1,Complete,1200132,1200132,41.317204,-72.970924,3688338,New Haven,93,93,New Haven,9/17/2024,2024,9,September,17,3,Tuesday,16:19:00,16,24038591,A,2,,Motor Vehicle In Motion,"Injury of any type (Serious, Minor, Possible)",B,Suspected Minor Injury (B),0,0,3,State,2.65,122,122-N,122-N,CHAPEL ST,,,,,41.317204,-72.970924,14,Motor Vehicle in Operation,3,Angle,1,On Roadway,1,Clear,88,Not Applicable,1,Daylight,1,Dry,0,None,88,Not Applicable,88,Not Applicable,0,None,88,Not Applicable,88,Not Applicable,2,Intersection,3,T-Intersection,1,No,1,No,88,Not Applicable,88,Not Applicable,88,Not Applicable,88,Not Applicable,FALSE,1,Public Road,1,"Trafficway, On Road",CT0009300,New Haven PD,44055,30:13.0,C,Closed,00:18.0,,,,,,,
1200134,1,Complete,1200134,1200134,41.31041,-72.89956,3688340,New Haven,93,93,New Haven,9/17/2024,2024,9,September,17,3,Tuesday,22:05:00,22,24038650,A,1,,Pedestrian,"Injury of any type (Serious, Minor, Possible)",B,Suspected Minor Injury (B),1,0,4,Local,0,108,CLAY ST NO 1,CLAY ST NO 1,BLATCHLEY AV,,,,,41.31041,-72.89956,9,Pedestrian,88,Not Applicable,1,On Roadway,1,Clear,88,Not Applicable,4,Dark-Lighted,1,Dry,99,Unknown,88,Not Applicable,88,Not Applicable,0,None,88,Not Applicable,88,Not Applicable,2,Intersection,2,Four-Way Intersection,1,No,1,No,88,Not Applicable,88,Not Applicable,88,Not Applicable,88,Not Applicable,TRUE,1,Public Road,1,"Trafficway, On Road",CT0009300,New Haven PD,45403,28:57.0,O,Open,00:21.0,,2,9700,5,MAJOR COLLECTOR - NEW HPMS,2,Urban
1200136,1,Complete,1200136,1200136,41.305055,-72.888035,3688342,New Haven,93,93,New Haven,9/18/2024,2024,9,September,18,4,Wednesday,0:53:00,0,24038655,A,3,,Parked Vehicle,"Injury of any type (Serious, Minor, Possible)",B,Suspected Minor Injury (B),0,0,4,Local,0.89,498,QUINNIPIAC AV,QUINNIPIAC AV,,ANER ST,150,Feet,S,41.305055,-72.888035,14,Motor Vehicle in Operation,1,Front to rear,1,On Roadway,1,Clear,88,Not Applicable,5,Dark-Not Lighted,1,Dry,0,None,88,Not Applicable,88,Not Applicable,0,None,88,Not Applicable,88,Not Applicable,1,Non-Junction,1,Not at Intersection,1,No,1,No,88,Not Applicable,88,Not Applicable,88,Not Applicable,88,Not Applicable,FALSE,1,Public Road,1,"Trafficway, On Road",CT0009300,New Haven PD,45626,26:36.0,C,Closed,00:21.0,,,,,,,
1200137,1,Complete,1200137,1200137,41.31425121,-72.91240184,3688343,New Haven,93,93,New Haven,9/17/2024,2024,9,September,17,3,Tuesday,10:30:00,10,24038677,A,2,,Motor Vehicle In Motion,"Injury of any type (Serious, Minor, Possible)",C,Possible Injury (C),0,0,4,Local,0.45,316,HUMPHREY ST,HUMPHREY ST,,STATE ST,45,Feet,W,41.31425121,-72.91240184,14,Motor Vehicle in Operation,3,Angle,1,On Roadway,1,Clear,88,Not Applicable,1,Daylight,1,Dry,0,None,88,Not Applicable,88,Not Applicable,0,None,88,Not Applicable,88,Not Applicable,9,Driveway Access-Related,1,Not at Intersection,1,No,1,No,88,Not Applicable,88,Not Applicable,88,Not Applicable,88,Not Applicable,TRUE,1,Public Road,1,"Trafficway, On Road",CT0009300,New Haven PD,332,18:34.0,C,Closed,00:24.0,,,,,,,