CrashId,Fatal Case Status,Fatal Case Status Text Format,CrashId,CrashId,Latitude,Longitude,DOT Case Number,Town Name,Town Number,Town Number,Town Number Text Format,Date Of Crash,Year,Month,Month Text Format,Day,Day of the Week,Day of the Week Text Format,Time of Crash,Hour of the Day,Case Identifier,Crash Severity,Number Of Motor Vehicles,Motor vehicle action,Most harmful event,Crash Severity Text Format,Most Severe Injury,Most Severe Injury Text Format,Number Of Non-Motorist,Number Of Witnesses,Route Class,Route Class Text Format,Milemarker,Road Number,Road Description,Roadway Name,Intersecting Roadway Name,Landmark Description,Distance From Nearest Landmark,Unit Of Measure From Nearest Landmark,Direction From Nearest Landmark,Latitude,Longitude,First Harmful Event,First Harmful Event Text Format,Manner of Crash / Collision Impact,Manner of Crash / Collision Impact Text Format,Location of First Harmful Event,Location of First Harmful Event Text Format,Weather Condition,Weather Condition Text Format,Weather 2,Weather 2 Text Format,Light Condition,Light Condition Text Format,Road Surface Condition,Road Surface Condition Text Format,"Contributing Circumstances, Environment","Contributing Circumstances, Environment Text Format",Environment 2,Environment 2 Text Format,Environment 3,Environment 3 Text Format,"Contributing Circumstances, Road","Contributing Circumstances, Road Text Format",Road 2,Road 2 Text Format,Road 3,Road 3 Text Format,Crash Specific Location,Crash Specific Location Text Format,Type of Intersection,Type of Intersection Text Format,School Bus Related,School Bus Related Text Format,Work Zone Related,Work Zone Related Text Format,Location Of Crash Relative To Work Zone,Location Of Crash Relative To Work Zone Text Format,Type of Work Zone,Type of Work Zone Text Format,Worker Presence,Worker Presence Text Format,Law Enforcement Presence,Law Enforcement Presence Text Format,Were Vehicles Moved Prior To Police Arrival,Trafficway Ownership,Trafficway Ownership Text Format,Trafficway Class,Trafficway Class Text Format,Police Agency,Police Agency Text Format,Badge Number,Approval Date,Police Case Status,Police Case Status Text Format,Crash Report Submission Date,Related Case Identifiers,No. of Through Lanes (Log Dir.),Average Daily Traffic,Functional Classification,Functional Classification Text Format,Rural or Urban,Rural or Urban Text Format
1200144,1,Complete,1200144,1200144,41.329165,-72.968368,3688350,New Haven,93,93,New Haven,9/18/2024,2024,9,September,18,4,Wednesday,20:30:00,20,24038773,A,2,,Motor Vehicle In Motion,"Injury of any type (Serious, Minor, Possible)",C,Possible Injury (C),0,0,3,State,0.7,63,63-N,63-N,,DAYTON ST,50,Feet,E,41.329165,-72.968368,14,Motor Vehicle in Operation,4,"Sideswipe, same direction",1,On Roadway,1,Clear,88,Not Applicable,4,Dark-Lighted,1,Dry,0,None,88,Not Applicable,88,Not Applicable,0,None,88,Not Applicable,88,Not Applicable,3,Intersection-Related,3,T-Intersection,1,No,1,No,88,Not Applicable,88,Not Applicable,88,Not Applicable,88,Not Applicable,FALSE,1,Public Road,1,"Trafficway, On Road",CT0009300,New Haven PD,45397,58:55.0,O,Open,00:31.0,,,,,,,
1200145,1,Complete,1200145,1200145,41.33351,-72.971356,3688351,New Haven,93,93,New Haven,9/18/2024,2024,9,September,18,4,Wednesday,21:25:00,21,24038781,A,2,,Motor Vehicle In Motion,"Injury of any type (Serious, Minor, Possible)",C,Possible Injury (C),0,0,4,Local,0.04,465,PARK SIDE DR,PARK SIDE DR,,VALLEY ST,200,Feet,W,41.33351,-72.971356,14,Motor Vehicle in Operation,2,Front to front,1,On Roadway,1,Clear,88,Not Applicable,4,Dark-Lighted,1,Dry,0,None,88,Not Applicable,88,Not Applicable,0,None,88,Not Applicable,88,Not Applicable,1,Non-Junction,1,Not at Intersection,1,No,1,No,88,Not Applicable,88,Not Applicable,88,Not Applicable,88,Not Applicable,FALSE,1,Public Road,1,"Trafficway, On Road",CT0009300,New Haven PD,170,52:41.0,C,Closed,00:33.0,,,,,,,
1200431,1,Complete,1200431,1200431,41.295406,-72.946596,3688637,New Haven,93,93,New Haven,8/31/2024,2024,8,August,31,7,Saturday,12:48:00,12,24036062,A,2,,Motor Vehicle In Motion,"Injury of any type (Serious, Minor, Possible)",C,Possible Injury (C),0,0,3,State,1.1,10,10-N,10-N,PRINTERS LA,,,,,41.295406,-72.946596,14,Motor Vehicle in Operation,3,Angle,1,On Roadway,1,Clear,88,Not Applicable,1,Daylight,1,Dry,0,None,88,Not Applicable,88,Not Applicable,0,None,88,Not Applicable,88,Not Applicable,2,Intersection,3,T-Intersection,1,No,1,No,88,Not Applicable,88,Not Applicable,88,Not Applicable,88,Not Applicable,FALSE,1,Public Road,1,"Trafficway, On Road",CT0009300,New Haven PD,45392,23:57.0,O,Open,00:58.0,NONE,,,,,,
1200432,1,Complete,1200432,1200432,41.30534,-72.92806,3688638,New Haven,93,93,New Haven,9/19/2024,2024,9,September,19,5,Thursday,15:30:00,15,24036481,A,1,,Pedestrian,"Injury of any type (Serious, Minor, Possible)",C,Possible Injury (C),1,0,4,Local,0.67,588,TEMPLE ST,TEMPLE ST,CROWN ST,,,,,41.30534,-72.92806,9,Pedestrian,88,Not Applicable,1,On Roadway,1,Clear,88,Not Applicable,1,Daylight,1,Dry,0,None,88,Not Applicable,88,Not Applicable,0,None,88,Not Applicable,88,Not Applicable,2,Intersection,2,Four-Way Intersection,1,No,1,No,88,Not Applicable,88,Not Applicable,88,Not Applicable,88,Not Applicable,FALSE,1,Public Road,1,"Trafficway, On Road",CT0009300,New Haven PD,42044,30:54.0,C,Closed,01:03.0,,2,21900,4,MINOR ARTERIAL - NEW HPMS,2,Urban
1200436,1,Complete,1200436,1200436,41.315504,-72.934892,3688642,New Haven,93,93,New Haven,9/19/2024,2024,9,September,19,5,Thursday,5:50:00,5,24038812,A,2,,Motor Vehicle In Motion,"Injury of any type (Serious, Minor, Possible)",C,Possible Injury (C),0,0,4,Local,0.09,570,SPERRY ST,SPERRY ST,GOFFE ST,,,,,41.315504,-72.934892,14,Motor Vehicle in Operation,3,Angle,1,On Roadway,1,Clear,88,Not Applicable,2,Dawn,1,Dry,0,None,88,Not Applicable,88,Not Applicable,0,None,88,Not Applicable,88,Not Applicable,2,Intersection,2,Four-Way Intersection,1,No,1,No,88,Not Applicable,88,Not Applicable,88,Not Applicable,88,Not Applicable,TRUE,1,Public Road,1,"Trafficway, On Road",CT0009300,New Haven PD,82,55:10.0,C,Closed,00:56.0,,,,,,,
1200438,1,Complete,1200438,1200438,41.29856143,-72.92624672,3688644,New Haven,93,93,New Haven,9/19/2024,2024,9,September,19,5,Thursday,8:56:00,8,24038820,A,2,,Motor Vehicle In Motion,"Injury of any type (Serious, Minor, Possible)",C,Possible Injury (C),0,0,2,USRoute,48.05,1,1-N,1-N,,COLUMBUS AVE,140,Feet,E,41.29856143,-72.92624672,14,Motor Vehicle in Operation,1,Front to rear,1,On Roadway,1,Clear,88,Not Applicable,1,Daylight,1,Dry,0,None,88,Not Applicable,88,Not Applicable,0,None,88,Not Applicable,88,Not Applicable,1,Non-Junction,1,Not at Intersection,1,No,1,No,88,Not Applicable,88,Not Applicable,88,Not Applicable,88,Not Applicable,TRUE,1,Public Road,1,"Trafficway, On Road",CT0009300,New Haven PD,301,44:45.0,C,Closed,00:59.0,,,,,,,
1200439,1,Complete,1200439,1200439,41.320177,-72.869683,3688645,New Haven,93,93,New Haven,9/19/2024,2024,9,September,19,5,Thursday,9:08:00,9,24038831,A,2,,Motor Vehicle In Motion,"Injury of any type (Serious, Minor, Possible)",C,Possible Injury (C),0,0,3,State,0.68,80,80-E,80-E,,Old Foxon Rd,205,Feet,W,41.320177,-72.869683,14,Motor Vehicle in Operation,1,Front to rear,1,On Roadway,1,Clear,88,Not Applicable,1,Daylight,1,Dry,0,None,88,Not Applicable,88,Not Applicable,0,None,88,Not Applicable,88,Not Applicable,1,Non-Junction,1,Not at Intersection,1,No,1,No,88,Not Applicable,88,Not Applicable,88,Not Applicable,88,Not Applicable,FALSE,1,Public Road,1,"Trafficway, On Road",CT0009300,New Haven PD,180,02:18.0,C,Closed,01:02.0,24038831,,,,,,
1201318,1,Complete,1201318,1201318,41.31776,-72.944413,3689524,New Haven,93,93,New Haven,9/18/2024,2024,9,September,18,4,Wednesday,22:30:00,22,24037969,A,3,,Parked Vehicle,"Injury of any type (Serious, Minor, Possible)",C,Possible Injury (C),0,0,4,Local,0.77,775,WINTHROP AV NO 2,WINTHROP AV NO 2,,WHALLEY AVE,95,Feet,N,41.31776,-72.944413,14,Motor Vehicle in Operation,4,"Sideswipe, same direction",1,On Roadway,1,Clear,88,Not Applicable,4,Dark-Lighted,1,Dry,0,None,88,Not Applicable,88,Not Applicable,0,None,88,Not Applicable,88,Not Applicable,1,Non-Junction,1,Not at Intersection,1,No,1,No,88,Not Applicable,88,Not Applicable,88,Not Applicable,88,Not Applicable,FALSE,1,Public Road,1,"Trafficway, On Road",CT0009300,New Haven PD,45700,37:18.0,C,Closed,01:22.0,,,,,,,
1201319,1,Complete,1201319,1201319,41.305722,-72.928924,3689525,New Haven,93,93,New Haven,9/15/2024,2024,9,September,15,1,Sunday,2:00:00,2,24038229,A,3,,Motor Vehicle In Motion,"Injury of any type (Serious, Minor, Possible)",C,Possible Injury (C),0,0,4,Local,0.34,136,CROWN ST,CROWN ST,,COLLEGE ST ,200,Feet,E,41.305722,-72.928924,14,Motor Vehicle in Operation,1,Front to rear,1,On Roadway,1,Clear,88,Not Applicable,4,Dark-Lighted,1,Dry,0,None,88,Not Applicable,88,Not Applicable,0,None,88,Not Applicable,88,Not Applicable,1,Non-Junction,1,Not at Intersection,1,No,1,No,88,Not Applicable,88,Not Applicable,88,Not Applicable,88,Not Applicable,FALSE,1,Public Road,1,"Trafficway, On Road",CT0009300,New Haven PD,45630,34:11.0,C,Closed,01:15.0,,,,,,,
1201323,1,Complete,1201323,1201323,41.309007,-72.894964,3689529,New Haven,93,93,New Haven,9/18/2024,2024,9,September,18,4,Wednesday,16:29:00,16,24038739,A,1,,Motor Vehicle In Motion,"Injury of any type (Serious, Minor, Possible)",B,Suspected Minor Injury (B),1,0,4,Local,0.48,264,GRAND AV,GRAND AV,,FERRY ST,115,Feet,E,41.309007,-72.894964,10,Pedalcycle/Pedalcyclist,3,Angle,1,On Roadway,1,Clear,88,Not Applicable,1,Daylight,1,Dry,0,None,88,Not Applicable,88,Not Applicable,0,None,88,Not Applicable,88,Not Applicable,9,Driveway Access-Related,1,Not at Intersection,1,No,1,No,88,Not Applicable,88,Not Applicable,88,Not Applicable,88,Not Applicable,TRUE,1,Public Road,1,"Trafficway, On Road",CT0009300,New Haven PD,46614,04:06.0,C,Closed,01:33.0,,,,,,,
1201330,1,Complete,1201330,1201330,41.325664,-72.95828,3689536,New Haven,93,93,New Haven,9/20/2024,2024,9,September,20,6,Friday,13:47:00,13,24038991,A,2,,Motor Vehicle In Motion,"Injury of any type (Serious, Minor, Possible)",C,Possible Injury (C),0,0,3,State,0.09,63,63-N,63-N,,WEST ROCK AVE,50,Feet,S,41.325664,-72.95828,14,Motor Vehicle in Operation,4,"Sideswipe, same direction",1,On Roadway,1,Clear,88,Not Applicable,1,Daylight,1,Dry,0,None,88,Not Applicable,88,Not Applicable,0,None,88,Not Applicable,88,Not Applicable,1,Non-Junction,1,Not at Intersection,1,No,1,No,88,Not Applicable,88,Not Applicable,88,Not Applicable,88,Not Applicable,FALSE,1,Public Road,1,"Trafficway, On Road",CT0009300,New Haven PD,9,56:02.0,C,Closed,01:31.0,,,,,,,
1201333,1,Complete,1201333,1201333,41.292907,-72.940204,3689539,New Haven,93,93,New Haven,9/20/2024,2024,9,September,20,6,Friday,17:41:00,17,24039023,A,1,,Pedestrian,"Injury of any type (Serious, Minor, Possible)",B,Suspected Minor Injury (B),1,1,4,Local,0.05,424,MORRIS ST,MORRIS ST,,WASHINGTON AVE,80,Feet,N,41.292907,-72.940204,9,Pedestrian,88,Not Applicable,1,On Roadway,1,Clear,88,Not Applicable,1,Daylight,1,Dry,0,None,88,Not Applicable,88,Not Applicable,0,None,88,Not Applicable,88,Not Applicable,1,Non-Junction,1,Not at Intersection,1,No,1,No,88,Not Applicable,88,Not Applicable,88,Not Applicable,88,Not Applicable,FALSE,1,Public Road,1,"Trafficway, On Road",CT0009300,New Haven PD,42366,29:30.0,C,Closed,01:14.0,,2,10500,4,MINOR ARTERIAL - NEW HPMS,2,Urban
1201334,1,Complete,1201334,1201334,41.32189363,-72.9148849,3689540,New Haven,93,93,New Haven,9/20/2024,2024,9,September,20,6,Friday,15:25:00,15,24039028,A,2,,Motor Vehicle In Motion,"Injury of any type (Serious, Minor, Possible)",C,Possible Injury (C),0,0,4,Local,0.63,376,LIVINGSTON ST,LIVINGSTON ST,,LINDEN ST,160,Feet,S,41.32189363,-72.9148849,14,Motor Vehicle in Operation,3,Angle,1,On Roadway,1,Clear,88,Not Applicable,1,Daylight,1,Dry,0,None,88,Not Applicable,88,Not Applicable,0,None,88,Not Applicable,88,Not Applicable,9,Driveway Access-Related,1,Not at Intersection,1,No,1,No,88,Not Applicable,88,Not Applicable,88,Not Applicable,88,Not Applicable,TRUE,1,Public Road,1,"Trafficway, On Road",CT0009300,New Haven PD,46621,57:00.0,C,Closed,01:25.0,,,,,,,
1201337,1,Complete,1201337,1201337,41.322285,-72.946107,3689543,New Haven,93,93,New Haven,9/21/2024,2024,9,September,21,7,Saturday,2:31:00,2,24039063,A,2,,Parked Vehicle,"Injury of any type (Serious, Minor, Possible)",C,Possible Injury (C),0,0,4,Local,0.27,258,GOFFE TER,GOFFE TER,,ELLSWORTH AVE,165,Feet,W,41.322285,-72.946107,15,Parked Motor Vehicle,4,"Sideswipe, same direction",2,Shoulder,1,Clear,88,Not Applicable,4,Dark-Lighted,1,Dry,0,None,88,Not Applicable,88,Not Applicable,1,Backup Due to Prior Crash,88,Not Applicable,88,Not Applicable,1,Non-Junction,1,Not at Intersection,1,No,1,No,88,Not Applicable,88,Not Applicable,88,Not Applicable,88,Not Applicable,FALSE,1,Public Road,2,"Trafficway, Not on Road",CT0009300,New Haven PD,40956,10:18.0,C,Closed,01:16.0,,,,,,,
1201338,1,Complete,1201338,1201338,41.297229,-72.948678,3689544,New Haven,93,93,New Haven,9/21/2024,2024,9,September,21,7,Saturday,9:16:00,9,24039086,A,2,,Motor Vehicle In Motion,"Injury of any type (Serious, Minor, Possible)",C,Possible Injury (C),0,0,3,State,1.45,10,10-N,10-N,,COLUMBUS AVE,80,Feet,S,41.297229,-72.948678,14,Motor Vehicle in Operation,1,Front to rear,1,On Roadway,1,Clear,88,Not Applicable,1,Daylight,1,Dry,0,None,88,Not Applicable,88,Not Applicable,0,None,88,Not Applicable,88,Not Applicable,3,Intersection-Related,2,Four-Way Intersection,1,No,1,No,88,Not Applicable,88,Not Applicable,88,Not Applicable,88,Not Applicable,TRUE,1,Public Road,1,"Trafficway, On Road",CT0009300,New Haven PD,476,30:39.0,C,Closed,01:19.0,,,,,,,
1201345,1,Complete,1201345,1201345,41.31243547,-72.92204573,3689551,New Haven,93,93,New Haven,9/21/2024,2024,9,September,21,7,Saturday,20:26:00,20,24039143,A,2,,Parked Vehicle,"Injury of any type (Serious, Minor, Possible)",B,Suspected Minor Injury (B),0,0,4,Local,0.14,656,WHITNEY AV,WHITNEY AV,,TRUMBULL ST,195,Feet,S,41.31243547,-72.92204573,14,Motor Vehicle in Operation,6,Rear to side,1,On Roadway,1,Clear,88,Not Applicable,4,Dark-Lighted,1,Dry,0,None,88,Not Applicable,88,Not Applicable,0,None,88,Not Applicable,88,Not Applicable,9,Driveway Access-Related,1,Not at Intersection,1,No,1,No,88,Not Applicable,88,Not Applicable,88,Not Applicable,88,Not Applicable,FALSE,1,Public Road,1,"Trafficway, On Road",CT0009300,New Haven PD,46173,19:22.0,C,Closed,01:20.0,,,,,,,
1201346,1,Complete,1201346,1201346,41.301435,-72.923681,3689552,New Haven,93,93,New Haven,9/21/2024,2024,9,September,21,7,Saturday,20:57:00,20,24039146,A,2,,Motor Vehicle In Motion,"Injury of any type (Serious, Minor, Possible)",C,Possible Injury (C),0,0,2,USRoute,48.28,1,1-N,1-N,,STATE ST NORTH ,32,Feet,E,41.301435,-72.923681,14,Motor Vehicle in Operation,3,Angle,1,On Roadway,1,Clear,88,Not Applicable,4,Dark-Lighted,1,Dry,0,None,88,Not Applicable,88,Not Applicable,0,None,88,Not Applicable,88,Not Applicable,3,Intersection-Related,2,Four-Way Intersection,1,No,1,No,88,Not Applicable,88,Not Applicable,88,Not Applicable,88,Not Applicable,FALSE,1,Public Road,1,"Trafficway, On Road",CT0009300,New Haven PD,44049,44:59.0,C,Closed,01:24.0,,,,,,,
1201347,1,Complete,1201347,1201347,41.329254,-72.968761,3689553,New Haven,93,93,New Haven,9/21/2024,2024,9,September,21,7,Saturday,21:29:00,21,24039147,A,2,,Motor Vehicle In Motion,"Injury of any type (Serious, Minor, Possible)",B,Suspected Minor Injury (B),0,0,3,State,0.72,63,63-N,63-N,,DAYTON ST,30,Feet,W,41.329254,-72.968761,14,Motor Vehicle in Operation,1,Front to rear,1,On Roadway,1,Clear,88,Not Applicable,4,Dark-Lighted,1,Dry,0,None,88,Not Applicable,88,Not Applicable,0,None,88,Not Applicable,88,Not Applicable,3,Intersection-Related,3,T-Intersection,1,No,1,No,88,Not Applicable,88,Not Applicable,88,Not Applicable,88,Not Applicable,TRUE,1,Public Road,1,"Trafficway, On Road",CT0009300,New Haven PD,45403,24:22.0,C,Closed,01:23.0,,,,,,,
1201348,1,Complete,1201348,1201348,41.25761036,-72.89095851,3689554,New Haven,93,93,New Haven,9/21/2024,2024,9,September,21,7,Saturday,23:14:00,23,24039155,A,2,,Parked Vehicle,"Injury of any type (Serious, Minor, Possible)",C,Possible Injury (C),0,1,,,,,,25 TOWNSEND AVE,,TOWNSEND AVE,57,Feet,E,41.25761036,-72.89095851,15,Parked Motor Vehicle,3,Angle,97,Other,1,Clear,88,Not Applicable,6,Dark-Unknown Lighting,1,Dry,99,Unknown,88,Not Applicable,88,Not Applicable,99,Unknown,88,Not Applicable,88,Not Applicable,97,Other,1,Not at Intersection,1,No,1,No,88,Not Applicable,88,Not Applicable,88,Not Applicable,88,Not Applicable,TRUE,88,Not Applicable,4,Parking Lot,CT0009300,New Haven PD,42369,47:01.0,O,Open,01:27.0,,,,,,,
1201351,1,Complete,1201351,1201351,41.32859417,-72.95705455,3689557,New Haven,93,93,New Haven,9/22/2024,2024,9,September,22,1,Sunday,2:39:00,2,24039169,A,1,,Utility Pole,"Injury of any type (Serious, Minor, Possible)",B,Suspected Minor Injury (B),0,0,4,Local,0.79,56,BLAKE ST,BLAKE ST,,STONE ST,70,Feet,E,41.32859417,-72.95705455,33,Utility Pole/Light Support,88,Not Applicable,1,On Roadway,1,Clear,88,Not Applicable,4,Dark-Lighted,1,Dry,0,None,88,Not Applicable,88,Not Applicable,0,None,88,Not Applicable,88,Not Applicable,1,Non-Junction,1,Not at Intersection,1,No,1,No,88,Not Applicable,88,Not Applicable,88,Not Applicable,88,Not Applicable,FALSE,1,Public Road,1,"Trafficway, On Road",CT0009300,New Haven PD,45701,08:55.0,C,Closed,01:27.0,,4,19000,3,PRINCIPAL ARTERIAL - OTHER - NEW HPMS,2,Urban
1201354,1,Complete,1201354,1201354,41.330328,-72.944322,3689560,New Haven,93,93,New Haven,9/22/2024,2024,9,September,22,1,Sunday,7:46:00,7,24039190,A,1,,Overturn/Rollover,"Injury of any type (Serious, Minor, Possible)",B,Suspected Minor Injury (B),0,0,4,Local,0.81,,ELLA T GRASSO BLVD NO 2,ELLA T GRASSO BLVD NO 2,CRESCENT ST,,,,,41.330328,-72.944322,1,Overturn/Rollover,88,Not Applicable,1,On Roadway,1,Clear,88,Not Applicable,99,Unknown,99,Unknown,0,None,88,Not Applicable,88,Not Applicable,0,None,88,Not Applicable,88,Not Applicable,2,Intersection,3,T-Intersection,1,No,1,No,88,Not Applicable,88,Not Applicable,88,Not Applicable,88,Not Applicable,FALSE,1,Public Road,1,"Trafficway, On Road",CT0009300,New Haven PD,10,11:32.0,C,Closed,01:30.0,,2,3590,7,LOCAL - NEW HPMS,2,Urban
1201359,1,Complete,1201359,1201359,41.31789993,-72.94596809,3689565,New Haven,93,93,New Haven,9/22/2024,2024,9,September,22,1,Sunday,17:50:00,17,24039236,A,2,,Motor Vehicle In Motion,"Injury of any type (Serious, Minor, Possible)",B,Suspected Minor Injury (B),0,0,4,Local,0.17,653,WHALLEY AV,WHALLEY AV,NORTON ST,,,,,41.31789993,-72.94596809,14,Motor Vehicle in Operation,1,Front to rear,1,On Roadway,1,Clear,88,Not Applicable,1,Daylight,1,Dry,0,None,88,Not Applicable,88,Not Applicable,0,None,88,Not Applicable,88,Not Applicable,2,Intersection,2,Four-Way Intersection,1,No,1,No,88,Not Applicable,88,Not Applicable,88,Not Applicable,88,Not Applicable,FALSE,1,Public Road,1,"Trafficway, On Road",CT0009300,New Haven PD,45401,52:40.0,C,Closed,01:34.0,,,,,,,
1201694,1,Complete,1201694,1201694,41.308021,-72.937519,3689900,New Haven,93,93,New Haven,9/23/2024,2024,9,September,23,2,Monday,5:59:00,5,24039271,A,2,,Parked Vehicle,"Injury of any type (Serious, Minor, Possible)",C,Possible Injury (C),0,0,4,Local,0.67,248,GEORGE ST,GEORGE ST,,DWIGHT ST,139,Feet,E,41.308021,-72.937519,14,Motor Vehicle in Operation,1,Front to rear,1,On Roadway,1,Clear,88,Not Applicable,4,Dark-Lighted,1,Dry,99,Unknown,88,Not Applicable,88,Not Applicable,99,Unknown,88,Not Applicable,88,Not Applicable,1,Non-Junction,1,Not at Intersection,1,No,1,No,88,Not Applicable,88,Not Applicable,88,Not Applicable,88,Not Applicable,FALSE,1,Public Road,1,"Trafficway, On Road",CT0009300,New Haven PD,82,20:56.0,C,Closed,01:34.0,,,,,,,
1201703,1,Complete,1201703,1201703,41.32683843,-72.95305643,3689909,New Haven,93,93,New Haven,9/23/2024,2024,9,September,23,2,Monday,15:24:00,15,24039352,A,1,,Pedestrian,"Injury of any type (Serious, Minor, Possible)",C,Possible Injury (C),1,0,4,Local,0.5,56,BLAKE ST,BLAKE ST,,FITCH ST,227,Feet,S,41.32683843,-72.95305643,9,Pedestrian,88,Not Applicable,4,Roadside,1,Clear,88,Not Applicable,1,Daylight,1,Dry,0,None,88,Not Applicable,88,Not Applicable,0,None,88,Not Applicable,88,Not Applicable,1,Non-Junction,1,Not at Intersection,1,No,1,No,88,Not Applicable,88,Not Applicable,88,Not Applicable,88,Not Applicable,FALSE,1,Public Road,1,"Trafficway, On Road",CT0009300,New Haven PD,44045,14:51.0,C,Closed,01:41.0,,2,12400,4,MINOR ARTERIAL - NEW HPMS,2,Urban
1201705,1,Complete,1201705,1201705,41.33312917,-72.97552903,3689911,New Haven,93,93,New Haven,9/23/2024,2024,9,September,23,2,Monday,15:41:00,15,24039371,A,2,,Motor Vehicle In Motion,"Injury of any type (Serious, Minor, Possible)",C,Possible Injury (C),0,0,3,State,1.16,63,63-N,63-N,WESTERLEIGH RD,,,,,41.33312917,-72.97552903,14,Motor Vehicle in Operation,3,Angle,1,On Roadway,1,Clear,88,Not Applicable,1,Daylight,1,Dry,0,None,88,Not Applicable,88,Not Applicable,0,None,88,Not Applicable,88,Not Applicable,2,Intersection,3,T-Intersection,1,No,1,No,88,Not Applicable,88,Not Applicable,88,Not Applicable,88,Not Applicable,FALSE,1,Public Road,1,"Trafficway, On Road",CT0009300,New Haven PD,40804,37:12.0,C,Closed,01:39.0,,,,,,,
1202110,1,Complete,1202110,1202110,41.32935728,-72.93230456,3690316,New Haven,93,93,New Haven,9/15/2024,2024,9,September,15,1,Sunday,13:12:00,13,24038272,A,3,,Motor Vehicle In Motion,"Injury of any type (Serious, Minor, Possible)",A,Suspected Serious Injury (A),0,0,4,Local,0.5,552,SHELTON AV,SHELTON AV,,HAZEL ST,140,Feet,N,41.32935728,-72.93230456,14,Motor Vehicle in Operation,1,Front to rear,1,On Roadway,1,Clear,88,Not Applicable,1,Daylight,1,Dry,0,None,88,Not Applicable,88,Not Applicable,0,None,88,Not Applicable,88,Not Applicable,1,Non-Junction,1,Not at Intersection,1,No,1,No,88,Not Applicable,88,Not Applicable,88,Not Applicable,88,Not Applicable,FALSE,1,Public Road,1,"Trafficway, On Road",CT0009300,New Haven PD,42048,11:54.0,O,Open,01:37.0,24-038272,,,,,,
1202112,1,Complete,1202112,1202112,41.301053,-72.936546,3690318,New Haven,93,93,New Haven,9/17/2024,2024,9,September,17,3,Tuesday,8:21:00,8,24038522,A,2,,Motor Vehicle In Motion,"Injury of any type (Serious, Minor, Possible)",C,Possible Injury (C),0,0,4,Local,0.63,123,CONGRESS AV,CONGRESS AV,VERNON ST,,,,,41.301053,-72.936546,14,Motor Vehicle in Operation,3,Angle,1,On Roadway,1,Clear,88,Not Applicable,1,Daylight,1,Dry,0,None,88,Not Applicable,88,Not Applicable,0,None,88,Not Applicable,88,Not Applicable,2,Intersection,3,T-Intersection,1,No,1,No,88,Not Applicable,88,Not Applicable,88,Not Applicable,88,Not Applicable,TRUE,1,Public Road,1,"Trafficway, On Road",CT0009300,New Haven PD,301,42:34.0,C,Closed,01:33.0,,,,,,,
1202116,1,Complete,1202116,1202116,41.287597,-72.925481,3690322,New Haven,93,93,New Haven,9/23/2024,2024,9,September,23,2,Monday,15:58:00,15,24039339,A,2,,Motor Vehicle In Motion,"Injury of any type (Serious, Minor, Possible)",C,Possible Injury (C),0,0,4,Local,0.26,359,SARGENT DR,SARGENT DR,,LONG WHARF DRIVE,100,Feet,N,41.287597,-72.925481,14,Motor Vehicle in Operation,1,Front to rear,1,On Roadway,1,Clear,88,Not Applicable,1,Daylight,1,Dry,0,None,88,Not Applicable,88,Not Applicable,0,None,88,Not Applicable,88,Not Applicable,1,Non-Junction,1,Not at Intersection,1,No,1,No,88,Not Applicable,88,Not Applicable,88,Not Applicable,88,Not Applicable,FALSE,1,Public Road,1,"Trafficway, On Road",CT0009300,New Haven PD,40811,34:59.0,C,Closed,01:41.0,,,,,,,
1202123,1,Complete,1202123,1202123,41.30873604,-72.93371941,3690329,New Haven,93,93,New Haven,9/22/2024,2024,9,September,22,1,Sunday,18:00:00,18,24039430,A,1,,Pedestrian,"Injury of any type (Serious, Minor, Possible)",C,Possible Injury (C),1,0,4,Local,0.2,463,PARK ST,PARK ST,,CHAPEL ST,60,Feet,S,41.30873604,-72.93371941,9,Pedestrian,88,Not Applicable,2,Shoulder,1,Clear,88,Not Applicable,1,Daylight,1,Dry,0,None,88,Not Applicable,88,Not Applicable,0,None,88,Not Applicable,88,Not Applicable,2,Intersection,2,Four-Way Intersection,1,No,1,No,88,Not Applicable,88,Not Applicable,88,Not Applicable,88,Not Applicable,TRUE,1,Public Road,1,"Trafficway, On Road",CT0009300,New Haven PD,349,12:53.0,O,Open,01:34.0,,4,18900,3,PRINCIPAL ARTERIAL - OTHER - NEW HPMS,1,Rural
1202124,1,Complete,1202124,1202124,41.309864,-72.920929,3690330,New Haven,93,93,New Haven,9/24/2024,2024,9,September,24,3,Tuesday,13:51:00,13,24039460,A,1,,Pedestrian,"Injury of any type (Serious, Minor, Possible)",B,Suspected Minor Injury (B),1,0,4,Local,1.38,450,ORANGE ST NO 1,ORANGE ST NO 1,GROVE ST,,,,,41.309864,-72.920929,9,Pedestrian,88,Not Applicable,1,On Roadway,1,Clear,88,Not Applicable,1,Daylight,1,Dry,0,None,88,Not Applicable,88,Not Applicable,0,None,88,Not Applicable,88,Not Applicable,2,Intersection,2,Four-Way Intersection,1,No,1,No,88,Not Applicable,88,Not Applicable,88,Not Applicable,88,Not Applicable,TRUE,1,Public Road,1,"Trafficway, On Road",CT0009300,New Haven PD,46614,05:49.0,C,Closed,01:39.0,,2,20900,4,MINOR ARTERIAL - NEW HPMS,2,Urban