CrashId,Fatal Case Status,Fatal Case Status Text Format,CrashId,CrashId,Latitude,Longitude,DOT Case Number,Town Name,Town Number,Town Number,Town Number Text Format,Date Of Crash,Year,Month,Month Text Format,Day,Day of the Week,Day of the Week Text Format,Time of Crash,Hour of the Day,Case Identifier,Crash Severity,Number Of Motor Vehicles,Motor vehicle action,Most harmful event,Crash Severity Text Format,Most Severe Injury,Most Severe Injury Text Format,Number Of Non-Motorist,Number Of Witnesses,Route Class,Route Class Text Format,Milemarker,Road Number,Road Description,Roadway Name,Intersecting Roadway Name,Landmark Description,Distance From Nearest Landmark,Unit Of Measure From Nearest Landmark,Direction From Nearest Landmark,Latitude,Longitude,First Harmful Event,First Harmful Event Text Format,Manner of Crash / Collision Impact,Manner of Crash / Collision Impact Text Format,Location of First Harmful Event,Location of First Harmful Event Text Format,Weather Condition,Weather Condition Text Format,Weather 2,Weather 2 Text Format,Light Condition,Light Condition Text Format,Road Surface Condition,Road Surface Condition Text Format,"Contributing Circumstances, Environment","Contributing Circumstances, Environment Text Format",Environment 2,Environment 2 Text Format,Environment 3,Environment 3 Text Format,"Contributing Circumstances, Road","Contributing Circumstances, Road Text Format",Road 2,Road 2 Text Format,Road 3,Road 3 Text Format,Crash Specific Location,Crash Specific Location Text Format,Type of Intersection,Type of Intersection Text Format,School Bus Related,School Bus Related Text Format,Work Zone Related,Work Zone Related Text Format,Location Of Crash Relative To Work Zone,Location Of Crash Relative To Work Zone Text Format,Type of Work Zone,Type of Work Zone Text Format,Worker Presence,Worker Presence Text Format,Law Enforcement Presence,Law Enforcement Presence Text Format,Were Vehicles Moved Prior To Police Arrival,Trafficway Ownership,Trafficway Ownership Text Format,Trafficway Class,Trafficway Class Text Format,Police Agency,Police Agency Text Format,Badge Number,Approval Date,Police Case Status,Police Case Status Text Format,Crash Report Submission Date,Related Case Identifiers,No. of Through Lanes (Log Dir.),Average Daily Traffic,Functional Classification,Functional Classification Text Format,Rural or Urban,Rural or Urban Text Format
1202125,1,Complete,1202125,1202125,41.325578,-72.922655,3690331,New Haven,93,93,New Haven,9/24/2024,2024,9,September,24,3,Tuesday,15:06:00,15,24039469,A,2,,Motor Vehicle In Motion,"Injury of any type (Serious, Minor, Possible)",C,Possible Injury (C),0,0,4,Local,0.01,83,CANNER ST,CANNER ST,,PROSPECT ST,35,Feet,E,41.325578,-72.922655,14,Motor Vehicle in Operation,1,Front to rear,1,On Roadway,1,Clear,88,Not Applicable,1,Daylight,1,Dry,0,None,88,Not Applicable,88,Not Applicable,0,None,88,Not Applicable,88,Not Applicable,3,Intersection-Related,3,T-Intersection,1,No,1,No,88,Not Applicable,88,Not Applicable,88,Not Applicable,88,Not Applicable,FALSE,1,Public Road,1,"Trafficway, On Road",CT0009300,New Haven PD,44045,06:09.0,C,Closed,01:39.0,,,,,,,
1202127,1,Complete,1202127,1202127,41.327223,-72.967746,3690333,New Haven,93,93,New Haven,9/24/2024,2024,9,September,24,3,Tuesday,14:10:00,14,24039471,A,2,,Motor Vehicle In Motion,"Injury of any type (Serious, Minor, Possible)",C,Possible Injury (C),0,0,3,State,6.24,243,243-W,243-W,,FOREST RD,100,Feet,E,41.327223,-72.967746,14,Motor Vehicle in Operation,4,"Sideswipe, same direction",1,On Roadway,1,Clear,88,Not Applicable,1,Daylight,1,Dry,0,None,88,Not Applicable,88,Not Applicable,0,None,88,Not Applicable,88,Not Applicable,3,Intersection-Related,3,T-Intersection,1,No,1,No,88,Not Applicable,88,Not Applicable,88,Not Applicable,88,Not Applicable,TRUE,1,Public Road,1,"Trafficway, On Road",CT0009300,New Haven PD,42045,05:40.0,C,Closed,01:42.0,,,,,,,
1202130,1,Complete,1202130,1202130,41.3141774,-72.92111751,3690336,New Haven,93,93,New Haven,9/24/2024,2024,9,September,24,3,Tuesday,17:15:00,17,24039501,A,2,,Parked Vehicle,"Injury of any type (Serious, Minor, Possible)",B,Suspected Minor Injury (B),0,0,4,Local,0.1,691,BRADLEY ST NO 2,BRADLEY ST NO 2,,WHITNEY AVE,80,Feet,E,41.3141774,-72.92111751,14,Motor Vehicle in Operation,2,Front to front,1,On Roadway,1,Clear,88,Not Applicable,1,Daylight,1,Dry,0,None,0,None,88,Not Applicable,0,None,88,Not Applicable,88,Not Applicable,1,Non-Junction,1,Not at Intersection,1,No,1,No,88,Not Applicable,88,Not Applicable,88,Not Applicable,88,Not Applicable,FALSE,1,Public Road,1,"Trafficway, On Road",CT0009300,New Haven PD,46614,12:13.0,C,Closed,01:42.0,,,,,,,
1202425,1,Complete,1202425,1202425,41.29773,-72.937333,3690631,New Haven,93,93,New Haven,9/25/2024,2024,9,September,25,4,Wednesday,7:42:00,7,24039561,A,2,,Motor Vehicle In Motion,"Injury of any type (Serious, Minor, Possible)",C,Possible Injury (C),0,0,2,USRoute,47.23,1,1-N,1-N,,WASHINGTON AVE,60,Feet,E,41.29773,-72.937333,14,Motor Vehicle in Operation,1,Front to rear,1,On Roadway,1,Clear,88,Not Applicable,1,Daylight,1,Dry,0,None,88,Not Applicable,88,Not Applicable,0,None,88,Not Applicable,88,Not Applicable,1,Non-Junction,1,Not at Intersection,1,No,1,No,88,Not Applicable,88,Not Applicable,88,Not Applicable,88,Not Applicable,FALSE,1,Public Road,1,"Trafficway, On Road",CT0009300,New Haven PD,45392,11:36.0,C,Closed,01:58.0,NONE,,,,,,
1202787,1,Complete,1202787,1202787,41.30708632,-72.93489239,3690993,New Haven,93,93,New Haven,9/4/2024,2024,9,September,4,4,Wednesday,18:30:00,18,24036718,A,1,,Pedestrian,"Injury of any type (Serious, Minor, Possible)",B,Suspected Minor Injury (B),1,0,4,Local,0.33,463,PARK ST,PARK ST,George St ,,,,,41.30708632,-72.93489239,9,Pedestrian,88,Not Applicable,1,On Roadway,1,Clear,88,Not Applicable,1,Daylight,1,Dry,0,None,0,None,88,Not Applicable,0,None,88,Not Applicable,88,Not Applicable,2,Intersection,2,Four-Way Intersection,1,No,1,No,88,Not Applicable,88,Not Applicable,88,Not Applicable,88,Not Applicable,FALSE,1,Public Road,1,"Trafficway, On Road",CT0009300,New Haven PD,42046,38:32.0,C,Closed,01:32.0,,,,,,,
1202792,1,Complete,1202792,1202792,41.332687,-72.937877,3690998,New Haven,93,93,New Haven,9/25/2024,2024,9,September,25,4,Wednesday,11:31:00,11,24039575,A,2,,Motor Vehicle In Motion,"Injury of any type (Serious, Minor, Possible)",C,Possible Injury (C),0,0,4,Local,0.95,557,SHERMAN PKWY,SHERMAN PKWY,BASSETT ST,,,,,41.332687,-72.937877,14,Motor Vehicle in Operation,3,Angle,1,On Roadway,1,Clear,88,Not Applicable,1,Daylight,1,Dry,0,None,88,Not Applicable,88,Not Applicable,0,None,88,Not Applicable,88,Not Applicable,2,Intersection,2,Four-Way Intersection,1,No,1,No,88,Not Applicable,88,Not Applicable,88,Not Applicable,88,Not Applicable,FALSE,1,Public Road,1,"Trafficway, On Road",CT0009300,New Haven PD,42044,20:21.0,C,Closed,01:26.0,,,,,,,
1202795,1,Complete,1202795,1202795,41.33193,-72.937935,3691001,New Haven,93,93,New Haven,9/25/2024,2024,9,September,25,4,Wednesday,18:50:00,18,24039650,A,2,,Motor Vehicle In Motion,"Injury of any type (Serious, Minor, Possible)",C,Possible Injury (C),0,0,4,Local,0.9,557,SHERMAN PKWY,SHERMAN PKWY,WILLIS ST,,,,,41.33193,-72.937935,14,Motor Vehicle in Operation,3,Angle,1,On Roadway,1,Clear,88,Not Applicable,1,Daylight,1,Dry,0,None,88,Not Applicable,88,Not Applicable,0,None,88,Not Applicable,88,Not Applicable,2,Intersection,2,Four-Way Intersection,1,No,1,No,88,Not Applicable,88,Not Applicable,88,Not Applicable,88,Not Applicable,FALSE,1,Public Road,1,"Trafficway, On Road",CT0009300,New Haven PD,46621,52:12.0,C,Closed,01:20.0,,,,,,,
1202800,1,Complete,1202800,1202800,41.325596,-72.958137,3691006,New Haven,93,93,New Haven,9/26/2024,2024,9,September,26,5,Thursday,8:31:00,8,24039738,A,2,,Motor Vehicle In Motion,"Injury of any type (Serious, Minor, Possible)",A,Suspected Serious Injury (A),0,0,3,State,0.08,63,63-N,63-N,,WEST ROCK AVE,100,Feet,E,41.325596,-72.958137,14,Motor Vehicle in Operation,3,Angle,1,On Roadway,1,Clear,88,Not Applicable,1,Daylight,1,Dry,0,None,88,Not Applicable,88,Not Applicable,0,None,88,Not Applicable,88,Not Applicable,1,Non-Junction,1,Not at Intersection,1,No,1,No,88,Not Applicable,88,Not Applicable,88,Not Applicable,88,Not Applicable,FALSE,1,Public Road,1,"Trafficway, On Road",CT0009300,New Haven PD,79,18:29.0,C,Closed,01:25.0,,,,,,,
1202802,1,Complete,1202802,1202802,41.333201,-72.975664,3691008,New Haven,93,93,New Haven,9/26/2024,2024,9,September,26,5,Thursday,9:48:00,9,24039751,A,2,,Motor Vehicle In Motion,"Injury of any type (Serious, Minor, Possible)",C,Possible Injury (C),0,0,3,State,1.17,63,63-N,63-N,,WESTERLEIGH RD,40,Feet,N,41.333201,-72.975664,14,Motor Vehicle in Operation,3,Angle,1,On Roadway,4,Rain,88,Not Applicable,1,Daylight,2,Wet,0,None,88,Not Applicable,88,Not Applicable,0,None,88,Not Applicable,88,Not Applicable,1,Non-Junction,1,Not at Intersection,1,No,1,No,88,Not Applicable,88,Not Applicable,88,Not Applicable,88,Not Applicable,FALSE,1,Public Road,1,"Trafficway, On Road",CT0009300,New Haven PD,42046,11:21.0,C,Closed,01:27.0,,,,,,,
1202803,1,Complete,1202803,1202803,41.307071,-72.921412,3691009,New Haven,93,93,New Haven,9/26/2024,2024,9,September,26,5,Thursday,16:35:00,16,24039800,A,2,,Motor Vehicle In Motion,"Injury of any type (Serious, Minor, Possible)",C,Possible Injury (C),0,0,4,Local,0.72,726,ELM ST NO 2,ELM ST NO 2,,STATE ST,15,Feet,W,41.307071,-72.921412,14,Motor Vehicle in Operation,1,Front to rear,1,On Roadway,4,Rain,88,Not Applicable,4,Dark-Lighted,2,Wet,0,None,88,Not Applicable,88,Not Applicable,0,None,88,Not Applicable,88,Not Applicable,3,Intersection-Related,2,Four-Way Intersection,1,No,1,No,88,Not Applicable,88,Not Applicable,88,Not Applicable,88,Not Applicable,FALSE,1,Public Road,1,"Trafficway, On Road",CT0009300,New Haven PD,45388,58:43.0,C,Closed,01:28.0,,,,,,,
1202805,1,Complete,1202805,1202805,41.320053,-72.940671,3691011,New Haven,93,93,New Haven,9/26/2024,2024,9,September,26,5,Thursday,15:11:00,15,24039809,A,2,,Motor Vehicle In Motion,"Injury of any type (Serious, Minor, Possible)",C,Possible Injury (C),0,0,4,Local,0.04,257,GOFFE ST,GOFFE ST,,SHERMAN AVE,25,Feet,W,41.320053,-72.940671,14,Motor Vehicle in Operation,4,"Sideswipe, same direction",1,On Roadway,2,Cloudy,88,Not Applicable,1,Daylight,1,Dry,0,None,88,Not Applicable,88,Not Applicable,0,None,88,Not Applicable,88,Not Applicable,3,Intersection-Related,2,Four-Way Intersection,1,No,1,No,88,Not Applicable,88,Not Applicable,88,Not Applicable,88,Not Applicable,FALSE,1,Public Road,1,"Trafficway, On Road",CT0009300,New Haven PD,276,12:38.0,C,Closed,01:29.0,24039809,,,,,,
1204170,1,Complete,1204170,1204170,41.288986,-72.894368,3692376,New Haven,93,93,New Haven,9/21/2024,2024,9,September,21,7,Saturday,22:46:00,22,24039159,A,2,,Motor Vehicle In Motion,"Injury of any type (Serious, Minor, Possible)",C,Possible Injury (C),0,0,3,State,0.01,741,741-E,741-E,,WOODWARD AVE,35,Feet,E,41.288986,-72.894368,14,Motor Vehicle in Operation,3,Angle,1,On Roadway,1,Clear,88,Not Applicable,4,Dark-Lighted,1,Dry,0,None,88,Not Applicable,88,Not Applicable,0,None,88,Not Applicable,88,Not Applicable,3,Intersection-Related,2,Four-Way Intersection,1,No,1,No,88,Not Applicable,88,Not Applicable,88,Not Applicable,88,Not Applicable,FALSE,1,Public Road,1,"Trafficway, On Road",CT0009300,New Haven PD,44951,31:46.0,C,Closed,35:15.0,,,,,,,
1204174,1,Complete,1204174,1204174,41.32010592,-72.89326113,3692380,New Haven,93,93,New Haven,9/25/2024,2024,9,September,25,4,Wednesday,20:58:00,20,24039708,A,2,,Motor Vehicle In Motion,"Injury of any type (Serious, Minor, Possible)",C,Possible Injury (C),0,0,4,Local,0.49,411,MIDDLETOWN AV,MIDDLETOWN AV,CLINTON AV,,,,,41.32010592,-72.89326113,14,Motor Vehicle in Operation,4,"Sideswipe, same direction",1,On Roadway,1,Clear,88,Not Applicable,4,Dark-Lighted,1,Dry,0,None,88,Not Applicable,88,Not Applicable,0,None,88,Not Applicable,88,Not Applicable,2,Intersection,2,Four-Way Intersection,1,No,1,No,88,Not Applicable,88,Not Applicable,88,Not Applicable,88,Not Applicable,TRUE,1,Public Road,1,"Trafficway, On Road",CT0009300,New Haven PD,44176,49:15.0,C,Closed,35:06.0,,,,,,,
1204176,1,Complete,1204176,1204176,41.30216121,-72.92463371,3692382,New Haven,93,93,New Haven,9/26/2024,2024,9,September,26,5,Thursday,16:21:00,16,24039795,A,1,,Pedestrian,"Injury of any type (Serious, Minor, Possible)",B,Suspected Minor Injury (B),1,0,4,Local,1.55,575,STATE ST,STATE ST,,GEORGE ST,130,Feet,S,41.30216121,-72.92463371,9,Pedestrian,88,Not Applicable,2,Shoulder,1,Clear,88,Not Applicable,1,Daylight,1,Dry,99,Unknown,88,Not Applicable,88,Not Applicable,0,None,88,Not Applicable,88,Not Applicable,1,Non-Junction,1,Not at Intersection,1,No,1,No,88,Not Applicable,88,Not Applicable,88,Not Applicable,88,Not Applicable,FALSE,1,Public Road,2,"Trafficway, Not on Road",CT0009300,New Haven PD,46617,57:59.0,C,Closed,35:09.0,,2,2000,7,LOCAL - NEW HPMS,2,Urban
1204179,1,Complete,1204179,1204179,41.30428187,-72.93097651,3692385,New Haven,93,93,New Haven,9/26/2024,2024,9,September,26,5,Thursday,23:37:00,23,24039843,A,2,,Motor Vehicle In Motion,"Injury of any type (Serious, Minor, Possible)",C,Possible Injury (C),0,0,4,Local,0.28,809,REV DR MLK JR BLVD,REV DR MLK JR BLVD,COLLEGE STREET ,,,,,41.30428187,-72.93097651,14,Motor Vehicle in Operation,2,Front to front,1,On Roadway,4,Rain,88,Not Applicable,4,Dark-Lighted,2,Wet,0,None,88,Not Applicable,88,Not Applicable,0,None,88,Not Applicable,88,Not Applicable,2,Intersection,2,Four-Way Intersection,1,No,1,No,88,Not Applicable,88,Not Applicable,88,Not Applicable,88,Not Applicable,FALSE,1,Public Road,1,"Trafficway, On Road",CT0009300,New Haven PD,45395,51:10.0,C,Closed,35:27.0,,,,,,,
1204182,1,Complete,1204182,1204182,41.32693665,-72.96532148,3692388,New Haven,93,93,New Haven,9/27/2024,2024,9,September,27,6,Friday,8:14:00,8,24039862,A,1,,Pedestrian,"Injury of any type (Serious, Minor, Possible)",B,Suspected Minor Injury (B),1,2,3,State,6.37,243,243-W,243-W,EMERSON ST NO 2,,,,,41.32693665,-72.96532148,9,Pedestrian,88,Not Applicable,1,On Roadway,1,Clear,88,Not Applicable,1,Daylight,2,Wet,0,None,88,Not Applicable,88,Not Applicable,0,None,88,Not Applicable,88,Not Applicable,2,Intersection,3,T-Intersection,1,No,1,No,88,Not Applicable,88,Not Applicable,88,Not Applicable,88,Not Applicable,TRUE,1,Public Road,1,"Trafficway, On Road",CT0009300,New Haven PD,359,28:48.0,C,Closed,35:08.0,,2,13500,4,MINOR ARTERIAL - NEW HPMS,2,Urban
1204193,1,Complete,1204193,1204193,41.33385786,-72.97609999,3692399,New Haven,93,93,New Haven,9/27/2024,2024,9,September,27,6,Friday,20:19:00,20,24039968,A,2,,Motor Vehicle In Motion,"Injury of any type (Serious, Minor, Possible)",C,Possible Injury (C),0,0,3,State,1.23,63,63-N,63-N,,GLENVIEW TERRACE,120,Feet,S,41.33385786,-72.97609999,14,Motor Vehicle in Operation,3,Angle,1,On Roadway,1,Clear,88,Not Applicable,4,Dark-Lighted,1,Dry,0,None,88,Not Applicable,88,Not Applicable,0,None,88,Not Applicable,88,Not Applicable,9,Driveway Access-Related,1,Not at Intersection,1,No,1,No,88,Not Applicable,88,Not Applicable,88,Not Applicable,88,Not Applicable,FALSE,1,Public Road,1,"Trafficway, On Road",CT0009300,New Haven PD,45983,12:04.0,C,Closed,35:10.0,,,,,,,
1204194,1,Complete,1204194,1204194,41.31482968,-72.96752993,3692400,New Haven,93,93,New Haven,9/28/2024,2024,9,September,28,7,Saturday,1:10:00,1,24039981,A,1,,"Other Fixed Object (wall, building, tunnel, etc.)","Injury of any type (Serious, Minor, Possible)",B,Suspected Minor Injury (B),0,0,4,Local,0.85,6,ALDEN AV,ALDEN AV,CLEVELAND RD,,,,,41.31482968,-72.96752993,39,"Other Fixed Object (wall, building, tunnel, etc.)",88,Not Applicable,1,On Roadway,1,Clear,88,Not Applicable,4,Dark-Lighted,1,Dry,0,None,88,Not Applicable,88,Not Applicable,0,None,88,Not Applicable,88,Not Applicable,2,Intersection,3,T-Intersection,1,No,1,No,88,Not Applicable,88,Not Applicable,88,Not Applicable,88,Not Applicable,FALSE,1,Public Road,1,"Trafficway, On Road",CT0009300,New Haven PD,42053,20:50.0,C,Closed,35:12.0,,2,3700,4,MINOR ARTERIAL - NEW HPMS,2,Urban
1204195,1,Complete,1204195,1204195,41.32318828,-72.94873215,3692401,New Haven,93,93,New Haven,9/28/2024,2024,9,September,28,7,Saturday,0:51:00,0,24039982,A,2,,Motor Vehicle In Motion,"Injury of any type (Serious, Minor, Possible)",C,Possible Injury (C),0,0,4,Local,0.11,258,GOFFE TER,GOFFE TER,ELLA T GRASSO BLVD NO 2,,,,,41.32318828,-72.94873215,14,Motor Vehicle in Operation,3,Angle,1,On Roadway,2,Cloudy,88,Not Applicable,4,Dark-Lighted,1,Dry,0,None,88,Not Applicable,88,Not Applicable,0,None,88,Not Applicable,88,Not Applicable,2,Intersection,2,Four-Way Intersection,1,No,1,No,88,Not Applicable,88,Not Applicable,88,Not Applicable,88,Not Applicable,TRUE,1,Public Road,1,"Trafficway, On Road",CT0009300,New Haven PD,40956,09:15.0,C,Closed,35:11.0,,,,,,,
1204196,1,Complete,1204196,1204196,41.29723983,-72.94874843,3692402,New Haven,93,93,New Haven,9/28/2024,2024,9,September,28,7,Saturday,1:35:00,1,24039984,A,2,,Motor Vehicle In Motion,"Injury of any type (Serious, Minor, Possible)",C,Possible Injury (C),0,0,3,State,1.45,10,10-N,10-N,,rt 1,65,Feet,S,41.29723983,-72.94874843,14,Motor Vehicle in Operation,3,Angle,1,On Roadway,1,Clear,88,Not Applicable,4,Dark-Lighted,1,Dry,0,None,88,Not Applicable,88,Not Applicable,0,None,88,Not Applicable,88,Not Applicable,9,Driveway Access-Related,1,Not at Intersection,1,No,1,No,88,Not Applicable,88,Not Applicable,88,Not Applicable,88,Not Applicable,FALSE,1,Public Road,1,"Trafficway, On Road",CT0009300,New Haven PD,45389,06:28.0,C,Closed,35:11.0,,,,,,,
1204199,1,Complete,1204199,1204199,41.3069442,-72.9350119,3692405,New Haven,93,93,New Haven,9/27/2024,2024,9,September,27,6,Friday,21:18:00,21,24040008,A,1,,Pedestrian,"Injury of any type (Serious, Minor, Possible)",C,Possible Injury (C),1,0,4,Local,0.83,248,GEORGE ST,GEORGE ST,PARK ST,,,,,41.3069442,-72.9350119,9,Pedestrian,88,Not Applicable,1,On Roadway,1,Clear,88,Not Applicable,4,Dark-Lighted,1,Dry,0,None,88,Not Applicable,88,Not Applicable,0,None,88,Not Applicable,88,Not Applicable,2,Intersection,2,Four-Way Intersection,1,No,1,No,88,Not Applicable,88,Not Applicable,88,Not Applicable,88,Not Applicable,FALSE,1,Public Road,1,"Trafficway, On Road",CT0009300,New Haven PD,91,47:11.0,O,Open,35:14.0,,2,15300,3,PRINCIPAL ARTERIAL - OTHER - NEW HPMS,2,Urban
1204218,1,Complete,1204218,1204218,41.30616914,-72.93798249,3692424,New Haven,93,93,New Haven,9/29/2024,2024,9,September,29,1,Sunday,22:08:00,22,24040190,A,1,,Curb,"Injury of any type (Serious, Minor, Possible)",A,Suspected Serious Injury (A),0,0,4,Local,0.76,360,LEGION AV-RT 34,LEGION AV-RT 34,,howard ave,65,Feet,W,41.30616914,-72.93798249,25,Curb,88,Not Applicable,1,On Roadway,1,Clear,88,Not Applicable,4,Dark-Lighted,1,Dry,0,None,88,Not Applicable,88,Not Applicable,0,None,88,Not Applicable,88,Not Applicable,3,Intersection-Related,2,Four-Way Intersection,1,No,1,No,88,Not Applicable,88,Not Applicable,88,Not Applicable,88,Not Applicable,FALSE,1,Public Road,1,"Trafficway, On Road",CT0009300,New Haven PD,45394,31:14.0,O,Open,35:33.0,,2,19000,4,MINOR ARTERIAL - NEW HPMS,2,Urban
1204219,1,Complete,1204219,1204219,41.31658177,-72.94239563,3692425,New Haven,93,93,New Haven,9/29/2024,2024,9,September,29,1,Sunday,23:38:00,23,24040197,A,2,,Motor Vehicle In Motion,"Injury of any type (Serious, Minor, Possible)",C,Possible Injury (C),0,0,4,Local,0.38,653,WHALLEY AV,WHALLEY AV,SHERMAN AV,,,,,41.31658177,-72.94239563,14,Motor Vehicle in Operation,3,Angle,1,On Roadway,1,Clear,88,Not Applicable,4,Dark-Lighted,1,Dry,0,None,88,Not Applicable,88,Not Applicable,0,None,88,Not Applicable,88,Not Applicable,2,Intersection,2,Four-Way Intersection,1,No,1,No,88,Not Applicable,88,Not Applicable,88,Not Applicable,88,Not Applicable,FALSE,1,Public Road,1,"Trafficway, On Road",CT0009300,New Haven PD,45132,38:43.0,O,Open,35:32.0,,,,,,,
1204233,1,Complete,1204233,1204233,41.3203861,-72.86778971,3692439,New Haven,93,93,New Haven,9/30/2024,2024,9,September,30,2,Monday,19:49:00,19,24040334,A,2,,Motor Vehicle In Motion,"Injury of any type (Serious, Minor, Possible)",C,Possible Injury (C),0,0,3,State,0.78,80,80-E,80-E,,DELL DRIVE,60,Feet,W,41.3203861,-72.86778971,14,Motor Vehicle in Operation,1,Front to rear,1,On Roadway,1,Clear,88,Not Applicable,4,Dark-Lighted,1,Dry,0,None,88,Not Applicable,88,Not Applicable,0,None,88,Not Applicable,88,Not Applicable,1,Non-Junction,1,Not at Intersection,1,No,1,No,88,Not Applicable,88,Not Applicable,88,Not Applicable,88,Not Applicable,FALSE,1,Public Road,1,"Trafficway, On Road",CT0009300,New Haven PD,409,30:11.0,C,Closed,35:41.0,,,,,,,
1205145,1,Complete,1205145,1205145,41.2914566,-72.94214649,3693351,New Haven,93,93,New Haven,9/15/2024,2024,9,September,15,1,Sunday,16:05:00,16,24038291,A,2,,Motor Vehicle In Motion,"Injury of any type (Serious, Minor, Possible)",C,Possible Injury (C),0,0,3,State,0.93,10,10-N,10-N,,washington ave ,270,Feet,N,41.2914566,-72.94214649,14,Motor Vehicle in Operation,1,Front to rear,1,On Roadway,1,Clear,88,Not Applicable,1,Daylight,1,Dry,0,None,88,Not Applicable,88,Not Applicable,0,None,88,Not Applicable,88,Not Applicable,1,Non-Junction,1,Not at Intersection,1,No,1,No,88,Not Applicable,88,Not Applicable,88,Not Applicable,88,Not Applicable,FALSE,1,Public Road,1,"Trafficway, On Road",CT0009300,New Haven PD,44946,29:07.0,O,Open,00:21.0,,,,,,,
1205148,1,Complete,1205148,1205148,41.28910191,-72.89437249,3693354,New Haven,93,93,New Haven,9/28/2024,2024,9,September,28,7,Saturday,14:42:00,14,24040041,A,2,,Motor Vehicle In Motion,"Injury of any type (Serious, Minor, Possible)",C,Possible Injury (C),0,0,3,State,0.01,741,741-E,741-E,,WOODWARD AVE,25,Feet,E,41.28910191,-72.89437249,14,Motor Vehicle in Operation,1,Front to rear,1,On Roadway,4,Rain,88,Not Applicable,1,Daylight,2,Wet,0,None,88,Not Applicable,88,Not Applicable,0,None,88,Not Applicable,88,Not Applicable,3,Intersection-Related,8,"Five-Point, or More",1,No,1,No,88,Not Applicable,88,Not Applicable,88,Not Applicable,88,Not Applicable,TRUE,1,Public Road,1,"Trafficway, On Road",CT0009300,New Haven PD,175,27:41.0,C,Closed,00:30.0,,,,,,,
1205149,1,Complete,1205149,1205149,41.30604225,-72.94263433,3693355,New Haven,93,93,New Haven,9/29/2024,2024,9,September,29,1,Sunday,8:26:00,8,24040115,A,2,,Motor Vehicle In Motion,"Injury of any type (Serious, Minor, Possible)",C,Possible Injury (C),0,0,4,Local,0.52,360,LEGION AV-RT 34,LEGION AV-RT 34,ORCHARD ST,,,,,41.30604225,-72.94263433,14,Motor Vehicle in Operation,3,Angle,1,On Roadway,2,Cloudy,88,Not Applicable,1,Daylight,1,Dry,0,None,88,Not Applicable,88,Not Applicable,0,None,88,Not Applicable,88,Not Applicable,2,Intersection,2,Four-Way Intersection,1,No,1,No,88,Not Applicable,88,Not Applicable,88,Not Applicable,88,Not Applicable,FALSE,1,Public Road,1,"Trafficway, On Road",CT0009300,New Haven PD,44947,12:04.0,O,Open,00:28.0,,,,,,,
1205152,1,Complete,1205152,1205152,41.334181,-72.970851,3693358,New Haven,93,93,New Haven,9/30/2024,2024,9,September,30,2,Monday,11:20:00,11,24040241,A,2,,Parked Vehicle,"Injury of any type (Serious, Minor, Possible)",C,Possible Injury (C),0,0,4,Local,0.42,612,VALLEY ST NO 1,VALLEY ST NO 1,,VICTORY DR,35,Feet,N,41.334181,-72.970851,14,Motor Vehicle in Operation,1,Front to rear,1,On Roadway,1,Clear,88,Not Applicable,1,Daylight,1,Dry,0,None,88,Not Applicable,88,Not Applicable,0,None,88,Not Applicable,88,Not Applicable,1,Non-Junction,1,Not at Intersection,1,No,1,No,88,Not Applicable,88,Not Applicable,88,Not Applicable,88,Not Applicable,FALSE,1,Public Road,1,"Trafficway, On Road",CT0009300,New Haven PD,45699,32:16.0,C,Closed,00:19.0,,,,,,,
1215353,1,Complete,1215353,1215353,41.29638976,-72.94772613,3703559,New Haven,93,93,New Haven,11/3/2024,2024,11,November,3,1,Sunday,1:16:00,1,24044931,A,4,,Motor Vehicle In Motion,"Injury of any type (Serious, Minor, Possible)",C,Possible Injury (C),0,0,3,State,1.38,10,10-N,10-N,,1-N,1,TenthsofMile,S,41.29638976,-72.94772613,14,Motor Vehicle in Operation,4,"Sideswipe, same direction",1,On Roadway,1,Clear,1,Clear,4,Dark-Lighted,1,Dry,0,None,88,Not Applicable,88,Not Applicable,99,Unknown,88,Not Applicable,88,Not Applicable,1,Non-Junction,1,Not at Intersection,1,No,1,No,88,Not Applicable,88,Not Applicable,88,Not Applicable,88,Not Applicable,TRUE,1,Public Road,1,"Trafficway, On Road",CT0009300,New Haven PD,43690,58:39.0,O,Open,00:47.0,,,,,,,