CrashId,Fatal Case Status,Fatal Case Status Text Format,CrashId,CrashId,Latitude,Longitude,DOT Case Number,Town Name,Town Number,Town Number,Town Number Text Format,Date Of Crash,Year,Month,Month Text Format,Day,Day of the Week,Day of the Week Text Format,Time of Crash,Hour of the Day,Case Identifier,Crash Severity,Number Of Motor Vehicles,Motor vehicle action,Most harmful event,Crash Severity Text Format,Most Severe Injury,Most Severe Injury Text Format,Number Of Non-Motorist,Number Of Witnesses,Route Class,Route Class Text Format,Milemarker,Road Number,Road Description,Roadway Name,Intersecting Roadway Name,Landmark Description,Distance From Nearest Landmark,Unit Of Measure From Nearest Landmark,Direction From Nearest Landmark,Latitude,Longitude,First Harmful Event,First Harmful Event Text Format,Manner of Crash / Collision Impact,Manner of Crash / Collision Impact Text Format,Location of First Harmful Event,Location of First Harmful Event Text Format,Weather Condition,Weather Condition Text Format,Weather 2,Weather 2 Text Format,Light Condition,Light Condition Text Format,Road Surface Condition,Road Surface Condition Text Format,"Contributing Circumstances, Environment","Contributing Circumstances, Environment Text Format",Environment 2,Environment 2 Text Format,Environment 3,Environment 3 Text Format,"Contributing Circumstances, Road","Contributing Circumstances, Road Text Format",Road 2,Road 2 Text Format,Road 3,Road 3 Text Format,Crash Specific Location,Crash Specific Location Text Format,Type of Intersection,Type of Intersection Text Format,School Bus Related,School Bus Related Text Format,Work Zone Related,Work Zone Related Text Format,Location Of Crash Relative To Work Zone,Location Of Crash Relative To Work Zone Text Format,Type of Work Zone,Type of Work Zone Text Format,Worker Presence,Worker Presence Text Format,Law Enforcement Presence,Law Enforcement Presence Text Format,Were Vehicles Moved Prior To Police Arrival,Trafficway Ownership,Trafficway Ownership Text Format,Trafficway Class,Trafficway Class Text Format,Police Agency,Police Agency Text Format,Badge Number,Approval Date,Police Case Status,Police Case Status Text Format,Crash Report Submission Date,Related Case Identifiers,No. of Through Lanes (Log Dir.),Average Daily Traffic,Functional Classification,Functional Classification Text Format,Rural or Urban,Rural or Urban Text Format
1215360,1,Complete,1215360,1215360,41.309931,-72.953337,3703566,New Haven,93,93,New Haven,11/6/2024,2024,11,November,6,4,Wednesday,9:54:00,9,24045328,A,2,,Motor Vehicle In Motion,"Injury of any type (Serious, Minor, Possible)",C,Possible Injury (C),0,0,3,State,21.88,34,34-E,34-E,10-N,,,,,41.309931,-72.953337,14,Motor Vehicle in Operation,1,Front to rear,1,On Roadway,1,Clear,88,Not Applicable,1,Daylight,1,Dry,0,None,88,Not Applicable,88,Not Applicable,0,None,88,Not Applicable,88,Not Applicable,1,Non-Junction,1,Not at Intersection,1,No,1,No,88,Not Applicable,88,Not Applicable,88,Not Applicable,88,Not Applicable,TRUE,1,Public Road,1,"Trafficway, On Road",CT0009300,New Haven PD,349,02:47.0,O,Open,00:48.0,,4,20300,3,PRINCIPAL ARTERIAL - OTHER - NEW HPMS,2,Urban
1215365,1,Complete,1215365,1215365,41.324495,-72.963271,3703571,New Haven,93,93,New Haven,11/6/2024,2024,11,November,6,4,Wednesday,17:27:00,17,24045411,A,1,,Pedestrian,"Injury of any type (Serious, Minor, Possible)",B,Suspected Minor Injury (B),1,0,4,Local,0.28,662,WILLARD ST,WILLARD ST,ALDEN AV,,,,,41.324495,-72.963271,9,Pedestrian,88,Not Applicable,1,On Roadway,1,Clear,88,Not Applicable,4,Dark-Lighted,1,Dry,0,None,88,Not Applicable,88,Not Applicable,0,None,88,Not Applicable,88,Not Applicable,2,Intersection,2,Four-Way Intersection,1,No,1,No,88,Not Applicable,88,Not Applicable,88,Not Applicable,88,Not Applicable,TRUE,1,Public Road,1,"Trafficway, On Road",CT0009300,New Haven PD,170,28:27.0,C,Closed,00:57.0,,2,2680,7,LOCAL - NEW HPMS,2,Urban
1215366,1,Complete,1215366,1215366,41.320395,-72.867924,3703572,New Haven,93,93,New Haven,11/6/2024,2024,11,November,6,4,Wednesday,17:16:00,17,24045414,A,2,,Motor Vehicle In Motion,"Injury of any type (Serious, Minor, Possible)",A,Suspected Serious Injury (A),0,1,3,State,0.77,80,80-E,80-E,,Dell Dr,115,Feet,W,41.320395,-72.867924,14,Motor Vehicle in Operation,3,Angle,1,On Roadway,1,Clear,88,Not Applicable,4,Dark-Lighted,1,Dry,0,None,88,Not Applicable,88,Not Applicable,0,None,88,Not Applicable,88,Not Applicable,9,Driveway Access-Related,1,Not at Intersection,1,No,1,No,88,Not Applicable,88,Not Applicable,88,Not Applicable,88,Not Applicable,FALSE,1,Public Road,1,"Trafficway, On Road",CT0009300,New Haven PD,46622,15:01.0,C,Closed,00:56.0,,4,15400,3,PRINCIPAL ARTERIAL - OTHER - NEW HPMS,2,Urban
1215367,1,Complete,1215367,1215367,41.320849,-72.923469,3703573,New Haven,93,93,New Haven,11/6/2024,2024,11,November,6,4,Wednesday,18:01:00,18,24045416,A,1,,Pedestrian,"Injury of any type (Serious, Minor, Possible)",C,Possible Injury (C),1,2,4,Local,0.64,495,PROSPECT ST,PROSPECT ST,Hillside Pl ,,,,,41.320849,-72.923469,9,Pedestrian,88,Not Applicable,1,On Roadway,1,Clear,88,Not Applicable,3,Dusk,1,Dry,0,None,88,Not Applicable,88,Not Applicable,0,None,88,Not Applicable,88,Not Applicable,2,Intersection,3,T-Intersection,1,No,1,No,88,Not Applicable,88,Not Applicable,88,Not Applicable,88,Not Applicable,FALSE,1,Public Road,1,"Trafficway, On Road",CT0009300,New Haven PD,44053,47:06.0,C,Closed,00:57.0,,2,7200,4,MINOR ARTERIAL - NEW HPMS,2,Urban
1215369,1,Complete,1215369,1215369,41.29771,-72.938419,3703575,New Haven,93,93,New Haven,11/6/2024,2024,11,November,6,4,Wednesday,17:54:00,17,24045434,A,1,,Pedalcycle/Pedalcyclist,"Injury of any type (Serious, Minor, Possible)",B,Suspected Minor Injury (B),1,1,2,USRoute,47.18,1,1-N,1-N,,WHITE ST,50,Feet,E,41.29771,-72.938419,10,Pedalcycle/Pedalcyclist,2,Front to front,1,On Roadway,1,Clear,88,Not Applicable,4,Dark-Lighted,1,Dry,0,None,88,Not Applicable,88,Not Applicable,0,None,88,Not Applicable,88,Not Applicable,1,Non-Junction,1,Not at Intersection,1,No,1,No,88,Not Applicable,88,Not Applicable,88,Not Applicable,88,Not Applicable,FALSE,1,Public Road,1,"Trafficway, On Road",CT0009300,New Haven PD,42366,30:22.0,C,Closed,00:58.0,,2,15700,3,PRINCIPAL ARTERIAL - OTHER - NEW HPMS,2,Urban
1215730,1,Complete,1215730,1215730,41.29422,-72.93328,3703936,New Haven,93,93,New Haven,11/6/2024,2024,11,November,6,4,Wednesday,20:38:00,20,24045448,A,2,,Motor Vehicle In Motion,"Injury of any type (Serious, Minor, Possible)",C,Possible Injury (C),0,0,4,Local,0.85,308,HOWARD AV,HOWARD AV,SPRING ST,,,,,41.29422,-72.93328,14,Motor Vehicle in Operation,3,Angle,1,On Roadway,1,Clear,88,Not Applicable,4,Dark-Lighted,1,Dry,99,Unknown,88,Not Applicable,88,Not Applicable,99,Unknown,88,Not Applicable,88,Not Applicable,2,Intersection,2,Four-Way Intersection,1,No,1,No,88,Not Applicable,88,Not Applicable,88,Not Applicable,88,Not Applicable,FALSE,1,Public Road,1,"Trafficway, On Road",CT0009300,New Haven PD,40947,55:29.0,C,Closed,01:20.0,,2,4000,5,MAJOR COLLECTOR - NEW HPMS,2,Urban
1215732,1,Complete,1215732,1215732,41.320645,-72.908272,3703938,New Haven,93,93,New Haven,11/7/2024,2024,11,November,7,5,Thursday,7:57:00,7,24045484,A,2,,Motor Vehicle In Motion,"Injury of any type (Serious, Minor, Possible)",B,Suspected Minor Injury (B),0,0,4,Local,0.42,666,WILLOW ST,WILLOW ST,NICOLL ST,,,,,41.320645,-72.908272,14,Motor Vehicle in Operation,3,Angle,1,On Roadway,1,Clear,88,Not Applicable,1,Daylight,1,Dry,0,None,88,Not Applicable,88,Not Applicable,0,None,88,Not Applicable,88,Not Applicable,2,Intersection,2,Four-Way Intersection,1,No,1,No,88,Not Applicable,88,Not Applicable,88,Not Applicable,88,Not Applicable,FALSE,1,Public Road,1,"Trafficway, On Road",CT0009300,New Haven PD,87,50:55.0,C,Closed,01:24.0,,2,4600,7,LOCAL - NEW HPMS,2,Urban
1216232,1,Complete,1216232,1216232,41.32384118,-72.88160162,3704438,New Haven,93,93,New Haven,11/1/2024,2024,11,November,1,6,Friday,14:35:00,14,24044737,A,3,,Motor Vehicle In Motion,"Injury of any type (Serious, Minor, Possible)",C,Possible Injury (C),0,0,1,Interstate,0.15,91,91-N-16,91-N-16,17-N,,,,,41.32384118,-72.88160162,14,Motor Vehicle in Operation,3,Angle,1,On Roadway,1,Clear,88,Not Applicable,1,Daylight,1,Dry,0,None,88,Not Applicable,88,Not Applicable,0,None,88,Not Applicable,88,Not Applicable,2,Intersection,2,Four-Way Intersection,1,No,1,No,88,Not Applicable,88,Not Applicable,88,Not Applicable,88,Not Applicable,FALSE,1,Public Road,1,"Trafficway, On Road",CT0009300,New Haven PD,40807,30:59.0,C,Closed,01:03.0,,2,4900,5,MAJOR COLLECTOR - NEW HPMS,2,Urban
1216234,1,Complete,1216234,1216234,41.30974056,-72.9533296,3704440,New Haven,93,93,New Haven,11/2/2024,2024,11,November,2,7,Saturday,18:07:00,18,24044895,A,5,,Motor Vehicle In Motion,"Injury of any type (Serious, Minor, Possible)",C,Possible Injury (C),0,0,3,State,2.36,10,10-N,10-N,,DERBY AVE,75,Feet,S,41.30974056,-72.9533296,14,Motor Vehicle in Operation,1,Front to rear,1,On Roadway,1,Clear,88,Not Applicable,4,Dark-Lighted,1,Dry,0,None,88,Not Applicable,88,Not Applicable,0,None,88,Not Applicable,88,Not Applicable,3,Intersection-Related,2,Four-Way Intersection,1,No,1,No,88,Not Applicable,88,Not Applicable,88,Not Applicable,88,Not Applicable,FALSE,1,Public Road,1,"Trafficway, On Road",CT0009300,New Haven PD,46901,27:40.0,C,Closed,00:59.0,,2,14900,4,MINOR ARTERIAL - NEW HPMS,2,Urban
1216259,1,Complete,1216259,1216259,41.290106,-72.89427,3704465,New Haven,93,93,New Haven,11/8/2024,2024,11,November,8,6,Friday,16:18:00,16,24045651,A,1,,Pedestrian,"Injury of any type (Serious, Minor, Possible)",C,Possible Injury (C),1,0,4,Local,1.44,678,WOODWARD AV,WOODWARD AV,,Forbes Ave ,35,Feet,S,41.290106,-72.89427,9,Pedestrian,88,Not Applicable,1,On Roadway,1,Clear,88,Not Applicable,3,Dusk,1,Dry,3,Glare,88,Not Applicable,88,Not Applicable,0,None,88,Not Applicable,88,Not Applicable,1,Non-Junction,1,Not at Intersection,1,No,1,No,88,Not Applicable,88,Not Applicable,88,Not Applicable,88,Not Applicable,FALSE,1,Public Road,1,"Trafficway, On Road",CT0009300,New Haven PD,45388,12:39.0,C,Closed,01:04.0,,2,6700,4,MINOR ARTERIAL - NEW HPMS,2,Urban
1216267,1,Complete,1216267,1216267,41.331017,-72.874571,3704473,New Haven,93,93,New Haven,11/8/2024,2024,11,November,8,6,Friday,20:06:00,20,24045696,A,2,,Motor Vehicle In Motion,"Injury of any type (Serious, Minor, Possible)",C,Possible Injury (C),0,0,3,State,0.84,17,17-N,17-N,,CROSS ST,30,Feet,E,41.331017,-72.874571,14,Motor Vehicle in Operation,1,Front to rear,1,On Roadway,1,Clear,88,Not Applicable,4,Dark-Lighted,1,Dry,0,None,88,Not Applicable,88,Not Applicable,0,None,88,Not Applicable,88,Not Applicable,3,Intersection-Related,3,T-Intersection,1,No,1,No,88,Not Applicable,88,Not Applicable,88,Not Applicable,88,Not Applicable,FALSE,1,Public Road,1,"Trafficway, On Road",CT0009300,New Haven PD,45388,15:29.0,C,Closed,01:05.0,,2,7171,7,LOCAL - NEW HPMS,2,Urban
1216270,1,Complete,1216270,1216270,41.329525,-72.935106,3704476,New Haven,93,93,New Haven,11/9/2024,2024,11,November,9,7,Saturday,0:00:00,0,24045711,A,2,,Motor Vehicle In Motion,"Injury of any type (Serious, Minor, Possible)",C,Possible Injury (C),0,0,4,Local,1.18,152,DIXWELL AV,DIXWELL AV,HAZEL ST,,,,,41.329525,-72.935106,14,Motor Vehicle in Operation,3,Angle,1,On Roadway,1,Clear,88,Not Applicable,4,Dark-Lighted,1,Dry,0,None,88,Not Applicable,88,Not Applicable,0,None,88,Not Applicable,88,Not Applicable,2,Intersection,3,T-Intersection,1,No,1,No,88,Not Applicable,88,Not Applicable,88,Not Applicable,88,Not Applicable,FALSE,1,Public Road,1,"Trafficway, On Road",CT0009300,New Haven PD,33160,54:06.0,C,Closed,01:01.0,,2,15100,3,PRINCIPAL ARTERIAL - OTHER - NEW HPMS,2,Urban
1216271,1,Complete,1216271,1216271,41.31048988,-72.89881336,3704477,New Haven,93,93,New Haven,11/9/2024,2024,11,November,9,7,Saturday,4:14:00,4,24045726,A,2,,Parked Vehicle,"Injury of any type (Serious, Minor, Possible)",C,Possible Injury (C),0,1,4,Local,0.04,734,CLAY ST NO 2,CLAY ST NO 2,,FILLMORE ST,55,Feet,W,41.31048988,-72.89881336,15,Parked Motor Vehicle,1,Front to rear,1,On Roadway,1,Clear,88,Not Applicable,4,Dark-Lighted,1,Dry,0,None,88,Not Applicable,88,Not Applicable,0,None,88,Not Applicable,88,Not Applicable,1,Non-Junction,1,Not at Intersection,1,No,1,No,88,Not Applicable,88,Not Applicable,88,Not Applicable,88,Not Applicable,FALSE,1,Public Road,1,"Trafficway, On Road",CT0009300,New Haven PD,46898,57:33.0,C,Closed,01:02.0,,2,3600,5,MAJOR COLLECTOR - NEW HPMS,2,Urban
1216272,1,Complete,1216272,1216272,41.30258293,-72.95116947,3704478,New Haven,93,93,New Haven,11/9/2024,2024,11,November,9,7,Saturday,8:40:00,8,24045730,A,1,,Pedalcycle/Pedalcyclist,"Injury of any type (Serious, Minor, Possible)",B,Suspected Minor Injury (B),1,1,,,,,,91 ELLA T GRASSO BLVD,,ELLA T GRASSO BLVD,14,Feet,E,41.30258293,-72.95116947,10,Pedalcycle/Pedalcyclist,3,Angle,97,Other,1,Clear,88,Not Applicable,1,Daylight,1,Dry,0,None,88,Not Applicable,88,Not Applicable,97,Other,88,Not Applicable,88,Not Applicable,8,Driveway Access,1,Not at Intersection,1,No,1,No,88,Not Applicable,88,Not Applicable,88,Not Applicable,88,Not Applicable,FALSE,88,Not Applicable,3,Non-trafficway,CT0009300,New Haven PD,301,13:57.0,C,Closed,01:06.0,,,,,,,
1216278,1,Complete,1216278,1216278,41.32231201,-72.89651677,924277,New Haven,93,93,New Haven,11/10/2024,2024,11,November,10,1,Sunday,2:18:00,2,24045821,K,1,Straight Ahead,Pedestrian,Fatal (Kill),K,Fatal Injury (K),1,1,2,USRoute,0.6,5,5-N,5-N,,ROCK ST,1,TenthsofMile,N,41.32231201,-72.89651677,9,Pedestrian,88,Not Applicable,1,On Roadway,1,Clear,88,Not Applicable,4,Dark-Lighted,1,Dry,0,None,88,Not Applicable,88,Not Applicable,0,None,88,Not Applicable,88,Not Applicable,1,Non-Junction,1,Not at Intersection,1,No,1,No,88,Not Applicable,88,Not Applicable,88,Not Applicable,88,Not Applicable,TRUE,1,Public Road,1,"Trafficway, On Road",CT0009300,New Haven PD,46898,50:03.0,O,Open,01:14.0,,2,17300,4,MINOR ARTERIAL - NEW HPMS,2,Urban
1216284,1,Complete,1216284,1216284,41.28660471,-72.93655902,3704490,New Haven,93,93,New Haven,11/10/2024,2024,11,November,10,1,Sunday,13:28:00,13,24045864,A,2,,Motor Vehicle In Motion,"Injury of any type (Serious, Minor, Possible)",C,Possible Injury (C),0,1,3,State,0.49,10,10-N,10-N,,KIMBERLY AVE,85,Feet,N,41.28660471,-72.93655902,14,Motor Vehicle in Operation,3,Angle,1,On Roadway,2,Cloudy,88,Not Applicable,1,Daylight,1,Dry,0,None,88,Not Applicable,88,Not Applicable,0,None,88,Not Applicable,88,Not Applicable,9,Driveway Access-Related,1,Not at Intersection,1,No,1,No,88,Not Applicable,88,Not Applicable,88,Not Applicable,88,Not Applicable,FALSE,1,Public Road,1,"Trafficway, On Road",CT0009300,New Haven PD,42366,09:10.0,C,Closed,01:18.0,,2,400,7,LOCAL - NEW HPMS,2,Urban
1216286,1,Complete,1216286,1216286,41.29773368,-72.94100367,3704492,New Haven,93,93,New Haven,11/10/2024,2024,11,November,10,1,Sunday,16:46:00,16,24045880,A,1,,Pedestrian,"Injury of any type (Serious, Minor, Possible)",B,Suspected Minor Injury (B),1,0,2,USRoute,47.05,1,1-N,1-N,WEST ST,,,,,41.29773368,-72.94100367,9,Pedestrian,88,Not Applicable,1,On Roadway,1,Clear,88,Not Applicable,6,Dark-Unknown Lighting,1,Dry,0,None,88,Not Applicable,88,Not Applicable,0,None,88,Not Applicable,88,Not Applicable,2,Intersection,2,Four-Way Intersection,1,No,1,No,88,Not Applicable,88,Not Applicable,88,Not Applicable,88,Not Applicable,FALSE,1,Public Road,1,"Trafficway, On Road",CT0009300,New Haven PD,46900,32:59.0,C,Closed,01:19.0,,,,,,,
1216288,1,Complete,1216288,1216288,41.308335,-72.924394,3704494,New Haven,93,93,New Haven,11/10/2024,2024,11,November,10,1,Sunday,20:01:00,20,24045897,A,2,,Motor Vehicle In Motion,"Injury of any type (Serious, Minor, Possible)",C,Possible Injury (C),0,0,4,Local,0.54,726,ELM ST NO 2,ELM ST NO 2,,CHURCH ST ,35,Feet,W,41.308335,-72.924394,14,Motor Vehicle in Operation,1,Front to rear,1,On Roadway,4,Rain,88,Not Applicable,6,Dark-Unknown Lighting,2,Wet,0,None,88,Not Applicable,88,Not Applicable,0,None,88,Not Applicable,88,Not Applicable,3,Intersection-Related,2,Four-Way Intersection,1,No,1,No,88,Not Applicable,88,Not Applicable,88,Not Applicable,88,Not Applicable,FALSE,1,Public Road,1,"Trafficway, On Road",CT0009300,New Haven PD,46624,18:29.0,C,Closed,01:21.0,,2,5800,4,MINOR ARTERIAL - NEW HPMS,2,Urban
1216883,1,Complete,1216883,1216883,41.296925,-72.892797,3705089,New Haven,93,93,New Haven,11/9/2024,2024,11,November,9,7,Saturday,14:11:00,14,24045754,A,1,,Pedestrian,"Injury of any type (Serious, Minor, Possible)",B,Suspected Minor Injury (B),1,0,4,Local,0.18,210,FARREN AV,FARREN AV,FULTON ST,,,,,41.296925,-72.892797,9,Pedestrian,88,Not Applicable,1,On Roadway,1,Clear,88,Not Applicable,1,Daylight,1,Dry,0,None,88,Not Applicable,88,Not Applicable,0,None,88,Not Applicable,88,Not Applicable,2,Intersection,2,Four-Way Intersection,1,No,1,No,88,Not Applicable,88,Not Applicable,88,Not Applicable,88,Not Applicable,FALSE,1,Public Road,1,"Trafficway, On Road",CT0009300,New Haven PD,46615,16:36.0,O,Open,02:08.0,,2,11400,4,MINOR ARTERIAL - NEW HPMS,2,Urban
1216884,1,Complete,1216884,1216884,41.323377,-72.87233,3705090,New Haven,93,93,New Haven,11/9/2024,2024,11,November,9,7,Saturday,16:57:00,16,24045771,A,2,,Motor Vehicle In Motion,"Injury of any type (Serious, Minor, Possible)",B,Suspected Minor Injury (B),0,0,3,State,0.19,103,103-N,103-N,,KENNY DR,100,Feet,S,41.323377,-72.87233,14,Motor Vehicle in Operation,2,Front to front,1,On Roadway,1,Clear,88,Not Applicable,4,Dark-Lighted,1,Dry,0,None,88,Not Applicable,88,Not Applicable,0,None,88,Not Applicable,88,Not Applicable,1,Non-Junction,1,Not at Intersection,1,No,1,No,88,Not Applicable,88,Not Applicable,88,Not Applicable,88,Not Applicable,FALSE,1,Public Road,1,"Trafficway, On Road",CT0009300,New Haven PD,44949,53:32.0,C,Closed,01:55.0,,,,,,,
1216888,1,Complete,1216888,1216888,41.30146675,-72.93499616,3705094,New Haven,93,93,New Haven,11/5/2024,2024,11,November,5,3,Tuesday,17:45:00,17,24045919,A,2,,Motor Vehicle In Motion,"Injury of any type (Serious, Minor, Possible)",C,Possible Injury (C),0,0,4,Local,0.72,123,CONGRESS AV,CONGRESS AV,,HOWARD AVE,45,Feet,E,41.30146675,-72.93499616,14,Motor Vehicle in Operation,1,Front to rear,1,On Roadway,99,Unknown,99,Unknown,3,Dusk,99,Unknown,0,None,88,Not Applicable,88,Not Applicable,0,None,88,Not Applicable,88,Not Applicable,3,Intersection-Related,2,Four-Way Intersection,1,No,1,No,88,Not Applicable,88,Not Applicable,88,Not Applicable,88,Not Applicable,TRUE,1,Public Road,1,"Trafficway, On Road",CT0009300,New Haven PD,301,04:17.0,C,Closed,01:57.0,,2,9600,4,MINOR ARTERIAL - NEW HPMS,2,Urban
1216892,1,Complete,1216892,1216892,41.3357655,-72.9779003,3705098,New Haven,93,93,New Haven,11/11/2024,2024,11,November,11,2,Monday,15:26:00,15,24045984,A,3,,Motor Vehicle In Motion,"Injury of any type (Serious, Minor, Possible)",C,Possible Injury (C),0,0,3,State,1.39,63,63-N,63-N,,FOWLER ST,10,Feet,N,41.3357655,-72.9779003,14,Motor Vehicle in Operation,3,Angle,1,On Roadway,1,Clear,88,Not Applicable,1,Daylight,1,Dry,0,None,88,Not Applicable,88,Not Applicable,0,None,88,Not Applicable,88,Not Applicable,9,Driveway Access-Related,1,Not at Intersection,1,No,1,No,88,Not Applicable,88,Not Applicable,88,Not Applicable,88,Not Applicable,TRUE,1,Public Road,1,"Trafficway, On Road",CT0009300,New Haven PD,170,52:52.0,C,Closed,02:04.0,,2,10900,4,MINOR ARTERIAL - NEW HPMS,2,Urban
1216900,1,Complete,1216900,1216900,41.32036297,-72.95098724,3705106,New Haven,93,93,New Haven,11/11/2024,2024,11,November,11,2,Monday,22:17:00,22,24046045,A,2,,Motor Vehicle In Motion,"Injury of any type (Serious, Minor, Possible)",C,Possible Injury (C),0,0,3,State,3.16,10,10-N,10-N,HOBART ST,,,,,41.32036297,-72.95098724,14,Motor Vehicle in Operation,97,Other,1,On Roadway,1,Clear,88,Not Applicable,4,Dark-Lighted,1,Dry,0,None,88,Not Applicable,88,Not Applicable,0,None,88,Not Applicable,88,Not Applicable,2,Intersection,3,T-Intersection,1,No,1,No,88,Not Applicable,88,Not Applicable,88,Not Applicable,88,Not Applicable,FALSE,1,Public Road,1,"Trafficway, On Road",CT0009300,New Haven PD,45625,10:47.0,C,Closed,02:09.0,,2,22300,3,PRINCIPAL ARTERIAL - OTHER - NEW HPMS,2,Urban
1217309,1,Complete,1217309,1217309,41.297375,-72.931915,3705515,New Haven,93,93,New Haven,11/1/2024,2024,11,November,1,6,Friday,9:29:00,9,24044726,A,2,,Parked Vehicle,"Injury of any type (Serious, Minor, Possible)",B,Suspected Minor Injury (B),0,0,4,Local,0.4,90,CEDAR ST NO 1,CEDAR ST NO 1,,PORTSEA ST,20,Feet,N,41.297375,-72.931915,14,Motor Vehicle in Operation,1,Front to rear,2,Shoulder,1,Clear,88,Not Applicable,1,Daylight,1,Dry,0,None,88,Not Applicable,88,Not Applicable,0,None,88,Not Applicable,88,Not Applicable,1,Non-Junction,1,Not at Intersection,1,No,1,No,88,Not Applicable,88,Not Applicable,88,Not Applicable,88,Not Applicable,FALSE,1,Public Road,1,"Trafficway, On Road",CT0009300,New Haven PD,45395,45:09.0,C,Closed,00:06.0,,2,10900,3,PRINCIPAL ARTERIAL - OTHER - NEW HPMS,2,Urban
1217311,1,Complete,1217311,1217311,41.293631,-72.937715,3705517,New Haven,93,93,New Haven,11/3/2024,2024,11,November,3,1,Sunday,1:29:00,1,24044942,A,2,,Motor Vehicle In Motion,"Injury of any type (Serious, Minor, Possible)",C,Possible Injury (C),0,0,4,Local,0.09,571,SPRING ST,SPRING ST,HURLBURT ST,,,,,41.293631,-72.937715,14,Motor Vehicle in Operation,2,Front to front,1,On Roadway,1,Clear,88,Not Applicable,4,Dark-Lighted,1,Dry,0,None,88,Not Applicable,88,Not Applicable,0,None,88,Not Applicable,88,Not Applicable,2,Intersection,2,Four-Way Intersection,1,No,1,No,88,Not Applicable,88,Not Applicable,88,Not Applicable,88,Not Applicable,FALSE,1,Public Road,1,"Trafficway, On Road",CT0009300,New Haven PD,44338,05:16.0,O,Open,00:14.0,,2,4400,5,MAJOR COLLECTOR - NEW HPMS,2,Urban
1217312,1,Complete,1217312,1217312,41.32077995,-72.918379,3705518,New Haven,93,93,New Haven,11/3/2024,2024,11,November,3,1,Sunday,11:30:00,11,24044970,A,2,,Motor Vehicle In Motion,"Injury of any type (Serious, Minor, Possible)",C,Possible Injury (C),0,0,4,Local,0.75,656,WHITNEY AV,WHITNEY AV,,lawrence st,55,Feet,N,41.32077995,-72.918379,14,Motor Vehicle in Operation,3,Angle,1,On Roadway,1,Clear,88,Not Applicable,1,Daylight,1,Dry,0,None,88,Not Applicable,88,Not Applicable,0,None,88,Not Applicable,88,Not Applicable,9,Driveway Access-Related,1,Not at Intersection,1,No,1,No,88,Not Applicable,88,Not Applicable,88,Not Applicable,88,Not Applicable,FALSE,99,Unknown,1,"Trafficway, On Road",CT0009300,New Haven PD,23,25:56.0,C,Closed,00:09.0,,1,4400,5,MAJOR COLLECTOR - NEW HPMS,2,Urban
1217313,1,Complete,1217313,1217313,41.310618,-72.934502,3705519,New Haven,93,93,New Haven,11/6/2024,2024,11,November,6,4,Wednesday,22:27:00,22,24045457,A,1,,Pedestrian,"Injury of any type (Serious, Minor, Possible)",C,Possible Injury (C),1,1,4,Local,0.34,310,HOWE ST,HOWE ST,EDGEWOOD AV,,,,,41.310618,-72.934502,9,Pedestrian,88,Not Applicable,1,On Roadway,1,Clear,88,Not Applicable,4,Dark-Lighted,1,Dry,0,None,88,Not Applicable,88,Not Applicable,0,None,88,Not Applicable,88,Not Applicable,2,Intersection,2,Four-Way Intersection,1,No,1,No,88,Not Applicable,88,Not Applicable,88,Not Applicable,88,Not Applicable,FALSE,1,Public Road,1,"Trafficway, On Road",CT0009300,New Haven PD,45398,03:28.0,C,Closed,00:04.0,,2,6100,4,MINOR ARTERIAL - NEW HPMS,2,Urban
1217315,1,Complete,1217315,1217315,41.328503,-72.874009,3705521,New Haven,93,93,New Haven,11/11/2024,2024,11,November,11,2,Monday,21:11:00,21,24046043,A,1,,Overturn/Rollover,"Injury of any type (Serious, Minor, Possible)",C,Possible Injury (C),0,0,,,,,,431 SMITH AVE,,CROSS ST,550,,S,41.328503,-72.874009,1,Overturn/Rollover,88,Not Applicable,97,Other,1,Clear,88,Not Applicable,4,Dark-Lighted,1,Dry,0,None,88,Not Applicable,88,Not Applicable,7,"Rut, Holes, Bumps",88,Not Applicable,88,Not Applicable,8,Driveway Access,1,Not at Intersection,1,No,1,No,88,Not Applicable,88,Not Applicable,88,Not Applicable,88,Not Applicable,FALSE,88,Not Applicable,4,Parking Lot,CT0009300,New Haven PD,40788,32:46.0,C,Closed,00:11.0,,,,,,,
1217317,1,Complete,1217317,1217317,41.32109605,-72.89791059,3705523,New Haven,93,93,New Haven,11/12/2024,2024,11,November,12,3,Tuesday,0:17:00,0,24046053,A,3,,Parked Vehicle,"Injury of any type (Serious, Minor, Possible)",B,Suspected Minor Injury (B),0,0,4,Local,0.03,518,ROCK ST,ROCK ST,,STATE ST,150,Feet,W,41.32109605,-72.89791059,14,Motor Vehicle in Operation,1,Front to rear,1,On Roadway,1,Clear,88,Not Applicable,4,Dark-Lighted,1,Dry,0,None,88,Not Applicable,88,Not Applicable,0,None,88,Not Applicable,88,Not Applicable,1,Non-Junction,1,Not at Intersection,1,No,1,No,88,Not Applicable,88,Not Applicable,88,Not Applicable,88,Not Applicable,FALSE,1,Public Road,1,"Trafficway, On Road",CT0009300,New Haven PD,41104,51:17.0,C,Closed,00:05.0,,2,18800,4,MINOR ARTERIAL - NEW HPMS,2,Urban
1217318,1,Complete,1217318,1217318,41.32141984,-72.87532686,3705524,New Haven,93,93,New Haven,11/12/2024,2024,11,November,12,3,Tuesday,7:22:00,7,24046065,A,2,,Motor Vehicle In Motion,"Injury of any type (Serious, Minor, Possible)",C,Possible Injury (C),0,0,3,State,0.36,80,80-E,80-E,,Quinipiac AVE,355,Feet,W,41.32141984,-72.87532686,14,Motor Vehicle in Operation,3,Angle,1,On Roadway,1,Clear,88,Not Applicable,1,Daylight,1,Dry,0,None,88,Not Applicable,88,Not Applicable,0,None,88,Not Applicable,88,Not Applicable,9,Driveway Access-Related,1,Not at Intersection,1,No,1,No,88,Not Applicable,88,Not Applicable,88,Not Applicable,88,Not Applicable,FALSE,1,Public Road,1,"Trafficway, On Road",CT0009300,New Haven PD,40807,25:24.0,C,Closed,00:10.0,,2,13500,3,PRINCIPAL ARTERIAL - OTHER - NEW HPMS,2,Urban