CrashId,Fatal Case Status,Fatal Case Status Text Format,CrashId,CrashId,Latitude,Longitude,DOT Case Number,Town Name,Town Number,Town Number,Town Number Text Format,Date Of Crash,Year,Month,Month Text Format,Day,Day of the Week,Day of the Week Text Format,Time of Crash,Hour of the Day,Case Identifier,Crash Severity,Number Of Motor Vehicles,Motor vehicle action,Most harmful event,Crash Severity Text Format,Most Severe Injury,Most Severe Injury Text Format,Number Of Non-Motorist,Number Of Witnesses,Route Class,Route Class Text Format,Milemarker,Road Number,Road Description,Roadway Name,Intersecting Roadway Name,Landmark Description,Distance From Nearest Landmark,Unit Of Measure From Nearest Landmark,Direction From Nearest Landmark,Latitude,Longitude,First Harmful Event,First Harmful Event Text Format,Manner of Crash / Collision Impact,Manner of Crash / Collision Impact Text Format,Location of First Harmful Event,Location of First Harmful Event Text Format,Weather Condition,Weather Condition Text Format,Weather 2,Weather 2 Text Format,Light Condition,Light Condition Text Format,Road Surface Condition,Road Surface Condition Text Format,"Contributing Circumstances, Environment","Contributing Circumstances, Environment Text Format",Environment 2,Environment 2 Text Format,Environment 3,Environment 3 Text Format,"Contributing Circumstances, Road","Contributing Circumstances, Road Text Format",Road 2,Road 2 Text Format,Road 3,Road 3 Text Format,Crash Specific Location,Crash Specific Location Text Format,Type of Intersection,Type of Intersection Text Format,School Bus Related,School Bus Related Text Format,Work Zone Related,Work Zone Related Text Format,Location Of Crash Relative To Work Zone,Location Of Crash Relative To Work Zone Text Format,Type of Work Zone,Type of Work Zone Text Format,Worker Presence,Worker Presence Text Format,Law Enforcement Presence,Law Enforcement Presence Text Format,Were Vehicles Moved Prior To Police Arrival,Trafficway Ownership,Trafficway Ownership Text Format,Trafficway Class,Trafficway Class Text Format,Police Agency,Police Agency Text Format,Badge Number,Approval Date,Police Case Status,Police Case Status Text Format,Crash Report Submission Date,Related Case Identifiers,No. of Through Lanes (Log Dir.),Average Daily Traffic,Functional Classification,Functional Classification Text Format,Rural or Urban,Rural or Urban Text Format
1217319,1,Complete,1217319,1217319,41.318441,-72.94761,3705525,New Haven,93,93,New Haven,11/12/2024,2024,11,November,12,3,Tuesday,7:19:00,7,24046066,A,2,,Motor Vehicle In Motion,"Injury of any type (Serious, Minor, Possible)",C,Possible Injury (C),0,0,4,Local,0.08,653,WHALLEY AV,WHALLEY AV,ELLSWORTH AV,,,,,41.318441,-72.94761,14,Motor Vehicle in Operation,3,Angle,1,On Roadway,1,Clear,88,Not Applicable,1,Daylight,1,Dry,3,Glare,88,Not Applicable,88,Not Applicable,0,None,88,Not Applicable,88,Not Applicable,2,Intersection,2,Four-Way Intersection,1,No,1,No,88,Not Applicable,88,Not Applicable,88,Not Applicable,88,Not Applicable,TRUE,1,Public Road,1,"Trafficway, On Road",CT0009300,New Haven PD,332,16:32.0,C,Closed,00:07.0,,,,,,,
1217688,1,Complete,1217688,1217688,41.309294,-72.935282,3705894,New Haven,93,93,New Haven,4/18/2024,2024,4,April,18,5,Thursday,22:15:00,22,24016016,A,2,,Motor Vehicle In Motion,"Injury of any type (Serious, Minor, Possible)",C,Possible Injury (C),0,0,4,Local,2.33,97,CHAPEL ST,CHAPEL ST,,Howe St,35,Feet,E,41.309294,-72.935282,14,Motor Vehicle in Operation,1,Front to rear,1,On Roadway,1,Clear,88,Not Applicable,1,Daylight,1,Dry,0,None,88,Not Applicable,88,Not Applicable,0,None,88,Not Applicable,88,Not Applicable,3,Intersection-Related,2,Four-Way Intersection,1,No,1,No,88,Not Applicable,88,Not Applicable,88,Not Applicable,88,Not Applicable,FALSE,1,Public Road,1,"Trafficway, On Road",CT0009300,New Haven PD,44055,44:49.0,C,Closed,00:16.0,,,,,,,
1217692,1,Complete,1217692,1217692,41.302027,-72.928593,3705898,New Haven,93,93,New Haven,11/7/2024,2024,11,November,7,5,Thursday,9:30:00,9,24045496,A,1,,"Other Post, Pole, or Support","Injury of any type (Serious, Minor, Possible)",C,Possible Injury (C),0,0,4,Local,0.24,104,CHURCH ST SOUTH NO 1,CHURCH ST SOUTH NO 1,CHURCH ST SOUTH NO 1,,,,,41.302027,-72.928593,38,"Other Post, Pole or Support",88,Not Applicable,6,Separator,1,Clear,88,Not Applicable,1,Daylight,1,Dry,0,None,88,Not Applicable,88,Not Applicable,0,None,88,Not Applicable,88,Not Applicable,2,Intersection,2,Four-Way Intersection,1,No,1,No,88,Not Applicable,88,Not Applicable,88,Not Applicable,88,Not Applicable,FALSE,1,Public Road,1,"Trafficway, On Road",CT0009300,New Haven PD,42056,32:17.0,C,Closed,00:19.0,,5,15300,3,PRINCIPAL ARTERIAL - OTHER - NEW HPMS,2,Urban
1217694,1,Complete,1217694,1217694,41.306746,-72.927476,3705900,New Haven,93,93,New Haven,11/12/2024,2024,11,November,12,3,Tuesday,9:05:00,9,24046104,A,2,,Pedestrian,"Injury of any type (Serious, Minor, Possible)",A,Suspected Serious Injury (A),1,0,4,Local,1.87,97,CHAPEL ST,CHAPEL ST,,TEMPLE ST,100,Feet,W,41.306746,-72.927476,9,Pedestrian,97,Other,1,On Roadway,1,Clear,88,Not Applicable,1,Daylight,1,Dry,0,None,88,Not Applicable,88,Not Applicable,0,None,88,Not Applicable,88,Not Applicable,1,Non-Junction,1,Not at Intersection,1,No,1,No,88,Not Applicable,88,Not Applicable,88,Not Applicable,88,Not Applicable,TRUE,1,Public Road,1,"Trafficway, On Road",CT0009300,New Haven PD,279,16:14.0,O,Open,00:29.0,,2,8036,7,LOCAL - NEW HPMS,2,Urban
1217696,1,Complete,1217696,1217696,41.29257,-72.938399,3705902,New Haven,93,93,New Haven,11/12/2024,2024,11,November,12,3,Tuesday,16:18:00,16,24046144,A,2,,Motor Vehicle In Motion,"Injury of any type (Serious, Minor, Possible)",C,Possible Injury (C),0,0,4,Local,0.13,668,WILSON ST,WILSON ST,,ROSETTE ST,15,Feet,S,41.29257,-72.938399,14,Motor Vehicle in Operation,4,"Sideswipe, same direction",1,On Roadway,1,Clear,88,Not Applicable,1,Daylight,1,Dry,0,None,88,Not Applicable,88,Not Applicable,0,None,88,Not Applicable,88,Not Applicable,3,Intersection-Related,3,T-Intersection,2,"Yes, School Bus Directly Involved",1,No,88,Not Applicable,88,Not Applicable,88,Not Applicable,88,Not Applicable,FALSE,1,Public Road,1,"Trafficway, On Road",CT0009300,New Haven PD,46613,28:47.0,C,Closed,00:19.0,,1,6281,7,LOCAL - NEW HPMS,2,Urban
1217705,1,Complete,1217705,1217705,41.309772,-72.953337,3705911,New Haven,93,93,New Haven,11/13/2024,2024,11,November,13,4,Wednesday,17:08:00,17,24046304,A,3,,Motor Vehicle In Motion,"Injury of any type (Serious, Minor, Possible)",C,Possible Injury (C),0,0,3,State,21.9,34,34-E,34-E,,DERBY AVE,112,Feet,S,41.309772,-72.953337,14,Motor Vehicle in Operation,3,Angle,1,On Roadway,1,Clear,88,Not Applicable,4,Dark-Lighted,1,Dry,0,None,88,Not Applicable,88,Not Applicable,0,None,88,Not Applicable,88,Not Applicable,2,Intersection,2,Four-Way Intersection,1,No,1,No,88,Not Applicable,88,Not Applicable,88,Not Applicable,88,Not Applicable,FALSE,1,Public Road,1,"Trafficway, On Road",CT0009300,New Haven PD,47744,58:14.0,C,Closed,00:27.0,,,,,,,
1217707,1,Complete,1217707,1217707,41.317865,-72.937768,3705913,New Haven,93,93,New Haven,11/13/2024,2024,11,November,13,4,Wednesday,19:35:00,19,24046322,A,2,,Motor Vehicle In Motion,"Injury of any type (Serious, Minor, Possible)",C,Possible Injury (C),0,0,4,Local,1.19,453,ORCHARD ST,ORCHARD ST,GOFFE ST,,,,,41.317865,-72.937768,14,Motor Vehicle in Operation,2,Front to front,1,On Roadway,1,Clear,88,Not Applicable,4,Dark-Lighted,1,Dry,0,None,88,Not Applicable,88,Not Applicable,0,None,88,Not Applicable,88,Not Applicable,2,Intersection,2,Four-Way Intersection,1,No,1,No,88,Not Applicable,88,Not Applicable,88,Not Applicable,88,Not Applicable,FALSE,1,Public Road,1,"Trafficway, On Road",CT0009300,New Haven PD,44045,19:19.0,C,Closed,00:24.0,,2,3900,7,LOCAL - NEW HPMS,2,Urban
1218109,1,Complete,1218109,1218109,41.3053,-72.896512,3706315,New Haven,93,93,New Haven,11/13/2024,2024,11,November,13,4,Wednesday,12:06:00,12,24046249,A,2,,Motor Vehicle In Motion,"Injury of any type (Serious, Minor, Possible)",C,Possible Injury (C),0,0,4,Local,0.23,487,POPLAR ST,POPLAR ST,,SALTONSTALL AVE,50,Feet,N,41.3053,-72.896512,14,Motor Vehicle in Operation,3,Angle,1,On Roadway,1,Clear,88,Not Applicable,1,Daylight,1,Dry,0,None,88,Not Applicable,88,Not Applicable,0,None,88,Not Applicable,88,Not Applicable,3,Intersection-Related,2,Four-Way Intersection,1,No,1,No,88,Not Applicable,88,Not Applicable,88,Not Applicable,88,Not Applicable,FALSE,1,Public Road,1,"Trafficway, On Road",CT0009300,New Haven PD,43689,03:15.0,C,Closed,01:13.0,,1,1700,1,INTERSTATE - NEW HPMS,1,Rural
1218111,1,Complete,1218111,1218111,41.318719,-72.897618,3706317,New Haven,93,93,New Haven,11/13/2024,2024,11,November,13,4,Wednesday,23:16:00,23,24046339,A,2,,Motor Vehicle In Motion,"Injury of any type (Serious, Minor, Possible)",C,Possible Injury (C),0,0,4,Local,0.74,411,MIDDLETOWN AV,MIDDLETOWN AV,FERRY ST,,,,,41.318719,-72.897618,14,Motor Vehicle in Operation,4,"Sideswipe, same direction",1,On Roadway,1,Clear,88,Not Applicable,4,Dark-Lighted,1,Dry,0,None,88,Not Applicable,88,Not Applicable,0,None,88,Not Applicable,88,Not Applicable,2,Intersection,3,T-Intersection,1,No,1,No,88,Not Applicable,88,Not Applicable,88,Not Applicable,88,Not Applicable,TRUE,1,Public Road,1,"Trafficway, On Road",CT0009300,New Haven PD,42055,42:01.0,C,Closed,01:11.0,,1,42100,2,PRIN ART-OTHER FREEWAYS & EXPRESSWAYS - NEW HPMS,2,Urban
1218592,1,Complete,1218592,1218592,41.321993,-72.877609,3706798,New Haven,93,93,New Haven,11/15/2024,2024,11,November,15,6,Friday,17:09:00,17,24045671,A,1,,Pedestrian,"Injury of any type (Serious, Minor, Possible)",C,Possible Injury (C),1,0,,,,,,Walmart Plaza (New Haven) ,,Foxon Blvd ,40,Feet,S,41.321993,-72.877609,9,Pedestrian,88,Not Applicable,1,On Roadway,1,Clear,88,Not Applicable,3,Dusk,1,Dry,99,Unknown,88,Not Applicable,88,Not Applicable,0,None,88,Not Applicable,88,Not Applicable,8,Driveway Access,1,Not at Intersection,1,No,1,No,88,Not Applicable,88,Not Applicable,88,Not Applicable,88,Not Applicable,TRUE,2,Private Road,1,"Trafficway, On Road",CT0009300,New Haven PD,409,58:00.0,C,Closed,00:26.0,,,,,,,
1218601,1,Complete,1218601,1218601,41.305945,-72.946523,3706807,New Haven,93,93,New Haven,11/14/2024,2024,11,November,14,5,Thursday,19:22:00,19,24046491,A,2,,Motor Vehicle In Motion,"Injury of any type (Serious, Minor, Possible)",C,Possible Injury (C),0,0,4,Local,0.31,360,LEGION AV-RT 34,LEGION AV-RT 34,,SHERMAN AVE,75,Feet,E,41.305945,-72.946523,14,Motor Vehicle in Operation,4,"Sideswipe, same direction",1,On Roadway,1,Clear,88,Not Applicable,1,Daylight,1,Dry,0,None,88,Not Applicable,88,Not Applicable,0,None,88,Not Applicable,88,Not Applicable,1,Non-Junction,1,Not at Intersection,1,No,1,No,88,Not Applicable,88,Not Applicable,88,Not Applicable,88,Not Applicable,FALSE,1,Public Road,1,"Trafficway, On Road",CT0009300,New Haven PD,33016,10:56.0,C,Closed,00:16.0,,8,141000,1,INTERSTATE - NEW HPMS,2,Urban
1218606,1,Complete,1218606,1218606,41.32742751,-72.96045528,3706812,New Haven,93,93,New Haven,11/15/2024,2024,11,November,15,6,Friday,13:21:00,13,24046557,A,2,,Motor Vehicle In Motion,"Injury of any type (Serious, Minor, Possible)",B,Suspected Minor Injury (B),0,0,3,State,0.25,63,63-N,63-N,BLAKE ST,,,,,41.32742751,-72.96045528,14,Motor Vehicle in Operation,3,Angle,1,On Roadway,1,Clear,88,Not Applicable,1,Daylight,1,Dry,0,None,88,Not Applicable,88,Not Applicable,0,None,88,Not Applicable,88,Not Applicable,2,Intersection,3,T-Intersection,1,No,1,No,88,Not Applicable,88,Not Applicable,88,Not Applicable,88,Not Applicable,FALSE,1,Public Road,1,"Trafficway, On Road",CT0009300,New Haven PD,46622,07:57.0,C,Closed,00:23.0,,,,,,,
1218607,1,Complete,1218607,1218607,41.315868,-72.892075,3706813,New Haven,93,93,New Haven,11/16/2024,2024,11,November,16,7,Saturday,16:26:00,16,24046565,A,2,,Motor Vehicle In Motion,"Injury of any type (Serious, Minor, Possible)",C,Possible Injury (C),0,0,4,Local,0.45,113,CLINTON AV,CLINTON AV,LOMBARD ST,,,,,41.315868,-72.892075,14,Motor Vehicle in Operation,3,Angle,1,On Roadway,1,Clear,88,Not Applicable,1,Daylight,1,Dry,0,None,88,Not Applicable,88,Not Applicable,0,None,88,Not Applicable,88,Not Applicable,2,Intersection,2,Four-Way Intersection,1,No,1,No,88,Not Applicable,88,Not Applicable,88,Not Applicable,88,Not Applicable,FALSE,1,Public Road,1,"Trafficway, On Road",CT0009300,New Haven PD,45396,03:26.0,C,Closed,00:16.0,24046565,3,70300,1,INTERSTATE - NEW HPMS,2,Urban
1218616,1,Complete,1218616,1218616,41.31841254,-72.9522251,3706822,New Haven,93,93,New Haven,11/16/2024,2024,11,November,16,7,Saturday,9:22:00,9,24046666,A,2,,Motor Vehicle In Motion,"Injury of any type (Serious, Minor, Possible)",A,Suspected Serious Injury (A),1,0,4,Local,0.15,301,HOBART ST,HOBART ST,ELM ST NO 1,,,,,41.31841254,-72.9522251,14,Motor Vehicle in Operation,3,Angle,1,On Roadway,1,Clear,88,Not Applicable,1,Daylight,1,Dry,0,None,88,Not Applicable,88,Not Applicable,0,None,88,Not Applicable,88,Not Applicable,2,Intersection,2,Four-Way Intersection,1,No,1,No,88,Not Applicable,88,Not Applicable,88,Not Applicable,88,Not Applicable,FALSE,1,Public Road,1,"Trafficway, On Road",CT0009300,New Haven PD,33016,14:52.0,C,Closed,00:13.0,,6,81400,1,INTERSTATE - NEW HPMS,2,Urban
1218617,1,Complete,1218617,1218617,41.28898,-72.894569,3706823,New Haven,93,93,New Haven,11/15/2024,2024,11,November,15,6,Friday,23:30:00,23,24046667,A,2,,Motor Vehicle In Motion,"Injury of any type (Serious, Minor, Possible)",C,Possible Injury (C),0,0,1,Interstate,0.36,95,95-N-346,95-N-346 (Exit 50) ,WOODWARD AV,,,,,41.28898,-72.894569,14,Motor Vehicle in Operation,3,Angle,1,On Roadway,1,Clear,88,Not Applicable,4,Dark-Lighted,1,Dry,0,None,88,Not Applicable,88,Not Applicable,0,None,88,Not Applicable,88,Not Applicable,2,Intersection,2,Four-Way Intersection,1,No,1,No,88,Not Applicable,88,Not Applicable,88,Not Applicable,88,Not Applicable,FALSE,1,Public Road,1,"Trafficway, On Road",CT0009300,New Haven PD,180,41:21.0,C,Closed,00:09.0,24046667,8,101000,1,INTERSTATE - NEW HPMS,2,Urban
1218618,1,Complete,1218618,1218618,41.293652,-72.937738,3706824,New Haven,93,93,New Haven,11/16/2024,2024,11,November,16,7,Saturday,13:47:00,13,24046679,A,2,,Motor Vehicle In Motion,"Injury of any type (Serious, Minor, Possible)",C,Possible Injury (C),0,0,4,Local,0.09,571,SPRING ST,SPRING ST,HURLBURT ST,,,,,41.293652,-72.937738,14,Motor Vehicle in Operation,3,Angle,1,On Roadway,1,Clear,88,Not Applicable,1,Daylight,1,Dry,0,None,88,Not Applicable,88,Not Applicable,0,None,88,Not Applicable,88,Not Applicable,2,Intersection,2,Four-Way Intersection,1,No,1,No,88,Not Applicable,88,Not Applicable,88,Not Applicable,88,Not Applicable,FALSE,1,Public Road,1,"Trafficway, On Road",CT0009300,New Haven PD,45392,20:54.0,C,Closed,00:12.0,NONE,8,134700,1,INTERSTATE - NEW HPMS,2,Urban
1218619,1,Complete,1218619,1218619,41.306859,-72.921144,3706825,New Haven,93,93,New Haven,11/16/2024,2024,11,November,16,7,Saturday,14:32:00,14,24046682,A,2,,Motor Vehicle In Motion,"Injury of any type (Serious, Minor, Possible)",C,Possible Injury (C),0,0,4,Local,1.18,575,STATE ST,STATE ST,,GRAND AVE,50,Feet,S,41.306859,-72.921144,14,Motor Vehicle in Operation,1,Front to rear,1,On Roadway,1,Clear,88,Not Applicable,1,Daylight,1,Dry,0,None,88,Not Applicable,88,Not Applicable,0,None,88,Not Applicable,88,Not Applicable,3,Intersection-Related,2,Four-Way Intersection,1,No,1,No,88,Not Applicable,88,Not Applicable,88,Not Applicable,88,Not Applicable,FALSE,1,Public Road,1,"Trafficway, On Road",CT0009300,New Haven PD,45700,46:05.0,C,Closed,00:12.0,,6,116600,1,INTERSTATE - NEW HPMS,2,Urban
1218622,1,Complete,1218622,1218622,41.283258,-72.93449,3706828,New Haven,93,93,New Haven,11/16/2024,2024,11,November,16,7,Saturday,16:18:00,16,24046704,A,2,,Motor Vehicle In Motion,"Injury of any type (Serious, Minor, Possible)",C,Possible Injury (C),0,0,3,State,0.22,10,10-S,10-S,,95-N-365 (Exit 44) ,90,Feet,N,41.283258,-72.93449,14,Motor Vehicle in Operation,1,Front to rear,1,On Roadway,1,Clear,88,Not Applicable,4,Dark-Lighted,1,Dry,0,None,88,Not Applicable,88,Not Applicable,0,None,88,Not Applicable,88,Not Applicable,1,Non-Junction,1,Not at Intersection,1,No,1,No,88,Not Applicable,88,Not Applicable,88,Not Applicable,88,Not Applicable,FALSE,1,Public Road,1,"Trafficway, On Road",CT0009300,New Haven PD,9,24:13.0,O,Open,00:25.0,,8,137300,1,INTERSTATE - NEW HPMS,2,Urban
1218623,1,Complete,1218623,1218623,41.3327193,-72.97521102,3706829,New Haven,93,93,New Haven,11/16/2024,2024,11,November,16,7,Saturday,20:00:00,20,24046708,A,3,,Motor Vehicle In Motion,"Injury of any type (Serious, Minor, Possible)",C,Possible Injury (C),0,0,3,State,1.13,63,63-N,63-N,,Ramsdell st,15,Feet,N,41.3327193,-72.97521102,14,Motor Vehicle in Operation,1,Front to rear,1,On Roadway,1,Clear,88,Not Applicable,4,Dark-Lighted,1,Dry,0,None,88,Not Applicable,88,Not Applicable,0,None,88,Not Applicable,88,Not Applicable,3,Intersection-Related,2,Four-Way Intersection,1,No,1,No,88,Not Applicable,88,Not Applicable,88,Not Applicable,88,Not Applicable,FALSE,1,Public Road,1,"Trafficway, On Road",CT0009300,New Haven PD,45392,58:55.0,O,Open,00:30.0,NONE,,,,,,
1218629,1,Complete,1218629,1218629,41.31139687,-72.94458209,3706835,New Haven,93,93,New Haven,11/17/2024,2024,11,November,17,1,Sunday,17:33:00,17,24046822,A,2,,Motor Vehicle In Motion,"Injury of any type (Serious, Minor, Possible)",B,Suspected Minor Injury (B),0,0,4,Local,0.39,556,SHERMAN AV,SHERMAN AV,CHAPEL ST,,,,,41.31139687,-72.94458209,14,Motor Vehicle in Operation,3,Angle,1,On Roadway,1,Clear,88,Not Applicable,4,Dark-Lighted,1,Dry,0,None,88,Not Applicable,88,Not Applicable,0,None,88,Not Applicable,88,Not Applicable,2,Intersection,2,Four-Way Intersection,1,No,1,No,88,Not Applicable,88,Not Applicable,88,Not Applicable,88,Not Applicable,FALSE,1,Public Road,1,"Trafficway, On Road",CT0009300,New Haven PD,47744,10:18.0,C,Closed,00:32.0,,,,,,,
1218631,1,Complete,1218631,1218631,41.297709,-72.937604,3706837,New Haven,93,93,New Haven,11/17/2024,2024,11,November,17,1,Sunday,19:13:00,19,24046832,A,2,,Motor Vehicle In Motion,"Injury of any type (Serious, Minor, Possible)",C,Possible Injury (C),0,0,2,USRoute,47.22,1,1-N,1-N,WASHINGTON AV NO 1,,,,,41.297709,-72.937604,14,Motor Vehicle in Operation,3,Angle,1,On Roadway,1,Clear,88,Not Applicable,4,Dark-Lighted,1,Dry,0,None,88,Not Applicable,88,Not Applicable,0,None,88,Not Applicable,88,Not Applicable,2,Intersection,2,Four-Way Intersection,1,No,1,No,88,Not Applicable,88,Not Applicable,88,Not Applicable,88,Not Applicable,FALSE,1,Public Road,1,"Trafficway, On Road",CT0009300,New Haven PD,42366,40:37.0,C,Closed,00:36.0,,,,,,,
1219229,1,Complete,1219229,1219229,41.303516,-72.923731,3707435,New Haven,93,93,New Haven,11/14/2024,2024,11,November,14,5,Thursday,12:48:00,12,24046406,A,2,,Motor Vehicle In Motion,"Injury of any type (Serious, Minor, Possible)",C,Possible Injury (C),0,1,4,Local,1.45,575,STATE ST,STATE ST,CROWN ST,,,,,41.303516,-72.923731,14,Motor Vehicle in Operation,97,Other,1,On Roadway,1,Clear,88,Not Applicable,1,Daylight,1,Dry,0,None,88,Not Applicable,88,Not Applicable,0,None,88,Not Applicable,88,Not Applicable,2,Intersection,2,Four-Way Intersection,1,No,1,No,88,Not Applicable,88,Not Applicable,88,Not Applicable,88,Not Applicable,FALSE,1,Public Road,1,"Trafficway, On Road",CT0009300,New Haven PD,274,07:59.0,C,Closed,00:45.0,,,,,,,
1219231,1,Complete,1219231,1219231,41.32031,-72.87216,3707437,New Haven,93,93,New Haven,11/17/2024,2024,11,November,17,1,Sunday,12:40:00,12,24046793,A,2,,Motor Vehicle In Motion,"Injury of any type (Serious, Minor, Possible)",C,Possible Injury (C),0,0,3,State,0.55,80,80-E,80-E,,EASTERN STREET,120,Feet,W,41.32031,-72.87216,14,Motor Vehicle in Operation,3,Angle,1,On Roadway,1,Clear,88,Not Applicable,1,Daylight,1,Dry,0,None,88,Not Applicable,88,Not Applicable,0,None,88,Not Applicable,88,Not Applicable,1,Non-Junction,1,Not at Intersection,1,No,1,No,88,Not Applicable,88,Not Applicable,88,Not Applicable,88,Not Applicable,FALSE,1,Public Road,1,"Trafficway, On Road",CT0009300,New Haven PD,46900,52:04.0,C,Closed,00:45.0,,2,21900,4,MINOR ARTERIAL - NEW HPMS,2,Urban
1219233,1,Complete,1219233,1219233,41.299946,-72.934875,3707439,New Haven,93,93,New Haven,11/18/2024,2024,11,November,18,2,Monday,6:52:00,6,24046875,A,2,,Motor Vehicle In Motion,"Injury of any type (Serious, Minor, Possible)",C,Possible Injury (C),0,0,4,Local,0.46,308,HOWARD AV,HOWARD AV,,WASHINGTON AVE,200,Feet,N,41.299946,-72.934875,14,Motor Vehicle in Operation,3,Angle,1,On Roadway,1,Clear,88,Not Applicable,1,Daylight,1,Dry,0,None,88,Not Applicable,88,Not Applicable,0,None,88,Not Applicable,88,Not Applicable,1,Non-Junction,1,Not at Intersection,1,No,1,No,88,Not Applicable,88,Not Applicable,88,Not Applicable,88,Not Applicable,TRUE,1,Public Road,1,"Trafficway, On Road",CT0009300,New Haven PD,301,04:47.0,C,Closed,00:44.0,,4,18000,4,MINOR ARTERIAL - NEW HPMS,2,Urban
1219652,1,Complete,1219652,1219652,41.329906,-72.932111,3707858,New Haven,93,93,New Haven,11/16/2024,2024,11,November,16,7,Saturday,17:41:00,17,24046710,A,2,,Motor Vehicle In Motion,"Injury of any type (Serious, Minor, Possible)",C,Possible Injury (C),0,0,4,Local,0.54,552,SHELTON AV,SHELTON AV,IVY ST NO 1,,,,,41.329906,-72.932111,14,Motor Vehicle in Operation,3,Angle,1,On Roadway,1,Clear,88,Not Applicable,5,Dark-Not Lighted,1,Dry,0,None,88,Not Applicable,88,Not Applicable,0,None,88,Not Applicable,88,Not Applicable,2,Intersection,2,Four-Way Intersection,1,No,1,No,88,Not Applicable,88,Not Applicable,88,Not Applicable,88,Not Applicable,FALSE,1,Public Road,1,"Trafficway, On Road",CT0009300,New Haven PD,46625,34:37.0,C,Closed,00:32.0,,5,17400,3,PRINCIPAL ARTERIAL - OTHER - NEW HPMS,2,Urban
1219653,1,Complete,1219653,1219653,41.29300795,-72.92068331,3707859,New Haven,93,93,New Haven,11/16/2024,2024,11,November,16,7,Saturday,18:51:00,18,24046718,A,2,,Motor Vehicle In Motion,"Injury of any type (Serious, Minor, Possible)",C,Possible Injury (C),0,0,4,Local,0.71,359,SARGENT DR,SARGENT DR,,CHURCH ST EXT,355,Feet,N,41.29300795,-72.92068331,14,Motor Vehicle in Operation,1,Front to rear,1,On Roadway,1,Clear,88,Not Applicable,4,Dark-Lighted,1,Dry,0,None,88,Not Applicable,88,Not Applicable,0,None,88,Not Applicable,88,Not Applicable,1,Non-Junction,1,Not at Intersection,1,No,1,No,88,Not Applicable,88,Not Applicable,88,Not Applicable,88,Not Applicable,FALSE,1,Public Road,1,"Trafficway, On Road",CT0009300,New Haven PD,9,50:50.0,C,Closed,00:26.0,,5,17400,3,PRINCIPAL ARTERIAL - OTHER - NEW HPMS,2,Urban
1219657,1,Complete,1219657,1219657,41.29026,-72.894298,924301,New Haven,93,93,New Haven,11/19/2024,2024,11,November,19,3,Tuesday,0:22:00,0,24046996,K,1,,Pedestrian,Fatal (Kill),A,Suspected Serious Injury (A),1,0,2,USRoute,50.14,1,1-N,1-N,,Woodward Ave ,30,Feet,S,41.29026,-72.894298,9,Pedestrian,88,Not Applicable,1,On Roadway,1,Clear,88,Not Applicable,4,Dark-Lighted,1,Dry,0,None,88,Not Applicable,88,Not Applicable,0,None,88,Not Applicable,88,Not Applicable,3,Intersection-Related,2,Four-Way Intersection,1,No,1,No,88,Not Applicable,88,Not Applicable,88,Not Applicable,88,Not Applicable,FALSE,1,Public Road,1,"Trafficway, On Road",CT0009300,New Haven PD,42369,56:35.0,O,Open,00:25.0,,4,9400,3,PRINCIPAL ARTERIAL - OTHER - NEW HPMS,2,Urban
1219660,1,Complete,1219660,1219660,41.3107239,-72.94167823,3707866,New Haven,93,93,New Haven,11/19/2024,2024,11,November,19,3,Tuesday,8:39:00,8,24047011,A,2,,Motor Vehicle In Motion,"Injury of any type (Serious, Minor, Possible)",C,Possible Injury (C),0,0,4,Local,2.66,97,CHAPEL ST,CHAPEL ST,,ORCHARD ST,25,Feet,W,41.3107239,-72.94167823,14,Motor Vehicle in Operation,4,"Sideswipe, same direction",1,On Roadway,1,Clear,88,Not Applicable,1,Daylight,1,Dry,0,None,88,Not Applicable,88,Not Applicable,0,None,88,Not Applicable,88,Not Applicable,3,Intersection-Related,2,Four-Way Intersection,1,No,1,No,88,Not Applicable,88,Not Applicable,88,Not Applicable,88,Not Applicable,TRUE,1,Public Road,1,"Trafficway, On Road",CT0009300,New Haven PD,40800,52:36.0,O,Open,00:28.0,,4,16200,3,PRINCIPAL ARTERIAL - OTHER - NEW HPMS,2,Urban
1219661,1,Complete,1219661,1219661,41.334404,-72.952114,3707867,New Haven,93,93,New Haven,11/19/2024,2024,11,November,19,3,Tuesday,11:15:00,11,24047029,A,2,,Motor Vehicle In Motion,"Injury of any type (Serious, Minor, Possible)",C,Possible Injury (C),0,0,4,Local,0.18,671,WINTERGREEN AV,WINTERGREEN AV,,FARNHAM AVE,200,Feet,N,41.334404,-72.952114,14,Motor Vehicle in Operation,1,Front to rear,1,On Roadway,1,Clear,88,Not Applicable,1,Daylight,1,Dry,0,None,88,Not Applicable,88,Not Applicable,0,None,88,Not Applicable,88,Not Applicable,1,Non-Junction,1,Not at Intersection,1,No,1,No,88,Not Applicable,88,Not Applicable,88,Not Applicable,88,Not Applicable,FALSE,1,Public Road,1,"Trafficway, On Road",CT0009300,New Haven PD,62,08:31.0,C,Closed,00:27.0,,2,18200,4,MINOR ARTERIAL - NEW HPMS,2,Urban