CrashId,Fatal Case Status,Fatal Case Status Text Format,CrashId,CrashId,Latitude,Longitude,DOT Case Number,Town Name,Town Number,Town Number,Town Number Text Format,Date Of Crash,Year,Month,Month Text Format,Day,Day of the Week,Day of the Week Text Format,Time of Crash,Hour of the Day,Case Identifier,Crash Severity,Number Of Motor Vehicles,Motor vehicle action,Most harmful event,Crash Severity Text Format,Most Severe Injury,Most Severe Injury Text Format,Number Of Non-Motorist,Number Of Witnesses,Route Class,Route Class Text Format,Milemarker,Road Number,Road Description,Roadway Name,Intersecting Roadway Name,Landmark Description,Distance From Nearest Landmark,Unit Of Measure From Nearest Landmark,Direction From Nearest Landmark,Latitude,Longitude,First Harmful Event,First Harmful Event Text Format,Manner of Crash / Collision Impact,Manner of Crash / Collision Impact Text Format,Location of First Harmful Event,Location of First Harmful Event Text Format,Weather Condition,Weather Condition Text Format,Weather 2,Weather 2 Text Format,Light Condition,Light Condition Text Format,Road Surface Condition,Road Surface Condition Text Format,"Contributing Circumstances, Environment","Contributing Circumstances, Environment Text Format",Environment 2,Environment 2 Text Format,Environment 3,Environment 3 Text Format,"Contributing Circumstances, Road","Contributing Circumstances, Road Text Format",Road 2,Road 2 Text Format,Road 3,Road 3 Text Format,Crash Specific Location,Crash Specific Location Text Format,Type of Intersection,Type of Intersection Text Format,School Bus Related,School Bus Related Text Format,Work Zone Related,Work Zone Related Text Format,Location Of Crash Relative To Work Zone,Location Of Crash Relative To Work Zone Text Format,Type of Work Zone,Type of Work Zone Text Format,Worker Presence,Worker Presence Text Format,Law Enforcement Presence,Law Enforcement Presence Text Format,Were Vehicles Moved Prior To Police Arrival,Trafficway Ownership,Trafficway Ownership Text Format,Trafficway Class,Trafficway Class Text Format,Police Agency,Police Agency Text Format,Badge Number,Approval Date,Police Case Status,Police Case Status Text Format,Crash Report Submission Date,Related Case Identifiers,No. of Through Lanes (Log Dir.),Average Daily Traffic,Functional Classification,Functional Classification Text Format,Rural or Urban,Rural or Urban Text Format
1219662,1,Complete,1219662,1219662,41.315496,-72.938983,3707868,New Haven,93,93,New Haven,11/19/2024,2024,11,November,19,3,Tuesday,15:04:00,15,24047050,A,2,,Motor Vehicle In Motion,"Injury of any type (Serious, Minor, Possible)",C,Possible Injury (C),0,0,4,Local,0.57,653,WHALLEY AV,WHALLEY AV,,Orchard St,55,Feet,E,41.315496,-72.938983,14,Motor Vehicle in Operation,1,Front to rear,1,On Roadway,1,Clear,88,Not Applicable,1,Daylight,1,Dry,0,None,88,Not Applicable,88,Not Applicable,0,None,88,Not Applicable,88,Not Applicable,3,Intersection-Related,2,Four-Way Intersection,1,No,1,No,88,Not Applicable,88,Not Applicable,88,Not Applicable,88,Not Applicable,FALSE,1,Public Road,1,"Trafficway, On Road",CT0009300,New Haven PD,44055,20:37.0,C,Closed,00:29.0,,3,20300,4,MINOR ARTERIAL - NEW HPMS,2,Urban
1219993,1,Complete,1219993,1219993,41.302826,-72.937421,3708198,New Haven,93,93,New Haven,11/20/2024,2024,11,November,20,4,Wednesday,8:07:00,8,24047165,A,2,,Motor Vehicle In Motion,"Injury of any type (Serious, Minor, Possible)",B,Suspected Minor Injury (B),0,2,4,Local,0.66,141,DAVENPORT AV,DAVENPORT AV,VERNON ST,,,,,41.302826,-72.937421,14,Motor Vehicle in Operation,3,Angle,1,On Roadway,1,Clear,88,Not Applicable,1,Daylight,1,Dry,0,None,88,Not Applicable,88,Not Applicable,0,None,88,Not Applicable,88,Not Applicable,2,Intersection,2,Four-Way Intersection,1,No,1,No,88,Not Applicable,88,Not Applicable,88,Not Applicable,88,Not Applicable,FALSE,1,Public Road,1,"Trafficway, On Road",CT0009300,New Haven PD,251,27:43.0,C,Closed,00:41.0,,,,,,,
1219994,1,Complete,1219994,1219994,41.311502,-72.916109,3708199,New Haven,93,93,New Haven,11/20/2024,2024,11,November,20,4,Wednesday,8:49:00,8,24047166,A,2,,Motor Vehicle In Motion,"Injury of any type (Serious, Minor, Possible)",C,Possible Injury (C),0,0,4,Local,0.75,575,STATE ST,STATE ST,BRADLEY ST NO 1,,,,,41.311502,-72.916109,14,Motor Vehicle in Operation,1,Front to rear,1,On Roadway,1,Clear,88,Not Applicable,1,Daylight,1,Dry,0,None,88,Not Applicable,88,Not Applicable,0,None,88,Not Applicable,88,Not Applicable,2,Intersection,3,T-Intersection,1,No,1,No,88,Not Applicable,88,Not Applicable,88,Not Applicable,88,Not Applicable,TRUE,1,Public Road,1,"Trafficway, On Road",CT0009300,New Haven PD,40085,27:44.0,C,Closed,00:44.0,,,,,,,
1220345,1,Complete,1220345,1220345,41.319284,-72.898816,3708550,New Haven,93,93,New Haven,11/20/2024,2024,11,November,20,4,Wednesday,13:01:00,13,24047197,A,2,,Motor Vehicle In Motion,"Injury of any type (Serious, Minor, Possible)",C,Possible Injury (C),0,0,2,USRoute,0.36,5,5-N,5-N,MAY ST,,,,,41.319284,-72.898816,14,Motor Vehicle in Operation,1,Front to rear,1,On Roadway,1,Clear,88,Not Applicable,1,Daylight,1,Dry,0,None,88,Not Applicable,88,Not Applicable,0,None,88,Not Applicable,88,Not Applicable,3,Intersection-Related,2,Four-Way Intersection,1,No,1,No,88,Not Applicable,88,Not Applicable,88,Not Applicable,88,Not Applicable,FALSE,1,Public Road,1,"Trafficway, On Road",CT0009300,New Haven PD,43689,44:45.0,C,Closed,00:14.0,,,,,,,
1220356,1,Complete,1220356,1220356,41.32091785,-72.87433325,3708561,New Haven,93,93,New Haven,11/21/2024,2024,11,November,21,5,Thursday,16:40:00,16,24047356,A,2,,Motor Vehicle In Motion,"Injury of any type (Serious, Minor, Possible)",C,Possible Injury (C),0,0,3,State,0.42,80,80-E,80-E,,QUINNIPIAC AVE,50,Feet,W,41.32091785,-72.87433325,14,Motor Vehicle in Operation,1,Front to rear,1,On Roadway,4,Rain,88,Not Applicable,4,Dark-Lighted,2,Wet,0,None,88,Not Applicable,88,Not Applicable,0,None,88,Not Applicable,88,Not Applicable,3,Intersection-Related,2,Four-Way Intersection,1,No,1,No,88,Not Applicable,88,Not Applicable,88,Not Applicable,88,Not Applicable,FALSE,1,Public Road,1,"Trafficway, On Road",CT0009300,New Haven PD,46901,28:11.0,C,Closed,00:23.0,,,,,,,
1220358,1,Complete,1220358,1220358,41.321668,-72.907597,3708563,New Haven,93,93,New Haven,11/21/2024,2024,11,November,21,5,Thursday,16:56:00,16,24047364,A,1,,Pedestrian,"Injury of any type (Serious, Minor, Possible)",C,Possible Injury (C),1,0,4,Local,0.85,83,CANNER ST,CANNER ST,NICOLL ST,,,,,41.321668,-72.907597,9,Pedestrian,88,Not Applicable,1,On Roadway,4,Rain,88,Not Applicable,4,Dark-Lighted,2,Wet,0,None,88,Not Applicable,88,Not Applicable,0,None,88,Not Applicable,88,Not Applicable,2,Intersection,3,T-Intersection,1,No,1,No,88,Not Applicable,88,Not Applicable,88,Not Applicable,88,Not Applicable,FALSE,1,Public Road,1,"Trafficway, On Road",CT0009300,New Haven PD,40085,01:04.0,C,Closed,00:23.0,,2,3820,7,LOCAL - NEW HPMS,2,Urban
1220359,1,Complete,1220359,1220359,41.296096,-72.928044,3708564,New Haven,93,93,New Haven,11/21/2024,2024,11,November,21,5,Thursday,17:33:00,17,24047367,A,3,,Motor Vehicle In Motion,"Injury of any type (Serious, Minor, Possible)",C,Possible Injury (C),0,0,4,Local,0.43,759,CHURCH ST SOUTH NO 2,CHURCH ST SOUTH NO 2,,UNION AVE,77,Feet,E,41.296096,-72.928044,14,Motor Vehicle in Operation,1,Front to rear,1,On Roadway,4,Rain,88,Not Applicable,4,Dark-Lighted,2,Wet,0,None,88,Not Applicable,88,Not Applicable,0,None,88,Not Applicable,88,Not Applicable,3,Intersection-Related,2,Four-Way Intersection,1,No,1,No,88,Not Applicable,88,Not Applicable,88,Not Applicable,88,Not Applicable,FALSE,1,Public Road,1,"Trafficway, On Road",CT0009300,New Haven PD,40810,26:35.0,C,Closed,00:25.0,,,,,,,
1221201,1,Complete,1221201,1221201,41.3019215,-72.92697294,3709406,New Haven,93,93,New Haven,11/19/2024,2024,11,November,19,3,Tuesday,16:43:00,16,24047073,A,2,,Motor Vehicle In Motion,"Injury of any type (Serious, Minor, Possible)",C,Possible Injury (C),0,0,4,Local,0.1,809,REV DR MLK JR BLVD,REV DR MLK JR BLVD,CHURCH ST SOUTH NO 1,,,,,41.3019215,-72.92697294,14,Motor Vehicle in Operation,4,"Sideswipe, same direction",1,On Roadway,1,Clear,88,Not Applicable,1,Daylight,1,Dry,0,None,88,Not Applicable,88,Not Applicable,0,None,88,Not Applicable,88,Not Applicable,2,Intersection,2,Four-Way Intersection,1,No,1,No,88,Not Applicable,88,Not Applicable,88,Not Applicable,88,Not Applicable,FALSE,1,Public Road,1,"Trafficway, On Road",CT0009300,New Haven PD,46624,14:48.0,C,Closed,01:14.0,,,,,,,
1221221,1,Complete,1221221,1221221,41.31478,-72.945507,3709426,New Haven,93,93,New Haven,11/23/2024,2024,11,November,23,7,Saturday,10:51:00,10,24047572,A,2,,Tree (standing),"Injury of any type (Serious, Minor, Possible)",C,Possible Injury (C),0,1,4,Local,0.11,393,MAPLE ST,MAPLE ST,,WINTHROP AVE,25,Feet,E,41.31478,-72.945507,32,Tree (standing),3,Angle,1,On Roadway,2,Cloudy,88,Not Applicable,1,Daylight,2,Wet,0,None,88,Not Applicable,88,Not Applicable,0,None,88,Not Applicable,88,Not Applicable,3,Intersection-Related,2,Four-Way Intersection,1,No,1,No,88,Not Applicable,88,Not Applicable,88,Not Applicable,88,Not Applicable,TRUE,1,Public Road,1,"Trafficway, On Road",CT0009300,New Haven PD,359,01:27.0,C,Closed,01:02.0,,,,,,,
1221224,1,Complete,1221224,1221224,41.33133367,-72.91724828,3709429,New Haven,93,93,New Haven,11/23/2024,2024,11,November,23,7,Saturday,15:53:00,15,24047612,A,2,,Motor Vehicle In Motion,"Injury of any type (Serious, Minor, Possible)",C,Possible Injury (C),0,0,4,Local,0.21,177,EDGEHILL RD,EDGEHILL RD,EAST ROCK RD,,,,,41.33133367,-72.91724828,14,Motor Vehicle in Operation,3,Angle,1,On Roadway,2,Cloudy,88,Not Applicable,1,Daylight,1,Dry,0,None,88,Not Applicable,88,Not Applicable,0,None,88,Not Applicable,88,Not Applicable,3,Intersection-Related,2,Four-Way Intersection,1,No,1,No,88,Not Applicable,88,Not Applicable,88,Not Applicable,88,Not Applicable,TRUE,1,Public Road,1,"Trafficway, On Road",CT0009300,New Haven PD,46621,33:25.0,C,Closed,01:05.0,,,,,,,
1221227,1,Complete,1221227,1221227,41.30261336,-72.92801667,3709432,New Haven,93,93,New Haven,11/23/2024,2024,11,November,23,7,Saturday,17:49:00,17,24047624,A,2,,Motor Vehicle In Motion,"Injury of any type (Serious, Minor, Possible)",C,Possible Injury (C),0,0,4,Local,0.17,809,REV DR MLK JR BLVD,REV DR MLK JR BLVD,,CHURCH ST,54,Feet,E,41.30261336,-72.92801667,14,Motor Vehicle in Operation,4,"Sideswipe, same direction",1,On Roadway,1,Clear,88,Not Applicable,4,Dark-Lighted,1,Dry,0,None,88,Not Applicable,88,Not Applicable,0,None,88,Not Applicable,88,Not Applicable,1,Non-Junction,1,Not at Intersection,1,No,1,No,88,Not Applicable,88,Not Applicable,88,Not Applicable,88,Not Applicable,FALSE,1,Public Road,1,"Trafficway, On Road",CT0009300,New Haven PD,46613,46:24.0,C,Closed,01:07.0,,,,,,,
1221228,1,Complete,1221228,1221228,41.31956861,-72.91888173,3709433,New Haven,93,93,New Haven,11/23/2024,2024,11,November,23,7,Saturday,20:13:00,20,24047630,A,1,,Pedalcycle/Pedalcyclist,"Injury of any type (Serious, Minor, Possible)",C,Possible Injury (C),1,0,4,Local,0.66,656,WHITNEY AV,WHITNEY AV,EDWARDS ST,,,,,41.31956861,-72.91888173,10,Pedalcycle/Pedalcyclist,1,Front to rear,1,On Roadway,1,Clear,88,Not Applicable,4,Dark-Lighted,1,Dry,0,None,88,Not Applicable,88,Not Applicable,0,None,88,Not Applicable,88,Not Applicable,2,Intersection,2,Four-Way Intersection,1,No,1,No,88,Not Applicable,88,Not Applicable,88,Not Applicable,88,Not Applicable,FALSE,1,Public Road,1,"Trafficway, On Road",CT0009300,New Haven PD,40085,49:48.0,C,Closed,01:12.0,,,,,,,
1221231,1,Complete,1221231,1221231,41.29647786,-72.93251094,3709436,New Haven,93,93,New Haven,11/24/2024,2024,11,November,24,1,Sunday,12:46:00,12,24047698,A,2,,Motor Vehicle In Motion,"Injury of any type (Serious, Minor, Possible)",C,Possible Injury (C),0,0,4,Local,0.07,84,CARLISLE ST,CARLISLE ST,SALEM ST,,,,,41.29647786,-72.93251094,14,Motor Vehicle in Operation,3,Angle,1,On Roadway,1,Clear,88,Not Applicable,1,Daylight,1,Dry,0,None,88,Not Applicable,88,Not Applicable,0,None,88,Not Applicable,88,Not Applicable,2,Intersection,2,Four-Way Intersection,1,No,1,No,88,Not Applicable,88,Not Applicable,88,Not Applicable,88,Not Applicable,FALSE,1,Public Road,1,"Trafficway, On Road",CT0009300,New Haven PD,26,14:18.0,C,Closed,01:09.0,,,,,,,
1221668,1,Complete,1221668,1221668,41.320905,-72.942359,3709873,New Haven,93,93,New Haven,11/25/2024,2024,11,November,25,2,Monday,14:06:00,14,24047845,A,2,,Motor Vehicle In Motion,"Injury of any type (Serious, Minor, Possible)",A,Suspected Serious Injury (A),0,0,4,Local,0.48,258,GOFFE TER,GOFFE TER,WINTHROP AV NO 2,,,,,41.320905,-72.942359,14,Motor Vehicle in Operation,2,Front to front,1,On Roadway,1,Clear,88,Not Applicable,1,Daylight,1,Dry,0,None,88,Not Applicable,88,Not Applicable,0,None,88,Not Applicable,88,Not Applicable,2,Intersection,2,Four-Way Intersection,1,No,1,No,88,Not Applicable,88,Not Applicable,88,Not Applicable,88,Not Applicable,FALSE,1,Public Road,1,"Trafficway, On Road",CT0009300,New Haven PD,332,57:27.0,C,Closed,01:21.0,,,,,,,
1221979,1,Complete,1221979,1221979,41.314668,-72.899998,3710184,New Haven,93,93,New Haven,11/19/2024,2024,11,November,19,3,Tuesday,8:44:00,8,24047016,A,2,,Motor Vehicle In Motion,"Injury of any type (Serious, Minor, Possible)",C,Possible Injury (C),0,0,4,Local,0.21,379,LOMBARD ST,LOMBARD ST,,FILMORE ST,85,Feet,W,41.314668,-72.899998,14,Motor Vehicle in Operation,2,Front to front,1,On Roadway,1,Clear,88,Not Applicable,1,Daylight,1,Dry,0,None,88,Not Applicable,88,Not Applicable,0,None,88,Not Applicable,88,Not Applicable,1,Non-Junction,1,Not at Intersection,1,No,1,No,88,Not Applicable,88,Not Applicable,88,Not Applicable,88,Not Applicable,FALSE,1,Public Road,1,"Trafficway, On Road",CT0009300,New Haven PD,40789,00:01.0,C,Closed,00:43.0,,,,,,,
1221982,1,Complete,1221982,1221982,41.314033,-72.935235,3710187,New Haven,93,93,New Haven,11/24/2024,2024,11,November,24,1,Sunday,14:30:00,14,24047701,A,3,,Motor Vehicle In Motion,"Injury of any type (Serious, Minor, Possible)",C,Possible Injury (C),0,0,4,Local,0.79,653,WHALLEY AV,WHALLEY AV,,SPERRY ST,150,Feet,E,41.314033,-72.935235,14,Motor Vehicle in Operation,1,Front to rear,1,On Roadway,1,Clear,88,Not Applicable,1,Daylight,1,Dry,0,None,88,Not Applicable,88,Not Applicable,0,None,88,Not Applicable,88,Not Applicable,1,Non-Junction,1,Not at Intersection,1,No,1,No,88,Not Applicable,88,Not Applicable,88,Not Applicable,88,Not Applicable,FALSE,1,Public Road,1,"Trafficway, On Road",CT0009300,New Haven PD,44947,48:09.0,O,Open,00:49.0,,,,,,,
1221986,1,Complete,1221986,1221986,41.328109,-72.915049,3710191,New Haven,93,93,New Haven,11/26/2024,2024,11,November,26,3,Tuesday,9:38:00,9,24047960,A,1,,Pedestrian,"Injury of any type (Serious, Minor, Possible)",C,Possible Injury (C),1,0,4,Local,1.29,656,WHITNEY AV,WHITNEY AV,HIGHLAND ST,,,,,41.328109,-72.915049,9,Pedestrian,88,Not Applicable,1,On Roadway,4,Rain,88,Not Applicable,1,Daylight,2,Wet,0,None,88,Not Applicable,88,Not Applicable,0,None,88,Not Applicable,88,Not Applicable,2,Intersection,3,T-Intersection,1,No,1,No,88,Not Applicable,88,Not Applicable,88,Not Applicable,88,Not Applicable,TRUE,1,Public Road,1,"Trafficway, On Road",CT0009300,New Haven PD,46900,37:19.0,C,Closed,00:48.0,,2,11100,3,PRINCIPAL ARTERIAL - OTHER - NEW HPMS,2,Urban
1221988,1,Complete,1221988,1221988,41.308063,-72.905079,3710193,New Haven,93,93,New Haven,11/26/2024,2024,11,November,26,3,Tuesday,11:29:00,11,24047976,A,1,,Fence,"Injury of any type (Serious, Minor, Possible)",C,Possible Injury (C),0,0,,,,,,458 GRAND AVE,,JOHN W MURPHY,250,Feet,W,41.308063,-72.905079,36,Fence,88,Not Applicable,97,Other,4,Rain,88,Not Applicable,1,Daylight,2,Wet,0,None,88,Not Applicable,88,Not Applicable,0,None,88,Not Applicable,88,Not Applicable,97,Other,1,Not at Intersection,1,No,1,No,88,Not Applicable,88,Not Applicable,88,Not Applicable,88,Not Applicable,FALSE,88,Not Applicable,4,Parking Lot,CT0009300,New Haven PD,42057,04:30.0,C,Closed,00:48.0,,,,,,,
1221992,1,Complete,1221992,1221992,41.307846,-72.947948,3710197,New Haven,93,93,New Haven,11/26/2024,2024,11,November,26,3,Tuesday,16:24:00,16,24048035,A,1,,Pedestrian,"Injury of any type (Serious, Minor, Possible)",C,Possible Injury (C),3,0,4,Local,0.06,775,WINTHROP AV NO 2,WINTHROP AV NO 2,SCRANTON ST,,,,,41.307846,-72.947948,9,Pedestrian,88,Not Applicable,1,On Roadway,1,Clear,88,Not Applicable,1,Daylight,99,Unknown,99,Unknown,88,Not Applicable,88,Not Applicable,99,Unknown,88,Not Applicable,88,Not Applicable,2,Intersection,3,T-Intersection,1,No,1,No,88,Not Applicable,88,Not Applicable,88,Not Applicable,88,Not Applicable,TRUE,1,Public Road,1,"Trafficway, On Road",CT0009300,New Haven PD,40947,14:55.0,C,Closed,00:54.0,,2,3638,7,LOCAL - NEW HPMS,2,Urban
1221993,1,Complete,1221993,1221993,41.298613,-72.889842,3710198,New Haven,93,93,New Haven,11/26/2024,2024,11,November,26,3,Tuesday,19:05:00,19,24048046,A,3,,Motor Vehicle In Motion,"Injury of any type (Serious, Minor, Possible)",C,Possible Injury (C),0,0,4,Local,0.41,498,QUINNIPIAC AV,QUINNIPIAC AV,WARWICK ST,,,,,41.298613,-72.889842,14,Motor Vehicle in Operation,3,Angle,1,On Roadway,1,Clear,88,Not Applicable,4,Dark-Lighted,2,Wet,0,None,88,Not Applicable,88,Not Applicable,0,None,88,Not Applicable,88,Not Applicable,2,Intersection,3,T-Intersection,1,No,1,No,88,Not Applicable,88,Not Applicable,88,Not Applicable,88,Not Applicable,FALSE,1,Public Road,1,"Trafficway, On Road",CT0009300,New Haven PD,46614,03:20.0,C,Closed,00:53.0,,,,,,,
1222352,1,Complete,1222352,1222352,41.311143,-72.944668,3710557,New Haven,93,93,New Haven,11/14/2024,2024,11,November,14,5,Thursday,12:30:00,12,24046409,A,2,,Motor Vehicle In Motion,"Injury of any type (Serious, Minor, Possible)",C,Possible Injury (C),0,0,4,Local,0.37,556,SHERMAN AV,SHERMAN AV,,CHAPEL ST,77,Feet,S,41.311143,-72.944668,32,Tree (standing),3,Angle,1,On Roadway,1,Clear,88,Not Applicable,1,Daylight,1,Dry,0,None,88,Not Applicable,88,Not Applicable,8,Work Zone (construction / maintenance / utility),88,Not Applicable,88,Not Applicable,2,Intersection,2,Four-Way Intersection,1,No,2,Yes,3,Transition Area,2,Lane Shift / Crossover,2,Yes,2,Yes,FALSE,1,Public Road,1,"Trafficway, On Road",CT0009300,New Haven PD,44953,37:45.0,O,Open,00:50.0,,,,,,,
1222357,1,Complete,1222357,1222357,41.3083197,-72.91357051,3710562,New Haven,93,93,New Haven,11/25/2024,2024,11,November,25,2,Monday,18:28:00,18,24047931,A,2,,Motor Vehicle In Motion,"Injury of any type (Serious, Minor, Possible)",C,Possible Injury (C),0,0,4,Local,1.46,264,GRAND AV,GRAND AV,,FRANKLIN ST,55,Feet,E,41.3083197,-72.91357051,14,Motor Vehicle in Operation,3,Angle,1,On Roadway,1,Clear,88,Not Applicable,4,Dark-Lighted,1,Dry,0,None,88,Not Applicable,88,Not Applicable,0,None,88,Not Applicable,88,Not Applicable,9,Driveway Access-Related,1,Not at Intersection,1,No,1,No,88,Not Applicable,88,Not Applicable,88,Not Applicable,88,Not Applicable,FALSE,1,Public Road,1,"Trafficway, On Road",CT0009300,New Haven PD,87,43:33.0,C,Closed,00:55.0,,,,,,,
1222358,1,Complete,1222358,1222358,41.28637408,-72.9362202,3710563,New Haven,93,93,New Haven,11/26/2024,2024,11,November,26,3,Tuesday,22:25:00,22,24048074,A,2,,Motor Vehicle In Motion,"Injury of any type (Serious, Minor, Possible)",B,Suspected Minor Injury (B),0,0,3,State,0.28,10,10-N,10-N,745-E,,,,,41.28637408,-72.9362202,14,Motor Vehicle in Operation,3,Angle,1,On Roadway,1,Clear,88,Not Applicable,4,Dark-Lighted,1,Dry,0,None,88,Not Applicable,88,Not Applicable,0,None,88,Not Applicable,88,Not Applicable,2,Intersection,2,Four-Way Intersection,1,No,1,No,88,Not Applicable,88,Not Applicable,88,Not Applicable,88,Not Applicable,FALSE,1,Public Road,1,"Trafficway, On Road",CT0009300,New Haven PD,45400,19:59.0,O,Open,00:49.0,,,,,,,
1222359,1,Complete,1222359,1222359,41.32825484,-72.92881946,3710564,New Haven,93,93,New Haven,11/27/2024,2024,11,November,27,4,Wednesday,8:13:00,8,24048092,A,2,,Motor Vehicle In Motion,"Injury of any type (Serious, Minor, Possible)",C,Possible Injury (C),0,0,4,Local,0.1,720,HAZEL ST,HAZEL ST,NEWHALL ST,,,,,41.32825484,-72.92881946,14,Motor Vehicle in Operation,3,Angle,1,On Roadway,1,Clear,88,Not Applicable,1,Daylight,1,Dry,0,None,88,Not Applicable,88,Not Applicable,0,None,88,Not Applicable,88,Not Applicable,2,Intersection,2,Four-Way Intersection,1,No,1,No,88,Not Applicable,88,Not Applicable,88,Not Applicable,88,Not Applicable,FALSE,1,Public Road,1,"Trafficway, On Road",CT0009300,New Haven PD,32,49:52.0,C,Closed,00:51.0,,,,,,,
1222538,1,Complete,1222538,1222538,41.32710667,-72.94864191,3710743,New Haven,93,93,New Haven,10/31/2024,2024,10,October,31,5,Thursday,10:06:00,10,24044561,A,1,,Pedestrian,"Injury of any type (Serious, Minor, Possible)",A,Suspected Serious Injury (A),1,2,4,Local,0.42,454,OSBORN AV,OSBORN AV,,DYER ST,5,Feet,S,41.32710667,-72.94864191,9,Pedestrian,88,Not Applicable,1,On Roadway,1,Clear,88,Not Applicable,1,Daylight,1,Dry,0,None,88,Not Applicable,88,Not Applicable,0,None,88,Not Applicable,88,Not Applicable,3,Intersection-Related,3,T-Intersection,1,No,1,No,88,Not Applicable,88,Not Applicable,88,Not Applicable,88,Not Applicable,TRUE,1,Public Road,1,"Trafficway, On Road",CT0009300,New Haven PD,44051,18:17.0,C,Closed,00:19.0,,2,6700,7,LOCAL - NEW HPMS,2,Urban
1222547,1,Complete,1222547,1222547,41.308942,-72.942102,3710752,New Haven,93,93,New Haven,11/28/2024,2024,11,November,28,5,Thursday,11:25:00,11,24048288,A,2,,Motor Vehicle In Motion,"Injury of any type (Serious, Minor, Possible)",C,Possible Injury (C),0,0,4,Local,0.43,248,GEORGE ST,GEORGE ST,,GEORGE ST,60,Feet,S,41.308942,-72.942102,14,Motor Vehicle in Operation,1,Front to rear,1,On Roadway,4,Rain,4,Rain,1,Daylight,2,Wet,0,None,88,Not Applicable,88,Not Applicable,0,None,88,Not Applicable,88,Not Applicable,2,Intersection,2,Four-Way Intersection,1,No,1,No,88,Not Applicable,88,Not Applicable,88,Not Applicable,88,Not Applicable,FALSE,1,Public Road,1,"Trafficway, On Road",CT0009300,New Haven PD,42046,34:54.0,C,Closed,00:23.0,,,,,,,
1222550,1,Complete,1222550,1222550,41.314624,-72.873492,3710755,New Haven,93,93,New Haven,11/28/2024,2024,11,November,28,5,Thursday,17:34:00,17,24048306,A,2,,Motor Vehicle In Motion,"Injury of any type (Serious, Minor, Possible)",B,Suspected Minor Injury (B),0,0,4,Local,0.55,167,EASTERN ST,EASTERN ST,HEMINGWAY ST,,,,,41.314624,-72.873492,14,Motor Vehicle in Operation,3,Angle,1,On Roadway,4,Rain,88,Not Applicable,4,Dark-Lighted,2,Wet,0,None,88,Not Applicable,88,Not Applicable,0,None,88,Not Applicable,88,Not Applicable,2,Intersection,3,T-Intersection,1,No,1,No,88,Not Applicable,88,Not Applicable,88,Not Applicable,88,Not Applicable,FALSE,1,Public Road,1,"Trafficway, On Road",CT0009300,New Haven PD,46622,09:41.0,C,Closed,00:27.0,,,,,,,
1222962,1,Complete,1222962,1222962,41.328469,-72.957634,3711167,New Haven,93,93,New Haven,11/20/2024,2024,11,November,20,4,Wednesday,15:33:00,15,24047219,A,2,,Motor Vehicle In Motion,"Injury of any type (Serious, Minor, Possible)",C,Possible Injury (C),0,0,4,Local,0.83,56,BLAKE ST,BLAKE ST,,STONE ST,60,Feet,W,41.328469,-72.957634,14,Motor Vehicle in Operation,4,"Sideswipe, same direction",1,On Roadway,1,Clear,88,Not Applicable,1,Daylight,1,Dry,0,None,88,Not Applicable,88,Not Applicable,0,None,88,Not Applicable,88,Not Applicable,1,Non-Junction,1,Not at Intersection,1,No,1,No,88,Not Applicable,88,Not Applicable,88,Not Applicable,88,Not Applicable,TRUE,1,Public Road,1,"Trafficway, On Road",CT0009300,New Haven PD,39,35:12.0,C,Closed,02:10.0,,,,,,,
1222967,1,Complete,1222967,1222967,41.3389631,-72.9568644,3711172,New Haven,93,93,New Haven,11/29/2024,2024,11,November,29,6,Friday,6:37:00,6,24048334,A,1,,Utility Pole,"Injury of any type (Serious, Minor, Possible)",B,Suspected Minor Injury (B),0,0,4,Local,0.58,,Wintergreen Avenue,Wintergreen Avenue,,Wilmot Road,155,Feet,S,41.3389631,-72.9568644,33,Utility Pole/Light Support,88,Not Applicable,2,Shoulder,1,Clear,88,Not Applicable,2,Dawn,5,Ice / Frost,0,None,88,Not Applicable,88,Not Applicable,0,None,88,Not Applicable,88,Not Applicable,1,Non-Junction,1,Not at Intersection,1,No,1,No,88,Not Applicable,88,Not Applicable,88,Not Applicable,88,Not Applicable,FALSE,1,Public Road,1,"Trafficway, On Road",CT0009300,New Haven PD,42053,16:15.0,C,Closed,01:50.0,,2,2800,7,LOCAL - NEW HPMS,2,Urban
1222970,1,Complete,1222970,1222970,41.320792,-72.873795,3711175,New Haven,93,93,New Haven,11/29/2024,2024,11,November,29,6,Friday,14:58:00,14,24048368,A,2,,Motor Vehicle In Motion,"Injury of any type (Serious, Minor, Possible)",C,Possible Injury (C),0,0,3,State,0.45,80,80-E,80-E,,QUINNIPIAC AVE,30,Feet,E,41.320792,-72.873795,14,Motor Vehicle in Operation,4,"Sideswipe, same direction",1,On Roadway,1,Clear,88,Not Applicable,1,Daylight,1,Dry,0,None,88,Not Applicable,88,Not Applicable,0,None,88,Not Applicable,88,Not Applicable,1,Non-Junction,1,Not at Intersection,1,No,1,No,88,Not Applicable,88,Not Applicable,88,Not Applicable,88,Not Applicable,FALSE,1,Public Road,1,"Trafficway, On Road",CT0009300,New Haven PD,45699,23:46.0,C,Closed,02:08.0,,,,,,,