CrashId,Fatal Case Status,Fatal Case Status Text Format,CrashId,CrashId,Latitude,Longitude,DOT Case Number,Town Name,Town Number,Town Number,Town Number Text Format,Date Of Crash,Year,Month,Month Text Format,Day,Day of the Week,Day of the Week Text Format,Time of Crash,Hour of the Day,Case Identifier,Crash Severity,Number Of Motor Vehicles,Motor vehicle action,Most harmful event,Crash Severity Text Format,Most Severe Injury,Most Severe Injury Text Format,Number Of Non-Motorist,Number Of Witnesses,Route Class,Route Class Text Format,Milemarker,Road Number,Road Description,Roadway Name,Intersecting Roadway Name,Landmark Description,Distance From Nearest Landmark,Unit Of Measure From Nearest Landmark,Direction From Nearest Landmark,Latitude,Longitude,First Harmful Event,First Harmful Event Text Format,Manner of Crash / Collision Impact,Manner of Crash / Collision Impact Text Format,Location of First Harmful Event,Location of First Harmful Event Text Format,Weather Condition,Weather Condition Text Format,Weather 2,Weather 2 Text Format,Light Condition,Light Condition Text Format,Road Surface Condition,Road Surface Condition Text Format,"Contributing Circumstances, Environment","Contributing Circumstances, Environment Text Format",Environment 2,Environment 2 Text Format,Environment 3,Environment 3 Text Format,"Contributing Circumstances, Road","Contributing Circumstances, Road Text Format",Road 2,Road 2 Text Format,Road 3,Road 3 Text Format,Crash Specific Location,Crash Specific Location Text Format,Type of Intersection,Type of Intersection Text Format,School Bus Related,School Bus Related Text Format,Work Zone Related,Work Zone Related Text Format,Location Of Crash Relative To Work Zone,Location Of Crash Relative To Work Zone Text Format,Type of Work Zone,Type of Work Zone Text Format,Worker Presence,Worker Presence Text Format,Law Enforcement Presence,Law Enforcement Presence Text Format,Were Vehicles Moved Prior To Police Arrival,Trafficway Ownership,Trafficway Ownership Text Format,Trafficway Class,Trafficway Class Text Format,Police Agency,Police Agency Text Format,Badge Number,Approval Date,Police Case Status,Police Case Status Text Format,Crash Report Submission Date,Related Case Identifiers,No. of Through Lanes (Log Dir.),Average Daily Traffic,Functional Classification,Functional Classification Text Format,Rural or Urban,Rural or Urban Text Format
1222971,1,Complete,1222971,1222971,41.272504,-72.896835,3711176,New Haven,93,93,New Haven,11/29/2024,2024,11,November,29,6,Friday,15:14:00,15,24048370,A,2,,Motor Vehicle In Motion,"Injury of any type (Serious, Minor, Possible)",C,Possible Injury (C),0,0,3,State,1.21,337,337-E,337-E,FORT HALE RD NO 2,,,,,41.272504,-72.896835,14,Motor Vehicle in Operation,3,Angle,1,On Roadway,1,Clear,88,Not Applicable,1,Daylight,1,Dry,0,None,88,Not Applicable,88,Not Applicable,0,None,88,Not Applicable,88,Not Applicable,2,Intersection,2,Four-Way Intersection,1,No,1,No,88,Not Applicable,88,Not Applicable,88,Not Applicable,88,Not Applicable,FALSE,1,Public Road,1,"Trafficway, On Road",CT0009300,New Haven PD,46901,16:02.0,C,Closed,02:00.0,,,,,,,
1222972,1,Complete,1222972,1222972,41.305048,-72.93043,3711177,New Haven,93,93,New Haven,11/29/2024,2024,11,November,29,6,Friday,15:17:00,15,24048375,A,2,,Motor Vehicle In Motion,"Injury of any type (Serious, Minor, Possible)",B,Suspected Minor Injury (B),0,0,4,Local,0.52,117,COLLEGE ST,COLLEGE ST,GEORGE ST,,,,,41.305048,-72.93043,14,Motor Vehicle in Operation,3,Angle,1,On Roadway,1,Clear,88,Not Applicable,1,Daylight,1,Dry,0,None,88,Not Applicable,88,Not Applicable,0,None,88,Not Applicable,88,Not Applicable,2,Intersection,2,Four-Way Intersection,1,No,1,No,88,Not Applicable,88,Not Applicable,88,Not Applicable,88,Not Applicable,FALSE,1,Public Road,1,"Trafficway, On Road",CT0009300,New Haven PD,46173,37:12.0,O,Open,01:56.0,,,,,,,
1222975,1,Complete,1222975,1222975,41.309128,-72.942068,3711180,New Haven,93,93,New Haven,11/29/2024,2024,11,November,29,6,Friday,20:22:00,20,24048410,A,2,,Motor Vehicle In Motion,"Injury of any type (Serious, Minor, Possible)",C,Possible Injury (C),0,0,4,Local,0.54,453,ORCHARD ST,ORCHARD ST,GEORGE ST,,,,,41.309128,-72.942068,14,Motor Vehicle in Operation,3,Angle,1,On Roadway,1,Clear,88,Not Applicable,4,Dark-Lighted,1,Dry,0,None,88,Not Applicable,88,Not Applicable,0,None,88,Not Applicable,88,Not Applicable,2,Intersection,2,Four-Way Intersection,1,No,1,No,88,Not Applicable,88,Not Applicable,88,Not Applicable,88,Not Applicable,TRUE,1,Public Road,1,"Trafficway, On Road",CT0009300,New Haven PD,39,54:21.0,O,Open,01:55.0,24048410,,,,,,
1222982,1,Complete,1222982,1222982,41.311341,-72.94453,3711187,New Haven,93,93,New Haven,11/30/2024,2024,11,November,30,7,Saturday,11:17:00,11,24048480,A,2,,Motor Vehicle In Motion,"Injury of any type (Serious, Minor, Possible)",C,Possible Injury (C),0,0,4,Local,0.39,556,SHERMAN AV,SHERMAN AV,CHAPEL ST,,,,,41.311341,-72.94453,14,Motor Vehicle in Operation,3,Angle,1,On Roadway,99,Unknown,88,Not Applicable,1,Daylight,99,Unknown,0,None,88,Not Applicable,88,Not Applicable,0,None,88,Not Applicable,88,Not Applicable,2,Intersection,2,Four-Way Intersection,1,No,1,No,88,Not Applicable,88,Not Applicable,88,Not Applicable,88,Not Applicable,TRUE,1,Public Road,1,"Trafficway, On Road",CT0009300,New Haven PD,47004,13:14.0,O,Open,01:58.0,,,,,,,
1222987,1,Complete,1222987,1222987,41.3209318,-72.93629261,3711192,New Haven,93,93,New Haven,11/30/2024,2024,11,November,30,7,Saturday,18:58:00,18,24048520,A,2,,Motor Vehicle In Motion,"Injury of any type (Serious, Minor, Possible)",A,Suspected Serious Injury (A),0,0,4,Local,0.15,289,HENRY ST,HENRY ST,,ORCHARD STREET ,35,Feet,W,41.3209318,-72.93629261,14,Motor Vehicle in Operation,1,Front to rear,1,On Roadway,1,Clear,88,Not Applicable,4,Dark-Lighted,1,Dry,0,None,88,Not Applicable,88,Not Applicable,0,None,88,Not Applicable,88,Not Applicable,3,Intersection-Related,2,Four-Way Intersection,1,No,1,No,88,Not Applicable,88,Not Applicable,88,Not Applicable,88,Not Applicable,FALSE,1,Public Road,1,"Trafficway, On Road",CT0009300,New Haven PD,44048,34:44.0,C,Closed,02:03.0,,,,,,,
1223730,1,Complete,1223730,1223730,41.333181,-72.920527,3711935,New Haven,93,93,New Haven,12/1/2024,2024,12,December,1,1,Sunday,1:04:00,1,24048552,A,1,,Tree (standing),"Injury of any type (Serious, Minor, Possible)",A,Suspected Serious Injury (A),0,0,4,Local,1.51,495,PROSPECT ST,PROSPECT ST,,OGDEN ST,70,Feet,N,41.333181,-72.920527,32,Tree (standing),88,Not Applicable,4,Roadside,1,Clear,88,Not Applicable,4,Dark-Lighted,1,Dry,0,None,88,Not Applicable,88,Not Applicable,0,None,88,Not Applicable,88,Not Applicable,1,Non-Junction,1,Not at Intersection,1,No,1,No,88,Not Applicable,88,Not Applicable,88,Not Applicable,88,Not Applicable,FALSE,1,Public Road,1,"Trafficway, On Road",CT0009300,New Haven PD,432,48:52.0,C,Closed,00:33.0,,2,7200,4,MINOR ARTERIAL - NEW HPMS,2,Urban
1223731,1,Complete,1223731,1223731,41.303914,-72.927329,3711936,New Haven,93,93,New Haven,12/1/2024,2024,12,December,1,1,Sunday,21:03:00,21,24048661,A,2,,Motor Vehicle In Motion,"Injury of any type (Serious, Minor, Possible)",C,Possible Injury (C),0,0,4,Local,0.01,103,CHURCH ST,CHURCH ST,GEORGE ST,,,,,41.303914,-72.927329,14,Motor Vehicle in Operation,2,Front to front,1,On Roadway,1,Clear,88,Not Applicable,4,Dark-Lighted,1,Dry,0,None,88,Not Applicable,88,Not Applicable,0,None,88,Not Applicable,88,Not Applicable,2,Intersection,2,Four-Way Intersection,1,No,1,No,88,Not Applicable,88,Not Applicable,88,Not Applicable,88,Not Applicable,FALSE,1,Public Road,1,"Trafficway, On Road",CT0009300,New Haven PD,45699,52:56.0,C,Closed,00:33.0,,,,,,,
1223732,1,Complete,1223732,1223732,41.315582,-72.897126,3711937,New Haven,93,93,New Haven,12/2/2024,2024,12,December,2,2,Monday,6:12:00,6,24048677,A,2,,Motor Vehicle In Motion,"Injury of any type (Serious, Minor, Possible)",C,Possible Injury (C),0,0,4,Local,0.29,213,FERRY ST,FERRY ST,,LOMBARD ST,155,Feet,N,41.315582,-72.897126,14,Motor Vehicle in Operation,5,"Sideswipe, opposite direction",1,On Roadway,1,Clear,88,Not Applicable,2,Dawn,1,Dry,0,None,88,Not Applicable,88,Not Applicable,0,None,88,Not Applicable,88,Not Applicable,1,Non-Junction,1,Not at Intersection,1,No,1,No,88,Not Applicable,88,Not Applicable,88,Not Applicable,88,Not Applicable,FALSE,1,Public Road,1,"Trafficway, On Road",CT0009300,New Haven PD,45626,36:56.0,C,Closed,00:39.0,,,,,,,
1223733,1,Complete,1223733,1223733,41.334863,-72.977103,3711938,New Haven,93,93,New Haven,12/2/2024,2024,12,December,2,2,Monday,9:21:00,9,24048692,A,2,,Motor Vehicle In Motion,"Injury of any type (Serious, Minor, Possible)",A,Suspected Serious Injury (A),0,0,3,State,1.31,63,63-N,63-N,WRIGHT AVE,,,,,41.334863,-72.977103,14,Motor Vehicle in Operation,3,Angle,1,On Roadway,1,Clear,88,Not Applicable,1,Daylight,1,Dry,0,None,88,Not Applicable,88,Not Applicable,0,None,88,Not Applicable,88,Not Applicable,2,Intersection,8,"Five-Point, or More",1,No,1,No,88,Not Applicable,88,Not Applicable,88,Not Applicable,88,Not Applicable,FALSE,1,Public Road,1,"Trafficway, On Road",CT0009300,New Haven PD,332,32:53.0,C,Closed,00:35.0,,,,,,,
1223736,1,Complete,1223736,1223736,41.32362,-72.940224,3711941,New Haven,93,93,New Haven,12/2/2024,2024,12,December,2,2,Monday,14:24:00,14,24048750,A,2,,Motor Vehicle In Motion,"Injury of any type (Serious, Minor, Possible)",C,Possible Injury (C),0,0,4,Local,0.76,429,MUNSON ST,MUNSON ST,,CRESCENT ST,58,Feet,E,41.32362,-72.940224,14,Motor Vehicle in Operation,1,Front to rear,1,On Roadway,1,Clear,88,Not Applicable,1,Daylight,1,Dry,3,Glare,88,Not Applicable,88,Not Applicable,0,None,88,Not Applicable,88,Not Applicable,2,Intersection,2,Four-Way Intersection,2,"Yes, School Bus Directly Involved",1,No,88,Not Applicable,88,Not Applicable,88,Not Applicable,88,Not Applicable,FALSE,1,Public Road,1,"Trafficway, On Road",CT0009300,New Haven PD,276,14:15.0,C,Closed,00:37.0,24048750,,,,,,
1224105,1,Complete,1224105,1224105,41.317009,-72.876651,3712310,New Haven,93,93,New Haven,12/2/2024,2024,12,December,2,2,Monday,23:39:00,23,24048821,A,1,,Tree (standing),"Injury of any type (Serious, Minor, Possible)",B,Suspected Minor Injury (B),0,0,4,Local,1.92,498,QUINNIPIAC AV,QUINNIPIAC AV,,ESSEX ST,60,Feet,S,41.317009,-72.876651,32,Tree (standing),88,Not Applicable,4,Roadside,1,Clear,88,Not Applicable,4,Dark-Lighted,1,Dry,0,None,88,Not Applicable,88,Not Applicable,0,None,88,Not Applicable,88,Not Applicable,1,Non-Junction,1,Not at Intersection,1,No,1,No,88,Not Applicable,88,Not Applicable,88,Not Applicable,88,Not Applicable,FALSE,1,Public Road,1,"Trafficway, On Road",CT0009300,New Haven PD,44063,06:14.0,C,Closed,00:17.0,,,,,,,
1224419,1,Complete,1224419,1224419,41.30185588,-72.94036817,3712624,New Haven,93,93,New Haven,12/4/2024,2024,12,December,4,4,Wednesday,10:36:00,10,24049047,A,2,,Motor Vehicle In Motion,"Injury of any type (Serious, Minor, Possible)",B,Suspected Minor Injury (B),1,0,4,Local,0.49,141,DAVENPORT AV,DAVENPORT AV,ELLIOTT ST,,,,,41.30185588,-72.94036817,14,Motor Vehicle in Operation,3,Angle,1,On Roadway,1,Clear,88,Not Applicable,1,Daylight,1,Dry,0,None,88,Not Applicable,88,Not Applicable,0,None,88,Not Applicable,88,Not Applicable,2,Intersection,3,T-Intersection,1,No,1,No,88,Not Applicable,88,Not Applicable,88,Not Applicable,88,Not Applicable,FALSE,1,Public Road,1,"Trafficway, On Road",CT0009300,New Haven PD,40800,29:56.0,C,Closed,00:32.0,,,,,,,
1224420,1,Complete,1224420,1224420,41.302302,-72.935802,3712625,New Haven,93,93,New Haven,12/4/2024,2024,12,December,4,4,Wednesday,15:18:00,15,24049078,A,2,,Motor Vehicle In Motion,"Injury of any type (Serious, Minor, Possible)",C,Possible Injury (C),0,0,4,Local,0.28,308,HOWARD AV,HOWARD AV,,DAVENPORT AVE,350,Feet,S,41.302302,-72.935802,14,Motor Vehicle in Operation,3,Angle,1,On Roadway,1,Clear,88,Not Applicable,1,Daylight,1,Dry,0,None,88,Not Applicable,88,Not Applicable,0,None,88,Not Applicable,88,Not Applicable,9,Driveway Access-Related,1,Not at Intersection,1,No,1,No,88,Not Applicable,88,Not Applicable,88,Not Applicable,88,Not Applicable,FALSE,1,Public Road,1,"Trafficway, On Road",CT0009300,New Haven PD,33016,51:20.0,C,Closed,00:32.0,,,,,,,
1224422,1,Complete,1224422,1224422,41.305964,-72.942579,3712627,New Haven,93,93,New Haven,12/4/2024,2024,12,December,4,4,Wednesday,16:48:00,16,24049105,A,2,,Motor Vehicle In Motion,"Injury of any type (Serious, Minor, Possible)",C,Possible Injury (C),0,0,4,Local,0.32,453,ORCHARD ST,ORCHARD ST,,LEGION AV-RT 34,6,Feet,S,41.305964,-72.942579,14,Motor Vehicle in Operation,1,Front to rear,1,On Roadway,1,Clear,88,Not Applicable,1,Daylight,1,Dry,0,None,88,Not Applicable,88,Not Applicable,0,None,88,Not Applicable,88,Not Applicable,3,Intersection-Related,2,Four-Way Intersection,1,No,1,No,88,Not Applicable,88,Not Applicable,88,Not Applicable,88,Not Applicable,FALSE,1,Public Road,1,"Trafficway, On Road",CT0009300,New Haven PD,33016,58:41.0,C,Closed,00:33.0,,,,,,,
1225238,1,Complete,1225238,1225238,41.32563618,-72.88043406,924172,New Haven,93,93,New Haven,7/27/2024,2024,7,July,27,7,Saturday,1:52:00,1,24030633,K,3,Straight Ahead,Motor Vehicle In Motion,Fatal (Kill),K,Fatal Injury (K),0,1,3,State,0.36,17,17-N,17-N,,BARNES AVENUE,515,Feet,S,41.32563618,-72.88043406,14,Motor Vehicle in Operation,2,Front to front,1,On Roadway,1,Clear,88,Not Applicable,5,Dark-Not Lighted,1,Dry,0,None,88,Not Applicable,88,Not Applicable,0,None,88,Not Applicable,88,Not Applicable,1,Non-Junction,1,Not at Intersection,1,No,1,No,88,Not Applicable,88,Not Applicable,88,Not Applicable,88,Not Applicable,FALSE,1,Public Road,1,"Trafficway, On Road",CT0009300,New Haven PD,44947,04:00.0,O,Open,01:41.0,,,,,,,
1225247,1,Complete,1225247,1225247,41.310328,-72.895762,3713452,New Haven,93,93,New Haven,12/5/2024,2024,12,December,5,5,Thursday,17:00:00,17,24049238,A,3,,Motor Vehicle In Motion,"Injury of any type (Serious, Minor, Possible)",C,Possible Injury (C),0,0,4,Local,0.66,213,FERRY ST,FERRY ST,,CLAY ST,200,Feet,S,41.310328,-72.895762,14,Motor Vehicle in Operation,1,Front to rear,1,On Roadway,1,Clear,88,Not Applicable,3,Dusk,1,Dry,0,None,88,Not Applicable,88,Not Applicable,0,None,88,Not Applicable,88,Not Applicable,1,Non-Junction,1,Not at Intersection,1,No,1,No,88,Not Applicable,88,Not Applicable,88,Not Applicable,88,Not Applicable,FALSE,1,Public Road,1,"Trafficway, On Road",CT0009300,New Haven PD,409,42:23.0,C,Closed,01:47.0,,,,,,,
1225248,1,Complete,1225248,1225248,41.309152,-72.942024,3713453,New Haven,93,93,New Haven,12/6/2024,2024,12,December,6,6,Friday,1:15:00,1,24049258,A,3,,Motor Vehicle In Motion,"Injury of any type (Serious, Minor, Possible)",C,Possible Injury (C),0,1,4,Local,0.54,453,ORCHARD ST,ORCHARD ST,GEORGE ST,,,,,41.309152,-72.942024,14,Motor Vehicle in Operation,3,Angle,1,On Roadway,1,Clear,88,Not Applicable,4,Dark-Lighted,1,Dry,0,None,88,Not Applicable,88,Not Applicable,0,None,88,Not Applicable,88,Not Applicable,2,Intersection,2,Four-Way Intersection,1,No,1,No,88,Not Applicable,88,Not Applicable,88,Not Applicable,88,Not Applicable,FALSE,1,Public Road,1,"Trafficway, On Road",CT0009300,New Haven PD,44055,02:04.0,C,Closed,01:48.0,,,,,,,
1225251,1,Complete,1225251,1225251,41.309242,-72.919564,3713456,New Haven,93,93,New Haven,12/6/2024,2024,12,December,6,6,Friday,9:44:00,9,24049276,A,2,,Motor Vehicle In Motion,"Injury of any type (Serious, Minor, Possible)",C,Possible Injury (C),0,1,4,Local,1,575,STATE ST,STATE ST,GROVE ST,,,,,41.309242,-72.919564,14,Motor Vehicle in Operation,3,Angle,1,On Roadway,1,Clear,88,Not Applicable,1,Daylight,1,Dry,0,None,88,Not Applicable,88,Not Applicable,0,None,88,Not Applicable,88,Not Applicable,2,Intersection,2,Four-Way Intersection,1,No,1,No,88,Not Applicable,88,Not Applicable,88,Not Applicable,88,Not Applicable,TRUE,1,Public Road,1,"Trafficway, On Road",CT0009300,New Haven PD,44947,51:16.0,C,Closed,01:58.0,,,,,,,
1225257,1,Complete,1225257,1225257,41.33347,-72.950548,3713462,New Haven,93,93,New Haven,12/6/2024,2024,12,December,6,6,Friday,16:52:00,16,24049334,A,2,,Motor Vehicle In Motion,"Injury of any type (Serious, Minor, Possible)",C,Possible Injury (C),0,0,4,Local,0,208,FARNHAM AV,FARNHAM AV,WINTERGREEN AV,,,,,41.33347,-72.950548,14,Motor Vehicle in Operation,3,Angle,1,On Roadway,1,Clear,88,Not Applicable,4,Dark-Lighted,1,Dry,0,None,88,Not Applicable,88,Not Applicable,0,None,88,Not Applicable,88,Not Applicable,2,Intersection,3,T-Intersection,1,No,1,No,88,Not Applicable,88,Not Applicable,88,Not Applicable,88,Not Applicable,FALSE,1,Public Road,1,"Trafficway, On Road",CT0009300,New Haven PD,42045,03:13.0,C,Closed,01:54.0,,,,,,,
1225259,1,Complete,1225259,1225259,41.322466,-72.878306,3713464,New Haven,93,93,New Haven,12/6/2024,2024,12,December,6,6,Friday,16:47:00,16,24049337,A,2,,Motor Vehicle In Motion,"Injury of any type (Serious, Minor, Possible)",C,Possible Injury (C),0,0,3,State,0.19,80,80-E,80-E,,QUINNIPIAC AVE,1275,Feet,W,41.322466,-72.878306,14,Motor Vehicle in Operation,1,Front to rear,1,On Roadway,1,Clear,88,Not Applicable,3,Dusk,1,Dry,0,None,88,Not Applicable,88,Not Applicable,0,None,88,Not Applicable,88,Not Applicable,1,Non-Junction,1,Not at Intersection,1,No,1,No,88,Not Applicable,88,Not Applicable,88,Not Applicable,88,Not Applicable,TRUE,1,Public Road,1,"Trafficway, On Road",CT0009300,New Haven PD,39,37:35.0,C,Closed,01:54.0,,,,,,,
1225270,1,Complete,1225270,1225270,41.318306,-72.914556,3713475,New Haven,93,93,New Haven,12/7/2024,2024,12,December,7,7,Saturday,16:16:00,16,24049441,A,3,,Motor Vehicle In Motion,"Injury of any type (Serious, Minor, Possible)",C,Possible Injury (C),0,0,4,Local,0.7,450,ORANGE ST NO 1,ORANGE ST NO 1,,EDWARDS ST,40,Feet,N,41.318306,-72.914556,14,Motor Vehicle in Operation,2,Front to front,1,On Roadway,1,Clear,88,Not Applicable,1,Daylight,1,Dry,0,None,88,Not Applicable,88,Not Applicable,0,None,88,Not Applicable,88,Not Applicable,1,Non-Junction,1,Not at Intersection,1,No,1,No,88,Not Applicable,88,Not Applicable,88,Not Applicable,88,Not Applicable,FALSE,1,Public Road,1,"Trafficway, On Road",CT0009300,New Haven PD,40085,11:05.0,C,Closed,02:05.0,,,,,,,
1225272,1,Complete,1225272,1225272,41.313237,-72.921805,3713477,New Haven,93,93,New Haven,12/7/2024,2024,12,December,7,7,Saturday,17:12:00,17,24049455,A,2,,Motor Vehicle In Motion,"Injury of any type (Serious, Minor, Possible)",C,Possible Injury (C),0,0,4,Local,0.19,656,WHITNEY AV,WHITNEY AV,,TRUMBULL ST,30,Feet,N,41.313237,-72.921805,14,Motor Vehicle in Operation,1,Front to rear,1,On Roadway,1,Clear,88,Not Applicable,4,Dark-Lighted,1,Dry,0,None,88,Not Applicable,88,Not Applicable,0,None,88,Not Applicable,88,Not Applicable,3,Intersection-Related,2,Four-Way Intersection,1,No,1,No,88,Not Applicable,88,Not Applicable,88,Not Applicable,88,Not Applicable,FALSE,1,Public Road,1,"Trafficway, On Road",CT0009300,New Haven PD,42057,10:26.0,C,Closed,02:05.0,,,,,,,
1226039,1,Complete,1226039,1226039,41.309494,-72.899427,3714244,New Haven,93,93,New Haven,12/9/2024,2024,12,December,9,2,Monday,7:22:00,7,24049605,A,1,,Pedestrian,"Injury of any type (Serious, Minor, Possible)",C,Possible Injury (C),1,0,4,Local,0.44,57,BLATCHLEY AV,BLATCHLEY AV,,MONROE ST,130,Feet,S,41.309494,-72.899427,9,Pedestrian,88,Not Applicable,1,On Roadway,1,Clear,88,Not Applicable,1,Daylight,1,Dry,0,None,88,Not Applicable,88,Not Applicable,0,None,88,Not Applicable,88,Not Applicable,1,Non-Junction,1,Not at Intersection,1,No,1,No,88,Not Applicable,88,Not Applicable,88,Not Applicable,88,Not Applicable,FALSE,1,Public Road,1,"Trafficway, On Road",CT0009300,New Haven PD,42057,31:30.0,C,Closed,00:47.0,,,,,,,
1226044,1,Complete,1226044,1226044,41.326015,-72.95875,3714249,New Haven,93,93,New Haven,12/9/2024,2024,12,December,9,2,Monday,17:17:00,17,24049661,A,2,,Motor Vehicle In Motion,"Injury of any type (Serious, Minor, Possible)",C,Possible Injury (C),0,0,3,State,0.12,63,63-N,63-N,,W ROCK AV,89,Feet,W,41.326015,-72.95875,14,Motor Vehicle in Operation,3,Angle,1,On Roadway,4,Rain,88,Not Applicable,3,Dusk,2,Wet,0,None,88,Not Applicable,88,Not Applicable,0,None,88,Not Applicable,88,Not Applicable,3,Intersection-Related,3,T-Intersection,1,No,1,No,88,Not Applicable,88,Not Applicable,88,Not Applicable,88,Not Applicable,FALSE,1,Public Road,1,"Trafficway, On Road",CT0009300,New Haven PD,170,07:22.0,C,Closed,00:54.0,,,,,,,
1226045,1,Complete,1226045,1226045,41.313862,-72.903941,3714250,New Haven,93,93,New Haven,12/9/2024,2024,12,December,9,2,Monday,16:23:00,16,24049663,A,1,,Pedestrian,"Injury of any type (Serious, Minor, Possible)",C,Possible Injury (C),1,0,4,Local,0.17,327,JAMES ST,JAMES ST,,LOMBARD ST,80,Feet,S,41.313862,-72.903941,9,Pedestrian,88,Not Applicable,1,On Roadway,4,Rain,88,Not Applicable,1,Daylight,2,Wet,99,Unknown,88,Not Applicable,88,Not Applicable,0,None,88,Not Applicable,88,Not Applicable,1,Non-Junction,1,Not at Intersection,1,No,1,No,88,Not Applicable,88,Not Applicable,88,Not Applicable,88,Not Applicable,FALSE,1,Public Road,1,"Trafficway, On Road",CT0009300,New Haven PD,46627,45:57.0,C,Closed,00:53.0,,,,,,,
1226046,1,Complete,1226046,1226046,41.322017,-72.945342,3714251,New Haven,93,93,New Haven,12/9/2024,2024,12,December,9,2,Monday,14:42:00,14,24049664,A,2,,Motor Vehicle In Motion,"Injury of any type (Serious, Minor, Possible)",C,Possible Injury (C),0,0,4,Local,0.31,258,GOFFE TER,GOFFE TER,ELLSWORTH AVE,,,,,41.322017,-72.945342,14,Motor Vehicle in Operation,1,Front to rear,1,On Roadway,4,Rain,88,Not Applicable,1,Daylight,2,Wet,0,None,88,Not Applicable,88,Not Applicable,0,None,88,Not Applicable,88,Not Applicable,3,Intersection-Related,2,Four-Way Intersection,1,No,1,No,88,Not Applicable,88,Not Applicable,88,Not Applicable,88,Not Applicable,FALSE,1,Public Road,1,"Trafficway, On Road",CT0009300,New Haven PD,276,35:11.0,C,Closed,00:52.0,24049664,,,,,,
1226047,1,Complete,1226047,1226047,41.321122,-72.878108,3714252,New Haven,93,93,New Haven,12/9/2024,2024,12,December,9,2,Monday,14:05:00,14,24049667,A,2,,Motor Vehicle In Motion,"Injury of any type (Serious, Minor, Possible)",C,Possible Injury (C),0,0,,,,,,315 FOXON BLVD,,FOXON BLVD,386.6000061,Feet,N,41.321122,-72.878108,14,Motor Vehicle in Operation,2,Front to front,1,On Roadway,4,Rain,88,Not Applicable,3,Dusk,2,Wet,0,None,88,Not Applicable,88,Not Applicable,0,None,88,Not Applicable,88,Not Applicable,3,Intersection-Related,2,Four-Way Intersection,1,No,1,No,88,Not Applicable,88,Not Applicable,88,Not Applicable,88,Not Applicable,TRUE,2,Private Road,4,Parking Lot,CT0009300,New Haven PD,26,05:36.0,C,Closed,00:55.0,,,,,,,
1226048,1,Complete,1226048,1226048,41.30977,-72.9452,3714253,New Haven,93,93,New Haven,12/9/2024,2024,12,December,9,2,Monday,16:54:00,16,24049670,A,2,,Motor Vehicle In Motion,"Injury of any type (Serious, Minor, Possible)",C,Possible Injury (C),0,0,4,Local,0.28,556,SHERMAN AV,SHERMAN AV,GEORGE ST,,,,,41.30977,-72.9452,14,Motor Vehicle in Operation,1,Front to rear,1,On Roadway,4,Rain,88,Not Applicable,4,Dark-Lighted,2,Wet,0,None,88,Not Applicable,88,Not Applicable,0,None,88,Not Applicable,88,Not Applicable,2,Intersection,2,Four-Way Intersection,1,No,1,No,88,Not Applicable,88,Not Applicable,88,Not Applicable,88,Not Applicable,FALSE,1,Public Road,1,"Trafficway, On Road",CT0009300,New Haven PD,11439,26:45.0,C,Closed,00:49.0,,,,,,,
1226523,1,Complete,1226523,1226523,41.286873,-72.893011,3714728,New Haven,93,93,New Haven,12/9/2024,2024,12,December,9,2,Monday,22:43:00,22,24049706,A,2,,Motor Vehicle In Motion,"Injury of any type (Serious, Minor, Possible)",C,Possible Injury (C),0,1,3,State,0.2,337,337-E,337-E,JOHN ST,,,,,41.286873,-72.893011,14,Motor Vehicle in Operation,1,Front to rear,1,On Roadway,4,Rain,88,Not Applicable,4,Dark-Lighted,2,Wet,0,None,88,Not Applicable,88,Not Applicable,0,None,88,Not Applicable,88,Not Applicable,2,Intersection,3,T-Intersection,1,No,1,No,88,Not Applicable,88,Not Applicable,88,Not Applicable,88,Not Applicable,FALSE,1,Public Road,1,"Trafficway, On Road",CT0009300,New Haven PD,45388,40:24.0,C,Closed,00:44.0,,,,,,,
1226925,1,Complete,1226925,1226925,41.32058228,-72.9700524,3715130,New Haven,93,93,New Haven,12/11/2024,2024,12,December,11,4,Wednesday,9:11:00,9,24049862,A,2,,Motor Vehicle In Motion,"Injury of any type (Serious, Minor, Possible)",C,Possible Injury (C),0,0,3,State,2.9,122,122-N,122-N,,EDGEWOOD WAY,75,Feet,N,41.32058228,-72.9700524,14,Motor Vehicle in Operation,1,Front to rear,1,On Roadway,4,Rain,88,Not Applicable,1,Daylight,2,Wet,1,Weather Conditions,88,Not Applicable,88,Not Applicable,0,None,88,Not Applicable,88,Not Applicable,3,Intersection-Related,2,Four-Way Intersection,1,No,1,No,88,Not Applicable,88,Not Applicable,88,Not Applicable,88,Not Applicable,FALSE,1,Public Road,1,"Trafficway, On Road",CT0009300,New Haven PD,44062,25:35.0,C,Closed,00:21.0,,,,,,,