CrashId,Fatal Case Status,Fatal Case Status Text Format,CrashId,CrashId,Latitude,Longitude,DOT Case Number,Town Name,Town Number,Town Number,Town Number Text Format,Date Of Crash,Year,Month,Month Text Format,Day,Day of the Week,Day of the Week Text Format,Time of Crash,Hour of the Day,Case Identifier,Crash Severity,Number Of Motor Vehicles,Motor vehicle action,Most harmful event,Crash Severity Text Format,Most Severe Injury,Most Severe Injury Text Format,Number Of Non-Motorist,Number Of Witnesses,Route Class,Route Class Text Format,Milemarker,Road Number,Road Description,Roadway Name,Intersecting Roadway Name,Landmark Description,Distance From Nearest Landmark,Unit Of Measure From Nearest Landmark,Direction From Nearest Landmark,Latitude,Longitude,First Harmful Event,First Harmful Event Text Format,Manner of Crash / Collision Impact,Manner of Crash / Collision Impact Text Format,Location of First Harmful Event,Location of First Harmful Event Text Format,Weather Condition,Weather Condition Text Format,Weather 2,Weather 2 Text Format,Light Condition,Light Condition Text Format,Road Surface Condition,Road Surface Condition Text Format,"Contributing Circumstances, Environment","Contributing Circumstances, Environment Text Format",Environment 2,Environment 2 Text Format,Environment 3,Environment 3 Text Format,"Contributing Circumstances, Road","Contributing Circumstances, Road Text Format",Road 2,Road 2 Text Format,Road 3,Road 3 Text Format,Crash Specific Location,Crash Specific Location Text Format,Type of Intersection,Type of Intersection Text Format,School Bus Related,School Bus Related Text Format,Work Zone Related,Work Zone Related Text Format,Location Of Crash Relative To Work Zone,Location Of Crash Relative To Work Zone Text Format,Type of Work Zone,Type of Work Zone Text Format,Worker Presence,Worker Presence Text Format,Law Enforcement Presence,Law Enforcement Presence Text Format,Were Vehicles Moved Prior To Police Arrival,Trafficway Ownership,Trafficway Ownership Text Format,Trafficway Class,Trafficway Class Text Format,Police Agency,Police Agency Text Format,Badge Number,Approval Date,Police Case Status,Police Case Status Text Format,Crash Report Submission Date,Related Case Identifiers,No. of Through Lanes (Log Dir.),Average Daily Traffic,Functional Classification,Functional Classification Text Format,Rural or Urban,Rural or Urban Text Format
1229177,1,Complete,1229177,1229177,41.320263,-72.923074,3717382,New Haven,93,93,New Haven,12/18/2024,2024,12,December,18,4,Wednesday,9:53:00,9,24050771,A,2,,Motor Vehicle In Motion,"Injury of any type (Serious, Minor, Possible)",C,Possible Injury (C),0,0,4,Local,0.01,184,EDWARDS ST,EDWARDS ST,,PROSPECT ST,55,Feet,E,41.320263,-72.923074,14,Motor Vehicle in Operation,1,Front to rear,1,On Roadway,1,Clear,88,Not Applicable,1,Daylight,1,Dry,0,None,88,Not Applicable,88,Not Applicable,0,None,88,Not Applicable,88,Not Applicable,3,Intersection-Related,3,T-Intersection,1,No,1,No,88,Not Applicable,88,Not Applicable,88,Not Applicable,88,Not Applicable,FALSE,1,Public Road,1,"Trafficway, On Road",CT0009300,New Haven PD,42044,38:36.0,C,Closed,01:26.0,,,,,,,
1229179,1,Complete,1229179,1229179,41.30175394,-72.92666205,3717384,New Haven,93,93,New Haven,12/18/2024,2024,12,December,18,4,Wednesday,10:40:00,10,24050773,A,2,,Motor Vehicle In Motion,"Injury of any type (Serious, Minor, Possible)",C,Possible Injury (C),0,0,4,Local,0.08,,REV DR MLK JR BLVD,REV DR MLK JR BLVD ,,CHURCH ST,50,Feet,E,41.30175394,-72.92666205,14,Motor Vehicle in Operation,4,"Sideswipe, same direction",1,On Roadway,1,Clear,88,Not Applicable,1,Daylight,1,Dry,0,None,88,Not Applicable,88,Not Applicable,0,None,88,Not Applicable,88,Not Applicable,3,Intersection-Related,2,Four-Way Intersection,1,No,1,No,88,Not Applicable,88,Not Applicable,88,Not Applicable,88,Not Applicable,TRUE,1,Public Road,1,"Trafficway, On Road",CT0009300,New Haven PD,301,21:47.0,C,Closed,01:18.0,,,,,,,
1229518,1,Complete,1229518,1229518,41.330147,-72.983918,3717723,New Haven,93,93,New Haven,12/14/2024,2024,12,December,14,7,Saturday,23:42:00,23,24050367,A,2,,Motor Vehicle In Motion,"Injury of any type (Serious, Minor, Possible)",B,Suspected Minor Injury (B),0,0,3,State,5.37,243,243-E,243-E,LONGHILL TER,,,,,41.330147,-72.983918,14,Motor Vehicle in Operation,3,Angle,1,On Roadway,1,Clear,88,Not Applicable,4,Dark-Lighted,1,Dry,0,None,88,Not Applicable,88,Not Applicable,0,None,88,Not Applicable,88,Not Applicable,2,Intersection,3,T-Intersection,1,No,1,No,88,Not Applicable,88,Not Applicable,88,Not Applicable,88,Not Applicable,FALSE,1,Public Road,1,"Trafficway, On Road",CT0009300,New Haven PD,45396,51:08.0,C,Closed,00:38.0,,,,,,,
1229519,1,Complete,1229519,1229519,41.316645,-72.942463,3717724,New Haven,93,93,New Haven,12/15/2024,2024,12,December,15,1,Sunday,18:37:00,18,24050416,A,2,,Motor Vehicle In Motion,"Injury of any type (Serious, Minor, Possible)",B,Suspected Minor Injury (B),0,0,4,Local,0.38,653,WHALLEY AV,WHALLEY AV,SHERMAN AV,,,,,41.316645,-72.942463,14,Motor Vehicle in Operation,3,Angle,1,On Roadway,1,Clear,88,Not Applicable,4,Dark-Lighted,1,Dry,0,None,88,Not Applicable,88,Not Applicable,97,Other,88,Not Applicable,88,Not Applicable,2,Intersection,2,Four-Way Intersection,1,No,1,No,88,Not Applicable,88,Not Applicable,88,Not Applicable,88,Not Applicable,FALSE,1,Public Road,1,"Trafficway, On Road",CT0009300,New Haven PD,760,09:37.0,C,Closed,00:47.0,NONE,,,,,,
1229529,1,Complete,1229529,1229529,41.319273,-72.949575,3717734,New Haven,93,93,New Haven,12/19/2024,2024,12,December,19,5,Thursday,8:26:00,8,24050873,A,3,,Motor Vehicle In Motion,"Injury of any type (Serious, Minor, Possible)",C,Possible Injury (C),0,0,3,State,3.06,10,10-N,10-N,,ELLA T GRASSO BLVD,141,Feet,W,41.319273,-72.949575,14,Motor Vehicle in Operation,1,Front to rear,1,On Roadway,1,Clear,88,Not Applicable,1,Daylight,1,Dry,3,Glare,88,Not Applicable,88,Not Applicable,99,Unknown,88,Not Applicable,88,Not Applicable,2,Intersection,2,Four-Way Intersection,1,No,1,No,88,Not Applicable,88,Not Applicable,88,Not Applicable,88,Not Applicable,FALSE,1,Public Road,1,"Trafficway, On Road",CT0009300,New Haven PD,332,27:01.0,C,Closed,00:39.0,,,,,,,
1229530,1,Complete,1229530,1229530,41.304881,-72.934175,3717735,New Haven,93,93,New Haven,12/19/2024,2024,12,December,19,5,Thursday,9:14:00,9,24050881,A,1,,Pedestrian,"Injury of any type (Serious, Minor, Possible)",B,Suspected Minor Injury (B),1,0,4,Local,0.19,565,SOUTH FRONTAGE RD-RT 34,SOUTH FRONTAGE RD-RT 34,YORK ST,,,,,41.304881,-72.934175,9,Pedestrian,88,Not Applicable,1,On Roadway,1,Clear,88,Not Applicable,1,Daylight,1,Dry,0,None,88,Not Applicable,88,Not Applicable,0,None,88,Not Applicable,88,Not Applicable,2,Intersection,2,Four-Way Intersection,1,No,1,No,88,Not Applicable,88,Not Applicable,88,Not Applicable,88,Not Applicable,FALSE,1,Public Road,1,"Trafficway, On Road",CT0009300,New Haven PD,46898,08:22.0,C,Closed,00:45.0,,,,,,,
1229536,1,Complete,1229536,1229536,41.307952,-72.930413,3717741,New Haven,93,93,New Haven,12/19/2024,2024,12,December,19,5,Thursday,20:35:00,20,202403002,A,1,,Pedestrian,"Injury of any type (Serious, Minor, Possible)",C,Possible Injury (C),1,1,4,Local,2.04,97,CHAPEL ST,CHAPEL ST,HIGH ST,,,,,41.307952,-72.930413,9,Pedestrian,88,Not Applicable,1,On Roadway,4,Rain,88,Not Applicable,4,Dark-Lighted,2,Wet,1,Weather Conditions,88,Not Applicable,88,Not Applicable,0,None,88,Not Applicable,88,Not Applicable,2,Intersection,2,Four-Way Intersection,1,No,1,No,88,Not Applicable,88,Not Applicable,88,Not Applicable,88,Not Applicable,FALSE,1,Public Road,1,"Trafficway, On Road",CT0009300,New Haven PD,338,46:46.0,C,Closed,02:25.0,2024-03002,,,,,,
1230881,1,Complete,1230881,1230881,41.334869,-72.937801,3719086,New Haven,93,93,New Haven,12/22/2024,2024,12,December,22,1,Sunday,17:07:00,17,24051249,A,1,,Tree (standing),"Injury of any type (Serious, Minor, Possible)",C,Possible Injury (C),0,0,4,Local,1.1,557,SHERMAN PKWY,SHERMAN PKWY,,ELIZABETH ST,20,Feet,S,41.334869,-72.937801,32,Tree (standing),88,Not Applicable,1,On Roadway,1,Clear,88,Not Applicable,4,Dark-Lighted,1,Dry,0,None,88,Not Applicable,88,Not Applicable,0,None,88,Not Applicable,88,Not Applicable,1,Non-Junction,1,Not at Intersection,1,No,1,No,88,Not Applicable,88,Not Applicable,88,Not Applicable,88,Not Applicable,FALSE,1,Public Road,1,"Trafficway, On Road",CT0009300,New Haven PD,46625,39:23.0,C,Closed,01:32.0,,,,,,,
1230886,1,Complete,1230886,1230886,41.320974,-72.935921,3719091,New Haven,93,93,New Haven,12/23/2024,2024,12,December,23,2,Monday,11:49:00,11,24051320,A,1,,Utility Pole,"Injury of any type (Serious, Minor, Possible)",C,Possible Injury (C),0,0,4,Local,0.17,289,HENRY ST,HENRY ST,,ORCHARD ST,15,Feet,W,41.320974,-72.935921,33,Utility Pole/Light Support,88,Not Applicable,1,On Roadway,1,Clear,88,Not Applicable,1,Daylight,1,Dry,0,None,88,Not Applicable,88,Not Applicable,0,None,88,Not Applicable,88,Not Applicable,3,Intersection-Related,2,Four-Way Intersection,1,No,1,No,88,Not Applicable,88,Not Applicable,88,Not Applicable,88,Not Applicable,FALSE,1,Public Road,1,"Trafficway, On Road",CT0009300,New Haven PD,43689,58:40.0,C,Closed,01:22.0,,,,,,,
1230890,1,Complete,1230890,1230890,41.307069,-72.934942,3719095,New Haven,93,93,New Haven,12/23/2024,2024,12,December,23,2,Monday,20:10:00,20,24051354,A,2,,Motor Vehicle In Motion,"Injury of any type (Serious, Minor, Possible)",C,Possible Injury (C),0,0,4,Local,0.34,463,PARK ST,PARK ST,GEORGE ST,,,,,41.307069,-72.934942,14,Motor Vehicle in Operation,3,Angle,1,On Roadway,1,Clear,88,Not Applicable,4,Dark-Lighted,1,Dry,0,None,88,Not Applicable,88,Not Applicable,0,None,88,Not Applicable,88,Not Applicable,2,Intersection,2,Four-Way Intersection,1,No,1,No,88,Not Applicable,88,Not Applicable,88,Not Applicable,88,Not Applicable,FALSE,1,Public Road,1,"Trafficway, On Road",CT0009300,New Haven PD,44055,13:41.0,C,Closed,01:26.0,,,,,,,
1230894,1,Complete,1230894,1230894,41.293346,-72.932987,3719099,New Haven,93,93,New Haven,12/23/2024,2024,12,December,23,2,Monday,19:32:00,19,24051381,A,2,,Motor Vehicle In Motion,"Injury of any type (Serious, Minor, Possible)",C,Possible Injury (C),0,0,4,Local,0.92,308,HOWARD AV,HOWARD AV,ROSETTE ST,,,,,41.293346,-72.932987,14,Motor Vehicle in Operation,3,Angle,1,On Roadway,1,Clear,88,Not Applicable,4,Dark-Lighted,1,Dry,99,Unknown,88,Not Applicable,88,Not Applicable,99,Unknown,88,Not Applicable,88,Not Applicable,2,Intersection,2,Four-Way Intersection,1,No,1,No,88,Not Applicable,88,Not Applicable,88,Not Applicable,88,Not Applicable,FALSE,1,Public Road,1,"Trafficway, On Road",CT0009300,New Haven PD,45698,38:53.0,C,Closed,01:31.0,,,,,,,
1230895,1,Complete,1230895,1230895,41.30124632,-72.92711954,3719100,New Haven,93,93,New Haven,12/23/2024,2024,12,December,23,2,Monday,18:52:00,18,24051382,A,2,,Motor Vehicle In Motion,"Injury of any type (Serious, Minor, Possible)",C,Possible Injury (C),0,0,4,Local,0.01,567,SOUTH ORANGE ST,SOUTH ORANGE ST,,S. FRONTAGE RD,60,Feet,S,41.30124632,-72.92711954,14,Motor Vehicle in Operation,1,Front to rear,1,On Roadway,1,Clear,88,Not Applicable,4,Dark-Lighted,1,Dry,0,None,88,Not Applicable,88,Not Applicable,0,None,88,Not Applicable,88,Not Applicable,3,Intersection-Related,2,Four-Way Intersection,1,No,1,No,88,Not Applicable,88,Not Applicable,88,Not Applicable,88,Not Applicable,TRUE,1,Public Road,1,"Trafficway, On Road",CT0009300,New Haven PD,10,14:05.0,O,Open,01:33.0,,,,,,,
1231162,1,Complete,1231162,1231162,41.294743,-72.893244,3719367,New Haven,93,93,New Haven,12/23/2024,2024,12,December,23,2,Monday,7:08:00,7,24051282,A,2,,Motor Vehicle In Motion,"Injury of any type (Serious, Minor, Possible)",C,Possible Injury (C),0,1,4,Local,0.02,210,FARREN AV,FARREN AV,,FAIRMONT AVE,30,Feet,N,41.294743,-72.893244,14,Motor Vehicle in Operation,5,"Sideswipe, opposite direction",1,On Roadway,1,Clear,88,Not Applicable,1,Daylight,1,Dry,0,None,88,Not Applicable,88,Not Applicable,0,None,88,Not Applicable,88,Not Applicable,3,Intersection-Related,2,Four-Way Intersection,1,No,1,No,88,Not Applicable,88,Not Applicable,88,Not Applicable,88,Not Applicable,FALSE,1,Public Road,1,"Trafficway, On Road",CT0009300,New Haven PD,156,42:19.0,C,Closed,00:26.0,,,,,,,
1231163,1,Complete,1231163,1231163,41.307754,-72.90087,3719368,New Haven,93,93,New Haven,12/23/2024,2024,12,December,23,2,Monday,17:52:00,17,24051355,A,3,,Motor Vehicle In Motion,"Injury of any type (Serious, Minor, Possible)",C,Possible Injury (C),0,0,4,Local,0.11,679,WOOLSEY ST,WOOLSEY ST,LLOYD ST,,,,,41.307754,-72.90087,14,Motor Vehicle in Operation,5,"Sideswipe, opposite direction",1,On Roadway,1,Clear,88,Not Applicable,1,Daylight,1,Dry,0,None,88,Not Applicable,88,Not Applicable,0,None,88,Not Applicable,88,Not Applicable,2,Intersection,2,Four-Way Intersection,1,No,1,No,88,Not Applicable,88,Not Applicable,88,Not Applicable,88,Not Applicable,FALSE,1,Public Road,1,"Trafficway, On Road",CT0009300,New Haven PD,40788,04:35.0,C,Closed,01:29.0,,,,,,,
1231169,1,Complete,1231169,1231169,41.30892,-72.89717,3719374,New Haven,93,93,New Haven,12/24/2024,2024,12,December,24,3,Tuesday,10:30:00,10,24051417,A,2,,Motor Vehicle In Motion,"Injury of any type (Serious, Minor, Possible)",C,Possible Injury (C),0,0,4,Local,0.6,264,GRAND AV,GRAND AV,,POPLAR ST,10,Feet,W,41.30892,-72.89717,14,Motor Vehicle in Operation,4,"Sideswipe, same direction",1,On Roadway,6,Freezing Rain or Freezing Drizzle,88,Not Applicable,1,Daylight,2,Wet,0,None,88,Not Applicable,88,Not Applicable,0,None,88,Not Applicable,88,Not Applicable,1,Non-Junction,1,Not at Intersection,1,No,1,No,88,Not Applicable,88,Not Applicable,88,Not Applicable,88,Not Applicable,FALSE,1,Public Road,1,"Trafficway, On Road",CT0009300,New Haven PD,42367,26:34.0,C,Closed,00:20.0,,,,,,,
1231170,1,Complete,1231170,1231170,41.332811,-72.949238,3719375,New Haven,93,93,New Haven,12/24/2024,2024,12,December,24,3,Tuesday,14:22:00,14,24051449,A,2,,Motor Vehicle In Motion,"Injury of any type (Serious, Minor, Possible)",C,Possible Injury (C),0,0,3,State,4.13,10,10-S,10-S,WINTERGREEN AV,,,,,41.332811,-72.949238,14,Motor Vehicle in Operation,3,Angle,1,On Roadway,1,Clear,88,Not Applicable,1,Daylight,2,Wet,0,None,88,Not Applicable,88,Not Applicable,0,None,88,Not Applicable,88,Not Applicable,2,Intersection,3,T-Intersection,1,No,1,No,88,Not Applicable,88,Not Applicable,88,Not Applicable,88,Not Applicable,FALSE,1,Public Road,1,"Trafficway, On Road",CT0009300,New Haven PD,402,50:36.0,C,Closed,00:27.0,,,,,,,
1231173,1,Complete,1231173,1231173,41.290449,-72.942411,3719378,New Haven,93,93,New Haven,12/24/2024,2024,12,December,24,3,Tuesday,17:58:00,17,24051460,A,2,,Motor Vehicle In Motion,"Injury of any type (Serious, Minor, Possible)",C,Possible Injury (C),0,0,4,Local,0.07,626,WASHINGTON AV NO 1,WASHINGTON AV NO 1,,ELLA T GRASSO BLVD,275,Feet,W,41.290449,-72.942411,14,Motor Vehicle in Operation,3,Angle,1,On Roadway,1,Clear,88,Not Applicable,4,Dark-Lighted,1,Dry,99,Unknown,88,Not Applicable,88,Not Applicable,0,None,88,Not Applicable,88,Not Applicable,9,Driveway Access-Related,1,Not at Intersection,1,No,1,No,88,Not Applicable,88,Not Applicable,88,Not Applicable,88,Not Applicable,FALSE,1,Public Road,1,"Trafficway, On Road",CT0009300,New Haven PD,47005,46:23.0,C,Closed,00:29.0,,,,,,,
1231174,1,Complete,1231174,1231174,41.296977,-72.948392,3719379,New Haven,93,93,New Haven,12/24/2024,2024,12,December,24,3,Tuesday,18:02:00,18,24051461,A,2,,Motor Vehicle In Motion,"Injury of any type (Serious, Minor, Possible)",C,Possible Injury (C),0,0,3,State,1.43,10,10-N,10-N,,COLUMBUS AVE,200,Feet,S,41.296977,-72.948392,14,Motor Vehicle in Operation,1,Front to rear,1,On Roadway,1,Clear,88,Not Applicable,1,Daylight,1,Dry,0,None,88,Not Applicable,88,Not Applicable,0,None,88,Not Applicable,88,Not Applicable,1,Non-Junction,1,Not at Intersection,1,No,1,No,88,Not Applicable,88,Not Applicable,88,Not Applicable,88,Not Applicable,TRUE,1,Public Road,1,"Trafficway, On Road",CT0009300,New Haven PD,44953,12:14.0,C,Closed,00:28.0,,,,,,,
1231382,1,Complete,1231382,1231382,41.307875,-72.899175,3719587,New Haven,93,93,New Haven,12/25/2024,2024,12,December,25,4,Wednesday,19:02:00,19,24051537,A,3,,Motor Vehicle In Motion,"Injury of any type (Serious, Minor, Possible)",A,Suspected Serious Injury (A),0,0,4,Local,0.33,57,BLATCHLEY AV,BLATCHLEY AV,WOOLSEY ST,,,,,41.307875,-72.899175,14,Motor Vehicle in Operation,3,Angle,1,On Roadway,1,Clear,88,Not Applicable,4,Dark-Lighted,1,Dry,0,None,88,Not Applicable,88,Not Applicable,0,None,88,Not Applicable,88,Not Applicable,2,Intersection,2,Four-Way Intersection,1,No,1,No,88,Not Applicable,88,Not Applicable,88,Not Applicable,88,Not Applicable,FALSE,1,Public Road,1,"Trafficway, On Road",CT0009300,New Haven PD,35848,19:38.0,C,Closed,00:13.0,,,,,,,
1231383,1,Complete,1231383,1231383,41.296151,-72.93949,3719588,New Haven,93,93,New Haven,12/25/2024,2024,12,December,25,4,Wednesday,19:58:00,19,24051541,A,2,,Motor Vehicle In Motion,"Injury of any type (Serious, Minor, Possible)",A,Suspected Serious Injury (A),0,0,4,Local,0.11,636,WEST ST,WEST ST,FRANK ST,,,,,41.296151,-72.93949,14,Motor Vehicle in Operation,3,Angle,1,On Roadway,1,Clear,88,Not Applicable,4,Dark-Lighted,1,Dry,0,None,88,Not Applicable,88,Not Applicable,0,None,88,Not Applicable,88,Not Applicable,2,Intersection,2,Four-Way Intersection,1,No,1,No,88,Not Applicable,88,Not Applicable,88,Not Applicable,88,Not Applicable,FALSE,1,Public Road,1,"Trafficway, On Road",CT0009300,New Haven PD,42366,46:27.0,C,Closed,00:12.0,,,,,,,
1231722,1,Complete,1231722,1231722,41.29722792,-72.94861468,3719927,New Haven,93,93,New Haven,12/26/2024,2024,12,December,26,5,Thursday,9:45:00,9,24051574,A,2,,Motor Vehicle In Motion,"Injury of any type (Serious, Minor, Possible)",C,Possible Injury (C),0,0,3,State,1.45,10,10-N,10-N,,columbus ave ,80,Feet,S,41.29722792,-72.94861468,14,Motor Vehicle in Operation,1,Front to rear,1,On Roadway,1,Clear,88,Not Applicable,1,Daylight,1,Dry,0,None,88,Not Applicable,88,Not Applicable,0,None,88,Not Applicable,88,Not Applicable,3,Intersection-Related,2,Four-Way Intersection,1,No,1,No,88,Not Applicable,88,Not Applicable,88,Not Applicable,88,Not Applicable,FALSE,1,Public Road,1,"Trafficway, On Road",CT0009300,New Haven PD,40819,36:01.0,C,Closed,01:20.0,,,,,,,
1231725,1,Complete,1231725,1231725,41.326663,-72.879765,3719930,New Haven,93,93,New Haven,12/26/2024,2024,12,December,26,5,Thursday,15:27:00,15,24051601,A,2,,Motor Vehicle In Motion,"Injury of any type (Serious, Minor, Possible)",C,Possible Injury (C),0,0,3,State,0.43,17,17-N,17-N,,BARNES AVE,65,Feet,S,41.326663,-72.879765,14,Motor Vehicle in Operation,1,Front to rear,1,On Roadway,1,Clear,88,Not Applicable,4,Dark-Lighted,1,Dry,0,None,88,Not Applicable,88,Not Applicable,0,None,88,Not Applicable,88,Not Applicable,3,Intersection-Related,3,T-Intersection,1,No,1,No,88,Not Applicable,88,Not Applicable,88,Not Applicable,88,Not Applicable,FALSE,1,Public Road,1,"Trafficway, On Road",CT0009300,New Haven PD,42049,36:18.0,C,Closed,01:24.0,,,,,,,
1232153,1,Complete,1232153,1232153,41.29734,-72.948751,3720358,New Haven,93,93,New Haven,12/24/2024,2024,12,December,24,3,Tuesday,9:30:00,9,24051415,A,2,,Motor Vehicle In Motion,"Injury of any type (Serious, Minor, Possible)",C,Possible Injury (C),0,0,3,State,1.46,10,10-N,10-N,,RT 1,50,Feet,S,41.29734,-72.948751,14,Motor Vehicle in Operation,1,Front to rear,1,On Roadway,7,Snow,88,Not Applicable,1,Daylight,3,Snow,0,None,88,Not Applicable,88,Not Applicable,0,None,88,Not Applicable,88,Not Applicable,2,Intersection,2,Four-Way Intersection,1,No,1,No,88,Not Applicable,88,Not Applicable,88,Not Applicable,88,Not Applicable,FALSE,1,Public Road,1,"Trafficway, On Road",CT0009300,New Haven PD,10,11:44.0,C,Closed,00:46.0,,,,,,,
1232159,1,Complete,1232159,1232159,41.30077,-72.93293,3720364,New Haven,93,93,New Haven,12/27/2024,2024,12,December,27,6,Friday,10:20:00,10,24051672,A,1,,Pedestrian,"Injury of any type (Serious, Minor, Possible)",A,Suspected Serious Injury (A),1,0,4,Local,0.26,730,WASHINGTON AV NO 2,WASHINGTON AV NO 2,CEDAR ST NO 2,,,,,41.30077,-72.93293,9,Pedestrian,88,Not Applicable,1,On Roadway,1,Clear,88,Not Applicable,1,Daylight,1,Dry,0,None,88,Not Applicable,88,Not Applicable,0,None,88,Not Applicable,88,Not Applicable,2,Intersection,2,Four-Way Intersection,1,No,1,No,88,Not Applicable,88,Not Applicable,88,Not Applicable,88,Not Applicable,FALSE,1,Public Road,1,"Trafficway, On Road",CT0009300,New Haven PD,47007,08:28.0,C,Closed,00:55.0,,,,,,,
1232168,1,Complete,1232168,1232168,41.318027,-72.945935,3720373,New Haven,93,93,New Haven,12/28/2024,2024,12,December,28,7,Saturday,17:01:00,17,24051813,A,1,,Pedestrian,"Injury of any type (Serious, Minor, Possible)",C,Possible Injury (C),1,0,4,Local,0.17,653,WHALLEY AV,WHALLEY AV,Norton St ,,,,,41.318027,-72.945935,9,Pedestrian,88,Not Applicable,1,On Roadway,4,Rain,88,Not Applicable,4,Dark-Lighted,2,Wet,99,Unknown,88,Not Applicable,88,Not Applicable,0,None,88,Not Applicable,88,Not Applicable,2,Intersection,2,Four-Way Intersection,1,No,1,No,88,Not Applicable,88,Not Applicable,88,Not Applicable,88,Not Applicable,FALSE,1,Public Road,1,"Trafficway, On Road",CT0009300,New Haven PD,9,23:39.0,C,Closed,00:58.0,,,,,,,
1232171,1,Complete,1232171,1232171,41.28994026,-72.92173854,3720376,New Haven,93,93,New Haven,12/28/2024,2024,12,December,28,7,Saturday,18:02:00,18,24051823,A,2,,Motor Vehicle In Motion,"Injury of any type (Serious, Minor, Possible)",C,Possible Injury (C),0,0,4,Local,0.34,513,LONG WHARF DR,LONG WHARF DR,,95-N-328 (Exit 46 on ramp),270,Feet,E,41.28994026,-72.92173854,14,Motor Vehicle in Operation,2,Front to front,1,On Roadway,1,Clear,88,Not Applicable,4,Dark-Lighted,2,Wet,0,None,88,Not Applicable,88,Not Applicable,0,None,88,Not Applicable,88,Not Applicable,1,Non-Junction,1,Not at Intersection,1,No,1,No,88,Not Applicable,88,Not Applicable,88,Not Applicable,88,Not Applicable,FALSE,1,Public Road,1,"Trafficway, On Road",CT0009300,New Haven PD,46613,28:05.0,C,Closed,00:59.0,,,,,,,
1232916,1,Complete,1232916,1232916,41.330668,-72.925872,3721121,New Haven,93,93,New Haven,12/30/2024,2024,12,December,30,2,Monday,10:03:00,10,24052002,A,2,,Motor Vehicle In Motion,"Injury of any type (Serious, Minor, Possible)",C,Possible Injury (C),0,0,4,Local,0.7,42,BASSETT ST,BASSETT ST,WINCHESTER AV,,,,,41.330668,-72.925872,14,Motor Vehicle in Operation,3,Angle,1,On Roadway,1,Clear,88,Not Applicable,1,Daylight,1,Dry,0,None,88,Not Applicable,88,Not Applicable,0,None,88,Not Applicable,88,Not Applicable,2,Intersection,3,T-Intersection,1,No,1,No,88,Not Applicable,88,Not Applicable,88,Not Applicable,88,Not Applicable,FALSE,1,Public Road,1,"Trafficway, On Road",CT0009300,New Haven PD,45396,26:55.0,C,Closed,01:18.0,,,,,,,
1232919,1,Complete,1232919,1232919,41.309741,-72.953505,3721124,New Haven,93,93,New Haven,12/30/2024,2024,12,December,30,2,Monday,14:57:00,14,24052039,A,2,,Motor Vehicle In Motion,"Injury of any type (Serious, Minor, Possible)",C,Possible Injury (C),0,0,3,State,2.36,10,10-N,10-N,,DERBY AVE,100,Feet,S,41.309741,-72.953505,14,Motor Vehicle in Operation,1,Front to rear,1,On Roadway,1,Clear,88,Not Applicable,1,Daylight,1,Dry,99,Unknown,88,Not Applicable,88,Not Applicable,99,Unknown,88,Not Applicable,88,Not Applicable,1,Non-Junction,1,Not at Intersection,1,No,1,No,88,Not Applicable,88,Not Applicable,88,Not Applicable,88,Not Applicable,FALSE,1,Public Road,1,"Trafficway, On Road",CT0009300,New Haven PD,46901,27:52.0,C,Closed,01:21.0,,,,,,,
1233222,1,Complete,1233222,1233222,41.308765,-72.899318,3721427,New Haven,93,93,New Haven,12/12/2024,2024,12,December,12,5,Thursday,10:38:00,10,24049993,A,2,,Motor Vehicle In Motion,"Injury of any type (Serious, Minor, Possible)",C,Possible Injury (C),0,0,4,Local,0.71,264,GRAND AV,GRAND AV,BLATCHLEY AVE,,,,,41.308765,-72.899318,14,Motor Vehicle in Operation,3,Angle,1,On Roadway,1,Clear,88,Not Applicable,1,Daylight,1,Dry,0,None,88,Not Applicable,88,Not Applicable,0,None,88,Not Applicable,88,Not Applicable,2,Intersection,2,Four-Way Intersection,1,No,1,No,88,Not Applicable,88,Not Applicable,88,Not Applicable,88,Not Applicable,FALSE,1,Public Road,1,"Trafficway, On Road",CT0009300,New Haven PD,40789,21:51.0,C,Closed,00:30.0,,,,,,,
1233223,1,Complete,1233223,1233223,41.30451889,-72.93684309,3721428,New Haven,93,93,New Haven,12/18/2024,2024,12,December,18,4,Wednesday,6:55:00,6,24050740,A,2,,Motor Vehicle In Motion,"Injury of any type (Serious, Minor, Possible)",C,Possible Injury (C),0,0,4,Local,0.56,463,PARK ST,PARK ST,HOWARD AV,,,,,41.30451889,-72.93684309,14,Motor Vehicle in Operation,1,Front to rear,1,On Roadway,1,Clear,1,Clear,1,Daylight,1,Dry,0,None,0,None,0,None,0,None,88,Not Applicable,88,Not Applicable,2,Intersection,3,T-Intersection,2,"Yes, School Bus Directly Involved",1,No,88,Not Applicable,88,Not Applicable,88,Not Applicable,88,Not Applicable,FALSE,1,Public Road,1,"Trafficway, On Road",CT0009300,New Haven PD,10,54:57.0,C,Closed,00:29.0,,,,,,,