CrashId,Fatal Case Status,Fatal Case Status Text Format,CrashId,CrashId,Latitude,Longitude,DOT Case Number,Town Name,Town Number,Town Number,Town Number Text Format,Date Of Crash,Year,Month,Month Text Format,Day,Day of the Week,Day of the Week Text Format,Time of Crash,Hour of the Day,Case Identifier,Crash Severity,Number Of Motor Vehicles,Motor vehicle action,Most harmful event,Crash Severity Text Format,Most Severe Injury,Most Severe Injury Text Format,Number Of Non-Motorist,Number Of Witnesses,Route Class,Route Class Text Format,Milemarker,Road Number,Road Description,Roadway Name,Intersecting Roadway Name,Landmark Description,Distance From Nearest Landmark,Unit Of Measure From Nearest Landmark,Direction From Nearest Landmark,Latitude,Longitude,First Harmful Event,First Harmful Event Text Format,Manner of Crash / Collision Impact,Manner of Crash / Collision Impact Text Format,Location of First Harmful Event,Location of First Harmful Event Text Format,Weather Condition,Weather Condition Text Format,Weather 2,Weather 2 Text Format,Light Condition,Light Condition Text Format,Road Surface Condition,Road Surface Condition Text Format,"Contributing Circumstances, Environment","Contributing Circumstances, Environment Text Format",Environment 2,Environment 2 Text Format,Environment 3,Environment 3 Text Format,"Contributing Circumstances, Road","Contributing Circumstances, Road Text Format",Road 2,Road 2 Text Format,Road 3,Road 3 Text Format,Crash Specific Location,Crash Specific Location Text Format,Type of Intersection,Type of Intersection Text Format,School Bus Related,School Bus Related Text Format,Work Zone Related,Work Zone Related Text Format,Location Of Crash Relative To Work Zone,Location Of Crash Relative To Work Zone Text Format,Type of Work Zone,Type of Work Zone Text Format,Worker Presence,Worker Presence Text Format,Law Enforcement Presence,Law Enforcement Presence Text Format,Were Vehicles Moved Prior To Police Arrival,Trafficway Ownership,Trafficway Ownership Text Format,Trafficway Class,Trafficway Class Text Format,Police Agency,Police Agency Text Format,Badge Number,Approval Date,Police Case Status,Police Case Status Text Format,Crash Report Submission Date,Related Case Identifiers,No. of Through Lanes (Log Dir.),Average Daily Traffic,Functional Classification,Functional Classification Text Format,Rural or Urban,Rural or Urban Text Format
1233226,1,Complete,1233226,1233226,41.319927,-72.94041,3721431,New Haven,93,93,New Haven,12/31/2024,2024,12,December,31,3,Tuesday,4:00:00,4,24052104,A,2,,Motor Vehicle In Motion,"Injury of any type (Serious, Minor, Possible)",C,Possible Injury (C),0,0,4,Local,0,557,SHERMAN PKWY,SHERMAN PKWY,GOFFE ST,,,,,41.319927,-72.94041,14,Motor Vehicle in Operation,3,Angle,1,On Roadway,1,Clear,88,Not Applicable,4,Dark-Lighted,1,Dry,0,None,88,Not Applicable,88,Not Applicable,0,None,88,Not Applicable,88,Not Applicable,2,Intersection,2,Four-Way Intersection,1,No,1,No,88,Not Applicable,88,Not Applicable,88,Not Applicable,88,Not Applicable,FALSE,1,Public Road,1,"Trafficway, On Road",CT0009300,New Haven PD,82,44:00.0,C,Closed,00:20.0,,,,,,,
1233227,1,Complete,1233227,1233227,41.328813,-72.926795,3721432,New Haven,93,93,New Haven,12/30/2024,2024,12,December,30,2,Monday,23:38:00,23,24052105,A,2,,Motor Vehicle In Motion,"Injury of any type (Serious, Minor, Possible)",C,Possible Injury (C),0,0,4,Local,0.01,787,IVY ST NO 2,IVY ST NO 2,,WINCHESTER AVE,50,Feet,W,41.328813,-72.926795,14,Motor Vehicle in Operation,1,Front to rear,1,On Roadway,1,Clear,88,Not Applicable,4,Dark-Lighted,1,Dry,0,None,88,Not Applicable,88,Not Applicable,0,None,88,Not Applicable,88,Not Applicable,1,Non-Junction,1,Not at Intersection,1,No,1,No,88,Not Applicable,88,Not Applicable,88,Not Applicable,88,Not Applicable,TRUE,1,Public Road,1,"Trafficway, On Road",CT0009300,New Haven PD,47003,56:17.0,C,Closed,00:19.0,,,,,,,
1233236,1,Complete,1233236,1233236,41.327171,-72.972147,3721441,New Haven,93,93,New Haven,12/31/2024,2024,12,December,31,3,Tuesday,18:56:00,18,24052197,A,2,,Motor Vehicle In Motion,"Injury of any type (Serious, Minor, Possible)",B,Suspected Minor Injury (B),0,0,3,State,6.01,243,243-E,243-E,West Prospect Street,,,,,41.327171,-72.972147,14,Motor Vehicle in Operation,3,Angle,1,On Roadway,1,Clear,88,Not Applicable,5,Dark-Not Lighted,1,Dry,0,None,88,Not Applicable,88,Not Applicable,0,None,88,Not Applicable,88,Not Applicable,2,Intersection,3,T-Intersection,1,No,1,No,88,Not Applicable,88,Not Applicable,88,Not Applicable,88,Not Applicable,TRUE,1,Public Road,1,"Trafficway, On Road",CT0009300,New Haven PD,47001,23:19.0,C,Closed,00:33.0,,,,,,,
1233465,1,Complete,1233465,1233465,41.315579,-72.94064,3721670,New Haven,93,93,New Haven,12/31/2024,2024,12,December,31,3,Tuesday,19:48:00,19,24052203,A,2,,Parked Vehicle,"Injury of any type (Serious, Minor, Possible)",C,Possible Injury (C),0,0,,,,,,226 WHALLEY AVE,,ORCHARD ST,355,Feet,W,41.315579,-72.94064,14,Motor Vehicle in Operation,7,Rear to rear,97,Other,1,Clear,88,Not Applicable,6,Dark-Unknown Lighting,1,Dry,99,Unknown,88,Not Applicable,88,Not Applicable,99,Unknown,88,Not Applicable,88,Not Applicable,97,Other,1,Not at Intersection,1,No,1,No,88,Not Applicable,88,Not Applicable,88,Not Applicable,88,Not Applicable,TRUE,88,Not Applicable,4,Parking Lot,CT0009300,New Haven PD,46901,34:55.0,C,Closed,00:30.0,,,,,,,
1233762,1,Complete,1233762,1233762,41.308264,-72.94579,3721967,New Haven,93,93,New Haven,12/27/2024,2024,12,December,27,6,Friday,14:06:00,14,24051698,A,3,,Motor Vehicle In Motion,"Injury of any type (Serious, Minor, Possible)",C,Possible Injury (C),0,0,4,Local,0.17,556,SHERMAN AV,SHERMAN AV,,Gilbert Ave,195,Feet,S,41.308264,-72.94579,14,Motor Vehicle in Operation,3,Angle,1,On Roadway,1,Clear,88,Not Applicable,1,Daylight,1,Dry,0,None,88,Not Applicable,88,Not Applicable,0,None,88,Not Applicable,88,Not Applicable,9,Driveway Access-Related,1,Not at Intersection,1,No,1,No,88,Not Applicable,88,Not Applicable,88,Not Applicable,88,Not Applicable,TRUE,1,Public Road,1,"Trafficway, On Road",CT0009300,New Haven PD,44947,01:32.0,C,Closed,01:41.0,,,,,,,
1233763,1,Complete,1233763,1233763,41.312001,-72.897791,3721968,New Haven,93,93,New Haven,12/28/2024,2024,12,December,28,7,Saturday,17:48:00,17,24051821,A,2,,Motor Vehicle In Motion,"Injury of any type (Serious, Minor, Possible)",C,Possible Injury (C),0,0,4,Local,0.7,487,POPLAR ST,POPLAR ST,PINE ST NO 1,,,,,41.312001,-72.897791,14,Motor Vehicle in Operation,3,Angle,1,On Roadway,2,Cloudy,88,Not Applicable,5,Dark-Not Lighted,2,Wet,0,None,88,Not Applicable,88,Not Applicable,0,None,88,Not Applicable,88,Not Applicable,2,Intersection,2,Four-Way Intersection,1,No,1,No,88,Not Applicable,88,Not Applicable,88,Not Applicable,88,Not Applicable,FALSE,1,Public Road,1,"Trafficway, On Road",CT0009300,New Haven PD,44947,57:43.0,C,Closed,01:49.0,,,,,,,
1233768,1,Complete,1233768,1233768,41.313404,-72.87916,3721973,New Haven,93,93,New Haven,1/2/2025,2025,1,January,2,5,Thursday,3:01:00,3,25000153,A,1,,Curb,"Injury of any type (Serious, Minor, Possible)",A,Suspected Serious Injury (A),0,0,4,Local,1.65,498,QUINNIPIAC AV,QUINNIPIAC AV,,HEMINGWAY ST,100,Feet,S,41.313404,-72.87916,25,Curb,88,Not Applicable,1,On Roadway,1,Clear,88,Not Applicable,4,Dark-Lighted,1,Dry,0,None,88,Not Applicable,88,Not Applicable,0,None,88,Not Applicable,88,Not Applicable,1,Non-Junction,1,Not at Intersection,1,No,1,No,88,Not Applicable,88,Not Applicable,88,Not Applicable,88,Not Applicable,FALSE,1,Public Road,1,"Trafficway, On Road",CT0009300,New Haven PD,45388,53:43.0,C,Closed,01:47.0,,,,,,,
1233773,1,Complete,1233773,1233773,41.309822,-72.953337,3721978,New Haven,93,93,New Haven,1/2/2025,2025,1,January,2,5,Thursday,17:46:00,17,25000240,A,2,,Motor Vehicle In Motion,"Injury of any type (Serious, Minor, Possible)",C,Possible Injury (C),0,0,3,State,2.36,10,10-N,10-N,,DERBY AVE,75,Feet,S,41.309822,-72.953337,14,Motor Vehicle in Operation,1,Front to rear,1,On Roadway,1,Clear,88,Not Applicable,4,Dark-Lighted,1,Dry,0,None,88,Not Applicable,88,Not Applicable,0,None,88,Not Applicable,88,Not Applicable,3,Intersection-Related,2,Four-Way Intersection,1,No,1,No,88,Not Applicable,88,Not Applicable,88,Not Applicable,88,Not Applicable,FALSE,1,Public Road,1,"Trafficway, On Road",CT0009300,New Haven PD,11439,06:22.0,O,Open,01:51.0,,,,,,,
1234190,1,Complete,1234190,1234190,41.30805,-72.953111,3722395,New Haven,93,93,New Haven,1/3/2025,2025,1,January,3,6,Friday,23:09:00,23,24000468,A,2,,Motor Vehicle In Motion,"Injury of any type (Serious, Minor, Possible)",C,Possible Injury (C),0,0,3,State,2.06,10,10-N,10-N,JUDSON AV,,,,,41.30805,-72.953111,14,Motor Vehicle in Operation,3,Angle,1,On Roadway,1,Clear,88,Not Applicable,4,Dark-Lighted,1,Dry,0,None,88,Not Applicable,88,Not Applicable,0,None,88,Not Applicable,88,Not Applicable,2,Intersection,3,T-Intersection,1,No,1,No,88,Not Applicable,88,Not Applicable,88,Not Applicable,88,Not Applicable,FALSE,1,Public Road,1,"Trafficway, On Road",CT0009300,New Haven PD,44175,53:49.0,C,Closed,01:53.0,,,,,,,
1234192,1,Complete,1234192,1234192,41.30933,-72.895567,3722397,New Haven,93,93,New Haven,12/7/2024,2024,12,December,7,7,Saturday,16:47:00,16,24049443,A,3,,Motor Vehicle In Motion,"Injury of any type (Serious, Minor, Possible)",A,Suspected Serious Injury (A),0,0,4,Local,0.73,213,FERRY ST,FERRY ST,,GRAND AVE,100,Feet,N,41.30933,-72.895567,14,Motor Vehicle in Operation,1,Front to rear,1,On Roadway,1,Clear,88,Not Applicable,1,Daylight,1,Dry,0,None,88,Not Applicable,88,Not Applicable,0,None,88,Not Applicable,88,Not Applicable,3,Intersection-Related,2,Four-Way Intersection,1,No,1,No,88,Not Applicable,88,Not Applicable,88,Not Applicable,88,Not Applicable,FALSE,1,Public Road,1,"Trafficway, On Road",CT0009300,New Haven PD,45401,34:18.0,C,Closed,01:46.0,,,,,,,
1234194,1,Complete,1234194,1234194,41.30157557,-72.926327,3722399,New Haven,93,93,New Haven,12/19/2024,2024,12,December,19,5,Thursday,10:40:00,10,24050886,A,2,,Motor Vehicle In Motion,"Injury of any type (Serious, Minor, Possible)",C,Possible Injury (C),0,0,4,Local,0.06,809,REV DR MLK JR BLVD,REV DR MLK JR BLVD,HOWE ST,,,,,41.30157557,-72.926327,14,Motor Vehicle in Operation,3,Angle,1,On Roadway,1,Clear,88,Not Applicable,1,Daylight,1,Dry,0,None,88,Not Applicable,88,Not Applicable,0,None,88,Not Applicable,88,Not Applicable,2,Intersection,2,Four-Way Intersection,1,No,1,No,88,Not Applicable,88,Not Applicable,88,Not Applicable,88,Not Applicable,FALSE,1,Public Road,1,"Trafficway, On Road",CT0009300,New Haven PD,42056,00:48.0,C,Closed,01:55.0,,,,,,,
1234195,1,Complete,1234195,1234195,41.294529,-72.937951,3722400,New Haven,93,93,New Haven,12/28/2024,2024,12,December,28,7,Saturday,21:28:00,21,24051837,A,2,,Motor Vehicle In Motion,"Injury of any type (Serious, Minor, Possible)",A,Suspected Serious Injury (A),0,0,4,Local,0.02,320,HURLBURT ST,HURLBURT ST,,WASHINGTON AVE,100,Feet,S,41.294529,-72.937951,14,Motor Vehicle in Operation,1,Front to rear,1,On Roadway,1,Clear,88,Not Applicable,4,Dark-Lighted,1,Dry,0,None,88,Not Applicable,88,Not Applicable,0,None,88,Not Applicable,88,Not Applicable,9,Driveway Access-Related,1,Not at Intersection,1,No,1,No,88,Not Applicable,88,Not Applicable,88,Not Applicable,88,Not Applicable,FALSE,1,Public Road,1,"Trafficway, On Road",CT0009300,New Haven PD,40810,10:01.0,C,Closed,01:49.0,,,,,,,
1234196,1,Complete,1234196,1234196,41.33266668,-72.93782556,3722401,New Haven,93,93,New Haven,12/30/2024,2024,12,December,30,2,Monday,21:06:00,21,24052084,A,2,,Motor Vehicle In Motion,"Injury of any type (Serious, Minor, Possible)",C,Possible Injury (C),0,0,4,Local,0.95,557,SHERMAN PKWY,SHERMAN PKWY,BASSETT ST,,,,,41.33266668,-72.93782556,14,Motor Vehicle in Operation,3,Angle,1,On Roadway,1,Clear,88,Not Applicable,4,Dark-Lighted,1,Dry,0,None,88,Not Applicable,88,Not Applicable,0,None,88,Not Applicable,88,Not Applicable,2,Intersection,2,Four-Way Intersection,1,No,1,No,88,Not Applicable,88,Not Applicable,88,Not Applicable,88,Not Applicable,FALSE,1,Public Road,1,"Trafficway, On Road",CT0009300,New Haven PD,46625,20:09.0,O,Open,02:05.0,,,,,,,
1234197,1,Complete,1234197,1234197,41.296911,-72.948446,3722402,New Haven,93,93,New Haven,12/31/2024,2024,12,December,31,3,Tuesday,12:01:00,12,24052159,A,1,,"Other Fixed Object (wall, building, tunnel, etc.)","Injury of any type (Serious, Minor, Possible)",A,Suspected Serious Injury (A),0,0,3,State,1.43,10,10-N,10-N,,BOSTON POST RD,240,Feet,S,41.296911,-72.948446,39,"Other Fixed Object (wall, building, tunnel, etc.)",88,Not Applicable,2,Shoulder,1,Clear,88,Not Applicable,1,Daylight,1,Dry,0,None,88,Not Applicable,88,Not Applicable,0,None,88,Not Applicable,88,Not Applicable,1,Non-Junction,1,Not at Intersection,1,No,1,No,88,Not Applicable,88,Not Applicable,88,Not Applicable,88,Not Applicable,FALSE,1,Public Road,1,"Trafficway, On Road",CT0009300,New Haven PD,26,22:36.0,C,Closed,01:40.0,,,,,,,
1234200,1,Complete,1234200,1234200,41.289755,-72.89215,3722405,New Haven,93,93,New Haven,1/2/2025,2025,1,January,2,5,Thursday,16:57:00,16,25000231,A,3,,Motor Vehicle In Motion,"Injury of any type (Serious, Minor, Possible)",A,Suspected Serious Injury (A),0,0,2,USRoute,50.26,1,1-N,1-N,,TOWNSEND AVE,40,Feet,E,41.289755,-72.89215,14,Motor Vehicle in Operation,3,Angle,1,On Roadway,1,Clear,88,Not Applicable,4,Dark-Lighted,1,Dry,0,None,88,Not Applicable,88,Not Applicable,0,None,88,Not Applicable,88,Not Applicable,3,Intersection-Related,2,Four-Way Intersection,1,No,1,No,88,Not Applicable,88,Not Applicable,88,Not Applicable,88,Not Applicable,FALSE,1,Public Road,1,"Trafficway, On Road",CT0009300,New Haven PD,46622,20:33.0,O,Open,01:38.0,,,,,,,
1234221,1,Complete,1234221,1234221,41.329408,-72.973661,3722426,New Haven,93,93,New Haven,1/4/2025,2025,1,January,4,7,Saturday,19:35:00,19,25000558,A,2,,Motor Vehicle In Motion,"Injury of any type (Serious, Minor, Possible)",C,Possible Injury (C),0,0,4,Local,0.13,142,DAVIS ST,DAVIS ST,FAIRFIELD ST NO 1,,,,,41.329408,-72.973661,14,Motor Vehicle in Operation,3,Angle,1,On Roadway,1,Clear,88,Not Applicable,4,Dark-Lighted,1,Dry,0,None,88,Not Applicable,88,Not Applicable,0,None,88,Not Applicable,88,Not Applicable,3,Intersection-Related,2,Four-Way Intersection,1,No,1,No,88,Not Applicable,88,Not Applicable,88,Not Applicable,88,Not Applicable,TRUE,1,Public Road,1,"Trafficway, On Road",CT0009300,New Haven PD,45403,31:29.0,O,Open,01:59.0,,,,,,,
1234223,1,Complete,1234223,1234223,41.286134,-72.936284,3722428,New Haven,93,93,New Haven,1/5/2025,2025,1,January,5,1,Sunday,15:25:00,15,25000607,A,2,,Motor Vehicle In Motion,"Injury of any type (Serious, Minor, Possible)",B,Suspected Minor Injury (B),0,0,4,Local,0.43,339,KIMBERLY AV,KIMBERLY AV,,ELLA T GRASSO BLVD,60,Feet,S,41.286134,-72.936284,14,Motor Vehicle in Operation,3,Angle,1,On Roadway,1,Clear,88,Not Applicable,1,Daylight,1,Dry,0,None,88,Not Applicable,88,Not Applicable,0,None,88,Not Applicable,88,Not Applicable,1,Non-Junction,1,Not at Intersection,1,No,1,No,88,Not Applicable,88,Not Applicable,88,Not Applicable,88,Not Applicable,TRUE,1,Public Road,1,"Trafficway, On Road",CT0009300,New Haven PD,46900,34:40.0,O,Open,02:06.0,,,,,,,
1234224,1,Complete,1234224,1234224,41.320097,-72.89303,3722429,New Haven,93,93,New Haven,1/5/2025,2025,1,January,5,1,Sunday,18:19:00,18,25000627,A,1,,Utility Pole,"Injury of any type (Serious, Minor, Possible)",A,Suspected Serious Injury (A),0,0,4,Local,0.49,411,MIDDLETOWN AV,MIDDLETOWN AV,CLINTON AV,,,,,41.320097,-72.89303,33,Utility Pole/Light Support,88,Not Applicable,1,On Roadway,1,Clear,88,Not Applicable,4,Dark-Lighted,1,Dry,0,None,88,Not Applicable,88,Not Applicable,0,None,88,Not Applicable,88,Not Applicable,2,Intersection,2,Four-Way Intersection,1,No,1,No,88,Not Applicable,88,Not Applicable,88,Not Applicable,88,Not Applicable,FALSE,1,Public Road,1,"Trafficway, On Road",CT0009300,New Haven PD,46622,47:57.0,C,Closed,02:04.0,,,,,,,
1234225,1,Complete,1234225,1234225,41.3292,-72.96861,3722430,New Haven,93,93,New Haven,1/5/2025,2025,1,January,5,1,Sunday,19:36:00,19,25000635,A,2,,Motor Vehicle In Motion,"Injury of any type (Serious, Minor, Possible)",B,Suspected Minor Injury (B),0,0,3,State,0.71,63,63-N,63-N,122-N,,,,,41.3292,-72.96861,14,Motor Vehicle in Operation,3,Angle,1,On Roadway,1,Clear,88,Not Applicable,4,Dark-Lighted,1,Dry,0,None,88,Not Applicable,88,Not Applicable,0,None,88,Not Applicable,88,Not Applicable,2,Intersection,3,T-Intersection,1,No,1,No,88,Not Applicable,88,Not Applicable,88,Not Applicable,88,Not Applicable,TRUE,1,Public Road,1,"Trafficway, On Road",CT0009300,New Haven PD,45403,19:57.0,C,Closed,02:07.0,,,,,,,
1235057,1,Complete,1235057,1235057,41.322841,-72.934971,3723262,New Haven,93,93,New Haven,1/5/2025,2025,1,January,5,1,Sunday,18:45:00,18,25000631,A,2,,Motor Vehicle In Motion,"Injury of any type (Serious, Minor, Possible)",C,Possible Injury (C),0,0,4,Local,0.7,152,DIXWELL AV,DIXWELL AV,MUNSON ST,,,,,41.322841,-72.934971,14,Motor Vehicle in Operation,5,"Sideswipe, opposite direction",1,On Roadway,1,Clear,88,Not Applicable,4,Dark-Lighted,1,Dry,0,None,88,Not Applicable,88,Not Applicable,0,None,88,Not Applicable,88,Not Applicable,2,Intersection,2,Four-Way Intersection,1,No,1,No,88,Not Applicable,88,Not Applicable,88,Not Applicable,88,Not Applicable,FALSE,1,Public Road,1,"Trafficway, On Road",CT0009300,New Haven PD,46625,08:58.0,C,Closed,00:42.0,,,,,,,
1235059,1,Complete,1235059,1235059,41.323585,-72.880848,3723264,New Haven,93,93,New Haven,1/6/2025,2025,1,January,6,2,Monday,7:19:00,7,25000667,A,2,,Motor Vehicle In Motion,"Injury of any type (Serious, Minor, Possible)",C,Possible Injury (C),0,0,3,State,0.03,80,80-W,80-W,,MIDDLETOWN AVENUE,200,Feet,E,41.323585,-72.880848,14,Motor Vehicle in Operation,1,Front to rear,1,On Roadway,1,Clear,88,Not Applicable,1,Daylight,1,Dry,0,None,88,Not Applicable,88,Not Applicable,0,None,88,Not Applicable,88,Not Applicable,3,Intersection-Related,2,Four-Way Intersection,1,No,1,No,88,Not Applicable,88,Not Applicable,88,Not Applicable,88,Not Applicable,FALSE,1,Public Road,1,"Trafficway, On Road",CT0009300,New Haven PD,180,28:34.0,C,Closed,00:37.0,25000667,,,,,,
1235063,1,Complete,1235063,1235063,41.330022,-72.944449,3723268,New Haven,93,93,New Haven,1/6/2025,2025,1,January,6,2,Monday,13:20:00,13,25000710,A,1,,Overturn/Rollover,"Injury of any type (Serious, Minor, Possible)",C,Possible Injury (C),0,0,4,Local,0.79,690,ELLA T GRASSO BLVD,ELLA T GRASSO BLVD,,CRESCENT ST,60,Feet,S,41.330022,-72.944449,32,Tree (standing),88,Not Applicable,4,Roadside,5,Sleet or Hail ,88,Not Applicable,1,Daylight,5,Ice / Frost,1,Weather Conditions,88,Not Applicable,88,Not Applicable,5,"Road Surface Condition (wet, icy, snow, slush, etc.)",88,Not Applicable,88,Not Applicable,1,Non-Junction,1,Not at Intersection,1,No,1,No,88,Not Applicable,88,Not Applicable,88,Not Applicable,88,Not Applicable,FALSE,1,Public Road,1,"Trafficway, On Road",CT0009300,New Haven PD,44060,51:57.0,C,Closed,00:52.0,,,,,,,
1235076,1,Complete,1235076,1235076,41.322554,-72.934819,3723281,New Haven,93,93,New Haven,1/6/2025,2025,1,January,6,2,Monday,18:04:00,18,25000785,A,2,,Motor Vehicle In Motion,"Injury of any type (Serious, Minor, Possible)",C,Possible Injury (C),0,0,4,Local,0.69,152,DIXWELL AV,DIXWELL AV,,MUNSON ST,65,Feet,S,41.322554,-72.934819,14,Motor Vehicle in Operation,1,Front to rear,1,On Roadway,1,Clear,88,Not Applicable,4,Dark-Lighted,5,Ice / Frost,0,None,88,Not Applicable,88,Not Applicable,0,None,88,Not Applicable,88,Not Applicable,3,Intersection-Related,2,Four-Way Intersection,1,No,1,No,88,Not Applicable,88,Not Applicable,88,Not Applicable,88,Not Applicable,TRUE,1,Public Road,1,"Trafficway, On Road",CT0009300,New Haven PD,39,04:30.0,C,Closed,00:40.0,,,,,,,
1235078,1,Complete,1235078,1235078,41.297722,-72.949027,3723283,New Haven,93,93,New Haven,1/6/2025,2025,1,January,6,2,Monday,19:37:00,19,25000797,A,2,,Motor Vehicle In Motion,"Injury of any type (Serious, Minor, Possible)",B,Suspected Minor Injury (B),0,0,3,State,1.49,10,10-N,10-N,,COLUMBUS AVE,60,Feet,N,41.297722,-72.949027,14,Motor Vehicle in Operation,3,Angle,1,On Roadway,1,Clear,88,Not Applicable,5,Dark-Not Lighted,1,Dry,0,None,88,Not Applicable,88,Not Applicable,0,None,88,Not Applicable,88,Not Applicable,1,Non-Junction,1,Not at Intersection,1,No,1,No,88,Not Applicable,88,Not Applicable,88,Not Applicable,88,Not Applicable,FALSE,1,Public Road,1,"Trafficway, On Road",CT0009300,New Haven PD,45394,14:26.0,O,Open,00:50.0,,,,,,,
1235491,1,Complete,1235491,1235491,41.306027,-72.929675,3723696,New Haven,93,93,New Haven,1/7/2025,2025,1,January,7,3,Tuesday,7:02:00,7,25000828,A,2,,Motor Vehicle In Motion,"Injury of any type (Serious, Minor, Possible)",C,Possible Injury (C),0,0,4,Local,0.44,117,COLLEGE ST,COLLEGE ST,CROWN ST,,,,,41.306027,-72.929675,14,Motor Vehicle in Operation,5,"Sideswipe, opposite direction",1,On Roadway,1,Clear,88,Not Applicable,1,Daylight,1,Dry,0,None,88,Not Applicable,88,Not Applicable,0,None,88,Not Applicable,88,Not Applicable,2,Intersection,2,Four-Way Intersection,1,No,1,No,88,Not Applicable,88,Not Applicable,88,Not Applicable,88,Not Applicable,FALSE,1,Public Road,1,"Trafficway, On Road",CT0009300,New Haven PD,40800,35:08.0,C,Closed,01:23.0,,,,,,,
1235492,1,Complete,1235492,1235492,41.309472,-72.92721,3723697,New Haven,93,93,New Haven,1/7/2025,2025,1,January,7,3,Tuesday,7:24:00,7,25000834,A,1,,Motor Vehicle In Motion,"Injury of any type (Serious, Minor, Possible)",C,Possible Injury (C),1,0,4,Local,0.38,726,ELM ST NO 2,ELM ST NO 2,COLLEGE ST,,,,,41.309472,-72.92721,14,Motor Vehicle in Operation,4,"Sideswipe, same direction",1,On Roadway,1,Clear,88,Not Applicable,1,Daylight,1,Dry,0,None,88,Not Applicable,88,Not Applicable,0,None,88,Not Applicable,88,Not Applicable,2,Intersection,2,Four-Way Intersection,1,No,1,No,88,Not Applicable,88,Not Applicable,88,Not Applicable,88,Not Applicable,FALSE,1,Public Road,1,"Trafficway, On Road",CT0009300,New Haven PD,106,25:27.0,C,Closed,01:22.0,,,,,,,
1235496,1,Complete,1235496,1235496,41.30348,-72.89397,3723701,New Haven,93,93,New Haven,1/7/2025,2025,1,January,7,3,Tuesday,15:14:00,15,25000875,A,2,,Motor Vehicle In Motion,"Injury of any type (Serious, Minor, Possible)",C,Possible Injury (C),0,0,4,Local,0,514,RIVER ST,RIVER ST,FERRY ST,,,,,41.30348,-72.89397,14,Motor Vehicle in Operation,1,Front to rear,1,On Roadway,1,Clear,88,Not Applicable,1,Daylight,1,Dry,0,None,88,Not Applicable,88,Not Applicable,0,None,88,Not Applicable,88,Not Applicable,2,Intersection,3,T-Intersection,2,"Yes, School Bus Directly Involved",1,No,88,Not Applicable,88,Not Applicable,88,Not Applicable,88,Not Applicable,FALSE,1,Public Road,1,"Trafficway, On Road",CT0009300,New Haven PD,40788,56:09.0,C,Closed,01:26.0,,,,,,,
1235955,1,Complete,1235955,1235955,41.296071,-72.928077,3724160,New Haven,93,93,New Haven,1/6/2025,2025,1,January,6,2,Monday,13:09:00,13,25000705,A,3,,Motor Vehicle In Motion,"Injury of any type (Serious, Minor, Possible)",C,Possible Injury (C),0,0,4,Local,0.43,759,CHURCH ST SOUTH NO 2,CHURCH ST SOUTH NO 2,,UNION AVE,80,Feet,E,41.296071,-72.928077,14,Motor Vehicle in Operation,1,Front to rear,1,On Roadway,7,Snow,7,Snow,1,Daylight,3,Snow,1,Weather Conditions,88,Not Applicable,88,Not Applicable,5,"Road Surface Condition (wet, icy, snow, slush, etc.)",88,Not Applicable,88,Not Applicable,3,Intersection-Related,2,Four-Way Intersection,1,No,1,No,88,Not Applicable,88,Not Applicable,88,Not Applicable,88,Not Applicable,FALSE,1,Public Road,1,"Trafficway, On Road",CT0009300,New Haven PD,44062,48:41.0,C,Closed,01:01.0,,,,,,,
1235957,1,Complete,1235957,1235957,41.284456,-72.934724,3724162,New Haven,93,93,New Haven,1/7/2025,2025,1,January,7,3,Tuesday,14:41:00,14,25000888,A,2,,Motor Vehicle In Motion,"Injury of any type (Serious, Minor, Possible)",C,Possible Injury (C),0,0,3,State,0.31,10,10-N,10-N,EXIT 44 (95-S-368),,,,,41.284456,-72.934724,14,Motor Vehicle in Operation,3,Angle,1,On Roadway,1,Clear,88,Not Applicable,1,Daylight,1,Dry,3,Glare,88,Not Applicable,88,Not Applicable,0,None,88,Not Applicable,88,Not Applicable,2,Intersection,2,Four-Way Intersection,1,No,1,No,88,Not Applicable,88,Not Applicable,88,Not Applicable,88,Not Applicable,FALSE,1,Public Road,1,"Trafficway, On Road",CT0009300,New Haven PD,268,29:46.0,C,Closed,01:00.0,,,,,,,
1235961,1,Complete,1235961,1235961,41.3162026,-72.94257415,3724166,New Haven,93,93,New Haven,1/8/2025,2025,1,January,8,4,Wednesday,8:04:00,8,25000955,A,3,,Motor Vehicle In Motion,"Injury of any type (Serious, Minor, Possible)",C,Possible Injury (C),0,0,4,Local,0.74,556,SHERMAN AV,SHERMAN AV,,WHALLEY AVE,120,Feet,S,41.3162026,-72.94257415,14,Motor Vehicle in Operation,4,"Sideswipe, same direction",1,On Roadway,1,Clear,88,Not Applicable,1,Daylight,1,Dry,0,None,88,Not Applicable,88,Not Applicable,0,None,88,Not Applicable,88,Not Applicable,1,Non-Junction,1,Not at Intersection,1,No,1,No,88,Not Applicable,88,Not Applicable,88,Not Applicable,88,Not Applicable,FALSE,1,Public Road,1,"Trafficway, On Road",CT0009300,New Haven PD,238,31:36.0,C,Closed,01:06.0,,,,,,,