CrashId,Fatal Case Status,Fatal Case Status Text Format,CrashId,CrashId,Latitude,Longitude,DOT Case Number,Town Name,Town Number,Town Number,Town Number Text Format,Date Of Crash,Year,Month,Month Text Format,Day,Day of the Week,Day of the Week Text Format,Time of Crash,Hour of the Day,Case Identifier,Crash Severity,Number Of Motor Vehicles,Motor vehicle action,Most harmful event,Crash Severity Text Format,Most Severe Injury,Most Severe Injury Text Format,Number Of Non-Motorist,Number Of Witnesses,Route Class,Route Class Text Format,Milemarker,Road Number,Road Description,Roadway Name,Intersecting Roadway Name,Landmark Description,Distance From Nearest Landmark,Unit Of Measure From Nearest Landmark,Direction From Nearest Landmark,Latitude,Longitude,First Harmful Event,First Harmful Event Text Format,Manner of Crash / Collision Impact,Manner of Crash / Collision Impact Text Format,Location of First Harmful Event,Location of First Harmful Event Text Format,Weather Condition,Weather Condition Text Format,Weather 2,Weather 2 Text Format,Light Condition,Light Condition Text Format,Road Surface Condition,Road Surface Condition Text Format,"Contributing Circumstances, Environment","Contributing Circumstances, Environment Text Format",Environment 2,Environment 2 Text Format,Environment 3,Environment 3 Text Format,"Contributing Circumstances, Road","Contributing Circumstances, Road Text Format",Road 2,Road 2 Text Format,Road 3,Road 3 Text Format,Crash Specific Location,Crash Specific Location Text Format,Type of Intersection,Type of Intersection Text Format,School Bus Related,School Bus Related Text Format,Work Zone Related,Work Zone Related Text Format,Location Of Crash Relative To Work Zone,Location Of Crash Relative To Work Zone Text Format,Type of Work Zone,Type of Work Zone Text Format,Worker Presence,Worker Presence Text Format,Law Enforcement Presence,Law Enforcement Presence Text Format,Were Vehicles Moved Prior To Police Arrival,Trafficway Ownership,Trafficway Ownership Text Format,Trafficway Class,Trafficway Class Text Format,Police Agency,Police Agency Text Format,Badge Number,Approval Date,Police Case Status,Police Case Status Text Format,Crash Report Submission Date,Related Case Identifiers,No. of Through Lanes (Log Dir.),Average Daily Traffic,Functional Classification,Functional Classification Text Format,Rural or Urban,Rural or Urban Text Format
1243707,1,Complete,1243707,1243707,41.32018591,-72.86928004,3731912,New Haven,93,93,New Haven,1/31/2025,2025,1,January,31,6,Friday,12:55:00,12,25004530,A,2,,Motor Vehicle In Motion,"Injury of any type (Serious, Minor, Possible)",C,Possible Injury (C),0,0,3,State,0.7,80,80-E,80-E,,OLD FOXON RD,100,Feet,W,41.32018591,-72.86928004,14,Motor Vehicle in Operation,3,Angle,1,On Roadway,1,Clear,88,Not Applicable,1,Daylight,1,Dry,0,None,88,Not Applicable,88,Not Applicable,0,None,88,Not Applicable,88,Not Applicable,1,Non-Junction,1,Not at Intersection,1,No,1,No,88,Not Applicable,88,Not Applicable,88,Not Applicable,88,Not Applicable,TRUE,1,Public Road,1,"Trafficway, On Road",CT0009300,New Haven PD,279,40:54.0,O,Open,00:36.0,,,,,,,
1243716,1,Complete,1243716,1243716,41.288993,-72.894709,3731921,New Haven,93,93,New Haven,2/1/2025,2025,2,February,1,7,Saturday,12:44:00,12,25004645,A,2,,Motor Vehicle In Motion,"Injury of any type (Serious, Minor, Possible)",B,Suspected Minor Injury (B),0,0,1,Interstate,0.36,95,95-N-346,95-N-346,WOODWARD AV,,,,,41.288993,-72.894709,14,Motor Vehicle in Operation,3,Angle,1,On Roadway,1,Clear,88,Not Applicable,1,Daylight,1,Dry,0,None,88,Not Applicable,88,Not Applicable,0,None,88,Not Applicable,88,Not Applicable,2,Intersection,2,Four-Way Intersection,1,No,1,No,88,Not Applicable,88,Not Applicable,88,Not Applicable,88,Not Applicable,FALSE,1,Public Road,1,"Trafficway, On Road",CT0009300,New Haven PD,42049,17:03.0,C,Closed,00:35.0,,,,,,,
1243720,1,Complete,1243720,1243720,41.303033,-72.920468,3731925,New Haven,93,93,New Haven,2/1/2025,2025,2,February,1,7,Saturday,18:46:00,18,25004692,A,1,,Pedestrian,"Injury of any type (Serious, Minor, Possible)",B,Suspected Minor Injury (B),2,0,4,Local,0.12,447,OLIVE ST,OLIVE ST,,WOOSTER ST,5,Feet,N,41.303033,-72.920468,9,Pedestrian,88,Not Applicable,1,On Roadway,1,Clear,88,Not Applicable,4,Dark-Lighted,1,Dry,0,None,88,Not Applicable,88,Not Applicable,0,None,88,Not Applicable,88,Not Applicable,3,Intersection-Related,3,T-Intersection,1,No,1,No,88,Not Applicable,88,Not Applicable,88,Not Applicable,88,Not Applicable,TRUE,1,Public Road,1,"Trafficway, On Road",CT0009300,New Haven PD,7573,27:08.0,C,Closed,00:24.0,,,,,,,
1243723,1,Complete,1243723,1243723,41.29753141,-72.94856414,3731928,New Haven,93,93,New Haven,2/2/2025,2025,2,February,2,1,Sunday,1:40:00,1,25004723,A,2,,Motor Vehicle In Motion,"Injury of any type (Serious, Minor, Possible)",C,Possible Injury (C),0,0,2,USRoute,46.66,1,1-N,1-N,,ELLA T GRASSO BLVD,78,Feet,E,41.29753141,-72.94856414,14,Motor Vehicle in Operation,1,Front to rear,1,On Roadway,1,Clear,88,Not Applicable,4,Dark-Lighted,1,Dry,0,None,88,Not Applicable,88,Not Applicable,0,None,88,Not Applicable,88,Not Applicable,3,Intersection-Related,2,Four-Way Intersection,1,No,1,No,88,Not Applicable,88,Not Applicable,88,Not Applicable,88,Not Applicable,TRUE,1,Public Road,1,"Trafficway, On Road",CT0009300,New Haven PD,45395,08:23.0,C,Closed,00:30.0,,,,,,,
1244255,1,Complete,1244255,1244255,41.33164,-72.94961,3732460,New Haven,93,93,New Haven,1/29/2025,2025,1,January,29,4,Wednesday,18:45:00,18,25004249,A,4,,Motor Vehicle In Motion,"Injury of any type (Serious, Minor, Possible)",C,Possible Injury (C),0,2,3,State,4.23,10,10-N,10-N,,CRESCENT ST,30,Feet,N,41.33164,-72.94961,14,Motor Vehicle in Operation,3,Angle,1,On Roadway,1,Clear,88,Not Applicable,4,Dark-Lighted,1,Dry,0,None,88,Not Applicable,88,Not Applicable,0,None,88,Not Applicable,88,Not Applicable,3,Intersection-Related,3,T-Intersection,1,No,1,No,88,Not Applicable,88,Not Applicable,88,Not Applicable,88,Not Applicable,FALSE,1,Public Road,1,"Trafficway, On Road",CT0009300,New Haven PD,42045,19:41.0,C,Closed,01:35.0,25004246,,,,,,
1244256,1,Complete,1244256,1244256,41.305598,-72.936043,3732461,New Haven,93,93,New Haven,1/30/2025,2025,1,January,30,5,Thursday,12:15:00,12,25004342,A,2,,Motor Vehicle In Motion,"Injury of any type (Serious, Minor, Possible)",C,Possible Injury (C),0,0,4,Local,0.08,,SOUTH FRONTAGE RD-RT 34,SOUTH FRONTAGE RD-RT 34,PARK ST,,,,,41.305598,-72.936043,14,Motor Vehicle in Operation,3,Angle,1,On Roadway,1,Clear,88,Not Applicable,1,Daylight,1,Dry,0,None,88,Not Applicable,88,Not Applicable,0,None,88,Not Applicable,88,Not Applicable,2,Intersection,2,Four-Way Intersection,1,No,1,No,88,Not Applicable,88,Not Applicable,88,Not Applicable,88,Not Applicable,FALSE,1,Public Road,1,"Trafficway, On Road",CT0009300,New Haven PD,40800,42:59.0,C,Closed,01:18.0,,,,,,,
1244259,1,Complete,1244259,1244259,41.313682,-72.946104,3732464,New Haven,93,93,New Haven,2/1/2025,2025,2,February,1,7,Saturday,1:00:00,1,25004614,A,1,,"Other Fixed Object (wall, building, tunnel, etc.)","Injury of any type (Serious, Minor, Possible)",B,Suspected Minor Injury (B),0,0,4,Local,1.32,179,EDGEWOOD AV,EDGEWOOD AV,WINTHROP AVE,,,,,41.313682,-72.946104,39,"Other Fixed Object (wall, building, tunnel, etc.)",88,Not Applicable,1,On Roadway,4,Rain,88,Not Applicable,4,Dark-Lighted,2,Wet,1,Weather Conditions,88,Not Applicable,88,Not Applicable,0,None,88,Not Applicable,88,Not Applicable,2,Intersection,3,T-Intersection,1,No,1,No,88,Not Applicable,88,Not Applicable,88,Not Applicable,88,Not Applicable,FALSE,1,Public Road,1,"Trafficway, On Road",CT0009300,New Haven PD,45701,47:53.0,C,Closed,01:12.0,,,,,,,
1244263,1,Complete,1244263,1244263,41.320673,-72.873414,3732468,New Haven,93,93,New Haven,2/2/2025,2025,2,February,2,1,Sunday,19:50:00,19,25004785,A,2,,Motor Vehicle In Motion,"Injury of any type (Serious, Minor, Possible)",C,Possible Injury (C),0,0,3,State,0.47,80,80-E,80-E,,QUINNIPIAC AVE,158,Feet,E,41.320673,-72.873414,14,Motor Vehicle in Operation,3,Angle,1,On Roadway,1,Clear,88,Not Applicable,4,Dark-Lighted,2,Wet,0,None,88,Not Applicable,88,Not Applicable,0,None,88,Not Applicable,88,Not Applicable,9,Driveway Access-Related,1,Not at Intersection,1,No,1,No,88,Not Applicable,88,Not Applicable,88,Not Applicable,88,Not Applicable,FALSE,1,Public Road,1,"Trafficway, On Road",CT0009300,New Haven PD,47003,35:24.0,C,Closed,01:33.0,,,,,,,
1244271,1,Complete,1244271,1244271,41.314654,-72.951201,3732476,New Haven,93,93,New Haven,2/3/2025,2025,2,February,3,2,Monday,7:43:00,7,25004820,A,2,,Motor Vehicle In Motion,"Injury of any type (Serious, Minor, Possible)",C,Possible Injury (C),0,0,3,State,2.71,10,10-N,10-N,,EDGEWOOD AVE,117,Feet,S,41.314654,-72.951201,14,Motor Vehicle in Operation,3,Angle,1,On Roadway,1,Clear,88,Not Applicable,1,Daylight,3,Snow,0,None,88,Not Applicable,88,Not Applicable,0,None,88,Not Applicable,88,Not Applicable,9,Driveway Access-Related,1,Not at Intersection,1,No,1,No,88,Not Applicable,88,Not Applicable,88,Not Applicable,88,Not Applicable,TRUE,1,Public Road,1,"Trafficway, On Road",CT0009300,New Haven PD,349,39:24.0,C,Closed,01:17.0,,,,,,,
1244273,1,Complete,1244273,1244273,41.309343,-72.884917,3732478,New Haven,93,93,New Haven,2/3/2025,2025,2,February,3,2,Monday,10:45:00,10,25004831,A,2,,Motor Vehicle In Motion,"Injury of any type (Serious, Minor, Possible)",B,Suspected Minor Injury (B),0,0,4,Local,1.23,498,QUINNIPIAC AV,QUINNIPIAC AV,,CLIFTON ST,25,Feet,S,41.309343,-72.884917,14,Motor Vehicle in Operation,2,Front to front,1,On Roadway,1,Clear,88,Not Applicable,1,Daylight,4,Slush,0,None,88,Not Applicable,88,Not Applicable,5,"Road Surface Condition (wet, icy, snow, slush, etc.)",88,Not Applicable,88,Not Applicable,1,Non-Junction,1,Not at Intersection,1,No,1,No,88,Not Applicable,88,Not Applicable,88,Not Applicable,88,Not Applicable,FALSE,1,Public Road,1,"Trafficway, On Road",CT0009300,New Haven PD,42049,56:46.0,C,Closed,01:24.0,,,,,,,
1244582,1,Complete,1244582,1244582,41.312257,-72.952441,3732787,New Haven,93,93,New Haven,12/30/2024,2024,12,December,30,2,Monday,15:41:00,15,24052029,A,2,,Motor Vehicle In Motion,"Injury of any type (Serious, Minor, Possible)",C,Possible Injury (C),0,0,3,State,2.53,10,10-N,10-N,,IRVING ST,30,Feet,N,41.312257,-72.952441,14,Motor Vehicle in Operation,1,Front to rear,1,On Roadway,1,Clear,88,Not Applicable,1,Daylight,1,Dry,99,Unknown,88,Not Applicable,88,Not Applicable,0,None,88,Not Applicable,88,Not Applicable,1,Non-Junction,1,Not at Intersection,1,No,1,No,88,Not Applicable,88,Not Applicable,88,Not Applicable,88,Not Applicable,FALSE,1,Public Road,1,"Trafficway, On Road",CT0009300,New Haven PD,46901,33:50.0,C,Closed,00:29.0,,,,,,,
1244591,1,Complete,1244591,1244591,41.307027,-72.938861,3732796,New Haven,93,93,New Haven,2/4/2025,2025,2,February,4,3,Tuesday,18:30:00,18,25005094,A,2,,Motor Vehicle In Motion,"Injury of any type (Serious, Minor, Possible)",B,Suspected Minor Injury (B),0,0,4,Local,0.84,809,REV DR MLK JR BLVD,REV DR MLK JR BLVD,DWIGHT ST,,,,,41.307027,-72.938861,14,Motor Vehicle in Operation,4,"Sideswipe, same direction",1,On Roadway,1,Clear,88,Not Applicable,4,Dark-Lighted,1,Dry,0,None,88,Not Applicable,88,Not Applicable,0,None,88,Not Applicable,88,Not Applicable,2,Intersection,2,Four-Way Intersection,1,No,1,No,88,Not Applicable,88,Not Applicable,88,Not Applicable,88,Not Applicable,FALSE,1,Public Road,1,"Trafficway, On Road",CT0009300,New Haven PD,42046,23:57.0,C,Closed,00:35.0,,,,,,,
1244934,1,Complete,1244934,1244934,41.306901,-72.94243,3733139,New Haven,93,93,New Haven,2/5/2025,2025,2,February,5,4,Wednesday,16:26:00,16,25005223,A,2,,Motor Vehicle In Motion,"Injury of any type (Serious, Minor, Possible)",C,Possible Injury (C),0,1,4,Local,0.92,809,REV DR MLK JR BLVD,REV DR MLK JR BLVD,Orchard St ,,,,,41.306901,-72.94243,14,Motor Vehicle in Operation,3,Angle,1,On Roadway,1,Clear,88,Not Applicable,1,Daylight,1,Dry,0,None,88,Not Applicable,88,Not Applicable,0,None,88,Not Applicable,88,Not Applicable,2,Intersection,2,Four-Way Intersection,1,No,1,No,88,Not Applicable,88,Not Applicable,88,Not Applicable,88,Not Applicable,FALSE,1,Public Road,1,"Trafficway, On Road",CT0009300,New Haven PD,150,34:18.0,C,Closed,00:20.0,,,,,,,
1246424,1,Complete,1246424,1246424,41.315288,-72.950919,3734629,New Haven,93,93,New Haven,1/30/2025,2025,1,January,30,5,Thursday,13:42:00,13,25004351,A,2,,Motor Vehicle In Motion,"Injury of any type (Serious, Minor, Possible)",C,Possible Injury (C),0,1,3,State,2.58,10,10-N,10-N,EDGEWOOD AV,,,,,41.315288,-72.950919,14,Motor Vehicle in Operation,3,Angle,1,On Roadway,1,Clear,88,Not Applicable,1,Daylight,1,Dry,0,None,88,Not Applicable,88,Not Applicable,0,None,88,Not Applicable,88,Not Applicable,3,Intersection-Related,3,T-Intersection,1,No,1,No,88,Not Applicable,88,Not Applicable,88,Not Applicable,88,Not Applicable,TRUE,1,Public Road,1,"Trafficway, On Road",CT0009300,New Haven PD,39,40:46.0,C,Closed,47:48.0,,,,,,,
1246435,1,Complete,1246435,1246435,41.30885,-72.90981,3734640,New Haven,93,93,New Haven,2/6/2025,2025,2,February,6,5,Thursday,16:46:00,16,25005391,A,2,,Motor Vehicle In Motion,"Injury of any type (Serious, Minor, Possible)",C,Possible Injury (C),0,0,4,Local,1.26,264,GRAND AV,GRAND AV,EAST ST,,,,,41.30885,-72.90981,14,Motor Vehicle in Operation,5,"Sideswipe, opposite direction",1,On Roadway,2,Cloudy,88,Not Applicable,1,Daylight,2,Wet,0,None,88,Not Applicable,88,Not Applicable,0,None,88,Not Applicable,88,Not Applicable,2,Intersection,2,Four-Way Intersection,1,No,1,No,88,Not Applicable,88,Not Applicable,88,Not Applicable,88,Not Applicable,FALSE,1,Public Road,1,"Trafficway, On Road",CT0009300,New Haven PD,40788,45:23.0,C,Closed,47:50.0,,,,,,,
1246436,1,Complete,1246436,1246436,41.321231,-72.873775,3734641,New Haven,93,93,New Haven,2/6/2025,2025,2,February,6,5,Thursday,16:59:00,16,25005393,A,2,,Motor Vehicle In Motion,"Injury of any type (Serious, Minor, Possible)",C,Possible Injury (C),0,0,3,State,0.03,103,103-N,103-N,,RT 80,141,,N,41.321231,-72.873775,14,Motor Vehicle in Operation,1,Front to rear,1,On Roadway,1,Clear,88,Not Applicable,1,Daylight,1,Dry,0,None,88,Not Applicable,88,Not Applicable,0,None,88,Not Applicable,88,Not Applicable,2,Intersection,2,Four-Way Intersection,1,No,1,No,88,Not Applicable,88,Not Applicable,88,Not Applicable,88,Not Applicable,TRUE,1,Public Road,1,"Trafficway, On Road",CT0009300,New Haven PD,47003,14:07.0,C,Closed,47:50.0,,,,,,,
1246441,1,Complete,1246441,1246441,41.312228,-72.91964,3734646,New Haven,93,93,New Haven,2/7/2025,2025,2,February,7,6,Friday,8:47:00,8,25005438,A,2,,Motor Vehicle In Motion,"Injury of any type (Serious, Minor, Possible)",C,Possible Injury (C),0,0,4,Local,0.3,601,TRUMBULL ST,TRUMBULL ST,,ORANGE ST,90,Feet,W,41.312228,-72.91964,14,Motor Vehicle in Operation,4,"Sideswipe, same direction",1,On Roadway,1,Clear,88,Not Applicable,1,Daylight,2,Wet,0,None,88,Not Applicable,88,Not Applicable,0,None,88,Not Applicable,88,Not Applicable,3,Intersection-Related,8,"Five-Point, or More",1,No,1,No,88,Not Applicable,88,Not Applicable,88,Not Applicable,88,Not Applicable,FALSE,1,Public Road,1,"Trafficway, On Road",CT0009300,New Haven PD,44060,15:16.0,C,Closed,47:53.0,,,,,,,
1246442,1,Complete,1246442,1246442,41.335092,-72.976772,3734647,New Haven,93,93,New Haven,2/7/2025,2025,2,February,7,6,Friday,10:11:00,10,25005454,A,2,,Motor Vehicle In Motion,"Injury of any type (Serious, Minor, Possible)",C,Possible Injury (C),0,0,3,State,0.04,69,69-N,69-N,,AMITY ROAD,80,Feet,N,41.335092,-72.976772,14,Motor Vehicle in Operation,3,Angle,1,On Roadway,1,Clear,88,Not Applicable,1,Daylight,1,Dry,0,None,88,Not Applicable,88,Not Applicable,0,None,88,Not Applicable,88,Not Applicable,9,Driveway Access-Related,1,Not at Intersection,1,No,1,No,88,Not Applicable,88,Not Applicable,88,Not Applicable,88,Not Applicable,FALSE,1,Public Road,1,"Trafficway, On Road",CT0009300,New Haven PD,45397,11:32.0,C,Closed,47:53.0,,,,,,,
1246443,1,Complete,1246443,1246443,41.3266383,-72.9636089,3734648,New Haven,93,93,New Haven,2/7/2025,2025,2,February,7,6,Friday,9:35:00,9,25005455,A,2,,Motor Vehicle In Motion,"Injury of any type (Serious, Minor, Possible)",C,Possible Injury (C),0,0,3,State,6.45,243,243-W,243-W,MCKINLEY AV,,,,,41.3266383,-72.9636089,14,Motor Vehicle in Operation,3,Angle,1,On Roadway,1,Clear,88,Not Applicable,1,Daylight,1,Dry,0,None,88,Not Applicable,88,Not Applicable,0,None,88,Not Applicable,88,Not Applicable,2,Intersection,3,T-Intersection,1,No,1,No,88,Not Applicable,88,Not Applicable,88,Not Applicable,88,Not Applicable,TRUE,1,Public Road,1,"Trafficway, On Road",CT0009300,New Haven PD,47006,53:10.0,C,Closed,47:53.0,,,,,,,
1246445,1,Complete,1246445,1246445,41.308197,-72.945857,3734650,New Haven,93,93,New Haven,2/7/2025,2025,2,February,7,6,Friday,13:30:00,13,25005483,A,2,,Motor Vehicle In Motion,"Injury of any type (Serious, Minor, Possible)",C,Possible Injury (C),0,0,4,Local,0.16,556,SHERMAN AV,SHERMAN AV,,GILBERT AVE,237,Feet,S,41.308197,-72.945857,14,Motor Vehicle in Operation,1,Front to rear,1,On Roadway,1,Clear,88,Not Applicable,1,Daylight,1,Dry,0,None,88,Not Applicable,88,Not Applicable,0,None,88,Not Applicable,88,Not Applicable,1,Non-Junction,1,Not at Intersection,1,No,1,No,88,Not Applicable,88,Not Applicable,88,Not Applicable,88,Not Applicable,TRUE,1,Public Road,1,"Trafficway, On Road",CT0009300,New Haven PD,44947,22:33.0,O,Open,48:10.0,,,,,,,
1246449,1,Complete,1246449,1246449,41.309469,-72.927034,3734654,New Haven,93,93,New Haven,2/7/2025,2025,2,February,7,6,Friday,20:10:00,20,25005535,A,2,,Motor Vehicle In Motion,"Injury of any type (Serious, Minor, Possible)",C,Possible Injury (C),0,0,4,Local,0.17,117,COLLEGE ST,COLLEGE ST,ELM ST,,,,,41.309469,-72.927034,14,Motor Vehicle in Operation,97,Other,1,On Roadway,1,Clear,88,Not Applicable,4,Dark-Lighted,1,Dry,0,None,88,Not Applicable,88,Not Applicable,0,None,88,Not Applicable,88,Not Applicable,2,Intersection,2,Four-Way Intersection,1,No,1,No,88,Not Applicable,88,Not Applicable,88,Not Applicable,88,Not Applicable,FALSE,1,Public Road,1,"Trafficway, On Road",CT0009300,New Haven PD,45630,51:56.0,C,Closed,47:54.0,,,,,,,
1246453,1,Complete,1246453,1246453,41.323772,-72.881306,3734658,New Haven,93,93,New Haven,2/8/2025,2025,2,February,8,7,Saturday,13:13:00,13,25005595,A,3,,Motor Vehicle In Motion,"Injury of any type (Serious, Minor, Possible)",C,Possible Injury (C),0,0,3,State,0.01,80,80-E,80-E,,MIDDLETOWN AVE,50,Feet,E,41.323772,-72.881306,14,Motor Vehicle in Operation,1,Front to rear,1,On Roadway,1,Clear,88,Not Applicable,1,Daylight,1,Dry,0,None,88,Not Applicable,88,Not Applicable,0,None,88,Not Applicable,88,Not Applicable,1,Non-Junction,1,Not at Intersection,1,No,1,No,88,Not Applicable,88,Not Applicable,88,Not Applicable,88,Not Applicable,FALSE,1,Public Road,1,"Trafficway, On Road",CT0009300,New Haven PD,42049,51:15.0,C,Closed,47:57.0,,,,,,,
1246464,1,Complete,1246464,1246464,41.310086,-72.953361,3734669,New Haven,93,93,New Haven,2/9/2025,2025,2,February,9,1,Sunday,3:38:00,3,25005650,A,2,,Motor Vehicle In Motion,"Injury of any type (Serious, Minor, Possible)",C,Possible Injury (C),0,0,3,State,21.88,34,34-E,34-E,10-N,,,,,41.310086,-72.953361,14,Motor Vehicle in Operation,2,Front to front,1,On Roadway,7,Snow,88,Not Applicable,4,Dark-Lighted,3,Snow,1,Weather Conditions,88,Not Applicable,88,Not Applicable,0,None,88,Not Applicable,88,Not Applicable,2,Intersection,2,Four-Way Intersection,1,No,1,No,88,Not Applicable,88,Not Applicable,88,Not Applicable,88,Not Applicable,FALSE,1,Public Road,1,"Trafficway, On Road",CT0009300,New Haven PD,44175,04:14.0,C,Closed,52:43.0,,,,,,,
1246468,1,Complete,1246468,1246468,41.3104934,-72.9512411,3734673,New Haven,93,93,New Haven,2/9/2025,2025,2,February,9,1,Sunday,16:22:00,16,25005685,A,1,,"Other Fixed Object (wall, building, tunnel, etc.)","Injury of any type (Serious, Minor, Possible)",C,Possible Injury (C),0,0,4,Local,0.29,147,DERBY AV,DERBY AV,MEAD ST,,,,,41.3104934,-72.9512411,39,"Other Fixed Object (wall, building, tunnel, etc.)",88,Not Applicable,1,On Roadway,1,Clear,88,Not Applicable,1,Daylight,2,Wet,0,None,88,Not Applicable,88,Not Applicable,0,None,88,Not Applicable,88,Not Applicable,2,Intersection,2,Four-Way Intersection,1,No,1,No,88,Not Applicable,88,Not Applicable,88,Not Applicable,88,Not Applicable,FALSE,1,Public Road,1,"Trafficway, On Road",CT0009300,New Haven PD,40804,42:54.0,C,Closed,48:02.0,,,,,,,
1246475,1,Complete,1246475,1246475,41.28451,-72.93482,3734680,New Haven,93,93,New Haven,2/11/2025,2025,2,February,11,3,Tuesday,6:26:00,6,25005877,A,2,,Motor Vehicle In Motion,"Injury of any type (Serious, Minor, Possible)",B,Suspected Minor Injury (B),0,0,3,State,0.31,10,10-N,10-N,95-S-366 (Exit 44 on ramp),,,,,41.28451,-72.93482,14,Motor Vehicle in Operation,3,Angle,1,On Roadway,1,Clear,88,Not Applicable,1,Daylight,1,Dry,0,None,88,Not Applicable,88,Not Applicable,0,None,88,Not Applicable,88,Not Applicable,2,Intersection,2,Four-Way Intersection,1,No,1,No,88,Not Applicable,88,Not Applicable,88,Not Applicable,88,Not Applicable,FALSE,1,Public Road,1,"Trafficway, On Road",CT0009300,New Haven PD,45389,04:07.0,C,Closed,48:10.0,,,,,,,
1246607,1,Complete,1246607,1246607,41.314088,-72.904025,3734812,New Haven,93,93,New Haven,2/10/2025,2025,2,February,10,2,Monday,21:38:00,21,25005864,A,2,,Motor Vehicle In Motion,"Injury of any type (Serious, Minor, Possible)",C,Possible Injury (C),0,0,4,Local,0.92,316,HUMPHREY ST,HUMPHREY ST,JAMES ST,,,,,41.314088,-72.904025,14,Motor Vehicle in Operation,3,Angle,1,On Roadway,1,Clear,88,Not Applicable,4,Dark-Lighted,1,Dry,0,None,88,Not Applicable,88,Not Applicable,0,None,88,Not Applicable,88,Not Applicable,2,Intersection,2,Four-Way Intersection,1,No,1,No,88,Not Applicable,88,Not Applicable,88,Not Applicable,88,Not Applicable,FALSE,1,Public Road,1,"Trafficway, On Road",CT0009300,New Haven PD,44176,40:57.0,O,Open,01:41.0,,,,,,,
1246609,1,Complete,1246609,1246609,41.307249,-72.93877,3734814,New Haven,93,93,New Haven,2/11/2025,2025,2,February,11,3,Tuesday,12:28:00,12,25005939,A,2,,Motor Vehicle In Motion,"Injury of any type (Serious, Minor, Possible)",C,Possible Injury (C),0,0,4,Local,0.5,160,DWIGHT ST,DWIGHT ST,,REV DR MARTIN LUTHER KING JR BLVD,70,Feet,N,41.307249,-72.93877,14,Motor Vehicle in Operation,1,Front to rear,1,On Roadway,1,Clear,88,Not Applicable,1,Daylight,1,Dry,0,None,88,Not Applicable,88,Not Applicable,0,None,88,Not Applicable,88,Not Applicable,3,Intersection-Related,2,Four-Way Intersection,1,No,1,No,88,Not Applicable,88,Not Applicable,88,Not Applicable,88,Not Applicable,FALSE,1,Public Road,1,"Trafficway, On Road",CT0009300,New Haven PD,503,37:28.0,C,Closed,01:36.0,,,,,,,
1246613,1,Complete,1246613,1246613,41.28731,-72.937314,3734818,New Haven,93,93,New Haven,2/11/2025,2025,2,February,11,3,Tuesday,17:11:00,17,25006006,A,2,,Motor Vehicle In Motion,"Injury of any type (Serious, Minor, Possible)",C,Possible Injury (C),0,0,3,State,0.55,10,10-N,10-N,,RD A,70,Feet,S,41.28731,-72.937314,14,Motor Vehicle in Operation,3,Angle,1,On Roadway,1,Clear,88,Not Applicable,4,Dark-Lighted,1,Dry,0,None,88,Not Applicable,88,Not Applicable,0,None,88,Not Applicable,88,Not Applicable,9,Driveway Access-Related,1,Not at Intersection,1,No,1,No,88,Not Applicable,88,Not Applicable,88,Not Applicable,88,Not Applicable,FALSE,1,Public Road,1,"Trafficway, On Road",CT0009300,New Haven PD,47005,53:28.0,C,Closed,01:40.0,,,,,,,
1246968,1,Complete,1246968,1246968,41.28648541,-72.93106281,3735173,New Haven,93,93,New Haven,2/11/2025,2025,2,February,11,3,Tuesday,16:30:00,16,25005977,A,2,,Motor Vehicle In Motion,"Injury of any type (Serious, Minor, Possible)",C,Possible Injury (C),0,0,4,Local,1.4,308,HOWARD AV,HOWARD AV,FOURTH ST,,,,,41.28648541,-72.93106281,14,Motor Vehicle in Operation,3,Angle,1,On Roadway,1,Clear,88,Not Applicable,1,Daylight,1,Dry,99,Unknown,88,Not Applicable,88,Not Applicable,99,Unknown,88,Not Applicable,88,Not Applicable,2,Intersection,2,Four-Way Intersection,1,No,1,No,88,Not Applicable,88,Not Applicable,88,Not Applicable,88,Not Applicable,FALSE,1,Public Road,1,"Trafficway, On Road",CT0009300,New Haven PD,46901,22:52.0,C,Closed,00:21.0,,,,,,,
1246972,1,Complete,1246972,1246972,41.297596,-72.942472,3735177,New Haven,93,93,New Haven,2/11/2025,2025,2,February,11,3,Tuesday,23:21:00,23,25006042,A,1,,Fence,"Injury of any type (Serious, Minor, Possible)",C,Possible Injury (C),0,0,2,USRoute,46.97,1,1-N,1-N,,Bond St ,95,Feet,E,41.297596,-72.942472,36,Fence,88,Not Applicable,1,On Roadway,7,Snow,88,Not Applicable,4,Dark-Lighted,3,Snow,1,Weather Conditions,88,Not Applicable,88,Not Applicable,5,"Road Surface Condition (wet, icy, snow, slush, etc.)",88,Not Applicable,88,Not Applicable,1,Non-Junction,1,Not at Intersection,1,No,1,No,88,Not Applicable,88,Not Applicable,88,Not Applicable,88,Not Applicable,FALSE,1,Public Road,1,"Trafficway, On Road",CT0009300,New Haven PD,43690,33:54.0,C,Closed,00:21.0,,,,,,,