CrashId,Fatal Case Status,Fatal Case Status Text Format,CrashId,CrashId,Latitude,Longitude,DOT Case Number,Town Name,Town Number,Town Number,Town Number Text Format,Date Of Crash,Year,Month,Month Text Format,Day,Day of the Week,Day of the Week Text Format,Time of Crash,Hour of the Day,Case Identifier,Crash Severity,Number Of Motor Vehicles,Motor vehicle action,Most harmful event,Crash Severity Text Format,Most Severe Injury,Most Severe Injury Text Format,Number Of Non-Motorist,Number Of Witnesses,Route Class,Route Class Text Format,Milemarker,Road Number,Road Description,Roadway Name,Intersecting Roadway Name,Landmark Description,Distance From Nearest Landmark,Unit Of Measure From Nearest Landmark,Direction From Nearest Landmark,Latitude,Longitude,First Harmful Event,First Harmful Event Text Format,Manner of Crash / Collision Impact,Manner of Crash / Collision Impact Text Format,Location of First Harmful Event,Location of First Harmful Event Text Format,Weather Condition,Weather Condition Text Format,Weather 2,Weather 2 Text Format,Light Condition,Light Condition Text Format,Road Surface Condition,Road Surface Condition Text Format,"Contributing Circumstances, Environment","Contributing Circumstances, Environment Text Format",Environment 2,Environment 2 Text Format,Environment 3,Environment 3 Text Format,"Contributing Circumstances, Road","Contributing Circumstances, Road Text Format",Road 2,Road 2 Text Format,Road 3,Road 3 Text Format,Crash Specific Location,Crash Specific Location Text Format,Type of Intersection,Type of Intersection Text Format,School Bus Related,School Bus Related Text Format,Work Zone Related,Work Zone Related Text Format,Location Of Crash Relative To Work Zone,Location Of Crash Relative To Work Zone Text Format,Type of Work Zone,Type of Work Zone Text Format,Worker Presence,Worker Presence Text Format,Law Enforcement Presence,Law Enforcement Presence Text Format,Were Vehicles Moved Prior To Police Arrival,Trafficway Ownership,Trafficway Ownership Text Format,Trafficway Class,Trafficway Class Text Format,Police Agency,Police Agency Text Format,Badge Number,Approval Date,Police Case Status,Police Case Status Text Format,Crash Report Submission Date,Related Case Identifiers,No. of Through Lanes (Log Dir.),Average Daily Traffic,Functional Classification,Functional Classification Text Format,Rural or Urban,Rural or Urban Text Format
1259981,1,Complete,1259981,1259981,41.30649935,-72.95289399,3747187,New Haven,93,93,New Haven,3/27/2025,2025,3,March,27,5,Thursday,16:01:00,16,25012187,A,3,,Motor Vehicle In Motion,"Injury of any type (Serious, Minor, Possible)",C,Possible Injury (C),0,0,3,State,2.13,10,10-N,10-N,REV DR MARTIN LUTHER KING JR BLVD,,,,,41.30649935,-72.95289399,14,Motor Vehicle in Operation,3,Angle,1,On Roadway,1,Clear,88,Not Applicable,1,Daylight,1,Dry,0,None,88,Not Applicable,88,Not Applicable,0,None,88,Not Applicable,88,Not Applicable,2,Intersection,3,T-Intersection,1,No,1,No,88,Not Applicable,88,Not Applicable,88,Not Applicable,88,Not Applicable,FALSE,1,Public Road,1,"Trafficway, On Road",CT0009300,New Haven PD,11439,17:07.0,C,Closed,01:00.0,,,,,,,
1259984,1,Complete,1259984,1259984,41.302959,-72.930315,3747190,New Haven,93,93,New Haven,3/27/2025,2025,3,March,27,5,Thursday,19:03:00,19,25012239,A,2,,Motor Vehicle In Motion,"Injury of any type (Serious, Minor, Possible)",C,Possible Injury (C),0,0,4,Local,0.2,564,SOUTH FRONTAGE RD,SOUTH FRONTAGE RD,CONGRESS AV,,,,,41.302959,-72.930315,14,Motor Vehicle in Operation,1,Front to rear,1,On Roadway,1,Clear,88,Not Applicable,3,Dusk,1,Dry,0,None,88,Not Applicable,88,Not Applicable,0,None,88,Not Applicable,88,Not Applicable,2,Intersection,3,T-Intersection,1,No,1,No,88,Not Applicable,88,Not Applicable,88,Not Applicable,88,Not Applicable,FALSE,1,Public Road,1,"Trafficway, On Road",CT0009300,New Haven PD,46898,19:28.0,C,Closed,00:57.0,,,,,,,
1261168,1,Complete,1261168,1261168,41.306571,-72.952558,3748374,New Haven,93,93,New Haven,3/1/2025,2025,3,March,1,7,Saturday,5:19:00,5,25008702,A,2,,Motor Vehicle In Motion,"Injury of any type (Serious, Minor, Possible)",C,Possible Injury (C),0,0,4,Local,1.45,809,REV DR MLK JR BLVD,REV DR MLK JR BLVD,,ELLA GRASSO BLV,60,Feet,E,41.306571,-72.952558,14,Motor Vehicle in Operation,1,Front to rear,1,On Roadway,99,Unknown,88,Not Applicable,5,Dark-Not Lighted,99,Unknown,0,None,88,Not Applicable,88,Not Applicable,0,None,88,Not Applicable,88,Not Applicable,3,Intersection-Related,3,T-Intersection,1,No,1,No,88,Not Applicable,88,Not Applicable,88,Not Applicable,88,Not Applicable,TRUE,1,Public Road,1,"Trafficway, On Road",CT0009300,New Haven PD,42055,14:28.0,C,Closed,03:56.0,,,,,,,
1261170,1,Complete,1261170,1261170,41.30348068,-72.90873306,3748376,New Haven,93,93,New Haven,3/18/2025,2025,3,March,18,3,Tuesday,11:35:00,11,25010906,A,2,,Motor Vehicle In Motion,"Injury of any type (Serious, Minor, Possible)",C,Possible Injury (C),0,0,4,Local,0.84,97,CHAPEL ST,CHAPEL ST,,EAST STREET,410,Feet,E,41.30348068,-72.90873306,14,Motor Vehicle in Operation,7,Rear to rear,1,On Roadway,1,Clear,88,Not Applicable,1,Daylight,1,Dry,0,None,88,Not Applicable,88,Not Applicable,0,None,88,Not Applicable,88,Not Applicable,9,Driveway Access-Related,1,Not at Intersection,1,No,1,No,88,Not Applicable,88,Not Applicable,88,Not Applicable,88,Not Applicable,FALSE,2,Private Road,4,Parking Lot,CT0009300,New Haven PD,42057,02:55.0,C,Closed,04:04.0,,,,,,,
1261172,1,Complete,1261172,1261172,41.31194531,-72.94098742,3748378,New Haven,93,93,New Haven,3/21/2025,2025,3,March,21,6,Friday,20:51:00,20,25011388,A,4,,Motor Vehicle In Motion,"Injury of any type (Serious, Minor, Possible)",C,Possible Injury (C),0,0,4,Local,0.74,453,ORCHARD ST,ORCHARD ST,,EDGEWOOD ave,160,Feet,S,41.31194531,-72.94098742,14,Motor Vehicle in Operation,3,Angle,1,On Roadway,1,Clear,88,Not Applicable,4,Dark-Lighted,1,Dry,99,Unknown,88,Not Applicable,88,Not Applicable,99,Unknown,88,Not Applicable,88,Not Applicable,1,Non-Junction,1,Not at Intersection,1,No,1,No,88,Not Applicable,88,Not Applicable,88,Not Applicable,88,Not Applicable,FALSE,1,Public Road,1,"Trafficway, On Road",CT0009300,New Haven PD,47003,13:13.0,C,Closed,03:54.0,25-011388,,,,,,
1261173,1,Complete,1261173,1261173,41.315543,-72.939187,3748379,New Haven,93,93,New Haven,3/27/2025,2025,3,March,27,5,Thursday,1:51:00,1,25011409,A,2,,Motor Vehicle In Motion,"Injury of any type (Serious, Minor, Possible)",C,Possible Injury (C),0,1,4,Local,0.56,653,WHALLEY AV,WHALLEY AV,ORCHARD ST,,,,,41.315543,-72.939187,14,Motor Vehicle in Operation,3,Angle,1,On Roadway,1,Clear,88,Not Applicable,4,Dark-Lighted,1,Dry,99,Unknown,88,Not Applicable,88,Not Applicable,0,None,88,Not Applicable,88,Not Applicable,2,Intersection,2,Four-Way Intersection,1,No,1,No,88,Not Applicable,88,Not Applicable,88,Not Applicable,88,Not Applicable,FALSE,1,Public Road,1,"Trafficway, On Road",CT0009300,New Haven PD,46174,20:15.0,C,Closed,03:53.0,,,,,,,
1261177,1,Complete,1261177,1261177,41.320162,-72.950572,3748383,New Haven,93,93,New Haven,3/26/2025,2025,3,March,26,4,Wednesday,20:27:00,20,25012068,A,1,,Pedestrian,"Injury of any type (Serious, Minor, Possible)",C,Possible Injury (C),1,0,3,State,3.14,10,10-N,10-N,,BLAKE STREET,80,Feet,W,41.320162,-72.950572,9,Pedestrian,88,Not Applicable,1,On Roadway,1,Clear,88,Not Applicable,4,Dark-Lighted,1,Dry,0,None,88,Not Applicable,88,Not Applicable,0,None,88,Not Applicable,88,Not Applicable,1,Non-Junction,1,Not at Intersection,1,No,1,No,88,Not Applicable,88,Not Applicable,88,Not Applicable,88,Not Applicable,FALSE,1,Public Road,1,"Trafficway, On Road",CT0009300,New Haven PD,46615,56:50.0,C,Closed,03:53.0,,,,,,,
1261181,1,Complete,1261181,1261181,41.307667,-72.895228,3748387,New Haven,93,93,New Haven,3/27/2025,2025,3,March,27,5,Thursday,17:51:00,17,25012234,A,2,,Motor Vehicle In Motion,"Injury of any type (Serious, Minor, Possible)",C,Possible Injury (C),0,0,4,Local,0.83,213,FERRY ST,FERRY ST,,Exchange St,25,Feet,N,41.307667,-72.895228,14,Motor Vehicle in Operation,1,Front to rear,1,On Roadway,1,Clear,88,Not Applicable,1,Daylight,1,Dry,99,Unknown,88,Not Applicable,88,Not Applicable,99,Unknown,88,Not Applicable,88,Not Applicable,3,Intersection-Related,2,Four-Way Intersection,1,No,1,No,88,Not Applicable,88,Not Applicable,88,Not Applicable,88,Not Applicable,TRUE,1,Public Road,1,"Trafficway, On Road",CT0009300,New Haven PD,47001,43:54.0,C,Closed,03:49.0,,,,,,,
1261182,1,Complete,1261182,1261182,41.298389,-72.930762,3748388,New Haven,93,93,New Haven,3/27/2025,2025,3,March,27,5,Thursday,21:37:00,21,25012253,A,2,,Motor Vehicle In Motion,"Injury of any type (Serious, Minor, Possible)",C,Possible Injury (C),0,0,2,USRoute,47.59,1,1-N,1-N,Liberty Street,,,,,41.298389,-72.930762,14,Motor Vehicle in Operation,3,Angle,1,On Roadway,1,Clear,88,Not Applicable,4,Dark-Lighted,1,Dry,99,Unknown,88,Not Applicable,88,Not Applicable,99,Unknown,88,Not Applicable,88,Not Applicable,2,Intersection,3,T-Intersection,1,No,1,No,88,Not Applicable,88,Not Applicable,88,Not Applicable,88,Not Applicable,FALSE,1,Public Road,1,"Trafficway, On Road",CT0009300,New Haven PD,40947,06:36.0,C,Closed,03:52.0,,,,,,,
1261192,1,Complete,1261192,1261192,41.30379744,-72.95191659,3748398,New Haven,93,93,New Haven,3/28/2025,2025,3,March,28,6,Friday,14:10:00,14,25012332,A,2,,Motor Vehicle In Motion,"Injury of any type (Serious, Minor, Possible)",C,Possible Injury (C),0,0,3,State,1.93,10,10-N,10-N,,Legion Ave,605,Feet,S,41.30379744,-72.95191659,14,Motor Vehicle in Operation,1,Front to rear,1,On Roadway,1,Clear,88,Not Applicable,1,Daylight,1,Dry,0,None,88,Not Applicable,88,Not Applicable,0,None,88,Not Applicable,88,Not Applicable,1,Non-Junction,1,Not at Intersection,1,No,1,No,88,Not Applicable,88,Not Applicable,88,Not Applicable,88,Not Applicable,TRUE,1,Public Road,1,"Trafficway, On Road",CT0009300,New Haven PD,47001,49:25.0,C,Closed,03:52.0,,,,,,,
1261196,1,Complete,1261196,1261196,41.319899,-72.940406,3748402,New Haven,93,93,New Haven,3/28/2025,2025,3,March,28,6,Friday,17:34:00,17,25012347,A,2,,Motor Vehicle In Motion,"Injury of any type (Serious, Minor, Possible)",C,Possible Injury (C),0,0,4,Local,0,557,SHERMAN PKWY,SHERMAN PKWY,GOFFE ST,,,,,41.319899,-72.940406,14,Motor Vehicle in Operation,3,Angle,1,On Roadway,1,Clear,88,Not Applicable,1,Daylight,1,Dry,0,None,88,Not Applicable,88,Not Applicable,0,None,88,Not Applicable,88,Not Applicable,2,Intersection,2,Four-Way Intersection,1,No,1,No,88,Not Applicable,88,Not Applicable,88,Not Applicable,88,Not Applicable,FALSE,1,Public Road,1,"Trafficway, On Road",CT0009300,New Haven PD,276,47:24.0,C,Closed,03:52.0,25012347,,,,,,
1261198,1,Complete,1261198,1261198,41.318667,-72.953203,3748404,New Haven,93,93,New Haven,3/28/2025,2025,3,March,28,6,Friday,19:50:00,19,25012364,A,1,,Pedestrian,"Injury of any type (Serious, Minor, Possible)",B,Suspected Minor Injury (B),1,0,4,Local,0.2,472,PENDLETON ST,PENDLETON ST,,ELM ST ,5,Feet,S,41.318667,-72.953203,9,Pedestrian,88,Not Applicable,1,On Roadway,1,Clear,88,Not Applicable,6,Dark-Unknown Lighting,1,Dry,0,None,88,Not Applicable,88,Not Applicable,0,None,88,Not Applicable,88,Not Applicable,3,Intersection-Related,2,Four-Way Intersection,1,No,1,No,88,Not Applicable,88,Not Applicable,88,Not Applicable,88,Not Applicable,TRUE,1,Public Road,1,"Trafficway, On Road",CT0009300,New Haven PD,45403,15:07.0,O,Open,03:52.0,,,,,,,
1261207,1,Complete,1261207,1261207,41.304327,-72.92168,925050,New Haven,93,93,New Haven,3/29/2025,2025,3,March,29,7,Saturday,14:29:00,14,25012442,K,2,Turning Left,Motor Vehicle In Motion,Fatal (Kill),K,Fatal Injury (K),0,2,4,Local,1.52,97,CHAPEL ST,CHAPEL ST,UNION ST,,,,,41.304327,-72.92168,14,Motor Vehicle in Operation,3,Angle,1,On Roadway,2,Cloudy,88,Not Applicable,1,Daylight,1,Dry,0,None,88,Not Applicable,88,Not Applicable,0,None,88,Not Applicable,88,Not Applicable,2,Intersection,3,T-Intersection,1,No,1,No,88,Not Applicable,88,Not Applicable,88,Not Applicable,88,Not Applicable,FALSE,1,Public Road,1,"Trafficway, On Road",CT0009300,New Haven PD,46624,45:46.0,C,Closed,03:56.0,,,,,,,
1261209,1,Complete,1261209,1261209,41.3169074,-72.94232972,3748415,New Haven,93,93,New Haven,3/29/2025,2025,3,March,29,7,Saturday,19:28:00,19,25012464,A,2,,Motor Vehicle In Motion,"Injury of any type (Serious, Minor, Possible)",C,Possible Injury (C),0,0,4,Local,0.79,556,SHERMAN AV,SHERMAN AV,,WHALLEY AV,25,Feet,N,41.3169074,-72.94232972,14,Motor Vehicle in Operation,1,Front to rear,1,On Roadway,4,Rain,88,Not Applicable,4,Dark-Lighted,2,Wet,0,None,88,Not Applicable,88,Not Applicable,0,None,88,Not Applicable,88,Not Applicable,3,Intersection-Related,2,Four-Way Intersection,1,No,1,No,88,Not Applicable,88,Not Applicable,88,Not Applicable,88,Not Applicable,FALSE,1,Public Road,1,"Trafficway, On Road",CT0009300,New Haven PD,276,52:12.0,C,Closed,03:57.0,25012464,,,,,,
1261212,1,Complete,1261212,1261212,41.317083,-72.943875,3748418,New Haven,93,93,New Haven,3/30/2025,2025,3,March,30,1,Sunday,10:48:00,10,25012508,A,1,,Utility Pole,"Injury of any type (Serious, Minor, Possible)",B,Suspected Minor Injury (B),0,0,4,Local,0.3,653,WHALLEY AV,WHALLEY AV,,Carmel St,85,Feet,W,41.317083,-72.943875,33,Utility Pole/Light Support,88,Not Applicable,2,Shoulder,2,Cloudy,88,Not Applicable,1,Daylight,1,Dry,0,None,88,Not Applicable,88,Not Applicable,0,None,88,Not Applicable,88,Not Applicable,1,Non-Junction,1,Not at Intersection,1,No,1,No,88,Not Applicable,88,Not Applicable,88,Not Applicable,88,Not Applicable,FALSE,1,Public Road,1,"Trafficway, On Road",CT0009300,New Haven PD,44339,10:45.0,C,Closed,03:57.0,,,,,,,
1261216,1,Complete,1261216,1261216,41.30943698,-72.88479277,3748422,New Haven,93,93,New Haven,3/30/2025,2025,3,March,30,1,Sunday,16:59:00,16,25012558,A,3,,Motor Vehicle In Motion,"Injury of any type (Serious, Minor, Possible)",C,Possible Injury (C),0,0,4,Local,1.24,498,QUINNIPIAC AV,QUINNIPIAC AV,CLIFTON ST,,,,,41.30943698,-72.88479277,14,Motor Vehicle in Operation,3,Angle,1,On Roadway,1,Clear,88,Not Applicable,1,Daylight,1,Dry,0,None,88,Not Applicable,88,Not Applicable,0,None,88,Not Applicable,88,Not Applicable,2,Intersection,2,Four-Way Intersection,1,No,1,No,88,Not Applicable,88,Not Applicable,88,Not Applicable,88,Not Applicable,TRUE,1,Public Road,1,"Trafficway, On Road",CT0009300,New Haven PD,47005,25:07.0,C,Closed,04:02.0,25012558,,,,,,
1261220,1,Complete,1261220,1261220,41.307422,-72.919172,3748426,New Haven,93,93,New Haven,3/31/2025,2025,3,March,31,2,Monday,8:13:00,8,25012596,A,2,,Motor Vehicle In Motion,"Injury of any type (Serious, Minor, Possible)",C,Possible Injury (C),0,0,4,Local,1.75,264,GRAND AV,GRAND AV,OLIVE ST,,,,,41.307422,-72.919172,14,Motor Vehicle in Operation,3,Angle,1,On Roadway,1,Clear,88,Not Applicable,1,Daylight,1,Dry,0,None,88,Not Applicable,88,Not Applicable,0,None,88,Not Applicable,88,Not Applicable,2,Intersection,2,Four-Way Intersection,1,No,1,No,88,Not Applicable,88,Not Applicable,88,Not Applicable,88,Not Applicable,FALSE,1,Public Road,1,"Trafficway, On Road",CT0009300,New Haven PD,432,54:40.0,C,Closed,04:04.0,,,,,,,
1261229,1,Complete,1261229,1261229,41.29029063,-72.93395647,3748435,New Haven,93,93,New Haven,3/31/2025,2025,3,March,31,2,Monday,17:45:00,17,25012714,A,2,,Motor Vehicle In Motion,"Injury of any type (Serious, Minor, Possible)",C,Possible Injury (C),0,0,4,Local,0.14,339,KIMBERLY AV,KIMBERLY AV,,GREENWICH AVE,50,Feet,S,41.29029063,-72.93395647,14,Motor Vehicle in Operation,3,Angle,1,On Roadway,1,Clear,88,Not Applicable,3,Dusk,1,Dry,99,Unknown,88,Not Applicable,88,Not Applicable,99,Unknown,88,Not Applicable,88,Not Applicable,1,Non-Junction,1,Not at Intersection,1,No,1,No,88,Not Applicable,88,Not Applicable,88,Not Applicable,88,Not Applicable,TRUE,1,Public Road,1,"Trafficway, On Road",CT0009300,New Haven PD,46901,29:41.0,C,Closed,04:03.0,,,,,,,
1261236,1,Complete,1261236,1261236,41.32897102,-72.96856679,3748442,New Haven,93,93,New Haven,4/1/2025,2025,4,April,1,3,Tuesday,13:18:00,13,25012835,A,2,,Motor Vehicle In Motion,"Injury of any type (Serious, Minor, Possible)",C,Possible Injury (C),0,0,3,State,3.5,122,122-N,122-N,,WHALLEY AVE,20,Feet,S,41.32897102,-72.96856679,14,Motor Vehicle in Operation,1,Front to rear,1,On Roadway,1,Clear,88,Not Applicable,1,Daylight,1,Dry,0,None,88,Not Applicable,88,Not Applicable,0,None,88,Not Applicable,88,Not Applicable,3,Intersection-Related,3,T-Intersection,1,No,1,No,88,Not Applicable,88,Not Applicable,88,Not Applicable,88,Not Applicable,TRUE,1,Public Road,1,"Trafficway, On Road",CT0009300,New Haven PD,503,23:13.0,O,Open,04:09.0,,,,,,,
1261238,1,Complete,1261238,1261238,41.324133,-72.937145,3748444,New Haven,93,93,New Haven,4/1/2025,2025,4,April,1,3,Tuesday,14:06:00,14,25012889,A,2,,Motor Vehicle In Motion,"Injury of any type (Serious, Minor, Possible)",C,Possible Injury (C),0,0,4,Local,0.34,557,SHERMAN PKWY,SHERMAN PKWY,,MUNSON ST,450,Feet,N,41.324133,-72.937145,14,Motor Vehicle in Operation,1,Front to rear,1,On Roadway,1,Clear,88,Not Applicable,1,Daylight,1,Dry,99,Unknown,88,Not Applicable,88,Not Applicable,0,None,88,Not Applicable,88,Not Applicable,1,Non-Junction,1,Not at Intersection,1,No,1,No,88,Not Applicable,88,Not Applicable,88,Not Applicable,88,Not Applicable,TRUE,1,Public Road,1,"Trafficway, On Road",CT0009300,New Haven PD,46627,44:09.0,C,Closed,04:08.0,,,,,,,
1261754,1,Complete,1261754,1261754,41.317883,-72.937758,3748960,New Haven,93,93,New Haven,4/2/2025,2025,4,April,2,4,Wednesday,16:08:00,16,25013020,A,2,,Motor Vehicle In Motion,"Injury of any type (Serious, Minor, Possible)",C,Possible Injury (C),0,0,4,Local,0.27,257,GOFFE ST,GOFFE ST,Orchard Street,,,,,41.317883,-72.937758,14,Motor Vehicle in Operation,3,Angle,1,On Roadway,1,Clear,88,Not Applicable,1,Daylight,1,Dry,0,None,88,Not Applicable,88,Not Applicable,0,None,88,Not Applicable,88,Not Applicable,2,Intersection,2,Four-Way Intersection,1,No,1,No,88,Not Applicable,88,Not Applicable,88,Not Applicable,88,Not Applicable,FALSE,1,Public Road,1,"Trafficway, On Road",CT0009300,New Haven PD,45398,35:16.0,O,Open,00:52.0,,,,,,,
1261761,1,Complete,1261761,1261761,41.29004,-72.94022,3748967,New Haven,93,93,New Haven,4/3/2025,2025,4,April,3,5,Thursday,16:07:00,16,25013182,A,2,,Motor Vehicle In Motion,"Injury of any type (Serious, Minor, Possible)",C,Possible Injury (C),0,0,3,State,0.79,10,10-N,10-N,Lamberton Street,,,,,41.29004,-72.94022,14,Motor Vehicle in Operation,1,Front to rear,1,On Roadway,1,Clear,88,Not Applicable,1,Daylight,1,Dry,0,None,88,Not Applicable,88,Not Applicable,0,None,88,Not Applicable,88,Not Applicable,2,Intersection,2,Four-Way Intersection,1,No,1,No,88,Not Applicable,88,Not Applicable,88,Not Applicable,88,Not Applicable,TRUE,1,Public Road,1,"Trafficway, On Road",CT0009300,New Haven PD,47738,10:07.0,C,Closed,00:56.0,,,,,,,
1261763,1,Complete,1261763,1261763,41.31725726,-72.90219018,3748969,New Haven,93,93,New Haven,4/3/2025,2025,4,April,3,5,Thursday,20:34:00,20,25013232,A,1,,Tree (standing),"Injury of any type (Serious, Minor, Possible)",C,Possible Injury (C),0,0,2,USRoute,0.13,5,5-N,5-N,,BLATCHLEY AVE,200,Feet,W,41.31725726,-72.90219018,32,Tree (standing),88,Not Applicable,1,On Roadway,1,Clear,88,Not Applicable,4,Dark-Lighted,1,Dry,0,None,88,Not Applicable,88,Not Applicable,0,None,88,Not Applicable,88,Not Applicable,1,Non-Junction,1,Not at Intersection,1,No,1,No,88,Not Applicable,88,Not Applicable,88,Not Applicable,88,Not Applicable,FALSE,1,Public Road,1,"Trafficway, On Road",CT0009300,New Haven PD,476,08:58.0,C,Closed,00:55.0,,,,,,,
1262092,1,Complete,1262092,1262092,41.299441,-72.949796,3749297,New Haven,93,93,New Haven,3/19/2025,2025,3,March,19,4,Wednesday,9:30:00,9,25011015,A,2,,Motor Vehicle In Motion,"Injury of any type (Serious, Minor, Possible)",C,Possible Injury (C),0,0,3,State,1.61,10,10-N,10-N,,COLUMBUS AVE,720,Feet,N,41.299441,-72.949796,14,Motor Vehicle in Operation,3,Angle,1,On Roadway,1,Clear,88,Not Applicable,1,Daylight,1,Dry,0,None,88,Not Applicable,88,Not Applicable,0,None,88,Not Applicable,88,Not Applicable,9,Driveway Access-Related,1,Not at Intersection,1,No,1,No,88,Not Applicable,88,Not Applicable,88,Not Applicable,88,Not Applicable,FALSE,1,Public Road,1,"Trafficway, On Road",CT0009300,New Haven PD,301,30:17.0,O,Open,00:57.0,,,,,,,
1262095,1,Complete,1262095,1262095,41.30052562,-72.91086744,3749300,New Haven,93,93,New Haven,4/3/2025,2025,4,April,3,5,Thursday,6:13:00,6,25013110,A,2,,Motor Vehicle In Motion,"Injury of any type (Serious, Minor, Possible)",C,Possible Injury (C),0,0,4,Local,1.08,165,EAST ST,EAST ST,,WATER ST,115,Feet,S,41.30052562,-72.91086744,14,Motor Vehicle in Operation,3,Angle,1,On Roadway,4,Rain,88,Not Applicable,2,Dawn,2,Wet,0,None,88,Not Applicable,88,Not Applicable,0,None,88,Not Applicable,88,Not Applicable,1,Non-Junction,1,Not at Intersection,1,No,1,No,88,Not Applicable,88,Not Applicable,88,Not Applicable,88,Not Applicable,FALSE,1,Public Road,1,"Trafficway, On Road",CT0009300,New Haven PD,46898,37:09.0,C,Closed,00:55.0,,,,,,,
1262100,1,Complete,1262100,1262100,41.324418,-72.969021,3749305,New Haven,93,93,New Haven,4/4/2025,2025,4,April,4,6,Friday,7:00:00,7,25013261,A,2,,Motor Vehicle In Motion,"Injury of any type (Serious, Minor, Possible)",B,Suspected Minor Injury (B),0,0,3,State,3.17,122,122-N,122-N,WEST ELM ST,,,,,41.324418,-72.969021,14,Motor Vehicle in Operation,3,Angle,1,On Roadway,1,Clear,88,Not Applicable,1,Daylight,1,Dry,0,None,88,Not Applicable,88,Not Applicable,0,None,88,Not Applicable,88,Not Applicable,2,Intersection,3,T-Intersection,1,No,1,No,88,Not Applicable,88,Not Applicable,88,Not Applicable,88,Not Applicable,FALSE,1,Public Road,1,"Trafficway, On Road",CT0009300,New Haven PD,62,14:49.0,C,Closed,00:52.0,,,,,,,
1262117,1,Complete,1262117,1262117,41.311429,-72.944623,3749322,New Haven,93,93,New Haven,4/5/2025,2025,4,April,5,7,Saturday,15:11:00,15,25013444,A,2,,Motor Vehicle In Motion,"Injury of any type (Serious, Minor, Possible)",B,Suspected Minor Injury (B),0,1,4,Local,2.82,97,CHAPEL ST,CHAPEL ST,Sherman Ave,,,,,41.311429,-72.944623,14,Motor Vehicle in Operation,4,"Sideswipe, same direction",1,On Roadway,4,Rain,88,Not Applicable,1,Daylight,2,Wet,0,None,88,Not Applicable,88,Not Applicable,0,None,88,Not Applicable,88,Not Applicable,2,Intersection,2,Four-Way Intersection,1,No,1,No,88,Not Applicable,88,Not Applicable,88,Not Applicable,88,Not Applicable,FALSE,1,Public Road,1,"Trafficway, On Road",CT0009300,New Haven PD,44045,56:39.0,C,Closed,00:59.0,,,,,,,
1262119,1,Complete,1262119,1262119,41.293449,-72.939242,3749324,New Haven,93,93,New Haven,4/5/2025,2025,4,April,5,7,Saturday,15:30:00,15,25013449,A,2,,Motor Vehicle In Motion,"Injury of any type (Serious, Minor, Possible)",C,Possible Injury (C),0,0,4,Local,0.34,626,WASHINGTON AV NO 1,WASHINGTON AV NO 1,SPRING ST,,,,,41.293449,-72.939242,14,Motor Vehicle in Operation,2,Front to front,1,On Roadway,4,Rain,88,Not Applicable,1,Daylight,2,Wet,99,Unknown,88,Not Applicable,88,Not Applicable,99,Unknown,88,Not Applicable,88,Not Applicable,2,Intersection,3,T-Intersection,1,No,1,No,88,Not Applicable,88,Not Applicable,88,Not Applicable,88,Not Applicable,TRUE,1,Public Road,1,"Trafficway, On Road",CT0009300,New Haven PD,47739,53:55.0,C,Closed,00:59.0,,,,,,,
1262122,1,Complete,1262122,1262122,41.313912,-72.917897,3749327,New Haven,93,93,New Haven,4/5/2025,2025,4,April,5,7,Saturday,19:26:00,19,25013473,A,2,,Motor Vehicle In Motion,"Injury of any type (Serious, Minor, Possible)",C,Possible Injury (C),0,0,4,Local,1.05,450,ORANGE ST NO 1,ORANGE ST NO 1,ELD ST,,,,,41.313912,-72.917897,14,Motor Vehicle in Operation,3,Angle,1,On Roadway,1,Clear,88,Not Applicable,1,Daylight,1,Dry,0,None,88,Not Applicable,88,Not Applicable,0,None,88,Not Applicable,88,Not Applicable,2,Intersection,3,T-Intersection,1,No,1,No,88,Not Applicable,88,Not Applicable,88,Not Applicable,88,Not Applicable,FALSE,1,Public Road,1,"Trafficway, On Road",CT0009300,New Haven PD,45399,22:00.0,C,Closed,00:59.0,,,,,,,
1262131,1,Complete,1262131,1262131,41.327206,-72.896148,3749336,New Haven,93,93,New Haven,4/6/2025,2025,4,April,6,1,Sunday,18:20:00,18,25013564,A,2,,Motor Vehicle In Motion,"Injury of any type (Serious, Minor, Possible)",B,Suspected Minor Injury (B),0,0,4,Local,0.18,634,WELTON ST,WELTON ST,,ALBERT ST,200,Feet,N,41.327206,-72.896148,14,Motor Vehicle in Operation,2,Front to front,1,On Roadway,1,Clear,88,Not Applicable,1,Daylight,1,Dry,2,Visual Obstruction(s),88,Not Applicable,88,Not Applicable,0,None,88,Not Applicable,88,Not Applicable,1,Non-Junction,1,Not at Intersection,1,No,1,No,88,Not Applicable,88,Not Applicable,88,Not Applicable,88,Not Applicable,FALSE,1,Public Road,1,"Trafficway, On Road",CT0009300,New Haven PD,42044,40:56.0,C,Closed,01:02.0,,,,,,,