CrashId,Fatal Case Status,Fatal Case Status Text Format,CrashId,CrashId,Latitude,Longitude,DOT Case Number,Town Name,Town Number,Town Number,Town Number Text Format,Date Of Crash,Year,Month,Month Text Format,Day,Day of the Week,Day of the Week Text Format,Time of Crash,Hour of the Day,Case Identifier,Crash Severity,Number Of Motor Vehicles,Motor vehicle action,Most harmful event,Crash Severity Text Format,Most Severe Injury,Most Severe Injury Text Format,Number Of Non-Motorist,Number Of Witnesses,Route Class,Route Class Text Format,Milemarker,Road Number,Road Description,Roadway Name,Intersecting Roadway Name,Landmark Description,Distance From Nearest Landmark,Unit Of Measure From Nearest Landmark,Direction From Nearest Landmark,Latitude,Longitude,First Harmful Event,First Harmful Event Text Format,Manner of Crash / Collision Impact,Manner of Crash / Collision Impact Text Format,Location of First Harmful Event,Location of First Harmful Event Text Format,Weather Condition,Weather Condition Text Format,Weather 2,Weather 2 Text Format,Light Condition,Light Condition Text Format,Road Surface Condition,Road Surface Condition Text Format,"Contributing Circumstances, Environment","Contributing Circumstances, Environment Text Format",Environment 2,Environment 2 Text Format,Environment 3,Environment 3 Text Format,"Contributing Circumstances, Road","Contributing Circumstances, Road Text Format",Road 2,Road 2 Text Format,Road 3,Road 3 Text Format,Crash Specific Location,Crash Specific Location Text Format,Type of Intersection,Type of Intersection Text Format,School Bus Related,School Bus Related Text Format,Work Zone Related,Work Zone Related Text Format,Location Of Crash Relative To Work Zone,Location Of Crash Relative To Work Zone Text Format,Type of Work Zone,Type of Work Zone Text Format,Worker Presence,Worker Presence Text Format,Law Enforcement Presence,Law Enforcement Presence Text Format,Were Vehicles Moved Prior To Police Arrival,Trafficway Ownership,Trafficway Ownership Text Format,Trafficway Class,Trafficway Class Text Format,Police Agency,Police Agency Text Format,Badge Number,Approval Date,Police Case Status,Police Case Status Text Format,Crash Report Submission Date,Related Case Identifiers,No. of Through Lanes (Log Dir.),Average Daily Traffic,Functional Classification,Functional Classification Text Format,Rural or Urban,Rural or Urban Text Format
1266967,1,Complete,1266967,1266967,41.314446,-72.958132,3754170,New Haven,93,93,New Haven,4/23/2025,2025,4,April,23,4,Wednesday,10:17:00,10,25015973,A,1,,Tree (standing),"Injury of any type (Serious, Minor, Possible)",B,Suspected Minor Injury (B),0,0,4,Local,3.57,97,CHAPEL ST,CHAPEL ST,,YALE AVE,75,Feet,E,41.314446,-72.958132,32,Tree (standing),88,Not Applicable,4,Roadside,1,Clear,88,Not Applicable,1,Daylight,1,Dry,0,None,88,Not Applicable,88,Not Applicable,0,None,88,Not Applicable,88,Not Applicable,1,Non-Junction,1,Not at Intersection,1,No,1,No,88,Not Applicable,88,Not Applicable,88,Not Applicable,88,Not Applicable,FALSE,1,Public Road,1,"Trafficway, On Road",CT0009300,New Haven PD,46173,15:29.0,C,Closed,00:24.0,,,,,,,
1266968,1,Complete,1266968,1266968,41.302194,-72.932407,3754171,New Haven,93,93,New Haven,4/23/2025,2025,4,April,23,4,Wednesday,14:25:00,14,25016001,A,2,,Motor Vehicle In Motion,"Injury of any type (Serious, Minor, Possible)",C,Possible Injury (C),0,1,4,Local,0.75,117,COLLEGE ST,COLLEGE ST,CONGRESS AV,,,,,41.302194,-72.932407,14,Motor Vehicle in Operation,3,Angle,1,On Roadway,1,Clear,88,Not Applicable,1,Daylight,1,Dry,0,None,88,Not Applicable,88,Not Applicable,0,None,88,Not Applicable,88,Not Applicable,2,Intersection,4,Y-Intersection,1,No,1,No,88,Not Applicable,88,Not Applicable,88,Not Applicable,88,Not Applicable,FALSE,1,Public Road,1,"Trafficway, On Road",CT0009300,New Haven PD,44055,55:26.0,C,Closed,00:24.0,,,,,,,
1266971,1,Complete,1266971,1266971,41.315347,-72.941556,3754174,New Haven,93,93,New Haven,4/23/2025,2025,4,April,23,4,Wednesday,20:57:00,20,25016065,A,2,,Motor Vehicle In Motion,"Injury of any type (Serious, Minor, Possible)",C,Possible Injury (C),0,0,,,,,,250 WHALLEY AVE,,Sherman Avenue,335,Feet,E,41.315347,-72.941556,14,Motor Vehicle in Operation,1,Front to rear,97,Other,1,Clear,88,Not Applicable,4,Dark-Lighted,1,Dry,0,None,88,Not Applicable,88,Not Applicable,0,None,88,Not Applicable,88,Not Applicable,97,Other,1,Not at Intersection,1,No,1,No,88,Not Applicable,88,Not Applicable,88,Not Applicable,88,Not Applicable,TRUE,88,Not Applicable,4,Parking Lot,CT0009300,New Haven PD,44947,22:48.0,C,Closed,00:24.0,,,,,,,
1267189,1,Complete,1267189,1267189,41.319802,-72.898225,3754392,New Haven,93,93,New Haven,4/23/2025,2025,4,April,23,4,Wednesday,19:17:00,19,25015448,A,2,,Motor Vehicle In Motion,"Injury of any type (Serious, Minor, Possible)",C,Possible Injury (C),0,0,2,USRoute,0.41,5,5-N,5-N,,GRACE ST,50,Feet,S,41.319802,-72.898225,14,Motor Vehicle in Operation,1,Front to rear,1,On Roadway,1,Clear,88,Not Applicable,4,Dark-Lighted,1,Dry,0,None,88,Not Applicable,88,Not Applicable,0,None,88,Not Applicable,88,Not Applicable,3,Intersection-Related,3,T-Intersection,1,No,1,No,88,Not Applicable,88,Not Applicable,88,Not Applicable,88,Not Applicable,FALSE,1,Public Road,1,"Trafficway, On Road",CT0009300,New Haven PD,46623,31:08.0,C,Closed,01:28.0,,,,,,,
1267191,1,Complete,1267191,1267191,41.311816,-72.929186,3754394,New Haven,93,93,New Haven,4/23/2025,2025,4,April,23,4,Wednesday,12:57:00,12,25016000,A,1,,Pedalcycle/Pedalcyclist,"Injury of any type (Serious, Minor, Possible)",B,Suspected Minor Injury (B),1,0,4,Local,0.71,766,YORK ST,YORK ST,,Grove  ST,285,Feet,S,41.311816,-72.929186,10,Pedalcycle/Pedalcyclist,97,Other,1,On Roadway,1,Clear,88,Not Applicable,1,Daylight,1,Dry,0,None,88,Not Applicable,88,Not Applicable,0,None,88,Not Applicable,88,Not Applicable,1,Non-Junction,1,Not at Intersection,1,No,1,No,88,Not Applicable,88,Not Applicable,88,Not Applicable,88,Not Applicable,FALSE,1,Public Road,1,"Trafficway, On Road",CT0009300,New Haven PD,40952,25:15.0,C,Closed,01:27.0,,,,,,,
1267196,1,Complete,1267196,1267196,41.3095027,-72.9270624,3754399,New Haven,93,93,New Haven,4/24/2025,2025,4,April,24,5,Thursday,10:33:00,10,25016134,A,1,,Pedalcycle/Pedalcyclist,"Injury of any type (Serious, Minor, Possible)",C,Possible Injury (C),1,0,4,Local,0.38,726,ELM ST NO 2,ELM ST NO 2,COLLEGE ST,,,,,41.3095027,-72.9270624,10,Pedalcycle/Pedalcyclist,4,"Sideswipe, same direction",1,On Roadway,1,Clear,88,Not Applicable,1,Daylight,1,Dry,0,None,88,Not Applicable,88,Not Applicable,0,None,88,Not Applicable,88,Not Applicable,2,Intersection,2,Four-Way Intersection,1,No,1,No,88,Not Applicable,88,Not Applicable,88,Not Applicable,88,Not Applicable,TRUE,1,Public Road,1,"Trafficway, On Road",CT0009300,New Haven PD,40952,55:30.0,O,Open,01:28.0,25016134,,,,,,
1267200,1,Complete,1267200,1267200,41.31286841,-72.92187026,3754403,New Haven,93,93,New Haven,4/24/2025,2025,4,April,24,5,Thursday,17:54:00,17,25016288,A,2,,Motor Vehicle In Motion,"Injury of any type (Serious, Minor, Possible)",C,Possible Injury (C),0,0,4,Local,0.17,656,WHITNEY AV,WHITNEY AV,,TRUMBULL ST,80,Feet,S,41.31286841,-72.92187026,14,Motor Vehicle in Operation,1,Front to rear,1,On Roadway,1,Clear,88,Not Applicable,1,Daylight,1,Dry,0,None,88,Not Applicable,88,Not Applicable,0,None,88,Not Applicable,88,Not Applicable,1,Non-Junction,1,Not at Intersection,1,No,1,No,88,Not Applicable,88,Not Applicable,88,Not Applicable,88,Not Applicable,FALSE,1,Public Road,1,"Trafficway, On Road",CT0009300,New Haven PD,44049,46:38.0,C,Closed,01:30.0,,,,,,,
1267591,1,Complete,1267591,1267591,41.321458,-72.943957,3754794,New Haven,93,93,New Haven,4/23/2025,2025,4,April,23,4,Wednesday,14:30:00,14,25016005,A,2,,Motor Vehicle In Motion,"Injury of any type (Serious, Minor, Possible)",C,Possible Injury (C),0,0,4,Local,0.39,258,GOFFE TER,GOFFE TER,NORTON ST,,,,,41.321458,-72.943957,14,Motor Vehicle in Operation,4,"Sideswipe, same direction",1,On Roadway,1,Clear,88,Not Applicable,1,Daylight,1,Dry,0,None,88,Not Applicable,88,Not Applicable,0,None,88,Not Applicable,88,Not Applicable,2,Intersection,2,Four-Way Intersection,2,"Yes, School Bus Directly Involved",1,No,88,Not Applicable,88,Not Applicable,88,Not Applicable,88,Not Applicable,FALSE,1,Public Road,1,"Trafficway, On Road",CT0009300,New Haven PD,47740,23:33.0,C,Closed,00:26.0,,,,,,,
1267603,1,Complete,1267603,1267603,41.323514,-72.951515,3754806,New Haven,93,93,New Haven,4/25/2025,2025,4,April,25,6,Friday,9:18:00,9,25016345,A,2,,Motor Vehicle In Motion,"Injury of any type (Serious, Minor, Possible)",C,Possible Injury (C),0,0,4,Local,0.26,56,BLAKE ST,BLAKE ST,OSBORN AV,,,,,41.323514,-72.951515,14,Motor Vehicle in Operation,3,Angle,1,On Roadway,1,Clear,88,Not Applicable,1,Daylight,1,Dry,0,None,88,Not Applicable,88,Not Applicable,0,None,88,Not Applicable,88,Not Applicable,2,Intersection,2,Four-Way Intersection,1,No,1,No,88,Not Applicable,88,Not Applicable,88,Not Applicable,88,Not Applicable,TRUE,1,Public Road,1,"Trafficway, On Road",CT0009300,New Haven PD,45700,47:30.0,C,Closed,00:26.0,,,,,,,
1267609,1,Complete,1267609,1267609,41.30696455,-72.89918776,3754812,New Haven,93,93,New Haven,4/25/2025,2025,4,April,25,6,Friday,20:20:00,20,25016421,A,2,,Motor Vehicle In Motion,"Injury of any type (Serious, Minor, Possible)",A,Suspected Serious Injury (A),0,0,4,Local,0.27,57,BLATCHLEY AV,BLATCHLEY AV,,EXCHANGE ST,50,Feet,S,41.30696455,-72.89918776,14,Motor Vehicle in Operation,4,"Sideswipe, same direction",1,On Roadway,1,Clear,88,Not Applicable,4,Dark-Lighted,1,Dry,0,None,88,Not Applicable,88,Not Applicable,0,None,88,Not Applicable,88,Not Applicable,1,Non-Junction,1,Not at Intersection,1,No,1,No,88,Not Applicable,88,Not Applicable,88,Not Applicable,88,Not Applicable,TRUE,1,Public Road,1,"Trafficway, On Road",CT0009300,New Haven PD,44176,50:01.0,C,Closed,00:31.0,,,,,,,
1267612,1,Complete,1267612,1267612,41.32732,-72.968204,3754815,New Haven,93,93,New Haven,4/26/2025,2025,4,April,26,7,Saturday,4:31:00,4,25016452,A,1,,Utility Pole,"Injury of any type (Serious, Minor, Possible)",C,Possible Injury (C),0,0,3,State,3.37,122,122-N,122-N,Forest Road,,,,,41.32732,-72.968204,33,Utility Pole/Light Support,88,Not Applicable,1,On Roadway,4,Rain,88,Not Applicable,4,Dark-Lighted,2,Wet,99,Unknown,88,Not Applicable,88,Not Applicable,99,Unknown,88,Not Applicable,88,Not Applicable,2,Intersection,3,T-Intersection,1,No,1,No,88,Not Applicable,88,Not Applicable,88,Not Applicable,88,Not Applicable,FALSE,1,Public Road,1,"Trafficway, On Road",CT0009300,New Haven PD,42051,45:33.0,C,Closed,00:29.0,,,,,,,
1267615,1,Complete,1267615,1267615,41.30559284,-72.93598081,3754818,New Haven,93,93,New Haven,4/26/2025,2025,4,April,26,7,Saturday,15:18:00,15,25016494,A,2,,Motor Vehicle In Motion,"Injury of any type (Serious, Minor, Possible)",C,Possible Injury (C),0,1,4,Local,0.08,,SOUTH FRONTAGE RD-RT 34,SOUTH FRONTAGE RD-RT 34,PARK ST,,,,,41.30559284,-72.93598081,14,Motor Vehicle in Operation,3,Angle,1,On Roadway,2,Cloudy,88,Not Applicable,1,Daylight,2,Wet,0,None,88,Not Applicable,88,Not Applicable,0,None,88,Not Applicable,88,Not Applicable,2,Intersection,2,Four-Way Intersection,1,No,1,No,88,Not Applicable,88,Not Applicable,88,Not Applicable,88,Not Applicable,FALSE,1,Public Road,1,"Trafficway, On Road",CT0009300,New Haven PD,45394,44:29.0,C,Closed,00:32.0,,,,,,,
1267618,1,Complete,1267618,1267618,41.32429583,-72.88406209,3754821,New Haven,93,93,New Haven,4/25/2025,2025,4,April,25,6,Friday,10:55:00,10,25016512,A,2,,Motor Vehicle In Motion,"Injury of any type (Serious, Minor, Possible)",C,Possible Injury (C),0,1,1,Interstate,0.29,91,91-S-18,91-S-18 (exit 8),17-S,,,,,41.32429583,-72.88406209,14,Motor Vehicle in Operation,3,Angle,1,On Roadway,1,Clear,88,Not Applicable,1,Daylight,1,Dry,0,None,88,Not Applicable,88,Not Applicable,0,None,88,Not Applicable,88,Not Applicable,2,Intersection,3,T-Intersection,1,No,1,No,88,Not Applicable,88,Not Applicable,88,Not Applicable,88,Not Applicable,TRUE,1,Public Road,1,"Trafficway, On Road",CT0009300,New Haven PD,279,25:42.0,O,Open,00:38.0,,,,,,,
1267623,1,Complete,1267623,1267623,41.296425,-72.937105,3754826,New Haven,93,93,New Haven,4/27/2025,2025,4,April,27,1,Sunday,1:44:00,1,25016555,A,1,,Fence,"Injury of any type (Serious, Minor, Possible)",C,Possible Injury (C),0,0,4,Local,0.58,626,WASHINGTON AV NO 1,WASHINGTON AV NO 1,,FRANK ST,335,Feet,S,41.296425,-72.937105,25,Curb,88,Not Applicable,2,Shoulder,1,Clear,88,Not Applicable,4,Dark-Lighted,1,Dry,99,Unknown,88,Not Applicable,88,Not Applicable,0,None,88,Not Applicable,88,Not Applicable,1,Non-Junction,1,Not at Intersection,1,No,1,No,88,Not Applicable,88,Not Applicable,88,Not Applicable,88,Not Applicable,FALSE,1,Public Road,1,"Trafficway, On Road",CT0009300,New Haven PD,46621,00:03.0,C,Closed,00:35.0,,,,,,,
1267628,1,Complete,1267628,1267628,41.289643,-72.934256,3754831,New Haven,93,93,New Haven,4/27/2025,2025,4,April,27,1,Sunday,20:02:00,20,25016637,A,2,,Motor Vehicle In Motion,"Injury of any type (Serious, Minor, Possible)",C,Possible Injury (C),0,0,4,Local,0.19,339,KIMBERLY AV,KIMBERLY AV,,FIRST ST,50,Feet,S,41.289643,-72.934256,14,Motor Vehicle in Operation,3,Angle,1,On Roadway,1,Clear,1,Clear,4,Dark-Lighted,1,Dry,0,None,88,Not Applicable,88,Not Applicable,0,None,88,Not Applicable,88,Not Applicable,1,Non-Junction,1,Not at Intersection,1,No,1,No,88,Not Applicable,88,Not Applicable,88,Not Applicable,88,Not Applicable,FALSE,1,Public Road,1,"Trafficway, On Road",CT0009300,New Haven PD,45700,25:24.0,O,Open,00:39.0,,,,,,,
1268181,1,Complete,1268181,1268181,41.306545,-72.952989,3755384,New Haven,93,93,New Haven,4/26/2025,2025,4,April,26,7,Saturday,2:49:00,2,25016448,A,1,,Curb,"Injury of any type (Serious, Minor, Possible)",B,Suspected Minor Injury (B),0,0,4,Local,1.46,809,REV DR MLK JR BLVD,REV DR MLK JR BLVD,ELLA T GRASSO BLVD,,,,,41.306545,-72.952989,25,Curb,88,Not Applicable,4,Roadside,4,Rain,88,Not Applicable,4,Dark-Lighted,2,Wet,1,Weather Conditions,88,Not Applicable,88,Not Applicable,0,None,88,Not Applicable,88,Not Applicable,2,Intersection,3,T-Intersection,1,No,1,No,88,Not Applicable,88,Not Applicable,88,Not Applicable,88,Not Applicable,FALSE,1,Public Road,1,"Trafficway, On Road",CT0009300,New Haven PD,45701,47:29.0,C,Closed,01:28.0,,,,,,,
1268182,1,Complete,1268182,1268182,41.28899609,-72.89436245,3755385,New Haven,93,93,New Haven,4/27/2025,2025,4,April,27,1,Sunday,0:42:00,0,25016547,A,2,,Motor Vehicle In Motion,"Injury of any type (Serious, Minor, Possible)",C,Possible Injury (C),0,0,3,State,0.01,741,741-E,741-E,,WOODWARD AVE,40,Feet,E,41.28899609,-72.89436245,14,Motor Vehicle in Operation,1,Front to rear,1,On Roadway,1,Clear,88,Not Applicable,4,Dark-Lighted,1,Dry,0,None,88,Not Applicable,88,Not Applicable,0,None,88,Not Applicable,88,Not Applicable,3,Intersection-Related,2,Four-Way Intersection,1,No,1,No,88,Not Applicable,88,Not Applicable,88,Not Applicable,88,Not Applicable,FALSE,1,Public Road,1,"Trafficway, On Road",CT0009300,New Haven PD,46627,11:26.0,C,Closed,01:27.0,,,,,,,
1268184,1,Complete,1268184,1268184,41.310434,-72.89964,3755387,New Haven,93,93,New Haven,4/27/2025,2025,4,April,27,1,Sunday,20:02:00,20,25016640,A,2,,Motor Vehicle In Motion,"Injury of any type (Serious, Minor, Possible)",C,Possible Injury (C),0,0,4,Local,0.51,57,BLATCHLEY AV,BLATCHLEY AV,Clay Street,,,,,41.310434,-72.89964,14,Motor Vehicle in Operation,3,Angle,1,On Roadway,1,Clear,88,Not Applicable,4,Dark-Lighted,1,Dry,0,None,88,Not Applicable,88,Not Applicable,0,None,88,Not Applicable,88,Not Applicable,2,Intersection,8,"Five-Point, or More",1,No,1,No,88,Not Applicable,88,Not Applicable,88,Not Applicable,88,Not Applicable,FALSE,1,Public Road,1,"Trafficway, On Road",CT0009300,New Haven PD,47006,46:02.0,C,Closed,01:30.0,,,,,,,
1268186,1,Complete,1268186,1268186,41.31008,-72.95386,3755389,New Haven,93,93,New Haven,4/28/2025,2025,4,April,28,2,Monday,12:50:00,12,25016730,A,2,,Motor Vehicle In Motion,"Injury of any type (Serious, Minor, Possible)",C,Possible Injury (C),0,0,3,State,21.86,34,34-E,34-E,,ELLA T GRASSO BLVD,45,Feet,W,41.31008,-72.95386,14,Motor Vehicle in Operation,1,Front to rear,1,On Roadway,1,Clear,88,Not Applicable,1,Daylight,1,Dry,0,None,88,Not Applicable,88,Not Applicable,0,None,88,Not Applicable,88,Not Applicable,3,Intersection-Related,2,Four-Way Intersection,1,No,1,No,88,Not Applicable,88,Not Applicable,88,Not Applicable,88,Not Applicable,FALSE,1,Public Road,1,"Trafficway, On Road",CT0009300,New Haven PD,46621,13:07.0,C,Closed,01:28.0,,,,,,,
1268188,1,Complete,1268188,1268188,41.315665,-72.891989,3755391,New Haven,93,93,New Haven,4/28/2025,2025,4,April,28,2,Monday,16:06:00,16,25016753,A,2,,Motor Vehicle In Motion,"Injury of any type (Serious, Minor, Possible)",C,Possible Injury (C),0,0,4,Local,0.44,113,CLINTON AV,CLINTON AV,,LOMBARD ST,45,Feet,S,41.315665,-72.891989,14,Motor Vehicle in Operation,1,Front to rear,1,On Roadway,1,Clear,88,Not Applicable,1,Daylight,1,Dry,0,None,88,Not Applicable,88,Not Applicable,0,None,88,Not Applicable,88,Not Applicable,1,Non-Junction,1,Not at Intersection,1,No,1,No,88,Not Applicable,88,Not Applicable,88,Not Applicable,88,Not Applicable,TRUE,1,Public Road,1,"Trafficway, On Road",CT0009300,New Haven PD,40788,25:44.0,C,Closed,01:29.0,,,,,,,
1268537,1,Complete,1268537,1268537,41.294301,-72.917757,3755740,New Haven,93,93,New Haven,4/27/2025,2025,4,April,27,1,Sunday,23:29:00,23,25016652,A,2,,Parked Vehicle,"Injury of any type (Serious, Minor, Possible)",C,Possible Injury (C),0,0,4,Local,0.71,513,LONG WHARF DR,LONG WHARF DR,,CANAL DOCK RD,1,TenthsofMile,S,41.294301,-72.917757,14,Motor Vehicle in Operation,1,Front to rear,1,On Roadway,1,Clear,88,Not Applicable,4,Dark-Lighted,1,Dry,0,None,88,Not Applicable,88,Not Applicable,0,None,88,Not Applicable,88,Not Applicable,1,Non-Junction,1,Not at Intersection,1,No,1,No,88,Not Applicable,88,Not Applicable,88,Not Applicable,88,Not Applicable,FALSE,1,Public Road,1,"Trafficway, On Road",CT0009300,New Haven PD,44953,31:12.0,C,Closed,00:29.0,,,,,,,
1268543,1,Complete,1268543,1268543,41.303665,-72.927563,3755746,New Haven,93,93,New Haven,4/29/2025,2025,4,April,29,3,Tuesday,21:40:00,21,25016824,A,1,,Other Non-motorist,"Injury of any type (Serious, Minor, Possible)",B,Suspected Minor Injury (B),1,0,4,Local,0.12,103,CHURCH ST,CHURCH ST,,GEORGE STREET,50,Feet,S,41.303665,-72.927563,11,Other Non-motorist,88,Not Applicable,1,On Roadway,1,Clear,88,Not Applicable,4,Dark-Lighted,1,Dry,0,None,88,Not Applicable,88,Not Applicable,0,None,88,Not Applicable,88,Not Applicable,1,Non-Junction,1,Not at Intersection,1,No,1,No,88,Not Applicable,88,Not Applicable,88,Not Applicable,88,Not Applicable,FALSE,1,Public Road,1,"Trafficway, On Road",CT0009300,New Haven PD,47007,14:41.0,C,Closed,00:29.0,,,,,,,
1268544,1,Complete,1268544,1268544,41.3100359,-72.9450898,3755747,New Haven,93,93,New Haven,4/28/2025,2025,4,April,28,2,Monday,20:42:00,20,25016827,A,2,,Motor Vehicle In Motion,"Injury of any type (Serious, Minor, Possible)",C,Possible Injury (C),0,0,4,Local,0.3,556,SHERMAN AV,SHERMAN AV,,GEORGE ST,80,Feet,N,41.3100359,-72.9450898,14,Motor Vehicle in Operation,1,Front to rear,1,On Roadway,1,Clear,88,Not Applicable,4,Dark-Lighted,1,Dry,0,None,88,Not Applicable,88,Not Applicable,0,None,88,Not Applicable,88,Not Applicable,3,Intersection-Related,2,Four-Way Intersection,1,No,1,No,88,Not Applicable,88,Not Applicable,88,Not Applicable,88,Not Applicable,TRUE,1,Public Road,1,"Trafficway, On Road",CT0009300,New Haven PD,42053,11:32.0,O,Open,00:29.0,,,,,,,
1268804,1,Complete,1268804,1268804,41.315873,-72.940008,3756007,New Haven,93,93,New Haven,4/24/2025,2025,4,April,24,5,Thursday,17:00:00,17,25016250,A,2,,Motor Vehicle In Motion,"Injury of any type (Serious, Minor, Possible)",C,Possible Injury (C),0,0,4,Local,0.52,653,WHALLEY AV,WHALLEY AV,,COUNTY STREET,40,Feet,E,41.315873,-72.940008,14,Motor Vehicle in Operation,1,Front to rear,1,On Roadway,1,Clear,88,Not Applicable,1,Daylight,1,Dry,0,None,88,Not Applicable,88,Not Applicable,0,None,88,Not Applicable,88,Not Applicable,1,Non-Junction,1,Not at Intersection,1,No,1,No,88,Not Applicable,88,Not Applicable,88,Not Applicable,88,Not Applicable,FALSE,1,Public Road,1,"Trafficway, On Road",CT0009300,New Haven PD,44946,08:48.0,C,Closed,01:35.0,,,,,,,
1268808,1,Complete,1268808,1268808,41.3034,-72.910434,3756011,New Haven,93,93,New Haven,4/28/2025,2025,4,April,28,2,Monday,17:24:00,17,25016777,A,2,,Motor Vehicle In Motion,"Injury of any type (Serious, Minor, Possible)",C,Possible Injury (C),0,1,4,Local,0.88,165,EAST ST,EAST ST,,CHAPEL ST,30,Feet,S,41.3034,-72.910434,14,Motor Vehicle in Operation,3,Angle,1,On Roadway,1,Clear,88,Not Applicable,1,Daylight,1,Dry,0,None,88,Not Applicable,88,Not Applicable,0,None,88,Not Applicable,88,Not Applicable,3,Intersection-Related,2,Four-Way Intersection,1,No,1,No,88,Not Applicable,88,Not Applicable,88,Not Applicable,88,Not Applicable,FALSE,1,Public Road,1,"Trafficway, On Road",CT0009300,New Haven PD,47005,49:23.0,C,Closed,01:40.0,,,,,,,
1268818,1,Complete,1268818,1268818,41.309846,-72.924674,3756021,New Haven,93,93,New Haven,4/30/2025,2025,4,April,30,4,Wednesday,13:35:00,13,25017033,A,2,,Motor Vehicle In Motion,"Injury of any type (Serious, Minor, Possible)",C,Possible Injury (C),0,0,4,Local,0.32,588,TEMPLE ST,TEMPLE ST,,WALL ST,70,Feet,E,41.309846,-72.924674,14,Motor Vehicle in Operation,4,"Sideswipe, same direction",1,On Roadway,1,Clear,88,Not Applicable,1,Daylight,1,Dry,0,None,88,Not Applicable,88,Not Applicable,0,None,88,Not Applicable,88,Not Applicable,1,Non-Junction,1,Not at Intersection,1,No,1,No,88,Not Applicable,88,Not Applicable,88,Not Applicable,88,Not Applicable,FALSE,1,Public Road,1,"Trafficway, On Road",CT0009300,New Haven PD,991,33:57.0,C,Closed,01:43.0,,,,,,,
1269102,1,Complete,1269102,1269102,41.321178,-72.951961,3756305,New Haven,93,93,New Haven,4/30/2025,2025,4,April,30,4,Wednesday,14:19:00,14,25017010,A,2,,Motor Vehicle In Motion,"Injury of any type (Serious, Minor, Possible)",B,Suspected Minor Injury (B),0,0,3,State,3.25,10,10-N,10-N,Whittlesey Avenue,,,,,41.321178,-72.951961,14,Motor Vehicle in Operation,3,Angle,1,On Roadway,1,Clear,88,Not Applicable,1,Daylight,1,Dry,0,None,0,None,0,None,0,None,0,None,0,None,2,Intersection,3,T-Intersection,1,No,1,No,88,Not Applicable,88,Not Applicable,88,Not Applicable,88,Not Applicable,FALSE,1,Public Road,1,"Trafficway, On Road",CT0009300,New Haven PD,44062,16:15.0,C,Closed,01:13.0,,,,,,,
1269120,1,Complete,1269120,1269120,41.306998,-72.934977,3756323,New Haven,93,93,New Haven,5/1/2025,2025,5,May,1,5,Thursday,18:43:00,18,25017246,A,2,,Motor Vehicle In Motion,"Injury of any type (Serious, Minor, Possible)",B,Suspected Minor Injury (B),0,0,4,Local,0.83,248,GEORGE ST,GEORGE ST,Park Street,,,,,41.306998,-72.934977,14,Motor Vehicle in Operation,3,Angle,1,On Roadway,1,Clear,88,Not Applicable,1,Daylight,1,Dry,0,None,88,Not Applicable,88,Not Applicable,0,None,88,Not Applicable,88,Not Applicable,2,Intersection,2,Four-Way Intersection,1,No,1,No,88,Not Applicable,88,Not Applicable,88,Not Applicable,88,Not Applicable,FALSE,1,Public Road,1,"Trafficway, On Road",CT0009300,New Haven PD,44947,00:03.0,C,Closed,01:13.0,,,,,,,
1269517,1,Complete,1269517,1269517,41.31133023,-72.94718217,3756720,New Haven,93,93,New Haven,4/27/2025,2025,4,April,27,1,Sunday,10:51:00,10,25016586,A,2,,Motor Vehicle In Motion,"Injury of any type (Serious, Minor, Possible)",C,Possible Injury (C),0,0,4,Local,0.07,147,DERBY AV,DERBY AV,WINTHROP AV NO 2,,,,,41.31133023,-72.94718217,14,Motor Vehicle in Operation,4,"Sideswipe, same direction",1,On Roadway,1,Clear,88,Not Applicable,1,Daylight,1,Dry,0,None,88,Not Applicable,88,Not Applicable,0,None,88,Not Applicable,88,Not Applicable,2,Intersection,2,Four-Way Intersection,1,No,1,No,88,Not Applicable,88,Not Applicable,88,Not Applicable,88,Not Applicable,TRUE,1,Public Road,1,"Trafficway, On Road",CT0009300,New Haven PD,503,10:07.0,O,Open,01:37.0,,,,,,,
1269521,1,Complete,1269521,1269521,41.31097042,-72.92011359,3756724,New Haven,93,93,New Haven,4/30/2025,2025,4,April,30,4,Wednesday,16:11:00,16,25017025,A,1,,Pedestrian,"Injury of any type (Serious, Minor, Possible)",B,Suspected Minor Injury (B),1,0,4,Local,1.29,450,ORANGE ST NO 1,ORANGE ST NO 1,Audubon St ,,,,,41.31097042,-72.92011359,9,Pedestrian,88,Not Applicable,1,On Roadway,1,Clear,88,Not Applicable,1,Daylight,1,Dry,0,None,88,Not Applicable,88,Not Applicable,0,None,88,Not Applicable,88,Not Applicable,2,Intersection,2,Four-Way Intersection,1,No,1,No,88,Not Applicable,88,Not Applicable,88,Not Applicable,88,Not Applicable,FALSE,1,Public Road,1,"Trafficway, On Road",CT0009300,New Haven PD,46624,41:17.0,C,Closed,01:42.0,,,,,,,