CrashId,Fatal Case Status,Fatal Case Status Text Format,CrashId,CrashId,Latitude,Longitude,DOT Case Number,Town Name,Town Number,Town Number,Town Number Text Format,Date Of Crash,Year,Month,Month Text Format,Day,Day of the Week,Day of the Week Text Format,Time of Crash,Hour of the Day,Case Identifier,Crash Severity,Number Of Motor Vehicles,Motor vehicle action,Most harmful event,Crash Severity Text Format,Most Severe Injury,Most Severe Injury Text Format,Number Of Non-Motorist,Number Of Witnesses,Route Class,Route Class Text Format,Milemarker,Road Number,Road Description,Roadway Name,Intersecting Roadway Name,Landmark Description,Distance From Nearest Landmark,Unit Of Measure From Nearest Landmark,Direction From Nearest Landmark,Latitude,Longitude,First Harmful Event,First Harmful Event Text Format,Manner of Crash / Collision Impact,Manner of Crash / Collision Impact Text Format,Location of First Harmful Event,Location of First Harmful Event Text Format,Weather Condition,Weather Condition Text Format,Weather 2,Weather 2 Text Format,Light Condition,Light Condition Text Format,Road Surface Condition,Road Surface Condition Text Format,"Contributing Circumstances, Environment","Contributing Circumstances, Environment Text Format",Environment 2,Environment 2 Text Format,Environment 3,Environment 3 Text Format,"Contributing Circumstances, Road","Contributing Circumstances, Road Text Format",Road 2,Road 2 Text Format,Road 3,Road 3 Text Format,Crash Specific Location,Crash Specific Location Text Format,Type of Intersection,Type of Intersection Text Format,School Bus Related,School Bus Related Text Format,Work Zone Related,Work Zone Related Text Format,Location Of Crash Relative To Work Zone,Location Of Crash Relative To Work Zone Text Format,Type of Work Zone,Type of Work Zone Text Format,Worker Presence,Worker Presence Text Format,Law Enforcement Presence,Law Enforcement Presence Text Format,Were Vehicles Moved Prior To Police Arrival,Trafficway Ownership,Trafficway Ownership Text Format,Trafficway Class,Trafficway Class Text Format,Police Agency,Police Agency Text Format,Badge Number,Approval Date,Police Case Status,Police Case Status Text Format,Crash Report Submission Date,Related Case Identifiers,No. of Through Lanes (Log Dir.),Average Daily Traffic,Functional Classification,Functional Classification Text Format,Rural or Urban,Rural or Urban Text Format
1272511,1,Complete,1272511,1272511,41.29867622,-72.94446162,3759713,New Haven,93,93,New Haven,5/10/2025,2025,5,May,10,7,Saturday,22:09:00,22,25018474,A,2,,Motor Vehicle In Motion,"Injury of any type (Serious, Minor, Possible)",C,Possible Injury (C),0,0,4,Local,0.2,123,CONGRESS AV,CONGRESS AV,DOWNES ST,,,,,41.29867622,-72.94446162,14,Motor Vehicle in Operation,1,Front to rear,1,On Roadway,1,Clear,88,Not Applicable,4,Dark-Lighted,1,Dry,0,None,88,Not Applicable,88,Not Applicable,0,None,88,Not Applicable,88,Not Applicable,2,Intersection,3,T-Intersection,1,No,1,No,88,Not Applicable,88,Not Applicable,88,Not Applicable,88,Not Applicable,FALSE,1,Public Road,1,"Trafficway, On Road",CT0009300,New Haven PD,43690,39:24.0,C,Closed,00:37.0,,,,,,,
1272519,1,Complete,1272519,1272519,41.316723,-72.942499,3759721,New Haven,93,93,New Haven,5/12/2025,2025,5,May,12,2,Monday,4:52:00,4,25018583,A,1,,Pedestrian,"Injury of any type (Serious, Minor, Possible)",B,Suspected Minor Injury (B),1,0,4,Local,0.38,653,WHALLEY AV,WHALLEY AV,SHERMAN AV,,,,,41.316723,-72.942499,9,Pedestrian,88,Not Applicable,1,On Roadway,1,Clear,88,Not Applicable,4,Dark-Lighted,1,Dry,0,None,88,Not Applicable,88,Not Applicable,0,None,88,Not Applicable,88,Not Applicable,2,Intersection,2,Four-Way Intersection,1,No,1,No,88,Not Applicable,88,Not Applicable,88,Not Applicable,88,Not Applicable,FALSE,1,Public Road,1,"Trafficway, On Road",CT0009300,New Haven PD,82,36:14.0,C,Closed,00:31.0,,,,,,,
1272520,1,Complete,1272520,1272520,41.312769,-72.932853,3759722,New Haven,93,93,New Haven,5/12/2025,2025,5,May,12,2,Monday,8:28:00,8,25018593,A,2,,Motor Vehicle In Motion,"Injury of any type (Serious, Minor, Possible)",B,Suspected Minor Injury (B),0,1,4,Local,0.95,653,WHALLEY AV,WHALLEY AV,HOWE ST ,,,,,41.312769,-72.932853,14,Motor Vehicle in Operation,1,Front to rear,1,On Roadway,1,Clear,88,Not Applicable,1,Daylight,1,Dry,0,None,88,Not Applicable,88,Not Applicable,0,None,88,Not Applicable,88,Not Applicable,2,Intersection,3,T-Intersection,1,No,1,No,88,Not Applicable,88,Not Applicable,88,Not Applicable,88,Not Applicable,FALSE,1,Public Road,1,"Trafficway, On Road",CT0009300,New Haven PD,47741,43:29.0,C,Closed,00:31.0,,,,,,,
1272526,1,Complete,1272526,1272526,41.300804,-72.910872,3759728,New Haven,93,93,New Haven,5/12/2025,2025,5,May,12,2,Monday,20:42:00,20,25018699,A,2,,Motor Vehicle In Motion,"Injury of any type (Serious, Minor, Possible)",C,Possible Injury (C),0,0,2,USRoute,48.96,1,1-N,1-N,EAST ST,,,,,41.300804,-72.910872,14,Motor Vehicle in Operation,3,Angle,1,On Roadway,1,Clear,88,Not Applicable,4,Dark-Lighted,1,Dry,0,None,88,Not Applicable,88,Not Applicable,0,None,88,Not Applicable,88,Not Applicable,2,Intersection,2,Four-Way Intersection,1,No,1,No,88,Not Applicable,88,Not Applicable,88,Not Applicable,88,Not Applicable,FALSE,1,Public Road,1,"Trafficway, On Road",CT0009300,New Haven PD,7573,22:53.0,C,Closed,00:38.0,,,,,,,
1272847,1,Complete,1272847,1272847,41.308587,-72.923976,3760049,New Haven,93,93,New Haven,5/12/2025,2025,5,May,12,2,Monday,9:31:00,9,25018611,A,1,,Pedestrian,"Injury of any type (Serious, Minor, Possible)",C,Possible Injury (C),1,1,4,Local,0.5,103,CHURCH ST,CHURCH ST,,ELM STREET,105,Feet,N,41.308587,-72.923976,9,Pedestrian,88,Not Applicable,1,On Roadway,1,Clear,88,Not Applicable,1,Daylight,1,Dry,0,None,88,Not Applicable,88,Not Applicable,0,None,88,Not Applicable,88,Not Applicable,1,Non-Junction,1,Not at Intersection,1,No,1,No,88,Not Applicable,88,Not Applicable,88,Not Applicable,88,Not Applicable,TRUE,1,Public Road,1,"Trafficway, On Road",CT0009300,New Haven PD,48046,33:01.0,C,Closed,00:24.0,,,,,,,
1272849,1,Complete,1272849,1272849,41.30977,-72.9452,3760051,New Haven,93,93,New Haven,5/12/2025,2025,5,May,12,2,Monday,16:14:00,16,25018684,A,2,,Motor Vehicle In Motion,"Injury of any type (Serious, Minor, Possible)",B,Suspected Minor Injury (B),0,0,4,Local,0.28,556,SHERMAN AV,SHERMAN AV,George Street,,,,,41.30977,-72.9452,14,Motor Vehicle in Operation,3,Angle,1,On Roadway,1,Clear,88,Not Applicable,1,Daylight,1,Dry,0,None,88,Not Applicable,88,Not Applicable,0,None,88,Not Applicable,88,Not Applicable,2,Intersection,2,Four-Way Intersection,1,No,1,No,88,Not Applicable,88,Not Applicable,88,Not Applicable,88,Not Applicable,FALSE,1,Public Road,1,"Trafficway, On Road",CT0009300,New Haven PD,46615,32:59.0,C,Closed,00:25.0,,,,,,,
1272853,1,Complete,1272853,1272853,41.322051,-72.911721,3760055,New Haven,93,93,New Haven,5/13/2025,2025,5,May,13,3,Tuesday,14:12:00,14,25018779,A,2,,Motor Vehicle In Motion,"Injury of any type (Serious, Minor, Possible)",C,Possible Injury (C),0,0,4,Local,0.39,450,ORANGE ST NO 1,ORANGE ST NO 1,Willow Street,,,,,41.322051,-72.911721,14,Motor Vehicle in Operation,3,Angle,1,On Roadway,1,Clear,88,Not Applicable,1,Daylight,1,Dry,0,None,88,Not Applicable,88,Not Applicable,0,None,88,Not Applicable,88,Not Applicable,2,Intersection,2,Four-Way Intersection,1,No,1,No,88,Not Applicable,88,Not Applicable,88,Not Applicable,88,Not Applicable,TRUE,1,Public Road,1,"Trafficway, On Road",CT0009300,New Haven PD,45394,35:34.0,C,Closed,00:26.0,,,,,,,
1272854,1,Complete,1272854,1272854,41.329697,-72.930949,3760056,New Haven,93,93,New Haven,5/13/2025,2025,5,May,13,3,Tuesday,14:46:00,14,25018789,A,4,,Motor Vehicle In Motion,"Injury of any type (Serious, Minor, Possible)",B,Suspected Minor Injury (B),0,0,4,Local,0,77,BUTLER ST,BUTLER ST,IVY ST NO 1,,,,,41.329697,-72.930949,14,Motor Vehicle in Operation,1,Front to rear,1,On Roadway,2,Cloudy,88,Not Applicable,1,Daylight,1,Dry,0,None,88,Not Applicable,88,Not Applicable,0,None,88,Not Applicable,88,Not Applicable,2,Intersection,3,T-Intersection,1,No,1,No,88,Not Applicable,88,Not Applicable,88,Not Applicable,88,Not Applicable,FALSE,1,Public Road,1,"Trafficway, On Road",CT0009300,New Haven PD,87,03:50.0,O,Open,00:25.0,,,,,,,
1272856,1,Complete,1272856,1272856,41.308032,-72.953058,3760058,New Haven,93,93,New Haven,5/13/2025,2025,5,May,13,3,Tuesday,16:21:00,16,25018801,A,2,,Motor Vehicle In Motion,"Injury of any type (Serious, Minor, Possible)",C,Possible Injury (C),0,0,3,State,2.24,10,10-N,10-N,Judson Avenue,,,,,41.308032,-72.953058,14,Motor Vehicle in Operation,3,Angle,1,On Roadway,1,Clear,88,Not Applicable,1,Daylight,1,Dry,0,None,88,Not Applicable,88,Not Applicable,0,None,88,Not Applicable,88,Not Applicable,2,Intersection,3,T-Intersection,1,No,1,No,88,Not Applicable,88,Not Applicable,88,Not Applicable,88,Not Applicable,TRUE,1,Public Road,1,"Trafficway, On Road",CT0009300,New Haven PD,45132,22:43.0,C,Closed,00:27.0,,,,,,,
1273278,1,Complete,1273278,1273278,41.282662,-72.927784,3760480,New Haven,93,93,New Haven,5/10/2025,2025,5,May,10,7,Saturday,16:47:00,16,25018419,A,3,,Parked Vehicle,"Injury of any type (Serious, Minor, Possible)",B,Suspected Minor Injury (B),2,0,4,Local,0.05,568,SOUTH WATER ST,SOUTH WATER ST,,SEA ST,300,Feet,W,41.282662,-72.927784,14,Motor Vehicle in Operation,1,Front to rear,1,On Roadway,1,Clear,88,Not Applicable,1,Daylight,1,Dry,0,None,88,Not Applicable,88,Not Applicable,0,None,88,Not Applicable,88,Not Applicable,1,Non-Junction,1,Not at Intersection,1,No,1,No,88,Not Applicable,88,Not Applicable,88,Not Applicable,88,Not Applicable,FALSE,1,Public Road,1,"Trafficway, On Road",CT0009300,New Haven PD,46628,08:19.0,C,Closed,01:44.0,25-018414,,,,,,
1273280,1,Complete,1273280,1273280,41.33439022,-72.94720723,3760482,New Haven,93,93,New Haven,5/10/2025,2025,5,May,10,7,Saturday,21:56:00,21,25018452,A,2,,Motor Vehicle In Motion,"Injury of any type (Serious, Minor, Possible)",C,Possible Injury (C),0,0,3,State,4.46,10,10-N,10-N,,PINE ROCK AVE,20,Feet,E,41.33439022,-72.94720723,14,Motor Vehicle in Operation,1,Front to rear,1,On Roadway,1,Clear,88,Not Applicable,4,Dark-Lighted,1,Dry,0,None,88,Not Applicable,88,Not Applicable,0,None,88,Not Applicable,88,Not Applicable,3,Intersection-Related,3,T-Intersection,1,No,1,No,88,Not Applicable,88,Not Applicable,88,Not Applicable,88,Not Applicable,FALSE,1,Public Road,1,"Trafficway, On Road",CT0009300,New Haven PD,46625,37:48.0,C,Closed,01:44.0,,,,,,,
1273286,1,Complete,1273286,1273286,41.297642,-72.94376,3760488,New Haven,93,93,New Haven,5/13/2025,2025,5,May,13,3,Tuesday,12:42:00,12,25018646,A,2,,Motor Vehicle In Motion,"Injury of any type (Serious, Minor, Possible)",C,Possible Injury (C),0,0,2,USRoute,46.89,1,1-N,1-N,,DOWNES ST,50,Feet,E,41.297642,-72.94376,14,Motor Vehicle in Operation,4,"Sideswipe, same direction",1,On Roadway,1,Clear,88,Not Applicable,1,Daylight,1,Dry,0,None,88,Not Applicable,88,Not Applicable,0,None,88,Not Applicable,88,Not Applicable,2,Intersection,1,Not at Intersection,1,No,1,No,88,Not Applicable,88,Not Applicable,88,Not Applicable,88,Not Applicable,FALSE,1,Public Road,1,"Trafficway, On Road",CT0009300,New Haven PD,40800,43:48.0,C,Closed,01:41.0,,,,,,,
1273300,1,Complete,1273300,1273300,41.325717,-72.878117,3760502,New Haven,93,93,New Haven,5/14/2025,2025,5,May,14,4,Wednesday,16:47:00,16,25018986,A,3,,"Other Fixed Object (wall, building, tunnel, etc.)","Injury of any type (Serious, Minor, Possible)",B,Suspected Minor Injury (B),0,0,4,Local,0.1,763,DONNA DR,DONNA DR,,BARNES AVE,190,Feet,E,41.325717,-72.878117,14,Motor Vehicle in Operation,3,Angle,4,Roadside,1,Clear,88,Not Applicable,1,Daylight,1,Dry,0,None,88,Not Applicable,88,Not Applicable,0,None,88,Not Applicable,88,Not Applicable,1,Non-Junction,1,Not at Intersection,1,No,1,No,88,Not Applicable,88,Not Applicable,88,Not Applicable,88,Not Applicable,FALSE,1,Public Road,1,"Trafficway, On Road",CT0009300,New Haven PD,45403,46:23.0,C,Closed,01:43.0,,,,,,,
1273301,1,Complete,1273301,1273301,41.318028,-72.893439,3760503,New Haven,93,93,New Haven,5/14/2025,2025,5,May,14,4,Wednesday,16:32:00,16,25018989,A,2,,Motor Vehicle In Motion,"Injury of any type (Serious, Minor, Possible)",C,Possible Injury (C),0,0,4,Local,0.21,157,DOVER ST,DOVER ST,,Park Place,20,Feet,W,41.318028,-72.893439,15,Parked Motor Vehicle,3,Angle,1,On Roadway,1,Clear,88,Not Applicable,1,Daylight,1,Dry,0,None,88,Not Applicable,88,Not Applicable,0,None,88,Not Applicable,88,Not Applicable,1,Non-Junction,1,Not at Intersection,1,No,1,No,88,Not Applicable,88,Not Applicable,88,Not Applicable,88,Not Applicable,FALSE,1,Public Road,1,"Trafficway, On Road",CT0009300,New Haven PD,46624,12:54.0,C,Closed,01:43.0,,,,,,,
1273302,1,Complete,1273302,1273302,41.301668,-72.926683,3760504,New Haven,93,93,New Haven,5/14/2025,2025,5,May,14,4,Wednesday,17:15:00,17,25018994,A,2,,Motor Vehicle In Motion,"Injury of any type (Serious, Minor, Possible)",B,Suspected Minor Injury (B),0,0,4,Local,0.12,,NORTH FRONTAGE RD,NORTH FRONTAGE RD,ORANGE ST NO 2,,,,,41.301668,-72.926683,14,Motor Vehicle in Operation,3,Angle,1,On Roadway,2,Cloudy,88,Not Applicable,1,Daylight,1,Dry,0,None,88,Not Applicable,88,Not Applicable,0,None,88,Not Applicable,88,Not Applicable,2,Intersection,2,Four-Way Intersection,1,No,1,No,88,Not Applicable,88,Not Applicable,88,Not Applicable,88,Not Applicable,FALSE,1,Public Road,1,"Trafficway, On Road",CT0009300,New Haven PD,42366,55:11.0,C,Closed,01:43.0,,,,,,,
1273303,1,Complete,1273303,1273303,41.29805555,-72.92662802,3760505,New Haven,93,93,New Haven,5/14/2025,2025,5,May,14,4,Wednesday,17:45:00,17,25018998,A,2,,Motor Vehicle In Motion,"Injury of any type (Serious, Minor, Possible)",B,Suspected Minor Injury (B),0,0,2,USRoute,48,1,1-N,1-N,,COLUMBUS AVE,305,Feet,S,41.29805555,-72.92662802,14,Motor Vehicle in Operation,3,Angle,1,On Roadway,2,Cloudy,88,Not Applicable,1,Daylight,1,Dry,0,None,88,Not Applicable,88,Not Applicable,0,None,88,Not Applicable,88,Not Applicable,9,Driveway Access-Related,1,Not at Intersection,1,No,1,No,88,Not Applicable,88,Not Applicable,88,Not Applicable,88,Not Applicable,TRUE,1,Public Road,1,"Trafficway, On Road",CT0009300,New Haven PD,46628,24:56.0,C,Closed,01:43.0,25-018998,,,,,,
1273304,1,Complete,1273304,1273304,41.316078,-72.940915,3760506,New Haven,93,93,New Haven,5/14/2025,2025,5,May,14,4,Wednesday,23:37:00,23,25019028,A,2,,Motor Vehicle In Motion,"Injury of any type (Serious, Minor, Possible)",C,Possible Injury (C),0,0,4,Local,0.47,653,WHALLEY AV,WHALLEY AV,,HUDSON ST,140,Feet,E,41.316078,-72.940915,14,Motor Vehicle in Operation,3,Angle,1,On Roadway,4,Rain,88,Not Applicable,4,Dark-Lighted,2,Wet,0,None,88,Not Applicable,88,Not Applicable,0,None,88,Not Applicable,88,Not Applicable,9,Driveway Access-Related,1,Not at Intersection,1,No,1,No,88,Not Applicable,88,Not Applicable,88,Not Applicable,88,Not Applicable,FALSE,1,Public Road,1,"Trafficway, On Road",CT0009300,New Haven PD,44175,36:28.0,C,Closed,01:45.0,,,,,,,
1273305,1,Complete,1273305,1273305,41.32570791,-72.95266082,3760507,New Haven,93,93,New Haven,5/15/2025,2025,5,May,15,5,Thursday,6:37:00,6,25019041,A,2,,Motor Vehicle In Motion,"Injury of any type (Serious, Minor, Possible)",B,Suspected Minor Injury (B),0,0,4,Local,0.42,56,BLAKE ST,BLAKE ST,,Diamond St,50,Feet,N,41.32570791,-72.95266082,14,Motor Vehicle in Operation,5,"Sideswipe, opposite direction",1,On Roadway,1,Clear,88,Not Applicable,1,Daylight,2,Wet,0,None,88,Not Applicable,88,Not Applicable,0,None,88,Not Applicable,88,Not Applicable,1,Non-Junction,1,Not at Intersection,1,No,1,No,88,Not Applicable,88,Not Applicable,88,Not Applicable,88,Not Applicable,FALSE,1,Public Road,1,"Trafficway, On Road",CT0009300,New Haven PD,82,36:20.0,C,Closed,01:45.0,,,,,,,
1273309,1,Complete,1273309,1273309,41.319166,-72.89903,3760511,New Haven,93,93,New Haven,5/15/2025,2025,5,May,15,5,Thursday,10:52:00,10,25019097,A,2,,Motor Vehicle In Motion,"Injury of any type (Serious, Minor, Possible)",B,Suspected Minor Injury (B),0,0,2,USRoute,0.34,5,5-N,5-N,,FERRY ST,100,Feet,W,41.319166,-72.89903,14,Motor Vehicle in Operation,4,"Sideswipe, same direction",1,On Roadway,1,Clear,88,Not Applicable,1,Daylight,1,Dry,0,None,88,Not Applicable,88,Not Applicable,0,None,88,Not Applicable,88,Not Applicable,1,Non-Junction,1,Not at Intersection,1,No,1,No,88,Not Applicable,88,Not Applicable,88,Not Applicable,88,Not Applicable,FALSE,1,Public Road,1,"Trafficway, On Road",CT0009300,New Haven PD,44052,43:08.0,C,Closed,01:49.0,,,,,,,
1273311,1,Complete,1273311,1273311,41.315554,-72.920842,3760513,New Haven,93,93,New Haven,5/15/2025,2025,5,May,15,5,Thursday,12:09:00,12,25019118,A,2,,Motor Vehicle In Motion,"Injury of any type (Serious, Minor, Possible)",C,Possible Injury (C),0,0,4,Local,0.36,656,WHITNEY AV,WHITNEY AV,SACHEM ST,,,,,41.315554,-72.920842,14,Motor Vehicle in Operation,4,"Sideswipe, same direction",1,On Roadway,1,Clear,88,Not Applicable,1,Daylight,1,Dry,0,None,88,Not Applicable,88,Not Applicable,0,None,88,Not Applicable,88,Not Applicable,2,Intersection,3,T-Intersection,1,No,1,No,88,Not Applicable,88,Not Applicable,88,Not Applicable,88,Not Applicable,FALSE,1,Public Road,1,"Trafficway, On Road",CT0009300,New Haven PD,45397,39:15.0,C,Closed,01:52.0,,,,,,,
1273878,1,Complete,1273878,1273878,41.318732,-72.94926,3761080,New Haven,93,93,New Haven,5/4/2025,2025,5,May,4,1,Sunday,10:20:00,10,25017521,A,2,,Motor Vehicle In Motion,"Injury of any type (Serious, Minor, Possible)",C,Possible Injury (C),0,0,3,State,3.01,10,10-N,10-N,,WHALLEY AVE,90,Feet,S,41.318732,-72.94926,14,Motor Vehicle in Operation,3,Angle,1,On Roadway,1,Clear,88,Not Applicable,1,Daylight,2,Wet,0,None,88,Not Applicable,88,Not Applicable,0,None,88,Not Applicable,88,Not Applicable,9,Driveway Access-Related,1,Not at Intersection,1,No,1,No,88,Not Applicable,88,Not Applicable,88,Not Applicable,88,Not Applicable,TRUE,1,Public Road,1,"Trafficway, On Road",CT0009300,New Haven PD,46623,00:32.0,C,Closed,01:59.0,,,,,,,
1273880,1,Complete,1273880,1273880,41.300687,-72.918324,3761082,New Haven,93,93,New Haven,5/10/2025,2025,5,May,10,7,Saturday,2:56:00,2,25018349,A,4,,Motor Vehicle In Motion,"Injury of any type (Serious, Minor, Possible)",A,Suspected Serious Injury (A),0,0,4,Local,0.01,692,BREWERY ST,BREWERY ST,,WATER ST,35,Feet,S,41.300687,-72.918324,14,Motor Vehicle in Operation,3,Angle,1,On Roadway,1,Clear,88,Not Applicable,6,Dark-Unknown Lighting,2,Wet,97,Other,88,Not Applicable,88,Not Applicable,97,Other,88,Not Applicable,88,Not Applicable,3,Intersection-Related,2,Four-Way Intersection,1,No,1,No,88,Not Applicable,88,Not Applicable,88,Not Applicable,88,Not Applicable,FALSE,1,Public Road,1,"Trafficway, On Road",CT0009300,New Haven PD,TFO02,30:34.0,C,Closed,01:46.0,,,,,,,
1273886,1,Complete,1273886,1273886,41.313548,-72.896569,3761088,New Haven,93,93,New Haven,5/15/2025,2025,5,May,15,5,Thursday,23:00:00,23,25019217,A,1,,Pedalcycle/Pedalcyclist,"Injury of any type (Serious, Minor, Possible)",A,Suspected Serious Injury (A),1,1,4,Local,0.43,213,FERRY ST,FERRY ST,,LIMERICK ST,25,Feet,S,41.313548,-72.896569,14,Motor Vehicle in Operation,3,Angle,1,On Roadway,1,Clear,88,Not Applicable,4,Dark-Lighted,1,Dry,0,None,88,Not Applicable,88,Not Applicable,0,None,88,Not Applicable,88,Not Applicable,1,Non-Junction,1,Not at Intersection,1,No,1,No,88,Not Applicable,88,Not Applicable,88,Not Applicable,88,Not Applicable,TRUE,1,Public Road,1,"Trafficway, On Road",CT0009300,New Haven PD,46622,45:28.0,O,Open,01:47.0,,,,,,,
1273890,1,Complete,1273890,1273890,41.323959,-72.940796,3761092,New Haven,93,93,New Haven,5/16/2025,2025,5,May,16,6,Friday,12:18:00,12,25019295,A,1,,Fell/Jumped From Vehicle,"Injury of any type (Serious, Minor, Possible)",A,Suspected Serious Injury (A),0,0,4,Local,0.24,133,CRESCENT ST,CRESCENT ST,,MUNSON STREET,110,Feet,N,41.323959,-72.940796,25,Curb,88,Not Applicable,2,Shoulder,1,Clear,88,Not Applicable,1,Daylight,1,Dry,99,Unknown,88,Not Applicable,88,Not Applicable,99,Unknown,88,Not Applicable,88,Not Applicable,1,Non-Junction,1,Not at Intersection,1,No,1,No,88,Not Applicable,88,Not Applicable,88,Not Applicable,88,Not Applicable,FALSE,1,Public Road,1,"Trafficway, On Road",CT0009300,New Haven PD,44062,31:33.0,C,Closed,01:48.0,,,,,,,
1273896,1,Complete,1273896,1273896,41.31346,-72.88775,3761098,New Haven,93,93,New Haven,5/16/2025,2025,5,May,16,6,Friday,17:17:00,17,25019330,A,2,,Motor Vehicle In Motion,"Injury of any type (Serious, Minor, Possible)",B,Suspected Minor Injury (B),0,0,4,Local,0.6,240,FRONT ST,FRONT ST,PINE ST NO 2,,,,,41.31346,-72.88775,14,Motor Vehicle in Operation,4,"Sideswipe, same direction",1,On Roadway,1,Clear,88,Not Applicable,1,Daylight,1,Dry,0,None,88,Not Applicable,88,Not Applicable,0,None,88,Not Applicable,88,Not Applicable,2,Intersection,2,Four-Way Intersection,1,No,1,No,88,Not Applicable,88,Not Applicable,88,Not Applicable,88,Not Applicable,TRUE,1,Public Road,1,"Trafficway, On Road",CT0009300,New Haven PD,47005,31:46.0,C,Closed,01:52.0,25019330,,,,,,
1273899,1,Complete,1273899,1273899,41.3052707,-72.9102343,3761101,New Haven,93,93,New Haven,5/17/2025,2025,5,May,17,7,Saturday,0:40:00,0,25019372,A,2,,Motor Vehicle In Motion,"Injury of any type (Serious, Minor, Possible)",C,Possible Injury (C),0,0,4,Local,0.75,165,EAST ST,EAST ST,,IVES PL,10,Feet,S,41.3052707,-72.9102343,14,Motor Vehicle in Operation,1,Front to rear,1,On Roadway,1,Clear,88,Not Applicable,4,Dark-Lighted,1,Dry,0,None,88,Not Applicable,88,Not Applicable,0,None,88,Not Applicable,88,Not Applicable,3,Intersection-Related,2,Four-Way Intersection,1,No,1,No,88,Not Applicable,88,Not Applicable,88,Not Applicable,88,Not Applicable,FALSE,1,Public Road,1,"Trafficway, On Road",CT0009300,New Haven PD,45629,20:44.0,C,Closed,01:53.0,,,,,,,
1273901,1,Complete,1273901,1273901,41.326823,-72.933297,925084,New Haven,93,93,New Haven,5/17/2025,2025,5,May,17,7,Saturday,1:51:00,1,25019381,K,1,Straight Ahead,Tree (standing),Fatal (Kill),K,Fatal Injury (K),0,0,4,Local,0.32,552,SHELTON AV,SHELTON AV,,DIVISION STREET,30,Feet,N,41.326823,-72.933297,32,Tree (standing),88,Not Applicable,1,On Roadway,1,Clear,88,Not Applicable,4,Dark-Lighted,1,Dry,0,None,88,Not Applicable,88,Not Applicable,0,None,88,Not Applicable,88,Not Applicable,1,Non-Junction,1,Not at Intersection,1,No,1,No,88,Not Applicable,88,Not Applicable,88,Not Applicable,88,Not Applicable,FALSE,1,Public Road,1,"Trafficway, On Road",CT0009300,New Haven PD,33160,47:06.0,O,Open,01:55.0,,,,,,,
1273902,1,Complete,1273902,1273902,41.30188626,-72.94029026,3761104,New Haven,93,93,New Haven,5/17/2025,2025,5,May,17,7,Saturday,14:19:00,14,25019441,A,2,,Motor Vehicle In Motion,"Injury of any type (Serious, Minor, Possible)",C,Possible Injury (C),0,0,4,Local,0.5,141,DAVENPORT AV,DAVENPORT AV,ELLIOTT ST,,,,,41.30188626,-72.94029026,14,Motor Vehicle in Operation,3,Angle,1,On Roadway,1,Clear,88,Not Applicable,1,Daylight,1,Dry,0,None,88,Not Applicable,88,Not Applicable,0,None,88,Not Applicable,88,Not Applicable,2,Intersection,3,T-Intersection,1,No,1,No,88,Not Applicable,88,Not Applicable,88,Not Applicable,88,Not Applicable,TRUE,1,Public Road,1,"Trafficway, On Road",CT0009300,New Haven PD,301,54:49.0,C,Closed,01:57.0,,,,,,,
1273907,1,Complete,1273907,1273907,41.292079,-72.921596,3761109,New Haven,93,93,New Haven,5/17/2025,2025,5,May,17,7,Saturday,21:43:00,21,25019484,A,2,,Motor Vehicle In Motion,"Injury of any type (Serious, Minor, Possible)",C,Possible Injury (C),0,0,4,Local,0.63,359,SARGENT DR,SARGENT DR,Church Street South NO 2,,,,,41.292079,-72.921596,14,Motor Vehicle in Operation,3,Angle,1,On Roadway,1,Clear,88,Not Applicable,4,Dark-Lighted,2,Wet,0,None,88,Not Applicable,88,Not Applicable,0,None,88,Not Applicable,88,Not Applicable,2,Intersection,3,T-Intersection,1,No,1,No,88,Not Applicable,88,Not Applicable,88,Not Applicable,88,Not Applicable,TRUE,1,Public Road,1,"Trafficway, On Road",CT0009300,New Haven PD,44949,26:26.0,C,Closed,02:01.0,,,,,,,
1273915,1,Complete,1273915,1273915,41.31022107,-72.94751034,3761117,New Haven,93,93,New Haven,5/18/2025,2025,5,May,18,1,Sunday,21:45:00,21,25019595,A,2,,Motor Vehicle In Motion,"Injury of any type (Serious, Minor, Possible)",B,Suspected Minor Injury (B),0,1,4,Local,0.13,248,GEORGE ST,GEORGE ST,WINTHROP AV NO 2,,,,,41.31022107,-72.94751034,14,Motor Vehicle in Operation,3,Angle,1,On Roadway,1,Clear,88,Not Applicable,4,Dark-Lighted,1,Dry,99,Unknown,88,Not Applicable,88,Not Applicable,99,Unknown,88,Not Applicable,88,Not Applicable,2,Intersection,2,Four-Way Intersection,1,No,1,No,88,Not Applicable,88,Not Applicable,88,Not Applicable,88,Not Applicable,FALSE,1,Public Road,1,"Trafficway, On Road",CT0009300,New Haven PD,46617,14:51.0,C,Closed,02:05.0,,,,,,,