CrashId,Fatal Case Status,Fatal Case Status Text Format,CrashId,CrashId,Latitude,Longitude,DOT Case Number,Town Name,Town Number,Town Number,Town Number Text Format,Date Of Crash,Year,Month,Month Text Format,Day,Day of the Week,Day of the Week Text Format,Time of Crash,Hour of the Day,Case Identifier,Crash Severity,Number Of Motor Vehicles,Motor vehicle action,Most harmful event,Crash Severity Text Format,Most Severe Injury,Most Severe Injury Text Format,Number Of Non-Motorist,Number Of Witnesses,Route Class,Route Class Text Format,Milemarker,Road Number,Road Description,Roadway Name,Intersecting Roadway Name,Landmark Description,Distance From Nearest Landmark,Unit Of Measure From Nearest Landmark,Direction From Nearest Landmark,Latitude,Longitude,First Harmful Event,First Harmful Event Text Format,Manner of Crash / Collision Impact,Manner of Crash / Collision Impact Text Format,Location of First Harmful Event,Location of First Harmful Event Text Format,Weather Condition,Weather Condition Text Format,Weather 2,Weather 2 Text Format,Light Condition,Light Condition Text Format,Road Surface Condition,Road Surface Condition Text Format,"Contributing Circumstances, Environment","Contributing Circumstances, Environment Text Format",Environment 2,Environment 2 Text Format,Environment 3,Environment 3 Text Format,"Contributing Circumstances, Road","Contributing Circumstances, Road Text Format",Road 2,Road 2 Text Format,Road 3,Road 3 Text Format,Crash Specific Location,Crash Specific Location Text Format,Type of Intersection,Type of Intersection Text Format,School Bus Related,School Bus Related Text Format,Work Zone Related,Work Zone Related Text Format,Location Of Crash Relative To Work Zone,Location Of Crash Relative To Work Zone Text Format,Type of Work Zone,Type of Work Zone Text Format,Worker Presence,Worker Presence Text Format,Law Enforcement Presence,Law Enforcement Presence Text Format,Were Vehicles Moved Prior To Police Arrival,Trafficway Ownership,Trafficway Ownership Text Format,Trafficway Class,Trafficway Class Text Format,Police Agency,Police Agency Text Format,Badge Number,Approval Date,Police Case Status,Police Case Status Text Format,Crash Report Submission Date,Related Case Identifiers,No. of Through Lanes (Log Dir.),Average Daily Traffic,Functional Classification,Functional Classification Text Format,Rural or Urban,Rural or Urban Text Format
1273916,1,Complete,1273916,1273916,41.29881572,-72.94418041,3761118,New Haven,93,93,New Haven,5/18/2025,2025,5,May,18,1,Sunday,21:22:00,21,25019597,A,2,,Motor Vehicle In Motion,"Injury of any type (Serious, Minor, Possible)",C,Possible Injury (C),0,0,4,Local,0.21,123,CONGRESS AV,CONGRESS AV,,Downes St,55,Feet,W,41.29881572,-72.94418041,14,Motor Vehicle in Operation,3,Angle,1,On Roadway,1,Clear,88,Not Applicable,6,Dark-Unknown Lighting,1,Dry,0,None,88,Not Applicable,88,Not Applicable,0,None,88,Not Applicable,88,Not Applicable,9,Driveway Access-Related,1,Not at Intersection,1,No,1,No,88,Not Applicable,88,Not Applicable,88,Not Applicable,88,Not Applicable,FALSE,1,Public Road,1,"Trafficway, On Road",CT0009300,New Haven PD,45395,18:16.0,C,Closed,02:06.0,,,,,,,
1274497,1,Complete,1274497,1274497,41.29043232,-72.90279639,3761699,New Haven,93,93,New Haven,5/1/2025,2025,5,May,1,5,Thursday,10:49:00,10,25017196,A,5,,Parked Vehicle,"Injury of any type (Serious, Minor, Possible)",C,Possible Injury (C),0,0,4,Local,0.12,628,WATERFRONT ST,WATERFRONT ST,,ALABAMA ST,150,Feet,S,41.29043232,-72.90279639,15,Parked Motor Vehicle,1,Front to rear,2,Shoulder,1,Clear,88,Not Applicable,1,Daylight,1,Dry,0,None,88,Not Applicable,88,Not Applicable,0,None,88,Not Applicable,88,Not Applicable,1,Non-Junction,1,Not at Intersection,1,No,1,No,88,Not Applicable,88,Not Applicable,88,Not Applicable,88,Not Applicable,FALSE,1,Public Road,1,"Trafficway, On Road",CT0009300,New Haven PD,175,53:16.0,C,Closed,00:39.0,,,,,,,
1274500,1,Complete,1274500,1274500,41.291001,-72.941396,3761702,New Haven,93,93,New Haven,5/18/2025,2025,5,May,18,1,Sunday,3:45:00,3,25019383,A,2,,Motor Vehicle In Motion,"Injury of any type (Serious, Minor, Possible)",C,Possible Injury (C),0,0,3,State,0.88,10,10-N,10-N,WASHINGTON AVE,,,,,41.291001,-72.941396,14,Motor Vehicle in Operation,3,Angle,1,On Roadway,1,Clear,88,Not Applicable,6,Dark-Unknown Lighting,1,Dry,0,None,88,Not Applicable,88,Not Applicable,0,None,88,Not Applicable,88,Not Applicable,2,Intersection,2,Four-Way Intersection,1,No,1,No,88,Not Applicable,88,Not Applicable,88,Not Applicable,88,Not Applicable,FALSE,1,Public Road,1,"Trafficway, On Road",CT0009300,New Haven PD,44946,09:12.0,C,Closed,00:40.0,,,,,,,
1274502,1,Complete,1274502,1274502,41.3162531,-72.94143194,3761704,New Haven,93,93,New Haven,5/18/2025,2025,5,May,18,1,Sunday,9:23:00,9,25019528,A,2,,Motor Vehicle In Motion,"Injury of any type (Serious, Minor, Possible)",C,Possible Injury (C),0,1,4,Local,0.44,653,WHALLEY AV,WHALLEY AV,,SHERMAN AVENUE,290,Feet,E,41.3162531,-72.94143194,14,Motor Vehicle in Operation,3,Angle,1,On Roadway,1,Clear,88,Not Applicable,1,Daylight,1,Dry,0,None,88,Not Applicable,88,Not Applicable,0,None,88,Not Applicable,88,Not Applicable,8,Driveway Access,1,Not at Intersection,1,No,1,No,88,Not Applicable,88,Not Applicable,88,Not Applicable,88,Not Applicable,FALSE,88,Not Applicable,1,"Trafficway, On Road",CT0009300,New Haven PD,45398,08:00.0,C,Closed,00:40.0,,,,,,,
1274505,1,Complete,1274505,1274505,41.315336,-72.932846,3761707,New Haven,93,93,New Haven,5/18/2025,2025,5,May,18,1,Sunday,21:57:00,21,25019598,A,2,,"Other Fixed Object (wall, building, tunnel, etc.)","Injury of any type (Serious, Minor, Possible)",B,Suspected Minor Injury (B),0,0,4,Local,0.18,152,DIXWELL AV,DIXWELL AV ,,BRISTOL STREET,15,Feet,N,41.315336,-72.932846,39,"Other Fixed Object (wall, building, tunnel, etc.)",3,Angle,1,On Roadway,1,Clear,88,Not Applicable,4,Dark-Lighted,1,Dry,0,None,88,Not Applicable,88,Not Applicable,0,None,88,Not Applicable,88,Not Applicable,3,Intersection-Related,3,T-Intersection,1,No,1,No,88,Not Applicable,88,Not Applicable,88,Not Applicable,88,Not Applicable,TRUE,1,Public Road,1,"Trafficway, On Road",CT0009300,New Haven PD,47007,28:13.0,C,Closed,00:48.0,,,,,,,
1274511,1,Complete,1274511,1274511,41.31321292,-72.95196901,3761713,New Haven,93,93,New Haven,5/19/2025,2025,5,May,19,2,Monday,15:16:00,15,25019663,A,2,,Motor Vehicle In Motion,"Injury of any type (Serious, Minor, Possible)",C,Possible Injury (C),0,0,3,State,2.61,10,10-N,10-N,,CHAPEL ST,20,Feet,N,41.31321292,-72.95196901,14,Motor Vehicle in Operation,1,Front to rear,1,On Roadway,1,Clear,88,Not Applicable,1,Daylight,1,Dry,0,None,88,Not Applicable,88,Not Applicable,0,None,88,Not Applicable,88,Not Applicable,3,Intersection-Related,2,Four-Way Intersection,1,No,1,No,88,Not Applicable,88,Not Applicable,88,Not Applicable,88,Not Applicable,FALSE,1,Public Road,1,"Trafficway, On Road",CT0009300,New Haven PD,44055,39:34.0,C,Closed,00:48.0,,,,,,,
1274512,1,Complete,1274512,1274512,41.33507617,-72.96876457,3761714,New Haven,93,93,New Haven,5/19/2025,2025,5,May,19,2,Monday,15:30:00,15,25019669,A,2,,Motor Vehicle In Motion,"Injury of any type (Serious, Minor, Possible)",A,Suspected Serious Injury (A),0,0,4,Local,0.08,519,ROCK CREEK RD NO 1,ROCK CREEK RD NO 1,,ROCK CREEK RD NO 2,30,Feet,W,41.33507617,-72.96876457,14,Motor Vehicle in Operation,2,Front to front,1,On Roadway,1,Clear,88,Not Applicable,1,Daylight,1,Dry,0,None,88,Not Applicable,88,Not Applicable,0,None,88,Not Applicable,88,Not Applicable,1,Non-Junction,1,Not at Intersection,2,"Yes, School Bus Directly Involved",1,No,88,Not Applicable,88,Not Applicable,88,Not Applicable,88,Not Applicable,FALSE,1,Public Road,1,"Trafficway, On Road",CT0009300,New Haven PD,402,39:21.0,C,Closed,00:48.0,,,,,,,
1274513,1,Complete,1274513,1274513,41.300896,-72.910048,3761715,New Haven,93,93,New Haven,5/19/2025,2025,5,May,19,2,Monday,17:04:00,17,25019694,A,2,,Motor Vehicle In Motion,"Injury of any type (Serious, Minor, Possible)",C,Possible Injury (C),0,0,2,USRoute,49,1,1-N,1-N,,EAST ST,155,Feet,E,41.300896,-72.910048,14,Motor Vehicle in Operation,1,Front to rear,1,On Roadway,1,Clear,88,Not Applicable,1,Daylight,1,Dry,0,None,88,Not Applicable,88,Not Applicable,0,None,88,Not Applicable,88,Not Applicable,3,Intersection-Related,2,Four-Way Intersection,1,No,1,No,88,Not Applicable,88,Not Applicable,88,Not Applicable,88,Not Applicable,FALSE,1,Public Road,1,"Trafficway, On Road",CT0009300,New Haven PD,45389,45:54.0,C,Closed,00:48.0,,,,,,,
1274792,1,Complete,1274792,1274792,41.313116,-72.896488,3761994,New Haven,93,93,New Haven,5/12/2025,2025,5,May,12,2,Monday,3:42:00,3,25018581,A,3,,Motor Vehicle In Motion,"Injury of any type (Serious, Minor, Possible)",B,Suspected Minor Injury (B),0,0,4,Local,0.46,213,FERRY ST,FERRY ST,GRAFTON ST,,,,,41.313116,-72.896488,14,Motor Vehicle in Operation,1,Front to rear,1,On Roadway,1,Clear,88,Not Applicable,4,Dark-Lighted,1,Dry,0,None,88,Not Applicable,88,Not Applicable,0,None,88,Not Applicable,88,Not Applicable,3,Intersection-Related,3,T-Intersection,1,No,1,No,88,Not Applicable,88,Not Applicable,88,Not Applicable,88,Not Applicable,FALSE,1,Public Road,1,"Trafficway, On Road",CT0009300,New Haven PD,44951,51:38.0,C,Closed,00:17.0,,,,,,,
1274795,1,Complete,1274795,1274795,41.315532,-72.939259,3761997,New Haven,93,93,New Haven,5/20/2025,2025,5,May,20,3,Tuesday,0:56:00,0,25019752,A,3,,Motor Vehicle In Motion,"Injury of any type (Serious, Minor, Possible)",C,Possible Injury (C),0,0,4,Local,0.56,653,WHALLEY AV,WHALLEY AV,Orchard Street,,,,,41.315532,-72.939259,14,Motor Vehicle in Operation,3,Angle,1,On Roadway,1,Clear,88,Not Applicable,4,Dark-Lighted,1,Dry,0,None,88,Not Applicable,88,Not Applicable,0,None,88,Not Applicable,88,Not Applicable,2,Intersection,2,Four-Way Intersection,1,No,1,No,88,Not Applicable,88,Not Applicable,88,Not Applicable,88,Not Applicable,FALSE,1,Public Road,1,"Trafficway, On Road",CT0009300,New Haven PD,82,00:18.0,C,Closed,00:17.0,,,,,,,
1274796,1,Complete,1274796,1274796,41.308575,-72.886931,3761998,New Haven,93,93,New Haven,5/20/2025,2025,5,May,20,3,Tuesday,6:06:00,6,25019764,A,2,,Motor Vehicle In Motion,"Injury of any type (Serious, Minor, Possible)",B,Suspected Minor Injury (B),0,0,4,Local,0.04,264,GRAND AV,GRAND AV,,QUINNIPIAC AVE,185,Feet,N,41.308575,-72.886931,14,Motor Vehicle in Operation,1,Front to rear,1,On Roadway,1,Clear,88,Not Applicable,1,Daylight,1,Dry,0,None,88,Not Applicable,88,Not Applicable,0,None,88,Not Applicable,88,Not Applicable,1,Non-Junction,1,Not at Intersection,1,No,1,No,88,Not Applicable,88,Not Applicable,88,Not Applicable,88,Not Applicable,FALSE,1,Public Road,1,"Trafficway, On Road",CT0009300,New Haven PD,44063,57:49.0,C,Closed,00:18.0,,,,,,,
1274799,1,Complete,1274799,1274799,41.29332165,-72.93478913,3762001,New Haven,93,93,New Haven,5/20/2025,2025,5,May,20,3,Tuesday,9:35:00,9,25019805,A,2,,Parked Vehicle,"Injury of any type (Serious, Minor, Possible)",C,Possible Injury (C),0,0,4,Local,0.23,148,DEWITT ST,DEWITT ST,,ROSETTE STREET,40,Feet,N,41.29332165,-72.93478913,15,Parked Motor Vehicle,4,"Sideswipe, same direction",1,On Roadway,1,Clear,88,Not Applicable,1,Daylight,1,Dry,0,None,88,Not Applicable,88,Not Applicable,0,None,88,Not Applicable,88,Not Applicable,1,Non-Junction,1,Not at Intersection,1,No,1,No,88,Not Applicable,88,Not Applicable,88,Not Applicable,88,Not Applicable,TRUE,1,Public Road,1,"Trafficway, On Road",CT0009300,New Haven PD,44949,10:55.0,C,Closed,00:19.0,,,,,,,
1274802,1,Complete,1274802,1274802,41.28548274,-72.92941783,3762004,New Haven,93,93,New Haven,5/20/2025,2025,5,May,20,3,Tuesday,15:26:00,15,25019850,A,2,,Motor Vehicle In Motion,"Injury of any type (Serious, Minor, Possible)",B,Suspected Minor Injury (B),0,0,4,Local,0.14,215,FIFTH ST,FIFTH ST,HALLOCK AV NO 1,,,,,41.28548274,-72.92941783,14,Motor Vehicle in Operation,3,Angle,1,On Roadway,2,Cloudy,88,Not Applicable,1,Daylight,1,Dry,0,None,88,Not Applicable,88,Not Applicable,0,None,88,Not Applicable,88,Not Applicable,2,Intersection,3,T-Intersection,1,No,1,No,88,Not Applicable,88,Not Applicable,88,Not Applicable,88,Not Applicable,FALSE,1,Public Road,1,"Trafficway, On Road",CT0009300,New Haven PD,42366,22:46.0,C,Closed,00:18.0,,,,,,,
1274803,1,Complete,1274803,1274803,41.30942757,-72.89119616,3762005,New Haven,93,93,New Haven,5/20/2025,2025,5,May,20,3,Tuesday,17:08:00,17,25019876,A,2,,Motor Vehicle In Motion,"Injury of any type (Serious, Minor, Possible)",C,Possible Injury (C),0,0,4,Local,0.28,264,GRAND AV,GRAND AV,,E PEARL ST,65,Feet,E,41.30942757,-72.89119616,14,Motor Vehicle in Operation,4,"Sideswipe, same direction",1,On Roadway,2,Cloudy,88,Not Applicable,1,Daylight,1,Dry,0,None,88,Not Applicable,88,Not Applicable,0,None,88,Not Applicable,88,Not Applicable,1,Non-Junction,1,Not at Intersection,1,No,1,No,88,Not Applicable,88,Not Applicable,88,Not Applicable,88,Not Applicable,TRUE,1,Public Road,1,"Trafficway, On Road",CT0009300,New Haven PD,44176,45:23.0,C,Closed,00:22.0,,,,,,,
1275151,1,Complete,1275151,1275151,41.315402,-72.938808,3762353,New Haven,93,93,New Haven,5/14/2025,2025,5,May,14,4,Wednesday,15:18:00,15,25018970,A,3,,Motor Vehicle In Motion,"Injury of any type (Serious, Minor, Possible)",C,Possible Injury (C),0,0,4,Local,0.58,653,WHALLEY AV,WHALLEY AV,,ORCHARD ST,100,Feet,E,41.315402,-72.938808,14,Motor Vehicle in Operation,1,Front to rear,1,On Roadway,1,Clear,88,Not Applicable,1,Daylight,1,Dry,0,None,88,Not Applicable,88,Not Applicable,0,None,88,Not Applicable,88,Not Applicable,3,Intersection-Related,2,Four-Way Intersection,1,No,1,No,88,Not Applicable,88,Not Applicable,88,Not Applicable,88,Not Applicable,FALSE,1,Public Road,1,"Trafficway, On Road",CT0009300,New Haven PD,44947,53:24.0,C,Closed,01:41.0,,,,,,,
1275153,1,Complete,1275153,1275153,41.313848,-72.932494,3762355,New Haven,93,93,New Haven,5/15/2025,2025,5,May,15,5,Thursday,17:00:00,17,25019170,A,2,,Motor Vehicle In Motion,"Injury of any type (Serious, Minor, Possible)",C,Possible Injury (C),0,0,4,Local,0.06,152,DIXWELL AV,DIXWELL AV,LAKE PL,,,,,41.313848,-72.932494,14,Motor Vehicle in Operation,4,"Sideswipe, same direction",1,On Roadway,1,Clear,88,Not Applicable,1,Daylight,1,Dry,0,None,88,Not Applicable,88,Not Applicable,0,None,88,Not Applicable,88,Not Applicable,2,Intersection,3,T-Intersection,1,No,1,No,88,Not Applicable,88,Not Applicable,88,Not Applicable,88,Not Applicable,FALSE,1,Public Road,1,"Trafficway, On Road",CT0009300,New Haven PD,991,22:01.0,C,Closed,01:44.0,,,,,,,
1275156,1,Complete,1275156,1275156,41.321908,-72.952973,3762358,New Haven,93,93,New Haven,5/20/2025,2025,5,May,20,3,Tuesday,9:26:00,9,25019804,A,2,,Motor Vehicle In Motion,"Injury of any type (Serious, Minor, Possible)",C,Possible Injury (C),0,0,3,State,3.32,10,10-N,10-N,,Osborn Avenue,130,Feet,S,41.321908,-72.952973,14,Motor Vehicle in Operation,4,"Sideswipe, same direction",1,On Roadway,1,Clear,88,Not Applicable,1,Daylight,1,Dry,0,None,88,Not Applicable,88,Not Applicable,0,None,88,Not Applicable,88,Not Applicable,1,Non-Junction,1,Not at Intersection,1,No,1,No,88,Not Applicable,88,Not Applicable,88,Not Applicable,88,Not Applicable,FALSE,1,Public Road,1,"Trafficway, On Road",CT0009300,New Haven PD,45398,57:40.0,C,Closed,01:42.0,,,,,,,
1275157,1,Complete,1275157,1275157,41.315291,-72.945377,3762359,New Haven,93,93,New Haven,5/20/2025,2025,5,May,20,3,Tuesday,10:41:00,10,25019838,A,1,,Tree (standing),"Injury of any type (Serious, Minor, Possible)",B,Suspected Minor Injury (B),0,0,4,Local,0.6,775,WINTHROP AV NO 2,WINTHROP AV NO 2,,Maple Street,120,Feet,N,41.315291,-72.945377,32,Tree (standing),88,Not Applicable,4,Roadside,1,Clear,88,Not Applicable,1,Daylight,1,Dry,0,None,88,Not Applicable,88,Not Applicable,0,None,88,Not Applicable,88,Not Applicable,1,Non-Junction,1,Not at Intersection,1,No,1,No,88,Not Applicable,88,Not Applicable,88,Not Applicable,88,Not Applicable,FALSE,1,Public Road,1,"Trafficway, On Road",CT0009300,New Haven PD,47744,11:50.0,C,Closed,01:43.0,,,,,,,
1275482,1,Complete,1275482,1275482,41.324095,-72.881655,3762684,New Haven,93,93,New Haven,5/22/2025,2025,5,May,22,5,Thursday,6:42:00,6,25020100,A,2,,Motor Vehicle In Motion,"Injury of any type (Serious, Minor, Possible)",C,Possible Injury (C),0,0,3,State,0.23,17,17-S,17-S,,FOXON BLVD,50,Feet,E,41.324095,-72.881655,14,Motor Vehicle in Operation,1,Front to rear,1,On Roadway,4,Rain,88,Not Applicable,1,Daylight,2,Wet,1,Weather Conditions,88,Not Applicable,88,Not Applicable,0,None,88,Not Applicable,88,Not Applicable,3,Intersection-Related,4,Y-Intersection,1,No,1,No,88,Not Applicable,88,Not Applicable,88,Not Applicable,88,Not Applicable,FALSE,1,Public Road,1,"Trafficway, On Road",CT0009300,New Haven PD,180,14:09.0,C,Closed,00:28.0,25020100,,,,,,
1275486,1,Complete,1275486,1275486,41.310652,-72.941255,3762688,New Haven,93,93,New Haven,5/22/2025,2025,5,May,22,5,Thursday,11:09:00,11,25020136,A,2,,Motor Vehicle In Motion,"Injury of any type (Serious, Minor, Possible)",C,Possible Injury (C),0,0,4,Local,2.64,97,CHAPEL ST,CHAPEL ST,,Orchard St,40,Feet,E,41.310652,-72.941255,14,Motor Vehicle in Operation,1,Front to rear,1,On Roadway,4,Rain,88,Not Applicable,1,Daylight,2,Wet,0,None,88,Not Applicable,88,Not Applicable,0,None,88,Not Applicable,88,Not Applicable,3,Intersection-Related,2,Four-Way Intersection,1,No,1,No,88,Not Applicable,88,Not Applicable,88,Not Applicable,88,Not Applicable,FALSE,1,Public Road,1,"Trafficway, On Road",CT0009300,New Haven PD,45397,48:14.0,C,Closed,00:31.0,,,,,,,
1275487,1,Complete,1275487,1275487,41.32035,-72.867892,3762689,New Haven,93,93,New Haven,5/22/2025,2025,5,May,22,5,Thursday,12:25:00,12,25020140,A,2,,Motor Vehicle In Motion,"Injury of any type (Serious, Minor, Possible)",C,Possible Injury (C),0,0,3,State,0.78,80,80-E,80-E,,DELL DRIVE,100,Feet,W,41.32035,-72.867892,14,Motor Vehicle in Operation,1,Front to rear,1,On Roadway,4,Rain,88,Not Applicable,1,Daylight,2,Wet,1,Weather Conditions,88,Not Applicable,88,Not Applicable,0,None,88,Not Applicable,88,Not Applicable,1,Non-Junction,1,Not at Intersection,1,No,1,No,88,Not Applicable,88,Not Applicable,88,Not Applicable,88,Not Applicable,FALSE,1,Public Road,1,"Trafficway, On Road",CT0009300,New Haven PD,180,18:43.0,C,Closed,00:29.0,25020140,,,,,,
1275925,1,Complete,1275925,1275925,41.268954,-72.89166,3763127,New Haven,93,93,New Haven,5/22/2025,2025,5,May,22,5,Thursday,23:00:00,23,25020209,A,1,,Pedestrian,"Injury of any type (Serious, Minor, Possible)",B,Suspected Minor Injury (B),1,0,,,,,,155 BURR ST,,GIRARD AV,100,Feet,S,41.268954,-72.89166,9,Pedestrian,88,Not Applicable,97,Other,4,Rain,88,Not Applicable,4,Dark-Lighted,2,Wet,0,None,88,Not Applicable,88,Not Applicable,0,None,88,Not Applicable,88,Not Applicable,97,Other,1,Not at Intersection,1,No,1,No,88,Not Applicable,88,Not Applicable,88,Not Applicable,88,Not Applicable,FALSE,88,Not Applicable,4,Parking Lot,CT0009300,New Haven PD,42049,18:27.0,C,Closed,00:45.0,,,,,,,
1275936,1,Complete,1275936,1275936,41.31753712,-72.97095777,3763138,New Haven,93,93,New Haven,5/24/2025,2025,5,May,24,7,Saturday,3:50:00,3,25020411,A,1,,"Other Fixed Object (wall, building, tunnel, etc.)","Injury of any type (Serious, Minor, Possible)",C,Possible Injury (C),0,0,3,State,2.68,122,122-N,122-N,,CHAPEL STREET,85,Feet,N,41.31753712,-72.97095777,39,"Other Fixed Object (wall, building, tunnel, etc.)",88,Not Applicable,4,Roadside,1,Clear,88,Not Applicable,4,Dark-Lighted,1,Dry,0,None,88,Not Applicable,88,Not Applicable,0,None,88,Not Applicable,88,Not Applicable,1,Non-Junction,1,Not at Intersection,1,No,1,No,88,Not Applicable,88,Not Applicable,88,Not Applicable,88,Not Applicable,FALSE,1,Public Road,1,"Trafficway, On Road",CT0009300,New Haven PD,42051,19:24.0,C,Closed,00:46.0,,,,,,,
1275946,1,Complete,1275946,1275946,41.306513,-72.952601,3763148,New Haven,93,93,New Haven,5/24/2025,2025,5,May,24,7,Saturday,18:47:00,18,25020476,A,4,,Motor Vehicle In Motion,"Injury of any type (Serious, Minor, Possible)",C,Possible Injury (C),0,0,4,Local,1.45,809,REV DR MLK JR BLVD,REV DR MLK JR BLVD,,ELLA T GRASSO BLVD,40,Feet,E,41.306513,-72.952601,14,Motor Vehicle in Operation,97,Other,1,On Roadway,2,Cloudy,88,Not Applicable,1,Daylight,1,Dry,0,None,88,Not Applicable,88,Not Applicable,0,None,88,Not Applicable,88,Not Applicable,3,Intersection-Related,3,T-Intersection,1,No,1,No,88,Not Applicable,88,Not Applicable,88,Not Applicable,88,Not Applicable,FALSE,1,Public Road,1,"Trafficway, On Road",CT0009300,New Haven PD,45132,44:47.0,C,Closed,00:51.0,,,,,,,
1275949,1,Complete,1275949,1275949,41.30583684,-72.92399355,3763151,New Haven,93,93,New Haven,5/25/2025,2025,5,May,25,1,Sunday,2:03:00,2,25020515,A,2,,Motor Vehicle In Motion,"Injury of any type (Serious, Minor, Possible)",C,Possible Injury (C),0,0,4,Local,1.69,450,ORANGE ST NO 1,ORANGE ST NO 1,,CHAPEL STREET,140,Feet,N,41.30583684,-72.92399355,14,Motor Vehicle in Operation,4,"Sideswipe, same direction",1,On Roadway,1,Clear,88,Not Applicable,4,Dark-Lighted,1,Dry,0,None,88,Not Applicable,88,Not Applicable,0,None,88,Not Applicable,88,Not Applicable,1,Non-Junction,1,Not at Intersection,1,No,1,No,88,Not Applicable,88,Not Applicable,88,Not Applicable,88,Not Applicable,TRUE,1,Public Road,1,"Trafficway, On Road",CT0009300,New Haven PD,44048,01:20.0,C,Closed,00:55.0,,,,,,,
1275953,1,Complete,1275953,1275953,41.330348,-72.973294,3763155,New Haven,93,93,New Haven,5/25/2025,2025,5,May,25,1,Sunday,16:00:00,16,25020575,A,1,,Pedestrian,"Injury of any type (Serious, Minor, Possible)",C,Possible Injury (C),1,0,4,Local,0,164,EARL ST,EARL ST,,DAVIS ST,5,Feet,W,41.330348,-72.973294,9,Pedestrian,88,Not Applicable,1,On Roadway,2,Cloudy,88,Not Applicable,1,Daylight,1,Dry,0,None,88,Not Applicable,88,Not Applicable,0,None,88,Not Applicable,88,Not Applicable,3,Intersection-Related,3,T-Intersection,1,No,1,No,88,Not Applicable,88,Not Applicable,88,Not Applicable,88,Not Applicable,TRUE,1,Public Road,1,"Trafficway, On Road",CT0009300,New Haven PD,402,24:32.0,C,Closed,00:57.0,25020575,,,,,,
1275954,1,Complete,1275954,1275954,41.31083825,-72.94311128,3763156,New Haven,93,93,New Haven,5/25/2025,2025,5,May,25,1,Sunday,16:28:00,16,25020578,A,2,,Parked Vehicle,"Injury of any type (Serious, Minor, Possible)",C,Possible Injury (C),0,0,,,,,,1450 CHAPEL ST,,Beers St,100,Feet,W,41.31083825,-72.94311128,14,Motor Vehicle in Operation,1,Front to rear,97,Other,1,Clear,1,Clear,1,Daylight,1,Dry,0,None,88,Not Applicable,88,Not Applicable,0,None,88,Not Applicable,88,Not Applicable,97,Other,1,Not at Intersection,1,No,1,No,88,Not Applicable,88,Not Applicable,88,Not Applicable,88,Not Applicable,TRUE,88,Not Applicable,4,Parking Lot,CT0009300,New Haven PD,45132,29:44.0,C,Closed,00:58.0,,,,,,,
1275957,1,Complete,1275957,1275957,41.321601,-72.9457,3763159,New Haven,93,93,New Haven,5/25/2025,2025,5,May,25,1,Sunday,19:51:00,19,25020597,A,2,,Motor Vehicle In Motion,"Injury of any type (Serious, Minor, Possible)",C,Possible Injury (C),0,0,4,Local,0.83,193,ELLSWORTH AV,ELLSWORTH AV,,ANITA ST ,80,Feet,N,41.321601,-72.9457,14,Motor Vehicle in Operation,4,"Sideswipe, same direction",1,On Roadway,1,Clear,88,Not Applicable,1,Daylight,1,Dry,0,None,88,Not Applicable,88,Not Applicable,0,None,88,Not Applicable,88,Not Applicable,9,Driveway Access-Related,1,Not at Intersection,1,No,1,No,88,Not Applicable,88,Not Applicable,88,Not Applicable,88,Not Applicable,FALSE,1,Public Road,1,"Trafficway, On Road",CT0009300,New Haven PD,44947,06:20.0,C,Closed,00:58.0,,,,,,,
1276538,1,Complete,1276538,1276538,41.306338,-72.952805,3763740,New Haven,93,93,New Haven,5/25/2025,2025,5,May,25,1,Sunday,0:54:00,0,25020504,A,2,,Motor Vehicle In Motion,"Injury of any type (Serious, Minor, Possible)",C,Possible Injury (C),0,0,3,State,2.12,10,10-N,10-N,,DR. MARTIN LUTHER KING BLVD,55,Feet,S,41.306338,-72.952805,14,Motor Vehicle in Operation,1,Front to rear,1,On Roadway,1,Clear,88,Not Applicable,4,Dark-Lighted,1,Dry,99,Unknown,88,Not Applicable,88,Not Applicable,99,Unknown,88,Not Applicable,88,Not Applicable,3,Intersection-Related,3,T-Intersection,1,No,1,No,88,Not Applicable,88,Not Applicable,88,Not Applicable,88,Not Applicable,FALSE,1,Public Road,1,"Trafficway, On Road",CT0009300,New Haven PD,45698,01:45.0,C,Closed,01:44.0,,,,,,,
1276540,1,Complete,1276540,1276540,41.313292,-72.95187,3763742,New Haven,93,93,New Haven,5/25/2025,2025,5,May,25,1,Sunday,23:25:00,23,25020616,A,4,,Motor Vehicle In Motion,"Injury of any type (Serious, Minor, Possible)",C,Possible Injury (C),0,0,3,State,2.61,10,10-N,10-N,,CHAPEL ST,85,Feet,N,41.313292,-72.95187,14,Motor Vehicle in Operation,1,Front to rear,1,On Roadway,1,Clear,88,Not Applicable,4,Dark-Lighted,1,Dry,0,None,88,Not Applicable,88,Not Applicable,0,None,88,Not Applicable,88,Not Applicable,1,Non-Junction,1,Not at Intersection,1,No,1,No,88,Not Applicable,88,Not Applicable,88,Not Applicable,88,Not Applicable,FALSE,1,Public Road,1,"Trafficway, On Road",CT0009300,New Haven PD,47745,37:36.0,C,Closed,01:45.0,,,,,,,
1276542,1,Complete,1276542,1276542,41.320344,-72.872079,3763744,New Haven,93,93,New Haven,5/26/2025,2025,5,May,26,2,Monday,10:52:00,10,25020645,A,2,,Motor Vehicle In Motion,"Injury of any type (Serious, Minor, Possible)",C,Possible Injury (C),0,0,3,State,0.55,80,80-E,80-E,,EASTERN ST,80,Feet,W,41.320344,-72.872079,14,Motor Vehicle in Operation,1,Front to rear,1,On Roadway,1,Clear,88,Not Applicable,1,Daylight,1,Dry,0,None,88,Not Applicable,88,Not Applicable,0,None,88,Not Applicable,88,Not Applicable,9,Driveway Access-Related,1,Not at Intersection,1,No,1,No,88,Not Applicable,88,Not Applicable,88,Not Applicable,88,Not Applicable,FALSE,1,Public Road,1,"Trafficway, On Road",CT0009300,New Haven PD,180,20:05.0,C,Closed,01:46.0,25020645,,,,,,