CrashId,Fatal Case Status,Fatal Case Status Text Format,CrashId,CrashId,Latitude,Longitude,DOT Case Number,Town Name,Town Number,Town Number,Town Number Text Format,Date Of Crash,Year,Month,Month Text Format,Day,Day of the Week,Day of the Week Text Format,Time of Crash,Hour of the Day,Case Identifier,Crash Severity,Number Of Motor Vehicles,Motor vehicle action,Most harmful event,Crash Severity Text Format,Most Severe Injury,Most Severe Injury Text Format,Number Of Non-Motorist,Number Of Witnesses,Route Class,Route Class Text Format,Milemarker,Road Number,Road Description,Roadway Name,Intersecting Roadway Name,Landmark Description,Distance From Nearest Landmark,Unit Of Measure From Nearest Landmark,Direction From Nearest Landmark,Latitude,Longitude,First Harmful Event,First Harmful Event Text Format,Manner of Crash / Collision Impact,Manner of Crash / Collision Impact Text Format,Location of First Harmful Event,Location of First Harmful Event Text Format,Weather Condition,Weather Condition Text Format,Weather 2,Weather 2 Text Format,Light Condition,Light Condition Text Format,Road Surface Condition,Road Surface Condition Text Format,"Contributing Circumstances, Environment","Contributing Circumstances, Environment Text Format",Environment 2,Environment 2 Text Format,Environment 3,Environment 3 Text Format,"Contributing Circumstances, Road","Contributing Circumstances, Road Text Format",Road 2,Road 2 Text Format,Road 3,Road 3 Text Format,Crash Specific Location,Crash Specific Location Text Format,Type of Intersection,Type of Intersection Text Format,School Bus Related,School Bus Related Text Format,Work Zone Related,Work Zone Related Text Format,Location Of Crash Relative To Work Zone,Location Of Crash Relative To Work Zone Text Format,Type of Work Zone,Type of Work Zone Text Format,Worker Presence,Worker Presence Text Format,Law Enforcement Presence,Law Enforcement Presence Text Format,Were Vehicles Moved Prior To Police Arrival,Trafficway Ownership,Trafficway Ownership Text Format,Trafficway Class,Trafficway Class Text Format,Police Agency,Police Agency Text Format,Badge Number,Approval Date,Police Case Status,Police Case Status Text Format,Crash Report Submission Date,Related Case Identifiers,No. of Through Lanes (Log Dir.),Average Daily Traffic,Functional Classification,Functional Classification Text Format,Rural or Urban,Rural or Urban Text Format
1276543,1,Complete,1276543,1276543,41.300253,-72.943623,3763745,New Haven,93,93,New Haven,5/26/2025,2025,5,May,26,2,Monday,11:08:00,11,25020649,A,2,,Motor Vehicle In Motion,"Injury of any type (Serious, Minor, Possible)",B,Suspected Minor Injury (B),0,0,4,Local,0.29,141,DAVENPORT AV,DAVENPORT AV,West Street,,,,,41.300253,-72.943623,14,Motor Vehicle in Operation,3,Angle,1,On Roadway,1,Clear,88,Not Applicable,1,Daylight,1,Dry,0,None,88,Not Applicable,88,Not Applicable,0,None,88,Not Applicable,88,Not Applicable,2,Intersection,3,T-Intersection,1,No,1,No,88,Not Applicable,88,Not Applicable,88,Not Applicable,88,Not Applicable,FALSE,1,Public Road,1,"Trafficway, On Road",CT0009300,New Haven PD,48045,37:18.0,O,Open,01:46.0,,,,,,,
1276549,1,Complete,1276549,1276549,41.319822,-72.899787,3763751,New Haven,93,93,New Haven,5/26/2025,2025,5,May,26,2,Monday,19:21:00,19,25020701,A,2,,Motor Vehicle In Motion,"Injury of any type (Serious, Minor, Possible)",C,Possible Injury (C),0,0,4,Local,0.06,404,MAY ST,MAY ST,,CEDAR HILL AVE,80,Feet,E,41.319822,-72.899787,14,Motor Vehicle in Operation,2,Front to front,1,On Roadway,1,Clear,88,Not Applicable,1,Daylight,1,Dry,0,None,88,Not Applicable,88,Not Applicable,0,None,88,Not Applicable,88,Not Applicable,9,Driveway Access-Related,1,Not at Intersection,1,No,1,No,88,Not Applicable,88,Not Applicable,88,Not Applicable,88,Not Applicable,TRUE,1,Public Road,1,"Trafficway, On Road",CT0009300,New Haven PD,45399,49:39.0,C,Closed,01:47.0,,,,,,,
1276873,1,Complete,1276873,1276873,41.320595,-72.872979,925055,New Haven,93,93,New Haven,3/26/2025,2025,3,March,26,4,Wednesday,22:26:00,22,25012080,K,1,Straight Ahead,Pedestrian,Fatal (Kill),K,Fatal Injury (K),1,0,3,State,0.5,80,80-E,80-E,,Eastern Street,338,Feet,W,41.320595,-72.872979,9,Pedestrian,88,Not Applicable,1,On Roadway,1,Clear,88,Not Applicable,5,Dark-Not Lighted,1,Dry,0,None,88,Not Applicable,88,Not Applicable,0,None,88,Not Applicable,88,Not Applicable,1,Non-Junction,1,Not at Intersection,1,No,1,No,88,Not Applicable,88,Not Applicable,88,Not Applicable,88,Not Applicable,FALSE,1,Public Road,1,"Trafficway, On Road",CT0009300,New Haven PD,44949,51:26.0,C,Closed,00:48.0,,,,,,,
1276880,1,Complete,1276880,1276880,41.326523,-72.927493,3764082,New Haven,93,93,New Haven,5/27/2025,2025,5,May,27,3,Tuesday,1:01:00,1,25020727,A,1,,Pedestrian,"Injury of any type (Serious, Minor, Possible)",B,Suspected Minor Injury (B),1,0,4,Local,0.01,592,THOMPSON ST,THOMPSON ST,Winchester Avenue,,,,,41.326523,-72.927493,9,Pedestrian,88,Not Applicable,1,On Roadway,1,Clear,88,Not Applicable,4,Dark-Lighted,1,Dry,0,None,88,Not Applicable,88,Not Applicable,0,None,88,Not Applicable,88,Not Applicable,2,Intersection,3,T-Intersection,1,No,1,No,88,Not Applicable,88,Not Applicable,88,Not Applicable,88,Not Applicable,TRUE,1,Public Road,1,"Trafficway, On Road",CT0009300,New Haven PD,45393,29:45.0,C,Closed,00:46.0,,,,,,,
1276882,1,Complete,1276882,1276882,41.320866,-72.9344,3764084,New Haven,93,93,New Haven,5/27/2025,2025,5,May,27,3,Tuesday,11:24:00,11,25020806,A,2,,Motor Vehicle In Motion,"Injury of any type (Serious, Minor, Possible)",C,Possible Injury (C),0,0,4,Local,0.25,289,HENRY ST,HENRY ST,DIXWELL AVE,,,,,41.320866,-72.9344,14,Motor Vehicle in Operation,4,"Sideswipe, same direction",1,On Roadway,1,Clear,88,Not Applicable,1,Daylight,1,Dry,0,None,88,Not Applicable,88,Not Applicable,0,None,88,Not Applicable,88,Not Applicable,2,Intersection,2,Four-Way Intersection,1,No,1,No,88,Not Applicable,88,Not Applicable,88,Not Applicable,88,Not Applicable,FALSE,1,Public Road,1,"Trafficway, On Road",CT0009300,New Haven PD,991,46:29.0,C,Closed,00:49.0,,,,,,,
1276883,1,Complete,1276883,1276883,41.318772,-72.942224,3764085,New Haven,93,93,New Haven,5/27/2025,2025,5,May,27,3,Tuesday,12:08:00,12,25020824,A,2,,Parked Vehicle,"Injury of any type (Serious, Minor, Possible)",C,Possible Injury (C),0,0,4,Local,0.05,473,PERCIVAL ST,PERCIVAL ST,,CARMEL ST,30,Feet,E,41.318772,-72.942224,14,Motor Vehicle in Operation,3,Angle,1,On Roadway,1,Clear,88,Not Applicable,1,Daylight,1,Dry,0,None,88,Not Applicable,88,Not Applicable,0,None,88,Not Applicable,88,Not Applicable,1,Non-Junction,1,Not at Intersection,1,No,1,No,88,Not Applicable,88,Not Applicable,88,Not Applicable,88,Not Applicable,FALSE,1,Public Road,1,"Trafficway, On Road",CT0009300,New Haven PD,45700,54:51.0,C,Closed,00:50.0,,,,,,,
1277166,1,Complete,1277166,1277166,41.300108,-72.944005,3764368,New Haven,93,93,New Haven,5/28/2025,2025,5,May,28,4,Wednesday,19:30:00,19,25021030,A,2,,Motor Vehicle In Motion,"Injury of any type (Serious, Minor, Possible)",C,Possible Injury (C),0,0,4,Local,0.27,141,DAVENPORT AV,DAVENPORT AV,,WEST ST,100,Feet,W,41.300108,-72.944005,14,Motor Vehicle in Operation,3,Angle,1,On Roadway,1,Clear,88,Not Applicable,1,Daylight,1,Dry,0,None,88,Not Applicable,88,Not Applicable,0,None,88,Not Applicable,88,Not Applicable,1,Non-Junction,1,Not at Intersection,1,No,1,No,88,Not Applicable,88,Not Applicable,88,Not Applicable,88,Not Applicable,FALSE,1,Public Road,1,"Trafficway, On Road",CT0009300,New Haven PD,44055,15:13.0,C,Closed,00:14.0,,,,,,,
1277170,1,Complete,1277170,1277170,41.328886,-72.968623,3764372,New Haven,93,93,New Haven,5/28/2025,2025,5,May,28,4,Wednesday,19:03:00,19,25021078,A,2,,Motor Vehicle In Motion,"Injury of any type (Serious, Minor, Possible)",C,Possible Injury (C),0,0,3,State,3.49,122,122-N,122-N,FAIRFIELD ST NO 2,,,,,41.328886,-72.968623,14,Motor Vehicle in Operation,1,Front to rear,1,On Roadway,4,Rain,88,Not Applicable,1,Daylight,2,Wet,0,None,88,Not Applicable,88,Not Applicable,0,None,88,Not Applicable,88,Not Applicable,2,Intersection,3,T-Intersection,1,No,1,No,88,Not Applicable,88,Not Applicable,88,Not Applicable,88,Not Applicable,FALSE,1,Public Road,1,"Trafficway, On Road",CT0009300,New Haven PD,45397,57:56.0,C,Closed,00:13.0,,,,,,,
1277506,1,Complete,1277506,1277506,41.33133851,-72.8671165,3764708,New Haven,93,93,New Haven,5/28/2025,2025,5,May,28,4,Wednesday,19:44:00,19,25021085,A,2,,Motor Vehicle In Motion,"Injury of any type (Serious, Minor, Possible)",B,Suspected Minor Injury (B),0,0,4,Local,0.03,236,FOXON HILL RD,FOXON HILL RD,,QUINNIPIAC AVE,90,Feet,E,41.33133851,-72.8671165,14,Motor Vehicle in Operation,1,Front to rear,1,On Roadway,4,Rain,88,Not Applicable,3,Dusk,2,Wet,0,None,88,Not Applicable,88,Not Applicable,0,None,88,Not Applicable,88,Not Applicable,3,Intersection-Related,2,Four-Way Intersection,1,No,1,No,88,Not Applicable,88,Not Applicable,88,Not Applicable,88,Not Applicable,FALSE,1,Public Road,1,"Trafficway, On Road",CT0009300,New Haven PD,44056,55:11.0,C,Closed,01:15.0,,,,,,,
1277936,1,Complete,1277936,1277936,41.323903,-72.881605,3765138,New Haven,93,93,New Haven,5/31/2025,2025,5,May,31,7,Saturday,11:07:00,11,25020801,A,2,,Motor Vehicle In Motion,"Injury of any type (Serious, Minor, Possible)",C,Possible Injury (C),0,0,3,State,0,80,80-W,80-W,17-N,,,,,41.323903,-72.881605,14,Motor Vehicle in Operation,3,Angle,1,On Roadway,1,Clear,88,Not Applicable,1,Daylight,1,Dry,0,None,88,Not Applicable,88,Not Applicable,0,None,88,Not Applicable,88,Not Applicable,2,Intersection,2,Four-Way Intersection,1,No,1,No,88,Not Applicable,88,Not Applicable,88,Not Applicable,88,Not Applicable,FALSE,1,Public Road,1,"Trafficway, On Road",CT0009300,New Haven PD,40789,59:59.0,C,Closed,00:45.0,,,,,,,
1277940,1,Complete,1277940,1277940,41.320961,-72.874364,3765142,New Haven,93,93,New Haven,5/29/2025,2025,5,May,29,5,Thursday,7:44:00,7,25021118,A,2,,Motor Vehicle In Motion,"Injury of any type (Serious, Minor, Possible)",C,Possible Injury (C),0,0,3,State,0.42,80,80-E,80-E,,QUINNIPIAC AVE,75,Feet,W,41.320961,-72.874364,14,Motor Vehicle in Operation,3,Angle,1,On Roadway,4,Rain,88,Not Applicable,1,Daylight,2,Wet,0,None,88,Not Applicable,88,Not Applicable,0,None,88,Not Applicable,88,Not Applicable,9,Driveway Access-Related,1,Not at Intersection,1,No,1,No,88,Not Applicable,88,Not Applicable,88,Not Applicable,88,Not Applicable,FALSE,1,Public Road,1,"Trafficway, On Road",CT0009300,New Haven PD,65,41:21.0,C,Closed,00:33.0,,,,,,,
1277942,1,Complete,1277942,1277942,41.31936869,-72.94528773,3765144,New Haven,93,93,New Haven,5/29/2025,2025,5,May,29,5,Thursday,13:43:00,13,25021225,A,2,,Motor Vehicle In Motion,"Injury of any type (Serious, Minor, Possible)",C,Possible Injury (C),0,0,4,Local,0.64,439,NORTON ST,NORTON ST,,WHALLEY AVE,495,Feet,N,41.31936869,-72.94528773,14,Motor Vehicle in Operation,6,Rear to side,7,In Parking Lane or Zone,1,Clear,88,Not Applicable,1,Daylight,1,Dry,0,None,88,Not Applicable,88,Not Applicable,0,None,88,Not Applicable,88,Not Applicable,1,Non-Junction,1,Not at Intersection,1,No,1,No,88,Not Applicable,88,Not Applicable,88,Not Applicable,88,Not Applicable,TRUE,1,Public Road,1,"Trafficway, On Road",CT0009300,New Haven PD,44947,43:34.0,C,Closed,00:40.0,,,,,,,
1277943,1,Complete,1277943,1277943,41.308447,-72.90323,3765145,New Haven,93,93,New Haven,5/29/2025,2025,5,May,29,5,Thursday,21:01:00,21,25021251,A,2,,Motor Vehicle In Motion,"Injury of any type (Serious, Minor, Possible)",C,Possible Injury (C),0,0,4,Local,0.92,264,GRAND AV,GRAND AV,JAMES ST,,,,,41.308447,-72.90323,14,Motor Vehicle in Operation,3,Angle,1,On Roadway,1,Clear,88,Not Applicable,5,Dark-Not Lighted,1,Dry,0,None,88,Not Applicable,88,Not Applicable,0,None,88,Not Applicable,88,Not Applicable,2,Intersection,2,Four-Way Intersection,1,No,1,No,88,Not Applicable,88,Not Applicable,88,Not Applicable,88,Not Applicable,FALSE,1,Public Road,1,"Trafficway, On Road",CT0009300,New Haven PD,42367,27:11.0,C,Closed,00:39.0,,,,,,,
1277950,1,Complete,1277950,1277950,41.31303,-72.89051,3765152,New Haven,93,93,New Haven,5/30/2025,2025,5,May,30,6,Friday,16:05:00,16,25021341,A,3,,Motor Vehicle In Motion,"Injury of any type (Serious, Minor, Possible)",C,Possible Injury (C),0,0,4,Local,0.3,738,PINE ST NO 2,PINE ST NO 2,,CLINTON AVE,220,Feet,E,41.31303,-72.89051,14,Motor Vehicle in Operation,1,Front to rear,1,On Roadway,1,Clear,88,Not Applicable,1,Daylight,1,Dry,0,None,88,Not Applicable,88,Not Applicable,0,None,88,Not Applicable,88,Not Applicable,1,Non-Junction,1,Not at Intersection,1,No,1,No,88,Not Applicable,88,Not Applicable,88,Not Applicable,88,Not Applicable,TRUE,1,Public Road,1,"Trafficway, On Road",CT0009300,New Haven PD,40788,32:42.0,C,Closed,00:37.0,,,,,,,
1277961,1,Complete,1277961,1277961,41.314583,-72.893757,3765163,New Haven,93,93,New Haven,5/31/2025,2025,5,May,31,7,Saturday,14:21:00,14,25021491,A,2,,Motor Vehicle In Motion,"Injury of any type (Serious, Minor, Possible)",C,Possible Injury (C),0,0,4,Local,0.35,99,CHATHAM ST,CHATHAM ST,,ATWATER ST,50,Feet,W,41.314583,-72.893757,14,Motor Vehicle in Operation,3,Angle,1,On Roadway,1,Clear,88,Not Applicable,1,Daylight,1,Dry,0,None,88,Not Applicable,88,Not Applicable,0,None,88,Not Applicable,88,Not Applicable,9,Driveway Access-Related,1,Not at Intersection,1,No,1,No,88,Not Applicable,88,Not Applicable,88,Not Applicable,88,Not Applicable,TRUE,1,Public Road,1,"Trafficway, On Road",CT0009300,New Haven PD,46614,53:20.0,C,Closed,00:42.0,,,,,,,
1277969,1,Complete,1277969,1277969,41.33111924,-72.97304161,3765171,New Haven,93,93,New Haven,6/1/2025,2025,6,June,1,1,Sunday,12:10:00,12,25021589,A,2,,Motor Vehicle In Motion,"Injury of any type (Serious, Minor, Possible)",C,Possible Injury (C),0,0,3,State,0.98,63,63-N,63-N,,DAVIS ST,25,Feet,W,41.33111924,-72.97304161,14,Motor Vehicle in Operation,1,Front to rear,1,On Roadway,1,Clear,88,Not Applicable,1,Daylight,1,Dry,0,None,88,Not Applicable,88,Not Applicable,0,None,88,Not Applicable,88,Not Applicable,9,Driveway Access-Related,1,Not at Intersection,1,No,1,No,88,Not Applicable,88,Not Applicable,88,Not Applicable,88,Not Applicable,TRUE,1,Public Road,1,"Trafficway, On Road",CT0009300,New Haven PD,45983,59:01.0,C,Closed,00:45.0,,,,,,,
1277973,1,Complete,1277973,1277973,41.31259,-72.95218,3765175,New Haven,93,93,New Haven,6/1/2025,2025,6,June,1,1,Sunday,17:05:00,17,25021612,A,2,,Motor Vehicle In Motion,"Injury of any type (Serious, Minor, Possible)",C,Possible Injury (C),0,0,3,State,2.56,10,10-N,10-N,,CHAPEL ST,135,Feet,S,41.31259,-72.95218,14,Motor Vehicle in Operation,3,Angle,1,On Roadway,1,Clear,1,Clear,1,Daylight,1,Dry,0,None,88,Not Applicable,88,Not Applicable,0,None,88,Not Applicable,88,Not Applicable,1,Non-Junction,1,Not at Intersection,1,No,1,No,88,Not Applicable,88,Not Applicable,88,Not Applicable,88,Not Applicable,TRUE,1,Public Road,1,"Trafficway, On Road",CT0009300,New Haven PD,45132,08:15.0,C,Closed,00:47.0,,,,,,,
1277976,1,Complete,1277976,1277976,41.314167,-72.889027,3765178,New Haven,93,93,New Haven,6/1/2025,2025,6,June,1,1,Sunday,20:47:00,20,25021630,A,2,,"Other Fixed Object (wall, building, tunnel, etc.)","Injury of any type (Serious, Minor, Possible)",C,Possible Injury (C),0,0,4,Local,0.01,263,GRAFTON ST,GRAFTON ST,,DOWNING ST,50,Feet,W,41.314167,-72.889027,14,Motor Vehicle in Operation,4,"Sideswipe, same direction",1,On Roadway,1,Clear,88,Not Applicable,5,Dark-Not Lighted,1,Dry,0,None,88,Not Applicable,88,Not Applicable,0,None,88,Not Applicable,88,Not Applicable,1,Non-Junction,1,Not at Intersection,1,No,1,No,88,Not Applicable,88,Not Applicable,88,Not Applicable,88,Not Applicable,FALSE,1,Public Road,1,"Trafficway, On Road",CT0009300,New Haven PD,42367,21:32.0,C,Closed,00:47.0,,,,,,,
1277977,1,Complete,1277977,1277977,41.305637,-72.935996,3765179,New Haven,93,93,New Haven,6/1/2025,2025,6,June,1,1,Sunday,20:51:00,20,25021635,A,2,,Motor Vehicle In Motion,"Injury of any type (Serious, Minor, Possible)",C,Possible Injury (C),0,0,4,Local,0.45,463,PARK ST,PARK ST,SOUTH FRONTAGE RD ,,,,,41.305637,-72.935996,14,Motor Vehicle in Operation,4,"Sideswipe, same direction",1,On Roadway,1,Clear,88,Not Applicable,4,Dark-Lighted,1,Dry,99,Unknown,88,Not Applicable,88,Not Applicable,99,Unknown,88,Not Applicable,88,Not Applicable,2,Intersection,2,Four-Way Intersection,1,No,1,No,88,Not Applicable,88,Not Applicable,88,Not Applicable,88,Not Applicable,FALSE,1,Public Road,1,"Trafficway, On Road",CT0009300,New Haven PD,47003,30:26.0,C,Closed,00:49.0,25-021635,,,,,,
1278634,1,Complete,1278634,1278634,41.315387,-72.895368,3765836,New Haven,93,93,New Haven,5/26/2025,2025,5,May,26,2,Monday,20:00:00,20,25020706,A,2,,Motor Vehicle In Motion,"Injury of any type (Serious, Minor, Possible)",C,Possible Injury (C),0,0,4,Local,0.45,379,LOMBARD ST,LOMBARD ST,Rowe Street,,,,,41.315387,-72.895368,14,Motor Vehicle in Operation,3,Angle,1,On Roadway,1,Clear,88,Not Applicable,1,Daylight,1,Dry,0,None,88,Not Applicable,88,Not Applicable,0,None,88,Not Applicable,88,Not Applicable,2,Intersection,2,Four-Way Intersection,1,No,1,No,88,Not Applicable,88,Not Applicable,88,Not Applicable,88,Not Applicable,FALSE,1,Public Road,1,"Trafficway, On Road",CT0009300,New Haven PD,42044,50:52.0,O,Open,00:35.0,,,,,,,
1278637,1,Complete,1278637,1278637,41.323888,-72.881508,3765839,New Haven,93,93,New Haven,6/1/2025,2025,6,June,1,1,Sunday,22:21:00,22,25021642,A,2,,Motor Vehicle In Motion,"Injury of any type (Serious, Minor, Possible)",C,Possible Injury (C),0,1,3,State,0,80,80-W,80-W,Middletown Avenue,,,,,41.323888,-72.881508,14,Motor Vehicle in Operation,3,Angle,1,On Roadway,4,Rain,88,Not Applicable,4,Dark-Lighted,2,Wet,0,None,88,Not Applicable,88,Not Applicable,0,None,88,Not Applicable,88,Not Applicable,2,Intersection,2,Four-Way Intersection,1,No,1,No,88,Not Applicable,88,Not Applicable,88,Not Applicable,88,Not Applicable,FALSE,1,Public Road,1,"Trafficway, On Road",CT0009300,New Haven PD,45388,56:26.0,C,Closed,00:34.0,,,,,,,
1278641,1,Complete,1278641,1278641,41.30631,-72.894885,3765843,New Haven,93,93,New Haven,6/2/2025,2025,6,June,2,2,Monday,7:50:00,7,25021667,A,2,,Motor Vehicle In Motion,"Injury of any type (Serious, Minor, Possible)",C,Possible Injury (C),0,0,4,Local,0.95,213,FERRY ST,FERRY ST,,WOLCOTT ST,65,Feet,S,41.30631,-72.894885,14,Motor Vehicle in Operation,1,Front to rear,1,On Roadway,1,Clear,88,Not Applicable,1,Daylight,1,Dry,0,None,88,Not Applicable,88,Not Applicable,0,None,88,Not Applicable,88,Not Applicable,1,Non-Junction,1,Not at Intersection,1,No,1,No,88,Not Applicable,88,Not Applicable,88,Not Applicable,88,Not Applicable,FALSE,1,Public Road,1,"Trafficway, On Road",CT0009300,New Haven PD,40807,23:22.0,C,Closed,00:30.0,,,,,,,
1278645,1,Complete,1278645,1278645,41.328826,-72.965449,3765847,New Haven,93,93,New Haven,6/2/2025,2025,6,June,2,2,Monday,16:27:00,16,25021759,A,2,,Motor Vehicle In Motion,"Injury of any type (Serious, Minor, Possible)",C,Possible Injury (C),0,0,3,State,0.54,63,63-N,63-N,,EMERSON ST,50,Feet,W,41.328826,-72.965449,14,Motor Vehicle in Operation,1,Front to rear,1,On Roadway,1,Clear,88,Not Applicable,1,Daylight,1,Dry,0,None,88,Not Applicable,88,Not Applicable,0,None,88,Not Applicable,88,Not Applicable,3,Intersection-Related,2,Four-Way Intersection,1,No,1,No,88,Not Applicable,88,Not Applicable,88,Not Applicable,88,Not Applicable,TRUE,1,Public Road,1,"Trafficway, On Road",CT0009300,New Haven PD,45132,03:08.0,C,Closed,00:33.0,,,,,,,
1278903,1,Complete,1278903,1278903,41.30738,-72.91923,3766105,New Haven,93,93,New Haven,5/24/2025,2025,5,May,24,7,Saturday,0:46:00,0,25020500,A,2,,Motor Vehicle In Motion,"Injury of any type (Serious, Minor, Possible)",C,Possible Injury (C),0,0,4,Local,1.75,264,GRAND AV,GRAND AV,OLIVE ST,,,,,41.30738,-72.91923,14,Motor Vehicle in Operation,3,Angle,1,On Roadway,1,Clear,88,Not Applicable,4,Dark-Lighted,1,Dry,0,None,88,Not Applicable,88,Not Applicable,0,None,88,Not Applicable,88,Not Applicable,2,Intersection,2,Four-Way Intersection,1,No,1,No,88,Not Applicable,88,Not Applicable,88,Not Applicable,88,Not Applicable,TRUE,1,Public Road,1,"Trafficway, On Road",CT0009300,New Haven PD,46174,10:26.0,C,Closed,01:49.0,,,,,,,
1278905,1,Complete,1278905,1278905,41.308379,-72.913126,3766107,New Haven,93,93,New Haven,6/2/2025,2025,6,June,2,2,Monday,16:13:00,16,25021753,A,3,,Motor Vehicle In Motion,"Injury of any type (Serious, Minor, Possible)",C,Possible Injury (C),0,0,4,Local,1.43,264,GRAND AV,GRAND AV,,Hamilton St,170,Feet,W,41.308379,-72.913126,14,Motor Vehicle in Operation,1,Front to rear,1,On Roadway,1,Clear,88,Not Applicable,1,Daylight,1,Dry,0,None,88,Not Applicable,88,Not Applicable,0,None,88,Not Applicable,88,Not Applicable,1,Non-Junction,1,Not at Intersection,3,"Yes, School Bus Indirectly Involved",1,No,88,Not Applicable,88,Not Applicable,88,Not Applicable,88,Not Applicable,FALSE,1,Public Road,1,"Trafficway, On Road",CT0009300,New Haven PD,44060,45:46.0,C,Closed,01:49.0,,,,,,,
1278913,1,Complete,1278913,1278913,41.3049927,-72.93016501,3766115,New Haven,93,93,New Haven,6/3/2025,2025,6,June,3,3,Tuesday,14:24:00,14,25021965,A,2,,Motor Vehicle In Motion,"Injury of any type (Serious, Minor, Possible)",C,Possible Injury (C),0,0,4,Local,1.12,248,GEORGE ST,GEORGE ST,,COLLEGE ST,35,Feet,E,41.3049927,-72.93016501,14,Motor Vehicle in Operation,1,Front to rear,1,On Roadway,1,Clear,88,Not Applicable,1,Daylight,1,Dry,0,None,88,Not Applicable,88,Not Applicable,0,None,88,Not Applicable,88,Not Applicable,1,Non-Junction,1,Not at Intersection,1,No,1,No,88,Not Applicable,88,Not Applicable,88,Not Applicable,88,Not Applicable,TRUE,1,Public Road,1,"Trafficway, On Road",CT0009300,New Haven PD,46625,27:58.0,C,Closed,01:58.0,,,,,,,
1279184,1,Complete,1279184,1279184,41.307254,-72.92841,3766386,New Haven,93,93,New Haven,5/19/2025,2025,5,May,19,2,Monday,9:27:00,9,25019628,A,1,,Motor Vehicle In Motion,"Injury of any type (Serious, Minor, Possible)",B,Suspected Minor Injury (B),1,0,4,Local,1.9,97,CHAPEL ST,CHAPEL ST,,COLLEGE ST,40,Feet,E,41.307254,-72.92841,14,Motor Vehicle in Operation,4,"Sideswipe, same direction",1,On Roadway,1,Clear,88,Not Applicable,1,Daylight,1,Dry,0,None,88,Not Applicable,88,Not Applicable,0,None,88,Not Applicable,88,Not Applicable,1,Non-Junction,1,Not at Intersection,1,No,1,No,88,Not Applicable,88,Not Applicable,88,Not Applicable,88,Not Applicable,FALSE,1,Public Road,1,"Trafficway, On Road",CT0009300,New Haven PD,33160,18:23.0,C,Closed,00:25.0,,,,,,,
1279185,1,Complete,1279185,1279185,41.320864,-72.874178,3766387,New Haven,93,93,New Haven,5/29/2025,2025,5,May,29,5,Thursday,16:54:00,16,25021199,A,2,,Motor Vehicle In Motion,"Injury of any type (Serious, Minor, Possible)",C,Possible Injury (C),0,0,3,State,0.43,80,80-E,80-E,QUINNIPIAC AVE,,,,,41.320864,-72.874178,14,Motor Vehicle in Operation,3,Angle,1,On Roadway,1,Clear,88,Not Applicable,1,Daylight,1,Dry,0,None,88,Not Applicable,88,Not Applicable,0,None,88,Not Applicable,88,Not Applicable,2,Intersection,2,Four-Way Intersection,1,No,1,No,88,Not Applicable,88,Not Applicable,88,Not Applicable,88,Not Applicable,FALSE,1,Public Road,1,"Trafficway, On Road",CT0009300,New Haven PD,46615,19:11.0,C,Closed,00:24.0,,,,,,,
1279189,1,Complete,1279189,1279189,41.291685,-72.934317,3766391,New Haven,93,93,New Haven,6/3/2025,2025,6,June,3,3,Tuesday,14:00:00,14,25021950,A,2,,Parked Vehicle,"Injury of any type (Serious, Minor, Possible)",C,Possible Injury (C),0,1,4,Local,0.35,148,DEWITT ST,DEWITT ST,,LAMBERTON STREET,200,Feet,N,41.291685,-72.934317,14,Motor Vehicle in Operation,4,"Sideswipe, same direction",1,On Roadway,1,Clear,88,Not Applicable,1,Daylight,1,Dry,97,Other,88,Not Applicable,88,Not Applicable,0,None,88,Not Applicable,88,Not Applicable,1,Non-Junction,1,Not at Intersection,1,No,1,No,88,Not Applicable,88,Not Applicable,88,Not Applicable,88,Not Applicable,TRUE,1,Public Road,1,"Trafficway, On Road",CT0009300,New Haven PD,47739,50:56.0,C,Closed,00:25.0,,,,,,,
1279498,1,Complete,1279498,1279498,41.29779765,-72.93444628,3766701,New Haven,93,93,New Haven,6/4/2025,2025,6,June,4,4,Wednesday,13:35:00,13,25022107,A,1,,Pedestrian,"Injury of any type (Serious, Minor, Possible)",C,Possible Injury (C),1,0,2,USRoute,47.39,1,1-N,1-N,,HOWARD AVE,10,Feet,W,41.29779765,-72.93444628,9,Pedestrian,88,Not Applicable,1,On Roadway,1,Clear,88,Not Applicable,1,Daylight,1,Dry,0,None,88,Not Applicable,88,Not Applicable,0,None,88,Not Applicable,88,Not Applicable,3,Intersection-Related,2,Four-Way Intersection,1,No,1,No,88,Not Applicable,88,Not Applicable,88,Not Applicable,88,Not Applicable,FALSE,1,Public Road,1,"Trafficway, On Road",CT0009300,New Haven PD,40800,52:31.0,C,Closed,01:56.0,,,,,,,