CrashId,Fatal Case Status,Fatal Case Status Text Format,CrashId,CrashId,Latitude,Longitude,DOT Case Number,Town Name,Town Number,Town Number,Town Number Text Format,Date Of Crash,Year,Month,Month Text Format,Day,Day of the Week,Day of the Week Text Format,Time of Crash,Hour of the Day,Case Identifier,Crash Severity,Number Of Motor Vehicles,Motor vehicle action,Most harmful event,Crash Severity Text Format,Most Severe Injury,Most Severe Injury Text Format,Number Of Non-Motorist,Number Of Witnesses,Route Class,Route Class Text Format,Milemarker,Road Number,Road Description,Roadway Name,Intersecting Roadway Name,Landmark Description,Distance From Nearest Landmark,Unit Of Measure From Nearest Landmark,Direction From Nearest Landmark,Latitude,Longitude,First Harmful Event,First Harmful Event Text Format,Manner of Crash / Collision Impact,Manner of Crash / Collision Impact Text Format,Location of First Harmful Event,Location of First Harmful Event Text Format,Weather Condition,Weather Condition Text Format,Weather 2,Weather 2 Text Format,Light Condition,Light Condition Text Format,Road Surface Condition,Road Surface Condition Text Format,"Contributing Circumstances, Environment","Contributing Circumstances, Environment Text Format",Environment 2,Environment 2 Text Format,Environment 3,Environment 3 Text Format,"Contributing Circumstances, Road","Contributing Circumstances, Road Text Format",Road 2,Road 2 Text Format,Road 3,Road 3 Text Format,Crash Specific Location,Crash Specific Location Text Format,Type of Intersection,Type of Intersection Text Format,School Bus Related,School Bus Related Text Format,Work Zone Related,Work Zone Related Text Format,Location Of Crash Relative To Work Zone,Location Of Crash Relative To Work Zone Text Format,Type of Work Zone,Type of Work Zone Text Format,Worker Presence,Worker Presence Text Format,Law Enforcement Presence,Law Enforcement Presence Text Format,Were Vehicles Moved Prior To Police Arrival,Trafficway Ownership,Trafficway Ownership Text Format,Trafficway Class,Trafficway Class Text Format,Police Agency,Police Agency Text Format,Badge Number,Approval Date,Police Case Status,Police Case Status Text Format,Crash Report Submission Date,Related Case Identifiers,No. of Through Lanes (Log Dir.),Average Daily Traffic,Functional Classification,Functional Classification Text Format,Rural or Urban,Rural or Urban Text Format
1279503,1,Complete,1279503,1279503,41.300721,-72.937619,3766706,New Haven,93,93,New Haven,6/5/2025,2025,6,June,5,5,Thursday,16:33:00,16,25022317,A,1,,Motor Vehicle In Motion,"Injury of any type (Serious, Minor, Possible)",B,Suspected Minor Injury (B),1,0,4,Local,0.57,123,CONGRESS AV,CONGRESS AV,WARD ST,,,,,41.300721,-72.937619,14,Motor Vehicle in Operation,3,Angle,1,On Roadway,1,Clear,88,Not Applicable,1,Daylight,1,Dry,0,None,88,Not Applicable,88,Not Applicable,0,None,88,Not Applicable,88,Not Applicable,2,Intersection,2,Four-Way Intersection,1,No,1,No,88,Not Applicable,88,Not Applicable,88,Not Applicable,88,Not Applicable,TRUE,1,Public Road,1,"Trafficway, On Road",CT0009300,New Haven PD,45394,57:33.0,O,Open,01:58.0,,,,,,,
1281684,1,Complete,1281684,1281684,41.31561,-72.940176,3768887,New Haven,93,93,New Haven,5/24/2025,2025,5,May,24,7,Saturday,23:24:00,23,25020397,A,2,,Motor Vehicle In Motion,"Injury of any type (Serious, Minor, Possible)",B,Suspected Minor Injury (B),0,0,,,,,,226 WHALLEY AVE,,Orchard St,240,Feet,W,41.31561,-72.940176,14,Motor Vehicle in Operation,1,Front to rear,97,Other,4,Rain,88,Not Applicable,4,Dark-Lighted,2,Wet,0,None,88,Not Applicable,88,Not Applicable,0,None,88,Not Applicable,88,Not Applicable,97,Other,1,Not at Intersection,1,No,1,No,88,Not Applicable,88,Not Applicable,88,Not Applicable,88,Not Applicable,FALSE,88,Not Applicable,4,Parking Lot,CT0009300,New Haven PD,39,34:51.0,C,Closed,53:00.0,,,,,,,
1281689,1,Complete,1281689,1281689,41.305936,-72.946877,3768892,New Haven,93,93,New Haven,6/2/2025,2025,6,June,2,2,Monday,12:59:00,12,25021728,A,2,,Motor Vehicle In Motion,"Injury of any type (Serious, Minor, Possible)",B,Suspected Minor Injury (B),0,0,4,Local,0.29,360,LEGION AV,LEGION AV,SHERMAN AVE,,,,,41.305936,-72.946877,14,Motor Vehicle in Operation,3,Angle,1,On Roadway,1,Clear,88,Not Applicable,1,Daylight,1,Dry,0,None,88,Not Applicable,88,Not Applicable,0,None,88,Not Applicable,88,Not Applicable,2,Intersection,2,Four-Way Intersection,1,No,1,No,88,Not Applicable,88,Not Applicable,88,Not Applicable,88,Not Applicable,TRUE,1,Public Road,1,"Trafficway, On Road",CT0009300,New Haven PD,301,47:05.0,C,Closed,52:39.0,,,,,,,
1281693,1,Complete,1281693,1281693,41.30453549,-72.93680933,3768896,New Haven,93,93,New Haven,6/8/2025,2025,6,June,8,1,Sunday,21:37:00,21,25022168,A,2,,Parked Vehicle,"Injury of any type (Serious, Minor, Possible)",C,Possible Injury (C),0,0,4,Local,0.55,463,PARK ST,PARK ST,,SOUTH ST ,20,Feet,S,41.30453549,-72.93680933,14,Motor Vehicle in Operation,1,Front to rear,7,In Parking Lane or Zone,1,Clear,88,Not Applicable,4,Dark-Lighted,1,Dry,0,None,88,Not Applicable,88,Not Applicable,0,None,88,Not Applicable,88,Not Applicable,1,Non-Junction,1,Not at Intersection,1,No,1,No,88,Not Applicable,88,Not Applicable,88,Not Applicable,88,Not Applicable,FALSE,1,Public Road,1,"Trafficway, On Road",CT0009300,New Haven PD,45395,01:50.0,C,Closed,53:27.0,,,,,,,
1281697,1,Complete,1281697,1281697,41.332526,-72.939269,3768900,New Haven,93,93,New Haven,6/5/2025,2025,6,June,5,5,Thursday,19:05:00,19,25022305,A,2,,Motor Vehicle In Motion,"Injury of any type (Serious, Minor, Possible)",A,Suspected Serious Injury (A),0,0,4,Local,0.07,230,FOURNIER ST NO 1,FOURNIER ST NO 1,,BASSETT ST,55,Feet,S,41.332526,-72.939269,14,Motor Vehicle in Operation,1,Front to rear,1,On Roadway,1,Clear,88,Not Applicable,1,Daylight,1,Dry,0,None,88,Not Applicable,88,Not Applicable,0,None,88,Not Applicable,88,Not Applicable,3,Intersection-Related,4,Y-Intersection,1,No,1,No,88,Not Applicable,88,Not Applicable,88,Not Applicable,88,Not Applicable,FALSE,1,Public Road,1,"Trafficway, On Road",CT0009300,New Haven PD,44053,50:25.0,C,Closed,52:42.0,,,,,,,
1281700,1,Complete,1281700,1281700,41.314419,-72.911694,3768903,New Haven,93,93,New Haven,6/5/2025,2025,6,June,5,5,Thursday,17:42:00,17,25022347,A,2,,Motor Vehicle In Motion,"Injury of any type (Serious, Minor, Possible)",C,Possible Injury (C),0,0,4,Local,0.44,575,STATE ST,STATE ST,,HUMPREY ST,115,Feet,N,41.314419,-72.911694,14,Motor Vehicle in Operation,1,Front to rear,1,On Roadway,1,Clear,88,Not Applicable,1,Daylight,1,Dry,0,None,88,Not Applicable,88,Not Applicable,0,None,88,Not Applicable,88,Not Applicable,9,Driveway Access-Related,1,Not at Intersection,1,No,1,No,88,Not Applicable,88,Not Applicable,88,Not Applicable,88,Not Applicable,FALSE,1,Public Road,1,"Trafficway, On Road",CT0009300,New Haven PD,45399,49:52.0,C,Closed,52:38.0,,,,,,,
1281703,1,Complete,1281703,1281703,41.319385,-72.895536,3768906,New Haven,93,93,New Haven,6/5/2025,2025,6,June,5,5,Thursday,22:13:00,22,25022405,A,3,,Parked Vehicle,"Injury of any type (Serious, Minor, Possible)",B,Suspected Minor Injury (B),0,0,4,Local,0.63,411,MIDDLETOWN AV,MIDDLETOWN AV,,EXIT 7 (91-S-15),200,Feet,E,41.319385,-72.895536,14,Motor Vehicle in Operation,1,Front to rear,2,Shoulder,1,Clear,88,Not Applicable,4,Dark-Lighted,1,Dry,0,None,88,Not Applicable,88,Not Applicable,0,None,88,Not Applicable,88,Not Applicable,1,Non-Junction,1,Not at Intersection,1,No,1,No,88,Not Applicable,88,Not Applicable,88,Not Applicable,88,Not Applicable,FALSE,1,Public Road,1,"Trafficway, On Road",CT0009300,New Haven PD,46898,30:46.0,C,Closed,52:42.0,,,,,,,
1281704,1,Complete,1281704,1281704,41.329932,-72.868424,3768907,New Haven,93,93,New Haven,6/5/2025,2025,6,June,5,5,Thursday,21:56:00,21,25022414,A,2,,Motor Vehicle In Motion,"Injury of any type (Serious, Minor, Possible)",C,Possible Injury (C),0,0,3,State,0.69,103,103-N,103-N,FIORE ST,,,,,41.329932,-72.868424,14,Motor Vehicle in Operation,1,Front to rear,1,On Roadway,1,Clear,88,Not Applicable,4,Dark-Lighted,1,Dry,0,None,88,Not Applicable,88,Not Applicable,0,None,88,Not Applicable,88,Not Applicable,2,Intersection,3,T-Intersection,1,No,1,No,88,Not Applicable,88,Not Applicable,88,Not Applicable,88,Not Applicable,TRUE,1,Public Road,1,"Trafficway, On Road",CT0009300,New Haven PD,45626,44:44.0,C,Closed,52:39.0,,,,,,,
1281705,1,Complete,1281705,1281705,41.303537,-72.910436,3768908,New Haven,93,93,New Haven,6/6/2025,2025,6,June,6,6,Friday,4:29:00,4,25022425,A,2,,Motor Vehicle In Motion,"Injury of any type (Serious, Minor, Possible)",B,Suspected Minor Injury (B),0,0,4,Local,0.93,97,CHAPEL ST,CHAPEL ST,EAST ST,,,,,41.303537,-72.910436,14,Motor Vehicle in Operation,3,Angle,1,On Roadway,1,Clear,88,Not Applicable,4,Dark-Lighted,1,Dry,0,None,88,Not Applicable,88,Not Applicable,0,None,88,Not Applicable,88,Not Applicable,2,Intersection,2,Four-Way Intersection,1,No,1,No,88,Not Applicable,88,Not Applicable,88,Not Applicable,88,Not Applicable,FALSE,1,Public Road,1,"Trafficway, On Road",CT0009300,New Haven PD,46898,46:19.0,C,Closed,53:28.0,,,,,,,
1281707,1,Complete,1281707,1281707,41.30618,-72.88113,3768910,New Haven,93,93,New Haven,6/6/2025,2025,6,June,6,6,Friday,12:57:00,12,25022488,A,2,,Motor Vehicle In Motion,"Injury of any type (Serious, Minor, Possible)",C,Possible Injury (C),0,0,4,Local,0.13,584,SUMMIT ST,SUMMIT ST,EAST GRAND AV,,,,,41.30618,-72.88113,14,Motor Vehicle in Operation,3,Angle,1,On Roadway,1,Clear,88,Not Applicable,1,Daylight,1,Dry,0,None,88,Not Applicable,88,Not Applicable,0,None,88,Not Applicable,88,Not Applicable,2,Intersection,2,Four-Way Intersection,1,No,1,No,88,Not Applicable,88,Not Applicable,88,Not Applicable,88,Not Applicable,FALSE,1,Public Road,1,"Trafficway, On Road",CT0009300,New Haven PD,42049,42:27.0,C,Closed,52:50.0,,,,,,,
1281712,1,Complete,1281712,1281712,41.334888,-72.935224,3768915,New Haven,93,93,New Haven,6/6/2025,2025,6,June,6,6,Friday,15:48:00,15,25022503,A,1,,Pedestrian,"Injury of any type (Serious, Minor, Possible)",B,Suspected Minor Injury (B),1,0,4,Local,1.55,152,DIXWELL AV,DIXWELL AV,ELIZABETH ST,,,,,41.334888,-72.935224,9,Pedestrian,88,Not Applicable,1,On Roadway,1,Clear,88,Not Applicable,1,Daylight,1,Dry,0,None,88,Not Applicable,88,Not Applicable,0,None,88,Not Applicable,88,Not Applicable,2,Intersection,3,T-Intersection,1,No,1,No,88,Not Applicable,88,Not Applicable,88,Not Applicable,88,Not Applicable,FALSE,1,Public Road,1,"Trafficway, On Road",CT0009300,New Haven PD,991,39:44.0,C,Closed,52:41.0,,,,,,,
1281717,1,Complete,1281717,1281717,41.327908,-72.959768,3768920,New Haven,93,93,New Haven,6/6/2025,2025,6,June,6,6,Friday,19:23:00,19,25022534,A,2,,Motor Vehicle In Motion,"Injury of any type (Serious, Minor, Possible)",C,Possible Injury (C),0,0,4,Local,1.23,612,VALLEY ST NO 1,VALLEY ST NO 1,BLAKE ST,,,,,41.327908,-72.959768,14,Motor Vehicle in Operation,3,Angle,1,On Roadway,1,Clear,88,Not Applicable,1,Daylight,1,Dry,0,None,88,Not Applicable,88,Not Applicable,0,None,88,Not Applicable,88,Not Applicable,2,Intersection,3,T-Intersection,1,No,1,No,88,Not Applicable,88,Not Applicable,88,Not Applicable,88,Not Applicable,TRUE,1,Public Road,1,"Trafficway, On Road",CT0009300,New Haven PD,7573,08:47.0,C,Closed,52:43.0,,,,,,,
1281718,1,Complete,1281718,1281718,41.320845,-72.874112,3768921,New Haven,93,93,New Haven,6/6/2025,2025,6,June,6,6,Friday,22:50:00,22,25022560,A,2,,Motor Vehicle In Motion,"Injury of any type (Serious, Minor, Possible)",C,Possible Injury (C),0,0,4,Local,2.22,498,QUINNIPIAC AV,QUINNIPIAC AV,FOXON BLVD,,,,,41.320845,-72.874112,14,Motor Vehicle in Operation,3,Angle,1,On Roadway,1,Clear,88,Not Applicable,4,Dark-Lighted,1,Dry,0,None,88,Not Applicable,88,Not Applicable,0,None,88,Not Applicable,88,Not Applicable,2,Intersection,2,Four-Way Intersection,1,No,1,No,88,Not Applicable,88,Not Applicable,88,Not Applicable,88,Not Applicable,FALSE,1,Public Road,1,"Trafficway, On Road",CT0009300,New Haven PD,40085,58:42.0,C,Closed,52:54.0,,,,,,,
1281720,1,Complete,1281720,1281720,41.317561,-72.933543,925095,New Haven,93,93,New Haven,6/7/2025,2025,6,June,7,7,Saturday,3:43:00,3,25022581,K,1,Straight Ahead,Other Non-motorist,Fatal (Kill),K,Fatal Injury (K),1,1,4,Local,0.34,152,DIXWELL AV,DIXWELL AV,,FOOTE ST,100,Feet,S,41.317561,-72.933543,11,Other Non-motorist,88,Not Applicable,1,On Roadway,1,Clear,88,Not Applicable,4,Dark-Lighted,1,Dry,0,None,88,Not Applicable,88,Not Applicable,0,None,88,Not Applicable,88,Not Applicable,1,Non-Junction,1,Not at Intersection,1,No,1,No,88,Not Applicable,88,Not Applicable,88,Not Applicable,88,Not Applicable,FALSE,1,Public Road,1,"Trafficway, On Road",CT0009300,New Haven PD,42365,49:59.0,C,Closed,52:44.0,,,,,,,
1281721,1,Complete,1281721,1281721,41.305136,-72.926472,3768924,New Haven,93,93,New Haven,6/7/2025,2025,6,June,7,7,Saturday,2:12:00,2,25022583,A,1,,Pedestrian,"Injury of any type (Serious, Minor, Possible)",B,Suspected Minor Injury (B),1,0,4,Local,0.23,103,CHURCH ST,CHURCH ST,,Center St,75,Feet,S,41.305136,-72.926472,9,Pedestrian,88,Not Applicable,1,On Roadway,1,Clear,88,Not Applicable,4,Dark-Lighted,1,Dry,0,None,88,Not Applicable,88,Not Applicable,0,None,88,Not Applicable,88,Not Applicable,1,Non-Junction,1,Not at Intersection,1,No,1,No,88,Not Applicable,88,Not Applicable,88,Not Applicable,88,Not Applicable,TRUE,1,Public Road,1,"Trafficway, On Road",CT0009300,New Haven PD,44047,50:30.0,O,Open,53:27.0,,,,,,,
1281724,1,Complete,1281724,1281724,41.326531,-72.962082,3768927,New Haven,93,93,New Haven,6/7/2025,2025,6,June,7,7,Saturday,11:52:00,11,25022628,A,2,,Motor Vehicle In Motion,"Injury of any type (Serious, Minor, Possible)",C,Possible Injury (C),0,0,3,State,6.53,243,243-E,243-E,PHILIP ST,,,,,41.326531,-72.962082,14,Motor Vehicle in Operation,3,Angle,1,On Roadway,1,Clear,88,Not Applicable,1,Daylight,1,Dry,0,None,88,Not Applicable,88,Not Applicable,1,Backup Due to Prior Crash,88,Not Applicable,88,Not Applicable,2,Intersection,3,T-Intersection,1,No,1,No,88,Not Applicable,88,Not Applicable,88,Not Applicable,88,Not Applicable,FALSE,1,Public Road,1,"Trafficway, On Road",CT0009300,New Haven PD,45983,18:48.0,C,Closed,52:45.0,,,,,,,
1281725,1,Complete,1281725,1281725,41.303542,-72.91045,3768928,New Haven,93,93,New Haven,6/7/2025,2025,6,June,7,7,Saturday,12:07:00,12,25022629,A,2,,Motor Vehicle In Motion,"Injury of any type (Serious, Minor, Possible)",C,Possible Injury (C),0,1,4,Local,0.93,97,CHAPEL ST,CHAPEL ST,EAST ST,,,,,41.303542,-72.91045,14,Motor Vehicle in Operation,2,Front to front,1,On Roadway,2,Cloudy,88,Not Applicable,1,Daylight,1,Dry,0,None,88,Not Applicable,88,Not Applicable,0,None,88,Not Applicable,88,Not Applicable,2,Intersection,2,Four-Way Intersection,1,No,1,No,88,Not Applicable,88,Not Applicable,88,Not Applicable,88,Not Applicable,FALSE,1,Public Road,1,"Trafficway, On Road",CT0009300,New Haven PD,180,42:17.0,C,Closed,52:47.0,25022629,,,,,,
1281729,1,Complete,1281729,1281729,41.304959,-72.937199,3768932,New Haven,93,93,New Haven,6/7/2025,2025,6,June,7,7,Saturday,17:37:00,17,25022676,A,2,,Motor Vehicle In Motion,"Injury of any type (Serious, Minor, Possible)",C,Possible Injury (C),0,0,4,Local,0.08,308,HOWARD AV,HOWARD AV,SYLVAN AV,,,,,41.304959,-72.937199,14,Motor Vehicle in Operation,1,Front to rear,1,On Roadway,4,Rain,88,Not Applicable,1,Daylight,2,Wet,0,None,88,Not Applicable,88,Not Applicable,0,None,88,Not Applicable,88,Not Applicable,2,Intersection,3,T-Intersection,1,No,1,No,88,Not Applicable,88,Not Applicable,88,Not Applicable,88,Not Applicable,FALSE,1,Public Road,1,"Trafficway, On Road",CT0009300,New Haven PD,46613,23:09.0,C,Closed,52:49.0,,,,,,,
1281730,1,Complete,1281730,1281730,41.308562,-72.923974,3768933,New Haven,93,93,New Haven,6/7/2025,2025,6,June,7,7,Saturday,18:40:00,18,25022688,A,2,,Motor Vehicle In Motion,"Injury of any type (Serious, Minor, Possible)",C,Possible Injury (C),0,0,4,Local,0.5,103,CHURCH ST,CHURCH ST,,ELM ST,100,Feet,N,41.308562,-72.923974,14,Motor Vehicle in Operation,3,Angle,1,On Roadway,2,Cloudy,88,Not Applicable,1,Daylight,2,Wet,0,None,88,Not Applicable,88,Not Applicable,0,None,88,Not Applicable,88,Not Applicable,1,Non-Junction,1,Not at Intersection,1,No,1,No,88,Not Applicable,88,Not Applicable,88,Not Applicable,88,Not Applicable,TRUE,1,Public Road,1,"Trafficway, On Road",CT0009300,New Haven PD,40801,45:51.0,C,Closed,52:48.0,,,,,,,
1281732,1,Complete,1281732,1281732,41.308774,-72.899078,3768935,New Haven,93,93,New Haven,6/8/2025,2025,6,June,8,1,Sunday,2:19:00,2,25022715,A,2,,Motor Vehicle In Motion,"Injury of any type (Serious, Minor, Possible)",C,Possible Injury (C),0,0,4,Local,0.7,264,GRAND AV,GRAND AV,,BLATCHLEY AVE,50,Feet,E,41.308774,-72.899078,14,Motor Vehicle in Operation,1,Front to rear,1,On Roadway,1,Clear,88,Not Applicable,4,Dark-Lighted,1,Dry,0,None,88,Not Applicable,88,Not Applicable,0,None,88,Not Applicable,88,Not Applicable,3,Intersection-Related,2,Four-Way Intersection,1,No,1,No,88,Not Applicable,88,Not Applicable,88,Not Applicable,88,Not Applicable,FALSE,1,Public Road,1,"Trafficway, On Road",CT0009300,New Haven PD,40814,23:23.0,C,Closed,52:49.0,,,,,,,
1281733,1,Complete,1281733,1281733,41.296628,-72.892819,3768936,New Haven,93,93,New Haven,6/8/2025,2025,6,June,8,1,Sunday,5:15:00,5,25022718,A,2,,Motor Vehicle In Motion,"Injury of any type (Serious, Minor, Possible)",B,Suspected Minor Injury (B),0,0,4,Local,0.16,210,FARREN AV,FARREN AV,,FULTON ST ,115,Feet,S,41.296628,-72.892819,14,Motor Vehicle in Operation,2,Front to front,1,On Roadway,1,Clear,88,Not Applicable,4,Dark-Lighted,1,Dry,99,Unknown,88,Not Applicable,88,Not Applicable,99,Unknown,88,Not Applicable,88,Not Applicable,1,Non-Junction,1,Not at Intersection,1,No,1,No,88,Not Applicable,88,Not Applicable,88,Not Applicable,88,Not Applicable,FALSE,1,Public Road,1,"Trafficway, On Road",CT0009300,New Haven PD,46901,48:41.0,C,Closed,53:15.0,,,,,,,
1281742,1,Complete,1281742,1281742,41.300834,-72.910884,3768945,New Haven,93,93,New Haven,6/8/2025,2025,6,June,8,1,Sunday,21:37:00,21,25022807,A,2,,Motor Vehicle In Motion,"Injury of any type (Serious, Minor, Possible)",B,Suspected Minor Injury (B),0,2,2,USRoute,48.96,1,1-N,1-N,EAST ST,,,,,41.300834,-72.910884,14,Motor Vehicle in Operation,3,Angle,1,On Roadway,1,Clear,88,Not Applicable,5,Dark-Not Lighted,1,Dry,0,None,88,Not Applicable,88,Not Applicable,0,None,88,Not Applicable,88,Not Applicable,2,Intersection,2,Four-Way Intersection,1,No,1,No,88,Not Applicable,88,Not Applicable,88,Not Applicable,88,Not Applicable,FALSE,1,Public Road,1,"Trafficway, On Road",CT0009300,New Haven PD,45389,47:03.0,C,Closed,52:52.0,,,,,,,
1281755,1,Complete,1281755,1281755,41.307076,-72.928125,3768958,New Haven,93,93,New Haven,6/9/2025,2025,6,June,9,2,Monday,17:13:00,17,25022949,A,2,,Motor Vehicle In Motion,"Injury of any type (Serious, Minor, Possible)",C,Possible Injury (C),0,0,4,Local,1.91,97,CHAPEL ST,CHAPEL ST,,COLLEGE ST,150,Feet,E,41.307076,-72.928125,14,Motor Vehicle in Operation,1,Front to rear,1,On Roadway,4,Rain,88,Not Applicable,1,Daylight,2,Wet,0,None,88,Not Applicable,88,Not Applicable,0,None,88,Not Applicable,88,Not Applicable,1,Non-Junction,1,Not at Intersection,1,No,1,No,88,Not Applicable,88,Not Applicable,88,Not Applicable,88,Not Applicable,TRUE,1,Public Road,1,"Trafficway, On Road",CT0009300,New Haven PD,42042,45:28.0,O,Open,52:57.0,,,,,,,
1281765,1,Complete,1281765,1281765,41.303906,-72.900237,3768968,New Haven,93,93,New Haven,6/10/2025,2025,6,June,10,3,Tuesday,12:58:00,12,25023048,A,2,,Motor Vehicle In Motion,"Injury of any type (Serious, Minor, Possible)",C,Possible Injury (C),0,0,4,Local,0.4,97,CHAPEL ST,CHAPEL ST,LLOYD ST,,,,,41.303906,-72.900237,14,Motor Vehicle in Operation,3,Angle,1,On Roadway,4,Rain,88,Not Applicable,1,Daylight,2,Wet,0,None,88,Not Applicable,88,Not Applicable,0,None,88,Not Applicable,88,Not Applicable,2,Intersection,2,Four-Way Intersection,1,No,1,No,88,Not Applicable,88,Not Applicable,88,Not Applicable,88,Not Applicable,TRUE,1,Public Road,1,"Trafficway, On Road",CT0009300,New Haven PD,45132,21:52.0,C,Closed,53:03.0,,,,,,,
1281767,1,Complete,1281767,1281767,41.303824,-72.927441,3768970,New Haven,93,93,New Haven,6/10/2025,2025,6,June,10,3,Tuesday,13:24:00,13,25023053,A,2,,Motor Vehicle In Motion,"Injury of any type (Serious, Minor, Possible)",C,Possible Injury (C),0,0,4,Local,0.13,103,CHURCH ST,CHURCH ST,GEORGE ST,,,,,41.303824,-72.927441,14,Motor Vehicle in Operation,4,"Sideswipe, same direction",1,On Roadway,4,Rain,88,Not Applicable,1,Daylight,2,Wet,0,None,88,Not Applicable,88,Not Applicable,0,None,88,Not Applicable,88,Not Applicable,2,Intersection,2,Four-Way Intersection,1,No,1,No,88,Not Applicable,88,Not Applicable,88,Not Applicable,88,Not Applicable,FALSE,1,Public Road,1,"Trafficway, On Road",CT0009300,New Haven PD,106,42:32.0,C,Closed,53:07.0,,,,,,,
1281775,1,Complete,1281775,1281775,41.317375,-72.901704,3768978,New Haven,93,93,New Haven,6/10/2025,2025,6,June,10,3,Tuesday,17:56:00,17,25023106,A,2,,Motor Vehicle In Motion,"Injury of any type (Serious, Minor, Possible)",C,Possible Injury (C),0,0,2,USRoute,0.15,5,5-N,5-N,,BLATCHLEY AVE,70,Feet,W,41.317375,-72.901704,14,Motor Vehicle in Operation,1,Front to rear,1,On Roadway,1,Clear,88,Not Applicable,1,Daylight,1,Dry,0,None,88,Not Applicable,88,Not Applicable,0,None,88,Not Applicable,88,Not Applicable,3,Intersection-Related,2,Four-Way Intersection,1,No,1,No,88,Not Applicable,88,Not Applicable,88,Not Applicable,88,Not Applicable,FALSE,1,Public Road,1,"Trafficway, On Road",CT0009300,New Haven PD,44060,13:01.0,C,Closed,53:05.0,,,,,,,
1281825,1,Complete,1281825,1281825,41.2987723,-72.9290029,3769028,New Haven,93,93,New Haven,6/12/2025,2025,6,June,12,5,Thursday,16:13:00,16,25023464,A,1,,Pedalcycle/Pedalcyclist,"Injury of any type (Serious, Minor, Possible)",C,Possible Injury (C),1,1,4,Local,0.01,104,CHURCH ST SOUTH NO 1,CHURCH ST SOUTH NO 1,COLUMBUS AVE,,,,,41.2987723,-72.9290029,10,Pedalcycle/Pedalcyclist,99,Unknown,1,On Roadway,1,Clear,88,Not Applicable,1,Daylight,1,Dry,0,None,88,Not Applicable,88,Not Applicable,0,None,88,Not Applicable,88,Not Applicable,2,Intersection,2,Four-Way Intersection,1,No,1,No,88,Not Applicable,88,Not Applicable,88,Not Applicable,88,Not Applicable,TRUE,1,Public Road,1,"Trafficway, On Road",CT0009300,New Haven PD,48044,16:19.0,C,Closed,53:22.0,,,,,,,
1281826,1,Complete,1281826,1281826,41.320223,-72.906039,3769029,New Haven,93,93,New Haven,6/12/2025,2025,6,June,12,5,Thursday,16:35:00,16,25023478,A,2,,Motor Vehicle In Motion,"Injury of any type (Serious, Minor, Possible)",C,Possible Injury (C),0,0,4,Local,0.03,418,MITCHELL DR,MITCHELL DR,,WILLOW ST,100,Feet,N,41.320223,-72.906039,14,Motor Vehicle in Operation,1,Front to rear,1,On Roadway,1,Clear,88,Not Applicable,1,Daylight,1,Dry,0,None,88,Not Applicable,88,Not Applicable,0,None,88,Not Applicable,88,Not Applicable,1,Non-Junction,1,Not at Intersection,1,No,1,No,88,Not Applicable,88,Not Applicable,88,Not Applicable,88,Not Applicable,FALSE,1,Public Road,1,"Trafficway, On Road",CT0009300,New Haven PD,45399,10:55.0,C,Closed,53:21.0,,,,,,,
1281827,1,Complete,1281827,1281827,41.298552,-72.912004,3769030,New Haven,93,93,New Haven,6/12/2025,2025,6,June,12,5,Thursday,17:25:00,17,25023494,A,2,,Motor Vehicle In Motion,"Injury of any type (Serious, Minor, Possible)",B,Suspected Minor Injury (B),0,1,4,Local,1.14,513,LONG WHARF DR,LONG WHARF DR,,HAMILTON ST,385,Feet,E,41.298552,-72.912004,14,Motor Vehicle in Operation,3,Angle,1,On Roadway,1,Clear,88,Not Applicable,1,Daylight,1,Dry,0,None,88,Not Applicable,88,Not Applicable,0,None,88,Not Applicable,88,Not Applicable,9,Driveway Access-Related,1,Not at Intersection,1,No,1,No,88,Not Applicable,88,Not Applicable,88,Not Applicable,88,Not Applicable,FALSE,1,Public Road,1,"Trafficway, On Road",CT0009300,New Haven PD,45389,39:14.0,C,Closed,53:25.0,,,,,,,
1281830,1,Complete,1281830,1281830,41.334339,-72.947374,3769033,New Haven,93,93,New Haven,6/12/2025,2025,6,June,12,5,Thursday,21:33:00,21,25023538,A,2,,Motor Vehicle In Motion,"Injury of any type (Serious, Minor, Possible)",C,Possible Injury (C),0,0,3,State,4.45,10,10-N,10-N,PINE ROCK AVE,,,,,41.334339,-72.947374,14,Motor Vehicle in Operation,3,Angle,1,On Roadway,1,Clear,88,Not Applicable,4,Dark-Lighted,1,Dry,0,None,88,Not Applicable,88,Not Applicable,0,None,88,Not Applicable,88,Not Applicable,2,Intersection,3,T-Intersection,1,No,1,No,88,Not Applicable,88,Not Applicable,88,Not Applicable,88,Not Applicable,FALSE,1,Public Road,1,"Trafficway, On Road",CT0009300,New Haven PD,170,37:06.0,C,Closed,53:24.0,,,,,,,
1281831,1,Complete,1281831,1281831,41.284959,-72.936881,3769034,New Haven,93,93,New Haven,6/12/2025,2025,6,June,12,5,Thursday,21:58:00,21,25023539,A,2,,Motor Vehicle In Motion,"Injury of any type (Serious, Minor, Possible)",A,Suspected Serious Injury (A),0,0,3,State,1.11,745,745-E,745-E,,ELLA T GRASSO BLVD,500,Feet,S,41.284959,-72.936881,14,Motor Vehicle in Operation,3,Angle,1,On Roadway,1,Clear,88,Not Applicable,4,Dark-Lighted,1,Dry,0,None,88,Not Applicable,88,Not Applicable,0,None,88,Not Applicable,88,Not Applicable,9,Driveway Access-Related,1,Not at Intersection,1,No,1,No,88,Not Applicable,88,Not Applicable,88,Not Applicable,88,Not Applicable,TRUE,1,Public Road,1,"Trafficway, On Road",CT0009300,New Haven PD,45389,39:40.0,C,Closed,53:24.0,,,,,,,