CrashId,Fatal Case Status,Fatal Case Status Text Format,CrashId,CrashId,Latitude,Longitude,DOT Case Number,Town Name,Town Number,Town Number,Town Number Text Format,Date Of Crash,Year,Month,Month Text Format,Day,Day of the Week,Day of the Week Text Format,Time of Crash,Hour of the Day,Case Identifier,Crash Severity,Number Of Motor Vehicles,Motor vehicle action,Most harmful event,Crash Severity Text Format,Most Severe Injury,Most Severe Injury Text Format,Number Of Non-Motorist,Number Of Witnesses,Route Class,Route Class Text Format,Milemarker,Road Number,Road Description,Roadway Name,Intersecting Roadway Name,Landmark Description,Distance From Nearest Landmark,Unit Of Measure From Nearest Landmark,Direction From Nearest Landmark,Latitude,Longitude,First Harmful Event,First Harmful Event Text Format,Manner of Crash / Collision Impact,Manner of Crash / Collision Impact Text Format,Location of First Harmful Event,Location of First Harmful Event Text Format,Weather Condition,Weather Condition Text Format,Weather 2,Weather 2 Text Format,Light Condition,Light Condition Text Format,Road Surface Condition,Road Surface Condition Text Format,"Contributing Circumstances, Environment","Contributing Circumstances, Environment Text Format",Environment 2,Environment 2 Text Format,Environment 3,Environment 3 Text Format,"Contributing Circumstances, Road","Contributing Circumstances, Road Text Format",Road 2,Road 2 Text Format,Road 3,Road 3 Text Format,Crash Specific Location,Crash Specific Location Text Format,Type of Intersection,Type of Intersection Text Format,School Bus Related,School Bus Related Text Format,Work Zone Related,Work Zone Related Text Format,Location Of Crash Relative To Work Zone,Location Of Crash Relative To Work Zone Text Format,Type of Work Zone,Type of Work Zone Text Format,Worker Presence,Worker Presence Text Format,Law Enforcement Presence,Law Enforcement Presence Text Format,Were Vehicles Moved Prior To Police Arrival,Trafficway Ownership,Trafficway Ownership Text Format,Trafficway Class,Trafficway Class Text Format,Police Agency,Police Agency Text Format,Badge Number,Approval Date,Police Case Status,Police Case Status Text Format,Crash Report Submission Date,Related Case Identifiers,No. of Through Lanes (Log Dir.),Average Daily Traffic,Functional Classification,Functional Classification Text Format,Rural or Urban,Rural or Urban Text Format
1282193,1,Complete,1282193,1282193,41.30971972,-72.9207742,3769396,New Haven,93,93,New Haven,6/12/2025,2025,6,June,12,5,Thursday,1:41:00,1,25023311,A,2,,Motor Vehicle In Motion,"Injury of any type (Serious, Minor, Possible)",C,Possible Injury (C),0,0,4,Local,0.07,271,GROVE ST,GROVE ST,,ORANGE ST,20,Feet,E,41.30971972,-72.9207742,14,Motor Vehicle in Operation,1,Front to rear,1,On Roadway,1,Clear,88,Not Applicable,6,Dark-Unknown Lighting,1,Dry,0,None,88,Not Applicable,88,Not Applicable,0,None,88,Not Applicable,88,Not Applicable,3,Intersection-Related,2,Four-Way Intersection,1,No,1,No,88,Not Applicable,88,Not Applicable,88,Not Applicable,88,Not Applicable,TRUE,1,Public Road,1,"Trafficway, On Road",CT0009300,New Haven PD,44053,02:48.0,C,Closed,01:54.0,,,,,,,
1282196,1,Complete,1282196,1282196,41.287496,-72.889719,3769399,New Haven,93,93,New Haven,6/12/2025,2025,6,June,12,5,Thursday,10:57:00,10,25023434,A,1,,Pedestrian,"Injury of any type (Serious, Minor, Possible)",A,Suspected Serious Injury (A),1,0,4,Local,0.18,388,MAIN ST NO 2,MAIN ST NO 2,HUNTINGTON RD,,,,,41.287496,-72.889719,9,Pedestrian,88,Not Applicable,1,On Roadway,1,Clear,88,Not Applicable,1,Daylight,1,Dry,0,None,88,Not Applicable,88,Not Applicable,0,None,88,Not Applicable,88,Not Applicable,2,Intersection,2,Four-Way Intersection,1,No,1,No,88,Not Applicable,88,Not Applicable,88,Not Applicable,88,Not Applicable,FALSE,1,Public Road,1,"Trafficway, On Road",CT0009300,New Haven PD,156,35:00.0,C,Closed,01:43.0,,,,,,,
1282197,1,Complete,1282197,1282197,41.259477,-72.892726,3769400,New Haven,93,93,New Haven,6/14/2025,2025,6,June,14,7,Saturday,7:31:00,7,25023460,A,1,,Utility Pole,"Injury of any type (Serious, Minor, Possible)",C,Possible Injury (C),0,0,3,State,2.17,337,337-E,337-E,,KIRKHAM ST ,125,Feet,S,41.259477,-72.892726,33,Utility Pole/Light Support,88,Not Applicable,4,Roadside,2,Cloudy,88,Not Applicable,1,Daylight,1,Dry,0,None,88,Not Applicable,88,Not Applicable,0,None,88,Not Applicable,88,Not Applicable,1,Non-Junction,1,Not at Intersection,1,No,1,No,88,Not Applicable,88,Not Applicable,88,Not Applicable,88,Not Applicable,FALSE,1,Public Road,1,"Trafficway, On Road",CT0009300,New Haven PD,48045,04:10.0,O,Open,01:55.0,,,,,,,
1282202,1,Complete,1282202,1282202,41.30776945,-72.9245439,3769405,New Haven,93,93,New Haven,6/13/2025,2025,6,June,13,6,Friday,11:17:00,11,25023585,A,3,,Motor Vehicle In Motion,"Injury of any type (Serious, Minor, Possible)",C,Possible Injury (C),0,0,4,Local,0.43,103,CHURCH ST,CHURCH ST,,ELM STREET,140,Feet,S,41.30776945,-72.9245439,14,Motor Vehicle in Operation,4,"Sideswipe, same direction",1,On Roadway,1,Clear,88,Not Applicable,1,Daylight,1,Dry,0,None,88,Not Applicable,88,Not Applicable,0,None,88,Not Applicable,88,Not Applicable,1,Non-Junction,1,Not at Intersection,1,No,1,No,88,Not Applicable,88,Not Applicable,88,Not Applicable,88,Not Applicable,TRUE,1,Public Road,1,"Trafficway, On Road",CT0009300,New Haven PD,44949,11:14.0,C,Closed,01:45.0,,,,,,,
1282208,1,Complete,1282208,1282208,41.303581,-72.903969,3769411,New Haven,93,93,New Haven,6/13/2025,2025,6,June,13,6,Friday,20:08:00,20,25023651,A,2,,Motor Vehicle In Motion,"Injury of any type (Serious, Minor, Possible)",C,Possible Injury (C),0,0,4,Local,0.6,97,CHAPEL ST,CHAPEL ST,,MILL ST,30,Feet,W,41.303581,-72.903969,14,Motor Vehicle in Operation,3,Angle,1,On Roadway,1,Clear,88,Not Applicable,4,Dark-Lighted,1,Dry,0,None,88,Not Applicable,88,Not Applicable,0,None,88,Not Applicable,88,Not Applicable,1,Non-Junction,1,Not at Intersection,1,No,1,No,88,Not Applicable,88,Not Applicable,88,Not Applicable,88,Not Applicable,FALSE,1,Public Road,1,"Trafficway, On Road",CT0009300,New Haven PD,7573,36:43.0,C,Closed,01:52.0,,,,,,,
1282214,1,Complete,1282214,1282214,41.313444,-72.943802,3769417,New Haven,93,93,New Haven,6/14/2025,2025,6,June,14,7,Saturday,9:22:00,9,25023713,A,3,,Motor Vehicle In Motion,"Injury of any type (Serious, Minor, Possible)",C,Possible Injury (C),0,0,4,Local,0.54,556,SHERMAN AV,SHERMAN AV,,edgewood ave,30,Feet,N,41.313444,-72.943802,14,Motor Vehicle in Operation,1,Front to rear,1,On Roadway,4,Rain,88,Not Applicable,1,Daylight,2,Wet,0,None,88,Not Applicable,88,Not Applicable,0,None,88,Not Applicable,88,Not Applicable,3,Intersection-Related,2,Four-Way Intersection,1,No,1,No,88,Not Applicable,88,Not Applicable,88,Not Applicable,88,Not Applicable,TRUE,1,Public Road,1,"Trafficway, On Road",CT0009300,New Haven PD,45700,41:25.0,O,Open,01:53.0,,,,,,,
1282227,1,Complete,1282227,1282227,41.314261,-72.951395,3769430,New Haven,93,93,New Haven,6/15/2025,2025,6,June,15,1,Sunday,15:52:00,15,25023831,A,3,,Motor Vehicle In Motion,"Injury of any type (Serious, Minor, Possible)",A,Suspected Serious Injury (A),0,1,3,State,2.69,10,10-N,10-N,,STANLEY ST,170,Feet,N,41.314261,-72.951395,14,Motor Vehicle in Operation,3,Angle,1,On Roadway,1,Clear,88,Not Applicable,1,Daylight,1,Dry,0,None,88,Not Applicable,88,Not Applicable,0,None,88,Not Applicable,88,Not Applicable,1,Non-Junction,1,Not at Intersection,1,No,1,No,88,Not Applicable,88,Not Applicable,88,Not Applicable,88,Not Applicable,TRUE,1,Public Road,1,"Trafficway, On Road",CT0009300,New Haven PD,48044,54:34.0,C,Closed,02:00.0,,,,,,,
1282230,1,Complete,1282230,1282230,41.31928985,-72.94936159,3769433,New Haven,93,93,New Haven,6/15/2025,2025,6,June,15,1,Sunday,20:33:00,20,25023859,A,2,,Motor Vehicle In Motion,"Injury of any type (Serious, Minor, Possible)",C,Possible Injury (C),0,0,3,State,2.86,10,10-N,10-N,ELLA T GRASSO BLVD NO 2,,,,,41.31928985,-72.94936159,14,Motor Vehicle in Operation,3,Angle,1,On Roadway,1,Clear,88,Not Applicable,4,Dark-Lighted,1,Dry,0,None,88,Not Applicable,88,Not Applicable,0,None,88,Not Applicable,88,Not Applicable,2,Intersection,2,Four-Way Intersection,1,No,1,No,88,Not Applicable,88,Not Applicable,88,Not Applicable,88,Not Applicable,FALSE,1,Public Road,1,"Trafficway, On Road",CT0009300,New Haven PD,44045,42:10.0,C,Closed,02:01.0,,,,,,,
1282845,1,Complete,1282845,1282845,41.304049,-72.888617,3770048,New Haven,93,93,New Haven,5/3/2025,2025,5,May,3,7,Saturday,11:17:00,11,25017428,A,2,,Motor Vehicle In Motion,"Injury of any type (Serious, Minor, Possible)",A,Suspected Serious Injury (A),0,0,4,Local,0.81,498,QUINNIPIAC AV,QUINNIPIAC AV,,OXFORD ST,50,Feet,N,41.304049,-72.888617,14,Motor Vehicle in Operation,4,"Sideswipe, same direction",1,On Roadway,1,Clear,88,Not Applicable,1,Daylight,1,Dry,0,None,88,Not Applicable,88,Not Applicable,0,None,88,Not Applicable,88,Not Applicable,1,Non-Junction,1,Not at Intersection,1,No,1,No,88,Not Applicable,88,Not Applicable,88,Not Applicable,88,Not Applicable,TRUE,1,Public Road,1,"Trafficway, On Road",CT0009300,New Haven PD,175,11:43.0,C,Closed,01:16.0,,,,,,,
1282848,1,Complete,1282848,1282848,41.309291,-72.90228,3770051,New Haven,93,93,New Haven,6/12/2025,2025,6,June,12,5,Thursday,7:21:00,7,25023348,A,2,,Parked Vehicle,"Injury of any type (Serious, Minor, Possible)",B,Suspected Minor Injury (B),0,0,4,Local,0.05,389,MALTBY PL,MALTBY PL,,GRAND AVE,270,Feet,N,41.309291,-72.90228,14,Motor Vehicle in Operation,1,Front to rear,1,On Roadway,1,Clear,88,Not Applicable,1,Daylight,1,Dry,4,Animal(s) in Roadway,88,Not Applicable,88,Not Applicable,0,None,88,Not Applicable,88,Not Applicable,1,Non-Junction,1,Not at Intersection,1,No,1,No,88,Not Applicable,88,Not Applicable,88,Not Applicable,88,Not Applicable,FALSE,1,Public Road,1,"Trafficway, On Road",CT0009300,New Haven PD,45390,20:06.0,C,Closed,01:16.0,,,,,,,
1282853,1,Complete,1282853,1282853,41.31623,-72.904584,3770056,New Haven,93,93,New Haven,6/15/2025,2025,6,June,15,1,Sunday,2:47:00,2,25023798,A,2,,Motor Vehicle In Motion,"Injury of any type (Serious, Minor, Possible)",C,Possible Injury (C),0,0,1,Interstate,0.15,91,91-N-138,91-N-138 (EXIT 5),,STATE ST,35,Feet,W,41.31623,-72.904584,14,Motor Vehicle in Operation,1,Front to rear,1,On Roadway,1,Clear,88,Not Applicable,4,Dark-Lighted,1,Dry,0,None,88,Not Applicable,88,Not Applicable,0,None,88,Not Applicable,88,Not Applicable,3,Intersection-Related,2,Four-Way Intersection,1,No,1,No,88,Not Applicable,88,Not Applicable,88,Not Applicable,88,Not Applicable,FALSE,1,Public Road,1,"Trafficway, On Road",CT0009300,New Haven PD,46898,47:26.0,C,Closed,01:14.0,,,,,,,
1282858,1,Complete,1282858,1282858,41.305947,-72.946862,3770061,New Haven,93,93,New Haven,6/16/2025,2025,6,June,16,2,Monday,10:28:00,10,25023911,A,2,,Motor Vehicle In Motion,"Injury of any type (Serious, Minor, Possible)",C,Possible Injury (C),0,1,4,Local,0.29,,LEGION AV,LEGION AV,WINTHROP AV NO 1,,,,,41.305947,-72.946862,14,Motor Vehicle in Operation,3,Angle,1,On Roadway,1,Clear,1,Clear,1,Daylight,1,Dry,0,None,88,Not Applicable,88,Not Applicable,0,None,88,Not Applicable,88,Not Applicable,2,Intersection,2,Four-Way Intersection,1,No,1,No,88,Not Applicable,88,Not Applicable,88,Not Applicable,88,Not Applicable,FALSE,1,Public Road,1,"Trafficway, On Road",CT0009300,New Haven PD,301,53:49.0,C,Closed,01:16.0,,,,,,,
1282859,1,Complete,1282859,1282859,41.320275,-72.959332,3770062,New Haven,93,93,New Haven,6/16/2025,2025,6,June,16,2,Monday,14:58:00,14,25023993,A,2,,Parked Vehicle,"Injury of any type (Serious, Minor, Possible)",B,Suspected Minor Injury (B),0,0,4,Local,0.32,683,YALE AV,YALE AV,,EDGEWOOD AVE,1000,Feet,N,41.320275,-72.959332,14,Motor Vehicle in Operation,1,Front to rear,2,Shoulder,1,Clear,88,Not Applicable,1,Daylight,1,Dry,0,None,88,Not Applicable,88,Not Applicable,0,None,88,Not Applicable,88,Not Applicable,1,Non-Junction,1,Not at Intersection,1,No,1,No,88,Not Applicable,88,Not Applicable,88,Not Applicable,88,Not Applicable,TRUE,1,Public Road,1,"Trafficway, On Road",CT0009300,New Haven PD,402,57:01.0,C,Closed,01:17.0,,,,,,,
1283198,1,Complete,1283198,1283198,41.308705,-72.895167,3770401,New Haven,93,93,New Haven,6/12/2025,2025,6,June,12,5,Thursday,14:00:00,14,25023454,A,2,,Motor Vehicle In Motion,"Injury of any type (Serious, Minor, Possible)",C,Possible Injury (C),0,0,,,,,,325 FERRY ST,,GRAND AVE,100,Feet,S,41.308705,-72.895167,14,Motor Vehicle in Operation,3,Angle,97,Other,1,Clear,88,Not Applicable,1,Daylight,1,Dry,0,None,88,Not Applicable,88,Not Applicable,0,None,88,Not Applicable,88,Not Applicable,97,Other,1,Not at Intersection,1,No,1,No,88,Not Applicable,88,Not Applicable,88,Not Applicable,88,Not Applicable,FALSE,88,Not Applicable,4,Parking Lot,CT0009300,New Haven PD,40789,21:12.0,C,Closed,00:37.0,,,,,,,
1283205,1,Complete,1283205,1283205,41.320453,-72.951192,3770408,New Haven,93,93,New Haven,6/17/2025,2025,6,June,17,3,Tuesday,10:18:00,10,25024079,A,2,,Motor Vehicle In Motion,"Injury of any type (Serious, Minor, Possible)",B,Suspected Minor Injury (B),0,0,3,State,3.17,10,10-N,10-N,,HOBART ST,50,Feet,W,41.320453,-72.951192,15,Parked Motor Vehicle,3,Angle,1,On Roadway,1,Clear,88,Not Applicable,1,Daylight,2,Wet,0,None,88,Not Applicable,88,Not Applicable,0,None,88,Not Applicable,88,Not Applicable,1,Non-Junction,1,Not at Intersection,1,No,1,No,88,Not Applicable,88,Not Applicable,88,Not Applicable,88,Not Applicable,TRUE,1,Public Road,1,"Trafficway, On Road",CT0009300,New Haven PD,44175,10:18.0,C,Closed,00:37.0,,,,,,,
1283208,1,Complete,1283208,1283208,41.319593,-72.918939,3770411,New Haven,93,93,New Haven,6/17/2025,2025,6,June,17,3,Tuesday,15:03:00,15,25024113,A,2,,Motor Vehicle In Motion,"Injury of any type (Serious, Minor, Possible)",C,Possible Injury (C),0,0,4,Local,0.24,184,EDWARDS ST,EDWARDS ST,WHITNEY AVE,,,,,41.319593,-72.918939,14,Motor Vehicle in Operation,3,Angle,1,On Roadway,4,Rain,88,Not Applicable,1,Daylight,2,Wet,0,None,88,Not Applicable,88,Not Applicable,0,None,88,Not Applicable,88,Not Applicable,2,Intersection,2,Four-Way Intersection,1,No,1,No,88,Not Applicable,88,Not Applicable,88,Not Applicable,88,Not Applicable,TRUE,1,Public Road,1,"Trafficway, On Road",CT0009300,New Haven PD,47739,58:30.0,C,Closed,00:41.0,,,,,,,
1283623,1,Complete,1283623,1283623,41.314582,-72.900642,3770826,New Haven,93,93,New Haven,6/17/2025,2025,6,June,17,3,Tuesday,16:36:00,16,25024114,A,2,,Motor Vehicle In Motion,"Injury of any type (Serious, Minor, Possible)",C,Possible Injury (C),0,0,4,Local,0.18,379,LOMBARD ST,LOMBARD ST,BLATCHLEY AV,,,,,41.314582,-72.900642,14,Motor Vehicle in Operation,3,Angle,1,On Roadway,2,Cloudy,88,Not Applicable,1,Daylight,1,Dry,0,None,88,Not Applicable,88,Not Applicable,0,None,88,Not Applicable,88,Not Applicable,2,Intersection,2,Four-Way Intersection,1,No,1,No,88,Not Applicable,88,Not Applicable,88,Not Applicable,88,Not Applicable,FALSE,1,Public Road,1,"Trafficway, On Road",CT0009300,New Haven PD,263,16:57.0,C,Closed,00:56.0,,,,,,,
1283624,1,Complete,1283624,1283624,41.310007,-72.95345,3770827,New Haven,93,93,New Haven,6/18/2025,2025,6,June,18,4,Wednesday,10:24:00,10,25024190,A,2,,Motor Vehicle In Motion,"Injury of any type (Serious, Minor, Possible)",C,Possible Injury (C),0,1,3,State,21.88,34,34-E,34-E,derby ave ,,,,,41.310007,-72.95345,14,Motor Vehicle in Operation,3,Angle,1,On Roadway,1,Clear,88,Not Applicable,1,Daylight,2,Wet,0,None,88,Not Applicable,88,Not Applicable,0,None,88,Not Applicable,88,Not Applicable,2,Intersection,2,Four-Way Intersection,1,No,1,No,88,Not Applicable,88,Not Applicable,88,Not Applicable,88,Not Applicable,FALSE,1,Public Road,1,"Trafficway, On Road",CT0009300,New Haven PD,44055,54:39.0,C,Closed,00:54.0,,,,,,,
1283625,1,Complete,1283625,1283625,41.306385,-72.935753,3770828,New Haven,93,93,New Haven,6/18/2025,2025,6,June,18,4,Wednesday,8:11:00,8,25024196,A,2,,Motor Vehicle In Motion,"Injury of any type (Serious, Minor, Possible)",C,Possible Injury (C),0,0,4,Local,0.55,809,REV DR MLK JR BLVD,REV DR MLK JR BLVD,,PARK ST,60,Feet,W,41.306385,-72.935753,14,Motor Vehicle in Operation,1,Front to rear,1,On Roadway,4,Rain,88,Not Applicable,1,Daylight,2,Wet,1,Weather Conditions,88,Not Applicable,88,Not Applicable,0,None,88,Not Applicable,88,Not Applicable,1,Non-Junction,1,Not at Intersection,1,No,1,No,88,Not Applicable,88,Not Applicable,88,Not Applicable,88,Not Applicable,TRUE,1,Public Road,1,"Trafficway, On Road",CT0009300,New Haven PD,301,24:34.0,C,Closed,00:52.0,,,,,,,
1285224,1,Complete,1285224,1285224,41.32204607,-72.95055083,3772427,New Haven,93,93,New Haven,5/11/2025,2025,5,May,11,1,Sunday,18:50:00,18,25018546,A,1,,Pedalcycle/Pedalcyclist,"Injury of any type (Serious, Minor, Possible)",C,Possible Injury (C),1,0,4,Local,0.14,56,BLAKE ST,BLAKE ST,WHITTLESEY AV,,,,,41.32204607,-72.95055083,10,Pedalcycle/Pedalcyclist,3,Angle,1,On Roadway,1,Clear,88,Not Applicable,1,Daylight,1,Dry,0,None,88,Not Applicable,88,Not Applicable,0,None,88,Not Applicable,88,Not Applicable,2,Intersection,3,T-Intersection,1,No,1,No,88,Not Applicable,88,Not Applicable,88,Not Applicable,88,Not Applicable,FALSE,1,Public Road,1,"Trafficway, On Road",CT0009300,New Haven PD,46615,55:09.0,O,Open,47:56.0,,,,,,,
1285225,1,Complete,1285225,1285225,41.320818,-72.874058,3772428,New Haven,93,93,New Haven,6/7/2025,2025,6,June,7,7,Saturday,17:25:00,17,25022698,A,2,,Motor Vehicle In Motion,"Injury of any type (Serious, Minor, Possible)",C,Possible Injury (C),0,0,3,State,0.44,80,80-E,80-E,103-N,,,,,41.320818,-72.874058,14,Motor Vehicle in Operation,3,Angle,1,On Roadway,1,Clear,88,Not Applicable,1,Daylight,1,Dry,0,None,88,Not Applicable,88,Not Applicable,0,None,88,Not Applicable,88,Not Applicable,2,Intersection,2,Four-Way Intersection,1,No,1,No,88,Not Applicable,88,Not Applicable,88,Not Applicable,88,Not Applicable,TRUE,1,Public Road,1,"Trafficway, On Road",CT0009300,New Haven PD,46615,47:10.0,C,Closed,48:04.0,,,,,,,
1285228,1,Complete,1285228,1285228,41.32343664,-72.88043178,3772431,New Haven,93,93,New Haven,6/12/2025,2025,6,June,12,5,Thursday,16:11:00,16,25023463,A,3,,Motor Vehicle In Motion,"Injury of any type (Serious, Minor, Possible)",C,Possible Injury (C),0,0,3,State,0.11,80,80-E,80-E,,91-n-16A (exit 8),310,Feet,E,41.32343664,-72.88043178,14,Motor Vehicle in Operation,1,Front to rear,1,On Roadway,1,Clear,88,Not Applicable,1,Daylight,1,Dry,0,None,88,Not Applicable,88,Not Applicable,0,None,88,Not Applicable,88,Not Applicable,1,Non-Junction,1,Not at Intersection,1,No,1,No,88,Not Applicable,88,Not Applicable,88,Not Applicable,88,Not Applicable,TRUE,1,Public Road,1,"Trafficway, On Road",CT0009300,New Haven PD,47745,42:26.0,C,Closed,47:46.0,,,,,,,
1285230,1,Complete,1285230,1285230,41.310315,-72.922726,3772433,New Haven,93,93,New Haven,6/15/2025,2025,6,June,15,1,Sunday,10:13:00,10,25023575,A,2,,Motor Vehicle In Motion,"Injury of any type (Serious, Minor, Possible)",C,Possible Injury (C),0,0,4,Local,0.65,103,CHURCH ST,CHURCH ST,,GROVE ST,50,Feet,S,41.310315,-72.922726,14,Motor Vehicle in Operation,1,Front to rear,1,On Roadway,1,Clear,88,Not Applicable,1,Daylight,1,Dry,0,None,88,Not Applicable,88,Not Applicable,0,None,88,Not Applicable,88,Not Applicable,3,Intersection-Related,2,Four-Way Intersection,1,No,1,No,88,Not Applicable,88,Not Applicable,88,Not Applicable,88,Not Applicable,FALSE,1,Public Road,1,"Trafficway, On Road",CT0009300,New Haven PD,469,37:36.0,C,Closed,48:06.0,,,,,,,
1285235,1,Complete,1285235,1285235,41.30823,-72.88624,3772438,New Haven,93,93,New Haven,6/17/2025,2025,6,June,17,3,Tuesday,13:03:00,13,25024090,A,2,,Motor Vehicle In Motion,"Injury of any type (Serious, Minor, Possible)",B,Suspected Minor Injury (B),0,1,4,Local,1.12,498,QUINNIPIAC AV,QUINNIPIAC AV,GRAND AV,,,,,41.30823,-72.88624,14,Motor Vehicle in Operation,3,Angle,1,On Roadway,2,Cloudy,88,Not Applicable,1,Daylight,1,Dry,0,None,88,Not Applicable,88,Not Applicable,0,None,88,Not Applicable,88,Not Applicable,2,Intersection,2,Four-Way Intersection,2,"Yes, School Bus Directly Involved",1,No,88,Not Applicable,88,Not Applicable,88,Not Applicable,88,Not Applicable,FALSE,1,Public Road,1,"Trafficway, On Road",CT0009300,New Haven PD,42049,34:40.0,C,Closed,48:05.0,,,,,,,
1285237,1,Complete,1285237,1285237,41.30333095,-72.93620901,3772440,New Haven,93,93,New Haven,6/18/2025,2025,6,June,18,4,Wednesday,15:03:00,15,25024256,A,2,,Motor Vehicle In Motion,"Injury of any type (Serious, Minor, Possible)",C,Possible Injury (C),0,0,4,Local,0.01,766,YORK ST,YORK ST,,HOWARD AVE,25,Feet,E,41.30333095,-72.93620901,14,Motor Vehicle in Operation,5,"Sideswipe, opposite direction",1,On Roadway,1,Clear,88,Not Applicable,1,Daylight,1,Dry,0,None,88,Not Applicable,88,Not Applicable,0,None,88,Not Applicable,88,Not Applicable,3,Intersection-Related,2,Four-Way Intersection,1,No,1,No,88,Not Applicable,88,Not Applicable,88,Not Applicable,88,Not Applicable,TRUE,1,Public Road,1,"Trafficway, On Road",CT0009300,New Haven PD,33016,35:27.0,C,Closed,48:07.0,,,,,,,
1285238,1,Complete,1285238,1285238,41.307602,-72.886786,3772441,New Haven,93,93,New Haven,6/18/2025,2025,6,June,18,4,Wednesday,15:25:00,15,25024257,A,3,,Motor Vehicle In Motion,"Injury of any type (Serious, Minor, Possible)",C,Possible Injury (C),0,0,4,Local,1.07,498,QUINNIPIAC AV,QUINNIPIAC AV,,EAST GRAND AVE,250,Feet,S,41.307602,-72.886786,15,Parked Motor Vehicle,3,Angle,1,On Roadway,1,Clear,88,Not Applicable,1,Daylight,1,Dry,0,None,88,Not Applicable,88,Not Applicable,0,None,88,Not Applicable,88,Not Applicable,1,Non-Junction,1,Not at Intersection,1,No,1,No,88,Not Applicable,88,Not Applicable,88,Not Applicable,88,Not Applicable,TRUE,1,Public Road,1,"Trafficway, On Road",CT0009300,New Haven PD,409,35:27.0,C,Closed,47:50.0,,,,,,,
1285239,1,Complete,1285239,1285239,41.3196631,-72.89846715,3772442,New Haven,93,93,New Haven,6/18/2025,2025,6,June,18,4,Wednesday,15:50:00,15,25024259,A,2,,Motor Vehicle In Motion,"Injury of any type (Serious, Minor, Possible)",C,Possible Injury (C),0,0,2,USRoute,0.39,5,5-N,5-N,,Ferry St,65,Feet,E,41.3196631,-72.89846715,14,Motor Vehicle in Operation,3,Angle,1,On Roadway,1,Clear,88,Not Applicable,1,Daylight,1,Dry,0,None,88,Not Applicable,88,Not Applicable,0,None,88,Not Applicable,88,Not Applicable,9,Driveway Access-Related,1,Not at Intersection,1,No,1,No,88,Not Applicable,88,Not Applicable,88,Not Applicable,88,Not Applicable,TRUE,1,Public Road,1,"Trafficway, On Road",CT0009300,New Haven PD,46623,44:01.0,C,Closed,47:50.0,,,,,,,
1285241,1,Complete,1285241,1285241,41.305217,-72.930723,3772444,New Haven,93,93,New Haven,6/19/2025,2025,6,June,19,5,Thursday,11:57:00,11,25024350,A,2,,Motor Vehicle In Motion,"Injury of any type (Serious, Minor, Possible)",C,Possible Injury (C),0,0,4,Local,1.09,248,GEORGE ST,GEORGE ST,,COLLEGE ST,100,Feet,W,41.305217,-72.930723,14,Motor Vehicle in Operation,4,"Sideswipe, same direction",1,On Roadway,1,Clear,88,Not Applicable,1,Daylight,1,Dry,0,None,88,Not Applicable,88,Not Applicable,0,None,88,Not Applicable,88,Not Applicable,1,Non-Junction,1,Not at Intersection,1,No,1,No,88,Not Applicable,88,Not Applicable,88,Not Applicable,88,Not Applicable,FALSE,1,Public Road,1,"Trafficway, On Road",CT0009300,New Haven PD,45389,36:45.0,C,Closed,47:48.0,,,,,,,
1285246,1,Complete,1285246,1285246,41.311154,-72.935895,3772449,New Haven,93,93,New Haven,6/20/2025,2025,6,June,20,6,Friday,6:39:00,6,25024440,A,2,,Motor Vehicle In Motion,"Injury of any type (Serious, Minor, Possible)",C,Possible Injury (C),0,1,4,Local,0.18,160,DWIGHT ST,DWIGHT ST,EDGEWOOD AV,,,,,41.311154,-72.935895,14,Motor Vehicle in Operation,3,Angle,1,On Roadway,1,Clear,88,Not Applicable,1,Daylight,1,Dry,0,None,88,Not Applicable,88,Not Applicable,0,None,88,Not Applicable,88,Not Applicable,2,Intersection,2,Four-Way Intersection,1,No,1,No,88,Not Applicable,88,Not Applicable,88,Not Applicable,88,Not Applicable,FALSE,1,Public Road,1,"Trafficway, On Road",CT0009300,New Haven PD,44339,44:20.0,C,Closed,47:54.0,,,,,,,
1285265,1,Complete,1285265,1285265,41.33157303,-72.93038525,3772468,New Haven,93,93,New Haven,6/21/2025,2025,6,June,21,7,Saturday,19:14:00,19,25024630,A,3,,Motor Vehicle In Motion,"Injury of any type (Serious, Minor, Possible)",A,Suspected Serious Injury (A),0,1,4,Local,0.46,42,BASSETT ST,BASSETT ST,BUTLER ST,,,,,41.33157303,-72.93038525,14,Motor Vehicle in Operation,3,Angle,1,On Roadway,1,Clear,88,Not Applicable,1,Daylight,1,Dry,0,None,88,Not Applicable,88,Not Applicable,0,None,88,Not Applicable,88,Not Applicable,2,Intersection,2,Four-Way Intersection,1,No,1,No,88,Not Applicable,88,Not Applicable,88,Not Applicable,88,Not Applicable,FALSE,1,Public Road,1,"Trafficway, On Road",CT0009300,New Haven PD,44053,52:57.0,C,Closed,48:08.0,,,,,,,