CrashId,Fatal Case Status,Fatal Case Status Text Format,CrashId,CrashId,Latitude,Longitude,DOT Case Number,Town Name,Town Number,Town Number,Town Number Text Format,Date Of Crash,Year,Month,Month Text Format,Day,Day of the Week,Day of the Week Text Format,Time of Crash,Hour of the Day,Case Identifier,Crash Severity,Number Of Motor Vehicles,Motor vehicle action,Most harmful event,Crash Severity Text Format,Most Severe Injury,Most Severe Injury Text Format,Number Of Non-Motorist,Number Of Witnesses,Route Class,Route Class Text Format,Milemarker,Road Number,Road Description,Roadway Name,Intersecting Roadway Name,Landmark Description,Distance From Nearest Landmark,Unit Of Measure From Nearest Landmark,Direction From Nearest Landmark,Latitude,Longitude,First Harmful Event,First Harmful Event Text Format,Manner of Crash / Collision Impact,Manner of Crash / Collision Impact Text Format,Location of First Harmful Event,Location of First Harmful Event Text Format,Weather Condition,Weather Condition Text Format,Weather 2,Weather 2 Text Format,Light Condition,Light Condition Text Format,Road Surface Condition,Road Surface Condition Text Format,"Contributing Circumstances, Environment","Contributing Circumstances, Environment Text Format",Environment 2,Environment 2 Text Format,Environment 3,Environment 3 Text Format,"Contributing Circumstances, Road","Contributing Circumstances, Road Text Format",Road 2,Road 2 Text Format,Road 3,Road 3 Text Format,Crash Specific Location,Crash Specific Location Text Format,Type of Intersection,Type of Intersection Text Format,School Bus Related,School Bus Related Text Format,Work Zone Related,Work Zone Related Text Format,Location Of Crash Relative To Work Zone,Location Of Crash Relative To Work Zone Text Format,Type of Work Zone,Type of Work Zone Text Format,Worker Presence,Worker Presence Text Format,Law Enforcement Presence,Law Enforcement Presence Text Format,Were Vehicles Moved Prior To Police Arrival,Trafficway Ownership,Trafficway Ownership Text Format,Trafficway Class,Trafficway Class Text Format,Police Agency,Police Agency Text Format,Badge Number,Approval Date,Police Case Status,Police Case Status Text Format,Crash Report Submission Date,Related Case Identifiers,No. of Through Lanes (Log Dir.),Average Daily Traffic,Functional Classification,Functional Classification Text Format,Rural or Urban,Rural or Urban Text Format
1285270,1,Complete,1285270,1285270,41.311298,-72.944633,3772473,New Haven,93,93,New Haven,6/21/2025,2025,6,June,21,7,Saturday,23:57:00,23,25024652,A,1,,Pedestrian,"Injury of any type (Serious, Minor, Possible)",C,Possible Injury (C),1,0,4,Local,0.38,556,SHERMAN AV,SHERMAN AV,,CHAPEL ST,10,Feet,S,41.311298,-72.944633,9,Pedestrian,88,Not Applicable,1,On Roadway,1,Clear,88,Not Applicable,4,Dark-Lighted,1,Dry,0,None,88,Not Applicable,88,Not Applicable,0,None,88,Not Applicable,88,Not Applicable,3,Intersection-Related,2,Four-Way Intersection,1,No,1,No,88,Not Applicable,88,Not Applicable,88,Not Applicable,88,Not Applicable,TRUE,1,Public Road,1,"Trafficway, On Road",CT0009300,New Haven PD,47745,21:31.0,C,Closed,47:59.0,,,,,,,
1285274,1,Complete,1285274,1285274,41.320375,-72.892435,3772477,New Haven,93,93,New Haven,6/22/2025,2025,6,June,22,1,Sunday,5:21:00,5,25024676,A,2,,Parked Vehicle,"Injury of any type (Serious, Minor, Possible)",C,Possible Injury (C),0,0,4,Local,0.45,411,MIDDLETOWN AV,MIDDLETOWN AV,,clinton ave ,180,Feet,N,41.320375,-72.892435,14,Motor Vehicle in Operation,1,Front to rear,2,Shoulder,1,Clear,88,Not Applicable,1,Daylight,1,Dry,0,None,88,Not Applicable,88,Not Applicable,0,None,88,Not Applicable,88,Not Applicable,1,Non-Junction,1,Not at Intersection,1,No,1,No,88,Not Applicable,88,Not Applicable,88,Not Applicable,88,Not Applicable,TRUE,1,Public Road,1,"Trafficway, On Road",CT0009300,New Haven PD,47738,13:54.0,C,Closed,48:06.0,,,,,,,
1285275,1,Complete,1285275,1285275,41.31612,-72.916222,3772478,New Haven,93,93,New Haven,6/22/2025,2025,6,June,22,1,Sunday,7:56:00,7,25024682,A,2,,Motor Vehicle In Motion,"Injury of any type (Serious, Minor, Possible)",C,Possible Injury (C),0,1,4,Local,0.88,450,ORANGE ST NO 1,ORANGE ST NO 1,HUMPHREY ST,,,,,41.31612,-72.916222,14,Motor Vehicle in Operation,3,Angle,1,On Roadway,4,Rain,88,Not Applicable,1,Daylight,1,Dry,0,None,88,Not Applicable,88,Not Applicable,0,None,88,Not Applicable,88,Not Applicable,2,Intersection,2,Four-Way Intersection,1,No,1,No,88,Not Applicable,88,Not Applicable,88,Not Applicable,88,Not Applicable,FALSE,1,Public Road,1,"Trafficway, On Road",CT0009300,New Haven PD,32,52:35.0,C,Closed,47:59.0,,,,,,,
1285286,1,Complete,1285286,1285286,41.288997,-72.894615,3772489,New Haven,93,93,New Haven,6/23/2025,2025,6,June,23,2,Monday,7:19:00,7,25024788,A,2,,Motor Vehicle In Motion,"Injury of any type (Serious, Minor, Possible)",A,Suspected Serious Injury (A),0,0,1,Interstate,0.39,95,95-N-346,95-N-346 (Exit 50),Woodward Ave,,,,,41.288997,-72.894615,14,Motor Vehicle in Operation,4,"Sideswipe, same direction",1,On Roadway,1,Clear,88,Not Applicable,1,Daylight,1,Dry,0,None,88,Not Applicable,88,Not Applicable,0,None,88,Not Applicable,88,Not Applicable,2,Intersection,2,Four-Way Intersection,1,No,1,No,88,Not Applicable,88,Not Applicable,88,Not Applicable,88,Not Applicable,FALSE,1,Public Road,1,"Trafficway, On Road",CT0009300,New Haven PD,48045,11:44.0,O,Open,48:03.0,,,,,,,
1285287,1,Complete,1285287,1285287,41.31782231,-72.92787995,3772490,New Haven,93,93,New Haven,6/23/2025,2025,6,June,23,2,Monday,8:53:00,8,25024795,A,2,,Motor Vehicle In Motion,"Injury of any type (Serious, Minor, Possible)",C,Possible Injury (C),0,0,4,Local,0.03,631,WEBSTER ST,WEBSTER ST,,CANAL ST,60,Feet,E,41.31782231,-72.92787995,14,Motor Vehicle in Operation,1,Front to rear,1,On Roadway,1,Clear,88,Not Applicable,1,Daylight,1,Dry,0,None,88,Not Applicable,88,Not Applicable,0,None,88,Not Applicable,88,Not Applicable,2,Intersection,3,T-Intersection,1,No,1,No,88,Not Applicable,88,Not Applicable,88,Not Applicable,88,Not Applicable,FALSE,1,Public Road,1,"Trafficway, On Road",CT0009300,New Haven PD,45397,04:16.0,C,Closed,48:05.0,,,,,,,
1285293,1,Complete,1285293,1285293,41.29159875,-72.94211506,3772496,New Haven,93,93,New Haven,6/23/2025,2025,6,June,23,2,Monday,12:29:00,12,25024831,A,1,,Utility Pole,"Injury of any type (Serious, Minor, Possible)",B,Suspected Minor Injury (B),0,0,3,State,0.94,10,10-N,10-N,,WASHINGTON AVE,260,Feet,N,41.29159875,-72.94211506,33,Utility Pole/Light Support,88,Not Applicable,4,Roadside,1,Clear,88,Not Applicable,1,Daylight,1,Dry,0,None,88,Not Applicable,88,Not Applicable,0,None,88,Not Applicable,88,Not Applicable,1,Non-Junction,1,Not at Intersection,1,No,1,No,88,Not Applicable,88,Not Applicable,88,Not Applicable,88,Not Applicable,FALSE,1,Public Road,1,"Trafficway, On Road",CT0009300,New Haven PD,47738,02:28.0,C,Closed,48:06.0,,,,,,,
1285298,1,Complete,1285298,1285298,41.337266,-72.976588,3772501,New Haven,93,93,New Haven,6/23/2025,2025,6,June,23,2,Monday,18:03:00,18,25024895,A,2,,Motor Vehicle In Motion,"Injury of any type (Serious, Minor, Possible)",C,Possible Injury (C),0,0,3,State,0.19,69,69-N,69-N,,EXIT 59 (15-N-114),290,Feet,S,41.337266,-72.976588,14,Motor Vehicle in Operation,3,Angle,1,On Roadway,1,Clear,88,Not Applicable,1,Daylight,1,Dry,0,None,88,Not Applicable,88,Not Applicable,0,None,88,Not Applicable,88,Not Applicable,9,Driveway Access-Related,1,Not at Intersection,1,No,1,No,88,Not Applicable,88,Not Applicable,88,Not Applicable,88,Not Applicable,FALSE,1,Public Road,1,"Trafficway, On Road",CT0009300,New Haven PD,45403,40:48.0,C,Closed,48:08.0,,,,,,,
1285299,1,Complete,1285299,1285299,41.289047,-72.894868,3772502,New Haven,93,93,New Haven,6/23/2025,2025,6,June,23,2,Monday,19:12:00,19,25024899,A,2,,Motor Vehicle In Motion,"Injury of any type (Serious, Minor, Possible)",C,Possible Injury (C),0,0,1,Interstate,0.38,95,95-N-346,95-N-346 (Exit 50),,WOODWARD AVE,50,Feet,W,41.289047,-72.894868,14,Motor Vehicle in Operation,1,Front to rear,1,On Roadway,1,Clear,88,Not Applicable,1,Daylight,1,Dry,0,None,88,Not Applicable,88,Not Applicable,0,None,88,Not Applicable,88,Not Applicable,3,Intersection-Related,2,Four-Way Intersection,1,No,1,No,88,Not Applicable,88,Not Applicable,88,Not Applicable,88,Not Applicable,FALSE,1,Public Road,1,"Trafficway, On Road",CT0009300,New Haven PD,46614,07:13.0,C,Closed,48:07.0,,,,,,,
1285303,1,Complete,1285303,1285303,41.29109,-72.941688,3772506,New Haven,93,93,New Haven,6/23/2025,2025,6,June,23,2,Monday,21:40:00,21,25024915,A,2,,Motor Vehicle In Motion,"Injury of any type (Serious, Minor, Possible)",B,Suspected Minor Injury (B),0,0,3,State,0.9,10,10-N,10-N,WASHINGTON AVE,,50,Feet,N,41.29109,-72.941688,14,Motor Vehicle in Operation,1,Front to rear,1,On Roadway,1,Clear,88,Not Applicable,4,Dark-Lighted,1,Dry,0,None,88,Not Applicable,88,Not Applicable,8,Work Zone (construction / maintenance / utility),88,Not Applicable,88,Not Applicable,2,Intersection,2,Four-Way Intersection,1,No,2,Yes,3,Transition Area,2,Lane Shift / Crossover,2,Yes,2,Yes,FALSE,1,Public Road,1,"Trafficway, On Road",CT0009300,New Haven PD,47738,46:33.0,C,Closed,47:45.0,,,,,,,
1285304,1,Complete,1285304,1285304,41.31370051,-72.94554427,3772507,New Haven,93,93,New Haven,6/23/2025,2025,6,June,23,2,Monday,22:03:00,22,25024918,A,2,,Motor Vehicle In Motion,"Injury of any type (Serious, Minor, Possible)",A,Suspected Serious Injury (A),0,0,4,Local,1.35,179,EDGEWOOD AV,EDGEWOOD AV,,WINTHROP AVE,135,Feet,E,41.31370051,-72.94554427,14,Motor Vehicle in Operation,3,Angle,1,On Roadway,1,Clear,88,Not Applicable,6,Dark-Unknown Lighting,1,Dry,0,None,88,Not Applicable,88,Not Applicable,0,None,88,Not Applicable,88,Not Applicable,9,Driveway Access-Related,1,Not at Intersection,1,No,1,No,88,Not Applicable,88,Not Applicable,88,Not Applicable,88,Not Applicable,TRUE,1,Public Road,1,"Trafficway, On Road",CT0009300,New Haven PD,44947,24:41.0,C,Closed,47:38.0,,,,,,,
1285305,1,Complete,1285305,1285305,41.28631714,-72.93621143,3772508,New Haven,93,93,New Haven,6/24/2025,2025,6,June,24,3,Tuesday,3:25:00,3,25024934,A,2,,Motor Vehicle In Motion,"Injury of any type (Serious, Minor, Possible)",B,Suspected Minor Injury (B),0,0,3,State,0.28,10,10-N,10-N,745-E,,,,,41.28631714,-72.93621143,14,Motor Vehicle in Operation,3,Angle,1,On Roadway,1,Clear,88,Not Applicable,4,Dark-Lighted,1,Dry,0,None,88,Not Applicable,88,Not Applicable,0,None,88,Not Applicable,88,Not Applicable,2,Intersection,2,Four-Way Intersection,1,No,1,No,88,Not Applicable,88,Not Applicable,88,Not Applicable,88,Not Applicable,FALSE,1,Public Road,1,"Trafficway, On Road",CT0009300,New Haven PD,44953,18:59.0,C,Closed,47:38.0,,,,,,,
1285308,1,Complete,1285308,1285308,41.309056,-72.941394,3772511,New Haven,93,93,New Haven,6/24/2025,2025,6,June,24,3,Tuesday,8:51:00,8,25024952,A,2,,Motor Vehicle In Motion,"Injury of any type (Serious, Minor, Possible)",C,Possible Injury (C),0,0,4,Local,0.46,248,GEORGE ST,GEORGE ST,,WAVERLY ST,140,Feet,W,41.309056,-72.941394,14,Motor Vehicle in Operation,1,Front to rear,1,On Roadway,1,Clear,88,Not Applicable,1,Daylight,1,Dry,0,None,88,Not Applicable,88,Not Applicable,0,None,88,Not Applicable,88,Not Applicable,9,Driveway Access-Related,1,Not at Intersection,1,No,1,No,88,Not Applicable,88,Not Applicable,88,Not Applicable,88,Not Applicable,FALSE,1,Public Road,1,"Trafficway, On Road",CT0009300,New Haven PD,44062,12:25.0,C,Closed,47:39.0,,,,,,,
1285541,1,Complete,1285541,1285541,41.3034125,-72.93577943,3772744,New Haven,93,93,New Haven,3/10/2025,2025,3,March,10,2,Monday,15:30:00,15,25009937,A,1,,Pedestrian,"Injury of any type (Serious, Minor, Possible)",B,Suspected Minor Injury (B),1,0,4,Local,0.04,766,YORK ST,YORK ST,,HOWARD AVE,135,Feet,E,41.3034125,-72.93577943,9,Pedestrian,88,Not Applicable,1,On Roadway,1,Clear,88,Not Applicable,1,Daylight,1,Dry,0,None,88,Not Applicable,88,Not Applicable,0,None,88,Not Applicable,88,Not Applicable,1,Non-Junction,1,Not at Intersection,1,No,1,No,88,Not Applicable,88,Not Applicable,88,Not Applicable,88,Not Applicable,FALSE,1,Public Road,1,"Trafficway, On Road",CT0009300,New Haven PD,46173,40:15.0,C,Closed,01:49.0,,,,,,,
1285542,1,Complete,1285542,1285542,41.315485,-72.92105,3772745,New Haven,93,93,New Haven,6/12/2025,2025,6,June,12,5,Thursday,16:45:00,16,25023529,A,1,,Pedestrian,"Injury of any type (Serious, Minor, Possible)",C,Possible Injury (C),1,0,4,Local,0.01,536,SACHEM ST,SACHEM ST,,WHITNEY AVE,25,Feet,W,41.315485,-72.92105,9,Pedestrian,88,Not Applicable,1,On Roadway,1,Clear,88,Not Applicable,1,Daylight,1,Dry,0,None,88,Not Applicable,88,Not Applicable,0,None,88,Not Applicable,88,Not Applicable,3,Intersection-Related,3,T-Intersection,1,No,1,No,88,Not Applicable,88,Not Applicable,88,Not Applicable,88,Not Applicable,FALSE,1,Public Road,1,"Trafficway, On Road",CT0009300,New Haven PD,991,44:54.0,C,Closed,01:56.0,,,,,,,
1285544,1,Complete,1285544,1285544,41.32379778,-72.88161299,3772747,New Haven,93,93,New Haven,6/17/2025,2025,6,June,17,3,Tuesday,17:42:00,17,25024150,A,2,,Motor Vehicle In Motion,"Injury of any type (Serious, Minor, Possible)",B,Suspected Minor Injury (B),0,0,3,State,0.21,17,17-N,17-N,17-S & 91-N-16 (exit 8),,,,,41.32379778,-72.88161299,14,Motor Vehicle in Operation,3,Angle,1,On Roadway,1,Clear,88,Not Applicable,1,Daylight,1,Dry,0,None,88,Not Applicable,88,Not Applicable,0,None,88,Not Applicable,88,Not Applicable,2,Intersection,2,Four-Way Intersection,1,No,1,No,88,Not Applicable,88,Not Applicable,88,Not Applicable,88,Not Applicable,FALSE,1,Public Road,1,"Trafficway, On Road",CT0009300,New Haven PD,47740,09:27.0,C,Closed,01:56.0,,,,,,,
1285545,1,Complete,1285545,1285545,41.298234,-72.891602,3772748,New Haven,93,93,New Haven,6/18/2025,2025,6,June,18,4,Wednesday,14:11:00,14,25024249,A,1,,Pedestrian,"Injury of any type (Serious, Minor, Possible)",B,Suspected Minor Injury (B),2,0,4,Local,0.06,351,LANCRAFT ST,LANCRAFT ST,PARDEE ST,,,,,41.298234,-72.891602,9,Pedestrian,88,Not Applicable,1,On Roadway,1,Clear,88,Not Applicable,1,Daylight,1,Dry,0,None,88,Not Applicable,88,Not Applicable,0,None,88,Not Applicable,88,Not Applicable,2,Intersection,2,Four-Way Intersection,1,No,1,No,88,Not Applicable,88,Not Applicable,88,Not Applicable,88,Not Applicable,TRUE,1,Public Road,1,"Trafficway, On Road",CT0009300,New Haven PD,175,51:42.0,C,Closed,01:53.0,,,,,,,
1285548,1,Complete,1285548,1285548,41.334129,-72.87064,3772751,New Haven,93,93,New Haven,6/23/2025,2025,6,June,23,2,Monday,19:29:00,19,25024907,A,2,,Motor Vehicle In Motion,"Injury of any type (Serious, Minor, Possible)",C,Possible Injury (C),0,0,3,State,1.13,17,17-N,17-N,WESTMINSTER ST,,,,,41.334129,-72.87064,14,Motor Vehicle in Operation,3,Angle,1,On Roadway,1,Clear,88,Not Applicable,4,Dark-Lighted,1,Dry,0,None,88,Not Applicable,88,Not Applicable,0,None,88,Not Applicable,88,Not Applicable,2,Intersection,3,T-Intersection,1,No,1,No,88,Not Applicable,88,Not Applicable,88,Not Applicable,88,Not Applicable,TRUE,1,Public Road,1,"Trafficway, On Road",CT0009300,New Haven PD,46614,59:09.0,C,Closed,01:50.0,,,,,,,
1285549,1,Complete,1285549,1285549,41.29738462,-72.94901972,3772752,New Haven,93,93,New Haven,6/24/2025,2025,6,June,24,3,Tuesday,0:43:00,0,25024971,A,1,,"Other Post, Pole, or Support","Injury of any type (Serious, Minor, Possible)",B,Suspected Minor Injury (B),0,0,2,USRoute,46.64,1,1-N,1-N,10-N,,,,,41.29738462,-72.94901972,38,"Other Post, Pole or Support",88,Not Applicable,1,On Roadway,1,Clear,88,Not Applicable,4,Dark-Lighted,1,Dry,0,None,88,Not Applicable,88,Not Applicable,0,None,88,Not Applicable,88,Not Applicable,2,Intersection,2,Four-Way Intersection,1,No,1,No,88,Not Applicable,88,Not Applicable,88,Not Applicable,88,Not Applicable,FALSE,1,Public Road,1,"Trafficway, On Road",CT0009300,New Haven PD,46627,46:30.0,C,Closed,01:54.0,,,,,,,
1285550,1,Complete,1285550,1285550,41.29776891,-72.93726793,3772753,New Haven,93,93,New Haven,6/24/2025,2025,6,June,24,3,Tuesday,10:55:00,10,25024975,A,2,,Motor Vehicle In Motion,"Injury of any type (Serious, Minor, Possible)",C,Possible Injury (C),0,0,2,USRoute,47.24,1,1-N,1-N,,WASHINGTON AVE,35,Feet,E,41.29776891,-72.93726793,14,Motor Vehicle in Operation,1,Front to rear,1,On Roadway,1,Clear,88,Not Applicable,1,Daylight,1,Dry,0,None,88,Not Applicable,88,Not Applicable,0,None,88,Not Applicable,88,Not Applicable,3,Intersection-Related,2,Four-Way Intersection,1,No,1,No,88,Not Applicable,88,Not Applicable,88,Not Applicable,88,Not Applicable,TRUE,1,Public Road,1,"Trafficway, On Road",CT0009300,New Haven PD,47738,57:04.0,O,Open,01:54.0,,,,,,,
1285551,1,Complete,1285551,1285551,41.294339,-72.933296,3772754,New Haven,93,93,New Haven,6/24/2025,2025,6,June,24,3,Tuesday,21:40:00,21,25025080,A,2,,Motor Vehicle In Motion,"Injury of any type (Serious, Minor, Possible)",B,Suspected Minor Injury (B),0,1,4,Local,0.84,308,HOWARD AV,HOWARD AV,,SPRING ST ,25,Feet,N,41.294339,-72.933296,14,Motor Vehicle in Operation,3,Angle,1,On Roadway,1,Clear,88,Not Applicable,4,Dark-Lighted,1,Dry,0,None,88,Not Applicable,88,Not Applicable,0,None,88,Not Applicable,88,Not Applicable,3,Intersection-Related,2,Four-Way Intersection,1,No,1,No,88,Not Applicable,88,Not Applicable,88,Not Applicable,88,Not Applicable,FALSE,1,Public Road,1,"Trafficway, On Road",CT0009300,New Haven PD,45389,49:38.0,C,Closed,01:52.0,,,,,,,
1285554,1,Complete,1285554,1285554,41.3200003,-72.9403346,3772757,New Haven,93,93,New Haven,6/25/2025,2025,6,June,25,4,Wednesday,10:51:00,10,25025150,A,2,,Motor Vehicle In Motion,"Injury of any type (Serious, Minor, Possible)",C,Possible Injury (C),0,0,4,Local,0.01,557,SHERMAN PKWY,SHERMAN PKWY,,Goffe Street,21,Feet,N,41.3200003,-72.9403346,14,Motor Vehicle in Operation,3,Angle,1,On Roadway,1,Clear,88,Not Applicable,1,Daylight,1,Dry,0,None,88,Not Applicable,88,Not Applicable,0,None,88,Not Applicable,88,Not Applicable,3,Intersection-Related,2,Four-Way Intersection,1,No,1,No,88,Not Applicable,88,Not Applicable,88,Not Applicable,88,Not Applicable,FALSE,1,Public Road,1,"Trafficway, On Road",CT0009300,New Haven PD,45397,36:45.0,C,Closed,01:54.0,,,,,,,
1285873,1,Complete,1285873,1285873,41.319523,-72.967153,3773076,New Haven,93,93,New Haven,6/26/2025,2025,6,June,26,5,Thursday,8:22:00,8,25025309,A,2,,Motor Vehicle In Motion,"Injury of any type (Serious, Minor, Possible)",C,Possible Injury (C),0,0,4,Local,0.16,179,EDGEWOOD AV,EDGEWOOD AV,MCKINLEY AV,,,,,41.319523,-72.967153,14,Motor Vehicle in Operation,3,Angle,1,On Roadway,4,Rain,88,Not Applicable,1,Daylight,2,Wet,0,None,88,Not Applicable,88,Not Applicable,0,None,88,Not Applicable,88,Not Applicable,2,Intersection,2,Four-Way Intersection,1,No,1,No,88,Not Applicable,88,Not Applicable,88,Not Applicable,88,Not Applicable,FALSE,1,Public Road,1,"Trafficway, On Road",CT0009300,New Haven PD,62,47:01.0,C,Closed,00:58.0,,,,,,,
1285878,1,Complete,1285878,1285878,41.309045,-72.935743,3773081,New Haven,93,93,New Haven,6/26/2025,2025,6,June,26,5,Thursday,17:31:00,17,25025416,A,2,,Motor Vehicle In Motion,"Injury of any type (Serious, Minor, Possible)",C,Possible Injury (C),0,0,4,Local,0.22,310,HOWE ST,HOWE ST,,CHAPEL ST,100,Feet,S,41.309045,-72.935743,14,Motor Vehicle in Operation,3,Angle,1,On Roadway,1,Clear,1,Clear,1,Daylight,1,Dry,0,None,0,None,88,Not Applicable,0,None,88,Not Applicable,88,Not Applicable,1,Non-Junction,1,Not at Intersection,1,No,1,No,88,Not Applicable,88,Not Applicable,88,Not Applicable,88,Not Applicable,TRUE,1,Public Road,1,"Trafficway, On Road",CT0009300,New Haven PD,45132,08:45.0,C,Closed,01:01.0,,,,,,,
1286280,1,Complete,1286280,1286280,41.3075413,-72.92259,3773483,New Haven,93,93,New Haven,6/25/2025,2025,6,June,25,4,Wednesday,10:51:00,10,25025156,A,1,,Pedestrian,"Injury of any type (Serious, Minor, Possible)",B,Suspected Minor Injury (B),1,0,4,Local,0.64,726,ELM ST NO 2,ELM ST NO 2,ORANGE ST NO 1,,,,,41.3075413,-72.92259,9,Pedestrian,88,Not Applicable,1,On Roadway,1,Clear,88,Not Applicable,1,Daylight,1,Dry,0,None,88,Not Applicable,88,Not Applicable,0,None,88,Not Applicable,88,Not Applicable,3,Intersection-Related,2,Four-Way Intersection,1,No,1,No,88,Not Applicable,88,Not Applicable,88,Not Applicable,88,Not Applicable,FALSE,1,Public Road,1,"Trafficway, On Road",CT0009300,New Haven PD,106,53:45.0,C,Closed,00:36.0,,,,,,,
1286293,1,Complete,1286293,1286293,41.289778,-72.892336,3773496,New Haven,93,93,New Haven,6/28/2025,2025,6,June,28,7,Saturday,11:49:00,11,25025611,A,2,,Motor Vehicle In Motion,"Injury of any type (Serious, Minor, Possible)",C,Possible Injury (C),0,1,4,Local,0.24,597,TOWNSEND AV,TOWNSEND AV,FORBES AVE,,,,,41.289778,-72.892336,14,Motor Vehicle in Operation,3,Angle,1,On Roadway,2,Cloudy,88,Not Applicable,1,Daylight,1,Dry,0,None,88,Not Applicable,88,Not Applicable,0,None,88,Not Applicable,88,Not Applicable,2,Intersection,2,Four-Way Intersection,1,No,1,No,88,Not Applicable,88,Not Applicable,88,Not Applicable,88,Not Applicable,FALSE,1,Public Road,1,"Trafficway, On Road",CT0009300,New Haven PD,980,56:11.0,C,Closed,00:54.0,,,,,,,
1286297,1,Complete,1286297,1286297,41.328806,-72.966383,3773500,New Haven,93,93,New Haven,6/28/2025,2025,6,June,28,7,Saturday,16:43:00,16,25025631,A,2,,Motor Vehicle In Motion,"Injury of any type (Serious, Minor, Possible)",C,Possible Injury (C),0,0,3,State,0.59,63,63-N,63-N,,EMERSON ST,315,Feet,W,41.328806,-72.966383,14,Motor Vehicle in Operation,3,Angle,1,On Roadway,1,Clear,88,Not Applicable,1,Daylight,1,Dry,0,None,88,Not Applicable,88,Not Applicable,0,None,88,Not Applicable,88,Not Applicable,9,Driveway Access-Related,1,Not at Intersection,1,No,1,No,88,Not Applicable,88,Not Applicable,88,Not Applicable,88,Not Applicable,TRUE,1,Public Road,1,"Trafficway, On Road",CT0009300,New Haven PD,402,57:39.0,C,Closed,00:52.0,,,,,,,
1286298,1,Complete,1286298,1286298,41.28987,-72.93343,3773501,New Haven,93,93,New Haven,6/28/2025,2025,6,June,28,7,Saturday,17:12:00,17,25025633,A,2,,Motor Vehicle In Motion,"Injury of any type (Serious, Minor, Possible)",C,Possible Injury (C),0,0,4,Local,0.03,219,FIRST ST,FIRST ST,GREENWICH AVE,,,,,41.28987,-72.93343,14,Motor Vehicle in Operation,3,Angle,1,On Roadway,1,Clear,88,Not Applicable,1,Daylight,1,Dry,0,None,88,Not Applicable,88,Not Applicable,0,None,88,Not Applicable,88,Not Applicable,2,Intersection,2,Four-Way Intersection,1,No,1,No,88,Not Applicable,88,Not Applicable,88,Not Applicable,88,Not Applicable,FALSE,1,Public Road,1,"Trafficway, On Road",CT0009300,New Haven PD,47006,45:32.0,C,Closed,00:51.0,,,,,,,
1286299,1,Complete,1286299,1286299,41.33527466,-72.93510678,3773502,New Haven,93,93,New Haven,6/28/2025,2025,6,June,28,7,Saturday,20:28:00,20,25025651,A,1,,Pedestrian,"Injury of any type (Serious, Minor, Possible)",C,Possible Injury (C),1,0,4,Local,1.58,152,DIXWELL AV,DIXWELL AV,,Cherry Ann St,95,Feet,S,41.33527466,-72.93510678,9,Pedestrian,88,Not Applicable,1,On Roadway,1,Clear,88,Not Applicable,3,Dusk,1,Dry,0,None,88,Not Applicable,88,Not Applicable,0,None,88,Not Applicable,88,Not Applicable,9,Driveway Access-Related,1,Not at Intersection,1,No,1,No,88,Not Applicable,88,Not Applicable,88,Not Applicable,88,Not Applicable,TRUE,88,Not Applicable,3,Non-trafficway,CT0009300,New Haven PD,47007,48:07.0,O,Open,00:52.0,,,,,,,
1286301,1,Complete,1286301,1286301,41.332017,-72.9326082,3773504,New Haven,93,93,New Haven,6/29/2025,2025,6,June,29,1,Sunday,2:44:00,2,25025684,A,1,,Tree (standing),"Injury of any type (Serious, Minor, Possible)",A,Suspected Serious Injury (A),0,0,4,Local,0.34,42,BASSETT ST,BASSETT ST,GOODYEAR ST,,,,,41.332017,-72.9326082,32,Tree (standing),88,Not Applicable,1,On Roadway,1,Clear,88,Not Applicable,4,Dark-Lighted,1,Dry,97,Other,88,Not Applicable,88,Not Applicable,0,None,88,Not Applicable,88,Not Applicable,2,Intersection,3,T-Intersection,1,No,1,No,88,Not Applicable,88,Not Applicable,88,Not Applicable,88,Not Applicable,FALSE,1,Public Road,1,"Trafficway, On Road",CT0009300,New Haven PD,48046,15:03.0,C,Closed,00:52.0,,,,,,,
1286306,1,Complete,1286306,1286306,41.30532254,-72.92410074,3773509,New Haven,93,93,New Haven,6/29/2025,2025,6,June,29,1,Sunday,19:44:00,19,25025763,A,2,,Parked Vehicle,"Injury of any type (Serious, Minor, Possible)",C,Possible Injury (C),0,0,4,Local,1.66,97,CHAPEL ST,CHAPEL ST,,Orange St,35,Feet,E,41.30532254,-72.92410074,14,Motor Vehicle in Operation,4,"Sideswipe, same direction",1,On Roadway,1,Clear,88,Not Applicable,3,Dusk,1,Dry,0,None,88,Not Applicable,88,Not Applicable,0,None,88,Not Applicable,88,Not Applicable,3,Intersection-Related,2,Four-Way Intersection,1,No,1,No,88,Not Applicable,88,Not Applicable,88,Not Applicable,88,Not Applicable,FALSE,1,Public Road,1,"Trafficway, On Road",CT0009300,New Haven PD,44049,13:49.0,C,Closed,00:59.0,,,,,,,
1287835,1,Complete,1287835,1287835,41.313707,-72.934487,3774043,New Haven,93,93,New Haven,6/25/2025,2025,6,June,25,4,Wednesday,15:08:00,15,25025213,A,2,,Motor Vehicle In Motion,"Injury of any type (Serious, Minor, Possible)",C,Possible Injury (C),0,1,4,Local,0.84,653,WHALLEY AV,WHALLEY AV,,DWIGHT ST,100,Feet,W,41.313707,-72.934487,14,Motor Vehicle in Operation,1,Front to rear,1,On Roadway,1,Clear,88,Not Applicable,1,Daylight,1,Dry,0,None,88,Not Applicable,88,Not Applicable,0,None,88,Not Applicable,88,Not Applicable,1,Non-Junction,1,Not at Intersection,1,No,1,No,88,Not Applicable,88,Not Applicable,88,Not Applicable,88,Not Applicable,FALSE,1,Public Road,1,"Trafficway, On Road",CT0009300,New Haven PD,45397,28:24.0,C,Closed,01:26.0,,,,,,,