CrashId,Fatal Case Status,Fatal Case Status Text Format,CrashId,CrashId,Latitude,Longitude,DOT Case Number,Town Name,Town Number,Town Number,Town Number Text Format,Date Of Crash,Year,Month,Month Text Format,Day,Day of the Week,Day of the Week Text Format,Time of Crash,Hour of the Day,Case Identifier,Crash Severity,Number Of Motor Vehicles,Motor vehicle action,Most harmful event,Crash Severity Text Format,Most Severe Injury,Most Severe Injury Text Format,Number Of Non-Motorist,Number Of Witnesses,Route Class,Route Class Text Format,Milemarker,Road Number,Road Description,Roadway Name,Intersecting Roadway Name,Landmark Description,Distance From Nearest Landmark,Unit Of Measure From Nearest Landmark,Direction From Nearest Landmark,Latitude,Longitude,First Harmful Event,First Harmful Event Text Format,Manner of Crash / Collision Impact,Manner of Crash / Collision Impact Text Format,Location of First Harmful Event,Location of First Harmful Event Text Format,Weather Condition,Weather Condition Text Format,Weather 2,Weather 2 Text Format,Light Condition,Light Condition Text Format,Road Surface Condition,Road Surface Condition Text Format,"Contributing Circumstances, Environment","Contributing Circumstances, Environment Text Format",Environment 2,Environment 2 Text Format,Environment 3,Environment 3 Text Format,"Contributing Circumstances, Road","Contributing Circumstances, Road Text Format",Road 2,Road 2 Text Format,Road 3,Road 3 Text Format,Crash Specific Location,Crash Specific Location Text Format,Type of Intersection,Type of Intersection Text Format,School Bus Related,School Bus Related Text Format,Work Zone Related,Work Zone Related Text Format,Location Of Crash Relative To Work Zone,Location Of Crash Relative To Work Zone Text Format,Type of Work Zone,Type of Work Zone Text Format,Worker Presence,Worker Presence Text Format,Law Enforcement Presence,Law Enforcement Presence Text Format,Were Vehicles Moved Prior To Police Arrival,Trafficway Ownership,Trafficway Ownership Text Format,Trafficway Class,Trafficway Class Text Format,Police Agency,Police Agency Text Format,Badge Number,Approval Date,Police Case Status,Police Case Status Text Format,Crash Report Submission Date,Related Case Identifiers,No. of Through Lanes (Log Dir.),Average Daily Traffic,Functional Classification,Functional Classification Text Format,Rural or Urban,Rural or Urban Text Format
1287838,1,Complete,1287838,1287838,41.309391,-72.923355,3774046,New Haven,93,93,New Haven,6/27/2025,2025,6,June,27,6,Friday,19:45:00,19,25025549,A,2,,Motor Vehicle In Motion,"Injury of any type (Serious, Minor, Possible)",B,Suspected Minor Injury (B),0,0,4,Local,0.57,103,CHURCH ST,CHURCH ST,,WALL ST,35,Feet,S,41.309391,-72.923355,14,Motor Vehicle in Operation,4,"Sideswipe, same direction",1,On Roadway,1,Clear,88,Not Applicable,1,Daylight,1,Dry,0,None,88,Not Applicable,88,Not Applicable,0,None,88,Not Applicable,88,Not Applicable,3,Intersection-Related,2,Four-Way Intersection,1,No,1,No,88,Not Applicable,88,Not Applicable,88,Not Applicable,88,Not Applicable,TRUE,1,Public Road,1,"Trafficway, On Road",CT0009300,New Haven PD,45630,10:01.0,C,Closed,01:25.0,,,,,,,
1287839,1,Complete,1287839,1287839,41.298213,-72.926596,3774047,New Haven,93,93,New Haven,6/28/2025,2025,6,June,28,7,Saturday,19:10:00,19,25025643,A,2,,Motor Vehicle In Motion,"Injury of any type (Serious, Minor, Possible)",B,Suspected Minor Injury (B),0,0,2,USRoute,48.01,1,1-N,1-N,,Columbus Ave,300,Feet,S,41.298213,-72.926596,14,Motor Vehicle in Operation,4,"Sideswipe, same direction",1,On Roadway,1,Clear,88,Not Applicable,1,Daylight,1,Dry,0,None,88,Not Applicable,88,Not Applicable,0,None,88,Not Applicable,88,Not Applicable,1,Non-Junction,1,Not at Intersection,1,No,1,No,88,Not Applicable,88,Not Applicable,88,Not Applicable,88,Not Applicable,TRUE,1,Public Road,1,"Trafficway, On Road",CT0009300,New Haven PD,45625,24:01.0,C,Closed,01:20.0,,,,,,,
1287843,1,Complete,1287843,1287843,41.302238,-72.928766,3774051,New Haven,93,93,New Haven,6/30/2025,2025,6,June,30,2,Monday,9:03:00,9,25025827,A,2,,Motor Vehicle In Motion,"Injury of any type (Serious, Minor, Possible)",C,Possible Injury (C),0,0,4,Local,0.52,564,SOUTH FRONTAGE RD,SOUTH FRONTAGE RD,CHURCH ST ,,,,,41.302238,-72.928766,14,Motor Vehicle in Operation,4,"Sideswipe, same direction",1,On Roadway,1,Clear,88,Not Applicable,1,Daylight,1,Dry,0,None,88,Not Applicable,88,Not Applicable,0,None,88,Not Applicable,88,Not Applicable,2,Intersection,2,Four-Way Intersection,1,No,1,No,88,Not Applicable,88,Not Applicable,88,Not Applicable,88,Not Applicable,FALSE,1,Public Road,1,"Trafficway, On Road",CT0009300,New Haven PD,476,44:40.0,C,Closed,01:21.0,,,,,,,
1287844,1,Complete,1287844,1287844,41.320182,-72.922553,3774052,New Haven,93,93,New Haven,6/30/2025,2025,6,June,30,2,Monday,8:40:00,8,25025832,A,1,,Other Non-motorist,"Injury of any type (Serious, Minor, Possible)",C,Possible Injury (C),1,0,4,Local,0.04,184,EDWARDS ST,EDWARDS ST,,PROSPECT ST,200,Feet,E,41.320182,-72.922553,11,Other Non-motorist,88,Not Applicable,1,On Roadway,1,Clear,88,Not Applicable,1,Daylight,1,Dry,0,None,88,Not Applicable,88,Not Applicable,0,None,88,Not Applicable,88,Not Applicable,1,Non-Junction,1,Not at Intersection,1,No,1,No,88,Not Applicable,88,Not Applicable,88,Not Applicable,88,Not Applicable,FALSE,1,Public Road,1,"Trafficway, On Road",CT0009300,New Haven PD,40085,38:54.0,C,Closed,01:27.0,,,,,,,
1287850,1,Complete,1287850,1287850,41.3444486,-72.9557181,3774058,New Haven,93,93,New Haven,6/30/2025,2025,6,June,30,2,Monday,18:43:00,18,25025945,A,3,,Motor Vehicle In Motion,"Injury of any type (Serious, Minor, Possible)",C,Possible Injury (C),0,1,4,Local,0.05,797,AUGUSTINE ST,AUGUSTINE ST,,BROOKSIDE AVE,200,Feet,N,41.3444486,-72.9557181,14,Motor Vehicle in Operation,5,"Sideswipe, opposite direction",1,On Roadway,1,Clear,88,Not Applicable,1,Daylight,1,Dry,0,None,88,Not Applicable,88,Not Applicable,0,None,88,Not Applicable,88,Not Applicable,1,Non-Junction,1,Not at Intersection,1,No,1,No,88,Not Applicable,88,Not Applicable,88,Not Applicable,88,Not Applicable,FALSE,1,Public Road,1,"Trafficway, On Road",CT0009300,New Haven PD,45397,41:18.0,C,Closed,01:28.0,,,,,,,
1288224,1,Complete,1288224,1288224,41.318568,-72.875584,3774432,New Haven,93,93,New Haven,7/1/2025,2025,7,July,1,3,Tuesday,7:26:00,7,25025988,A,2,,Motor Vehicle In Motion,"Injury of any type (Serious, Minor, Possible)",C,Possible Injury (C),0,0,4,Local,2.04,498,QUINNIPIAC AV,QUINNIPIAC AV,,FOXON STREET,412,Feet,S,41.318568,-72.875584,14,Motor Vehicle in Operation,3,Angle,1,On Roadway,2,Cloudy,88,Not Applicable,1,Daylight,2,Wet,0,None,88,Not Applicable,88,Not Applicable,0,None,88,Not Applicable,88,Not Applicable,9,Driveway Access-Related,1,Not at Intersection,1,No,1,No,88,Not Applicable,88,Not Applicable,88,Not Applicable,88,Not Applicable,FALSE,1,Public Road,1,"Trafficway, On Road",CT0009300,New Haven PD,180,15:05.0,C,Closed,00:55.0,25025988,,,,,,
1288227,1,Complete,1288227,1288227,41.284847,-72.893579,3774435,New Haven,93,93,New Haven,7/1/2025,2025,7,July,1,3,Tuesday,10:07:00,10,25026064,A,3,,Motor Vehicle In Motion,"Injury of any type (Serious, Minor, Possible)",C,Possible Injury (C),0,0,3,State,0.34,337,337-E,337-E,Park Lane,,,,,41.284847,-72.893579,14,Motor Vehicle in Operation,3,Angle,1,On Roadway,1,Clear,88,Not Applicable,1,Daylight,1,Dry,0,None,88,Not Applicable,88,Not Applicable,0,None,88,Not Applicable,88,Not Applicable,1,Non-Junction,1,Not at Intersection,1,No,1,No,88,Not Applicable,88,Not Applicable,88,Not Applicable,88,Not Applicable,FALSE,1,Public Road,1,"Trafficway, On Road",CT0009300,New Haven PD,180,55:04.0,C,Closed,00:56.0,25026064,,,,,,
1288232,1,Complete,1288232,1288232,41.317407,-72.901641,3774440,New Haven,93,93,New Haven,7/1/2025,2025,7,July,1,3,Tuesday,13:34:00,13,25026139,A,2,,Motor Vehicle In Motion,"Injury of any type (Serious, Minor, Possible)",C,Possible Injury (C),0,0,2,USRoute,0.16,5,5-N,5-N,,BLATCHLEY AVE,50,Feet,W,41.317407,-72.901641,14,Motor Vehicle in Operation,3,Angle,1,On Roadway,1,Clear,88,Not Applicable,1,Daylight,1,Dry,0,None,88,Not Applicable,88,Not Applicable,0,None,88,Not Applicable,88,Not Applicable,1,Non-Junction,1,Not at Intersection,1,No,1,No,88,Not Applicable,88,Not Applicable,88,Not Applicable,88,Not Applicable,TRUE,1,Public Road,1,"Trafficway, On Road",CT0009300,New Haven PD,46614,53:07.0,C,Closed,00:59.0,,,,,,,
1288237,1,Complete,1288237,1288237,41.301845,-72.940321,3774445,New Haven,93,93,New Haven,7/1/2025,2025,7,July,1,3,Tuesday,15:40:00,15,25026163,A,2,,Motor Vehicle In Motion,"Injury of any type (Serious, Minor, Possible)",A,Suspected Serious Injury (A),0,0,4,Local,0.49,141,DAVENPORT AV,DAVENPORT AV,BALDWIN ST,,,,,41.301845,-72.940321,14,Motor Vehicle in Operation,3,Angle,1,On Roadway,1,Clear,88,Not Applicable,1,Daylight,1,Dry,97,Other,88,Not Applicable,88,Not Applicable,97,Other,88,Not Applicable,88,Not Applicable,2,Intersection,3,T-Intersection,1,No,1,No,88,Not Applicable,88,Not Applicable,88,Not Applicable,88,Not Applicable,FALSE,1,Public Road,1,"Trafficway, On Road",CT0009300,New Haven PD,33016,37:45.0,C,Closed,01:02.0,,,,,,,
1288241,1,Complete,1288241,1288241,41.316084,-72.920805,3774449,New Haven,93,93,New Haven,7/1/2025,2025,7,July,1,3,Tuesday,8:02:00,8,202501461,A,2,,Motor Vehicle In Motion,"Injury of any type (Serious, Minor, Possible)",C,Possible Injury (C),0,1,,,,,,170 WHITNEY AVENUE,HUMPHREY STREET,,,,,41.316084,-72.920805,14,Motor Vehicle in Operation,7,Rear to rear,8,"Off Roadway,  Location Unknown",1,Clear,88,Not Applicable,1,Daylight,2,Wet,0,None,88,Not Applicable,88,Not Applicable,0,None,88,Not Applicable,88,Not Applicable,5,Entrance / Exit Ramp-Related,1,Not at Intersection,1,No,1,No,88,Not Applicable,88,Not Applicable,88,Not Applicable,88,Not Applicable,FALSE,2,Private Road,4,Parking Lot,CT0009300,New Haven PD,118,09:51.0,O,Open,04:37.0,2025-01461,,,,,,
1288615,1,Complete,1288615,1288615,41.31989,-72.950422,3774823,New Haven,93,93,New Haven,6/28/2025,2025,6,June,28,7,Saturday,16:33:00,16,25025626,A,1,,Pedestrian,"Injury of any type (Serious, Minor, Possible)",C,Possible Injury (C),1,0,3,State,3.12,10,10-N,10-N,,BLAKE STREET,106,Feet,S,41.31989,-72.950422,9,Pedestrian,88,Not Applicable,7,In Parking Lane or Zone,1,Clear,88,Not Applicable,1,Daylight,1,Dry,0,None,88,Not Applicable,88,Not Applicable,0,None,88,Not Applicable,88,Not Applicable,1,Non-Junction,1,Not at Intersection,1,No,1,No,88,Not Applicable,88,Not Applicable,88,Not Applicable,88,Not Applicable,FALSE,1,Public Road,1,"Trafficway, On Road",CT0009300,New Haven PD,45398,06:35.0,O,Open,00:38.0,,,,,,,
1288616,1,Complete,1288616,1288616,41.317988,-72.941601,3774824,New Haven,93,93,New Haven,6/29/2025,2025,6,June,29,1,Sunday,17:04:00,17,25025741,A,2,,Motor Vehicle In Motion,"Injury of any type (Serious, Minor, Possible)",C,Possible Injury (C),0,0,4,Local,0.87,556,SHERMAN AV,SHERMAN AV,,Percival Street,184,Feet,S,41.317988,-72.941601,14,Motor Vehicle in Operation,5,"Sideswipe, opposite direction",1,On Roadway,1,Clear,88,Not Applicable,1,Daylight,1,Dry,0,None,88,Not Applicable,88,Not Applicable,0,None,88,Not Applicable,88,Not Applicable,1,Non-Junction,1,Not at Intersection,1,No,1,No,88,Not Applicable,88,Not Applicable,88,Not Applicable,88,Not Applicable,FALSE,1,Public Road,1,"Trafficway, On Road",CT0009300,New Haven PD,45398,47:36.0,O,Open,00:39.0,,,,,,,
1288619,1,Complete,1288619,1288619,41.319237,-72.898919,3774827,New Haven,93,93,New Haven,7/1/2025,2025,7,July,1,3,Tuesday,16:17:00,16,25026162,A,2,,Motor Vehicle In Motion,"Injury of any type (Serious, Minor, Possible)",C,Possible Injury (C),0,0,2,USRoute,0.35,5,5-N,5-N,,MAY ST,40,Feet,S,41.319237,-72.898919,14,Motor Vehicle in Operation,3,Angle,1,On Roadway,1,Clear,88,Not Applicable,1,Daylight,1,Dry,0,None,88,Not Applicable,88,Not Applicable,0,None,88,Not Applicable,88,Not Applicable,3,Intersection-Related,2,Four-Way Intersection,1,No,1,No,88,Not Applicable,88,Not Applicable,88,Not Applicable,88,Not Applicable,TRUE,1,Public Road,1,"Trafficway, On Road",CT0009300,New Haven PD,40085,42:00.0,C,Closed,00:42.0,,,,,,,
1288621,1,Complete,1288621,1288621,41.322072,-72.911742,3774829,New Haven,93,93,New Haven,7/2/2025,2025,7,July,2,4,Wednesday,7:01:00,7,25026268,A,3,,Motor Vehicle In Motion,"Injury of any type (Serious, Minor, Possible)",C,Possible Injury (C),0,0,4,Local,0.39,450,ORANGE ST NO 1,ORANGE ST NO 1,WILLOW ST,,,,,41.322072,-72.911742,14,Motor Vehicle in Operation,3,Angle,1,On Roadway,4,Rain,88,Not Applicable,1,Daylight,2,Wet,0,None,88,Not Applicable,88,Not Applicable,0,None,88,Not Applicable,88,Not Applicable,2,Intersection,2,Four-Way Intersection,1,No,1,No,88,Not Applicable,88,Not Applicable,88,Not Applicable,88,Not Applicable,FALSE,1,Public Road,1,"Trafficway, On Road",CT0009300,New Haven PD,87,10:51.0,C,Closed,00:42.0,,,,,,,
1288622,1,Complete,1288622,1288622,41.314237,-72.93587,3774830,New Haven,93,93,New Haven,7/2/2025,2025,7,July,2,4,Wednesday,15:35:00,15,25026347,A,1,,Utility Pole,"Injury of any type (Serious, Minor, Possible)",A,Suspected Serious Injury (A),0,0,4,Local,0.76,653,WHALLEY AV,WHALLEY AV,SPERRY ST,,,,,41.314237,-72.93587,33,Utility Pole/Light Support,88,Not Applicable,1,On Roadway,1,Clear,88,Not Applicable,1,Daylight,1,Dry,0,None,88,Not Applicable,88,Not Applicable,0,None,88,Not Applicable,88,Not Applicable,2,Intersection,3,T-Intersection,1,No,1,No,88,Not Applicable,88,Not Applicable,88,Not Applicable,88,Not Applicable,FALSE,1,Public Road,1,"Trafficway, On Road",CT0009300,New Haven PD,44947,53:32.0,C,Closed,00:42.0,,,,,,,
1288624,1,Complete,1288624,1288624,41.309622,-72.936646,3774832,New Haven,93,93,New Haven,7/2/2025,2025,7,July,2,4,Wednesday,16:48:00,16,25026382,A,2,,Motor Vehicle In Motion,"Injury of any type (Serious, Minor, Possible)",C,Possible Injury (C),0,0,4,Local,2.4,97,CHAPEL ST,CHAPEL ST,,DWIGHT ST,75,Feet,E,41.309622,-72.936646,14,Motor Vehicle in Operation,3,Angle,1,On Roadway,1,Clear,88,Not Applicable,1,Daylight,1,Dry,0,None,0,None,88,Not Applicable,0,None,88,Not Applicable,88,Not Applicable,1,Non-Junction,1,Not at Intersection,1,No,1,No,88,Not Applicable,88,Not Applicable,88,Not Applicable,88,Not Applicable,TRUE,1,Public Road,1,"Trafficway, On Road",CT0009300,New Haven PD,45132,17:23.0,C,Closed,00:42.0,,,,,,,
1288902,1,Complete,1288902,1288902,41.33132,-72.86754,3775110,New Haven,93,93,New Haven,7/1/2025,2025,7,July,1,3,Tuesday,21:48:00,21,25026246,A,2,,Motor Vehicle In Motion,"Injury of any type (Serious, Minor, Possible)",B,Suspected Minor Injury (B),0,0,4,Local,0,561,SMITH AV,SMITH AV,Quinnipiac Ave,,,,,41.33132,-72.86754,14,Motor Vehicle in Operation,3,Angle,1,On Roadway,1,Clear,88,Not Applicable,4,Dark-Lighted,1,Dry,0,None,88,Not Applicable,88,Not Applicable,0,None,88,Not Applicable,88,Not Applicable,2,Intersection,2,Four-Way Intersection,1,No,1,No,88,Not Applicable,88,Not Applicable,88,Not Applicable,88,Not Applicable,FALSE,1,Public Road,1,"Trafficway, On Road",CT0009300,New Haven PD,42049,00:27.0,O,Open,00:28.0,,,,,,,
1288904,1,Complete,1288904,1288904,41.304204,-72.931027,3775112,New Haven,93,93,New Haven,7/2/2025,2025,7,July,2,4,Wednesday,10:38:00,10,25026319,A,1,,Tree (standing),"Injury of any type (Serious, Minor, Possible)",C,Possible Injury (C),0,0,4,Local,0.59,117,COLLEGE ST,COLLEGE ST,REV DR MARTIN LUTHER KING JR BLVD,,,,,41.304204,-72.931027,32,Tree (standing),88,Not Applicable,1,On Roadway,2,Cloudy,88,Not Applicable,1,Daylight,1,Dry,0,None,88,Not Applicable,88,Not Applicable,0,None,88,Not Applicable,88,Not Applicable,2,Intersection,2,Four-Way Intersection,1,No,1,No,88,Not Applicable,88,Not Applicable,88,Not Applicable,88,Not Applicable,FALSE,1,Public Road,1,"Trafficway, On Road",CT0009300,New Haven PD,43688,24:28.0,C,Closed,00:27.0,,,,,,,
1288910,1,Complete,1288910,1288910,41.3092791,-72.935449,3775118,New Haven,93,93,New Haven,7/3/2025,2025,7,July,3,5,Thursday,12:37:00,12,25026511,A,1,,Pedalcycle/Pedalcyclist,"Injury of any type (Serious, Minor, Possible)",B,Suspected Minor Injury (B),1,0,4,Local,2.34,97,CHAPEL ST,CHAPEL ST,HOWE ST,,,,,41.3092791,-72.935449,10,Pedalcycle/Pedalcyclist,3,Angle,1,On Roadway,1,Clear,88,Not Applicable,1,Daylight,1,Dry,0,None,88,Not Applicable,88,Not Applicable,0,None,88,Not Applicable,88,Not Applicable,2,Intersection,2,Four-Way Intersection,1,No,1,No,88,Not Applicable,88,Not Applicable,88,Not Applicable,88,Not Applicable,TRUE,1,Public Road,1,"Trafficway, On Road",CT0009300,New Haven PD,48044,25:31.0,C,Closed,00:31.0,,,,,,,
1288914,1,Complete,1288914,1288914,41.2946908,-72.8934033,3775122,New Haven,93,93,New Haven,7/3/2025,2025,7,July,3,5,Thursday,19:42:00,19,25026600,A,2,,Motor Vehicle In Motion,"Injury of any type (Serious, Minor, Possible)",B,Suspected Minor Injury (B),0,0,4,Local,0.2,95,CHAMBERLAIN ST,CHAMBERLAIN ST,FAIRMONT AV,,,,,41.2946908,-72.8934033,14,Motor Vehicle in Operation,1,Front to rear,1,On Roadway,4,Rain,88,Not Applicable,1,Daylight,2,Wet,0,None,88,Not Applicable,88,Not Applicable,0,None,88,Not Applicable,88,Not Applicable,2,Intersection,3,T-Intersection,1,No,1,No,88,Not Applicable,88,Not Applicable,88,Not Applicable,88,Not Applicable,TRUE,1,Public Road,1,"Trafficway, On Road",CT0009300,New Haven PD,46622,21:20.0,O,Open,00:31.0,,,,,,,
1289317,1,Complete,1289317,1289317,41.31951,-72.898059,3775525,New Haven,93,93,New Haven,7/5/2025,2025,7,July,5,7,Saturday,10:53:00,10,25024468,A,1,,Pedestrian,"Injury of any type (Serious, Minor, Possible)",C,Possible Injury (C),1,0,,,,,,1331 STATE ST,,FERRY ST,110,Feet,N,41.31951,-72.898059,9,Pedestrian,88,Not Applicable,97,Other,1,Clear,88,Not Applicable,1,Daylight,1,Dry,0,None,88,Not Applicable,88,Not Applicable,0,None,88,Not Applicable,88,Not Applicable,1,Non-Junction,1,Not at Intersection,1,No,1,No,88,Not Applicable,88,Not Applicable,88,Not Applicable,88,Not Applicable,FALSE,88,Not Applicable,4,Parking Lot,CT0009300,New Haven PD,46623,49:36.0,C,Closed,01:02.0,,,,,,,
1289333,1,Complete,1289333,1289333,41.29766388,-72.94089314,3775541,New Haven,93,93,New Haven,7/4/2025,2025,7,July,4,6,Friday,13:56:00,13,25026675,A,2,,Motor Vehicle In Motion,"Injury of any type (Serious, Minor, Possible)",C,Possible Injury (C),0,1,2,USRoute,47.05,1,1-N,1-N,WEST ST,,,,,41.29766388,-72.94089314,14,Motor Vehicle in Operation,3,Angle,1,On Roadway,1,Clear,1,Clear,1,Daylight,1,Dry,0,None,88,Not Applicable,88,Not Applicable,0,None,88,Not Applicable,88,Not Applicable,2,Intersection,2,Four-Way Intersection,1,No,1,No,88,Not Applicable,88,Not Applicable,88,Not Applicable,88,Not Applicable,FALSE,1,Public Road,1,"Trafficway, On Road",CT0009300,New Haven PD,47738,19:27.0,O,Open,00:54.0,,,,,,,
1289337,1,Complete,1289337,1289337,41.330227,-72.86826,3775545,New Haven,93,93,New Haven,7/5/2025,2025,7,July,5,7,Saturday,0:22:00,0,25026717,A,2,,Motor Vehicle In Motion,"Injury of any type (Serious, Minor, Possible)",A,Suspected Serious Injury (A),0,0,3,State,0.71,103,103-N,103-N,,FIORE STREET,100,Feet,N,41.330227,-72.86826,15,Parked Motor Vehicle,4,"Sideswipe, same direction",7,In Parking Lane or Zone,1,Clear,88,Not Applicable,5,Dark-Not Lighted,1,Dry,0,None,88,Not Applicable,88,Not Applicable,0,None,88,Not Applicable,88,Not Applicable,1,Non-Junction,1,Not at Intersection,1,No,1,No,88,Not Applicable,88,Not Applicable,88,Not Applicable,88,Not Applicable,TRUE,1,Public Road,1,"Trafficway, On Road",CT0009300,New Haven PD,44048,32:11.0,O,Open,00:56.0,,,,,,,
1289338,1,Complete,1289338,1289338,41.32137,-72.87371,3775546,New Haven,93,93,New Haven,7/4/2025,2025,7,July,4,6,Friday,23:33:00,23,25026719,A,2,,Motor Vehicle In Motion,"Injury of any type (Serious, Minor, Possible)",C,Possible Injury (C),0,0,3,State,0.04,103,103-N,103-N,,Route 80,145,Feet,N,41.32137,-72.87371,14,Motor Vehicle in Operation,3,Angle,1,On Roadway,1,Clear,88,Not Applicable,4,Dark-Lighted,1,Dry,0,None,88,Not Applicable,88,Not Applicable,0,None,88,Not Applicable,88,Not Applicable,1,Non-Junction,1,Not at Intersection,1,No,1,No,88,Not Applicable,88,Not Applicable,88,Not Applicable,88,Not Applicable,FALSE,1,Public Road,1,"Trafficway, On Road",CT0009300,New Haven PD,48045,02:24.0,C,Closed,00:55.0,25-026717,,,,,,
1289341,1,Complete,1289341,1289341,41.319269,-72.898581,3775549,New Haven,93,93,New Haven,7/5/2025,2025,7,July,5,7,Saturday,0:22:00,0,25026729,A,1,,Tree (standing),"Injury of any type (Serious, Minor, Possible)",B,Suspected Minor Injury (B),0,0,4,Local,0.01,213,FERRY ST,FERRY ST,,STATE ST,30,Feet,S,41.319269,-72.898581,32,Tree (standing),88,Not Applicable,1,On Roadway,1,Clear,88,Not Applicable,4,Dark-Lighted,1,Dry,0,None,88,Not Applicable,88,Not Applicable,0,None,88,Not Applicable,88,Not Applicable,3,Intersection-Related,2,Four-Way Intersection,1,No,1,No,88,Not Applicable,88,Not Applicable,88,Not Applicable,88,Not Applicable,FALSE,1,Public Road,1,"Trafficway, On Road",CT0009300,New Haven PD,48045,43:18.0,C,Closed,00:56.0,,,,,,,
1289342,1,Complete,1289342,1289342,41.33044,-72.875212,3775550,New Haven,93,93,New Haven,7/5/2025,2025,7,July,5,7,Saturday,1:00:00,1,25026734,A,2,,Motor Vehicle In Motion,"Injury of any type (Serious, Minor, Possible)",B,Suspected Minor Injury (B),0,0,3,State,0.78,17,17-N,17-N,,CROSS STREET,226,Feet,S,41.33044,-72.875212,14,Motor Vehicle in Operation,3,Angle,1,On Roadway,1,Clear,88,Not Applicable,5,Dark-Not Lighted,1,Dry,0,None,88,Not Applicable,88,Not Applicable,0,None,88,Not Applicable,88,Not Applicable,9,Driveway Access-Related,1,Not at Intersection,1,No,1,No,88,Not Applicable,88,Not Applicable,88,Not Applicable,88,Not Applicable,FALSE,1,Public Road,1,"Trafficway, On Road",CT0009300,New Haven PD,44063,57:40.0,C,Closed,00:55.0,,,,,,,
1289343,1,Complete,1289343,1289343,41.299251,-72.892325,3775551,New Haven,93,93,New Haven,7/5/2025,2025,7,July,5,7,Saturday,4:33:00,4,25026747,A,2,,Parked Vehicle,"Injury of any type (Serious, Minor, Possible)",C,Possible Injury (C),0,0,4,Local,0.33,210,FARREN AV,FARREN AV,,LANCRAFT ST,300,Feet,N,41.299251,-72.892325,14,Motor Vehicle in Operation,4,"Sideswipe, same direction",1,On Roadway,1,Clear,88,Not Applicable,4,Dark-Lighted,1,Dry,0,None,88,Not Applicable,88,Not Applicable,0,None,88,Not Applicable,88,Not Applicable,1,Non-Junction,1,Not at Intersection,1,No,1,No,88,Not Applicable,88,Not Applicable,88,Not Applicable,88,Not Applicable,FALSE,1,Public Road,1,"Trafficway, On Road",CT0009300,New Haven PD,45630,11:00.0,C,Closed,00:56.0,,,,,,,
1289349,1,Complete,1289349,1289349,41.330896,-72.927362,3775557,New Haven,93,93,New Haven,7/5/2025,2025,7,July,5,7,Saturday,18:39:00,18,25026792,A,2,,Motor Vehicle In Motion,"Injury of any type (Serious, Minor, Possible)",C,Possible Injury (C),0,0,4,Local,0.63,42,BASSETT ST,BASSETT ST,,NEWHALL ST,135,Feet,E,41.330896,-72.927362,14,Motor Vehicle in Operation,3,Angle,1,On Roadway,1,Clear,88,Not Applicable,1,Daylight,1,Dry,0,None,88,Not Applicable,88,Not Applicable,0,None,88,Not Applicable,88,Not Applicable,9,Driveway Access-Related,1,Not at Intersection,1,No,1,No,88,Not Applicable,88,Not Applicable,88,Not Applicable,88,Not Applicable,FALSE,1,Public Road,1,"Trafficway, On Road",CT0009300,New Haven PD,46616,52:09.0,C,Closed,00:57.0,,,,,,,
1289927,1,Complete,1289927,1289927,41.304353,-72.928668,3776135,New Haven,93,93,New Haven,6/27/2025,2025,6,June,27,6,Friday,23:10:00,23,25025567,A,4,,Motor Vehicle In Motion,"Injury of any type (Serious, Minor, Possible)",C,Possible Injury (C),0,0,4,Local,0.75,588,TEMPLE ST,TEMPLE ST,GEORGE ST,,,,,41.304353,-72.928668,14,Motor Vehicle in Operation,3,Angle,1,On Roadway,1,Clear,88,Not Applicable,4,Dark-Lighted,1,Dry,0,None,88,Not Applicable,88,Not Applicable,0,None,88,Not Applicable,88,Not Applicable,2,Intersection,2,Four-Way Intersection,1,No,1,No,88,Not Applicable,88,Not Applicable,88,Not Applicable,88,Not Applicable,FALSE,1,Public Road,1,"Trafficway, On Road",CT0009300,New Haven PD,44047,45:12.0,O,Open,01:58.0,,,,,,,
1289928,1,Complete,1289928,1289928,41.320863,-72.874052,3776136,New Haven,93,93,New Haven,7/1/2025,2025,7,July,1,3,Tuesday,12:27:00,12,25026081,A,2,,Motor Vehicle In Motion,"Injury of any type (Serious, Minor, Possible)",C,Possible Injury (C),0,0,3,State,0.44,80,80-E,80-E,QUINNIPIAC AVE,,,,,41.320863,-72.874052,14,Motor Vehicle in Operation,4,"Sideswipe, same direction",1,On Roadway,1,Clear,88,Not Applicable,1,Daylight,1,Dry,0,None,88,Not Applicable,88,Not Applicable,0,None,88,Not Applicable,88,Not Applicable,2,Intersection,2,Four-Way Intersection,1,No,1,No,88,Not Applicable,88,Not Applicable,88,Not Applicable,88,Not Applicable,FALSE,1,Public Road,1,"Trafficway, On Road",CT0009300,New Haven PD,45701,52:44.0,C,Closed,01:57.0,,,,,,,
1289931,1,Complete,1289931,1289931,41.305513,-72.95234,3776139,New Haven,93,93,New Haven,7/6/2025,2025,7,July,6,1,Sunday,18:10:00,18,25026911,A,1,,Curb,"Injury of any type (Serious, Minor, Possible)",C,Possible Injury (C),0,1,4,Local,0.01,360,LEGION AV,LEGION AV,,ELLA T GRASSO BLVD,45,Feet,E,41.305513,-72.95234,25,Curb,88,Not Applicable,1,On Roadway,1,Clear,88,Not Applicable,1,Daylight,1,Dry,0,None,88,Not Applicable,88,Not Applicable,0,None,88,Not Applicable,88,Not Applicable,3,Intersection-Related,3,T-Intersection,1,No,1,No,88,Not Applicable,88,Not Applicable,88,Not Applicable,88,Not Applicable,FALSE,1,Public Road,1,"Trafficway, On Road",CT0009300,New Haven PD,45394,54:58.0,O,Open,02:01.0,,,,,,,