CrashId,Fatal Case Status,Fatal Case Status Text Format,CrashId,CrashId,Latitude,Longitude,DOT Case Number,Town Name,Town Number,Town Number,Town Number Text Format,Date Of Crash,Year,Month,Month Text Format,Day,Day of the Week,Day of the Week Text Format,Time of Crash,Hour of the Day,Case Identifier,Crash Severity,Number Of Motor Vehicles,Motor vehicle action,Most harmful event,Crash Severity Text Format,Most Severe Injury,Most Severe Injury Text Format,Number Of Non-Motorist,Number Of Witnesses,Route Class,Route Class Text Format,Milemarker,Road Number,Road Description,Roadway Name,Intersecting Roadway Name,Landmark Description,Distance From Nearest Landmark,Unit Of Measure From Nearest Landmark,Direction From Nearest Landmark,Latitude,Longitude,First Harmful Event,First Harmful Event Text Format,Manner of Crash / Collision Impact,Manner of Crash / Collision Impact Text Format,Location of First Harmful Event,Location of First Harmful Event Text Format,Weather Condition,Weather Condition Text Format,Weather 2,Weather 2 Text Format,Light Condition,Light Condition Text Format,Road Surface Condition,Road Surface Condition Text Format,"Contributing Circumstances, Environment","Contributing Circumstances, Environment Text Format",Environment 2,Environment 2 Text Format,Environment 3,Environment 3 Text Format,"Contributing Circumstances, Road","Contributing Circumstances, Road Text Format",Road 2,Road 2 Text Format,Road 3,Road 3 Text Format,Crash Specific Location,Crash Specific Location Text Format,Type of Intersection,Type of Intersection Text Format,School Bus Related,School Bus Related Text Format,Work Zone Related,Work Zone Related Text Format,Location Of Crash Relative To Work Zone,Location Of Crash Relative To Work Zone Text Format,Type of Work Zone,Type of Work Zone Text Format,Worker Presence,Worker Presence Text Format,Law Enforcement Presence,Law Enforcement Presence Text Format,Were Vehicles Moved Prior To Police Arrival,Trafficway Ownership,Trafficway Ownership Text Format,Trafficway Class,Trafficway Class Text Format,Police Agency,Police Agency Text Format,Badge Number,Approval Date,Police Case Status,Police Case Status Text Format,Crash Report Submission Date,Related Case Identifiers,No. of Through Lanes (Log Dir.),Average Daily Traffic,Functional Classification,Functional Classification Text Format,Rural or Urban,Rural or Urban Text Format
1289935,1,Complete,1289935,1289935,41.301162,-72.935197,3776143,New Haven,93,93,New Haven,7/7/2025,2025,7,July,7,2,Monday,8:07:00,8,25026965,A,2,,Motor Vehicle In Motion,"Injury of any type (Serious, Minor, Possible)",C,Possible Injury (C),0,0,4,Local,0.37,308,HOWARD AV,HOWARD AV,,CONGRESS AVE,59,Feet,S,41.301162,-72.935197,14,Motor Vehicle in Operation,4,"Sideswipe, same direction",1,On Roadway,1,Clear,88,Not Applicable,1,Daylight,1,Dry,0,None,88,Not Applicable,88,Not Applicable,0,None,88,Not Applicable,88,Not Applicable,3,Intersection-Related,2,Four-Way Intersection,1,No,1,No,88,Not Applicable,88,Not Applicable,88,Not Applicable,88,Not Applicable,TRUE,1,Public Road,1,"Trafficway, On Road",CT0009300,New Haven PD,40810,29:46.0,C,Closed,01:59.0,,,,,,,
1289937,1,Complete,1289937,1289937,41.304891,-72.938307,3776145,New Haven,93,93,New Haven,7/7/2025,2025,7,July,7,2,Monday,15:35:00,15,25027030,A,2,,Motor Vehicle In Motion,"Injury of any type (Serious, Minor, Possible)",C,Possible Injury (C),0,0,4,Local,0.06,585,SYLVAN AV,SYLVAN AV,VERNON ST,,,,,41.304891,-72.938307,14,Motor Vehicle in Operation,1,Front to rear,1,On Roadway,1,Clear,88,Not Applicable,1,Daylight,1,Dry,0,None,88,Not Applicable,88,Not Applicable,0,None,88,Not Applicable,88,Not Applicable,3,Intersection-Related,3,T-Intersection,1,No,1,No,88,Not Applicable,88,Not Applicable,88,Not Applicable,88,Not Applicable,FALSE,1,Public Road,1,"Trafficway, On Road",CT0009300,New Haven PD,42366,20:31.0,C,Closed,02:00.0,,,,,,,
1290291,1,Complete,1290291,1290291,41.311722,-72.925515,3776499,New Haven,93,93,New Haven,7/5/2025,2025,7,July,5,7,Saturday,23:04:00,23,25026833,A,2,,Motor Vehicle In Motion,"Injury of any type (Serious, Minor, Possible)",B,Suspected Minor Injury (B),0,0,4,Local,0,495,PROSPECT ST,PROSPECT ST,GROVE ST,,,,,41.311722,-72.925515,14,Motor Vehicle in Operation,3,Angle,1,On Roadway,1,Clear,88,Not Applicable,4,Dark-Lighted,1,Dry,0,None,88,Not Applicable,88,Not Applicable,0,None,88,Not Applicable,88,Not Applicable,2,Intersection,2,Four-Way Intersection,1,No,1,No,88,Not Applicable,88,Not Applicable,88,Not Applicable,88,Not Applicable,FALSE,1,Public Road,1,"Trafficway, On Road",CT0009300,New Haven PD,45630,10:52.0,C,Closed,01:00.0,,,,,,,
1290301,1,Complete,1290301,1290301,41.31945,-72.898742,3776509,New Haven,93,93,New Haven,7/8/2025,2025,7,July,8,3,Tuesday,18:52:00,18,25027261,A,1,,Traffic Signal Support,"Injury of any type (Serious, Minor, Possible)",C,Possible Injury (C),0,0,2,USRoute,0.37,5,5-N,5-N,May St,,,,,41.31945,-72.898742,25,Curb,88,Not Applicable,4,Roadside,1,Clear,88,Not Applicable,1,Daylight,1,Dry,97,Other,88,Not Applicable,88,Not Applicable,0,None,88,Not Applicable,88,Not Applicable,2,Intersection,2,Four-Way Intersection,1,No,1,No,88,Not Applicable,88,Not Applicable,88,Not Applicable,88,Not Applicable,FALSE,1,Public Road,1,"Trafficway, On Road",CT0009300,New Haven PD,47739,18:05.0,C,Closed,01:01.0,,,,,,,
1290654,1,Complete,1290654,1290654,41.295046,-72.917193,3776862,New Haven,93,93,New Haven,6/22/2025,2025,6,June,22,1,Sunday,1:25:00,1,25024658,A,2,,Motor Vehicle In Motion,"Injury of any type (Serious, Minor, Possible)",C,Possible Injury (C),0,0,4,Local,0.77,513,LONG WHARF DR,LONG WHARF DR,,CANAL DOCK RD,180,Feet,S,41.295046,-72.917193,14,Motor Vehicle in Operation,4,"Sideswipe, same direction",1,On Roadway,1,Clear,88,Not Applicable,5,Dark-Not Lighted,1,Dry,99,Unknown,88,Not Applicable,88,Not Applicable,0,None,88,Not Applicable,88,Not Applicable,1,Non-Junction,1,Not at Intersection,1,No,1,No,88,Not Applicable,88,Not Applicable,88,Not Applicable,88,Not Applicable,FALSE,1,Public Road,1,"Trafficway, On Road",CT0009300,New Haven PD,43690,05:41.0,C,Closed,00:26.0,,,,,,,
1290656,1,Complete,1290656,1290656,41.31786,-72.941692,3776864,New Haven,93,93,New Haven,7/6/2025,2025,7,July,6,1,Sunday,16:22:00,16,25025735,A,2,,Motor Vehicle In Motion,"Injury of any type (Serious, Minor, Possible)",C,Possible Injury (C),0,0,4,Local,0.86,556,SHERMAN AV,SHERMAN AV,,Percival Street,230,Feet,S,41.31786,-72.941692,14,Motor Vehicle in Operation,2,Front to front,1,On Roadway,1,Clear,88,Not Applicable,1,Daylight,1,Dry,0,None,88,Not Applicable,88,Not Applicable,0,None,88,Not Applicable,88,Not Applicable,1,Non-Junction,1,Not at Intersection,1,No,1,No,88,Not Applicable,88,Not Applicable,88,Not Applicable,88,Not Applicable,FALSE,1,Public Road,1,"Trafficway, On Road",CT0009300,New Haven PD,45398,21:23.0,O,Open,00:21.0,,,,,,,
1290657,1,Complete,1290657,1290657,41.286729,-72.924644,3776865,New Haven,93,93,New Haven,7/1/2025,2025,7,July,1,3,Tuesday,23:57:00,23,25026255,A,1,,Fell/Jumped From Vehicle,"Injury of any type (Serious, Minor, Possible)",B,Suspected Minor Injury (B),0,0,4,Local,0.07,513,LONG WHARF DR,LONG WHARF DR,,SARGENT DR,365,Feet,E,41.286729,-72.924644,6,Fell/Jumped from Vehicle,88,Not Applicable,1,On Roadway,4,Rain,88,Not Applicable,4,Dark-Lighted,2,Wet,1,Weather Conditions,88,Not Applicable,88,Not Applicable,0,None,88,Not Applicable,88,Not Applicable,1,Non-Junction,1,Not at Intersection,1,No,1,No,88,Not Applicable,88,Not Applicable,88,Not Applicable,88,Not Applicable,TRUE,1,Public Road,1,"Trafficway, On Road",CT0009300,New Haven PD,46898,58:58.0,C,Closed,00:27.0,,,,,,,
1290659,1,Complete,1290659,1290659,41.297332,-72.948697,3776867,New Haven,93,93,New Haven,7/4/2025,2025,7,July,4,6,Friday,21:48:00,21,25026714,A,2,,Motor Vehicle In Motion,"Injury of any type (Serious, Minor, Possible)",A,Suspected Serious Injury (A),0,0,3,State,1.46,10,10-N,10-N,,COLUMBUS AVE,25,Feet,S,41.297332,-72.948697,14,Motor Vehicle in Operation,1,Front to rear,1,On Roadway,1,Clear,88,Not Applicable,4,Dark-Lighted,1,Dry,0,None,88,Not Applicable,88,Not Applicable,0,None,88,Not Applicable,88,Not Applicable,3,Intersection-Related,2,Four-Way Intersection,1,No,1,No,88,Not Applicable,88,Not Applicable,88,Not Applicable,88,Not Applicable,FALSE,1,Public Road,1,"Trafficway, On Road",CT0009300,New Haven PD,45392,16:26.0,O,Open,00:26.0,N/A,,,,,,
1290663,1,Complete,1290663,1290663,41.327481,-72.953295,3776871,New Haven,93,93,New Haven,7/9/2025,2025,7,July,9,4,Wednesday,7:35:00,7,25027313,A,2,,Motor Vehicle In Motion,"Injury of any type (Serious, Minor, Possible)",A,Suspected Serious Injury (A),0,0,4,Local,0.55,56,BLAKE ST,BLAKE ST,FITCH ST,,,,,41.327481,-72.953295,14,Motor Vehicle in Operation,3,Angle,1,On Roadway,1,Clear,88,Not Applicable,1,Daylight,1,Dry,0,None,88,Not Applicable,88,Not Applicable,0,None,88,Not Applicable,88,Not Applicable,2,Intersection,2,Four-Way Intersection,1,No,1,No,88,Not Applicable,88,Not Applicable,88,Not Applicable,88,Not Applicable,FALSE,1,Public Road,1,"Trafficway, On Road",CT0009300,New Haven PD,33016,01:41.0,C,Closed,00:27.0,,,,,,,
1290664,1,Complete,1290664,1290664,41.3193853,-72.8986713,3776872,New Haven,93,93,New Haven,7/9/2025,2025,7,July,9,4,Wednesday,9:54:00,9,25027335,A,2,,Motor Vehicle In Motion,"Injury of any type (Serious, Minor, Possible)",C,Possible Injury (C),0,0,4,Local,0,213,FERRY ST,FERRY ST,5-N,,,,,41.3193853,-72.8986713,14,Motor Vehicle in Operation,3,Angle,1,On Roadway,1,Clear,88,Not Applicable,1,Daylight,1,Dry,0,None,88,Not Applicable,88,Not Applicable,0,None,88,Not Applicable,88,Not Applicable,3,Intersection-Related,2,Four-Way Intersection,1,No,1,No,88,Not Applicable,88,Not Applicable,88,Not Applicable,88,Not Applicable,FALSE,1,Public Road,1,"Trafficway, On Road",CT0009300,New Haven PD,42048,39:06.0,C,Closed,00:25.0,,,,,,,
1290668,1,Complete,1290668,1290668,41.300829,-72.911031,3776876,New Haven,93,93,New Haven,7/9/2025,2025,7,July,9,4,Wednesday,15:12:00,15,25027389,A,1,,Pedestrian,"Injury of any type (Serious, Minor, Possible)",C,Possible Injury (C),1,0,2,USRoute,48.95,1,1-N,1-N,East Street,,,,,41.300829,-72.911031,9,Pedestrian,88,Not Applicable,1,On Roadway,1,Clear,88,Not Applicable,1,Daylight,1,Dry,0,None,88,Not Applicable,88,Not Applicable,0,None,88,Not Applicable,88,Not Applicable,2,Intersection,2,Four-Way Intersection,1,No,1,No,88,Not Applicable,88,Not Applicable,88,Not Applicable,88,Not Applicable,TRUE,1,Public Road,1,"Trafficway, On Road",CT0009300,New Haven PD,40788,50:02.0,C,Closed,00:27.0,,,,,,,
1290949,1,Complete,1290949,1290949,41.33197999,-72.9330385,3777157,New Haven,93,93,New Haven,5/18/2025,2025,5,May,18,1,Sunday,2:08:00,2,25019494,A,1,,Motor Vehicle In Motion,"Injury of any type (Serious, Minor, Possible)",B,Suspected Minor Injury (B),1,0,,,,,,180 BASSETT ST,,GOODYEAR ST,75,Feet,W,41.33197999,-72.9330385,10,Pedalcycle/Pedalcyclist,3,Angle,8,"Off Roadway,  Location Unknown",1,Clear,88,Not Applicable,3,Dusk,1,Dry,0,None,88,Not Applicable,88,Not Applicable,0,None,88,Not Applicable,88,Not Applicable,97,Other,1,Not at Intersection,1,No,1,No,88,Not Applicable,88,Not Applicable,88,Not Applicable,88,Not Applicable,TRUE,88,Not Applicable,4,Parking Lot,CT0009300,New Haven PD,45393,09:53.0,C,Closed,01:22.0,,,,,,,
1290955,1,Complete,1290955,1290955,41.291348,-72.932461,3777163,New Haven,93,93,New Haven,7/9/2025,2025,7,July,9,4,Wednesday,22:35:00,22,25027479,A,2,,Motor Vehicle In Motion,"Injury of any type (Serious, Minor, Possible)",C,Possible Injury (C),0,0,4,Local,1.05,308,HOWARD AV,HOWARD AV,LAMBERTON ST,,,,,41.291348,-72.932461,14,Motor Vehicle in Operation,3,Angle,1,On Roadway,1,Clear,88,Not Applicable,6,Dark-Unknown Lighting,1,Dry,0,None,88,Not Applicable,88,Not Applicable,0,None,88,Not Applicable,88,Not Applicable,2,Intersection,2,Four-Way Intersection,1,No,1,No,88,Not Applicable,88,Not Applicable,88,Not Applicable,88,Not Applicable,FALSE,1,Public Road,1,"Trafficway, On Road",CT0009300,New Haven PD,44953,54:56.0,C,Closed,01:17.0,,,,,,,
1291427,1,Complete,1291427,1291427,41.306922,-72.942245,3777635,New Haven,93,93,New Haven,7/11/2025,2025,7,July,11,6,Friday,2:20:00,2,25027656,A,1,,Pedalcycle/Pedalcyclist,"Injury of any type (Serious, Minor, Possible)",C,Possible Injury (C),1,2,4,Local,0.91,809,REV DR MLK JR BLVD,REV DR MLK JR BLVD,,Orchard St,40,Feet,E,41.306922,-72.942245,10,Pedalcycle/Pedalcyclist,97,Other,1,On Roadway,1,Clear,88,Not Applicable,4,Dark-Lighted,1,Dry,0,None,88,Not Applicable,88,Not Applicable,0,None,88,Not Applicable,88,Not Applicable,3,Intersection-Related,2,Four-Way Intersection,1,No,1,No,88,Not Applicable,88,Not Applicable,88,Not Applicable,88,Not Applicable,FALSE,1,Public Road,1,"Trafficway, On Road",CT0009300,New Haven PD,11107,38:59.0,C,Closed,01:17.0,,,,,,,
1291431,1,Complete,1291431,1291431,41.29509902,-72.94628889,3777639,New Haven,93,93,New Haven,7/11/2025,2025,7,July,11,6,Friday,16:04:00,16,25027736,A,2,,Motor Vehicle In Motion,"Injury of any type (Serious, Minor, Possible)",C,Possible Injury (C),0,0,3,State,1.25,10,10-N,10-N,,PRINTERS LANE,105,Feet,S,41.29509902,-72.94628889,14,Motor Vehicle in Operation,1,Front to rear,1,On Roadway,1,Clear,88,Not Applicable,1,Daylight,1,Dry,0,None,88,Not Applicable,88,Not Applicable,0,None,88,Not Applicable,88,Not Applicable,9,Driveway Access-Related,1,Not at Intersection,1,No,1,No,88,Not Applicable,88,Not Applicable,88,Not Applicable,88,Not Applicable,TRUE,1,Public Road,1,"Trafficway, On Road",CT0009300,New Haven PD,42366,03:30.0,C,Closed,01:19.0,,,,,,,
1291436,1,Complete,1291436,1291436,41.30518833,-72.93735324,3777644,New Haven,93,93,New Haven,7/11/2025,2025,7,July,11,6,Friday,17:36:00,17,25027752,A,2,,Motor Vehicle In Motion,"Injury of any type (Serious, Minor, Possible)",C,Possible Injury (C),0,0,4,Local,0.06,308,HOWARD AV,HOWARD AV,,SYLVAN AVE,30,Feet,N,41.30518833,-72.93735324,14,Motor Vehicle in Operation,1,Front to rear,1,On Roadway,1,Clear,88,Not Applicable,1,Daylight,1,Dry,0,None,88,Not Applicable,88,Not Applicable,0,None,88,Not Applicable,88,Not Applicable,3,Intersection-Related,2,Four-Way Intersection,1,No,1,No,88,Not Applicable,88,Not Applicable,88,Not Applicable,1,No,TRUE,1,Public Road,1,"Trafficway, On Road",CT0009300,New Haven PD,45395,59:34.0,C,Closed,01:17.0,,,,,,,
1291447,1,Complete,1291447,1291447,41.31791689,-72.89429168,3777655,New Haven,93,93,New Haven,7/12/2025,2025,7,July,12,7,Saturday,20:34:00,20,25027904,A,1,,Motor Vehicle In Motion,"Injury of any type (Serious, Minor, Possible)",B,Suspected Minor Injury (B),1,0,4,Local,0.04,29,ATWATER ST,ATWATER ST,DOVER ST,,,,,41.31791689,-72.89429168,14,Motor Vehicle in Operation,4,"Sideswipe, same direction",1,On Roadway,1,Clear,88,Not Applicable,5,Dark-Not Lighted,1,Dry,0,None,88,Not Applicable,88,Not Applicable,0,None,88,Not Applicable,88,Not Applicable,2,Intersection,2,Four-Way Intersection,1,No,1,No,88,Not Applicable,88,Not Applicable,88,Not Applicable,88,Not Applicable,FALSE,1,Public Road,1,"Trafficway, On Road",CT0009300,New Haven PD,44060,13:55.0,C,Closed,01:24.0,,,,,,,
1291449,1,Complete,1291449,1291449,41.303509,-72.910438,3777657,New Haven,93,93,New Haven,7/13/2025,2025,7,July,13,1,Sunday,0:53:00,0,25027918,A,2,,Motor Vehicle In Motion,"Injury of any type (Serious, Minor, Possible)",C,Possible Injury (C),0,0,4,Local,0.93,97,CHAPEL ST,CHAPEL ST,East St,,,,,41.303509,-72.910438,14,Motor Vehicle in Operation,3,Angle,1,On Roadway,1,Clear,88,Not Applicable,4,Dark-Lighted,1,Dry,0,None,88,Not Applicable,88,Not Applicable,0,None,88,Not Applicable,88,Not Applicable,2,Intersection,2,Four-Way Intersection,1,No,1,No,88,Not Applicable,88,Not Applicable,88,Not Applicable,88,Not Applicable,FALSE,1,Public Road,1,"Trafficway, On Road",CT0009300,New Haven PD,44048,03:09.0,C,Closed,01:14.0,,,,,,,
1291451,1,Complete,1291451,1291451,41.333832,-72.967312,3777659,New Haven,93,93,New Haven,7/13/2025,2025,7,July,13,1,Sunday,3:07:00,3,25027929,A,2,,Motor Vehicle In Motion,"Injury of any type (Serious, Minor, Possible)",C,Possible Injury (C),0,0,4,Local,0.03,522,ROCK CREEK RD NO 4,ROCK CREEK RD NO 4,,Rock Creek Rd,115,Feet,N,41.333832,-72.967312,15,Parked Motor Vehicle,6,Rear to side,1,On Roadway,1,Clear,88,Not Applicable,4,Dark-Lighted,1,Dry,0,None,88,Not Applicable,88,Not Applicable,0,None,88,Not Applicable,88,Not Applicable,1,Non-Junction,1,Not at Intersection,1,No,1,No,88,Not Applicable,88,Not Applicable,88,Not Applicable,88,Not Applicable,TRUE,1,Public Road,1,"Trafficway, On Road",CT0009300,New Haven PD,42053,18:43.0,O,Open,01:16.0,,,,,,,
1291452,1,Complete,1291452,1291452,41.3123167,-72.91981755,3777660,New Haven,93,93,New Haven,7/13/2025,2025,7,July,13,1,Sunday,11:34:00,11,25027956,A,1,,Pedestrian,"Injury of any type (Serious, Minor, Possible)",B,Suspected Minor Injury (B),1,0,4,Local,0.29,601,TRUMBULL ST,TRUMBULL ST,,Orange ave,135,Feet,E,41.3123167,-72.91981755,9,Pedestrian,88,Not Applicable,1,On Roadway,1,Clear,88,Not Applicable,1,Daylight,1,Dry,0,None,88,Not Applicable,88,Not Applicable,0,None,88,Not Applicable,88,Not Applicable,1,Non-Junction,1,Not at Intersection,1,No,1,No,88,Not Applicable,88,Not Applicable,88,Not Applicable,88,Not Applicable,FALSE,1,Public Road,1,"Trafficway, On Road",CT0009300,New Haven PD,106,14:01.0,C,Closed,01:16.0,,,,,,,
1291454,1,Complete,1291454,1291454,41.300829,-72.918336,3777662,New Haven,93,93,New Haven,7/13/2025,2025,7,July,13,1,Sunday,15:38:00,15,25027973,A,2,,Motor Vehicle In Motion,"Injury of any type (Serious, Minor, Possible)",C,Possible Injury (C),0,0,2,USRoute,48.57,1,1-N,1-N,BREWERY ST,,,,,41.300829,-72.918336,14,Motor Vehicle in Operation,4,"Sideswipe, same direction",1,On Roadway,1,Clear,88,Not Applicable,1,Daylight,1,Dry,0,None,88,Not Applicable,88,Not Applicable,0,None,88,Not Applicable,88,Not Applicable,2,Intersection,2,Four-Way Intersection,1,No,1,No,88,Not Applicable,88,Not Applicable,88,Not Applicable,88,Not Applicable,TRUE,1,Public Road,1,"Trafficway, On Road",CT0009300,New Haven PD,45630,39:34.0,C,Closed,01:16.0,,,,,,,
1291455,1,Complete,1291455,1291455,41.307908,-72.930167,3777663,New Haven,93,93,New Haven,7/11/2025,2025,7,July,11,6,Friday,21:40:00,21,202501529,A,2,,Motor Vehicle In Motion,"Injury of any type (Serious, Minor, Possible)",C,Possible Injury (C),0,0,4,Local,2.03,97,CHAPEL ST,CHAPEL ST,,HIGH STREET,40,Feet,E,41.307908,-72.930167,14,Motor Vehicle in Operation,1,Front to rear,1,On Roadway,1,Clear,88,Not Applicable,4,Dark-Lighted,1,Dry,0,None,88,Not Applicable,88,Not Applicable,0,None,88,Not Applicable,88,Not Applicable,3,Intersection-Related,2,Four-Way Intersection,1,No,1,No,88,Not Applicable,88,Not Applicable,88,Not Applicable,88,Not Applicable,FALSE,1,Public Road,1,"Trafficway, On Road",CT0009300,New Haven PD,94,53:56.0,O,Open,04:32.0,,,,,,,
1292114,1,Complete,1292114,1292114,41.303086,-72.910469,3778322,New Haven,93,93,New Haven,7/11/2025,2025,7,July,11,6,Friday,8:57:00,8,25027692,A,2,,Motor Vehicle In Motion,"Injury of any type (Serious, Minor, Possible)",C,Possible Injury (C),0,0,4,Local,0.9,165,EAST ST,EAST ST,,CHAPEL ST,150,Feet,S,41.303086,-72.910469,14,Motor Vehicle in Operation,3,Angle,1,On Roadway,1,Clear,88,Not Applicable,1,Daylight,1,Dry,0,None,88,Not Applicable,88,Not Applicable,0,None,88,Not Applicable,88,Not Applicable,9,Driveway Access-Related,1,Not at Intersection,1,No,1,No,88,Not Applicable,88,Not Applicable,88,Not Applicable,88,Not Applicable,FALSE,1,Public Road,1,"Trafficway, On Road",CT0009300,New Haven PD,40789,05:19.0,C,Closed,00:52.0,,,,,,,
1292116,1,Complete,1292116,1292116,41.321029,-72.909364,3778324,New Haven,93,93,New Haven,7/12/2025,2025,7,July,12,7,Saturday,17:00:00,17,25027872,A,2,,Motor Vehicle In Motion,"Injury of any type (Serious, Minor, Possible)",B,Suspected Minor Injury (B),0,0,4,Local,0.19,228,FOSTER ST,FOSTER ST,WILLOW ST,,,,,41.321029,-72.909364,14,Motor Vehicle in Operation,3,Angle,1,On Roadway,1,Clear,88,Not Applicable,1,Daylight,1,Dry,0,None,88,Not Applicable,88,Not Applicable,0,None,88,Not Applicable,88,Not Applicable,2,Intersection,2,Four-Way Intersection,1,No,1,No,88,Not Applicable,88,Not Applicable,88,Not Applicable,88,Not Applicable,FALSE,1,Public Road,1,"Trafficway, On Road",CT0009300,New Haven PD,46623,24:44.0,C,Closed,00:56.0,,,,,,,
1292117,1,Complete,1292117,1292117,41.30628,-72.935456,3778325,New Haven,93,93,New Haven,7/12/2025,2025,7,July,12,7,Saturday,17:29:00,17,25027878,A,2,,Motor Vehicle In Motion,"Injury of any type (Serious, Minor, Possible)",C,Possible Injury (C),0,0,4,Local,0.54,809,REV DR MLK JR BLVD,REV DR MLK JR BLVD,PARK ST,,,,,41.30628,-72.935456,14,Motor Vehicle in Operation,3,Angle,1,On Roadway,1,Clear,88,Not Applicable,1,Daylight,1,Dry,0,None,88,Not Applicable,88,Not Applicable,0,None,88,Not Applicable,88,Not Applicable,2,Intersection,2,Four-Way Intersection,1,No,1,No,88,Not Applicable,88,Not Applicable,88,Not Applicable,88,Not Applicable,FALSE,1,Public Road,1,"Trafficway, On Road",CT0009300,New Haven PD,45398,33:25.0,O,Open,00:55.0,,,,,,,
1292118,1,Complete,1292118,1292118,41.288832,-72.892352,3778326,New Haven,93,93,New Haven,7/12/2025,2025,7,July,12,7,Saturday,20:25:00,20,25027903,A,2,,Motor Vehicle In Motion,"Injury of any type (Serious, Minor, Possible)",C,Possible Injury (C),0,0,4,Local,0.01,388,MAIN ST NO 2,MAIN ST NO 2,,TOWNSEND AVENUE,40,Feet,E,41.288832,-72.892352,14,Motor Vehicle in Operation,1,Front to rear,1,On Roadway,1,Clear,88,Not Applicable,1,Daylight,1,Dry,0,None,88,Not Applicable,88,Not Applicable,0,None,88,Not Applicable,88,Not Applicable,3,Intersection-Related,2,Four-Way Intersection,1,No,1,No,88,Not Applicable,88,Not Applicable,88,Not Applicable,88,Not Applicable,FALSE,1,Public Road,1,"Trafficway, On Road",CT0009300,New Haven PD,47737,27:46.0,C,Closed,00:53.0,,,,,,,
1292123,1,Complete,1292123,1292123,41.323226,-72.896359,3778331,New Haven,93,93,New Haven,7/14/2025,2025,7,July,14,2,Monday,11:19:00,11,25028068,A,5,,Motor Vehicle In Motion,"Injury of any type (Serious, Minor, Possible)",C,Possible Injury (C),0,0,2,USRoute,0.66,5,5-N,5-N,,LYMAN ST,400,Feet,S,41.323226,-72.896359,14,Motor Vehicle in Operation,3,Angle,1,On Roadway,1,Clear,88,Not Applicable,1,Daylight,1,Dry,0,None,88,Not Applicable,88,Not Applicable,0,None,88,Not Applicable,88,Not Applicable,1,Non-Junction,1,Not at Intersection,1,No,1,No,88,Not Applicable,88,Not Applicable,88,Not Applicable,88,Not Applicable,FALSE,1,Public Road,1,"Trafficway, On Road",CT0009300,New Haven PD,42044,34:19.0,C,Closed,00:57.0,,,,,,,
1292126,1,Complete,1292126,1292126,41.3106,-72.926195,3778334,New Haven,93,93,New Haven,7/14/2025,2025,7,July,14,2,Monday,13:00:00,13,25028105,A,1,,Pedestrian,"Injury of any type (Serious, Minor, Possible)",B,Suspected Minor Injury (B),1,1,4,Local,0.08,117,COLLEGE ST,COLLEGE ST,,WALL ST,40,Feet,S,41.3106,-72.926195,9,Pedestrian,88,Not Applicable,1,On Roadway,1,Clear,88,Not Applicable,1,Daylight,1,Dry,0,None,88,Not Applicable,88,Not Applicable,0,None,88,Not Applicable,88,Not Applicable,1,Non-Junction,1,Not at Intersection,1,No,1,No,88,Not Applicable,88,Not Applicable,88,Not Applicable,88,Not Applicable,TRUE,1,Public Road,1,"Trafficway, On Road",CT0009300,New Haven PD,40952,12:49.0,C,Closed,00:52.0,,,,,,,
1292478,1,Complete,1292478,1292478,41.326264,-72.959982,3778686,New Haven,93,93,New Haven,7/9/2025,2025,7,July,9,4,Wednesday,7:54:00,7,25027325,A,2,,Motor Vehicle In Motion,"Injury of any type (Serious, Minor, Possible)",C,Possible Injury (C),0,0,3,State,6.64,243,243-E,243-E,CENTRAL AVE,,,,,41.326264,-72.959982,14,Motor Vehicle in Operation,4,"Sideswipe, same direction",1,On Roadway,1,Clear,88,Not Applicable,1,Daylight,1,Dry,0,None,88,Not Applicable,88,Not Applicable,0,None,88,Not Applicable,88,Not Applicable,2,Intersection,3,T-Intersection,1,No,1,No,88,Not Applicable,88,Not Applicable,88,Not Applicable,88,Not Applicable,FALSE,1,Public Road,1,"Trafficway, On Road",CT0009300,New Haven PD,19532,35:19.0,C,Closed,01:20.0,,,,,,,
1292482,1,Complete,1292482,1292482,41.321455,-72.938816,3778690,New Haven,93,93,New Haven,7/14/2025,2025,7,July,14,2,Monday,8:56:00,8,25028066,A,5,,Motor Vehicle In Motion,"Injury of any type (Serious, Minor, Possible)",A,Suspected Serious Injury (A),0,0,4,Local,0.01,289,HENRY ST,HENRY ST,,Sherman Parkway,25,Feet,E,41.321455,-72.938816,14,Motor Vehicle in Operation,3,Angle,1,On Roadway,1,Clear,88,Not Applicable,1,Daylight,1,Dry,0,None,88,Not Applicable,88,Not Applicable,0,None,88,Not Applicable,88,Not Applicable,2,Intersection,2,Four-Way Intersection,1,No,1,No,88,Not Applicable,88,Not Applicable,88,Not Applicable,88,Not Applicable,FALSE,1,Public Road,1,"Trafficway, On Road",CT0009300,New Haven PD,45700,57:00.0,C,Closed,01:23.0,,,,,,,