CrashId,Fatal Case Status,Fatal Case Status Text Format,CrashId,CrashId,Latitude,Longitude,DOT Case Number,Town Name,Town Number,Town Number,Town Number Text Format,Date Of Crash,Year,Month,Month Text Format,Day,Day of the Week,Day of the Week Text Format,Time of Crash,Hour of the Day,Case Identifier,Crash Severity,Number Of Motor Vehicles,Motor vehicle action,Most harmful event,Crash Severity Text Format,Most Severe Injury,Most Severe Injury Text Format,Number Of Non-Motorist,Number Of Witnesses,Route Class,Route Class Text Format,Milemarker,Road Number,Road Description,Roadway Name,Intersecting Roadway Name,Landmark Description,Distance From Nearest Landmark,Unit Of Measure From Nearest Landmark,Direction From Nearest Landmark,Latitude,Longitude,First Harmful Event,First Harmful Event Text Format,Manner of Crash / Collision Impact,Manner of Crash / Collision Impact Text Format,Location of First Harmful Event,Location of First Harmful Event Text Format,Weather Condition,Weather Condition Text Format,Weather 2,Weather 2 Text Format,Light Condition,Light Condition Text Format,Road Surface Condition,Road Surface Condition Text Format,"Contributing Circumstances, Environment","Contributing Circumstances, Environment Text Format",Environment 2,Environment 2 Text Format,Environment 3,Environment 3 Text Format,"Contributing Circumstances, Road","Contributing Circumstances, Road Text Format",Road 2,Road 2 Text Format,Road 3,Road 3 Text Format,Crash Specific Location,Crash Specific Location Text Format,Type of Intersection,Type of Intersection Text Format,School Bus Related,School Bus Related Text Format,Work Zone Related,Work Zone Related Text Format,Location Of Crash Relative To Work Zone,Location Of Crash Relative To Work Zone Text Format,Type of Work Zone,Type of Work Zone Text Format,Worker Presence,Worker Presence Text Format,Law Enforcement Presence,Law Enforcement Presence Text Format,Were Vehicles Moved Prior To Police Arrival,Trafficway Ownership,Trafficway Ownership Text Format,Trafficway Class,Trafficway Class Text Format,Police Agency,Police Agency Text Format,Badge Number,Approval Date,Police Case Status,Police Case Status Text Format,Crash Report Submission Date,Related Case Identifiers,No. of Through Lanes (Log Dir.),Average Daily Traffic,Functional Classification,Functional Classification Text Format,Rural or Urban,Rural or Urban Text Format
1295304,1,Complete,1295304,1295304,41.312238,-72.919669,3781512,New Haven,93,93,New Haven,7/23/2025,2025,7,July,23,4,Wednesday,11:50:00,11,25029371,A,2,,Motor Vehicle In Motion,"Injury of any type (Serious, Minor, Possible)",C,Possible Injury (C),0,0,4,Local,0.3,601,TRUMBULL ST,TRUMBULL ST,,ORANGE ST,100,Feet,W,41.312238,-72.919669,14,Motor Vehicle in Operation,4,"Sideswipe, same direction",1,On Roadway,1,Clear,88,Not Applicable,1,Daylight,1,Dry,0,None,88,Not Applicable,88,Not Applicable,0,None,88,Not Applicable,88,Not Applicable,1,Non-Junction,1,Not at Intersection,1,No,1,No,88,Not Applicable,88,Not Applicable,88,Not Applicable,88,Not Applicable,TRUE,1,Public Road,1,"Trafficway, On Road",CT0009300,New Haven PD,469,22:42.0,C,Closed,01:48.0,,,,,,,
1295740,1,Complete,1295740,1295740,41.318097,-72.914613,3781948,New Haven,93,93,New Haven,7/22/2025,2025,7,July,22,3,Tuesday,17:44:00,17,25029290,A,1,,Pedestrian,"Injury of any type (Serious, Minor, Possible)",B,Suspected Minor Injury (B),1,0,4,Local,0.48,184,EDWARDS ST,EDWARDS ST,ORANGE ST,,,,,41.318097,-72.914613,9,Pedestrian,88,Not Applicable,1,On Roadway,1,Clear,88,Not Applicable,1,Daylight,1,Dry,0,None,88,Not Applicable,88,Not Applicable,0,None,88,Not Applicable,88,Not Applicable,2,Intersection,2,Four-Way Intersection,1,No,1,No,88,Not Applicable,88,Not Applicable,88,Not Applicable,88,Not Applicable,TRUE,1,Public Road,1,"Trafficway, On Road",CT0009300,New Haven PD,46623,30:23.0,C,Closed,00:22.0,,,,,,,
1295744,1,Complete,1295744,1295744,41.302177,-72.928733,3781952,New Haven,93,93,New Haven,7/23/2025,2025,7,July,23,4,Wednesday,20:48:00,20,25029429,A,2,,Motor Vehicle In Motion,"Injury of any type (Serious, Minor, Possible)",C,Possible Injury (C),0,0,4,Local,0.25,104,CHURCH ST SOUTH NO 1,CHURCH ST SOUTH NO 1,CHURCH ST SOUTH NO 1,,,,,41.302177,-72.928733,14,Motor Vehicle in Operation,5,"Sideswipe, opposite direction",1,On Roadway,1,Clear,88,Not Applicable,1,Daylight,1,Dry,0,None,88,Not Applicable,88,Not Applicable,0,None,88,Not Applicable,88,Not Applicable,2,Intersection,2,Four-Way Intersection,1,No,1,No,88,Not Applicable,88,Not Applicable,88,Not Applicable,88,Not Applicable,FALSE,1,Public Road,1,"Trafficway, On Road",CT0009300,New Haven PD,48043,26:56.0,C,Closed,00:20.0,,,,,,,
1295745,1,Complete,1295745,1295745,41.313028,-72.890183,3781953,New Haven,93,93,New Haven,7/24/2025,2025,7,July,24,5,Thursday,20:57:00,20,25029623,A,2,,Motor Vehicle In Motion,"Injury of any type (Serious, Minor, Possible)",C,Possible Injury (C),0,0,4,Local,0.24,474,PERKINS ST,PERKINS ST,PINE ST NO 2,,,,,41.313028,-72.890183,14,Motor Vehicle in Operation,3,Angle,1,On Roadway,1,Clear,88,Not Applicable,4,Dark-Lighted,1,Dry,0,None,88,Not Applicable,88,Not Applicable,0,None,88,Not Applicable,88,Not Applicable,2,Intersection,3,T-Intersection,1,No,1,No,88,Not Applicable,88,Not Applicable,88,Not Applicable,88,Not Applicable,FALSE,1,Public Road,1,"Trafficway, On Road",CT0009300,New Haven PD,46621,33:42.0,C,Closed,00:15.0,,,,,,,
1295748,1,Complete,1295748,1295748,41.317191,-72.970926,3781956,New Haven,93,93,New Haven,7/25/2025,2025,7,July,25,6,Friday,12:41:00,12,25029687,A,2,,Motor Vehicle In Motion,"Injury of any type (Serious, Minor, Possible)",C,Possible Injury (C),0,2,3,State,2.65,122,122-N,122-N,CHAPEL ST,,,,,41.317191,-72.970926,14,Motor Vehicle in Operation,3,Angle,1,On Roadway,1,Clear,88,Not Applicable,1,Daylight,1,Dry,0,None,88,Not Applicable,88,Not Applicable,0,None,88,Not Applicable,88,Not Applicable,2,Intersection,3,T-Intersection,1,No,1,No,88,Not Applicable,88,Not Applicable,88,Not Applicable,88,Not Applicable,FALSE,1,Public Road,1,"Trafficway, On Road",CT0009300,New Haven PD,47744,43:29.0,C,Closed,00:18.0,,,,,,,
1295751,1,Complete,1295751,1295751,41.310732,-72.873768,3781959,New Haven,93,93,New Haven,7/25/2025,2025,7,July,25,6,Friday,17:52:00,17,25029725,A,2,,Motor Vehicle In Motion,"Injury of any type (Serious, Minor, Possible)",C,Possible Injury (C),0,0,4,Local,0.27,167,EASTERN ST,EASTERN ST,,BOUCHET LA,100,Feet,S,41.310732,-72.873768,14,Motor Vehicle in Operation,3,Angle,1,On Roadway,1,Clear,88,Not Applicable,1,Daylight,1,Dry,0,None,88,Not Applicable,88,Not Applicable,0,None,88,Not Applicable,88,Not Applicable,1,Non-Junction,1,Not at Intersection,1,No,1,No,88,Not Applicable,88,Not Applicable,88,Not Applicable,88,Not Applicable,FALSE,1,Public Road,1,"Trafficway, On Road",CT0009300,New Haven PD,45388,42:15.0,C,Closed,00:20.0,,,,,,,
1295752,1,Complete,1295752,1295752,41.294009,-72.898541,3781960,New Haven,93,93,New Haven,7/27/2025,2025,7,July,27,1,Sunday,14:07:00,14,25029728,A,2,,Motor Vehicle In Motion,"Injury of any type (Serious, Minor, Possible)",C,Possible Injury (C),0,0,2,USRoute,49.77,1,1-N,1-N,,LAURA ST,15,Feet,E,41.294009,-72.898541,14,Motor Vehicle in Operation,3,Angle,1,On Roadway,1,Clear,88,Not Applicable,1,Daylight,1,Dry,0,None,88,Not Applicable,88,Not Applicable,0,None,88,Not Applicable,88,Not Applicable,3,Intersection-Related,3,T-Intersection,1,No,1,No,88,Not Applicable,88,Not Applicable,88,Not Applicable,88,Not Applicable,FALSE,1,Public Road,1,"Trafficway, On Road",CT0009300,New Haven PD,48829,52:26.0,O,Open,00:23.0,25-29728,,,,,,
1295754,1,Complete,1295754,1295754,41.291434,-72.931025,3781962,New Haven,93,93,New Haven,7/25/2025,2025,7,July,25,6,Friday,23:45:00,23,25029766,A,2,,Motor Vehicle In Motion,"Injury of any type (Serious, Minor, Possible)",C,Possible Injury (C),0,0,4,Local,0.42,273,HALLOCK AV NO 1,HALLOCK AV NO 1,,LAMBERTON ST,25,Feet,S,41.291434,-72.931025,14,Motor Vehicle in Operation,3,Angle,1,On Roadway,1,Clear,88,Not Applicable,4,Dark-Lighted,1,Dry,0,None,88,Not Applicable,88,Not Applicable,0,None,88,Not Applicable,88,Not Applicable,3,Intersection-Related,3,T-Intersection,1,No,1,No,88,Not Applicable,88,Not Applicable,88,Not Applicable,88,Not Applicable,FALSE,1,Public Road,1,"Trafficway, On Road",CT0009300,New Haven PD,43690,24:18.0,O,Open,00:17.0,,,,,,,
1295755,1,Complete,1295755,1295755,41.32752168,-72.96059496,3781963,New Haven,93,93,New Haven,7/26/2025,2025,7,July,26,7,Saturday,0:18:00,0,25029770,A,2,,Motor Vehicle In Motion,"Injury of any type (Serious, Minor, Possible)",C,Possible Injury (C),0,0,3,State,0.26,63,63-N,63-N,,Blake street ,20,Feet,W,41.32752168,-72.96059496,14,Motor Vehicle in Operation,1,Front to rear,1,On Roadway,1,Clear,88,Not Applicable,4,Dark-Lighted,1,Dry,0,None,88,Not Applicable,88,Not Applicable,0,None,88,Not Applicable,88,Not Applicable,3,Intersection-Related,3,T-Intersection,1,No,1,No,88,Not Applicable,88,Not Applicable,88,Not Applicable,88,Not Applicable,FALSE,1,Public Road,1,"Trafficway, On Road",CT0009300,New Haven PD,42053,41:40.0,C,Closed,00:17.0,,,,,,,
1295757,1,Complete,1295757,1295757,41.310455,-72.899672,3781965,New Haven,93,93,New Haven,7/26/2025,2025,7,July,26,7,Saturday,0:56:00,0,25029772,A,2,,Parked Vehicle,"Injury of any type (Serious, Minor, Possible)",C,Possible Injury (C),0,0,4,Local,0,108,CLAY ST NO 1,CLAY ST NO 1,BLATCHLEY AV,,,,,41.310455,-72.899672,14,Motor Vehicle in Operation,1,Front to rear,4,Roadside,1,Clear,88,Not Applicable,6,Dark-Unknown Lighting,1,Dry,0,None,88,Not Applicable,88,Not Applicable,0,None,88,Not Applicable,88,Not Applicable,2,Intersection,2,Four-Way Intersection,1,No,1,No,88,Not Applicable,88,Not Applicable,88,Not Applicable,88,Not Applicable,FALSE,1,Public Road,1,"Trafficway, On Road",CT0009300,New Haven PD,42369,17:29.0,C,Closed,00:17.0,,,,,,,
1295762,1,Complete,1295762,1295762,41.312085,-72.939466,3781970,New Haven,93,93,New Haven,7/26/2025,2025,7,July,26,7,Saturday,13:49:00,13,25029851,A,2,,Motor Vehicle In Motion,"Injury of any type (Serious, Minor, Possible)",C,Possible Injury (C),0,0,4,Local,1.71,179,EDGEWOOD AV,EDGEWOOD AV,KENSINGTON ST,,,,,41.312085,-72.939466,14,Motor Vehicle in Operation,3,Angle,1,On Roadway,1,Clear,88,Not Applicable,1,Daylight,1,Dry,0,None,88,Not Applicable,88,Not Applicable,0,None,88,Not Applicable,88,Not Applicable,2,Intersection,2,Four-Way Intersection,1,No,1,No,88,Not Applicable,88,Not Applicable,88,Not Applicable,88,Not Applicable,FALSE,1,Public Road,1,"Trafficway, On Road",CT0009300,New Haven PD,349,15:31.0,C,Closed,00:22.0,,,,,,,
1295766,1,Complete,1295766,1295766,41.32305877,-72.93502555,3781974,New Haven,93,93,New Haven,7/26/2025,2025,7,July,26,7,Saturday,21:24:00,21,25029905,A,2,,Motor Vehicle In Motion,"Injury of any type (Serious, Minor, Possible)",C,Possible Injury (C),0,0,4,Local,0.71,152,DIXWELL AV,DIXWELL AV,,MUNSON ST,70,Feet,N,41.32305877,-72.93502555,14,Motor Vehicle in Operation,1,Front to rear,1,On Roadway,1,Clear,88,Not Applicable,97,Other,1,Dry,0,None,88,Not Applicable,88,Not Applicable,0,None,88,Not Applicable,88,Not Applicable,1,Non-Junction,1,Not at Intersection,1,No,1,No,88,Not Applicable,88,Not Applicable,88,Not Applicable,88,Not Applicable,TRUE,1,Public Road,1,"Trafficway, On Road",CT0009300,New Haven PD,48044,00:49.0,C,Closed,00:21.0,,,,,,,
1295768,1,Complete,1295768,1295768,41.296146,-72.947524,3781976,New Haven,93,93,New Haven,7/27/2025,2025,7,July,27,1,Sunday,1:04:00,1,25029915,A,2,,Motor Vehicle In Motion,"Injury of any type (Serious, Minor, Possible)",C,Possible Injury (C),0,0,3,State,1.36,10,10-N,10-N,LONGHINI LN,,,,,41.296146,-72.947524,14,Motor Vehicle in Operation,3,Angle,1,On Roadway,1,Clear,88,Not Applicable,4,Dark-Lighted,1,Dry,0,None,88,Not Applicable,88,Not Applicable,10,Obstruction in Roadway,88,Not Applicable,88,Not Applicable,2,Intersection,3,T-Intersection,1,No,1,No,88,Not Applicable,88,Not Applicable,88,Not Applicable,88,Not Applicable,FALSE,1,Public Road,1,"Trafficway, On Road",CT0009300,New Haven PD,44339,32:42.0,C,Closed,00:21.0,,,,,,,
1295770,1,Complete,1295770,1295770,41.28903174,-72.89459987,3781978,New Haven,93,93,New Haven,7/27/2025,2025,7,July,27,1,Sunday,8:34:00,8,25029937,A,2,,Motor Vehicle In Motion,"Injury of any type (Serious, Minor, Possible)",C,Possible Injury (C),0,1,1,Interstate,0.36,95,95-N-346,95-N-346 (exit 50) ,WOODWARD AV,,,,,41.28903174,-72.89459987,14,Motor Vehicle in Operation,3,Angle,1,On Roadway,1,Clear,88,Not Applicable,1,Daylight,2,Wet,0,None,88,Not Applicable,88,Not Applicable,0,None,88,Not Applicable,88,Not Applicable,2,Intersection,2,Four-Way Intersection,1,No,1,No,88,Not Applicable,88,Not Applicable,88,Not Applicable,88,Not Applicable,FALSE,1,Public Road,1,"Trafficway, On Road",CT0009300,New Haven PD,44175,12:08.0,C,Closed,00:23.0,,,,,,,
1296317,1,Complete,1296317,1296317,41.285905,-72.895673,3782525,New Haven,93,93,New Haven,7/19/2025,2025,7,July,19,7,Saturday,10:37:00,10,25028832,A,2,,Motor Vehicle In Motion,"Injury of any type (Serious, Minor, Possible)",C,Possible Injury (C),0,0,4,Local,1.14,678,WOODWARD AV,WOODWARD AV,,PARK LN,260,Feet,N,41.285905,-72.895673,14,Motor Vehicle in Operation,1,Front to rear,1,On Roadway,2,Cloudy,88,Not Applicable,1,Daylight,1,Dry,0,None,88,Not Applicable,88,Not Applicable,0,None,88,Not Applicable,88,Not Applicable,9,Driveway Access-Related,1,Not at Intersection,1,No,1,No,88,Not Applicable,88,Not Applicable,88,Not Applicable,88,Not Applicable,FALSE,1,Public Road,1,"Trafficway, On Road",CT0009300,New Haven PD,175,38:50.0,C,Closed,01:21.0,,,,,,,
1296323,1,Complete,1296323,1296323,41.323144,-72.935037,3782531,New Haven,93,93,New Haven,7/27/2025,2025,7,July,27,1,Sunday,22:07:00,22,25030018,A,2,,Motor Vehicle In Motion,"Injury of any type (Serious, Minor, Possible)",C,Possible Injury (C),0,0,4,Local,0.72,152,DIXWELL AV,DIXWELL AV,,MUNSON STREET,65,Feet,N,41.323144,-72.935037,14,Motor Vehicle in Operation,1,Front to rear,1,On Roadway,1,Clear,88,Not Applicable,4,Dark-Lighted,1,Dry,0,None,88,Not Applicable,88,Not Applicable,0,None,88,Not Applicable,88,Not Applicable,3,Intersection-Related,8,"Five-Point, or More",1,No,1,No,88,Not Applicable,88,Not Applicable,88,Not Applicable,88,Not Applicable,TRUE,1,Public Road,1,"Trafficway, On Road",CT0009300,New Haven PD,48044,43:13.0,C,Closed,01:20.0,,,,,,,
1297093,1,Complete,1297093,1297093,41.308399,-72.904908,3783301,New Haven,93,93,New Haven,7/24/2025,2025,7,July,24,5,Thursday,16:13:00,16,25029563,A,2,,Motor Vehicle In Motion,"Injury of any type (Serious, Minor, Possible)",C,Possible Injury (C),0,0,4,Local,1.01,264,GRAND AV,GRAND AV,JOHN W MURPHY DR,,,,,41.308399,-72.904908,14,Motor Vehicle in Operation,1,Front to rear,1,On Roadway,1,Clear,88,Not Applicable,1,Daylight,1,Dry,0,None,88,Not Applicable,88,Not Applicable,0,None,88,Not Applicable,88,Not Applicable,1,Non-Junction,1,Not at Intersection,1,No,1,No,88,Not Applicable,88,Not Applicable,88,Not Applicable,88,Not Applicable,FALSE,1,Public Road,1,"Trafficway, On Road",CT0009300,New Haven PD,42057,22:10.0,C,Closed,00:09.0,,,,,,,
1297094,1,Complete,1297094,1297094,41.300399,-72.908036,3783302,New Haven,93,93,New Haven,7/25/2025,2025,7,July,25,6,Friday,23:30:00,23,25029762,A,1,,Overturn/Rollover,"Injury of any type (Serious, Minor, Possible)",A,Suspected Serious Injury (A),0,0,2,USRoute,49.11,1,1-N,1-N,,East Street,755,Feet,E,41.300399,-72.908036,1,Overturn/Rollover,88,Not Applicable,1,On Roadway,1,Clear,88,Not Applicable,4,Dark-Lighted,1,Dry,0,None,88,Not Applicable,88,Not Applicable,0,None,88,Not Applicable,88,Not Applicable,1,Non-Junction,1,Not at Intersection,1,No,1,No,88,Not Applicable,88,Not Applicable,88,Not Applicable,88,Not Applicable,FALSE,1,Public Road,1,"Trafficway, On Road",CT0009300,New Haven PD,46613,41:08.0,C,Closed,00:12.0,,,,,,,
1297096,1,Complete,1297096,1297096,41.324262,-72.936996,3783304,New Haven,93,93,New Haven,7/29/2025,2025,7,July,29,3,Tuesday,22:57:00,22,25030355,A,3,,Parked Vehicle,"Injury of any type (Serious, Minor, Possible)",C,Possible Injury (C),0,0,4,Local,0.35,557,SHERMAN PKWY,SHERMAN PKWY,,MUNSON ST,490,Feet,N,41.324262,-72.936996,14,Motor Vehicle in Operation,1,Front to rear,1,On Roadway,1,Clear,88,Not Applicable,6,Dark-Unknown Lighting,1,Dry,0,None,88,Not Applicable,88,Not Applicable,0,None,88,Not Applicable,88,Not Applicable,1,Non-Junction,1,Not at Intersection,1,No,1,No,88,Not Applicable,88,Not Applicable,88,Not Applicable,88,Not Applicable,FALSE,1,Public Road,1,"Trafficway, On Road",CT0009300,New Haven PD,48045,55:46.0,C,Closed,00:11.0,,,,,,,
1297103,1,Complete,1297103,1297103,41.31328,-72.94034,3783311,New Haven,93,93,New Haven,7/26/2025,2025,7,July,26,7,Saturday,10:00:00,10,25030445,A,1,,Pedalcycle/Pedalcyclist,"Injury of any type (Serious, Minor, Possible)",A,Suspected Serious Injury (A),1,0,4,Local,0.84,453,ORCHARD ST,ORCHARD ST,,Edgewood Street,300,Feet,N,41.31328,-72.94034,10,Pedalcycle/Pedalcyclist,2,Front to front,1,On Roadway,1,Clear,88,Not Applicable,1,Daylight,1,Dry,0,None,88,Not Applicable,88,Not Applicable,0,None,88,Not Applicable,88,Not Applicable,1,Non-Junction,1,Not at Intersection,1,No,1,No,88,Not Applicable,88,Not Applicable,88,Not Applicable,88,Not Applicable,TRUE,1,Public Road,1,"Trafficway, On Road",CT0009300,New Haven PD,46900,54:31.0,C,Closed,00:12.0,,,,,,,
1297391,1,Complete,1297391,1297391,41.304451,-72.926051,3783599,New Haven,93,93,New Haven,7/26/2025,2025,7,July,26,7,Saturday,20:06:00,20,25029944,A,1,,Pedestrian,"Injury of any type (Serious, Minor, Possible)",C,Possible Injury (C),1,0,4,Local,0.16,136,CROWN ST,CROWN ST,,CHURCH ST,190,Feet,E,41.304451,-72.926051,9,Pedestrian,88,Not Applicable,4,Roadside,1,Clear,88,Not Applicable,1,Daylight,1,Dry,0,None,88,Not Applicable,88,Not Applicable,0,None,88,Not Applicable,88,Not Applicable,9,Driveway Access-Related,1,Not at Intersection,1,No,1,No,88,Not Applicable,88,Not Applicable,88,Not Applicable,88,Not Applicable,FALSE,1,Public Road,2,"Trafficway, Not on Road",CT0009300,New Haven PD,106,01:46.0,C,Closed,00:04.0,,,,,,,
1297394,1,Complete,1297394,1297394,41.304393,-72.894582,3783602,New Haven,93,93,New Haven,7/30/2025,2025,7,July,30,4,Wednesday,22:39:00,22,25030514,A,2,,Parked Vehicle,"Injury of any type (Serious, Minor, Possible)",C,Possible Injury (C),0,0,4,Local,0.11,97,CHAPEL ST,CHAPEL ST,FERRY ST,,,,,41.304393,-72.894582,34,Traffic Sign Support,3,Angle,4,Roadside,1,Clear,88,Not Applicable,4,Dark-Lighted,1,Dry,0,None,88,Not Applicable,88,Not Applicable,0,None,88,Not Applicable,88,Not Applicable,2,Intersection,2,Four-Way Intersection,1,No,1,No,88,Not Applicable,88,Not Applicable,88,Not Applicable,88,Not Applicable,FALSE,1,Public Road,1,"Trafficway, On Road",CT0009300,New Haven PD,42055,52:16.0,C,Closed,00:03.0,,,,,,,
1297397,1,Complete,1297397,1297397,41.316296,-72.904347,3783605,New Haven,93,93,New Haven,7/31/2025,2025,7,July,31,5,Thursday,10:26:00,10,25030569,A,2,,Motor Vehicle In Motion,"Injury of any type (Serious, Minor, Possible)",C,Possible Injury (C),0,0,4,Local,0,327,JAMES ST,JAMES ST,STATE ST,,,,,41.316296,-72.904347,14,Motor Vehicle in Operation,3,Angle,1,On Roadway,1,Clear,88,Not Applicable,1,Daylight,1,Dry,0,None,88,Not Applicable,88,Not Applicable,0,None,88,Not Applicable,88,Not Applicable,2,Intersection,2,Four-Way Intersection,1,No,1,No,88,Not Applicable,88,Not Applicable,88,Not Applicable,88,Not Applicable,FALSE,1,Public Road,1,"Trafficway, On Road",CT0009300,New Haven PD,42057,44:18.0,C,Closed,00:05.0,,,,,,,
1297814,1,Complete,1297814,1297814,41.315475,-72.93913,3784022,New Haven,93,93,New Haven,7/29/2025,2025,7,July,29,3,Tuesday,13:44:00,13,25030267,A,1,,Pedestrian,"Injury of any type (Serious, Minor, Possible)",C,Possible Injury (C),1,1,4,Local,0.56,653,WHALLEY AV,WHALLEY AV,ORCHARD ST,,,,,41.315475,-72.93913,9,Pedestrian,88,Not Applicable,1,On Roadway,1,Clear,88,Not Applicable,1,Daylight,1,Dry,0,None,88,Not Applicable,88,Not Applicable,0,None,88,Not Applicable,88,Not Applicable,2,Intersection,2,Four-Way Intersection,1,No,1,No,88,Not Applicable,88,Not Applicable,88,Not Applicable,88,Not Applicable,FALSE,1,Public Road,1,"Trafficway, On Road",CT0009300,New Haven PD,45398,53:46.0,C,Closed,00:49.0,,,,,,,
1297819,1,Complete,1297819,1297819,41.297993,-72.949247,3784027,New Haven,93,93,New Haven,7/30/2025,2025,7,July,30,4,Wednesday,21:15:00,21,25030509,A,4,,Motor Vehicle In Motion,"Injury of any type (Serious, Minor, Possible)",C,Possible Injury (C),0,0,3,State,1.51,10,10-N,10-N,,Boston Post Road,150,Feet,N,41.297993,-72.949247,14,Motor Vehicle in Operation,1,Front to rear,1,On Roadway,1,Clear,88,Not Applicable,4,Dark-Lighted,1,Dry,0,None,88,Not Applicable,88,Not Applicable,0,None,88,Not Applicable,88,Not Applicable,3,Intersection-Related,2,Four-Way Intersection,1,No,1,No,88,Not Applicable,88,Not Applicable,88,Not Applicable,88,Not Applicable,TRUE,1,Public Road,1,"Trafficway, On Road",CT0009300,New Haven PD,45625,15:36.0,C,Closed,00:59.0,,,,,,,
1297820,1,Complete,1297820,1297820,41.307059,-72.938863,3784028,New Haven,93,93,New Haven,7/31/2025,2025,7,July,31,5,Thursday,9:13:00,9,25030552,A,2,,Motor Vehicle In Motion,"Injury of any type (Serious, Minor, Possible)",C,Possible Injury (C),0,0,4,Local,0.74,809,REV DR MLK JR BLVD,REV DR MLK JR BLVD,DWIGHT ST,,,,,41.307059,-72.938863,14,Motor Vehicle in Operation,3,Angle,1,On Roadway,1,Clear,88,Not Applicable,1,Daylight,1,Dry,0,None,88,Not Applicable,88,Not Applicable,0,None,88,Not Applicable,88,Not Applicable,2,Intersection,2,Four-Way Intersection,1,No,1,No,88,Not Applicable,88,Not Applicable,88,Not Applicable,88,Not Applicable,FALSE,1,Public Road,1,"Trafficway, On Road",CT0009300,New Haven PD,47006,35:17.0,C,Closed,00:55.0,,,,,,,
1297824,1,Complete,1297824,1297824,41.331956,-72.937926,3784032,New Haven,93,93,New Haven,7/31/2025,2025,7,July,31,5,Thursday,15:38:00,15,25030596,A,2,,Motor Vehicle In Motion,"Injury of any type (Serious, Minor, Possible)",C,Possible Injury (C),0,0,4,Local,0.9,557,SHERMAN PKWY,SHERMAN PKWY,WILLIS ST,,,,,41.331956,-72.937926,14,Motor Vehicle in Operation,3,Angle,1,On Roadway,2,Cloudy,88,Not Applicable,1,Daylight,1,Dry,0,None,88,Not Applicable,88,Not Applicable,0,None,88,Not Applicable,88,Not Applicable,2,Intersection,2,Four-Way Intersection,1,No,1,No,88,Not Applicable,88,Not Applicable,88,Not Applicable,88,Not Applicable,FALSE,1,Public Road,1,"Trafficway, On Road",CT0009300,New Haven PD,42048,52:08.0,C,Closed,01:00.0,,,,,,,
1297826,1,Complete,1297826,1297826,41.291434,-72.93316,3784034,New Haven,93,93,New Haven,8/1/2025,2025,8,August,1,6,Friday,17:35:00,17,25030633,A,2,,Motor Vehicle In Motion,"Injury of any type (Serious, Minor, Possible)",C,Possible Injury (C),0,0,4,Local,0.05,339,KIMBERLY AV,KIMBERLY AV,,LAMBERTON ST,50,Feet,N,41.291434,-72.93316,14,Motor Vehicle in Operation,1,Front to rear,1,On Roadway,1,Clear,88,Not Applicable,1,Daylight,1,Dry,0,None,88,Not Applicable,88,Not Applicable,0,None,88,Not Applicable,88,Not Applicable,1,Non-Junction,1,Not at Intersection,1,No,1,No,88,Not Applicable,88,Not Applicable,88,Not Applicable,88,Not Applicable,FALSE,1,Public Road,1,"Trafficway, On Road",CT0009300,New Haven PD,46613,00:14.0,C,Closed,00:56.0,,,,,,,
1297828,1,Complete,1297828,1297828,41.297461,-72.948125,3784036,New Haven,93,93,New Haven,7/31/2025,2025,7,July,31,5,Thursday,22:27:00,22,25030654,A,1,,Pedestrian,"Injury of any type (Serious, Minor, Possible)",A,Suspected Serious Injury (A),1,0,2,USRoute,46.68,1,1-N,1-N,,Davenport Ave,40,Feet,W,41.297461,-72.948125,9,Pedestrian,88,Not Applicable,1,On Roadway,4,Rain,88,Not Applicable,4,Dark-Lighted,2,Wet,1,Weather Conditions,88,Not Applicable,88,Not Applicable,99,Unknown,88,Not Applicable,88,Not Applicable,3,Intersection-Related,3,T-Intersection,1,No,1,No,88,Not Applicable,88,Not Applicable,88,Not Applicable,88,Not Applicable,FALSE,1,Public Road,1,"Trafficway, On Road",CT0009300,New Haven PD,46617,25:29.0,O,Open,00:50.0,,,,,,,
1297830,1,Complete,1297830,1297830,41.290105,-72.932119,3784038,New Haven,93,93,New Haven,8/1/2025,2025,8,August,1,6,Friday,4:26:00,4,25030665,A,2,,Motor Vehicle In Motion,"Injury of any type (Serious, Minor, Possible)",C,Possible Injury (C),0,0,4,Local,1.14,308,HOWARD AV,HOWARD AV,First St,,,,,41.290105,-72.932119,14,Motor Vehicle in Operation,3,Angle,1,On Roadway,1,Clear,88,Not Applicable,4,Dark-Lighted,2,Wet,0,None,88,Not Applicable,88,Not Applicable,0,None,88,Not Applicable,88,Not Applicable,2,Intersection,2,Four-Way Intersection,1,No,1,No,88,Not Applicable,88,Not Applicable,88,Not Applicable,88,Not Applicable,FALSE,1,Public Road,1,"Trafficway, On Road",CT0009300,New Haven PD,44953,20:58.0,C,Closed,00:49.0,,,,,,,