CrashId,Fatal Case Status,Fatal Case Status Text Format,CrashId,CrashId,Latitude,Longitude,DOT Case Number,Town Name,Town Number,Town Number,Town Number Text Format,Date Of Crash,Year,Month,Month Text Format,Day,Day of the Week,Day of the Week Text Format,Time of Crash,Hour of the Day,Case Identifier,Crash Severity,Number Of Motor Vehicles,Motor vehicle action,Most harmful event,Crash Severity Text Format,Most Severe Injury,Most Severe Injury Text Format,Number Of Non-Motorist,Number Of Witnesses,Route Class,Route Class Text Format,Milemarker,Road Number,Road Description,Roadway Name,Intersecting Roadway Name,Landmark Description,Distance From Nearest Landmark,Unit Of Measure From Nearest Landmark,Direction From Nearest Landmark,Latitude,Longitude,First Harmful Event,First Harmful Event Text Format,Manner of Crash / Collision Impact,Manner of Crash / Collision Impact Text Format,Location of First Harmful Event,Location of First Harmful Event Text Format,Weather Condition,Weather Condition Text Format,Weather 2,Weather 2 Text Format,Light Condition,Light Condition Text Format,Road Surface Condition,Road Surface Condition Text Format,"Contributing Circumstances, Environment","Contributing Circumstances, Environment Text Format",Environment 2,Environment 2 Text Format,Environment 3,Environment 3 Text Format,"Contributing Circumstances, Road","Contributing Circumstances, Road Text Format",Road 2,Road 2 Text Format,Road 3,Road 3 Text Format,Crash Specific Location,Crash Specific Location Text Format,Type of Intersection,Type of Intersection Text Format,School Bus Related,School Bus Related Text Format,Work Zone Related,Work Zone Related Text Format,Location Of Crash Relative To Work Zone,Location Of Crash Relative To Work Zone Text Format,Type of Work Zone,Type of Work Zone Text Format,Worker Presence,Worker Presence Text Format,Law Enforcement Presence,Law Enforcement Presence Text Format,Were Vehicles Moved Prior To Police Arrival,Trafficway Ownership,Trafficway Ownership Text Format,Trafficway Class,Trafficway Class Text Format,Police Agency,Police Agency Text Format,Badge Number,Approval Date,Police Case Status,Police Case Status Text Format,Crash Report Submission Date,Related Case Identifiers,No. of Through Lanes (Log Dir.),Average Daily Traffic,Functional Classification,Functional Classification Text Format,Rural or Urban,Rural or Urban Text Format
1297835,1,Complete,1297835,1297835,41.322714,-72.934889,3784043,New Haven,93,93,New Haven,8/1/2025,2025,8,August,1,6,Friday,8:28:00,8,25030684,A,1,,Pedestrian,"Injury of any type (Serious, Minor, Possible)",B,Suspected Minor Injury (B),1,0,4,Local,0.7,152,DIXWELL AV,DIXWELL AV,MUNSON ST,,,,,41.322714,-72.934889,9,Pedestrian,88,Not Applicable,1,On Roadway,1,Clear,88,Not Applicable,1,Daylight,1,Dry,0,None,88,Not Applicable,88,Not Applicable,0,None,88,Not Applicable,88,Not Applicable,2,Intersection,2,Four-Way Intersection,1,No,1,No,88,Not Applicable,88,Not Applicable,88,Not Applicable,88,Not Applicable,FALSE,1,Public Road,1,"Trafficway, On Road",CT0009300,New Haven PD,991,46:11.0,C,Closed,00:51.0,,,,,,,
1297842,1,Complete,1297842,1297842,41.28729,-72.88979,3784050,New Haven,93,93,New Haven,8/1/2025,2025,8,August,1,6,Friday,16:15:00,16,25030776,A,2,,Motor Vehicle In Motion,"Injury of any type (Serious, Minor, Possible)",C,Possible Injury (C),0,0,4,Local,0.01,317,HUNTINGTON AV,HUNTINGTON AV,,MAIN ST,50,Feet,S,41.28729,-72.88979,14,Motor Vehicle in Operation,3,Angle,1,On Roadway,1,Clear,88,Not Applicable,1,Daylight,1,Dry,0,None,88,Not Applicable,88,Not Applicable,0,None,88,Not Applicable,88,Not Applicable,3,Intersection-Related,2,Four-Way Intersection,1,No,1,No,88,Not Applicable,88,Not Applicable,88,Not Applicable,88,Not Applicable,TRUE,1,Public Road,1,"Trafficway, On Road",CT0009300,New Haven PD,45393,44:57.0,C,Closed,01:08.0,,,,,,,
1297843,1,Complete,1297843,1297843,41.306544,-72.894975,3784051,New Haven,93,93,New Haven,8/1/2025,2025,8,August,1,6,Friday,16:48:00,16,25030783,A,2,,Motor Vehicle In Motion,"Injury of any type (Serious, Minor, Possible)",C,Possible Injury (C),0,0,4,Local,0.93,213,FERRY ST,FERRY ST,WOLCOTT ST,,,,,41.306544,-72.894975,14,Motor Vehicle in Operation,3,Angle,1,On Roadway,1,Clear,88,Not Applicable,1,Daylight,1,Dry,0,None,88,Not Applicable,88,Not Applicable,0,None,88,Not Applicable,88,Not Applicable,2,Intersection,3,T-Intersection,1,No,1,No,88,Not Applicable,88,Not Applicable,88,Not Applicable,88,Not Applicable,FALSE,1,Public Road,1,"Trafficway, On Road",CT0009300,New Haven PD,42057,06:59.0,C,Closed,00:55.0,,,,,,,
1297844,1,Complete,1297844,1297844,41.304714,-72.939487,3784052,New Haven,93,93,New Haven,8/1/2025,2025,8,August,1,6,Friday,17:51:00,17,25030795,A,2,,Motor Vehicle In Motion,"Injury of any type (Serious, Minor, Possible)",A,Suspected Serious Injury (A),0,0,4,Local,0.3,622,WARD ST,WARD ST,SYLVAN AV,,,,,41.304714,-72.939487,14,Motor Vehicle in Operation,3,Angle,1,On Roadway,1,Clear,88,Not Applicable,1,Daylight,1,Dry,99,Unknown,88,Not Applicable,88,Not Applicable,99,Unknown,88,Not Applicable,88,Not Applicable,2,Intersection,2,Four-Way Intersection,1,No,1,No,88,Not Applicable,88,Not Applicable,88,Not Applicable,88,Not Applicable,FALSE,1,Public Road,1,"Trafficway, On Road",CT0009300,New Haven PD,46617,20:31.0,C,Closed,01:04.0,,,,,,,
1297850,1,Complete,1297850,1297850,41.29334556,-72.93303123,3784058,New Haven,93,93,New Haven,8/2/2025,2025,8,August,2,7,Saturday,13:12:00,13,25030899,A,3,,Motor Vehicle In Motion,"Injury of any type (Serious, Minor, Possible)",C,Possible Injury (C),0,0,4,Local,0.92,308,HOWARD AV,HOWARD AV,Rosette St ,,,,,41.29334556,-72.93303123,14,Motor Vehicle in Operation,3,Angle,1,On Roadway,1,Clear,88,Not Applicable,1,Daylight,1,Dry,0,None,88,Not Applicable,88,Not Applicable,0,None,88,Not Applicable,88,Not Applicable,2,Intersection,2,Four-Way Intersection,1,No,1,No,88,Not Applicable,88,Not Applicable,88,Not Applicable,88,Not Applicable,FALSE,1,Public Road,1,"Trafficway, On Road",CT0009300,New Haven PD,476,57:48.0,C,Closed,01:06.0,,,,,,,
1297856,1,Complete,1297856,1297856,41.322288,-72.953633,3784064,New Haven,93,93,New Haven,8/2/2025,2025,8,August,2,7,Saturday,19:20:00,19,25030939,A,2,,Motor Vehicle In Motion,"Injury of any type (Serious, Minor, Possible)",C,Possible Injury (C),0,0,3,State,3.36,10,10-N,10-N,,OSBORN AVE,40,,W,41.322288,-72.953633,14,Motor Vehicle in Operation,1,Front to rear,1,On Roadway,1,Clear,88,Not Applicable,1,Daylight,1,Dry,0,None,88,Not Applicable,88,Not Applicable,0,None,88,Not Applicable,88,Not Applicable,3,Intersection-Related,3,T-Intersection,1,No,1,No,88,Not Applicable,88,Not Applicable,88,Not Applicable,88,Not Applicable,FALSE,1,Public Road,1,"Trafficway, On Road",CT0009300,New Haven PD,48046,27:44.0,C,Closed,01:03.0,,,,,,,
1297857,1,Complete,1297857,1297857,41.297384,-72.91459,3784065,New Haven,93,93,New Haven,8/2/2025,2025,8,August,2,7,Saturday,19:57:00,19,25030946,A,2,,Motor Vehicle In Motion,"Injury of any type (Serious, Minor, Possible)",C,Possible Injury (C),0,1,4,Local,0.98,513,LONG WHARF DR,LONG WHARF DR,,HAMILTON ST,400,Feet,W,41.297384,-72.91459,14,Motor Vehicle in Operation,3,Angle,1,On Roadway,1,Clear,88,Not Applicable,1,Daylight,1,Dry,99,Unknown,88,Not Applicable,88,Not Applicable,99,Unknown,88,Not Applicable,88,Not Applicable,1,Non-Junction,1,Not at Intersection,1,No,1,No,88,Not Applicable,88,Not Applicable,88,Not Applicable,88,Not Applicable,TRUE,1,Public Road,1,"Trafficway, On Road",CT0009300,New Haven PD,40947,43:59.0,C,Closed,01:06.0,,,,,,,
1297858,1,Complete,1297858,1297858,41.315503,-72.939001,3784066,New Haven,93,93,New Haven,8/2/2025,2025,8,August,2,7,Saturday,23:59:00,23,25030962,A,2,,Motor Vehicle In Motion,"Injury of any type (Serious, Minor, Possible)",C,Possible Injury (C),0,0,4,Local,0.57,653,WHALLEY AV,WHALLEY AV,,ORCHARD ST,45,Feet,E,41.315503,-72.939001,14,Motor Vehicle in Operation,1,Front to rear,1,On Roadway,1,Clear,88,Not Applicable,4,Dark-Lighted,1,Dry,0,None,88,Not Applicable,88,Not Applicable,0,None,88,Not Applicable,88,Not Applicable,3,Intersection-Related,2,Four-Way Intersection,1,No,1,No,88,Not Applicable,88,Not Applicable,88,Not Applicable,88,Not Applicable,FALSE,1,Public Road,1,"Trafficway, On Road",CT0009300,New Haven PD,44175,02:31.0,C,Closed,01:07.0,,,,,,,
1298455,1,Complete,1298455,1298455,41.305681,-72.950457,3784663,New Haven,93,93,New Haven,7/19/2025,2025,7,July,19,7,Saturday,14:40:00,14,25028855,A,1,,Pedalcycle/Pedalcyclist,"Injury of any type (Serious, Minor, Possible)",B,Suspected Minor Injury (B),1,0,,,,,,EVERGREEN CT,Legion Avenue,,,,,41.305681,-72.950457,10,Pedalcycle/Pedalcyclist,3,Angle,1,On Roadway,1,Clear,88,Not Applicable,1,Daylight,1,Dry,0,None,88,Not Applicable,88,Not Applicable,0,None,88,Not Applicable,88,Not Applicable,2,Intersection,3,T-Intersection,1,No,1,No,88,Not Applicable,88,Not Applicable,88,Not Applicable,88,Not Applicable,FALSE,2,Private Road,3,Non-trafficway,CT0009300,New Haven PD,301,40:22.0,C,Closed,01:28.0,,,,,,,
1298456,1,Complete,1298456,1298456,41.305829,-72.894784,3784664,New Haven,93,93,New Haven,7/20/2025,2025,7,July,20,1,Sunday,14:14:00,14,25028964,A,2,,Motor Vehicle In Motion,"Injury of any type (Serious, Minor, Possible)",C,Possible Injury (C),0,0,4,Local,0.98,213,FERRY ST,FERRY ST,,CHAMBERS ST,100,Feet,S,41.305829,-72.894784,14,Motor Vehicle in Operation,5,"Sideswipe, opposite direction",1,On Roadway,1,Clear,88,Not Applicable,1,Daylight,1,Dry,0,None,88,Not Applicable,88,Not Applicable,0,None,88,Not Applicable,88,Not Applicable,1,Non-Junction,1,Not at Intersection,1,No,1,No,88,Not Applicable,88,Not Applicable,88,Not Applicable,88,Not Applicable,FALSE,1,Public Road,1,"Trafficway, On Road",CT0009300,New Haven PD,44060,58:12.0,C,Closed,01:31.0,,,,,,,
1298458,1,Complete,1298458,1298458,41.315101,-72.94304,3784666,New Haven,93,93,New Haven,8/2/2025,2025,8,August,2,7,Saturday,6:22:00,6,25030867,A,2,,Motor Vehicle In Motion,"Injury of any type (Serious, Minor, Possible)",C,Possible Injury (C),0,0,4,Local,0.66,556,SHERMAN AV,SHERMAN AV,"41.315101, -72.943040",,,,,41.315101,-72.94304,14,Motor Vehicle in Operation,3,Angle,1,On Roadway,1,Clear,88,Not Applicable,1,Daylight,1,Dry,0,None,88,Not Applicable,88,Not Applicable,0,None,88,Not Applicable,88,Not Applicable,2,Intersection,2,Four-Way Intersection,1,No,1,No,88,Not Applicable,88,Not Applicable,88,Not Applicable,88,Not Applicable,FALSE,1,Public Road,1,"Trafficway, On Road",CT0009300,New Haven PD,238,16:56.0,C,Closed,01:32.0,,,,,,,
1298461,1,Complete,1298461,1298461,41.31446,-72.951245,3784669,New Haven,93,93,New Haven,8/3/2025,2025,8,August,3,1,Sunday,22:30:00,22,25031065,A,2,,Pedestrian,"Injury of any type (Serious, Minor, Possible)",B,Suspected Minor Injury (B),1,0,3,State,2.7,10,10-N,10-N,,EDGEWOOD AVE,175,Feet,S,41.31446,-72.951245,14,Motor Vehicle in Operation,1,Front to rear,7,In Parking Lane or Zone,1,Clear,88,Not Applicable,4,Dark-Lighted,1,Dry,0,None,88,Not Applicable,88,Not Applicable,0,None,88,Not Applicable,88,Not Applicable,1,Non-Junction,1,Not at Intersection,1,No,1,No,88,Not Applicable,88,Not Applicable,88,Not Applicable,88,Not Applicable,TRUE,1,Public Road,1,"Trafficway, On Road",CT0009300,New Haven PD,45132,40:35.0,O,Open,01:28.0,,,,,,,
1298462,1,Complete,1298462,1298462,41.297825,-72.934322,3784670,New Haven,93,93,New Haven,8/4/2025,2025,8,August,4,2,Monday,11:32:00,11,25031126,A,2,,Motor Vehicle In Motion,"Injury of any type (Serious, Minor, Possible)",B,Suspected Minor Injury (B),0,0,2,USRoute,47.4,1,1-N,1-N,HOWARD AVE,,,,,41.297825,-72.934322,14,Motor Vehicle in Operation,2,Front to front,1,On Roadway,1,Clear,88,Not Applicable,1,Daylight,1,Dry,0,None,88,Not Applicable,88,Not Applicable,0,None,88,Not Applicable,88,Not Applicable,2,Intersection,2,Four-Way Intersection,1,No,1,No,88,Not Applicable,88,Not Applicable,88,Not Applicable,88,Not Applicable,FALSE,1,Public Road,1,"Trafficway, On Road",CT0009300,New Haven PD,243,13:06.0,C,Closed,01:29.0,,,,,,,
1298757,1,Complete,1298757,1298757,41.32105855,-72.93600361,3784965,New Haven,93,93,New Haven,8/4/2025,2025,8,August,4,2,Monday,13:30:00,13,25031153,A,2,,Motor Vehicle In Motion,"Injury of any type (Serious, Minor, Possible)",C,Possible Injury (C),0,0,4,Local,1.43,453,ORCHARD ST,ORCHARD ST,,henry street,40,Feet,N,41.32105855,-72.93600361,14,Motor Vehicle in Operation,1,Front to rear,1,On Roadway,1,Clear,88,Not Applicable,1,Daylight,1,Dry,0,None,88,Not Applicable,88,Not Applicable,0,None,88,Not Applicable,88,Not Applicable,3,Intersection-Related,2,Four-Way Intersection,1,No,1,No,88,Not Applicable,88,Not Applicable,88,Not Applicable,88,Not Applicable,FALSE,1,Public Road,1,"Trafficway, On Road",CT0009300,New Haven PD,991,46:07.0,C,Closed,00:54.0,,,,,,,
1298759,1,Complete,1298759,1298759,41.289494,-72.897694,3784967,New Haven,93,93,New Haven,8/5/2025,2025,8,August,5,3,Tuesday,4:18:00,4,25031254,A,2,,Motor Vehicle In Motion,"Injury of any type (Serious, Minor, Possible)",B,Suspected Minor Injury (B),0,1,3,State,0.07,921,921-W,921-W,,95-N-346 (EXIT 50),320,Feet,W,41.289494,-72.897694,14,Motor Vehicle in Operation,2,Front to front,1,On Roadway,1,Clear,88,Not Applicable,4,Dark-Lighted,1,Dry,0,None,88,Not Applicable,88,Not Applicable,0,None,88,Not Applicable,88,Not Applicable,4,Entrance / Exit Ramp,1,Not at Intersection,1,No,1,No,88,Not Applicable,88,Not Applicable,88,Not Applicable,88,Not Applicable,FALSE,1,Public Road,1,"Trafficway, On Road",CT0009300,New Haven PD,45626,11:34.0,C,Closed,00:53.0,,,,,,,
1298761,1,Complete,1298761,1298761,41.31398227,-72.91226964,3784969,New Haven,93,93,New Haven,8/5/2025,2025,8,August,5,3,Tuesday,6:56:00,6,25031277,A,2,,Motor Vehicle In Motion,"Injury of any type (Serious, Minor, Possible)",C,Possible Injury (C),0,0,4,Local,0.48,575,STATE ST,STATE ST,,HUMPHREY ST,72,Feet,W,41.31398227,-72.91226964,14,Motor Vehicle in Operation,1,Front to rear,1,On Roadway,1,Clear,88,Not Applicable,1,Daylight,1,Dry,99,Unknown,88,Not Applicable,88,Not Applicable,0,None,88,Not Applicable,88,Not Applicable,3,Intersection-Related,2,Four-Way Intersection,1,No,1,No,88,Not Applicable,88,Not Applicable,88,Not Applicable,88,Not Applicable,FALSE,1,Public Road,1,"Trafficway, On Road",CT0009300,New Haven PD,46174,24:35.0,C,Closed,00:55.0,,,,,,,
1299076,1,Complete,1299076,1299076,41.304465,-72.894545,3785284,New Haven,93,93,New Haven,8/6/2025,2025,8,August,6,4,Wednesday,11:04:00,11,25031485,A,2,,Motor Vehicle In Motion,"Injury of any type (Serious, Minor, Possible)",C,Possible Injury (C),0,0,4,Local,1.08,213,FERRY ST,FERRY ST,,CHAPEL ST,25,Feet,N,41.304465,-72.894545,14,Motor Vehicle in Operation,1,Front to rear,1,On Roadway,1,Clear,88,Not Applicable,1,Daylight,1,Dry,0,None,88,Not Applicable,88,Not Applicable,0,None,88,Not Applicable,88,Not Applicable,3,Intersection-Related,2,Four-Way Intersection,1,No,1,No,88,Not Applicable,88,Not Applicable,88,Not Applicable,88,Not Applicable,FALSE,1,Public Road,1,"Trafficway, On Road",CT0009300,New Haven PD,40789,25:50.0,C,Closed,00:33.0,,,,,,,
1299077,1,Complete,1299077,1299077,41.32362216,-72.8856404,3785285,New Haven,93,93,New Haven,8/6/2025,2025,8,August,6,4,Wednesday,12:14:00,12,25031494,A,2,,Motor Vehicle In Motion,"Injury of any type (Serious, Minor, Possible)",C,Possible Injury (C),0,0,4,Local,0.01,411,MIDDLETOWN AV,MIDDLETOWN AV,,FRONT ST,4,TenthsofMile,N,41.32362216,-72.8856404,14,Motor Vehicle in Operation,3,Angle,1,On Roadway,1,Clear,88,Not Applicable,1,Daylight,1,Dry,0,None,88,Not Applicable,88,Not Applicable,0,None,88,Not Applicable,88,Not Applicable,1,Non-Junction,1,Not at Intersection,1,No,1,No,88,Not Applicable,88,Not Applicable,88,Not Applicable,88,Not Applicable,FALSE,1,Public Road,1,"Trafficway, On Road",CT0009300,New Haven PD,44052,37:01.0,C,Closed,00:32.0,,,,,,,
1299082,1,Complete,1299082,1299082,41.32466,-72.9165,3785290,New Haven,93,93,New Haven,8/6/2025,2025,8,August,6,4,Wednesday,19:01:00,19,25031580,A,2,,Motor Vehicle In Motion,"Injury of any type (Serious, Minor, Possible)",C,Possible Injury (C),0,0,4,Local,0.34,83,CANNER ST,CANNER ST,WHITNEY AVE,,,,,41.32466,-72.9165,14,Motor Vehicle in Operation,2,Front to front,1,On Roadway,1,Clear,88,Not Applicable,1,Daylight,1,Dry,0,None,88,Not Applicable,88,Not Applicable,0,None,88,Not Applicable,88,Not Applicable,2,Intersection,2,Four-Way Intersection,1,No,1,No,88,Not Applicable,88,Not Applicable,88,Not Applicable,88,Not Applicable,FALSE,1,Public Road,1,"Trafficway, On Road",CT0009300,New Haven PD,45399,31:59.0,C,Closed,00:33.0,,,,,,,
1299352,1,Complete,1299352,1299352,41.29668,-72.89274,3785560,New Haven,93,93,New Haven,8/2/2025,2025,8,August,2,7,Saturday,22:00:00,22,25030953,A,2,,Parked Vehicle,"Injury of any type (Serious, Minor, Possible)",C,Possible Injury (C),0,0,4,Local,0.16,210,FARREN AV,FARREN AV,,FULTON STREET,82,Feet,S,41.29668,-72.89274,14,Motor Vehicle in Operation,1,Front to rear,1,On Roadway,1,Clear,88,Not Applicable,5,Dark-Not Lighted,1,Dry,0,None,88,Not Applicable,88,Not Applicable,0,None,88,Not Applicable,88,Not Applicable,1,Non-Junction,1,Not at Intersection,1,No,1,No,88,Not Applicable,88,Not Applicable,88,Not Applicable,88,Not Applicable,FALSE,1,Public Road,1,"Trafficway, On Road",CT0009300,New Haven PD,754,43:18.0,C,Closed,00:13.0,,,,,,,
1299353,1,Complete,1299353,1299353,41.28882,-72.89258,3785561,New Haven,93,93,New Haven,8/5/2025,2025,8,August,5,3,Tuesday,16:23:00,16,25031371,A,2,,Motor Vehicle In Motion,"Injury of any type (Serious, Minor, Possible)",C,Possible Injury (C),0,0,3,State,0.09,741,741-E,741-E,MAIN ST NO 2,,,,,41.28882,-72.89258,14,Motor Vehicle in Operation,3,Angle,1,On Roadway,1,Clear,88,Not Applicable,1,Daylight,1,Dry,0,None,88,Not Applicable,88,Not Applicable,0,None,88,Not Applicable,88,Not Applicable,2,Intersection,2,Four-Way Intersection,1,No,1,No,88,Not Applicable,88,Not Applicable,88,Not Applicable,88,Not Applicable,TRUE,1,Public Road,1,"Trafficway, On Road",CT0009300,New Haven PD,44056,43:53.0,C,Closed,00:14.0,,,,,,,
1299356,1,Complete,1299356,1299356,41.32183,-72.87671,925141,New Haven,93,93,New Haven,8/6/2025,2025,8,August,6,4,Wednesday,22:13:00,22,25031606,K,1,Straight Ahead,Pedestrian,Fatal (Kill),K,Fatal Injury (K),1,2,3,State,0.28,80,80-E,80-E,,QUINNIPIAC AVENUE,0.15,TenthsofMile,W,41.32183,-72.87671,9,Pedestrian,88,Not Applicable,1,On Roadway,1,Clear,88,Not Applicable,4,Dark-Lighted,1,Dry,99,Unknown,88,Not Applicable,88,Not Applicable,0,None,88,Not Applicable,88,Not Applicable,1,Non-Junction,1,Not at Intersection,1,No,1,No,88,Not Applicable,88,Not Applicable,88,Not Applicable,88,Not Applicable,FALSE,1,Public Road,1,"Trafficway, On Road",CT0009300,New Haven PD,47737,00:33.0,O,Open,00:14.0,,,,,,,
1299361,1,Complete,1299361,1299361,41.312111,-72.90944,3785569,New Haven,93,93,New Haven,8/7/2025,2025,8,August,7,5,Thursday,16:38:00,16,25031707,A,2,,Motor Vehicle In Motion,"Injury of any type (Serious, Minor, Possible)",C,Possible Injury (C),0,0,4,Local,0.05,621,WALNUT ST,WALNUT ST,EAST ST,,,,,41.312111,-72.90944,14,Motor Vehicle in Operation,3,Angle,1,On Roadway,1,Clear,88,Not Applicable,1,Daylight,1,Dry,0,None,88,Not Applicable,88,Not Applicable,0,None,88,Not Applicable,88,Not Applicable,2,Intersection,2,Four-Way Intersection,1,No,1,No,88,Not Applicable,88,Not Applicable,88,Not Applicable,88,Not Applicable,FALSE,1,Public Road,1,"Trafficway, On Road",CT0009300,New Haven PD,48045,55:32.0,C,Closed,00:14.0,,,,,,,
1299365,1,Complete,1299365,1299365,41.310626,-72.94958,3785573,New Haven,93,93,New Haven,8/7/2025,2025,8,August,7,5,Thursday,22:01:00,22,25031762,A,1,,Pedalcycle/Pedalcyclist,"Injury of any type (Serious, Minor, Possible)",B,Suspected Minor Injury (B),1,0,4,Local,0.02,248,GEORGE ST,GEORGE ST,,NORTON ST,25,Feet,W,41.310626,-72.94958,10,Pedalcycle/Pedalcyclist,97,Other,1,On Roadway,1,Clear,88,Not Applicable,4,Dark-Lighted,1,Dry,0,None,88,Not Applicable,88,Not Applicable,0,None,88,Not Applicable,88,Not Applicable,1,Non-Junction,1,Not at Intersection,1,No,1,No,88,Not Applicable,88,Not Applicable,88,Not Applicable,88,Not Applicable,FALSE,1,Public Road,1,"Trafficway, On Road",CT0009300,New Haven PD,46173,30:02.0,C,Closed,00:16.0,,,,,,,
1299774,1,Complete,1299774,1299774,41.307423,-72.886981,3785982,New Haven,93,93,New Haven,8/3/2025,2025,8,August,3,1,Sunday,6:33:00,6,25030977,A,2,,Motor Vehicle In Motion,"Injury of any type (Serious, Minor, Possible)",C,Possible Injury (C),0,0,4,Local,1.05,498,QUINNIPIAC AV,QUINNIPIAC AV,,WELCOME STREET,60,Feet,N,41.307423,-72.886981,14,Motor Vehicle in Operation,1,Front to rear,1,On Roadway,1,Clear,88,Not Applicable,1,Daylight,1,Dry,0,None,88,Not Applicable,88,Not Applicable,0,None,88,Not Applicable,88,Not Applicable,1,Non-Junction,1,Not at Intersection,1,No,1,No,88,Not Applicable,88,Not Applicable,88,Not Applicable,88,Not Applicable,FALSE,1,Public Road,1,"Trafficway, On Road",CT0009300,New Haven PD,156,14:14.0,C,Closed,00:20.0,,,,,,,
1299781,1,Complete,1299781,1299781,41.31466,-72.939612,3785989,New Haven,93,93,New Haven,8/7/2025,2025,8,August,7,5,Thursday,12:33:00,12,25031692,A,2,,Motor Vehicle In Motion,"Injury of any type (Serious, Minor, Possible)",C,Possible Injury (C),0,0,4,Local,0.94,453,ORCHARD ST,ORCHARD ST,,ELM ST,195,Feet,N,41.31466,-72.939612,14,Motor Vehicle in Operation,3,Angle,1,On Roadway,1,Clear,88,Not Applicable,1,Daylight,1,Dry,0,None,88,Not Applicable,88,Not Applicable,0,None,88,Not Applicable,88,Not Applicable,1,Non-Junction,1,Not at Intersection,1,No,1,No,88,Not Applicable,88,Not Applicable,88,Not Applicable,88,Not Applicable,FALSE,1,Public Road,1,"Trafficway, On Road",CT0009300,New Haven PD,40804,33:51.0,C,Closed,00:15.0,,,,,,,
1299786,1,Complete,1299786,1299786,41.29765936,-72.94089582,3785994,New Haven,93,93,New Haven,8/8/2025,2025,8,August,8,6,Friday,10:29:00,10,25031789,A,2,,Motor Vehicle In Motion,"Injury of any type (Serious, Minor, Possible)",C,Possible Injury (C),0,0,2,USRoute,47.05,1,1-N,1-N,WEST ST,,,,,41.29765936,-72.94089582,14,Motor Vehicle in Operation,3,Angle,1,On Roadway,1,Clear,88,Not Applicable,1,Daylight,1,Dry,0,None,88,Not Applicable,88,Not Applicable,0,None,88,Not Applicable,88,Not Applicable,2,Intersection,2,Four-Way Intersection,1,No,1,No,88,Not Applicable,88,Not Applicable,88,Not Applicable,88,Not Applicable,FALSE,1,Public Road,1,"Trafficway, On Road",CT0009300,New Haven PD,45397,11:50.0,C,Closed,00:19.0,,,,,,,
1299789,1,Complete,1299789,1299789,41.314141,-72.903993,3785997,New Haven,93,93,New Haven,8/8/2025,2025,8,August,8,6,Friday,13:51:00,13,25031808,A,2,,Motor Vehicle In Motion,"Injury of any type (Serious, Minor, Possible)",C,Possible Injury (C),0,0,4,Local,0,379,LOMBARD ST,LOMBARD ST,JAMES ST,,,,,41.314141,-72.903993,14,Motor Vehicle in Operation,1,Front to rear,1,On Roadway,1,Clear,88,Not Applicable,1,Daylight,1,Dry,0,None,88,Not Applicable,88,Not Applicable,0,None,88,Not Applicable,88,Not Applicable,2,Intersection,2,Four-Way Intersection,1,No,1,No,88,Not Applicable,88,Not Applicable,88,Not Applicable,88,Not Applicable,FALSE,1,Public Road,1,"Trafficway, On Road",CT0009300,New Haven PD,42057,43:00.0,C,Closed,00:20.0,,,,,,,
1299795,1,Complete,1299795,1299795,41.286381,-72.936249,3786003,New Haven,93,93,New Haven,8/8/2025,2025,8,August,8,6,Friday,21:30:00,21,25031873,A,1,,Not Applicable,"Injury of any type (Serious, Minor, Possible)",B,Suspected Minor Injury (B),1,0,3,State,0.47,10,10-N,10-N,KIMBERLY AVE,,,,,41.286381,-72.936249,9,Pedestrian,88,Not Applicable,1,On Roadway,1,Clear,88,Not Applicable,4,Dark-Lighted,1,Dry,0,None,88,Not Applicable,88,Not Applicable,0,None,88,Not Applicable,88,Not Applicable,2,Intersection,2,Four-Way Intersection,1,No,1,No,88,Not Applicable,88,Not Applicable,88,Not Applicable,88,Not Applicable,FALSE,1,Public Road,1,"Trafficway, On Road",CT0009300,New Haven PD,46628,12:26.0,C,Closed,00:29.0,25-031873,,,,,,
1299797,1,Complete,1299797,1299797,41.3022,-72.928787,3786005,New Haven,93,93,New Haven,8/8/2025,2025,8,August,8,6,Friday,22:21:00,22,25031884,A,2,,Motor Vehicle In Motion,"Injury of any type (Serious, Minor, Possible)",C,Possible Injury (C),0,0,4,Local,0.52,564,SOUTH FRONTAGE RD,SOUTH FRONTAGE RD,CHURCH ST S,,,,,41.3022,-72.928787,14,Motor Vehicle in Operation,2,Front to front,1,On Roadway,1,Clear,88,Not Applicable,4,Dark-Lighted,1,Dry,0,None,88,Not Applicable,88,Not Applicable,0,None,88,Not Applicable,88,Not Applicable,2,Intersection,2,Four-Way Intersection,1,No,1,No,88,Not Applicable,88,Not Applicable,88,Not Applicable,88,Not Applicable,FALSE,1,Public Road,1,"Trafficway, On Road",CT0009300,New Haven PD,44949,37:27.0,C,Closed,00:22.0,,,,,,,
1299801,1,Complete,1299801,1299801,41.306579,-72.952723,3786009,New Haven,93,93,New Haven,8/9/2025,2025,8,August,9,7,Saturday,15:10:00,15,25031974,A,1,,Pedestrian,"Injury of any type (Serious, Minor, Possible)",C,Possible Injury (C),1,0,4,Local,1.45,809,REV DR MLK JR BLVD,REV DR MLK JR BLVD,ELLA T GRASSO BLVD,,,,,41.306579,-72.952723,9,Pedestrian,88,Not Applicable,1,On Roadway,1,Clear,88,Not Applicable,1,Daylight,1,Dry,0,None,88,Not Applicable,88,Not Applicable,0,None,88,Not Applicable,88,Not Applicable,2,Intersection,3,T-Intersection,1,No,1,No,88,Not Applicable,88,Not Applicable,88,Not Applicable,88,Not Applicable,FALSE,1,Public Road,1,"Trafficway, On Road",CT0009300,New Haven PD,44045,25:53.0,C,Closed,00:25.0,,,,,,,