CrashId,Fatal Case Status,Fatal Case Status Text Format,CrashId,CrashId,Latitude,Longitude,DOT Case Number,Town Name,Town Number,Town Number,Town Number Text Format,Date Of Crash,Year,Month,Month Text Format,Day,Day of the Week,Day of the Week Text Format,Time of Crash,Hour of the Day,Case Identifier,Crash Severity,Number Of Motor Vehicles,Motor vehicle action,Most harmful event,Crash Severity Text Format,Most Severe Injury,Most Severe Injury Text Format,Number Of Non-Motorist,Number Of Witnesses,Route Class,Route Class Text Format,Milemarker,Road Number,Road Description,Roadway Name,Intersecting Roadway Name,Landmark Description,Distance From Nearest Landmark,Unit Of Measure From Nearest Landmark,Direction From Nearest Landmark,Latitude,Longitude,First Harmful Event,First Harmful Event Text Format,Manner of Crash / Collision Impact,Manner of Crash / Collision Impact Text Format,Location of First Harmful Event,Location of First Harmful Event Text Format,Weather Condition,Weather Condition Text Format,Weather 2,Weather 2 Text Format,Light Condition,Light Condition Text Format,Road Surface Condition,Road Surface Condition Text Format,"Contributing Circumstances, Environment","Contributing Circumstances, Environment Text Format",Environment 2,Environment 2 Text Format,Environment 3,Environment 3 Text Format,"Contributing Circumstances, Road","Contributing Circumstances, Road Text Format",Road 2,Road 2 Text Format,Road 3,Road 3 Text Format,Crash Specific Location,Crash Specific Location Text Format,Type of Intersection,Type of Intersection Text Format,School Bus Related,School Bus Related Text Format,Work Zone Related,Work Zone Related Text Format,Location Of Crash Relative To Work Zone,Location Of Crash Relative To Work Zone Text Format,Type of Work Zone,Type of Work Zone Text Format,Worker Presence,Worker Presence Text Format,Law Enforcement Presence,Law Enforcement Presence Text Format,Were Vehicles Moved Prior To Police Arrival,Trafficway Ownership,Trafficway Ownership Text Format,Trafficway Class,Trafficway Class Text Format,Police Agency,Police Agency Text Format,Badge Number,Approval Date,Police Case Status,Police Case Status Text Format,Crash Report Submission Date,Related Case Identifiers,No. of Through Lanes (Log Dir.),Average Daily Traffic,Functional Classification,Functional Classification Text Format,Rural or Urban,Rural or Urban Text Format
1299811,1,Complete,1299811,1299811,41.313225,-72.943834,3786019,New Haven,93,93,New Haven,8/10/2025,2025,8,August,10,1,Sunday,1:41:00,1,25032033,A,2,,Motor Vehicle In Motion,"Injury of any type (Serious, Minor, Possible)",C,Possible Injury (C),0,0,4,Local,1.46,179,EDGEWOOD AV,EDGEWOOD AV,SHERMAN AV,,,,,41.313225,-72.943834,14,Motor Vehicle in Operation,3,Angle,1,On Roadway,1,Clear,88,Not Applicable,4,Dark-Lighted,1,Dry,0,None,0,None,88,Not Applicable,0,None,88,Not Applicable,88,Not Applicable,2,Intersection,2,Four-Way Intersection,1,No,1,No,88,Not Applicable,88,Not Applicable,88,Not Applicable,88,Not Applicable,FALSE,1,Public Road,1,"Trafficway, On Road",CT0009300,New Haven PD,44175,46:22.0,C,Closed,00:28.0,,,,,,,
1299817,1,Complete,1299817,1299817,41.318503,-72.947519,3786025,New Haven,93,93,New Haven,8/10/2025,2025,8,August,10,1,Sunday,18:45:00,18,25032134,A,2,,Motor Vehicle In Motion,"Injury of any type (Serious, Minor, Possible)",B,Suspected Minor Injury (B),0,0,4,Local,0.08,653,WHALLEY AV,WHALLEY AV,ELLSWORTH AVE,,,,,41.318503,-72.947519,14,Motor Vehicle in Operation,3,Angle,1,On Roadway,1,Clear,88,Not Applicable,1,Daylight,1,Dry,0,None,88,Not Applicable,88,Not Applicable,0,None,88,Not Applicable,88,Not Applicable,2,Intersection,2,Four-Way Intersection,1,No,1,No,88,Not Applicable,88,Not Applicable,88,Not Applicable,88,Not Applicable,TRUE,1,Public Road,1,"Trafficway, On Road",CT0009300,New Haven PD,44947,46:59.0,C,Closed,00:34.0,,,,,,,
1300415,1,Complete,1300415,1300415,41.303817,-72.918184,3786623,New Haven,93,93,New Haven,6/18/2025,2025,6,June,18,4,Wednesday,16:28:00,16,25024264,A,2,,Motor Vehicle In Motion,"Injury of any type (Serious, Minor, Possible)",C,Possible Injury (C),0,0,4,Local,1.34,97,CHAPEL ST,CHAPEL ST,,DEPALMA CT,30,Feet,W,41.303817,-72.918184,14,Motor Vehicle in Operation,2,Front to front,1,On Roadway,1,Clear,88,Not Applicable,1,Daylight,1,Dry,0,None,88,Not Applicable,88,Not Applicable,0,None,88,Not Applicable,88,Not Applicable,1,Non-Junction,1,Not at Intersection,1,No,1,No,88,Not Applicable,88,Not Applicable,88,Not Applicable,88,Not Applicable,FALSE,1,Public Road,1,"Trafficway, On Road",CT0009300,New Haven PD,31814,03:56.0,C,Closed,01:39.0,,,,,,,
1300430,1,Complete,1300430,1300430,41.30249,-72.938438,3786638,New Haven,93,93,New Haven,8/11/2025,2025,8,August,11,2,Monday,13:48:00,13,25032250,A,2,,Motor Vehicle In Motion,"Injury of any type (Serious, Minor, Possible)",C,Possible Injury (C),0,0,4,Local,0.6,141,DAVENPORT AV,DAVENPORT AV,WARD ST,,,,,41.30249,-72.938438,14,Motor Vehicle in Operation,3,Angle,1,On Roadway,1,Clear,88,Not Applicable,1,Daylight,1,Dry,0,None,88,Not Applicable,88,Not Applicable,0,None,88,Not Applicable,88,Not Applicable,2,Intersection,2,Four-Way Intersection,1,No,1,No,88,Not Applicable,88,Not Applicable,88,Not Applicable,88,Not Applicable,FALSE,1,Public Road,1,"Trafficway, On Road",CT0009300,New Haven PD,45983,08:31.0,C,Closed,01:33.0,,,,,,,
1300436,1,Complete,1300436,1300436,41.3229,-72.948983,3786644,New Haven,93,93,New Haven,8/11/2025,2025,8,August,11,2,Monday,19:30:00,19,25032310,A,2,,Motor Vehicle In Motion,"Injury of any type (Serious, Minor, Possible)",C,Possible Injury (C),0,0,4,Local,0.26,690,ELLA T GRASSO BLVD,ELLA T GRASSO BLVD,,GOFFE TERR,100,Feet,S,41.3229,-72.948983,14,Motor Vehicle in Operation,1,Front to rear,1,On Roadway,1,Clear,88,Not Applicable,1,Daylight,1,Dry,0,None,88,Not Applicable,88,Not Applicable,0,None,88,Not Applicable,88,Not Applicable,1,Non-Junction,1,Not at Intersection,1,No,1,No,88,Not Applicable,88,Not Applicable,88,Not Applicable,88,Not Applicable,FALSE,1,Public Road,1,"Trafficway, On Road",CT0009300,New Haven PD,276,32:19.0,C,Closed,01:39.0,25032310,,,,,,
1300673,1,Complete,1300673,1300673,41.308882,-72.897052,3786881,New Haven,93,93,New Haven,7/19/2025,2025,7,July,19,7,Saturday,19:27:00,19,25028877,A,2,,Motor Vehicle In Motion,"Injury of any type (Serious, Minor, Possible)",A,Suspected Serious Injury (A),0,0,4,Local,0.59,264,GRAND AV,GRAND AV,POPLAR ST,,,,,41.308882,-72.897052,14,Motor Vehicle in Operation,3,Angle,1,On Roadway,1,Clear,88,Not Applicable,1,Daylight,1,Dry,99,Unknown,88,Not Applicable,88,Not Applicable,0,None,88,Not Applicable,99,Unknown,2,Intersection,2,Four-Way Intersection,1,No,1,No,88,Not Applicable,88,Not Applicable,88,Not Applicable,88,Not Applicable,FALSE,1,Public Road,1,"Trafficway, On Road",CT0009300,New Haven PD,44057,37:17.0,C,Closed,01:49.0,,,,,,,
1300674,1,Complete,1300674,1300674,41.315826,-72.892029,3786882,New Haven,93,93,New Haven,8/7/2025,2025,8,August,7,5,Thursday,11:35:00,11,25031684,A,2,,Motor Vehicle In Motion,"Injury of any type (Serious, Minor, Possible)",C,Possible Injury (C),0,1,4,Local,0.45,113,CLINTON AV,CLINTON AV,LOMBARD ST,,,,,41.315826,-72.892029,14,Motor Vehicle in Operation,3,Angle,1,On Roadway,1,Clear,88,Not Applicable,1,Daylight,1,Dry,0,None,88,Not Applicable,88,Not Applicable,0,None,88,Not Applicable,88,Not Applicable,2,Intersection,2,Four-Way Intersection,1,No,1,No,88,Not Applicable,88,Not Applicable,88,Not Applicable,88,Not Applicable,FALSE,1,Public Road,1,"Trafficway, On Road",CT0009300,New Haven PD,40789,50:07.0,C,Closed,01:47.0,,,,,,,
1300677,1,Complete,1300677,1300677,41.322308,-72.878001,3786885,New Haven,93,93,New Haven,8/12/2025,2025,8,August,12,3,Tuesday,11:54:00,11,25032401,A,2,,Motor Vehicle In Motion,"Injury of any type (Serious, Minor, Possible)",C,Possible Injury (C),0,0,3,State,0.21,80,80-E,80-E,,EXIT 8 (91-N-16A),870,Feet,W,41.322308,-72.878001,14,Motor Vehicle in Operation,4,"Sideswipe, same direction",1,On Roadway,1,Clear,88,Not Applicable,1,Daylight,1,Dry,0,None,88,Not Applicable,88,Not Applicable,0,None,88,Not Applicable,88,Not Applicable,3,Intersection-Related,3,T-Intersection,1,No,1,No,88,Not Applicable,88,Not Applicable,88,Not Applicable,88,Not Applicable,FALSE,1,Public Road,1,"Trafficway, On Road",CT0009300,New Haven PD,40807,06:18.0,C,Closed,01:49.0,,,,,,,
1300681,1,Complete,1300681,1300681,41.30902,-72.894953,3786889,New Haven,93,93,New Haven,8/12/2025,2025,8,August,12,3,Tuesday,18:39:00,18,25032452,A,2,,Motor Vehicle In Motion,"Injury of any type (Serious, Minor, Possible)",C,Possible Injury (C),0,0,4,Local,0.48,264,GRAND AV,GRAND AV,,FERRY ST,125,Feet,E,41.30902,-72.894953,14,Motor Vehicle in Operation,3,Angle,1,On Roadway,1,Clear,88,Not Applicable,1,Daylight,1,Dry,0,None,88,Not Applicable,88,Not Applicable,0,None,88,Not Applicable,88,Not Applicable,9,Driveway Access-Related,1,Not at Intersection,1,No,1,No,88,Not Applicable,88,Not Applicable,88,Not Applicable,88,Not Applicable,TRUE,1,Public Road,1,"Trafficway, On Road",CT0009300,New Haven PD,46614,10:32.0,C,Closed,01:50.0,,,,,,,
1301027,1,Complete,1301027,1301027,41.316704,-72.942649,3787235,New Haven,93,93,New Haven,8/13/2025,2025,8,August,13,4,Wednesday,15:05:00,15,25032582,A,2,,Motor Vehicle In Motion,"Injury of any type (Serious, Minor, Possible)",C,Possible Injury (C),0,0,4,Local,0.37,653,WHALLEY AV,WHALLEY AV,,SHERMAN AVE,35,Feet,W,41.316704,-72.942649,14,Motor Vehicle in Operation,1,Front to rear,1,On Roadway,2,Cloudy,88,Not Applicable,1,Daylight,1,Dry,0,None,88,Not Applicable,88,Not Applicable,0,None,88,Not Applicable,88,Not Applicable,3,Intersection-Related,2,Four-Way Intersection,1,No,1,No,88,Not Applicable,88,Not Applicable,88,Not Applicable,88,Not Applicable,TRUE,1,Public Road,1,"Trafficway, On Road",CT0009300,New Haven PD,44947,28:46.0,O,Open,00:53.0,,,,,,,
1301028,1,Complete,1301028,1301028,41.315556,-72.940662,3787236,New Haven,93,93,New Haven,8/13/2025,2025,8,August,13,4,Wednesday,15:26:00,15,25032589,A,2,,Motor Vehicle In Motion,"Injury of any type (Serious, Minor, Possible)",C,Possible Injury (C),0,0,,,,,,226 WHALLEY AVE,,COUNTY ST ,195,Feet,S,41.315556,-72.940662,14,Motor Vehicle in Operation,1,Front to rear,97,Other,2,Cloudy,88,Not Applicable,1,Daylight,1,Dry,0,None,88,Not Applicable,88,Not Applicable,0,None,88,Not Applicable,88,Not Applicable,97,Other,1,Not at Intersection,1,No,1,No,88,Not Applicable,88,Not Applicable,88,Not Applicable,88,Not Applicable,TRUE,88,Not Applicable,4,Parking Lot,CT0009300,New Haven PD,44947,12:29.0,C,Closed,00:52.0,,,,,,,
1301032,1,Complete,1301032,1301032,41.308871,-72.945609,3787240,New Haven,93,93,New Haven,8/13/2025,2025,8,August,13,4,Wednesday,21:01:00,21,25032643,A,2,,Motor Vehicle In Motion,"Injury of any type (Serious, Minor, Possible)",B,Suspected Minor Injury (B),0,0,4,Local,0.21,556,SHERMAN AV,SHERMAN AV,GILBERT AV,,,,,41.308871,-72.945609,14,Motor Vehicle in Operation,3,Angle,1,On Roadway,4,Rain,88,Not Applicable,4,Dark-Lighted,2,Wet,0,None,88,Not Applicable,88,Not Applicable,0,None,88,Not Applicable,88,Not Applicable,2,Intersection,2,Four-Way Intersection,1,No,1,No,88,Not Applicable,88,Not Applicable,88,Not Applicable,88,Not Applicable,FALSE,1,Public Road,1,"Trafficway, On Road",CT0009300,New Haven PD,44045,32:57.0,C,Closed,00:54.0,,,,,,,
1301248,1,Complete,1301248,1301248,41.308229,-72.949531,3787456,New Haven,93,93,New Haven,8/13/2025,2025,8,August,13,4,Wednesday,12:59:00,12,25032555,A,1,,Motor Vehicle In Motion,"Injury of any type (Serious, Minor, Possible)",A,Suspected Serious Injury (A),1,0,4,Local,0.18,333,JUDSON AV,JUDSON AV,,WINTHROP AVENUE,350,Feet,W,41.308229,-72.949531,14,Motor Vehicle in Operation,3,Angle,1,On Roadway,1,Clear,88,Not Applicable,1,Daylight,1,Dry,0,None,88,Not Applicable,88,Not Applicable,0,None,88,Not Applicable,88,Not Applicable,1,Non-Junction,1,Not at Intersection,1,No,1,No,88,Not Applicable,88,Not Applicable,88,Not Applicable,88,Not Applicable,FALSE,1,Public Road,1,"Trafficway, On Road",CT0009300,New Haven PD,44062,56:01.0,C,Closed,00:24.0,,,,,,,
1301249,1,Complete,1301249,1301249,41.306138,-72.925871,3787457,New Haven,93,93,New Haven,8/13/2025,2025,8,August,13,4,Wednesday,15:49:00,15,25032587,A,1,,Pedestrian,"Injury of any type (Serious, Minor, Possible)",A,Suspected Serious Injury (A),1,0,4,Local,1.78,97,CHAPEL ST,CHAPEL ST,Church Street,,,,,41.306138,-72.925871,9,Pedestrian,88,Not Applicable,1,On Roadway,1,Clear,88,Not Applicable,1,Daylight,1,Dry,0,None,88,Not Applicable,88,Not Applicable,0,None,88,Not Applicable,88,Not Applicable,2,Intersection,2,Four-Way Intersection,1,No,1,No,88,Not Applicable,88,Not Applicable,88,Not Applicable,88,Not Applicable,FALSE,1,Public Road,1,"Trafficway, On Road",CT0009300,New Haven PD,74,42:20.0,C,Closed,00:25.0,,,,,,,
1301251,1,Complete,1301251,1301251,41.300419,-72.937468,3787459,New Haven,93,93,New Haven,8/13/2025,2025,8,August,13,4,Wednesday,19:04:00,19,25032623,A,4,,Parked Vehicle,"Injury of any type (Serious, Minor, Possible)",C,Possible Injury (C),0,0,4,Local,0.02,138,DAGGETT ST,DAGGETT ST,,CONGRESS AVE,100,Feet,S,41.300419,-72.937468,14,Motor Vehicle in Operation,4,"Sideswipe, same direction",1,On Roadway,4,Rain,88,Not Applicable,1,Daylight,2,Wet,0,None,88,Not Applicable,88,Not Applicable,0,None,88,Not Applicable,88,Not Applicable,1,Non-Junction,1,Not at Intersection,1,No,1,No,88,Not Applicable,88,Not Applicable,88,Not Applicable,88,Not Applicable,FALSE,1,Public Road,1,"Trafficway, On Road",CT0009300,New Haven PD,46613,57:52.0,C,Closed,00:27.0,,,,,,,
1301260,1,Complete,1301260,1301260,41.305316,-72.937357,3787468,New Haven,93,93,New Haven,8/14/2025,2025,8,August,14,5,Thursday,14:00:00,14,25032749,A,2,,Motor Vehicle In Motion,"Injury of any type (Serious, Minor, Possible)",C,Possible Injury (C),0,0,4,Local,0.06,308,HOWARD AV,HOWARD AV,,SYLVAN AVE,100,Feet,N,41.305316,-72.937357,14,Motor Vehicle in Operation,1,Front to rear,1,On Roadway,1,Clear,88,Not Applicable,1,Daylight,1,Dry,99,Unknown,88,Not Applicable,88,Not Applicable,0,None,88,Not Applicable,88,Not Applicable,1,Non-Junction,1,Not at Intersection,1,No,1,No,88,Not Applicable,88,Not Applicable,88,Not Applicable,88,Not Applicable,TRUE,1,Public Road,1,"Trafficway, On Road",CT0009300,New Haven PD,476,00:00.0,C,Closed,00:30.0,,,,,,,
1301600,1,Complete,1301600,1301600,41.33149,-72.935203,3787808,New Haven,93,93,New Haven,7/23/2025,2025,7,July,23,4,Wednesday,16:05:00,16,25031518,A,1,,Pedestrian,"Injury of any type (Serious, Minor, Possible)",C,Possible Injury (C),1,0,4,Local,1.31,152,DIXWELL AV,DIXWELL AV,BREWSTER ST,,,,,41.33149,-72.935203,9,Pedestrian,88,Not Applicable,1,On Roadway,1,Clear,88,Not Applicable,1,Daylight,1,Dry,99,Unknown,88,Not Applicable,88,Not Applicable,99,Unknown,88,Not Applicable,88,Not Applicable,2,Intersection,3,T-Intersection,1,No,1,No,88,Not Applicable,88,Not Applicable,88,Not Applicable,88,Not Applicable,FALSE,1,Public Road,1,"Trafficway, On Road",CT0009300,New Haven PD,42048,37:27.0,O,Open,01:09.0,,,,,,,
1301608,1,Complete,1301608,1301608,41.326655,-72.946674,3787816,New Haven,93,93,New Haven,8/14/2025,2025,8,August,14,5,Thursday,10:26:00,10,25032711,A,2,,Motor Vehicle In Motion,"Injury of any type (Serious, Minor, Possible)",C,Possible Injury (C),0,0,4,Local,0.54,690,ELLA T GRASSO BLVD,ELLA T GRASSO BLVD,DYER ST,,,,,41.326655,-72.946674,14,Motor Vehicle in Operation,2,Front to front,1,On Roadway,1,Clear,88,Not Applicable,1,Daylight,1,Dry,0,None,88,Not Applicable,88,Not Applicable,0,None,88,Not Applicable,88,Not Applicable,2,Intersection,2,Four-Way Intersection,1,No,1,No,88,Not Applicable,88,Not Applicable,88,Not Applicable,88,Not Applicable,FALSE,1,Public Road,1,"Trafficway, On Road",CT0009300,New Haven PD,45397,00:34.0,C,Closed,01:01.0,,,,,,,
1301611,1,Complete,1301611,1301611,41.327167,-72.97212,3787819,New Haven,93,93,New Haven,8/15/2025,2025,8,August,15,6,Friday,9:18:00,9,25032874,A,2,,Motor Vehicle In Motion,"Injury of any type (Serious, Minor, Possible)",B,Suspected Minor Injury (B),0,0,3,State,6.01,243,243-E,243-E,W PROSPECT ST,,,,,41.327167,-72.97212,14,Motor Vehicle in Operation,3,Angle,1,On Roadway,1,Clear,1,Clear,1,Daylight,1,Dry,0,None,88,Not Applicable,88,Not Applicable,0,None,88,Not Applicable,88,Not Applicable,2,Intersection,2,Four-Way Intersection,1,No,1,No,88,Not Applicable,88,Not Applicable,88,Not Applicable,88,Not Applicable,TRUE,1,Public Road,1,"Trafficway, On Road",CT0009300,New Haven PD,45403,12:37.0,C,Closed,00:52.0,,,,,,,
1301612,1,Complete,1301612,1301612,41.321031,-72.874339,3787820,New Haven,93,93,New Haven,8/15/2025,2025,8,August,15,6,Friday,10:53:00,10,25032893,A,2,,Motor Vehicle In Motion,"Injury of any type (Serious, Minor, Possible)",C,Possible Injury (C),0,0,3,State,0.42,80,80-E,80-E,,QUINNIPIAC AVE,70,Feet,E,41.321031,-72.874339,14,Motor Vehicle in Operation,3,Angle,1,On Roadway,1,Clear,88,Not Applicable,1,Daylight,1,Dry,0,None,88,Not Applicable,88,Not Applicable,1,Backup Due to Prior Crash,88,Not Applicable,88,Not Applicable,1,Non-Junction,1,Not at Intersection,1,No,1,No,88,Not Applicable,88,Not Applicable,88,Not Applicable,88,Not Applicable,FALSE,1,Public Road,1,"Trafficway, On Road",CT0009300,New Haven PD,44052,52:01.0,C,Closed,00:52.0,,,,,,,
1301617,1,Complete,1301617,1301617,41.322039,-72.911697,3787825,New Haven,93,93,New Haven,8/15/2025,2025,8,August,15,6,Friday,14:09:00,14,25032925,A,1,,Pedalcycle/Pedalcyclist,"Injury of any type (Serious, Minor, Possible)",B,Suspected Minor Injury (B),1,0,4,Local,0.39,450,ORANGE ST NO 1,ORANGE ST NO 1,WILLOW ST,,,,,41.322039,-72.911697,10,Pedalcycle/Pedalcyclist,3,Angle,1,On Roadway,1,Clear,88,Not Applicable,1,Daylight,1,Dry,0,None,88,Not Applicable,88,Not Applicable,0,None,88,Not Applicable,88,Not Applicable,2,Intersection,2,Four-Way Intersection,1,No,1,No,88,Not Applicable,88,Not Applicable,88,Not Applicable,88,Not Applicable,FALSE,1,Public Road,1,"Trafficway, On Road",CT0009300,New Haven PD,42048,30:51.0,C,Closed,01:04.0,,,,,,,
1301627,1,Complete,1301627,1301627,41.30658262,-72.927059,925146,New Haven,93,93,New Haven,8/16/2025,2025,8,August,16,7,Saturday,0:01:00,0,25032981,K,1,Straight Ahead,Pedestrian,Fatal (Kill),K,Fatal Injury (K),1,0,4,Local,1.84,97,CHAPEL ST,CHAPEL ST,TEMPLE ST,,,,,41.30658262,-72.927059,9,Pedestrian,88,Not Applicable,1,On Roadway,1,Clear,1,Clear,4,Dark-Lighted,1,Dry,0,None,88,Not Applicable,88,Not Applicable,1,Backup Due to Prior Crash,88,Not Applicable,88,Not Applicable,2,Intersection,2,Four-Way Intersection,1,No,1,No,88,Not Applicable,88,Not Applicable,88,Not Applicable,88,Not Applicable,FALSE,1,Public Road,1,"Trafficway, On Road",CT0009300,New Haven PD,7729,35:26.0,O,Open,01:00.0,,,,,,,
1301628,1,Complete,1301628,1301628,41.298372,-72.892433,3787836,New Haven,93,93,New Haven,8/15/2025,2025,8,August,15,6,Friday,23:33:00,23,25032985,A,2,,Motor Vehicle In Motion,"Injury of any type (Serious, Minor, Possible)",B,Suspected Minor Injury (B),0,0,4,Local,0.28,210,FARREN AV,FARREN AV,LANCRAFT ST,,,,,41.298372,-72.892433,14,Motor Vehicle in Operation,3,Angle,1,On Roadway,1,Clear,88,Not Applicable,4,Dark-Lighted,1,Dry,0,None,88,Not Applicable,88,Not Applicable,0,None,88,Not Applicable,88,Not Applicable,2,Intersection,2,Four-Way Intersection,1,No,1,No,88,Not Applicable,88,Not Applicable,88,Not Applicable,88,Not Applicable,FALSE,1,Public Road,1,"Trafficway, On Road",CT0009300,New Haven PD,44063,27:10.0,O,Open,00:59.0,,,,,,,
1301639,1,Complete,1301639,1301639,41.315954,-72.93507,3787847,New Haven,93,93,New Haven,8/17/2025,2025,8,August,17,1,Sunday,13:33:00,13,25033145,A,2,,Motor Vehicle In Motion,"Injury of any type (Serious, Minor, Possible)",C,Possible Injury (C),0,0,4,Local,0.42,631,WEBSTER ST,WEBSTER ST,,GOFFE ST,40,Feet,E,41.315954,-72.93507,14,Motor Vehicle in Operation,1,Front to rear,1,On Roadway,1,Clear,88,Not Applicable,1,Daylight,1,Dry,0,None,88,Not Applicable,88,Not Applicable,0,None,88,Not Applicable,88,Not Applicable,3,Intersection-Related,2,Four-Way Intersection,1,No,1,No,88,Not Applicable,88,Not Applicable,88,Not Applicable,88,Not Applicable,FALSE,1,Public Road,1,"Trafficway, On Road",CT0009300,New Haven PD,45397,52:56.0,C,Closed,01:11.0,,,,,,,
1301641,1,Complete,1301641,1301641,41.325374,-72.921334,3787849,New Haven,93,93,New Haven,8/17/2025,2025,8,August,17,1,Sunday,18:27:00,18,25033179,A,1,,Tree (standing),"Injury of any type (Serious, Minor, Possible)",C,Possible Injury (C),0,0,4,Local,0.08,83,CANNER ST,CANNER ST,,PROSPECT ST,400,Feet,E,41.325374,-72.921334,32,Tree (standing),88,Not Applicable,1,On Roadway,1,Clear,88,Not Applicable,1,Daylight,1,Dry,0,None,88,Not Applicable,88,Not Applicable,0,None,88,Not Applicable,88,Not Applicable,1,Non-Junction,1,Not at Intersection,1,No,1,No,88,Not Applicable,88,Not Applicable,88,Not Applicable,88,Not Applicable,FALSE,1,Public Road,1,"Trafficway, On Road",CT0009300,New Haven PD,46623,57:00.0,C,Closed,01:12.0,,,,,,,
1302168,1,Complete,1302168,1302168,41.293602,-72.897706,3788376,New Haven,93,93,New Haven,8/4/2025,2025,8,August,4,2,Monday,14:06:00,14,25031161,A,2,,Motor Vehicle In Motion,"Injury of any type (Serious, Minor, Possible)",C,Possible Injury (C),0,0,4,Local,0.46,242,FULTON ST,FULTON ST,Forbes Avenue,,,,,41.293602,-72.897706,14,Motor Vehicle in Operation,3,Angle,1,On Roadway,1,Clear,88,Not Applicable,1,Daylight,1,Dry,0,None,88,Not Applicable,88,Not Applicable,0,None,88,Not Applicable,88,Not Applicable,2,Intersection,2,Four-Way Intersection,1,No,1,No,88,Not Applicable,88,Not Applicable,88,Not Applicable,88,Not Applicable,FALSE,1,Public Road,1,"Trafficway, On Road",CT0009300,New Haven PD,175,03:14.0,C,Closed,01:29.0,,,,,,,
1302172,1,Complete,1302172,1302172,41.302275,-72.893074,3788380,New Haven,93,93,New Haven,8/18/2025,2025,8,August,18,2,Monday,11:27:00,11,25033271,A,2,,Motor Vehicle In Motion,"Injury of any type (Serious, Minor, Possible)",C,Possible Injury (C),0,0,4,Local,0.09,795,EAST FERRY ST,EAST FERRY ST,,RIVER ST,480,Feet,S,41.302275,-72.893074,14,Motor Vehicle in Operation,1,Front to rear,1,On Roadway,1,Clear,88,Not Applicable,1,Daylight,1,Dry,0,None,88,Not Applicable,88,Not Applicable,0,None,88,Not Applicable,88,Not Applicable,13,On a Bridge,1,Not at Intersection,1,No,1,No,88,Not Applicable,88,Not Applicable,88,Not Applicable,88,Not Applicable,FALSE,1,Public Road,1,"Trafficway, On Road",CT0009300,New Haven PD,42057,03:38.0,C,Closed,01:30.0,,,,,,,
1302177,1,Complete,1302177,1302177,41.317275,-72.912846,3788385,New Haven,93,93,New Haven,8/18/2025,2025,8,August,18,2,Monday,16:31:00,16,25033337,A,2,,Motor Vehicle In Motion,"Injury of any type (Serious, Minor, Possible)",C,Possible Injury (C),0,0,4,Local,0.59,184,EDWARDS ST,EDWARDS ST,,Foster ST,125,Feet,N,41.317275,-72.912846,14,Motor Vehicle in Operation,1,Front to rear,1,On Roadway,1,Clear,88,Not Applicable,1,Daylight,1,Dry,0,None,88,Not Applicable,88,Not Applicable,0,None,88,Not Applicable,88,Not Applicable,1,Non-Junction,1,Not at Intersection,1,No,1,No,88,Not Applicable,88,Not Applicable,88,Not Applicable,88,Not Applicable,FALSE,1,Public Road,1,"Trafficway, On Road",CT0009300,New Haven PD,751,52:59.0,C,Closed,01:33.0,,,,,,,
1302493,1,Complete,1302493,1302493,41.300782,-72.910634,3788701,New Haven,93,93,New Haven,8/18/2025,2025,8,August,18,2,Monday,13:07:00,13,25033300,A,1,,Fence,"Injury of any type (Serious, Minor, Possible)",C,Possible Injury (C),0,0,2,USRoute,48.97,1,1-N,1-N,,EAST ST,25,Feet,E,41.300782,-72.910634,25,Curb,88,Not Applicable,4,Roadside,1,Clear,88,Not Applicable,1,Daylight,1,Dry,0,None,88,Not Applicable,88,Not Applicable,0,None,88,Not Applicable,88,Not Applicable,1,Non-Junction,1,Not at Intersection,1,No,1,No,88,Not Applicable,88,Not Applicable,88,Not Applicable,88,Not Applicable,FALSE,1,Public Road,1,"Trafficway, On Road",CT0009300,New Haven PD,33016,19:08.0,C,Closed,00:55.0,,,,,,,
1302501,1,Complete,1302501,1302501,41.31871,-72.949198,3788709,New Haven,93,93,New Haven,8/19/2025,2025,8,August,19,3,Tuesday,15:48:00,15,25033530,A,2,,Motor Vehicle In Motion,"Injury of any type (Serious, Minor, Possible)",C,Possible Injury (C),0,0,3,State,3.01,10,10-N,10-N,,WHALLEY AVE,100,Feet,S,41.31871,-72.949198,14,Motor Vehicle in Operation,3,Angle,1,On Roadway,1,Clear,88,Not Applicable,1,Daylight,1,Dry,0,None,88,Not Applicable,88,Not Applicable,0,None,88,Not Applicable,88,Not Applicable,9,Driveway Access-Related,1,Not at Intersection,1,No,1,No,88,Not Applicable,88,Not Applicable,88,Not Applicable,88,Not Applicable,FALSE,1,Public Road,1,"Trafficway, On Road",CT0009300,New Haven PD,276,23:55.0,C,Closed,00:56.0,25033530,,,,,,
1302504,1,Complete,1302504,1302504,41.303931,-72.920016,3788712,New Haven,93,93,New Haven,8/19/2025,2025,8,August,19,3,Tuesday,16:42:00,16,25033546,A,2,,Motor Vehicle In Motion,"Injury of any type (Serious, Minor, Possible)",C,Possible Injury (C),0,0,4,Local,1.43,97,CHAPEL ST,CHAPEL ST,,OLIVE ST,35,Feet,E,41.303931,-72.920016,14,Motor Vehicle in Operation,1,Front to rear,1,On Roadway,1,Clear,88,Not Applicable,1,Daylight,1,Dry,3,Glare,88,Not Applicable,88,Not Applicable,0,None,88,Not Applicable,88,Not Applicable,3,Intersection-Related,2,Four-Way Intersection,1,No,1,No,88,Not Applicable,88,Not Applicable,88,Not Applicable,88,Not Applicable,FALSE,1,Public Road,1,"Trafficway, On Road",CT0009300,New Haven PD,46621,42:56.0,C,Closed,00:56.0,,,,,,,