CrashId,Fatal Case Status,Fatal Case Status Text Format,CrashId,CrashId,Latitude,Longitude,DOT Case Number,Town Name,Town Number,Town Number,Town Number Text Format,Date Of Crash,Year,Month,Month Text Format,Day,Day of the Week,Day of the Week Text Format,Time of Crash,Hour of the Day,Case Identifier,Crash Severity,Number Of Motor Vehicles,Motor vehicle action,Most harmful event,Crash Severity Text Format,Most Severe Injury,Most Severe Injury Text Format,Number Of Non-Motorist,Number Of Witnesses,Route Class,Route Class Text Format,Milemarker,Road Number,Road Description,Roadway Name,Intersecting Roadway Name,Landmark Description,Distance From Nearest Landmark,Unit Of Measure From Nearest Landmark,Direction From Nearest Landmark,Latitude,Longitude,First Harmful Event,First Harmful Event Text Format,Manner of Crash / Collision Impact,Manner of Crash / Collision Impact Text Format,Location of First Harmful Event,Location of First Harmful Event Text Format,Weather Condition,Weather Condition Text Format,Weather 2,Weather 2 Text Format,Light Condition,Light Condition Text Format,Road Surface Condition,Road Surface Condition Text Format,"Contributing Circumstances, Environment","Contributing Circumstances, Environment Text Format",Environment 2,Environment 2 Text Format,Environment 3,Environment 3 Text Format,"Contributing Circumstances, Road","Contributing Circumstances, Road Text Format",Road 2,Road 2 Text Format,Road 3,Road 3 Text Format,Crash Specific Location,Crash Specific Location Text Format,Type of Intersection,Type of Intersection Text Format,School Bus Related,School Bus Related Text Format,Work Zone Related,Work Zone Related Text Format,Location Of Crash Relative To Work Zone,Location Of Crash Relative To Work Zone Text Format,Type of Work Zone,Type of Work Zone Text Format,Worker Presence,Worker Presence Text Format,Law Enforcement Presence,Law Enforcement Presence Text Format,Were Vehicles Moved Prior To Police Arrival,Trafficway Ownership,Trafficway Ownership Text Format,Trafficway Class,Trafficway Class Text Format,Police Agency,Police Agency Text Format,Badge Number,Approval Date,Police Case Status,Police Case Status Text Format,Crash Report Submission Date,Related Case Identifiers,No. of Through Lanes (Log Dir.),Average Daily Traffic,Functional Classification,Functional Classification Text Format,Rural or Urban,Rural or Urban Text Format
1302505,1,Complete,1302505,1302505,41.282542,-72.936114,3788713,New Haven,93,93,New Haven,8/19/2025,2025,8,August,19,3,Tuesday,16:49:00,16,25033552,A,2,,Motor Vehicle In Motion,"Injury of any type (Serious, Minor, Possible)",C,Possible Injury (C),0,0,3,State,0.1,10,10-N,10-N,,KIMBERLY AVENUE,500,Feet,W,41.282542,-72.936114,14,Motor Vehicle in Operation,1,Front to rear,1,On Roadway,1,Clear,88,Not Applicable,1,Daylight,1,Dry,0,None,88,Not Applicable,88,Not Applicable,0,None,88,Not Applicable,88,Not Applicable,3,Intersection-Related,3,T-Intersection,1,No,1,No,88,Not Applicable,88,Not Applicable,88,Not Applicable,88,Not Applicable,FALSE,1,Public Road,1,"Trafficway, On Road",CT0009300,New Haven PD,48046,00:57.0,C,Closed,00:54.0,,,,,,,
1302506,1,Complete,1302506,1302506,41.314578,-72.959127,3788714,New Haven,93,93,New Haven,8/19/2025,2025,8,August,19,3,Tuesday,17:12:00,17,25033560,A,2,,Motor Vehicle In Motion,"Injury of any type (Serious, Minor, Possible)",C,Possible Injury (C),0,0,4,Local,0.73,683,YALE AV,YALE AV,Chapel Street,,,,,41.314578,-72.959127,14,Motor Vehicle in Operation,3,Angle,1,On Roadway,1,Clear,88,Not Applicable,1,Daylight,1,Dry,0,None,88,Not Applicable,88,Not Applicable,0,None,88,Not Applicable,88,Not Applicable,2,Intersection,7,Roundabout,1,No,1,No,88,Not Applicable,88,Not Applicable,88,Not Applicable,88,Not Applicable,FALSE,1,Public Road,1,"Trafficway, On Road",CT0009300,New Haven PD,45403,43:54.0,C,Closed,00:55.0,,,,,,,
1302507,1,Complete,1302507,1302507,41.343474,-72.963836,3788715,New Haven,93,93,New Haven,8/19/2025,2025,8,August,19,3,Tuesday,19:43:00,19,25033583,A,2,,Parked Vehicle,"Injury of any type (Serious, Minor, Possible)",C,Possible Injury (C),0,0,4,Local,1.1,671,WINTERGREEN AV,WINTERGREEN AV,,LEVEL ST,500,Feet,W,41.343474,-72.963836,14,Motor Vehicle in Operation,3,Angle,1,On Roadway,1,Clear,88,Not Applicable,4,Dark-Lighted,1,Dry,0,None,88,Not Applicable,88,Not Applicable,0,None,88,Not Applicable,88,Not Applicable,1,Non-Junction,1,Not at Intersection,1,No,1,No,88,Not Applicable,88,Not Applicable,88,Not Applicable,88,Not Applicable,FALSE,1,Public Road,1,"Trafficway, On Road",CT0009300,New Haven PD,45403,39:34.0,C,Closed,00:56.0,,,,,,,
1302755,1,Complete,1302755,1302755,41.320933,-72.874378,3788963,New Haven,93,93,New Haven,8/12/2025,2025,8,August,12,3,Tuesday,13:00:00,13,25032408,A,2,,Motor Vehicle In Motion,"Injury of any type (Serious, Minor, Possible)",C,Possible Injury (C),0,0,3,State,0.42,80,80-E,80-E,,QUINNIPIAC AVE,70,Feet,W,41.320933,-72.874378,14,Motor Vehicle in Operation,1,Front to rear,1,On Roadway,1,Clear,88,Not Applicable,1,Daylight,1,Dry,0,None,88,Not Applicable,88,Not Applicable,0,None,88,Not Applicable,88,Not Applicable,3,Intersection-Related,2,Four-Way Intersection,1,No,1,No,88,Not Applicable,88,Not Applicable,88,Not Applicable,88,Not Applicable,FALSE,1,Public Road,1,"Trafficway, On Road",CT0009300,New Haven PD,42049,09:36.0,O,Open,00:47.0,,,,,,,
1302758,1,Complete,1302758,1302758,41.332452,-72.935166,3788966,New Haven,93,93,New Haven,8/20/2025,2025,8,August,20,4,Wednesday,8:30:00,8,25033627,A,2,,Motor Vehicle In Motion,"Injury of any type (Serious, Minor, Possible)",B,Suspected Minor Injury (B),0,0,4,Local,1.38,152,DIXWELL AV,DIXWELL AV,,,,,,41.332452,-72.935166,14,Motor Vehicle in Operation,3,Angle,1,On Roadway,2,Cloudy,88,Not Applicable,1,Daylight,1,Dry,0,None,88,Not Applicable,88,Not Applicable,0,None,88,Not Applicable,88,Not Applicable,2,Intersection,2,Four-Way Intersection,1,No,1,No,88,Not Applicable,88,Not Applicable,88,Not Applicable,88,Not Applicable,TRUE,1,Public Road,1,"Trafficway, On Road",CT0009300,New Haven PD,43689,14:26.0,C,Closed,00:48.0,,,,,,,
1303057,1,Complete,1303057,1303057,41.307362,-72.928619,3789265,New Haven,93,93,New Haven,8/15/2025,2025,8,August,15,6,Friday,22:06:00,22,25032971,A,1,,Pedestrian,"Injury of any type (Serious, Minor, Possible)",B,Suspected Minor Injury (B),1,0,4,Local,0.33,117,COLLEGE ST,COLLEGE ST,CHAPEL ST,,,,,41.307362,-72.928619,9,Pedestrian,88,Not Applicable,1,On Roadway,1,Clear,88,Not Applicable,4,Dark-Lighted,1,Dry,0,None,88,Not Applicable,88,Not Applicable,0,None,88,Not Applicable,88,Not Applicable,2,Intersection,2,Four-Way Intersection,1,No,1,No,88,Not Applicable,88,Not Applicable,88,Not Applicable,88,Not Applicable,FALSE,1,Public Road,1,"Trafficway, On Road",CT0009300,New Haven PD,46628,33:50.0,C,Closed,02:03.0,25-032971,,,,,,
1303071,1,Complete,1303071,1303071,41.315312,-72.935578,3789279,New Haven,93,93,New Haven,8/21/2025,2025,8,August,21,5,Thursday,21:14:00,21,25033864,A,3,,Parked Vehicle,"Injury of any type (Serious, Minor, Possible)",C,Possible Injury (C),0,0,4,Local,0.02,150,DICKERMAN ST,DICKERMAN ST,,SPERRY ST,100,Feet,W,41.315312,-72.935578,14,Motor Vehicle in Operation,1,Front to rear,1,On Roadway,1,Clear,88,Not Applicable,5,Dark-Not Lighted,1,Dry,0,None,88,Not Applicable,88,Not Applicable,0,None,88,Not Applicable,88,Not Applicable,1,Non-Junction,1,Not at Intersection,1,No,1,No,88,Not Applicable,88,Not Applicable,88,Not Applicable,88,Not Applicable,FALSE,1,Public Road,1,"Trafficway, On Road",CT0009300,New Haven PD,44947,06:55.0,O,Open,02:04.0,,,,,,,
1303513,1,Complete,1303513,1303513,41.339501,-72.976998,3789721,New Haven,93,93,New Haven,8/22/2025,2025,8,August,22,6,Friday,9:00:00,9,25033893,A,2,,Motor Vehicle In Motion,"Injury of any type (Serious, Minor, Possible)",C,Possible Injury (C),0,0,3,State,0.35,69,69-N,69-N,,15-S-116,25,Feet,S,41.339501,-72.976998,14,Motor Vehicle in Operation,4,"Sideswipe, same direction",1,On Roadway,1,Clear,88,Not Applicable,1,Daylight,1,Dry,0,None,88,Not Applicable,88,Not Applicable,0,None,88,Not Applicable,88,Not Applicable,3,Intersection-Related,3,T-Intersection,1,No,1,No,88,Not Applicable,88,Not Applicable,88,Not Applicable,88,Not Applicable,TRUE,1,Public Road,1,"Trafficway, On Road",CT0009300,New Haven PD,46900,07:32.0,C,Closed,00:41.0,,,,,,,
1303514,1,Complete,1303514,1303514,41.306428,-72.943433,3789722,New Haven,93,93,New Haven,8/22/2025,2025,8,August,22,6,Friday,6:45:00,6,25033899,A,1,,Pedestrian,"Injury of any type (Serious, Minor, Possible)",C,Possible Injury (C),1,0,,,,,,102 N FRONTAGE RD ,,LEGION AVE ,130,Feet,N,41.306428,-72.943433,9,Pedestrian,88,Not Applicable,97,Other,1,Clear,88,Not Applicable,1,Daylight,1,Dry,0,None,88,Not Applicable,88,Not Applicable,0,None,88,Not Applicable,88,Not Applicable,97,Other,1,Not at Intersection,1,No,1,No,88,Not Applicable,88,Not Applicable,88,Not Applicable,88,Not Applicable,TRUE,88,Not Applicable,4,Parking Lot,CT0009300,New Haven PD,45394,38:56.0,C,Closed,00:43.0,,,,,,,
1303517,1,Complete,1303517,1303517,41.32949,-72.968997,3789725,New Haven,93,93,New Haven,8/22/2025,2025,8,August,22,6,Friday,10:36:00,10,25033906,A,2,,Motor Vehicle In Motion,"Injury of any type (Serious, Minor, Possible)",C,Possible Injury (C),0,0,,,,,,1159 WHALLEY AVE,,DAYTON ST ,155,Feet,N,41.32949,-72.968997,14,Motor Vehicle in Operation,4,"Sideswipe, same direction",97,Other,1,Clear,88,Not Applicable,1,Daylight,1,Dry,0,None,88,Not Applicable,88,Not Applicable,0,None,88,Not Applicable,88,Not Applicable,8,Driveway Access,1,Not at Intersection,1,No,1,No,88,Not Applicable,88,Not Applicable,88,Not Applicable,88,Not Applicable,TRUE,88,Not Applicable,4,Parking Lot,CT0009300,New Haven PD,46900,45:02.0,C,Closed,00:42.0,,,,,,,
1303530,1,Complete,1303530,1303530,41.309673,-72.936976,3789738,New Haven,93,93,New Haven,8/22/2025,2025,8,August,22,6,Friday,22:44:00,22,25033990,A,2,,Motor Vehicle In Motion,"Injury of any type (Serious, Minor, Possible)",B,Suspected Minor Injury (B),0,0,4,Local,0.3,160,DWIGHT ST,DWIGHT ST,CHAPEL ST,,,,,41.309673,-72.936976,14,Motor Vehicle in Operation,97,Other,1,On Roadway,1,Clear,88,Not Applicable,4,Dark-Lighted,1,Dry,0,None,88,Not Applicable,88,Not Applicable,0,None,88,Not Applicable,88,Not Applicable,2,Intersection,2,Four-Way Intersection,1,No,1,No,88,Not Applicable,88,Not Applicable,88,Not Applicable,88,Not Applicable,FALSE,1,Public Road,1,"Trafficway, On Road",CT0009300,New Haven PD,45625,01:40.0,C,Closed,00:54.0,,,,,,,
1303533,1,Complete,1303533,1303533,41.307591,-72.922733,3789741,New Haven,93,93,New Haven,8/23/2025,2025,8,August,23,7,Saturday,12:58:00,12,25034054,A,2,,Motor Vehicle In Motion,"Injury of any type (Serious, Minor, Possible)",B,Suspected Minor Injury (B),0,0,4,Local,0.64,726,ELM ST NO 2,ELM ST NO 2,ORANGE ST,,,,,41.307591,-72.922733,14,Motor Vehicle in Operation,3,Angle,1,On Roadway,1,Clear,88,Not Applicable,1,Daylight,1,Dry,0,None,88,Not Applicable,88,Not Applicable,0,None,88,Not Applicable,88,Not Applicable,2,Intersection,2,Four-Way Intersection,1,No,1,No,88,Not Applicable,88,Not Applicable,88,Not Applicable,88,Not Applicable,FALSE,1,Public Road,1,"Trafficway, On Road",CT0009300,New Haven PD,44048,31:49.0,C,Closed,00:50.0,,,,,,,
1303539,1,Complete,1303539,1303539,41.294987,-72.893086,3789747,New Haven,93,93,New Haven,8/23/2025,2025,8,August,23,7,Saturday,16:43:00,16,25034074,A,1,,Utility Pole,"Injury of any type (Serious, Minor, Possible)",C,Possible Injury (C),0,0,4,Local,0.04,210,FARREN AV,FARREN AV,,Fairmount Ave,105,Feet,N,41.294987,-72.893086,33,Utility Pole/Light Support,88,Not Applicable,4,Roadside,1,Clear,88,Not Applicable,1,Daylight,1,Dry,0,None,88,Not Applicable,88,Not Applicable,0,None,88,Not Applicable,88,Not Applicable,1,Non-Junction,1,Not at Intersection,1,No,1,No,88,Not Applicable,88,Not Applicable,88,Not Applicable,88,Not Applicable,FALSE,1,Public Road,1,"Trafficway, On Road",CT0009300,New Haven PD,46622,29:16.0,C,Closed,00:53.0,,,,,,,
1303540,1,Complete,1303540,1303540,41.328863,-72.956298,3789748,New Haven,93,93,New Haven,8/23/2025,2025,8,August,23,7,Saturday,18:23:00,18,25034082,A,1,,Fence,"Injury of any type (Serious, Minor, Possible)",A,Suspected Serious Injury (A),0,1,4,Local,0.75,56,BLAKE ST,BLAKE ST,,AUSTIN ST,50,Feet,S,41.328863,-72.956298,25,Curb,88,Not Applicable,4,Roadside,1,Clear,88,Not Applicable,1,Daylight,1,Dry,0,None,88,Not Applicable,88,Not Applicable,0,None,88,Not Applicable,88,Not Applicable,1,Non-Junction,1,Not at Intersection,1,No,1,No,88,Not Applicable,88,Not Applicable,88,Not Applicable,88,Not Applicable,FALSE,1,Public Road,1,"Trafficway, On Road",CT0009300,New Haven PD,170,48:13.0,C,Closed,00:53.0,,,,,,,
1303550,1,Complete,1303550,1303550,41.316567,-72.893961,3789758,New Haven,93,93,New Haven,8/24/2025,2025,8,August,24,1,Sunday,18:35:00,18,25034213,A,2,,Motor Vehicle In Motion,"Injury of any type (Serious, Minor, Possible)",B,Suspected Minor Injury (B),0,1,4,Local,0.14,29,ATWATER ST,ATWATER ST,PECK ST NO 2,,,,,41.316567,-72.893961,14,Motor Vehicle in Operation,2,Front to front,1,On Roadway,1,Clear,88,Not Applicable,1,Daylight,1,Dry,0,None,88,Not Applicable,88,Not Applicable,0,None,88,Not Applicable,88,Not Applicable,2,Intersection,2,Four-Way Intersection,1,No,1,No,88,Not Applicable,88,Not Applicable,88,Not Applicable,88,Not Applicable,FALSE,1,Public Road,1,"Trafficway, On Road",CT0009300,New Haven PD,44176,21:03.0,C,Closed,00:57.0,,,,,,,
1304151,1,Complete,1304151,1304151,41.317881,-72.927499,3790359,New Haven,93,93,New Haven,7/23/2025,2025,7,July,23,4,Wednesday,17:31:00,17,25029435,A,2,,Motor Vehicle In Motion,"Injury of any type (Serious, Minor, Possible)",B,Suspected Minor Injury (B),0,0,4,Local,0.01,631,WEBSTER ST,WEBSTER ST,,WINCHESTER AVE,30,Feet,W,41.317881,-72.927499,14,Motor Vehicle in Operation,1,Front to rear,1,On Roadway,1,Clear,88,Not Applicable,1,Daylight,1,Dry,0,None,88,Not Applicable,88,Not Applicable,0,None,88,Not Applicable,88,Not Applicable,3,Intersection-Related,3,T-Intersection,1,No,1,No,88,Not Applicable,88,Not Applicable,88,Not Applicable,88,Not Applicable,FALSE,1,Public Road,1,"Trafficway, On Road",CT0009300,New Haven PD,796,59:33.0,C,Closed,01:16.0,,,,,,,
1304152,1,Complete,1304152,1304152,41.332787,-72.966505,3790360,New Haven,93,93,New Haven,8/12/2025,2025,8,August,12,3,Tuesday,20:46:00,20,25032459,A,2,,Motor Vehicle In Motion,"Injury of any type (Serious, Minor, Possible)",C,Possible Injury (C),0,0,4,Local,0.29,519,ROCK CREEK RD NO 1,ROCK CREEK RD NO 1,,STRONG ST,200,Feet,N,41.332787,-72.966505,14,Motor Vehicle in Operation,5,"Sideswipe, opposite direction",1,On Roadway,1,Clear,88,Not Applicable,5,Dark-Not Lighted,1,Dry,0,None,88,Not Applicable,88,Not Applicable,0,None,88,Not Applicable,88,Not Applicable,1,Non-Junction,1,Not at Intersection,1,No,1,No,88,Not Applicable,88,Not Applicable,88,Not Applicable,88,Not Applicable,TRUE,1,Public Road,1,"Trafficway, On Road",CT0009300,New Haven PD,777,59:00.0,C,Closed,01:12.0,,,,,,,
1304154,1,Complete,1304154,1304154,41.317575,-72.949754,3790362,New Haven,93,93,New Haven,8/24/2025,2025,8,August,24,1,Sunday,6:50:00,6,25034150,A,2,,Motor Vehicle In Motion,"Injury of any type (Serious, Minor, Possible)",C,Possible Injury (C),0,1,3,State,2.74,10,10-N,10-N,ELM ST NO 1,,,,,41.317575,-72.949754,14,Motor Vehicle in Operation,3,Angle,1,On Roadway,1,Clear,88,Not Applicable,1,Daylight,1,Dry,0,None,88,Not Applicable,88,Not Applicable,0,None,88,Not Applicable,88,Not Applicable,2,Intersection,2,Four-Way Intersection,1,No,1,No,88,Not Applicable,88,Not Applicable,88,Not Applicable,88,Not Applicable,FALSE,1,Public Road,1,"Trafficway, On Road",CT0009300,New Haven PD,307,37:15.0,C,Closed,01:14.0,,,,,,,
1304156,1,Complete,1304156,1304156,41.29961,-72.91078,3790364,New Haven,93,93,New Haven,8/24/2025,2025,8,August,24,1,Sunday,18:27:00,18,25034217,A,1,,Other Non-Collision,"Injury of any type (Serious, Minor, Possible)",B,Suspected Minor Injury (B),0,0,4,Local,1.15,165,EAST ST,EAST ST,,FORBES AVE,405,Feet,S,41.29961,-72.91078,6,Fell/Jumped from Vehicle,88,Not Applicable,1,On Roadway,1,Clear,88,Not Applicable,1,Daylight,1,Dry,0,None,88,Not Applicable,88,Not Applicable,0,None,88,Not Applicable,88,Not Applicable,1,Non-Junction,1,Not at Intersection,1,No,1,No,88,Not Applicable,88,Not Applicable,88,Not Applicable,88,Not Applicable,FALSE,1,Public Road,1,"Trafficway, On Road",CT0009300,New Haven PD,46898,11:22.0,C,Closed,01:17.0,,,,,,,
1304164,1,Complete,1304164,1304164,41.282478,-72.936804,3790372,New Haven,93,93,New Haven,8/25/2025,2025,8,August,25,2,Monday,15:10:00,15,25034347,A,2,,Motor Vehicle In Motion,"Injury of any type (Serious, Minor, Possible)",C,Possible Injury (C),0,0,3,State,0.07,10,10-N,10-N,,KIMBERLY AVE,300,Feet,E,41.282478,-72.936804,14,Motor Vehicle in Operation,4,"Sideswipe, same direction",1,On Roadway,1,Clear,88,Not Applicable,1,Daylight,1,Dry,0,None,88,Not Applicable,88,Not Applicable,0,None,88,Not Applicable,88,Not Applicable,1,Non-Junction,1,Not at Intersection,1,No,1,No,88,Not Applicable,88,Not Applicable,88,Not Applicable,88,Not Applicable,FALSE,1,Public Road,1,"Trafficway, On Road",CT0009300,New Haven PD,46613,39:28.0,C,Closed,01:18.0,,,,,,,
1304165,1,Complete,1304165,1304165,41.3107033,-72.9300129,3790373,New Haven,93,93,New Haven,8/25/2025,2025,8,August,25,2,Monday,22:11:00,22,25034381,A,1,,Pedalcycle/Pedalcyclist,"Injury of any type (Serious, Minor, Possible)",A,Suspected Serious Injury (A),1,0,4,Local,0.2,726,ELM ST NO 2,ELM ST NO 2,YORK ST,,,,,41.3107033,-72.9300129,10,Pedalcycle/Pedalcyclist,3,Angle,1,On Roadway,1,Clear,88,Not Applicable,6,Dark-Unknown Lighting,1,Dry,0,None,88,Not Applicable,88,Not Applicable,0,None,88,Not Applicable,88,Not Applicable,2,Intersection,2,Four-Way Intersection,1,No,1,No,88,Not Applicable,88,Not Applicable,88,Not Applicable,88,Not Applicable,FALSE,1,Public Road,1,"Trafficway, On Road",CT0009300,New Haven PD,46624,19:51.0,C,Closed,01:20.0,,,,,,,
1304433,1,Complete,1304433,1304433,41.307444,-72.92086,3790641,New Haven,93,93,New Haven,8/15/2025,2025,8,August,15,6,Friday,23:10:00,23,25032976,A,2,,Motor Vehicle In Motion,"Injury of any type (Serious, Minor, Possible)",C,Possible Injury (C),0,0,4,Local,1.14,575,STATE ST,STATE ST,,FAIR ST,40,,S,41.307444,-72.92086,14,Motor Vehicle in Operation,3,Angle,1,On Roadway,1,Clear,88,Not Applicable,4,Dark-Lighted,1,Dry,0,None,88,Not Applicable,88,Not Applicable,0,None,88,Not Applicable,88,Not Applicable,3,Intersection-Related,2,Four-Way Intersection,1,No,1,No,88,Not Applicable,88,Not Applicable,88,Not Applicable,88,Not Applicable,FALSE,1,Public Road,1,"Trafficway, On Road",CT0009300,New Haven PD,44047,28:40.0,O,Open,00:53.0,,,,,,,
1304440,1,Complete,1304440,1304440,41.303631,-72.914583,3790648,New Haven,93,93,New Haven,8/25/2025,2025,8,August,25,2,Monday,18:58:00,18,25034384,A,1,,Pedalcycle/Pedalcyclist,"Injury of any type (Serious, Minor, Possible)",C,Possible Injury (C),1,0,4,Local,1.15,97,CHAPEL ST,CHAPEL ST,Franklin Street,,,,,41.303631,-72.914583,10,Pedalcycle/Pedalcyclist,3,Angle,1,On Roadway,1,Clear,88,Not Applicable,1,Daylight,1,Dry,0,None,88,Not Applicable,88,Not Applicable,0,None,88,Not Applicable,88,Not Applicable,2,Intersection,3,T-Intersection,1,No,1,No,88,Not Applicable,88,Not Applicable,88,Not Applicable,88,Not Applicable,TRUE,1,Public Road,1,"Trafficway, On Road",CT0009300,New Haven PD,31814,35:15.0,C,Closed,00:58.0,,,,,,,
1304453,1,Complete,1304453,1304453,41.286788,-72.936714,3790661,New Haven,93,93,New Haven,8/26/2025,2025,8,August,26,3,Tuesday,18:53:00,18,25034573,A,3,,Motor Vehicle In Motion,"Injury of any type (Serious, Minor, Possible)",C,Possible Injury (C),0,0,3,State,0.5,10,10-N,10-N,,KIMBERLY AVE,200,Feet,N,41.286788,-72.936714,14,Motor Vehicle in Operation,1,Front to rear,1,On Roadway,1,Clear,88,Not Applicable,3,Dusk,1,Dry,0,None,88,Not Applicable,88,Not Applicable,0,None,88,Not Applicable,88,Not Applicable,3,Intersection-Related,2,Four-Way Intersection,1,No,1,No,88,Not Applicable,88,Not Applicable,88,Not Applicable,88,Not Applicable,FALSE,1,Public Road,1,"Trafficway, On Road",CT0009300,New Haven PD,40810,57:13.0,C,Closed,00:55.0,,,,,,,
1304456,1,Complete,1304456,1304456,41.319306,-72.949457,3790664,New Haven,93,93,New Haven,8/26/2025,2025,8,August,26,3,Tuesday,23:08:00,23,25034608,A,2,,Motor Vehicle In Motion,"Injury of any type (Serious, Minor, Possible)",C,Possible Injury (C),0,0,3,State,3.06,10,10-N,10-N,ELLA T GRASSO BLVD,,,,,41.319306,-72.949457,14,Motor Vehicle in Operation,1,Front to rear,1,On Roadway,1,Clear,88,Not Applicable,4,Dark-Lighted,1,Dry,0,None,88,Not Applicable,88,Not Applicable,0,None,88,Not Applicable,88,Not Applicable,2,Intersection,2,Four-Way Intersection,1,No,1,No,88,Not Applicable,88,Not Applicable,88,Not Applicable,88,Not Applicable,FALSE,1,Public Road,1,"Trafficway, On Road",CT0009300,New Haven PD,44175,25:33.0,C,Closed,01:01.0,,,,,,,
1304747,1,Complete,1304747,1304747,41.297591,-72.944036,3790955,New Haven,93,93,New Haven,8/26/2025,2025,8,August,26,3,Tuesday,12:37:00,12,25034472,A,2,,Motor Vehicle In Motion,"Injury of any type (Serious, Minor, Possible)",C,Possible Injury (C),0,0,2,USRoute,46.89,1,1-N,1-N,DOWNES ST,,,,,41.297591,-72.944036,14,Motor Vehicle in Operation,1,Front to rear,1,On Roadway,1,Clear,88,Not Applicable,1,Daylight,1,Dry,0,None,88,Not Applicable,88,Not Applicable,0,None,88,Not Applicable,88,Not Applicable,2,Intersection,3,T-Intersection,1,No,1,No,88,Not Applicable,88,Not Applicable,88,Not Applicable,88,Not Applicable,FALSE,1,Public Road,1,"Trafficway, On Road",CT0009300,New Haven PD,45392,50:10.0,C,Closed,01:03.0,NONE,,,,,,
1304752,1,Complete,1304752,1304752,41.303814,-72.931768,3790960,New Haven,93,93,New Haven,8/27/2025,2025,8,August,27,4,Wednesday,13:32:00,13,25034673,A,2,,Motor Vehicle In Motion,"Injury of any type (Serious, Minor, Possible)",C,Possible Injury (C),0,0,4,Local,0.32,564,SOUTH FRONTAGE RD,SOUTH FRONTAGE RD,,COLLEGE ST,100,Feet,W,41.303814,-72.931768,14,Motor Vehicle in Operation,3,Angle,1,On Roadway,1,Clear,88,Not Applicable,1,Daylight,1,Dry,0,None,88,Not Applicable,88,Not Applicable,0,None,88,Not Applicable,88,Not Applicable,1,Non-Junction,1,Not at Intersection,1,No,1,No,88,Not Applicable,88,Not Applicable,88,Not Applicable,88,Not Applicable,TRUE,1,Public Road,1,"Trafficway, On Road",CT0009300,New Haven PD,301,50:45.0,C,Closed,01:07.0,,,,,,,
1304755,1,Complete,1304755,1304755,41.321794,-72.873433,3790963,New Haven,93,93,New Haven,8/27/2025,2025,8,August,27,4,Wednesday,17:31:00,17,25034729,A,2,,Motor Vehicle In Motion,"Injury of any type (Serious, Minor, Possible)",C,Possible Injury (C),0,0,3,State,0.07,103,103-N,103-N,BARNES AV,,,,,41.321794,-72.873433,14,Motor Vehicle in Operation,3,Angle,1,On Roadway,1,Clear,88,Not Applicable,1,Daylight,1,Dry,0,None,88,Not Applicable,88,Not Applicable,0,None,88,Not Applicable,88,Not Applicable,2,Intersection,3,T-Intersection,1,No,1,No,88,Not Applicable,88,Not Applicable,88,Not Applicable,88,Not Applicable,FALSE,1,Public Road,1,"Trafficway, On Road",CT0009300,New Haven PD,45388,47:45.0,C,Closed,01:11.0,,,,,,,
1305074,1,Complete,1305074,1305074,41.327393,-72.878984,3791282,New Haven,93,93,New Haven,8/11/2025,2025,8,August,11,2,Monday,9:46:00,9,25032196,A,2,,Motor Vehicle In Motion,"Injury of any type (Serious, Minor, Possible)",C,Possible Injury (C),0,0,3,State,0.5,17,17-N,17-N,,91-N-19(FLINT ST),45,Feet,S,41.327393,-72.878984,14,Motor Vehicle in Operation,1,Front to rear,1,On Roadway,1,Clear,88,Not Applicable,1,Daylight,1,Dry,0,None,88,Not Applicable,88,Not Applicable,0,None,88,Not Applicable,88,Not Applicable,1,Non-Junction,1,Not at Intersection,1,No,1,No,88,Not Applicable,88,Not Applicable,88,Not Applicable,88,Not Applicable,FALSE,1,Public Road,1,"Trafficway, On Road",CT0009300,New Haven PD,65,23:14.0,C,Closed,01:04.0,,,,,,,
1305079,1,Complete,1305079,1305079,41.30813016,-72.95312882,3791287,New Haven,93,93,New Haven,8/25/2025,2025,8,August,25,2,Monday,14:12:00,14,25034323,A,2,,Motor Vehicle In Motion,"Injury of any type (Serious, Minor, Possible)",B,Suspected Minor Injury (B),0,1,3,State,2.06,10,10-N,10-N,JUDSON AV,,,,,41.30813016,-72.95312882,14,Motor Vehicle in Operation,4,"Sideswipe, same direction",1,On Roadway,1,Clear,88,Not Applicable,1,Daylight,1,Dry,0,None,0,None,88,Not Applicable,0,None,88,Not Applicable,88,Not Applicable,2,Intersection,3,T-Intersection,1,No,1,No,88,Not Applicable,88,Not Applicable,88,Not Applicable,88,Not Applicable,TRUE,1,Public Road,1,"Trafficway, On Road",CT0009300,New Haven PD,301,01:48.0,C,Closed,01:04.0,,,,,,,