CrashId,Fatal Case Status,Fatal Case Status Text Format,CrashId,CrashId,Latitude,Longitude,DOT Case Number,Town Name,Town Number,Town Number,Town Number Text Format,Date Of Crash,Year,Month,Month Text Format,Day,Day of the Week,Day of the Week Text Format,Time of Crash,Hour of the Day,Case Identifier,Crash Severity,Number Of Motor Vehicles,Motor vehicle action,Most harmful event,Crash Severity Text Format,Most Severe Injury,Most Severe Injury Text Format,Number Of Non-Motorist,Number Of Witnesses,Route Class,Route Class Text Format,Milemarker,Road Number,Road Description,Roadway Name,Intersecting Roadway Name,Landmark Description,Distance From Nearest Landmark,Unit Of Measure From Nearest Landmark,Direction From Nearest Landmark,Latitude,Longitude,First Harmful Event,First Harmful Event Text Format,Manner of Crash / Collision Impact,Manner of Crash / Collision Impact Text Format,Location of First Harmful Event,Location of First Harmful Event Text Format,Weather Condition,Weather Condition Text Format,Weather 2,Weather 2 Text Format,Light Condition,Light Condition Text Format,Road Surface Condition,Road Surface Condition Text Format,"Contributing Circumstances, Environment","Contributing Circumstances, Environment Text Format",Environment 2,Environment 2 Text Format,Environment 3,Environment 3 Text Format,"Contributing Circumstances, Road","Contributing Circumstances, Road Text Format",Road 2,Road 2 Text Format,Road 3,Road 3 Text Format,Crash Specific Location,Crash Specific Location Text Format,Type of Intersection,Type of Intersection Text Format,School Bus Related,School Bus Related Text Format,Work Zone Related,Work Zone Related Text Format,Location Of Crash Relative To Work Zone,Location Of Crash Relative To Work Zone Text Format,Type of Work Zone,Type of Work Zone Text Format,Worker Presence,Worker Presence Text Format,Law Enforcement Presence,Law Enforcement Presence Text Format,Were Vehicles Moved Prior To Police Arrival,Trafficway Ownership,Trafficway Ownership Text Format,Trafficway Class,Trafficway Class Text Format,Police Agency,Police Agency Text Format,Badge Number,Approval Date,Police Case Status,Police Case Status Text Format,Crash Report Submission Date,Related Case Identifiers,No. of Through Lanes (Log Dir.),Average Daily Traffic,Functional Classification,Functional Classification Text Format,Rural or Urban,Rural or Urban Text Format
1305083,1,Complete,1305083,1305083,41.3262365,-72.98284023,3791291,New Haven,93,93,New Haven,8/27/2025,2025,8,August,27,4,Wednesday,17:49:00,17,25034744,A,2,,Parked Vehicle,"Injury of any type (Serious, Minor, Possible)",B,Suspected Minor Injury (B),0,0,4,Local,0.12,199,ENGLEWOOD DR,ENGLEWOOD DR,,WESTBROOK LN,100,Feet,N,41.3262365,-72.98284023,15,Parked Motor Vehicle,1,Front to rear,1,On Roadway,1,Clear,88,Not Applicable,1,Daylight,1,Dry,0,None,88,Not Applicable,88,Not Applicable,0,None,88,Not Applicable,88,Not Applicable,1,Non-Junction,1,Not at Intersection,1,No,1,No,88,Not Applicable,88,Not Applicable,88,Not Applicable,88,Not Applicable,TRUE,1,Public Road,1,"Trafficway, On Road",CT0009300,New Haven PD,45403,27:43.0,C,Closed,01:04.0,,,,,,,
1305092,1,Complete,1305092,1305092,41.315278,-72.897068,3791300,New Haven,93,93,New Haven,8/28/2025,2025,8,August,28,5,Thursday,19:27:00,19,25034970,A,2,,Motor Vehicle In Motion,"Injury of any type (Serious, Minor, Possible)",C,Possible Injury (C),0,0,4,Local,0.31,213,FERRY ST,FERRY ST,,LOMBARD ST,40,Feet,N,41.315278,-72.897068,14,Motor Vehicle in Operation,1,Front to rear,1,On Roadway,1,Clear,88,Not Applicable,4,Dark-Lighted,1,Dry,0,None,88,Not Applicable,88,Not Applicable,0,None,88,Not Applicable,88,Not Applicable,3,Intersection-Related,2,Four-Way Intersection,1,No,1,No,88,Not Applicable,88,Not Applicable,88,Not Applicable,88,Not Applicable,FALSE,1,Public Road,1,"Trafficway, On Road",CT0009300,New Haven PD,44060,10:20.0,C,Closed,01:06.0,,,,,,,
1305522,1,Complete,1305522,1305522,41.328619,-72.935229,3791730,New Haven,93,93,New Haven,8/28/2025,2025,8,August,28,5,Thursday,7:38:00,7,25034797,A,3,,Motor Vehicle In Motion,"Injury of any type (Serious, Minor, Possible)",C,Possible Injury (C),0,0,4,Local,1.12,152,DIXWELL AV,DIXWELL AV,,FORD ST,70,Feet,N,41.328619,-72.935229,14,Motor Vehicle in Operation,1,Front to rear,1,On Roadway,1,Clear,88,Not Applicable,1,Daylight,1,Dry,0,None,88,Not Applicable,88,Not Applicable,0,None,88,Not Applicable,88,Not Applicable,1,Non-Junction,1,Not at Intersection,1,No,1,No,88,Not Applicable,88,Not Applicable,88,Not Applicable,88,Not Applicable,FALSE,1,Public Road,1,"Trafficway, On Road",CT0009300,New Haven PD,87,21:59.0,C,Closed,01:24.0,,,,,,,
1305530,1,Complete,1305530,1305530,41.338917,-72.976752,3791738,New Haven,93,93,New Haven,8/29/2025,2025,8,August,29,6,Friday,11:24:00,11,25035061,A,3,,Motor Vehicle In Motion,"Injury of any type (Serious, Minor, Possible)",C,Possible Injury (C),0,0,3,State,0.31,69,69-N,69-N,POND LILY AVE,,,,,41.338917,-72.976752,14,Motor Vehicle in Operation,1,Front to rear,1,On Roadway,1,Clear,88,Not Applicable,1,Daylight,1,Dry,0,None,88,Not Applicable,88,Not Applicable,0,None,88,Not Applicable,88,Not Applicable,2,Intersection,3,T-Intersection,1,No,1,No,88,Not Applicable,88,Not Applicable,88,Not Applicable,88,Not Applicable,FALSE,1,Public Road,1,"Trafficway, On Road",CT0009300,New Haven PD,45983,28:54.0,C,Closed,01:27.0,,,,,,,
1305535,1,Complete,1305535,1305535,41.290037,-72.934044,3791743,New Haven,93,93,New Haven,8/29/2025,2025,8,August,29,6,Friday,15:27:00,15,25035099,A,2,,Motor Vehicle In Motion,"Injury of any type (Serious, Minor, Possible)",C,Possible Injury (C),0,0,4,Local,0.16,339,KIMBERLY AV,KIMBERLY AV,,1ST ST,60,Feet,N,41.290037,-72.934044,14,Motor Vehicle in Operation,3,Angle,1,On Roadway,1,Clear,88,Not Applicable,1,Daylight,1,Dry,0,None,88,Not Applicable,88,Not Applicable,0,None,88,Not Applicable,88,Not Applicable,1,Non-Junction,1,Not at Intersection,1,No,1,No,88,Not Applicable,88,Not Applicable,88,Not Applicable,88,Not Applicable,FALSE,1,Public Road,1,"Trafficway, On Road",CT0009300,New Haven PD,48829,56:56.0,C,Closed,01:29.0,,,,,,,
1305540,1,Complete,1305540,1305540,41.30697,-72.9389,3791748,New Haven,93,93,New Haven,8/29/2025,2025,8,August,29,6,Friday,7:59:00,7,25035113,A,1,,Motor Vehicle In Motion,"Injury of any type (Serious, Minor, Possible)",C,Possible Injury (C),1,0,4,Local,0.53,160,DWIGHT ST,DWIGHT ST,REV DR MARTIN LUTHER KING JR BLVD,,,,,41.30697,-72.9389,10,Pedalcycle/Pedalcyclist,3,Angle,1,On Roadway,1,Clear,88,Not Applicable,1,Daylight,1,Dry,0,None,88,Not Applicable,88,Not Applicable,0,None,88,Not Applicable,88,Not Applicable,2,Intersection,2,Four-Way Intersection,1,No,1,No,88,Not Applicable,88,Not Applicable,88,Not Applicable,88,Not Applicable,TRUE,1,Public Road,1,"Trafficway, On Road",CT0009300,New Haven PD,45394,19:50.0,C,Closed,01:36.0,,,,,,,
1305541,1,Complete,1305541,1305541,41.305475,-72.910331,3791749,New Haven,93,93,New Haven,8/29/2025,2025,8,August,29,6,Friday,17:30:00,17,25035121,A,1,,Pedalcycle/Pedalcyclist,"Injury of any type (Serious, Minor, Possible)",C,Possible Injury (C),1,0,4,Local,0.74,165,EAST ST,EAST ST,IVES PL,,,,,41.305475,-72.910331,10,Pedalcycle/Pedalcyclist,3,Angle,1,On Roadway,1,Clear,88,Not Applicable,1,Daylight,1,Dry,0,None,88,Not Applicable,88,Not Applicable,0,None,88,Not Applicable,88,Not Applicable,2,Intersection,2,Four-Way Intersection,1,No,1,No,88,Not Applicable,88,Not Applicable,88,Not Applicable,88,Not Applicable,FALSE,1,Public Road,1,"Trafficway, On Road",CT0009300,New Haven PD,42367,35:03.0,C,Closed,01:28.0,,,,,,,
1305544,1,Complete,1305544,1305544,41.303691,-72.924133,3791752,New Haven,93,93,New Haven,8/30/2025,2025,8,August,30,7,Saturday,0:28:00,0,25035158,A,2,,Motor Vehicle In Motion,"Injury of any type (Serious, Minor, Possible)",C,Possible Injury (C),0,0,4,Local,0.04,136,CROWN ST,CROWN ST,,STATE ST,100,Feet,W,41.303691,-72.924133,14,Motor Vehicle in Operation,1,Front to rear,1,On Roadway,1,Clear,88,Not Applicable,4,Dark-Lighted,1,Dry,0,None,88,Not Applicable,88,Not Applicable,0,None,88,Not Applicable,88,Not Applicable,1,Non-Junction,1,Not at Intersection,1,No,1,No,88,Not Applicable,88,Not Applicable,88,Not Applicable,88,Not Applicable,FALSE,1,Public Road,1,"Trafficway, On Road",CT0009300,New Haven PD,34591,31:38.0,C,Closed,01:32.0,,,,,,,
1305548,1,Complete,1305548,1305548,41.33127,-72.868113,3791756,New Haven,93,93,New Haven,8/30/2025,2025,8,August,30,7,Saturday,3:07:00,3,25035174,A,1,,Tree (standing),"Injury of any type (Serious, Minor, Possible)",B,Suspected Minor Injury (B),0,0,4,Local,0.03,561,SMITH AV,SMITH AV,,Quinnipiac Ave,75,Feet,W,41.33127,-72.868113,32,Tree (standing),88,Not Applicable,1,On Roadway,1,Clear,88,Not Applicable,6,Dark-Unknown Lighting,1,Dry,99,Unknown,88,Not Applicable,88,Not Applicable,99,Unknown,88,Not Applicable,88,Not Applicable,1,Non-Junction,1,Not at Intersection,1,No,1,No,88,Not Applicable,88,Not Applicable,88,Not Applicable,88,Not Applicable,FALSE,1,Public Road,1,"Trafficway, On Road",CT0009300,New Haven PD,40792,06:15.0,C,Closed,01:32.0,,,,,,,
1305553,1,Complete,1305553,1305553,41.313196,-72.918505,3791761,New Haven,93,93,New Haven,8/30/2025,2025,8,August,30,7,Saturday,14:34:00,14,25035224,A,2,,Motor Vehicle In Motion,"Injury of any type (Serious, Minor, Possible)",C,Possible Injury (C),0,0,4,Local,1.11,450,ORANGE ST NO 1,ORANGE ST NO 1,BRADLEY ST,,,,,41.313196,-72.918505,14,Motor Vehicle in Operation,3,Angle,1,On Roadway,1,Clear,88,Not Applicable,1,Daylight,1,Dry,0,None,88,Not Applicable,88,Not Applicable,0,None,88,Not Applicable,88,Not Applicable,2,Intersection,2,Four-Way Intersection,1,No,1,No,88,Not Applicable,88,Not Applicable,88,Not Applicable,88,Not Applicable,FALSE,1,Public Road,1,"Trafficway, On Road",CT0009300,New Haven PD,45388,59:48.0,C,Closed,01:36.0,,,,,,,
1305561,1,Complete,1305561,1305561,41.29322,-72.944201,925158,New Haven,93,93,New Haven,8/31/2025,2025,8,August,31,1,Sunday,2:54:00,2,25035300,K,1,Straight Ahead,Tree (standing),Fatal (Kill),K,Fatal Injury (K),0,0,3,State,1.09,10,10-N,10-N,,ADELINE STREET,55,Feet,N,41.29322,-72.944201,25,Curb,88,Not Applicable,1,On Roadway,1,Clear,88,Not Applicable,4,Dark-Lighted,1,Dry,0,None,88,Not Applicable,88,Not Applicable,0,None,88,Not Applicable,88,Not Applicable,2,Intersection,3,T-Intersection,1,No,1,No,88,Not Applicable,88,Not Applicable,88,Not Applicable,88,Not Applicable,FALSE,1,Public Road,1,"Trafficway, On Road",CT0009300,New Haven PD,44946,35:22.0,O,Open,01:39.0,,,,,,,
1305562,1,Complete,1305562,1305562,41.314501,-72.935639,3791770,New Haven,93,93,New Haven,8/31/2025,2025,8,August,31,1,Sunday,8:46:00,8,25035311,A,2,,Motor Vehicle In Motion,"Injury of any type (Serious, Minor, Possible)",C,Possible Injury (C),0,0,4,Local,0.02,570,SPERRY ST,SPERRY ST,,WHALLEY AVE,50,Feet,W,41.314501,-72.935639,14,Motor Vehicle in Operation,3,Angle,1,On Roadway,1,Clear,88,Not Applicable,1,Daylight,1,Dry,0,None,88,Not Applicable,88,Not Applicable,0,None,88,Not Applicable,88,Not Applicable,1,Non-Junction,1,Not at Intersection,1,No,1,No,88,Not Applicable,88,Not Applicable,88,Not Applicable,88,Not Applicable,FALSE,1,Public Road,1,"Trafficway, On Road",CT0009300,New Haven PD,45700,33:39.0,C,Closed,01:38.0,,,,,,,
1305563,1,Complete,1305563,1305563,41.321504,-72.94393,3791771,New Haven,93,93,New Haven,8/31/2025,2025,8,August,31,1,Sunday,14:25:00,14,25035340,A,5,,Motor Vehicle In Motion,"Injury of any type (Serious, Minor, Possible)",C,Possible Injury (C),0,0,4,Local,0.8,439,NORTON ST,NORTON ST,GOFFE TER,,,,,41.321504,-72.94393,14,Motor Vehicle in Operation,3,Angle,1,On Roadway,1,Clear,1,Clear,1,Daylight,1,Dry,0,None,88,Not Applicable,88,Not Applicable,0,None,88,Not Applicable,88,Not Applicable,2,Intersection,2,Four-Way Intersection,1,No,1,No,88,Not Applicable,88,Not Applicable,88,Not Applicable,88,Not Applicable,FALSE,1,Public Road,1,"Trafficway, On Road",CT0009300,New Haven PD,45700,12:41.0,O,Open,01:39.0,,,,,,,
1305565,1,Complete,1305565,1305565,41.327488,-72.96037,3791773,New Haven,93,93,New Haven,8/31/2025,2025,8,August,31,1,Sunday,20:28:00,20,25035389,A,2,,Motor Vehicle In Motion,"Injury of any type (Serious, Minor, Possible)",A,Suspected Serious Injury (A),0,0,4,Local,0.98,56,BLAKE ST,BLAKE ST,Whalley Ave,,,,,41.327488,-72.96037,14,Motor Vehicle in Operation,3,Angle,1,On Roadway,1,Clear,88,Not Applicable,4,Dark-Lighted,1,Dry,0,None,88,Not Applicable,88,Not Applicable,0,None,88,Not Applicable,88,Not Applicable,2,Intersection,3,T-Intersection,1,No,1,No,88,Not Applicable,88,Not Applicable,88,Not Applicable,88,Not Applicable,FALSE,1,Public Road,1,"Trafficway, On Road",CT0009300,New Haven PD,48046,14:26.0,C,Closed,01:42.0,,,,,,,
1305971,1,Complete,1305971,1305971,41.327143,-72.87928,3792179,New Haven,93,93,New Haven,8/11/2025,2025,8,August,11,2,Monday,17:35:00,17,25032302,A,2,,Motor Vehicle In Motion,"Injury of any type (Serious, Minor, Possible)",C,Possible Injury (C),0,0,3,State,0.47,17,17-N,17-N,,BARNES AVE,100,Feet,N,41.327143,-72.87928,14,Motor Vehicle in Operation,1,Front to rear,1,On Roadway,1,Clear,88,Not Applicable,1,Daylight,1,Dry,0,None,88,Not Applicable,88,Not Applicable,0,None,88,Not Applicable,88,Not Applicable,1,Non-Junction,1,Not at Intersection,1,No,1,No,88,Not Applicable,88,Not Applicable,88,Not Applicable,88,Not Applicable,FALSE,1,Public Road,1,"Trafficway, On Road",CT0009300,New Haven PD,44946,26:37.0,C,Closed,01:34.0,,,,,,,
1305974,1,Complete,1305974,1305974,41.315471,-72.938957,3792182,New Haven,93,93,New Haven,8/16/2025,2025,8,August,16,7,Saturday,19:37:00,19,25033071,A,3,,Motor Vehicle In Motion,"Injury of any type (Serious, Minor, Possible)",C,Possible Injury (C),0,0,4,Local,0.57,653,WHALLEY AV,WHALLEY AV,,ORCHARD ST,60,Feet,E,41.315471,-72.938957,14,Motor Vehicle in Operation,1,Front to rear,1,On Roadway,1,Clear,88,Not Applicable,1,Daylight,1,Dry,99,Unknown,88,Not Applicable,88,Not Applicable,99,Unknown,88,Not Applicable,88,Not Applicable,3,Intersection-Related,2,Four-Way Intersection,1,No,1,No,88,Not Applicable,88,Not Applicable,88,Not Applicable,88,Not Applicable,FALSE,1,Public Road,1,"Trafficway, On Road",CT0009300,New Haven PD,45398,58:34.0,C,Closed,01:35.0,,,,,,,
1305977,1,Complete,1305977,1305977,41.332009,-72.92097,3792185,New Haven,93,93,New Haven,8/26/2025,2025,8,August,26,3,Tuesday,14:48:00,14,25034487,A,2,,Motor Vehicle In Motion,"Injury of any type (Serious, Minor, Possible)",C,Possible Injury (C),0,0,4,Local,1.42,495,PROSPECT ST,PROSPECT ST,EAST ROCK RD,,,,,41.332009,-72.92097,14,Motor Vehicle in Operation,1,Front to rear,1,On Roadway,2,Cloudy,88,Not Applicable,1,Daylight,1,Dry,0,None,88,Not Applicable,88,Not Applicable,0,None,88,Not Applicable,88,Not Applicable,2,Intersection,3,T-Intersection,1,No,1,No,88,Not Applicable,88,Not Applicable,88,Not Applicable,88,Not Applicable,FALSE,1,Public Road,1,"Trafficway, On Road",CT0009300,New Haven PD,42048,40:37.0,C,Closed,01:35.0,,,,,,,
1305982,1,Complete,1305982,1305982,41.326604,-72.946707,3792190,New Haven,93,93,New Haven,8/30/2025,2025,8,August,30,7,Saturday,16:54:00,16,25035239,A,1,,Pedalcycle/Pedalcyclist,"Injury of any type (Serious, Minor, Possible)",C,Possible Injury (C),1,2,4,Local,0.54,690,ELLA T GRASSO BLVD,ELLA T GRASSO BLVD,DYER ST,,,,,41.326604,-72.946707,10,Pedalcycle/Pedalcyclist,3,Angle,1,On Roadway,1,Clear,88,Not Applicable,1,Daylight,1,Dry,99,Unknown,88,Not Applicable,88,Not Applicable,99,Unknown,88,Not Applicable,88,Not Applicable,2,Intersection,2,Four-Way Intersection,1,No,1,No,88,Not Applicable,88,Not Applicable,88,Not Applicable,88,Not Applicable,FALSE,1,Public Road,1,"Trafficway, On Road",CT0009300,New Haven PD,45398,07:33.0,C,Closed,01:33.0,,,,,,,
1305990,1,Complete,1305990,1305990,41.312444,-72.928784,3792198,New Haven,93,93,New Haven,9/1/2025,2025,9,September,1,2,Monday,11:00:00,11,25035439,A,1,,Pedestrian,"Injury of any type (Serious, Minor, Possible)",C,Possible Injury (C),1,0,4,Local,0.76,766,YORK ST,YORK ST,,TOWER PKWY,50,Feet,S,41.312444,-72.928784,9,Pedestrian,88,Not Applicable,1,On Roadway,1,Clear,88,Not Applicable,1,Daylight,1,Dry,0,None,88,Not Applicable,88,Not Applicable,0,None,88,Not Applicable,88,Not Applicable,1,Non-Junction,1,Not at Intersection,1,No,1,No,88,Not Applicable,88,Not Applicable,88,Not Applicable,88,Not Applicable,FALSE,1,Public Road,1,"Trafficway, On Road",CT0009300,New Haven PD,727,10:42.0,C,Closed,01:35.0,,,,,,,
1306469,1,Complete,1306469,1306469,41.289382,-72.934358,3792677,New Haven,93,93,New Haven,8/29/2025,2025,8,August,29,6,Friday,8:02:00,8,25035014,A,3,,Motor Vehicle In Motion,"Injury of any type (Serious, Minor, Possible)",C,Possible Injury (C),0,1,4,Local,0.21,339,KIMBERLY AV,KIMBERLY AV,,1st Street,150,Feet,S,41.289382,-72.934358,14,Motor Vehicle in Operation,2,Front to front,1,On Roadway,1,Clear,88,Not Applicable,1,Daylight,1,Dry,0,None,88,Not Applicable,88,Not Applicable,0,None,88,Not Applicable,88,Not Applicable,1,Non-Junction,1,Not at Intersection,1,No,1,No,88,Not Applicable,88,Not Applicable,88,Not Applicable,88,Not Applicable,FALSE,1,Public Road,1,"Trafficway, On Road",CT0009300,New Haven PD,40811,35:25.0,C,Closed,01:51.0,,,,,,,
1306478,1,Complete,1306478,1306478,41.303659,-72.888849,3792686,New Haven,93,93,New Haven,9/2/2025,2025,9,September,2,3,Tuesday,12:35:00,12,25035571,A,2,,"Immersion, Full or Partial","Injury of any type (Serious, Minor, Possible)",C,Possible Injury (C),0,0,4,Local,0.78,498,QUINNIPIAC AV,QUINNIPIAC AV,,OXFORD ST,80,Feet,S,41.303659,-72.888849,3,"Immersion, Full or Partial",3,Angle,1,On Roadway,1,Clear,88,Not Applicable,1,Daylight,1,Dry,0,None,88,Not Applicable,88,Not Applicable,0,None,88,Not Applicable,88,Not Applicable,1,Non-Junction,1,Not at Intersection,1,No,1,No,88,Not Applicable,88,Not Applicable,88,Not Applicable,88,Not Applicable,FALSE,1,Public Road,1,"Trafficway, On Road",CT0009300,New Haven PD,42049,13:27.0,C,Closed,01:52.0,,,,,,,
1306857,1,Complete,1306857,1306857,41.321558,-72.939071,3793065,New Haven,93,93,New Haven,9/3/2025,2025,9,September,3,4,Wednesday,11:15:00,11,25035818,A,2,,Motor Vehicle In Motion,"Injury of any type (Serious, Minor, Possible)",C,Possible Injury (C),0,0,4,Local,0.13,557,SHERMAN PKWY,SHERMAN PKWY,HENRY ST,,,,,41.321558,-72.939071,14,Motor Vehicle in Operation,1,Front to rear,1,On Roadway,1,Clear,88,Not Applicable,1,Daylight,1,Dry,0,None,0,None,88,Not Applicable,0,None,88,Not Applicable,88,Not Applicable,2,Intersection,3,T-Intersection,1,No,1,No,88,Not Applicable,88,Not Applicable,88,Not Applicable,88,Not Applicable,FALSE,1,Public Road,1,"Trafficway, On Road",CT0009300,New Haven PD,47741,50:25.0,C,Closed,01:17.0,,,,,,,
1306863,1,Complete,1306863,1306863,41.302355,-72.929084,3793071,New Haven,93,93,New Haven,9/3/2025,2025,9,September,3,4,Wednesday,20:46:00,20,25035900,A,2,,Motor Vehicle In Motion,"Injury of any type (Serious, Minor, Possible)",C,Possible Injury (C),0,0,4,Local,0.51,564,SOUTH FRONTAGE RD,SOUTH FRONTAGE RD,,CHURCH ST,100,Feet,N,41.302355,-72.929084,14,Motor Vehicle in Operation,3,Angle,1,On Roadway,1,Clear,88,Not Applicable,1,Daylight,1,Dry,0,None,88,Not Applicable,88,Not Applicable,0,None,88,Not Applicable,88,Not Applicable,1,Non-Junction,1,Not at Intersection,1,No,1,No,88,Not Applicable,88,Not Applicable,88,Not Applicable,88,Not Applicable,FALSE,1,Public Road,1,"Trafficway, On Road",CT0009300,New Haven PD,46624,38:51.0,C,Closed,01:18.0,,,,,,,
1306864,1,Complete,1306864,1306864,41.327899,-72.959746,3793072,New Haven,93,93,New Haven,9/3/2025,2025,9,September,3,4,Wednesday,19:52:00,19,25035923,A,2,,Motor Vehicle In Motion,"Injury of any type (Serious, Minor, Possible)",C,Possible Injury (C),0,0,4,Local,0.95,56,BLAKE ST,BLAKE ST,VALLEY ST,,,,,41.327899,-72.959746,14,Motor Vehicle in Operation,4,"Sideswipe, same direction",1,On Roadway,1,Clear,88,Not Applicable,1,Daylight,1,Dry,0,None,88,Not Applicable,88,Not Applicable,0,None,88,Not Applicable,88,Not Applicable,2,Intersection,3,T-Intersection,1,No,1,No,88,Not Applicable,88,Not Applicable,88,Not Applicable,88,Not Applicable,TRUE,1,Public Road,1,"Trafficway, On Road",CT0009300,New Haven PD,44947,03:12.0,C,Closed,01:18.0,,,,,,,
1307153,1,Complete,1307153,1307153,41.322176,-72.877562,3793361,New Haven,93,93,New Haven,9/4/2025,2025,9,September,4,5,Thursday,13:30:00,13,25035452,A,2,,Motor Vehicle In Motion,"Injury of any type (Serious, Minor, Possible)",C,Possible Injury (C),0,0,3,State,0.23,80,80-E,80-E,,QUINNIPIAC AVE,2,Feet,W,41.322176,-72.877562,14,Motor Vehicle in Operation,3,Angle,1,On Roadway,1,Clear,88,Not Applicable,1,Daylight,1,Dry,0,None,88,Not Applicable,88,Not Applicable,0,None,88,Not Applicable,88,Not Applicable,1,Non-Junction,1,Not at Intersection,1,No,1,No,88,Not Applicable,88,Not Applicable,88,Not Applicable,88,Not Applicable,TRUE,1,Public Road,1,"Trafficway, On Road",CT0009300,New Haven PD,42049,01:25.0,C,Closed,00:47.0,,,,,,,
1307157,1,Complete,1307157,1307157,41.319416,-72.970177,3793365,New Haven,93,93,New Haven,9/4/2025,2025,9,September,4,5,Thursday,8:11:00,8,25035952,A,2,,Motor Vehicle In Motion,"Injury of any type (Serious, Minor, Possible)",C,Possible Injury (C),0,0,3,State,2.82,122,122-N,122-N,,EDGEWOOD AVE,290,Feet,S,41.319416,-72.970177,14,Motor Vehicle in Operation,3,Angle,1,On Roadway,1,Clear,88,Not Applicable,1,Daylight,1,Dry,3,Glare,88,Not Applicable,88,Not Applicable,0,None,88,Not Applicable,88,Not Applicable,9,Driveway Access-Related,1,Not at Intersection,1,No,1,No,88,Not Applicable,88,Not Applicable,88,Not Applicable,88,Not Applicable,TRUE,1,Public Road,1,"Trafficway, On Road",CT0009300,New Haven PD,46625,35:11.0,C,Closed,00:46.0,,,,,,,
1307166,1,Complete,1307166,1307166,41.320299,-72.923395,3793374,New Haven,93,93,New Haven,9/4/2025,2025,9,September,4,5,Thursday,22:47:00,22,202501914,A,1,,"Other Fixed Object (wall, building, tunnel, etc.)","Injury of any type (Serious, Minor, Possible)",B,Suspected Minor Injury (B),0,0,4,Local,0,184,EDWARDS ST,EDWARDS ST,PROSPECT ST,,,,,41.320299,-72.923395,39,"Other Fixed Object (wall, building, tunnel, etc.)",88,Not Applicable,4,Roadside,1,Clear,88,Not Applicable,4,Dark-Lighted,1,Dry,0,None,88,Not Applicable,88,Not Applicable,99,Unknown,88,Not Applicable,88,Not Applicable,2,Intersection,3,T-Intersection,1,No,1,No,88,Not Applicable,88,Not Applicable,88,Not Applicable,88,Not Applicable,FALSE,1,Public Road,1,"Trafficway, On Road",CT0009300,New Haven PD,141,27:49.0,C,Closed,01:59.0,,,,,,,
1307623,1,Complete,1307623,1307623,41.310156,-72.953599,3793831,New Haven,93,93,New Haven,7/16/2025,2025,7,July,16,4,Wednesday,22:28:00,22,25028514,A,2,,Motor Vehicle In Motion,"Injury of any type (Serious, Minor, Possible)",C,Possible Injury (C),0,0,3,State,21.87,34,34-E,34-E,DERBY AVE,,,,,41.310156,-72.953599,14,Motor Vehicle in Operation,3,Angle,1,On Roadway,1,Clear,88,Not Applicable,4,Dark-Lighted,1,Dry,0,None,88,Not Applicable,88,Not Applicable,0,None,88,Not Applicable,88,Not Applicable,2,Intersection,2,Four-Way Intersection,1,No,1,No,88,Not Applicable,88,Not Applicable,88,Not Applicable,88,Not Applicable,FALSE,1,Public Road,1,"Trafficway, On Road",CT0009300,New Haven PD,45398,12:48.0,O,Open,00:39.0,,,,,,,
1307625,1,Complete,1307625,1307625,41.313947,-72.89668,3793833,New Haven,93,93,New Haven,8/11/2025,2025,8,August,11,2,Monday,10:55:00,10,25032216,A,2,,Motor Vehicle In Motion,"Injury of any type (Serious, Minor, Possible)",C,Possible Injury (C),0,0,4,Local,0.39,213,FERRY ST,FERRY ST,,CHATHAM ST,50,Feet,S,41.313947,-72.89668,14,Motor Vehicle in Operation,1,Front to rear,1,On Roadway,1,Clear,88,Not Applicable,1,Daylight,1,Dry,0,None,88,Not Applicable,88,Not Applicable,0,None,88,Not Applicable,88,Not Applicable,3,Intersection-Related,2,Four-Way Intersection,1,No,1,No,88,Not Applicable,88,Not Applicable,88,Not Applicable,88,Not Applicable,FALSE,1,Public Road,1,"Trafficway, On Road",CT0009300,New Haven PD,44052,35:44.0,C,Closed,00:37.0,,,,,,,
1307629,1,Complete,1307629,1307629,41.3175,-72.90144,3793837,New Haven,93,93,New Haven,8/16/2025,2025,8,August,16,7,Saturday,22:25:00,22,25033095,A,2,,Motor Vehicle In Motion,"Injury of any type (Serious, Minor, Possible)",B,Suspected Minor Injury (B),0,0,2,USRoute,0.17,5,5-N,5-N,WILLOW ST,,,,,41.3175,-72.90144,14,Motor Vehicle in Operation,3,Angle,1,On Roadway,1,Clear,88,Not Applicable,4,Dark-Lighted,1,Dry,0,None,88,Not Applicable,88,Not Applicable,0,None,88,Not Applicable,88,Not Applicable,2,Intersection,2,Four-Way Intersection,1,No,1,No,88,Not Applicable,88,Not Applicable,88,Not Applicable,88,Not Applicable,FALSE,1,Public Road,1,"Trafficway, On Road",CT0009300,New Haven PD,46628,14:04.0,C,Closed,00:52.0,25-033095,,,,,,
1307632,1,Complete,1307632,1307632,41.297507,-72.949001,3793840,New Haven,93,93,New Haven,8/31/2025,2025,8,August,31,1,Sunday,16:32:00,16,25035381,A,2,,Motor Vehicle In Motion,"Injury of any type (Serious, Minor, Possible)",C,Possible Injury (C),0,0,3,State,1.47,10,10-N,10-N,ORANGE AVE,,,,,41.297507,-72.949001,14,Motor Vehicle in Operation,3,Angle,1,On Roadway,1,Clear,88,Not Applicable,4,Dark-Lighted,1,Dry,0,None,88,Not Applicable,88,Not Applicable,0,None,88,Not Applicable,88,Not Applicable,2,Intersection,2,Four-Way Intersection,1,No,1,No,88,Not Applicable,88,Not Applicable,88,Not Applicable,88,Not Applicable,FALSE,1,Public Road,1,"Trafficway, On Road",CT0009300,New Haven PD,46613,55:10.0,C,Closed,00:53.0,,,,,,,