CrashId,Fatal Case Status,Fatal Case Status Text Format,CrashId,CrashId,Latitude,Longitude,DOT Case Number,Town Name,Town Number,Town Number,Town Number Text Format,Date Of Crash,Year,Month,Month Text Format,Day,Day of the Week,Day of the Week Text Format,Time of Crash,Hour of the Day,Case Identifier,Crash Severity,Number Of Motor Vehicles,Motor vehicle action,Most harmful event,Crash Severity Text Format,Most Severe Injury,Most Severe Injury Text Format,Number Of Non-Motorist,Number Of Witnesses,Route Class,Route Class Text Format,Milemarker,Road Number,Road Description,Roadway Name,Intersecting Roadway Name,Landmark Description,Distance From Nearest Landmark,Unit Of Measure From Nearest Landmark,Direction From Nearest Landmark,Latitude,Longitude,First Harmful Event,First Harmful Event Text Format,Manner of Crash / Collision Impact,Manner of Crash / Collision Impact Text Format,Location of First Harmful Event,Location of First Harmful Event Text Format,Weather Condition,Weather Condition Text Format,Weather 2,Weather 2 Text Format,Light Condition,Light Condition Text Format,Road Surface Condition,Road Surface Condition Text Format,"Contributing Circumstances, Environment","Contributing Circumstances, Environment Text Format",Environment 2,Environment 2 Text Format,Environment 3,Environment 3 Text Format,"Contributing Circumstances, Road","Contributing Circumstances, Road Text Format",Road 2,Road 2 Text Format,Road 3,Road 3 Text Format,Crash Specific Location,Crash Specific Location Text Format,Type of Intersection,Type of Intersection Text Format,School Bus Related,School Bus Related Text Format,Work Zone Related,Work Zone Related Text Format,Location Of Crash Relative To Work Zone,Location Of Crash Relative To Work Zone Text Format,Type of Work Zone,Type of Work Zone Text Format,Worker Presence,Worker Presence Text Format,Law Enforcement Presence,Law Enforcement Presence Text Format,Were Vehicles Moved Prior To Police Arrival,Trafficway Ownership,Trafficway Ownership Text Format,Trafficway Class,Trafficway Class Text Format,Police Agency,Police Agency Text Format,Badge Number,Approval Date,Police Case Status,Police Case Status Text Format,Crash Report Submission Date,Related Case Identifiers,No. of Through Lanes (Log Dir.),Average Daily Traffic,Functional Classification,Functional Classification Text Format,Rural or Urban,Rural or Urban Text Format
1307633,1,Complete,1307633,1307633,41.30678791,-72.94643886,3793841,New Haven,93,93,New Haven,9/1/2025,2025,9,September,1,2,Monday,11:22:00,11,25035440,A,2,,Motor Vehicle In Motion,"Injury of any type (Serious, Minor, Possible)",B,Suspected Minor Injury (B),0,0,4,Local,1.23,809,REV DR MLK JR BLVD,REV DR MLK JR BLVD,SHERMAN AV,,,,,41.30678791,-72.94643886,14,Motor Vehicle in Operation,3,Angle,1,On Roadway,2,Cloudy,88,Not Applicable,1,Daylight,1,Dry,0,None,88,Not Applicable,88,Not Applicable,0,None,88,Not Applicable,88,Not Applicable,2,Intersection,2,Four-Way Intersection,1,No,1,No,88,Not Applicable,88,Not Applicable,88,Not Applicable,88,Not Applicable,FALSE,1,Public Road,1,"Trafficway, On Road",CT0009300,New Haven PD,40810,07:43.0,C,Closed,00:46.0,,,,,,,
1307641,1,Complete,1307641,1307641,41.322798,-72.947705,3793849,New Haven,93,93,New Haven,9/4/2025,2025,9,September,4,5,Thursday,14:11:00,14,25035990,A,2,,Motor Vehicle In Motion,"Injury of any type (Serious, Minor, Possible)",B,Suspected Minor Injury (B),0,0,4,Local,0.17,258,GOFFE TER,GOFFE TER,BELLEVUE RD,,,,,41.322798,-72.947705,14,Motor Vehicle in Operation,1,Front to rear,1,On Roadway,1,Clear,88,Not Applicable,1,Daylight,1,Dry,0,None,88,Not Applicable,88,Not Applicable,97,Other,88,Not Applicable,88,Not Applicable,2,Intersection,3,T-Intersection,1,No,1,No,88,Not Applicable,88,Not Applicable,88,Not Applicable,88,Not Applicable,FALSE,1,Public Road,1,"Trafficway, On Road",CT0009300,New Haven PD,44062,36:28.0,C,Closed,00:39.0,,,,,,,
1307646,1,Complete,1307646,1307646,41.316293,-72.941439,3793854,New Haven,93,93,New Haven,9/5/2025,2025,9,September,5,6,Friday,7:54:00,7,25036139,A,2,,Motor Vehicle In Motion,"Injury of any type (Serious, Minor, Possible)",C,Possible Injury (C),0,0,4,Local,0.44,653,WHALLEY AV,WHALLEY AV,HUDSON ST,,,,,41.316293,-72.941439,14,Motor Vehicle in Operation,4,"Sideswipe, same direction",1,On Roadway,1,Clear,88,Not Applicable,1,Daylight,1,Dry,0,None,88,Not Applicable,88,Not Applicable,0,None,88,Not Applicable,88,Not Applicable,3,Intersection-Related,3,T-Intersection,1,No,1,No,88,Not Applicable,88,Not Applicable,88,Not Applicable,88,Not Applicable,FALSE,1,Public Road,1,"Trafficway, On Road",CT0009300,New Haven PD,33016,45:58.0,C,Closed,00:42.0,,,,,,,
1307649,1,Complete,1307649,1307649,41.307245,-72.932526,3793857,New Haven,93,93,New Haven,9/5/2025,2025,9,September,5,6,Friday,12:28:00,12,25036180,A,1,,Pedestrian,"Injury of any type (Serious, Minor, Possible)",B,Suspected Minor Injury (B),1,0,4,Local,0.35,766,YORK ST,YORK ST,CROWN ST,,,,,41.307245,-72.932526,9,Pedestrian,88,Not Applicable,1,On Roadway,1,Clear,88,Not Applicable,1,Daylight,1,Dry,0,None,88,Not Applicable,88,Not Applicable,0,None,88,Not Applicable,88,Not Applicable,2,Intersection,2,Four-Way Intersection,1,No,1,No,88,Not Applicable,88,Not Applicable,88,Not Applicable,88,Not Applicable,TRUE,1,Public Road,1,"Trafficway, On Road",CT0009300,New Haven PD,43688,50:02.0,C,Closed,00:42.0,,,,,,,
1307655,1,Complete,1307655,1307655,41.305575,-72.91278,3793863,New Haven,93,93,New Haven,9/5/2025,2025,9,September,5,6,Friday,16:48:00,16,25036215,A,2,,Motor Vehicle In Motion,"Injury of any type (Serious, Minor, Possible)",C,Possible Injury (C),0,1,4,Local,0.13,275,HAMILTON ST NO 2,HAMILTON ST NO 2,IVES PL,,,,,41.305575,-72.91278,14,Motor Vehicle in Operation,3,Angle,1,On Roadway,1,Clear,88,Not Applicable,1,Daylight,1,Dry,0,None,88,Not Applicable,88,Not Applicable,0,None,88,Not Applicable,88,Not Applicable,2,Intersection,2,Four-Way Intersection,1,No,1,No,88,Not Applicable,88,Not Applicable,88,Not Applicable,88,Not Applicable,FALSE,1,Public Road,1,"Trafficway, On Road",CT0009300,New Haven PD,46627,26:05.0,C,Closed,00:48.0,,,,,,,
1307660,1,Complete,1307660,1307660,41.309469,-72.927149,3793868,New Haven,93,93,New Haven,9/5/2025,2025,9,September,5,6,Friday,23:48:00,23,25036269,A,2,,Motor Vehicle In Motion,"Injury of any type (Serious, Minor, Possible)",C,Possible Injury (C),0,1,4,Local,0.38,726,ELM ST NO 2,ELM ST NO 2,COLLEGE ST,,,,,41.309469,-72.927149,14,Motor Vehicle in Operation,4,"Sideswipe, same direction",1,On Roadway,1,Clear,88,Not Applicable,4,Dark-Lighted,1,Dry,99,Unknown,0,None,88,Not Applicable,0,None,88,Not Applicable,88,Not Applicable,2,Intersection,2,Four-Way Intersection,1,No,1,No,88,Not Applicable,88,Not Applicable,88,Not Applicable,88,Not Applicable,FALSE,1,Public Road,1,"Trafficway, On Road",CT0009300,New Haven PD,45391,38:06.0,C,Closed,00:45.0,,,,,,,
1307661,1,Complete,1307661,1307661,41.305066,-72.930395,3793869,New Haven,93,93,New Haven,9/5/2025,2025,9,September,5,6,Friday,23:58:00,23,25036275,A,2,,Motor Vehicle In Motion,"Injury of any type (Serious, Minor, Possible)",C,Possible Injury (C),0,0,4,Local,0.52,117,COLLEGE ST,COLLEGE ST,GEORGE ST,,,,,41.305066,-72.930395,14,Motor Vehicle in Operation,3,Angle,1,On Roadway,1,Clear,88,Not Applicable,4,Dark-Lighted,1,Dry,0,None,88,Not Applicable,88,Not Applicable,0,None,88,Not Applicable,88,Not Applicable,2,Intersection,2,Four-Way Intersection,1,No,1,No,88,Not Applicable,88,Not Applicable,88,Not Applicable,88,Not Applicable,FALSE,1,Public Road,1,"Trafficway, On Road",CT0009300,New Haven PD,46625,34:06.0,C,Closed,00:46.0,,,,,,,
1307665,1,Complete,1307665,1307665,41.33106,-72.972715,3793873,New Haven,93,93,New Haven,9/6/2025,2025,9,September,6,7,Saturday,15:11:00,15,25036337,A,2,,Motor Vehicle In Motion,"Injury of any type (Serious, Minor, Possible)",C,Possible Injury (C),0,0,,,,,1289 WHALLEY AV,1289 WHALLEY AV,,DAVIS ST ,55,Feet,N,41.33106,-72.972715,14,Motor Vehicle in Operation,3,Angle,97,Other,1,Clear,88,Not Applicable,1,Daylight,1,Dry,0,None,88,Not Applicable,88,Not Applicable,0,None,88,Not Applicable,88,Not Applicable,97,Other,1,Not at Intersection,1,No,1,No,88,Not Applicable,88,Not Applicable,88,Not Applicable,88,Not Applicable,FALSE,88,Not Applicable,4,Parking Lot,CT0009300,New Haven PD,44055,37:44.0,C,Closed,00:47.0,,,,,,,
1307666,1,Complete,1307666,1307666,41.331313,-72.867554,3793874,New Haven,93,93,New Haven,9/6/2025,2025,9,September,6,7,Saturday,16:59:00,16,25036349,A,2,,Motor Vehicle In Motion,"Injury of any type (Serious, Minor, Possible)",C,Possible Injury (C),0,0,3,State,0.79,103,103-N,103-N,FOXON HILL RD,,,,,41.331313,-72.867554,14,Motor Vehicle in Operation,3,Angle,1,On Roadway,4,Rain,88,Not Applicable,1,Daylight,2,Wet,1,Weather Conditions,88,Not Applicable,88,Not Applicable,0,None,88,Not Applicable,88,Not Applicable,2,Intersection,2,Four-Way Intersection,1,No,1,No,88,Not Applicable,88,Not Applicable,88,Not Applicable,88,Not Applicable,FALSE,1,Public Road,1,"Trafficway, On Road",CT0009300,New Haven PD,45388,10:00.0,C,Closed,00:48.0,,,,,,,
1308265,1,Complete,1308265,1308265,41.290791,-72.941388,3794473,New Haven,93,93,New Haven,8/28/2025,2025,8,August,28,5,Thursday,22:57:00,22,25034991,A,1,,Pedestrian,"Injury of any type (Serious, Minor, Possible)",B,Suspected Minor Injury (B),1,0,3,State,0.87,10,10-N,10-N,WASHINGTON AVE,,,,,41.290791,-72.941388,9,Pedestrian,88,Not Applicable,1,On Roadway,1,Clear,88,Not Applicable,5,Dark-Not Lighted,1,Dry,0,None,88,Not Applicable,88,Not Applicable,0,None,88,Not Applicable,88,Not Applicable,2,Intersection,2,Four-Way Intersection,1,No,1,No,88,Not Applicable,88,Not Applicable,88,Not Applicable,88,Not Applicable,FALSE,1,Public Road,1,"Trafficway, On Road",CT0009300,New Haven PD,45395,50:19.0,O,Open,01:52.0,,,,,,,
1308266,1,Complete,1308266,1308266,41.32392,-72.88198,3794474,New Haven,93,93,New Haven,8/31/2025,2025,8,August,31,1,Sunday,13:27:00,13,25035336,A,2,,Motor Vehicle In Motion,"Injury of any type (Serious, Minor, Possible)",A,Suspected Serious Injury (A),0,1,3,State,0.19,17,17-N,17-N,91-N-16 (Exit 8),,75,Feet,W,41.32392,-72.88198,14,Motor Vehicle in Operation,4,"Sideswipe, same direction",1,On Roadway,1,Clear,88,Not Applicable,1,Daylight,1,Dry,0,None,88,Not Applicable,88,Not Applicable,0,None,88,Not Applicable,88,Not Applicable,2,Intersection,2,Four-Way Intersection,1,No,1,No,88,Not Applicable,88,Not Applicable,88,Not Applicable,88,Not Applicable,TRUE,1,Public Road,1,"Trafficway, On Road",CT0009300,New Haven PD,44056,22:21.0,C,Closed,01:48.0,,,,,,,
1308281,1,Complete,1308281,1308281,41.288828,-72.892886,3794489,New Haven,93,93,New Haven,9/8/2025,2025,9,September,8,2,Monday,19:22:00,19,25036666,A,2,,Motor Vehicle In Motion,"Injury of any type (Serious, Minor, Possible)",C,Possible Injury (C),0,0,3,State,0.08,741,741-E,741-E,,TOWNSEND AVE,60,Feet,W,41.288828,-72.892886,14,Motor Vehicle in Operation,1,Front to rear,1,On Roadway,1,Clear,88,Not Applicable,1,Daylight,1,Dry,0,None,88,Not Applicable,88,Not Applicable,0,None,88,Not Applicable,88,Not Applicable,3,Intersection-Related,2,Four-Way Intersection,1,No,1,No,88,Not Applicable,88,Not Applicable,88,Not Applicable,88,Not Applicable,TRUE,1,Public Road,1,"Trafficway, On Road",CT0009300,New Haven PD,48045,24:18.0,C,Closed,01:49.0,,,,,,,
1308284,1,Complete,1308284,1308284,41.30055,-72.9432,3794492,New Haven,93,93,New Haven,9/8/2025,2025,9,September,8,2,Monday,19:39:00,19,25036689,A,2,,Motor Vehicle In Motion,"Injury of any type (Serious, Minor, Possible)",B,Suspected Minor Injury (B),0,0,4,Local,0.31,141,DAVENPORT AV,DAVENPORT AV,WINTHROP AVE,,,,,41.30055,-72.9432,14,Motor Vehicle in Operation,3,Angle,1,On Roadway,1,Clear,88,Not Applicable,4,Dark-Lighted,1,Dry,0,None,88,Not Applicable,88,Not Applicable,0,None,88,Not Applicable,88,Not Applicable,2,Intersection,3,T-Intersection,1,No,1,No,88,Not Applicable,88,Not Applicable,88,Not Applicable,88,Not Applicable,FALSE,1,Public Road,1,"Trafficway, On Road",CT0009300,New Haven PD,45389,43:30.0,C,Closed,01:50.0,,,,,,,
1309030,1,Complete,1309030,1309030,41.311964,-72.897782,3795238,New Haven,93,93,New Haven,9/2/2025,2025,9,September,2,3,Tuesday,8:55:00,8,25035528,A,2,,Motor Vehicle In Motion,"Injury of any type (Serious, Minor, Possible)",C,Possible Injury (C),0,0,4,Local,0.7,487,POPLAR ST,POPLAR ST,PINE ST,,,,,41.311964,-72.897782,14,Motor Vehicle in Operation,2,Front to front,1,On Roadway,1,Clear,88,Not Applicable,1,Daylight,1,Dry,0,None,88,Not Applicable,88,Not Applicable,0,None,88,Not Applicable,88,Not Applicable,2,Intersection,2,Four-Way Intersection,1,No,1,No,88,Not Applicable,88,Not Applicable,88,Not Applicable,88,Not Applicable,FALSE,1,Public Road,1,"Trafficway, On Road",CT0009300,New Haven PD,42057,24:50.0,C,Closed,02:00.0,,,,,,,
1309033,1,Complete,1309033,1309033,41.314997,-72.897972,3795241,New Haven,93,93,New Haven,9/8/2025,2025,9,September,8,2,Monday,14:17:00,14,25036585,A,2,,Motor Vehicle In Motion,"Injury of any type (Serious, Minor, Possible)",C,Possible Injury (C),0,0,4,Local,0.32,379,LOMBARD ST,LOMBARD ST,,Poplar ST,160,Feet,E,41.314997,-72.897972,14,Motor Vehicle in Operation,3,Angle,1,On Roadway,1,Clear,88,Not Applicable,1,Daylight,1,Dry,0,None,88,Not Applicable,88,Not Applicable,0,None,88,Not Applicable,88,Not Applicable,9,Driveway Access-Related,1,Not at Intersection,1,No,1,No,88,Not Applicable,88,Not Applicable,88,Not Applicable,88,Not Applicable,FALSE,1,Public Road,1,"Trafficway, On Road",CT0009300,New Haven PD,42048,03:38.0,C,Closed,02:00.0,,,,,,,
1309035,1,Complete,1309035,1309035,41.316013,-72.904297,3795243,New Haven,93,93,New Haven,9/8/2025,2025,9,September,8,2,Monday,23:18:00,23,25036706,A,2,,Motor Vehicle In Motion,"Injury of any type (Serious, Minor, Possible)",C,Possible Injury (C),0,0,4,Local,0.01,327,JAMES ST,JAMES ST,,STATE ST,118,Feet,S,41.316013,-72.904297,14,Motor Vehicle in Operation,1,Front to rear,1,On Roadway,1,Clear,88,Not Applicable,4,Dark-Lighted,1,Dry,0,None,88,Not Applicable,88,Not Applicable,0,None,88,Not Applicable,88,Not Applicable,3,Intersection-Related,2,Four-Way Intersection,1,No,1,No,88,Not Applicable,88,Not Applicable,88,Not Applicable,88,Not Applicable,FALSE,1,Public Road,1,"Trafficway, On Road",CT0009300,New Haven PD,44047,22:27.0,C,Closed,01:57.0,,,,,,,
1309038,1,Complete,1309038,1309038,41.304375,-72.894523,3795246,New Haven,93,93,New Haven,9/9/2025,2025,9,September,9,3,Tuesday,8:45:00,8,25036722,A,2,,Motor Vehicle In Motion,"Injury of any type (Serious, Minor, Possible)",C,Possible Injury (C),0,0,4,Local,0.1,97,CHAPEL ST,CHAPEL ST,FERRY ST,,,,,41.304375,-72.894523,14,Motor Vehicle in Operation,2,Front to front,1,On Roadway,1,Clear,88,Not Applicable,1,Daylight,1,Dry,0,None,88,Not Applicable,88,Not Applicable,0,None,88,Not Applicable,88,Not Applicable,2,Intersection,2,Four-Way Intersection,1,No,1,No,88,Not Applicable,88,Not Applicable,88,Not Applicable,88,Not Applicable,FALSE,1,Public Road,1,"Trafficway, On Road",CT0009300,New Haven PD,42057,53:22.0,C,Closed,02:00.0,,,,,,,
1309474,1,Complete,1309474,1309474,41.306286,-72.935481,3795682,New Haven,93,93,New Haven,9/9/2025,2025,9,September,9,3,Tuesday,15:59:00,15,25036832,A,2,,Motor Vehicle In Motion,"Injury of any type (Serious, Minor, Possible)",B,Suspected Minor Injury (B),0,0,4,Local,0.54,809,REV DR MLK JR BLVD,REV DR MLK JR BLVD,PARK ST,,,,,41.306286,-72.935481,14,Motor Vehicle in Operation,3,Angle,1,On Roadway,1,Clear,88,Not Applicable,1,Daylight,1,Dry,99,Unknown,88,Not Applicable,88,Not Applicable,99,Unknown,88,Not Applicable,88,Not Applicable,2,Intersection,2,Four-Way Intersection,1,No,1,No,88,Not Applicable,88,Not Applicable,88,Not Applicable,88,Not Applicable,FALSE,1,Public Road,1,"Trafficway, On Road",CT0009300,New Haven PD,46617,13:24.0,C,Closed,01:14.0,,,,,,,
1309476,1,Complete,1309476,1309476,41.290922,-72.941358,3795684,New Haven,93,93,New Haven,9/9/2025,2025,9,September,9,3,Tuesday,16:28:00,16,25036889,A,2,,Motor Vehicle In Motion,"Injury of any type (Serious, Minor, Possible)",C,Possible Injury (C),0,0,3,State,0.88,10,10-N,10-N,WASHINGTON AVENUE,,,,,41.290922,-72.941358,14,Motor Vehicle in Operation,4,"Sideswipe, same direction",1,On Roadway,1,Clear,88,Not Applicable,1,Daylight,1,Dry,0,None,88,Not Applicable,88,Not Applicable,0,None,88,Not Applicable,88,Not Applicable,2,Intersection,2,Four-Way Intersection,1,No,1,No,88,Not Applicable,88,Not Applicable,88,Not Applicable,88,Not Applicable,TRUE,1,Public Road,1,"Trafficway, On Road",CT0009300,New Haven PD,45625,29:41.0,C,Closed,01:06.0,,,,,,,
1309486,1,Complete,1309486,1309486,41.31109962,-72.93088176,3795694,New Haven,93,93,New Haven,9/10/2025,2025,9,September,10,4,Wednesday,13:25:00,13,25037002,A,2,,Motor Vehicle In Motion,"Injury of any type (Serious, Minor, Possible)",C,Possible Injury (C),0,0,4,Local,0,68,BROADWAY,BROADWAY,ELM ST NO 2,,,,,41.31109962,-72.93088176,14,Motor Vehicle in Operation,4,"Sideswipe, same direction",1,On Roadway,2,Cloudy,88,Not Applicable,1,Daylight,1,Dry,0,None,88,Not Applicable,88,Not Applicable,0,None,88,Not Applicable,88,Not Applicable,2,Intersection,8,"Five-Point, or More",1,No,1,No,88,Not Applicable,88,Not Applicable,88,Not Applicable,88,Not Applicable,FALSE,1,Public Road,1,"Trafficway, On Road",CT0009300,New Haven PD,44062,08:52.0,C,Closed,01:11.0,,,,,,,
1309490,1,Complete,1309490,1309490,41.332862,-72.970125,3795698,New Haven,93,93,New Haven,9/10/2025,2025,9,September,10,4,Wednesday,16:48:00,16,25037068,A,3,,Motor Vehicle In Motion,"Injury of any type (Serious, Minor, Possible)",C,Possible Injury (C),0,0,4,Local,0.52,612,VALLEY ST NO 1,VALLEY ST NO 1,,VALLEY PL N,45,Feet,S,41.332862,-72.970125,14,Motor Vehicle in Operation,1,Front to rear,1,On Roadway,1,Clear,88,Not Applicable,1,Daylight,1,Dry,0,None,88,Not Applicable,88,Not Applicable,0,None,88,Not Applicable,88,Not Applicable,3,Intersection-Related,3,T-Intersection,1,No,1,No,88,Not Applicable,88,Not Applicable,88,Not Applicable,88,Not Applicable,TRUE,1,Public Road,1,"Trafficway, On Road",CT0009300,New Haven PD,45403,27:20.0,C,Closed,01:14.0,,,,,,,
1309788,1,Complete,1309788,1309788,41.31368,-72.943553,3795995,New Haven,93,93,New Haven,9/6/2025,2025,9,September,6,7,Saturday,21:11:00,21,25036378,A,2,,Pedestrian,"Injury of any type (Serious, Minor, Possible)",B,Suspected Minor Injury (B),1,0,4,Local,0.56,556,SHERMAN AV,SHERMAN AV,,EDGEWOOD AVE,160,Feet,N,41.31368,-72.943553,14,Motor Vehicle in Operation,1,Front to rear,1,On Roadway,4,Rain,4,Rain,4,Dark-Lighted,2,Wet,0,None,88,Not Applicable,88,Not Applicable,0,None,88,Not Applicable,88,Not Applicable,1,Non-Junction,1,Not at Intersection,1,No,1,No,88,Not Applicable,88,Not Applicable,88,Not Applicable,88,Not Applicable,TRUE,1,Public Road,1,"Trafficway, On Road",CT0009300,New Haven PD,45132,25:21.0,O,Open,00:13.0,,,,,,,
1309791,1,Complete,1309791,1309791,41.334728,-72.946475,3795998,New Haven,93,93,New Haven,9/9/2025,2025,9,September,9,3,Tuesday,15:19:00,15,25036829,A,2,,Motor Vehicle In Motion,"Injury of any type (Serious, Minor, Possible)",A,Suspected Serious Injury (A),0,0,3,State,4.5,10,10-N,10-N,,PINE ROCK AVE,300,Feet,N,41.334728,-72.946475,14,Motor Vehicle in Operation,1,Front to rear,1,On Roadway,1,Clear,88,Not Applicable,1,Daylight,1,Dry,0,None,88,Not Applicable,88,Not Applicable,0,None,88,Not Applicable,88,Not Applicable,1,Non-Junction,1,Not at Intersection,1,No,1,No,88,Not Applicable,88,Not Applicable,88,Not Applicable,88,Not Applicable,TRUE,1,Public Road,1,"Trafficway, On Road",CT0009300,New Haven PD,170,45:17.0,C,Closed,00:09.0,,,,,,,
1310189,1,Complete,1310189,1310189,41.320424,-72.867747,3796396,New Haven,93,93,New Haven,9/9/2025,2025,9,September,9,3,Tuesday,15:26:00,15,25036811,A,4,,Motor Vehicle In Motion,"Injury of any type (Serious, Minor, Possible)",C,Possible Injury (C),0,0,3,State,0.78,80,80-E,80-E,,OLD FOXON RD,250,Feet,E,41.320424,-72.867747,14,Motor Vehicle in Operation,1,Front to rear,1,On Roadway,1,Clear,88,Not Applicable,1,Daylight,1,Dry,0,None,88,Not Applicable,88,Not Applicable,0,None,88,Not Applicable,88,Not Applicable,3,Intersection-Related,3,T-Intersection,1,No,1,No,88,Not Applicable,88,Not Applicable,88,Not Applicable,88,Not Applicable,FALSE,1,Public Road,1,"Trafficway, On Road",CT0009300,New Haven PD,44056,32:09.0,C,Closed,00:38.0,,,,,,,
1310198,1,Complete,1310198,1310198,41.30731,-72.883815,3796405,New Haven,93,93,New Haven,9/12/2025,2025,9,September,12,6,Friday,7:51:00,7,25037305,A,2,,Motor Vehicle In Motion,"Injury of any type (Serious, Minor, Possible)",C,Possible Injury (C),0,0,4,Local,0.14,168,EAST GRAND AV,EAST GRAND AV,LEXINGTON AVE,,,,,41.30731,-72.883815,14,Motor Vehicle in Operation,3,Angle,1,On Roadway,1,Clear,88,Not Applicable,1,Daylight,1,Dry,0,None,88,Not Applicable,88,Not Applicable,0,None,88,Not Applicable,88,Not Applicable,2,Intersection,2,Four-Way Intersection,1,No,1,No,88,Not Applicable,88,Not Applicable,88,Not Applicable,88,Not Applicable,FALSE,1,Public Road,1,"Trafficway, On Road",CT0009300,New Haven PD,65,50:54.0,C,Closed,00:32.0,,,,,,,
1310201,1,Complete,1310201,1310201,41.297309,-72.931477,3796408,New Haven,93,93,New Haven,9/12/2025,2025,9,September,12,6,Friday,17:49:00,17,25037380,A,2,,Parked Vehicle,"Injury of any type (Serious, Minor, Possible)",C,Possible Injury (C),0,0,4,Local,0.12,490,PORTSEA ST,PORTSEA ST,,CEDAR ST,100,Feet,E,41.297309,-72.931477,14,Motor Vehicle in Operation,3,Angle,1,On Roadway,1,Clear,88,Not Applicable,1,Daylight,1,Dry,0,None,88,Not Applicable,88,Not Applicable,0,None,88,Not Applicable,88,Not Applicable,1,Non-Junction,1,Not at Intersection,1,No,1,No,88,Not Applicable,88,Not Applicable,88,Not Applicable,88,Not Applicable,FALSE,1,Public Road,1,"Trafficway, On Road",CT0009300,New Haven PD,48829,34:18.0,C,Closed,00:35.0,,,,,,,
1310206,1,Complete,1310206,1310206,41.314316,-72.93573,3796413,New Haven,93,93,New Haven,9/12/2025,2025,9,September,12,6,Friday,22:36:00,22,25037413,A,2,,Motor Vehicle In Motion,"Injury of any type (Serious, Minor, Possible)",B,Suspected Minor Injury (B),0,0,4,Local,0.76,653,WHALLEY AV,WHALLEY AV,SPERRY ST,,,,,41.314316,-72.93573,14,Motor Vehicle in Operation,3,Angle,1,On Roadway,1,Clear,88,Not Applicable,4,Dark-Lighted,1,Dry,0,None,88,Not Applicable,88,Not Applicable,0,None,88,Not Applicable,88,Not Applicable,2,Intersection,3,T-Intersection,1,No,1,No,88,Not Applicable,88,Not Applicable,88,Not Applicable,88,Not Applicable,FALSE,1,Public Road,1,"Trafficway, On Road",CT0009300,New Haven PD,46627,21:48.0,C,Closed,00:35.0,,,,,,,
1310209,1,Complete,1310209,1310209,41.329273,-72.968634,3796416,New Haven,93,93,New Haven,9/13/2025,2025,9,September,13,7,Saturday,6:40:00,6,25037441,A,2,,Motor Vehicle In Motion,"Injury of any type (Serious, Minor, Possible)",A,Suspected Serious Injury (A),0,0,3,State,0.71,63,63-N,63-N,DAYTON ST,,,,,41.329273,-72.968634,14,Motor Vehicle in Operation,5,"Sideswipe, opposite direction",1,On Roadway,1,Clear,88,Not Applicable,1,Daylight,1,Dry,0,None,88,Not Applicable,88,Not Applicable,0,None,88,Not Applicable,88,Not Applicable,2,Intersection,2,Four-Way Intersection,1,No,1,No,88,Not Applicable,88,Not Applicable,88,Not Applicable,88,Not Applicable,FALSE,1,Public Road,1,"Trafficway, On Road",CT0009300,New Haven PD,286,26:43.0,C,Closed,00:41.0,,,,,,,
1310212,1,Complete,1310212,1310212,41.314495,-72.935582,3796419,New Haven,93,93,New Haven,9/13/2025,2025,9,September,13,7,Saturday,16:20:00,16,25037502,A,2,,Motor Vehicle In Motion,"Injury of any type (Serious, Minor, Possible)",C,Possible Injury (C),0,0,4,Local,0.02,570,SPERRY ST,SPERRY ST,,WHALLEY AVE,50,Feet,N,41.314495,-72.935582,14,Motor Vehicle in Operation,4,"Sideswipe, same direction",1,On Roadway,1,Clear,88,Not Applicable,1,Daylight,1,Dry,0,None,88,Not Applicable,88,Not Applicable,0,None,88,Not Applicable,88,Not Applicable,1,Non-Junction,1,Not at Intersection,1,No,1,No,88,Not Applicable,88,Not Applicable,88,Not Applicable,88,Not Applicable,TRUE,1,Public Road,1,"Trafficway, On Road",CT0009300,New Haven PD,44947,57:43.0,C,Closed,00:40.0,,,,,,,
1310215,1,Complete,1310215,1310215,41.307778,-72.900311,3796422,New Haven,93,93,New Haven,9/13/2025,2025,9,September,13,7,Saturday,19:06:00,19,25037518,A,3,,Motor Vehicle In Motion,"Injury of any type (Serious, Minor, Possible)",C,Possible Injury (C),0,0,4,Local,0.14,679,WOOLSEY ST,WOOLSEY ST,,LLOYD ST,120,Feet,E,41.307778,-72.900311,14,Motor Vehicle in Operation,1,Front to rear,1,On Roadway,1,Clear,88,Not Applicable,5,Dark-Not Lighted,1,Dry,0,None,88,Not Applicable,88,Not Applicable,0,None,88,Not Applicable,88,Not Applicable,1,Non-Junction,1,Not at Intersection,1,No,1,No,88,Not Applicable,88,Not Applicable,88,Not Applicable,88,Not Applicable,FALSE,1,Public Road,1,"Trafficway, On Road",CT0009300,New Haven PD,42367,44:26.0,C,Closed,00:42.0,,,,,,,