CrashId,Fatal Case Status,Fatal Case Status Text Format,CrashId,CrashId,Latitude,Longitude,DOT Case Number,Town Name,Town Number,Town Number,Town Number Text Format,Date Of Crash,Year,Month,Month Text Format,Day,Day of the Week,Day of the Week Text Format,Time of Crash,Hour of the Day,Case Identifier,Crash Severity,Number Of Motor Vehicles,Motor vehicle action,Most harmful event,Crash Severity Text Format,Most Severe Injury,Most Severe Injury Text Format,Number Of Non-Motorist,Number Of Witnesses,Route Class,Route Class Text Format,Milemarker,Road Number,Road Description,Roadway Name,Intersecting Roadway Name,Landmark Description,Distance From Nearest Landmark,Unit Of Measure From Nearest Landmark,Direction From Nearest Landmark,Latitude,Longitude,First Harmful Event,First Harmful Event Text Format,Manner of Crash / Collision Impact,Manner of Crash / Collision Impact Text Format,Location of First Harmful Event,Location of First Harmful Event Text Format,Weather Condition,Weather Condition Text Format,Weather 2,Weather 2 Text Format,Light Condition,Light Condition Text Format,Road Surface Condition,Road Surface Condition Text Format,"Contributing Circumstances, Environment","Contributing Circumstances, Environment Text Format",Environment 2,Environment 2 Text Format,Environment 3,Environment 3 Text Format,"Contributing Circumstances, Road","Contributing Circumstances, Road Text Format",Road 2,Road 2 Text Format,Road 3,Road 3 Text Format,Crash Specific Location,Crash Specific Location Text Format,Type of Intersection,Type of Intersection Text Format,School Bus Related,School Bus Related Text Format,Work Zone Related,Work Zone Related Text Format,Location Of Crash Relative To Work Zone,Location Of Crash Relative To Work Zone Text Format,Type of Work Zone,Type of Work Zone Text Format,Worker Presence,Worker Presence Text Format,Law Enforcement Presence,Law Enforcement Presence Text Format,Were Vehicles Moved Prior To Police Arrival,Trafficway Ownership,Trafficway Ownership Text Format,Trafficway Class,Trafficway Class Text Format,Police Agency,Police Agency Text Format,Badge Number,Approval Date,Police Case Status,Police Case Status Text Format,Crash Report Submission Date,Related Case Identifiers,No. of Through Lanes (Log Dir.),Average Daily Traffic,Functional Classification,Functional Classification Text Format,Rural or Urban,Rural or Urban Text Format
1318190,1,Complete,1318190,1318190,41.320908,-72.87429,3803412,New Haven,93,93,New Haven,10/7/2025,2025,10,October,7,3,Tuesday,23:34:00,23,25041018,A,2,,Motor Vehicle In Motion,"Injury of any type (Serious, Minor, Possible)",C,Possible Injury (C),0,0,3,State,0.43,80,80-E,80-E,,QUINNIPIAC AVE,40,Feet,W,41.320908,-72.87429,14,Motor Vehicle in Operation,1,Front to rear,1,On Roadway,1,Clear,88,Not Applicable,6,Dark-Unknown Lighting,1,Dry,99,Unknown,88,Not Applicable,88,Not Applicable,99,Unknown,88,Not Applicable,88,Not Applicable,3,Intersection-Related,2,Four-Way Intersection,1,No,1,No,88,Not Applicable,88,Not Applicable,88,Not Applicable,88,Not Applicable,TRUE,1,Public Road,1,"Trafficway, On Road",CT0009300,New Haven PD,40792,43:38.0,C,Closed,00:31.0,,,,,,,
1318623,1,Complete,1318623,1318623,41.290998,-72.935003,3803845,New Haven,93,93,New Haven,10/1/2025,2025,10,October,1,4,Wednesday,19:08:00,19,25040133,A,2,,Motor Vehicle In Motion,"Injury of any type (Serious, Minor, Possible)",C,Possible Injury (C),0,0,4,Local,0.29,350,LAMBERTON ST,LAMBERTON ST,ARTHUR ST,,,,,41.290998,-72.935003,14,Motor Vehicle in Operation,3,Angle,1,On Roadway,1,Clear,88,Not Applicable,1,Daylight,1,Dry,0,None,88,Not Applicable,88,Not Applicable,0,None,88,Not Applicable,88,Not Applicable,2,Intersection,2,Four-Way Intersection,1,No,1,No,88,Not Applicable,88,Not Applicable,88,Not Applicable,88,Not Applicable,TRUE,1,Public Road,1,"Trafficway, On Road",CT0009300,New Haven PD,46900,42:04.0,C,Closed,00:40.0,,,,,,,
1318625,1,Complete,1318625,1318625,41.29695,-72.892807,3803847,New Haven,93,93,New Haven,10/2/2025,2025,10,October,2,5,Thursday,9:25:00,9,25040200,A,2,,Motor Vehicle In Motion,"Injury of any type (Serious, Minor, Possible)",C,Possible Injury (C),0,0,4,Local,0.09,242,FULTON ST,FULTON ST,Farren Avenue,,,,,41.29695,-72.892807,14,Motor Vehicle in Operation,3,Angle,1,On Roadway,1,Clear,88,Not Applicable,1,Daylight,1,Dry,0,None,88,Not Applicable,88,Not Applicable,0,None,88,Not Applicable,88,Not Applicable,2,Intersection,2,Four-Way Intersection,1,No,1,No,88,Not Applicable,88,Not Applicable,88,Not Applicable,88,Not Applicable,TRUE,1,Public Road,1,"Trafficway, On Road",CT0009300,New Haven PD,175,26:54.0,C,Closed,00:37.0,,,,,,,
1318626,1,Complete,1318626,1318626,41.302869,-72.930133,3803848,New Haven,93,93,New Haven,9/19/2025,2025,9,September,19,6,Friday,14:44:00,14,25040485,A,2,,Motor Vehicle In Motion,"Injury of any type (Serious, Minor, Possible)",B,Suspected Minor Injury (B),0,0,4,Local,0.44,564,SOUTH FRONTAGE RD,SOUTH FRONTAGE RD,CONGRESS AVE,,,,,41.302869,-72.930133,14,Motor Vehicle in Operation,3,Angle,1,On Roadway,1,Clear,88,Not Applicable,1,Daylight,1,Dry,0,None,88,Not Applicable,88,Not Applicable,0,None,88,Not Applicable,88,Not Applicable,2,Intersection,3,T-Intersection,1,No,1,No,88,Not Applicable,88,Not Applicable,88,Not Applicable,88,Not Applicable,TRUE,1,Public Road,1,"Trafficway, On Road",CT0009300,New Haven PD,301,42:17.0,C,Closed,00:39.0,,,,,,,
1318631,1,Complete,1318631,1318631,41.324674,-72.916539,3803853,New Haven,93,93,New Haven,10/7/2025,2025,10,October,7,3,Tuesday,17:07:00,17,25040978,A,2,,Motor Vehicle In Motion,"Injury of any type (Serious, Minor, Possible)",C,Possible Injury (C),0,0,4,Local,1.04,656,WHITNEY AV,WHITNEY AV,Canner Street,,,,,41.324674,-72.916539,14,Motor Vehicle in Operation,3,Angle,1,On Roadway,1,Clear,88,Not Applicable,1,Daylight,1,Dry,0,None,88,Not Applicable,88,Not Applicable,0,None,88,Not Applicable,88,Not Applicable,2,Intersection,2,Four-Way Intersection,1,No,1,No,88,Not Applicable,88,Not Applicable,88,Not Applicable,88,Not Applicable,TRUE,1,Public Road,1,"Trafficway, On Road",CT0009300,New Haven PD,97,53:55.0,C,Closed,00:39.0,,,,,,,
1318638,1,Complete,1318638,1318638,41.320251,-72.872077,3803860,New Haven,93,93,New Haven,10/8/2025,2025,10,October,8,4,Wednesday,15:58:00,15,25041124,A,2,,Motor Vehicle In Motion,"Injury of any type (Serious, Minor, Possible)",C,Possible Injury (C),0,0,3,State,0.55,80,80-E,80-E,,EASTERN ST,65,Feet,W,41.320251,-72.872077,14,Motor Vehicle in Operation,1,Front to rear,1,On Roadway,1,Clear,88,Not Applicable,1,Daylight,1,Dry,0,None,88,Not Applicable,88,Not Applicable,0,None,88,Not Applicable,88,Not Applicable,3,Intersection-Related,2,Four-Way Intersection,1,No,1,No,88,Not Applicable,88,Not Applicable,88,Not Applicable,88,Not Applicable,FALSE,1,Public Road,1,"Trafficway, On Road",CT0009300,New Haven PD,45388,58:59.0,C,Closed,00:41.0,,,,,,,
1318639,1,Complete,1318639,1318639,41.284975,-72.936878,3803861,New Haven,93,93,New Haven,10/8/2025,2025,10,October,8,4,Wednesday,16:44:00,16,25041125,A,2,,Motor Vehicle In Motion,"Injury of any type (Serious, Minor, Possible)",C,Possible Injury (C),0,0,3,State,1.11,745,745-E,745-E,,ELLA T GRASSO BLVD,485,Feet,S,41.284975,-72.936878,14,Motor Vehicle in Operation,1,Front to rear,1,On Roadway,1,Clear,88,Not Applicable,1,Daylight,1,Dry,0,None,88,Not Applicable,88,Not Applicable,0,None,88,Not Applicable,88,Not Applicable,9,Driveway Access-Related,1,Not at Intersection,1,No,1,No,88,Not Applicable,88,Not Applicable,88,Not Applicable,88,Not Applicable,TRUE,1,Public Road,1,"Trafficway, On Road",CT0009300,New Haven PD,46627,48:29.0,C,Closed,00:41.0,,,,,,,
1318641,1,Complete,1318641,1318641,41.316171,-72.929182,3803863,New Haven,93,93,New Haven,10/7/2025,2025,10,October,7,3,Tuesday,15:30:00,15,202502190,A,1,,Pedestrian,"Injury of any type (Serious, Minor, Possible)",B,Suspected Minor Injury (B),2,0,4,Local,0.22,736,ASHMUN ST NO 2,ASHMUN ST NO 2,BRISTOL ST,,,,,41.316171,-72.929182,9,Pedestrian,88,Not Applicable,1,On Roadway,97,Other,88,Not Applicable,1,Daylight,1,Dry,3,Glare,88,Not Applicable,88,Not Applicable,0,None,88,Not Applicable,88,Not Applicable,2,Intersection,2,Four-Way Intersection,1,No,1,No,88,Not Applicable,88,Not Applicable,88,Not Applicable,88,Not Applicable,FALSE,1,Public Road,1,"Trafficway, On Road",CT0009300,New Haven PD,525,14:09.0,C,Closed,02:32.0,,,,,,,
1318988,1,Complete,1318988,1318988,41.327263,-72.953147,3804210,New Haven,93,93,New Haven,10/8/2025,2025,10,October,8,4,Wednesday,21:11:00,21,25041025,A,2,,Motor Vehicle In Motion,"Injury of any type (Serious, Minor, Possible)",C,Possible Injury (C),0,0,4,Local,0.53,56,BLAKE ST,BLAKE ST,,FITCH ST,70,Feet,S,41.327263,-72.953147,14,Motor Vehicle in Operation,3,Angle,1,On Roadway,1,Clear,88,Not Applicable,1,Daylight,1,Dry,0,None,88,Not Applicable,88,Not Applicable,0,None,88,Not Applicable,88,Not Applicable,9,Driveway Access-Related,1,Not at Intersection,1,No,1,No,88,Not Applicable,88,Not Applicable,88,Not Applicable,88,Not Applicable,FALSE,1,Public Road,1,"Trafficway, On Road",CT0009300,New Haven PD,48046,16:42.0,C,Closed,00:49.0,,,,,,,
1318991,1,Complete,1318991,1318991,41.306778,-72.946512,3804213,New Haven,93,93,New Haven,10/9/2025,2025,10,October,9,5,Thursday,7:53:00,7,25041179,A,2,,Motor Vehicle In Motion,"Injury of any type (Serious, Minor, Possible)",C,Possible Injury (C),0,0,4,Local,1.23,809,REV DR MLK JR BLVD,REV DR MLK JR BLVD,SHERMAN AV,,,,,41.306778,-72.946512,14,Motor Vehicle in Operation,1,Front to rear,1,On Roadway,1,Clear,88,Not Applicable,1,Daylight,1,Dry,0,None,88,Not Applicable,88,Not Applicable,0,None,88,Not Applicable,88,Not Applicable,2,Intersection,2,Four-Way Intersection,1,No,1,No,88,Not Applicable,88,Not Applicable,88,Not Applicable,88,Not Applicable,FALSE,1,Public Road,1,"Trafficway, On Road",CT0009300,New Haven PD,33016,37:37.0,C,Closed,00:55.0,,,,,,,
1319496,1,Complete,1319496,1319496,41.327288,-72.960325,3804718,New Haven,93,93,New Haven,10/7/2025,2025,10,October,7,3,Tuesday,18:26:00,18,25041012,A,2,,Motor Vehicle In Motion,"Injury of any type (Serious, Minor, Possible)",C,Possible Injury (C),0,0,3,State,0.24,63,63-N,63-N,,BLAKE ST,50,Feet,E,41.327288,-72.960325,14,Motor Vehicle in Operation,1,Front to rear,1,On Roadway,1,Clear,88,Not Applicable,1,Daylight,1,Dry,0,None,88,Not Applicable,88,Not Applicable,0,None,88,Not Applicable,88,Not Applicable,3,Intersection-Related,3,T-Intersection,1,No,1,No,88,Not Applicable,88,Not Applicable,88,Not Applicable,88,Not Applicable,TRUE,1,Public Road,1,"Trafficway, On Road",CT0009300,New Haven PD,45403,01:10.0,O,Open,00:53.0,,,,,,,
1319504,1,Complete,1319504,1319504,41.308948,-72.91959,3804726,New Haven,93,93,New Haven,10/10/2025,2025,10,October,10,6,Friday,11:11:00,11,25041353,A,2,,Motor Vehicle In Motion,"Injury of any type (Serious, Minor, Possible)",C,Possible Injury (C),0,0,4,Local,1.02,575,STATE ST,STATE ST,,GROVE ST,50,Feet,S,41.308948,-72.91959,14,Motor Vehicle in Operation,1,Front to rear,1,On Roadway,1,Clear,88,Not Applicable,1,Daylight,1,Dry,0,None,88,Not Applicable,88,Not Applicable,0,None,88,Not Applicable,88,Not Applicable,3,Intersection-Related,2,Four-Way Intersection,1,No,1,No,88,Not Applicable,88,Not Applicable,88,Not Applicable,88,Not Applicable,FALSE,1,Public Road,1,"Trafficway, On Road",CT0009300,New Haven PD,47005,09:18.0,C,Closed,00:46.0,,,,,,,
1319508,1,Complete,1319508,1319508,41.317126,-72.915489,3804730,New Haven,93,93,New Haven,10/10/2025,2025,10,October,10,6,Friday,14:37:00,14,25041386,A,2,,Motor Vehicle In Motion,"Injury of any type (Serious, Minor, Possible)",C,Possible Injury (C),0,0,4,Local,0.79,450,ORANGE ST NO 1,ORANGE ST NO 1,BISHOP ST,,,,,41.317126,-72.915489,14,Motor Vehicle in Operation,3,Angle,1,On Roadway,1,Clear,88,Not Applicable,1,Daylight,1,Dry,0,None,88,Not Applicable,88,Not Applicable,0,None,88,Not Applicable,88,Not Applicable,2,Intersection,2,Four-Way Intersection,1,No,1,No,88,Not Applicable,88,Not Applicable,88,Not Applicable,88,Not Applicable,FALSE,1,Public Road,1,"Trafficway, On Road",CT0009300,New Haven PD,42048,54:09.0,C,Closed,00:56.0,,,,,,,
1319520,1,Complete,1319520,1319520,41.289043,-72.894118,3804742,New Haven,93,93,New Haven,10/11/2025,2025,10,October,11,7,Saturday,16:09:00,16,25041537,A,3,,Motor Vehicle In Motion,"Injury of any type (Serious, Minor, Possible)",C,Possible Injury (C),0,0,3,State,0.02,741,741-E,741-E,,Woodward Avenue,90,Feet,E,41.289043,-72.894118,14,Motor Vehicle in Operation,1,Front to rear,1,On Roadway,1,Clear,88,Not Applicable,1,Daylight,1,Dry,0,None,88,Not Applicable,88,Not Applicable,0,None,88,Not Applicable,88,Not Applicable,3,Intersection-Related,2,Four-Way Intersection,1,No,1,No,88,Not Applicable,88,Not Applicable,88,Not Applicable,88,Not Applicable,FALSE,1,Public Road,1,"Trafficway, On Road",CT0009300,New Haven PD,47006,57:38.0,C,Closed,00:54.0,,,,,,,
1320348,1,Complete,1320348,1320348,41.264246,-72.893186,3805570,New Haven,93,93,New Haven,9/28/2025,2025,9,September,28,1,Sunday,12:21:00,12,25039626,A,2,,Motor Vehicle In Motion,"Injury of any type (Serious, Minor, Possible)",C,Possible Injury (C),0,0,4,Local,0.44,121,CONCORD ST,CONCORD ST,NELSON ST,,,,,41.264246,-72.893186,14,Motor Vehicle in Operation,3,Angle,1,On Roadway,1,Clear,88,Not Applicable,1,Daylight,1,Dry,0,None,88,Not Applicable,88,Not Applicable,0,None,88,Not Applicable,88,Not Applicable,2,Intersection,3,T-Intersection,1,No,1,No,88,Not Applicable,88,Not Applicable,88,Not Applicable,88,Not Applicable,FALSE,1,Public Road,1,"Trafficway, On Road",CT0009300,New Haven PD,65,48:32.0,C,Closed,00:19.0,,,,,,,
1320357,1,Complete,1320357,1320357,41.306624,-72.952803,3805579,New Haven,93,93,New Haven,10/11/2025,2025,10,October,11,7,Saturday,8:56:00,8,25041494,A,2,,Motor Vehicle In Motion,"Injury of any type (Serious, Minor, Possible)",B,Suspected Minor Injury (B),0,1,4,Local,1.46,809,REV DR MLK JR BLVD,REV DR MLK JR BLVD,ELLA T GRASSO BLVD,,,,,41.306624,-72.952803,14,Motor Vehicle in Operation,3,Angle,1,On Roadway,1,Clear,88,Not Applicable,1,Daylight,1,Dry,0,None,88,Not Applicable,88,Not Applicable,0,None,88,Not Applicable,88,Not Applicable,2,Intersection,3,T-Intersection,1,No,1,No,88,Not Applicable,88,Not Applicable,88,Not Applicable,88,Not Applicable,FALSE,1,Public Road,1,"Trafficway, On Road",CT0009300,New Haven PD,503,34:04.0,C,Closed,00:20.0,,,,,,,
1320740,1,Complete,1320740,1320740,41.290458,-72.938546,3805962,New Haven,93,93,New Haven,10/13/2025,2025,10,October,13,2,Monday,10:41:00,10,25041669,A,3,,Motor Vehicle In Motion,"Injury of any type (Serious, Minor, Possible)",C,Possible Injury (C),0,0,4,Local,0.1,350,LAMBERTON ST,LAMBERTON ST,,MORRIS ST,133,Feet,W,41.290458,-72.938546,14,Motor Vehicle in Operation,3,Angle,1,On Roadway,4,Rain,88,Not Applicable,1,Daylight,2,Wet,0,None,88,Not Applicable,88,Not Applicable,0,None,88,Not Applicable,88,Not Applicable,9,Driveway Access-Related,1,Not at Intersection,1,No,1,No,88,Not Applicable,88,Not Applicable,88,Not Applicable,88,Not Applicable,FALSE,1,Public Road,1,"Trafficway, On Road",CT0009300,New Haven PD,45395,56:26.0,C,Closed,00:10.0,,,,,,,
1320744,1,Complete,1320744,1320744,41.31962,-72.89844,3805966,New Haven,93,93,New Haven,10/13/2025,2025,10,October,13,2,Monday,19:34:00,19,25041720,A,1,,Pedestrian,"Injury of any type (Serious, Minor, Possible)",C,Possible Injury (C),1,0,2,USRoute,0.39,5,5-N,5-N,,FERRY ST,108,Feet,N,41.31962,-72.89844,9,Pedestrian,88,Not Applicable,1,On Roadway,4,Rain,88,Not Applicable,4,Dark-Lighted,2,Wet,99,Unknown,88,Not Applicable,88,Not Applicable,0,None,88,Not Applicable,88,Not Applicable,1,Non-Junction,1,Not at Intersection,1,No,1,No,88,Not Applicable,88,Not Applicable,88,Not Applicable,88,Not Applicable,FALSE,1,Public Road,1,"Trafficway, On Road",CT0009300,New Haven PD,47739,45:42.0,C,Closed,00:08.0,,,,,,,
1320752,1,Complete,1320752,1320752,41.31539,-72.895367,3805974,New Haven,93,93,New Haven,10/14/2025,2025,10,October,14,3,Tuesday,18:24:00,18,25041829,A,2,,Motor Vehicle In Motion,"Injury of any type (Serious, Minor, Possible)",C,Possible Injury (C),0,0,4,Local,0.45,379,LOMBARD ST,LOMBARD ST,ROWE ST,,,,,41.31539,-72.895367,14,Motor Vehicle in Operation,3,Angle,1,On Roadway,1,Clear,88,Not Applicable,4,Dark-Lighted,1,Dry,0,None,88,Not Applicable,88,Not Applicable,0,None,88,Not Applicable,88,Not Applicable,2,Intersection,2,Four-Way Intersection,1,No,1,No,88,Not Applicable,88,Not Applicable,88,Not Applicable,88,Not Applicable,FALSE,1,Public Road,1,"Trafficway, On Road",CT0009300,New Haven PD,42367,26:10.0,C,Closed,00:12.0,,,,,,,
1322088,1,Complete,1322088,1322088,41.290119,-72.932048,3806314,New Haven,93,93,New Haven,8/19/2025,2025,8,August,19,3,Tuesday,23:21:00,23,25033608,A,2,,Motor Vehicle In Motion,"Injury of any type (Serious, Minor, Possible)",C,Possible Injury (C),0,0,4,Local,0.11,219,FIRST ST,FIRST ST,HOWARD AVE,,,,,41.290119,-72.932048,14,Motor Vehicle in Operation,1,Front to rear,1,On Roadway,1,Clear,88,Not Applicable,5,Dark-Not Lighted,1,Dry,0,None,88,Not Applicable,88,Not Applicable,0,None,88,Not Applicable,88,Not Applicable,2,Intersection,2,Four-Way Intersection,1,No,1,No,88,Not Applicable,88,Not Applicable,88,Not Applicable,88,Not Applicable,FALSE,1,Public Road,1,"Trafficway, On Road",CT0009300,New Haven PD,44946,51:28.0,C,Closed,00:13.0,,,,,,,
1322092,1,Complete,1322092,1322092,41.313484,-72.87902,3806318,New Haven,93,93,New Haven,10/12/2025,2025,10,October,12,1,Sunday,13:51:00,13,25041626,A,2,,Motor Vehicle In Motion,"Injury of any type (Serious, Minor, Possible)",C,Possible Injury (C),0,0,4,Local,1.66,498,QUINNIPIAC AV,QUINNIPIAC AV,,HEMINGWAY ST,81,Feet,S,41.313484,-72.87902,14,Motor Vehicle in Operation,3,Angle,1,On Roadway,4,Rain,88,Not Applicable,1,Daylight,2,Wet,1,Weather Conditions,88,Not Applicable,88,Not Applicable,0,None,88,Not Applicable,88,Not Applicable,1,Non-Junction,1,Not at Intersection,1,No,1,No,88,Not Applicable,88,Not Applicable,88,Not Applicable,88,Not Applicable,FALSE,1,Public Road,1,"Trafficway, On Road",CT0009300,New Haven PD,175,56:46.0,C,Closed,00:16.0,,,,,,,
1322095,1,Complete,1322095,1322095,41.323147,-72.948844,3806321,New Haven,93,93,New Haven,10/15/2025,2025,10,October,15,4,Wednesday,0:24:00,0,25041861,A,1,,Pedestrian,"Injury of any type (Serious, Minor, Possible)",B,Suspected Minor Injury (B),3,1,4,Local,0.28,690,ELLA T GRASSO BLVD,ELLA T GRASSO BLVD,GOFFE TER,,,,,41.323147,-72.948844,9,Pedestrian,88,Not Applicable,1,On Roadway,1,Clear,88,Not Applicable,4,Dark-Lighted,1,Dry,0,None,88,Not Applicable,88,Not Applicable,0,None,88,Not Applicable,88,Not Applicable,2,Intersection,2,Four-Way Intersection,1,No,1,No,88,Not Applicable,88,Not Applicable,88,Not Applicable,88,Not Applicable,FALSE,1,Public Road,1,"Trafficway, On Road",CT0009300,New Haven PD,44339,04:37.0,C,Closed,00:14.0,,,,,,,
1322096,1,Complete,1322096,1322096,41.31309,-72.921858,3806322,New Haven,93,93,New Haven,10/15/2025,2025,10,October,15,4,Wednesday,2:20:00,2,25041864,A,2,,Motor Vehicle In Motion,"Injury of any type (Serious, Minor, Possible)",C,Possible Injury (C),0,0,4,Local,0.17,601,TRUMBULL ST,TRUMBULL ST,WHITNEY AV,,,,,41.31309,-72.921858,14,Motor Vehicle in Operation,3,Angle,1,On Roadway,1,Clear,88,Not Applicable,4,Dark-Lighted,1,Dry,0,None,88,Not Applicable,88,Not Applicable,0,None,88,Not Applicable,88,Not Applicable,2,Intersection,2,Four-Way Intersection,1,No,1,No,88,Not Applicable,88,Not Applicable,88,Not Applicable,88,Not Applicable,FALSE,1,Public Road,1,"Trafficway, On Road",CT0009300,New Haven PD,47737,34:14.0,C,Closed,00:14.0,,,,,,,
1322103,1,Complete,1322103,1322103,41.327243,-72.967962,3806329,New Haven,93,93,New Haven,10/15/2025,2025,10,October,15,4,Wednesday,15:05:00,15,25041969,A,2,,Motor Vehicle In Motion,"Injury of any type (Serious, Minor, Possible)",C,Possible Injury (C),0,0,3,State,6.23,243,243-W,243-W,,FOREST RD,75,Feet,N,41.327243,-72.967962,14,Motor Vehicle in Operation,1,Front to rear,1,On Roadway,1,Clear,88,Not Applicable,1,Daylight,1,Dry,0,None,88,Not Applicable,88,Not Applicable,0,None,88,Not Applicable,88,Not Applicable,3,Intersection-Related,3,T-Intersection,1,No,1,No,88,Not Applicable,88,Not Applicable,88,Not Applicable,88,Not Applicable,FALSE,1,Public Road,1,"Trafficway, On Road",CT0009300,New Haven PD,47744,45:55.0,O,Open,00:18.0,,,,,,,
1322105,1,Complete,1322105,1322105,41.30645,-72.93595,3806331,New Haven,93,93,New Haven,10/15/2025,2025,10,October,15,4,Wednesday,16:43:00,16,25041987,A,2,,Motor Vehicle In Motion,"Injury of any type (Serious, Minor, Possible)",C,Possible Injury (C),0,0,4,Local,0.57,809,REV DR MLK JR BLVD,REV DR MLK JR BLVD,,PARK ST,150,Feet,W,41.30645,-72.93595,14,Motor Vehicle in Operation,3,Angle,1,On Roadway,1,Clear,88,Not Applicable,1,Daylight,1,Dry,0,None,88,Not Applicable,88,Not Applicable,0,None,88,Not Applicable,88,Not Applicable,1,Non-Junction,1,Not at Intersection,1,No,1,No,88,Not Applicable,88,Not Applicable,88,Not Applicable,88,Not Applicable,TRUE,1,Public Road,1,"Trafficway, On Road",CT0009300,New Haven PD,45403,06:48.0,C,Closed,00:20.0,,,,,,,
1322401,1,Complete,1322401,1322401,41.318461,-72.947547,3806627,New Haven,93,93,New Haven,10/16/2025,2025,10,October,16,5,Thursday,9:18:00,9,25042048,A,2,,Motor Vehicle In Motion,"Injury of any type (Serious, Minor, Possible)",A,Suspected Serious Injury (A),0,1,4,Local,0.08,653,WHALLEY AV,WHALLEY AV,ELLSWORTH AVE,,,,,41.318461,-72.947547,14,Motor Vehicle in Operation,97,Other,1,On Roadway,1,Clear,88,Not Applicable,1,Daylight,1,Dry,0,None,88,Not Applicable,88,Not Applicable,0,None,88,Not Applicable,88,Not Applicable,2,Intersection,2,Four-Way Intersection,1,No,1,No,88,Not Applicable,88,Not Applicable,88,Not Applicable,88,Not Applicable,FALSE,1,Public Road,1,"Trafficway, On Road",CT0009300,New Haven PD,44062,13:03.0,C,Closed,00:12.0,,,,,,,
1322402,1,Complete,1322402,1322402,41.326364,-72.931802,3806628,New Haven,93,93,New Haven,10/16/2025,2025,10,October,16,5,Thursday,11:01:00,11,25042066,A,1,,Motor Vehicle In Motion,"Injury of any type (Serious, Minor, Possible)",B,Suspected Minor Injury (B),1,0,4,Local,0.18,151,DIVISION ST,DIVISION ST,,SHELTON AVE,390,Feet,E,41.326364,-72.931802,10,Pedalcycle/Pedalcyclist,3,Angle,1,On Roadway,1,Clear,88,Not Applicable,1,Daylight,1,Dry,0,None,88,Not Applicable,88,Not Applicable,0,None,88,Not Applicable,88,Not Applicable,7,Crossover-Related,1,Not at Intersection,1,No,1,No,88,Not Applicable,88,Not Applicable,88,Not Applicable,88,Not Applicable,FALSE,1,Public Road,1,"Trafficway, On Road",CT0009300,New Haven PD,44063,33:54.0,C,Closed,00:12.0,,,,,,,
1322906,1,Complete,1322906,1322906,41.286262,-72.936149,3807132,New Haven,93,93,New Haven,6/21/2025,2025,6,June,21,7,Saturday,20:31:00,20,25024641,A,2,,Motor Vehicle In Motion,"Injury of any type (Serious, Minor, Possible)",C,Possible Injury (C),0,0,3,State,0.28,10,10-N,10-N,745-E,,,,,41.286262,-72.936149,14,Motor Vehicle in Operation,3,Angle,1,On Roadway,1,Clear,88,Not Applicable,4,Dark-Lighted,1,Dry,0,None,88,Not Applicable,88,Not Applicable,0,None,88,Not Applicable,88,Not Applicable,2,Intersection,2,Four-Way Intersection,1,No,1,No,88,Not Applicable,88,Not Applicable,88,Not Applicable,88,Not Applicable,FALSE,1,Public Road,1,"Trafficway, On Road",CT0009300,New Haven PD,46613,06:42.0,C,Closed,00:16.0,,,,,,,
1322911,1,Complete,1322911,1322911,41.315782,-72.892222,3807137,New Haven,93,93,New Haven,10/10/2025,2025,10,October,10,6,Friday,9:29:00,9,25041348,A,1,,Pedalcycle/Pedalcyclist,"Injury of any type (Serious, Minor, Possible)",C,Possible Injury (C),1,0,4,Local,0.63,379,LOMBARD ST,LOMBARD ST,,CLINTON AVE,20,Feet,W,41.315782,-72.892222,10,Pedalcycle/Pedalcyclist,3,Angle,1,On Roadway,1,Clear,1,Clear,1,Daylight,1,Dry,0,None,88,Not Applicable,88,Not Applicable,0,None,88,Not Applicable,88,Not Applicable,1,Non-Junction,1,Not at Intersection,1,No,1,No,88,Not Applicable,88,Not Applicable,88,Not Applicable,88,Not Applicable,FALSE,1,Public Road,1,"Trafficway, On Road",CT0009300,New Haven PD,40789,35:23.0,C,Closed,00:12.0,,,,,,,
1322919,1,Complete,1322919,1322919,41.3022741,-72.9289842,3807145,New Haven,93,93,New Haven,10/16/2025,2025,10,October,16,5,Thursday,19:53:00,19,25042172,A,3,,Motor Vehicle In Motion,"Injury of any type (Serious, Minor, Possible)",C,Possible Injury (C),0,0,4,Local,0.51,564,SOUTH FRONTAGE RD,SOUTH FRONTAGE RD,,Church St,20,Feet,W,41.3022741,-72.9289842,14,Motor Vehicle in Operation,1,Front to rear,1,On Roadway,1,Clear,88,Not Applicable,4,Dark-Lighted,1,Dry,0,None,88,Not Applicable,88,Not Applicable,0,None,88,Not Applicable,88,Not Applicable,3,Intersection-Related,2,Four-Way Intersection,1,No,1,No,88,Not Applicable,88,Not Applicable,88,Not Applicable,88,Not Applicable,FALSE,1,Public Road,1,"Trafficway, On Road",CT0009300,New Haven PD,45625,53:35.0,C,Closed,00:15.0,,,,,,,