CrashId,Fatal Case Status,Fatal Case Status Text Format,CrashId,CrashId,Latitude,Longitude,DOT Case Number,Town Name,Town Number,Town Number,Town Number Text Format,Date Of Crash,Year,Month,Month Text Format,Day,Day of the Week,Day of the Week Text Format,Time of Crash,Hour of the Day,Case Identifier,Crash Severity,Number Of Motor Vehicles,Motor vehicle action,Most harmful event,Crash Severity Text Format,Most Severe Injury,Most Severe Injury Text Format,Number Of Non-Motorist,Number Of Witnesses,Route Class,Route Class Text Format,Milemarker,Road Number,Road Description,Roadway Name,Intersecting Roadway Name,Landmark Description,Distance From Nearest Landmark,Unit Of Measure From Nearest Landmark,Direction From Nearest Landmark,Latitude,Longitude,First Harmful Event,First Harmful Event Text Format,Manner of Crash / Collision Impact,Manner of Crash / Collision Impact Text Format,Location of First Harmful Event,Location of First Harmful Event Text Format,Weather Condition,Weather Condition Text Format,Weather 2,Weather 2 Text Format,Light Condition,Light Condition Text Format,Road Surface Condition,Road Surface Condition Text Format,"Contributing Circumstances, Environment","Contributing Circumstances, Environment Text Format",Environment 2,Environment 2 Text Format,Environment 3,Environment 3 Text Format,"Contributing Circumstances, Road","Contributing Circumstances, Road Text Format",Road 2,Road 2 Text Format,Road 3,Road 3 Text Format,Crash Specific Location,Crash Specific Location Text Format,Type of Intersection,Type of Intersection Text Format,School Bus Related,School Bus Related Text Format,Work Zone Related,Work Zone Related Text Format,Location Of Crash Relative To Work Zone,Location Of Crash Relative To Work Zone Text Format,Type of Work Zone,Type of Work Zone Text Format,Worker Presence,Worker Presence Text Format,Law Enforcement Presence,Law Enforcement Presence Text Format,Were Vehicles Moved Prior To Police Arrival,Trafficway Ownership,Trafficway Ownership Text Format,Trafficway Class,Trafficway Class Text Format,Police Agency,Police Agency Text Format,Badge Number,Approval Date,Police Case Status,Police Case Status Text Format,Crash Report Submission Date,Related Case Identifiers,No. of Through Lanes (Log Dir.),Average Daily Traffic,Functional Classification,Functional Classification Text Format,Rural or Urban,Rural or Urban Text Format
1322923,1,Complete,1322923,1322923,41.330751,-72.935208,3807149,New Haven,93,93,New Haven,10/17/2025,2025,10,October,17,6,Friday,9:23:00,9,25042219,A,2,,Motor Vehicle In Motion,"Injury of any type (Serious, Minor, Possible)",C,Possible Injury (C),0,1,4,Local,1.26,152,DIXWELL AV,DIXWELL AV,WEST IVY ST,,,,,41.330751,-72.935208,14,Motor Vehicle in Operation,3,Angle,1,On Roadway,1,Clear,88,Not Applicable,1,Daylight,1,Dry,0,None,88,Not Applicable,88,Not Applicable,0,None,88,Not Applicable,88,Not Applicable,2,Intersection,3,T-Intersection,1,No,1,No,88,Not Applicable,88,Not Applicable,88,Not Applicable,88,Not Applicable,FALSE,1,Public Road,1,"Trafficway, On Road",CT0009300,New Haven PD,432,13:50.0,C,Closed,00:17.0,,,,,,,
1322924,1,Complete,1322924,1322924,41.325306,-72.878658,3807150,New Haven,93,93,New Haven,10/17/2025,2025,10,October,17,6,Friday,10:47:00,10,25042228,A,1,,Utility Pole,"Injury of any type (Serious, Minor, Possible)",B,Suspected Minor Injury (B),0,0,4,Local,0.39,40,BARNES AV,BARNES AV,,DONNA DR,20,Feet,N,41.325306,-72.878658,32,Tree (standing),88,Not Applicable,1,On Roadway,1,Clear,88,Not Applicable,1,Daylight,1,Dry,0,None,88,Not Applicable,88,Not Applicable,0,None,88,Not Applicable,88,Not Applicable,1,Non-Junction,1,Not at Intersection,1,No,1,No,88,Not Applicable,88,Not Applicable,88,Not Applicable,88,Not Applicable,FALSE,1,Public Road,1,"Trafficway, On Road",CT0009300,New Haven PD,44063,50:26.0,C,Closed,00:14.0,,,,,,,
1322928,1,Complete,1322928,1322928,41.320224,-72.87136,3807154,New Haven,93,93,New Haven,10/17/2025,2025,10,October,17,6,Friday,21:01:00,21,25042297,A,2,,Motor Vehicle In Motion,"Injury of any type (Serious, Minor, Possible)",C,Possible Injury (C),0,0,3,State,0.59,80,80-E,80-E,,EASTERN ST,90,Feet,E,41.320224,-72.87136,14,Motor Vehicle in Operation,1,Front to rear,1,On Roadway,1,Clear,88,Not Applicable,4,Dark-Lighted,1,Dry,0,None,88,Not Applicable,88,Not Applicable,0,None,88,Not Applicable,88,Not Applicable,3,Intersection-Related,2,Four-Way Intersection,1,No,1,No,88,Not Applicable,88,Not Applicable,88,Not Applicable,88,Not Applicable,TRUE,1,Public Road,1,"Trafficway, On Road",CT0009300,New Haven PD,45388,20:07.0,C,Closed,00:14.0,,,,,,,
1322930,1,Complete,1322930,1322930,41.318474,-72.941323,3807156,New Haven,93,93,New Haven,10/18/2025,2025,10,October,18,7,Saturday,16:17:00,16,25042376,A,3,,Motor Vehicle In Motion,"Injury of any type (Serious, Minor, Possible)",B,Suspected Minor Injury (B),0,0,4,Local,0.91,556,SHERMAN AV,SHERMAN AV,PERCIVAL ST,,,,,41.318474,-72.941323,14,Motor Vehicle in Operation,3,Angle,1,On Roadway,1,Clear,88,Not Applicable,1,Daylight,1,Dry,0,None,88,Not Applicable,88,Not Applicable,0,None,88,Not Applicable,88,Not Applicable,2,Intersection,3,T-Intersection,1,No,1,No,88,Not Applicable,88,Not Applicable,88,Not Applicable,88,Not Applicable,FALSE,1,Public Road,1,"Trafficway, On Road",CT0009300,New Haven PD,46900,32:05.0,C,Closed,00:17.0,,,,,,,
1322931,1,Complete,1322931,1322931,41.320748,-72.936095,3807157,New Haven,93,93,New Haven,10/18/2025,2025,10,October,18,7,Saturday,17:10:00,17,25042379,A,2,,Motor Vehicle In Motion,"Injury of any type (Serious, Minor, Possible)",C,Possible Injury (C),0,0,4,Local,1.41,453,ORCHARD ST,ORCHARD ST,,HENRY ST,20,Feet,S,41.320748,-72.936095,14,Motor Vehicle in Operation,1,Front to rear,1,On Roadway,1,Clear,88,Not Applicable,1,Daylight,1,Dry,0,None,88,Not Applicable,88,Not Applicable,0,None,88,Not Applicable,88,Not Applicable,3,Intersection-Related,2,Four-Way Intersection,1,No,1,No,88,Not Applicable,88,Not Applicable,88,Not Applicable,88,Not Applicable,TRUE,1,Public Road,1,"Trafficway, On Road",CT0009300,New Haven PD,46900,54:31.0,C,Closed,00:17.0,,,,,,,
1322937,1,Complete,1322937,1322937,41.305175,-72.897574,3807163,New Haven,93,93,New Haven,10/19/2025,2025,10,October,19,1,Sunday,1:13:00,1,25042411,A,2,,Motor Vehicle In Motion,"Injury of any type (Serious, Minor, Possible)",C,Possible Injury (C),0,0,4,Local,0.08,510,RICHARD ST,RICHARD ST,,SALTONSTALL AVE,40,Feet,N,41.305175,-72.897574,14,Motor Vehicle in Operation,1,Front to rear,1,On Roadway,1,Clear,88,Not Applicable,4,Dark-Lighted,1,Dry,0,None,88,Not Applicable,88,Not Applicable,0,None,88,Not Applicable,88,Not Applicable,3,Intersection-Related,3,T-Intersection,1,No,1,No,88,Not Applicable,88,Not Applicable,88,Not Applicable,88,Not Applicable,FALSE,1,Public Road,1,"Trafficway, On Road",CT0009300,New Haven PD,48507,49:51.0,C,Closed,00:19.0,,,,,,,
1323837,1,Complete,1323837,1323837,41.323805,-72.916849,3808063,New Haven,93,93,New Haven,10/20/2025,2025,10,October,20,2,Monday,17:15:00,17,25042656,A,2,,Motor Vehicle In Motion,"Injury of any type (Serious, Minor, Possible)",C,Possible Injury (C),0,0,4,Local,0.96,656,WHITNEY AV,WHITNEY AV,WILLOW ST,,,,,41.323805,-72.916849,14,Motor Vehicle in Operation,3,Angle,1,On Roadway,1,Clear,88,Not Applicable,4,Dark-Lighted,1,Dry,0,None,88,Not Applicable,88,Not Applicable,0,None,88,Not Applicable,88,Not Applicable,2,Intersection,2,Four-Way Intersection,1,No,1,No,88,Not Applicable,88,Not Applicable,88,Not Applicable,88,Not Applicable,TRUE,1,Public Road,1,"Trafficway, On Road",CT0009300,New Haven PD,47005,51:00.0,C,Closed,01:16.0,,,,,,,
1323838,1,Complete,1323838,1323838,41.28715,-72.9371,3808064,New Haven,93,93,New Haven,10/20/2025,2025,10,October,20,2,Monday,19:40:00,19,25042666,A,3,,Motor Vehicle In Motion,"Injury of any type (Serious, Minor, Possible)",C,Possible Injury (C),0,0,3,State,0.54,10,10-N,10-N,PLYMOUTH ST,,,,,41.28715,-72.9371,14,Motor Vehicle in Operation,1,Front to rear,1,On Roadway,1,Clear,88,Not Applicable,4,Dark-Lighted,1,Dry,0,None,88,Not Applicable,88,Not Applicable,0,None,88,Not Applicable,88,Not Applicable,2,Intersection,3,T-Intersection,1,No,1,No,88,Not Applicable,88,Not Applicable,88,Not Applicable,88,Not Applicable,FALSE,1,Public Road,1,"Trafficway, On Road",CT0009300,New Haven PD,46613,43:52.0,C,Closed,01:14.0,,,,,,,
1323841,1,Complete,1323841,1323841,41.328793,-72.954416,3808067,New Haven,93,93,New Haven,10/21/2025,2025,10,October,21,3,Tuesday,8:47:00,8,25042711,A,2,,Motor Vehicle In Motion,"Injury of any type (Serious, Minor, Possible)",C,Possible Injury (C),0,0,4,Local,0.38,208,FARNHAM AV,FARNHAM AV,,BLAKE ST,100,Feet,N,41.328793,-72.954416,14,Motor Vehicle in Operation,3,Angle,1,On Roadway,1,Clear,88,Not Applicable,1,Daylight,1,Dry,0,None,88,Not Applicable,88,Not Applicable,0,None,88,Not Applicable,88,Not Applicable,1,Non-Junction,1,Not at Intersection,1,No,1,No,88,Not Applicable,88,Not Applicable,88,Not Applicable,88,Not Applicable,TRUE,1,Public Road,1,"Trafficway, On Road",CT0009300,New Haven PD,45983,10:28.0,O,Open,01:17.0,,,,,,,
1323845,1,Complete,1323845,1323845,41.307019,-72.938938,3808071,New Haven,93,93,New Haven,10/21/2025,2025,10,October,21,3,Tuesday,16:59:00,16,25042838,A,2,,Motor Vehicle In Motion,"Injury of any type (Serious, Minor, Possible)",A,Suspected Serious Injury (A),0,0,4,Local,0.74,809,REV DR MLK JR BLVD,REV DR MLK JR BLVD,DWIGHT ST,,,,,41.307019,-72.938938,14,Motor Vehicle in Operation,3,Angle,1,On Roadway,1,Clear,88,Not Applicable,1,Daylight,1,Dry,0,None,88,Not Applicable,88,Not Applicable,0,None,88,Not Applicable,88,Not Applicable,2,Intersection,2,Four-Way Intersection,1,No,1,No,88,Not Applicable,88,Not Applicable,88,Not Applicable,88,Not Applicable,FALSE,1,Public Road,1,"Trafficway, On Road",CT0009300,New Haven PD,44045,40:55.0,C,Closed,01:20.0,,,,,,,
1323847,1,Complete,1323847,1323847,41.297516,-72.930561,3808073,New Haven,93,93,New Haven,10/21/2025,2025,10,October,21,3,Tuesday,17:45:00,17,25042864,A,2,,Motor Vehicle In Motion,"Injury of any type (Serious, Minor, Possible)",B,Suspected Minor Injury (B),0,0,4,Local,0.06,710,LIBERTY ST NO 1,LIBERTY ST NO 1,PORTSEA ST,,,,,41.297516,-72.930561,14,Motor Vehicle in Operation,3,Angle,1,On Roadway,1,Clear,88,Not Applicable,1,Daylight,1,Dry,0,None,88,Not Applicable,88,Not Applicable,0,None,88,Not Applicable,88,Not Applicable,2,Intersection,2,Four-Way Intersection,1,No,1,No,88,Not Applicable,88,Not Applicable,88,Not Applicable,88,Not Applicable,FALSE,1,Public Road,1,"Trafficway, On Road",CT0009300,New Haven PD,10,19:28.0,C,Closed,01:20.0,,,,,,,
1323849,1,Complete,1323849,1323849,41.328512,-72.951689,3808075,New Haven,93,93,New Haven,10/21/2025,2025,10,October,21,3,Tuesday,19:09:00,19,25042875,A,2,,Motor Vehicle In Motion,"Injury of any type (Serious, Minor, Possible)",C,Possible Injury (C),0,0,3,State,3.98,10,10-N,10-N,,DYER ST,50,Feet,N,41.328512,-72.951689,14,Motor Vehicle in Operation,1,Front to rear,1,On Roadway,1,Clear,88,Not Applicable,1,Daylight,1,Dry,0,None,88,Not Applicable,88,Not Applicable,0,None,88,Not Applicable,88,Not Applicable,3,Intersection-Related,3,T-Intersection,1,No,1,No,88,Not Applicable,88,Not Applicable,88,Not Applicable,88,Not Applicable,FALSE,1,Public Road,1,"Trafficway, On Road",CT0009300,New Haven PD,44947,19:10.0,C,Closed,01:21.0,,,,,,,
1324163,1,Complete,1324163,1324163,41.321105,-72.874417,3808389,New Haven,93,93,New Haven,10/21/2025,2025,10,October,21,3,Tuesday,21:40:00,21,25042893,A,1,,Curb,"Injury of any type (Serious, Minor, Possible)",C,Possible Injury (C),0,0,3,State,0.41,80,80-E,80-E,,QUINNIPIAC AVE,100,Feet,E,41.321105,-72.874417,25,Curb,88,Not Applicable,1,On Roadway,1,Clear,88,Not Applicable,4,Dark-Lighted,1,Dry,0,None,88,Not Applicable,88,Not Applicable,0,None,88,Not Applicable,88,Not Applicable,1,Non-Junction,1,Not at Intersection,1,No,1,No,88,Not Applicable,88,Not Applicable,88,Not Applicable,88,Not Applicable,FALSE,1,Public Road,1,"Trafficway, On Road",CT0009300,New Haven PD,47007,44:51.0,C,Closed,01:55.0,,,,,,,
1324165,1,Complete,1324165,1324165,41.303881,-72.927369,3808391,New Haven,93,93,New Haven,10/22/2025,2025,10,October,22,4,Wednesday,11:11:00,11,25042944,A,2,,Motor Vehicle In Motion,"Injury of any type (Serious, Minor, Possible)",C,Possible Injury (C),0,0,4,Local,0.38,104,CHURCH ST SOUTH NO 1,CHURCH ST SOUTH NO 1,GEORGE ST,,,,,41.303881,-72.927369,14,Motor Vehicle in Operation,1,Front to rear,1,On Roadway,1,Clear,88,Not Applicable,1,Daylight,1,Dry,0,None,88,Not Applicable,88,Not Applicable,0,None,88,Not Applicable,88,Not Applicable,1,Non-Junction,1,Not at Intersection,1,No,1,No,88,Not Applicable,88,Not Applicable,88,Not Applicable,88,Not Applicable,TRUE,1,Public Road,1,"Trafficway, On Road",CT0009300,New Haven PD,43688,35:06.0,C,Closed,01:53.0,,,,,,,
1324175,1,Complete,1324175,1324175,41.326174,-72.897226,3808401,New Haven,93,93,New Haven,10/22/2025,2025,10,October,22,4,Wednesday,20:36:00,20,25043050,A,3,,Parked Vehicle,"Injury of any type (Serious, Minor, Possible)",C,Possible Injury (C),0,0,2,USRoute,0.88,5,5-N,5-N,,ALBERT ST,80,Feet,S,41.326174,-72.897226,15,Parked Motor Vehicle,3,Angle,1,On Roadway,1,Clear,88,Not Applicable,4,Dark-Lighted,1,Dry,0,None,88,Not Applicable,88,Not Applicable,0,None,88,Not Applicable,88,Not Applicable,1,Non-Junction,1,Not at Intersection,1,No,1,No,88,Not Applicable,88,Not Applicable,88,Not Applicable,88,Not Applicable,FALSE,1,Public Road,1,"Trafficway, On Road",CT0009300,New Haven PD,87,22:49.0,C,Closed,01:57.0,,,,,,,
1324494,1,Complete,1324494,1324494,41.306319,-72.930267,3808720,New Haven,93,93,New Haven,10/22/2025,2025,10,October,22,4,Wednesday,13:35:00,13,25042972,A,2,,Motor Vehicle In Motion,"Injury of any type (Serious, Minor, Possible)",B,Suspected Minor Injury (B),0,0,4,Local,0.41,136,CROWN ST,CROWN ST,,College ST,175,Feet,W,41.306319,-72.930267,14,Motor Vehicle in Operation,3,Angle,1,On Roadway,1,Clear,88,Not Applicable,1,Daylight,1,Dry,0,None,88,Not Applicable,88,Not Applicable,0,None,88,Not Applicable,88,Not Applicable,9,Driveway Access-Related,1,Not at Intersection,1,No,1,No,88,Not Applicable,88,Not Applicable,88,Not Applicable,88,Not Applicable,TRUE,1,Public Road,1,"Trafficway, On Road",CT0009300,New Haven PD,48375,44:59.0,C,Closed,00:08.0,,,,,,,
1324498,1,Complete,1324498,1324498,41.307116,-72.920627,3808724,New Haven,93,93,New Haven,10/23/2025,2025,10,October,23,5,Thursday,12:58:00,12,25043147,A,2,,Motor Vehicle In Motion,"Injury of any type (Serious, Minor, Possible)",C,Possible Injury (C),0,0,4,Local,1.84,264,GRAND AV,GRAND AV,,STATE ST,100,Feet,E,41.307116,-72.920627,14,Motor Vehicle in Operation,1,Front to rear,1,On Roadway,1,Clear,88,Not Applicable,1,Daylight,1,Dry,0,None,88,Not Applicable,88,Not Applicable,0,None,88,Not Applicable,88,Not Applicable,1,Non-Junction,1,Not at Intersection,1,No,1,No,88,Not Applicable,88,Not Applicable,88,Not Applicable,88,Not Applicable,FALSE,1,Public Road,1,"Trafficway, On Road",CT0009300,New Haven PD,46624,49:44.0,C,Closed,00:12.0,,,,,,,
1324909,1,Complete,1324909,1324909,41.303782,-72.927452,3809135,New Haven,93,93,New Haven,10/20/2025,2025,10,October,20,2,Monday,14:32:00,14,25042604,A,2,,Motor Vehicle In Motion,"Injury of any type (Serious, Minor, Possible)",C,Possible Injury (C),0,0,4,Local,0.13,103,CHURCH ST,CHURCH ST,GEORGE ST,,,,,41.303782,-72.927452,14,Motor Vehicle in Operation,3,Angle,1,On Roadway,1,Clear,88,Not Applicable,1,Daylight,1,Dry,0,None,88,Not Applicable,88,Not Applicable,0,None,88,Not Applicable,88,Not Applicable,2,Intersection,2,Four-Way Intersection,1,No,1,No,88,Not Applicable,88,Not Applicable,88,Not Applicable,88,Not Applicable,TRUE,1,Public Road,1,"Trafficway, On Road",CT0009300,New Haven PD,45630,14:11.0,C,Closed,01:42.0,,,,,,,
1324911,1,Complete,1324911,1324911,41.3209,-72.936058,3809137,New Haven,93,93,New Haven,10/22/2025,2025,10,October,22,4,Wednesday,12:11:00,12,25042954,A,2,,Motor Vehicle In Motion,"Injury of any type (Serious, Minor, Possible)",C,Possible Injury (C),0,0,4,Local,1.42,453,ORCHARD ST,ORCHARD ST,HENRY ST,,,,,41.3209,-72.936058,14,Motor Vehicle in Operation,4,"Sideswipe, same direction",1,On Roadway,1,Clear,88,Not Applicable,1,Daylight,1,Dry,0,None,88,Not Applicable,88,Not Applicable,0,None,88,Not Applicable,88,Not Applicable,3,Intersection-Related,2,Four-Way Intersection,1,No,1,No,88,Not Applicable,88,Not Applicable,88,Not Applicable,88,Not Applicable,FALSE,1,Public Road,1,"Trafficway, On Road",CT0009300,New Haven PD,991,52:04.0,C,Closed,01:36.0,,,,,,,
1324913,1,Complete,1324913,1324913,41.313209,-72.93735,3809139,New Haven,93,93,New Haven,10/21/2025,2025,10,October,21,3,Tuesday,10:26:00,10,25043104,A,2,,Motor Vehicle In Motion,"Injury of any type (Serious, Minor, Possible)",C,Possible Injury (C),0,0,4,Local,0.22,194,ELM ST NO 1,ELM ST NO 1,GARDEN ST,,,,,41.313209,-72.93735,14,Motor Vehicle in Operation,3,Angle,1,On Roadway,1,Clear,88,Not Applicable,1,Daylight,1,Dry,0,None,88,Not Applicable,88,Not Applicable,0,None,88,Not Applicable,88,Not Applicable,2,Intersection,3,T-Intersection,2,"Yes, School Bus Directly Involved",1,No,88,Not Applicable,88,Not Applicable,88,Not Applicable,88,Not Applicable,FALSE,1,Public Road,1,"Trafficway, On Road",CT0009300,New Haven PD,40804,19:10.0,C,Closed,01:34.0,,,,,,,
1324915,1,Complete,1324915,1324915,41.302633,-72.902317,3809141,New Haven,93,93,New Haven,10/24/2025,2025,10,October,24,6,Friday,9:50:00,9,25043252,A,2,,Parked Vehicle,"Injury of any type (Serious, Minor, Possible)",C,Possible Injury (C),0,0,4,Local,0.95,327,JAMES ST,JAMES ST,,RIVER ST,50,Feet,S,41.302633,-72.902317,14,Motor Vehicle in Operation,3,Angle,4,Roadside,1,Clear,88,Not Applicable,1,Daylight,1,Dry,0,None,88,Not Applicable,88,Not Applicable,0,None,88,Not Applicable,88,Not Applicable,1,Non-Junction,1,Not at Intersection,1,No,1,No,88,Not Applicable,88,Not Applicable,88,Not Applicable,88,Not Applicable,FALSE,1,Public Road,1,"Trafficway, On Road",CT0009300,New Haven PD,46614,43:52.0,C,Closed,01:36.0,,,,,,,
1324916,1,Complete,1324916,1324916,41.305901,-72.946802,3809142,New Haven,93,93,New Haven,10/24/2025,2025,10,October,24,6,Friday,11:11:00,11,25043259,A,2,,Motor Vehicle In Motion,"Injury of any type (Serious, Minor, Possible)",C,Possible Injury (C),0,0,4,Local,0.42,672,WINTHROP AV NO 1,WINTHROP AV NO 1,LEGION AVE,,,,,41.305901,-72.946802,14,Motor Vehicle in Operation,3,Angle,1,On Roadway,1,Clear,1,Clear,1,Daylight,1,Dry,0,None,88,Not Applicable,88,Not Applicable,0,None,88,Not Applicable,88,Not Applicable,2,Intersection,2,Four-Way Intersection,1,No,1,No,88,Not Applicable,88,Not Applicable,88,Not Applicable,88,Not Applicable,TRUE,1,Public Road,1,"Trafficway, On Road",CT0009300,New Haven PD,301,52:28.0,C,Closed,01:37.0,,,,,,,
1324917,1,Complete,1324917,1324917,41.303516,-72.91044,3809143,New Haven,93,93,New Haven,10/24/2025,2025,10,October,24,6,Friday,12:06:00,12,25043276,A,2,,Motor Vehicle In Motion,"Injury of any type (Serious, Minor, Possible)",C,Possible Injury (C),0,1,4,Local,0.93,97,CHAPEL ST,CHAPEL ST,EAST ST,,,,,41.303516,-72.91044,14,Motor Vehicle in Operation,3,Angle,1,On Roadway,1,Clear,88,Not Applicable,1,Daylight,1,Dry,0,None,88,Not Applicable,88,Not Applicable,0,None,88,Not Applicable,88,Not Applicable,2,Intersection,2,Four-Way Intersection,1,No,1,No,88,Not Applicable,88,Not Applicable,88,Not Applicable,88,Not Applicable,FALSE,1,Public Road,1,"Trafficway, On Road",CT0009300,New Haven PD,46614,32:34.0,C,Closed,01:36.0,,,,,,,
1324918,1,Complete,1324918,1324918,41.308915,-72.909772,3809144,New Haven,93,93,New Haven,10/24/2025,2025,10,October,24,6,Friday,12:21:00,12,25043278,A,2,,Motor Vehicle In Motion,"Injury of any type (Serious, Minor, Possible)",C,Possible Injury (C),0,0,4,Local,0.49,165,EAST ST,EAST ST,GRAND AV,,,,,41.308915,-72.909772,14,Motor Vehicle in Operation,3,Angle,1,On Roadway,1,Clear,88,Not Applicable,1,Daylight,1,Dry,0,None,88,Not Applicable,88,Not Applicable,0,None,88,Not Applicable,88,Not Applicable,2,Intersection,2,Four-Way Intersection,1,No,1,No,88,Not Applicable,88,Not Applicable,88,Not Applicable,88,Not Applicable,TRUE,1,Public Road,1,"Trafficway, On Road",CT0009300,New Haven PD,45394,12:39.0,C,Closed,01:38.0,,,,,,,
1324927,1,Complete,1324927,1324927,41.317616,-72.925941,3809153,New Haven,93,93,New Haven,10/24/2025,2025,10,October,24,6,Friday,21:49:00,21,25043340,A,2,,Parked Vehicle,"Injury of any type (Serious, Minor, Possible)",C,Possible Injury (C),0,0,4,Local,0.1,749,MANSFIELD ST,MANSFIELD ST,,COMPTON ST,200,Feet,S,41.317616,-72.925941,14,Motor Vehicle in Operation,3,Angle,1,On Roadway,1,Clear,88,Not Applicable,4,Dark-Lighted,1,Dry,0,None,88,Not Applicable,88,Not Applicable,0,None,88,Not Applicable,88,Not Applicable,1,Non-Junction,1,Not at Intersection,1,No,1,No,88,Not Applicable,88,Not Applicable,88,Not Applicable,88,Not Applicable,FALSE,1,Public Road,1,"Trafficway, On Road",CT0009300,New Haven PD,47005,12:36.0,C,Closed,01:44.0,,,,,,,
1324932,1,Complete,1324932,1324932,41.3292,-72.96861,3809158,New Haven,93,93,New Haven,10/25/2025,2025,10,October,25,7,Saturday,8:15:00,8,25043363,A,2,,Motor Vehicle In Motion,"Injury of any type (Serious, Minor, Possible)",C,Possible Injury (C),0,0,3,State,0.71,63,63-N,63-N,Dayton St,,,,,41.3292,-72.96861,14,Motor Vehicle in Operation,3,Angle,1,On Roadway,1,Clear,88,Not Applicable,1,Daylight,1,Dry,0,None,88,Not Applicable,88,Not Applicable,0,None,88,Not Applicable,88,Not Applicable,2,Intersection,3,T-Intersection,1,No,1,No,88,Not Applicable,88,Not Applicable,88,Not Applicable,88,Not Applicable,FALSE,1,Public Road,1,"Trafficway, On Road",CT0009300,New Haven PD,45983,04:38.0,C,Closed,01:45.0,,,,,,,
1324933,1,Complete,1324933,1324933,41.305061,-72.930351,3809159,New Haven,93,93,New Haven,10/25/2025,2025,10,October,25,7,Saturday,8:45:00,8,25043367,A,2,,Motor Vehicle In Motion,"Injury of any type (Serious, Minor, Possible)",C,Possible Injury (C),0,0,4,Local,0.52,117,COLLEGE ST,COLLEGE ST,GEORGE ST,,,,,41.305061,-72.930351,14,Motor Vehicle in Operation,1,Front to rear,1,On Roadway,1,Clear,88,Not Applicable,1,Daylight,1,Dry,0,None,88,Not Applicable,88,Not Applicable,0,None,88,Not Applicable,88,Not Applicable,2,Intersection,2,Four-Way Intersection,1,No,1,No,88,Not Applicable,88,Not Applicable,88,Not Applicable,88,Not Applicable,FALSE,1,Public Road,1,"Trafficway, On Road",CT0009300,New Haven PD,46616,57:09.0,C,Closed,01:42.0,,,,,,,
1324934,1,Complete,1324934,1324934,41.309043,-72.894681,3809160,New Haven,93,93,New Haven,10/25/2025,2025,10,October,25,7,Saturday,13:49:00,13,25043394,A,3,,Motor Vehicle In Motion,"Injury of any type (Serious, Minor, Possible)",C,Possible Injury (C),0,0,4,Local,0.46,264,GRAND AV,GRAND AV,,BRIGHT ST,100,Feet,W,41.309043,-72.894681,14,Motor Vehicle in Operation,1,Front to rear,1,On Roadway,1,Clear,88,Not Applicable,1,Daylight,1,Dry,0,None,88,Not Applicable,88,Not Applicable,0,None,88,Not Applicable,88,Not Applicable,1,Non-Junction,1,Not at Intersection,1,No,1,No,88,Not Applicable,88,Not Applicable,88,Not Applicable,88,Not Applicable,TRUE,1,Public Road,1,"Trafficway, On Road",CT0009300,New Haven PD,48044,42:40.0,C,Closed,01:44.0,,,,,,,
1325542,1,Complete,1325542,1325542,41.317503,-72.89749,3809768,New Haven,93,93,New Haven,10/23/2025,2025,10,October,23,5,Thursday,19:13:00,19,25043161,A,1,,Pedalcycle/Pedalcyclist,"Injury of any type (Serious, Minor, Possible)",C,Possible Injury (C),1,0,4,Local,0,157,DOVER ST,DOVER ST,FERRY ST ,,,,,41.317503,-72.89749,10,Pedalcycle/Pedalcyclist,97,Other,1,On Roadway,1,Clear,88,Not Applicable,1,Daylight,1,Dry,0,None,88,Not Applicable,88,Not Applicable,0,None,88,Not Applicable,88,Not Applicable,2,Intersection,3,T-Intersection,1,No,1,No,88,Not Applicable,88,Not Applicable,88,Not Applicable,88,Not Applicable,TRUE,1,Public Road,1,"Trafficway, On Road",CT0009300,New Haven PD,44176,50:37.0,C,Closed,01:07.0,,,,,,,
1325546,1,Complete,1325546,1325546,41.308078,-72.930581,3809772,New Haven,93,93,New Haven,10/26/2025,2025,10,October,26,1,Sunday,22:03:00,22,25043534,A,2,,Motor Vehicle In Motion,"Injury of any type (Serious, Minor, Possible)",C,Possible Injury (C),0,0,4,Local,2.06,97,CHAPEL ST,CHAPEL ST,,HIGH ST,70,Feet,W,41.308078,-72.930581,14,Motor Vehicle in Operation,1,Front to rear,1,On Roadway,1,Clear,88,Not Applicable,4,Dark-Lighted,1,Dry,99,Unknown,88,Not Applicable,88,Not Applicable,99,Unknown,88,Not Applicable,88,Not Applicable,1,Non-Junction,1,Not at Intersection,1,No,1,No,88,Not Applicable,88,Not Applicable,88,Not Applicable,88,Not Applicable,TRUE,1,Public Road,1,"Trafficway, On Road",CT0009300,New Haven PD,46901,49:53.0,C,Closed,01:09.0,,,,,,,
1325547,1,Complete,1325547,1325547,41.329551,-72.93513,3809773,New Haven,93,93,New Haven,10/27/2025,2025,10,October,27,2,Monday,6:00:00,6,25043554,A,2,,Motor Vehicle In Motion,"Injury of any type (Serious, Minor, Possible)",A,Suspected Serious Injury (A),0,0,4,Local,1.18,152,DIXWELL AV,DIXWELL AV,HAZEL ST,,,,,41.329551,-72.93513,14,Motor Vehicle in Operation,3,Angle,1,On Roadway,1,Clear,88,Not Applicable,4,Dark-Lighted,1,Dry,0,None,88,Not Applicable,88,Not Applicable,0,None,88,Not Applicable,88,Not Applicable,2,Intersection,3,T-Intersection,1,No,1,No,88,Not Applicable,88,Not Applicable,88,Not Applicable,88,Not Applicable,FALSE,1,Public Road,1,"Trafficway, On Road",CT0009300,New Haven PD,47737,20:04.0,C,Closed,01:07.0,,,,,,,