CrashId,Fatal Case Status,Fatal Case Status Text Format,CrashId,CrashId,Latitude,Longitude,DOT Case Number,Town Name,Town Number,Town Number,Town Number Text Format,Date Of Crash,Year,Month,Month Text Format,Day,Day of the Week,Day of the Week Text Format,Time of Crash,Hour of the Day,Case Identifier,Crash Severity,Number Of Motor Vehicles,Motor vehicle action,Most harmful event,Crash Severity Text Format,Most Severe Injury,Most Severe Injury Text Format,Number Of Non-Motorist,Number Of Witnesses,Route Class,Route Class Text Format,Milemarker,Road Number,Road Description,Roadway Name,Intersecting Roadway Name,Landmark Description,Distance From Nearest Landmark,Unit Of Measure From Nearest Landmark,Direction From Nearest Landmark,Latitude,Longitude,First Harmful Event,First Harmful Event Text Format,Manner of Crash / Collision Impact,Manner of Crash / Collision Impact Text Format,Location of First Harmful Event,Location of First Harmful Event Text Format,Weather Condition,Weather Condition Text Format,Weather 2,Weather 2 Text Format,Light Condition,Light Condition Text Format,Road Surface Condition,Road Surface Condition Text Format,"Contributing Circumstances, Environment","Contributing Circumstances, Environment Text Format",Environment 2,Environment 2 Text Format,Environment 3,Environment 3 Text Format,"Contributing Circumstances, Road","Contributing Circumstances, Road Text Format",Road 2,Road 2 Text Format,Road 3,Road 3 Text Format,Crash Specific Location,Crash Specific Location Text Format,Type of Intersection,Type of Intersection Text Format,School Bus Related,School Bus Related Text Format,Work Zone Related,Work Zone Related Text Format,Location Of Crash Relative To Work Zone,Location Of Crash Relative To Work Zone Text Format,Type of Work Zone,Type of Work Zone Text Format,Worker Presence,Worker Presence Text Format,Law Enforcement Presence,Law Enforcement Presence Text Format,Were Vehicles Moved Prior To Police Arrival,Trafficway Ownership,Trafficway Ownership Text Format,Trafficway Class,Trafficway Class Text Format,Police Agency,Police Agency Text Format,Badge Number,Approval Date,Police Case Status,Police Case Status Text Format,Crash Report Submission Date,Related Case Identifiers,No. of Through Lanes (Log Dir.),Average Daily Traffic,Functional Classification,Functional Classification Text Format,Rural or Urban,Rural or Urban Text Format
1331517,1,Complete,1331517,1331517,41.298587,-72.911944,3815743,New Haven,93,93,New Haven,7/16/2024,2024,7,July,16,3,Tuesday,23:08:00,23,24028941,A,2,,Motor Vehicle In Motion,"Injury of any type (Serious, Minor, Possible)",A,Suspected Serious Injury (A),0,0,4,Local,1.14,513,LONG WHARF DR,LONG WHARF DR,,Hamilton St,405,Feet,E,41.298587,-72.911944,14,Motor Vehicle in Operation,1,Front to rear,1,On Roadway,1,Clear,88,Not Applicable,4,Dark-Lighted,1,Dry,99,Unknown,88,Not Applicable,88,Not Applicable,0,None,88,Not Applicable,88,Not Applicable,9,Driveway Access-Related,1,Not at Intersection,1,No,1,No,88,Not Applicable,88,Not Applicable,88,Not Applicable,88,Not Applicable,TRUE,1,Public Road,1,"Trafficway, On Road",CT0009300,New Haven PD,45400,01:43.0,C,Closed,42:10.0,,,,,,,
1331519,1,Complete,1331519,1331519,41.317958,-72.920053,3815745,New Haven,93,93,New Haven,7/17/2024,2024,7,July,17,4,Wednesday,6:42:00,6,24028961,A,1,,Pedestrian,"Injury of any type (Serious, Minor, Possible)",C,Possible Injury (C),1,1,,,,,,260 WHITNEY AVE,,Ewdwards St,640,Feet,S,41.317958,-72.920053,9,Pedestrian,88,Not Applicable,97,Other,1,Clear,88,Not Applicable,1,Daylight,1,Dry,0,None,88,Not Applicable,88,Not Applicable,0,None,88,Not Applicable,88,Not Applicable,97,Other,1,Not at Intersection,1,No,1,No,88,Not Applicable,88,Not Applicable,88,Not Applicable,88,Not Applicable,FALSE,88,Not Applicable,4,Parking Lot,CT0009300,New Haven PD,46623,53:44.0,C,Closed,40:56.0,,,,,,,
1331525,1,Complete,1331525,1331525,41.315642,-72.939623,3815751,New Haven,93,93,New Haven,7/17/2024,2024,7,July,17,4,Wednesday,12:44:00,12,24029043,A,2,,Motor Vehicle In Motion,"Injury of any type (Serious, Minor, Possible)",C,Possible Injury (C),0,0,4,Local,0.54,653,WHALLEY AV,WHALLEY AV,,ORCHARD ST,100,Feet,W,41.315642,-72.939623,14,Motor Vehicle in Operation,4,"Sideswipe, same direction",1,On Roadway,1,Clear,88,Not Applicable,1,Daylight,1,Dry,0,None,88,Not Applicable,88,Not Applicable,0,None,88,Not Applicable,88,Not Applicable,9,Driveway Access-Related,1,Not at Intersection,1,No,1,No,88,Not Applicable,88,Not Applicable,88,Not Applicable,88,Not Applicable,TRUE,1,Public Road,1,"Trafficway, On Road",CT0009300,New Haven PD,324,44:33.0,C,Closed,41:42.0,,,,,,,
1331533,1,Complete,1331533,1331533,41.323818,-72.881334,3815759,New Haven,93,93,New Haven,7/18/2024,2024,7,July,18,5,Thursday,8:09:00,8,24029170,A,2,,Motor Vehicle In Motion,"Injury of any type (Serious, Minor, Possible)",C,Possible Injury (C),0,0,3,State,0,80,80-W,80-W,,MIDDLETOWN AVE,40,Feet,E,41.323818,-72.881334,14,Motor Vehicle in Operation,1,Front to rear,1,On Roadway,1,Clear,88,Not Applicable,1,Daylight,1,Dry,0,None,88,Not Applicable,88,Not Applicable,0,None,88,Not Applicable,88,Not Applicable,3,Intersection-Related,2,Four-Way Intersection,1,No,1,No,88,Not Applicable,88,Not Applicable,88,Not Applicable,88,Not Applicable,FALSE,1,Public Road,1,"Trafficway, On Road",CT0009300,New Haven PD,180,30:17.0,C,Closed,41:08.0,24029170,,,,,,
1331545,1,Complete,1331545,1331545,41.330649,-72.92588,3815771,New Haven,93,93,New Haven,7/18/2024,2024,7,July,18,5,Thursday,19:10:00,19,24029284,A,3,,Motor Vehicle In Motion,"Injury of any type (Serious, Minor, Possible)",B,Suspected Minor Injury (B),0,0,4,Local,1.04,669,WINCHESTER AV,WINCHESTER AV,BASSETT ST,,,,,41.330649,-72.92588,14,Motor Vehicle in Operation,3,Angle,1,On Roadway,1,Clear,88,Not Applicable,1,Daylight,1,Dry,0,None,88,Not Applicable,88,Not Applicable,0,None,88,Not Applicable,88,Not Applicable,2,Intersection,3,T-Intersection,1,No,1,No,88,Not Applicable,88,Not Applicable,88,Not Applicable,88,Not Applicable,FALSE,1,Public Road,1,"Trafficway, On Road",CT0009300,New Haven PD,42044,50:32.0,C,Closed,41:41.0,,,,,,,
1331549,1,Complete,1331549,1331549,41.31246,-72.880226,3815775,New Haven,93,93,New Haven,7/19/2024,2024,7,July,19,6,Friday,7:42:00,7,24029352,A,2,,Motor Vehicle In Motion,"Injury of any type (Serious, Minor, Possible)",B,Suspected Minor Injury (B),0,0,4,Local,1.56,498,QUINNIPIAC AV,QUINNIPIAC AV,,HEMINGWAY ST,495,TenthsofMile,S,41.31246,-72.880226,14,Motor Vehicle in Operation,3,Angle,1,On Roadway,1,Clear,88,Not Applicable,1,Daylight,1,Dry,0,None,88,Not Applicable,88,Not Applicable,0,None,88,Not Applicable,88,Not Applicable,9,Driveway Access-Related,1,Not at Intersection,1,No,1,No,88,Not Applicable,88,Not Applicable,88,Not Applicable,88,Not Applicable,FALSE,1,Public Road,1,"Trafficway, On Road",CT0009300,New Haven PD,7573,55:36.0,C,Closed,41:27.0,,,,,,,
1331551,1,Complete,1331551,1331551,41.319522,-72.898112,3815777,New Haven,93,93,New Haven,7/19/2024,2024,7,July,19,6,Friday,12:51:00,12,24029385,A,1,,Pedestrian,"Injury of any type (Serious, Minor, Possible)",A,Suspected Serious Injury (A),1,2,,,,,,1331 STATE ST,,FERRY ST,105,Feet,N,41.319522,-72.898112,9,Pedestrian,88,Not Applicable,97,Other,1,Clear,88,Not Applicable,1,Daylight,1,Dry,0,None,88,Not Applicable,88,Not Applicable,0,None,88,Not Applicable,88,Not Applicable,97,Other,1,Not at Intersection,1,No,1,No,88,Not Applicable,88,Not Applicable,88,Not Applicable,88,Not Applicable,FALSE,88,Not Applicable,4,Parking Lot,CT0009300,New Haven PD,44062,28:16.0,C,Closed,41:34.0,,,,,,,
1331554,1,Complete,1331554,1331554,41.327644,-72.953569,3815780,New Haven,93,93,New Haven,7/19/2024,2024,7,July,19,6,Friday,16:13:00,16,24029400,A,2,,Motor Vehicle In Motion,"Injury of any type (Serious, Minor, Possible)",C,Possible Injury (C),0,0,4,Local,0.57,56,BLAKE ST,BLAKE ST,,10-N,63,Feet,N,41.327644,-72.953569,14,Motor Vehicle in Operation,3,Angle,1,On Roadway,1,Clear,88,Not Applicable,1,Daylight,1,Dry,99,Unknown,88,Not Applicable,88,Not Applicable,99,Unknown,88,Not Applicable,88,Not Applicable,9,Driveway Access-Related,1,Not at Intersection,1,No,1,No,88,Not Applicable,88,Not Applicable,88,Not Applicable,88,Not Applicable,TRUE,1,Public Road,1,"Trafficway, On Road",CT0009300,New Haven PD,35291,54:43.0,O,Open,41:32.0,,,,,,,
1331563,1,Complete,1331563,1331563,41.276108,-72.896033,3815789,New Haven,93,93,New Haven,7/19/2024,2024,7,July,19,6,Friday,18:09:00,18,24029449,A,2,,Motor Vehicle In Motion,"Injury of any type (Serious, Minor, Possible)",C,Possible Injury (C),0,0,3,State,0.96,337,337-E,337-E,,RAYNHAM RD,20,Feet,S,41.276108,-72.896033,14,Motor Vehicle in Operation,1,Front to rear,1,On Roadway,1,Clear,88,Not Applicable,1,Daylight,1,Dry,0,None,88,Not Applicable,88,Not Applicable,0,None,88,Not Applicable,88,Not Applicable,3,Intersection-Related,3,T-Intersection,1,No,1,No,88,Not Applicable,88,Not Applicable,88,Not Applicable,88,Not Applicable,FALSE,1,Public Road,1,"Trafficway, On Road",CT0009300,New Haven PD,45630,14:38.0,C,Closed,41:46.0,,,,,,,
1331574,1,Complete,1331574,1331574,41.339403,-72.95843,3815800,New Haven,93,93,New Haven,7/20/2024,2024,7,July,20,7,Saturday,17:59:00,17,24029600,A,2,,Motor Vehicle In Motion,"Injury of any type (Serious, Minor, Possible)",B,Suspected Minor Injury (B),0,0,4,Local,0.81,572,SPRINGSIDE AV,SPRINGSIDE AV,WINTERGREEN AVE,,,,,41.339403,-72.95843,14,Motor Vehicle in Operation,3,Angle,1,On Roadway,1,Clear,88,Not Applicable,1,Daylight,1,Dry,0,None,88,Not Applicable,88,Not Applicable,0,None,88,Not Applicable,88,Not Applicable,2,Intersection,3,T-Intersection,1,No,1,No,88,Not Applicable,88,Not Applicable,88,Not Applicable,88,Not Applicable,TRUE,1,Public Road,1,"Trafficway, On Road",CT0009300,New Haven PD,170,27:39.0,C,Closed,41:47.0,,,,,,,
1331576,1,Complete,1331576,1331576,41.289212,-72.931847,3815802,New Haven,93,93,New Haven,7/20/2024,2024,7,July,20,7,Saturday,18:50:00,18,24029608,A,2,,Motor Vehicle In Motion,"Injury of any type (Serious, Minor, Possible)",B,Suspected Minor Injury (B),0,0,4,Local,1.21,308,HOWARD AV,HOWARD AV,,SECOND ST,100,Feet,N,41.289212,-72.931847,14,Motor Vehicle in Operation,3,Angle,1,On Roadway,1,Clear,88,Not Applicable,3,Dusk,1,Dry,0,None,88,Not Applicable,88,Not Applicable,0,None,88,Not Applicable,88,Not Applicable,1,Non-Junction,1,Not at Intersection,1,No,1,No,88,Not Applicable,88,Not Applicable,88,Not Applicable,88,Not Applicable,FALSE,1,Public Road,1,"Trafficway, On Road",CT0009300,New Haven PD,46614,03:24.0,O,Open,41:49.0,24029608,,,,,,
1331578,1,Complete,1331578,1331578,41.307027,-72.921214,3815804,New Haven,93,93,New Haven,7/20/2024,2024,7,July,20,7,Saturday,22:31:00,22,24029631,A,2,,Motor Vehicle In Motion,"Injury of any type (Serious, Minor, Possible)",C,Possible Injury (C),0,0,4,Local,1.17,575,STATE ST,STATE ST,Grand Ave,,,,,41.307027,-72.921214,14,Motor Vehicle in Operation,3,Angle,1,On Roadway,1,Clear,88,Not Applicable,5,Dark-Not Lighted,1,Dry,0,None,88,Not Applicable,88,Not Applicable,0,None,88,Not Applicable,88,Not Applicable,2,Intersection,2,Four-Way Intersection,1,No,1,No,88,Not Applicable,88,Not Applicable,88,Not Applicable,88,Not Applicable,TRUE,1,Public Road,1,"Trafficway, On Road",CT0009300,New Haven PD,45700,53:35.0,O,Open,41:58.0,,,,,,,
1331581,1,Complete,1331581,1331581,41.321063,-72.874436,3815807,New Haven,93,93,New Haven,7/21/2024,2024,7,July,21,1,Sunday,1:18:00,1,24029648,A,2,,Motor Vehicle In Motion,"Injury of any type (Serious, Minor, Possible)",C,Possible Injury (C),0,0,3,State,0.41,80,80-E,80-E,,QUINNIPIAC AVE,100,Feet,W,41.321063,-72.874436,14,Motor Vehicle in Operation,4,"Sideswipe, same direction",1,On Roadway,1,Clear,88,Not Applicable,4,Dark-Lighted,1,Dry,0,None,88,Not Applicable,88,Not Applicable,10,Obstruction in Roadway,88,Not Applicable,88,Not Applicable,1,Non-Junction,1,Not at Intersection,1,No,1,No,88,Not Applicable,88,Not Applicable,88,Not Applicable,88,Not Applicable,FALSE,1,Public Road,1,"Trafficway, On Road",CT0009300,New Haven PD,45983,25:48.0,C,Closed,42:45.0,,,,,,,
1331585,1,Complete,1331585,1331585,41.307149,-72.921636,3815811,New Haven,93,93,New Haven,7/21/2024,2024,7,July,21,1,Sunday,12:16:00,12,24029694,A,2,,Motor Vehicle In Motion,"Injury of any type (Serious, Minor, Possible)",C,Possible Injury (C),0,0,4,Local,0.71,726,ELM ST NO 2,ELM ST NO 2,,STATE ST,100,Feet,W,41.307149,-72.921636,14,Motor Vehicle in Operation,3,Angle,1,On Roadway,1,Clear,88,Not Applicable,1,Daylight,1,Dry,0,None,88,Not Applicable,88,Not Applicable,0,None,88,Not Applicable,88,Not Applicable,3,Intersection-Related,2,Four-Way Intersection,1,No,1,No,88,Not Applicable,88,Not Applicable,88,Not Applicable,88,Not Applicable,TRUE,1,Public Road,1,"Trafficway, On Road",CT0009300,New Haven PD,45630,56:37.0,C,Closed,42:24.0,,,,,,,
1331590,1,Complete,1331590,1331590,41.301612,-72.950943,3815816,New Haven,93,93,New Haven,7/21/2024,2024,7,July,21,1,Sunday,16:52:00,16,24029728,A,2,,Motor Vehicle In Motion,"Injury of any type (Serious, Minor, Possible)",C,Possible Injury (C),0,0,3,State,1.77,10,10-N,10-N,,LEGION AVE,1490,Feet,S,41.301612,-72.950943,14,Motor Vehicle in Operation,3,Angle,1,On Roadway,1,Clear,88,Not Applicable,1,Daylight,1,Dry,0,None,88,Not Applicable,88,Not Applicable,0,None,88,Not Applicable,88,Not Applicable,9,Driveway Access-Related,1,Not at Intersection,1,No,1,No,88,Not Applicable,88,Not Applicable,88,Not Applicable,88,Not Applicable,FALSE,1,Public Road,1,"Trafficway, On Road",CT0009300,New Haven PD,45395,22:46.0,C,Closed,42:14.0,,,,,,,
1331593,1,Complete,1331593,1331593,41.314284,-72.951347,3815819,New Haven,93,93,New Haven,7/21/2024,2024,7,July,21,1,Sunday,19:58:00,19,24029744,A,2,,Motor Vehicle In Motion,"Injury of any type (Serious, Minor, Possible)",B,Suspected Minor Injury (B),0,0,3,State,2.69,10,10-N,10-N,,Stanley St,185,Feet,N,41.314284,-72.951347,14,Motor Vehicle in Operation,3,Angle,1,On Roadway,1,Clear,88,Not Applicable,1,Daylight,1,Dry,0,None,88,Not Applicable,88,Not Applicable,99,Unknown,88,Not Applicable,88,Not Applicable,1,Non-Junction,1,Not at Intersection,1,No,1,No,88,Not Applicable,88,Not Applicable,88,Not Applicable,88,Not Applicable,FALSE,1,Public Road,1,"Trafficway, On Road",CT0009300,New Haven PD,46616,08:38.0,C,Closed,42:03.0,,,,,,,
1331594,1,Complete,1331594,1331594,41.331036,-72.927954,3815820,New Haven,93,93,New Haven,7/21/2024,2024,7,July,21,1,Sunday,20:32:00,20,24029748,A,2,,Motor Vehicle In Motion,"Injury of any type (Serious, Minor, Possible)",C,Possible Injury (C),0,0,4,Local,0.26,434,NEWHALL ST,NEWHALL ST,BASSETT ST,,,,,41.331036,-72.927954,14,Motor Vehicle in Operation,2,Front to front,1,On Roadway,1,Clear,88,Not Applicable,6,Dark-Unknown Lighting,1,Dry,0,None,88,Not Applicable,88,Not Applicable,0,None,88,Not Applicable,88,Not Applicable,2,Intersection,2,Four-Way Intersection,1,No,1,No,88,Not Applicable,88,Not Applicable,88,Not Applicable,88,Not Applicable,FALSE,1,Public Road,1,"Trafficway, On Road",CT0009300,New Haven PD,45397,26:51.0,C,Closed,41:57.0,,,,,,,
1331595,1,Complete,1331595,1331595,41.297838,-72.934338,3815821,New Haven,93,93,New Haven,7/21/2024,2024,7,July,21,1,Sunday,21:03:00,21,24029751,A,2,,Motor Vehicle In Motion,"Injury of any type (Serious, Minor, Possible)",C,Possible Injury (C),0,0,4,Local,0.61,308,HOWARD AV,HOWARD AV,COLUMBUS AVE,,,,,41.297838,-72.934338,14,Motor Vehicle in Operation,3,Angle,1,On Roadway,1,Clear,88,Not Applicable,5,Dark-Not Lighted,1,Dry,0,None,88,Not Applicable,88,Not Applicable,0,None,88,Not Applicable,88,Not Applicable,2,Intersection,2,Four-Way Intersection,1,No,1,No,88,Not Applicable,88,Not Applicable,88,Not Applicable,88,Not Applicable,FALSE,1,Public Road,1,"Trafficway, On Road",CT0009300,New Haven PD,45389,17:16.0,C,Closed,42:05.0,,,,,,,
1331597,1,Complete,1331597,1331597,41.320927,-72.942361,3815823,New Haven,93,93,New Haven,7/22/2024,2024,7,July,22,2,Monday,8:52:00,8,24029788,A,2,,Motor Vehicle In Motion,"Injury of any type (Serious, Minor, Possible)",C,Possible Injury (C),0,0,4,Local,1.02,775,WINTHROP AV NO 2,WINTHROP AV NO 2,GOFFE TER,,,,,41.320927,-72.942361,14,Motor Vehicle in Operation,3,Angle,1,On Roadway,1,Clear,88,Not Applicable,1,Daylight,1,Dry,0,None,88,Not Applicable,88,Not Applicable,0,None,88,Not Applicable,88,Not Applicable,2,Intersection,2,Four-Way Intersection,1,No,1,No,88,Not Applicable,88,Not Applicable,88,Not Applicable,88,Not Applicable,TRUE,1,Public Road,1,"Trafficway, On Road",CT0009300,New Haven PD,349,22:07.0,C,Closed,42:05.0,,,,,,,
1331602,1,Complete,1331602,1331602,41.325569,-72.943541,3815828,New Haven,93,93,New Haven,7/22/2024,2024,7,July,22,2,Monday,19:44:00,19,24029885,A,2,,Motor Vehicle In Motion,"Injury of any type (Serious, Minor, Possible)",C,Possible Injury (C),0,0,4,Local,0.47,162,DYER ST,DYER ST,ELLSWORTH AVE,,,,,41.325569,-72.943541,14,Motor Vehicle in Operation,3,Angle,1,On Roadway,1,Clear,88,Not Applicable,1,Daylight,1,Dry,0,None,88,Not Applicable,88,Not Applicable,0,None,88,Not Applicable,88,Not Applicable,2,Intersection,2,Four-Way Intersection,1,No,1,No,88,Not Applicable,88,Not Applicable,88,Not Applicable,88,Not Applicable,TRUE,1,Public Road,1,"Trafficway, On Road",CT0009300,New Haven PD,39,16:24.0,C,Closed,42:08.0,,,,,,,
1331620,1,Complete,1331620,1331620,41.32579,-72.95843,3815846,New Haven,93,93,New Haven,7/23/2024,2024,7,July,23,3,Tuesday,16:05:00,16,24030010,A,2,,Motor Vehicle In Motion,"Injury of any type (Serious, Minor, Possible)",C,Possible Injury (C),0,0,3,State,0.1,63,63-N,63-N,WEST ROCK AV NO 1,,,,,41.32579,-72.95843,14,Motor Vehicle in Operation,3,Angle,1,On Roadway,1,Clear,88,Not Applicable,1,Daylight,1,Dry,0,None,88,Not Applicable,88,Not Applicable,0,None,88,Not Applicable,88,Not Applicable,2,Intersection,3,T-Intersection,1,No,1,No,88,Not Applicable,88,Not Applicable,88,Not Applicable,88,Not Applicable,TRUE,1,Public Road,1,"Trafficway, On Road",CT0009300,New Haven PD,45403,30:41.0,C,Closed,42:19.0,,,,,,,
1331622,1,Complete,1331622,1331622,41.312421,-72.9349769,3815848,New Haven,93,93,New Haven,7/23/2024,2024,7,July,23,3,Tuesday,17:07:00,17,24030014,A,2,,Motor Vehicle In Motion,"Injury of any type (Serious, Minor, Possible)",C,Possible Injury (C),0,0,4,Local,0.08,194,ELM ST NO 1,ELM ST NO 1,DWIGHT ST,,,,,41.312421,-72.9349769,14,Motor Vehicle in Operation,3,Angle,1,On Roadway,1,Clear,88,Not Applicable,1,Daylight,1,Dry,0,None,0,None,88,Not Applicable,0,None,88,Not Applicable,88,Not Applicable,2,Intersection,2,Four-Way Intersection,1,No,1,No,88,Not Applicable,88,Not Applicable,88,Not Applicable,88,Not Applicable,FALSE,1,Public Road,1,"Trafficway, On Road",CT0009300,New Haven PD,42046,08:23.0,C,Closed,42:27.0,,,,,,,
1331624,1,Complete,1331624,1331624,41.318493,-72.902872,3815850,New Haven,93,93,New Haven,7/23/2024,2024,7,July,23,3,Tuesday,21:25:00,21,24030066,A,2,,Motor Vehicle In Motion,"Injury of any type (Serious, Minor, Possible)",C,Possible Injury (C),0,0,4,Local,0.1,666,WILLOW ST,WILLOW ST,,91-N-141(EXIT 6),25,Feet,E,41.318493,-72.902872,14,Motor Vehicle in Operation,1,Front to rear,1,On Roadway,1,Clear,88,Not Applicable,5,Dark-Not Lighted,1,Dry,0,None,88,Not Applicable,88,Not Applicable,0,None,88,Not Applicable,88,Not Applicable,3,Intersection-Related,3,T-Intersection,1,No,1,No,88,Not Applicable,88,Not Applicable,88,Not Applicable,88,Not Applicable,FALSE,1,Public Road,1,"Trafficway, On Road",CT0009300,New Haven PD,44056,09:36.0,C,Closed,42:23.0,,,,,,,
1331628,1,Complete,1331628,1331628,41.321473,-72.867294,3815854,New Haven,93,93,New Haven,7/24/2024,2024,7,July,24,4,Wednesday,7:50:00,7,24030091,A,4,,Parked Vehicle,"Injury of any type (Serious, Minor, Possible)",C,Possible Injury (C),0,0,4,Local,0.04,145,DELL DR,DELL DR,,DANIEL DR,40,Feet,S,41.321473,-72.867294,15,Parked Motor Vehicle,3,Angle,1,On Roadway,4,Rain,88,Not Applicable,1,Daylight,2,Wet,0,None,88,Not Applicable,88,Not Applicable,0,None,88,Not Applicable,88,Not Applicable,1,Non-Junction,1,Not at Intersection,1,No,1,No,88,Not Applicable,88,Not Applicable,88,Not Applicable,88,Not Applicable,FALSE,1,Public Road,1,"Trafficway, On Road",CT0009300,New Haven PD,46614,29:24.0,C,Closed,42:28.0,,,,,,,
1331635,1,Complete,1331635,1331635,41.320224,-72.871981,3815861,New Haven,93,93,New Haven,7/25/2024,2024,7,July,25,5,Thursday,3:43:00,3,24030257,A,1,,Pedestrian,"Injury of any type (Serious, Minor, Possible)",C,Possible Injury (C),1,0,3,State,0.56,80,80-E,80-E,,EASTERN ST,30,Feet,W,41.320224,-72.871981,9,Pedestrian,88,Not Applicable,1,On Roadway,1,Clear,88,Not Applicable,4,Dark-Lighted,1,Dry,0,None,88,Not Applicable,88,Not Applicable,0,None,88,Not Applicable,88,Not Applicable,2,Intersection,2,Four-Way Intersection,1,No,1,No,88,Not Applicable,88,Not Applicable,88,Not Applicable,88,Not Applicable,FALSE,1,Public Road,1,"Trafficway, On Road",CT0009300,New Haven PD,44056,16:16.0,C,Closed,42:31.0,,,,,,,
1331637,1,Complete,1331637,1331637,41.308922,-72.896452,3815863,New Haven,93,93,New Haven,7/25/2024,2024,7,July,25,5,Thursday,8:12:00,8,24030266,A,2,,Motor Vehicle In Motion,"Injury of any type (Serious, Minor, Possible)",C,Possible Injury (C),0,0,4,Local,0.56,264,GRAND AV,GRAND AV,,POPLAR ST,150,Feet,E,41.308922,-72.896452,14,Motor Vehicle in Operation,1,Front to rear,1,On Roadway,1,Clear,88,Not Applicable,1,Daylight,1,Dry,0,None,88,Not Applicable,88,Not Applicable,0,None,88,Not Applicable,88,Not Applicable,1,Non-Junction,1,Not at Intersection,1,No,1,No,88,Not Applicable,88,Not Applicable,88,Not Applicable,88,Not Applicable,FALSE,1,Public Road,1,"Trafficway, On Road",CT0009300,New Haven PD,40789,02:50.0,C,Closed,37:27.0,,,,,,,
1331641,1,Complete,1331641,1331641,41.305183,-72.934986,3815867,New Haven,93,93,New Haven,7/25/2024,2024,7,July,25,5,Thursday,17:23:00,17,24030405,A,2,,Motor Vehicle In Motion,"Injury of any type (Serious, Minor, Possible)",C,Possible Injury (C),0,0,4,Local,0.14,565,SOUTH FRONTAGE RD-RT 34,SOUTH FRONTAGE RD-RT 34,,YORK ST,200,Feet,W,41.305183,-72.934986,14,Motor Vehicle in Operation,1,Front to rear,1,On Roadway,1,Clear,88,Not Applicable,1,Daylight,1,Dry,0,None,88,Not Applicable,88,Not Applicable,0,None,88,Not Applicable,88,Not Applicable,1,Non-Junction,1,Not at Intersection,1,No,1,No,88,Not Applicable,88,Not Applicable,88,Not Applicable,88,Not Applicable,FALSE,1,Public Road,1,"Trafficway, On Road",CT0009300,New Haven PD,33016,57:53.0,C,Closed,38:41.0,,,,,,,
1331649,1,Complete,1331649,1331649,41.286063,-72.936254,3815875,New Haven,93,93,New Haven,7/25/2024,2024,7,July,25,5,Thursday,18:33:00,18,24030466,A,2,,Motor Vehicle In Motion,"Injury of any type (Serious, Minor, Possible)",C,Possible Injury (C),0,0,3,State,1.19,745,745-E,745-E,,ELLA T GRASSO BLVD,65,Feet,S,41.286063,-72.936254,14,Motor Vehicle in Operation,1,Front to rear,1,On Roadway,1,Clear,88,Not Applicable,3,Dusk,1,Dry,0,None,88,Not Applicable,88,Not Applicable,0,None,88,Not Applicable,88,Not Applicable,3,Intersection-Related,2,Four-Way Intersection,1,No,1,No,88,Not Applicable,88,Not Applicable,88,Not Applicable,88,Not Applicable,FALSE,1,Public Road,1,"Trafficway, On Road",CT0009300,New Haven PD,45388,34:13.0,C,Closed,37:10.0,,,,,,,
1331654,1,Complete,1331654,1331654,41.322279,-72.87794,3815880,New Haven,93,93,New Haven,7/26/2024,2024,7,July,26,6,Friday,10:53:00,10,24030512,A,2,,Motor Vehicle In Motion,"Injury of any type (Serious, Minor, Possible)",C,Possible Injury (C),0,0,3,State,0.21,80,80-E,80-E,,MIDDLETOWN ROAD,1146,Feet,E,41.322279,-72.87794,14,Motor Vehicle in Operation,3,Angle,1,On Roadway,1,Clear,88,Not Applicable,1,Daylight,1,Dry,0,None,88,Not Applicable,88,Not Applicable,0,None,88,Not Applicable,88,Not Applicable,1,Non-Junction,1,Not at Intersection,1,No,1,No,88,Not Applicable,88,Not Applicable,88,Not Applicable,88,Not Applicable,FALSE,1,Public Road,1,"Trafficway, On Road",CT0009300,New Haven PD,42367,23:22.0,C,Closed,40:23.0,,,,,,,
1331665,1,Complete,1331665,1331665,41.334422,-72.937855,3815891,New Haven,93,93,New Haven,7/26/2024,2024,7,July,26,6,Friday,19:55:00,19,24030603,A,2,,Motor Vehicle In Motion,"Injury of any type (Serious, Minor, Possible)",B,Suspected Minor Injury (B),0,0,4,Local,1.07,557,SHERMAN PKWY,SHERMAN PKWY,POND ST,,,,,41.334422,-72.937855,14,Motor Vehicle in Operation,3,Angle,1,On Roadway,1,Clear,88,Not Applicable,1,Daylight,1,Dry,0,None,88,Not Applicable,88,Not Applicable,0,None,88,Not Applicable,88,Not Applicable,2,Intersection,2,Four-Way Intersection,1,No,1,No,88,Not Applicable,88,Not Applicable,88,Not Applicable,88,Not Applicable,FALSE,1,Public Road,1,"Trafficway, On Road",CT0009300,New Haven PD,32768,23:53.0,C,Closed,40:21.0,,,,,,,
1331666,1,Complete,1331666,1331666,41.30552,-72.952626,3815892,New Haven,93,93,New Haven,7/26/2024,2024,7,July,26,6,Friday,20:29:00,20,24030607,A,2,,Motor Vehicle In Motion,"Injury of any type (Serious, Minor, Possible)",B,Suspected Minor Injury (B),0,0,3,State,2.05,10,10-N,10-N,LEGION AVE,,,,,41.30552,-72.952626,14,Motor Vehicle in Operation,1,Front to rear,1,On Roadway,1,Clear,88,Not Applicable,4,Dark-Lighted,1,Dry,99,Unknown,88,Not Applicable,88,Not Applicable,0,None,88,Not Applicable,88,Not Applicable,2,Intersection,3,T-Intersection,1,No,1,No,88,Not Applicable,88,Not Applicable,88,Not Applicable,88,Not Applicable,FALSE,1,Public Road,1,"Trafficway, On Road",CT0009300,New Haven PD,46627,50:23.0,C,Closed,40:05.0,,,,,,,