CrashId,Fatal Case Status,Fatal Case Status Text Format,CrashId,CrashId,Latitude,Longitude,DOT Case Number,Town Name,Town Number,Town Number,Town Number Text Format,Date Of Crash,Year,Month,Month Text Format,Day,Day of the Week,Day of the Week Text Format,Time of Crash,Hour of the Day,Case Identifier,Crash Severity,Number Of Motor Vehicles,Motor vehicle action,Most harmful event,Crash Severity Text Format,Most Severe Injury,Most Severe Injury Text Format,Number Of Non-Motorist,Number Of Witnesses,Route Class,Route Class Text Format,Milemarker,Road Number,Road Description,Roadway Name,Intersecting Roadway Name,Landmark Description,Distance From Nearest Landmark,Unit Of Measure From Nearest Landmark,Direction From Nearest Landmark,Latitude,Longitude,First Harmful Event,First Harmful Event Text Format,Manner of Crash / Collision Impact,Manner of Crash / Collision Impact Text Format,Location of First Harmful Event,Location of First Harmful Event Text Format,Weather Condition,Weather Condition Text Format,Weather 2,Weather 2 Text Format,Light Condition,Light Condition Text Format,Road Surface Condition,Road Surface Condition Text Format,"Contributing Circumstances, Environment","Contributing Circumstances, Environment Text Format",Environment 2,Environment 2 Text Format,Environment 3,Environment 3 Text Format,"Contributing Circumstances, Road","Contributing Circumstances, Road Text Format",Road 2,Road 2 Text Format,Road 3,Road 3 Text Format,Crash Specific Location,Crash Specific Location Text Format,Type of Intersection,Type of Intersection Text Format,School Bus Related,School Bus Related Text Format,Work Zone Related,Work Zone Related Text Format,Location Of Crash Relative To Work Zone,Location Of Crash Relative To Work Zone Text Format,Type of Work Zone,Type of Work Zone Text Format,Worker Presence,Worker Presence Text Format,Law Enforcement Presence,Law Enforcement Presence Text Format,Were Vehicles Moved Prior To Police Arrival,Trafficway Ownership,Trafficway Ownership Text Format,Trafficway Class,Trafficway Class Text Format,Police Agency,Police Agency Text Format,Badge Number,Approval Date,Police Case Status,Police Case Status Text Format,Crash Report Submission Date,Related Case Identifiers,No. of Through Lanes (Log Dir.),Average Daily Traffic,Functional Classification,Functional Classification Text Format,Rural or Urban,Rural or Urban Text Format
1331818,1,Complete,1331818,1331818,41.303697,-72.915347,3816044,New Haven,93,93,New Haven,8/5/2024,2024,8,August,5,2,Monday,9:14:00,9,24031974,A,2,,Motor Vehicle In Motion,"Injury of any type (Serious, Minor, Possible)",B,Suspected Minor Injury (B),0,0,4,Local,1.19,97,CHAPEL ST,CHAPEL ST,,CHESTNUT ST,129,Feet,E,41.303697,-72.915347,14,Motor Vehicle in Operation,3,Angle,1,On Roadway,1,Clear,88,Not Applicable,1,Daylight,1,Dry,0,None,88,Not Applicable,88,Not Applicable,0,None,88,Not Applicable,88,Not Applicable,9,Driveway Access-Related,1,Not at Intersection,1,No,1,No,88,Not Applicable,88,Not Applicable,88,Not Applicable,88,Not Applicable,FALSE,1,Public Road,1,"Trafficway, On Road",CT0009300,New Haven PD,43688,33:29.0,C,Closed,42:03.0,,,,,,,
1331820,1,Complete,1331820,1331820,41.343057,-72.96141,3816046,New Haven,93,93,New Haven,8/5/2024,2024,8,August,5,2,Monday,6:33:00,6,24031985,A,1,,Fence,"Injury of any type (Serious, Minor, Possible)",C,Possible Injury (C),0,0,4,Local,0.03,70,BROOKSIDE AV,BROOKSIDE AV,,WINTERGREEN AVE,150,Feet,E,41.343057,-72.96141,36,Fence,88,Not Applicable,4,Roadside,1,Clear,88,Not Applicable,2,Dawn,2,Wet,2,Visual Obstruction(s),88,Not Applicable,88,Not Applicable,0,None,88,Not Applicable,88,Not Applicable,3,Intersection-Related,2,Four-Way Intersection,1,No,1,No,88,Not Applicable,88,Not Applicable,88,Not Applicable,88,Not Applicable,FALSE,1,Public Road,1,"Trafficway, On Road",CT0009300,New Haven PD,46611,20:34.0,C,Closed,41:53.0,,,,,,,
1331834,1,Complete,1331834,1331834,41.332452,-72.935139,924179,New Haven,93,93,New Haven,8/5/2024,2024,8,August,5,2,Monday,21:46:00,21,24032110,K,2,Turning Left,Motor Vehicle In Motion,Fatal (Kill),K,Fatal Injury (K),0,0,4,Local,1.38,152,DIXWELL AV,DIXWELL AV,BASSETT ST,,,,,41.332452,-72.935139,14,Motor Vehicle in Operation,3,Angle,1,On Roadway,1,Clear,88,Not Applicable,4,Dark-Lighted,1,Dry,0,None,88,Not Applicable,88,Not Applicable,0,None,88,Not Applicable,88,Not Applicable,2,Intersection,2,Four-Way Intersection,1,No,1,No,88,Not Applicable,88,Not Applicable,88,Not Applicable,88,Not Applicable,FALSE,1,Public Road,1,"Trafficway, On Road",CT0009300,New Haven PD,46174,14:28.0,O,Open,41:59.0,,,,,,,
1331836,1,Complete,1331836,1331836,41.31245,-72.934921,3816062,New Haven,93,93,New Haven,8/6/2024,2024,8,August,6,3,Tuesday,1:42:00,1,24032128,A,2,,Motor Vehicle In Motion,"Injury of any type (Serious, Minor, Possible)",C,Possible Injury (C),0,0,4,Local,0.08,160,DWIGHT ST,DWIGHT ST,ELM ST,,,,,41.31245,-72.934921,14,Motor Vehicle in Operation,3,Angle,1,On Roadway,1,Clear,88,Not Applicable,4,Dark-Lighted,1,Dry,0,None,88,Not Applicable,88,Not Applicable,0,None,88,Not Applicable,88,Not Applicable,2,Intersection,2,Four-Way Intersection,1,No,1,No,88,Not Applicable,88,Not Applicable,88,Not Applicable,88,Not Applicable,TRUE,1,Public Road,1,"Trafficway, On Road",CT0009300,New Haven PD,44046,33:58.0,C,Closed,42:13.0,,,,,,,
1331841,1,Complete,1331841,1331841,41.297496,-72.926947,3816067,New Haven,93,93,New Haven,8/7/2024,2024,8,August,7,4,Wednesday,14:00:00,14,24032195,A,1,,Pedestrian,"Injury of any type (Serious, Minor, Possible)",B,Suspected Minor Injury (B),1,0,,,,,,50 UNION AVENUE,,CHURCH ST EXT,580,Feet,N,41.297496,-72.926947,9,Pedestrian,88,Not Applicable,8,"Off Roadway,  Location Unknown",4,Rain,88,Not Applicable,97,Other,2,Wet,0,None,88,Not Applicable,88,Not Applicable,0,None,88,Not Applicable,88,Not Applicable,8,Driveway Access,1,Not at Intersection,1,No,1,No,88,Not Applicable,88,Not Applicable,88,Not Applicable,88,Not Applicable,FALSE,88,Not Applicable,3,Non-trafficway,CT0009300,New Haven PD,11439,36:45.0,C,Closed,42:18.0,,,,,,,
1331843,1,Complete,1331843,1331843,41.306629,-72.949854,3816069,New Haven,93,93,New Haven,8/6/2024,2024,8,August,6,3,Tuesday,16:01:00,16,24032248,A,2,,Motor Vehicle In Motion,"Injury of any type (Serious, Minor, Possible)",C,Possible Injury (C),0,0,4,Local,1.41,809,REV DR MLK JR BLVD,REV DR MLK JR BLVD,,TYLER ST,20,Feet,E,41.306629,-72.949854,14,Motor Vehicle in Operation,4,"Sideswipe, same direction",1,On Roadway,4,Rain,88,Not Applicable,1,Daylight,2,Wet,0,None,88,Not Applicable,88,Not Applicable,0,None,88,Not Applicable,88,Not Applicable,3,Intersection-Related,3,T-Intersection,1,No,1,No,88,Not Applicable,88,Not Applicable,88,Not Applicable,88,Not Applicable,TRUE,1,Public Road,1,"Trafficway, On Road",CT0009300,New Haven PD,45395,26:24.0,C,Closed,42:10.0,,,,,,,
1331844,1,Complete,1331844,1331844,41.305611,-72.935985,3816070,New Haven,93,93,New Haven,8/6/2024,2024,8,August,6,3,Tuesday,21:47:00,21,24032256,A,2,,Motor Vehicle In Motion,"Injury of any type (Serious, Minor, Possible)",C,Possible Injury (C),0,1,4,Local,0.45,463,PARK ST,PARK ST,S FRONTAGE RD,,,,,41.305611,-72.935985,14,Motor Vehicle in Operation,3,Angle,1,On Roadway,4,Rain,88,Not Applicable,4,Dark-Lighted,2,Wet,0,None,88,Not Applicable,88,Not Applicable,0,None,88,Not Applicable,88,Not Applicable,2,Intersection,2,Four-Way Intersection,1,No,1,No,88,Not Applicable,88,Not Applicable,88,Not Applicable,88,Not Applicable,FALSE,1,Public Road,1,"Trafficway, On Road",CT0009300,New Haven PD,42056,37:13.0,C,Closed,42:12.0,,,,,,,
1331855,1,Complete,1331855,1331855,41.315145,-72.942988,3816081,New Haven,93,93,New Haven,8/7/2024,2024,8,August,7,4,Wednesday,19:27:00,19,24032438,A,2,,Motor Vehicle In Motion,"Injury of any type (Serious, Minor, Possible)",B,Suspected Minor Injury (B),0,1,4,Local,0.54,194,ELM ST NO 1,ELM ST NO 1,SHERMAN AV,,,,,41.315145,-72.942988,14,Motor Vehicle in Operation,4,"Sideswipe, same direction",1,On Roadway,1,Clear,88,Not Applicable,1,Daylight,1,Dry,0,None,88,Not Applicable,88,Not Applicable,0,None,88,Not Applicable,88,Not Applicable,2,Intersection,2,Four-Way Intersection,1,No,1,No,88,Not Applicable,88,Not Applicable,88,Not Applicable,88,Not Applicable,FALSE,1,Public Road,1,"Trafficway, On Road",CT0009300,New Haven PD,11439,09:16.0,O,Open,42:26.0,,,,,,,
1331858,1,Complete,1331858,1331858,41.328772,-72.956453,3816084,New Haven,93,93,New Haven,8/16/2024,2024,8,August,16,6,Friday,21:00:00,21,24032447,A,2,,Motor Vehicle In Motion,"Injury of any type (Serious, Minor, Possible)",C,Possible Injury (C),0,0,4,Local,0.76,56,BLAKE ST,BLAKE ST,,AUSTIN ST,100,Feet,W,41.328772,-72.956453,14,Motor Vehicle in Operation,1,Front to rear,1,On Roadway,1,Clear,88,Not Applicable,3,Dusk,1,Dry,0,None,88,Not Applicable,88,Not Applicable,0,None,88,Not Applicable,88,Not Applicable,3,Intersection-Related,3,T-Intersection,1,No,1,No,88,Not Applicable,88,Not Applicable,88,Not Applicable,88,Not Applicable,TRUE,1,Public Road,1,"Trafficway, On Road",CT0009300,New Haven PD,45630,54:36.0,C,Closed,43:52.0,,,,,,,
1331869,1,Complete,1331869,1331869,41.3121,-72.91927,3816095,New Haven,93,93,New Haven,8/8/2024,2024,8,August,8,5,Thursday,21:42:00,21,24032634,A,2,,Motor Vehicle In Motion,"Injury of any type (Serious, Minor, Possible)",B,Suspected Minor Injury (B),0,0,4,Local,0.32,601,TRUMBULL ST,TRUMBULL ST,ORANGE ST,,,,,41.3121,-72.91927,14,Motor Vehicle in Operation,3,Angle,1,On Roadway,4,Rain,88,Not Applicable,4,Dark-Lighted,2,Wet,0,None,88,Not Applicable,88,Not Applicable,0,None,88,Not Applicable,88,Not Applicable,2,Intersection,2,Four-Way Intersection,1,No,1,No,88,Not Applicable,88,Not Applicable,88,Not Applicable,88,Not Applicable,FALSE,1,Public Road,1,"Trafficway, On Road",CT0009300,New Haven PD,44049,40:38.0,C,Closed,42:35.0,,,,,,,
1331871,1,Complete,1331871,1331871,41.301378,-72.935253,3816097,New Haven,93,93,New Haven,8/9/2024,2024,8,August,9,6,Friday,1:27:00,1,24032640,A,1,,Pedestrian,"Injury of any type (Serious, Minor, Possible)",B,Suspected Minor Injury (B),1,0,4,Local,0.35,308,HOWARD AV,HOWARD AV,CONGRESS AVE,,,,,41.301378,-72.935253,9,Pedestrian,88,Not Applicable,1,On Roadway,1,Clear,88,Not Applicable,4,Dark-Lighted,1,Dry,0,None,88,Not Applicable,88,Not Applicable,0,None,88,Not Applicable,88,Not Applicable,2,Intersection,2,Four-Way Intersection,1,No,1,No,88,Not Applicable,88,Not Applicable,88,Not Applicable,88,Not Applicable,FALSE,1,Public Road,1,"Trafficway, On Road",CT0009300,New Haven PD,44953,10:14.0,C,Closed,42:36.0,,,,,,,
1331886,1,Complete,1331886,1331886,41.310045,-72.95333,3816112,New Haven,93,93,New Haven,8/9/2024,2024,8,August,9,6,Friday,21:58:00,21,24032795,A,2,,Motor Vehicle In Motion,"Injury of any type (Serious, Minor, Possible)",C,Possible Injury (C),0,3,3,State,21.88,34,34-E,34-E,DERBY AVE,,,,,41.310045,-72.95333,14,Motor Vehicle in Operation,3,Angle,1,On Roadway,2,Cloudy,88,Not Applicable,4,Dark-Lighted,2,Wet,0,None,88,Not Applicable,88,Not Applicable,0,None,88,Not Applicable,88,Not Applicable,2,Intersection,2,Four-Way Intersection,1,No,1,No,88,Not Applicable,88,Not Applicable,88,Not Applicable,88,Not Applicable,FALSE,1,Public Road,1,"Trafficway, On Road",CT0009300,New Haven PD,39,58:10.0,C,Closed,43:41.0,24032795,,,,,,
1331887,1,Complete,1331887,1331887,41.292797,-72.920977,3816113,New Haven,93,93,New Haven,8/9/2024,2024,8,August,9,6,Friday,23:00:00,23,24032803,A,2,,Motor Vehicle In Motion,"Injury of any type (Serious, Minor, Possible)",B,Suspected Minor Injury (B),0,0,4,Local,0.69,359,SARGENT DR,SARGENT DR,,CHURCH ST EXT,280,Feet,N,41.292797,-72.920977,14,Motor Vehicle in Operation,3,Angle,1,On Roadway,1,Clear,88,Not Applicable,4,Dark-Lighted,1,Dry,0,None,88,Not Applicable,88,Not Applicable,0,None,88,Not Applicable,88,Not Applicable,9,Driveway Access-Related,1,Not at Intersection,1,No,1,No,88,Not Applicable,88,Not Applicable,88,Not Applicable,88,Not Applicable,TRUE,1,Public Road,1,"Trafficway, On Road",CT0009300,New Haven PD,44947,38:50.0,O,Open,42:53.0,,,,,,,
1331896,1,Complete,1331896,1331896,41.292849,-72.943644,3816122,New Haven,93,93,New Haven,8/10/2024,2024,8,August,10,7,Saturday,14:21:00,14,24032871,A,2,,Motor Vehicle In Motion,"Injury of any type (Serious, Minor, Possible)",C,Possible Injury (C),0,0,3,State,1.05,10,10-N,10-N,,ADELINE ST,90,Feet,S,41.292849,-72.943644,14,Motor Vehicle in Operation,3,Angle,1,On Roadway,1,Clear,88,Not Applicable,1,Daylight,1,Dry,0,None,88,Not Applicable,88,Not Applicable,0,None,88,Not Applicable,88,Not Applicable,9,Driveway Access-Related,1,Not at Intersection,1,No,1,No,88,Not Applicable,88,Not Applicable,88,Not Applicable,88,Not Applicable,TRUE,1,Public Road,1,"Trafficway, On Road",CT0009300,New Haven PD,45395,28:41.0,C,Closed,43:12.0,,,,,,,
1331900,1,Complete,1331900,1331900,41.322454,-72.878227,3816126,New Haven,93,93,New Haven,8/10/2024,2024,8,August,10,7,Saturday,20:42:00,20,24032887,A,2,,Motor Vehicle In Motion,"Injury of any type (Serious, Minor, Possible)",B,Suspected Minor Injury (B),0,0,3,State,0.19,80,80-E,80-E,,MIDDLETOWN AVE,1010,Feet,E,41.322454,-72.878227,14,Motor Vehicle in Operation,3,Angle,1,On Roadway,1,Clear,88,Not Applicable,3,Dusk,1,Dry,0,None,88,Not Applicable,88,Not Applicable,0,None,88,Not Applicable,88,Not Applicable,9,Driveway Access-Related,1,Not at Intersection,1,No,1,No,88,Not Applicable,88,Not Applicable,88,Not Applicable,88,Not Applicable,FALSE,1,Public Road,1,"Trafficway, On Road",CT0009300,New Haven PD,45388,04:17.0,C,Closed,35:55.0,,,,,,,
1331902,1,Complete,1331902,1331902,41.307701,-72.936579,3816128,New Haven,93,93,New Haven,8/10/2024,2024,8,August,10,7,Saturday,18:14:00,18,24032900,A,2,,Motor Vehicle In Motion,"Injury of any type (Serious, Minor, Possible)",C,Possible Injury (C),0,0,4,Local,0.72,248,GEORGE ST,GEORGE ST,HOWE ST,,,,,41.307701,-72.936579,14,Motor Vehicle in Operation,4,"Sideswipe, same direction",1,On Roadway,1,Clear,88,Not Applicable,1,Daylight,1,Dry,0,None,88,Not Applicable,88,Not Applicable,0,None,88,Not Applicable,88,Not Applicable,2,Intersection,2,Four-Way Intersection,1,No,1,No,88,Not Applicable,88,Not Applicable,88,Not Applicable,88,Not Applicable,FALSE,1,Public Road,1,"Trafficway, On Road",CT0009300,New Haven PD,40804,30:35.0,O,Open,43:06.0,,,,,,,
1331904,1,Complete,1331904,1331904,41.291893,-72.893408,3816130,New Haven,93,93,New Haven,8/10/2024,2024,8,August,10,7,Saturday,22:36:00,22,24032915,A,3,,Parked Vehicle,"Injury of any type (Serious, Minor, Possible)",A,Suspected Serious Injury (A),0,0,4,Local,1.56,678,WOODWARD AV,WOODWARD AV,,Townsend Ave,515,Feet,S,41.291893,-72.893408,14,Motor Vehicle in Operation,1,Front to rear,1,On Roadway,1,Clear,88,Not Applicable,4,Dark-Lighted,1,Dry,0,None,88,Not Applicable,88,Not Applicable,0,None,88,Not Applicable,88,Not Applicable,1,Non-Junction,1,Not at Intersection,1,No,1,No,88,Not Applicable,88,Not Applicable,88,Not Applicable,88,Not Applicable,FALSE,1,Public Road,1,"Trafficway, On Road",CT0009300,New Haven PD,46622,24:53.0,C,Closed,43:13.0,,,,,,,
1331905,1,Complete,1331905,1331905,41.3220889,-72.8773811,3816131,New Haven,93,93,New Haven,8/11/2024,2024,8,August,11,1,Sunday,0:13:00,0,24032923,A,1,,Pedestrian,"Injury of any type (Serious, Minor, Possible)",C,Possible Injury (C),1,0,3,State,0.24,80,80-E,80-E,Walmart Plaza (private),QUINNIPIAC AVENUE,985,Feet,W,41.3220889,-72.8773811,9,Pedestrian,88,Not Applicable,1,On Roadway,1,Clear,88,Not Applicable,4,Dark-Lighted,1,Dry,0,None,88,Not Applicable,88,Not Applicable,0,None,88,Not Applicable,88,Not Applicable,2,Intersection,3,T-Intersection,1,No,1,No,88,Not Applicable,88,Not Applicable,88,Not Applicable,88,Not Applicable,FALSE,1,Public Road,1,"Trafficway, On Road",CT0009300,New Haven PD,45397,56:57.0,C,Closed,43:20.0,,,,,,,
1331906,1,Complete,1331906,1331906,41.287145,-72.924078,3816132,New Haven,93,93,New Haven,8/11/2024,2024,8,August,11,1,Sunday,6:00:00,6,24032942,A,2,,Parked Vehicle,"Injury of any type (Serious, Minor, Possible)",C,Possible Injury (C),0,1,4,Local,0.12,513,LONG WHARF DR,LONG WHARF DR,,SARGENT DRIVE,550,Feet,E,41.287145,-72.924078,14,Motor Vehicle in Operation,3,Angle,1,On Roadway,1,Clear,88,Not Applicable,3,Dusk,1,Dry,0,None,88,Not Applicable,88,Not Applicable,0,None,88,Not Applicable,88,Not Applicable,1,Non-Junction,1,Not at Intersection,1,No,1,No,88,Not Applicable,88,Not Applicable,88,Not Applicable,88,Not Applicable,TRUE,1,Public Road,1,"Trafficway, On Road",CT0009300,New Haven PD,44947,44:33.0,O,Open,43:37.0,,,,,,,
1331909,1,Complete,1331909,1331909,41.315555,-72.939218,3816135,New Haven,93,93,New Haven,8/11/2024,2024,8,August,11,1,Sunday,16:45:00,16,24033014,A,2,,Motor Vehicle In Motion,"Injury of any type (Serious, Minor, Possible)",C,Possible Injury (C),0,0,4,Local,0.56,653,WHALLEY AV,WHALLEY AV,ORCHARD ST,,,,,41.315555,-72.939218,14,Motor Vehicle in Operation,3,Angle,1,On Roadway,1,Clear,88,Not Applicable,1,Daylight,1,Dry,99,Unknown,88,Not Applicable,88,Not Applicable,99,Unknown,88,Not Applicable,88,Not Applicable,2,Intersection,2,Four-Way Intersection,1,No,1,No,88,Not Applicable,88,Not Applicable,88,Not Applicable,88,Not Applicable,FALSE,1,Public Road,1,"Trafficway, On Road",CT0009300,New Haven PD,45698,46:12.0,C,Closed,43:25.0,,,,,,,
1331913,1,Complete,1331913,1331913,41.334404,-72.972628,3816139,New Haven,93,93,New Haven,8/11/2024,2024,8,August,11,1,Sunday,21:48:00,21,24033041,A,1,,Pedestrian,"Injury of any type (Serious, Minor, Possible)",A,Suspected Serious Injury (A),1,0,4,Local,0.03,566,SOUTH GENESEE ST,SOUTH GENESEE ST,,E RAMSDELL ST,120,Feet,N,41.334404,-72.972628,9,Pedestrian,88,Not Applicable,1,On Roadway,1,Clear,88,Not Applicable,4,Dark-Lighted,1,Dry,0,None,88,Not Applicable,88,Not Applicable,0,None,88,Not Applicable,88,Not Applicable,1,Non-Junction,1,Not at Intersection,1,No,1,No,88,Not Applicable,88,Not Applicable,88,Not Applicable,88,Not Applicable,FALSE,1,Public Road,1,"Trafficway, On Road",CT0009300,New Haven PD,45397,06:17.0,C,Closed,43:27.0,,,,,,,
1331916,1,Complete,1331916,1331916,41.308265,-72.886275,3816142,New Haven,93,93,New Haven,8/11/2024,2024,8,August,11,1,Sunday,23:39:00,23,24033052,A,2,,Motor Vehicle In Motion,"Injury of any type (Serious, Minor, Possible)",B,Suspected Minor Injury (B),0,0,4,Local,1.12,498,QUINNIPIAC AV,QUINNIPIAC AV,E GRAND AVE,,,,,41.308265,-72.886275,14,Motor Vehicle in Operation,3,Angle,1,On Roadway,1,Clear,88,Not Applicable,4,Dark-Lighted,1,Dry,0,None,88,Not Applicable,88,Not Applicable,0,None,88,Not Applicable,88,Not Applicable,2,Intersection,2,Four-Way Intersection,1,No,1,No,88,Not Applicable,88,Not Applicable,88,Not Applicable,88,Not Applicable,FALSE,1,Public Road,1,"Trafficway, On Road",CT0009300,New Haven PD,42055,53:44.0,C,Closed,43:28.0,,,,,,,
1331918,1,Complete,1331918,1331918,41.330373,-72.965165,3816144,New Haven,93,93,New Haven,8/12/2024,2024,8,August,12,2,Monday,0:00:00,0,24033057,A,1,,Guardrail Face,"Injury of any type (Serious, Minor, Possible)",A,Suspected Serious Injury (A),0,0,4,Local,0.86,612,VALLEY ST NO 1,VALLEY ST NO 1,,EMERSON ST,250,Feet,W,41.330373,-72.965165,28,Guardrail Face,88,Not Applicable,1,On Roadway,1,Clear,88,Not Applicable,4,Dark-Lighted,1,Dry,0,None,88,Not Applicable,88,Not Applicable,0,None,88,Not Applicable,88,Not Applicable,1,Non-Junction,1,Not at Intersection,1,No,1,No,88,Not Applicable,88,Not Applicable,88,Not Applicable,88,Not Applicable,FALSE,1,Public Road,1,"Trafficway, On Road",CT0009300,New Haven PD,45388,34:48.0,C,Closed,43:32.0,,,,,,,
1331921,1,Complete,1331921,1331921,41.304466,-72.885179,3816147,New Haven,93,93,New Haven,8/12/2024,2024,8,August,12,2,Monday,6:48:00,6,24033081,A,2,,Parked Vehicle,"Injury of any type (Serious, Minor, Possible)",C,Possible Injury (C),0,0,4,Local,0.01,188,ELDRIDGE ST,ELDRIDGE ST,,LEXINGTON AVE ,60,Feet,E,41.304466,-72.885179,14,Motor Vehicle in Operation,3,Angle,4,Roadside,1,Clear,88,Not Applicable,5,Dark-Not Lighted,1,Dry,0,None,88,Not Applicable,88,Not Applicable,0,None,88,Not Applicable,88,Not Applicable,1,Non-Junction,1,Not at Intersection,1,No,1,No,88,Not Applicable,88,Not Applicable,88,Not Applicable,88,Not Applicable,FALSE,1,Public Road,1,"Trafficway, On Road",CT0009300,New Haven PD,46614,03:34.0,C,Closed,36:04.0,,,,,,,
1331942,1,Complete,1331942,1331942,41.291191,-72.941702,3816168,New Haven,93,93,New Haven,8/12/2024,2024,8,August,12,2,Monday,18:34:00,18,24033200,A,2,,Motor Vehicle In Motion,"Injury of any type (Serious, Minor, Possible)",C,Possible Injury (C),0,0,3,State,0.9,10,10-N,10-N,,WASHINGTON AVE,105,Feet,N,41.291191,-72.941702,14,Motor Vehicle in Operation,3,Angle,1,On Roadway,1,Clear,88,Not Applicable,1,Daylight,1,Dry,99,Unknown,88,Not Applicable,88,Not Applicable,99,Unknown,88,Not Applicable,88,Not Applicable,9,Driveway Access-Related,1,Not at Intersection,1,No,1,No,88,Not Applicable,88,Not Applicable,88,Not Applicable,88,Not Applicable,TRUE,1,Public Road,1,"Trafficway, On Road",CT0009300,New Haven PD,40947,27:18.0,C,Closed,43:36.0,,,,,,,
1331944,1,Complete,1331944,1331944,41.318888,-72.948467,3816170,New Haven,93,93,New Haven,8/12/2024,2024,8,August,12,2,Monday,20:27:00,20,24033214,A,2,,Motor Vehicle In Motion,"Injury of any type (Serious, Minor, Possible)",A,Suspected Serious Injury (A),0,0,4,Local,0.03,653,WHALLEY AV,WHALLEY AV,,ELLA T GRASSO BLVD,155,Feet,E,41.318888,-72.948467,14,Motor Vehicle in Operation,3,Angle,1,On Roadway,1,Clear,1,Clear,4,Dark-Lighted,1,Dry,0,None,88,Not Applicable,88,Not Applicable,0,None,88,Not Applicable,88,Not Applicable,9,Driveway Access-Related,1,Not at Intersection,1,No,1,No,88,Not Applicable,88,Not Applicable,88,Not Applicable,88,Not Applicable,FALSE,1,Public Road,1,"Trafficway, On Road",CT0009300,New Haven PD,46615,39:56.0,C,Closed,43:33.0,,,,,,,
1331949,1,Complete,1331949,1331949,41.327192,-72.967198,3816175,New Haven,93,93,New Haven,8/13/2024,2024,8,August,13,3,Tuesday,9:30:00,9,24033260,A,1,,"Other Fixed Object (wall, building, tunnel, etc.)","Injury of any type (Serious, Minor, Possible)",C,Possible Injury (C),0,1,3,State,6.26,243,243-W,243-W,,FOREST RD,250,Feet,E,41.327192,-72.967198,39,"Other Fixed Object (wall, building, tunnel, etc.)",88,Not Applicable,4,Roadside,1,Clear,88,Not Applicable,1,Daylight,1,Dry,0,None,88,Not Applicable,88,Not Applicable,0,None,88,Not Applicable,88,Not Applicable,9,Driveway Access-Related,1,Not at Intersection,1,No,1,No,88,Not Applicable,88,Not Applicable,88,Not Applicable,88,Not Applicable,FALSE,1,Public Road,1,"Trafficway, On Road",CT0009300,New Haven PD,9,16:15.0,C,Closed,43:38.0,,,,,,,
1331953,1,Complete,1331953,1331953,41.332236,-72.974776,3816179,New Haven,93,93,New Haven,8/13/2024,2024,8,August,13,3,Tuesday,13:44:00,13,24033301,A,2,,Motor Vehicle In Motion,"Injury of any type (Serious, Minor, Possible)",C,Possible Injury (C),0,0,3,State,1.1,63,63-N,63-N,,RAMSDELL ST,110,Feet,S,41.332236,-72.974776,14,Motor Vehicle in Operation,3,Angle,1,On Roadway,1,Clear,88,Not Applicable,1,Daylight,1,Dry,0,None,88,Not Applicable,88,Not Applicable,0,None,88,Not Applicable,88,Not Applicable,9,Driveway Access-Related,1,Not at Intersection,1,No,1,No,88,Not Applicable,88,Not Applicable,88,Not Applicable,88,Not Applicable,FALSE,1,Public Road,1,"Trafficway, On Road",CT0009300,New Haven PD,9,24:03.0,C,Closed,43:45.0,,,,,,,
1331955,1,Complete,1331955,1331955,41.315877,-72.877307,3816181,New Haven,93,93,New Haven,8/13/2024,2024,8,August,13,3,Tuesday,15:23:00,15,24033312,A,2,,Motor Vehicle In Motion,"Injury of any type (Serious, Minor, Possible)",B,Suspected Minor Injury (B),0,0,4,Local,1.84,498,QUINNIPIAC AV,QUINNIPIAC AV,,ESSEX ST,600,Feet,S,41.315877,-72.877307,14,Motor Vehicle in Operation,99,Unknown,1,On Roadway,1,Clear,88,Not Applicable,1,Daylight,1,Dry,0,None,88,Not Applicable,88,Not Applicable,0,None,88,Not Applicable,88,Not Applicable,1,Non-Junction,1,Not at Intersection,1,No,1,No,88,Not Applicable,88,Not Applicable,88,Not Applicable,88,Not Applicable,FALSE,1,Public Road,1,"Trafficway, On Road",CT0009300,New Haven PD,279,09:31.0,C,Closed,43:40.0,,,,,,,
1331956,1,Complete,1331956,1331956,41.314084,-72.93257,3816182,New Haven,93,93,New Haven,8/13/2024,2024,8,August,13,3,Tuesday,15:06:00,15,24033317,A,2,,Motor Vehicle In Motion,"Injury of any type (Serious, Minor, Possible)",B,Suspected Minor Injury (B),0,0,4,Local,0.08,152,DIXWELL AV,DIXWELL AV,,LAKE PL,86,Feet,N,41.314084,-72.93257,14,Motor Vehicle in Operation,3,Angle,1,On Roadway,1,Clear,88,Not Applicable,1,Daylight,1,Dry,0,None,88,Not Applicable,88,Not Applicable,0,None,88,Not Applicable,88,Not Applicable,1,Non-Junction,1,Not at Intersection,1,No,1,No,88,Not Applicable,88,Not Applicable,88,Not Applicable,88,Not Applicable,FALSE,1,Public Road,1,"Trafficway, On Road",CT0009300,New Haven PD,44053,27:07.0,C,Closed,43:46.0,,,,,,,