CrashId,Fatal Case Status,Fatal Case Status Text Format,CrashId,CrashId,Latitude,Longitude,DOT Case Number,Town Name,Town Number,Town Number,Town Number Text Format,Date Of Crash,Year,Month,Month Text Format,Day,Day of the Week,Day of the Week Text Format,Time of Crash,Hour of the Day,Case Identifier,Crash Severity,Number Of Motor Vehicles,Motor vehicle action,Most harmful event,Crash Severity Text Format,Most Severe Injury,Most Severe Injury Text Format,Number Of Non-Motorist,Number Of Witnesses,Route Class,Route Class Text Format,Milemarker,Road Number,Road Description,Roadway Name,Intersecting Roadway Name,Landmark Description,Distance From Nearest Landmark,Unit Of Measure From Nearest Landmark,Direction From Nearest Landmark,Latitude,Longitude,First Harmful Event,First Harmful Event Text Format,Manner of Crash / Collision Impact,Manner of Crash / Collision Impact Text Format,Location of First Harmful Event,Location of First Harmful Event Text Format,Weather Condition,Weather Condition Text Format,Weather 2,Weather 2 Text Format,Light Condition,Light Condition Text Format,Road Surface Condition,Road Surface Condition Text Format,"Contributing Circumstances, Environment","Contributing Circumstances, Environment Text Format",Environment 2,Environment 2 Text Format,Environment 3,Environment 3 Text Format,"Contributing Circumstances, Road","Contributing Circumstances, Road Text Format",Road 2,Road 2 Text Format,Road 3,Road 3 Text Format,Crash Specific Location,Crash Specific Location Text Format,Type of Intersection,Type of Intersection Text Format,School Bus Related,School Bus Related Text Format,Work Zone Related,Work Zone Related Text Format,Location Of Crash Relative To Work Zone,Location Of Crash Relative To Work Zone Text Format,Type of Work Zone,Type of Work Zone Text Format,Worker Presence,Worker Presence Text Format,Law Enforcement Presence,Law Enforcement Presence Text Format,Were Vehicles Moved Prior To Police Arrival,Trafficway Ownership,Trafficway Ownership Text Format,Trafficway Class,Trafficway Class Text Format,Police Agency,Police Agency Text Format,Badge Number,Approval Date,Police Case Status,Police Case Status Text Format,Crash Report Submission Date,Related Case Identifiers,No. of Through Lanes (Log Dir.),Average Daily Traffic,Functional Classification,Functional Classification Text Format,Rural or Urban,Rural or Urban Text Format
1332227,1,Complete,1332227,1332227,41.28451885,-72.93476747,3816453,New Haven,93,93,New Haven,8/29/2024,2024,8,August,29,5,Thursday,17:20:00,17,24035812,A,2,,Motor Vehicle In Motion,"Injury of any type (Serious, Minor, Possible)",C,Possible Injury (C),0,1,3,State,0.31,10,10-N,10-N,95-S-366 (exit 44 on ramp),,,,,41.28451885,-72.93476747,14,Motor Vehicle in Operation,3,Angle,1,On Roadway,1,Clear,88,Not Applicable,1,Daylight,1,Dry,99,Unknown,88,Not Applicable,88,Not Applicable,99,Unknown,88,Not Applicable,88,Not Applicable,2,Intersection,2,Four-Way Intersection,1,No,1,No,88,Not Applicable,88,Not Applicable,88,Not Applicable,88,Not Applicable,FALSE,1,Public Road,1,"Trafficway, On Road",CT0009300,New Haven PD,40947,20:09.0,C,Closed,39:16.0,,,,,,,
1332231,1,Complete,1332231,1332231,41.30153096,-72.92711294,3816457,New Haven,93,93,New Haven,8/29/2024,2024,8,August,29,5,Thursday,22:23:00,22,24035859,A,2,,Motor Vehicle In Motion,"Injury of any type (Serious, Minor, Possible)",C,Possible Injury (C),0,0,4,Local,0.6,564,SOUTH FRONTAGE RD,SOUTH FRONTAGE RD,S Orange St ,,,,,41.30153096,-72.92711294,14,Motor Vehicle in Operation,4,"Sideswipe, same direction",1,On Roadway,1,Clear,88,Not Applicable,4,Dark-Lighted,1,Dry,0,None,88,Not Applicable,88,Not Applicable,0,None,88,Not Applicable,88,Not Applicable,2,Intersection,2,Four-Way Intersection,1,No,1,No,88,Not Applicable,88,Not Applicable,88,Not Applicable,88,Not Applicable,FALSE,1,Public Road,1,"Trafficway, On Road",CT0009300,New Haven PD,44055,17:44.0,C,Closed,40:11.0,,,,,,,
1332237,1,Complete,1332237,1332237,41.324702,-72.923165,3816463,New Haven,93,93,New Haven,8/30/2024,2024,8,August,30,6,Friday,15:30:00,15,24035925,A,2,,Motor Vehicle In Motion,"Injury of any type (Serious, Minor, Possible)",C,Possible Injury (C),0,0,4,Local,0.64,151,DIVISION ST,DIVISION ST,PROSPECT ST,,,,,41.324702,-72.923165,14,Motor Vehicle in Operation,1,Front to rear,1,On Roadway,1,Clear,88,Not Applicable,1,Daylight,1,Dry,0,None,88,Not Applicable,88,Not Applicable,0,None,88,Not Applicable,88,Not Applicable,2,Intersection,3,T-Intersection,1,No,1,No,88,Not Applicable,88,Not Applicable,88,Not Applicable,88,Not Applicable,TRUE,1,Public Road,1,"Trafficway, On Road",CT0009300,New Haven PD,46625,43:55.0,C,Closed,40:02.0,,,,,,,
1332240,1,Complete,1332240,1332240,41.301379,-72.926139,3816466,New Haven,93,93,New Haven,8/30/2024,2024,8,August,30,6,Friday,17:15:00,17,24035957,A,2,,Motor Vehicle In Motion,"Injury of any type (Serious, Minor, Possible)",C,Possible Injury (C),0,0,4,Local,0.05,809,REV DR MLK JR BLVD,REV DR MLK JR BLVD,,SOUTH ORANGE ST,200,Feet,E,41.301379,-72.926139,14,Motor Vehicle in Operation,1,Front to rear,1,On Roadway,1,Clear,88,Not Applicable,1,Daylight,1,Dry,0,None,88,Not Applicable,88,Not Applicable,0,None,88,Not Applicable,88,Not Applicable,1,Non-Junction,1,Not at Intersection,1,No,1,No,88,Not Applicable,88,Not Applicable,88,Not Applicable,88,Not Applicable,FALSE,1,Public Road,1,"Trafficway, On Road",CT0009300,New Haven PD,7573,18:17.0,C,Closed,40:16.0,,,,,,,
1332244,1,Complete,1332244,1332244,41.32277047,-72.93487454,3816470,New Haven,93,93,New Haven,8/30/2024,2024,8,August,30,6,Friday,21:05:00,21,24035989,A,2,,Motor Vehicle In Motion,"Injury of any type (Serious, Minor, Possible)",B,Suspected Minor Injury (B),0,0,4,Local,0.7,152,DIXWELL AV,DIXWELL AV,MUNSON ST,,,,,41.32277047,-72.93487454,14,Motor Vehicle in Operation,3,Angle,1,On Roadway,1,Clear,88,Not Applicable,4,Dark-Lighted,1,Dry,0,None,88,Not Applicable,88,Not Applicable,99,Unknown,88,Not Applicable,88,Not Applicable,2,Intersection,2,Four-Way Intersection,1,No,1,No,88,Not Applicable,88,Not Applicable,88,Not Applicable,88,Not Applicable,FALSE,1,Public Road,1,"Trafficway, On Road",CT0009300,New Haven PD,46617,34:47.0,C,Closed,40:26.0,,,,,,,
1332404,1,Complete,1332404,1332404,41.327342,-72.942493,3816630,New Haven,93,93,New Haven,7/5/2024,2024,7,July,5,6,Friday,15:45:00,15,24027246,A,2,,Parked Vehicle,"Injury of any type (Serious, Minor, Possible)",C,Possible Injury (C),0,0,4,Local,1.26,193,ELLSWORTH AV,ELLSWORTH AV,,DYER STREET,700,Feet,N,41.327342,-72.942493,14,Motor Vehicle in Operation,1,Front to rear,1,On Roadway,1,Clear,88,Not Applicable,1,Daylight,1,Dry,0,None,88,Not Applicable,88,Not Applicable,0,None,88,Not Applicable,88,Not Applicable,1,Non-Junction,1,Not at Intersection,1,No,1,No,88,Not Applicable,88,Not Applicable,88,Not Applicable,88,Not Applicable,FALSE,1,Public Road,1,"Trafficway, On Road",CT0009300,New Haven PD,45398,48:46.0,C,Closed,02:04.0,,,,,,,
1332406,1,Complete,1332406,1332406,41.30251,-72.938432,3816632,New Haven,93,93,New Haven,7/11/2024,2024,7,July,11,5,Thursday,19:51:00,19,24028173,A,3,,Motor Vehicle In Motion,"Injury of any type (Serious, Minor, Possible)",C,Possible Injury (C),0,2,4,Local,0.6,141,DAVENPORT AV,DAVENPORT AV,WARD ST,,,,,41.30251,-72.938432,14,Motor Vehicle in Operation,97,Other,1,On Roadway,1,Clear,88,Not Applicable,1,Daylight,1,Dry,0,None,88,Not Applicable,88,Not Applicable,0,None,88,Not Applicable,88,Not Applicable,2,Intersection,2,Four-Way Intersection,1,No,1,No,88,Not Applicable,88,Not Applicable,88,Not Applicable,88,Not Applicable,TRUE,1,Public Road,1,"Trafficway, On Road",CT0009300,New Haven PD,40814,33:11.0,C,Closed,01:21.0,,,,,,,
1332409,1,Complete,1332409,1332409,41.323207,-72.948747,3816635,New Haven,93,93,New Haven,7/14/2024,2024,7,July,14,1,Sunday,21:39:00,21,24028654,A,2,,Motor Vehicle In Motion,"Injury of any type (Serious, Minor, Possible)",B,Suspected Minor Injury (B),0,0,4,Local,0.11,258,GOFFE TER,GOFFE TER,ELLA T GRASSO BLVD NO 2,,,,,41.323207,-72.948747,14,Motor Vehicle in Operation,5,"Sideswipe, opposite direction",1,On Roadway,1,Clear,88,Not Applicable,4,Dark-Lighted,1,Dry,0,None,88,Not Applicable,88,Not Applicable,0,None,88,Not Applicable,88,Not Applicable,2,Intersection,2,Four-Way Intersection,1,No,1,No,88,Not Applicable,88,Not Applicable,88,Not Applicable,88,Not Applicable,FALSE,1,Public Road,1,"Trafficway, On Road",CT0009300,New Haven PD,45398,57:36.0,O,Open,01:28.0,,,,,,,
1332410,1,Complete,1332410,1332410,41.314028,-72.896675,3816636,New Haven,93,93,New Haven,7/28/2024,2024,7,July,28,1,Sunday,12:29:00,12,24029030,A,3,,Motor Vehicle In Motion,"Injury of any type (Serious, Minor, Possible)",B,Suspected Minor Injury (B),0,0,4,Local,0.39,213,FERRY ST,FERRY ST,,CHATHAM STREET,25,Feet,S,41.314028,-72.896675,14,Motor Vehicle in Operation,1,Front to rear,1,On Roadway,1,Clear,88,Not Applicable,1,Daylight,1,Dry,99,Unknown,88,Not Applicable,88,Not Applicable,99,Unknown,88,Not Applicable,88,Not Applicable,3,Intersection-Related,2,Four-Way Intersection,1,No,1,No,88,Not Applicable,88,Not Applicable,88,Not Applicable,88,Not Applicable,FALSE,1,Public Road,1,"Trafficway, On Road",CT0009300,New Haven PD,44057,46:45.0,C,Closed,01:36.0,,,,,,,
1332415,1,Complete,1332415,1332415,41.30693,-72.946417,3816641,New Haven,93,93,New Haven,7/24/2024,2024,7,July,24,4,Wednesday,15:22:00,15,24030187,A,2,,Motor Vehicle In Motion,"Injury of any type (Serious, Minor, Possible)",C,Possible Injury (C),0,0,4,Local,0.07,556,SHERMAN AV,SHERMAN AV,,MARTIN LUTHER KING B,45,Feet,N,41.30693,-72.946417,14,Motor Vehicle in Operation,1,Front to rear,1,On Roadway,1,Clear,88,Not Applicable,1,Daylight,1,Dry,0,None,88,Not Applicable,88,Not Applicable,0,None,88,Not Applicable,88,Not Applicable,3,Intersection-Related,2,Four-Way Intersection,1,No,1,No,88,Not Applicable,88,Not Applicable,88,Not Applicable,88,Not Applicable,TRUE,1,Public Road,1,"Trafficway, On Road",CT0009300,New Haven PD,45398,42:47.0,C,Closed,01:58.0,,,,,,,
1332416,1,Complete,1332416,1332416,41.320909,-72.877608,3816642,New Haven,93,93,New Haven,7/26/2024,2024,7,July,26,6,Friday,22:35:00,22,24030620,A,1,,Pedalcycle/Pedalcyclist,"Injury of any type (Serious, Minor, Possible)",C,Possible Injury (C),1,0,,,,,,315 Foxon Blvd,,Quinnipiac Ave,830,Feet,W,41.320909,-72.877608,10,Pedalcycle/Pedalcyclist,3,Angle,97,Other,1,Clear,88,Not Applicable,5,Dark-Not Lighted,1,Dry,0,None,88,Not Applicable,88,Not Applicable,0,None,88,Not Applicable,88,Not Applicable,97,Other,1,Not at Intersection,1,No,1,No,88,Not Applicable,88,Not Applicable,88,Not Applicable,88,Not Applicable,FALSE,88,Not Applicable,4,Parking Lot,CT0009300,New Haven PD,42367,26:27.0,C,Closed,01:19.0,,,,,,,
1332417,1,Complete,1332417,1332417,41.322279,-72.953616,3816643,New Haven,93,93,New Haven,7/28/2024,2024,7,July,28,1,Sunday,17:38:00,17,24030811,A,4,,Motor Vehicle In Motion,"Injury of any type (Serious, Minor, Possible)",C,Possible Injury (C),0,0,3,State,3.36,10,10-N,10-N,,OSBORN AVE,30,Feet,N,41.322279,-72.953616,14,Motor Vehicle in Operation,97,Other,1,On Roadway,1,Clear,88,Not Applicable,1,Daylight,1,Dry,0,None,88,Not Applicable,88,Not Applicable,99,Unknown,88,Not Applicable,88,Not Applicable,3,Intersection-Related,3,T-Intersection,1,No,1,No,88,Not Applicable,88,Not Applicable,88,Not Applicable,88,Not Applicable,FALSE,1,Public Road,1,"Trafficway, On Road",CT0009300,New Haven PD,45398,00:43.0,C,Closed,01:34.0,,,,,,,
1332418,1,Complete,1332418,1332418,41.306967,-72.937228,3816644,New Haven,93,93,New Haven,7/28/2024,2024,7,July,28,1,Sunday,22:37:00,22,24030836,A,2,,Motor Vehicle In Motion,"Injury of any type (Serious, Minor, Possible)",C,Possible Injury (C),0,1,4,Local,0.74,809,REV DR MLK JR BLVD,REV DR MLK JR BLVD,HOWE ST,,,,,41.306967,-72.937228,14,Motor Vehicle in Operation,3,Angle,1,On Roadway,1,Clear,88,Not Applicable,4,Dark-Lighted,1,Dry,0,None,88,Not Applicable,88,Not Applicable,0,None,88,Not Applicable,88,Not Applicable,2,Intersection,2,Four-Way Intersection,1,No,1,No,88,Not Applicable,88,Not Applicable,88,Not Applicable,88,Not Applicable,FALSE,1,Public Road,1,"Trafficway, On Road",CT0009300,New Haven PD,46625,15:21.0,C,Closed,01:42.0,,,,,,,
1332419,1,Complete,1332419,1332419,41.316835,-72.951814,3816645,New Haven,93,93,New Haven,7/29/2024,2024,7,July,29,2,Monday,9:15:00,9,24030866,A,2,,Motor Vehicle In Motion,"Injury of any type (Serious, Minor, Possible)",C,Possible Injury (C),0,0,4,Local,0.1,72,BROWNELL ST,BROWNELL ST,MAPLE ST,,,,,41.316835,-72.951814,14,Motor Vehicle in Operation,3,Angle,1,On Roadway,4,Rain,88,Not Applicable,1,Daylight,2,Wet,0,None,88,Not Applicable,88,Not Applicable,0,None,88,Not Applicable,88,Not Applicable,2,Intersection,2,Four-Way Intersection,1,No,1,No,88,Not Applicable,88,Not Applicable,88,Not Applicable,88,Not Applicable,FALSE,1,Public Road,1,"Trafficway, On Road",CT0009300,New Haven PD,357,41:49.0,C,Closed,01:32.0,,,,,,,
1332422,1,Complete,1332422,1332422,41.306749,-72.94652,3816648,New Haven,93,93,New Haven,8/2/2024,2024,8,August,2,6,Friday,17:15:00,17,24031655,A,2,,Motor Vehicle In Motion,"Injury of any type (Serious, Minor, Possible)",C,Possible Injury (C),0,1,4,Local,1.23,809,REV DR MLK JR BLVD,REV DR MLK JR BLVD,SHERMAN AV,,,,,41.306749,-72.94652,14,Motor Vehicle in Operation,3,Angle,1,On Roadway,1,Clear,88,Not Applicable,1,Daylight,1,Dry,0,None,88,Not Applicable,88,Not Applicable,0,None,88,Not Applicable,88,Not Applicable,2,Intersection,2,Four-Way Intersection,1,No,1,No,88,Not Applicable,88,Not Applicable,88,Not Applicable,88,Not Applicable,FALSE,1,Public Road,1,"Trafficway, On Road",CT0009300,New Haven PD,44055,25:47.0,C,Closed,01:48.0,,,,,,,
1332430,1,Complete,1332430,1332430,41.307456,-72.918806,3816656,New Haven,93,93,New Haven,8/12/2024,2024,8,August,12,2,Monday,16:30:00,16,24033167,A,2,,Motor Vehicle In Motion,"Injury of any type (Serious, Minor, Possible)",C,Possible Injury (C),0,0,4,Local,1.73,264,GRAND AV,GRAND AV,,OLIVE ST,100,Feet,E,41.307456,-72.918806,14,Motor Vehicle in Operation,3,Angle,1,On Roadway,1,Clear,88,Not Applicable,1,Daylight,1,Dry,0,None,88,Not Applicable,88,Not Applicable,0,None,88,Not Applicable,88,Not Applicable,1,Non-Junction,1,Not at Intersection,1,No,1,No,88,Not Applicable,88,Not Applicable,88,Not Applicable,88,Not Applicable,FALSE,1,Public Road,1,"Trafficway, On Road",CT0009300,New Haven PD,45403,49:27.0,C,Closed,01:33.0,,,,,,,
1332433,1,Complete,1332433,1332433,41.320812,-72.900706,3816659,New Haven,93,93,New Haven,8/17/2024,2024,8,August,17,7,Saturday,21:45:00,21,24033960,A,4,,Motor Vehicle In Motion,"Injury of any type (Serious, Minor, Possible)",B,Suspected Minor Injury (B),0,0,4,Local,0.07,512,RIDGE ST,RIDGE ST,,rock st,345,Feet,S,41.320812,-72.900706,14,Motor Vehicle in Operation,1,Front to rear,1,On Roadway,1,Clear,88,Not Applicable,99,Unknown,1,Dry,0,None,88,Not Applicable,88,Not Applicable,0,None,88,Not Applicable,88,Not Applicable,1,Non-Junction,1,Not at Intersection,1,No,1,No,88,Not Applicable,88,Not Applicable,88,Not Applicable,88,Not Applicable,FALSE,1,Public Road,1,"Trafficway, On Road",CT0009300,New Haven PD,45398,24:30.0,C,Closed,02:09.0,,,,,,,
1332436,1,Complete,1332436,1332436,41.319831,-72.899786,3816662,New Haven,93,93,New Haven,8/24/2024,2024,8,August,24,7,Saturday,17:17:00,17,24035034,A,1,,Pedalcycle/Pedalcyclist,"Injury of any type (Serious, Minor, Possible)",B,Suspected Minor Injury (B),1,1,4,Local,0.06,404,MAY ST,MAY ST,,CEDAR HILL AVE,80,Feet,E,41.319831,-72.899786,10,Pedalcycle/Pedalcyclist,3,Angle,1,On Roadway,1,Clear,88,Not Applicable,1,Daylight,1,Dry,99,Unknown,88,Not Applicable,88,Not Applicable,0,None,88,Not Applicable,88,Not Applicable,1,Non-Junction,1,Not at Intersection,1,No,1,No,88,Not Applicable,88,Not Applicable,88,Not Applicable,88,Not Applicable,FALSE,1,Public Road,1,"Trafficway, On Road",CT0009300,New Haven PD,45701,26:40.0,C,Closed,02:12.0,,,,,,,
1332437,1,Complete,1332437,1332437,41.285444,-72.929434,3816663,New Haven,93,93,New Haven,8/27/2024,2024,8,August,27,3,Tuesday,17:01:00,17,24035436,A,1,,Motor Vehicle In Motion,"Injury of any type (Serious, Minor, Possible)",C,Possible Injury (C),1,0,4,Local,0,359,SARGENT DR,SARGENT DR,HALLOCK AVE,,,,,41.285444,-72.929434,14,Motor Vehicle in Operation,3,Angle,1,On Roadway,1,Clear,88,Not Applicable,1,Daylight,1,Dry,0,None,88,Not Applicable,88,Not Applicable,0,None,88,Not Applicable,88,Not Applicable,2,Intersection,3,T-Intersection,1,No,1,No,88,Not Applicable,88,Not Applicable,88,Not Applicable,88,Not Applicable,FALSE,1,Public Road,1,"Trafficway, On Road",CT0009300,New Haven PD,42056,27:23.0,C,Closed,02:15.0,,,,,,,
1332443,1,Complete,1332443,1332443,41.310292,-72.952503,3816669,New Haven,93,93,New Haven,10/17/2025,2025,10,October,17,6,Friday,14:20:00,14,25042264,A,2,,Motor Vehicle In Motion,"Injury of any type (Serious, Minor, Possible)",C,Possible Injury (C),0,0,4,Local,0.35,147,DERBY AV,DERBY AV,,ELLA T GRASSO BLVD,200,Feet,E,41.310292,-72.952503,14,Motor Vehicle in Operation,3,Angle,1,On Roadway,1,Clear,88,Not Applicable,1,Daylight,1,Dry,0,None,88,Not Applicable,88,Not Applicable,0,None,88,Not Applicable,88,Not Applicable,9,Driveway Access-Related,1,Not at Intersection,1,No,1,No,88,Not Applicable,88,Not Applicable,88,Not Applicable,88,Not Applicable,FALSE,1,Public Road,1,"Trafficway, On Road",CT0009300,New Haven PD,503,15:43.0,C,Closed,02:13.0,,,,,,,
1332447,1,Complete,1332447,1332447,41.296796,-72.948124,3816673,New Haven,93,93,New Haven,11/1/2025,2025,11,November,1,7,Saturday,6:45:00,6,25044219,A,2,,Motor Vehicle In Motion,"Injury of any type (Serious, Minor, Possible)",C,Possible Injury (C),0,0,3,State,1.41,10,10-N,10-N,,COLUMBUS AVE,300,Feet,S,41.296796,-72.948124,14,Motor Vehicle in Operation,3,Angle,1,On Roadway,1,Clear,88,Not Applicable,4,Dark-Lighted,1,Dry,0,None,88,Not Applicable,88,Not Applicable,0,None,88,Not Applicable,88,Not Applicable,1,Non-Junction,1,Not at Intersection,1,No,1,No,88,Not Applicable,88,Not Applicable,88,Not Applicable,88,Not Applicable,FALSE,1,Public Road,1,"Trafficway, On Road",CT0009300,New Haven PD,48829,35:37.0,C,Closed,02:32.0,,,,,,,
1332450,1,Complete,1332450,1332450,41.305607,-72.936049,3816676,New Haven,93,93,New Haven,11/9/2025,2025,11,November,9,1,Sunday,0:07:00,0,25045302,A,2,,Motor Vehicle In Motion,"Injury of any type (Serious, Minor, Possible)",A,Suspected Serious Injury (A),0,0,4,Local,0.08,,SOUTH FRONTAGE RD-RT 34,SOUTH FRONTAGE RD-RT 34,PARK ST,,,,,41.305607,-72.936049,14,Motor Vehicle in Operation,3,Angle,1,On Roadway,1,Clear,88,Not Applicable,4,Dark-Lighted,1,Dry,0,None,88,Not Applicable,88,Not Applicable,0,None,88,Not Applicable,88,Not Applicable,2,Intersection,2,Four-Way Intersection,1,No,1,No,88,Not Applicable,88,Not Applicable,88,Not Applicable,88,Not Applicable,FALSE,1,Public Road,1,"Trafficway, On Road",CT0009300,New Haven PD,48829,30:17.0,C,Closed,02:49.0,,,,,,,
1332452,1,Complete,1332452,1332452,41.31822,-72.936338,3816678,New Haven,93,93,New Haven,11/12/2025,2025,11,November,12,4,Wednesday,12:15:00,12,25045796,A,2,,Motor Vehicle In Motion,"Injury of any type (Serious, Minor, Possible)",C,Possible Injury (C),0,0,4,Local,0.06,452,ORCHARD PL,ORCHARD PL,,ORCHARD ST,300,Feet,W,41.31822,-72.936338,14,Motor Vehicle in Operation,4,"Sideswipe, same direction",1,On Roadway,1,Clear,88,Not Applicable,1,Daylight,1,Dry,0,None,88,Not Applicable,88,Not Applicable,0,None,88,Not Applicable,88,Not Applicable,1,Non-Junction,1,Not at Intersection,2,"Yes, School Bus Directly Involved",1,No,88,Not Applicable,88,Not Applicable,88,Not Applicable,88,Not Applicable,FALSE,1,Public Road,1,"Trafficway, On Road",CT0009300,New Haven PD,48507,35:14.0,C,Closed,02:20.0,,,,,,,
1332456,1,Complete,1332456,1332456,41.31709,-72.943782,3816682,New Haven,93,93,New Haven,11/13/2025,2025,11,November,13,5,Thursday,8:30:00,8,25045920,A,1,,Pedestrian,"Injury of any type (Serious, Minor, Possible)",B,Suspected Minor Injury (B),2,1,4,Local,0.31,653,WHALLEY AV,WHALLEY AV,,Carmel St,50,Feet,W,41.31709,-72.943782,9,Pedestrian,88,Not Applicable,1,On Roadway,1,Clear,88,Not Applicable,1,Daylight,1,Dry,0,None,88,Not Applicable,88,Not Applicable,0,None,88,Not Applicable,88,Not Applicable,1,Non-Junction,1,Not at Intersection,1,No,1,No,88,Not Applicable,88,Not Applicable,88,Not Applicable,88,Not Applicable,FALSE,1,Public Road,1,"Trafficway, On Road",CT0009300,New Haven PD,503,31:47.0,C,Closed,02:17.0,,,,,,,
1332458,1,Complete,1332458,1332458,41.320475,-72.874279,3816684,New Haven,93,93,New Haven,11/13/2025,2025,11,November,13,5,Thursday,15:02:00,15,25045982,A,2,,Motor Vehicle In Motion,"Injury of any type (Serious, Minor, Possible)",C,Possible Injury (C),0,0,4,Local,2.19,498,QUINNIPIAC AV,QUINNIPIAC AV,,FOXON BLVD,120,Feet,S,41.320475,-72.874279,14,Motor Vehicle in Operation,3,Angle,1,On Roadway,1,Clear,88,Not Applicable,1,Daylight,1,Dry,0,None,88,Not Applicable,88,Not Applicable,0,None,88,Not Applicable,88,Not Applicable,9,Driveway Access-Related,1,Not at Intersection,1,No,1,No,88,Not Applicable,88,Not Applicable,88,Not Applicable,88,Not Applicable,TRUE,1,Public Road,1,"Trafficway, On Road",CT0009300,New Haven PD,279,47:53.0,C,Closed,02:37.0,,,,,,,
1332467,1,Complete,1332467,1332467,41.318646,-72.919219,3816693,New Haven,93,93,New Haven,11/14/2025,2025,11,November,14,6,Friday,17:00:00,17,25046094,A,1,,Not Applicable,"Injury of any type (Serious, Minor, Possible)",A,Suspected Serious Injury (A),1,0,4,Local,0.59,656,WHITNEY AV,WHITNEY AV,BISHOP ST,,,,,41.318646,-72.919219,9,Pedestrian,88,Not Applicable,1,On Roadway,1,Clear,88,Not Applicable,6,Dark-Unknown Lighting,1,Dry,0,None,88,Not Applicable,88,Not Applicable,0,None,88,Not Applicable,88,Not Applicable,2,Intersection,3,T-Intersection,99,Unknown,1,No,88,Not Applicable,88,Not Applicable,88,Not Applicable,88,Not Applicable,FALSE,1,Public Road,1,"Trafficway, On Road",CT0009300,New Haven PD,46616,58:36.0,C,Closed,02:43.0,,,,,,,
1332471,1,Complete,1332471,1332471,41.298606,-72.929431,3816697,New Haven,93,93,New Haven,11/15/2025,2025,11,November,15,7,Saturday,2:27:00,2,25046147,A,2,,Motor Vehicle In Motion,"Injury of any type (Serious, Minor, Possible)",C,Possible Injury (C),0,0,2,USRoute,47.65,1,1-N,1-N,,CHURCH ST SOUTH ,50,Feet,W,41.298606,-72.929431,14,Motor Vehicle in Operation,2,Front to front,1,On Roadway,1,Clear,88,Not Applicable,4,Dark-Lighted,1,Dry,0,None,88,Not Applicable,88,Not Applicable,0,None,88,Not Applicable,88,Not Applicable,3,Intersection-Related,2,Four-Way Intersection,1,No,1,No,88,Not Applicable,88,Not Applicable,88,Not Applicable,88,Not Applicable,FALSE,1,Public Road,1,"Trafficway, On Road",CT0009300,New Haven PD,48829,25:04.0,C,Closed,02:45.0,,,,,,,
1332475,1,Complete,1332475,1332475,41.299061,-72.926808,3816701,New Haven,93,93,New Haven,11/15/2025,2025,11,November,15,7,Saturday,17:03:00,17,25046202,A,2,,Motor Vehicle In Motion,"Injury of any type (Serious, Minor, Possible)",C,Possible Injury (C),0,0,4,Local,0.05,,COLUMBUS AV NO 2,COLUMBUS AV NO 2,SOUTH ORANGE ST,,,,,41.299061,-72.926808,14,Motor Vehicle in Operation,3,Angle,1,On Roadway,1,Clear,88,Not Applicable,1,Daylight,1,Dry,0,None,88,Not Applicable,88,Not Applicable,0,None,88,Not Applicable,88,Not Applicable,2,Intersection,3,T-Intersection,1,No,1,No,88,Not Applicable,88,Not Applicable,88,Not Applicable,88,Not Applicable,FALSE,1,Public Road,1,"Trafficway, On Road",CT0009300,New Haven PD,33016,02:30.0,C,Closed,02:48.0,,,,,,,
1332483,1,Complete,1332483,1332483,41.2961,-72.947448,3816709,New Haven,93,93,New Haven,11/16/2025,2025,11,November,16,1,Sunday,17:50:00,17,25046296,A,3,,Motor Vehicle In Motion,"Injury of any type (Serious, Minor, Possible)",C,Possible Injury (C),0,0,3,State,1.36,10,10-N,10-N,LONGHINI LN,,,,,41.2961,-72.947448,14,Motor Vehicle in Operation,3,Angle,1,On Roadway,1,Clear,88,Not Applicable,4,Dark-Lighted,1,Dry,0,None,88,Not Applicable,88,Not Applicable,0,None,88,Not Applicable,88,Not Applicable,2,Intersection,3,T-Intersection,1,No,1,No,88,Not Applicable,88,Not Applicable,88,Not Applicable,88,Not Applicable,FALSE,1,Public Road,1,"Trafficway, On Road",CT0009300,New Haven PD,45389,41:40.0,C,Closed,02:55.0,,,,,,,
1334168,1,Complete,1334168,1334168,41.328793,-72.964785,3818394,New Haven,93,93,New Haven,10/2/2024,2024,10,October,2,4,Wednesday,21:01:00,21,24038661,A,2,,Motor Vehicle In Motion,"Injury of any type (Serious, Minor, Possible)",C,Possible Injury (C),0,0,3,State,0.51,63,63-N,63-N,,EMERSON STREET,100,Feet,E,41.328793,-72.964785,14,Motor Vehicle in Operation,1,Front to rear,1,On Roadway,1,Clear,88,Not Applicable,99,Unknown,1,Dry,0,None,88,Not Applicable,88,Not Applicable,0,None,88,Not Applicable,88,Not Applicable,1,Non-Junction,1,Not at Intersection,1,No,1,No,88,Not Applicable,88,Not Applicable,88,Not Applicable,88,Not Applicable,TRUE,1,Public Road,1,"Trafficway, On Road",CT0009300,New Haven PD,42051,14:57.0,C,Closed,01:38.0,,,,,,,