CrashId,Fatal Case Status,Fatal Case Status Text Format,CrashId,CrashId,Latitude,Longitude,DOT Case Number,Town Name,Town Number,Town Number,Town Number Text Format,Date Of Crash,Year,Month,Month Text Format,Day,Day of the Week,Day of the Week Text Format,Time of Crash,Hour of the Day,Case Identifier,Crash Severity,Number Of Motor Vehicles,Motor vehicle action,Most harmful event,Crash Severity Text Format,Most Severe Injury,Most Severe Injury Text Format,Number Of Non-Motorist,Number Of Witnesses,Route Class,Route Class Text Format,Milemarker,Road Number,Road Description,Roadway Name,Intersecting Roadway Name,Landmark Description,Distance From Nearest Landmark,Unit Of Measure From Nearest Landmark,Direction From Nearest Landmark,Latitude,Longitude,First Harmful Event,First Harmful Event Text Format,Manner of Crash / Collision Impact,Manner of Crash / Collision Impact Text Format,Location of First Harmful Event,Location of First Harmful Event Text Format,Weather Condition,Weather Condition Text Format,Weather 2,Weather 2 Text Format,Light Condition,Light Condition Text Format,Road Surface Condition,Road Surface Condition Text Format,"Contributing Circumstances, Environment","Contributing Circumstances, Environment Text Format",Environment 2,Environment 2 Text Format,Environment 3,Environment 3 Text Format,"Contributing Circumstances, Road","Contributing Circumstances, Road Text Format",Road 2,Road 2 Text Format,Road 3,Road 3 Text Format,Crash Specific Location,Crash Specific Location Text Format,Type of Intersection,Type of Intersection Text Format,School Bus Related,School Bus Related Text Format,Work Zone Related,Work Zone Related Text Format,Location Of Crash Relative To Work Zone,Location Of Crash Relative To Work Zone Text Format,Type of Work Zone,Type of Work Zone Text Format,Worker Presence,Worker Presence Text Format,Law Enforcement Presence,Law Enforcement Presence Text Format,Were Vehicles Moved Prior To Police Arrival,Trafficway Ownership,Trafficway Ownership Text Format,Trafficway Class,Trafficway Class Text Format,Police Agency,Police Agency Text Format,Badge Number,Approval Date,Police Case Status,Police Case Status Text Format,Crash Report Submission Date,Related Case Identifiers,No. of Through Lanes (Log Dir.),Average Daily Traffic,Functional Classification,Functional Classification Text Format,Rural or Urban,Rural or Urban Text Format
1334584,1,Complete,1334584,1334584,41.323214,-72.951256,3818810,New Haven,93,93,New Haven,10/24/2024,2024,10,October,24,5,Thursday,4:30:00,4,24043612,A,2,,Parked Vehicle,"Injury of any type (Serious, Minor, Possible)",C,Possible Injury (C),0,0,4,Local,0.24,56,BLAKE ST,BLAKE ST,,OSBRONE AVE,100,Feet,S,41.323214,-72.951256,14,Motor Vehicle in Operation,3,Angle,1,On Roadway,1,Clear,88,Not Applicable,4,Dark-Lighted,1,Dry,0,None,88,Not Applicable,88,Not Applicable,0,None,88,Not Applicable,88,Not Applicable,1,Non-Junction,1,Not at Intersection,1,No,1,No,88,Not Applicable,88,Not Applicable,88,Not Applicable,88,Not Applicable,FALSE,1,Public Road,1,"Trafficway, On Road",CT0009300,New Haven PD,44175,05:48.0,C,Closed,07:26.0,,,,,,,
1334585,1,Complete,1334585,1334585,41.304457,-72.931317,3818811,New Haven,93,93,New Haven,10/24/2024,2024,10,October,24,5,Thursday,6:41:00,6,24043615,A,2,,Motor Vehicle In Motion,"Injury of any type (Serious, Minor, Possible)",C,Possible Injury (C),0,0,4,Local,0.39,809,REV DR MLK JR BLVD,REV DR MLK JR BLVD,,COLLEGE ST,100,Feet,W,41.304457,-72.931317,14,Motor Vehicle in Operation,3,Angle,1,On Roadway,1,Clear,88,Not Applicable,1,Daylight,1,Dry,0,None,0,None,88,Not Applicable,0,None,88,Not Applicable,88,Not Applicable,1,Non-Junction,1,Not at Intersection,1,No,1,No,88,Not Applicable,88,Not Applicable,88,Not Applicable,88,Not Applicable,FALSE,1,Public Road,1,"Trafficway, On Road",CT0009300,New Haven PD,45132,22:06.0,C,Closed,10:05.0,,,,,,,
1334589,1,Complete,1334589,1334589,41.321233,-72.874894,3818815,New Haven,93,93,New Haven,10/24/2024,2024,10,October,24,5,Thursday,10:27:00,10,24043649,A,2,,Motor Vehicle In Motion,"Injury of any type (Serious, Minor, Possible)",C,Possible Injury (C),0,0,3,State,0.39,80,80-E,80-E,,QUINNIPIAC AVENUE,245,Feet,W,41.321233,-72.874894,14,Motor Vehicle in Operation,3,Angle,1,On Roadway,1,Clear,88,Not Applicable,1,Daylight,1,Dry,0,None,88,Not Applicable,88,Not Applicable,0,None,88,Not Applicable,88,Not Applicable,9,Driveway Access-Related,1,Not at Intersection,1,No,1,No,88,Not Applicable,88,Not Applicable,88,Not Applicable,88,Not Applicable,FALSE,1,Public Road,1,"Trafficway, On Road",CT0009300,New Haven PD,180,25:33.0,C,Closed,07:30.0,24043649,,,,,,
1334624,1,Complete,1334624,1334624,41.323351,-72.896282,3818850,New Haven,93,93,New Haven,10/24/2024,2024,10,October,24,5,Thursday,17:59:00,17,24043710,A,4,,Motor Vehicle In Motion,"Injury of any type (Serious, Minor, Possible)",C,Possible Injury (C),0,0,2,USRoute,0.67,5,5-N,5-N,,Lyman St,330,Feet,S,41.323351,-72.896282,14,Motor Vehicle in Operation,2,Front to front,1,On Roadway,1,Clear,88,Not Applicable,4,Dark-Lighted,1,Dry,0,None,88,Not Applicable,88,Not Applicable,0,None,88,Not Applicable,88,Not Applicable,1,Non-Junction,1,Not at Intersection,1,No,1,No,88,Not Applicable,88,Not Applicable,88,Not Applicable,88,Not Applicable,TRUE,1,Public Road,1,"Trafficway, On Road",CT0009300,New Haven PD,980,24:10.0,C,Closed,08:16.0,,,,,,,
1334626,1,Complete,1334626,1334626,41.330255,-72.971658,3818852,New Haven,93,93,New Haven,10/24/2024,2024,10,October,24,5,Thursday,19:17:00,19,24043715,A,1,,Curb,"Injury of any type (Serious, Minor, Possible)",C,Possible Injury (C),0,0,3,State,0.89,63,63-N,63-N,WEST PROSPECT ST,,,,,41.330255,-72.971658,25,Curb,88,Not Applicable,4,Roadside,1,Clear,88,Not Applicable,4,Dark-Lighted,1,Dry,0,None,88,Not Applicable,88,Not Applicable,0,None,88,Not Applicable,88,Not Applicable,1,Non-Junction,1,Not at Intersection,1,No,1,No,88,Not Applicable,88,Not Applicable,88,Not Applicable,88,Not Applicable,FALSE,1,Public Road,1,"Trafficway, On Road",CT0009300,New Haven PD,42045,14:36.0,C,Closed,07:50.0,,,,,,,
1334656,1,Complete,1334656,1334656,41.28805,-72.895007,3818882,New Haven,93,93,New Haven,10/26/2024,2024,10,October,26,7,Saturday,1:26:00,1,24043851,A,2,,Motor Vehicle In Motion,"Injury of any type (Serious, Minor, Possible)",C,Possible Injury (C),0,0,4,Local,1.29,678,WOODWARD AV,WOODWARD AV,,ALLEN PL,100,Feet,S,41.28805,-72.895007,14,Motor Vehicle in Operation,1,Front to rear,1,On Roadway,1,Clear,88,Not Applicable,4,Dark-Lighted,1,Dry,0,None,88,Not Applicable,88,Not Applicable,0,None,88,Not Applicable,88,Not Applicable,1,Non-Junction,1,Not at Intersection,1,No,1,No,88,Not Applicable,88,Not Applicable,88,Not Applicable,88,Not Applicable,FALSE,1,Public Road,1,"Trafficway, On Road",CT0009300,New Haven PD,45388,24:45.0,C,Closed,08:50.0,,,,,,,
1334664,1,Complete,1334664,1334664,41.2978181,-72.9342227,3818890,New Haven,93,93,New Haven,10/26/2024,2024,10,October,26,7,Saturday,10:36:00,10,24043887,A,2,,Motor Vehicle In Motion,"Injury of any type (Serious, Minor, Possible)",B,Suspected Minor Injury (B),0,0,2,USRoute,47.4,1,1-N,1-N,HOWARD AV,,,,,41.2978181,-72.9342227,14,Motor Vehicle in Operation,4,"Sideswipe, same direction",1,On Roadway,1,Clear,88,Not Applicable,1,Daylight,1,Dry,0,None,88,Not Applicable,88,Not Applicable,0,None,88,Not Applicable,88,Not Applicable,2,Intersection,2,Four-Way Intersection,1,No,1,No,88,Not Applicable,88,Not Applicable,88,Not Applicable,88,Not Applicable,TRUE,1,Public Road,1,"Trafficway, On Road",CT0009300,New Haven PD,44947,14:44.0,C,Closed,09:28.0,,,,,,,
1334665,1,Complete,1334665,1334665,41.315684,-72.939536,3818891,New Haven,93,93,New Haven,10/26/2024,2024,10,October,26,7,Saturday,10:56:00,10,24043890,A,2,,Motor Vehicle In Motion,"Injury of any type (Serious, Minor, Possible)",C,Possible Injury (C),0,0,4,Local,0.54,653,WHALLEY AV,WHALLEY AV,,ORCHARD ST,93,Feet,W,41.315684,-72.939536,14,Motor Vehicle in Operation,4,"Sideswipe, same direction",7,In Parking Lane or Zone,1,Clear,88,Not Applicable,1,Daylight,1,Dry,0,None,88,Not Applicable,88,Not Applicable,0,None,88,Not Applicable,88,Not Applicable,3,Intersection-Related,2,Four-Way Intersection,1,No,1,No,88,Not Applicable,88,Not Applicable,88,Not Applicable,88,Not Applicable,FALSE,1,Public Road,1,"Trafficway, On Road",CT0009300,New Haven PD,238,05:07.0,C,Closed,10:14.0,,,,,,,
1334666,1,Complete,1334666,1334666,41.3024265,-72.9292727,3818892,New Haven,93,93,New Haven,10/26/2024,2024,10,October,26,7,Saturday,10:20:00,10,24043892,A,3,,Motor Vehicle In Motion,"Injury of any type (Serious, Minor, Possible)",B,Suspected Minor Injury (B),0,0,4,Local,0.24,564,SOUTH FRONTAGE RD,SOUTH FRONTAGE RD,,CHURCH ST,174,Feet,W,41.3024265,-72.9292727,14,Motor Vehicle in Operation,1,Front to rear,1,On Roadway,1,Clear,88,Not Applicable,1,Daylight,1,Dry,0,None,88,Not Applicable,88,Not Applicable,0,None,88,Not Applicable,88,Not Applicable,1,Non-Junction,1,Not at Intersection,1,No,1,No,88,Not Applicable,88,Not Applicable,88,Not Applicable,88,Not Applicable,TRUE,1,Public Road,1,"Trafficway, On Road",CT0009300,New Haven PD,44947,56:42.0,C,Closed,09:51.0,,,,,,,
1334667,1,Complete,1334667,1334667,41.314259,-72.947582,3818893,New Haven,93,93,New Haven,10/26/2024,2024,10,October,26,7,Saturday,10:16:00,10,24043903,A,2,,Motor Vehicle In Motion,"Injury of any type (Serious, Minor, Possible)",C,Possible Injury (C),0,0,4,Local,0.27,439,NORTON ST,NORTON ST,,EDGEWOOD AVE,50,Feet,S,41.314259,-72.947582,14,Motor Vehicle in Operation,1,Front to rear,1,On Roadway,1,Clear,88,Not Applicable,1,Daylight,1,Dry,0,None,88,Not Applicable,88,Not Applicable,0,None,88,Not Applicable,88,Not Applicable,3,Intersection-Related,2,Four-Way Intersection,1,No,1,No,88,Not Applicable,88,Not Applicable,88,Not Applicable,88,Not Applicable,FALSE,1,Public Road,1,"Trafficway, On Road",CT0009300,New Haven PD,91,17:20.0,C,Closed,09:10.0,,,,,,,
1334669,1,Complete,1334669,1334669,41.306232,-72.925639,3818895,New Haven,93,93,New Haven,10/26/2024,2024,10,October,26,7,Saturday,10:28:00,10,24043916,A,2,,Motor Vehicle In Motion,"Injury of any type (Serious, Minor, Possible)",B,Suspected Minor Injury (B),0,0,4,Local,0.18,103,CHURCH ST,CHURCH ST,,CHAPEL ST,50,Feet,N,41.306232,-72.925639,14,Motor Vehicle in Operation,4,"Sideswipe, same direction",1,On Roadway,1,Clear,88,Not Applicable,1,Daylight,1,Dry,0,None,88,Not Applicable,88,Not Applicable,0,None,88,Not Applicable,88,Not Applicable,1,Non-Junction,1,Not at Intersection,1,No,1,No,88,Not Applicable,88,Not Applicable,88,Not Applicable,88,Not Applicable,TRUE,1,Public Road,1,"Trafficway, On Road",CT0009300,New Haven PD,44947,08:11.0,C,Closed,10:46.0,,,,,,,
1334670,1,Complete,1334670,1334670,41.316807,-72.951765,3818896,New Haven,93,93,New Haven,10/26/2024,2024,10,October,26,7,Saturday,13:53:00,13,24043917,A,2,,Motor Vehicle In Motion,"Injury of any type (Serious, Minor, Possible)",C,Possible Injury (C),0,0,4,Local,0.1,72,BROWNELL ST,BROWNELL ST,MAPLE ST,,,,,41.316807,-72.951765,14,Motor Vehicle in Operation,3,Angle,1,On Roadway,1,Clear,88,Not Applicable,1,Daylight,1,Dry,0,None,88,Not Applicable,88,Not Applicable,0,None,88,Not Applicable,88,Not Applicable,2,Intersection,2,Four-Way Intersection,1,No,1,No,88,Not Applicable,88,Not Applicable,88,Not Applicable,88,Not Applicable,FALSE,1,Public Road,1,"Trafficway, On Road",CT0009300,New Haven PD,RC33,28:53.0,C,Closed,09:29.0,,,,,,,
1334673,1,Complete,1334673,1334673,41.319353,-72.904828,3818899,New Haven,93,93,New Haven,10/26/2024,2024,10,October,26,7,Saturday,18:13:00,18,24043941,A,2,,Motor Vehicle In Motion,"Injury of any type (Serious, Minor, Possible)",B,Suspected Minor Injury (B),0,1,4,Local,0.22,666,WILLOW ST,WILLOW ST,91-S-139     91-S ON RAMP,,,,,41.319353,-72.904828,14,Motor Vehicle in Operation,3,Angle,1,On Roadway,1,Clear,88,Not Applicable,5,Dark-Not Lighted,1,Dry,0,None,88,Not Applicable,88,Not Applicable,0,None,88,Not Applicable,88,Not Applicable,2,Intersection,3,T-Intersection,1,No,1,No,88,Not Applicable,88,Not Applicable,88,Not Applicable,88,Not Applicable,TRUE,1,Public Road,1,"Trafficway, On Road",CT0009300,New Haven PD,44947,03:52.0,C,Closed,09:21.0,,,,,,,
1334674,1,Complete,1334674,1334674,41.327219,-72.968138,3818900,New Haven,93,93,New Haven,10/26/2024,2024,10,October,26,7,Saturday,22:45:00,22,24043944,A,2,,Motor Vehicle In Motion,"Injury of any type (Serious, Minor, Possible)",C,Possible Injury (C),0,0,3,State,6.22,243,243-E,243-E,Forest Rd,,,,,41.327219,-72.968138,14,Motor Vehicle in Operation,4,"Sideswipe, same direction",1,On Roadway,1,Clear,88,Not Applicable,4,Dark-Lighted,1,Dry,0,None,88,Not Applicable,88,Not Applicable,0,None,88,Not Applicable,88,Not Applicable,2,Intersection,3,T-Intersection,1,No,1,No,88,Not Applicable,88,Not Applicable,88,Not Applicable,88,Not Applicable,FALSE,1,Public Road,1,"Trafficway, On Road",CT0009300,New Haven PD,45397,42:40.0,C,Closed,09:42.0,,,,,,,
1334680,1,Complete,1334680,1334680,41.320447,-72.872366,3818906,New Haven,93,93,New Haven,10/26/2024,2024,10,October,26,7,Saturday,21:51:00,21,24043957,A,2,,Motor Vehicle In Motion,"Injury of any type (Serious, Minor, Possible)",B,Suspected Minor Injury (B),0,0,3,State,0.53,80,80-E,80-E,,EASTERN ST,160,Feet,W,41.320447,-72.872366,14,Motor Vehicle in Operation,3,Angle,1,On Roadway,1,Clear,1,Clear,4,Dark-Lighted,1,Dry,0,None,88,Not Applicable,88,Not Applicable,0,None,88,Not Applicable,88,Not Applicable,9,Driveway Access-Related,1,Not at Intersection,1,No,1,No,88,Not Applicable,88,Not Applicable,88,Not Applicable,88,Not Applicable,FALSE,1,Public Road,1,"Trafficway, On Road",CT0009300,New Haven PD,46614,56:59.0,C,Closed,09:38.0,,,,,,,
1334683,1,Complete,1334683,1334683,41.316451,-72.934006,3818909,New Haven,93,93,New Haven,10/27/2024,2024,10,October,27,1,Sunday,4:19:00,4,24043983,A,1,,Tree (standing),"Injury of any type (Serious, Minor, Possible)",B,Suspected Minor Injury (B),0,0,4,Local,0.37,631,WEBSTER ST,WEBSTER ST,,WINTER ST,55,Feet,E,41.316451,-72.934006,32,Tree (standing),88,Not Applicable,4,Roadside,1,Clear,88,Not Applicable,4,Dark-Lighted,1,Dry,0,None,88,Not Applicable,88,Not Applicable,0,None,88,Not Applicable,88,Not Applicable,1,Non-Junction,1,Not at Intersection,1,No,1,No,88,Not Applicable,88,Not Applicable,88,Not Applicable,88,Not Applicable,FALSE,1,Public Road,1,"Trafficway, On Road",CT0009300,New Haven PD,46615,41:33.0,O,Open,11:35.0,,,,,,,
1334685,1,Complete,1334685,1334685,41.326458,-72.946793,3818911,New Haven,93,93,New Haven,10/27/2024,2024,10,October,27,1,Sunday,11:36:00,11,24043997,A,2,,Motor Vehicle In Motion,"Injury of any type (Serious, Minor, Possible)",C,Possible Injury (C),0,0,4,Local,0.53,690,ELLA T GRASSO BLVD,ELLA T GRASSO BLVD,,DYER ST,55,Feet,S,41.326458,-72.946793,14,Motor Vehicle in Operation,3,Angle,1,On Roadway,1,Clear,88,Not Applicable,1,Daylight,1,Dry,0,None,88,Not Applicable,88,Not Applicable,0,None,88,Not Applicable,88,Not Applicable,1,Non-Junction,1,Not at Intersection,1,No,1,No,88,Not Applicable,88,Not Applicable,88,Not Applicable,88,Not Applicable,TRUE,1,Public Road,1,"Trafficway, On Road",CT0009300,New Haven PD,359,29:40.0,C,Closed,11:33.0,,,,,,,
1334687,1,Complete,1334687,1334687,41.316716,-72.942596,3818913,New Haven,93,93,New Haven,10/27/2024,2024,10,October,27,1,Sunday,14:46:00,14,24044008,A,2,,Motor Vehicle In Motion,"Injury of any type (Serious, Minor, Possible)",B,Suspected Minor Injury (B),0,0,4,Local,0.37,653,WHALLEY AV,WHALLEY AV,,SHERMAN AVE,25,Feet,W,41.316716,-72.942596,14,Motor Vehicle in Operation,3,Angle,1,On Roadway,1,Clear,88,Not Applicable,1,Daylight,1,Dry,0,None,88,Not Applicable,88,Not Applicable,0,None,88,Not Applicable,88,Not Applicable,3,Intersection-Related,2,Four-Way Intersection,1,No,1,No,88,Not Applicable,88,Not Applicable,88,Not Applicable,88,Not Applicable,TRUE,1,Public Road,1,"Trafficway, On Road",CT0009300,New Haven PD,39,57:09.0,C,Closed,10:45.0,24044008,,,,,,
1334692,1,Complete,1334692,1334692,41.316419,-72.872765,3818918,New Haven,93,93,New Haven,10/27/2024,2024,10,October,27,1,Sunday,21:01:00,21,24044054,A,1,,Utility Pole,"Injury of any type (Serious, Minor, Possible)",C,Possible Injury (C),0,0,4,Local,0.68,167,EASTERN ST,EASTERN ST,,HEMINGWAY ST,660,Feet,N,41.316419,-72.872765,33,Utility Pole/Light Support,88,Not Applicable,4,Roadside,1,Clear,88,Not Applicable,4,Dark-Lighted,1,Dry,0,None,88,Not Applicable,88,Not Applicable,0,None,88,Not Applicable,88,Not Applicable,1,Non-Junction,1,Not at Intersection,1,No,1,No,88,Not Applicable,88,Not Applicable,88,Not Applicable,88,Not Applicable,FALSE,1,Public Road,1,"Trafficway, On Road",CT0009300,New Haven PD,45630,04:20.0,C,Closed,10:09.0,,,,,,,
1334695,1,Complete,1334695,1334695,41.312426,-72.940792,3818921,New Haven,93,93,New Haven,10/28/2024,2024,10,October,28,2,Monday,12:24:00,12,24044102,A,2,,Motor Vehicle In Motion,"Injury of any type (Serious, Minor, Possible)",C,Possible Injury (C),0,0,4,Local,1.63,179,EDGEWOOD AV,EDGEWOOD AV,ORCHARD ST,,,,,41.312426,-72.940792,14,Motor Vehicle in Operation,3,Angle,1,On Roadway,1,Clear,88,Not Applicable,1,Daylight,1,Dry,2,Visual Obstruction(s),97,Other,88,Not Applicable,97,Other,88,Not Applicable,88,Not Applicable,2,Intersection,2,Four-Way Intersection,1,No,1,No,88,Not Applicable,88,Not Applicable,88,Not Applicable,88,Not Applicable,TRUE,1,Public Road,1,"Trafficway, On Road",CT0009300,New Haven PD,332,00:23.0,C,Closed,10:47.0,,,,,,,
1334696,1,Complete,1334696,1334696,41.31986,-72.9404,3818922,New Haven,93,93,New Haven,10/29/2024,2024,10,October,29,3,Tuesday,12:52:00,12,24044105,A,2,,Motor Vehicle In Motion,"Injury of any type (Serious, Minor, Possible)",C,Possible Injury (C),0,0,4,Local,0,557,SHERMAN PKWY,SHERMAN PKWY,GOFFE ST,,,,,41.31986,-72.9404,14,Motor Vehicle in Operation,3,Angle,1,On Roadway,1,Clear,88,Not Applicable,1,Daylight,1,Dry,0,None,88,Not Applicable,88,Not Applicable,0,None,88,Not Applicable,88,Not Applicable,2,Intersection,2,Four-Way Intersection,1,No,1,No,88,Not Applicable,88,Not Applicable,88,Not Applicable,88,Not Applicable,FALSE,1,Public Road,1,"Trafficway, On Road",CT0009300,New Haven PD,238,51:03.0,C,Closed,11:25.0,,,,,,,
1334703,1,Complete,1334703,1334703,41.320196,-72.893102,3818929,New Haven,93,93,New Haven,10/28/2024,2024,10,October,28,2,Monday,17:38:00,17,24044164,A,2,,Motor Vehicle In Motion,"Injury of any type (Serious, Minor, Possible)",B,Suspected Minor Injury (B),0,0,4,Local,0.49,411,MIDDLETOWN AV,MIDDLETOWN AV,CLINTON AVE,,,,,41.320196,-72.893102,14,Motor Vehicle in Operation,1,Front to rear,1,On Roadway,1,Clear,88,Not Applicable,4,Dark-Lighted,1,Dry,99,Unknown,88,Not Applicable,88,Not Applicable,0,None,88,Not Applicable,88,Not Applicable,2,Intersection,2,Four-Way Intersection,1,No,1,No,88,Not Applicable,88,Not Applicable,88,Not Applicable,88,Not Applicable,FALSE,1,Public Road,1,"Trafficway, On Road",CT0009300,New Haven PD,46619,04:34.0,C,Closed,10:31.0,,,,,,,
1334707,1,Complete,1334707,1334707,41.307873,-72.895194,3818933,New Haven,93,93,New Haven,10/28/2024,2024,10,October,28,2,Monday,21:50:00,21,24044193,A,1,,Pedalcycle/Pedalcyclist,"Injury of any type (Serious, Minor, Possible)",C,Possible Injury (C),1,0,4,Local,0.82,213,FERRY ST,FERRY ST,,EXCHANGE STREET,100,Feet,N,41.307873,-72.895194,10,Pedalcycle/Pedalcyclist,3,Angle,1,On Roadway,1,Clear,88,Not Applicable,4,Dark-Lighted,1,Dry,0,None,88,Not Applicable,88,Not Applicable,0,None,88,Not Applicable,88,Not Applicable,1,Non-Junction,1,Not at Intersection,1,No,1,No,88,Not Applicable,88,Not Applicable,88,Not Applicable,88,Not Applicable,FALSE,1,Public Road,1,"Trafficway, On Road",CT0009300,New Haven PD,46619,29:31.0,O,Open,10:41.0,,,,,,,
1334710,1,Complete,1334710,1334710,41.328323,-72.961856,3818936,New Haven,93,93,New Haven,10/29/2024,2024,10,October,29,3,Tuesday,8:50:00,8,24044219,A,2,,Motor Vehicle In Motion,"Injury of any type (Serious, Minor, Possible)",C,Possible Injury (C),0,0,3,State,0.35,63,63-N,63-N,,HARRISON ST,50,Feet,E,41.328323,-72.961856,14,Motor Vehicle in Operation,99,Unknown,1,On Roadway,2,Cloudy,88,Not Applicable,1,Daylight,1,Dry,0,None,88,Not Applicable,88,Not Applicable,0,None,88,Not Applicable,88,Not Applicable,3,Intersection-Related,2,Four-Way Intersection,1,No,1,No,88,Not Applicable,88,Not Applicable,88,Not Applicable,88,Not Applicable,TRUE,1,Public Road,1,"Trafficway, On Road",CT0009300,New Haven PD,43689,49:18.0,C,Closed,10:48.0,,,,,,,
1334747,1,Complete,1334747,1334747,41.316023,-72.940428,3818973,New Haven,93,93,New Haven,10/29/2024,2024,10,October,29,3,Tuesday,18:34:00,18,24044377,A,2,,Motor Vehicle In Motion,"Injury of any type (Serious, Minor, Possible)",C,Possible Injury (C),0,0,4,Local,0.49,653,WHALLEY AV,WHALLEY AV,,COUNTY ST,50,Feet,W,41.316023,-72.940428,14,Motor Vehicle in Operation,1,Front to rear,1,On Roadway,1,Clear,88,Not Applicable,4,Dark-Lighted,1,Dry,0,None,88,Not Applicable,88,Not Applicable,0,None,88,Not Applicable,88,Not Applicable,1,Non-Junction,1,Not at Intersection,1,No,1,No,88,Not Applicable,88,Not Applicable,88,Not Applicable,88,Not Applicable,FALSE,1,Public Road,1,"Trafficway, On Road",CT0009300,New Haven PD,42046,02:59.0,C,Closed,11:45.0,,,,,,,
1334755,1,Complete,1334755,1334755,41.331468,-72.935119,3818981,New Haven,93,93,New Haven,10/30/2024,2024,10,October,30,4,Wednesday,15:51:00,15,24044482,A,2,,Motor Vehicle In Motion,"Injury of any type (Serious, Minor, Possible)",A,Suspected Serious Injury (A),0,0,4,Local,0.17,63,BREWSTER ST,BREWSTER ST,DIXWELL AVE,,,,,41.331468,-72.935119,14,Motor Vehicle in Operation,3,Angle,1,On Roadway,1,Clear,88,Not Applicable,1,Daylight,1,Dry,0,None,88,Not Applicable,88,Not Applicable,0,None,88,Not Applicable,88,Not Applicable,2,Intersection,3,T-Intersection,1,No,1,No,88,Not Applicable,88,Not Applicable,88,Not Applicable,88,Not Applicable,FALSE,1,Public Road,1,"Trafficway, On Road",CT0009300,New Haven PD,44045,07:58.0,O,Open,11:17.0,,,,,,,
1334756,1,Complete,1334756,1334756,41.291182,-72.933503,3818982,New Haven,93,93,New Haven,10/30/2024,2024,10,October,30,4,Wednesday,16:33:00,16,24044485,A,1,,Pedestrian,"Injury of any type (Serious, Minor, Possible)",C,Possible Injury (C),1,1,4,Local,0.36,350,LAMBERTON ST,LAMBERTON ST,Kimberly Ave ,,,,,41.291182,-72.933503,9,Pedestrian,88,Not Applicable,1,On Roadway,1,Clear,1,Clear,1,Daylight,1,Dry,0,None,88,Not Applicable,88,Not Applicable,0,None,88,Not Applicable,88,Not Applicable,2,Intersection,2,Four-Way Intersection,1,No,1,No,88,Not Applicable,88,Not Applicable,88,Not Applicable,88,Not Applicable,FALSE,1,Public Road,1,"Trafficway, On Road",CT0009300,New Haven PD,40811,32:38.0,O,Open,11:16.0,,,,,,,
1334758,1,Complete,1334758,1334758,41.313102,-72.921985,3818984,New Haven,93,93,New Haven,10/30/2024,2024,10,October,30,4,Wednesday,16:41:00,16,24044495,A,2,,Motor Vehicle In Motion,"Injury of any type (Serious, Minor, Possible)",C,Possible Injury (C),0,0,4,Local,0.16,601,TRUMBULL ST,TRUMBULL ST,,WHITNEY AVE,30,Feet,W,41.313102,-72.921985,14,Motor Vehicle in Operation,1,Front to rear,1,On Roadway,1,Clear,88,Not Applicable,1,Daylight,1,Dry,0,None,88,Not Applicable,88,Not Applicable,0,None,88,Not Applicable,88,Not Applicable,3,Intersection-Related,2,Four-Way Intersection,1,No,1,No,88,Not Applicable,88,Not Applicable,88,Not Applicable,88,Not Applicable,FALSE,1,Public Road,1,"Trafficway, On Road",CT0009300,New Haven PD,46624,40:50.0,C,Closed,11:15.0,,,,,,,
1334760,1,Complete,1334760,1334760,41.312075,-72.919287,3818986,New Haven,93,93,New Haven,10/30/2024,2024,10,October,30,4,Wednesday,17:46:00,17,24044497,A,2,,Motor Vehicle In Motion,"Injury of any type (Serious, Minor, Possible)",C,Possible Injury (C),0,0,1,Interstate,0.53,91,91-N-134,91-N-134 (EXIT 3),TRUMBULL ST,,,,,41.312075,-72.919287,14,Motor Vehicle in Operation,3,Angle,1,On Roadway,1,Clear,88,Not Applicable,3,Dusk,1,Dry,0,None,88,Not Applicable,88,Not Applicable,0,None,88,Not Applicable,88,Not Applicable,2,Intersection,8,"Five-Point, or More",1,No,1,No,88,Not Applicable,88,Not Applicable,88,Not Applicable,88,Not Applicable,FALSE,1,Public Road,1,"Trafficway, On Road",CT0009300,New Haven PD,40807,51:39.0,C,Closed,11:46.0,,,,,,,
1334765,1,Complete,1334765,1334765,41.313421,-72.943756,3818991,New Haven,93,93,New Haven,9/16/2025,2025,9,September,16,3,Tuesday,4:52:00,4,25037296,A,2,,Motor Vehicle In Motion,"Injury of any type (Serious, Minor, Possible)",C,Possible Injury (C),0,0,4,Local,0.54,556,SHERMAN AV,SHERMAN AV,,EDGEWOOD AVE,40,Feet,N,41.313421,-72.943756,14,Motor Vehicle in Operation,1,Front to rear,1,On Roadway,1,Clear,88,Not Applicable,4,Dark-Lighted,1,Dry,0,None,88,Not Applicable,88,Not Applicable,0,None,88,Not Applicable,88,Not Applicable,3,Intersection-Related,2,Four-Way Intersection,1,No,1,No,88,Not Applicable,88,Not Applicable,88,Not Applicable,88,Not Applicable,FALSE,1,Public Road,1,"Trafficway, On Road",CT0009300,New Haven PD,48829,24:25.0,C,Closed,00:36.0,,,,,,,
1334771,1,Complete,1334771,1334771,41.284979,-72.936897,3818997,New Haven,93,93,New Haven,11/2/2025,2025,11,November,2,1,Sunday,0:08:00,0,25044316,A,2,,Motor Vehicle In Motion,"Injury of any type (Serious, Minor, Possible)",C,Possible Injury (C),0,0,3,State,1.11,745,745-E,745-E,,ELLA T GRASSO BLVD,100,Feet,S,41.284979,-72.936897,14,Motor Vehicle in Operation,3,Angle,1,On Roadway,1,Clear,88,Not Applicable,4,Dark-Lighted,1,Dry,0,None,88,Not Applicable,88,Not Applicable,0,None,88,Not Applicable,88,Not Applicable,9,Driveway Access-Related,1,Not at Intersection,1,No,1,No,88,Not Applicable,88,Not Applicable,88,Not Applicable,88,Not Applicable,FALSE,1,Public Road,1,"Trafficway, On Road",CT0009300,New Haven PD,44338,45:30.0,C,Closed,00:38.0,,,,,,,