CrashId,Fatal Case Status,Fatal Case Status Text Format,CrashId,CrashId,Latitude,Longitude,DOT Case Number,Town Name,Town Number,Town Number,Town Number Text Format,Date Of Crash,Year,Month,Month Text Format,Day,Day of the Week,Day of the Week Text Format,Time of Crash,Hour of the Day,Case Identifier,Crash Severity,Number Of Motor Vehicles,Motor vehicle action,Most harmful event,Crash Severity Text Format,Most Severe Injury,Most Severe Injury Text Format,Number Of Non-Motorist,Number Of Witnesses,Route Class,Route Class Text Format,Milemarker,Road Number,Road Description,Roadway Name,Intersecting Roadway Name,Landmark Description,Distance From Nearest Landmark,Unit Of Measure From Nearest Landmark,Direction From Nearest Landmark,Latitude,Longitude,First Harmful Event,First Harmful Event Text Format,Manner of Crash / Collision Impact,Manner of Crash / Collision Impact Text Format,Location of First Harmful Event,Location of First Harmful Event Text Format,Weather Condition,Weather Condition Text Format,Weather 2,Weather 2 Text Format,Light Condition,Light Condition Text Format,Road Surface Condition,Road Surface Condition Text Format,"Contributing Circumstances, Environment","Contributing Circumstances, Environment Text Format",Environment 2,Environment 2 Text Format,Environment 3,Environment 3 Text Format,"Contributing Circumstances, Road","Contributing Circumstances, Road Text Format",Road 2,Road 2 Text Format,Road 3,Road 3 Text Format,Crash Specific Location,Crash Specific Location Text Format,Type of Intersection,Type of Intersection Text Format,School Bus Related,School Bus Related Text Format,Work Zone Related,Work Zone Related Text Format,Location Of Crash Relative To Work Zone,Location Of Crash Relative To Work Zone Text Format,Type of Work Zone,Type of Work Zone Text Format,Worker Presence,Worker Presence Text Format,Law Enforcement Presence,Law Enforcement Presence Text Format,Were Vehicles Moved Prior To Police Arrival,Trafficway Ownership,Trafficway Ownership Text Format,Trafficway Class,Trafficway Class Text Format,Police Agency,Police Agency Text Format,Badge Number,Approval Date,Police Case Status,Police Case Status Text Format,Crash Report Submission Date,Related Case Identifiers,No. of Through Lanes (Log Dir.),Average Daily Traffic,Functional Classification,Functional Classification Text Format,Rural or Urban,Rural or Urban Text Format
1334777,1,Complete,1334777,1334777,41.3206,-72.878146,3819003,New Haven,93,93,New Haven,11/11/2025,2025,11,November,11,3,Tuesday,15:51:00,15,25045669,A,2,,Motor Vehicle In Motion,"Injury of any type (Serious, Minor, Possible)",C,Possible Injury (C),0,0,,,,,,315 FOXON BLVD,,BARNES AVE,830,Feet,W,41.3206,-72.878146,14,Motor Vehicle in Operation,1,Front to rear,97,Other,1,Clear,88,Not Applicable,1,Daylight,1,Dry,0,None,88,Not Applicable,88,Not Applicable,0,None,88,Not Applicable,88,Not Applicable,97,Other,1,Not at Intersection,1,No,1,No,88,Not Applicable,88,Not Applicable,88,Not Applicable,88,Not Applicable,TRUE,88,Not Applicable,4,Parking Lot,CT0009300,New Haven PD,44056,08:31.0,C,Closed,01:44.0,,,,,,,
1334782,1,Complete,1334782,1334782,41.304106,-72.934831,3819008,New Haven,93,93,New Haven,11/13/2025,2025,11,November,13,5,Thursday,14:48:00,14,25045977,A,1,,Pedestrian,"Injury of any type (Serious, Minor, Possible)",C,Possible Injury (C),1,0,4,Local,0.1,766,YORK ST,YORK ST,,CEDAR ST,40,Feet,N,41.304106,-72.934831,9,Pedestrian,88,Not Applicable,1,On Roadway,1,Clear,88,Not Applicable,1,Daylight,1,Dry,0,None,88,Not Applicable,88,Not Applicable,0,None,88,Not Applicable,88,Not Applicable,1,Non-Junction,1,Not at Intersection,1,No,1,No,88,Not Applicable,88,Not Applicable,88,Not Applicable,88,Not Applicable,FALSE,1,Public Road,1,"Trafficway, On Road",CT0009300,New Haven PD,42056,23:47.0,C,Closed,01:33.0,,,,,,,
1334791,1,Complete,1334791,1334791,41.30382,-72.91817,3819017,New Haven,93,93,New Haven,11/17/2025,2025,11,November,17,2,Monday,0:32:00,0,25046317,A,1,,Tree (standing),"Injury of any type (Serious, Minor, Possible)",B,Suspected Minor Injury (B),0,0,4,Local,1.34,97,CHAPEL ST,CHAPEL ST,,ACADEMY STREET,50,Feet,E,41.30382,-72.91817,32,Tree (standing),88,Not Applicable,4,Roadside,1,Clear,88,Not Applicable,4,Dark-Lighted,1,Dry,0,None,88,Not Applicable,88,Not Applicable,0,None,88,Not Applicable,88,Not Applicable,1,Non-Junction,1,Not at Intersection,1,No,1,No,88,Not Applicable,88,Not Applicable,88,Not Applicable,88,Not Applicable,FALSE,1,Public Road,1,"Trafficway, On Road",CT0009300,New Haven PD,47737,13:59.0,C,Closed,01:53.0,,,,,,,
1334796,1,Complete,1334796,1334796,41.271927,-72.889637,925236,New Haven,93,93,New Haven,11/17/2025,2025,11,November,17,2,Monday,9:49:00,9,25046347,K,1,Straight Ahead,Tree (standing),Fatal (Kill),K,Fatal Injury (K),0,1,4,Local,0.53,74,BURR ST,BURR ST,HALL ST,,,,,41.271927,-72.889637,32,Tree (standing),88,Not Applicable,4,Roadside,2,Cloudy,88,Not Applicable,1,Daylight,1,Dry,99,Unknown,88,Not Applicable,88,Not Applicable,0,None,88,Not Applicable,88,Not Applicable,3,Intersection-Related,3,T-Intersection,1,No,1,No,88,Not Applicable,88,Not Applicable,88,Not Applicable,88,Not Applicable,FALSE,1,Public Road,1,"Trafficway, On Road",CT0009300,New Haven PD,175,09:26.0,O,Open,01:37.0,,,,,,,
1334812,1,Complete,1334812,1334812,41.306025,-72.931733,3819038,New Haven,93,93,New Haven,11/18/2025,2025,11,November,18,3,Tuesday,12:07:00,12,25046499,A,2,,Motor Vehicle In Motion,"Injury of any type (Serious, Minor, Possible)",C,Possible Injury (C),0,0,4,Local,0.02,291,HIGH ST,HIGH ST,,GEORGE ST,100,Feet,N,41.306025,-72.931733,14,Motor Vehicle in Operation,4,"Sideswipe, same direction",1,On Roadway,1,Clear,88,Not Applicable,1,Daylight,1,Dry,0,None,88,Not Applicable,88,Not Applicable,0,None,88,Not Applicable,88,Not Applicable,1,Non-Junction,1,Not at Intersection,1,No,1,No,88,Not Applicable,88,Not Applicable,88,Not Applicable,88,Not Applicable,FALSE,1,Public Road,1,"Trafficway, On Road",CT0009300,New Haven PD,46616,06:41.0,C,Closed,00:42.0,,,,,,,
1334821,1,Complete,1334821,1334821,41.326788,-72.907717,3819047,New Haven,93,93,New Haven,11/18/2025,2025,11,November,18,3,Tuesday,20:29:00,20,25046569,A,1,,Guardrail Face,"Injury of any type (Serious, Minor, Possible)",C,Possible Injury (C),0,0,4,Local,0.53,200,ENGLISH DR,ENGLISH DR,,ORANGE ST,100,Feet,E,41.326788,-72.907717,28,Guardrail Face,88,Not Applicable,1,On Roadway,1,Clear,88,Not Applicable,5,Dark-Not Lighted,1,Dry,0,None,88,Not Applicable,88,Not Applicable,0,None,88,Not Applicable,88,Not Applicable,1,Non-Junction,1,Not at Intersection,1,No,1,No,88,Not Applicable,88,Not Applicable,88,Not Applicable,88,Not Applicable,FALSE,1,Public Road,1,"Trafficway, On Road",CT0009300,New Haven PD,47005,50:39.0,C,Closed,00:47.0,,,,,,,
1334828,1,Complete,1334828,1334828,41.28641,-72.936178,3819054,New Haven,93,93,New Haven,11/19/2025,2025,11,November,19,4,Wednesday,16:41:00,16,25046647,A,2,,Motor Vehicle In Motion,"Injury of any type (Serious, Minor, Possible)",C,Possible Injury (C),0,2,3,State,0.47,10,10-N,10-N,KIMBERLY AVE,,,,,41.28641,-72.936178,14,Motor Vehicle in Operation,3,Angle,1,On Roadway,1,Clear,88,Not Applicable,1,Daylight,1,Dry,0,None,88,Not Applicable,88,Not Applicable,0,None,88,Not Applicable,88,Not Applicable,2,Intersection,2,Four-Way Intersection,1,No,1,No,88,Not Applicable,88,Not Applicable,88,Not Applicable,88,Not Applicable,FALSE,1,Public Road,1,"Trafficway, On Road",CT0009300,New Haven PD,45389,20:59.0,C,Closed,01:52.0,,,,,,,
1334833,1,Complete,1334833,1334833,41.320695,-72.970829,3819059,New Haven,93,93,New Haven,11/20/2025,2025,11,November,20,5,Thursday,7:15:00,7,25046706,A,1,,Utility Pole,"Injury of any type (Serious, Minor, Possible)",C,Possible Injury (C),0,0,4,Local,0.15,180,EDGEWOOD WAY,EDGEWOOD WAY,,FOREST RD,255,Feet,W,41.320695,-72.970829,33,Utility Pole/Light Support,88,Not Applicable,1,On Roadway,1,Clear,88,Not Applicable,1,Daylight,1,Dry,0,None,88,Not Applicable,88,Not Applicable,0,None,88,Not Applicable,88,Not Applicable,1,Non-Junction,1,Not at Intersection,1,No,1,No,88,Not Applicable,88,Not Applicable,88,Not Applicable,88,Not Applicable,FALSE,1,Public Road,1,"Trafficway, On Road",CT0009300,New Haven PD,44055,28:13.0,C,Closed,02:34.0,,,,,,,
1334834,1,Complete,1334834,1334834,41.305496,-72.952689,3819060,New Haven,93,93,New Haven,11/20/2025,2025,11,November,20,5,Thursday,7:40:00,7,25046710,A,3,,Motor Vehicle In Motion,"Injury of any type (Serious, Minor, Possible)",C,Possible Injury (C),0,0,4,Local,0,360,LEGION AV,LEGION AV,Ella T Grasso Blvd,,,,,41.305496,-72.952689,14,Motor Vehicle in Operation,3,Angle,1,On Roadway,1,Clear,88,Not Applicable,1,Daylight,1,Dry,0,None,88,Not Applicable,88,Not Applicable,0,None,88,Not Applicable,88,Not Applicable,2,Intersection,3,T-Intersection,1,No,1,No,88,Not Applicable,88,Not Applicable,88,Not Applicable,88,Not Applicable,TRUE,1,Public Road,1,"Trafficway, On Road",CT0009300,New Haven PD,45700,48:00.0,O,Open,02:26.0,,,,,,,
1334835,1,Complete,1334835,1334835,41.309163,-72.942038,3819061,New Haven,93,93,New Haven,11/20/2025,2025,11,November,20,5,Thursday,9:50:00,9,25046718,A,2,,Motor Vehicle In Motion,"Injury of any type (Serious, Minor, Possible)",C,Possible Injury (C),0,1,4,Local,0.54,453,ORCHARD ST,ORCHARD ST,GEORGE ST,,,,,41.309163,-72.942038,14,Motor Vehicle in Operation,3,Angle,1,On Roadway,1,Clear,88,Not Applicable,1,Daylight,1,Dry,0,None,88,Not Applicable,88,Not Applicable,0,None,88,Not Applicable,88,Not Applicable,2,Intersection,2,Four-Way Intersection,1,No,1,No,88,Not Applicable,88,Not Applicable,88,Not Applicable,88,Not Applicable,FALSE,1,Public Road,1,"Trafficway, On Road",CT0009300,New Haven PD,503,59:15.0,C,Closed,02:52.0,,,,,,,
1334836,1,Complete,1334836,1334836,41.320813,-72.873762,3819062,New Haven,93,93,New Haven,11/20/2025,2025,11,November,20,5,Thursday,11:50:00,11,25046736,A,2,,Motor Vehicle In Motion,"Injury of any type (Serious, Minor, Possible)",C,Possible Injury (C),0,0,3,State,0.45,80,80-E,80-E,,QUINNIPIAC AVE,50,Feet,E,41.320813,-72.873762,14,Motor Vehicle in Operation,4,"Sideswipe, same direction",1,On Roadway,1,Clear,88,Not Applicable,1,Daylight,1,Dry,0,None,88,Not Applicable,88,Not Applicable,0,None,88,Not Applicable,88,Not Applicable,3,Intersection-Related,2,Four-Way Intersection,1,No,1,No,88,Not Applicable,88,Not Applicable,88,Not Applicable,88,Not Applicable,FALSE,1,Public Road,1,"Trafficway, On Road",CT0009300,New Haven PD,42049,36:17.0,C,Closed,03:08.0,,,,,,,
1335128,1,Complete,1335128,1335128,41.309482,-72.923278,3819354,New Haven,93,93,New Haven,10/23/2024,2024,10,October,23,4,Wednesday,16:04:00,16,24043513,A,1,,Pedalcycle/Pedalcyclist,"Injury of any type (Serious, Minor, Possible)",B,Suspected Minor Injury (B),1,0,4,Local,0.45,103,CHURCH ST,CHURCH ST,WALL ST,,,,,41.309482,-72.923278,10,Pedalcycle/Pedalcyclist,3,Angle,1,On Roadway,1,Clear,88,Not Applicable,1,Daylight,1,Dry,0,None,88,Not Applicable,88,Not Applicable,0,None,88,Not Applicable,88,Not Applicable,2,Intersection,2,Four-Way Intersection,1,No,1,No,88,Not Applicable,88,Not Applicable,88,Not Applicable,88,Not Applicable,FALSE,1,Public Road,1,"Trafficway, On Road",CT0009300,New Haven PD,45398,28:36.0,C,Closed,01:54.0,,,,,,,
1335134,1,Complete,1335134,1335134,41.316432,-72.904719,3819360,New Haven,93,93,New Haven,10/28/2024,2024,10,October,28,2,Monday,21:54:00,21,24044194,A,2,,Parked Vehicle,"Injury of any type (Serious, Minor, Possible)",A,Suspected Serious Injury (A),0,0,4,Local,0.03,575,STATE ST,STATE ST,,JAMES ST,200,Feet,W,41.316432,-72.904719,15,Parked Motor Vehicle,1,Front to rear,1,On Roadway,1,Clear,88,Not Applicable,4,Dark-Lighted,1,Dry,0,None,88,Not Applicable,88,Not Applicable,0,None,88,Not Applicable,88,Not Applicable,1,Non-Junction,1,Not at Intersection,1,No,1,No,88,Not Applicable,88,Not Applicable,88,Not Applicable,88,Not Applicable,TRUE,1,Public Road,1,"Trafficway, On Road",CT0009300,New Haven PD,42042,58:26.0,C,Closed,01:55.0,,,,,,,
1335135,1,Complete,1335135,1335135,41.297544,-72.948899,3819361,New Haven,93,93,New Haven,11/6/2025,2025,11,November,6,5,Thursday,16:58:00,16,25044982,A,2,,Motor Vehicle In Motion,"Injury of any type (Serious, Minor, Possible)",C,Possible Injury (C),0,0,2,USRoute,46.64,1,1-N,1-N,10-N,,,,,41.297544,-72.948899,14,Motor Vehicle in Operation,3,Angle,1,On Roadway,1,Clear,88,Not Applicable,4,Dark-Lighted,1,Dry,0,None,88,Not Applicable,88,Not Applicable,0,None,88,Not Applicable,88,Not Applicable,2,Intersection,2,Four-Way Intersection,1,No,1,No,88,Not Applicable,88,Not Applicable,88,Not Applicable,88,Not Applicable,FALSE,1,Public Road,1,"Trafficway, On Road",CT0009300,New Haven PD,46898,53:10.0,C,Closed,02:26.0,,,,,,,
1335136,1,Complete,1335136,1335136,41.300943,-72.942413,3819362,New Haven,93,93,New Haven,11/12/2025,2025,11,November,12,4,Wednesday,13:21:00,13,25045805,A,2,,Motor Vehicle In Motion,"Injury of any type (Serious, Minor, Possible)",C,Possible Injury (C),0,0,4,Local,0.36,141,DAVENPORT AV,DAVENPORT AV,,STEVENS ST,57,Feet,S,41.300943,-72.942413,14,Motor Vehicle in Operation,1,Front to rear,1,On Roadway,1,Clear,88,Not Applicable,1,Daylight,1,Dry,0,None,88,Not Applicable,88,Not Applicable,0,None,88,Not Applicable,88,Not Applicable,3,Intersection-Related,3,T-Intersection,1,No,1,No,88,Not Applicable,88,Not Applicable,88,Not Applicable,88,Not Applicable,FALSE,1,Public Road,1,"Trafficway, On Road",CT0009300,New Haven PD,46898,30:35.0,C,Closed,02:33.0,,,,,,,
1335137,1,Complete,1335137,1335137,41.308765,-72.92541,3819363,New Haven,93,93,New Haven,11/14/2025,2025,11,November,14,6,Friday,18:51:00,18,25046107,A,2,,Motor Vehicle In Motion,"Injury of any type (Serious, Minor, Possible)",C,Possible Injury (C),0,0,4,Local,0.4,588,TEMPLE ST,TEMPLE ST,ELM ST NO 2,,,,,41.308765,-72.92541,14,Motor Vehicle in Operation,3,Angle,1,On Roadway,1,Clear,88,Not Applicable,1,Daylight,1,Dry,0,None,88,Not Applicable,88,Not Applicable,0,None,88,Not Applicable,88,Not Applicable,2,Intersection,2,Four-Way Intersection,1,No,1,No,88,Not Applicable,88,Not Applicable,88,Not Applicable,88,Not Applicable,FALSE,1,Public Road,1,"Trafficway, On Road",CT0009300,New Haven PD,46624,43:40.0,C,Closed,02:47.0,,,,,,,
1335156,1,Complete,1335156,1335156,41.317907,-72.946006,3819382,New Haven,93,93,New Haven,11/21/2025,2025,11,November,21,6,Friday,14:21:00,14,25046886,A,2,,Motor Vehicle In Motion,"Injury of any type (Serious, Minor, Possible)",B,Suspected Minor Injury (B),0,1,4,Local,0.17,653,WHALLEY AV,WHALLEY AV,NORTON ST,,,,,41.317907,-72.946006,14,Motor Vehicle in Operation,3,Angle,1,On Roadway,1,Clear,88,Not Applicable,1,Daylight,1,Dry,99,Unknown,88,Not Applicable,88,Not Applicable,0,None,88,Not Applicable,88,Not Applicable,2,Intersection,2,Four-Way Intersection,1,No,1,No,88,Not Applicable,88,Not Applicable,88,Not Applicable,88,Not Applicable,TRUE,1,Public Road,1,"Trafficway, On Road",CT0009300,New Haven PD,46627,21:20.0,C,Closed,02:23.0,,,,,,,
1335169,1,Complete,1335169,1335169,41.303767,-72.917467,3819395,New Haven,93,93,New Haven,11/21/2025,2025,11,November,21,6,Friday,22:34:00,22,25046945,A,4,,Parked Vehicle,"Injury of any type (Serious, Minor, Possible)",B,Suspected Minor Injury (B),0,0,4,Local,1.3,97,CHAPEL ST,CHAPEL ST,,WOOSTER PL,70,Feet,W,41.303767,-72.917467,14,Motor Vehicle in Operation,1,Front to rear,1,On Roadway,1,Clear,88,Not Applicable,4,Dark-Lighted,1,Dry,0,None,88,Not Applicable,88,Not Applicable,0,None,88,Not Applicable,88,Not Applicable,1,Non-Junction,1,Not at Intersection,1,No,1,No,88,Not Applicable,88,Not Applicable,88,Not Applicable,88,Not Applicable,FALSE,1,Public Road,1,"Trafficway, On Road",CT0009300,New Haven PD,46627,59:26.0,C,Closed,02:48.0,,,,,,,
1335173,1,Complete,1335173,1335173,41.308841,-72.945634,3819399,New Haven,93,93,New Haven,11/22/2025,2025,11,November,22,7,Saturday,10:42:00,10,25046977,A,2,,Motor Vehicle In Motion,"Injury of any type (Serious, Minor, Possible)",C,Possible Injury (C),0,0,4,Local,0.21,556,SHERMAN AV,SHERMAN AV,GILBERT AVE,,,,,41.308841,-72.945634,14,Motor Vehicle in Operation,3,Angle,1,On Roadway,1,Clear,88,Not Applicable,1,Daylight,2,Wet,0,None,88,Not Applicable,88,Not Applicable,0,None,88,Not Applicable,88,Not Applicable,2,Intersection,2,Four-Way Intersection,1,No,1,No,88,Not Applicable,88,Not Applicable,88,Not Applicable,88,Not Applicable,FALSE,1,Public Road,1,"Trafficway, On Road",CT0009300,New Haven PD,45700,25:48.0,C,Closed,02:43.0,,,,,,,
1335179,1,Complete,1335179,1335179,41.322128,-72.877567,3819405,New Haven,93,93,New Haven,11/23/2025,2025,11,November,23,1,Sunday,10:26:00,10,25047053,A,2,,Motor Vehicle In Motion,"Injury of any type (Serious, Minor, Possible)",C,Possible Injury (C),0,0,3,State,0.23,80,80-E,80-E,Walmart Plaza (private),,,,,41.322128,-72.877567,14,Motor Vehicle in Operation,3,Angle,1,On Roadway,1,Clear,88,Not Applicable,1,Daylight,1,Dry,0,None,88,Not Applicable,88,Not Applicable,0,None,88,Not Applicable,88,Not Applicable,2,Intersection,3,T-Intersection,1,No,1,No,88,Not Applicable,88,Not Applicable,88,Not Applicable,88,Not Applicable,TRUE,1,Public Road,1,"Trafficway, On Road",CT0009300,New Haven PD,42049,51:52.0,C,Closed,02:56.0,,,,,,,
1335182,1,Complete,1335182,1335182,41.324653,-72.977854,3819408,New Haven,93,93,New Haven,11/23/2025,2025,11,November,23,1,Sunday,18:24:00,18,25047099,A,2,,Parked Vehicle,"Injury of any type (Serious, Minor, Possible)",B,Suspected Minor Injury (B),1,0,4,Local,0.07,137,CURTIS DR,CURTIS DR,,RAY RD,50,Feet,S,41.324653,-72.977854,14,Motor Vehicle in Operation,4,"Sideswipe, same direction",1,On Roadway,1,Clear,88,Not Applicable,4,Dark-Lighted,1,Dry,0,None,88,Not Applicable,88,Not Applicable,0,None,88,Not Applicable,88,Not Applicable,1,Non-Junction,1,Not at Intersection,1,No,1,No,88,Not Applicable,88,Not Applicable,88,Not Applicable,88,Not Applicable,TRUE,1,Public Road,1,"Trafficway, On Road",CT0009300,New Haven PD,45403,51:01.0,C,Closed,02:59.0,,,,,,,
1335815,1,Complete,1335815,1335815,41.319281,-72.949552,3820041,New Haven,93,93,New Haven,11/6/2025,2025,11,November,6,5,Thursday,11:13:00,11,25044942,A,2,,Motor Vehicle In Motion,"Injury of any type (Serious, Minor, Possible)",C,Possible Injury (C),0,0,3,State,3.06,10,10-N,10-N,,ELLA T GRASSO BLVD,75,Feet,W,41.319281,-72.949552,14,Motor Vehicle in Operation,1,Front to rear,1,On Roadway,1,Clear,1,Clear,1,Daylight,1,Dry,0,None,88,Not Applicable,88,Not Applicable,0,None,88,Not Applicable,88,Not Applicable,3,Intersection-Related,2,Four-Way Intersection,1,No,1,No,88,Not Applicable,88,Not Applicable,88,Not Applicable,88,Not Applicable,FALSE,1,Public Road,1,"Trafficway, On Road",CT0009300,New Haven PD,307,37:39.0,C,Closed,00:38.0,,,,,,,
1335817,1,Complete,1335817,1335817,41.29869,-72.92901,3820043,New Haven,93,93,New Haven,11/20/2025,2025,11,November,20,5,Thursday,14:50:00,14,25046633,A,2,,Motor Vehicle In Motion,"Injury of any type (Serious, Minor, Possible)",C,Possible Injury (C),0,0,2,USRoute,47.67,1,1-N,1-N,1-S,,,,,41.29869,-72.92901,14,Motor Vehicle in Operation,3,Angle,1,On Roadway,1,Clear,88,Not Applicable,1,Daylight,1,Dry,0,None,88,Not Applicable,88,Not Applicable,0,None,88,Not Applicable,88,Not Applicable,2,Intersection,2,Four-Way Intersection,1,No,1,No,88,Not Applicable,88,Not Applicable,88,Not Applicable,88,Not Applicable,FALSE,1,Public Road,1,"Trafficway, On Road",CT0009300,New Haven PD,42044,18:23.0,C,Closed,00:42.0,,,,,,,
1335819,1,Complete,1335819,1335819,41.306569,-72.927033,3820045,New Haven,93,93,New Haven,11/23/2025,2025,11,November,23,1,Sunday,0:30:00,0,25047030,A,2,,Motor Vehicle In Motion,"Injury of any type (Serious, Minor, Possible)",C,Possible Injury (C),0,0,4,Local,1.84,97,CHAPEL ST,CHAPEL ST,TEMPLE ST,,,,,41.306569,-72.927033,14,Motor Vehicle in Operation,3,Angle,1,On Roadway,1,Clear,88,Not Applicable,4,Dark-Lighted,1,Dry,0,None,88,Not Applicable,88,Not Applicable,0,None,88,Not Applicable,88,Not Applicable,2,Intersection,2,Four-Way Intersection,1,No,1,No,88,Not Applicable,88,Not Applicable,88,Not Applicable,88,Not Applicable,FALSE,1,Public Road,1,"Trafficway, On Road",CT0009300,New Haven PD,48046,21:16.0,C,Closed,00:37.0,,,,,,,
1335833,1,Complete,1335833,1335833,41.3190575,-72.9491098,3820059,New Haven,93,93,New Haven,11/24/2025,2025,11,November,24,2,Monday,16:34:00,16,25047279,A,2,,Motor Vehicle In Motion,"Injury of any type (Serious, Minor, Possible)",C,Possible Injury (C),0,0,4,Local,0,690,ELLA T GRASSO BLVD,ELLA T GRASSO BLVD,WHALLEY AVE,,,,,41.3190575,-72.9491098,14,Motor Vehicle in Operation,3,Angle,1,On Roadway,1,Clear,88,Not Applicable,4,Dark-Lighted,1,Dry,0,None,88,Not Applicable,88,Not Applicable,0,None,88,Not Applicable,88,Not Applicable,2,Intersection,2,Four-Way Intersection,1,No,1,No,88,Not Applicable,88,Not Applicable,88,Not Applicable,88,Not Applicable,FALSE,1,Public Road,1,"Trafficway, On Road",CT0009300,New Haven PD,44947,36:49.0,C,Closed,01:06.0,,,,,,,
1335839,1,Complete,1335839,1335839,41.3238303,-72.9168978,3820065,New Haven,93,93,New Haven,11/24/2025,2025,11,November,24,2,Monday,18:31:00,18,25047309,A,2,,Motor Vehicle In Motion,"Injury of any type (Serious, Minor, Possible)",C,Possible Injury (C),0,0,4,Local,0.96,656,WHITNEY AV,WHITNEY AV,WILLOW ST,,,,,41.3238303,-72.9168978,14,Motor Vehicle in Operation,3,Angle,1,On Roadway,1,Clear,88,Not Applicable,99,Unknown,1,Dry,0,None,88,Not Applicable,88,Not Applicable,0,None,88,Not Applicable,88,Not Applicable,2,Intersection,3,T-Intersection,1,No,1,No,88,Not Applicable,88,Not Applicable,88,Not Applicable,88,Not Applicable,FALSE,1,Public Road,1,"Trafficway, On Road",CT0009300,New Haven PD,48044,12:30.0,C,Closed,01:07.0,,,,,,,
1336188,1,Complete,1336188,1336188,41.30752172,-72.95296777,925184,New Haven,93,93,New Haven,9/26/2025,2025,9,September,26,6,Friday,22:04:00,22,25039480,K,1,Straight Ahead,Pedestrian,Fatal (Kill),K,Fatal Injury (K),1,0,3,State,2.2,10,10-N,10-N,,M LUTHER KING BLVD,315,Feet,N,41.30752172,-72.95296777,9,Pedestrian,88,Not Applicable,1,On Roadway,1,Clear,88,Not Applicable,5,Dark-Not Lighted,1,Dry,0,None,88,Not Applicable,88,Not Applicable,0,None,88,Not Applicable,88,Not Applicable,1,Non-Junction,1,Not at Intersection,1,No,1,No,88,Not Applicable,88,Not Applicable,88,Not Applicable,88,Not Applicable,FALSE,1,Public Road,1,"Trafficway, On Road",CT0009300,New Haven PD,48046,01:24.0,O,Open,01:53.0,,,,,,,
1336192,1,Complete,1336192,1336192,41.328983,-72.932427,3820418,New Haven,93,93,New Haven,11/20/2025,2025,11,November,20,5,Thursday,23:41:00,23,25046822,A,1,,Pedalcycle/Pedalcyclist,"Injury of any type (Serious, Minor, Possible)",C,Possible Injury (C),1,0,4,Local,0.47,552,SHELTON AV,SHELTON AV,HAZEL ST,,,,,41.328983,-72.932427,10,Pedalcycle/Pedalcyclist,3,Angle,1,On Roadway,1,Clear,88,Not Applicable,4,Dark-Lighted,1,Dry,0,None,88,Not Applicable,88,Not Applicable,0,None,88,Not Applicable,88,Not Applicable,2,Intersection,2,Four-Way Intersection,1,No,1,No,88,Not Applicable,88,Not Applicable,88,Not Applicable,88,Not Applicable,TRUE,1,Public Road,1,"Trafficway, On Road",CT0009300,New Haven PD,45393,51:46.0,C,Closed,02:18.0,,,,,,,
1336195,1,Complete,1336195,1336195,41.285251,-72.930796,3820421,New Haven,93,93,New Haven,11/24/2025,2025,11,November,24,2,Monday,15:55:00,15,25047271,A,2,,Motor Vehicle In Motion,"Injury of any type (Serious, Minor, Possible)",C,Possible Injury (C),0,0,4,Local,1.48,308,HOWARD AV,HOWARD AV,5th Street,,,,,41.285251,-72.930796,14,Motor Vehicle in Operation,3,Angle,1,On Roadway,1,Clear,88,Not Applicable,1,Daylight,1,Dry,0,None,88,Not Applicable,88,Not Applicable,0,None,88,Not Applicable,88,Not Applicable,2,Intersection,2,Four-Way Intersection,1,No,1,No,88,Not Applicable,88,Not Applicable,88,Not Applicable,88,Not Applicable,TRUE,1,Public Road,1,"Trafficway, On Road",CT0009300,New Haven PD,48375,09:08.0,C,Closed,01:56.0,,,,,,,
1336198,1,Complete,1336198,1336198,41.31484,-72.96006,3820424,New Haven,93,93,New Haven,11/25/2025,2025,11,November,25,3,Tuesday,7:47:00,7,25047368,A,3,,Parked Vehicle,"Injury of any type (Serious, Minor, Possible)",A,Suspected Serious Injury (A),0,0,4,Local,3.68,97,CHAPEL ST,CHAPEL ST,,YALE AVE,230,Feet,W,41.31484,-72.96006,14,Motor Vehicle in Operation,3,Angle,1,On Roadway,1,Clear,1,Clear,1,Daylight,1,Dry,0,None,88,Not Applicable,88,Not Applicable,0,None,88,Not Applicable,88,Not Applicable,1,Non-Junction,1,Not at Intersection,1,No,1,No,88,Not Applicable,88,Not Applicable,88,Not Applicable,88,Not Applicable,FALSE,1,Public Road,1,"Trafficway, On Road",CT0009300,New Haven PD,45132,06:35.0,C,Closed,02:02.0,,,,,,,