CrashId,Fatal Case Status,Fatal Case Status Text Format,CrashId,CrashId,Latitude,Longitude,DOT Case Number,Town Name,Town Number,Town Number,Town Number Text Format,Date Of Crash,Year,Month,Month Text Format,Day,Day of the Week,Day of the Week Text Format,Time of Crash,Hour of the Day,Case Identifier,Crash Severity,Number Of Motor Vehicles,Motor vehicle action,Most harmful event,Crash Severity Text Format,Most Severe Injury,Most Severe Injury Text Format,Number Of Non-Motorist,Number Of Witnesses,Route Class,Route Class Text Format,Milemarker,Road Number,Road Description,Roadway Name,Intersecting Roadway Name,Landmark Description,Distance From Nearest Landmark,Unit Of Measure From Nearest Landmark,Direction From Nearest Landmark,Latitude,Longitude,First Harmful Event,First Harmful Event Text Format,Manner of Crash / Collision Impact,Manner of Crash / Collision Impact Text Format,Location of First Harmful Event,Location of First Harmful Event Text Format,Weather Condition,Weather Condition Text Format,Weather 2,Weather 2 Text Format,Light Condition,Light Condition Text Format,Road Surface Condition,Road Surface Condition Text Format,"Contributing Circumstances, Environment","Contributing Circumstances, Environment Text Format",Environment 2,Environment 2 Text Format,Environment 3,Environment 3 Text Format,"Contributing Circumstances, Road","Contributing Circumstances, Road Text Format",Road 2,Road 2 Text Format,Road 3,Road 3 Text Format,Crash Specific Location,Crash Specific Location Text Format,Type of Intersection,Type of Intersection Text Format,School Bus Related,School Bus Related Text Format,Work Zone Related,Work Zone Related Text Format,Location Of Crash Relative To Work Zone,Location Of Crash Relative To Work Zone Text Format,Type of Work Zone,Type of Work Zone Text Format,Worker Presence,Worker Presence Text Format,Law Enforcement Presence,Law Enforcement Presence Text Format,Were Vehicles Moved Prior To Police Arrival,Trafficway Ownership,Trafficway Ownership Text Format,Trafficway Class,Trafficway Class Text Format,Police Agency,Police Agency Text Format,Badge Number,Approval Date,Police Case Status,Police Case Status Text Format,Crash Report Submission Date,Related Case Identifiers,No. of Through Lanes (Log Dir.),Average Daily Traffic,Functional Classification,Functional Classification Text Format,Rural or Urban,Rural or Urban Text Format
1336201,1,Complete,1336201,1336201,41.3149,-72.898632,3820427,New Haven,93,93,New Haven,11/25/2025,2025,11,November,25,3,Tuesday,15:01:00,15,25047436,A,2,,Motor Vehicle In Motion,"Injury of any type (Serious, Minor, Possible)",C,Possible Injury (C),0,0,4,Local,0.29,379,LOMBARD ST,LOMBARD ST,POPLAR ST,,,,,41.3149,-72.898632,14,Motor Vehicle in Operation,3,Angle,1,On Roadway,4,Rain,88,Not Applicable,1,Daylight,2,Wet,0,None,88,Not Applicable,88,Not Applicable,0,None,88,Not Applicable,88,Not Applicable,2,Intersection,3,T-Intersection,1,No,1,No,88,Not Applicable,88,Not Applicable,88,Not Applicable,88,Not Applicable,FALSE,1,Public Road,1,"Trafficway, On Road",CT0009300,New Haven PD,42367,22:16.0,C,Closed,01:58.0,,,,,,,
1336202,1,Complete,1336202,1336202,41.321685,-72.910831,3820428,New Haven,93,93,New Haven,11/25/2025,2025,11,November,25,3,Tuesday,15:48:00,15,25047441,A,2,,Motor Vehicle In Motion,"Injury of any type (Serious, Minor, Possible)",B,Suspected Minor Injury (B),0,0,4,Local,0.58,666,WILLOW ST,WILLOW ST,,ANDERSON ST,100,Feet,W,41.321685,-72.910831,14,Motor Vehicle in Operation,1,Front to rear,1,On Roadway,4,Rain,88,Not Applicable,1,Daylight,2,Wet,0,None,88,Not Applicable,88,Not Applicable,0,None,88,Not Applicable,88,Not Applicable,1,Non-Junction,1,Not at Intersection,1,No,1,No,88,Not Applicable,88,Not Applicable,88,Not Applicable,88,Not Applicable,FALSE,1,Public Road,1,"Trafficway, On Road",CT0009300,New Haven PD,87,28:58.0,C,Closed,02:09.0,,,,,,,
1336203,1,Complete,1336203,1336203,41.30482,-72.926729,3820429,New Haven,93,93,New Haven,11/25/2025,2025,11,November,25,3,Tuesday,16:23:00,16,25047445,A,1,,Motor Vehicle In Motion,"Injury of any type (Serious, Minor, Possible)",B,Suspected Minor Injury (B),1,0,4,Local,0.21,136,CROWN ST,CROWN ST,CHURCH ST,,,,,41.30482,-72.926729,10,Pedalcycle/Pedalcyclist,3,Angle,1,On Roadway,2,Cloudy,88,Not Applicable,3,Dusk,2,Wet,0,None,88,Not Applicable,88,Not Applicable,0,None,88,Not Applicable,88,Not Applicable,2,Intersection,2,Four-Way Intersection,1,No,1,No,88,Not Applicable,88,Not Applicable,88,Not Applicable,88,Not Applicable,FALSE,1,Public Road,1,"Trafficway, On Road",CT0009300,New Haven PD,44049,30:42.0,C,Closed,02:19.0,,,,,,,
1336205,1,Complete,1336205,1336205,41.3331,-72.935215,3820431,New Haven,93,93,New Haven,11/25/2025,2025,11,November,25,3,Tuesday,17:19:00,17,25047455,A,3,,Motor Vehicle In Motion,"Injury of any type (Serious, Minor, Possible)",B,Suspected Minor Injury (B),0,0,4,Local,1.42,152,DIXWELL AV,DIXWELL AV,,DORMAN ST,110,Feet,S,41.3331,-72.935215,14,Motor Vehicle in Operation,1,Front to rear,1,On Roadway,1,Clear,88,Not Applicable,6,Dark-Unknown Lighting,2,Wet,0,None,88,Not Applicable,88,Not Applicable,0,None,88,Not Applicable,88,Not Applicable,1,Non-Junction,1,Not at Intersection,1,No,1,No,88,Not Applicable,88,Not Applicable,88,Not Applicable,88,Not Applicable,FALSE,1,Public Road,1,"Trafficway, On Road",CT0009300,New Haven PD,46900,19:11.0,C,Closed,02:09.0,,,,,,,
1336206,1,Complete,1336206,1336206,41.310181,-72.952935,3820432,New Haven,93,93,New Haven,11/25/2025,2025,11,November,25,3,Tuesday,17:27:00,17,25047461,A,2,,Motor Vehicle In Motion,"Injury of any type (Serious, Minor, Possible)",C,Possible Injury (C),0,0,4,Local,0.37,147,DERBY AV,DERBY AV,,Ella T Grasso Boulevard,30,Feet,E,41.310181,-72.952935,14,Motor Vehicle in Operation,1,Front to rear,1,On Roadway,4,Rain,88,Not Applicable,4,Dark-Lighted,2,Wet,0,None,88,Not Applicable,88,Not Applicable,0,None,88,Not Applicable,88,Not Applicable,3,Intersection-Related,2,Four-Way Intersection,1,No,1,No,88,Not Applicable,88,Not Applicable,88,Not Applicable,88,Not Applicable,FALSE,1,Public Road,1,"Trafficway, On Road",CT0009300,New Haven PD,44055,43:26.0,C,Closed,02:03.0,,,,,,,
1336209,1,Complete,1336209,1336209,41.30398,-72.921771,3820435,New Haven,93,93,New Haven,11/25/2025,2025,11,November,25,3,Tuesday,19:23:00,19,25047476,A,1,,Pedestrian,"Injury of any type (Serious, Minor, Possible)",C,Possible Injury (C),1,0,4,Local,0.19,606,UNION ST,UNION ST,, CHAPEL ST,100,Feet,S,41.30398,-72.921771,9,Pedestrian,88,Not Applicable,1,On Roadway,4,Rain,88,Not Applicable,5,Dark-Not Lighted,2,Wet,1,Weather Conditions,88,Not Applicable,88,Not Applicable,0,None,88,Not Applicable,88,Not Applicable,1,Non-Junction,1,Not at Intersection,1,No,1,No,88,Not Applicable,88,Not Applicable,88,Not Applicable,88,Not Applicable,FALSE,1,Public Road,1,"Trafficway, On Road",CT0009300,New Haven PD,48044,11:15.0,C,Closed,02:14.0,,,,,,,
1336210,1,Complete,1336210,1336210,41.314484,-72.958654,3820436,New Haven,93,93,New Haven,11/25/2025,2025,11,November,25,3,Tuesday,16:47:00,16,25047481,A,2,,Motor Vehicle In Motion,"Injury of any type (Serious, Minor, Possible)",C,Possible Injury (C),0,0,4,Local,3.6,97,CHAPEL ST,CHAPEL ST,Yale Avenue,,,,,41.314484,-72.958654,14,Motor Vehicle in Operation,3,Angle,1,On Roadway,4,Rain,88,Not Applicable,3,Dusk,2,Wet,0,None,88,Not Applicable,88,Not Applicable,0,None,88,Not Applicable,88,Not Applicable,2,Intersection,7,Roundabout,1,No,1,No,88,Not Applicable,88,Not Applicable,88,Not Applicable,88,Not Applicable,TRUE,1,Public Road,1,"Trafficway, On Road",CT0009300,New Haven PD,47744,17:38.0,O,Open,02:15.0,,,,,,,
1336211,1,Complete,1336211,1336211,41.284799,-72.93484,3820437,New Haven,93,93,New Haven,11/25/2025,2025,11,November,25,3,Tuesday,20:10:00,20,25047482,A,2,,Motor Vehicle In Motion,"Injury of any type (Serious, Minor, Possible)",C,Possible Injury (C),0,0,3,State,0.33,10,10-N,10-N,,95-S-366 (Exit 44 on ramp),35,Feet,N,41.284799,-72.93484,14,Motor Vehicle in Operation,1,Front to rear,1,On Roadway,4,Rain,88,Not Applicable,4,Dark-Lighted,2,Wet,0,None,88,Not Applicable,88,Not Applicable,0,None,88,Not Applicable,88,Not Applicable,3,Intersection-Related,2,Four-Way Intersection,1,No,1,No,88,Not Applicable,88,Not Applicable,88,Not Applicable,88,Not Applicable,FALSE,1,Public Road,1,"Trafficway, On Road",CT0009300,New Haven PD,45625,07:21.0,C,Closed,02:13.0,,,,,,,
1336555,1,Complete,1336555,1336555,41.309427,-72.890935,3820781,New Haven,93,93,New Haven,11/19/2025,2025,11,November,19,4,Wednesday,9:46:00,9,25046605,A,2,,Motor Vehicle In Motion,"Injury of any type (Serious, Minor, Possible)",C,Possible Injury (C),0,0,4,Local,0.27,264,GRAND AV,GRAND AV,,Clinton Avenue,55,Feet,W,41.309427,-72.890935,14,Motor Vehicle in Operation,1,Front to rear,1,On Roadway,1,Clear,88,Not Applicable,1,Daylight,1,Dry,0,None,88,Not Applicable,88,Not Applicable,8,Work Zone (construction / maintenance / utility),88,Not Applicable,88,Not Applicable,1,Non-Junction,1,Not at Intersection,1,No,2,Yes,3,Transition Area,2,Lane Shift / Crossover,2,Yes,1,No,FALSE,1,Public Road,1,"Trafficway, On Road",CT0009300,New Haven PD,370,16:48.0,C,Closed,02:13.0,,,,,,,
1336562,1,Complete,1336562,1336562,41.31396,-72.970567,3820788,New Haven,93,93,New Haven,11/26/2025,2025,11,November,26,4,Wednesday,7:25:00,7,25047525,A,1,,"Other Fixed Object (wall, building, tunnel, etc.)","Injury of any type (Serious, Minor, Possible)",C,Possible Injury (C),0,0,3,State,2.43,122,122-N,122-N,,ROGER RD,250,Feet,S,41.31396,-72.970567,39,"Other Fixed Object (wall, building, tunnel, etc.)",88,Not Applicable,1,On Roadway,1,Clear,88,Not Applicable,1,Daylight,2,Wet,0,None,88,Not Applicable,88,Not Applicable,0,None,88,Not Applicable,88,Not Applicable,1,Non-Junction,1,Not at Intersection,1,No,1,No,88,Not Applicable,88,Not Applicable,88,Not Applicable,88,Not Applicable,FALSE,1,Public Road,1,"Trafficway, On Road",CT0009300,New Haven PD,503,41:49.0,C,Closed,02:05.0,,,,,,,
1336563,1,Complete,1336563,1336563,41.319947,-72.940446,3820789,New Haven,93,93,New Haven,11/26/2025,2025,11,November,26,4,Wednesday,9:04:00,9,25047539,A,2,,Motor Vehicle In Motion,"Injury of any type (Serious, Minor, Possible)",C,Possible Injury (C),0,0,4,Local,0.05,257,GOFFE ST,GOFFE ST,Sherman Parkway,,,,,41.319947,-72.940446,14,Motor Vehicle in Operation,3,Angle,1,On Roadway,2,Cloudy,88,Not Applicable,1,Daylight,2,Wet,0,None,88,Not Applicable,88,Not Applicable,0,None,88,Not Applicable,88,Not Applicable,2,Intersection,2,Four-Way Intersection,1,No,1,No,88,Not Applicable,88,Not Applicable,88,Not Applicable,88,Not Applicable,FALSE,1,Public Road,1,"Trafficway, On Road",CT0009300,New Haven PD,45700,32:11.0,C,Closed,02:02.0,,,,,,,
1336725,1,Complete,1336725,1336725,41.314008,-72.93253,3820951,New Haven,93,93,New Haven,11/7/2025,2025,11,November,7,6,Friday,19:00:00,19,25045134,A,2,,Motor Vehicle In Motion,"Injury of any type (Serious, Minor, Possible)",C,Possible Injury (C),0,0,4,Local,0.07,152,DIXWELL AV,DIXWELL AV,,LAKE PL,50,Feet,N,41.314008,-72.93253,14,Motor Vehicle in Operation,3,Angle,1,On Roadway,1,Clear,88,Not Applicable,6,Dark-Unknown Lighting,1,Dry,0,None,88,Not Applicable,88,Not Applicable,0,None,88,Not Applicable,88,Not Applicable,1,Non-Junction,1,Not at Intersection,1,No,1,No,88,Not Applicable,88,Not Applicable,88,Not Applicable,88,Not Applicable,TRUE,1,Public Road,1,"Trafficway, On Road",CT0009300,New Haven PD,46900,52:41.0,C,Closed,01:42.0,,,,,,,
1336731,1,Complete,1336731,1336731,41.29743148,-72.9500828,925249,New Haven,93,93,New Haven,11/26/2025,2025,11,November,26,4,Wednesday,19:26:00,19,25047628,K,1,Straight Ahead,Pedestrian,Fatal (Kill),K,Fatal Injury (K),1,0,2,USRoute,46.58,1,1-N,1-N,,ELLA T GRASSO BLVD,300,Feet,S,41.29743148,-72.9500828,9,Pedestrian,88,Not Applicable,1,On Roadway,1,Clear,88,Not Applicable,6,Dark-Unknown Lighting,1,Dry,99,Unknown,88,Not Applicable,88,Not Applicable,99,Unknown,88,Not Applicable,88,Not Applicable,1,Non-Junction,1,Not at Intersection,1,No,1,No,88,Not Applicable,88,Not Applicable,88,Not Applicable,88,Not Applicable,FALSE,1,Public Road,1,"Trafficway, On Road",CT0009300,New Haven PD,47003,36:39.0,C,Closed,01:29.0,25-047628,,,,,,
1337193,1,Complete,1337193,1337193,41.303468,-72.920354,3821419,New Haven,93,93,New Haven,10/31/2025,2025,10,October,31,6,Friday,15:28:00,15,25044151,A,1,,Pedestrian,"Injury of any type (Serious, Minor, Possible)",C,Possible Injury (C),1,0,4,Local,0.08,447,OLIVE ST,OLIVE ST,,Chapel ST,135,Feet,S,41.303468,-72.920354,9,Pedestrian,88,Not Applicable,1,On Roadway,1,Clear,88,Not Applicable,1,Daylight,1,Dry,0,None,88,Not Applicable,88,Not Applicable,0,None,88,Not Applicable,88,Not Applicable,1,Non-Junction,1,Not at Intersection,1,No,1,No,88,Not Applicable,88,Not Applicable,88,Not Applicable,88,Not Applicable,FALSE,1,Public Road,1,"Trafficway, On Road",CT0009300,New Haven PD,44052,15:25.0,C,Closed,00:49.0,,,,,,,
1337194,1,Complete,1337194,1337194,41.320028,-72.921692,3821420,New Haven,93,93,New Haven,11/6/2025,2025,11,November,6,5,Thursday,8:45:00,8,25044899,A,2,,Motor Vehicle In Motion,"Injury of any type (Serious, Minor, Possible)",C,Possible Injury (C),0,0,4,Local,0.08,184,EDWARDS ST,EDWARDS ST,,ST ROMAN ST ,330,Feet,W,41.320028,-72.921692,14,Motor Vehicle in Operation,6,Rear to side,1,On Roadway,1,Clear,88,Not Applicable,1,Daylight,1,Dry,0,None,88,Not Applicable,88,Not Applicable,0,None,88,Not Applicable,88,Not Applicable,9,Driveway Access-Related,1,Not at Intersection,1,No,1,No,88,Not Applicable,88,Not Applicable,88,Not Applicable,88,Not Applicable,FALSE,1,Public Road,1,"Trafficway, On Road",CT0009300,New Haven PD,48507,05:32.0,C,Closed,00:50.0,,,,,,,
1337203,1,Complete,1337203,1337203,41.291484,-72.931849,3821429,New Haven,93,93,New Haven,11/23/2025,2025,11,November,23,1,Sunday,0:48:00,0,25047032,A,3,,Parked Vehicle,"Injury of any type (Serious, Minor, Possible)",C,Possible Injury (C),0,0,4,Local,0.46,350,LAMBERTON ST,LAMBERTON ST,,HOWARD AV,150,Feet,E,41.291484,-72.931849,14,Motor Vehicle in Operation,2,Front to front,1,On Roadway,1,Clear,88,Not Applicable,4,Dark-Lighted,1,Dry,0,None,88,Not Applicable,88,Not Applicable,0,None,88,Not Applicable,88,Not Applicable,1,Non-Junction,1,Not at Intersection,1,No,1,No,88,Not Applicable,88,Not Applicable,88,Not Applicable,88,Not Applicable,FALSE,1,Public Road,1,"Trafficway, On Road",CT0009300,New Haven PD,48829,18:16.0,C,Closed,01:41.0,,,,,,,
1337213,1,Complete,1337213,1337213,41.28891,-72.93174,3821439,New Haven,93,93,New Haven,11/27/2025,2025,11,November,27,5,Thursday,12:21:00,12,25047706,A,2,,Motor Vehicle In Motion,"Injury of any type (Serious, Minor, Possible)",C,Possible Injury (C),0,0,4,Local,1.23,308,HOWARD AV,HOWARD AV,SECOND ST,,,,,41.28891,-72.93174,14,Motor Vehicle in Operation,97,Other,1,On Roadway,1,Clear,88,Not Applicable,1,Daylight,1,Dry,0,None,88,Not Applicable,88,Not Applicable,0,None,88,Not Applicable,88,Not Applicable,2,Intersection,2,Four-Way Intersection,1,No,1,No,88,Not Applicable,88,Not Applicable,88,Not Applicable,88,Not Applicable,FALSE,1,Public Road,1,"Trafficway, On Road",CT0009300,New Haven PD,48507,16:27.0,C,Closed,01:04.0,,,,,,,
1337214,1,Complete,1337214,1337214,41.31024,-72.95311,3821440,New Haven,93,93,New Haven,11/28/2025,2025,11,November,28,6,Friday,3:38:00,3,25047745,A,1,,Traffic Signal Support,"Injury of any type (Serious, Minor, Possible)",C,Possible Injury (C),0,0,3,State,2.39,10,10-N,10-N,DERBY AV,,,,,41.31024,-72.95311,35,Traffic Signal Support,88,Not Applicable,4,Roadside,1,Clear,88,Not Applicable,4,Dark-Lighted,1,Dry,0,None,88,Not Applicable,88,Not Applicable,0,None,88,Not Applicable,88,Not Applicable,2,Intersection,2,Four-Way Intersection,1,No,1,No,88,Not Applicable,88,Not Applicable,88,Not Applicable,88,Not Applicable,FALSE,1,Public Road,1,"Trafficway, On Road",CT0009300,New Haven PD,47005,50:43.0,C,Closed,01:01.0,,,,,,,
1337219,1,Complete,1337219,1337219,41.32067744,-72.89752176,3821445,New Haven,93,93,New Haven,11/28/2025,2025,11,November,28,6,Friday,23:12:00,23,25047843,A,1,,Pedestrian,"Injury of any type (Serious, Minor, Possible)",A,Suspected Serious Injury (A),1,0,2,USRoute,0.47,5,5-N,5-N,,ROCK ST,150,Feet,S,41.32067744,-72.89752176,9,Pedestrian,88,Not Applicable,1,On Roadway,1,Clear,88,Not Applicable,4,Dark-Lighted,1,Dry,0,None,88,Not Applicable,88,Not Applicable,0,None,88,Not Applicable,88,Not Applicable,1,Non-Junction,1,Not at Intersection,1,No,1,No,88,Not Applicable,88,Not Applicable,88,Not Applicable,88,Not Applicable,TRUE,1,Public Road,1,"Trafficway, On Road",CT0009300,New Haven PD,40085,10:09.0,O,Open,01:13.0,,,,,,,
1337220,1,Complete,1337220,1337220,41.2865,-72.936373,3821446,New Haven,93,93,New Haven,11/28/2025,2025,11,November,28,6,Friday,23:37:00,23,25047845,A,2,,Motor Vehicle In Motion,"Injury of any type (Serious, Minor, Possible)",C,Possible Injury (C),0,0,3,State,0.48,10,10-N,10-N,,KIMBERLY AV,60,Feet,N,41.2865,-72.936373,14,Motor Vehicle in Operation,1,Front to rear,1,On Roadway,1,Clear,88,Not Applicable,4,Dark-Lighted,1,Dry,0,None,88,Not Applicable,88,Not Applicable,0,None,88,Not Applicable,88,Not Applicable,3,Intersection-Related,2,Four-Way Intersection,1,No,1,No,88,Not Applicable,88,Not Applicable,88,Not Applicable,88,Not Applicable,FALSE,1,Public Road,1,"Trafficway, On Road",CT0009300,New Haven PD,44953,06:24.0,C,Closed,01:12.0,,,,,,,
1337236,1,Complete,1337236,1337236,41.286584,-72.936474,3821462,New Haven,93,93,New Haven,11/30/2025,2025,11,November,30,1,Sunday,22:25:00,22,25048031,A,3,,Motor Vehicle In Motion,"Injury of any type (Serious, Minor, Possible)",C,Possible Injury (C),0,0,3,State,0.49,10,10-N,10-N,,KIMBERLY AV,100,Feet,N,41.286584,-72.936474,14,Motor Vehicle in Operation,1,Front to rear,1,On Roadway,1,Clear,88,Not Applicable,6,Dark-Unknown Lighting,1,Dry,0,None,88,Not Applicable,88,Not Applicable,0,None,88,Not Applicable,88,Not Applicable,3,Intersection-Related,2,Four-Way Intersection,1,No,1,No,88,Not Applicable,88,Not Applicable,88,Not Applicable,88,Not Applicable,TRUE,1,Public Road,1,"Trafficway, On Road",CT0009300,New Haven PD,44953,11:19.0,C,Closed,01:43.0,,,,,,,
1337862,1,Complete,1337862,1337862,41.309349,-72.935505,3822088,New Haven,93,93,New Haven,12/1/2025,2025,12,December,1,2,Monday,11:58:00,11,25048122,A,2,,Motor Vehicle In Motion,"Injury of any type (Serious, Minor, Possible)",C,Possible Injury (C),0,0,4,Local,0.24,310,HOWE ST,HOWE ST,CHAPEL ST,,,,,41.309349,-72.935505,14,Motor Vehicle in Operation,3,Angle,1,On Roadway,1,Clear,88,Not Applicable,1,Daylight,1,Dry,0,None,88,Not Applicable,88,Not Applicable,0,None,88,Not Applicable,88,Not Applicable,2,Intersection,2,Four-Way Intersection,1,No,1,No,88,Not Applicable,88,Not Applicable,88,Not Applicable,88,Not Applicable,FALSE,1,Public Road,1,"Trafficway, On Road",CT0009300,New Haven PD,45983,56:37.0,C,Closed,01:00.0,,,,,,,
1337867,1,Complete,1337867,1337867,41.3038245,-72.9184349,3822093,New Haven,93,93,New Haven,12/1/2025,2025,12,December,1,2,Monday,17:28:00,17,25048191,A,3,,Motor Vehicle In Motion,"Injury of any type (Serious, Minor, Possible)",C,Possible Injury (C),0,0,4,Local,1.35,97,CHAPEL ST,CHAPEL ST,ACADEMY ST,,,,,41.3038245,-72.9184349,14,Motor Vehicle in Operation,1,Front to rear,1,On Roadway,1,Clear,88,Not Applicable,5,Dark-Not Lighted,1,Dry,0,None,88,Not Applicable,88,Not Applicable,0,None,88,Not Applicable,88,Not Applicable,11,Through Roadway,1,Not at Intersection,1,No,1,No,88,Not Applicable,88,Not Applicable,88,Not Applicable,88,Not Applicable,FALSE,1,Public Road,1,"Trafficway, On Road",CT0009300,New Haven PD,46624,57:29.0,C,Closed,01:07.0,,,,,,,
1338320,1,Complete,1338320,1338320,41.306276,-72.926347,3822546,New Haven,93,93,New Haven,12/2/2025,2025,12,December,2,3,Tuesday,14:20:00,14,25037185,A,1,,Pedestrian,"Injury of any type (Serious, Minor, Possible)",C,Possible Injury (C),1,0,4,Local,1.8,97,CHAPEL ST,CHAPEL ST,,CHURCH ST,145,Feet,N,41.306276,-72.926347,9,Pedestrian,88,Not Applicable,1,On Roadway,1,Clear,88,Not Applicable,1,Daylight,1,Dry,0,None,88,Not Applicable,88,Not Applicable,0,None,88,Not Applicable,88,Not Applicable,1,Non-Junction,1,Not at Intersection,1,No,1,No,88,Not Applicable,88,Not Applicable,88,Not Applicable,88,Not Applicable,FALSE,1,Public Road,1,"Trafficway, On Road",CT0009300,New Haven PD,47741,47:50.0,C,Closed,00:40.0,,,,,,,
1338327,1,Complete,1338327,1338327,41.303778,-72.91805,3822553,New Haven,93,93,New Haven,12/1/2025,2025,12,December,1,2,Monday,17:49:00,17,25048212,A,1,,Pedestrian,"Injury of any type (Serious, Minor, Possible)",C,Possible Injury (C),1,0,4,Local,1.33,97,CHAPEL ST,CHAPEL ST,DEPALMA CT,,,,,41.303778,-72.91805,9,Pedestrian,88,Not Applicable,1,On Roadway,1,Clear,88,Not Applicable,1,Daylight,1,Dry,0,None,88,Not Applicable,88,Not Applicable,0,None,88,Not Applicable,88,Not Applicable,2,Intersection,3,T-Intersection,1,No,1,No,88,Not Applicable,88,Not Applicable,88,Not Applicable,88,Not Applicable,FALSE,1,Public Road,1,"Trafficway, On Road",CT0009300,New Haven PD,48829,10:40.0,C,Closed,00:26.0,,,,,,,
1338335,1,Complete,1338335,1338335,41.3129,-72.93235,3822561,New Haven,93,93,New Haven,12/2/2025,2025,12,December,2,3,Tuesday,15:00:00,15,25048314,A,2,,Motor Vehicle In Motion,"Injury of any type (Serious, Minor, Possible)",C,Possible Injury (C),0,0,4,Local,0.22,596,TOWER PKWY,TOWER PKWY,BROADWAY,,,,,41.3129,-72.93235,14,Motor Vehicle in Operation,4,"Sideswipe, same direction",1,On Roadway,4,Rain,88,Not Applicable,1,Daylight,2,Wet,0,None,88,Not Applicable,88,Not Applicable,0,None,88,Not Applicable,88,Not Applicable,2,Intersection,2,Four-Way Intersection,1,No,1,No,88,Not Applicable,88,Not Applicable,88,Not Applicable,88,Not Applicable,TRUE,1,Public Road,1,"Trafficway, On Road",CT0009300,New Haven PD,46900,49:47.0,C,Closed,00:44.0,,,,,,,
1338737,1,Complete,1338737,1338737,41.306966,-72.937237,3822963,New Haven,93,93,New Haven,12/3/2025,2025,12,December,3,4,Wednesday,13:59:00,13,25048444,A,2,,Motor Vehicle In Motion,"Injury of any type (Serious, Minor, Possible)",C,Possible Injury (C),0,0,4,Local,0.64,809,REV DR MLK JR BLVD,REV DR MLK JR BLVD,HOWE ST,,,,,41.306966,-72.937237,14,Motor Vehicle in Operation,3,Angle,1,On Roadway,1,Clear,88,Not Applicable,1,Daylight,1,Dry,0,None,88,Not Applicable,88,Not Applicable,0,None,88,Not Applicable,88,Not Applicable,2,Intersection,2,Four-Way Intersection,1,No,1,No,88,Not Applicable,88,Not Applicable,88,Not Applicable,88,Not Applicable,FALSE,1,Public Road,1,"Trafficway, On Road",CT0009300,New Haven PD,44045,54:52.0,C,Closed,00:28.0,,,,,,,
1338741,1,Complete,1338741,1338741,41.327479,-72.974305,3822967,New Haven,93,93,New Haven,12/3/2025,2025,12,December,3,4,Wednesday,17:59:00,17,25048459,A,1,,Pedestrian,"Injury of any type (Serious, Minor, Possible)",B,Suspected Minor Injury (B),1,0,3,State,5.89,243,243-E,243-E,,DAVIS ST,60,Feet,E,41.327479,-72.974305,9,Pedestrian,88,Not Applicable,1,On Roadway,1,Clear,88,Not Applicable,4,Dark-Lighted,1,Dry,0,None,88,Not Applicable,88,Not Applicable,0,None,88,Not Applicable,88,Not Applicable,1,Non-Junction,1,Not at Intersection,1,No,1,No,88,Not Applicable,88,Not Applicable,88,Not Applicable,88,Not Applicable,FALSE,1,Public Road,1,"Trafficway, On Road",CT0009300,New Haven PD,170,11:58.0,C,Closed,00:32.0,,,,,,,
1339058,1,Complete,1339058,1339058,41.307645,-72.922745,3823284,New Haven,93,93,New Haven,12/2/2025,2025,12,December,2,3,Tuesday,17:24:00,17,25048324,A,2,,Motor Vehicle In Motion,"Injury of any type (Serious, Minor, Possible)",C,Possible Injury (C),0,0,4,Local,0.64,726,ELM ST NO 2,ELM ST NO 2,ORANGE ST,,,,,41.307645,-72.922745,14,Motor Vehicle in Operation,1,Front to rear,1,On Roadway,4,Rain,88,Not Applicable,4,Dark-Lighted,2,Wet,0,None,88,Not Applicable,88,Not Applicable,0,None,88,Not Applicable,88,Not Applicable,2,Intersection,2,Four-Way Intersection,1,No,1,No,88,Not Applicable,88,Not Applicable,88,Not Applicable,88,Not Applicable,TRUE,1,Public Road,1,"Trafficway, On Road",CT0009300,New Haven PD,31814,52:19.0,C,Closed,01:48.0,,,,,,,
1339060,1,Complete,1339060,1339060,41.310792,-72.926149,3823286,New Haven,93,93,New Haven,12/3/2025,2025,12,December,3,4,Wednesday,23:25:00,23,25048487,A,1,,Pedestrian,"Injury of any type (Serious, Minor, Possible)",B,Suspected Minor Injury (B),1,0,4,Local,0.07,117,COLLEGE ST,COLLEGE ST,WALL ST,,,,,41.310792,-72.926149,9,Pedestrian,88,Not Applicable,1,On Roadway,1,Clear,88,Not Applicable,6,Dark-Unknown Lighting,1,Dry,0,None,88,Not Applicable,88,Not Applicable,0,None,88,Not Applicable,88,Not Applicable,2,Intersection,2,Four-Way Intersection,1,No,1,No,88,Not Applicable,88,Not Applicable,88,Not Applicable,88,Not Applicable,FALSE,1,Public Road,1,"Trafficway, On Road",CT0009300,New Haven PD,46900,28:47.0,C,Closed,01:41.0,,,,,,,
1339063,1,Complete,1339063,1339063,41.302178,-72.928614,3823289,New Haven,93,93,New Haven,12/4/2025,2025,12,December,4,5,Thursday,15:55:00,15,25048582,A,2,,Motor Vehicle In Motion,"Injury of any type (Serious, Minor, Possible)",C,Possible Injury (C),0,0,4,Local,0,103,CHURCH ST,CHURCH ST,S FRONTAGE RD,,,,,41.302178,-72.928614,14,Motor Vehicle in Operation,3,Angle,1,On Roadway,1,Clear,88,Not Applicable,1,Daylight,1,Dry,0,None,88,Not Applicable,88,Not Applicable,0,None,88,Not Applicable,88,Not Applicable,2,Intersection,2,Four-Way Intersection,1,No,1,No,88,Not Applicable,88,Not Applicable,88,Not Applicable,88,Not Applicable,FALSE,1,Public Road,1,"Trafficway, On Road",CT0009300,New Haven PD,45389,50:35.0,C,Closed,01:45.0,,,,,,,