CrashId,Fatal Case Status,Fatal Case Status Text Format,CrashId,CrashId,Latitude,Longitude,DOT Case Number,Town Name,Town Number,Town Number,Town Number Text Format,Date Of Crash,Year,Month,Month Text Format,Day,Day of the Week,Day of the Week Text Format,Time of Crash,Hour of the Day,Case Identifier,Crash Severity,Number Of Motor Vehicles,Motor vehicle action,Most harmful event,Crash Severity Text Format,Most Severe Injury,Most Severe Injury Text Format,Number Of Non-Motorist,Number Of Witnesses,Route Class,Route Class Text Format,Milemarker,Road Number,Road Description,Roadway Name,Intersecting Roadway Name,Landmark Description,Distance From Nearest Landmark,Unit Of Measure From Nearest Landmark,Direction From Nearest Landmark,Latitude,Longitude,First Harmful Event,First Harmful Event Text Format,Manner of Crash / Collision Impact,Manner of Crash / Collision Impact Text Format,Location of First Harmful Event,Location of First Harmful Event Text Format,Weather Condition,Weather Condition Text Format,Weather 2,Weather 2 Text Format,Light Condition,Light Condition Text Format,Road Surface Condition,Road Surface Condition Text Format,"Contributing Circumstances, Environment","Contributing Circumstances, Environment Text Format",Environment 2,Environment 2 Text Format,Environment 3,Environment 3 Text Format,"Contributing Circumstances, Road","Contributing Circumstances, Road Text Format",Road 2,Road 2 Text Format,Road 3,Road 3 Text Format,Crash Specific Location,Crash Specific Location Text Format,Type of Intersection,Type of Intersection Text Format,School Bus Related,School Bus Related Text Format,Work Zone Related,Work Zone Related Text Format,Location Of Crash Relative To Work Zone,Location Of Crash Relative To Work Zone Text Format,Type of Work Zone,Type of Work Zone Text Format,Worker Presence,Worker Presence Text Format,Law Enforcement Presence,Law Enforcement Presence Text Format,Were Vehicles Moved Prior To Police Arrival,Trafficway Ownership,Trafficway Ownership Text Format,Trafficway Class,Trafficway Class Text Format,Police Agency,Police Agency Text Format,Badge Number,Approval Date,Police Case Status,Police Case Status Text Format,Crash Report Submission Date,Related Case Identifiers,No. of Through Lanes (Log Dir.),Average Daily Traffic,Functional Classification,Functional Classification Text Format,Rural or Urban,Rural or Urban Text Format
1341620,1,Complete,1341620,1341620,41.329718,-72.926253,3825846,New Haven,93,93,New Haven,12/13/2025,2025,12,December,13,7,Saturday,21:21:00,21,25049739,A,1,,Pedalcycle/Pedalcyclist,"Injury of any type (Serious, Minor, Possible)",C,Possible Injury (C),1,0,4,Local,0.98,669,WINCHESTER AV,WINCHESTER AV,LILAC ST,,,,,41.329718,-72.926253,10,Pedalcycle/Pedalcyclist,3,Angle,1,On Roadway,1,Clear,88,Not Applicable,4,Dark-Lighted,1,Dry,0,None,88,Not Applicable,88,Not Applicable,0,None,88,Not Applicable,88,Not Applicable,2,Intersection,3,T-Intersection,1,No,1,No,88,Not Applicable,88,Not Applicable,88,Not Applicable,88,Not Applicable,TRUE,1,Public Road,1,"Trafficway, On Road",CT0009300,New Haven PD,40085,01:29.0,O,Open,00:56.0,,,,,,,
1341621,1,Complete,1341621,1341621,41.320227,-72.871982,3825847,New Haven,93,93,New Haven,12/13/2025,2025,12,December,13,7,Saturday,21:50:00,21,25049743,A,2,,Motor Vehicle In Motion,"Injury of any type (Serious, Minor, Possible)",A,Suspected Serious Injury (A),0,1,3,State,0.56,80,80-E,80-E,,EASTERN ST,20,Feet,W,41.320227,-72.871982,14,Motor Vehicle in Operation,1,Front to rear,1,On Roadway,7,Snow,88,Not Applicable,4,Dark-Lighted,2,Wet,0,None,88,Not Applicable,88,Not Applicable,0,None,88,Not Applicable,88,Not Applicable,3,Intersection-Related,2,Four-Way Intersection,1,No,1,No,88,Not Applicable,88,Not Applicable,88,Not Applicable,88,Not Applicable,TRUE,1,Public Road,1,"Trafficway, On Road",CT0009300,New Haven PD,46622,08:05.0,O,Open,00:53.0,,,,,,,
1341624,1,Complete,1341624,1341624,41.31389,-72.92533,3825850,New Haven,93,93,New Haven,12/14/2025,2025,12,December,14,1,Sunday,7:07:00,7,25049766,A,2,,Motor Vehicle In Motion,"Injury of any type (Serious, Minor, Possible)",C,Possible Injury (C),0,0,4,Local,0.12,782,CANAL ST NO 2,CANAL ST NO 2,,PROSPECT ST,25,Feet,W,41.31389,-72.92533,14,Motor Vehicle in Operation,2,Front to front,1,On Roadway,7,Snow,88,Not Applicable,1,Daylight,3,Snow,1,Weather Conditions,88,Not Applicable,88,Not Applicable,0,None,88,Not Applicable,88,Not Applicable,1,Non-Junction,1,Not at Intersection,1,No,1,No,88,Not Applicable,88,Not Applicable,88,Not Applicable,88,Not Applicable,FALSE,1,Public Road,1,"Trafficway, On Road",CT0009300,New Haven PD,432,43:02.0,C,Closed,00:57.0,,,,,,,
1342362,1,Complete,1342362,1342362,41.30381,-72.931285,3826588,New Haven,93,93,New Haven,11/9/2025,2025,11,November,9,1,Sunday,13:48:00,13,25045339,A,2,,Motor Vehicle In Motion,"Injury of any type (Serious, Minor, Possible)",C,Possible Injury (C),0,0,4,Local,0.62,117,COLLEGE ST,COLLEGE ST,,SOUTH FRONTAGE RD,60,Feet,N,41.30381,-72.931285,14,Motor Vehicle in Operation,1,Front to rear,1,On Roadway,1,Clear,88,Not Applicable,1,Daylight,1,Dry,0,None,88,Not Applicable,88,Not Applicable,0,None,88,Not Applicable,88,Not Applicable,3,Intersection-Related,2,Four-Way Intersection,1,No,1,No,88,Not Applicable,88,Not Applicable,88,Not Applicable,88,Not Applicable,FALSE,1,Public Road,1,"Trafficway, On Road",CT0009300,New Haven PD,42056,35:07.0,C,Closed,00:36.0,,,,,,,
1342367,1,Complete,1342367,1342367,41.301312,-72.924094,3826593,New Haven,93,93,New Haven,12/5/2025,2025,12,December,5,6,Friday,23:13:00,23,25048769,A,1,,Pedalcycle/Pedalcyclist,"Injury of any type (Serious, Minor, Possible)",A,Suspected Serious Injury (A),1,0,2,USRoute,48.26,1,1-N,1-N,State Street North,,,,,41.301312,-72.924094,10,Pedalcycle/Pedalcyclist,3,Angle,1,On Roadway,1,Clear,88,Not Applicable,4,Dark-Lighted,1,Dry,0,None,88,Not Applicable,88,Not Applicable,0,None,88,Not Applicable,88,Not Applicable,2,Intersection,2,Four-Way Intersection,1,No,1,No,88,Not Applicable,88,Not Applicable,88,Not Applicable,88,Not Applicable,TRUE,1,Public Road,1,"Trafficway, On Road",CT0009300,New Haven PD,43690,34:24.0,O,Open,00:55.0,,,,,,,
1342376,1,Complete,1342376,1342376,41.294462,-72.931036,3826602,New Haven,93,93,New Haven,12/14/2025,2025,12,December,14,1,Sunday,15:40:00,15,25049814,A,2,,Motor Vehicle In Motion,"Injury of any type (Serious, Minor, Possible)",C,Possible Injury (C),0,0,4,Local,0.44,571,SPRING ST,SPRING ST,CEDAR ST NO 1,,,,,41.294462,-72.931036,14,Motor Vehicle in Operation,3,Angle,1,On Roadway,7,Snow,88,Not Applicable,1,Daylight,2,Wet,0,None,88,Not Applicable,88,Not Applicable,0,None,88,Not Applicable,88,Not Applicable,2,Intersection,2,Four-Way Intersection,1,No,1,No,88,Not Applicable,88,Not Applicable,88,Not Applicable,88,Not Applicable,FALSE,1,Public Road,1,"Trafficway, On Road",CT0009300,New Haven PD,46613,31:31.0,C,Closed,00:52.0,,,,,,,
1342379,1,Complete,1342379,1342379,41.347305,-72.958372,3826605,New Haven,93,93,New Haven,12/15/2025,2025,12,December,15,2,Monday,8:28:00,8,25049853,A,2,,Motor Vehicle In Motion,"Injury of any type (Serious, Minor, Possible)",C,Possible Injury (C),0,0,,,,,,ROCKVIEW CIR,WILMOT RD,,,,,41.347305,-72.958372,14,Motor Vehicle in Operation,3,Angle,1,On Roadway,1,Clear,88,Not Applicable,1,Daylight,5,Ice / Frost,0,None,88,Not Applicable,88,Not Applicable,5,"Road Surface Condition (wet, icy, snow, slush, etc.)",88,Not Applicable,88,Not Applicable,2,Intersection,3,T-Intersection,1,No,1,No,88,Not Applicable,88,Not Applicable,88,Not Applicable,88,Not Applicable,TRUE,1,Public Road,1,"Trafficway, On Road",CT0009300,New Haven PD,45394,23:04.0,C,Closed,00:51.0,,,,,,,
1342381,1,Complete,1342381,1342381,41.3076,-72.946285,3826607,New Haven,93,93,New Haven,12/15/2025,2025,12,December,15,2,Monday,9:30:00,9,25049861,A,2,,Motor Vehicle In Motion,"Injury of any type (Serious, Minor, Possible)",C,Possible Injury (C),0,0,4,Local,0.09,544,SCRANTON ST,SCRANTON ST,,SHERMAN AVE,35,Feet,W,41.3076,-72.946285,14,Motor Vehicle in Operation,1,Front to rear,1,On Roadway,7,Snow,88,Not Applicable,1,Daylight,3,Snow,0,None,88,Not Applicable,88,Not Applicable,0,None,88,Not Applicable,88,Not Applicable,3,Intersection-Related,2,Four-Way Intersection,1,No,1,No,88,Not Applicable,88,Not Applicable,88,Not Applicable,88,Not Applicable,TRUE,1,Public Road,1,"Trafficway, On Road",CT0009300,New Haven PD,503,51:29.0,O,Open,00:57.0,,,,,,,
1342382,1,Complete,1342382,1342382,41.319049,-72.8991,3826608,New Haven,93,93,New Haven,12/15/2025,2025,12,December,15,2,Monday,9:15:00,9,25049862,A,2,,Motor Vehicle In Motion,"Injury of any type (Serious, Minor, Possible)",C,Possible Injury (C),0,0,2,USRoute,0.33,5,5-N,5-N,,FERRY ST,90,Feet,S,41.319049,-72.8991,14,Motor Vehicle in Operation,1,Front to rear,1,On Roadway,1,Clear,88,Not Applicable,1,Daylight,2,Wet,99,Unknown,88,Not Applicable,88,Not Applicable,0,None,88,Not Applicable,88,Not Applicable,1,Non-Junction,1,Not at Intersection,1,No,1,No,88,Not Applicable,88,Not Applicable,88,Not Applicable,88,Not Applicable,FALSE,1,Public Road,1,"Trafficway, On Road",CT0009300,New Haven PD,46623,08:53.0,C,Closed,01:03.0,,,,,,,
1342387,1,Complete,1342387,1342387,41.309565,-72.923441,3826613,New Haven,93,93,New Haven,12/15/2025,2025,12,December,15,2,Monday,14:35:00,14,25049903,A,2,,Motor Vehicle In Motion,"Injury of any type (Serious, Minor, Possible)",C,Possible Injury (C),0,0,4,Local,0.16,712,WALL ST NO 2,WALL ST NO 2,,CHURCH ST,10,Feet,W,41.309565,-72.923441,14,Motor Vehicle in Operation,1,Front to rear,1,On Roadway,1,Clear,88,Not Applicable,1,Daylight,3,Snow,1,Weather Conditions,88,Not Applicable,88,Not Applicable,0,None,88,Not Applicable,88,Not Applicable,3,Intersection-Related,2,Four-Way Intersection,1,No,1,No,88,Not Applicable,88,Not Applicable,88,Not Applicable,88,Not Applicable,TRUE,1,Public Road,1,"Trafficway, On Road",CT0009300,New Haven PD,503,57:59.0,C,Closed,00:59.0,,,,,,,
1342391,1,Complete,1342391,1342391,41.323761,-72.916605,3826617,New Haven,93,93,New Haven,12/15/2025,2025,12,December,15,2,Monday,16:16:00,16,25049922,A,2,,Motor Vehicle In Motion,"Injury of any type (Serious, Minor, Possible)",C,Possible Injury (C),0,0,4,Local,0.91,666,WILLOW ST,WILLOW ST,,WHITNEY AVE,58,Feet,E,41.323761,-72.916605,14,Motor Vehicle in Operation,1,Front to rear,1,On Roadway,1,Clear,88,Not Applicable,1,Daylight,3,Snow,0,None,88,Not Applicable,88,Not Applicable,0,None,88,Not Applicable,88,Not Applicable,3,Intersection-Related,3,T-Intersection,1,No,1,No,88,Not Applicable,88,Not Applicable,88,Not Applicable,88,Not Applicable,FALSE,1,Public Road,1,"Trafficway, On Road",CT0009300,New Haven PD,40085,22:15.0,O,Open,01:05.0,,,,,,,
1343072,1,Complete,1343072,1343072,41.337932,-72.976563,3827298,New Haven,93,93,New Haven,12/16/2025,2025,12,December,16,3,Tuesday,17:06:00,17,25050048,A,2,,Motor Vehicle In Motion,"Injury of any type (Serious, Minor, Possible)",C,Possible Injury (C),0,0,3,State,0.24,69,69-N,69-N,,15-N-114 (EXIT 59) (exit 46 on google),50,Feet,S,41.337932,-72.976563,14,Motor Vehicle in Operation,1,Front to rear,1,On Roadway,1,Clear,88,Not Applicable,4,Dark-Lighted,1,Dry,0,None,88,Not Applicable,88,Not Applicable,0,None,88,Not Applicable,88,Not Applicable,3,Intersection-Related,3,T-Intersection,1,No,1,No,88,Not Applicable,88,Not Applicable,88,Not Applicable,88,Not Applicable,TRUE,1,Public Road,1,"Trafficway, On Road",CT0009300,New Haven PD,45403,18:19.0,O,Open,00:33.0,,,,,,,
1343856,1,Complete,1343856,1343856,41.309007,-72.895601,3828082,New Haven,93,93,New Haven,12/2/2025,2025,12,December,2,3,Tuesday,8:08:00,8,25048256,A,2,,Motor Vehicle In Motion,"Injury of any type (Serious, Minor, Possible)",C,Possible Injury (C),0,0,4,Local,0.5,264,GRAND AV,GRAND AV,FERRY ST,,,,,41.309007,-72.895601,14,Motor Vehicle in Operation,3,Angle,1,On Roadway,1,Clear,88,Not Applicable,1,Daylight,1,Dry,0,None,88,Not Applicable,88,Not Applicable,0,None,88,Not Applicable,88,Not Applicable,1,Non-Junction,1,Not at Intersection,1,No,1,No,88,Not Applicable,88,Not Applicable,88,Not Applicable,88,Not Applicable,FALSE,1,Public Road,1,"Trafficway, On Road",CT0009300,New Haven PD,40789,33:54.0,C,Closed,01:02.0,,,,,,,
1343859,1,Complete,1343859,1343859,41.30225284,-72.93253553,3828085,New Haven,93,93,New Haven,12/11/2025,2025,12,December,11,5,Thursday,12:30:00,12,25049469,A,1,,Pedalcycle/Pedalcyclist,"Injury of any type (Serious, Minor, Possible)",C,Possible Injury (C),1,0,4,Local,0.85,123,CONGRESS AV,CONGRESS AV,COLLEGE ST,,,,,41.30225284,-72.93253553,10,Pedalcycle/Pedalcyclist,3,Angle,1,On Roadway,1,Clear,88,Not Applicable,1,Daylight,1,Dry,0,None,88,Not Applicable,88,Not Applicable,0,None,88,Not Applicable,88,Not Applicable,2,Intersection,3,T-Intersection,1,No,1,No,88,Not Applicable,88,Not Applicable,88,Not Applicable,88,Not Applicable,FALSE,1,Public Road,1,"Trafficway, On Road",CT0009300,New Haven PD,301,46:06.0,C,Closed,01:03.0,,,,,,,
1343864,1,Complete,1343864,1343864,41.287405,-72.936951,3828090,New Haven,93,93,New Haven,12/17/2025,2025,12,December,17,4,Wednesday,18:30:00,18,25050219,A,1,,Utility Pole,"Injury of any type (Serious, Minor, Possible)",C,Possible Injury (C),0,0,4,Local,0.02,483,PLYMOUTH ST,PLYMOUTH ST,,ELLA T GRASSO BLVD,70,Feet,N,41.287405,-72.936951,33,Utility Pole/Light Support,88,Not Applicable,1,On Roadway,1,Clear,88,Not Applicable,6,Dark-Unknown Lighting,2,Wet,0,None,88,Not Applicable,88,Not Applicable,5,"Road Surface Condition (wet, icy, snow, slush, etc.)",88,Not Applicable,88,Not Applicable,3,Intersection-Related,3,T-Intersection,1,No,1,No,88,Not Applicable,88,Not Applicable,88,Not Applicable,88,Not Applicable,FALSE,1,Public Road,1,"Trafficway, On Road",CT0009300,New Haven PD,48375,34:23.0,C,Closed,00:57.0,,,,,,,
1343865,1,Complete,1343865,1343865,41.308939,-72.93359,3828091,New Haven,93,93,New Haven,12/17/2025,2025,12,December,17,4,Wednesday,21:06:00,21,25050224,A,2,,Motor Vehicle In Motion,"Injury of any type (Serious, Minor, Possible)",B,Suspected Minor Injury (B),0,1,4,Local,2.22,97,CHAPEL ST,CHAPEL ST,PARK ST,,,,,41.308939,-72.93359,14,Motor Vehicle in Operation,3,Angle,1,On Roadway,1,Clear,88,Not Applicable,4,Dark-Lighted,1,Dry,0,None,88,Not Applicable,88,Not Applicable,0,None,88,Not Applicable,88,Not Applicable,2,Intersection,2,Four-Way Intersection,1,No,1,No,88,Not Applicable,88,Not Applicable,88,Not Applicable,88,Not Applicable,FALSE,1,Public Road,1,"Trafficway, On Road",CT0009300,New Haven PD,44045,24:30.0,C,Closed,01:14.0,,,,,,,
1343869,1,Complete,1343869,1343869,41.314562,-72.938366,3828095,New Haven,93,93,New Haven,12/18/2025,2025,12,December,18,5,Thursday,16:17:00,16,25050313,A,2,,Motor Vehicle In Motion,"Injury of any type (Serious, Minor, Possible)",C,Possible Injury (C),0,0,,,,,,150 WHALLEY AVENUE,,Orchard St,315,Feet,E,41.314562,-72.938366,14,Motor Vehicle in Operation,1,Front to rear,97,Other,1,Clear,88,Not Applicable,1,Daylight,1,Dry,0,None,88,Not Applicable,88,Not Applicable,0,None,88,Not Applicable,88,Not Applicable,97,Other,1,Not at Intersection,1,No,1,No,88,Not Applicable,88,Not Applicable,88,Not Applicable,88,Not Applicable,FALSE,88,Not Applicable,4,Parking Lot,CT0009300,New Haven PD,44947,21:33.0,C,Closed,01:12.0,,,,,,,
1343870,1,Complete,1343870,1343870,41.328058,-72.959166,3828096,New Haven,93,93,New Haven,12/18/2025,2025,12,December,18,5,Thursday,15:51:00,15,25050319,A,2,,Motor Vehicle In Motion,"Injury of any type (Serious, Minor, Possible)",C,Possible Injury (C),0,0,4,Local,0.91,56,BLAKE ST,BLAKE ST,,VALLEY ST,172,Feet,E,41.328058,-72.959166,14,Motor Vehicle in Operation,3,Angle,1,On Roadway,1,Clear,88,Not Applicable,1,Daylight,1,Dry,0,None,88,Not Applicable,88,Not Applicable,0,None,88,Not Applicable,88,Not Applicable,9,Driveway Access-Related,1,Not at Intersection,1,No,1,No,88,Not Applicable,88,Not Applicable,88,Not Applicable,88,Not Applicable,FALSE,1,Public Road,1,"Trafficway, On Road",CT0009300,New Haven PD,45397,18:49.0,C,Closed,01:11.0,,,,,,,
1343874,1,Complete,1343874,1343874,41.289376,-72.924062,3828100,New Haven,93,93,New Haven,12/18/2025,2025,12,December,18,5,Thursday,17:56:00,17,25050351,A,2,,Motor Vehicle In Motion,"Injury of any type (Serious, Minor, Possible)",C,Possible Injury (C),0,0,4,Local,0.4,359,SARGENT DR,SARGENT DR,,95-S-327 (EXIT 46 ON RAMP),50,Feet,S,41.289376,-72.924062,14,Motor Vehicle in Operation,2,Front to front,1,On Roadway,1,Clear,88,Not Applicable,4,Dark-Lighted,1,Dry,0,None,88,Not Applicable,88,Not Applicable,0,None,88,Not Applicable,88,Not Applicable,3,Intersection-Related,3,T-Intersection,1,No,1,No,88,Not Applicable,88,Not Applicable,88,Not Applicable,88,Not Applicable,FALSE,1,Public Road,1,"Trafficway, On Road",CT0009300,New Haven PD,48375,42:41.0,C,Closed,01:15.0,,,,,,,
1344392,1,Complete,1344392,1344392,41.306137,-72.935603,3828618,New Haven,93,93,New Haven,9/1/2025,2025,9,September,1,2,Monday,22:07:00,22,25036116,A,2,,Motor Vehicle In Motion,"Injury of any type (Serious, Minor, Possible)",C,Possible Injury (C),0,0,4,Local,0.41,463,PARK ST,PARK ST,,MARTIN LUTHER KING BLVD,45,Feet,S,41.306137,-72.935603,14,Motor Vehicle in Operation,1,Front to rear,1,On Roadway,1,Clear,88,Not Applicable,4,Dark-Lighted,1,Dry,0,None,88,Not Applicable,88,Not Applicable,0,None,88,Not Applicable,88,Not Applicable,3,Intersection-Related,2,Four-Way Intersection,1,No,1,No,88,Not Applicable,88,Not Applicable,88,Not Applicable,88,Not Applicable,FALSE,1,Public Road,1,"Trafficway, On Road",CT0009300,New Haven PD,45395,54:33.0,C,Closed,01:41.0,,,,,,,
1344401,1,Complete,1344401,1344401,41.31921753,-72.89830128,3828627,New Haven,93,93,New Haven,12/20/2025,2025,12,December,20,7,Saturday,15:09:00,15,25050159,A,2,,Motor Vehicle In Motion,"Injury of any type (Serious, Minor, Possible)",C,Possible Injury (C),0,0,4,Local,0.02,213,FERRY ST,FERRY ST,,STATE STREET,90,Feet,E,41.31921753,-72.89830128,14,Motor Vehicle in Operation,1,Front to rear,1,On Roadway,1,Clear,88,Not Applicable,1,Daylight,1,Dry,0,None,88,Not Applicable,88,Not Applicable,0,None,88,Not Applicable,88,Not Applicable,1,Non-Junction,1,Not at Intersection,1,No,1,No,88,Not Applicable,88,Not Applicable,88,Not Applicable,88,Not Applicable,FALSE,1,Public Road,1,"Trafficway, On Road",CT0009300,New Haven PD,44052,33:56.0,C,Closed,01:34.0,,,,,,,
1344402,1,Complete,1344402,1344402,41.303858,-72.951936,3828628,New Haven,93,93,New Haven,12/17/2025,2025,12,December,17,4,Wednesday,17:49:00,17,25050206,A,3,,Motor Vehicle In Motion,"Injury of any type (Serious, Minor, Possible)",C,Possible Injury (C),0,0,3,State,1.93,10,10-N,10-N,,LEGION AVE,600,Feet,S,41.303858,-72.951936,14,Motor Vehicle in Operation,1,Front to rear,1,On Roadway,1,Clear,88,Not Applicable,4,Dark-Lighted,1,Dry,0,None,88,Not Applicable,88,Not Applicable,0,None,88,Not Applicable,88,Not Applicable,1,Non-Junction,1,Not at Intersection,1,No,1,No,88,Not Applicable,88,Not Applicable,88,Not Applicable,88,Not Applicable,FALSE,1,Public Road,1,"Trafficway, On Road",CT0009300,New Haven PD,45395,58:28.0,C,Closed,01:42.0,,,,,,,
1344409,1,Complete,1344409,1344409,41.321073,-72.94935,3828635,New Haven,93,93,New Haven,12/19/2025,2025,12,December,19,6,Friday,1:22:00,1,25050399,A,3,,Motor Vehicle In Motion,"Injury of any type (Serious, Minor, Possible)",C,Possible Injury (C),0,0,4,Local,0.13,690,ELLA T GRASSO BLVD,ELLA T GRASSO BLVD,,WHALLEY AVE,640,Feet,N,41.321073,-72.94935,14,Motor Vehicle in Operation,2,Front to front,1,On Roadway,4,Rain,88,Not Applicable,4,Dark-Lighted,2,Wet,99,Unknown,88,Not Applicable,88,Not Applicable,99,Unknown,88,Not Applicable,88,Not Applicable,1,Non-Junction,1,Not at Intersection,1,No,1,No,88,Not Applicable,88,Not Applicable,88,Not Applicable,88,Not Applicable,FALSE,1,Public Road,1,"Trafficway, On Road",CT0009300,New Haven PD,45391,35:30.0,C,Closed,01:24.0,,,,,,,
1344411,1,Complete,1344411,1344411,41.303576,-72.942244,3828637,New Haven,93,93,New Haven,12/19/2025,2025,12,December,19,6,Friday,8:22:00,8,25050414,A,2,,Parked Vehicle,"Injury of any type (Serious, Minor, Possible)",C,Possible Injury (C),0,0,4,Local,0.14,453,ORCHARD ST,ORCHARD ST,,SYLVAN AVE,270,Feet,S,41.303576,-72.942244,14,Motor Vehicle in Operation,2,Front to front,1,On Roadway,4,Rain,88,Not Applicable,1,Daylight,2,Wet,0,None,88,Not Applicable,88,Not Applicable,0,None,88,Not Applicable,88,Not Applicable,1,Non-Junction,1,Not at Intersection,1,No,1,No,88,Not Applicable,88,Not Applicable,88,Not Applicable,88,Not Applicable,FALSE,1,Public Road,1,"Trafficway, On Road",CT0009300,New Haven PD,42056,43:20.0,C,Closed,01:11.0,,,,,,,
1344416,1,Complete,1344416,1344416,41.31419,-72.912178,3828642,New Haven,93,93,New Haven,12/19/2025,2025,12,December,19,6,Friday,17:12:00,17,25050465,A,1,,Pedestrian,"Injury of any type (Serious, Minor, Possible)",C,Possible Injury (C),1,0,4,Local,0.47,575,STATE ST,STATE ST,HUMPHREY ST,,,,,41.31419,-72.912178,9,Pedestrian,88,Not Applicable,1,On Roadway,4,Rain,88,Not Applicable,4,Dark-Lighted,2,Wet,99,Unknown,88,Not Applicable,88,Not Applicable,0,None,88,Not Applicable,88,Not Applicable,2,Intersection,2,Four-Way Intersection,1,No,1,No,88,Not Applicable,88,Not Applicable,88,Not Applicable,88,Not Applicable,FALSE,1,Public Road,1,"Trafficway, On Road",CT0009300,New Haven PD,46621,28:11.0,C,Closed,01:28.0,,,,,,,
1344428,1,Complete,1344428,1344428,41.331776,-72.931511,3828654,New Haven,93,93,New Haven,12/20/2025,2025,12,December,20,7,Saturday,15:43:00,15,25050577,A,2,,Motor Vehicle In Motion,"Injury of any type (Serious, Minor, Possible)",C,Possible Injury (C),0,0,4,Local,0.4,42,BASSETT ST,BASSETT ST,SHELTON AVE,,,,,41.331776,-72.931511,14,Motor Vehicle in Operation,3,Angle,1,On Roadway,1,Clear,88,Not Applicable,1,Daylight,1,Dry,0,None,88,Not Applicable,88,Not Applicable,0,None,88,Not Applicable,88,Not Applicable,2,Intersection,2,Four-Way Intersection,1,No,1,No,88,Not Applicable,88,Not Applicable,88,Not Applicable,88,Not Applicable,FALSE,1,Public Road,1,"Trafficway, On Road",CT0009300,New Haven PD,47005,34:42.0,C,Closed,01:37.0,,,,,,,
1344430,1,Complete,1344430,1344430,41.331121,-72.972995,3828656,New Haven,93,93,New Haven,12/21/2025,2025,12,December,21,1,Sunday,0:49:00,0,25050626,A,2,,Motor Vehicle In Motion,"Injury of any type (Serious, Minor, Possible)",C,Possible Injury (C),0,0,3,State,0.98,63,63-N,63-N,,DAVIS STREET,50,Feet,W,41.331121,-72.972995,14,Motor Vehicle in Operation,1,Front to rear,1,On Roadway,1,Clear,88,Not Applicable,4,Dark-Lighted,1,Dry,0,None,88,Not Applicable,88,Not Applicable,0,None,88,Not Applicable,88,Not Applicable,3,Intersection-Related,3,T-Intersection,1,No,1,No,88,Not Applicable,88,Not Applicable,88,Not Applicable,88,Not Applicable,FALSE,1,Public Road,1,"Trafficway, On Road",CT0009300,New Haven PD,48046,08:19.0,C,Closed,01:40.0,,,,,,,
1345085,1,Complete,1345085,1345085,41.303924,-72.900296,3829311,New Haven,93,93,New Haven,12/19/2025,2025,12,December,19,6,Friday,19:02:00,19,25050480,A,1,,Motor Vehicle In Motion,"Injury of any type (Serious, Minor, Possible)",A,Suspected Serious Injury (A),1,1,4,Local,0.4,97,CHAPEL ST,CHAPEL ST,LLOYD ST,,,,,41.303924,-72.900296,10,Pedalcycle/Pedalcyclist,3,Angle,1,On Roadway,1,Clear,88,Not Applicable,4,Dark-Lighted,2,Wet,0,None,88,Not Applicable,88,Not Applicable,0,None,88,Not Applicable,88,Not Applicable,2,Intersection,2,Four-Way Intersection,1,No,1,No,88,Not Applicable,88,Not Applicable,88,Not Applicable,88,Not Applicable,FALSE,1,Public Road,1,"Trafficway, On Road",CT0009300,New Haven PD,44060,20:30.0,C,Closed,00:07.0,,,,,,,
1345086,1,Complete,1345086,1345086,41.30262,-72.92963,3829312,New Haven,93,93,New Haven,12/22/2025,2025,12,December,22,2,Monday,5:53:00,5,25050705,A,2,,Motor Vehicle In Motion,"Injury of any type (Serious, Minor, Possible)",C,Possible Injury (C),0,0,4,Local,0.47,564,SOUTH FRONTAGE RD,SOUTH FRONTAGE RD,,CHURCH ST S,100,Feet,W,41.30262,-72.92963,14,Motor Vehicle in Operation,4,"Sideswipe, same direction",1,On Roadway,1,Clear,88,Not Applicable,4,Dark-Lighted,1,Dry,0,None,88,Not Applicable,88,Not Applicable,0,None,88,Not Applicable,88,Not Applicable,1,Non-Junction,1,Not at Intersection,1,No,1,No,88,Not Applicable,88,Not Applicable,88,Not Applicable,88,Not Applicable,FALSE,1,Public Road,1,"Trafficway, On Road",CT0009300,New Haven PD,44953,53:27.0,C,Closed,00:24.0,,,,,,,
1345093,1,Complete,1345093,1345093,41.301447,-72.941529,3829319,New Haven,93,93,New Haven,12/22/2025,2025,12,December,22,2,Monday,22:00:00,22,25050818,A,2,,Motor Vehicle In Motion,"Injury of any type (Serious, Minor, Possible)",C,Possible Injury (C),0,0,4,Local,0.42,141,DAVENPORT AV,DAVENPORT AV,KOSSUTH ST,,,,,41.301447,-72.941529,14,Motor Vehicle in Operation,4,"Sideswipe, same direction",1,On Roadway,1,Clear,88,Not Applicable,4,Dark-Lighted,1,Dry,0,None,88,Not Applicable,88,Not Applicable,0,None,88,Not Applicable,88,Not Applicable,2,Intersection,3,T-Intersection,1,No,1,No,88,Not Applicable,88,Not Applicable,88,Not Applicable,88,Not Applicable,FALSE,1,Public Road,1,"Trafficway, On Road",CT0009300,New Haven PD,46898,58:44.0,C,Closed,00:23.0,,,,,,,