CrashId,Fatal Case Status,Fatal Case Status Text Format,CrashId,CrashId,Latitude,Longitude,DOT Case Number,Town Name,Town Number,Town Number,Town Number Text Format,Date Of Crash,Year,Month,Month Text Format,Day,Day of the Week,Day of the Week Text Format,Time of Crash,Hour of the Day,Case Identifier,Crash Severity,Number Of Motor Vehicles,Motor vehicle action,Most harmful event,Crash Severity Text Format,Most Severe Injury,Most Severe Injury Text Format,Number Of Non-Motorist,Number Of Witnesses,Route Class,Route Class Text Format,Milemarker,Road Number,Road Description,Roadway Name,Intersecting Roadway Name,Landmark Description,Distance From Nearest Landmark,Unit Of Measure From Nearest Landmark,Direction From Nearest Landmark,Latitude,Longitude,First Harmful Event,First Harmful Event Text Format,Manner of Crash / Collision Impact,Manner of Crash / Collision Impact Text Format,Location of First Harmful Event,Location of First Harmful Event Text Format,Weather Condition,Weather Condition Text Format,Weather 2,Weather 2 Text Format,Light Condition,Light Condition Text Format,Road Surface Condition,Road Surface Condition Text Format,"Contributing Circumstances, Environment","Contributing Circumstances, Environment Text Format",Environment 2,Environment 2 Text Format,Environment 3,Environment 3 Text Format,"Contributing Circumstances, Road","Contributing Circumstances, Road Text Format",Road 2,Road 2 Text Format,Road 3,Road 3 Text Format,Crash Specific Location,Crash Specific Location Text Format,Type of Intersection,Type of Intersection Text Format,School Bus Related,School Bus Related Text Format,Work Zone Related,Work Zone Related Text Format,Location Of Crash Relative To Work Zone,Location Of Crash Relative To Work Zone Text Format,Type of Work Zone,Type of Work Zone Text Format,Worker Presence,Worker Presence Text Format,Law Enforcement Presence,Law Enforcement Presence Text Format,Were Vehicles Moved Prior To Police Arrival,Trafficway Ownership,Trafficway Ownership Text Format,Trafficway Class,Trafficway Class Text Format,Police Agency,Police Agency Text Format,Badge Number,Approval Date,Police Case Status,Police Case Status Text Format,Crash Report Submission Date,Related Case Identifiers,No. of Through Lanes (Log Dir.),Average Daily Traffic,Functional Classification,Functional Classification Text Format,Rural or Urban,Rural or Urban Text Format
1345532,1,Complete,1345532,1345532,41.322704,-72.943109,3829758,New Haven,93,93,New Haven,12/17/2025,2025,12,December,17,4,Wednesday,10:36:00,10,25050123,A,2,,Motor Vehicle In Motion,"Injury of any type (Serious, Minor, Possible)",C,Possible Injury (C),0,0,4,Local,0.09,438,NORTON PKWY,NORTON PKWY,MORELAND RD,,,,,41.322704,-72.943109,14,Motor Vehicle in Operation,3,Angle,1,On Roadway,1,Clear,88,Not Applicable,1,Daylight,4,Slush,1,Weather Conditions,88,Not Applicable,88,Not Applicable,0,None,88,Not Applicable,88,Not Applicable,2,Intersection,2,Four-Way Intersection,1,No,1,No,88,Not Applicable,88,Not Applicable,88,Not Applicable,88,Not Applicable,FALSE,1,Public Road,1,"Trafficway, On Road",CT0009300,New Haven PD,307,06:14.0,C,Closed,01:51.0,,,,,,,
1345533,1,Complete,1345533,1345533,41.32764,-72.932961,3829759,New Haven,93,93,New Haven,12/22/2025,2025,12,December,22,2,Monday,14:41:00,14,25050753,A,2,,Motor Vehicle In Motion,"Injury of any type (Serious, Minor, Possible)",C,Possible Injury (C),0,0,4,Local,0.38,552,SHELTON AV,SHELTON AV,THOMPSON ST,,,,,41.32764,-72.932961,14,Motor Vehicle in Operation,3,Angle,1,On Roadway,2,Cloudy,88,Not Applicable,1,Daylight,1,Dry,0,None,88,Not Applicable,88,Not Applicable,0,None,88,Not Applicable,88,Not Applicable,2,Intersection,2,Four-Way Intersection,1,No,1,No,88,Not Applicable,88,Not Applicable,88,Not Applicable,88,Not Applicable,FALSE,1,Public Road,1,"Trafficway, On Road",CT0009300,New Haven PD,42048,11:18.0,C,Closed,01:54.0,,,,,,,
1345542,1,Complete,1345542,1345542,41.291238,-72.941162,3829768,New Haven,93,93,New Haven,12/23/2025,2025,12,December,23,3,Tuesday,23:03:00,23,25050926,A,1,,Pedestrian,"Injury of any type (Serious, Minor, Possible)",B,Suspected Minor Injury (B),1,0,4,Local,0.16,626,WASHINGTON AV NO 1,WASHINGTON AV NO 1,,ELLA T GRASSO BLVD,100,Feet,W,41.291238,-72.941162,9,Pedestrian,88,Not Applicable,1,On Roadway,1,Clear,88,Not Applicable,5,Dark-Not Lighted,1,Dry,0,None,88,Not Applicable,88,Not Applicable,0,None,88,Not Applicable,88,Not Applicable,1,Non-Junction,1,Not at Intersection,1,No,1,No,88,Not Applicable,88,Not Applicable,88,Not Applicable,88,Not Applicable,FALSE,1,Public Road,1,"Trafficway, On Road",CT0009300,New Haven PD,44953,26:30.0,C,Closed,02:03.0,,,,,,,
1345903,1,Complete,1345903,1345903,41.312192,-72.902831,3830129,New Haven,93,93,New Haven,12/8/2025,2025,12,December,8,2,Monday,15:09:00,15,25049032,A,2,,Motor Vehicle In Motion,"Injury of any type (Serious, Minor, Possible)",C,Possible Injury (C),0,0,4,Local,0.19,387,MAIN ST NO 1,MAIN ST NO 1,,CASTLE ST,45,Feet,N,41.312192,-72.902831,14,Motor Vehicle in Operation,4,"Sideswipe, same direction",2,Shoulder,1,Clear,88,Not Applicable,1,Daylight,1,Dry,0,None,88,Not Applicable,88,Not Applicable,0,None,88,Not Applicable,88,Not Applicable,1,Non-Junction,1,Not at Intersection,1,No,1,No,88,Not Applicable,88,Not Applicable,88,Not Applicable,88,Not Applicable,FALSE,1,Public Road,1,"Trafficway, On Road",CT0009300,New Haven PD,44052,15:04.0,C,Closed,00:58.0,,,,,,,
1345905,1,Complete,1345905,1345905,41.333628,-72.93522,3830131,New Haven,93,93,New Haven,12/16/2025,2025,12,December,16,3,Tuesday,10:05:00,10,25049997,A,2,,Motor Vehicle In Motion,"Injury of any type (Serious, Minor, Possible)",C,Possible Injury (C),0,0,4,Local,1.46,152,DIXWELL AV,DIXWELL AV,,DORMAN ST,50,Feet,N,41.333628,-72.93522,14,Motor Vehicle in Operation,1,Front to rear,1,On Roadway,1,Clear,88,Not Applicable,1,Daylight,1,Dry,0,None,88,Not Applicable,88,Not Applicable,0,None,88,Not Applicable,88,Not Applicable,1,Non-Junction,1,Not at Intersection,1,No,1,No,88,Not Applicable,88,Not Applicable,88,Not Applicable,88,Not Applicable,FALSE,1,Public Road,1,"Trafficway, On Road",CT0009300,New Haven PD,42048,30:40.0,O,Open,01:15.0,,,,,,,
1345906,1,Complete,1345906,1345906,41.330336,-72.963043,3830132,New Haven,93,93,New Haven,12/21/2025,2025,12,December,21,1,Sunday,12:10:00,12,25050659,A,2,,Motor Vehicle In Motion,"Injury of any type (Serious, Minor, Possible)",C,Possible Injury (C),0,0,4,Local,0.97,612,VALLEY ST NO 1,VALLEY ST NO 1,,EMERSON ST,300,Feet,E,41.330336,-72.963043,14,Motor Vehicle in Operation,4,"Sideswipe, same direction",1,On Roadway,1,Clear,88,Not Applicable,1,Daylight,1,Dry,0,None,88,Not Applicable,88,Not Applicable,0,None,88,Not Applicable,88,Not Applicable,1,Non-Junction,1,Not at Intersection,1,No,1,No,88,Not Applicable,88,Not Applicable,88,Not Applicable,88,Not Applicable,FALSE,1,Public Road,1,"Trafficway, On Road",CT0009300,New Haven PD,46898,23:03.0,C,Closed,01:02.0,,,,,,,
1345913,1,Complete,1345913,1345913,41.303776,-72.931337,3830139,New Haven,93,93,New Haven,12/24/2025,2025,12,December,24,4,Wednesday,8:20:00,8,25050946,A,3,,Motor Vehicle In Motion,"Injury of any type (Serious, Minor, Possible)",C,Possible Injury (C),0,0,4,Local,0.62,117,COLLEGE ST,COLLEGE ST,,S FRONTAGE RD,45,Feet,N,41.303776,-72.931337,14,Motor Vehicle in Operation,4,"Sideswipe, same direction",1,On Roadway,1,Clear,88,Not Applicable,1,Daylight,1,Dry,0,None,88,Not Applicable,88,Not Applicable,0,None,88,Not Applicable,88,Not Applicable,3,Intersection-Related,2,Four-Way Intersection,1,No,1,No,88,Not Applicable,88,Not Applicable,88,Not Applicable,88,Not Applicable,TRUE,1,Public Road,1,"Trafficway, On Road",CT0009300,New Haven PD,301,13:45.0,C,Closed,00:57.0,,,,,,,
1345915,1,Complete,1345915,1345915,41.308858,-72.92177,3830141,New Haven,93,93,New Haven,12/24/2025,2025,12,December,24,4,Wednesday,10:41:00,10,25050959,A,2,,Motor Vehicle In Motion,"Injury of any type (Serious, Minor, Possible)",C,Possible Injury (C),0,0,4,Local,1.46,450,ORANGE ST NO 1,ORANGE ST NO 1,WALL ST NO 2,,,,,41.308858,-72.92177,14,Motor Vehicle in Operation,3,Angle,1,On Roadway,2,Cloudy,88,Not Applicable,1,Daylight,1,Dry,0,None,88,Not Applicable,88,Not Applicable,0,None,88,Not Applicable,88,Not Applicable,2,Intersection,2,Four-Way Intersection,1,No,1,No,88,Not Applicable,88,Not Applicable,88,Not Applicable,88,Not Applicable,FALSE,1,Public Road,1,"Trafficway, On Road",CT0009300,New Haven PD,45626,29:11.0,C,Closed,00:52.0,,,,,,,
1345916,1,Complete,1345916,1345916,41.292641,-72.938303,3830142,New Haven,93,93,New Haven,12/24/2025,2025,12,December,24,4,Wednesday,20:31:00,20,25050967,A,1,,Pedestrian,"Injury of any type (Serious, Minor, Possible)",C,Possible Injury (C),1,0,4,Local,0.39,529,ROSETTE ST,ROSETTE ST,,WILSON ST,25,Feet,E,41.292641,-72.938303,9,Pedestrian,88,Not Applicable,1,On Roadway,1,Clear,88,Not Applicable,4,Dark-Lighted,1,Dry,0,None,88,Not Applicable,88,Not Applicable,0,None,88,Not Applicable,88,Not Applicable,1,Non-Junction,1,Not at Intersection,1,No,1,No,88,Not Applicable,88,Not Applicable,88,Not Applicable,88,Not Applicable,FALSE,1,Public Road,1,"Trafficway, On Road",CT0009300,New Haven PD,45395,38:30.0,C,Closed,01:08.0,,,,,,,
1345919,1,Complete,1345919,1345919,41.308498,-72.912399,3830145,New Haven,93,93,New Haven,12/24/2025,2025,12,December,24,4,Wednesday,18:15:00,18,25050998,A,2,,Motor Vehicle In Motion,"Injury of any type (Serious, Minor, Possible)",C,Possible Injury (C),0,0,4,Local,1.38,264,GRAND AV,GRAND AV,HAMILTON ST,,,,,41.308498,-72.912399,14,Motor Vehicle in Operation,1,Front to rear,1,On Roadway,1,Clear,88,Not Applicable,4,Dark-Lighted,1,Dry,0,None,88,Not Applicable,88,Not Applicable,0,None,88,Not Applicable,88,Not Applicable,2,Intersection,2,Four-Way Intersection,1,No,1,No,88,Not Applicable,88,Not Applicable,88,Not Applicable,88,Not Applicable,FALSE,1,Public Road,1,"Trafficway, On Road",CT0009300,New Haven PD,40788,32:41.0,C,Closed,01:00.0,,,,,,,
1345922,1,Complete,1345922,1345922,41.301446,-72.935261,3830148,New Haven,93,93,New Haven,12/24/2025,2025,12,December,24,4,Wednesday,20:31:00,20,25051013,A,1,,"Other Fixed Object (wall, building, tunnel, etc.)","Injury of any type (Serious, Minor, Possible)",B,Suspected Minor Injury (B),0,0,4,Local,0.35,308,HOWARD AV,HOWARD AV,CONGRESS AVE,,,,,41.301446,-72.935261,39,"Other Fixed Object (wall, building, tunnel, etc.)",88,Not Applicable,1,On Roadway,1,Clear,88,Not Applicable,4,Dark-Lighted,1,Dry,0,None,88,Not Applicable,88,Not Applicable,0,None,88,Not Applicable,88,Not Applicable,2,Intersection,2,Four-Way Intersection,1,No,1,No,88,Not Applicable,88,Not Applicable,88,Not Applicable,88,Not Applicable,FALSE,1,Public Road,1,"Trafficway, On Road",CT0009300,New Haven PD,46898,54:57.0,C,Closed,01:07.0,,,,,,,
1346046,1,Complete,1346046,1346046,41.321802,-72.938874,3830272,New Haven,93,93,New Haven,10/2/2025,2025,10,October,2,5,Thursday,11:03:00,11,25035760,A,2,,Motor Vehicle In Motion,"Injury of any type (Serious, Minor, Possible)",C,Possible Injury (C),0,0,4,Local,0.15,557,SHERMAN PKWY,SHERMAN PKWY,,HENRY ST,90,Feet,N,41.321802,-72.938874,14,Motor Vehicle in Operation,1,Front to rear,1,On Roadway,1,Clear,88,Not Applicable,1,Daylight,1,Dry,0,None,0,None,88,Not Applicable,0,None,0,None,88,Not Applicable,1,Non-Junction,1,Not at Intersection,3,"Yes, School Bus Indirectly Involved",1,No,88,Not Applicable,88,Not Applicable,88,Not Applicable,88,Not Applicable,FALSE,1,Public Road,1,"Trafficway, On Road",CT0009300,New Haven PD,47741,06:46.0,C,Closed,00:42.0,,,,,,,
1346053,1,Complete,1346053,1346053,41.323303,-72.896274,3830279,New Haven,93,93,New Haven,12/25/2025,2025,12,December,25,5,Thursday,1:54:00,1,25051023,A,1,,Tree (standing),"Injury of any type (Serious, Minor, Possible)",C,Possible Injury (C),0,0,2,USRoute,0.67,5,5-N,5-N,,LYMAN ST,350,Feet,S,41.323303,-72.896274,32,Tree (standing),88,Not Applicable,4,Roadside,1,Clear,88,Not Applicable,4,Dark-Lighted,1,Dry,99,Unknown,88,Not Applicable,88,Not Applicable,99,Unknown,88,Not Applicable,88,Not Applicable,1,Non-Junction,1,Not at Intersection,1,No,1,No,88,Not Applicable,88,Not Applicable,88,Not Applicable,88,Not Applicable,FALSE,1,Public Road,1,"Trafficway, On Road",CT0009300,New Haven PD,46174,22:08.0,C,Closed,00:37.0,,,,,,,
1346538,1,Complete,1346538,1346538,41.328889,-72.965813,3830764,New Haven,93,93,New Haven,12/26/2025,2025,12,December,26,6,Friday,15:07:00,15,25051126,A,1,,"Other Fixed Object (wall, building, tunnel, etc.)","Injury of any type (Serious, Minor, Possible)",C,Possible Injury (C),0,0,3,State,0.56,63,63-N,63-N,,EMERSON ST,100,Feet,W,41.328889,-72.965813,39,"Other Fixed Object (wall, building, tunnel, etc.)",88,Not Applicable,1,On Roadway,1,Clear,88,Not Applicable,1,Daylight,1,Dry,0,None,88,Not Applicable,88,Not Applicable,0,None,88,Not Applicable,88,Not Applicable,1,Non-Junction,1,Not at Intersection,1,No,1,No,88,Not Applicable,88,Not Applicable,88,Not Applicable,88,Not Applicable,FALSE,1,Public Road,1,"Trafficway, On Road",CT0009300,New Haven PD,45397,52:30.0,C,Closed,02:01.0,,,,,,,
1346552,1,Complete,1346552,1346552,41.308551,-72.909888,3830778,New Haven,93,93,New Haven,12/27/2025,2025,12,December,27,7,Saturday,10:00:00,10,25051173,A,2,,Tree (standing),"Injury of any type (Serious, Minor, Possible)",C,Possible Injury (C),0,0,4,Local,0.51,165,EAST ST,EAST ST,,GRAND AV,100,Feet,S,41.308551,-72.909888,14,Motor Vehicle in Operation,1,Front to rear,1,On Roadway,2,Cloudy,88,Not Applicable,1,Daylight,3,Snow,0,None,88,Not Applicable,88,Not Applicable,0,None,88,Not Applicable,88,Not Applicable,1,Non-Junction,1,Not at Intersection,1,No,1,No,88,Not Applicable,88,Not Applicable,88,Not Applicable,88,Not Applicable,FALSE,1,Public Road,1,"Trafficway, On Road",CT0009300,New Haven PD,42057,02:13.0,C,Closed,02:27.0,,,,,,,
1346553,1,Complete,1346553,1346553,41.329713,-72.950862,3830779,New Haven,93,93,New Haven,12/27/2025,2025,12,December,27,7,Saturday,12:34:00,12,25051183,A,2,,Motor Vehicle In Motion,"Injury of any type (Serious, Minor, Possible)",C,Possible Injury (C),0,0,3,State,4.07,10,10-N,10-N,,DYER ST,510,Feet,N,41.329713,-72.950862,14,Motor Vehicle in Operation,1,Front to rear,1,On Roadway,7,Snow,88,Not Applicable,1,Daylight,3,Snow,99,Unknown,88,Not Applicable,88,Not Applicable,99,Unknown,88,Not Applicable,88,Not Applicable,9,Driveway Access-Related,1,Not at Intersection,1,No,1,No,88,Not Applicable,88,Not Applicable,88,Not Applicable,88,Not Applicable,TRUE,1,Public Road,1,"Trafficway, On Road",CT0009300,New Haven PD,46627,09:39.0,C,Closed,02:19.0,,,,,,,
1346555,1,Complete,1346555,1346555,41.3329,-72.92056,3830781,New Haven,93,93,New Haven,12/27/2025,2025,12,December,27,7,Saturday,14:05:00,14,25051188,A,2,,Motor Vehicle In Motion,"Injury of any type (Serious, Minor, Possible)",C,Possible Injury (C),0,0,4,Local,1.49,495,PROSPECT ST,PROSPECT ST,OGDEN ST,,,,,41.3329,-72.92056,14,Motor Vehicle in Operation,3,Angle,1,On Roadway,7,Snow,88,Not Applicable,1,Daylight,4,Slush,0,None,88,Not Applicable,88,Not Applicable,5,"Road Surface Condition (wet, icy, snow, slush, etc.)",88,Not Applicable,88,Not Applicable,2,Intersection,3,T-Intersection,1,No,1,No,88,Not Applicable,88,Not Applicable,88,Not Applicable,88,Not Applicable,FALSE,1,Public Road,1,"Trafficway, On Road",CT0009300,New Haven PD,47005,59:29.0,C,Closed,02:18.0,,,,,,,
1346560,1,Complete,1346560,1346560,41.332363,-72.974817,3830786,New Haven,93,93,New Haven,12/28/2025,2025,12,December,28,1,Sunday,0:40:00,0,25051227,A,2,,Motor Vehicle In Motion,"Injury of any type (Serious, Minor, Possible)",C,Possible Injury (C),0,0,3,State,1.1,63,63-N,63-N,,East Ramsdell St,50,Feet,E,41.332363,-72.974817,14,Motor Vehicle in Operation,1,Front to rear,1,On Roadway,1,Clear,88,Not Applicable,4,Dark-Lighted,2,Wet,0,None,88,Not Applicable,88,Not Applicable,0,None,88,Not Applicable,88,Not Applicable,3,Intersection-Related,2,Four-Way Intersection,1,No,1,No,88,Not Applicable,88,Not Applicable,88,Not Applicable,88,Not Applicable,FALSE,1,Public Road,1,"Trafficway, On Road",CT0009300,New Haven PD,47737,22:31.0,C,Closed,02:26.0,,,,,,,
1346561,1,Complete,1346561,1346561,41.31665,-72.9424,3830787,New Haven,93,93,New Haven,12/28/2025,2025,12,December,28,1,Sunday,2:58:00,2,25051229,A,2,,Motor Vehicle In Motion,"Injury of any type (Serious, Minor, Possible)",C,Possible Injury (C),0,0,4,Local,0.38,653,WHALLEY AV,WHALLEY AV,SHERMAN AV,,,,,41.31665,-72.9424,14,Motor Vehicle in Operation,3,Angle,1,On Roadway,1,Clear,88,Not Applicable,4,Dark-Lighted,3,Snow,1,Weather Conditions,88,Not Applicable,88,Not Applicable,0,None,88,Not Applicable,88,Not Applicable,2,Intersection,2,Four-Way Intersection,1,No,1,No,88,Not Applicable,88,Not Applicable,88,Not Applicable,88,Not Applicable,FALSE,1,Public Road,1,"Trafficway, On Road",CT0009300,New Haven PD,44339,35:45.0,C,Closed,02:22.0,,,,,,,
1346569,1,Complete,1346569,1346569,41.307264,-72.876462,3830795,New Haven,93,93,New Haven,12/28/2025,2025,12,December,28,1,Sunday,23:38:00,23,25051279,A,2,,Parked Vehicle,"Injury of any type (Serious, Minor, Possible)",C,Possible Injury (C),0,0,4,Local,0.48,535,RUSSELL ST,RUSSELL ST,,KINGSWOOD DR,90,Feet,N,41.307264,-72.876462,14,Motor Vehicle in Operation,1,Front to rear,1,On Roadway,4,Rain,88,Not Applicable,6,Dark-Unknown Lighting,2,Wet,1,Weather Conditions,88,Not Applicable,88,Not Applicable,99,Unknown,88,Not Applicable,88,Not Applicable,1,Non-Junction,1,Not at Intersection,1,No,1,No,88,Not Applicable,88,Not Applicable,88,Not Applicable,88,Not Applicable,FALSE,1,Public Road,1,"Trafficway, On Road",CT0009300,New Haven PD,40792,56:09.0,C,Closed,02:48.0,,,,,,,
1347537,1,Complete,1347537,1347537,41.309403,-72.889066,3831763,New Haven,93,93,New Haven,12/30/2025,2025,12,December,30,3,Tuesday,0:31:00,0,25051400,A,2,,Motor Vehicle In Motion,"Injury of any type (Serious, Minor, Possible)",B,Suspected Minor Injury (B),0,0,4,Local,0.17,264,GRAND AV,GRAND AV,,FRONT ST,55,Feet,W,41.309403,-72.889066,14,Motor Vehicle in Operation,1,Front to rear,1,On Roadway,1,Clear,88,Not Applicable,4,Dark-Lighted,1,Dry,0,None,88,Not Applicable,88,Not Applicable,0,None,88,Not Applicable,88,Not Applicable,3,Intersection-Related,2,Four-Way Intersection,1,No,1,No,88,Not Applicable,88,Not Applicable,88,Not Applicable,88,Not Applicable,FALSE,1,Public Road,1,"Trafficway, On Road",CT0009300,New Haven PD,48507,30:15.0,C,Closed,00:44.0,,,,,,,
1348061,1,Complete,1348061,1348061,41.326105,-72.91555,3832287,New Haven,93,93,New Haven,10/31/2025,2025,10,October,31,6,Friday,17:44:00,17,25044369,A,2,,Motor Vehicle In Motion,"Injury of any type (Serious, Minor, Possible)",C,Possible Injury (C),0,0,4,Local,0.31,116,COLD SPRING ST,COLD SPRING ST,,WHITNEY AVE,45,Feet,E,41.326105,-72.91555,14,Motor Vehicle in Operation,4,"Sideswipe, same direction",1,On Roadway,1,Clear,88,Not Applicable,1,Daylight,1,Dry,0,None,88,Not Applicable,88,Not Applicable,0,None,88,Not Applicable,88,Not Applicable,3,Intersection-Related,3,T-Intersection,1,No,1,No,88,Not Applicable,88,Not Applicable,88,Not Applicable,88,Not Applicable,FALSE,1,Public Road,1,"Trafficway, On Road",CT0009300,New Haven PD,45399,44:34.0,O,Open,01:27.0,,,,,,,
1348075,1,Complete,1348075,1348075,41.316112,-72.890499,3832301,New Haven,93,93,New Haven,12/31/2025,2025,12,December,31,4,Wednesday,19:30:00,19,25051599,A,1,,Tree (standing),"Injury of any type (Serious, Minor, Possible)",C,Possible Injury (C),0,0,4,Local,0.71,379,LOMBARD ST,LOMBARD ST,MALTBY ST,,,,,41.316112,-72.890499,32,Tree (standing),88,Not Applicable,1,On Roadway,1,Clear,88,Not Applicable,4,Dark-Lighted,1,Dry,0,None,88,Not Applicable,88,Not Applicable,0,None,88,Not Applicable,88,Not Applicable,2,Intersection,2,Four-Way Intersection,1,No,1,No,88,Not Applicable,88,Not Applicable,88,Not Applicable,88,Not Applicable,FALSE,1,Public Road,1,"Trafficway, On Road",CT0009300,New Haven PD,40788,10:56.0,C,Closed,01:32.0,,,,,,,
1348337,1,Complete,1348337,1348337,41.319833,-72.89818,3832563,New Haven,93,93,New Haven,1/1/2026,2026,1,January,1,5,Thursday,12:45:00,12,26000066,A,2,,Motor Vehicle In Motion,"Injury of any type (Serious, Minor, Possible)",C,Possible Injury (C),0,0,2,USRoute,0.41,5,5-N,5-N,,GRACE ST,65,Feet,S,41.319833,-72.89818,14,Motor Vehicle in Operation,1,Front to rear,1,On Roadway,1,Clear,88,Not Applicable,1,Daylight,1,Dry,0,None,88,Not Applicable,88,Not Applicable,0,None,88,Not Applicable,88,Not Applicable,3,Intersection-Related,3,T-Intersection,1,No,1,No,88,Not Applicable,88,Not Applicable,88,Not Applicable,88,Not Applicable,FALSE,1,Public Road,1,"Trafficway, On Road",CT0009300,New Haven PD,42048,03:56.0,O,Open,01:04.0,,,,,,,
1348776,1,Complete,1348776,1348776,41.308614,-72.943806,3833002,New Haven,93,93,New Haven,12/28/2025,2025,12,December,28,1,Sunday,22:58:00,22,25051276,A,1,,Tree (standing),"Injury of any type (Serious, Minor, Possible)",C,Possible Injury (C),0,0,4,Local,0.12,772,GREENWOOD ST NO 2,GREENWOOD ST NO 2,,GILBERT AVE,25,Feet,E,41.308614,-72.943806,32,Tree (standing),88,Not Applicable,1,On Roadway,1,Clear,88,Not Applicable,4,Dark-Lighted,4,Slush,0,None,88,Not Applicable,88,Not Applicable,0,None,88,Not Applicable,88,Not Applicable,3,Intersection-Related,2,Four-Way Intersection,1,No,1,No,88,Not Applicable,88,Not Applicable,88,Not Applicable,88,Not Applicable,FALSE,1,Public Road,1,"Trafficway, On Road",CT0009300,New Haven PD,49452,36:57.0,C,Closed,02:09.0,,,,,,,
1348785,1,Complete,1348785,1348785,41.308946,-72.908998,3833011,New Haven,93,93,New Haven,1/2/2026,2026,1,January,2,6,Friday,8:59:00,8,26000128,A,2,,Motor Vehicle In Motion,"Injury of any type (Serious, Minor, Possible)",C,Possible Injury (C),0,0,4,Local,1.22,264,GRAND AV,GRAND AV,,EAST STREET,180,Feet,E,41.308946,-72.908998,14,Motor Vehicle in Operation,3,Angle,1,On Roadway,2,Cloudy,88,Not Applicable,1,Daylight,1,Dry,0,None,88,Not Applicable,88,Not Applicable,0,None,88,Not Applicable,88,Not Applicable,1,Non-Junction,1,Not at Intersection,1,No,1,No,88,Not Applicable,88,Not Applicable,88,Not Applicable,88,Not Applicable,FALSE,1,Public Road,1,"Trafficway, On Road",CT0009300,New Haven PD,44052,55:31.0,C,Closed,01:43.0,,,,,,,
1348793,1,Complete,1348793,1348793,41.29783471,-72.93419967,3833019,New Haven,93,93,New Haven,1/2/2026,2026,1,January,2,6,Friday,21:44:00,21,26000210,A,2,,Motor Vehicle In Motion,"Injury of any type (Serious, Minor, Possible)",C,Possible Injury (C),0,0,2,USRoute,47.4,1,1-N,1-N,HOWARD AV,,,,,41.29783471,-72.93419967,14,Motor Vehicle in Operation,3,Angle,1,On Roadway,1,Clear,88,Not Applicable,4,Dark-Lighted,1,Dry,0,None,88,Not Applicable,88,Not Applicable,0,None,88,Not Applicable,88,Not Applicable,2,Intersection,2,Four-Way Intersection,1,No,1,No,88,Not Applicable,88,Not Applicable,88,Not Applicable,88,Not Applicable,FALSE,1,Public Road,1,"Trafficway, On Road",CT0009300,New Haven PD,45389,41:59.0,C,Closed,02:02.0,,,,,,,
1348797,1,Complete,1348797,1348797,41.304445,-72.928775,3833023,New Haven,93,93,New Haven,1/3/2026,2026,1,January,3,7,Saturday,1:52:00,1,26000236,A,2,,Motor Vehicle In Motion,"Injury of any type (Serious, Minor, Possible)",C,Possible Injury (C),0,0,4,Local,1.19,248,GEORGE ST,GEORGE ST,TEMPLE ST,,,,,41.304445,-72.928775,14,Motor Vehicle in Operation,1,Front to rear,1,On Roadway,1,Clear,88,Not Applicable,4,Dark-Lighted,1,Dry,0,None,88,Not Applicable,88,Not Applicable,0,None,88,Not Applicable,88,Not Applicable,3,Intersection-Related,2,Four-Way Intersection,1,No,1,No,88,Not Applicable,88,Not Applicable,88,Not Applicable,88,Not Applicable,FALSE,1,Public Road,1,"Trafficway, On Road",CT0009300,New Haven PD,44048,47:23.0,C,Closed,01:58.0,,,,,,,
1348798,1,Complete,1348798,1348798,41.327045,-72.935154,3833024,New Haven,93,93,New Haven,1/3/2026,2026,1,January,3,7,Saturday,2:14:00,2,26000237,A,3,,Motor Vehicle In Motion,"Injury of any type (Serious, Minor, Possible)",C,Possible Injury (C),0,0,4,Local,1,152,DIXWELL AV,DIXWELL AV,DIVISION ST ,,,,,41.327045,-72.935154,14,Motor Vehicle in Operation,2,Front to front,1,On Roadway,1,Clear,88,Not Applicable,4,Dark-Lighted,1,Dry,0,None,88,Not Applicable,88,Not Applicable,99,Unknown,88,Not Applicable,88,Not Applicable,2,Intersection,3,T-Intersection,1,No,1,No,88,Not Applicable,88,Not Applicable,88,Not Applicable,88,Not Applicable,FALSE,1,Public Road,1,"Trafficway, On Road",CT0009300,New Haven PD,45391,40:09.0,C,Closed,01:57.0,,,,,,,
1349472,1,Complete,1349472,1349472,41.29091,-72.941481,3833698,New Haven,93,93,New Haven,1/4/2026,2026,1,January,4,1,Sunday,2:43:00,2,26000332,A,2,,Motor Vehicle In Motion,"Injury of any type (Serious, Minor, Possible)",C,Possible Injury (C),0,0,4,Local,0.13,626,WASHINGTON AV NO 1,WASHINGTON AV NO 1,ELLA T GRASSO BLVD,,,,,41.29091,-72.941481,14,Motor Vehicle in Operation,1,Front to rear,1,On Roadway,1,Clear,88,Not Applicable,4,Dark-Lighted,1,Dry,0,None,88,Not Applicable,88,Not Applicable,0,None,88,Not Applicable,88,Not Applicable,2,Intersection,2,Four-Way Intersection,1,No,1,No,88,Not Applicable,88,Not Applicable,88,Not Applicable,88,Not Applicable,FALSE,1,Public Road,1,"Trafficway, On Road",CT0009300,New Haven PD,44338,16:59.0,O,Open,00:16.0,,,,,,,