CrashId,Fatal Case Status,Fatal Case Status Text Format,CrashId,CrashId,Latitude,Longitude,DOT Case Number,Town Name,Town Number,Town Number,Town Number Text Format,Date Of Crash,Year,Month,Month Text Format,Day,Day of the Week,Day of the Week Text Format,Time of Crash,Hour of the Day,Case Identifier,Crash Severity,Number Of Motor Vehicles,Motor vehicle action,Most harmful event,Crash Severity Text Format,Most Severe Injury,Most Severe Injury Text Format,Number Of Non-Motorist,Number Of Witnesses,Route Class,Route Class Text Format,Milemarker,Road Number,Road Description,Roadway Name,Intersecting Roadway Name,Landmark Description,Distance From Nearest Landmark,Unit Of Measure From Nearest Landmark,Direction From Nearest Landmark,Latitude,Longitude,First Harmful Event,First Harmful Event Text Format,Manner of Crash / Collision Impact,Manner of Crash / Collision Impact Text Format,Location of First Harmful Event,Location of First Harmful Event Text Format,Weather Condition,Weather Condition Text Format,Weather 2,Weather 2 Text Format,Light Condition,Light Condition Text Format,Road Surface Condition,Road Surface Condition Text Format,"Contributing Circumstances, Environment","Contributing Circumstances, Environment Text Format",Environment 2,Environment 2 Text Format,Environment 3,Environment 3 Text Format,"Contributing Circumstances, Road","Contributing Circumstances, Road Text Format",Road 2,Road 2 Text Format,Road 3,Road 3 Text Format,Crash Specific Location,Crash Specific Location Text Format,Type of Intersection,Type of Intersection Text Format,School Bus Related,School Bus Related Text Format,Work Zone Related,Work Zone Related Text Format,Location Of Crash Relative To Work Zone,Location Of Crash Relative To Work Zone Text Format,Type of Work Zone,Type of Work Zone Text Format,Worker Presence,Worker Presence Text Format,Law Enforcement Presence,Law Enforcement Presence Text Format,Were Vehicles Moved Prior To Police Arrival,Trafficway Ownership,Trafficway Ownership Text Format,Trafficway Class,Trafficway Class Text Format,Police Agency,Police Agency Text Format,Badge Number,Approval Date,Police Case Status,Police Case Status Text Format,Crash Report Submission Date,Related Case Identifiers,No. of Through Lanes (Log Dir.),Average Daily Traffic,Functional Classification,Functional Classification Text Format,Rural or Urban,Rural or Urban Text Format
1349475,1,Complete,1349475,1349475,41.305889,-72.946167,3833701,New Haven,93,93,New Haven,1/5/2026,2026,1,January,5,2,Monday,6:45:00,6,26000421,A,2,,Motor Vehicle In Motion,"Injury of any type (Serious, Minor, Possible)",B,Suspected Minor Injury (B),0,0,4,Local,0.33,360,LEGION AV,LEGION AV,,WINTHROP AVE,184,Feet,E,41.305889,-72.946167,14,Motor Vehicle in Operation,1,Front to rear,1,On Roadway,1,Clear,88,Not Applicable,2,Dawn,1,Dry,99,Unknown,88,Not Applicable,88,Not Applicable,0,None,88,Not Applicable,88,Not Applicable,2,Intersection,2,Four-Way Intersection,1,No,1,No,88,Not Applicable,88,Not Applicable,88,Not Applicable,88,Not Applicable,TRUE,1,Public Road,1,"Trafficway, On Road",CT0009300,New Haven PD,10,59:23.0,C,Closed,00:25.0,,,,,,,
1349477,1,Complete,1349477,1349477,41.317631,-72.937897,3833703,New Haven,93,93,New Haven,1/5/2026,2026,1,January,5,2,Monday,8:25:00,8,26000425,A,2,,Motor Vehicle In Motion,"Injury of any type (Serious, Minor, Possible)",C,Possible Injury (C),0,0,4,Local,1.17,453,ORCHARD ST,ORCHARD ST,,Goffe Street,15,Feet,S,41.317631,-72.937897,14,Motor Vehicle in Operation,1,Front to rear,1,On Roadway,1,Clear,88,Not Applicable,1,Daylight,1,Dry,0,None,88,Not Applicable,88,Not Applicable,0,None,88,Not Applicable,88,Not Applicable,3,Intersection-Related,2,Four-Way Intersection,1,No,1,No,88,Not Applicable,88,Not Applicable,88,Not Applicable,88,Not Applicable,FALSE,1,Public Road,1,"Trafficway, On Road",CT0009300,New Haven PD,45700,45:10.0,C,Closed,00:19.0,,,,,,,
1349478,1,Complete,1349478,1349478,41.328074,-72.959089,3833704,New Haven,93,93,New Haven,1/5/2026,2026,1,January,5,2,Monday,9:00:00,9,26000434,A,2,,Motor Vehicle In Motion,"Injury of any type (Serious, Minor, Possible)",C,Possible Injury (C),0,0,4,Local,0.91,56,BLAKE ST,BLAKE ST,,VALLEY ST,200,Feet,E,41.328074,-72.959089,14,Motor Vehicle in Operation,3,Angle,1,On Roadway,1,Clear,88,Not Applicable,1,Daylight,1,Dry,0,None,88,Not Applicable,88,Not Applicable,0,None,88,Not Applicable,88,Not Applicable,9,Driveway Access-Related,1,Not at Intersection,1,No,1,No,88,Not Applicable,88,Not Applicable,88,Not Applicable,88,Not Applicable,FALSE,1,Public Road,1,"Trafficway, On Road",CT0009300,New Haven PD,47005,31:41.0,C,Closed,00:23.0,,,,,,,
1349483,1,Complete,1349483,1349483,41.308855,-72.909888,3833709,New Haven,93,93,New Haven,1/5/2026,2026,1,January,5,2,Monday,17:09:00,17,26000490,A,2,,Motor Vehicle In Motion,"Injury of any type (Serious, Minor, Possible)",C,Possible Injury (C),0,0,4,Local,1.26,264,GRAND AV,GRAND AV,EAST ST,,,,,41.308855,-72.909888,14,Motor Vehicle in Operation,1,Front to rear,1,On Roadway,1,Clear,88,Not Applicable,4,Dark-Lighted,2,Wet,0,None,88,Not Applicable,88,Not Applicable,0,None,88,Not Applicable,88,Not Applicable,2,Intersection,2,Four-Way Intersection,1,No,1,No,88,Not Applicable,88,Not Applicable,88,Not Applicable,88,Not Applicable,TRUE,1,Public Road,1,"Trafficway, On Road",CT0009300,New Haven PD,980,13:51.0,C,Closed,00:30.0,,,,,,,
1349901,1,Complete,1349901,1349901,41.306521,-72.894967,3834127,New Haven,93,93,New Haven,12/29/2025,2025,12,December,29,2,Monday,7:00:00,7,25051288,A,4,,Motor Vehicle In Motion,"Injury of any type (Serious, Minor, Possible)",C,Possible Injury (C),0,0,4,Local,0.93,213,FERRY ST,FERRY ST,WOLCOTT ST,,,,,41.306521,-72.894967,14,Motor Vehicle in Operation,3,Angle,1,On Roadway,4,Rain,4,Rain,1,Daylight,2,Wet,0,None,88,Not Applicable,88,Not Applicable,0,None,88,Not Applicable,88,Not Applicable,2,Intersection,3,T-Intersection,1,No,1,No,88,Not Applicable,88,Not Applicable,88,Not Applicable,88,Not Applicable,FALSE,1,Public Road,1,"Trafficway, On Road",CT0009300,New Haven PD,46625,54:13.0,C,Closed,02:02.0,,,,,,,
1349903,1,Complete,1349903,1349903,41.311988,-72.897832,3834129,New Haven,93,93,New Haven,1/3/2026,2026,1,January,3,7,Saturday,14:03:00,14,26000284,A,2,,Motor Vehicle In Motion,"Injury of any type (Serious, Minor, Possible)",C,Possible Injury (C),0,0,4,Local,0.08,479,PINE ST NO 1,PINE ST NO 1,POPLAR ST,,,,,41.311988,-72.897832,14,Motor Vehicle in Operation,3,Angle,1,On Roadway,1,Clear,88,Not Applicable,1,Daylight,1,Dry,0,None,88,Not Applicable,88,Not Applicable,0,None,88,Not Applicable,88,Not Applicable,2,Intersection,2,Four-Way Intersection,1,No,1,No,88,Not Applicable,88,Not Applicable,88,Not Applicable,88,Not Applicable,FALSE,1,Public Road,1,"Trafficway, On Road",CT0009300,New Haven PD,40789,26:27.0,C,Closed,02:01.0,,,,,,,
1349905,1,Complete,1349905,1349905,41.322459,-72.934941,3834131,New Haven,93,93,New Haven,1/5/2026,2026,1,January,5,2,Monday,20:52:00,20,26000503,A,2,,"Other Fixed Object (wall, building, tunnel, etc.)","Injury of any type (Serious, Minor, Possible)",C,Possible Injury (C),0,0,,,,,,340 DIXWELL AVE,,ORCHARD ST ,110,Feet,E,41.322459,-72.934941,14,Motor Vehicle in Operation,1,Front to rear,97,Other,1,Clear,88,Not Applicable,4,Dark-Lighted,1,Dry,0,None,88,Not Applicable,88,Not Applicable,0,None,88,Not Applicable,88,Not Applicable,97,Other,1,Not at Intersection,1,No,1,No,88,Not Applicable,88,Not Applicable,88,Not Applicable,88,Not Applicable,TRUE,88,Not Applicable,4,Parking Lot,CT0009300,New Haven PD,47005,34:50.0,C,Closed,01:58.0,,,,,,,
1349906,1,Complete,1349906,1349906,41.306475,-72.952918,3834132,New Haven,93,93,New Haven,1/6/2026,2026,1,January,6,3,Tuesday,8:09:00,8,26000540,A,2,,Motor Vehicle In Motion,"Injury of any type (Serious, Minor, Possible)",C,Possible Injury (C),0,0,3,State,2.13,10,10-N,10-N,REV DR MLK JR BLVD,,,,,41.306475,-72.952918,14,Motor Vehicle in Operation,3,Angle,1,On Roadway,1,Clear,88,Not Applicable,1,Daylight,1,Dry,0,None,88,Not Applicable,88,Not Applicable,0,None,88,Not Applicable,88,Not Applicable,2,Intersection,3,T-Intersection,1,No,1,No,88,Not Applicable,88,Not Applicable,88,Not Applicable,88,Not Applicable,FALSE,1,Public Road,1,"Trafficway, On Road",CT0009300,New Haven PD,45395,52:39.0,C,Closed,02:03.0,,,,,,,
1349912,1,Complete,1349912,1349912,41.32182856,-72.87667492,3834138,New Haven,93,93,New Haven,1/6/2026,2026,1,January,6,3,Tuesday,17:47:00,17,26000649,A,2,,Motor Vehicle In Motion,"Injury of any type (Serious, Minor, Possible)",B,Suspected Minor Injury (B),0,0,3,State,0.29,80,80-E,80-E,,QUINNIPIAC AVE,810,Feet,W,41.32182856,-72.87667492,14,Motor Vehicle in Operation,1,Front to rear,1,On Roadway,1,Clear,88,Not Applicable,4,Dark-Lighted,1,Dry,0,None,88,Not Applicable,88,Not Applicable,0,None,88,Not Applicable,88,Not Applicable,1,Non-Junction,1,Not at Intersection,1,No,1,No,88,Not Applicable,88,Not Applicable,88,Not Applicable,88,Not Applicable,FALSE,1,Public Road,1,"Trafficway, On Road",CT0009300,New Haven PD,44056,31:19.0,C,Closed,02:11.0,,,,,,,
1350193,1,Complete,1350193,1350193,41.289381,-72.92683,3834419,New Haven,93,93,New Haven,1/7/2026,2026,1,January,7,4,Wednesday,10:24:00,10,26000731,A,1,,Fence,"Injury of any type (Serious, Minor, Possible)",A,Suspected Serious Injury (A),0,0,,,,,,1 LONG WHARF DR,,SARGENT DR,620,Feet,W,41.289381,-72.92683,36,Fence,88,Not Applicable,97,Other,1,Clear,88,Not Applicable,1,Daylight,1,Dry,0,None,88,Not Applicable,88,Not Applicable,0,None,88,Not Applicable,88,Not Applicable,97,Other,1,Not at Intersection,1,No,1,No,88,Not Applicable,88,Not Applicable,88,Not Applicable,88,Not Applicable,FALSE,88,Not Applicable,4,Parking Lot,CT0009300,New Haven PD,40810,54:53.0,C,Closed,01:56.0,26-000731,,,,,,
1350195,1,Complete,1350195,1350195,41.31756484,-72.90119031,3834421,New Haven,93,93,New Haven,1/7/2026,2026,1,January,7,4,Wednesday,11:10:00,11,26000741,A,1,,Tree (standing),"Injury of any type (Serious, Minor, Possible)",C,Possible Injury (C),0,0,2,USRoute,0.18,5,5-N,5-N,,BLATCHLEY AVENUE,30,Feet,E,41.31756484,-72.90119031,32,Tree (standing),88,Not Applicable,4,Roadside,2,Cloudy,88,Not Applicable,1,Daylight,2,Wet,0,None,88,Not Applicable,88,Not Applicable,0,None,88,Not Applicable,88,Not Applicable,3,Intersection-Related,2,Four-Way Intersection,1,No,1,No,88,Not Applicable,88,Not Applicable,88,Not Applicable,88,Not Applicable,FALSE,1,Public Road,1,"Trafficway, On Road",CT0009300,New Haven PD,42048,50:49.0,C,Closed,01:55.0,,,,,,,
1350196,1,Complete,1350196,1350196,41.309523,-72.927233,3834422,New Haven,93,93,New Haven,1/7/2026,2026,1,January,7,4,Wednesday,12:14:00,12,26000746,A,2,,Motor Vehicle In Motion,"Injury of any type (Serious, Minor, Possible)",C,Possible Injury (C),0,0,4,Local,0.37,726,ELM ST NO 2,ELM ST NO 2,COLLEGE ST,,,,,41.309523,-72.927233,14,Motor Vehicle in Operation,3,Angle,1,On Roadway,1,Clear,88,Not Applicable,1,Daylight,1,Dry,0,None,88,Not Applicable,88,Not Applicable,0,None,88,Not Applicable,88,Not Applicable,2,Intersection,2,Four-Way Intersection,1,No,1,No,88,Not Applicable,88,Not Applicable,88,Not Applicable,88,Not Applicable,TRUE,1,Public Road,1,"Trafficway, On Road",CT0009300,New Haven PD,469,43:42.0,C,Closed,02:00.0,,,,,,,
1350548,1,Complete,1350548,1350548,41.300893,-72.924192,3834774,New Haven,93,93,New Haven,1/1/2026,2026,1,January,1,5,Thursday,6:54:00,6,26000034,A,1,,Other Traffic Barrier,"Injury of any type (Serious, Minor, Possible)",C,Possible Injury (C),0,0,2,USRoute,48.24,1,1-N,1-N,,WATER ST,145,Feet,S,41.300893,-72.924192,38,"Other Post, Pole or Support",88,Not Applicable,4,Roadside,1,Clear,88,Not Applicable,2,Dawn,2,Wet,0,None,88,Not Applicable,88,Not Applicable,0,None,88,Not Applicable,88,Not Applicable,1,Non-Junction,1,Not at Intersection,1,No,1,No,88,Not Applicable,88,Not Applicable,88,Not Applicable,88,Not Applicable,FALSE,1,Public Road,1,"Trafficway, On Road",CT0009300,New Haven PD,48829,31:50.0,C,Closed,00:51.0,,,,,,,
1350551,1,Complete,1350551,1350551,41.320213,-72.950878,3834777,New Haven,93,93,New Haven,1/4/2026,2026,1,January,4,1,Sunday,15:34:00,15,26000365,A,2,,Motor Vehicle In Motion,"Injury of any type (Serious, Minor, Possible)",C,Possible Injury (C),0,0,3,State,3.15,10,10-N,10-N,,HOBART ST,20,Feet,E,41.320213,-72.950878,14,Motor Vehicle in Operation,4,"Sideswipe, same direction",1,On Roadway,1,Clear,88,Not Applicable,1,Daylight,1,Dry,0,None,88,Not Applicable,88,Not Applicable,0,None,88,Not Applicable,88,Not Applicable,1,Non-Junction,1,Not at Intersection,1,No,1,No,88,Not Applicable,88,Not Applicable,88,Not Applicable,88,Not Applicable,TRUE,1,Public Road,1,"Trafficway, On Road",CT0009300,New Haven PD,44947,18:23.0,C,Closed,00:46.0,,,,,,,
1350555,1,Complete,1350555,1350555,41.296969,-72.948467,3834781,New Haven,93,93,New Haven,1/8/2026,2026,1,January,8,5,Thursday,8:13:00,8,26000873,A,2,,Motor Vehicle In Motion,"Injury of any type (Serious, Minor, Possible)",C,Possible Injury (C),0,0,3,State,1.39,10,10-N,10-N,,Colombus Ave ,190,Feet,S,41.296969,-72.948467,14,Motor Vehicle in Operation,1,Front to rear,1,On Roadway,1,Clear,88,Not Applicable,1,Daylight,1,Dry,0,None,88,Not Applicable,88,Not Applicable,0,None,88,Not Applicable,88,Not Applicable,9,Driveway Access-Related,1,Not at Intersection,1,No,1,No,88,Not Applicable,88,Not Applicable,88,Not Applicable,88,Not Applicable,FALSE,1,Public Road,1,"Trafficway, On Road",CT0009300,New Haven PD,48508,44:03.0,O,Open,00:33.0,26-000873,,,,,,
1350558,1,Complete,1350558,1350558,41.319306,-72.898817,3834784,New Haven,93,93,New Haven,1/8/2026,2026,1,January,8,5,Thursday,9:19:00,9,26000882,A,2,,Motor Vehicle In Motion,"Injury of any type (Serious, Minor, Possible)",C,Possible Injury (C),0,0,2,USRoute,0.36,5,5-N,5-N,May Street,,,,,41.319306,-72.898817,14,Motor Vehicle in Operation,3,Angle,1,On Roadway,1,Clear,88,Not Applicable,1,Daylight,1,Dry,0,None,88,Not Applicable,88,Not Applicable,0,None,88,Not Applicable,88,Not Applicable,2,Intersection,2,Four-Way Intersection,1,No,1,No,88,Not Applicable,88,Not Applicable,88,Not Applicable,88,Not Applicable,FALSE,1,Public Road,1,"Trafficway, On Road",CT0009300,New Haven PD,45390,26:48.0,C,Closed,00:38.0,,,,,,,
1350560,1,Complete,1350560,1350560,41.316914,-72.943075,3834786,New Haven,93,93,New Haven,1/8/2026,2026,1,January,8,5,Thursday,16:03:00,16,26000931,A,2,,Motor Vehicle In Motion,"Injury of any type (Serious, Minor, Possible)",C,Possible Injury (C),0,0,4,Local,0.34,653,WHALLEY AV,WHALLEY AV,,Caramel Street,95,Feet,E,41.316914,-72.943075,14,Motor Vehicle in Operation,3,Angle,1,On Roadway,1,Clear,88,Not Applicable,1,Daylight,1,Dry,0,None,88,Not Applicable,88,Not Applicable,0,None,88,Not Applicable,88,Not Applicable,9,Driveway Access-Related,1,Not at Intersection,1,No,1,No,88,Not Applicable,88,Not Applicable,88,Not Applicable,88,Not Applicable,FALSE,1,Public Road,1,"Trafficway, On Road",CT0009300,New Haven PD,276,26:35.0,C,Closed,00:48.0,26000931,,,,,,
1350564,1,Complete,1350564,1350564,41.309131,-72.895464,3834790,New Haven,93,93,New Haven,1/8/2026,2026,1,January,8,5,Thursday,19:28:00,19,26000971,A,1,,Pedestrian,"Injury of any type (Serious, Minor, Possible)",B,Suspected Minor Injury (B),1,0,4,Local,0.74,213,FERRY ST,FERRY ST,Grand Avenue,,,,,41.309131,-72.895464,9,Pedestrian,88,Not Applicable,1,On Roadway,1,Clear,88,Not Applicable,4,Dark-Lighted,1,Dry,0,None,88,Not Applicable,88,Not Applicable,0,None,88,Not Applicable,88,Not Applicable,2,Intersection,2,Four-Way Intersection,1,No,1,No,88,Not Applicable,88,Not Applicable,88,Not Applicable,88,Not Applicable,TRUE,1,Public Road,1,"Trafficway, On Road",CT0009300,New Haven PD,46614,44:48.0,C,Closed,00:49.0,,,,,,,
1350999,1,Complete,1350999,1350999,41.291278,-72.941748,3835225,New Haven,93,93,New Haven,1/4/2026,2026,1,January,4,1,Sunday,2:15:00,2,26000336,A,2,,Motor Vehicle In Motion,"Injury of any type (Serious, Minor, Possible)",B,Suspected Minor Injury (B),0,0,3,State,0.91,10,10-N,10-N,,WASHINGTON AVE,130,Feet,W,41.291278,-72.941748,14,Motor Vehicle in Operation,3,Angle,1,On Roadway,1,Clear,88,Not Applicable,4,Dark-Lighted,1,Dry,0,None,88,Not Applicable,88,Not Applicable,0,None,88,Not Applicable,88,Not Applicable,9,Driveway Access-Related,1,Not at Intersection,1,No,1,No,88,Not Applicable,88,Not Applicable,88,Not Applicable,88,Not Applicable,FALSE,1,Public Road,1,"Trafficway, On Road",CT0009300,New Haven PD,48829,32:02.0,C,Closed,01:25.0,,,,,,,
1351005,1,Complete,1351005,1351005,41.310009,-72.924432,3835231,New Haven,93,93,New Haven,1/9/2026,2026,1,January,9,6,Friday,9:42:00,9,26001027,A,1,,Pedestrian,"Injury of any type (Serious, Minor, Possible)",C,Possible Injury (C),1,0,4,Local,0.3,588,TEMPLE ST,TEMPLE ST,WALL ST NO 2,,,,,41.310009,-72.924432,9,Pedestrian,88,Not Applicable,1,On Roadway,1,Clear,88,Not Applicable,1,Daylight,1,Dry,0,None,88,Not Applicable,88,Not Applicable,0,None,88,Not Applicable,88,Not Applicable,2,Intersection,2,Four-Way Intersection,1,No,1,No,88,Not Applicable,88,Not Applicable,88,Not Applicable,88,Not Applicable,FALSE,1,Public Road,1,"Trafficway, On Road",CT0009300,New Haven PD,45630,29:02.0,C,Closed,01:28.0,,,,,,,
1351009,1,Complete,1351009,1351009,41.30113,-72.935158,3835235,New Haven,93,93,New Haven,1/9/2026,2026,1,January,9,6,Friday,13:59:00,13,26001073,A,2,,Motor Vehicle In Motion,"Injury of any type (Serious, Minor, Possible)",C,Possible Injury (C),0,0,4,Local,0.37,308,HOWARD AV,HOWARD AV,,Congress Avenue,35,Feet,S,41.30113,-72.935158,14,Motor Vehicle in Operation,1,Front to rear,1,On Roadway,1,Clear,88,Not Applicable,1,Daylight,1,Dry,0,None,88,Not Applicable,88,Not Applicable,0,None,88,Not Applicable,88,Not Applicable,3,Intersection-Related,2,Four-Way Intersection,1,No,1,No,88,Not Applicable,88,Not Applicable,88,Not Applicable,88,Not Applicable,FALSE,1,Public Road,1,"Trafficway, On Road",CT0009300,New Haven PD,301,46:29.0,C,Closed,00:59.0,,,,,,,
1351014,1,Complete,1351014,1351014,41.301486,-72.92629,3835240,New Haven,93,93,New Haven,1/9/2026,2026,1,January,9,6,Friday,16:41:00,16,26001098,A,2,,Motor Vehicle In Motion,"Injury of any type (Serious, Minor, Possible)",C,Possible Injury (C),0,0,3,State,0.03,724,724-W,724-W,,South Orange Street,115,Feet,E,41.301486,-72.92629,14,Motor Vehicle in Operation,4,"Sideswipe, same direction",1,On Roadway,4,Rain,88,Not Applicable,4,Dark-Lighted,2,Wet,0,None,88,Not Applicable,88,Not Applicable,0,None,88,Not Applicable,88,Not Applicable,3,Intersection-Related,2,Four-Way Intersection,1,No,1,No,88,Not Applicable,88,Not Applicable,88,Not Applicable,88,Not Applicable,FALSE,1,Public Road,1,"Trafficway, On Road",CT0009300,New Haven PD,44062,30:05.0,C,Closed,01:32.0,,,,,,,
1351015,1,Complete,1351015,1351015,41.289392,-72.939721,3835241,New Haven,93,93,New Haven,1/9/2026,2026,1,January,9,6,Friday,16:45:00,16,26001102,A,2,,Motor Vehicle In Motion,"Injury of any type (Serious, Minor, Possible)",C,Possible Injury (C),0,0,3,State,0.74,10,10-N,10-N,,LAMBERTON ST,290,Feet,S,41.289392,-72.939721,14,Motor Vehicle in Operation,4,"Sideswipe, same direction",1,On Roadway,1,Clear,88,Not Applicable,4,Dark-Lighted,1,Dry,0,None,88,Not Applicable,88,Not Applicable,0,None,88,Not Applicable,88,Not Applicable,1,Non-Junction,1,Not at Intersection,1,No,1,No,88,Not Applicable,88,Not Applicable,88,Not Applicable,88,Not Applicable,TRUE,1,Public Road,1,"Trafficway, On Road",CT0009300,New Haven PD,46898,44:40.0,C,Closed,01:23.0,,,,,,,
1351021,1,Complete,1351021,1351021,41.321603,-72.875777,3835247,New Haven,93,93,New Haven,1/10/2026,2026,1,January,10,7,Saturday,10:04:00,10,26001188,A,2,,Motor Vehicle In Motion,"Injury of any type (Serious, Minor, Possible)",C,Possible Injury (C),0,0,3,State,0.33,80,80-E,80-E,,QUINNIPIAC AVENUE,510,Feet,W,41.321603,-72.875777,14,Motor Vehicle in Operation,3,Angle,1,On Roadway,2,Cloudy,88,Not Applicable,1,Daylight,2,Wet,0,None,88,Not Applicable,88,Not Applicable,0,None,88,Not Applicable,88,Not Applicable,9,Driveway Access-Related,1,Not at Intersection,1,No,1,No,88,Not Applicable,88,Not Applicable,88,Not Applicable,88,Not Applicable,FALSE,1,Public Road,1,"Trafficway, On Road",CT0009300,New Haven PD,42049,27:46.0,C,Closed,00:58.0,,,,,,,
1351030,1,Complete,1351030,1351030,41.292643,-72.938584,3835256,New Haven,93,93,New Haven,1/11/2026,2026,1,January,11,1,Sunday,18:10:00,18,26001237,A,2,,Motor Vehicle In Motion,"Injury of any type (Serious, Minor, Possible)",B,Suspected Minor Injury (B),0,1,4,Local,0.41,529,ROSETTE ST,ROSETTE ST,,WILSON ST,15,Feet,W,41.292643,-72.938584,14,Motor Vehicle in Operation,3,Angle,1,On Roadway,1,Clear,88,Not Applicable,4,Dark-Lighted,2,Wet,0,None,88,Not Applicable,88,Not Applicable,0,None,88,Not Applicable,88,Not Applicable,3,Intersection-Related,3,T-Intersection,1,No,1,No,88,Not Applicable,88,Not Applicable,88,Not Applicable,88,Not Applicable,TRUE,1,Public Road,1,"Trafficway, On Road",CT0009300,New Haven PD,48375,46:09.0,C,Closed,01:48.0,,,,,,,
1351032,1,Complete,1351032,1351032,41.328706,-72.964544,3835258,New Haven,93,93,New Haven,1/10/2026,2026,1,January,10,7,Saturday,20:21:00,20,26001246,A,2,,Parked Vehicle,"Injury of any type (Serious, Minor, Possible)",C,Possible Injury (C),0,0,3,State,0.5,63,63-N,63-N,,EMERSON ST,100,Feet,E,41.328706,-72.964544,14,Motor Vehicle in Operation,1,Front to rear,2,Shoulder,4,Rain,88,Not Applicable,4,Dark-Lighted,2,Wet,99,Unknown,88,Not Applicable,88,Not Applicable,99,Unknown,88,Not Applicable,88,Not Applicable,1,Non-Junction,1,Not at Intersection,1,No,1,No,88,Not Applicable,88,Not Applicable,88,Not Applicable,88,Not Applicable,FALSE,1,Public Road,1,"Trafficway, On Road",CT0009300,New Haven PD,47744,44:10.0,C,Closed,01:45.0,,,,,,,
1351034,1,Complete,1351034,1351034,41.305896,-72.946977,3835260,New Haven,93,93,New Haven,1/11/2026,2026,1,January,11,1,Sunday,2:08:00,2,26001262,A,2,,Motor Vehicle In Motion,"Injury of any type (Serious, Minor, Possible)",B,Suspected Minor Injury (B),0,1,4,Local,0.29,360,LEGION AV,LEGION AV,WINTHROP AVE,,,,,41.305896,-72.946977,14,Motor Vehicle in Operation,3,Angle,1,On Roadway,4,Rain,88,Not Applicable,4,Dark-Lighted,2,Wet,0,None,88,Not Applicable,88,Not Applicable,0,None,88,Not Applicable,88,Not Applicable,2,Intersection,2,Four-Way Intersection,1,No,1,No,88,Not Applicable,88,Not Applicable,88,Not Applicable,88,Not Applicable,FALSE,1,Public Road,1,"Trafficway, On Road",CT0009300,New Haven PD,48045,48:25.0,C,Closed,01:41.0,,,,,,,
1351036,1,Complete,1351036,1351036,41.297735,-72.937022,3835262,New Haven,93,93,New Haven,1/11/2026,2026,1,January,11,1,Sunday,17:27:00,17,26001305,A,2,,Motor Vehicle In Motion,"Injury of any type (Serious, Minor, Possible)",C,Possible Injury (C),0,0,2,USRoute,47.25,1,1-N,1-N,,Washington Ave,135,Feet,E,41.297735,-72.937022,14,Motor Vehicle in Operation,1,Front to rear,1,On Roadway,1,Clear,88,Not Applicable,4,Dark-Lighted,1,Dry,0,None,88,Not Applicable,88,Not Applicable,0,None,88,Not Applicable,88,Not Applicable,1,Non-Junction,1,Not at Intersection,1,No,1,No,88,Not Applicable,88,Not Applicable,88,Not Applicable,88,Not Applicable,FALSE,1,Public Road,1,"Trafficway, On Road",CT0009300,New Haven PD,48375,24:05.0,C,Closed,01:44.0,,,,,,,
1351037,1,Complete,1351037,1351037,41.31647364,-72.94664226,3835263,New Haven,93,93,New Haven,1/11/2026,2026,1,January,11,1,Sunday,19:04:00,19,26001316,A,2,,Motor Vehicle In Motion,"Injury of any type (Serious, Minor, Possible)",C,Possible Injury (C),0,0,4,Local,0.75,194,ELM ST NO 1,ELM ST NO 1,NORTON ST,,,,,41.31647364,-72.94664226,14,Motor Vehicle in Operation,3,Angle,1,On Roadway,1,Clear,88,Not Applicable,4,Dark-Lighted,1,Dry,0,None,88,Not Applicable,88,Not Applicable,0,None,88,Not Applicable,88,Not Applicable,2,Intersection,2,Four-Way Intersection,1,No,1,No,88,Not Applicable,88,Not Applicable,88,Not Applicable,88,Not Applicable,FALSE,1,Public Road,1,"Trafficway, On Road",CT0009300,New Haven PD,276,54:29.0,C,Closed,01:49.0,26001316,,,,,,
1351588,1,Complete,1351588,1351588,41.3106874,-72.9260421,3835814,New Haven,93,93,New Haven,1/10/2026,2026,1,January,10,7,Saturday,22:24:00,22,26001250,A,1,,Pedestrian,"Injury of any type (Serious, Minor, Possible)",B,Suspected Minor Injury (B),1,0,4,Local,0.07,117,COLLEGE ST,COLLEGE ST,WALL ST NO 2,,,,,41.3106874,-72.9260421,9,Pedestrian,88,Not Applicable,1,On Roadway,4,Rain,88,Not Applicable,4,Dark-Lighted,2,Wet,1,Weather Conditions,88,Not Applicable,88,Not Applicable,0,None,88,Not Applicable,88,Not Applicable,2,Intersection,3,T-Intersection,1,No,1,No,88,Not Applicable,88,Not Applicable,88,Not Applicable,88,Not Applicable,FALSE,1,Public Road,1,"Trafficway, On Road",CT0009300,New Haven PD,48829,12:37.0,C,Closed,00:28.0,,,,,,,
1351596,1,Complete,1351596,1351596,41.32414,-72.88412,3835822,New Haven,93,93,New Haven,1/12/2026,2026,1,January,12,2,Monday,14:21:00,14,26001437,A,2,,Motor Vehicle In Motion,"Injury of any type (Serious, Minor, Possible)",C,Possible Injury (C),0,0,3,State,0.08,17,17-N,17-N,91-S-18   EXIT 8,,,,,41.32414,-72.88412,14,Motor Vehicle in Operation,1,Front to rear,1,On Roadway,1,Clear,88,Not Applicable,1,Daylight,1,Dry,0,None,88,Not Applicable,88,Not Applicable,0,None,88,Not Applicable,88,Not Applicable,2,Intersection,3,T-Intersection,1,No,1,No,88,Not Applicable,88,Not Applicable,88,Not Applicable,88,Not Applicable,FALSE,1,Public Road,1,"Trafficway, On Road",CT0009300,New Haven PD,44056,21:16.0,C,Closed,00:38.0,,,,,,,