CrashId,Fatal Case Status,Fatal Case Status Text Format,CrashId,CrashId,Latitude,Longitude,DOT Case Number,Town Name,Town Number,Town Number,Town Number Text Format,Date Of Crash,Year,Month,Month Text Format,Day,Day of the Week,Day of the Week Text Format,Time of Crash,Hour of the Day,Case Identifier,Crash Severity,Number Of Motor Vehicles,Motor vehicle action,Most harmful event,Crash Severity Text Format,Most Severe Injury,Most Severe Injury Text Format,Number Of Non-Motorist,Number Of Witnesses,Route Class,Route Class Text Format,Milemarker,Road Number,Road Description,Roadway Name,Intersecting Roadway Name,Landmark Description,Distance From Nearest Landmark,Unit Of Measure From Nearest Landmark,Direction From Nearest Landmark,Latitude,Longitude,First Harmful Event,First Harmful Event Text Format,Manner of Crash / Collision Impact,Manner of Crash / Collision Impact Text Format,Location of First Harmful Event,Location of First Harmful Event Text Format,Weather Condition,Weather Condition Text Format,Weather 2,Weather 2 Text Format,Light Condition,Light Condition Text Format,Road Surface Condition,Road Surface Condition Text Format,"Contributing Circumstances, Environment","Contributing Circumstances, Environment Text Format",Environment 2,Environment 2 Text Format,Environment 3,Environment 3 Text Format,"Contributing Circumstances, Road","Contributing Circumstances, Road Text Format",Road 2,Road 2 Text Format,Road 3,Road 3 Text Format,Crash Specific Location,Crash Specific Location Text Format,Type of Intersection,Type of Intersection Text Format,School Bus Related,School Bus Related Text Format,Work Zone Related,Work Zone Related Text Format,Location Of Crash Relative To Work Zone,Location Of Crash Relative To Work Zone Text Format,Type of Work Zone,Type of Work Zone Text Format,Worker Presence,Worker Presence Text Format,Law Enforcement Presence,Law Enforcement Presence Text Format,Were Vehicles Moved Prior To Police Arrival,Trafficway Ownership,Trafficway Ownership Text Format,Trafficway Class,Trafficway Class Text Format,Police Agency,Police Agency Text Format,Badge Number,Approval Date,Police Case Status,Police Case Status Text Format,Crash Report Submission Date,Related Case Identifiers,No. of Through Lanes (Log Dir.),Average Daily Traffic,Functional Classification,Functional Classification Text Format,Rural or Urban,Rural or Urban Text Format
1352009,1,Complete,1352009,1352009,41.300219,-72.932557,3836235,New Haven,93,93,New Haven,1/12/2026,2026,1,January,12,2,Monday,18:08:00,18,26001479,A,1,,Pedestrian,"Injury of any type (Serious, Minor, Possible)",A,Suspected Serious Injury (A),1,0,4,Local,0.16,780,AMISTAD ST,AMISTAD ST,CEDAR ST,,,,,41.300219,-72.932557,9,Pedestrian,88,Not Applicable,1,On Roadway,1,Clear,88,Not Applicable,4,Dark-Lighted,1,Dry,0,None,88,Not Applicable,88,Not Applicable,0,None,88,Not Applicable,88,Not Applicable,3,Intersection-Related,3,T-Intersection,1,No,1,No,88,Not Applicable,88,Not Applicable,88,Not Applicable,88,Not Applicable,FALSE,1,Public Road,1,"Trafficway, On Road",CT0009300,New Haven PD,33016,37:37.0,C,Closed,00:14.0,,,,,,,
1352016,1,Complete,1352016,1352016,41.307952,-72.885482,3836242,New Haven,93,93,New Haven,1/13/2026,2026,1,January,13,3,Tuesday,14:46:00,14,26001611,A,3,,Motor Vehicle In Motion,"Injury of any type (Serious, Minor, Possible)",C,Possible Injury (C),0,0,4,Local,0.04,168,EAST GRAND AV,EAST GRAND AV,,QUINNIPIAC AVE,200,Feet,E,41.307952,-72.885482,14,Motor Vehicle in Operation,1,Front to rear,1,On Roadway,1,Clear,1,Clear,1,Daylight,1,Dry,0,None,88,Not Applicable,88,Not Applicable,0,None,88,Not Applicable,88,Not Applicable,1,Non-Junction,1,Not at Intersection,1,No,1,No,88,Not Applicable,88,Not Applicable,88,Not Applicable,88,Not Applicable,FALSE,1,Public Road,1,"Trafficway, On Road",CT0009300,New Haven PD,45630,04:36.0,C,Closed,00:21.0,,,,,,,
1352276,1,Complete,1352276,1352276,41.301389,-72.920735,3836502,New Haven,93,93,New Haven,1/12/2026,2026,1,January,12,2,Monday,5:31:00,5,26001356,A,1,,Pedalcycle/Pedalcyclist,"Injury of any type (Serious, Minor, Possible)",C,Possible Injury (C),1,0,4,Local,0.01,447,OLIVE ST,OLIVE ST,WATER ST,,,,,41.301389,-72.920735,10,Pedalcycle/Pedalcyclist,3,Angle,1,On Roadway,1,Clear,88,Not Applicable,4,Dark-Lighted,1,Dry,0,None,88,Not Applicable,88,Not Applicable,0,None,88,Not Applicable,88,Not Applicable,2,Intersection,3,T-Intersection,1,No,1,No,88,Not Applicable,88,Not Applicable,88,Not Applicable,88,Not Applicable,FALSE,1,Public Road,1,"Trafficway, On Road",CT0009300,New Haven PD,46628,12:51.0,O,Open,01:28.0,,,,,,,
1352281,1,Complete,1352281,1352281,41.310208,-72.934896,3836507,New Haven,93,93,New Haven,1/14/2026,2026,1,January,14,4,Wednesday,17:21:00,17,26001842,A,1,,Pedalcycle/Pedalcyclist,"Injury of any type (Serious, Minor, Possible)",C,Possible Injury (C),1,0,4,Local,0.3,310,HOWE ST,HOWE ST,,EDGEWOOD AVE,170,Feet,S,41.310208,-72.934896,10,Pedalcycle/Pedalcyclist,4,"Sideswipe, same direction",1,On Roadway,1,Clear,88,Not Applicable,4,Dark-Lighted,1,Dry,0,None,88,Not Applicable,88,Not Applicable,0,None,88,Not Applicable,88,Not Applicable,1,Non-Junction,1,Not at Intersection,1,No,1,No,88,Not Applicable,88,Not Applicable,88,Not Applicable,88,Not Applicable,FALSE,1,Public Road,1,"Trafficway, On Road",CT0009300,New Haven PD,45700,46:44.0,O,Open,01:35.0,,,,,,,
1352539,1,Complete,1352539,1352539,41.3242415,-72.88429784,3836765,New Haven,93,93,New Haven,12/22/2025,2025,12,December,22,2,Monday,12:00:00,12,25050738,A,2,,Motor Vehicle In Motion,"Injury of any type (Serious, Minor, Possible)",B,Suspected Minor Injury (B),0,2,3,State,0.07,17,17-S,17-S,,91-S-17 (ent 8),130,Feet,W,41.3242415,-72.88429784,14,Motor Vehicle in Operation,4,"Sideswipe, same direction",1,On Roadway,1,Clear,88,Not Applicable,1,Daylight,1,Dry,0,None,88,Not Applicable,88,Not Applicable,8,Work Zone (construction / maintenance / utility),88,Not Applicable,88,Not Applicable,1,Non-Junction,1,Not at Intersection,1,No,2,Yes,4,Activity Area,1,Lane Closure,2,Yes,1,No,FALSE,1,Public Road,1,"Trafficway, On Road",CT0009300,New Haven PD,46628,00:32.0,C,Closed,00:14.0,,,,,,,
1352543,1,Complete,1352543,1352543,41.286243,-72.93598,3836769,New Haven,93,93,New Haven,1/15/2026,2026,1,January,15,5,Thursday,16:10:00,16,26001223,A,2,,Motor Vehicle In Motion,"Injury of any type (Serious, Minor, Possible)",C,Possible Injury (C),0,0,3,State,0.45,10,10-N,10-N,,KIMBERLY AVE,35,Feet,S,41.286243,-72.93598,14,Motor Vehicle in Operation,4,"Sideswipe, same direction",1,On Roadway,1,Clear,88,Not Applicable,1,Daylight,1,Dry,0,None,88,Not Applicable,88,Not Applicable,0,None,88,Not Applicable,88,Not Applicable,3,Intersection-Related,2,Four-Way Intersection,1,No,1,No,88,Not Applicable,88,Not Applicable,88,Not Applicable,88,Not Applicable,TRUE,1,Public Road,1,"Trafficway, On Road",CT0009300,New Haven PD,45395,06:47.0,C,Closed,00:29.0,,,,,,,
1352545,1,Complete,1352545,1352545,41.304254,-72.930906,3836771,New Haven,93,93,New Haven,1/14/2026,2026,1,January,14,4,Wednesday,0:38:00,0,26001689,A,2,,Motor Vehicle In Motion,"Injury of any type (Serious, Minor, Possible)",C,Possible Injury (C),0,0,4,Local,0.58,117,COLLEGE ST,COLLEGE ST,REV DR MLK JR BLVD,,,,,41.304254,-72.930906,14,Motor Vehicle in Operation,3,Angle,1,On Roadway,4,Rain,88,Not Applicable,4,Dark-Lighted,2,Wet,0,None,88,Not Applicable,88,Not Applicable,99,Unknown,88,Not Applicable,88,Not Applicable,2,Intersection,2,Four-Way Intersection,1,No,1,No,88,Not Applicable,88,Not Applicable,88,Not Applicable,88,Not Applicable,FALSE,1,Public Road,1,"Trafficway, On Road",CT0009300,New Haven PD,43690,56:43.0,C,Closed,00:18.0,,,,,,,
1354115,1,Complete,1354115,1354115,41.302904,-72.941967,3838341,New Haven,93,93,New Haven,1/10/2026,2026,1,January,10,7,Saturday,12:48:00,12,26001203,A,2,,Motor Vehicle In Motion,"Injury of any type (Serious, Minor, Possible)",C,Possible Injury (C),0,0,4,Local,0.1,453,ORCHARD ST,ORCHARD ST,,DAVENPORT AVE,500,Feet,N,41.302904,-72.941967,14,Motor Vehicle in Operation,3,Angle,1,On Roadway,1,Clear,88,Not Applicable,1,Daylight,1,Dry,0,None,88,Not Applicable,88,Not Applicable,0,None,88,Not Applicable,88,Not Applicable,9,Driveway Access-Related,1,Not at Intersection,1,No,1,No,88,Not Applicable,88,Not Applicable,88,Not Applicable,88,Not Applicable,TRUE,1,Public Road,1,"Trafficway, On Road",CT0009300,New Haven PD,301,45:47.0,C,Closed,01:04.0,,,,,,,
1354118,1,Complete,1354118,1354118,41.3058234,-72.9127035,3838344,New Haven,93,93,New Haven,1/13/2026,2026,1,January,13,3,Tuesday,13:16:00,13,26001601,A,1,,Pedestrian,"Injury of any type (Serious, Minor, Possible)",A,Suspected Serious Injury (A),1,0,4,Local,0.16,275,HAMILTON ST NO 2,HAMILTON ST NO 2,,IVES PLACE,80,Feet,N,41.3058234,-72.9127035,9,Pedestrian,88,Not Applicable,2,Shoulder,1,Clear,88,Not Applicable,1,Daylight,1,Dry,0,None,88,Not Applicable,88,Not Applicable,8,Work Zone (construction / maintenance / utility),88,Not Applicable,88,Not Applicable,1,Non-Junction,1,Not at Intersection,1,No,2,Yes,4,Activity Area,1,Lane Closure,2,Yes,2,Yes,TRUE,1,Public Road,1,"Trafficway, On Road",CT0009300,New Haven PD,469,00:19.0,C,Closed,01:02.0,,,,,,,
1354120,1,Complete,1354120,1354120,41.308927,-72.909824,3838346,New Haven,93,93,New Haven,1/15/2026,2026,1,January,15,5,Thursday,10:22:00,10,26001899,A,2,,Motor Vehicle In Motion,"Injury of any type (Serious, Minor, Possible)",C,Possible Injury (C),0,0,4,Local,0.49,165,EAST ST,EAST ST,Grand Ave,,,,,41.308927,-72.909824,14,Motor Vehicle in Operation,3,Angle,1,On Roadway,1,Clear,88,Not Applicable,1,Daylight,1,Dry,0,None,88,Not Applicable,88,Not Applicable,0,None,88,Not Applicable,88,Not Applicable,2,Intersection,2,Four-Way Intersection,1,No,1,No,88,Not Applicable,88,Not Applicable,88,Not Applicable,88,Not Applicable,TRUE,1,Public Road,1,"Trafficway, On Road",CT0009300,New Haven PD,44176,49:58.0,O,Open,01:09.0,,,,,,,
1354130,1,Complete,1354130,1354130,41.31428,-72.903004,3838356,New Haven,93,93,New Haven,1/16/2026,2026,1,January,16,6,Friday,13:17:00,13,26002090,A,2,,Motor Vehicle In Motion,"Injury of any type (Serious, Minor, Possible)",C,Possible Injury (C),0,0,4,Local,0.05,379,LOMBARD ST,LOMBARD ST,MAIN ST NO 1,,,,,41.31428,-72.903004,14,Motor Vehicle in Operation,3,Angle,1,On Roadway,1,Clear,88,Not Applicable,1,Daylight,1,Dry,0,None,88,Not Applicable,88,Not Applicable,0,None,88,Not Applicable,88,Not Applicable,2,Intersection,2,Four-Way Intersection,1,No,1,No,88,Not Applicable,88,Not Applicable,88,Not Applicable,88,Not Applicable,FALSE,1,Public Road,1,"Trafficway, On Road",CT0009300,New Haven PD,46624,54:27.0,C,Closed,00:32.0,,,,,,,
1354136,1,Complete,1354136,1354136,41.31454,-72.94944,3838362,New Haven,93,93,New Haven,1/16/2026,2026,1,January,16,6,Friday,21:31:00,21,26002153,A,2,,Motor Vehicle In Motion,"Injury of any type (Serious, Minor, Possible)",C,Possible Injury (C),0,0,4,Local,1.14,179,EDGEWOOD AV,EDGEWOOD AV,ELLSWORTH AV,,,,,41.31454,-72.94944,14,Motor Vehicle in Operation,3,Angle,1,On Roadway,1,Clear,88,Not Applicable,4,Dark-Lighted,1,Dry,0,None,88,Not Applicable,88,Not Applicable,0,None,88,Not Applicable,88,Not Applicable,2,Intersection,2,Four-Way Intersection,1,No,1,No,88,Not Applicable,88,Not Applicable,88,Not Applicable,88,Not Applicable,FALSE,1,Public Road,1,"Trafficway, On Road",CT0009300,New Haven PD,48507,44:48.0,C,Closed,00:45.0,,,,,,,
1354137,1,Complete,1354137,1354137,41.307576,-72.936763,3838363,New Haven,93,93,New Haven,1/17/2026,2026,1,January,17,7,Saturday,0:00:00,0,26002156,A,2,,Motor Vehicle In Motion,"Injury of any type (Serious, Minor, Possible)",C,Possible Injury (C),0,0,4,Local,0.11,310,HOWE ST,HOWE ST,,GEORGE ST,15,Feet,W,41.307576,-72.936763,14,Motor Vehicle in Operation,1,Front to rear,1,On Roadway,1,Clear,88,Not Applicable,4,Dark-Lighted,1,Dry,0,None,88,Not Applicable,88,Not Applicable,0,None,88,Not Applicable,88,Not Applicable,3,Intersection-Related,2,Four-Way Intersection,1,No,1,No,88,Not Applicable,88,Not Applicable,88,Not Applicable,88,Not Applicable,FALSE,1,Public Road,1,"Trafficway, On Road",CT0009300,New Haven PD,48507,26:41.0,C,Closed,00:48.0,,,,,,,
1354157,1,Complete,1354157,1354157,41.306291,-72.935479,3838383,New Haven,93,93,New Haven,1/18/2026,2026,1,January,18,1,Sunday,12:49:00,12,26002356,A,2,,Motor Vehicle In Motion,"Injury of any type (Serious, Minor, Possible)",C,Possible Injury (C),0,0,4,Local,0.54,809,REV DR MLK JR BLVD,REV DR MLK JR BLVD,PARK ST,,,,,41.306291,-72.935479,14,Motor Vehicle in Operation,3,Angle,1,On Roadway,7,Snow,88,Not Applicable,1,Daylight,3,Snow,1,Weather Conditions,88,Not Applicable,88,Not Applicable,0,None,88,Not Applicable,88,Not Applicable,2,Intersection,2,Four-Way Intersection,1,No,1,No,88,Not Applicable,88,Not Applicable,88,Not Applicable,88,Not Applicable,FALSE,1,Public Road,1,"Trafficway, On Road",CT0009300,New Haven PD,48653,53:59.0,C,Closed,01:11.0,,,,,,,
1354163,1,Complete,1354163,1354163,41.305978,-72.933512,3838389,New Haven,93,93,New Haven,1/18/2026,2026,1,January,18,1,Sunday,14:47:00,14,26002375,A,1,,Pedestrian,"Injury of any type (Serious, Minor, Possible)",C,Possible Injury (C),1,1,4,Local,0.25,766,YORK ST,YORK ST,,GEORGE ST,115,Feet,S,41.305978,-72.933512,9,Pedestrian,88,Not Applicable,1,On Roadway,2,Cloudy,88,Not Applicable,1,Daylight,2,Wet,0,None,88,Not Applicable,0,None,0,None,88,Not Applicable,88,Not Applicable,9,Driveway Access-Related,1,Not at Intersection,1,No,1,No,88,Not Applicable,88,Not Applicable,88,Not Applicable,88,Not Applicable,FALSE,1,Public Road,1,"Trafficway, On Road",CT0009300,New Haven PD,48043,05:20.0,C,Closed,01:16.0,,,,,,,
1354166,1,Complete,1354166,1354166,41.293151,-72.892864,3838392,New Haven,93,93,New Haven,1/18/2026,2026,1,January,18,1,Sunday,19:24:00,19,26002384,A,2,,Motor Vehicle In Motion,"Injury of any type (Serious, Minor, Possible)",C,Possible Injury (C),0,0,4,Local,1.65,678,WOODWARD AV,WOODWARD AV,,Fairmont Av,30,Feet,W,41.293151,-72.892864,14,Motor Vehicle in Operation,1,Front to rear,1,On Roadway,7,Snow,88,Not Applicable,5,Dark-Not Lighted,3,Snow,1,Weather Conditions,88,Not Applicable,88,Not Applicable,0,None,88,Not Applicable,88,Not Applicable,3,Intersection-Related,2,Four-Way Intersection,1,No,1,No,88,Not Applicable,88,Not Applicable,88,Not Applicable,88,Not Applicable,FALSE,1,Public Road,1,"Trafficway, On Road",CT0009300,New Haven PD,48651,09:58.0,C,Closed,01:26.0,,,,,,,
1354175,1,Complete,1354175,1354175,41.30883,-72.89777,3838401,New Haven,93,93,New Haven,1/19/2026,2026,1,January,19,2,Monday,7:27:00,7,26002421,A,1,,Pedestrian,"Injury of any type (Serious, Minor, Possible)",B,Suspected Minor Injury (B),1,0,4,Local,0.62,264,GRAND AV,GRAND AV,,FILLMORE ST,86,Feet,E,41.30883,-72.89777,9,Pedestrian,88,Not Applicable,1,On Roadway,1,Clear,88,Not Applicable,1,Daylight,4,Slush,0,None,88,Not Applicable,88,Not Applicable,0,None,88,Not Applicable,88,Not Applicable,1,Non-Junction,1,Not at Intersection,1,No,1,No,88,Not Applicable,88,Not Applicable,88,Not Applicable,88,Not Applicable,FALSE,1,Public Road,1,"Trafficway, On Road",CT0009300,New Haven PD,44176,09:38.0,C,Closed,01:08.0,,,,,,,
1354176,1,Complete,1354176,1354176,41.336031,-72.943683,3838402,New Haven,93,93,New Haven,1/19/2026,2026,1,January,19,2,Monday,16:11:00,16,26002465,A,3,,Motor Vehicle In Motion,"Injury of any type (Serious, Minor, Possible)",C,Possible Injury (C),0,0,3,State,4.68,10,10-N,10-N,,Pine Rock Dr,155,Feet,N,41.336031,-72.943683,14,Motor Vehicle in Operation,1,Front to rear,1,On Roadway,1,Clear,88,Not Applicable,1,Daylight,1,Dry,0,None,88,Not Applicable,88,Not Applicable,0,None,88,Not Applicable,88,Not Applicable,3,Intersection-Related,3,T-Intersection,1,No,1,No,88,Not Applicable,88,Not Applicable,88,Not Applicable,88,Not Applicable,TRUE,1,Public Road,1,"Trafficway, On Road",CT0009300,New Haven PD,45403,23:29.0,O,Open,01:21.0,,,,,,,
1354181,1,Complete,1354181,1354181,41.285089,-72.896062,3838407,New Haven,93,93,New Haven,1/19/2026,2026,1,January,19,2,Monday,19:36:00,19,26002514,A,2,,Parked Vehicle,"Injury of any type (Serious, Minor, Possible)",A,Suspected Serious Injury (A),0,0,4,Local,1.08,678,WOODWARD AV,WOODWARD AV,,PARK LANE,15,Feet,S,41.285089,-72.896062,15,Parked Motor Vehicle,1,Front to rear,1,On Roadway,2,Cloudy,88,Not Applicable,4,Dark-Lighted,1,Dry,0,None,88,Not Applicable,88,Not Applicable,0,None,88,Not Applicable,88,Not Applicable,1,Non-Junction,1,Not at Intersection,1,No,1,No,88,Not Applicable,88,Not Applicable,88,Not Applicable,88,Not Applicable,FALSE,1,Public Road,1,"Trafficway, On Road",CT0009300,New Haven PD,46622,08:39.0,C,Closed,01:18.0,,,,,,,
1354185,1,Complete,1354185,1354185,41.333065,-72.975571,3838411,New Haven,93,93,New Haven,1/20/2026,2026,1,January,20,3,Tuesday,7:58:00,7,26002543,A,2,,Motor Vehicle In Motion,"Injury of any type (Serious, Minor, Possible)",C,Possible Injury (C),0,0,3,State,1.16,63,63-N,63-N,WESTERLEIGH RD,,,,,41.333065,-72.975571,14,Motor Vehicle in Operation,3,Angle,1,On Roadway,1,Clear,88,Not Applicable,1,Daylight,1,Dry,0,None,88,Not Applicable,88,Not Applicable,0,None,88,Not Applicable,88,Not Applicable,2,Intersection,3,T-Intersection,1,No,1,No,88,Not Applicable,88,Not Applicable,88,Not Applicable,88,Not Applicable,FALSE,1,Public Road,1,"Trafficway, On Road",CT0009300,New Haven PD,62,36:19.0,C,Closed,01:35.0,,,,,,,
1354186,1,Complete,1354186,1354186,41.308409,-72.924148,3838412,New Haven,93,93,New Haven,1/20/2026,2026,1,January,20,3,Tuesday,8:53:00,8,26002550,A,2,,Parked Vehicle,"Injury of any type (Serious, Minor, Possible)",C,Possible Injury (C),0,0,4,Local,0.51,103,CHURCH ST,CHURCH ST,,ELM ST,20,Feet,N,41.308409,-72.924148,14,Motor Vehicle in Operation,3,Angle,1,On Roadway,1,Clear,88,Not Applicable,1,Daylight,1,Dry,0,None,88,Not Applicable,88,Not Applicable,0,None,88,Not Applicable,88,Not Applicable,1,Non-Junction,1,Not at Intersection,1,No,1,No,88,Not Applicable,88,Not Applicable,88,Not Applicable,88,Not Applicable,FALSE,1,Public Road,1,"Trafficway, On Road",CT0009300,New Haven PD,40952,50:11.0,C,Closed,01:37.0,,,,,,,
1354187,1,Complete,1354187,1354187,41.304345,-72.928597,3838413,New Haven,93,93,New Haven,1/20/2026,2026,1,January,20,3,Tuesday,10:16:00,10,26002571,A,2,,Motor Vehicle In Motion,"Injury of any type (Serious, Minor, Possible)",C,Possible Injury (C),0,0,4,Local,1.2,248,GEORGE ST,GEORGE ST,TEMPLE ST,,,,,41.304345,-72.928597,14,Motor Vehicle in Operation,3,Angle,1,On Roadway,1,Clear,88,Not Applicable,1,Daylight,1,Dry,0,None,88,Not Applicable,88,Not Applicable,0,None,88,Not Applicable,88,Not Applicable,2,Intersection,2,Four-Way Intersection,1,No,1,No,88,Not Applicable,88,Not Applicable,88,Not Applicable,88,Not Applicable,FALSE,1,Public Road,1,"Trafficway, On Road",CT0009300,New Haven PD,33016,50:25.0,C,Closed,01:38.0,,,,,,,
1354195,1,Complete,1354195,1354195,41.318098,-72.914494,3838421,New Haven,93,93,New Haven,1/20/2026,2026,1,January,20,3,Tuesday,19:32:00,19,26002689,A,2,,Motor Vehicle In Motion,"Injury of any type (Serious, Minor, Possible)",C,Possible Injury (C),0,0,4,Local,0.48,184,EDWARDS ST,EDWARDS ST,,ORANGE ST,15,Feet,E,41.318098,-72.914494,14,Motor Vehicle in Operation,1,Front to rear,1,On Roadway,1,Clear,88,Not Applicable,4,Dark-Lighted,1,Dry,0,None,88,Not Applicable,88,Not Applicable,0,None,88,Not Applicable,88,Not Applicable,3,Intersection-Related,2,Four-Way Intersection,1,No,1,No,88,Not Applicable,88,Not Applicable,88,Not Applicable,88,Not Applicable,TRUE,1,Public Road,1,"Trafficway, On Road",CT0009300,New Haven PD,47005,50:14.0,C,Closed,01:52.0,,,,,,,
1354699,1,Complete,1354699,1354699,41.317347,-72.897489,3838925,New Haven,93,93,New Haven,1/13/2026,2026,1,January,13,3,Tuesday,22:53:00,22,26001683,A,2,,Parked Vehicle,"Injury of any type (Serious, Minor, Possible)",C,Possible Injury (C),0,1,4,Local,0.17,213,FERRY ST,FERRY ST,,DOVER ST ,30,Feet,S,41.317347,-72.897489,14,Motor Vehicle in Operation,1,Front to rear,2,Shoulder,1,Clear,88,Not Applicable,4,Dark-Lighted,1,Dry,0,None,88,Not Applicable,88,Not Applicable,0,None,88,Not Applicable,88,Not Applicable,1,Non-Junction,1,Not at Intersection,1,No,1,No,88,Not Applicable,88,Not Applicable,88,Not Applicable,88,Not Applicable,FALSE,1,Public Road,1,"Trafficway, On Road",CT0009300,New Haven PD,370,41:20.0,C,Closed,01:02.0,,,,,,,
1354702,1,Complete,1354702,1354702,41.310826,-72.934908,3838928,New Haven,93,93,New Haven,1/21/2026,2026,1,January,21,4,Wednesday,7:59:00,7,26002725,A,2,,Motor Vehicle In Motion,"Injury of any type (Serious, Minor, Possible)",C,Possible Injury (C),0,0,4,Local,1.97,179,EDGEWOOD AV,EDGEWOOD AV,,HOWE ST,105,Feet,W,41.310826,-72.934908,14,Motor Vehicle in Operation,1,Front to rear,1,On Roadway,1,Clear,88,Not Applicable,1,Daylight,1,Dry,3,Glare,88,Not Applicable,88,Not Applicable,0,None,88,Not Applicable,88,Not Applicable,1,Non-Junction,1,Not at Intersection,1,No,1,No,88,Not Applicable,88,Not Applicable,88,Not Applicable,88,Not Applicable,FALSE,1,Public Road,1,"Trafficway, On Road",CT0009300,New Haven PD,503,21:21.0,C,Closed,01:03.0,,,,,,,
1354704,1,Complete,1354704,1354704,41.312622,-72.940684,3838930,New Haven,93,93,New Haven,1/21/2026,2026,1,January,21,4,Wednesday,16:43:00,16,26002795,A,2,,Motor Vehicle In Motion,"Injury of any type (Serious, Minor, Possible)",C,Possible Injury (C),0,0,4,Local,0.79,453,ORCHARD ST,ORCHARD ST,,EDGEWOOD AVE,60,Feet,N,41.312622,-72.940684,14,Motor Vehicle in Operation,6,Rear to side,1,On Roadway,1,Clear,88,Not Applicable,3,Dusk,1,Dry,0,None,88,Not Applicable,88,Not Applicable,0,None,88,Not Applicable,88,Not Applicable,9,Driveway Access-Related,1,Not at Intersection,1,No,1,No,88,Not Applicable,88,Not Applicable,88,Not Applicable,88,Not Applicable,FALSE,1,Public Road,1,"Trafficway, On Road",CT0009300,New Haven PD,48507,04:43.0,C,Closed,01:10.0,,,,,,,
1355069,1,Complete,1355069,1355069,41.315274,-72.89702,3839295,New Haven,93,93,New Haven,1/8/2026,2026,1,January,8,5,Thursday,19:41:00,19,26000974,A,3,,Motor Vehicle In Motion,"Injury of any type (Serious, Minor, Possible)",A,Suspected Serious Injury (A),0,0,4,Local,0.31,213,FERRY ST,FERRY ST,,LOMBARD STREET,35,Feet,N,41.315274,-72.89702,14,Motor Vehicle in Operation,97,Other,1,On Roadway,1,Clear,88,Not Applicable,4,Dark-Lighted,1,Dry,0,None,88,Not Applicable,88,Not Applicable,0,None,88,Not Applicable,88,Not Applicable,3,Intersection-Related,2,Four-Way Intersection,1,No,1,No,88,Not Applicable,88,Not Applicable,88,Not Applicable,88,Not Applicable,FALSE,1,Public Road,1,"Trafficway, On Road",CT0009300,New Haven PD,370,20:15.0,C,Closed,00:30.0,,,,,,,
1355070,1,Complete,1355070,1355070,41.334434,-72.926953,3839296,New Haven,93,93,New Haven,1/13/2026,2026,1,January,13,3,Tuesday,7:51:00,7,26001518,A,1,,Pedestrian,"Injury of any type (Serious, Minor, Possible)",C,Possible Injury (C),1,1,4,Local,0.01,434,NEWHALL ST,NEWHALL ST,,LANDER ST,100,Feet,N,41.334434,-72.926953,9,Pedestrian,88,Not Applicable,2,Shoulder,1,Clear,88,Not Applicable,1,Daylight,1,Dry,0,None,88,Not Applicable,88,Not Applicable,0,None,88,Not Applicable,88,Not Applicable,1,Non-Junction,1,Not at Intersection,1,No,1,No,88,Not Applicable,88,Not Applicable,88,Not Applicable,88,Not Applicable,FALSE,1,Public Road,1,"Trafficway, On Road",CT0009300,New Haven PD,40799,23:23.0,C,Closed,00:13.0,,,,,,,
1355075,1,Complete,1355075,1355075,41.316249,-72.916268,3839301,New Haven,93,93,New Haven,1/15/2026,2026,1,January,15,5,Thursday,12:30:00,12,26001916,A,1,,"Other Fixed Object (wall, building, tunnel, etc.)","Injury of any type (Serious, Minor, Possible)",C,Possible Injury (C),0,0,4,Local,0.2,316,HUMPHREY ST,HUMPHREY ST,Orange St ,,,,,41.316249,-72.916268,25,Curb,88,Not Applicable,4,Roadside,1,Clear,88,Not Applicable,1,Daylight,1,Dry,97,Other,88,Not Applicable,88,Not Applicable,0,None,88,Not Applicable,88,Not Applicable,2,Intersection,2,Four-Way Intersection,1,No,1,No,88,Not Applicable,88,Not Applicable,88,Not Applicable,88,Not Applicable,FALSE,1,Public Road,1,"Trafficway, On Road",CT0009300,New Haven PD,40799,35:26.0,C,Closed,00:19.0,,,,,,,
1355084,1,Complete,1355084,1355084,41.307187,-72.899041,3839310,New Haven,93,93,New Haven,1/21/2026,2026,1,January,21,4,Wednesday,21:58:00,21,26002812,A,2,,Motor Vehicle In Motion,"Injury of any type (Serious, Minor, Possible)",C,Possible Injury (C),0,0,4,Local,0.28,57,BLATCHLEY AV,BLATCHLEY AV,EXCHANGE ST,,,,,41.307187,-72.899041,14,Motor Vehicle in Operation,3,Angle,1,On Roadway,1,Clear,88,Not Applicable,4,Dark-Lighted,1,Dry,0,None,88,Not Applicable,88,Not Applicable,0,None,88,Not Applicable,88,Not Applicable,2,Intersection,2,Four-Way Intersection,1,No,1,No,88,Not Applicable,88,Not Applicable,88,Not Applicable,88,Not Applicable,FALSE,1,Public Road,1,"Trafficway, On Road",CT0009300,New Haven PD,44055,22:03.0,C,Closed,00:22.0,,,,,,,