CrashId,Fatal Case Status,Fatal Case Status Text Format,CrashId,CrashId,Latitude,Longitude,DOT Case Number,Town Name,Town Number,Town Number,Town Number Text Format,Date Of Crash,Year,Month,Month Text Format,Day,Day of the Week,Day of the Week Text Format,Time of Crash,Hour of the Day,Case Identifier,Crash Severity,Number Of Motor Vehicles,Motor vehicle action,Most harmful event,Crash Severity Text Format,Most Severe Injury,Most Severe Injury Text Format,Number Of Non-Motorist,Number Of Witnesses,Route Class,Route Class Text Format,Milemarker,Road Number,Road Description,Roadway Name,Intersecting Roadway Name,Landmark Description,Distance From Nearest Landmark,Unit Of Measure From Nearest Landmark,Direction From Nearest Landmark,Latitude,Longitude,First Harmful Event,First Harmful Event Text Format,Manner of Crash / Collision Impact,Manner of Crash / Collision Impact Text Format,Location of First Harmful Event,Location of First Harmful Event Text Format,Weather Condition,Weather Condition Text Format,Weather 2,Weather 2 Text Format,Light Condition,Light Condition Text Format,Road Surface Condition,Road Surface Condition Text Format,"Contributing Circumstances, Environment","Contributing Circumstances, Environment Text Format",Environment 2,Environment 2 Text Format,Environment 3,Environment 3 Text Format,"Contributing Circumstances, Road","Contributing Circumstances, Road Text Format",Road 2,Road 2 Text Format,Road 3,Road 3 Text Format,Crash Specific Location,Crash Specific Location Text Format,Type of Intersection,Type of Intersection Text Format,School Bus Related,School Bus Related Text Format,Work Zone Related,Work Zone Related Text Format,Location Of Crash Relative To Work Zone,Location Of Crash Relative To Work Zone Text Format,Type of Work Zone,Type of Work Zone Text Format,Worker Presence,Worker Presence Text Format,Law Enforcement Presence,Law Enforcement Presence Text Format,Were Vehicles Moved Prior To Police Arrival,Trafficway Ownership,Trafficway Ownership Text Format,Trafficway Class,Trafficway Class Text Format,Police Agency,Police Agency Text Format,Badge Number,Approval Date,Police Case Status,Police Case Status Text Format,Crash Report Submission Date,Related Case Identifiers,No. of Through Lanes (Log Dir.),Average Daily Traffic,Functional Classification,Functional Classification Text Format,Rural or Urban,Rural or Urban Text Format
1355085,1,Complete,1355085,1355085,41.32249207,-72.87840286,3839311,New Haven,93,93,New Haven,1/22/2026,2026,1,January,22,5,Thursday,7:05:00,7,26002848,A,2,,Motor Vehicle In Motion,"Injury of any type (Serious, Minor, Possible)",C,Possible Injury (C),0,0,3,State,0.18,80,80-E,80-E,,QUINNIPIAC AVE,1330,Feet,W,41.32249207,-72.87840286,14,Motor Vehicle in Operation,3,Angle,1,On Roadway,1,Clear,88,Not Applicable,1,Daylight,1,Dry,0,None,88,Not Applicable,88,Not Applicable,0,None,88,Not Applicable,88,Not Applicable,1,Non-Junction,1,Not at Intersection,1,No,1,No,88,Not Applicable,88,Not Applicable,88,Not Applicable,88,Not Applicable,FALSE,1,Public Road,1,"Trafficway, On Road",CT0009300,New Haven PD,40807,40:23.0,C,Closed,00:23.0,,,,,,,
1355747,1,Complete,1355747,1355747,41.312216,-72.880495,3839973,New Haven,93,93,New Haven,1/16/2026,2026,1,January,16,6,Friday,16:32:00,16,26002109,A,2,,Motor Vehicle In Motion,"Injury of any type (Serious, Minor, Possible)",C,Possible Injury (C),0,0,4,Local,1.53,498,QUINNIPIAC AV,QUINNIPIAC AV,,RUNO TERR,450,Feet,N,41.312216,-72.880495,14,Motor Vehicle in Operation,1,Front to rear,1,On Roadway,1,Clear,88,Not Applicable,4,Dark-Lighted,1,Dry,0,None,88,Not Applicable,88,Not Applicable,0,None,88,Not Applicable,88,Not Applicable,9,Driveway Access-Related,1,Not at Intersection,1,No,1,No,88,Not Applicable,88,Not Applicable,88,Not Applicable,88,Not Applicable,FALSE,1,Public Road,1,"Trafficway, On Road",CT0009300,New Haven PD,42049,43:53.0,C,Closed,00:40.0,,,,,,,
1355752,1,Complete,1355752,1355752,41.328266,-72.941659,3839978,New Haven,93,93,New Haven,1/22/2026,2026,1,January,22,5,Thursday,17:15:00,17,26002953,A,1,,Not Applicable,"Injury of any type (Serious, Minor, Possible)",C,Possible Injury (C),0,0,4,Local,0.56,133,CRESCENT ST,CRESCENT ST,,ELLSWORTH AVE,20,Feet,S,41.328266,-72.941659,32,Tree (standing),88,Not Applicable,1,On Roadway,1,Clear,88,Not Applicable,4,Dark-Lighted,1,Dry,0,None,88,Not Applicable,88,Not Applicable,0,None,88,Not Applicable,88,Not Applicable,1,Non-Junction,1,Not at Intersection,1,No,1,No,88,Not Applicable,88,Not Applicable,88,Not Applicable,88,Not Applicable,FALSE,1,Public Road,1,"Trafficway, On Road",CT0009300,New Haven PD,45700,16:44.0,C,Closed,00:44.0,,,,,,,
1355757,1,Complete,1355757,1355757,41.320164,-72.870103,3839983,New Haven,93,93,New Haven,1/23/2026,2026,1,January,23,6,Friday,10:18:00,10,26003033,A,2,,Motor Vehicle In Motion,"Injury of any type (Serious, Minor, Possible)",B,Suspected Minor Injury (B),0,1,3,State,0.65,80,80-E,80-E,,OLD FOXON ROAD,359,Feet,W,41.320164,-72.870103,14,Motor Vehicle in Operation,3,Angle,1,On Roadway,1,Clear,88,Not Applicable,1,Daylight,1,Dry,0,None,88,Not Applicable,88,Not Applicable,0,None,88,Not Applicable,88,Not Applicable,2,Intersection,2,Four-Way Intersection,1,No,1,No,88,Not Applicable,88,Not Applicable,88,Not Applicable,88,Not Applicable,FALSE,1,Public Road,1,"Trafficway, On Road",CT0009300,New Haven PD,48660,37:43.0,C,Closed,01:01.0,,,,,,,
1355763,1,Complete,1355763,1355763,41.327226,-72.967646,3839989,New Haven,93,93,New Haven,1/24/2026,2026,1,January,24,7,Saturday,17:31:00,17,26003167,A,1,,Pedestrian,"Injury of any type (Serious, Minor, Possible)",B,Suspected Minor Injury (B),1,0,3,State,6.24,243,243-W,243-W,,FOREST RD,100,Feet,E,41.327226,-72.967646,9,Pedestrian,88,Not Applicable,1,On Roadway,1,Clear,88,Not Applicable,5,Dark-Not Lighted,1,Dry,0,None,88,Not Applicable,88,Not Applicable,0,None,88,Not Applicable,88,Not Applicable,1,Non-Junction,1,Not at Intersection,1,No,1,No,88,Not Applicable,88,Not Applicable,88,Not Applicable,88,Not Applicable,FALSE,1,Public Road,1,"Trafficway, On Road",CT0009300,New Haven PD,45630,25:50.0,C,Closed,01:06.0,,,,,,,
1355764,1,Complete,1355764,1355764,41.320297,-72.970042,3839990,New Haven,93,93,New Haven,1/24/2026,2026,1,January,24,7,Saturday,20:04:00,20,26003180,A,2,,Motor Vehicle In Motion,"Injury of any type (Serious, Minor, Possible)",C,Possible Injury (C),0,0,4,Local,0,179,EDGEWOOD AV,EDGEWOOD AV,Forest Road,,,,,41.320297,-72.970042,14,Motor Vehicle in Operation,3,Angle,1,On Roadway,1,Clear,88,Not Applicable,4,Dark-Lighted,1,Dry,0,None,88,Not Applicable,88,Not Applicable,0,None,88,Not Applicable,88,Not Applicable,2,Intersection,2,Four-Way Intersection,1,No,1,No,88,Not Applicable,88,Not Applicable,88,Not Applicable,88,Not Applicable,FALSE,1,Public Road,1,"Trafficway, On Road",CT0009300,New Haven PD,45700,05:14.0,C,Closed,01:07.0,,,,,,,
1355766,1,Complete,1355766,1355766,41.29087,-72.935662,3839992,New Haven,93,93,New Haven,1/23/2026,2026,1,January,23,6,Friday,16:18:00,16,263066,A,1,,Pedestrian,"Injury of any type (Serious, Minor, Possible)",B,Suspected Minor Injury (B),1,0,4,Local,0.26,350,LAMBERTON ST,LAMBERTON ST,,BUTTON ST,100,Feet,E,41.29087,-72.935662,9,Pedestrian,88,Not Applicable,1,On Roadway,1,Clear,88,Not Applicable,1,Daylight,1,Dry,0,None,88,Not Applicable,88,Not Applicable,0,None,88,Not Applicable,88,Not Applicable,1,Non-Junction,1,Not at Intersection,1,No,1,No,88,Not Applicable,88,Not Applicable,88,Not Applicable,88,Not Applicable,FALSE,1,Public Road,1,"Trafficway, On Road",CT0009300,New Haven PD,48509,42:25.0,C,Closed,00:57.0,,,,,,,
1356049,1,Complete,1356049,1356049,41.321138,-72.87167,3840275,New Haven,93,93,New Haven,1/24/2026,2026,1,January,24,7,Saturday,2:49:00,2,26003129,A,2,,Parked Vehicle,"Injury of any type (Serious, Minor, Possible)",B,Suspected Minor Injury (B),0,0,4,Local,1,167,EASTERN ST,EASTERN ST,,FOXON BLVD,300,Feet,N,41.321138,-72.87167,14,Motor Vehicle in Operation,1,Front to rear,1,On Roadway,1,Clear,88,Not Applicable,4,Dark-Lighted,1,Dry,0,None,88,Not Applicable,88,Not Applicable,0,None,88,Not Applicable,88,Not Applicable,1,Non-Junction,1,Not at Intersection,1,No,1,No,88,Not Applicable,88,Not Applicable,88,Not Applicable,88,Not Applicable,TRUE,1,Public Road,1,"Trafficway, On Road",CT0009300,New Haven PD,47738,08:58.0,C,Closed,01:09.0,,,,,,,
1356425,1,Complete,1356425,1356425,41.30591,-72.946446,3840651,New Haven,93,93,New Haven,1/22/2026,2026,1,January,22,5,Thursday,11:08:00,11,26002853,A,2,,Motor Vehicle In Motion,"Injury of any type (Serious, Minor, Possible)",C,Possible Injury (C),0,0,4,Local,0.31,360,LEGION AV,LEGION AV,,WINTHROP AVE,100,Feet,E,41.30591,-72.946446,14,Motor Vehicle in Operation,1,Front to rear,1,On Roadway,1,Clear,88,Not Applicable,1,Daylight,1,Dry,0,None,88,Not Applicable,88,Not Applicable,0,None,88,Not Applicable,88,Not Applicable,1,Non-Junction,1,Not at Intersection,1,No,1,No,88,Not Applicable,88,Not Applicable,88,Not Applicable,88,Not Applicable,FALSE,1,Public Road,1,"Trafficway, On Road",CT0009300,New Haven PD,48658,34:26.0,C,Closed,00:33.0,,,,,,,
1356427,1,Complete,1356427,1356427,41.308976,-72.895444,3840653,New Haven,93,93,New Haven,1/27/2026,2026,1,January,27,3,Tuesday,7:58:00,7,26003313,A,2,,Motor Vehicle In Motion,"Injury of any type (Serious, Minor, Possible)",B,Suspected Minor Injury (B),0,0,4,Local,0.75,213,FERRY ST,FERRY ST,GRAND AVE,,,,,41.308976,-72.895444,14,Motor Vehicle in Operation,4,"Sideswipe, same direction",1,On Roadway,1,Clear,88,Not Applicable,1,Daylight,3,Snow,0,None,88,Not Applicable,88,Not Applicable,0,None,88,Not Applicable,88,Not Applicable,2,Intersection,2,Four-Way Intersection,1,No,1,No,88,Not Applicable,88,Not Applicable,88,Not Applicable,88,Not Applicable,FALSE,1,Public Road,1,"Trafficway, On Road",CT0009300,New Haven PD,42057,47:14.0,C,Closed,00:19.0,,,,,,,
1356435,1,Complete,1356435,1356435,41.30148176,-72.941462,3840661,New Haven,93,93,New Haven,1/27/2026,2026,1,January,27,3,Tuesday,9:43:00,9,26003336,A,2,,Motor Vehicle In Motion,"Injury of any type (Serious, Minor, Possible)",C,Possible Injury (C),0,0,4,Local,0.43,141,DAVENPORT AV,DAVENPORT AV,,KOSSUTH ST,36,Feet,E,41.30148176,-72.941462,14,Motor Vehicle in Operation,1,Front to rear,1,On Roadway,7,Snow,88,Not Applicable,1,Daylight,3,Snow,0,None,88,Not Applicable,88,Not Applicable,0,None,88,Not Applicable,88,Not Applicable,1,Non-Junction,1,Not at Intersection,1,No,1,No,88,Not Applicable,88,Not Applicable,88,Not Applicable,88,Not Applicable,TRUE,1,Public Road,1,"Trafficway, On Road",CT0009300,New Haven PD,301,45:55.0,C,Closed,00:27.0,,,,,,,
1356446,1,Complete,1356446,1356446,41.31719,-72.912692,3840672,New Haven,93,93,New Haven,1/27/2026,2026,1,January,27,3,Tuesday,18:40:00,18,26003416,A,2,,Motor Vehicle In Motion,"Injury of any type (Serious, Minor, Possible)",C,Possible Injury (C),0,0,4,Local,0.6,184,EDWARDS ST,EDWARDS ST,,FOSTER ST,70,Feet,W,41.31719,-72.912692,14,Motor Vehicle in Operation,2,Front to front,1,On Roadway,1,Clear,88,Not Applicable,4,Dark-Lighted,3,Snow,0,None,88,Not Applicable,88,Not Applicable,0,None,88,Not Applicable,88,Not Applicable,1,Non-Junction,1,Not at Intersection,1,No,1,No,88,Not Applicable,88,Not Applicable,88,Not Applicable,88,Not Applicable,FALSE,1,Public Road,1,"Trafficway, On Road",CT0009300,New Haven PD,87,23:51.0,C,Closed,00:35.0,,,,,,,
1356780,1,Complete,1356780,1356780,41.308481,-72.902757,3841006,New Haven,93,93,New Haven,1/28/2026,2026,1,January,28,4,Wednesday,9:16:00,9,26003467,A,3,,Motor Vehicle In Motion,"Injury of any type (Serious, Minor, Possible)",C,Possible Injury (C),0,0,4,Local,0.9,264,GRAND AV,GRAND AV,,JAMES ST,100,Feet,E,41.308481,-72.902757,14,Motor Vehicle in Operation,97,Other,1,On Roadway,1,Clear,88,Not Applicable,1,Daylight,2,Wet,0,None,88,Not Applicable,88,Not Applicable,0,None,88,Not Applicable,88,Not Applicable,1,Non-Junction,1,Not at Intersection,1,No,1,No,88,Not Applicable,88,Not Applicable,88,Not Applicable,88,Not Applicable,FALSE,1,Public Road,1,"Trafficway, On Road",CT0009300,New Haven PD,45629,08:02.0,C,Closed,01:06.0,,,,,,,
1356784,1,Complete,1356784,1356784,41.316573,-72.926678,3841010,New Haven,93,93,New Haven,1/28/2026,2026,1,January,28,4,Wednesday,11:28:00,11,26003490,A,2,,Motor Vehicle In Motion,"Injury of any type (Serious, Minor, Possible)",C,Possible Injury (C),0,0,4,Local,0.03,669,WINCHESTER AV,WINCHESTER AV,,SACHEM ST,157,Feet,N,41.316573,-72.926678,14,Motor Vehicle in Operation,4,"Sideswipe, same direction",1,On Roadway,7,Snow,88,Not Applicable,1,Daylight,3,Snow,1,Weather Conditions,88,Not Applicable,88,Not Applicable,5,"Road Surface Condition (wet, icy, snow, slush, etc.)",88,Not Applicable,88,Not Applicable,11,Through Roadway,1,Not at Intersection,1,No,1,No,88,Not Applicable,88,Not Applicable,88,Not Applicable,88,Not Applicable,FALSE,1,Public Road,1,"Trafficway, On Road",CT0009300,New Haven PD,991,55:29.0,C,Closed,01:23.0,,,,,,,
1356791,1,Complete,1356791,1356791,41.304374,-72.942605,3841017,New Haven,93,93,New Haven,1/28/2026,2026,1,January,28,4,Wednesday,17:28:00,17,26003544,A,2,,Motor Vehicle In Motion,"Injury of any type (Serious, Minor, Possible)",C,Possible Injury (C),0,0,4,Local,0.28,585,SYLVAN AV,SYLVAN AV,ORCHARD ST,,,,,41.304374,-72.942605,14,Motor Vehicle in Operation,3,Angle,1,On Roadway,1,Clear,88,Not Applicable,4,Dark-Lighted,3,Snow,0,None,88,Not Applicable,88,Not Applicable,5,"Road Surface Condition (wet, icy, snow, slush, etc.)",88,Not Applicable,88,Not Applicable,2,Intersection,2,Four-Way Intersection,1,No,1,No,88,Not Applicable,88,Not Applicable,88,Not Applicable,88,Not Applicable,FALSE,1,Public Road,1,"Trafficway, On Road",CT0009300,New Haven PD,45394,09:18.0,C,Closed,01:33.0,,,,,,,
1357217,1,Complete,1357217,1357217,41.26829281,-72.89689157,3841443,New Haven,93,93,New Haven,1/27/2026,2026,1,January,27,3,Tuesday,14:09:00,14,26003366,A,2,,Motor Vehicle In Motion,"Injury of any type (Serious, Minor, Possible)",C,Possible Injury (C),0,0,3,State,1.5,337,337-E,337-E,,CONCORD ST,50,Feet,S,41.26829281,-72.89689157,14,Motor Vehicle in Operation,1,Front to rear,1,On Roadway,1,Clear,88,Not Applicable,1,Daylight,4,Slush,0,None,88,Not Applicable,88,Not Applicable,0,None,88,Not Applicable,88,Not Applicable,3,Intersection-Related,2,Four-Way Intersection,1,No,1,No,88,Not Applicable,88,Not Applicable,88,Not Applicable,88,Not Applicable,FALSE,1,Public Road,1,"Trafficway, On Road",CT0009300,New Haven PD,156,07:48.0,C,Closed,00:15.0,,,,,,,
1357220,1,Complete,1357220,1357220,41.29879,-72.949558,3841446,New Haven,93,93,New Haven,1/28/2026,2026,1,January,28,4,Wednesday,14:48:00,14,26003525,A,3,,Motor Vehicle In Motion,"Injury of any type (Serious, Minor, Possible)",C,Possible Injury (C),0,0,3,State,1.57,10,10-N,10-N,,COLUMBUS AVE,500,Feet,N,41.29879,-72.949558,14,Motor Vehicle in Operation,1,Front to rear,1,On Roadway,1,Clear,88,Not Applicable,1,Daylight,1,Dry,0,None,88,Not Applicable,88,Not Applicable,0,None,88,Not Applicable,88,Not Applicable,1,Non-Junction,1,Not at Intersection,1,No,1,No,88,Not Applicable,88,Not Applicable,88,Not Applicable,88,Not Applicable,FALSE,1,Public Road,1,"Trafficway, On Road",CT0009300,New Haven PD,48654,40:43.0,C,Closed,00:17.0,,,,,,,
1357223,1,Complete,1357223,1357223,41.324025,-72.881301,3841449,New Haven,93,93,New Haven,1/29/2026,2026,1,January,29,5,Thursday,7:13:00,7,26003604,A,2,,Motor Vehicle In Motion,"Injury of any type (Serious, Minor, Possible)",A,Suspected Serious Injury (A),0,0,3,State,0.24,17,17-N,17-N,,FOXON BLVD,100,Feet,N,41.324025,-72.881301,14,Motor Vehicle in Operation,1,Front to rear,1,On Roadway,1,Clear,88,Not Applicable,1,Daylight,1,Dry,0,None,88,Not Applicable,88,Not Applicable,0,None,88,Not Applicable,88,Not Applicable,3,Intersection-Related,3,T-Intersection,1,No,1,No,88,Not Applicable,88,Not Applicable,88,Not Applicable,88,Not Applicable,FALSE,1,Public Road,1,"Trafficway, On Road",CT0009300,New Haven PD,44056,37:59.0,C,Closed,00:11.0,,,,,,,
1357229,1,Complete,1357229,1357229,41.308187,-72.95167,3841455,New Haven,93,93,New Haven,1/29/2026,2026,1,January,29,5,Thursday,10:37:00,10,26003631,A,2,,Motor Vehicle In Motion,"Injury of any type (Serious, Minor, Possible)",C,Possible Injury (C),0,0,4,Local,0.07,333,JUDSON AV,JUDSON AV,,PORTER ST,65,Feet,W,41.308187,-72.95167,14,Motor Vehicle in Operation,3,Angle,1,On Roadway,1,Clear,88,Not Applicable,1,Daylight,3,Snow,0,None,88,Not Applicable,88,Not Applicable,0,None,88,Not Applicable,88,Not Applicable,1,Non-Junction,1,Not at Intersection,1,No,1,No,88,Not Applicable,88,Not Applicable,88,Not Applicable,88,Not Applicable,TRUE,1,Public Road,1,"Trafficway, On Road",CT0009300,New Haven PD,797,47:00.0,C,Closed,00:12.0,,,,,,,
1357230,1,Complete,1357230,1357230,41.310558,-72.929638,3841456,New Haven,93,93,New Haven,1/29/2026,2026,1,January,29,5,Thursday,11:08:00,11,26003635,A,2,,Motor Vehicle In Motion,"Injury of any type (Serious, Minor, Possible)",C,Possible Injury (C),0,0,4,Local,0.22,726,ELM ST NO 2,ELM ST NO 2,,YORK ST,100,Feet,E,41.310558,-72.929638,14,Motor Vehicle in Operation,4,"Sideswipe, same direction",1,On Roadway,7,Snow,88,Not Applicable,1,Daylight,3,Snow,0,None,88,Not Applicable,88,Not Applicable,0,None,88,Not Applicable,88,Not Applicable,1,Non-Junction,1,Not at Intersection,1,No,1,No,88,Not Applicable,88,Not Applicable,88,Not Applicable,88,Not Applicable,TRUE,1,Public Road,1,"Trafficway, On Road",CT0009300,New Haven PD,45630,51:33.0,C,Closed,00:13.0,,,,,,,
1359864,1,Complete,1359864,1359864,41.31786685,-72.9457407,3843097,New Haven,93,93,New Haven,5/24/2025,2025,5,May,24,7,Saturday,2:08:00,2,25020409,A,2,,Motor Vehicle In Motion,"Injury of any type (Serious, Minor, Possible)",C,Possible Injury (C),0,0,4,Local,0.18,653,WHALLEY AV,WHALLEY AV,,NORTON ST,25,Feet,E,41.31786685,-72.9457407,14,Motor Vehicle in Operation,1,Front to rear,1,On Roadway,1,Clear,88,Not Applicable,4,Dark-Lighted,1,Dry,0,None,88,Not Applicable,88,Not Applicable,0,None,88,Not Applicable,88,Not Applicable,3,Intersection-Related,2,Four-Way Intersection,1,No,1,No,88,Not Applicable,88,Not Applicable,88,Not Applicable,88,Not Applicable,FALSE,1,Public Road,1,"Trafficway, On Road",CT0009300,New Haven PD,44175,49:23.0,C,Closed,01:53.0,,,,,,,
1359871,1,Complete,1359871,1359871,41.31857,-72.90294,3843104,New Haven,93,93,New Haven,1/22/2026,2026,1,January,22,5,Thursday,8:40:00,8,26002863,A,1,,Pedestrian,"Injury of any type (Serious, Minor, Possible)",C,Possible Injury (C),1,0,4,Local,0.11,666,WILLOW ST,WILLOW ST,91-N-141 (Exit 6),,,,,41.31857,-72.90294,9,Pedestrian,88,Not Applicable,1,On Roadway,1,Clear,88,Not Applicable,1,Daylight,1,Dry,99,Unknown,88,Not Applicable,88,Not Applicable,0,None,88,Not Applicable,88,Not Applicable,2,Intersection,3,T-Intersection,1,No,1,No,88,Not Applicable,88,Not Applicable,88,Not Applicable,88,Not Applicable,FALSE,1,Public Road,1,"Trafficway, On Road",CT0009300,New Haven PD,36335,02:03.0,O,Open,02:26.0,,,,,,,
1359872,1,Complete,1359872,1359872,41.329027,-72.932459,3843105,New Haven,93,93,New Haven,1/22/2026,2026,1,January,22,5,Thursday,17:08:00,17,26002952,A,1,,Other Non-motorist,"Injury of any type (Serious, Minor, Possible)",C,Possible Injury (C),1,0,4,Local,0.3,720,HAZEL ST,HAZEL ST,SHELTON AVE,,,,,41.329027,-72.932459,11,Other Non-motorist,88,Not Applicable,1,On Roadway,1,Clear,88,Not Applicable,4,Dark-Lighted,1,Dry,0,None,88,Not Applicable,88,Not Applicable,0,None,88,Not Applicable,88,Not Applicable,2,Intersection,2,Four-Way Intersection,1,No,1,No,88,Not Applicable,88,Not Applicable,88,Not Applicable,88,Not Applicable,TRUE,1,Public Road,1,"Trafficway, On Road",CT0009300,New Haven PD,45399,42:23.0,C,Closed,02:05.0,,,,,,,
1359873,1,Complete,1359873,1359873,41.309296,-72.935461,3843106,New Haven,93,93,New Haven,1/23/2026,2026,1,January,23,6,Friday,15:05:00,15,26003057,A,2,,Motor Vehicle In Motion,"Injury of any type (Serious, Minor, Possible)",C,Possible Injury (C),0,1,4,Local,0.24,310,HOWE ST,HOWE ST,CHAPEL ST,,,,,41.309296,-72.935461,14,Motor Vehicle in Operation,3,Angle,1,On Roadway,1,Clear,88,Not Applicable,1,Daylight,1,Dry,0,None,88,Not Applicable,88,Not Applicable,0,None,88,Not Applicable,88,Not Applicable,2,Intersection,2,Four-Way Intersection,1,No,1,No,88,Not Applicable,88,Not Applicable,88,Not Applicable,88,Not Applicable,FALSE,1,Public Road,1,"Trafficway, On Road",CT0009300,New Haven PD,45398,36:47.0,C,Closed,02:21.0,,,,,,,
1359890,1,Complete,1359890,1359890,41.3269,-72.87949,3843123,New Haven,93,93,New Haven,1/29/2026,2026,1,January,29,5,Thursday,22:26:00,22,26003744,A,2,,Motor Vehicle In Motion,"Injury of any type (Serious, Minor, Possible)",C,Possible Injury (C),0,1,3,State,0.45,17,17-N,17-N,BARNES AVE,,,,,41.3269,-72.87949,14,Motor Vehicle in Operation,3,Angle,1,On Roadway,1,Clear,88,Not Applicable,4,Dark-Lighted,1,Dry,0,None,88,Not Applicable,88,Not Applicable,0,None,88,Not Applicable,88,Not Applicable,2,Intersection,3,T-Intersection,1,No,1,No,88,Not Applicable,88,Not Applicable,88,Not Applicable,88,Not Applicable,TRUE,1,Public Road,1,"Trafficway, On Road",CT0009300,New Haven PD,47005,57:58.0,C,Closed,02:35.0,,,,,,,
1359913,1,Complete,1359913,1359913,41.303678,-72.915393,3843146,New Haven,93,93,New Haven,1/31/2026,2026,1,January,31,7,Saturday,7:21:00,7,26003905,A,1,,Embankment,"Injury of any type (Serious, Minor, Possible)",C,Possible Injury (C),0,0,4,Local,1.19,97,CHAPEL ST,CHAPEL ST,,CHESTNUT ST,100,Feet,E,41.303678,-72.915393,27,Embankment,88,Not Applicable,1,On Roadway,1,Clear,88,Not Applicable,1,Daylight,1,Dry,0,None,88,Not Applicable,88,Not Applicable,0,None,88,Not Applicable,88,Not Applicable,1,Non-Junction,1,Not at Intersection,1,No,1,No,88,Not Applicable,88,Not Applicable,88,Not Applicable,88,Not Applicable,FALSE,1,Public Road,1,"Trafficway, On Road",CT0009300,New Haven PD,44953,52:51.0,C,Closed,03:11.0,,,,,,,
1359917,1,Complete,1359917,1359917,41.30496,-72.922738,3843150,New Haven,93,93,New Haven,1/31/2026,2026,1,January,31,7,Saturday,10:25:00,10,26003919,A,2,,Motor Vehicle In Motion,"Injury of any type (Serious, Minor, Possible)",B,Suspected Minor Injury (B),0,0,4,Local,1.33,575,STATE ST,STATE ST,,Chapel Street,10,Feet,N,41.30496,-72.922738,14,Motor Vehicle in Operation,4,"Sideswipe, same direction",1,On Roadway,1,Clear,88,Not Applicable,1,Daylight,2,Wet,0,None,88,Not Applicable,88,Not Applicable,8,Work Zone (construction / maintenance / utility),88,Not Applicable,88,Not Applicable,3,Intersection-Related,2,Four-Way Intersection,1,No,2,Yes,4,Activity Area,2,Lane Shift / Crossover,1,No,1,No,FALSE,1,Public Road,1,"Trafficway, On Road",CT0009300,New Haven PD,45630,05:19.0,C,Closed,02:46.0,,,,,,,
1359926,1,Complete,1359926,1359926,41.303523,-72.894214,3843159,New Haven,93,93,New Haven,2/1/2026,2026,2,February,1,1,Sunday,0:28:00,0,26003988,A,1,,Utility Pole,"Injury of any type (Serious, Minor, Possible)",C,Possible Injury (C),0,0,4,Local,0.01,514,RIVER ST,RIVER ST,,Ferry Street,5,Feet,E,41.303523,-72.894214,33,Utility Pole/Light Support,88,Not Applicable,4,Roadside,1,Clear,88,Not Applicable,4,Dark-Lighted,5,Ice / Frost,0,None,88,Not Applicable,88,Not Applicable,5,"Road Surface Condition (wet, icy, snow, slush, etc.)",88,Not Applicable,88,Not Applicable,3,Intersection-Related,3,T-Intersection,1,No,1,No,88,Not Applicable,88,Not Applicable,88,Not Applicable,88,Not Applicable,FALSE,1,Public Road,1,"Trafficway, On Road",CT0009300,New Haven PD,42055,46:23.0,C,Closed,03:09.0,,,,,,,
1359933,1,Complete,1359933,1359933,41.297298,-72.948879,3843166,New Haven,93,93,New Haven,2/2/2026,2026,2,February,2,2,Monday,10:47:00,10,26004146,A,1,,Pedestrian,"Injury of any type (Serious, Minor, Possible)",C,Possible Injury (C),1,0,3,State,1.46,10,10-N,10-N,,ORANGE AVE,40,Feet,S,41.297298,-72.948879,9,Pedestrian,88,Not Applicable,1,On Roadway,1,Clear,1,Clear,1,Daylight,1,Dry,0,None,88,Not Applicable,88,Not Applicable,0,None,88,Not Applicable,88,Not Applicable,3,Intersection-Related,2,Four-Way Intersection,1,No,1,No,88,Not Applicable,88,Not Applicable,88,Not Applicable,88,Not Applicable,TRUE,1,Public Road,1,"Trafficway, On Road",CT0009300,New Haven PD,10,46:50.0,C,Closed,01:45.0,,,,,,,
1359937,1,Complete,1359937,1359937,41.320886,-72.920028,3843170,New Haven,93,93,New Haven,2/2/2026,2026,2,February,2,2,Monday,12:29:00,12,26004169,A,2,,Motor Vehicle In Motion,"Injury of any type (Serious, Minor, Possible)",C,Possible Injury (C),0,0,4,Local,0.07,540,ST RONAN ST,ST RONAN ST,,LAWRENCE ST,50,Feet,S,41.320886,-72.920028,14,Motor Vehicle in Operation,3,Angle,1,On Roadway,1,Clear,88,Not Applicable,1,Daylight,1,Dry,0,None,88,Not Applicable,88,Not Applicable,0,None,88,Not Applicable,88,Not Applicable,1,Non-Junction,1,Not at Intersection,1,No,1,No,88,Not Applicable,88,Not Applicable,88,Not Applicable,88,Not Applicable,TRUE,1,Public Road,1,"Trafficway, On Road",CT0009300,New Haven PD,48662,13:04.0,C,Closed,01:43.0,,,,,,,
1359941,1,Complete,1359941,1359941,41.288829,-72.892589,3843174,New Haven,93,93,New Haven,2/2/2026,2026,2,February,2,2,Monday,16:40:00,16,26004189,A,2,,Motor Vehicle In Motion,"Injury of any type (Serious, Minor, Possible)",C,Possible Injury (C),0,0,4,Local,0,388,MAIN ST NO 2,MAIN ST NO 2,337-E,,,,,41.288829,-72.892589,14,Motor Vehicle in Operation,4,"Sideswipe, same direction",1,On Roadway,1,Clear,88,Not Applicable,1,Daylight,1,Dry,0,None,88,Not Applicable,88,Not Applicable,0,None,88,Not Applicable,88,Not Applicable,3,Intersection-Related,2,Four-Way Intersection,1,No,1,No,88,Not Applicable,88,Not Applicable,88,Not Applicable,88,Not Applicable,FALSE,1,Public Road,1,"Trafficway, On Road",CT0009300,New Haven PD,45388,46:48.0,C,Closed,01:53.0,,,,,,,