CrashId,Fatal Case Status,Fatal Case Status Text Format,CrashId,CrashId,Latitude,Longitude,DOT Case Number,Town Name,Town Number,Town Number,Town Number Text Format,Date Of Crash,Year,Month,Month Text Format,Day,Day of the Week,Day of the Week Text Format,Time of Crash,Hour of the Day,Case Identifier,Crash Severity,Number Of Motor Vehicles,Motor vehicle action,Most harmful event,Crash Severity Text Format,Most Severe Injury,Most Severe Injury Text Format,Number Of Non-Motorist,Number Of Witnesses,Route Class,Route Class Text Format,Milemarker,Road Number,Road Description,Roadway Name,Intersecting Roadway Name,Landmark Description,Distance From Nearest Landmark,Unit Of Measure From Nearest Landmark,Direction From Nearest Landmark,Latitude,Longitude,First Harmful Event,First Harmful Event Text Format,Manner of Crash / Collision Impact,Manner of Crash / Collision Impact Text Format,Location of First Harmful Event,Location of First Harmful Event Text Format,Weather Condition,Weather Condition Text Format,Weather 2,Weather 2 Text Format,Light Condition,Light Condition Text Format,Road Surface Condition,Road Surface Condition Text Format,"Contributing Circumstances, Environment","Contributing Circumstances, Environment Text Format",Environment 2,Environment 2 Text Format,Environment 3,Environment 3 Text Format,"Contributing Circumstances, Road","Contributing Circumstances, Road Text Format",Road 2,Road 2 Text Format,Road 3,Road 3 Text Format,Crash Specific Location,Crash Specific Location Text Format,Type of Intersection,Type of Intersection Text Format,School Bus Related,School Bus Related Text Format,Work Zone Related,Work Zone Related Text Format,Location Of Crash Relative To Work Zone,Location Of Crash Relative To Work Zone Text Format,Type of Work Zone,Type of Work Zone Text Format,Worker Presence,Worker Presence Text Format,Law Enforcement Presence,Law Enforcement Presence Text Format,Were Vehicles Moved Prior To Police Arrival,Trafficway Ownership,Trafficway Ownership Text Format,Trafficway Class,Trafficway Class Text Format,Police Agency,Police Agency Text Format,Badge Number,Approval Date,Police Case Status,Police Case Status Text Format,Crash Report Submission Date,Related Case Identifiers,No. of Through Lanes (Log Dir.),Average Daily Traffic,Functional Classification,Functional Classification Text Format,Rural or Urban,Rural or Urban Text Format
1360350,1,Complete,1360350,1360350,41.30885737,-72.89724597,3843583,New Haven,93,93,New Haven,2/2/2026,2026,2,February,2,2,Monday,16:12:00,16,26004192,A,2,,Parked Vehicle,"Injury of any type (Serious, Minor, Possible)",C,Possible Injury (C),0,0,4,Local,0.6,264,GRAND AV,GRAND AV,,POPLAR ST,55,Feet,W,41.30885737,-72.89724597,15,Parked Motor Vehicle,4,"Sideswipe, same direction",1,On Roadway,1,Clear,88,Not Applicable,1,Daylight,1,Dry,0,None,88,Not Applicable,88,Not Applicable,0,None,88,Not Applicable,88,Not Applicable,1,Non-Junction,1,Not at Intersection,1,No,1,No,88,Not Applicable,88,Not Applicable,88,Not Applicable,88,Not Applicable,FALSE,1,Public Road,1,"Trafficway, On Road",CT0009300,New Haven PD,48651,10:02.0,C,Closed,01:15.0,,,,,,,
1360351,1,Complete,1360351,1360351,41.331972,-72.974161,3843584,New Haven,93,93,New Haven,2/2/2026,2026,2,February,2,2,Monday,17:39:00,17,26004233,A,2,,Motor Vehicle In Motion,"Injury of any type (Serious, Minor, Possible)",C,Possible Injury (C),0,0,3,State,1.06,63,63-N,63-N,ANTHONY ST,,,,,41.331972,-72.974161,14,Motor Vehicle in Operation,3,Angle,1,On Roadway,1,Clear,88,Not Applicable,1,Daylight,1,Dry,0,None,88,Not Applicable,88,Not Applicable,0,None,88,Not Applicable,88,Not Applicable,2,Intersection,3,T-Intersection,1,No,1,No,88,Not Applicable,88,Not Applicable,88,Not Applicable,88,Not Applicable,TRUE,1,Public Road,1,"Trafficway, On Road",CT0009300,New Haven PD,45403,45:10.0,O,Open,01:16.0,,,,,,,
1360354,1,Complete,1360354,1360354,41.302205,-72.928755,3843587,New Haven,93,93,New Haven,2/3/2026,2026,2,February,3,3,Tuesday,6:35:00,6,26004285,A,2,,Motor Vehicle In Motion,"Injury of any type (Serious, Minor, Possible)",B,Suspected Minor Injury (B),0,0,4,Local,0.53,564,SOUTH FRONTAGE RD,SOUTH FRONTAGE RD,CHURCH ST S,,,,,41.302205,-72.928755,14,Motor Vehicle in Operation,3,Angle,1,On Roadway,1,Clear,1,Clear,1,Daylight,1,Dry,0,None,88,Not Applicable,88,Not Applicable,0,None,88,Not Applicable,88,Not Applicable,2,Intersection,2,Four-Way Intersection,1,No,1,No,88,Not Applicable,88,Not Applicable,88,Not Applicable,88,Not Applicable,FALSE,1,Public Road,1,"Trafficway, On Road",CT0009300,New Haven PD,42046,44:41.0,C,Closed,01:14.0,,,,,,,
1360362,1,Complete,1360362,1360362,41.317586,-72.944901,3843595,New Haven,93,93,New Haven,2/3/2026,2026,2,February,3,3,Tuesday,16:47:00,16,26004383,A,2,,Motor Vehicle In Motion,"Injury of any type (Serious, Minor, Possible)",C,Possible Injury (C),0,0,4,Local,0.24,653,WHALLEY AV,WHALLEY AV,,WINTHOP AVE,80,Feet,W,41.317586,-72.944901,14,Motor Vehicle in Operation,4,"Sideswipe, same direction",1,On Roadway,1,Clear,88,Not Applicable,1,Daylight,3,Snow,0,None,88,Not Applicable,88,Not Applicable,0,None,88,Not Applicable,88,Not Applicable,1,Non-Junction,1,Not at Intersection,1,No,1,No,88,Not Applicable,88,Not Applicable,88,Not Applicable,88,Not Applicable,TRUE,1,Public Road,1,"Trafficway, On Road",CT0009300,New Haven PD,44947,44:20.0,C,Closed,01:10.0,,,,,,,
1360364,1,Complete,1360364,1360364,41.335297,-72.976682,3843597,New Haven,93,93,New Haven,2/3/2026,2026,2,February,3,3,Tuesday,17:55:00,17,26004403,A,2,,Motor Vehicle In Motion,"Injury of any type (Serious, Minor, Possible)",C,Possible Injury (C),0,0,3,State,0.05,69,69-N,69-N,,Amity Rd,90,Feet,N,41.335297,-72.976682,14,Motor Vehicle in Operation,3,Angle,1,On Roadway,1,Clear,88,Not Applicable,1,Daylight,1,Dry,0,None,88,Not Applicable,88,Not Applicable,0,None,88,Not Applicable,88,Not Applicable,3,Intersection-Related,4,Y-Intersection,1,No,1,No,88,Not Applicable,88,Not Applicable,88,Not Applicable,88,Not Applicable,TRUE,1,Public Road,1,"Trafficway, On Road",CT0009300,New Haven PD,45403,31:41.0,C,Closed,01:09.0,,,,,,,
1360366,1,Complete,1360366,1360366,41.32021,-72.871206,3843599,New Haven,93,93,New Haven,2/3/2026,2026,2,February,3,3,Tuesday,18:05:00,18,26004407,A,2,,Motor Vehicle In Motion,"Injury of any type (Serious, Minor, Possible)",C,Possible Injury (C),0,0,3,State,0.6,80,80-E,80-E,,EASTERN ST,78,Feet,E,41.32021,-72.871206,14,Motor Vehicle in Operation,1,Front to rear,1,On Roadway,1,Clear,88,Not Applicable,4,Dark-Lighted,1,Dry,0,None,88,Not Applicable,88,Not Applicable,0,None,88,Not Applicable,88,Not Applicable,3,Intersection-Related,2,Four-Way Intersection,1,No,1,No,88,Not Applicable,88,Not Applicable,88,Not Applicable,88,Not Applicable,FALSE,1,Public Road,1,"Trafficway, On Road",CT0009300,New Haven PD,45388,22:41.0,C,Closed,01:07.0,,,,,,,
1360748,1,Complete,1360748,1360748,41.316144,-72.872837,3843981,New Haven,93,93,New Haven,1/27/2026,2026,1,January,27,3,Tuesday,9:22:00,9,26003332,A,2,,Motor Vehicle In Motion,"Injury of any type (Serious, Minor, Possible)",C,Possible Injury (C),0,0,4,Local,0.66,167,EASTERN ST,EASTERN ST,,Bella Vista Drive,25,Feet,N,41.316144,-72.872837,14,Motor Vehicle in Operation,4,"Sideswipe, same direction",1,On Roadway,1,Clear,88,Not Applicable,1,Daylight,1,Dry,0,None,88,Not Applicable,88,Not Applicable,0,None,88,Not Applicable,88,Not Applicable,3,Intersection-Related,3,T-Intersection,1,No,1,No,88,Not Applicable,88,Not Applicable,88,Not Applicable,88,Not Applicable,TRUE,1,Public Road,1,"Trafficway, On Road",CT0009300,New Haven PD,42049,32:07.0,C,Closed,00:14.0,,,,,,,
1360749,1,Complete,1360749,1360749,41.315568,-72.939465,3843982,New Haven,93,93,New Haven,1/27/2026,2026,1,January,27,3,Tuesday,16:19:00,16,26003385,A,2,,Motor Vehicle In Motion,"Injury of any type (Serious, Minor, Possible)",C,Possible Injury (C),0,0,4,Local,0.55,653,WHALLEY AV,WHALLEY AV,,ORCHARD ST,50,Feet,W,41.315568,-72.939465,14,Motor Vehicle in Operation,4,"Sideswipe, same direction",1,On Roadway,1,Clear,88,Not Applicable,1,Daylight,3,Snow,0,None,88,Not Applicable,88,Not Applicable,0,None,88,Not Applicable,88,Not Applicable,1,Non-Junction,1,Not at Intersection,1,No,1,No,88,Not Applicable,88,Not Applicable,88,Not Applicable,88,Not Applicable,TRUE,1,Public Road,1,"Trafficway, On Road",CT0009300,New Haven PD,44947,15:09.0,O,Open,00:32.0,,,,,,,
1360751,1,Complete,1360751,1360751,41.336655,-72.981009,3843984,New Haven,93,93,New Haven,2/3/2026,2026,2,February,3,3,Tuesday,8:35:00,8,26004232,A,1,,Pedestrian,"Injury of any type (Serious, Minor, Possible)",C,Possible Injury (C),1,0,,,,,,112 AMITY RD,,June ST,620,Feet,S,41.336655,-72.981009,9,Pedestrian,88,Not Applicable,97,Other,2,Cloudy,88,Not Applicable,1,Daylight,1,Dry,0,None,88,Not Applicable,88,Not Applicable,0,None,88,Not Applicable,88,Not Applicable,97,Other,1,Not at Intersection,1,No,1,No,88,Not Applicable,88,Not Applicable,88,Not Applicable,88,Not Applicable,FALSE,88,Not Applicable,4,Parking Lot,CT0009300,New Haven PD,44062,53:53.0,C,Closed,00:19.0,,,,,,,
1360763,1,Complete,1360763,1360763,41.330838,-72.926956,3843996,New Haven,93,93,New Haven,2/4/2026,2026,2,February,4,4,Wednesday,14:34:00,14,26004545,A,2,,Motor Vehicle In Motion,"Injury of any type (Serious, Minor, Possible)",C,Possible Injury (C),0,0,4,Local,0.65,42,BASSETT ST,BASSETT ST,,NEWHALL ST,245,Feet,E,41.330838,-72.926956,14,Motor Vehicle in Operation,3,Angle,1,On Roadway,1,Clear,88,Not Applicable,1,Daylight,1,Dry,0,None,88,Not Applicable,88,Not Applicable,0,None,88,Not Applicable,88,Not Applicable,9,Driveway Access-Related,1,Not at Intersection,1,No,1,No,88,Not Applicable,88,Not Applicable,88,Not Applicable,88,Not Applicable,FALSE,1,Public Road,1,"Trafficway, On Road",CT0009300,New Haven PD,87,56:29.0,C,Closed,00:27.0,,,,,,,
1360765,1,Complete,1360765,1360765,41.326669,-72.963616,3843998,New Haven,93,93,New Haven,2/4/2026,2026,2,February,4,4,Wednesday,19:58:00,19,26004594,A,2,,Motor Vehicle In Motion,"Injury of any type (Serious, Minor, Possible)",C,Possible Injury (C),0,0,3,State,6.45,243,243-E,243-E,MCKINLEY AVE,,,,,41.326669,-72.963616,14,Motor Vehicle in Operation,3,Angle,1,On Roadway,1,Clear,88,Not Applicable,4,Dark-Lighted,1,Dry,0,None,88,Not Applicable,88,Not Applicable,0,None,88,Not Applicable,88,Not Applicable,2,Intersection,3,T-Intersection,1,No,1,No,88,Not Applicable,88,Not Applicable,88,Not Applicable,88,Not Applicable,FALSE,1,Public Road,1,"Trafficway, On Road",CT0009300,New Haven PD,45403,42:25.0,C,Closed,00:37.0,,,,,,,
1361148,1,Complete,1361148,1361148,41.31334,-72.95005,3844381,New Haven,93,93,New Haven,2/4/2026,2026,2,February,4,4,Wednesday,19:28:00,19,26004589,A,2,,Motor Vehicle In Motion,"Injury of any type (Serious, Minor, Possible)",C,Possible Injury (C),0,0,4,Local,0.08,573,STANLEY ST,STANLEY ST,ELLSWORTH AV,,,,,41.31334,-72.95005,14,Motor Vehicle in Operation,3,Angle,7,In Parking Lane or Zone,1,Clear,88,Not Applicable,4,Dark-Lighted,1,Dry,0,None,88,Not Applicable,88,Not Applicable,0,None,88,Not Applicable,88,Not Applicable,1,Non-Junction,1,Not at Intersection,1,No,1,No,88,Not Applicable,88,Not Applicable,88,Not Applicable,88,Not Applicable,FALSE,1,Public Road,1,"Trafficway, On Road",CT0009300,New Haven PD,45132,55:05.0,C,Closed,01:29.0,,,,,,,
1361154,1,Complete,1361154,1361154,41.306017,-72.925788,3844387,New Haven,93,93,New Haven,2/5/2026,2026,2,February,5,5,Thursday,15:17:00,15,26004708,A,2,,Motor Vehicle In Motion,"Injury of any type (Serious, Minor, Possible)",C,Possible Injury (C),0,0,4,Local,0.3,103,CHURCH ST,CHURCH ST,CHAPEL ST,,,,,41.306017,-72.925788,14,Motor Vehicle in Operation,4,"Sideswipe, same direction",1,On Roadway,1,Clear,88,Not Applicable,1,Daylight,1,Dry,0,None,88,Not Applicable,88,Not Applicable,0,None,88,Not Applicable,88,Not Applicable,3,Intersection-Related,2,Four-Way Intersection,1,No,1,No,88,Not Applicable,88,Not Applicable,88,Not Applicable,88,Not Applicable,FALSE,1,Public Road,1,"Trafficway, On Road",CT0009300,New Haven PD,980,00:00.0,C,Closed,01:26.0,,,,,,,
1361158,1,Complete,1361158,1361158,41.320626,-72.923308,3844391,New Haven,93,93,New Haven,2/5/2026,2026,2,February,5,5,Thursday,16:50:00,16,26004727,A,2,,Motor Vehicle In Motion,"Injury of any type (Serious, Minor, Possible)",C,Possible Injury (C),0,0,4,Local,0.63,495,PROSPECT ST,PROSPECT ST,,HILLSIDE PL,50,Feet,S,41.320626,-72.923308,14,Motor Vehicle in Operation,1,Front to rear,1,On Roadway,1,Clear,88,Not Applicable,1,Daylight,1,Dry,3,Glare,88,Not Applicable,88,Not Applicable,0,None,88,Not Applicable,88,Not Applicable,3,Intersection-Related,3,T-Intersection,1,No,1,No,88,Not Applicable,88,Not Applicable,88,Not Applicable,88,Not Applicable,TRUE,1,Public Road,1,"Trafficway, On Road",CT0009300,New Haven PD,47005,18:57.0,C,Closed,01:40.0,,,,,,,
1361626,1,Complete,1361626,1361626,41.306854,-72.903002,3844859,New Haven,93,93,New Haven,2/4/2026,2026,2,February,4,4,Wednesday,12:41:00,12,26004505,A,2,,Motor Vehicle In Motion,"Injury of any type (Serious, Minor, Possible)",C,Possible Injury (C),0,0,4,Local,0.66,327,JAMES ST,JAMES ST,EXCHANGE ST,,,,,41.306854,-72.903002,14,Motor Vehicle in Operation,3,Angle,1,On Roadway,1,Clear,1,Clear,1,Daylight,1,Dry,0,None,88,Not Applicable,88,Not Applicable,0,None,88,Not Applicable,88,Not Applicable,2,Intersection,2,Four-Way Intersection,1,No,1,No,88,Not Applicable,88,Not Applicable,88,Not Applicable,88,Not Applicable,FALSE,1,Public Road,1,"Trafficway, On Road",CT0009300,New Haven PD,47741,25:47.0,C,Closed,00:54.0,,,,,,,
1361639,1,Complete,1361639,1361639,41.334209,-72.947449,3844872,New Haven,93,93,New Haven,2/6/2026,2026,2,February,6,6,Friday,10:30:00,10,26004818,A,2,,Motor Vehicle In Motion,"Injury of any type (Serious, Minor, Possible)",C,Possible Injury (C),0,1,3,State,4.44,10,10-N,10-N,PINE ROCK AVE,,,,,41.334209,-72.947449,14,Motor Vehicle in Operation,3,Angle,1,On Roadway,1,Clear,88,Not Applicable,1,Daylight,1,Dry,0,None,88,Not Applicable,88,Not Applicable,0,None,88,Not Applicable,88,Not Applicable,2,Intersection,2,Four-Way Intersection,1,No,1,No,88,Not Applicable,88,Not Applicable,88,Not Applicable,88,Not Applicable,FALSE,1,Public Road,1,"Trafficway, On Road",CT0009300,New Haven PD,47005,02:36.0,C,Closed,01:12.0,,,,,,,
1361653,1,Complete,1361653,1361653,41.30086,-72.915069,3844886,New Haven,93,93,New Haven,2/7/2026,2026,2,February,7,7,Saturday,15:07:00,15,26004985,A,2,,Motor Vehicle In Motion,"Injury of any type (Serious, Minor, Possible)",C,Possible Injury (C),0,0,2,USRoute,48.74,1,1-N,1-N,,CHESTNUT ST,70,Feet,E,41.30086,-72.915069,14,Motor Vehicle in Operation,1,Front to rear,1,On Roadway,1,Clear,88,Not Applicable,1,Daylight,4,Slush,99,Unknown,88,Not Applicable,88,Not Applicable,0,None,88,Not Applicable,88,Not Applicable,3,Intersection-Related,3,T-Intersection,1,No,1,No,88,Not Applicable,88,Not Applicable,88,Not Applicable,88,Not Applicable,FALSE,1,Public Road,1,"Trafficway, On Road",CT0009300,New Haven PD,44951,24:23.0,C,Closed,01:46.0,,,,,,,
1361654,1,Complete,1361654,1361654,41.324095,-72.881653,3844887,New Haven,93,93,New Haven,2/7/2026,2026,2,February,7,7,Saturday,17:45:00,17,26005002,A,2,,Motor Vehicle In Motion,"Injury of any type (Serious, Minor, Possible)",C,Possible Injury (C),0,0,3,State,0.23,17,17-S,17-S,,91-S-17A (Exit 8),525,Feet,E,41.324095,-72.881653,14,Motor Vehicle in Operation,1,Front to rear,1,On Roadway,1,Clear,88,Not Applicable,1,Daylight,1,Dry,0,None,88,Not Applicable,88,Not Applicable,0,None,88,Not Applicable,88,Not Applicable,3,Intersection-Related,2,Four-Way Intersection,1,No,1,No,88,Not Applicable,88,Not Applicable,88,Not Applicable,88,Not Applicable,TRUE,1,Public Road,1,"Trafficway, On Road",CT0009300,New Haven PD,48652,46:54.0,C,Closed,01:56.0,,,,,,,
1362435,1,Complete,1362435,1362435,41.314041,-72.896766,3845668,New Haven,93,93,New Haven,2/8/2026,2026,2,February,8,1,Sunday,0:35:00,0,26005030,A,3,,Motor Vehicle In Motion,"Injury of any type (Serious, Minor, Possible)",B,Suspected Minor Injury (B),0,0,4,Local,0.39,213,FERRY ST,FERRY ST,,Chatham St,5,Feet,S,41.314041,-72.896766,14,Motor Vehicle in Operation,2,Front to front,1,On Roadway,7,Snow,88,Not Applicable,4,Dark-Lighted,3,Snow,0,None,88,Not Applicable,88,Not Applicable,0,None,88,Not Applicable,88,Not Applicable,3,Intersection-Related,2,Four-Way Intersection,1,No,1,No,88,Not Applicable,88,Not Applicable,88,Not Applicable,88,Not Applicable,FALSE,1,Public Road,1,"Trafficway, On Road",CT0009300,New Haven PD,48653,59:38.0,C,Closed,01:30.0,,,,,,,
1362436,1,Complete,1362436,1362436,41.315143,-72.896965,3845669,New Haven,93,93,New Haven,2/8/2026,2026,2,February,8,1,Sunday,19:05:00,19,26005068,A,2,,Motor Vehicle In Motion,"Injury of any type (Serious, Minor, Possible)",C,Possible Injury (C),0,0,4,Local,0.32,213,FERRY ST,FERRY ST,Lombard Street,,,,,41.315143,-72.896965,14,Motor Vehicle in Operation,3,Angle,1,On Roadway,1,Clear,88,Not Applicable,4,Dark-Lighted,1,Dry,0,None,88,Not Applicable,88,Not Applicable,0,None,88,Not Applicable,88,Not Applicable,2,Intersection,2,Four-Way Intersection,1,No,1,No,88,Not Applicable,88,Not Applicable,88,Not Applicable,88,Not Applicable,FALSE,1,Public Road,1,"Trafficway, On Road",CT0009300,New Haven PD,45403,39:30.0,C,Closed,01:52.0,,,,,,,
1362453,1,Complete,1362453,1362453,41.315862,-72.934895,3845686,New Haven,93,93,New Haven,2/9/2026,2026,2,February,9,2,Monday,17:58:00,17,26005200,A,2,,Motor Vehicle In Motion,"Injury of any type (Serious, Minor, Possible)",C,Possible Injury (C),0,0,4,Local,0.42,631,WEBSTER ST,WEBSTER ST,,GOFFE ST,40,Feet,N,41.315862,-72.934895,14,Motor Vehicle in Operation,1,Front to rear,1,On Roadway,1,Clear,88,Not Applicable,1,Daylight,1,Dry,0,None,88,Not Applicable,88,Not Applicable,5,"Road Surface Condition (wet, icy, snow, slush, etc.)",88,Not Applicable,88,Not Applicable,3,Intersection-Related,2,Four-Way Intersection,1,No,1,No,88,Not Applicable,88,Not Applicable,88,Not Applicable,88,Not Applicable,TRUE,1,Public Road,1,"Trafficway, On Road",CT0009300,New Haven PD,47005,30:31.0,C,Closed,02:02.0,,,,,,,
1362455,1,Complete,1362455,1362455,41.32156,-72.92964,3845688,New Haven,93,93,New Haven,2/9/2026,2026,2,February,9,2,Monday,19:10:00,19,26005205,A,1,,Pedestrian,"Injury of any type (Serious, Minor, Possible)",C,Possible Injury (C),1,1,4,Local,0.2,429,MUNSON ST,MUNSON ST,,Canal St,30,Feet,E,41.32156,-72.92964,9,Pedestrian,88,Not Applicable,1,On Roadway,1,Clear,88,Not Applicable,4,Dark-Lighted,1,Dry,0,None,88,Not Applicable,88,Not Applicable,0,None,88,Not Applicable,88,Not Applicable,3,Intersection-Related,3,T-Intersection,1,No,1,No,88,Not Applicable,88,Not Applicable,88,Not Applicable,88,Not Applicable,TRUE,1,Public Road,1,"Trafficway, On Road",CT0009300,New Haven PD,47005,22:20.0,C,Closed,02:01.0,26-005205,,,,,,
1362895,1,Complete,1362895,1362895,41.294248,-72.932933,3846128,New Haven,93,93,New Haven,2/9/2026,2026,2,February,9,2,Monday,16:37:00,16,26005187,A,3,,Parked Vehicle,"Injury of any type (Serious, Minor, Possible)",C,Possible Injury (C),0,0,4,Local,0.34,571,SPRING ST,SPRING ST,,HOWARD AVE,50,Feet,E,41.294248,-72.932933,15,Parked Motor Vehicle,4,"Sideswipe, same direction",1,On Roadway,1,Clear,88,Not Applicable,1,Daylight,1,Dry,0,None,88,Not Applicable,88,Not Applicable,0,None,88,Not Applicable,88,Not Applicable,1,Non-Junction,1,Not at Intersection,1,No,1,No,88,Not Applicable,88,Not Applicable,88,Not Applicable,88,Not Applicable,FALSE,1,Public Road,1,"Trafficway, On Road",CT0009300,New Haven PD,48509,25:35.0,O,Open,01:14.0,,,,,,,
1362906,1,Complete,1362906,1362906,41.294198,-72.938764,3846139,New Haven,93,93,New Haven,2/10/2026,2026,2,February,10,3,Tuesday,18:14:00,18,26005333,A,2,,Motor Vehicle In Motion,"Injury of any type (Serious, Minor, Possible)",C,Possible Injury (C),0,0,4,Local,0.4,626,WASHINGTON AV NO 1,WASHINGTON AV NO 1,KING PL,,,,,41.294198,-72.938764,14,Motor Vehicle in Operation,3,Angle,1,On Roadway,1,Clear,88,Not Applicable,4,Dark-Lighted,1,Dry,0,None,88,Not Applicable,88,Not Applicable,0,None,88,Not Applicable,88,Not Applicable,2,Intersection,3,T-Intersection,1,No,1,No,88,Not Applicable,88,Not Applicable,88,Not Applicable,88,Not Applicable,FALSE,1,Public Road,1,"Trafficway, On Road",CT0009300,New Haven PD,48509,18:08.0,C,Closed,01:21.0,,,,,,,
1363243,1,Complete,1363243,1363243,41.325735,-72.96274,3846476,New Haven,93,93,New Haven,2/6/2026,2026,2,February,6,6,Friday,8:06:00,8,26004791,A,2,,Parked Vehicle,"Injury of any type (Serious, Minor, Possible)",C,Possible Injury (C),0,0,4,Local,0.06,6,ALDEN AV,ALDEN AV,,FOUNTAIN STREET,260,Feet,S,41.325735,-72.96274,14,Motor Vehicle in Operation,4,"Sideswipe, same direction",1,On Roadway,1,Clear,88,Not Applicable,1,Daylight,1,Dry,0,None,88,Not Applicable,88,Not Applicable,0,None,88,Not Applicable,88,Not Applicable,1,Non-Junction,1,Not at Intersection,1,No,1,No,88,Not Applicable,88,Not Applicable,88,Not Applicable,88,Not Applicable,FALSE,1,Public Road,1,"Trafficway, On Road",CT0009300,New Haven PD,45398,36:17.0,C,Closed,00:01.0,,,,,,,
1363248,1,Complete,1363248,1363248,41.310205,-72.952922,3846481,New Haven,93,93,New Haven,2/9/2026,2026,2,February,9,2,Monday,12:01:00,12,26005128,A,2,,Motor Vehicle In Motion,"Injury of any type (Serious, Minor, Possible)",C,Possible Injury (C),0,0,4,Local,0.37,147,DERBY AV,DERBY AV,,Ella T Grasso Boulevard,40,Feet,E,41.310205,-72.952922,14,Motor Vehicle in Operation,4,"Sideswipe, same direction",1,On Roadway,1,Clear,88,Not Applicable,1,Daylight,1,Dry,0,None,88,Not Applicable,88,Not Applicable,0,None,88,Not Applicable,88,Not Applicable,3,Intersection-Related,2,Four-Way Intersection,1,No,1,No,88,Not Applicable,88,Not Applicable,88,Not Applicable,88,Not Applicable,FALSE,1,Public Road,1,"Trafficway, On Road",CT0009300,New Haven PD,465,59:14.0,C,Closed,00:15.0,,,,,,,
1363266,1,Complete,1363266,1363266,41.306775,-72.946526,3846499,New Haven,93,93,New Haven,2/11/2026,2026,2,February,11,4,Wednesday,20:22:00,20,26005508,A,2,,Utility Pole,"Injury of any type (Serious, Minor, Possible)",A,Suspected Serious Injury (A),0,0,4,Local,1.13,809,REV DR MLK JR BLVD,REV DR MLK JR BLVD,SHERMAN AVE,,,,,41.306775,-72.946526,14,Motor Vehicle in Operation,3,Angle,1,On Roadway,1,Clear,88,Not Applicable,4,Dark-Lighted,1,Dry,0,None,88,Not Applicable,88,Not Applicable,0,None,88,Not Applicable,88,Not Applicable,2,Intersection,2,Four-Way Intersection,1,No,1,No,88,Not Applicable,88,Not Applicable,88,Not Applicable,88,Not Applicable,FALSE,1,Public Road,1,"Trafficway, On Road",CT0009300,New Haven PD,91,28:04.0,C,Closed,00:22.0,,,,,,,
1363591,1,Complete,1363591,1363591,41.33271,-72.975337,3846824,New Haven,93,93,New Haven,2/11/2026,2026,2,February,11,4,Wednesday,21:27:00,21,26005514,A,2,,Motor Vehicle In Motion,"Injury of any type (Serious, Minor, Possible)",C,Possible Injury (C),0,0,3,State,1.14,63,63-N,63-N,,RAMSDELL ST,30,Feet,N,41.33271,-72.975337,14,Motor Vehicle in Operation,1,Front to rear,1,On Roadway,1,Clear,88,Not Applicable,4,Dark-Lighted,1,Dry,0,None,88,Not Applicable,88,Not Applicable,0,None,88,Not Applicable,88,Not Applicable,3,Intersection-Related,2,Four-Way Intersection,1,No,1,No,88,Not Applicable,88,Not Applicable,88,Not Applicable,88,Not Applicable,TRUE,1,Public Road,1,"Trafficway, On Road",CT0009300,New Haven PD,45403,23:10.0,O,Open,01:59.0,,,,,,,
1363600,1,Complete,1363600,1363600,41.32935841,-72.97874844,3846833,New Haven,93,93,New Haven,2/11/2026,2026,2,February,11,4,Wednesday,21:27:00,21,26005622,A,2,,Motor Vehicle In Motion,"Injury of any type (Serious, Minor, Possible)",C,Possible Injury (C),0,0,4,Local,0.04,501,RAMSDELL ST,RAMSDELL ST,,Field Street,10,Feet,S,41.32935841,-72.97874844,14,Motor Vehicle in Operation,1,Front to rear,1,On Roadway,1,Clear,88,Not Applicable,4,Dark-Lighted,1,Dry,0,None,88,Not Applicable,88,Not Applicable,0,None,88,Not Applicable,88,Not Applicable,1,Non-Junction,1,Not at Intersection,1,No,1,No,88,Not Applicable,88,Not Applicable,88,Not Applicable,88,Not Applicable,TRUE,1,Public Road,1,"Trafficway, On Road",CT0009300,New Haven PD,45403,41:49.0,O,Open,01:43.0,,,,,,,
1363602,1,Complete,1363602,1363602,41.321155,-72.890056,3846835,New Haven,93,93,New Haven,2/12/2026,2026,2,February,12,5,Thursday,17:20:00,17,26005650,A,2,,Motor Vehicle In Motion,"Injury of any type (Serious, Minor, Possible)",C,Possible Injury (C),0,0,4,Local,0.31,411,MIDDLETOWN AV,MIDDLETOWN AV,,FRONT ST,300,Feet,N,41.321155,-72.890056,14,Motor Vehicle in Operation,1,Front to rear,1,On Roadway,1,Clear,88,Not Applicable,1,Daylight,1,Dry,0,None,88,Not Applicable,88,Not Applicable,0,None,88,Not Applicable,88,Not Applicable,13,On a Bridge,1,Not at Intersection,1,No,1,No,88,Not Applicable,88,Not Applicable,88,Not Applicable,88,Not Applicable,FALSE,1,Public Road,1,"Trafficway, On Road",CT0009300,New Haven PD,47741,25:24.0,C,Closed,02:02.0,,,,,,,