CrashId,Fatal Case Status,Fatal Case Status Text Format,CrashId,CrashId,Latitude,Longitude,DOT Case Number,Town Name,Town Number,Town Number,Town Number Text Format,Date Of Crash,Year,Month,Month Text Format,Day,Day of the Week,Day of the Week Text Format,Time of Crash,Hour of the Day,Case Identifier,Crash Severity,Number Of Motor Vehicles,Motor vehicle action,Most harmful event,Crash Severity Text Format,Most Severe Injury,Most Severe Injury Text Format,Number Of Non-Motorist,Number Of Witnesses,Route Class,Route Class Text Format,Milemarker,Road Number,Road Description,Roadway Name,Intersecting Roadway Name,Landmark Description,Distance From Nearest Landmark,Unit Of Measure From Nearest Landmark,Direction From Nearest Landmark,Latitude,Longitude,First Harmful Event,First Harmful Event Text Format,Manner of Crash / Collision Impact,Manner of Crash / Collision Impact Text Format,Location of First Harmful Event,Location of First Harmful Event Text Format,Weather Condition,Weather Condition Text Format,Weather 2,Weather 2 Text Format,Light Condition,Light Condition Text Format,Road Surface Condition,Road Surface Condition Text Format,"Contributing Circumstances, Environment","Contributing Circumstances, Environment Text Format",Environment 2,Environment 2 Text Format,Environment 3,Environment 3 Text Format,"Contributing Circumstances, Road","Contributing Circumstances, Road Text Format",Road 2,Road 2 Text Format,Road 3,Road 3 Text Format,Crash Specific Location,Crash Specific Location Text Format,Type of Intersection,Type of Intersection Text Format,School Bus Related,School Bus Related Text Format,Work Zone Related,Work Zone Related Text Format,Location Of Crash Relative To Work Zone,Location Of Crash Relative To Work Zone Text Format,Type of Work Zone,Type of Work Zone Text Format,Worker Presence,Worker Presence Text Format,Law Enforcement Presence,Law Enforcement Presence Text Format,Were Vehicles Moved Prior To Police Arrival,Trafficway Ownership,Trafficway Ownership Text Format,Trafficway Class,Trafficway Class Text Format,Police Agency,Police Agency Text Format,Badge Number,Approval Date,Police Case Status,Police Case Status Text Format,Crash Report Submission Date,Related Case Identifiers,No. of Through Lanes (Log Dir.),Average Daily Traffic,Functional Classification,Functional Classification Text Format,Rural or Urban,Rural or Urban Text Format
1364530,1,Complete,1364530,1364530,41.29076,-72.934914,3847763,New Haven,93,93,New Haven,1/17/2026,2026,1,January,17,7,Saturday,13:16:00,13,26002232,A,2,,Motor Vehicle In Motion,"Injury of any type (Serious, Minor, Possible)",C,Possible Injury (C),0,0,4,Local,0.26,483,PLYMOUTH ST,PLYMOUTH ST,,LAMBERTON ST,70,Feet,S,41.29076,-72.934914,14,Motor Vehicle in Operation,3,Angle,1,On Roadway,1,Clear,88,Not Applicable,1,Daylight,1,Dry,0,None,88,Not Applicable,88,Not Applicable,0,None,88,Not Applicable,88,Not Applicable,9,Driveway Access-Related,1,Not at Intersection,1,No,1,No,88,Not Applicable,88,Not Applicable,88,Not Applicable,88,Not Applicable,TRUE,1,Public Road,1,"Trafficway, On Road",CT0009300,New Haven PD,46898,30:19.0,C,Closed,01:08.0,,,,,,,
1364534,1,Complete,1364534,1364534,41.297756,-72.937591,3847767,New Haven,93,93,New Haven,1/31/2026,2026,1,January,31,7,Saturday,10:35:00,10,26003918,A,2,,Motor Vehicle In Motion,"Injury of any type (Serious, Minor, Possible)",C,Possible Injury (C),0,0,2,USRoute,47.22,1,1-N,1-N,Arch Street,,,,,41.297756,-72.937591,14,Motor Vehicle in Operation,2,Front to front,1,On Roadway,1,Clear,88,Not Applicable,1,Daylight,1,Dry,0,None,88,Not Applicable,88,Not Applicable,0,None,88,Not Applicable,88,Not Applicable,2,Intersection,2,Four-Way Intersection,1,No,1,No,88,Not Applicable,88,Not Applicable,88,Not Applicable,88,Not Applicable,FALSE,1,Public Road,1,"Trafficway, On Road",CT0009300,New Haven PD,40811,36:28.0,C,Closed,01:48.0,,,,,,,
1364546,1,Complete,1364546,1364546,41.305903,-72.946855,3847779,New Haven,93,93,New Haven,2/10/2026,2026,2,February,10,3,Tuesday,18:56:00,18,26005338,A,2,,Motor Vehicle In Motion,"Injury of any type (Serious, Minor, Possible)",C,Possible Injury (C),0,0,4,Local,0.42,672,WINTHROP AV NO 1,WINTHROP AV NO 1,SHERMAN AV,,,,,41.305903,-72.946855,14,Motor Vehicle in Operation,3,Angle,1,On Roadway,1,Clear,88,Not Applicable,5,Dark-Not Lighted,1,Dry,0,None,88,Not Applicable,88,Not Applicable,0,None,88,Not Applicable,88,Not Applicable,2,Intersection,2,Four-Way Intersection,1,No,1,No,88,Not Applicable,88,Not Applicable,88,Not Applicable,88,Not Applicable,FALSE,1,Public Road,1,"Trafficway, On Road",CT0009300,New Haven PD,48654,45:18.0,C,Closed,02:13.0,,,,,,,
1364553,1,Complete,1364553,1364553,41.302748,-72.928172,3847786,New Haven,93,93,New Haven,2/12/2026,2026,2,February,12,5,Thursday,17:24:00,17,26005656,A,2,,Motor Vehicle In Motion,"Injury of any type (Serious, Minor, Possible)",C,Possible Injury (C),0,0,4,Local,0.1,809,REV DR MLK JR BLVD,REV DR MLK JR BLVD,Church Street,,,,,41.302748,-72.928172,14,Motor Vehicle in Operation,3,Angle,1,On Roadway,1,Clear,88,Not Applicable,1,Daylight,1,Dry,0,None,88,Not Applicable,88,Not Applicable,0,None,88,Not Applicable,88,Not Applicable,2,Intersection,2,Four-Way Intersection,1,No,1,No,88,Not Applicable,88,Not Applicable,88,Not Applicable,88,Not Applicable,FALSE,1,Public Road,1,"Trafficway, On Road",CT0009300,New Haven PD,48829,25:20.0,C,Closed,02:19.0,,,,,,,
1364554,1,Complete,1364554,1364554,41.306899,-72.942246,3847787,New Haven,93,93,New Haven,2/12/2026,2026,2,February,12,5,Thursday,18:40:00,18,26005667,A,2,,Motor Vehicle In Motion,"Injury of any type (Serious, Minor, Possible)",B,Suspected Minor Injury (B),0,0,4,Local,0.91,809,REV DR MLK JR BLVD,REV DR MLK JR BLVD,,ORCHARD ST,10,Feet,E,41.306899,-72.942246,14,Motor Vehicle in Operation,5,"Sideswipe, opposite direction",1,On Roadway,1,Clear,88,Not Applicable,4,Dark-Lighted,1,Dry,0,None,88,Not Applicable,88,Not Applicable,0,None,88,Not Applicable,88,Not Applicable,3,Intersection-Related,2,Four-Way Intersection,1,No,1,No,88,Not Applicable,88,Not Applicable,88,Not Applicable,88,Not Applicable,FALSE,1,Public Road,1,"Trafficway, On Road",CT0009300,New Haven PD,48508,00:28.0,C,Closed,01:34.0,26-005667,,,,,,
1364559,1,Complete,1364559,1364559,41.317191,-72.970785,3847792,New Haven,93,93,New Haven,2/13/2026,2026,2,February,13,6,Friday,11:45:00,11,26005760,A,2,,Motor Vehicle In Motion,"Injury of any type (Serious, Minor, Possible)",C,Possible Injury (C),0,0,4,Local,4.25,97,CHAPEL ST,CHAPEL ST,,FOREST RD,15,Feet,E,41.317191,-72.970785,14,Motor Vehicle in Operation,1,Front to rear,1,On Roadway,1,Clear,88,Not Applicable,1,Daylight,1,Dry,0,None,88,Not Applicable,88,Not Applicable,0,None,88,Not Applicable,88,Not Applicable,3,Intersection-Related,3,T-Intersection,1,No,1,No,88,Not Applicable,88,Not Applicable,88,Not Applicable,88,Not Applicable,FALSE,1,Public Road,1,"Trafficway, On Road",CT0009300,New Haven PD,503,59:00.0,C,Closed,01:39.0,,,,,,,
1364560,1,Complete,1364560,1364560,41.302794,-72.941834,3847793,New Haven,93,93,New Haven,2/13/2026,2026,2,February,13,6,Friday,12:13:00,12,26005762,A,2,,Motor Vehicle In Motion,"Injury of any type (Serious, Minor, Possible)",C,Possible Injury (C),0,0,4,Local,0.09,453,ORCHARD ST,ORCHARD ST,,Davenport AVE,460,Feet,N,41.302794,-72.941834,14,Motor Vehicle in Operation,3,Angle,1,On Roadway,1,Clear,88,Not Applicable,1,Daylight,1,Dry,0,None,88,Not Applicable,88,Not Applicable,0,None,88,Not Applicable,88,Not Applicable,9,Driveway Access-Related,1,Not at Intersection,1,No,1,No,88,Not Applicable,88,Not Applicable,88,Not Applicable,88,Not Applicable,FALSE,1,Public Road,1,"Trafficway, On Road",CT0009300,New Haven PD,42056,30:05.0,C,Closed,01:36.0,,,,,,,
1364578,1,Complete,1364578,1364578,41.300508,-72.938387,3847811,New Haven,93,93,New Haven,2/14/2026,2026,2,February,14,7,Saturday,14:12:00,14,26005904,A,2,,Motor Vehicle In Motion,"Injury of any type (Serious, Minor, Possible)",C,Possible Injury (C),0,0,4,Local,0.52,123,CONGRESS AV,CONGRESS AV,,HALLOCK ST,100,Feet,E,41.300508,-72.938387,14,Motor Vehicle in Operation,1,Front to rear,1,On Roadway,1,Clear,88,Not Applicable,1,Daylight,1,Dry,0,None,88,Not Applicable,88,Not Applicable,0,None,88,Not Applicable,88,Not Applicable,1,Non-Junction,1,Not at Intersection,1,No,1,No,88,Not Applicable,88,Not Applicable,88,Not Applicable,88,Not Applicable,FALSE,1,Public Road,1,"Trafficway, On Road",CT0009300,New Haven PD,33016,51:13.0,C,Closed,02:29.0,,,,,,,
1364589,1,Complete,1364589,1364589,41.310124,-72.939134,3847822,New Haven,93,93,New Haven,2/15/2026,2026,2,February,15,1,Sunday,10:30:00,10,26005989,A,1,,Other Non-motorist,"Injury of any type (Serious, Minor, Possible)",C,Possible Injury (C),1,0,4,Local,2.52,97,CHAPEL ST,CHAPEL ST,,DAY STREET,15,Feet,E,41.310124,-72.939134,11,Other Non-motorist,88,Not Applicable,1,On Roadway,1,Clear,88,Not Applicable,1,Daylight,1,Dry,0,None,88,Not Applicable,88,Not Applicable,0,None,88,Not Applicable,88,Not Applicable,3,Intersection-Related,2,Four-Way Intersection,1,No,1,No,88,Not Applicable,88,Not Applicable,88,Not Applicable,88,Not Applicable,TRUE,1,Public Road,1,"Trafficway, On Road",CT0009300,New Haven PD,48658,23:27.0,C,Closed,02:40.0,,,,,,,
1364597,1,Complete,1364597,1364597,41.308988,-72.947987,3847830,New Haven,93,93,New Haven,2/15/2026,2026,2,February,15,1,Sunday,21:53:00,21,26006050,A,2,,Motor Vehicle In Motion,"Injury of any type (Serious, Minor, Possible)",C,Possible Injury (C),0,0,4,Local,0.14,775,WINTHROP AV NO 2,WINTHROP AV NO 2,,GILBERT AVE,90,Feet,S,41.308988,-72.947987,14,Motor Vehicle in Operation,4,"Sideswipe, same direction",1,On Roadway,1,Clear,88,Not Applicable,4,Dark-Lighted,1,Dry,0,None,88,Not Applicable,88,Not Applicable,0,None,88,Not Applicable,88,Not Applicable,1,Non-Junction,1,Not at Intersection,1,No,1,No,88,Not Applicable,88,Not Applicable,88,Not Applicable,88,Not Applicable,TRUE,1,Public Road,1,"Trafficway, On Road",CT0009300,New Haven PD,48507,32:54.0,C,Closed,02:50.0,,,,,,,
1364605,1,Complete,1364605,1364605,41.3215,-72.878061,3847838,New Haven,93,93,New Haven,2/16/2026,2026,2,February,16,2,Monday,16:14:00,16,26006188,A,2,,Motor Vehicle In Motion,"Injury of any type (Serious, Minor, Possible)",C,Possible Injury (C),0,0,,,,,,WALMART PLAZA (PRIVATE),,FOXON BLVD,255,Feet,S,41.3215,-72.878061,14,Motor Vehicle in Operation,3,Angle,1,On Roadway,1,Clear,1,Clear,1,Daylight,1,Dry,0,None,88,Not Applicable,88,Not Applicable,0,None,88,Not Applicable,88,Not Applicable,9,Driveway Access-Related,1,Not at Intersection,1,No,1,No,88,Not Applicable,88,Not Applicable,88,Not Applicable,88,Not Applicable,TRUE,2,Private Road,1,"Trafficway, On Road",CT0009300,New Haven PD,47001,00:20.0,C,Closed,01:09.0,,,,,,,
1364944,1,Complete,1364944,1364944,41.299505,-72.94159,3848177,New Haven,93,93,New Haven,2/5/2026,2026,2,February,5,5,Thursday,8:40:00,8,26004636,A,2,,Parked Vehicle,"Injury of any type (Serious, Minor, Possible)",B,Suspected Minor Injury (B),0,0,4,Local,0.34,123,CONGRESS AV,CONGRESS AV,,REDFIELD ST,35,Feet,W,41.299505,-72.94159,14,Motor Vehicle in Operation,4,"Sideswipe, same direction",1,On Roadway,1,Clear,1,Clear,1,Daylight,1,Dry,0,None,88,Not Applicable,88,Not Applicable,0,None,88,Not Applicable,88,Not Applicable,1,Non-Junction,1,Not at Intersection,1,No,1,No,88,Not Applicable,88,Not Applicable,88,Not Applicable,88,Not Applicable,TRUE,1,Public Road,1,"Trafficway, On Road",CT0009300,New Haven PD,301,39:26.0,C,Closed,00:54.0,,,,,,,
1364955,1,Complete,1364955,1364955,41.32993,-72.93518,3848188,New Haven,93,93,New Haven,2/16/2026,2026,2,February,16,2,Monday,16:30:00,16,26006187,A,2,,Motor Vehicle In Motion,"Injury of any type (Serious, Minor, Possible)",C,Possible Injury (C),0,0,4,Local,1.21,152,DIXWELL AV,DIXWELL AV,W HAZEL ST,,,,,41.32993,-72.93518,14,Motor Vehicle in Operation,3,Angle,1,On Roadway,1,Clear,88,Not Applicable,1,Daylight,1,Dry,0,None,88,Not Applicable,88,Not Applicable,0,None,88,Not Applicable,88,Not Applicable,2,Intersection,3,T-Intersection,1,No,1,No,88,Not Applicable,88,Not Applicable,88,Not Applicable,88,Not Applicable,FALSE,1,Public Road,1,"Trafficway, On Road",CT0009300,New Haven PD,45399,50:25.0,C,Closed,00:56.0,,,,,,,
1365272,1,Complete,1365272,1365272,41.321699,-72.896875,3848505,New Haven,93,93,New Haven,2/18/2026,2026,2,February,18,4,Wednesday,2:09:00,2,26006401,A,2,,Parked Vehicle,"Injury of any type (Serious, Minor, Possible)",C,Possible Injury (C),0,0,2,USRoute,0.55,5,5-N,5-N,,ROCK ST,250,Feet,N,41.321699,-72.896875,14,Motor Vehicle in Operation,1,Front to rear,1,On Roadway,3,"Fog, Smog, Smoke",88,Not Applicable,4,Dark-Lighted,2,Wet,1,Weather Conditions,88,Not Applicable,88,Not Applicable,0,None,88,Not Applicable,88,Not Applicable,1,Non-Junction,1,Not at Intersection,1,No,1,No,88,Not Applicable,88,Not Applicable,88,Not Applicable,88,Not Applicable,FALSE,1,Public Road,1,"Trafficway, On Road",CT0009300,New Haven PD,48045,55:44.0,C,Closed,00:14.0,,,,,,,
1365528,1,Complete,1365528,1365528,41.318778,-72.948314,3848761,New Haven,93,93,New Haven,2/10/2026,2026,2,February,10,3,Tuesday,20:26:00,20,26005355,A,2,,Motor Vehicle In Motion,"Injury of any type (Serious, Minor, Possible)",C,Possible Injury (C),0,0,4,Local,0.04,653,WHALLEY AV,WHALLEY AV,,ELLA T GRASSO BLVD,200,Feet,E,41.318778,-72.948314,14,Motor Vehicle in Operation,3,Angle,1,On Roadway,1,Clear,88,Not Applicable,4,Dark-Lighted,1,Dry,0,None,88,Not Applicable,88,Not Applicable,0,None,88,Not Applicable,88,Not Applicable,9,Driveway Access-Related,1,Not at Intersection,1,No,1,No,88,Not Applicable,88,Not Applicable,88,Not Applicable,88,Not Applicable,TRUE,1,Public Road,1,"Trafficway, On Road",CT0009300,New Haven PD,44947,23:35.0,O,Open,01:21.0,,,,,,,
1365536,1,Complete,1365536,1365536,41.312652,-72.873754,3848769,New Haven,93,93,New Haven,2/17/2026,2026,2,February,17,3,Tuesday,19:07:00,19,26006367,A,2,,Parked Vehicle,"Injury of any type (Serious, Minor, Possible)",C,Possible Injury (C),0,0,4,Local,0.41,167,EASTERN ST,EASTERN ST,,JACKSON LN,670,Feet,N,41.312652,-72.873754,14,Motor Vehicle in Operation,4,"Sideswipe, same direction",1,On Roadway,1,Clear,88,Not Applicable,4,Dark-Lighted,1,Dry,0,None,88,Not Applicable,88,Not Applicable,0,None,88,Not Applicable,88,Not Applicable,1,Non-Junction,1,Not at Intersection,1,No,1,No,88,Not Applicable,88,Not Applicable,88,Not Applicable,88,Not Applicable,TRUE,1,Public Road,1,"Trafficway, On Road",CT0009300,New Haven PD,48507,25:02.0,C,Closed,01:13.0,,,,,,,
1365537,1,Complete,1365537,1365537,41.32877495,-72.96513542,3848770,New Haven,93,93,New Haven,2/17/2026,2026,2,February,17,3,Tuesday,20:23:00,20,26006380,A,2,,Motor Vehicle In Motion,"Injury of any type (Serious, Minor, Possible)",C,Possible Injury (C),0,0,3,State,0.53,63,63-N,63-N,EMERSON ST NO 2,,,,,41.32877495,-72.96513542,14,Motor Vehicle in Operation,3,Angle,1,On Roadway,1,Clear,88,Not Applicable,4,Dark-Lighted,1,Dry,0,None,88,Not Applicable,88,Not Applicable,0,None,88,Not Applicable,88,Not Applicable,2,Intersection,2,Four-Way Intersection,1,No,1,No,88,Not Applicable,88,Not Applicable,88,Not Applicable,88,Not Applicable,TRUE,1,Public Road,1,"Trafficway, On Road",CT0009300,New Haven PD,45403,24:33.0,C,Closed,01:14.0,,,,,,,
1365553,1,Complete,1365553,1365553,41.3373418,-72.97916951,3848786,New Haven,93,93,New Haven,2/19/2026,2026,2,February,19,5,Thursday,11:56:00,11,26006619,A,3,,Motor Vehicle In Motion,"Injury of any type (Serious, Minor, Possible)",C,Possible Injury (C),0,0,3,State,1.52,63,63-N,63-N,,15-S-113 (Exit 46 onramp),300,Feet,E,41.3373418,-72.97916951,14,Motor Vehicle in Operation,1,Front to rear,1,On Roadway,2,Cloudy,88,Not Applicable,1,Daylight,1,Dry,0,None,88,Not Applicable,88,Not Applicable,0,None,88,Not Applicable,88,Not Applicable,1,Non-Junction,1,Not at Intersection,1,No,1,No,88,Not Applicable,88,Not Applicable,88,Not Applicable,88,Not Applicable,FALSE,1,Public Road,1,"Trafficway, On Road",CT0009300,New Haven PD,46899,18:08.0,C,Closed,01:35.0,,,,,,,
1365555,1,Complete,1365555,1365555,41.31193,-72.90369,3848788,New Haven,93,93,New Haven,2/19/2026,2026,2,February,19,5,Thursday,18:16:00,18,26006678,A,1,,"Other Post, Pole, or Support","Injury of any type (Serious, Minor, Possible)",C,Possible Injury (C),0,0,4,Local,0.31,327,JAMES ST,JAMES ST,CASTLE ST,,,,,41.31193,-72.90369,38,"Other Post, Pole or Support",88,Not Applicable,4,Roadside,1,Clear,88,Not Applicable,4,Dark-Lighted,1,Dry,0,None,88,Not Applicable,88,Not Applicable,0,None,88,Not Applicable,88,Not Applicable,3,Intersection-Related,3,T-Intersection,1,No,1,No,88,Not Applicable,88,Not Applicable,88,Not Applicable,88,Not Applicable,FALSE,1,Public Road,1,"Trafficway, On Road",CT0009300,New Haven PD,46627,43:46.0,C,Closed,01:52.0,,,,,,,
1366924,1,Complete,1366924,1366924,41.282781,-72.938051,3849162,New Haven,93,93,New Haven,2/20/2026,2026,2,February,20,6,Friday,14:52:00,14,26006767,A,2,,Motor Vehicle In Motion,"Injury of any type (Serious, Minor, Possible)",C,Possible Injury (C),0,0,3,State,0.96,745,745-E,745-E,,ELLA T GRASSO BLVD,16,Feet,S,41.282781,-72.938051,14,Motor Vehicle in Operation,1,Front to rear,1,On Roadway,4,Rain,88,Not Applicable,1,Daylight,2,Wet,0,None,88,Not Applicable,88,Not Applicable,0,None,88,Not Applicable,88,Not Applicable,3,Intersection-Related,3,T-Intersection,1,No,1,No,88,Not Applicable,88,Not Applicable,88,Not Applicable,88,Not Applicable,FALSE,1,Public Road,1,"Trafficway, On Road",CT0009300,New Haven PD,45389,54:39.0,C,Closed,01:43.0,,,,,,,
1366925,1,Complete,1366925,1366925,41.317018,-72.943217,3849163,New Haven,93,93,New Haven,2/20/2026,2026,2,February,20,6,Friday,14:46:00,14,26006768,A,2,,Motor Vehicle In Motion,"Injury of any type (Serious, Minor, Possible)",B,Suspected Minor Injury (B),0,0,4,Local,0.33,653,WHALLEY AV,WHALLEY AV,,CARMEL ST,50,Feet,E,41.317018,-72.943217,14,Motor Vehicle in Operation,1,Front to rear,1,On Roadway,4,Rain,88,Not Applicable,1,Daylight,2,Wet,0,None,88,Not Applicable,88,Not Applicable,0,None,88,Not Applicable,88,Not Applicable,1,Non-Junction,1,Not at Intersection,1,No,1,No,88,Not Applicable,88,Not Applicable,88,Not Applicable,88,Not Applicable,TRUE,1,Public Road,1,"Trafficway, On Road",CT0009300,New Haven PD,44947,28:54.0,C,Closed,01:46.0,,,,,,,
1366926,1,Complete,1366926,1366926,41.301871,-72.93356,3849164,New Haven,93,93,New Haven,2/20/2026,2026,2,February,20,6,Friday,16:08:00,16,26006770,A,3,,Motor Vehicle In Motion,"Injury of any type (Serious, Minor, Possible)",C,Possible Injury (C),0,0,4,Local,0.79,123,CONGRESS AV,CONGRESS AV,CEDAR ST NO 3,,,,,41.301871,-72.93356,14,Motor Vehicle in Operation,3,Angle,1,On Roadway,4,Rain,88,Not Applicable,1,Daylight,2,Wet,0,None,88,Not Applicable,88,Not Applicable,0,None,88,Not Applicable,88,Not Applicable,2,Intersection,3,T-Intersection,1,No,1,No,88,Not Applicable,88,Not Applicable,88,Not Applicable,88,Not Applicable,FALSE,1,Public Road,1,"Trafficway, On Road",CT0009300,New Haven PD,48661,40:33.0,C,Closed,01:39.0,26-006770,,,,,,
1366930,1,Complete,1366930,1366930,41.296251,-72.9284,3849168,New Haven,93,93,New Haven,2/20/2026,2026,2,February,20,6,Friday,18:58:00,18,26006794,A,2,,Motor Vehicle In Motion,"Injury of any type (Serious, Minor, Possible)",B,Suspected Minor Injury (B),0,0,2,USRoute,47.84,1,1-N,1-N,UNION AVE,,,,,41.296251,-72.9284,14,Motor Vehicle in Operation,3,Angle,1,On Roadway,4,Rain,88,Not Applicable,4,Dark-Lighted,2,Wet,0,None,88,Not Applicable,88,Not Applicable,0,None,88,Not Applicable,88,Not Applicable,2,Intersection,2,Four-Way Intersection,1,No,1,No,88,Not Applicable,88,Not Applicable,88,Not Applicable,88,Not Applicable,FALSE,1,Public Road,1,"Trafficway, On Road",CT0009300,New Haven PD,48375,59:49.0,C,Closed,01:45.0,,,,,,,
1366933,1,Complete,1366933,1366933,41.317632,-72.937896,3849171,New Haven,93,93,New Haven,2/20/2026,2026,2,February,20,6,Friday,23:11:00,23,26006819,A,2,,Motor Vehicle In Motion,"Injury of any type (Serious, Minor, Possible)",C,Possible Injury (C),0,0,4,Local,1.18,453,ORCHARD ST,ORCHARD ST,,Goffee Street,15,Feet,S,41.317632,-72.937896,14,Motor Vehicle in Operation,1,Front to rear,1,On Roadway,1,Clear,88,Not Applicable,6,Dark-Unknown Lighting,2,Wet,0,None,88,Not Applicable,88,Not Applicable,0,None,88,Not Applicable,88,Not Applicable,3,Intersection-Related,2,Four-Way Intersection,1,No,1,No,88,Not Applicable,88,Not Applicable,88,Not Applicable,88,Not Applicable,FALSE,1,Public Road,1,"Trafficway, On Road",CT0009300,New Haven PD,31269,37:43.0,O,Open,01:50.0,,,,,,,
1366939,1,Complete,1366939,1366939,41.310159,-72.928698,3849177,New Haven,93,93,New Haven,2/21/2026,2026,2,February,21,7,Saturday,12:06:00,12,26006874,A,2,,Motor Vehicle In Motion,"Injury of any type (Serious, Minor, Possible)",C,Possible Injury (C),0,0,4,Local,0.28,726,ELM ST NO 2,ELM ST NO 2,High Street,,,,,41.310159,-72.928698,14,Motor Vehicle in Operation,1,Front to rear,1,On Roadway,1,Clear,88,Not Applicable,1,Daylight,1,Dry,0,None,88,Not Applicable,88,Not Applicable,0,None,88,Not Applicable,88,Not Applicable,2,Intersection,3,T-Intersection,1,No,1,No,88,Not Applicable,88,Not Applicable,88,Not Applicable,88,Not Applicable,FALSE,1,Public Road,1,"Trafficway, On Road",CT0009300,New Haven PD,40952,44:19.0,C,Closed,01:59.0,26006874,,,,,,
1366946,1,Complete,1366946,1366946,41.313767,-72.924646,3849184,New Haven,93,93,New Haven,2/22/2026,2026,2,February,22,1,Sunday,8:02:00,8,26006972,A,1,,Overturn/Rollover,"Injury of any type (Serious, Minor, Possible)",C,Possible Injury (C),0,0,4,Local,0.02,601,TRUMBULL ST,TRUMBULL ST,,Prospect Street,65,Feet,E,41.313767,-72.924646,32,Tree (standing),88,Not Applicable,4,Roadside,5,Sleet or Hail ,88,Not Applicable,1,Daylight,4,Slush,1,Weather Conditions,88,Not Applicable,88,Not Applicable,5,"Road Surface Condition (wet, icy, snow, slush, etc.)",88,Not Applicable,88,Not Applicable,3,Intersection-Related,2,Four-Way Intersection,1,No,1,No,88,Not Applicable,88,Not Applicable,88,Not Applicable,88,Not Applicable,FALSE,1,Public Road,1,"Trafficway, On Road",CT0009300,New Haven PD,48651,54:29.0,C,Closed,02:20.0,,,,,,,
1367422,1,Complete,1367422,1367422,41.311902,-72.898546,3849659,New Haven,93,93,New Haven,2/23/2026,2026,2,February,23,2,Monday,4:58:00,4,26006953,A,2,,Parked Vehicle,"Injury of any type (Serious, Minor, Possible)",C,Possible Injury (C),0,0,4,Local,0.11,479,PINE ST NO 1,PINE ST NO 1,,FILLMORE ST,80,Feet,E,41.311902,-72.898546,14,Motor Vehicle in Operation,4,"Sideswipe, same direction",2,Shoulder,1,Clear,88,Not Applicable,4,Dark-Lighted,1,Dry,0,None,88,Not Applicable,88,Not Applicable,0,None,88,Not Applicable,88,Not Applicable,1,Non-Junction,1,Not at Intersection,1,No,1,No,88,Not Applicable,88,Not Applicable,88,Not Applicable,88,Not Applicable,FALSE,1,Public Road,1,"Trafficway, On Road",CT0009300,New Haven PD,44951,28:04.0,C,Closed,02:00.0,,,,,,,
1367743,1,Complete,1367743,1367743,41.307952,-72.89522,3849980,New Haven,93,93,New Haven,2/13/2026,2026,2,February,13,6,Friday,14:56:00,14,26005790,A,1,,Other Non-motorist,"Injury of any type (Serious, Minor, Possible)",B,Suspected Minor Injury (B),1,0,4,Local,0.82,213,FERRY ST,FERRY ST,,EXCHANGE ST,120,Feet,N,41.307952,-72.89522,11,Other Non-motorist,88,Not Applicable,1,On Roadway,1,Clear,88,Not Applicable,1,Daylight,1,Dry,0,None,88,Not Applicable,88,Not Applicable,0,None,88,Not Applicable,88,Not Applicable,9,Driveway Access-Related,1,Not at Intersection,1,No,1,No,88,Not Applicable,88,Not Applicable,88,Not Applicable,88,Not Applicable,FALSE,1,Public Road,1,"Trafficway, On Road",CT0009300,New Haven PD,44176,40:57.0,C,Closed,00:49.0,,,,,,,
1367745,1,Complete,1367745,1367745,41.327847,-72.960852,3849982,New Haven,93,93,New Haven,2/20/2026,2026,2,February,20,6,Friday,21:51:00,21,26006815,A,2,,Motor Vehicle In Motion,"Injury of any type (Serious, Minor, Possible)",C,Possible Injury (C),0,0,3,State,0.28,63,63-N,63-N,,PHILIP ST,16,Feet,N,41.327847,-72.960852,14,Motor Vehicle in Operation,1,Front to rear,1,On Roadway,1,Clear,88,Not Applicable,4,Dark-Lighted,1,Dry,0,None,88,Not Applicable,88,Not Applicable,0,None,88,Not Applicable,88,Not Applicable,3,Intersection-Related,3,T-Intersection,1,No,1,No,88,Not Applicable,88,Not Applicable,88,Not Applicable,88,Not Applicable,TRUE,1,Public Road,1,"Trafficway, On Road",CT0009300,New Haven PD,45403,54:11.0,O,Open,00:48.0,,,,,,,
1368083,1,Complete,1368083,1368083,41.319541,-72.949721,3850320,New Haven,93,93,New Haven,2/17/2026,2026,2,February,17,3,Tuesday,17:39:00,17,26006373,A,2,,Motor Vehicle In Motion,"Injury of any type (Serious, Minor, Possible)",C,Possible Injury (C),0,0,3,State,3.06,10,10-N,10-N,,ELLA T GRASSO BLVD,100,Feet,W,41.319541,-72.949721,14,Motor Vehicle in Operation,1,Front to rear,1,On Roadway,1,Clear,88,Not Applicable,3,Dusk,2,Wet,0,None,88,Not Applicable,88,Not Applicable,0,None,88,Not Applicable,88,Not Applicable,3,Intersection-Related,2,Four-Way Intersection,1,No,1,No,88,Not Applicable,88,Not Applicable,88,Not Applicable,88,Not Applicable,TRUE,1,Public Road,1,"Trafficway, On Road",CT0009300,New Haven PD,44947,48:26.0,O,Open,02:20.0,,,,,,,