CrashId,Fatal Case Status,Fatal Case Status Text Format,CrashId,CrashId,Latitude,Longitude,DOT Case Number,Town Name,Town Number,Town Number,Town Number Text Format,Date Of Crash,Year,Month,Month Text Format,Day,Day of the Week,Day of the Week Text Format,Time of Crash,Hour of the Day,Case Identifier,Crash Severity,Number Of Motor Vehicles,Motor vehicle action,Most harmful event,Crash Severity Text Format,Most Severe Injury,Most Severe Injury Text Format,Number Of Non-Motorist,Number Of Witnesses,Route Class,Route Class Text Format,Milemarker,Road Number,Road Description,Roadway Name,Intersecting Roadway Name,Landmark Description,Distance From Nearest Landmark,Unit Of Measure From Nearest Landmark,Direction From Nearest Landmark,Latitude,Longitude,First Harmful Event,First Harmful Event Text Format,Manner of Crash / Collision Impact,Manner of Crash / Collision Impact Text Format,Location of First Harmful Event,Location of First Harmful Event Text Format,Weather Condition,Weather Condition Text Format,Weather 2,Weather 2 Text Format,Light Condition,Light Condition Text Format,Road Surface Condition,Road Surface Condition Text Format,"Contributing Circumstances, Environment","Contributing Circumstances, Environment Text Format",Environment 2,Environment 2 Text Format,Environment 3,Environment 3 Text Format,"Contributing Circumstances, Road","Contributing Circumstances, Road Text Format",Road 2,Road 2 Text Format,Road 3,Road 3 Text Format,Crash Specific Location,Crash Specific Location Text Format,Type of Intersection,Type of Intersection Text Format,School Bus Related,School Bus Related Text Format,Work Zone Related,Work Zone Related Text Format,Location Of Crash Relative To Work Zone,Location Of Crash Relative To Work Zone Text Format,Type of Work Zone,Type of Work Zone Text Format,Worker Presence,Worker Presence Text Format,Law Enforcement Presence,Law Enforcement Presence Text Format,Were Vehicles Moved Prior To Police Arrival,Trafficway Ownership,Trafficway Ownership Text Format,Trafficway Class,Trafficway Class Text Format,Police Agency,Police Agency Text Format,Badge Number,Approval Date,Police Case Status,Police Case Status Text Format,Crash Report Submission Date,Related Case Identifiers,No. of Through Lanes (Log Dir.),Average Daily Traffic,Functional Classification,Functional Classification Text Format,Rural or Urban,Rural or Urban Text Format
1368085,1,Complete,1368085,1368085,41.324366,-72.944232,3850322,New Haven,93,93,New Haven,2/20/2026,2026,2,February,20,6,Friday,21:30:00,21,26006808,A,2,,Motor Vehicle In Motion,"Injury of any type (Serious, Minor, Possible)",C,Possible Injury (C),0,0,4,Local,0.29,254,GLEN RD,GLEN RD,ELLSWORTH AV,,,,,41.324366,-72.944232,14,Motor Vehicle in Operation,1,Front to rear,1,On Roadway,4,Rain,88,Not Applicable,4,Dark-Lighted,2,Wet,0,None,88,Not Applicable,88,Not Applicable,0,None,88,Not Applicable,88,Not Applicable,2,Intersection,2,Four-Way Intersection,1,No,1,No,88,Not Applicable,88,Not Applicable,88,Not Applicable,88,Not Applicable,TRUE,1,Public Road,1,"Trafficway, On Road",CT0009300,New Haven PD,44947,48:54.0,O,Open,02:23.0,,,,,,,
1368448,1,Complete,1368448,1368448,41.330905,-72.952707,3850683,New Haven,93,93,New Haven,2/20/2026,2026,2,February,20,6,Friday,10:50:00,10,26006751,A,2,,Motor Vehicle In Motion,"Injury of any type (Serious, Minor, Possible)",C,Possible Injury (C),0,0,4,Local,0.21,208,FARNHAM AV,FARNHAM AV,,BLAKE ST,1000,Feet,N,41.330905,-72.952707,14,Motor Vehicle in Operation,1,Front to rear,2,Shoulder,1,Clear,88,Not Applicable,1,Daylight,2,Wet,0,None,88,Not Applicable,88,Not Applicable,0,None,88,Not Applicable,88,Not Applicable,1,Non-Junction,1,Not at Intersection,1,No,1,No,88,Not Applicable,88,Not Applicable,88,Not Applicable,88,Not Applicable,TRUE,1,Public Road,1,"Trafficway, On Road",CT0009300,New Haven PD,33016,28:38.0,C,Closed,01:35.0,,,,,,,
1368458,1,Complete,1368458,1368458,41.311727,-72.958342,3850693,New Haven,93,93,New Haven,2/26/2026,2026,2,February,26,5,Thursday,8:34:00,8,26007287,A,2,,Motor Vehicle In Motion,"Injury of any type (Serious, Minor, Possible)",C,Possible Injury (C),0,0,4,Local,0.94,683,YALE AV,YALE AV,,DERBY AVE,450,Feet,N,41.311727,-72.958342,14,Motor Vehicle in Operation,3,Angle,1,On Roadway,1,Clear,88,Not Applicable,1,Daylight,5,Ice / Frost,1,Weather Conditions,88,Not Applicable,88,Not Applicable,5,"Road Surface Condition (wet, icy, snow, slush, etc.)",88,Not Applicable,88,Not Applicable,1,Non-Junction,1,Not at Intersection,1,No,1,No,88,Not Applicable,88,Not Applicable,88,Not Applicable,88,Not Applicable,FALSE,1,Public Road,1,"Trafficway, On Road",CT0009300,New Haven PD,46899,26:20.0,C,Closed,01:27.0,26-007287,,,,,,
1369222,1,Complete,1369222,1369222,41.330826,-72.913645,3851455,New Haven,93,93,New Haven,2/9/2026,2026,2,February,9,2,Monday,12:57:00,12,26005048,A,3,,Motor Vehicle In Motion,"Injury of any type (Serious, Minor, Possible)",C,Possible Injury (C),0,0,4,Local,1.49,656,WHITNEY AV,WHITNEY AV,,EAST ROCK RD,50,Feet,N,41.330826,-72.913645,14,Motor Vehicle in Operation,1,Front to rear,1,On Roadway,1,Clear,88,Not Applicable,1,Daylight,1,Dry,0,None,88,Not Applicable,88,Not Applicable,0,None,88,Not Applicable,88,Not Applicable,3,Intersection-Related,2,Four-Way Intersection,1,No,1,No,88,Not Applicable,88,Not Applicable,88,Not Applicable,88,Not Applicable,FALSE,1,Public Road,1,"Trafficway, On Road",CT0009300,New Haven PD,48651,59:52.0,C,Closed,01:46.0,,,,,,,
1369224,1,Complete,1369224,1369224,41.301422,-72.922753,3851457,New Haven,93,93,New Haven,3/1/2026,2026,3,March,1,1,Sunday,12:23:00,12,26006906,A,2,,Motor Vehicle In Motion,"Injury of any type (Serious, Minor, Possible)",C,Possible Injury (C),0,0,2,USRoute,48.33,1,1-N,1-N,,UNION ST,45,Feet,S,41.301422,-72.922753,14,Motor Vehicle in Operation,1,Front to rear,1,On Roadway,1,Clear,88,Not Applicable,1,Daylight,1,Dry,0,None,88,Not Applicable,88,Not Applicable,0,None,88,Not Applicable,88,Not Applicable,1,Non-Junction,1,Not at Intersection,1,No,1,No,88,Not Applicable,88,Not Applicable,88,Not Applicable,88,Not Applicable,FALSE,1,Public Road,1,"Trafficway, On Road",CT0009300,New Haven PD,49452,55:46.0,C,Closed,02:06.0,,,,,,,
1369231,1,Complete,1369231,1369231,41.301629,-72.927346,3851464,New Haven,93,93,New Haven,2/27/2026,2026,2,February,27,6,Friday,14:06:00,14,26007327,A,2,,Cargo/Equipment Loss or Shift,"Injury of any type (Serious, Minor, Possible)",C,Possible Injury (C),0,0,4,Local,0.59,564,SOUTH FRONTAGE RD,SOUTH FRONTAGE RD,,S ORANGE RD,50,Feet,W,41.301629,-72.927346,16,"Struck by Falling, Shifting Cargo or Anything Set in Motion by Motor Vehicle",88,Not Applicable,1,On Roadway,1,Clear,88,Not Applicable,1,Daylight,1,Dry,0,None,88,Not Applicable,88,Not Applicable,0,None,88,Not Applicable,88,Not Applicable,3,Intersection-Related,2,Four-Way Intersection,1,No,1,No,88,Not Applicable,88,Not Applicable,88,Not Applicable,88,Not Applicable,FALSE,1,Public Road,1,"Trafficway, On Road",CT0009300,New Haven PD,45395,23:30.0,C,Closed,02:33.0,,,,,,,
1369250,1,Complete,1369250,1369250,41.31243,-72.94076,3851483,New Haven,93,93,New Haven,2/27/2026,2026,2,February,27,6,Friday,14:34:00,14,26007448,A,2,,Motor Vehicle In Motion,"Injury of any type (Serious, Minor, Possible)",C,Possible Injury (C),0,0,4,Local,1.63,179,EDGEWOOD AV,EDGEWOOD AV,ORCHARD ST,,,,,41.31243,-72.94076,14,Motor Vehicle in Operation,3,Angle,1,On Roadway,1,Clear,88,Not Applicable,1,Daylight,1,Dry,0,None,88,Not Applicable,88,Not Applicable,0,None,88,Not Applicable,88,Not Applicable,2,Intersection,2,Four-Way Intersection,1,No,1,No,88,Not Applicable,88,Not Applicable,88,Not Applicable,88,Not Applicable,TRUE,1,Public Road,1,"Trafficway, On Road",CT0009300,New Haven PD,45132,08:04.0,C,Closed,01:23.0,,,,,,,
1369262,1,Complete,1369262,1369262,41.323468,-72.881155,3851495,New Haven,93,93,New Haven,2/28/2026,2026,2,February,28,7,Saturday,9:22:00,9,26007497,A,2,,Motor Vehicle In Motion,"Injury of any type (Serious, Minor, Possible)",C,Possible Injury (C),0,0,1,Interstate,0.05,91,91-N-16A,91-N-16A (EXIT 8),,RTE 80,105,Feet,W,41.323468,-72.881155,14,Motor Vehicle in Operation,4,"Sideswipe, same direction",1,On Roadway,1,Clear,88,Not Applicable,1,Daylight,2,Wet,0,None,88,Not Applicable,88,Not Applicable,0,None,88,Not Applicable,88,Not Applicable,4,Entrance / Exit Ramp,1,Not at Intersection,1,No,1,No,88,Not Applicable,88,Not Applicable,88,Not Applicable,88,Not Applicable,FALSE,1,Public Road,1,"Trafficway, On Road",CT0009300,New Haven PD,47741,26:02.0,C,Closed,02:40.0,,,,,,,
1369265,1,Complete,1369265,1369265,41.30353,-72.88885,3851498,New Haven,93,93,New Haven,2/28/2026,2026,2,February,28,7,Saturday,8:53:00,8,26007534,A,2,,Motor Vehicle In Motion,"Injury of any type (Serious, Minor, Possible)",C,Possible Injury (C),0,0,4,Local,0.77,498,QUINNIPIAC AV,QUINNIPIAC AV,,OXFORD ST,50,Feet,S,41.30353,-72.88885,14,Motor Vehicle in Operation,3,Angle,1,On Roadway,1,Clear,88,Not Applicable,1,Daylight,1,Dry,0,None,88,Not Applicable,88,Not Applicable,0,None,88,Not Applicable,88,Not Applicable,1,Non-Junction,1,Not at Intersection,1,No,1,No,88,Not Applicable,88,Not Applicable,88,Not Applicable,88,Not Applicable,FALSE,1,Public Road,1,"Trafficway, On Road",CT0009300,New Haven PD,42049,56:41.0,C,Closed,01:29.0,,,,,,,
1369270,1,Complete,1369270,1369270,41.308801,-72.945589,3851503,New Haven,93,93,New Haven,2/28/2026,2026,2,February,28,7,Saturday,13:24:00,13,26007564,A,2,,Motor Vehicle In Motion,"Injury of any type (Serious, Minor, Possible)",C,Possible Injury (C),0,0,4,Local,0.21,556,SHERMAN AV,SHERMAN AV,GILBERT AV,,,,,41.308801,-72.945589,14,Motor Vehicle in Operation,3,Angle,1,On Roadway,1,Clear,88,Not Applicable,1,Daylight,1,Dry,0,None,88,Not Applicable,88,Not Applicable,0,None,88,Not Applicable,88,Not Applicable,2,Intersection,2,Four-Way Intersection,1,No,1,No,88,Not Applicable,88,Not Applicable,88,Not Applicable,88,Not Applicable,TRUE,1,Public Road,1,"Trafficway, On Road",CT0009300,New Haven PD,45132,27:47.0,C,Closed,01:32.0,,,,,,,
1369277,1,Complete,1369277,1369277,41.317916,-72.949569,3851510,New Haven,93,93,New Haven,3/1/2026,2026,3,March,1,1,Sunday,6:34:00,6,26007648,A,3,,Parked Vehicle,"Injury of any type (Serious, Minor, Possible)",C,Possible Injury (C),0,1,3,State,2.95,10,10-N,10-N,,ARGONNE ST,100,Feet,S,41.317916,-72.949569,14,Motor Vehicle in Operation,97,Other,1,On Roadway,2,Cloudy,88,Not Applicable,2,Dawn,99,Unknown,99,Unknown,88,Not Applicable,88,Not Applicable,99,Unknown,88,Not Applicable,88,Not Applicable,1,Non-Junction,1,Not at Intersection,1,No,1,No,88,Not Applicable,88,Not Applicable,88,Not Applicable,88,Not Applicable,FALSE,1,Public Road,1,"Trafficway, On Road",CT0009300,New Haven PD,44062,13:37.0,C,Closed,01:51.0,,,,,,,
1369281,1,Complete,1369281,1369281,41.300624,-72.891686,3851514,New Haven,93,93,New Haven,3/1/2026,2026,3,March,1,1,Sunday,17:30:00,17,26007684,A,2,,Motor Vehicle In Motion,"Injury of any type (Serious, Minor, Possible)",C,Possible Injury (C),0,0,4,Local,0.23,795,EAST FERRY ST,EAST FERRY ST,,FARREN AV,50,Feet,E,41.300624,-72.891686,14,Motor Vehicle in Operation,1,Front to rear,1,On Roadway,1,Clear,88,Not Applicable,3,Dusk,1,Dry,0,None,88,Not Applicable,88,Not Applicable,0,None,88,Not Applicable,88,Not Applicable,2,Intersection,3,T-Intersection,1,No,1,No,88,Not Applicable,88,Not Applicable,88,Not Applicable,88,Not Applicable,FALSE,1,Public Road,1,"Trafficway, On Road",CT0009300,New Haven PD,45388,58:37.0,C,Closed,02:01.0,,,,,,,
1369918,1,Complete,1369918,1369918,41.284611,-72.934614,3852151,New Haven,93,93,New Haven,2/19/2026,2026,2,February,19,5,Thursday,21:42:00,21,26006711,A,2,,Motor Vehicle In Motion,"Injury of any type (Serious, Minor, Possible)",C,Possible Injury (C),0,0,3,State,0.32,10,10-N,10-N,95-S-368 (95-S exit 44),,,,,41.284611,-72.934614,14,Motor Vehicle in Operation,3,Angle,1,On Roadway,1,Clear,88,Not Applicable,4,Dark-Lighted,1,Dry,0,None,88,Not Applicable,88,Not Applicable,0,None,88,Not Applicable,88,Not Applicable,2,Intersection,2,Four-Way Intersection,1,No,1,No,88,Not Applicable,88,Not Applicable,88,Not Applicable,88,Not Applicable,FALSE,1,Public Road,1,"Trafficway, On Road",CT0009300,New Haven PD,44055,42:47.0,C,Closed,01:03.0,,,,,,,
1369923,1,Complete,1369923,1369923,41.326122,-72.935196,3852156,New Haven,93,93,New Haven,2/24/2026,2026,2,February,24,3,Tuesday,18:47:00,18,26007150,A,2,,Motor Vehicle In Motion,"Injury of any type (Serious, Minor, Possible)",C,Possible Injury (C),0,0,4,Local,0.94,152,DIXWELL AV,DIXWELL AV,,GIBBS ST,15,Feet,N,41.326122,-72.935196,14,Motor Vehicle in Operation,1,Front to rear,1,On Roadway,1,Clear,88,Not Applicable,4,Dark-Lighted,3,Snow,0,None,88,Not Applicable,88,Not Applicable,0,None,88,Not Applicable,88,Not Applicable,3,Intersection-Related,3,T-Intersection,1,No,1,No,88,Not Applicable,88,Not Applicable,88,Not Applicable,88,Not Applicable,FALSE,1,Public Road,1,"Trafficway, On Road",CT0009300,New Haven PD,329,14:39.0,C,Closed,00:46.0,,,,,,,
1369927,1,Complete,1369927,1369927,41.316613,-72.942435,3852160,New Haven,93,93,New Haven,2/28/2026,2026,2,February,28,7,Saturday,12:36:00,12,26007553,A,2,,Motor Vehicle In Motion,"Injury of any type (Serious, Minor, Possible)",C,Possible Injury (C),0,0,4,Local,0.38,653,WHALLEY AV,WHALLEY AV,SHERMAN AVE,,,,,41.316613,-72.942435,14,Motor Vehicle in Operation,3,Angle,1,On Roadway,1,Clear,88,Not Applicable,1,Daylight,1,Dry,0,None,88,Not Applicable,88,Not Applicable,0,None,88,Not Applicable,88,Not Applicable,2,Intersection,2,Four-Way Intersection,1,No,1,No,88,Not Applicable,88,Not Applicable,88,Not Applicable,88,Not Applicable,TRUE,1,Public Road,1,"Trafficway, On Road",CT0009300,New Haven PD,48658,07:18.0,O,Open,00:54.0,,,,,,,
1369928,1,Complete,1369928,1369928,41.323819,-72.881337,3852161,New Haven,93,93,New Haven,3/1/2026,2026,3,March,1,1,Sunday,18:24:00,18,26007593,A,2,,Motor Vehicle In Motion,"Injury of any type (Serious, Minor, Possible)",C,Possible Injury (C),0,0,3,State,0.01,80,80-E,80-E,,MIDDLETOWN AV,40,Feet,E,41.323819,-72.881337,14,Motor Vehicle in Operation,1,Front to rear,1,On Roadway,1,Clear,88,Not Applicable,4,Dark-Lighted,1,Dry,0,None,88,Not Applicable,88,Not Applicable,0,None,88,Not Applicable,88,Not Applicable,3,Intersection-Related,2,Four-Way Intersection,1,No,1,No,88,Not Applicable,88,Not Applicable,88,Not Applicable,88,Not Applicable,FALSE,1,Public Road,1,"Trafficway, On Road",CT0009300,New Haven PD,47741,48:51.0,C,Closed,00:41.0,,,,,,,
1369932,1,Complete,1369932,1369932,41.287344,-72.93727,3852165,New Haven,93,93,New Haven,3/1/2026,2026,3,March,1,1,Sunday,19:20:00,19,26007701,A,2,,Motor Vehicle In Motion,"Injury of any type (Serious, Minor, Possible)",C,Possible Injury (C),0,0,3,State,0.55,10,10-N,10-N,,PLYMOUTH ST,40,Feet,N,41.287344,-72.93727,14,Motor Vehicle in Operation,4,"Sideswipe, same direction",1,On Roadway,1,Clear,88,Not Applicable,4,Dark-Lighted,1,Dry,0,None,88,Not Applicable,88,Not Applicable,0,None,88,Not Applicable,88,Not Applicable,3,Intersection-Related,3,T-Intersection,1,No,1,No,88,Not Applicable,88,Not Applicable,88,Not Applicable,88,Not Applicable,TRUE,1,Public Road,1,"Trafficway, On Road",CT0009300,New Haven PD,47003,22:17.0,C,Closed,01:12.0,,,,,,,
1369933,1,Complete,1369933,1369933,41.28965,-72.89651,3852166,New Haven,93,93,New Haven,3/1/2026,2026,3,March,1,1,Sunday,20:36:00,20,26007707,A,2,,Motor Vehicle In Motion,"Injury of any type (Serious, Minor, Possible)",A,Suspected Serious Injury (A),0,0,3,State,0,921,921-E,921-E,95-N-346 (Exit 50),,,,,41.28965,-72.89651,14,Motor Vehicle in Operation,3,Angle,1,On Roadway,1,Clear,88,Not Applicable,4,Dark-Lighted,1,Dry,0,None,88,Not Applicable,88,Not Applicable,0,None,88,Not Applicable,88,Not Applicable,2,Intersection,2,Four-Way Intersection,1,No,1,No,88,Not Applicable,88,Not Applicable,88,Not Applicable,88,Not Applicable,TRUE,1,Public Road,1,"Trafficway, On Road",CT0009300,New Haven PD,48652,11:30.0,O,Open,01:10.0,,,,,,,
1369946,1,Complete,1369946,1369946,41.313206,-72.922164,3852179,New Haven,93,93,New Haven,3/2/2026,2026,3,March,2,2,Monday,17:08:00,17,26007854,A,2,,Motor Vehicle In Motion,"Injury of any type (Serious, Minor, Possible)",C,Possible Injury (C),0,0,4,Local,0.15,601,TRUMBULL ST,TRUMBULL ST,TEMPLE ST,,,,,41.313206,-72.922164,14,Motor Vehicle in Operation,3,Angle,1,On Roadway,1,Clear,88,Not Applicable,4,Dark-Lighted,1,Dry,99,Unknown,99,Unknown,88,Not Applicable,99,Unknown,88,Not Applicable,88,Not Applicable,2,Intersection,2,Four-Way Intersection,1,No,1,No,88,Not Applicable,88,Not Applicable,88,Not Applicable,88,Not Applicable,TRUE,1,Public Road,1,"Trafficway, On Road",CT0009300,New Haven PD,46901,11:35.0,C,Closed,01:09.0,,,,,,,
1370230,1,Complete,1370230,1370230,41.330988,-72.952624,3852461,New Haven,93,93,New Haven,2/20/2026,2026,2,February,20,6,Friday,10:50:00,10,26006747,A,2,,Motor Vehicle In Motion,"Injury of any type (Serious, Minor, Possible)",C,Possible Injury (C),0,0,4,Local,0.2,208,FARNHAM AV,FARNHAM AV,,BLAKE ST,1000,Feet,N,41.330988,-72.952624,14,Motor Vehicle in Operation,1,Front to rear,1,On Roadway,1,Clear,88,Not Applicable,1,Daylight,2,Wet,0,None,88,Not Applicable,88,Not Applicable,0,None,88,Not Applicable,88,Not Applicable,1,Non-Junction,1,Not at Intersection,1,No,1,No,88,Not Applicable,88,Not Applicable,88,Not Applicable,88,Not Applicable,TRUE,1,Public Road,1,"Trafficway, On Road",CT0009300,New Haven PD,33016,28:38.0,C,Closed,00:43.0,,,,,,,
1370237,1,Complete,1370237,1370237,41.282932,-72.934587,3852468,New Haven,93,93,New Haven,3/2/2026,2026,3,March,2,2,Monday,21:25:00,21,26007880,A,2,,Motor Vehicle In Motion,"Injury of any type (Serious, Minor, Possible)",C,Possible Injury (C),0,1,3,State,0.19,10,10-N,10-N,95-N-365 (Exit 44),,,,,41.282932,-72.934587,14,Motor Vehicle in Operation,3,Angle,1,On Roadway,1,Clear,88,Not Applicable,4,Dark-Lighted,1,Dry,0,None,88,Not Applicable,88,Not Applicable,0,None,88,Not Applicable,88,Not Applicable,2,Intersection,2,Four-Way Intersection,1,No,1,No,88,Not Applicable,88,Not Applicable,88,Not Applicable,88,Not Applicable,FALSE,1,Public Road,1,"Trafficway, On Road",CT0009300,New Haven PD,48375,05:48.0,C,Closed,00:30.0,,,,,,,
1370242,1,Complete,1370242,1370242,41.29357,-72.897708,3852473,New Haven,93,93,New Haven,3/3/2026,2026,3,March,3,3,Tuesday,15:55:00,15,26007963,A,2,,Motor Vehicle In Motion,"Injury of any type (Serious, Minor, Possible)",B,Suspected Minor Injury (B),0,2,2,USRoute,49.82,1,1-N,1-N,Fulton Terrace,,,,,41.29357,-72.897708,14,Motor Vehicle in Operation,2,Front to front,1,On Roadway,4,Rain,88,Not Applicable,1,Daylight,2,Wet,0,None,88,Not Applicable,88,Not Applicable,0,None,88,Not Applicable,88,Not Applicable,2,Intersection,2,Four-Way Intersection,1,No,1,No,88,Not Applicable,88,Not Applicable,88,Not Applicable,88,Not Applicable,FALSE,1,Public Road,1,"Trafficway, On Road",CT0009300,New Haven PD,40951,24:26.0,C,Closed,00:28.0,,,,,,,
1370244,1,Complete,1370244,1370244,41.298255,-72.949389,3852475,New Haven,93,93,New Haven,3/3/2026,2026,3,March,3,3,Tuesday,16:32:00,16,26007969,A,2,,Motor Vehicle In Motion,"Injury of any type (Serious, Minor, Possible)",C,Possible Injury (C),0,0,3,State,1.53,10,10-N,10-N,,COLUMBUS AVE,245,Feet,W,41.298255,-72.949389,14,Motor Vehicle in Operation,1,Front to rear,1,On Roadway,4,Rain,88,Not Applicable,3,Dusk,2,Wet,0,None,88,Not Applicable,88,Not Applicable,0,None,88,Not Applicable,88,Not Applicable,1,Non-Junction,1,Not at Intersection,1,No,1,No,88,Not Applicable,88,Not Applicable,88,Not Applicable,88,Not Applicable,FALSE,1,Public Road,1,"Trafficway, On Road",CT0009300,New Haven PD,49452,02:41.0,C,Closed,00:32.0,,,,,,,
1370245,1,Complete,1370245,1370245,41.30481,-72.926797,3852476,New Haven,93,93,New Haven,3/3/2026,2026,3,March,3,3,Tuesday,16:19:00,16,26007970,A,2,,Motor Vehicle In Motion,"Injury of any type (Serious, Minor, Possible)",C,Possible Injury (C),0,0,4,Local,0.2,103,CHURCH ST,CHURCH ST,Crown Street,,,,,41.30481,-72.926797,14,Motor Vehicle in Operation,3,Angle,1,On Roadway,4,Rain,88,Not Applicable,1,Daylight,2,Wet,99,Unknown,88,Not Applicable,88,Not Applicable,0,None,88,Not Applicable,88,Not Applicable,2,Intersection,2,Four-Way Intersection,1,No,1,No,88,Not Applicable,88,Not Applicable,88,Not Applicable,88,Not Applicable,TRUE,1,Public Road,1,"Trafficway, On Road",CT0009300,New Haven PD,48658,43:33.0,C,Closed,00:26.0,,,,,,,
1370248,1,Complete,1370248,1370248,41.308084,-72.924281,3852479,New Haven,93,93,New Haven,3/3/2026,2026,3,March,3,3,Tuesday,18:34:00,18,26007987,A,2,,Motor Vehicle In Motion,"Injury of any type (Serious, Minor, Possible)",C,Possible Injury (C),0,0,4,Local,0.46,103,CHURCH ST,CHURCH ST,,ELM ST,5,Feet,S,41.308084,-72.924281,14,Motor Vehicle in Operation,1,Front to rear,1,On Roadway,1,Clear,88,Not Applicable,4,Dark-Lighted,2,Wet,99,Unknown,88,Not Applicable,88,Not Applicable,99,Unknown,88,Not Applicable,88,Not Applicable,3,Intersection-Related,2,Four-Way Intersection,1,No,1,No,88,Not Applicable,88,Not Applicable,88,Not Applicable,88,Not Applicable,TRUE,1,Public Road,1,"Trafficway, On Road",CT0009300,New Haven PD,46901,52:22.0,C,Closed,00:40.0,,,,,,,
1370625,1,Complete,1370625,1370625,41.297643,-72.940305,3852856,New Haven,93,93,New Haven,3/4/2026,2026,3,March,4,4,Wednesday,15:35:00,15,26008117,A,2,,Motor Vehicle In Motion,"Injury of any type (Serious, Minor, Possible)",A,Suspected Serious Injury (A),0,0,,,,,428 Colobmus Ave,428 Colobmus Ave,,west st,130,Feet,E,41.297643,-72.940305,14,Motor Vehicle in Operation,1,Front to rear,97,Other,1,Clear,88,Not Applicable,1,Daylight,1,Dry,0,None,88,Not Applicable,88,Not Applicable,0,None,88,Not Applicable,88,Not Applicable,8,Driveway Access,1,Not at Intersection,1,No,1,No,88,Not Applicable,88,Not Applicable,88,Not Applicable,88,Not Applicable,FALSE,88,Not Applicable,4,Parking Lot,CT0009300,New Haven PD,49452,32:18.0,C,Closed,01:43.0,,,,,,,
1370626,1,Complete,1370626,1370626,41.286375,-72.936255,3852857,New Haven,93,93,New Haven,3/4/2026,2026,3,March,4,4,Wednesday,16:20:00,16,26008141,A,1,,Pedestrian,"Injury of any type (Serious, Minor, Possible)",A,Suspected Serious Injury (A),1,0,3,State,0.47,10,10-N,10-N,KIMBERLY AV,,,,,41.286375,-72.936255,9,Pedestrian,88,Not Applicable,1,On Roadway,1,Clear,88,Not Applicable,1,Daylight,1,Dry,99,Unknown,88,Not Applicable,88,Not Applicable,0,None,88,Not Applicable,88,Not Applicable,2,Intersection,2,Four-Way Intersection,1,No,1,No,88,Not Applicable,88,Not Applicable,88,Not Applicable,88,Not Applicable,FALSE,1,Public Road,1,"Trafficway, On Road",CT0009300,New Haven PD,47001,04:14.0,C,Closed,01:49.0,,,,,,,
1370927,1,Complete,1370927,1370927,41.31529,-72.938398,3853158,New Haven,93,93,New Haven,2/28/2026,2026,2,February,28,7,Saturday,22:23:00,22,26007614,A,1,,Pedestrian,"Injury of any type (Serious, Minor, Possible)",A,Suspected Serious Injury (A),1,2,4,Local,0.6,653,WHALLEY AV,WHALLEY AV,,ORCHARD ST,200,Feet,E,41.31529,-72.938398,9,Pedestrian,88,Not Applicable,1,On Roadway,1,Clear,88,Not Applicable,4,Dark-Lighted,1,Dry,0,None,88,Not Applicable,88,Not Applicable,0,None,88,Not Applicable,88,Not Applicable,1,Non-Junction,1,Not at Intersection,1,No,1,No,88,Not Applicable,88,Not Applicable,88,Not Applicable,88,Not Applicable,FALSE,1,Public Road,1,"Trafficway, On Road",CT0009300,New Haven PD,45403,23:55.0,C,Closed,00:45.0,,,,,,,
1370937,1,Complete,1370937,1370937,41.319135,-72.949166,3853168,New Haven,93,93,New Haven,3/5/2026,2026,3,March,5,5,Thursday,14:26:00,14,26008276,A,2,,Motor Vehicle In Motion,"Injury of any type (Serious, Minor, Possible)",A,Suspected Serious Injury (A),0,0,4,Local,0,653,WHALLEY AV,WHALLEY AV,ELLA T GRASSO BLVD,,,,,41.319135,-72.949166,14,Motor Vehicle in Operation,3,Angle,1,On Roadway,4,Rain,88,Not Applicable,1,Daylight,2,Wet,0,None,88,Not Applicable,88,Not Applicable,0,None,88,Not Applicable,88,Not Applicable,2,Intersection,2,Four-Way Intersection,1,No,1,No,88,Not Applicable,88,Not Applicable,88,Not Applicable,88,Not Applicable,FALSE,1,Public Road,1,"Trafficway, On Road",CT0009300,New Haven PD,44947,18:39.0,C,Closed,00:45.0,,,,,,,
1370938,1,Complete,1370938,1370938,41.322119,-72.877418,3853169,New Haven,93,93,New Haven,3/5/2026,2026,3,March,5,5,Thursday,15:34:00,15,26008279,A,2,,Motor Vehicle In Motion,"Injury of any type (Serious, Minor, Possible)",A,Suspected Serious Injury (A),0,0,3,State,0.24,80,80-E,80-E,Walmart Plaza (Private),,,,,41.322119,-72.877418,14,Motor Vehicle in Operation,3,Angle,1,On Roadway,4,Rain,88,Not Applicable,1,Daylight,2,Wet,0,None,88,Not Applicable,88,Not Applicable,0,None,88,Not Applicable,88,Not Applicable,2,Intersection,3,T-Intersection,1,No,1,No,88,Not Applicable,88,Not Applicable,88,Not Applicable,88,Not Applicable,FALSE,1,Public Road,1,"Trafficway, On Road",CT0009300,New Haven PD,65,34:00.0,C,Closed,00:49.0,,,,,,,