CrashId,Fatal Case Status,Fatal Case Status Text Format,CrashId,CrashId,Latitude,Longitude,DOT Case Number,Town Name,Town Number,Town Number,Town Number Text Format,Date Of Crash,Year,Month,Month Text Format,Day,Day of the Week,Day of the Week Text Format,Time of Crash,Hour of the Day,Case Identifier,Crash Severity,Number Of Motor Vehicles,Motor vehicle action,Most harmful event,Crash Severity Text Format,Most Severe Injury,Most Severe Injury Text Format,Number Of Non-Motorist,Number Of Witnesses,Route Class,Route Class Text Format,Milemarker,Road Number,Road Description,Roadway Name,Intersecting Roadway Name,Landmark Description,Distance From Nearest Landmark,Unit Of Measure From Nearest Landmark,Direction From Nearest Landmark,Latitude,Longitude,First Harmful Event,First Harmful Event Text Format,Manner of Crash / Collision Impact,Manner of Crash / Collision Impact Text Format,Location of First Harmful Event,Location of First Harmful Event Text Format,Weather Condition,Weather Condition Text Format,Weather 2,Weather 2 Text Format,Light Condition,Light Condition Text Format,Road Surface Condition,Road Surface Condition Text Format,"Contributing Circumstances, Environment","Contributing Circumstances, Environment Text Format",Environment 2,Environment 2 Text Format,Environment 3,Environment 3 Text Format,"Contributing Circumstances, Road","Contributing Circumstances, Road Text Format",Road 2,Road 2 Text Format,Road 3,Road 3 Text Format,Crash Specific Location,Crash Specific Location Text Format,Type of Intersection,Type of Intersection Text Format,School Bus Related,School Bus Related Text Format,Work Zone Related,Work Zone Related Text Format,Location Of Crash Relative To Work Zone,Location Of Crash Relative To Work Zone Text Format,Type of Work Zone,Type of Work Zone Text Format,Worker Presence,Worker Presence Text Format,Law Enforcement Presence,Law Enforcement Presence Text Format,Were Vehicles Moved Prior To Police Arrival,Trafficway Ownership,Trafficway Ownership Text Format,Trafficway Class,Trafficway Class Text Format,Police Agency,Police Agency Text Format,Badge Number,Approval Date,Police Case Status,Police Case Status Text Format,Crash Report Submission Date,Related Case Identifiers,No. of Through Lanes (Log Dir.),Average Daily Traffic,Functional Classification,Functional Classification Text Format,Rural or Urban,Rural or Urban Text Format
1372664,1,Complete,1372664,1372664,41.312648,-72.932654,3853898,New Haven,93,93,New Haven,2/27/2026,2026,2,February,27,6,Friday,11:28:00,11,26007424,A,2,,Motor Vehicle In Motion,"Injury of any type (Serious, Minor, Possible)",C,Possible Injury (C),0,0,4,Local,0.96,653,WHALLEY AV,WHALLEY AV,,Howe St,20,Feet,S,41.312648,-72.932654,14,Motor Vehicle in Operation,1,Front to rear,1,On Roadway,1,Clear,88,Not Applicable,1,Daylight,1,Dry,0,None,88,Not Applicable,88,Not Applicable,0,None,88,Not Applicable,88,Not Applicable,1,Non-Junction,1,Not at Intersection,1,No,1,No,88,Not Applicable,88,Not Applicable,88,Not Applicable,88,Not Applicable,FALSE,1,Public Road,1,"Trafficway, On Road",CT0009300,New Haven PD,46625,40:59.0,C,Closed,02:42.0,,,,,,,
1372668,1,Complete,1372668,1372668,41.31244,-72.924013,3853902,New Haven,93,93,New Haven,3/3/2026,2026,3,March,3,3,Tuesday,14:53:00,14,26007956,A,2,,Motor Vehicle In Motion,"Injury of any type (Serious, Minor, Possible)",C,Possible Injury (C),0,0,4,Local,0.08,294,HILLHOUSE AV,HILLHOUSE AV,,GROVE ST,410,Feet,N,41.31244,-72.924013,14,Motor Vehicle in Operation,3,Angle,1,On Roadway,1,Clear,88,Not Applicable,1,Daylight,1,Dry,0,None,88,Not Applicable,88,Not Applicable,0,None,88,Not Applicable,88,Not Applicable,1,Non-Junction,1,Not at Intersection,1,No,1,No,88,Not Applicable,88,Not Applicable,88,Not Applicable,88,Not Applicable,FALSE,1,Public Road,1,"Trafficway, On Road",CT0009300,New Haven PD,45630,33:56.0,C,Closed,01:59.0,,,,,,,
1372680,1,Complete,1372680,1372680,41.301569,-72.927245,3853914,New Haven,93,93,New Haven,3/6/2026,2026,3,March,6,6,Friday,15:17:00,15,26008441,A,2,,Motor Vehicle In Motion,"Injury of any type (Serious, Minor, Possible)",C,Possible Injury (C),0,0,4,Local,0.6,564,SOUTH FRONTAGE RD,SOUTH FRONTAGE RD,,S ORANGE ST,16,Feet,W,41.301569,-72.927245,14,Motor Vehicle in Operation,3,Angle,1,On Roadway,1,Clear,88,Not Applicable,1,Daylight,1,Dry,0,None,88,Not Applicable,88,Not Applicable,0,None,88,Not Applicable,88,Not Applicable,3,Intersection-Related,8,"Five-Point, or More",1,No,1,No,88,Not Applicable,88,Not Applicable,88,Not Applicable,88,Not Applicable,FALSE,1,Public Road,1,"Trafficway, On Road",CT0009300,New Haven PD,10,34:22.0,C,Closed,02:08.0,,,,,,,
1372682,1,Complete,1372682,1372682,41.316636,-72.906994,3853916,New Haven,93,93,New Haven,3/6/2026,2026,3,March,6,6,Friday,19:54:00,19,26008482,A,2,,Motor Vehicle In Motion,"Injury of any type (Serious, Minor, Possible)",C,Possible Injury (C),0,0,4,Local,0.14,575,STATE ST,STATE ST,,MILL RIVER ST ,220,Feet,W,41.316636,-72.906994,14,Motor Vehicle in Operation,3,Angle,1,On Roadway,2,Cloudy,88,Not Applicable,4,Dark-Lighted,2,Wet,0,None,88,Not Applicable,88,Not Applicable,0,None,88,Not Applicable,88,Not Applicable,9,Driveway Access-Related,1,Not at Intersection,1,No,1,No,88,Not Applicable,88,Not Applicable,88,Not Applicable,88,Not Applicable,FALSE,1,Public Road,1,"Trafficway, On Road",CT0009300,New Haven PD,47739,30:30.0,C,Closed,02:28.0,,,,,,,
1372685,1,Complete,1372685,1372685,41.286619,-72.931034,3853919,New Haven,93,93,New Haven,3/7/2026,2026,3,March,7,7,Saturday,11:18:00,11,26008527,A,1,,Tree (standing),"Injury of any type (Serious, Minor, Possible)",C,Possible Injury (C),0,0,4,Local,1.39,308,HOWARD AV,HOWARD AV,,FOURTH ST ,30,Feet,N,41.286619,-72.931034,39,"Other Fixed Object (wall, building, tunnel, etc.)",88,Not Applicable,4,Roadside,2,Cloudy,88,Not Applicable,1,Daylight,2,Wet,1,Weather Conditions,88,Not Applicable,88,Not Applicable,97,Other,88,Not Applicable,88,Not Applicable,1,Non-Junction,1,Not at Intersection,1,No,1,No,88,Not Applicable,88,Not Applicable,88,Not Applicable,88,Not Applicable,FALSE,1,Public Road,1,"Trafficway, On Road",CT0009300,New Haven PD,45392,09:37.0,C,Closed,02:22.0,NONE,,,,,,
1372687,1,Complete,1372687,1372687,41.29675072,-72.89282847,3853921,New Haven,93,93,New Haven,3/7/2026,2026,3,March,7,7,Saturday,15:26:00,15,26008555,A,2,,Motor Vehicle In Motion,"Injury of any type (Serious, Minor, Possible)",C,Possible Injury (C),0,0,4,Local,0.16,210,FARREN AV,FARREN AV,,FULTON ST,40,Feet,S,41.29675072,-72.89282847,14,Motor Vehicle in Operation,3,Angle,1,On Roadway,1,Clear,88,Not Applicable,1,Daylight,1,Dry,0,None,88,Not Applicable,88,Not Applicable,0,None,88,Not Applicable,88,Not Applicable,1,Non-Junction,1,Not at Intersection,1,No,1,No,88,Not Applicable,88,Not Applicable,88,Not Applicable,88,Not Applicable,TRUE,1,Public Road,1,"Trafficway, On Road",CT0009300,New Haven PD,45388,39:41.0,C,Closed,02:21.0,,,,,,,
1372688,1,Complete,1372688,1372688,41.318486,-72.947587,3853922,New Haven,93,93,New Haven,3/7/2026,2026,3,March,7,7,Saturday,16:53:00,16,26008562,A,2,,Motor Vehicle In Motion,"Injury of any type (Serious, Minor, Possible)",C,Possible Injury (C),0,1,4,Local,0.08,653,WHALLEY AV,WHALLEY AV,ELLSWORTH AV,,,,,41.318486,-72.947587,14,Motor Vehicle in Operation,3,Angle,1,On Roadway,1,Clear,88,Not Applicable,1,Daylight,1,Dry,0,None,88,Not Applicable,88,Not Applicable,0,None,88,Not Applicable,88,Not Applicable,2,Intersection,2,Four-Way Intersection,1,No,1,No,88,Not Applicable,88,Not Applicable,88,Not Applicable,88,Not Applicable,FALSE,1,Public Road,1,"Trafficway, On Road",CT0009300,New Haven PD,276,49:12.0,C,Closed,02:26.0,26008562,,,,,,
1372693,1,Complete,1372693,1372693,41.315658,-72.893004,3853927,New Haven,93,93,New Haven,3/8/2026,2026,3,March,8,1,Sunday,4:37:00,4,26008615,A,2,,Parked Vehicle,"Injury of any type (Serious, Minor, Possible)",B,Suspected Minor Injury (B),0,0,4,Local,0.58,379,LOMBARD ST,LOMBARD ST,,CLINTON AVE,230,Feet,W,41.315658,-72.893004,15,Parked Motor Vehicle,1,Front to rear,1,On Roadway,4,Rain,88,Not Applicable,4,Dark-Lighted,2,Wet,0,None,88,Not Applicable,88,Not Applicable,0,None,88,Not Applicable,88,Not Applicable,1,Non-Junction,1,Not at Intersection,1,No,1,No,88,Not Applicable,88,Not Applicable,88,Not Applicable,88,Not Applicable,FALSE,1,Public Road,1,"Trafficway, On Road",CT0009300,New Haven PD,45626,28:53.0,C,Closed,02:31.0,,,,,,,
1372697,1,Complete,1372697,1372697,41.30597444,-72.92579843,3853931,New Haven,93,93,New Haven,3/8/2026,2026,3,March,8,1,Sunday,15:41:00,15,26008646,A,2,,Motor Vehicle In Motion,"Injury of any type (Serious, Minor, Possible)",C,Possible Injury (C),0,0,4,Local,0.3,103,CHURCH ST,CHURCH ST,CHAPEL ST,,,,,41.30597444,-72.92579843,14,Motor Vehicle in Operation,3,Angle,1,On Roadway,1,Clear,88,Not Applicable,1,Daylight,1,Dry,0,None,88,Not Applicable,88,Not Applicable,0,None,88,Not Applicable,88,Not Applicable,2,Intersection,2,Four-Way Intersection,1,No,1,No,88,Not Applicable,88,Not Applicable,88,Not Applicable,88,Not Applicable,FALSE,1,Public Road,1,"Trafficway, On Road",CT0009300,New Haven PD,48658,34:39.0,C,Closed,02:39.0,,,,,,,
1372698,1,Complete,1372698,1372698,41.309396,-72.933139,3853932,New Haven,93,93,New Haven,3/7/2026,2026,3,March,7,7,Saturday,0:01:00,0,202600330,A,1,,Pedestrian,"Injury of any type (Serious, Minor, Possible)",A,Suspected Serious Injury (A),1,0,4,Local,0.15,463,PARK ST,PARK ST,,CHAPEL ST ,175,Feet,N,41.309396,-72.933139,39,"Other Fixed Object (wall, building, tunnel, etc.)",88,Not Applicable,4,Roadside,1,Clear,88,Not Applicable,4,Dark-Lighted,1,Dry,97,Other,88,Not Applicable,88,Not Applicable,97,Other,88,Not Applicable,88,Not Applicable,1,Non-Junction,1,Not at Intersection,1,No,1,No,88,Not Applicable,88,Not Applicable,88,Not Applicable,88,Not Applicable,FALSE,1,Public Road,1,"Trafficway, On Road",CT0009300,New Haven PD,308,35:38.0,O,Open,03:42.0,,,,,,,
1374609,1,Complete,1374609,1374609,41.290728,-72.941697,3854859,New Haven,93,93,New Haven,3/9/2026,2026,3,March,9,2,Monday,0:36:00,0,26008686,A,2,,Motor Vehicle In Motion,"Injury of any type (Serious, Minor, Possible)",C,Possible Injury (C),0,0,4,Local,0.11,626,WASHINGTON AV NO 1,WASHINGTON AV NO 1,,10-N,40,,W,41.290728,-72.941697,14,Motor Vehicle in Operation,1,Front to rear,1,On Roadway,1,Clear,88,Not Applicable,4,Dark-Lighted,1,Dry,0,None,88,Not Applicable,88,Not Applicable,0,None,88,Not Applicable,88,Not Applicable,3,Intersection-Related,2,Four-Way Intersection,1,No,1,No,88,Not Applicable,88,Not Applicable,88,Not Applicable,88,Not Applicable,FALSE,1,Public Road,1,"Trafficway, On Road",CT0009300,New Haven PD,44338,58:47.0,O,Open,02:21.0,,,,,,,
1374615,1,Complete,1374615,1374615,41.30912,-72.894575,3854865,New Haven,93,93,New Haven,3/9/2026,2026,3,March,9,2,Monday,15:50:00,15,26008779,A,2,,Parked Vehicle,"Injury of any type (Serious, Minor, Possible)",C,Possible Injury (C),0,0,4,Local,0.46,264,GRAND AV,GRAND AV,,BRIGHT ST,70,Feet,W,41.30912,-72.894575,14,Motor Vehicle in Operation,4,"Sideswipe, same direction",1,On Roadway,1,Clear,88,Not Applicable,1,Daylight,1,Dry,0,None,88,Not Applicable,88,Not Applicable,0,None,88,Not Applicable,88,Not Applicable,1,Non-Junction,1,Not at Intersection,1,No,1,No,88,Not Applicable,88,Not Applicable,88,Not Applicable,88,Not Applicable,TRUE,1,Public Road,1,"Trafficway, On Road",CT0009300,New Haven PD,45393,39:11.0,C,Closed,02:13.0,,,,,,,
1374618,1,Complete,1374618,1374618,41.305558,-72.912767,3854868,New Haven,93,93,New Haven,3/9/2026,2026,3,March,9,2,Monday,20:40:00,20,26008831,A,2,,Motor Vehicle In Motion,"Injury of any type (Serious, Minor, Possible)",A,Suspected Serious Injury (A),0,0,4,Local,0.13,275,HAMILTON ST NO 2,HAMILTON ST NO 2,IVES PL,,,,,41.305558,-72.912767,14,Motor Vehicle in Operation,3,Angle,1,On Roadway,1,Clear,88,Not Applicable,4,Dark-Lighted,1,Dry,99,Unknown,88,Not Applicable,88,Not Applicable,99,Unknown,88,Not Applicable,88,Not Applicable,2,Intersection,2,Four-Way Intersection,1,No,1,No,88,Not Applicable,88,Not Applicable,88,Not Applicable,88,Not Applicable,FALSE,1,Public Road,1,"Trafficway, On Road",CT0009300,New Haven PD,48653,25:02.0,C,Closed,02:19.0,,,,,,,
1375999,1,Complete,1375999,1375999,41.312856,-72.952087,3855254,New Haven,93,93,New Haven,2/16/2026,2026,2,February,16,2,Monday,17:14:00,17,26006197,A,2,,Motor Vehicle In Motion,"Injury of any type (Serious, Minor, Possible)",C,Possible Injury (C),0,0,3,State,2.58,10,10-N,10-N,,Chapel Street,15,Feet,S,41.312856,-72.952087,14,Motor Vehicle in Operation,1,Front to rear,1,On Roadway,1,Clear,88,Not Applicable,3,Dusk,1,Dry,0,None,88,Not Applicable,88,Not Applicable,0,None,88,Not Applicable,88,Not Applicable,3,Intersection-Related,2,Four-Way Intersection,1,No,1,No,88,Not Applicable,88,Not Applicable,88,Not Applicable,88,Not Applicable,FALSE,1,Public Road,1,"Trafficway, On Road",CT0009300,New Haven PD,48507,10:10.0,C,Closed,01:10.0,,,,,,,
1376005,1,Complete,1376005,1376005,41.323329,-72.880199,3855260,New Haven,93,93,New Haven,3/9/2026,2026,3,March,9,2,Monday,16:14:00,16,26008790,A,2,,Motor Vehicle In Motion,"Injury of any type (Serious, Minor, Possible)",C,Possible Injury (C),0,0,3,State,0.07,80,80-W,80-W,,MIDDLETOWN AVENUE,265,Feet,E,41.323329,-72.880199,14,Motor Vehicle in Operation,1,Front to rear,1,On Roadway,1,Clear,88,Not Applicable,1,Daylight,1,Dry,0,None,88,Not Applicable,88,Not Applicable,0,None,88,Not Applicable,88,Not Applicable,1,Non-Junction,1,Not at Intersection,1,No,1,No,88,Not Applicable,88,Not Applicable,88,Not Applicable,88,Not Applicable,FALSE,1,Public Road,1,"Trafficway, On Road",CT0009300,New Haven PD,48660,30:36.0,C,Closed,01:11.0,,,,,,,
1376010,1,Complete,1376010,1376010,41.319415,-72.949553,3855265,New Haven,93,93,New Haven,3/10/2026,2026,3,March,10,3,Tuesday,14:21:00,14,26008958,A,2,,Motor Vehicle In Motion,"Injury of any type (Serious, Minor, Possible)",C,Possible Injury (C),0,0,3,State,3.07,10,10-N,10-N,,ELLA T GRASSO BLVD,75,Feet,W,41.319415,-72.949553,14,Motor Vehicle in Operation,1,Front to rear,1,On Roadway,1,Clear,88,Not Applicable,1,Daylight,1,Dry,0,None,88,Not Applicable,88,Not Applicable,0,None,88,Not Applicable,88,Not Applicable,1,Non-Junction,1,Not at Intersection,1,No,1,No,88,Not Applicable,88,Not Applicable,88,Not Applicable,88,Not Applicable,FALSE,1,Public Road,1,"Trafficway, On Road",CT0009300,New Haven PD,48507,49:14.0,C,Closed,01:19.0,,,,,,,
1376358,1,Complete,1376358,1376358,41.30083,-72.9186,3855613,New Haven,93,93,New Haven,3/10/2026,2026,3,March,10,3,Tuesday,7:58:00,7,26008865,A,2,,Motor Vehicle In Motion,"Injury of any type (Serious, Minor, Possible)",A,Suspected Serious Injury (A),0,0,2,USRoute,48.56,1,1-N,1-N,,BREWERY ST,72,Feet,W,41.30083,-72.9186,14,Motor Vehicle in Operation,1,Front to rear,1,On Roadway,1,Clear,88,Not Applicable,1,Daylight,1,Dry,0,None,88,Not Applicable,88,Not Applicable,0,None,88,Not Applicable,88,Not Applicable,1,Non-Junction,1,Not at Intersection,1,No,1,No,88,Not Applicable,88,Not Applicable,88,Not Applicable,88,Not Applicable,FALSE,1,Public Road,1,"Trafficway, On Road",CT0009300,New Haven PD,48652,20:17.0,C,Closed,02:00.0,,,,,,,
1376364,1,Complete,1376364,1376364,41.322442,-72.878166,3855619,New Haven,93,93,New Haven,3/11/2026,2026,3,March,11,4,Wednesday,12:13:00,12,26009126,A,2,,Motor Vehicle In Motion,"Injury of any type (Serious, Minor, Possible)",C,Possible Injury (C),0,0,3,State,0.2,80,80-E,80-E,,91-N-16A,1030,Feet,E,41.322442,-72.878166,14,Motor Vehicle in Operation,3,Angle,1,On Roadway,1,Clear,88,Not Applicable,1,Daylight,1,Dry,0,None,88,Not Applicable,88,Not Applicable,0,None,88,Not Applicable,88,Not Applicable,9,Driveway Access-Related,1,Not at Intersection,1,No,1,No,88,Not Applicable,88,Not Applicable,88,Not Applicable,88,Not Applicable,FALSE,1,Public Road,1,"Trafficway, On Road",CT0009300,New Haven PD,40807,42:56.0,C,Closed,02:03.0,,,,,,,
1376365,1,Complete,1376365,1376365,41.316059,-72.940601,3855620,New Haven,93,93,New Haven,3/11/2026,2026,3,March,11,4,Wednesday,13:33:00,13,26009134,A,2,,Motor Vehicle In Motion,"Injury of any type (Serious, Minor, Possible)",C,Possible Injury (C),0,0,4,Local,0.49,653,WHALLEY AV,WHALLEY AV,,COUNTY ST,100,Feet,W,41.316059,-72.940601,14,Motor Vehicle in Operation,4,"Sideswipe, same direction",1,On Roadway,1,Clear,88,Not Applicable,1,Daylight,1,Dry,0,None,88,Not Applicable,88,Not Applicable,0,None,88,Not Applicable,88,Not Applicable,1,Non-Junction,1,Not at Intersection,1,No,1,No,88,Not Applicable,88,Not Applicable,88,Not Applicable,88,Not Applicable,FALSE,1,Public Road,1,"Trafficway, On Road",CT0009300,New Haven PD,45700,11:58.0,C,Closed,02:05.0,,,,,,,
1376366,1,Complete,1376366,1376366,41.307243,-72.928501,3855621,New Haven,93,93,New Haven,3/11/2026,2026,3,March,11,4,Wednesday,14:34:00,14,26009146,A,2,,Motor Vehicle In Motion,"Injury of any type (Serious, Minor, Possible)",C,Possible Injury (C),0,0,4,Local,1.93,97,CHAPEL ST,CHAPEL ST,,COLLEGE ST,50,Feet,E,41.307243,-72.928501,14,Motor Vehicle in Operation,4,"Sideswipe, same direction",1,On Roadway,2,Cloudy,88,Not Applicable,1,Daylight,1,Dry,0,None,0,None,88,Not Applicable,0,None,88,Not Applicable,88,Not Applicable,1,Non-Junction,1,Not at Intersection,1,No,1,No,88,Not Applicable,88,Not Applicable,88,Not Applicable,88,Not Applicable,FALSE,1,Public Road,1,"Trafficway, On Road",CT0009300,New Haven PD,45630,48:56.0,C,Closed,02:09.0,,,,,,,
1376685,1,Complete,1376685,1376685,41.285506,-72.936708,3855937,New Haven,93,93,New Haven,3/10/2026,2026,3,March,10,3,Tuesday,21:45:00,21,26009045,A,2,,Motor Vehicle In Motion,"Injury of any type (Serious, Minor, Possible)",C,Possible Injury (C),0,0,3,State,1.15,745,745-E,745-E,,ELLA T GRASSO BLVD,300,Feet,S,41.285506,-72.936708,14,Motor Vehicle in Operation,97,Other,1,On Roadway,1,Clear,88,Not Applicable,4,Dark-Lighted,1,Dry,0,None,88,Not Applicable,88,Not Applicable,0,None,88,Not Applicable,88,Not Applicable,9,Driveway Access-Related,1,Not at Intersection,1,No,1,No,88,Not Applicable,88,Not Applicable,88,Not Applicable,88,Not Applicable,FALSE,1,Public Road,1,"Trafficway, On Road",CT0009300,New Haven PD,45625,32:35.0,C,Closed,00:57.0,,,,,,,
1376689,1,Complete,1376689,1376689,41.316307,-72.908603,3855941,New Haven,93,93,New Haven,3/12/2026,2026,3,March,12,5,Thursday,11:55:00,11,26009294,A,2,,Motor Vehicle In Motion,"Injury of any type (Serious, Minor, Possible)",C,Possible Injury (C),0,0,4,Local,0.24,575,STATE ST,STATE ST,,EAST ST,150,Feet,N,41.316307,-72.908603,14,Motor Vehicle in Operation,3,Angle,1,On Roadway,1,Clear,88,Not Applicable,1,Daylight,2,Wet,0,None,88,Not Applicable,88,Not Applicable,0,None,88,Not Applicable,88,Not Applicable,9,Driveway Access-Related,1,Not at Intersection,1,No,1,No,88,Not Applicable,88,Not Applicable,88,Not Applicable,88,Not Applicable,TRUE,1,Public Road,1,"Trafficway, On Road",CT0009300,New Haven PD,47005,40:31.0,C,Closed,01:04.0,,,,,,,
1377100,1,Complete,1377100,1377100,41.301409,-72.926959,3856352,New Haven,93,93,New Haven,3/6/2026,2026,3,March,6,6,Friday,18:27:00,18,26008469,A,1,,Pedalcycle/Pedalcyclist,"Injury of any type (Serious, Minor, Possible)",B,Suspected Minor Injury (B),1,0,4,Local,0.61,564,SOUTH FRONTAGE RD,SOUTH FRONTAGE RD,S ORANGE ST,,,,,41.301409,-72.926959,10,Pedalcycle/Pedalcyclist,3,Angle,1,On Roadway,1,Clear,88,Not Applicable,4,Dark-Lighted,1,Dry,99,Unknown,88,Not Applicable,88,Not Applicable,0,None,88,Not Applicable,88,Not Applicable,2,Intersection,2,Four-Way Intersection,1,No,1,No,88,Not Applicable,88,Not Applicable,88,Not Applicable,88,Not Applicable,FALSE,1,Public Road,1,"Trafficway, On Road",CT0009300,New Haven PD,46617,12:12.0,C,Closed,00:36.0,,,,,,,
1377103,1,Complete,1377103,1377103,41.311167,-72.916737,3856355,New Haven,93,93,New Haven,3/11/2026,2026,3,March,11,4,Wednesday,23:04:00,23,26009229,A,2,,Motor Vehicle In Motion,"Injury of any type (Serious, Minor, Possible)",C,Possible Injury (C),0,0,4,Local,0.79,575,STATE ST,STATE ST,,TRUMBULL ST,215,Feet,N,41.311167,-72.916737,14,Motor Vehicle in Operation,2,Front to front,1,On Roadway,4,Rain,88,Not Applicable,4,Dark-Lighted,2,Wet,1,Weather Conditions,88,Not Applicable,88,Not Applicable,0,None,88,Not Applicable,88,Not Applicable,1,Non-Junction,1,Not at Intersection,1,No,1,No,88,Not Applicable,88,Not Applicable,88,Not Applicable,88,Not Applicable,FALSE,1,Public Road,1,"Trafficway, On Road",CT0009300,New Haven PD,44047,08:34.0,C,Closed,00:19.0,,,,,,,
1377107,1,Complete,1377107,1377107,41.282591,-72.938047,3856359,New Haven,93,93,New Haven,3/13/2026,2026,3,March,13,6,Friday,0:47:00,0,26009419,A,2,,Motor Vehicle In Motion,"Injury of any type (Serious, Minor, Possible)",C,Possible Injury (C),0,0,3,State,0.94,745,745-E,745-E,Ella T Grasso Boulevard,,,,,41.282591,-72.938047,14,Motor Vehicle in Operation,3,Angle,1,On Roadway,1,Clear,88,Not Applicable,4,Dark-Lighted,1,Dry,0,None,88,Not Applicable,88,Not Applicable,0,None,88,Not Applicable,88,Not Applicable,2,Intersection,3,T-Intersection,1,No,1,No,88,Not Applicable,88,Not Applicable,88,Not Applicable,88,Not Applicable,FALSE,1,Public Road,1,"Trafficway, On Road",CT0009300,New Haven PD,44953,54:14.0,C,Closed,00:27.0,,,,,,,
1377108,1,Complete,1377108,1377108,41.29104,-72.941629,3856360,New Haven,93,93,New Haven,3/13/2026,2026,3,March,13,6,Friday,5:18:00,5,26009426,A,2,,Motor Vehicle In Motion,"Injury of any type (Serious, Minor, Possible)",C,Possible Injury (C),0,0,3,State,0.89,10,10-N,10-N,,WASHINGTON AV,50,Feet,N,41.29104,-72.941629,14,Motor Vehicle in Operation,1,Front to rear,1,On Roadway,1,Clear,88,Not Applicable,4,Dark-Lighted,1,Dry,0,None,88,Not Applicable,88,Not Applicable,0,None,88,Not Applicable,88,Not Applicable,3,Intersection-Related,2,Four-Way Intersection,1,No,1,No,88,Not Applicable,88,Not Applicable,88,Not Applicable,88,Not Applicable,FALSE,1,Public Road,1,"Trafficway, On Road",CT0009300,New Haven PD,44953,18:19.0,C,Closed,00:26.0,,,,,,,
1377118,1,Complete,1377118,1377118,41.286929,-72.926157,3856370,New Haven,93,93,New Haven,3/13/2026,2026,3,March,13,6,Friday,15:17:00,15,26009485,A,2,,Motor Vehicle In Motion,"Injury of any type (Serious, Minor, Possible)",C,Possible Injury (C),0,0,4,Local,0.2,359,SARGENT DR,SARGENT DR,,LONG WHARF DRIVE,100,Feet,S,41.286929,-72.926157,14,Motor Vehicle in Operation,1,Front to rear,1,On Roadway,1,Clear,88,Not Applicable,1,Daylight,1,Dry,0,None,88,Not Applicable,88,Not Applicable,0,None,88,Not Applicable,88,Not Applicable,3,Intersection-Related,2,Four-Way Intersection,1,No,1,No,88,Not Applicable,88,Not Applicable,88,Not Applicable,88,Not Applicable,TRUE,1,Public Road,1,"Trafficway, On Road",CT0009300,New Haven PD,476,41:58.0,C,Closed,00:39.0,,,,,,,
1377709,1,Complete,1377709,1377709,41.282675,-72.937966,3856961,New Haven,93,93,New Haven,2/25/2026,2026,2,February,25,4,Wednesday,23:18:00,23,26007275,A,2,,Motor Vehicle In Motion,"Injury of any type (Serious, Minor, Possible)",C,Possible Injury (C),0,0,3,State,0.95,745,745-E,745-E,ELLA T GRASSO BLVD,,,,,41.282675,-72.937966,14,Motor Vehicle in Operation,3,Angle,1,On Roadway,1,Clear,88,Not Applicable,4,Dark-Lighted,2,Wet,0,None,88,Not Applicable,88,Not Applicable,0,None,88,Not Applicable,88,Not Applicable,2,Intersection,3,T-Intersection,1,No,1,No,88,Not Applicable,88,Not Applicable,88,Not Applicable,88,Not Applicable,FALSE,1,Public Road,1,"Trafficway, On Road",CT0009300,New Haven PD,48829,54:50.0,C,Closed,00:20.0,,,,,,,
1377710,1,Complete,1377710,1377710,41.307969,-72.934278,3856962,New Haven,93,93,New Haven,3/2/2026,2026,3,March,2,2,Monday,5:59:00,5,26007728,A,2,,Motor Vehicle In Motion,"Injury of any type (Serious, Minor, Possible)",B,Suspected Minor Injury (B),0,0,4,Local,0.27,463,PARK ST,PARK ST,CROWN ST,,,,,41.307969,-72.934278,14,Motor Vehicle in Operation,3,Angle,1,On Roadway,1,Clear,88,Not Applicable,4,Dark-Lighted,1,Dry,0,None,88,Not Applicable,88,Not Applicable,0,None,88,Not Applicable,88,Not Applicable,2,Intersection,2,Four-Way Intersection,1,No,1,No,88,Not Applicable,88,Not Applicable,88,Not Applicable,88,Not Applicable,FALSE,1,Public Road,1,"Trafficway, On Road",CT0009300,New Haven PD,48829,46:38.0,C,Closed,00:24.0,,,,,,,
1377712,1,Complete,1377712,1377712,41.313107,-72.921775,3856964,New Haven,93,93,New Haven,3/8/2026,2026,3,March,8,1,Sunday,19:38:00,19,26008667,A,2,,Motor Vehicle In Motion,"Injury of any type (Serious, Minor, Possible)",C,Possible Injury (C),0,0,4,Local,0.17,601,TRUMBULL ST,TRUMBULL ST,WHITNEY AVE,,,,,41.313107,-72.921775,14,Motor Vehicle in Operation,3,Angle,1,On Roadway,1,Clear,88,Not Applicable,4,Dark-Lighted,1,Dry,0,None,88,Not Applicable,88,Not Applicable,0,None,88,Not Applicable,88,Not Applicable,2,Intersection,2,Four-Way Intersection,1,No,1,No,88,Not Applicable,88,Not Applicable,88,Not Applicable,88,Not Applicable,TRUE,1,Public Road,1,"Trafficway, On Road",CT0009300,New Haven PD,47739,59:05.0,C,Closed,00:26.0,,,,,,,
1377714,1,Complete,1377714,1377714,41.310745,-72.923154,3856966,New Haven,93,93,New Haven,3/13/2026,2026,3,March,13,6,Friday,10:10:00,10,26009449,A,2,,Motor Vehicle In Motion,"Injury of any type (Serious, Minor, Possible)",C,Possible Injury (C),0,0,4,Local,0.21,271,GROVE ST,GROVE ST,,WHITNEY AVE,150,Feet,W,41.310745,-72.923154,14,Motor Vehicle in Operation,4,"Sideswipe, same direction",1,On Roadway,1,Clear,88,Not Applicable,1,Daylight,1,Dry,0,None,88,Not Applicable,88,Not Applicable,99,Unknown,88,Not Applicable,88,Not Applicable,1,Non-Junction,1,Not at Intersection,1,No,1,No,88,Not Applicable,88,Not Applicable,88,Not Applicable,88,Not Applicable,TRUE,1,Public Road,1,"Trafficway, On Road",CT0009300,New Haven PD,469,59:26.0,C,Closed,00:32.0,,,,,,,