CrashId,Fatal Case Status,Fatal Case Status Text Format,CrashId,CrashId,Latitude,Longitude,DOT Case Number,Town Name,Town Number,Town Number,Town Number Text Format,Date Of Crash,Year,Month,Month Text Format,Day,Day of the Week,Day of the Week Text Format,Time of Crash,Hour of the Day,Case Identifier,Crash Severity,Number Of Motor Vehicles,Motor vehicle action,Most harmful event,Crash Severity Text Format,Most Severe Injury,Most Severe Injury Text Format,Number Of Non-Motorist,Number Of Witnesses,Route Class,Route Class Text Format,Milemarker,Road Number,Road Description,Roadway Name,Intersecting Roadway Name,Landmark Description,Distance From Nearest Landmark,Unit Of Measure From Nearest Landmark,Direction From Nearest Landmark,Latitude,Longitude,First Harmful Event,First Harmful Event Text Format,Manner of Crash / Collision Impact,Manner of Crash / Collision Impact Text Format,Location of First Harmful Event,Location of First Harmful Event Text Format,Weather Condition,Weather Condition Text Format,Weather 2,Weather 2 Text Format,Light Condition,Light Condition Text Format,Road Surface Condition,Road Surface Condition Text Format,"Contributing Circumstances, Environment","Contributing Circumstances, Environment Text Format",Environment 2,Environment 2 Text Format,Environment 3,Environment 3 Text Format,"Contributing Circumstances, Road","Contributing Circumstances, Road Text Format",Road 2,Road 2 Text Format,Road 3,Road 3 Text Format,Crash Specific Location,Crash Specific Location Text Format,Type of Intersection,Type of Intersection Text Format,School Bus Related,School Bus Related Text Format,Work Zone Related,Work Zone Related Text Format,Location Of Crash Relative To Work Zone,Location Of Crash Relative To Work Zone Text Format,Type of Work Zone,Type of Work Zone Text Format,Worker Presence,Worker Presence Text Format,Law Enforcement Presence,Law Enforcement Presence Text Format,Were Vehicles Moved Prior To Police Arrival,Trafficway Ownership,Trafficway Ownership Text Format,Trafficway Class,Trafficway Class Text Format,Police Agency,Police Agency Text Format,Badge Number,Approval Date,Police Case Status,Police Case Status Text Format,Crash Report Submission Date,Related Case Identifiers,No. of Through Lanes (Log Dir.),Average Daily Traffic,Functional Classification,Functional Classification Text Format,Rural or Urban,Rural or Urban Text Format
1377720,1,Complete,1377720,1377720,41.329315,-72.926285,3856972,New Haven,93,93,New Haven,3/16/2026,2026,3,March,16,2,Monday,9:22:00,9,26009738,A,2,,Parked Vehicle,"Injury of any type (Serious, Minor, Possible)",C,Possible Injury (C),0,0,4,Local,0.95,669,WINCHESTER AV,WINCHESTER AV,HIGHLAND ST,,,,,41.329315,-72.926285,14,Motor Vehicle in Operation,4,"Sideswipe, same direction",7,In Parking Lane or Zone,4,Rain,88,Not Applicable,1,Daylight,2,Wet,0,None,88,Not Applicable,88,Not Applicable,0,None,88,Not Applicable,88,Not Applicable,3,Intersection-Related,3,T-Intersection,2,"Yes, School Bus Directly Involved",1,No,88,Not Applicable,88,Not Applicable,88,Not Applicable,88,Not Applicable,FALSE,1,Public Road,1,"Trafficway, On Road",CT0009300,New Haven PD,43689,45:12.0,C,Closed,00:34.0,,,,,,,
1377722,1,Complete,1377722,1377722,41.311595,-72.922197,3856974,New Haven,93,93,New Haven,3/16/2026,2026,3,March,16,2,Monday,11:41:00,11,26009748,A,2,,Parked Vehicle,"Injury of any type (Serious, Minor, Possible)",C,Possible Injury (C),0,0,4,Local,0.08,656,WHITNEY AV,WHITNEY AV,, AUDUBON ST,25,Feet,S,41.311595,-72.922197,15,Parked Motor Vehicle,1,Front to rear,7,In Parking Lane or Zone,4,Rain,88,Not Applicable,1,Daylight,2,Wet,0,None,88,Not Applicable,88,Not Applicable,0,None,88,Not Applicable,88,Not Applicable,1,Non-Junction,1,Not at Intersection,1,No,1,No,88,Not Applicable,88,Not Applicable,88,Not Applicable,88,Not Applicable,FALSE,1,Public Road,1,"Trafficway, On Road",CT0009300,New Haven PD,469,44:17.0,C,Closed,00:39.0,,,,,,,
1377724,1,Complete,1377724,1377724,41.293004,-72.943914,3856976,New Haven,93,93,New Haven,3/16/2026,2026,3,March,16,2,Monday,12:33:00,12,26009760,A,2,,Motor Vehicle In Motion,"Injury of any type (Serious, Minor, Possible)",C,Possible Injury (C),0,0,3,State,1.07,10,10-N,10-N,ADELINE ST,,,,,41.293004,-72.943914,14,Motor Vehicle in Operation,1,Front to rear,1,On Roadway,4,Rain,88,Not Applicable,1,Daylight,2,Wet,0,None,88,Not Applicable,88,Not Applicable,0,None,88,Not Applicable,88,Not Applicable,2,Intersection,3,T-Intersection,1,No,1,No,88,Not Applicable,88,Not Applicable,88,Not Applicable,88,Not Applicable,FALSE,1,Public Road,1,"Trafficway, On Road",CT0009300,New Haven PD,40810,38:22.0,C,Closed,00:43.0,,,,,,,
1377728,1,Complete,1377728,1377728,41.313113,-72.921749,3856980,New Haven,93,93,New Haven,3/16/2026,2026,3,March,16,2,Monday,20:18:00,20,26009806,A,2,,Motor Vehicle In Motion,"Injury of any type (Serious, Minor, Possible)",C,Possible Injury (C),0,0,4,Local,0.18,656,WHITNEY AV,WHITNEY AV,Trumbull Street,,,,,41.313113,-72.921749,14,Motor Vehicle in Operation,3,Angle,1,On Roadway,4,Rain,88,Not Applicable,4,Dark-Lighted,2,Wet,99,Unknown,88,Not Applicable,88,Not Applicable,0,None,88,Not Applicable,88,Not Applicable,2,Intersection,2,Four-Way Intersection,1,No,1,No,88,Not Applicable,88,Not Applicable,88,Not Applicable,88,Not Applicable,TRUE,1,Public Road,1,"Trafficway, On Road",CT0009300,New Haven PD,48658,17:03.0,C,Closed,00:50.0,,,,,,,
1378068,1,Complete,1378068,1378068,41.312121,-72.919381,3857320,New Haven,93,93,New Haven,3/14/2026,2026,3,March,14,7,Saturday,19:00:00,19,26009625,A,1,,Pedestrian,"Injury of any type (Serious, Minor, Possible)",B,Suspected Minor Injury (B),1,0,4,Local,0.31,601,TRUMBULL ST,TRUMBULL ST,,,,,,41.312121,-72.919381,9,Pedestrian,88,Not Applicable,1,On Roadway,1,Clear,88,Not Applicable,1,Daylight,1,Dry,0,None,88,Not Applicable,88,Not Applicable,0,None,88,Not Applicable,88,Not Applicable,2,Intersection,2,Four-Way Intersection,1,No,1,No,88,Not Applicable,88,Not Applicable,88,Not Applicable,88,Not Applicable,TRUE,1,Public Road,1,"Trafficway, On Road",CT0009300,New Haven PD,503,59:46.0,C,Closed,01:42.0,,,,,,,
1378069,1,Complete,1378069,1378069,41.32089,-72.934729,3857321,New Haven,93,93,New Haven,3/15/2026,2026,3,March,15,1,Sunday,14:03:00,14,26009670,A,1,,Pedestrian,"Injury of any type (Serious, Minor, Possible)",A,Suspected Serious Injury (A),1,0,4,Local,0.23,289,HENRY ST,HENRY ST,,Dixwell Avennue,45,Feet,W,41.32089,-72.934729,9,Pedestrian,88,Not Applicable,1,On Roadway,1,Clear,88,Not Applicable,1,Daylight,1,Dry,0,None,88,Not Applicable,88,Not Applicable,0,None,88,Not Applicable,88,Not Applicable,1,Non-Junction,1,Not at Intersection,1,No,1,No,88,Not Applicable,88,Not Applicable,88,Not Applicable,88,Not Applicable,FALSE,1,Public Road,1,"Trafficway, On Road",CT0009300,New Haven PD,991,07:48.0,C,Closed,01:39.0,,,,,,,
1378072,1,Complete,1378072,1378072,41.315845,-72.948788,3857324,New Haven,93,93,New Haven,3/17/2026,2026,3,March,17,3,Tuesday,8:07:00,8,26009848,A,2,,Motor Vehicle In Motion,"Injury of any type (Serious, Minor, Possible)",C,Possible Injury (C),0,0,4,Local,0.4,193,ELLSWORTH AV,ELLSWORTH AV,MAPLE ST,,,,,41.315845,-72.948788,14,Motor Vehicle in Operation,3,Angle,1,On Roadway,1,Clear,88,Not Applicable,1,Daylight,1,Dry,0,None,88,Not Applicable,88,Not Applicable,0,None,88,Not Applicable,88,Not Applicable,2,Intersection,2,Four-Way Intersection,1,No,1,No,88,Not Applicable,88,Not Applicable,88,Not Applicable,88,Not Applicable,FALSE,1,Public Road,1,"Trafficway, On Road",CT0009300,New Haven PD,45389,57:06.0,C,Closed,01:43.0,,,,,,,
1378073,1,Complete,1378073,1378073,41.290363,-72.894643,3857325,New Haven,93,93,New Haven,3/17/2026,2026,3,March,17,3,Tuesday,6:53:00,6,26009849,A,2,,Motor Vehicle In Motion,"Injury of any type (Serious, Minor, Possible)",C,Possible Injury (C),0,0,2,USRoute,50.12,1,1-N,1-N,,WOODWARD AVE,150,Feet,N,41.290363,-72.894643,14,Motor Vehicle in Operation,4,"Sideswipe, same direction",1,On Roadway,1,Clear,88,Not Applicable,1,Daylight,1,Dry,0,None,88,Not Applicable,88,Not Applicable,0,None,88,Not Applicable,88,Not Applicable,2,Intersection,2,Four-Way Intersection,1,No,1,No,88,Not Applicable,88,Not Applicable,88,Not Applicable,88,Not Applicable,TRUE,1,Public Road,1,"Trafficway, On Road",CT0009300,New Haven PD,44063,52:07.0,C,Closed,01:40.0,,,,,,,
1378075,1,Complete,1378075,1378075,41.32034,-72.90753,3857327,New Haven,93,93,New Haven,3/17/2026,2026,3,March,17,3,Tuesday,15:48:00,15,26009993,A,3,,Motor Vehicle In Motion,"Injury of any type (Serious, Minor, Possible)",C,Possible Injury (C),0,0,4,Local,0.38,666,WILLOW ST,WILLOW ST,,NASH ST,50,Feet,W,41.32034,-72.90753,14,Motor Vehicle in Operation,1,Front to rear,1,On Roadway,1,Clear,88,Not Applicable,1,Daylight,1,Dry,0,None,88,Not Applicable,88,Not Applicable,0,None,88,Not Applicable,88,Not Applicable,1,Non-Junction,1,Not at Intersection,1,No,1,No,88,Not Applicable,88,Not Applicable,88,Not Applicable,88,Not Applicable,TRUE,1,Public Road,1,"Trafficway, On Road",CT0009300,New Haven PD,46623,09:35.0,C,Closed,01:36.0,,,,,,,
1378372,1,Complete,1378372,1378372,41.317951,-72.889736,3857624,New Haven,93,93,New Haven,3/18/2026,2026,3,March,18,4,Wednesday,8:25:00,8,26010076,A,2,,Motor Vehicle In Motion,"Injury of any type (Serious, Minor, Possible)",C,Possible Injury (C),0,0,4,Local,0.33,159,DOWNING ST,DOWNING ST,DEL RIO DR,,,,,41.317951,-72.889736,14,Motor Vehicle in Operation,3,Angle,1,On Roadway,2,Cloudy,88,Not Applicable,1,Daylight,1,Dry,0,None,88,Not Applicable,88,Not Applicable,0,None,88,Not Applicable,88,Not Applicable,2,Intersection,3,T-Intersection,2,"Yes, School Bus Directly Involved",1,No,88,Not Applicable,88,Not Applicable,88,Not Applicable,88,Not Applicable,FALSE,1,Public Road,1,"Trafficway, On Road",CT0009300,New Haven PD,980,33:27.0,C,Closed,00:29.0,,,,,,,
1378378,1,Complete,1378378,1378378,41.300123,-72.93992,3857630,New Haven,93,93,New Haven,3/18/2026,2026,3,March,18,4,Wednesday,16:44:00,16,26010159,A,1,,"Other Fixed Object (wall, building, tunnel, etc.)","Injury of any type (Serious, Minor, Possible)",B,Suspected Minor Injury (B),0,0,4,Local,0.44,123,CONGRESS AV,CONGRESS AV,,Kossuth Street,60,Feet,E,41.300123,-72.93992,39,"Other Fixed Object (wall, building, tunnel, etc.)",88,Not Applicable,4,Roadside,1,Clear,88,Not Applicable,1,Daylight,1,Dry,0,None,88,Not Applicable,88,Not Applicable,0,None,88,Not Applicable,88,Not Applicable,1,Non-Junction,1,Not at Intersection,1,No,1,No,88,Not Applicable,88,Not Applicable,88,Not Applicable,88,Not Applicable,FALSE,1,Public Road,1,"Trafficway, On Road",CT0009300,New Haven PD,49452,11:32.0,C,Closed,00:34.0,,,,,,,
1378380,1,Complete,1378380,1378380,41.32119,-72.873834,3857632,New Haven,93,93,New Haven,3/18/2026,2026,3,March,18,4,Wednesday,21:15:00,21,26010191,A,2,,Motor Vehicle In Motion,"Injury of any type (Serious, Minor, Possible)",C,Possible Injury (C),0,0,3,State,0.02,103,103-N,103-N,,FOXON BLVD,65,Feet,N,41.32119,-72.873834,14,Motor Vehicle in Operation,3,Angle,1,On Roadway,1,Clear,88,Not Applicable,4,Dark-Lighted,1,Dry,0,None,88,Not Applicable,88,Not Applicable,0,None,88,Not Applicable,88,Not Applicable,9,Driveway Access-Related,1,Not at Intersection,1,No,1,No,88,Not Applicable,88,Not Applicable,88,Not Applicable,88,Not Applicable,TRUE,1,Public Road,1,"Trafficway, On Road",CT0009300,New Haven PD,45388,30:34.0,C,Closed,00:38.0,,,,,,,
1378623,1,Complete,1378623,1378623,41.322467,-72.878228,3857875,New Haven,93,93,New Haven,3/18/2026,2026,3,March,18,4,Wednesday,8:45:00,8,26010080,A,2,,Motor Vehicle In Motion,"Injury of any type (Serious, Minor, Possible)",B,Suspected Minor Injury (B),0,0,3,State,0.19,80,80-E,80-E,,QUINNIPIAC AVE,1274,Feet,W,41.322467,-72.878228,14,Motor Vehicle in Operation,3,Angle,1,On Roadway,1,Clear,88,Not Applicable,1,Daylight,1,Dry,0,None,88,Not Applicable,88,Not Applicable,0,None,88,Not Applicable,88,Not Applicable,1,Non-Junction,1,Not at Intersection,1,No,1,No,88,Not Applicable,88,Not Applicable,88,Not Applicable,88,Not Applicable,FALSE,1,Public Road,1,"Trafficway, On Road",CT0009300,New Haven PD,44063,43:29.0,C,Closed,01:29.0,,,,,,,
1378635,1,Complete,1378635,1378635,41.29949108,-72.94131237,3857887,New Haven,93,93,New Haven,3/19/2026,2026,3,March,19,5,Thursday,20:38:00,20,26010352,A,1,,Utility Pole,"Injury of any type (Serious, Minor, Possible)",C,Possible Injury (C),0,0,4,Local,0.01,506,REDFIELD ST,REDFIELD ST,,CONGRESS AV,25,Feet,S,41.29949108,-72.94131237,33,Utility Pole/Light Support,88,Not Applicable,2,Shoulder,1,Clear,88,Not Applicable,5,Dark-Not Lighted,1,Dry,0,None,88,Not Applicable,88,Not Applicable,0,None,88,Not Applicable,88,Not Applicable,3,Intersection-Related,3,T-Intersection,1,No,1,No,88,Not Applicable,88,Not Applicable,88,Not Applicable,88,Not Applicable,FALSE,1,Public Road,1,"Trafficway, On Road",CT0009300,New Haven PD,45394,06:01.0,C,Closed,01:54.0,,,,,,,
1378985,1,Complete,1378985,1378985,41.309134,-72.947002,3858237,New Haven,93,93,New Haven,9/1/2025,2025,9,September,1,2,Monday,15:38:00,15,25035459,A,1,,Pedestrian,"Injury of any type (Serious, Minor, Possible)",B,Suspected Minor Injury (B),1,0,4,Local,0.31,250,GILBERT AV,GILBERT AV,,WINTHROP AVE,200,Feet,E,41.309134,-72.947002,9,Pedestrian,88,Not Applicable,1,On Roadway,1,Clear,88,Not Applicable,1,Daylight,1,Dry,0,None,88,Not Applicable,88,Not Applicable,0,None,88,Not Applicable,88,Not Applicable,1,Non-Junction,1,Not at Intersection,1,No,1,No,88,Not Applicable,88,Not Applicable,88,Not Applicable,88,Not Applicable,TRUE,1,Public Road,1,"Trafficway, On Road",CT0009300,New Haven PD,170,52:35.0,C,Closed,01:20.0,,,,,,,
1378993,1,Complete,1378993,1378993,41.312854,-72.952102,3858245,New Haven,93,93,New Haven,3/20/2026,2026,3,March,20,6,Friday,11:56:00,11,26010393,A,2,,Motor Vehicle In Motion,"Injury of any type (Serious, Minor, Possible)",C,Possible Injury (C),0,0,3,State,2.58,10,10-N,10-N,,CHAPEL ST,20,Feet,S,41.312854,-72.952102,14,Motor Vehicle in Operation,4,"Sideswipe, same direction",1,On Roadway,1,Clear,88,Not Applicable,1,Daylight,1,Dry,0,None,88,Not Applicable,88,Not Applicable,0,None,88,Not Applicable,88,Not Applicable,1,Non-Junction,1,Not at Intersection,1,No,1,No,88,Not Applicable,88,Not Applicable,88,Not Applicable,88,Not Applicable,FALSE,1,Public Road,1,"Trafficway, On Road",CT0009300,New Haven PD,42046,42:55.0,C,Closed,01:34.0,,,,,,,
1378998,1,Complete,1378998,1378998,41.302503,-72.928407,3858250,New Haven,93,93,New Haven,3/20/2026,2026,3,March,20,6,Friday,20:15:00,20,26010444,A,2,,Motor Vehicle In Motion,"Injury of any type (Serious, Minor, Possible)",C,Possible Injury (C),0,0,4,Local,0.02,103,CHURCH ST,CHURCH ST,,REV DR MLK JR BLVD,75,Feet,S,41.302503,-72.928407,14,Motor Vehicle in Operation,1,Front to rear,1,On Roadway,1,Clear,88,Not Applicable,4,Dark-Lighted,2,Wet,99,Unknown,88,Not Applicable,88,Not Applicable,99,Unknown,88,Not Applicable,88,Not Applicable,3,Intersection-Related,2,Four-Way Intersection,1,No,1,No,88,Not Applicable,88,Not Applicable,88,Not Applicable,88,Not Applicable,FALSE,1,Public Road,1,"Trafficway, On Road",CT0009300,New Haven PD,46901,05:30.0,C,Closed,01:12.0,,,,,,,
1379000,1,Complete,1379000,1379000,41.317741,-72.945226,3858252,New Haven,93,93,New Haven,3/21/2026,2026,3,March,21,7,Saturday,12:13:00,12,26010501,A,2,,Motor Vehicle In Motion,"Injury of any type (Serious, Minor, Possible)",C,Possible Injury (C),0,0,4,Local,0.22,653,WHALLEY AV,WHALLEY AV,,NORTON STREET,165,Feet,E,41.317741,-72.945226,14,Motor Vehicle in Operation,1,Front to rear,1,On Roadway,1,Clear,88,Not Applicable,1,Daylight,1,Dry,0,None,88,Not Applicable,88,Not Applicable,0,None,88,Not Applicable,88,Not Applicable,9,Driveway Access-Related,1,Not at Intersection,1,No,1,No,88,Not Applicable,88,Not Applicable,88,Not Applicable,88,Not Applicable,FALSE,1,Public Road,1,"Trafficway, On Road",CT0009300,New Haven PD,44062,08:43.0,C,Closed,01:36.0,,,,,,,
1379003,1,Complete,1379003,1379003,41.332212,-72.86763,3858255,New Haven,93,93,New Haven,3/21/2026,2026,3,March,21,7,Saturday,14:28:00,14,26010514,A,2,,Motor Vehicle In Motion,"Injury of any type (Serious, Minor, Possible)",A,Suspected Serious Injury (A),0,0,3,State,0.86,103,103-N,103-N,,CANSTON ST,25,Feet,N,41.332212,-72.86763,14,Motor Vehicle in Operation,2,Front to front,1,On Roadway,1,Clear,88,Not Applicable,1,Daylight,1,Dry,0,None,88,Not Applicable,88,Not Applicable,0,None,88,Not Applicable,88,Not Applicable,1,Non-Junction,1,Not at Intersection,1,No,1,No,88,Not Applicable,88,Not Applicable,88,Not Applicable,88,Not Applicable,FALSE,1,Public Road,1,"Trafficway, On Road",CT0009300,New Haven PD,279,36:34.0,C,Closed,01:24.0,,,,,,,
1379004,1,Complete,1379004,1379004,41.30886,-72.897264,3858256,New Haven,93,93,New Haven,3/21/2026,2026,3,March,21,7,Saturday,14:57:00,14,26010518,A,2,,Motor Vehicle In Motion,"Injury of any type (Serious, Minor, Possible)",C,Possible Injury (C),0,0,4,Local,0.6,264,GRAND AV,GRAND AV,,POPLAR ST,20,Feet,W,41.30886,-72.897264,14,Motor Vehicle in Operation,3,Angle,1,On Roadway,1,Clear,88,Not Applicable,1,Daylight,1,Dry,99,Unknown,88,Not Applicable,88,Not Applicable,99,Unknown,88,Not Applicable,88,Not Applicable,1,Non-Junction,1,Not at Intersection,1,No,1,No,88,Not Applicable,88,Not Applicable,88,Not Applicable,88,Not Applicable,FALSE,1,Public Road,1,"Trafficway, On Road",CT0009300,New Haven PD,48653,23:02.0,C,Closed,01:26.0,,,,,,,
1379006,1,Complete,1379006,1379006,41.291951,-72.921642,3858258,New Haven,93,93,New Haven,3/21/2026,2026,3,March,21,7,Saturday,22:04:00,22,26010555,A,2,,Motor Vehicle In Motion,"Injury of any type (Serious, Minor, Possible)",C,Possible Injury (C),0,0,4,Local,0.62,359,SARGENT DR,SARGENT DR,CHURCH ST EXT,,,,,41.291951,-72.921642,14,Motor Vehicle in Operation,3,Angle,1,On Roadway,1,Clear,88,Not Applicable,4,Dark-Lighted,1,Dry,0,None,88,Not Applicable,88,Not Applicable,0,None,88,Not Applicable,88,Not Applicable,2,Intersection,3,T-Intersection,1,No,1,No,88,Not Applicable,88,Not Applicable,88,Not Applicable,88,Not Applicable,FALSE,1,Public Road,1,"Trafficway, On Road",CT0009300,New Haven PD,49452,00:56.0,C,Closed,01:29.0,,,,,,,
1379012,1,Complete,1379012,1379012,41.315152,-72.896516,3858264,New Haven,93,93,New Haven,3/22/2026,2026,3,March,22,1,Sunday,20:24:00,20,26010630,A,3,,Motor Vehicle In Motion,"Injury of any type (Serious, Minor, Possible)",B,Suspected Minor Injury (B),0,0,4,Local,0.4,379,LOMBARD ST,LOMBARD ST,,FERRY ST,100,Feet,E,41.315152,-72.896516,14,Motor Vehicle in Operation,1,Front to rear,1,On Roadway,4,Rain,4,Rain,4,Dark-Lighted,2,Wet,0,None,88,Not Applicable,88,Not Applicable,0,None,88,Not Applicable,88,Not Applicable,1,Non-Junction,1,Not at Intersection,1,No,1,No,88,Not Applicable,88,Not Applicable,88,Not Applicable,88,Not Applicable,FALSE,1,Public Road,1,"Trafficway, On Road",CT0009300,New Haven PD,46614,52:24.0,C,Closed,01:47.0,,,,,,,
1379483,1,Complete,1379483,1379483,41.317492,-72.901415,3858735,New Haven,93,93,New Haven,3/23/2026,2026,3,March,23,2,Monday,2:17:00,2,26010643,A,2,,Motor Vehicle In Motion,"Injury of any type (Serious, Minor, Possible)",C,Possible Injury (C),0,0,4,Local,1,57,BLATCHLEY AV,BLATCHLEY AV,STATE ST,,,,,41.317492,-72.901415,14,Motor Vehicle in Operation,1,Front to rear,1,On Roadway,4,Rain,88,Not Applicable,4,Dark-Lighted,2,Wet,0,None,0,None,88,Not Applicable,99,Unknown,88,Not Applicable,88,Not Applicable,2,Intersection,2,Four-Way Intersection,1,No,1,No,88,Not Applicable,88,Not Applicable,88,Not Applicable,88,Not Applicable,FALSE,1,Public Road,1,"Trafficway, On Road",CT0009300,New Haven PD,46174,50:44.0,O,Open,00:48.0,,,,,,,
1379487,1,Complete,1379487,1379487,41.318874,-72.948494,3858739,New Haven,93,93,New Haven,3/23/2026,2026,3,March,23,2,Monday,13:13:00,13,26010704,A,2,,Motor Vehicle In Motion,"Injury of any type (Serious, Minor, Possible)",C,Possible Injury (C),0,0,4,Local,0.03,653,WHALLEY AV,WHALLEY AV,,ELLA T GRASSO BLVD,125,Feet,E,41.318874,-72.948494,14,Motor Vehicle in Operation,3,Angle,1,On Roadway,4,Rain,88,Not Applicable,1,Daylight,2,Wet,0,None,88,Not Applicable,88,Not Applicable,0,None,88,Not Applicable,88,Not Applicable,9,Driveway Access-Related,1,Not at Intersection,1,No,1,No,88,Not Applicable,88,Not Applicable,88,Not Applicable,88,Not Applicable,FALSE,1,Public Road,1,"Trafficway, On Road",CT0009300,New Haven PD,44062,29:51.0,C,Closed,00:57.0,,,,,,,
1379489,1,Complete,1379489,1379489,41.312928,-72.952098,3858741,New Haven,93,93,New Haven,3/23/2026,2026,3,March,23,2,Monday,14:01:00,14,26010714,A,2,,Motor Vehicle In Motion,"Injury of any type (Serious, Minor, Possible)",C,Possible Injury (C),0,0,3,State,2.59,10,10-N,10-N,CHAPEL ST,,,,,41.312928,-72.952098,14,Motor Vehicle in Operation,1,Front to rear,1,On Roadway,4,Rain,88,Not Applicable,1,Daylight,2,Wet,0,None,88,Not Applicable,88,Not Applicable,0,None,88,Not Applicable,88,Not Applicable,2,Intersection,2,Four-Way Intersection,1,No,1,No,88,Not Applicable,88,Not Applicable,88,Not Applicable,88,Not Applicable,TRUE,1,Public Road,1,"Trafficway, On Road",CT0009300,New Haven PD,349,39:12.0,C,Closed,01:08.0,,,,,,,
1379490,1,Complete,1379490,1379490,41.317947,-72.937754,3858742,New Haven,93,93,New Haven,3/23/2026,2026,3,March,23,2,Monday,16:00:00,16,26010730,A,1,,Pedestrian,"Injury of any type (Serious, Minor, Possible)",C,Possible Injury (C),1,0,4,Local,1.19,453,ORCHARD ST,ORCHARD ST,GOFFE ST,,,,,41.317947,-72.937754,9,Pedestrian,88,Not Applicable,1,On Roadway,2,Cloudy,88,Not Applicable,1,Daylight,1,Dry,0,None,88,Not Applicable,88,Not Applicable,0,None,88,Not Applicable,88,Not Applicable,2,Intersection,2,Four-Way Intersection,3,"Yes, School Bus Indirectly Involved",1,No,88,Not Applicable,88,Not Applicable,88,Not Applicable,88,Not Applicable,FALSE,1,Public Road,1,"Trafficway, On Road",CT0009300,New Haven PD,276,31:08.0,C,Closed,00:59.0,26-010730,,,,,,
1379497,1,Complete,1379497,1379497,41.319368,-72.898698,3858749,New Haven,93,93,New Haven,3/23/2026,2026,3,March,23,2,Monday,19:28:00,19,26010776,A,1,,Pedalcycle/Pedalcyclist,"Injury of any type (Serious, Minor, Possible)",C,Possible Injury (C),1,0,4,Local,0,213,FERRY ST,FERRY ST,STATE ST,,,,,41.319368,-72.898698,10,Pedalcycle/Pedalcyclist,3,Angle,1,On Roadway,1,Clear,88,Not Applicable,4,Dark-Lighted,1,Dry,0,None,88,Not Applicable,88,Not Applicable,0,None,88,Not Applicable,88,Not Applicable,2,Intersection,2,Four-Way Intersection,1,No,1,No,88,Not Applicable,88,Not Applicable,88,Not Applicable,88,Not Applicable,FALSE,1,Public Road,1,"Trafficway, On Road",CT0009300,New Haven PD,48653,14:52.0,C,Closed,01:15.0,,,,,,,
1379818,1,Complete,1379818,1379818,41.290335,-72.939009,3859070,New Haven,93,93,New Haven,3/10/2026,2026,3,March,10,3,Tuesday,6:00:00,6,26008862,A,2,,Motor Vehicle In Motion,"Injury of any type (Serious, Minor, Possible)",C,Possible Injury (C),0,0,4,Local,0.08,350,LAMBERTON ST,LAMBERTON ST,MORRIS ST,,,,,41.290335,-72.939009,14,Motor Vehicle in Operation,3,Angle,1,On Roadway,1,Clear,88,Not Applicable,2,Dawn,1,Dry,0,None,88,Not Applicable,88,Not Applicable,0,None,88,Not Applicable,88,Not Applicable,2,Intersection,2,Four-Way Intersection,1,No,1,No,88,Not Applicable,88,Not Applicable,88,Not Applicable,88,Not Applicable,FALSE,1,Public Road,1,"Trafficway, On Road",CT0009300,New Haven PD,44946,43:20.0,O,Open,00:08.0,,,,,,,
1379825,1,Complete,1379825,1379825,41.29120269,-72.9418314,926031,New Haven,93,93,New Haven,3/24/2026,2026,3,March,24,3,Tuesday,8:41:00,8,26010831,K,2,Wrong way (or Wrong Side),Motor Vehicle In Motion,Fatal (Kill),K,Fatal Injury (K),0,0,3,State,0.91,10,10-N,10-N,,WASHINGTON AVE,150,Feet,N,41.29120269,-72.9418314,14,Motor Vehicle in Operation,2,Front to front,1,On Roadway,1,Clear,88,Not Applicable,1,Daylight,1,Dry,0,None,88,Not Applicable,88,Not Applicable,0,None,88,Not Applicable,88,Not Applicable,1,Non-Junction,1,Not at Intersection,1,No,1,No,88,Not Applicable,88,Not Applicable,88,Not Applicable,88,Not Applicable,FALSE,1,Public Road,1,"Trafficway, On Road",CT0009300,New Haven PD,40810,17:07.0,O,Open,00:08.0,,,,,,,
1380110,1,Complete,1380110,1380110,41.320126,-72.893103,3859362,New Haven,93,93,New Haven,3/14/2026,2026,3,March,14,7,Saturday,2:33:00,2,26009561,A,2,,Motor Vehicle In Motion,"Injury of any type (Serious, Minor, Possible)",C,Possible Injury (C),0,0,4,Local,0.49,411,MIDDLETOWN AV,MIDDLETOWN AV,CLINTON AVE,,,,,41.320126,-72.893103,14,Motor Vehicle in Operation,3,Angle,1,On Roadway,1,Clear,88,Not Applicable,4,Dark-Lighted,1,Dry,0,None,88,Not Applicable,88,Not Applicable,0,None,88,Not Applicable,88,Not Applicable,2,Intersection,2,Four-Way Intersection,1,No,1,No,88,Not Applicable,88,Not Applicable,88,Not Applicable,88,Not Applicable,FALSE,1,Public Road,1,"Trafficway, On Road",CT0009300,New Haven PD,42055,24:02.0,C,Closed,01:10.0,,,,,,,