CrashId,Fatal Case Status,Fatal Case Status Text Format,CrashId,CrashId,Latitude,Longitude,DOT Case Number,Town Name,Town Number,Town Number,Town Number Text Format,Date Of Crash,Year,Month,Month Text Format,Day,Day of the Week,Day of the Week Text Format,Time of Crash,Hour of the Day,Case Identifier,Crash Severity,Number Of Motor Vehicles,Motor vehicle action,Most harmful event,Crash Severity Text Format,Most Severe Injury,Most Severe Injury Text Format,Number Of Non-Motorist,Number Of Witnesses,Route Class,Route Class Text Format,Milemarker,Road Number,Road Description,Roadway Name,Intersecting Roadway Name,Landmark Description,Distance From Nearest Landmark,Unit Of Measure From Nearest Landmark,Direction From Nearest Landmark,Latitude,Longitude,First Harmful Event,First Harmful Event Text Format,Manner of Crash / Collision Impact,Manner of Crash / Collision Impact Text Format,Location of First Harmful Event,Location of First Harmful Event Text Format,Weather Condition,Weather Condition Text Format,Weather 2,Weather 2 Text Format,Light Condition,Light Condition Text Format,Road Surface Condition,Road Surface Condition Text Format,"Contributing Circumstances, Environment","Contributing Circumstances, Environment Text Format",Environment 2,Environment 2 Text Format,Environment 3,Environment 3 Text Format,"Contributing Circumstances, Road","Contributing Circumstances, Road Text Format",Road 2,Road 2 Text Format,Road 3,Road 3 Text Format,Crash Specific Location,Crash Specific Location Text Format,Type of Intersection,Type of Intersection Text Format,School Bus Related,School Bus Related Text Format,Work Zone Related,Work Zone Related Text Format,Location Of Crash Relative To Work Zone,Location Of Crash Relative To Work Zone Text Format,Type of Work Zone,Type of Work Zone Text Format,Worker Presence,Worker Presence Text Format,Law Enforcement Presence,Law Enforcement Presence Text Format,Were Vehicles Moved Prior To Police Arrival,Trafficway Ownership,Trafficway Ownership Text Format,Trafficway Class,Trafficway Class Text Format,Police Agency,Police Agency Text Format,Badge Number,Approval Date,Police Case Status,Police Case Status Text Format,Crash Report Submission Date,Related Case Identifiers,No. of Through Lanes (Log Dir.),Average Daily Traffic,Functional Classification,Functional Classification Text Format,Rural or Urban,Rural or Urban Text Format
1380112,1,Complete,1380112,1380112,41.324089,-72.881703,3859364,New Haven,93,93,New Haven,3/20/2026,2026,3,March,20,6,Friday,22:22:00,22,26010464,A,2,,Motor Vehicle In Motion,"Injury of any type (Serious, Minor, Possible)",B,Suspected Minor Injury (B),0,0,3,State,0.23,17,17-N,17-N,,FOXON BLVD,165,Feet,W,41.324089,-72.881703,14,Motor Vehicle in Operation,1,Front to rear,1,On Roadway,1,Clear,88,Not Applicable,4,Dark-Lighted,1,Dry,0,None,88,Not Applicable,88,Not Applicable,0,None,88,Not Applicable,88,Not Applicable,3,Intersection-Related,3,T-Intersection,1,No,1,No,88,Not Applicable,88,Not Applicable,88,Not Applicable,88,Not Applicable,FALSE,1,Public Road,1,"Trafficway, On Road",CT0009300,New Haven PD,45701,40:43.0,C,Closed,00:58.0,,,,,,,
1380384,1,Complete,1380384,1380384,41.31994,-72.898057,3859636,New Haven,93,93,New Haven,3/21/2026,2026,3,March,21,7,Saturday,10:44:00,10,26010496,A,2,,Motor Vehicle In Motion,"Injury of any type (Serious, Minor, Possible)",B,Suspected Minor Injury (B),0,0,2,USRoute,0.42,5,5-N,5-N,GRACE ST,,,,,41.31994,-72.898057,14,Motor Vehicle in Operation,3,Angle,1,On Roadway,1,Clear,88,Not Applicable,1,Daylight,1,Dry,0,None,88,Not Applicable,88,Not Applicable,0,None,88,Not Applicable,88,Not Applicable,2,Intersection,3,T-Intersection,1,No,1,No,88,Not Applicable,88,Not Applicable,88,Not Applicable,88,Not Applicable,FALSE,1,Public Road,1,"Trafficway, On Road",CT0009300,New Haven PD,48656,01:09.0,C,Closed,01:56.0,26-010496,,,,,,
1380389,1,Complete,1380389,1380389,41.3008,-72.89212,3859641,New Haven,93,93,New Haven,3/25/2026,2026,3,March,25,4,Wednesday,15:29:00,15,26011021,A,2,,Motor Vehicle In Motion,"Injury of any type (Serious, Minor, Possible)",B,Suspected Minor Injury (B),0,0,4,Local,0.42,210,FARREN AV,FARREN AV,EAST FERRY ST,,,,,41.3008,-72.89212,14,Motor Vehicle in Operation,1,Front to rear,1,On Roadway,1,Clear,88,Not Applicable,1,Daylight,1,Dry,0,None,88,Not Applicable,88,Not Applicable,0,None,88,Not Applicable,88,Not Applicable,2,Intersection,2,Four-Way Intersection,1,No,1,No,88,Not Applicable,88,Not Applicable,88,Not Applicable,88,Not Applicable,TRUE,1,Public Road,1,"Trafficway, On Road",CT0009300,New Haven PD,48660,42:22.0,C,Closed,02:07.0,,,,,,,
1380390,1,Complete,1380390,1380390,41.30946,-72.92708,3859642,New Haven,93,93,New Haven,3/26/2026,2026,3,March,26,5,Thursday,6:58:00,6,26011106,A,2,,Motor Vehicle In Motion,"Injury of any type (Serious, Minor, Possible)",C,Possible Injury (C),0,0,4,Local,0.38,726,ELM ST NO 2,ELM ST NO 2,COLLEGE ST,,,,,41.30946,-72.92708,14,Motor Vehicle in Operation,3,Angle,1,On Roadway,1,Clear,88,Not Applicable,1,Daylight,1,Dry,0,None,88,Not Applicable,88,Not Applicable,0,None,88,Not Applicable,88,Not Applicable,2,Intersection,2,Four-Way Intersection,1,No,1,No,88,Not Applicable,88,Not Applicable,88,Not Applicable,88,Not Applicable,TRUE,1,Public Road,1,"Trafficway, On Road",CT0009300,New Haven PD,47005,11:57.0,C,Closed,02:16.0,,,,,,,
1380741,1,Complete,1380741,1380741,41.301441,-72.926957,3859993,New Haven,93,93,New Haven,3/26/2026,2026,3,March,26,5,Thursday,22:26:00,22,26011255,A,2,,Motor Vehicle In Motion,"Injury of any type (Serious, Minor, Possible)",C,Possible Injury (C),0,1,4,Local,0.61,564,SOUTH FRONTAGE RD,SOUTH FRONTAGE RD,South Orange Street,,,,,41.301441,-72.926957,14,Motor Vehicle in Operation,4,"Sideswipe, same direction",1,On Roadway,1,Clear,88,Not Applicable,4,Dark-Lighted,1,Dry,99,Unknown,88,Not Applicable,88,Not Applicable,99,Unknown,88,Not Applicable,88,Not Applicable,2,Intersection,2,Four-Way Intersection,1,No,1,No,88,Not Applicable,88,Not Applicable,88,Not Applicable,88,Not Applicable,FALSE,1,Public Road,1,"Trafficway, On Road",CT0009300,New Haven PD,47003,49:00.0,C,Closed,01:30.0,,,,,,,
1380752,1,Complete,1380752,1380752,41.320855,-72.951779,3860004,New Haven,93,93,New Haven,3/27/2026,2026,3,March,27,6,Friday,21:38:00,21,26011393,A,1,,Pedestrian,"Injury of any type (Serious, Minor, Possible)",A,Suspected Serious Injury (A),1,1,3,State,3.22,10,10-N,10-N,PENDLETON ST,,,,,41.320855,-72.951779,9,Pedestrian,88,Not Applicable,1,On Roadway,1,Clear,88,Not Applicable,4,Dark-Lighted,1,Dry,0,None,88,Not Applicable,88,Not Applicable,0,None,88,Not Applicable,88,Not Applicable,2,Intersection,3,T-Intersection,1,No,1,No,88,Not Applicable,88,Not Applicable,88,Not Applicable,88,Not Applicable,FALSE,1,Public Road,1,"Trafficway, On Road",CT0009300,New Haven PD,45700,54:30.0,C,Closed,01:35.0,,,,,,,
1380753,1,Complete,1380753,1380753,41.3215329,-72.89694561,3860005,New Haven,93,93,New Haven,3/27/2026,2026,3,March,27,6,Friday,23:54:00,23,26011404,A,2,,Parked Vehicle,"Injury of any type (Serious, Minor, Possible)",B,Suspected Minor Injury (B),0,0,2,USRoute,0.54,5,5-N,5-N,,Rock St,210,Feet,N,41.3215329,-72.89694561,15,Parked Motor Vehicle,3,Angle,1,On Roadway,1,Clear,88,Not Applicable,4,Dark-Lighted,1,Dry,0,None,88,Not Applicable,88,Not Applicable,0,None,88,Not Applicable,88,Not Applicable,1,Non-Junction,1,Not at Intersection,1,No,1,No,88,Not Applicable,88,Not Applicable,88,Not Applicable,88,Not Applicable,FALSE,1,Public Road,1,"Trafficway, On Road",CT0009300,New Haven PD,48654,45:33.0,C,Closed,01:37.0,,,,,,,
1380754,1,Complete,1380754,1380754,41.291438,-72.8913,3860006,New Haven,93,93,New Haven,3/28/2026,2026,3,March,28,7,Saturday,10:14:00,10,26011431,A,2,,Motor Vehicle In Motion,"Injury of any type (Serious, Minor, Possible)",C,Possible Injury (C),0,1,4,Local,0.38,76,BURWELL ST,BURWELL ST,,PEAT MEADOW RD,375,Feet,S,41.291438,-72.8913,14,Motor Vehicle in Operation,4,"Sideswipe, same direction",1,On Roadway,1,Clear,1,Clear,1,Daylight,1,Dry,0,None,88,Not Applicable,88,Not Applicable,0,None,88,Not Applicable,88,Not Applicable,11,Through Roadway,1,Not at Intersection,1,No,1,No,88,Not Applicable,88,Not Applicable,88,Not Applicable,88,Not Applicable,FALSE,1,Public Road,1,"Trafficway, On Road",CT0009300,New Haven PD,48660,49:50.0,C,Closed,01:41.0,,,,,,,
1380757,1,Complete,1380757,1380757,41.31558308,-72.93945915,3860009,New Haven,93,93,New Haven,3/28/2026,2026,3,March,28,7,Saturday,14:03:00,14,26011455,A,2,,Motor Vehicle In Motion,"Injury of any type (Serious, Minor, Possible)",C,Possible Injury (C),0,0,4,Local,0.55,653,WHALLEY AV,WHALLEY AV,,ORCHARD ST,25,Feet,W,41.31558308,-72.93945915,14,Motor Vehicle in Operation,3,Angle,1,On Roadway,1,Clear,88,Not Applicable,1,Daylight,1,Dry,0,None,88,Not Applicable,88,Not Applicable,0,None,88,Not Applicable,88,Not Applicable,1,Non-Junction,1,Not at Intersection,1,No,1,No,88,Not Applicable,88,Not Applicable,88,Not Applicable,88,Not Applicable,FALSE,1,Public Road,1,"Trafficway, On Road",CT0009300,New Haven PD,45700,02:36.0,C,Closed,01:44.0,,,,,,,
1380758,1,Complete,1380758,1380758,41.313209,-72.918443,3860010,New Haven,93,93,New Haven,3/28/2026,2026,3,March,28,7,Saturday,14:34:00,14,26011457,A,2,,Motor Vehicle In Motion,"Injury of any type (Serious, Minor, Possible)",C,Possible Injury (C),0,0,4,Local,1.11,450,ORANGE ST NO 1,ORANGE ST NO 1,BRADLEY ST,,,,,41.313209,-72.918443,14,Motor Vehicle in Operation,3,Angle,1,On Roadway,1,Clear,88,Not Applicable,1,Daylight,1,Dry,0,None,88,Not Applicable,88,Not Applicable,0,None,88,Not Applicable,88,Not Applicable,2,Intersection,2,Four-Way Intersection,1,No,1,No,88,Not Applicable,88,Not Applicable,88,Not Applicable,88,Not Applicable,FALSE,1,Public Road,1,"Trafficway, On Road",CT0009300,New Haven PD,48662,54:22.0,C,Closed,01:56.0,,,,,,,
1380760,1,Complete,1380760,1380760,41.292082,-72.932688,3860012,New Haven,93,93,New Haven,3/28/2026,2026,3,March,28,7,Saturday,20:12:00,20,26011493,A,2,,Motor Vehicle In Motion,"Injury of any type (Serious, Minor, Possible)",C,Possible Injury (C),0,0,4,Local,1,308,HOWARD AV,HOWARD AV,Kimberly Avenue,,,,,41.292082,-72.932688,14,Motor Vehicle in Operation,3,Angle,1,On Roadway,1,Clear,88,Not Applicable,4,Dark-Lighted,1,Dry,0,None,88,Not Applicable,88,Not Applicable,0,None,88,Not Applicable,88,Not Applicable,2,Intersection,2,Four-Way Intersection,1,No,1,No,88,Not Applicable,88,Not Applicable,88,Not Applicable,88,Not Applicable,FALSE,1,Public Road,1,"Trafficway, On Road",CT0009300,New Haven PD,49452,30:34.0,C,Closed,01:49.0,,,,,,,
1380768,1,Complete,1380768,1380768,41.334514,-72.971142,3860020,New Haven,93,93,New Haven,3/29/2026,2026,3,March,29,1,Sunday,19:36:00,19,26011584,A,3,,"Struck By Falling, Shifting Cargo or Anything Set in Motion By Motor Vehicle","Injury of any type (Serious, Minor, Possible)",C,Possible Injury (C),0,0,4,Local,0.4,612,VALLEY ST NO 1,VALLEY ST NO 1,,EAST RAMSDELL ST,30,Feet,N,41.334514,-72.971142,14,Motor Vehicle in Operation,1,Front to rear,1,On Roadway,1,Clear,88,Not Applicable,4,Dark-Lighted,1,Dry,0,None,88,Not Applicable,88,Not Applicable,0,None,88,Not Applicable,88,Not Applicable,3,Intersection-Related,3,T-Intersection,1,No,1,No,88,Not Applicable,88,Not Applicable,88,Not Applicable,88,Not Applicable,FALSE,1,Public Road,1,"Trafficway, On Road",CT0009300,New Haven PD,7573,56:20.0,C,Closed,01:58.0,,,,,,,
1381321,1,Complete,1381321,1381321,41.314369,-72.949589,3860573,New Haven,93,93,New Haven,3/22/2026,2026,3,March,22,1,Sunday,1:07:00,1,26010569,A,2,,Parked Vehicle,"Injury of any type (Serious, Minor, Possible)",C,Possible Injury (C),0,0,4,Local,0.28,193,ELLSWORTH AV,ELLSWORTH AV,,Edgewood Ave,50,Feet,S,41.314369,-72.949589,15,Parked Motor Vehicle,4,"Sideswipe, same direction",1,On Roadway,1,Clear,88,Not Applicable,4,Dark-Lighted,1,Dry,0,None,88,Not Applicable,88,Not Applicable,0,None,88,Not Applicable,88,Not Applicable,1,Non-Junction,1,Not at Intersection,1,No,1,No,88,Not Applicable,88,Not Applicable,88,Not Applicable,88,Not Applicable,FALSE,1,Public Road,1,"Trafficway, On Road",CT0009300,New Haven PD,82,19:03.0,C,Closed,01:52.0,,,,,,,
1381323,1,Complete,1381323,1381323,41.331269,-72.867643,3860575,New Haven,93,93,New Haven,3/26/2026,2026,3,March,26,5,Thursday,20:01:00,20,26011247,A,1,,Pedalcycle/Pedalcyclist,"Injury of any type (Serious, Minor, Possible)",B,Suspected Minor Injury (B),1,0,3,State,0.79,103,103-N,103-N,SMITH AV,,,,,41.331269,-72.867643,10,Pedalcycle/Pedalcyclist,3,Angle,1,On Roadway,1,Clear,88,Not Applicable,5,Dark-Not Lighted,1,Dry,0,None,88,Not Applicable,88,Not Applicable,0,None,88,Not Applicable,88,Not Applicable,2,Intersection,2,Four-Way Intersection,1,No,1,No,88,Not Applicable,88,Not Applicable,88,Not Applicable,88,Not Applicable,FALSE,1,Public Road,1,"Trafficway, On Road",CT0009300,New Haven PD,772,48:15.0,C,Closed,01:59.0,,,,,,,
1381325,1,Complete,1381325,1381325,41.321315,-72.943958,3860577,New Haven,93,93,New Haven,3/28/2026,2026,3,March,28,7,Saturday,19:45:00,19,26011486,A,2,,Motor Vehicle In Motion,"Injury of any type (Serious, Minor, Possible)",C,Possible Injury (C),0,0,4,Local,0.79,439,NORTON ST,NORTON ST,,GOFFE TERR,25,Feet,S,41.321315,-72.943958,14,Motor Vehicle in Operation,6,Rear to side,1,On Roadway,1,Clear,88,Not Applicable,4,Dark-Lighted,1,Dry,0,None,88,Not Applicable,88,Not Applicable,0,None,88,Not Applicable,88,Not Applicable,1,Non-Junction,1,Not at Intersection,1,No,1,No,88,Not Applicable,88,Not Applicable,88,Not Applicable,88,Not Applicable,FALSE,1,Public Road,1,"Trafficway, On Road",CT0009300,New Haven PD,45398,33:25.0,C,Closed,01:54.0,,,,,,,
1381328,1,Complete,1381328,1381328,41.311277,-72.931059,3860580,New Haven,93,93,New Haven,3/30/2026,2026,3,March,30,2,Monday,7:54:00,7,26011616,A,2,,Motor Vehicle In Motion,"Injury of any type (Serious, Minor, Possible)",C,Possible Injury (C),0,0,4,Local,1.09,653,WHALLEY AV,WHALLEY AV ,,ELM STREET,30,Feet,N,41.311277,-72.931059,14,Motor Vehicle in Operation,1,Front to rear,1,On Roadway,1,Clear,88,Not Applicable,1,Daylight,1,Dry,0,None,88,Not Applicable,88,Not Applicable,0,None,88,Not Applicable,88,Not Applicable,3,Intersection-Related,3,T-Intersection,1,No,1,No,88,Not Applicable,88,Not Applicable,88,Not Applicable,88,Not Applicable,FALSE,1,Public Road,1,"Trafficway, On Road",CT0009300,New Haven PD,46899,45:34.0,C,Closed,02:03.0,,,,,,,
1381333,1,Complete,1381333,1381333,41.322047,-72.945442,3860585,New Haven,93,93,New Haven,3/30/2026,2026,3,March,30,2,Monday,15:11:00,15,26011680,A,2,,Motor Vehicle In Motion,"Injury of any type (Serious, Minor, Possible)",C,Possible Injury (C),0,1,4,Local,0.3,258,GOFFE TER,GOFFE TER,ELLSWORTH AV,,,,,41.322047,-72.945442,14,Motor Vehicle in Operation,3,Angle,1,On Roadway,1,Clear,88,Not Applicable,1,Daylight,1,Dry,0,None,88,Not Applicable,88,Not Applicable,0,None,88,Not Applicable,88,Not Applicable,2,Intersection,2,Four-Way Intersection,1,No,1,No,88,Not Applicable,88,Not Applicable,88,Not Applicable,88,Not Applicable,FALSE,1,Public Road,1,"Trafficway, On Road",CT0009300,New Haven PD,276,00:25.0,C,Closed,02:08.0,26011680,,,,,,
1381622,1,Complete,1381622,1381622,41.29477,-72.90018,926018,New Haven,93,93,New Haven,2/11/2026,2026,2,February,11,4,Wednesday,17:56:00,17,26006494,K,1,Straight Ahead,Pedestrian,Fatal (Kill),K,Fatal Injury (K),1,0,2,USRoute,49.67,1,1-N,1-N,,STILES ST,79,Feet,S,41.29477,-72.90018,9,Pedestrian,88,Not Applicable,1,On Roadway,1,Clear,88,Not Applicable,4,Dark-Lighted,3,Snow,0,None,88,Not Applicable,88,Not Applicable,0,None,88,Not Applicable,88,Not Applicable,3,Intersection-Related,2,Four-Way Intersection,1,No,1,No,88,Not Applicable,88,Not Applicable,88,Not Applicable,88,Not Applicable,TRUE,1,Public Road,1,"Trafficway, On Road",CT0009300,New Haven PD,45388,11:40.0,O,Open,01:47.0,,,,,,,
1381626,1,Complete,1381626,1381626,41.315389,-72.895362,3860878,New Haven,93,93,New Haven,3/26/2026,2026,3,March,26,5,Thursday,11:51:00,11,26011152,A,2,,Motor Vehicle In Motion,"Injury of any type (Serious, Minor, Possible)",C,Possible Injury (C),0,0,4,Local,0.21,531,ROWE ST,ROWE ST,LOMBARD ST,,,,,41.315389,-72.895362,14,Motor Vehicle in Operation,3,Angle,1,On Roadway,1,Clear,88,Not Applicable,1,Daylight,1,Dry,0,None,88,Not Applicable,88,Not Applicable,0,None,88,Not Applicable,88,Not Applicable,2,Intersection,2,Four-Way Intersection,1,No,1,No,88,Not Applicable,88,Not Applicable,88,Not Applicable,88,Not Applicable,FALSE,1,Public Road,1,"Trafficway, On Road",CT0009300,New Haven PD,40789,19:28.0,C,Closed,01:36.0,,,,,,,
1381627,1,Complete,1381627,1381627,41.30062246,-72.93787871,3860879,New Haven,93,93,New Haven,3/26/2026,2026,3,March,26,5,Thursday,17:07:00,17,26011189,A,2,,Motor Vehicle In Motion,"Injury of any type (Serious, Minor, Possible)",C,Possible Injury (C),0,0,4,Local,0.55,123,CONGRESS AV,CONGRESS AV,,DAGGETT ST,15,Feet,W,41.30062246,-72.93787871,14,Motor Vehicle in Operation,1,Front to rear,1,On Roadway,1,Clear,88,Not Applicable,1,Daylight,1,Dry,0,None,88,Not Applicable,88,Not Applicable,0,None,88,Not Applicable,88,Not Applicable,3,Intersection-Related,2,Four-Way Intersection,1,No,1,No,88,Not Applicable,88,Not Applicable,88,Not Applicable,88,Not Applicable,FALSE,1,Public Road,1,"Trafficway, On Road",CT0009300,New Haven PD,33016,42:25.0,C,Closed,01:43.0,,,,,,,
1381632,1,Complete,1381632,1381632,41.30846,-72.903166,3860884,New Haven,93,93,New Haven,3/31/2026,2026,3,March,31,3,Tuesday,8:45:00,8,26011768,A,2,,Motor Vehicle In Motion,"Injury of any type (Serious, Minor, Possible)",B,Suspected Minor Injury (B),0,0,4,Local,0.55,327,JAMES ST,JAMES ST,GRAND AVE,,,,,41.30846,-72.903166,14,Motor Vehicle in Operation,3,Angle,1,On Roadway,1,Clear,88,Not Applicable,1,Daylight,1,Dry,99,Unknown,88,Not Applicable,88,Not Applicable,99,Unknown,88,Not Applicable,88,Not Applicable,2,Intersection,2,Four-Way Intersection,1,No,1,No,88,Not Applicable,88,Not Applicable,88,Not Applicable,88,Not Applicable,FALSE,1,Public Road,1,"Trafficway, On Road",CT0009300,New Haven PD,42057,29:00.0,C,Closed,01:42.0,,,,,,,
1381635,1,Complete,1381635,1381635,41.32071,-72.897534,3860887,New Haven,93,93,New Haven,3/31/2026,2026,3,March,31,3,Tuesday,12:20:00,12,26011808,A,2,,Motor Vehicle In Motion,"Injury of any type (Serious, Minor, Possible)",C,Possible Injury (C),0,0,2,USRoute,0.48,5,5-N,5-N,,ROCK ST,105,Feet,S,41.32071,-72.897534,14,Motor Vehicle in Operation,1,Front to rear,1,On Roadway,1,Clear,88,Not Applicable,1,Daylight,1,Dry,0,None,88,Not Applicable,88,Not Applicable,0,None,88,Not Applicable,88,Not Applicable,1,Non-Junction,1,Not at Intersection,1,No,1,No,88,Not Applicable,88,Not Applicable,88,Not Applicable,88,Not Applicable,FALSE,1,Public Road,1,"Trafficway, On Road",CT0009300,New Haven PD,87,11:49.0,C,Closed,01:48.0,,,,,,,
1381872,1,Complete,1381872,1381872,41.30436,-72.94261,3861124,New Haven,93,93,New Haven,4/1/2026,2026,4,April,1,4,Wednesday,12:40:00,12,26011958,A,1,,Motor Vehicle In Motion,"Injury of any type (Serious, Minor, Possible)",C,Possible Injury (C),1,0,4,Local,0.2,453,ORCHARD ST,ORCHARD ST,SYLVAN AV,,,,,41.30436,-72.94261,14,Motor Vehicle in Operation,3,Angle,1,On Roadway,1,Clear,88,Not Applicable,1,Daylight,1,Dry,0,None,88,Not Applicable,88,Not Applicable,0,None,88,Not Applicable,88,Not Applicable,2,Intersection,2,Four-Way Intersection,1,No,1,No,88,Not Applicable,88,Not Applicable,88,Not Applicable,88,Not Applicable,FALSE,1,Public Road,1,"Trafficway, On Road",CT0009300,New Haven PD,44953,40:44.0,C,Closed,00:51.0,,,,,,,
1382103,1,Complete,1382103,1382103,41.33508287,-72.9456128,3861355,New Haven,93,93,New Haven,4/2/2026,2026,4,April,2,5,Thursday,8:09:00,8,26012047,A,3,,Motor Vehicle In Motion,"Injury of any type (Serious, Minor, Possible)",C,Possible Injury (C),0,1,3,State,4.56,10,10-N,10-N,,PINE ROCK AVE,520,Feet,N,41.33508287,-72.9456128,14,Motor Vehicle in Operation,1,Front to rear,1,On Roadway,4,Rain,88,Not Applicable,1,Daylight,2,Wet,0,None,88,Not Applicable,88,Not Applicable,0,None,88,Not Applicable,88,Not Applicable,1,Non-Junction,1,Not at Intersection,1,No,1,No,88,Not Applicable,88,Not Applicable,88,Not Applicable,88,Not Applicable,FALSE,1,Public Road,1,"Trafficway, On Road",CT0009300,New Haven PD,170,23:17.0,C,Closed,01:20.0,,,,,,,
1382105,1,Complete,1382105,1382105,41.33522495,-72.97672193,3861357,New Haven,93,93,New Haven,4/2/2026,2026,4,April,2,5,Thursday,9:37:00,9,26012053,A,2,,Motor Vehicle In Motion,"Injury of any type (Serious, Minor, Possible)",C,Possible Injury (C),0,0,3,State,0.05,69,69-N,69-N,,63-N,50,Feet,N,41.33522495,-72.97672193,14,Motor Vehicle in Operation,1,Front to rear,1,On Roadway,4,Rain,88,Not Applicable,1,Daylight,2,Wet,0,None,88,Not Applicable,88,Not Applicable,0,None,88,Not Applicable,88,Not Applicable,3,Intersection-Related,2,Four-Way Intersection,1,No,1,No,88,Not Applicable,88,Not Applicable,88,Not Applicable,88,Not Applicable,FALSE,1,Public Road,1,"Trafficway, On Road",CT0009300,New Haven PD,62,44:35.0,C,Closed,01:22.0,,,,,,,
1382107,1,Complete,1382107,1382107,41.32042522,-72.87225718,3861359,New Haven,93,93,New Haven,4/2/2026,2026,4,April,2,5,Thursday,17:13:00,17,26012113,A,2,,Motor Vehicle In Motion,"Injury of any type (Serious, Minor, Possible)",C,Possible Injury (C),0,0,3,State,0.54,80,80-E,80-E,,EASTERN ST,100,Feet,W,41.32042522,-72.87225718,14,Motor Vehicle in Operation,1,Front to rear,1,On Roadway,1,Clear,88,Not Applicable,1,Daylight,1,Dry,0,None,88,Not Applicable,88,Not Applicable,0,None,88,Not Applicable,88,Not Applicable,1,Non-Junction,1,Not at Intersection,1,No,1,No,88,Not Applicable,88,Not Applicable,88,Not Applicable,88,Not Applicable,FALSE,1,Public Road,1,"Trafficway, On Road",CT0009300,New Haven PD,47741,04:18.0,C,Closed,01:23.0,,,,,,,
1382108,1,Complete,1382108,1382108,41.33175356,-72.9494988,3861360,New Haven,93,93,New Haven,4/2/2026,2026,4,April,2,5,Thursday,16:53:00,16,26012121,A,3,,Parked Vehicle,"Injury of any type (Serious, Minor, Possible)",C,Possible Injury (C),0,0,3,State,4.24,10,10-N,10-N,,CRESCENT ST,50,Feet,N,41.33175356,-72.9494988,15,Parked Motor Vehicle,1,Front to rear,4,Roadside,1,Clear,88,Not Applicable,1,Daylight,1,Dry,0,None,88,Not Applicable,88,Not Applicable,0,None,88,Not Applicable,88,Not Applicable,1,Non-Junction,1,Not at Intersection,1,No,1,No,88,Not Applicable,88,Not Applicable,88,Not Applicable,88,Not Applicable,FALSE,1,Public Road,1,"Trafficway, On Road",CT0009300,New Haven PD,276,48:29.0,C,Closed,01:24.0,2612121,,,,,,
1382112,1,Complete,1382112,1382112,41.31941296,-72.93985268,3861364,New Haven,93,93,New Haven,4/2/2026,2026,4,April,2,5,Thursday,20:58:00,20,26012163,A,2,,Motor Vehicle In Motion,"Injury of any type (Serious, Minor, Possible)",B,Suspected Minor Injury (B),1,0,4,Local,0.11,257,GOFFE ST,GOFFE ST,,HUDSON ,85,Feet,W,41.31941296,-72.93985268,14,Motor Vehicle in Operation,97,Other,1,On Roadway,1,Clear,88,Not Applicable,1,Daylight,1,Dry,0,None,88,Not Applicable,88,Not Applicable,0,None,88,Not Applicable,88,Not Applicable,1,Non-Junction,1,Not at Intersection,1,No,1,No,88,Not Applicable,88,Not Applicable,88,Not Applicable,88,Not Applicable,TRUE,1,Public Road,1,"Trafficway, On Road",CT0009300,New Haven PD,44947,10:16.0,C,Closed,01:28.0,,,,,,,
1382114,1,Complete,1382114,1382114,41.3319075,-72.9379867,3861366,New Haven,93,93,New Haven,4/2/2026,2026,4,April,2,5,Thursday,21:42:00,21,26012170,A,1,,Tree (standing),"Injury of any type (Serious, Minor, Possible)",A,Suspected Serious Injury (A),0,0,4,Local,0.9,557,SHERMAN PKWY,SHERMAN PKWY,WILLIS ST,,,,,41.3319075,-72.9379867,32,Tree (standing),88,Not Applicable,2,Shoulder,1,Clear,88,Not Applicable,6,Dark-Unknown Lighting,1,Dry,4,Animal(s) in Roadway,88,Not Applicable,88,Not Applicable,0,None,88,Not Applicable,88,Not Applicable,2,Intersection,2,Four-Way Intersection,1,No,1,No,88,Not Applicable,88,Not Applicable,88,Not Applicable,88,Not Applicable,FALSE,1,Public Road,1,"Trafficway, On Road",CT0009300,New Haven PD,46900,46:14.0,C,Closed,01:29.0,,,,,,,
1382115,1,Complete,1382115,1382115,41.32101193,-72.87478245,3861367,New Haven,93,93,New Haven,4/2/2026,2026,4,April,2,5,Thursday,21:48:00,21,26012172,A,1,,Utility Pole,"Injury of any type (Serious, Minor, Possible)",A,Suspected Serious Injury (A),0,2,3,State,0.4,80,80-E,80-E,,QUINNIPIAC AV,150,Feet,W,41.32101193,-72.87478245,33,Utility Pole/Light Support,88,Not Applicable,2,Shoulder,1,Clear,88,Not Applicable,4,Dark-Lighted,2,Wet,97,Other,88,Not Applicable,88,Not Applicable,0,None,88,Not Applicable,88,Not Applicable,1,Non-Junction,1,Not at Intersection,1,No,1,No,88,Not Applicable,88,Not Applicable,88,Not Applicable,88,Not Applicable,FALSE,1,Public Road,1,"Trafficway, On Road",CT0009300,New Haven PD,46622,10:05.0,C,Closed,01:33.0,,,,,,,
1382446,1,Complete,1382446,1382446,41.323029,-72.935006,3861698,New Haven,93,93,New Haven,4/3/2026,2026,4,April,3,6,Friday,11:48:00,11,26012236,A,2,,Motor Vehicle In Motion,"Injury of any type (Serious, Minor, Possible)",C,Possible Injury (C),0,0,4,Local,0.71,152,DIXWELL AV,DIXWELL AV,,MUNSON ST,10,Feet,N,41.323029,-72.935006,14,Motor Vehicle in Operation,1,Front to rear,1,On Roadway,2,Cloudy,88,Not Applicable,1,Daylight,1,Dry,0,None,88,Not Applicable,88,Not Applicable,0,None,88,Not Applicable,88,Not Applicable,3,Intersection-Related,2,Four-Way Intersection,1,No,1,No,88,Not Applicable,88,Not Applicable,88,Not Applicable,88,Not Applicable,FALSE,1,Public Road,1,"Trafficway, On Road",CT0009300,New Haven PD,46623,01:55.0,C,Closed,00:32.0,,,,,,,