CrashId,Fatal Case Status,Fatal Case Status Text Format,CrashId,CrashId,Latitude,Longitude,DOT Case Number,Town Name,Town Number,Town Number,Town Number Text Format,Date Of Crash,Year,Month,Month Text Format,Day,Day of the Week,Day of the Week Text Format,Time of Crash,Hour of the Day,Case Identifier,Crash Severity,Number Of Motor Vehicles,Motor vehicle action,Most harmful event,Crash Severity Text Format,Most Severe Injury,Most Severe Injury Text Format,Number Of Non-Motorist,Number Of Witnesses,Route Class,Route Class Text Format,Milemarker,Road Number,Road Description,Roadway Name,Intersecting Roadway Name,Landmark Description,Distance From Nearest Landmark,Unit Of Measure From Nearest Landmark,Direction From Nearest Landmark,Latitude,Longitude,First Harmful Event,First Harmful Event Text Format,Manner of Crash / Collision Impact,Manner of Crash / Collision Impact Text Format,Location of First Harmful Event,Location of First Harmful Event Text Format,Weather Condition,Weather Condition Text Format,Weather 2,Weather 2 Text Format,Light Condition,Light Condition Text Format,Road Surface Condition,Road Surface Condition Text Format,"Contributing Circumstances, Environment","Contributing Circumstances, Environment Text Format",Environment 2,Environment 2 Text Format,Environment 3,Environment 3 Text Format,"Contributing Circumstances, Road","Contributing Circumstances, Road Text Format",Road 2,Road 2 Text Format,Road 3,Road 3 Text Format,Crash Specific Location,Crash Specific Location Text Format,Type of Intersection,Type of Intersection Text Format,School Bus Related,School Bus Related Text Format,Work Zone Related,Work Zone Related Text Format,Location Of Crash Relative To Work Zone,Location Of Crash Relative To Work Zone Text Format,Type of Work Zone,Type of Work Zone Text Format,Worker Presence,Worker Presence Text Format,Law Enforcement Presence,Law Enforcement Presence Text Format,Were Vehicles Moved Prior To Police Arrival,Trafficway Ownership,Trafficway Ownership Text Format,Trafficway Class,Trafficway Class Text Format,Police Agency,Police Agency Text Format,Badge Number,Approval Date,Police Case Status,Police Case Status Text Format,Crash Report Submission Date,Related Case Identifiers,No. of Through Lanes (Log Dir.),Average Daily Traffic,Functional Classification,Functional Classification Text Format,Rural or Urban,Rural or Urban Text Format
1382454,1,Complete,1382454,1382454,41.31613997,-72.94089276,3861706,New Haven,93,93,New Haven,4/3/2026,2026,4,April,3,6,Friday,20:21:00,20,26012317,A,2,,Motor Vehicle In Motion,"Injury of any type (Serious, Minor, Possible)",C,Possible Injury (C),0,0,4,Local,0.47,653,WHALLEY AV,WHALLEY AV,,HUDSON ST,20,Feet,E,41.31613997,-72.94089276,14,Motor Vehicle in Operation,3,Angle,1,On Roadway,1,Clear,88,Not Applicable,5,Dark-Not Lighted,1,Dry,0,None,88,Not Applicable,88,Not Applicable,0,None,88,Not Applicable,88,Not Applicable,9,Driveway Access-Related,1,Not at Intersection,1,No,1,No,88,Not Applicable,88,Not Applicable,88,Not Applicable,88,Not Applicable,FALSE,1,Public Road,1,"Trafficway, On Road",CT0009300,New Haven PD,45700,02:45.0,C,Closed,00:35.0,,,,,,,
1382455,1,Complete,1382455,1382455,41.317494,-72.90151,3861707,New Haven,93,93,New Haven,4/3/2026,2026,4,April,3,6,Friday,23:30:00,23,26012324,A,1,,Pedalcycle/Pedalcyclist,"Injury of any type (Serious, Minor, Possible)",B,Suspected Minor Injury (B),1,0,4,Local,1,57,BLATCHLEY AV,BLATCHLEY AV,State St,,,,,41.317494,-72.90151,10,Pedalcycle/Pedalcyclist,97,Other,1,On Roadway,1,Clear,88,Not Applicable,4,Dark-Lighted,1,Dry,0,None,88,Not Applicable,88,Not Applicable,0,None,88,Not Applicable,88,Not Applicable,2,Intersection,2,Four-Way Intersection,1,No,1,No,88,Not Applicable,88,Not Applicable,88,Not Applicable,88,Not Applicable,TRUE,1,Public Road,1,"Trafficway, On Road",CT0009300,New Haven PD,47745,22:35.0,C,Closed,00:41.0,,,,,,,
1382460,1,Complete,1382460,1382460,41.31895,-72.94912,3861712,New Haven,93,93,New Haven,4/5/2026,2026,4,April,5,1,Sunday,14:36:00,14,26012502,A,1,,Pedalcycle/Pedalcyclist,"Injury of any type (Serious, Minor, Possible)",C,Possible Injury (C),1,0,3,State,3.03,10,10-N,10-N,WHALLEY AV,,,,,41.31895,-72.94912,10,Pedalcycle/Pedalcyclist,97,Other,1,On Roadway,4,Rain,88,Not Applicable,1,Daylight,2,Wet,0,None,88,Not Applicable,88,Not Applicable,0,None,88,Not Applicable,88,Not Applicable,2,Intersection,2,Four-Way Intersection,2,"Yes, School Bus Directly Involved",1,No,88,Not Applicable,88,Not Applicable,88,Not Applicable,88,Not Applicable,FALSE,1,Public Road,1,"Trafficway, On Road",CT0009300,New Haven PD,45700,04:15.0,C,Closed,00:43.0,,,,,,,
1382904,1,Complete,1382904,1382904,41.289028,-72.894947,3862156,New Haven,93,93,New Haven,3/31/2026,2026,3,March,31,3,Tuesday,16:49:00,16,26011862,A,2,,Motor Vehicle In Motion,"Injury of any type (Serious, Minor, Possible)",C,Possible Injury (C),0,0,1,Interstate,0.37,95,95-N-346,95-N-346 (EXIT 50) (Main St Annex on Google),,WOODWARD AVE,50,Feet,W,41.289028,-72.894947,14,Motor Vehicle in Operation,1,Front to rear,1,On Roadway,1,Clear,88,Not Applicable,1,Daylight,1,Dry,0,None,88,Not Applicable,88,Not Applicable,0,None,88,Not Applicable,88,Not Applicable,3,Intersection-Related,2,Four-Way Intersection,1,No,1,No,88,Not Applicable,88,Not Applicable,88,Not Applicable,88,Not Applicable,TRUE,1,Public Road,1,"Trafficway, On Road",CT0009300,New Haven PD,279,46:15.0,C,Closed,01:44.0,,,,,,,
1382907,1,Complete,1382907,1382907,41.313062,-72.952052,3862159,New Haven,93,93,New Haven,4/5/2026,2026,4,April,5,1,Sunday,14:04:00,14,26012500,A,3,,Motor Vehicle In Motion,"Injury of any type (Serious, Minor, Possible)",B,Suspected Minor Injury (B),0,0,3,State,2.59,10,10-N,10-N,CHAPEL ST,,,,,41.313062,-72.952052,14,Motor Vehicle in Operation,3,Angle,1,On Roadway,4,Rain,88,Not Applicable,1,Daylight,2,Wet,0,None,88,Not Applicable,88,Not Applicable,0,None,88,Not Applicable,88,Not Applicable,2,Intersection,2,Four-Way Intersection,1,No,1,No,88,Not Applicable,88,Not Applicable,88,Not Applicable,88,Not Applicable,FALSE,1,Public Road,1,"Trafficway, On Road",CT0009300,New Haven PD,45630,46:32.0,C,Closed,01:51.0,,,,,,,
1383240,1,Complete,1383240,1383240,41.305935,-72.946888,3862492,New Haven,93,93,New Haven,4/7/2026,2026,4,April,7,3,Tuesday,8:56:00,8,26012716,A,2,,Motor Vehicle In Motion,"Injury of any type (Serious, Minor, Possible)",C,Possible Injury (C),0,0,4,Local,0.29,360,LEGION AV,LEGION AV,WINTHROP AVE,,,,,41.305935,-72.946888,14,Motor Vehicle in Operation,3,Angle,1,On Roadway,1,Clear,88,Not Applicable,1,Daylight,1,Dry,0,None,88,Not Applicable,88,Not Applicable,0,None,88,Not Applicable,88,Not Applicable,2,Intersection,2,Four-Way Intersection,1,No,1,No,88,Not Applicable,88,Not Applicable,88,Not Applicable,88,Not Applicable,FALSE,1,Public Road,1,"Trafficway, On Road",CT0009300,New Haven PD,43690,09:11.0,C,Closed,00:29.0,,,,,,,
1383477,1,Complete,1383477,1383477,41.326385,-72.959389,3862729,New Haven,93,93,New Haven,4/8/2026,2026,4,April,8,4,Wednesday,17:04:00,17,26012126,A,2,,Motor Vehicle In Motion,"Injury of any type (Serious, Minor, Possible)",C,Possible Injury (C),0,0,3,State,0.16,63,63-N,63-N,,TOUR AVE,20,Feet,W,41.326385,-72.959389,14,Motor Vehicle in Operation,1,Front to rear,1,On Roadway,1,Clear,88,Not Applicable,4,Dark-Lighted,99,Unknown,0,None,88,Not Applicable,88,Not Applicable,0,None,88,Not Applicable,88,Not Applicable,3,Intersection-Related,3,T-Intersection,1,No,1,No,88,Not Applicable,88,Not Applicable,88,Not Applicable,88,Not Applicable,TRUE,1,Public Road,1,"Trafficway, On Road",CT0009300,New Haven PD,46627,19:02.0,C,Closed,01:01.0,,,,,,,
1383488,1,Complete,1383488,1383488,41.320907,-72.874227,3862740,New Haven,93,93,New Haven,4/8/2026,2026,4,April,8,4,Wednesday,16:30:00,16,26012945,A,3,,Motor Vehicle In Motion,"Injury of any type (Serious, Minor, Possible)",C,Possible Injury (C),0,0,3,State,0.44,80,80-E,80-E,103-N,,,,,41.320907,-72.874227,14,Motor Vehicle in Operation,1,Front to rear,1,On Roadway,1,Clear,88,Not Applicable,1,Daylight,1,Dry,0,None,88,Not Applicable,88,Not Applicable,0,None,88,Not Applicable,88,Not Applicable,3,Intersection-Related,2,Four-Way Intersection,1,No,1,No,88,Not Applicable,88,Not Applicable,88,Not Applicable,88,Not Applicable,FALSE,1,Public Road,1,"Trafficway, On Road",CT0009300,New Haven PD,45388,41:08.0,C,Closed,01:05.0,,,,,,,
1383709,1,Complete,1383709,1383709,41.314148,-72.896812,3862961,New Haven,93,93,New Haven,3/31/2026,2026,3,March,31,3,Tuesday,8:42:00,8,26011793,A,2,,Motor Vehicle In Motion,"Injury of any type (Serious, Minor, Possible)",C,Possible Injury (C),0,0,4,Local,0.38,213,FERRY ST,FERRY ST,Chatham St,,,,,41.314148,-72.896812,14,Motor Vehicle in Operation,3,Angle,1,On Roadway,1,Clear,88,Not Applicable,1,Daylight,1,Dry,0,None,88,Not Applicable,88,Not Applicable,0,None,88,Not Applicable,88,Not Applicable,2,Intersection,2,Four-Way Intersection,1,No,1,No,88,Not Applicable,88,Not Applicable,88,Not Applicable,88,Not Applicable,FALSE,1,Public Road,1,"Trafficway, On Road",CT0009300,New Haven PD,40789,49:46.0,C,Closed,01:36.0,,,,,,,
1383714,1,Complete,1383714,1383714,41.309291,-72.895303,3862966,New Haven,93,93,New Haven,4/8/2026,2026,4,April,8,4,Wednesday,16:16:00,16,26012944,A,2,,Motor Vehicle In Motion,"Injury of any type (Serious, Minor, Possible)",C,Possible Injury (C),0,0,,,,,,355 FERRY ST,,GRAND AVE,40,Feet,N,41.309291,-72.895303,14,Motor Vehicle in Operation,1,Front to rear,97,Other,1,Clear,88,Not Applicable,1,Daylight,1,Dry,99,Unknown,88,Not Applicable,88,Not Applicable,99,Unknown,88,Not Applicable,88,Not Applicable,97,Other,1,Not at Intersection,1,No,1,No,88,Not Applicable,88,Not Applicable,88,Not Applicable,88,Not Applicable,FALSE,88,Not Applicable,4,Parking Lot,CT0009300,New Haven PD,48651,41:11.0,C,Closed,01:35.0,,,,,,,
1384143,1,Complete,1384143,1384143,41.311129,-72.935887,3863395,New Haven,93,93,New Haven,4/10/2026,2026,4,April,10,6,Friday,13:35:00,13,26013262,A,2,,Motor Vehicle In Motion,"Injury of any type (Serious, Minor, Possible)",C,Possible Injury (C),0,0,4,Local,0.18,160,DWIGHT ST,DWIGHT ST,edgewood avenue,,,,,41.311129,-72.935887,14,Motor Vehicle in Operation,3,Angle,1,On Roadway,1,Clear,88,Not Applicable,1,Daylight,1,Dry,0,None,88,Not Applicable,88,Not Applicable,0,None,88,Not Applicable,88,Not Applicable,2,Intersection,2,Four-Way Intersection,1,No,1,No,88,Not Applicable,88,Not Applicable,88,Not Applicable,88,Not Applicable,FALSE,1,Public Road,1,"Trafficway, On Road",CT0009300,New Haven PD,42056,32:08.0,C,Closed,00:22.0,,,,,,,
1384144,1,Complete,1384144,1384144,41.314467,-72.951352,3863396,New Haven,93,93,New Haven,4/10/2026,2026,4,April,10,6,Friday,14:35:00,14,26013267,A,3,,Motor Vehicle In Motion,"Injury of any type (Serious, Minor, Possible)",B,Suspected Minor Injury (B),0,0,3,State,2.7,10,10-N,10-N,,EDGEWOOD AVENUE,175,Feet,S,41.314467,-72.951352,14,Motor Vehicle in Operation,1,Front to rear,1,On Roadway,1,Clear,88,Not Applicable,1,Daylight,1,Dry,0,None,88,Not Applicable,88,Not Applicable,0,None,88,Not Applicable,88,Not Applicable,1,Non-Junction,1,Not at Intersection,1,No,1,No,88,Not Applicable,88,Not Applicable,88,Not Applicable,88,Not Applicable,FALSE,1,Public Road,1,"Trafficway, On Road",CT0009300,New Haven PD,44062,53:37.0,C,Closed,00:37.0,,,,,,,
1384150,1,Complete,1384150,1384150,41.304376,-72.894667,3863402,New Haven,93,93,New Haven,4/11/2026,2026,4,April,11,7,Saturday,6:52:00,6,26013362,A,2,,Parked Vehicle,"Injury of any type (Serious, Minor, Possible)",C,Possible Injury (C),0,0,4,Local,0.11,97,CHAPEL ST,CHAPEL ST,,Ferry St,20,Feet,W,41.304376,-72.894667,14,Motor Vehicle in Operation,1,Front to rear,1,On Roadway,1,Clear,88,Not Applicable,1,Daylight,1,Dry,3,Glare,88,Not Applicable,88,Not Applicable,0,None,88,Not Applicable,88,Not Applicable,1,Non-Junction,1,Not at Intersection,1,No,1,No,88,Not Applicable,88,Not Applicable,88,Not Applicable,88,Not Applicable,FALSE,1,Public Road,1,"Trafficway, On Road",CT0009300,New Haven PD,45629,18:39.0,C,Closed,00:40.0,,,,,,,
1384158,1,Complete,1384158,1384158,41.309454,-72.890615,3863410,New Haven,93,93,New Haven,4/12/2026,2026,4,April,12,1,Sunday,2:43:00,2,26013461,A,2,,Motor Vehicle In Motion,"Injury of any type (Serious, Minor, Possible)",B,Suspected Minor Injury (B),0,1,4,Local,0.25,264,GRAND AV,GRAND AV,CLINTON AV,,,,,41.309454,-72.890615,14,Motor Vehicle in Operation,3,Angle,1,On Roadway,1,Clear,88,Not Applicable,4,Dark-Lighted,1,Dry,0,None,88,Not Applicable,88,Not Applicable,0,None,88,Not Applicable,88,Not Applicable,2,Intersection,3,T-Intersection,1,No,1,No,88,Not Applicable,88,Not Applicable,88,Not Applicable,88,Not Applicable,FALSE,1,Public Road,1,"Trafficway, On Road",CT0009300,New Haven PD,42055,32:53.0,C,Closed,00:20.0,,,,,,,
1384161,1,Complete,1384161,1384161,41.329398,-72.87653,3863413,New Haven,93,93,New Haven,4/12/2026,2026,4,April,12,1,Sunday,5:21:00,5,26013470,A,1,,Tree (standing),"Injury of any type (Serious, Minor, Possible)",B,Suspected Minor Injury (B),0,0,3,State,0.68,17,17-N,17-N,,ELLIS ST,20,Feet,S,41.329398,-72.87653,32,Tree (standing),88,Not Applicable,4,Roadside,1,Clear,88,Not Applicable,99,Unknown,1,Dry,99,Unknown,88,Not Applicable,88,Not Applicable,99,Unknown,88,Not Applicable,88,Not Applicable,1,Non-Junction,1,Not at Intersection,1,No,1,No,88,Not Applicable,88,Not Applicable,88,Not Applicable,88,Not Applicable,FALSE,1,Public Road,1,"Trafficway, On Road",CT0009300,New Haven PD,40792,54:45.0,C,Closed,00:24.0,,,,,,,
1384163,1,Complete,1384163,1384163,41.312149,-72.919293,3863415,New Haven,93,93,New Haven,4/12/2026,2026,4,April,12,1,Sunday,9:26:00,9,26013482,A,2,,Motor Vehicle In Motion,"Injury of any type (Serious, Minor, Possible)",C,Possible Injury (C),0,0,4,Local,0.32,601,TRUMBULL ST,TRUMBULL ST,Orange Street,,,,,41.312149,-72.919293,14,Motor Vehicle in Operation,3,Angle,1,On Roadway,1,Clear,88,Not Applicable,1,Daylight,1,Dry,0,None,88,Not Applicable,88,Not Applicable,0,None,88,Not Applicable,88,Not Applicable,2,Intersection,8,"Five-Point, or More",1,No,1,No,88,Not Applicable,88,Not Applicable,88,Not Applicable,88,Not Applicable,FALSE,1,Public Road,1,"Trafficway, On Road",CT0009300,New Haven PD,46899,21:39.0,C,Closed,00:25.0,26-013482,,,,,,
1384168,1,Complete,1384168,1384168,41.29025282,-72.89439027,3863420,New Haven,93,93,New Haven,4/12/2026,2026,4,April,12,1,Sunday,20:58:00,20,26013548,A,2,,Motor Vehicle In Motion,"Injury of any type (Serious, Minor, Possible)",C,Possible Injury (C),0,0,2,USRoute,50.14,1,1-N,1-N,,WOODWARD AV,30,Feet,S,41.29025282,-72.89439027,14,Motor Vehicle in Operation,1,Front to rear,1,On Roadway,1,Clear,88,Not Applicable,4,Dark-Lighted,1,Dry,0,None,88,Not Applicable,88,Not Applicable,0,None,88,Not Applicable,88,Not Applicable,3,Intersection-Related,2,Four-Way Intersection,1,No,1,No,88,Not Applicable,88,Not Applicable,88,Not Applicable,88,Not Applicable,FALSE,1,Public Road,1,"Trafficway, On Road",CT0009300,New Haven PD,47741,20:11.0,C,Closed,00:32.0,,,,,,,
1384169,1,Complete,1384169,1384169,41.319343,-72.871818,3863421,New Haven,93,93,New Haven,4/12/2026,2026,4,April,12,1,Sunday,21:35:00,21,26013551,A,1,,Curb,"Injury of any type (Serious, Minor, Possible)",B,Suspected Minor Injury (B),0,0,4,Local,0.89,167,EASTERN ST,EASTERN ST,,FOXON STREET,100,Feet,S,41.319343,-72.871818,25,Curb,88,Not Applicable,1,On Roadway,1,Clear,88,Not Applicable,4,Dark-Lighted,1,Dry,0,None,88,Not Applicable,88,Not Applicable,0,None,88,Not Applicable,88,Not Applicable,1,Non-Junction,1,Not at Intersection,1,No,1,No,88,Not Applicable,88,Not Applicable,88,Not Applicable,88,Not Applicable,FALSE,1,Public Road,1,"Trafficway, On Road",CT0009300,New Haven PD,46622,20:22.0,C,Closed,00:34.0,,,,,,,
1384696,1,Complete,1384696,1384696,41.309417,-72.936159,3863948,New Haven,93,93,New Haven,4/2/2026,2026,4,April,2,5,Thursday,16:46:00,16,26012108,A,1,,Utility Pole,"Injury of any type (Serious, Minor, Possible)",C,Possible Injury (C),0,0,4,Local,2.37,97,CHAPEL ST,CHAPEL ST,,Howe ST,135,Feet,W,41.309417,-72.936159,33,Utility Pole/Light Support,88,Not Applicable,4,Roadside,1,Clear,88,Not Applicable,1,Daylight,1,Dry,0,None,88,Not Applicable,88,Not Applicable,0,None,88,Not Applicable,88,Not Applicable,1,Non-Junction,1,Not at Intersection,1,No,1,No,88,Not Applicable,88,Not Applicable,88,Not Applicable,88,Not Applicable,FALSE,1,Public Road,1,"Trafficway, On Road",CT0009300,New Haven PD,45398,33:38.0,C,Closed,01:52.0,,,,,,,
1384698,1,Complete,1384698,1384698,41.31403,-72.92151,3863950,New Haven,93,93,New Haven,4/5/2026,2026,4,April,5,1,Sunday,20:15:00,20,26012527,A,2,,Parked Vehicle,"Injury of any type (Serious, Minor, Possible)",C,Possible Injury (C),0,0,4,Local,0.25,656,WHITNEY AV,WHITNEY AV,,BRADLEY ST,150,Feet,S,41.31403,-72.92151,14,Motor Vehicle in Operation,3,Angle,1,On Roadway,4,Rain,88,Not Applicable,4,Dark-Lighted,2,Wet,0,None,88,Not Applicable,88,Not Applicable,0,None,88,Not Applicable,88,Not Applicable,1,Non-Junction,1,Not at Intersection,1,No,1,No,88,Not Applicable,88,Not Applicable,88,Not Applicable,88,Not Applicable,FALSE,1,Public Road,1,"Trafficway, On Road",CT0009300,New Haven PD,44049,34:33.0,C,Closed,01:49.0,,,,,,,
1384703,1,Complete,1384703,1384703,41.320182,-72.893179,3863955,New Haven,93,93,New Haven,4/9/2026,2026,4,April,9,5,Thursday,6:29:00,6,26013025,A,2,,Motor Vehicle In Motion,"Injury of any type (Serious, Minor, Possible)",C,Possible Injury (C),0,0,4,Local,0.49,411,MIDDLETOWN AV,MIDDLETOWN AV,CLINTON AVE,,,,,41.320182,-72.893179,14,Motor Vehicle in Operation,3,Angle,1,On Roadway,1,Clear,88,Not Applicable,1,Daylight,1,Dry,0,None,88,Not Applicable,88,Not Applicable,0,None,88,Not Applicable,88,Not Applicable,2,Intersection,2,Four-Way Intersection,1,No,1,No,88,Not Applicable,88,Not Applicable,88,Not Applicable,88,Not Applicable,TRUE,1,Public Road,1,"Trafficway, On Road",CT0009300,New Haven PD,48045,32:24.0,C,Closed,02:02.0,,,,,,,
1384709,1,Complete,1384709,1384709,41.309147,-72.896094,3863961,New Haven,93,93,New Haven,4/12/2026,2026,4,April,12,1,Sunday,16:30:00,16,26013521,A,1,,Pedestrian,"Injury of any type (Serious, Minor, Possible)",B,Suspected Minor Injury (B),1,0,,,,,,GRAND AV,,FERRY ST,150,Feet,W,41.309147,-72.896094,9,Pedestrian,88,Not Applicable,97,Other,1,Clear,88,Not Applicable,1,Daylight,1,Dry,0,None,88,Not Applicable,88,Not Applicable,0,None,88,Not Applicable,88,Not Applicable,97,Other,1,Not at Intersection,1,No,1,No,88,Not Applicable,88,Not Applicable,88,Not Applicable,88,Not Applicable,TRUE,88,Not Applicable,4,Parking Lot,CT0009300,New Haven PD,44951,41:49.0,C,Closed,01:55.0,,,,,,,
1384712,1,Complete,1384712,1384712,41.330662,-72.92608,3863964,New Haven,93,93,New Haven,4/13/2026,2026,4,April,13,2,Monday,9:33:00,9,26013604,A,2,,Motor Vehicle In Motion,"Injury of any type (Serious, Minor, Possible)",C,Possible Injury (C),0,0,4,Local,0.69,42,BASSETT ST,BASSETT ST,,WINCHESTER AVE,25,Feet,W,41.330662,-72.92608,14,Motor Vehicle in Operation,1,Front to rear,1,On Roadway,1,Clear,88,Not Applicable,1,Daylight,1,Dry,99,Unknown,88,Not Applicable,88,Not Applicable,99,Unknown,88,Not Applicable,88,Not Applicable,3,Intersection-Related,3,T-Intersection,1,No,1,No,88,Not Applicable,88,Not Applicable,88,Not Applicable,88,Not Applicable,FALSE,1,Public Road,1,"Trafficway, On Road",CT0009300,New Haven PD,48653,23:21.0,C,Closed,01:49.0,,,,,,,
1384715,1,Complete,1384715,1384715,41.337754,-72.972937,3863967,New Haven,93,93,New Haven,4/13/2026,2026,4,April,13,2,Monday,15:48:00,15,26013654,A,2,,Motor Vehicle In Motion,"Injury of any type (Serious, Minor, Possible)",B,Suspected Minor Injury (B),0,0,4,Local,0.16,612,VALLEY ST NO 1,VALLEY ST NO 1,Mountain Road,,,,,41.337754,-72.972937,14,Motor Vehicle in Operation,3,Angle,1,On Roadway,1,Clear,1,Clear,1,Daylight,1,Dry,0,None,88,Not Applicable,88,Not Applicable,0,None,88,Not Applicable,88,Not Applicable,2,Intersection,3,T-Intersection,1,No,1,No,88,Not Applicable,88,Not Applicable,88,Not Applicable,88,Not Applicable,FALSE,1,Public Road,1,"Trafficway, On Road",CT0009300,New Haven PD,46173,58:59.0,C,Closed,01:55.0,,,,,,,
1384902,1,Complete,1384902,1384902,41.30563,-72.935991,3864154,New Haven,93,93,New Haven,4/13/2026,2026,4,April,13,2,Monday,21:00:00,21,26013709,A,2,,Motor Vehicle In Motion,"Injury of any type (Serious, Minor, Possible)",C,Possible Injury (C),0,0,4,Local,0.45,463,PARK ST,PARK ST,S FRONTAGE RD,,,,,41.30563,-72.935991,14,Motor Vehicle in Operation,3,Angle,1,On Roadway,1,Clear,88,Not Applicable,4,Dark-Lighted,1,Dry,0,None,88,Not Applicable,88,Not Applicable,0,None,88,Not Applicable,88,Not Applicable,2,Intersection,2,Four-Way Intersection,1,No,1,No,88,Not Applicable,88,Not Applicable,88,Not Applicable,88,Not Applicable,FALSE,1,Public Road,1,"Trafficway, On Road",CT0009300,New Haven PD,46617,45:54.0,C,Closed,00:39.0,,,,,,,
1384903,1,Complete,1384903,1384903,41.328662,-72.964383,3864155,New Haven,93,93,New Haven,4/13/2026,2026,4,April,13,2,Monday,22:30:00,22,26013721,A,1,,Utility Pole,"Injury of any type (Serious, Minor, Possible)",B,Suspected Minor Injury (B),0,0,3,State,0.49,63,63-N,63-N,,EMERSON STREET,145,Feet,E,41.328662,-72.964383,33,Utility Pole/Light Support,88,Not Applicable,4,Roadside,4,Rain,88,Not Applicable,4,Dark-Lighted,2,Wet,99,Unknown,88,Not Applicable,88,Not Applicable,0,None,88,Not Applicable,88,Not Applicable,1,Non-Junction,1,Not at Intersection,1,No,1,No,88,Not Applicable,88,Not Applicable,88,Not Applicable,88,Not Applicable,TRUE,1,Public Road,1,"Trafficway, On Road",CT0009300,New Haven PD,47001,15:33.0,C,Closed,00:38.0,,,,,,,
1385118,1,Complete,1385118,1385118,41.290817,-72.941532,3864370,New Haven,93,93,New Haven,1/21/2026,2026,1,January,21,4,Wednesday,12:42:00,12,26002751,A,2,,Utility Pole,"Injury of any type (Serious, Minor, Possible)",A,Suspected Serious Injury (A),0,0,4,Local,0.12,626,WASHINGTON AV NO 1,WASHINGTON AV NO 1,ELLA T GRASSO BLVD,,,,,41.290817,-72.941532,14,Motor Vehicle in Operation,3,Angle,1,On Roadway,1,Clear,88,Not Applicable,1,Daylight,1,Dry,0,None,88,Not Applicable,88,Not Applicable,0,None,88,Not Applicable,88,Not Applicable,2,Intersection,2,Four-Way Intersection,1,No,1,No,88,Not Applicable,88,Not Applicable,88,Not Applicable,88,Not Applicable,FALSE,1,Public Road,1,"Trafficway, On Road",CT0009300,New Haven PD,48658,33:48.0,C,Closed,00:53.0,26-002751,,,,,,
1385122,1,Complete,1385122,1385122,41.293579,-72.89779,3864374,New Haven,93,93,New Haven,4/13/2026,2026,4,April,13,2,Monday,14:17:00,14,26013646,A,3,,Motor Vehicle In Motion,"Injury of any type (Serious, Minor, Possible)",C,Possible Injury (C),0,0,4,Local,0.46,242,FULTON ST,FULTON ST,Forbes Avenue,,,,,41.293579,-72.89779,14,Motor Vehicle in Operation,3,Angle,1,On Roadway,1,Clear,88,Not Applicable,1,Daylight,1,Dry,0,None,88,Not Applicable,88,Not Applicable,0,None,88,Not Applicable,88,Not Applicable,2,Intersection,2,Four-Way Intersection,1,No,1,No,88,Not Applicable,88,Not Applicable,88,Not Applicable,88,Not Applicable,FALSE,1,Public Road,1,"Trafficway, On Road",CT0009300,New Haven PD,42048,33:31.0,C,Closed,01:02.0,,,,,,,
1385129,1,Complete,1385129,1385129,41.312923,-72.932001,3864381,New Haven,93,93,New Haven,4/15/2026,2026,4,April,15,4,Wednesday,10:34:00,10,26013936,A,3,,Motor Vehicle In Motion,"Injury of any type (Serious, Minor, Possible)",C,Possible Injury (C),0,0,4,Local,0.2,596,TOWER PKWY,TOWER PKWY,Broadway ,,5,,,41.312923,-72.932001,14,Motor Vehicle in Operation,2,Front to front,1,On Roadway,1,Clear,88,Not Applicable,1,Daylight,1,Dry,97,Other,88,Not Applicable,88,Not Applicable,0,None,88,Not Applicable,88,Not Applicable,2,Intersection,2,Four-Way Intersection,1,No,1,No,88,Not Applicable,88,Not Applicable,88,Not Applicable,88,Not Applicable,FALSE,1,Public Road,1,"Trafficway, On Road",CT0009300,New Haven PD,44062,17:57.0,C,Closed,01:00.0,,,,,,,
1385330,1,Complete,1385330,1385330,41.288665,-72.892625,3864582,New Haven,93,93,New Haven,4/9/2026,2026,4,April,9,5,Thursday,19:56:00,19,26013673,A,2,,Motor Vehicle In Motion,"Injury of any type (Serious, Minor, Possible)",C,Possible Injury (C),0,0,3,State,0.08,337,337-E,337-E,,MAIN STREET,10,Feet,S,41.288665,-72.892625,14,Motor Vehicle in Operation,1,Front to rear,1,On Roadway,1,Clear,88,Not Applicable,4,Dark-Lighted,1,Dry,0,None,88,Not Applicable,88,Not Applicable,0,None,88,Not Applicable,88,Not Applicable,3,Intersection-Related,2,Four-Way Intersection,1,No,1,No,88,Not Applicable,88,Not Applicable,88,Not Applicable,88,Not Applicable,TRUE,1,Public Road,1,"Trafficway, On Road",CT0009300,New Haven PD,48652,42:00.0,O,Open,01:42.0,,,,,,,