CrashId,Fatal Case Status,Fatal Case Status Text Format,CrashId,CrashId,Latitude,Longitude,DOT Case Number,Town Name,Town Number,Town Number,Town Number Text Format,Date Of Crash,Year,Month,Month Text Format,Day,Day of the Week,Day of the Week Text Format,Time of Crash,Hour of the Day,Case Identifier,Crash Severity,Number Of Motor Vehicles,Motor vehicle action,Most harmful event,Crash Severity Text Format,Most Severe Injury,Most Severe Injury Text Format,Number Of Non-Motorist,Number Of Witnesses,Route Class,Route Class Text Format,Milemarker,Road Number,Road Description,Roadway Name,Intersecting Roadway Name,Landmark Description,Distance From Nearest Landmark,Unit Of Measure From Nearest Landmark,Direction From Nearest Landmark,Latitude,Longitude,First Harmful Event,First Harmful Event Text Format,Manner of Crash / Collision Impact,Manner of Crash / Collision Impact Text Format,Location of First Harmful Event,Location of First Harmful Event Text Format,Weather Condition,Weather Condition Text Format,Weather 2,Weather 2 Text Format,Light Condition,Light Condition Text Format,Road Surface Condition,Road Surface Condition Text Format,"Contributing Circumstances, Environment","Contributing Circumstances, Environment Text Format",Environment 2,Environment 2 Text Format,Environment 3,Environment 3 Text Format,"Contributing Circumstances, Road","Contributing Circumstances, Road Text Format",Road 2,Road 2 Text Format,Road 3,Road 3 Text Format,Crash Specific Location,Crash Specific Location Text Format,Type of Intersection,Type of Intersection Text Format,School Bus Related,School Bus Related Text Format,Work Zone Related,Work Zone Related Text Format,Location Of Crash Relative To Work Zone,Location Of Crash Relative To Work Zone Text Format,Type of Work Zone,Type of Work Zone Text Format,Worker Presence,Worker Presence Text Format,Law Enforcement Presence,Law Enforcement Presence Text Format,Were Vehicles Moved Prior To Police Arrival,Trafficway Ownership,Trafficway Ownership Text Format,Trafficway Class,Trafficway Class Text Format,Police Agency,Police Agency Text Format,Badge Number,Approval Date,Police Case Status,Police Case Status Text Format,Crash Report Submission Date,Related Case Identifiers,No. of Through Lanes (Log Dir.),Average Daily Traffic,Functional Classification,Functional Classification Text Format,Rural or Urban,Rural or Urban Text Format
1391565,1,Complete,1391565,1391565,41.320192,-72.893223,3870817,New Haven,93,93,New Haven,5/8/2026,2026,5,May,8,6,Friday,1:56:00,1,26017004,A,1,,Tree (standing),"Injury of any type (Serious, Minor, Possible)",C,Possible Injury (C),0,0,4,Local,0.49,411,MIDDLETOWN AV,MIDDLETOWN AV,Clinton Ave,,,,,41.320192,-72.893223,25,Curb,88,Not Applicable,2,Shoulder,1,Clear,88,Not Applicable,4,Dark-Lighted,1,Dry,0,None,88,Not Applicable,88,Not Applicable,0,None,88,Not Applicable,88,Not Applicable,2,Intersection,2,Four-Way Intersection,1,No,1,No,88,Not Applicable,88,Not Applicable,88,Not Applicable,88,Not Applicable,FALSE,1,Public Road,1,"Trafficway, On Road",CT0009300,New Haven PD,45626,08:13.0,C,Closed,00:57.0,,,,,,,
1391574,1,Complete,1391574,1391574,41.33259,-72.937356,3870826,New Haven,93,93,New Haven,5/8/2026,2026,5,May,8,6,Friday,15:46:00,15,26017059,A,3,,Motor Vehicle In Motion,"Injury of any type (Serious, Minor, Possible)",C,Possible Injury (C),0,0,4,Local,0.1,42,BASSETT ST,BASSETT ST,,SHERMAN parkway,165,Feet,E,41.33259,-72.937356,14,Motor Vehicle in Operation,1,Front to rear,1,On Roadway,1,Clear,88,Not Applicable,1,Daylight,1,Dry,0,None,88,Not Applicable,88,Not Applicable,0,None,88,Not Applicable,88,Not Applicable,1,Non-Junction,1,Not at Intersection,1,No,1,No,88,Not Applicable,88,Not Applicable,88,Not Applicable,88,Not Applicable,FALSE,1,Public Road,1,"Trafficway, On Road",CT0009300,New Haven PD,47005,01:15.0,C,Closed,01:17.0,,,,,,,
1391578,1,Complete,1391578,1391578,41.305014,-72.937315,3870830,New Haven,93,93,New Haven,5/8/2026,2026,5,May,8,6,Friday,19:31:00,19,26017091,A,1,,Other Non-motorist,"Injury of any type (Serious, Minor, Possible)",C,Possible Injury (C),1,1,4,Local,0.08,308,HOWARD AV,HOWARD AV,SYLVAN AVE,,,,,41.305014,-72.937315,11,Other Non-motorist,88,Not Applicable,1,On Roadway,1,Clear,88,Not Applicable,1,Daylight,1,Dry,0,None,88,Not Applicable,88,Not Applicable,0,None,88,Not Applicable,88,Not Applicable,2,Intersection,3,T-Intersection,1,No,1,No,88,Not Applicable,88,Not Applicable,88,Not Applicable,88,Not Applicable,TRUE,1,Public Road,1,"Trafficway, On Road",CT0009300,New Haven PD,45394,52:58.0,O,Open,01:16.0,,,,,,,
1391579,1,Complete,1391579,1391579,41.304699,-72.926855,3870831,New Haven,93,93,New Haven,5/9/2026,2026,5,May,9,7,Saturday,0:07:00,0,26017113,A,1,,Pedestrian,"Injury of any type (Serious, Minor, Possible)",B,Suspected Minor Injury (B),1,4,4,Local,0.19,103,CHURCH ST,CHURCH ST,,CROWN ST,10,Feet,S,41.304699,-72.926855,9,Pedestrian,88,Not Applicable,1,On Roadway,1,Clear,88,Not Applicable,4,Dark-Lighted,1,Dry,0,None,88,Not Applicable,88,Not Applicable,0,None,88,Not Applicable,88,Not Applicable,3,Intersection-Related,2,Four-Way Intersection,1,No,1,No,88,Not Applicable,88,Not Applicable,88,Not Applicable,88,Not Applicable,FALSE,1,Public Road,1,"Trafficway, On Road",CT0009300,New Haven PD,44953,01:57.0,C,Closed,01:20.0,,,,,,,
1391580,1,Complete,1391580,1391580,41.29771644,-72.93660016,3870832,New Haven,93,93,New Haven,5/9/2026,2026,5,May,9,7,Saturday,6:27:00,6,26017136,A,1,,Utility Pole,"Injury of any type (Serious, Minor, Possible)",B,Suspected Minor Injury (B),0,0,2,USRoute,47.27,1,1-N,1-N,,HALLOCK ST,160,Feet,W,41.29771644,-72.93660016,33,Utility Pole/Light Support,88,Not Applicable,2,Shoulder,2,Cloudy,88,Not Applicable,2,Dawn,1,Dry,0,None,88,Not Applicable,88,Not Applicable,0,None,88,Not Applicable,88,Not Applicable,1,Non-Junction,1,Not at Intersection,1,No,1,No,88,Not Applicable,88,Not Applicable,88,Not Applicable,88,Not Applicable,FALSE,1,Public Road,1,"Trafficway, On Road",CT0009300,New Haven PD,47006,22:12.0,C,Closed,01:23.0,,,,,,,
1391585,1,Complete,1391585,1391585,41.32588,-72.958568,3870837,New Haven,93,93,New Haven,5/9/2026,2026,5,May,9,7,Saturday,15:17:00,15,26017172,A,2,,Motor Vehicle In Motion,"Injury of any type (Serious, Minor, Possible)",C,Possible Injury (C),0,0,4,Local,0.07,758,WEST ROCK AV NO 2,WEST ROCK AV NO 2,WHALLEY AVE,,,,,41.32588,-72.958568,14,Motor Vehicle in Operation,3,Angle,1,On Roadway,4,Rain,88,Not Applicable,1,Daylight,2,Wet,0,None,88,Not Applicable,88,Not Applicable,0,None,88,Not Applicable,88,Not Applicable,2,Intersection,8,"Five-Point, or More",1,No,1,No,88,Not Applicable,88,Not Applicable,88,Not Applicable,88,Not Applicable,TRUE,1,Public Road,1,"Trafficway, On Road",CT0009300,New Haven PD,45403,34:40.0,O,Open,01:30.0,,,,,,,
1391587,1,Complete,1391587,1391587,41.296798,-72.948236,3870839,New Haven,93,93,New Haven,5/9/2026,2026,5,May,9,7,Saturday,17:16:00,17,26017184,A,2,,Motor Vehicle In Motion,"Injury of any type (Serious, Minor, Possible)",C,Possible Injury (C),0,0,3,State,1.42,10,10-N,10-N,,Columbus Avenue,245,Feet,S,41.296798,-72.948236,14,Motor Vehicle in Operation,3,Angle,1,On Roadway,4,Rain,88,Not Applicable,1,Daylight,2,Wet,0,None,88,Not Applicable,88,Not Applicable,0,None,88,Not Applicable,88,Not Applicable,1,Non-Junction,1,Not at Intersection,1,No,1,No,88,Not Applicable,88,Not Applicable,88,Not Applicable,88,Not Applicable,TRUE,1,Public Road,1,"Trafficway, On Road",CT0009300,New Haven PD,48509,41:28.0,C,Closed,01:43.0,,,,,,,
1391588,1,Complete,1391588,1391588,41.292139,-72.889308,3870840,New Haven,93,93,New Haven,5/9/2026,2026,5,May,9,7,Saturday,17:50:00,17,26017187,A,2,,Motor Vehicle In Motion,"Injury of any type (Serious, Minor, Possible)",C,Possible Injury (C),0,0,4,Local,0.06,703,PEAT MEADOW RD NO 1,PEAT MEADOW RD NO 1,MILTON ST,,,,,41.292139,-72.889308,14,Motor Vehicle in Operation,3,Angle,1,On Roadway,4,Rain,88,Not Applicable,3,Dusk,2,Wet,0,None,88,Not Applicable,88,Not Applicable,0,None,88,Not Applicable,88,Not Applicable,2,Intersection,3,T-Intersection,1,No,1,No,88,Not Applicable,88,Not Applicable,88,Not Applicable,88,Not Applicable,TRUE,1,Public Road,1,"Trafficway, On Road",CT0009300,New Haven PD,45388,53:14.0,C,Closed,01:35.0,,,,,,,
1391593,1,Complete,1391593,1391593,41.315003,-72.943065,3870845,New Haven,93,93,New Haven,5/10/2026,2026,5,May,10,1,Sunday,10:24:00,10,26017237,A,2,,Motor Vehicle In Motion,"Injury of any type (Serious, Minor, Possible)",C,Possible Injury (C),0,0,4,Local,0.66,556,SHERMAN AV,SHERMAN AV,,ELM ST,20,Feet,S,41.315003,-72.943065,14,Motor Vehicle in Operation,1,Front to rear,1,On Roadway,1,Clear,88,Not Applicable,1,Daylight,1,Dry,0,None,88,Not Applicable,88,Not Applicable,0,None,88,Not Applicable,88,Not Applicable,3,Intersection-Related,2,Four-Way Intersection,1,No,1,No,88,Not Applicable,88,Not Applicable,88,Not Applicable,88,Not Applicable,FALSE,1,Public Road,1,"Trafficway, On Road",CT0009300,New Haven PD,48653,49:44.0,C,Closed,01:39.0,,,,,,,
1391594,1,Complete,1391594,1391594,41.306481,-72.926603,3870846,New Haven,93,93,New Haven,5/10/2026,2026,5,May,10,1,Sunday,13:02:00,13,26017253,A,2,,Parked Vehicle,"Injury of any type (Serious, Minor, Possible)",C,Possible Injury (C),0,0,4,Local,1.82,97,CHAPEL ST,CHAPEL ST,,TEMPLE ST,100,Feet,E,41.306481,-72.926603,14,Motor Vehicle in Operation,4,"Sideswipe, same direction",1,On Roadway,1,Clear,88,Not Applicable,1,Daylight,1,Dry,0,None,88,Not Applicable,88,Not Applicable,0,None,88,Not Applicable,88,Not Applicable,1,Non-Junction,1,Not at Intersection,1,No,1,No,88,Not Applicable,88,Not Applicable,88,Not Applicable,88,Not Applicable,FALSE,1,Public Road,1,"Trafficway, On Road",CT0009300,New Haven PD,46898,32:20.0,C,Closed,01:42.0,,,,,,,
1391595,1,Complete,1391595,1391595,41.308507,-72.902966,3870847,New Haven,93,93,New Haven,5/10/2026,2026,5,May,10,1,Sunday,14:59:00,14,26017264,A,2,,Motor Vehicle In Motion,"Injury of any type (Serious, Minor, Possible)",C,Possible Injury (C),0,0,4,Local,0.91,264,GRAND AV,GRAND AV,,JAMES ST,20,Feet,E,41.308507,-72.902966,14,Motor Vehicle in Operation,1,Front to rear,1,On Roadway,1,Clear,88,Not Applicable,1,Daylight,1,Dry,0,None,88,Not Applicable,88,Not Applicable,0,None,88,Not Applicable,88,Not Applicable,3,Intersection-Related,2,Four-Way Intersection,1,No,1,No,88,Not Applicable,88,Not Applicable,88,Not Applicable,88,Not Applicable,FALSE,1,Public Road,1,"Trafficway, On Road",CT0009300,New Haven PD,42367,39:10.0,C,Closed,01:40.0,,,,,,,
1392314,1,Complete,1392314,1392314,41.306089,-72.946939,3871566,New Haven,93,93,New Haven,4/18/2026,2026,4,April,18,7,Saturday,8:26:00,8,26014367,A,2,,Motor Vehicle In Motion,"Injury of any type (Serious, Minor, Possible)",C,Possible Injury (C),0,0,4,Local,0.01,556,SHERMAN AV,SHERMAN AV,,LEGION AVE,16,Feet,N,41.306089,-72.946939,14,Motor Vehicle in Operation,1,Front to rear,1,On Roadway,1,Clear,88,Not Applicable,1,Daylight,1,Dry,0,None,88,Not Applicable,88,Not Applicable,0,None,88,Not Applicable,88,Not Applicable,3,Intersection-Related,2,Four-Way Intersection,1,No,1,No,88,Not Applicable,88,Not Applicable,88,Not Applicable,88,Not Applicable,TRUE,1,Public Road,1,"Trafficway, On Road",CT0009300,New Haven PD,301,33:48.0,C,Closed,00:56.0,,,,,,,
1392315,1,Complete,1392315,1392315,41.322044,-72.945571,3871567,New Haven,93,93,New Haven,5/6/2026,2026,5,May,6,4,Wednesday,15:30:00,15,26016989,A,1,,Pedalcycle/Pedalcyclist,"Injury of any type (Serious, Minor, Possible)",C,Possible Injury (C),1,0,4,Local,0.86,193,ELLSWORTH AV,ELLSWORTH AV,GOFFE TER,,,,,41.322044,-72.945571,10,Pedalcycle/Pedalcyclist,3,Angle,1,On Roadway,1,Clear,88,Not Applicable,1,Daylight,1,Dry,0,None,88,Not Applicable,88,Not Applicable,0,None,88,Not Applicable,88,Not Applicable,2,Intersection,2,Four-Way Intersection,1,No,1,No,88,Not Applicable,88,Not Applicable,88,Not Applicable,88,Not Applicable,FALSE,1,Public Road,1,"Trafficway, On Road",CT0009300,New Haven PD,48656,40:31.0,C,Closed,00:52.0,26-016989,,,,,,
1392317,1,Complete,1392317,1392317,41.290801,-72.941245,3871569,New Haven,93,93,New Haven,5/10/2026,2026,5,May,10,1,Sunday,20:30:00,20,26017296,A,2,,Motor Vehicle In Motion,"Injury of any type (Serious, Minor, Possible)",C,Possible Injury (C),0,0,3,State,0.87,10,10-N,10-N,,WASHINGTON AVE,15,Feet,E,41.290801,-72.941245,14,Motor Vehicle in Operation,1,Front to rear,1,On Roadway,1,Clear,88,Not Applicable,4,Dark-Lighted,1,Dry,0,None,88,Not Applicable,88,Not Applicable,0,None,88,Not Applicable,88,Not Applicable,3,Intersection-Related,2,Four-Way Intersection,1,No,1,No,88,Not Applicable,88,Not Applicable,88,Not Applicable,88,Not Applicable,FALSE,1,Public Road,1,"Trafficway, On Road",CT0009300,New Haven PD,48510,49:59.0,C,Closed,01:00.0,,,,,,,
1392318,1,Complete,1392318,1392318,41.31069,-72.926157,3871570,New Haven,93,93,New Haven,5/11/2026,2026,5,May,11,2,Monday,0:44:00,0,26017309,A,1,,Other Non-motorist,"Injury of any type (Serious, Minor, Possible)",B,Suspected Minor Injury (B),1,0,4,Local,0.07,117,COLLEGE ST,COLLEGE ST,WALL ST,,,,,41.31069,-72.926157,11,Other Non-motorist,88,Not Applicable,1,On Roadway,1,Clear,88,Not Applicable,4,Dark-Lighted,1,Dry,0,None,88,Not Applicable,88,Not Applicable,0,None,88,Not Applicable,88,Not Applicable,2,Intersection,3,T-Intersection,1,No,1,No,88,Not Applicable,88,Not Applicable,88,Not Applicable,88,Not Applicable,FALSE,1,Public Road,1,"Trafficway, On Road",CT0009300,New Haven PD,44048,42:26.0,C,Closed,00:51.0,,,,,,,
1392597,1,Complete,1392597,1392597,41.297665,-72.934208,3871849,New Haven,93,93,New Haven,5/11/2026,2026,5,May,11,2,Monday,15:55:00,15,26017399,A,2,,Motor Vehicle In Motion,"Injury of any type (Serious, Minor, Possible)",C,Possible Injury (C),0,0,4,Local,0.62,308,HOWARD AV,HOWARD AV,,COLUMBUS AVE,16,Feet,S,41.297665,-72.934208,14,Motor Vehicle in Operation,3,Angle,1,On Roadway,1,Clear,88,Not Applicable,1,Daylight,1,Dry,0,None,88,Not Applicable,88,Not Applicable,0,None,88,Not Applicable,88,Not Applicable,3,Intersection-Related,2,Four-Way Intersection,1,No,1,No,88,Not Applicable,88,Not Applicable,88,Not Applicable,88,Not Applicable,TRUE,1,Public Road,1,"Trafficway, On Road",CT0009300,New Haven PD,46627,29:48.0,C,Closed,01:43.0,,,,,,,
1392600,1,Complete,1392600,1392600,41.305973,-72.925569,3871852,New Haven,93,93,New Haven,5/12/2026,2026,5,May,12,3,Tuesday,7:04:00,7,26017466,A,2,,Motor Vehicle In Motion,"Injury of any type (Serious, Minor, Possible)",C,Possible Injury (C),0,0,4,Local,1.76,97,CHAPEL ST,CHAPEL ST,,CHURCH ST,20,Feet,E,41.305973,-72.925569,14,Motor Vehicle in Operation,1,Front to rear,1,On Roadway,1,Clear,88,Not Applicable,1,Daylight,1,Dry,0,None,88,Not Applicable,88,Not Applicable,0,None,88,Not Applicable,88,Not Applicable,3,Intersection-Related,2,Four-Way Intersection,1,No,1,No,88,Not Applicable,88,Not Applicable,88,Not Applicable,88,Not Applicable,FALSE,1,Public Road,1,"Trafficway, On Road",CT0009300,New Haven PD,44949,36:41.0,C,Closed,01:36.0,,,,,,,
1392602,1,Complete,1392602,1392602,41.29613,-72.9395,3871854,New Haven,93,93,New Haven,5/12/2026,2026,5,May,12,3,Tuesday,17:05:00,17,26017574,A,1,,Motor Vehicle In Motion,"Injury of any type (Serious, Minor, Possible)",C,Possible Injury (C),1,0,4,Local,0.11,636,WEST ST,WEST ST,FRANK ST,,,,,41.29613,-72.9395,14,Motor Vehicle in Operation,3,Angle,1,On Roadway,1,Clear,88,Not Applicable,1,Daylight,1,Dry,0,None,88,Not Applicable,88,Not Applicable,0,None,88,Not Applicable,88,Not Applicable,2,Intersection,2,Four-Way Intersection,1,No,1,No,88,Not Applicable,88,Not Applicable,88,Not Applicable,88,Not Applicable,FALSE,1,Public Road,1,"Trafficway, On Road",CT0009300,New Haven PD,45389,28:43.0,C,Closed,01:39.0,,,,,,,
1392876,1,Complete,1392876,1392876,41.297172,-72.892145,3872128,New Haven,93,93,New Haven,5/9/2026,2026,5,May,9,7,Saturday,21:26:00,21,26017205,A,2,,Motor Vehicle In Motion,"Injury of any type (Serious, Minor, Possible)",B,Suspected Minor Injury (B),0,0,4,Local,0.06,242,FULTON ST,FULTON ST,,FERREN AVENUE,105,Feet,W,41.297172,-72.892145,14,Motor Vehicle in Operation,3,Angle,1,On Roadway,1,Clear,88,Not Applicable,5,Dark-Not Lighted,1,Dry,0,None,88,Not Applicable,88,Not Applicable,99,Unknown,88,Not Applicable,88,Not Applicable,9,Driveway Access-Related,1,Not at Intersection,1,No,1,No,88,Not Applicable,88,Not Applicable,88,Not Applicable,88,Not Applicable,TRUE,1,Public Road,1,"Trafficway, On Road",CT0009300,New Haven PD,48660,59:23.0,O,Open,00:17.0,,,,,,,
1393201,1,Complete,1393201,1393201,41.30058,-72.94329,3872453,New Haven,93,93,New Haven,5/12/2026,2026,5,May,12,3,Tuesday,14:40:00,14,26017528,A,1,,Pedestrian,"Injury of any type (Serious, Minor, Possible)",C,Possible Injury (C),1,0,4,Local,0.01,672,WINTHROP AV NO 1,WINTHROP AV NO 1,DAVENPORT AV,,,,,41.30058,-72.94329,9,Pedestrian,88,Not Applicable,1,On Roadway,1,Clear,88,Not Applicable,1,Daylight,1,Dry,0,None,88,Not Applicable,88,Not Applicable,0,None,88,Not Applicable,88,Not Applicable,2,Intersection,2,Four-Way Intersection,1,No,1,No,88,Not Applicable,88,Not Applicable,88,Not Applicable,88,Not Applicable,FALSE,1,Public Road,1,"Trafficway, On Road",CT0009300,New Haven PD,42056,08:21.0,C,Closed,00:51.0,,,,,,,
1393202,1,Complete,1393202,1393202,41.29678,-72.948267,3872454,New Haven,93,93,New Haven,5/12/2026,2026,5,May,12,3,Tuesday,22:11:00,22,26017600,A,2,,Motor Vehicle In Motion,"Injury of any type (Serious, Minor, Possible)",C,Possible Injury (C),0,0,3,State,1.42,10,10-N,10-N,,COLUMBUS AVE,250,Feet,S,41.29678,-72.948267,14,Motor Vehicle in Operation,3,Angle,1,On Roadway,1,Clear,88,Not Applicable,1,Daylight,1,Dry,0,None,88,Not Applicable,88,Not Applicable,0,None,88,Not Applicable,88,Not Applicable,9,Driveway Access-Related,1,Not at Intersection,1,No,1,No,88,Not Applicable,88,Not Applicable,88,Not Applicable,88,Not Applicable,FALSE,1,Public Road,1,"Trafficway, On Road",CT0009300,New Haven PD,49452,00:04.0,C,Closed,00:42.0,,,,,,,
1393753,1,Complete,1393753,1393753,41.336814,-72.981718,3873005,New Haven,93,93,New Haven,3/27/2026,2026,3,March,27,6,Friday,9:06:00,9,26011374,A,2,,Parked Vehicle,"Injury of any type (Serious, Minor, Possible)",C,Possible Injury (C),0,0,,,,,,112 AMITY RD,,June Street,495,Feet,S,41.336814,-72.981718,14,Motor Vehicle in Operation,2,Front to front,7,In Parking Lane or Zone,1,Clear,88,Not Applicable,1,Daylight,1,Dry,0,None,88,Not Applicable,88,Not Applicable,0,None,88,Not Applicable,88,Not Applicable,97,Other,1,Not at Intersection,1,No,1,No,88,Not Applicable,88,Not Applicable,88,Not Applicable,88,Not Applicable,FALSE,88,Not Applicable,4,Parking Lot,CT0009300,New Haven PD,45700,00:24.0,C,Closed,01:28.0,,,,,,,
1393754,1,Complete,1393754,1393754,41.310264,-72.955168,3873006,New Haven,93,93,New Haven,4/26/2026,2026,4,April,26,1,Sunday,17:07:00,17,26015346,A,2,,Motor Vehicle In Motion,"Injury of any type (Serious, Minor, Possible)",C,Possible Injury (C),0,0,3,State,21.78,34,34-E,34-E,,ELLA T GRASSO BLVD,400,Feet,E,41.310264,-72.955168,14,Motor Vehicle in Operation,3,Angle,1,On Roadway,1,Clear,88,Not Applicable,1,Daylight,1,Dry,0,None,88,Not Applicable,88,Not Applicable,0,None,88,Not Applicable,88,Not Applicable,1,Non-Junction,1,Not at Intersection,1,No,1,No,88,Not Applicable,88,Not Applicable,88,Not Applicable,88,Not Applicable,FALSE,1,Public Road,1,"Trafficway, On Road",CT0009300,New Haven PD,45398,30:41.0,C,Closed,01:33.0,,,,,,,
1393755,1,Complete,1393755,1393755,41.306721,-72.946524,3873007,New Haven,93,93,New Haven,4/27/2026,2026,4,April,27,2,Monday,16:19:00,16,26015460,A,2,,Motor Vehicle In Motion,"Injury of any type (Serious, Minor, Possible)",C,Possible Injury (C),0,0,4,Local,0.06,556,SHERMAN AV,SHERMAN AV,MLK BLVD,,,,,41.306721,-72.946524,14,Motor Vehicle in Operation,5,"Sideswipe, opposite direction",1,On Roadway,1,Clear,88,Not Applicable,1,Daylight,1,Dry,0,None,88,Not Applicable,88,Not Applicable,0,None,88,Not Applicable,88,Not Applicable,2,Intersection,2,Four-Way Intersection,1,No,1,No,88,Not Applicable,88,Not Applicable,88,Not Applicable,88,Not Applicable,FALSE,1,Public Road,1,"Trafficway, On Road",CT0009300,New Haven PD,45398,32:13.0,C,Closed,01:41.0,,,,,,,
1393756,1,Complete,1393756,1393756,41.308241,-72.950761,3873008,New Haven,93,93,New Haven,4/27/2026,2026,4,April,27,2,Monday,16:19:00,16,26015468,A,2,,Parked Vehicle,"Injury of any type (Serious, Minor, Possible)",B,Suspected Minor Injury (B),0,1,4,Local,0.12,333,JUDSON AV,JUDSON AV,,MEAD ST,20,Feet,W,41.308241,-72.950761,14,Motor Vehicle in Operation,1,Front to rear,1,On Roadway,1,Clear,88,Not Applicable,1,Daylight,1,Dry,0,None,88,Not Applicable,88,Not Applicable,0,None,88,Not Applicable,88,Not Applicable,1,Non-Junction,1,Not at Intersection,1,No,1,No,88,Not Applicable,88,Not Applicable,88,Not Applicable,88,Not Applicable,FALSE,1,Public Road,1,"Trafficway, On Road",CT0009300,New Haven PD,48660,31:16.0,C,Closed,01:40.0,,,,,,,
1393757,1,Complete,1393757,1393757,41.31195995,-72.93884153,3873009,New Haven,93,93,New Haven,4/28/2026,2026,4,April,28,3,Tuesday,17:58:00,17,26015665,A,1,,Pedalcycle/Pedalcyclist,"Injury of any type (Serious, Minor, Possible)",C,Possible Injury (C),1,0,4,Local,1.74,179,EDGEWOOD AV,EDGEWOOD AV,,KENSINGTON STREET,140,Feet,E,41.31195995,-72.93884153,10,Pedalcycle/Pedalcyclist,6,Rear to side,4,Roadside,1,Clear,88,Not Applicable,1,Daylight,1,Dry,0,None,88,Not Applicable,88,Not Applicable,0,None,88,Not Applicable,88,Not Applicable,9,Driveway Access-Related,1,Not at Intersection,1,No,1,No,88,Not Applicable,88,Not Applicable,88,Not Applicable,88,Not Applicable,FALSE,1,Public Road,1,"Trafficway, On Road",CT0009300,New Haven PD,45398,05:49.0,C,Closed,01:47.0,,,,,,,
1393758,1,Complete,1393758,1393758,41.312677,-72.939138,3873010,New Haven,93,93,New Haven,4/29/2026,2026,4,April,29,4,Wednesday,19:11:00,19,26015822,A,4,,Parked Vehicle,"Injury of any type (Serious, Minor, Possible)",C,Possible Injury (C),0,0,4,Local,0.08,338,KENSINGTON ST,KENSINGTON ST,,ELM STREET,200,Feet,N,41.312677,-72.939138,15,Parked Motor Vehicle,5,"Sideswipe, opposite direction",1,On Roadway,1,Clear,88,Not Applicable,1,Daylight,1,Dry,0,None,88,Not Applicable,88,Not Applicable,0,None,88,Not Applicable,88,Not Applicable,1,Non-Junction,1,Not at Intersection,1,No,1,No,88,Not Applicable,88,Not Applicable,88,Not Applicable,88,Not Applicable,FALSE,1,Public Road,1,"Trafficway, On Road",CT0009300,New Haven PD,45398,51:05.0,C,Closed,01:48.0,,,,,,,
1393759,1,Complete,1393759,1393759,41.291966,-72.940498,3873011,New Haven,93,93,New Haven,4/30/2026,2026,4,April,30,5,Thursday,12:30:00,12,26015918,A,2,,Motor Vehicle In Motion,"Injury of any type (Serious, Minor, Possible)",C,Possible Injury (C),0,0,4,Local,0.23,626,WASHINGTON AV NO 1,WASHINGTON AV NO 1,,Barclay St,15,Feet,N,41.291966,-72.940498,14,Motor Vehicle in Operation,3,Angle,1,On Roadway,1,Clear,88,Not Applicable,1,Daylight,1,Dry,0,None,88,Not Applicable,88,Not Applicable,0,None,88,Not Applicable,88,Not Applicable,9,Driveway Access-Related,1,Not at Intersection,1,No,1,No,88,Not Applicable,88,Not Applicable,88,Not Applicable,88,Not Applicable,FALSE,1,Public Road,1,"Trafficway, On Road",CT0009300,New Haven PD,45398,29:52.0,C,Closed,02:21.0,,,,,,,
1393760,1,Complete,1393760,1393760,41.305028,-72.930421,3873012,New Haven,93,93,New Haven,5/7/2026,2026,5,May,7,5,Thursday,16:51:00,16,26016946,A,1,,Other Non-motorist,"Injury of any type (Serious, Minor, Possible)",B,Suspected Minor Injury (B),1,1,4,Local,0.52,117,COLLEGE ST,COLLEGE ST,GEORGE ST,,,,,41.305028,-72.930421,11,Other Non-motorist,88,Not Applicable,1,On Roadway,1,Clear,88,Not Applicable,1,Daylight,1,Dry,0,None,88,Not Applicable,88,Not Applicable,0,None,88,Not Applicable,88,Not Applicable,2,Intersection,2,Four-Way Intersection,1,No,1,No,88,Not Applicable,88,Not Applicable,88,Not Applicable,88,Not Applicable,FALSE,1,Public Road,1,"Trafficway, On Road",CT0009300,New Haven PD,47737,29:50.0,C,Closed,01:31.0,,,,,,,
1393783,1,Complete,1393783,1393783,41.32839,-72.95776,3873035,New Haven,93,93,New Haven,5/15/2026,2026,5,May,15,6,Friday,15:48:00,15,26018057,A,2,,Motor Vehicle In Motion,"Injury of any type (Serious, Minor, Possible)",C,Possible Injury (C),0,0,4,Local,0.83,56,BLAKE ST,BLAKE ST,,STONE ST,100,Feet,S,41.32839,-72.95776,14,Motor Vehicle in Operation,4,"Sideswipe, same direction",1,On Roadway,1,Clear,88,Not Applicable,1,Daylight,1,Dry,0,None,88,Not Applicable,88,Not Applicable,0,None,88,Not Applicable,88,Not Applicable,2,Intersection,3,T-Intersection,1,No,1,No,88,Not Applicable,88,Not Applicable,88,Not Applicable,88,Not Applicable,TRUE,1,Public Road,1,"Trafficway, On Road",CT0009300,New Haven PD,45403,09:57.0,C,Closed,01:46.0,,,,,,,
1393787,1,Complete,1393787,1393787,41.30553,-72.933558,3873039,New Haven,93,93,New Haven,5/15/2026,2026,5,May,15,6,Friday,16:53:00,16,26018077,A,2,,Motor Vehicle In Motion,"Injury of any type (Serious, Minor, Possible)",C,Possible Injury (C),0,0,4,Local,0.43,809,REV DR MLK JR BLVD,REV DR MLK JR BLVD,,YORK ST,15,Feet,E,41.30553,-72.933558,14,Motor Vehicle in Operation,3,Angle,1,On Roadway,1,Clear,88,Not Applicable,1,Daylight,1,Dry,0,None,88,Not Applicable,88,Not Applicable,0,None,88,Not Applicable,88,Not Applicable,3,Intersection-Related,2,Four-Way Intersection,1,No,1,No,88,Not Applicable,88,Not Applicable,88,Not Applicable,88,Not Applicable,TRUE,1,Public Road,1,"Trafficway, On Road",CT0009300,New Haven PD,45394,04:06.0,C,Closed,02:05.0,,,,,,,