CrashId,Fatal Case Status,Fatal Case Status Text Format,CrashId,CrashId,Latitude,Longitude,DOT Case Number,Town Name,Town Number,Town Number,Town Number Text Format,Date Of Crash,Year,Month,Month Text Format,Day,Day of the Week,Day of the Week Text Format,Time of Crash,Hour of the Day,Case Identifier,Crash Severity,Number Of Motor Vehicles,Motor vehicle action,Most harmful event,Crash Severity Text Format,Most Severe Injury,Most Severe Injury Text Format,Number Of Non-Motorist,Number Of Witnesses,Route Class,Route Class Text Format,Milemarker,Road Number,Road Description,Roadway Name,Intersecting Roadway Name,Landmark Description,Distance From Nearest Landmark,Unit Of Measure From Nearest Landmark,Direction From Nearest Landmark,Latitude,Longitude,First Harmful Event,First Harmful Event Text Format,Manner of Crash / Collision Impact,Manner of Crash / Collision Impact Text Format,Location of First Harmful Event,Location of First Harmful Event Text Format,Weather Condition,Weather Condition Text Format,Weather 2,Weather 2 Text Format,Light Condition,Light Condition Text Format,Road Surface Condition,Road Surface Condition Text Format,"Contributing Circumstances, Environment","Contributing Circumstances, Environment Text Format",Environment 2,Environment 2 Text Format,Environment 3,Environment 3 Text Format,"Contributing Circumstances, Road","Contributing Circumstances, Road Text Format",Road 2,Road 2 Text Format,Road 3,Road 3 Text Format,Crash Specific Location,Crash Specific Location Text Format,Type of Intersection,Type of Intersection Text Format,School Bus Related,School Bus Related Text Format,Work Zone Related,Work Zone Related Text Format,Location Of Crash Relative To Work Zone,Location Of Crash Relative To Work Zone Text Format,Type of Work Zone,Type of Work Zone Text Format,Worker Presence,Worker Presence Text Format,Law Enforcement Presence,Law Enforcement Presence Text Format,Were Vehicles Moved Prior To Police Arrival,Trafficway Ownership,Trafficway Ownership Text Format,Trafficway Class,Trafficway Class Text Format,Police Agency,Police Agency Text Format,Badge Number,Approval Date,Police Case Status,Police Case Status Text Format,Crash Report Submission Date,Related Case Identifiers,No. of Through Lanes (Log Dir.),Average Daily Traffic,Functional Classification,Functional Classification Text Format,Rural or Urban,Rural or Urban Text Format
1398485,1,Complete,1398485,1398485,41.307956,-72.930406,3877737,New Haven,93,93,New Haven,5/25/2026,2026,5,May,25,2,Monday,9:11:00,9,26019303,A,1,,Pedestrian,"Injury of any type (Serious, Minor, Possible)",C,Possible Injury (C),1,0,4,Local,2.04,97,CHAPEL ST,CHAPEL ST,HIGH ST,,,,,41.307956,-72.930406,9,Pedestrian,88,Not Applicable,1,On Roadway,1,Clear,88,Not Applicable,1,Daylight,1,Dry,0,None,0,None,88,Not Applicable,0,None,88,Not Applicable,88,Not Applicable,2,Intersection,2,Four-Way Intersection,1,No,1,No,88,Not Applicable,88,Not Applicable,88,Not Applicable,88,Not Applicable,TRUE,1,Public Road,1,"Trafficway, On Road",CT0009300,New Haven PD,45630,16:19.0,C,Closed,01:53.0,,,,,,,
1398488,1,Complete,1398488,1398488,41.290939,-72.941356,3877740,New Haven,93,93,New Haven,5/27/2026,2026,5,May,27,4,Wednesday,22:08:00,22,26019795,A,2,,Motor Vehicle In Motion,"Injury of any type (Serious, Minor, Possible)",C,Possible Injury (C),0,0,3,State,0.88,10,10-N,10-N,Washington Ave No 1,,,,,41.290939,-72.941356,14,Motor Vehicle in Operation,3,Angle,1,On Roadway,1,Clear,88,Not Applicable,5,Dark-Not Lighted,1,Dry,0,None,88,Not Applicable,88,Not Applicable,0,None,88,Not Applicable,88,Not Applicable,2,Intersection,2,Four-Way Intersection,1,No,1,No,88,Not Applicable,88,Not Applicable,88,Not Applicable,88,Not Applicable,FALSE,1,Public Road,1,"Trafficway, On Road",CT0009300,New Haven PD,45395,43:20.0,C,Closed,01:39.0,,,,,,,
1398490,1,Complete,1398490,1398490,41.308933,-72.89491,3877742,New Haven,93,93,New Haven,5/28/2026,2026,5,May,28,5,Thursday,18:06:00,18,26019924,A,2,,Motor Vehicle In Motion,"Injury of any type (Serious, Minor, Possible)",C,Possible Injury (C),0,0,,,,,,186 GRAND AVE,,FERRY ST,135,Feet,E,41.308933,-72.89491,14,Motor Vehicle in Operation,4,"Sideswipe, same direction",97,Other,1,Clear,88,Not Applicable,1,Daylight,1,Dry,0,None,88,Not Applicable,88,Not Applicable,0,None,88,Not Applicable,88,Not Applicable,97,Other,1,Not at Intersection,1,No,1,No,88,Not Applicable,88,Not Applicable,88,Not Applicable,88,Not Applicable,FALSE,88,Not Applicable,4,Parking Lot,CT0009300,New Haven PD,48653,50:00.0,C,Closed,01:26.0,,,,,,,
1398491,1,Complete,1398491,1398491,41.3272941,-72.9705215,3877743,New Haven,93,93,New Haven,5/28/2026,2026,5,May,28,5,Thursday,17:50:00,17,26019936,A,3,,"Struck By Falling, Shifting Cargo or Anything Set in Motion By Motor Vehicle","Injury of any type (Serious, Minor, Possible)",C,Possible Injury (C),0,0,3,State,6.1,243,243-E,243-E,,PARDEE PLACE,250,Feet,W,41.3272941,-72.9705215,14,Motor Vehicle in Operation,1,Front to rear,1,On Roadway,1,Clear,88,Not Applicable,1,Daylight,1,Dry,0,None,88,Not Applicable,88,Not Applicable,0,None,88,Not Applicable,88,Not Applicable,1,Non-Junction,1,Not at Intersection,1,No,1,No,88,Not Applicable,88,Not Applicable,88,Not Applicable,88,Not Applicable,TRUE,1,Public Road,1,"Trafficway, On Road",CT0009300,New Haven PD,48656,30:38.0,C,Closed,01:23.0,26019936,,,,,,
1398493,1,Complete,1398493,1398493,41.320887,-72.934423,3877745,New Haven,93,93,New Haven,5/28/2026,2026,5,May,28,5,Thursday,21:52:00,21,26019961,A,2,,Motor Vehicle In Motion,"Injury of any type (Serious, Minor, Possible)",C,Possible Injury (C),0,0,4,Local,0.56,152,DIXWELL AV,DIXWELL AV,HENRY ST,,,,,41.320887,-72.934423,14,Motor Vehicle in Operation,3,Angle,1,On Roadway,1,Clear,88,Not Applicable,4,Dark-Lighted,1,Dry,0,None,88,Not Applicable,88,Not Applicable,0,None,88,Not Applicable,88,Not Applicable,2,Intersection,2,Four-Way Intersection,1,No,1,No,88,Not Applicable,88,Not Applicable,88,Not Applicable,88,Not Applicable,FALSE,1,Public Road,1,"Trafficway, On Road",CT0009300,New Haven PD,751,22:44.0,C,Closed,02:00.0,,,,,,,
1398503,1,Complete,1398503,1398503,41.29793268,-72.94770307,3877755,New Haven,93,93,New Haven,5/30/2026,2026,5,May,30,7,Saturday,0:08:00,0,26020116,A,2,,Motor Vehicle In Motion,"Injury of any type (Serious, Minor, Possible)",B,Suspected Minor Injury (B),0,0,4,Local,0.02,141,DAVENPORT AV,DAVENPORT AV,CONGRESS AV,,,,,41.29793268,-72.94770307,14,Motor Vehicle in Operation,99,Unknown,1,On Roadway,1,Clear,88,Not Applicable,5,Dark-Not Lighted,1,Dry,0,None,88,Not Applicable,88,Not Applicable,0,None,88,Not Applicable,88,Not Applicable,2,Intersection,2,Four-Way Intersection,1,No,1,No,88,Not Applicable,88,Not Applicable,88,Not Applicable,88,Not Applicable,FALSE,1,Public Road,1,"Trafficway, On Road",CT0009300,New Haven PD,44949,21:40.0,C,Closed,01:47.0,,,,,,,
1398508,1,Complete,1398508,1398508,41.298312,-72.926308,3877760,New Haven,93,93,New Haven,5/30/2026,2026,5,May,30,7,Saturday,14:51:00,14,26020175,A,1,,Pedalcycle/Pedalcyclist,"Injury of any type (Serious, Minor, Possible)",C,Possible Injury (C),1,0,2,USRoute,48.03,1,1-N,1-N,,COLUMBUS AVE,180,Feet,S,41.298312,-72.926308,10,Pedalcycle/Pedalcyclist,3,Angle,1,On Roadway,2,Cloudy,88,Not Applicable,1,Daylight,1,Dry,0,None,88,Not Applicable,88,Not Applicable,0,None,88,Not Applicable,88,Not Applicable,9,Driveway Access-Related,1,Not at Intersection,1,No,1,No,88,Not Applicable,88,Not Applicable,88,Not Applicable,88,Not Applicable,TRUE,1,Public Road,1,"Trafficway, On Road",CT0009300,New Haven PD,48655,12:35.0,C,Closed,01:59.0,26-020175,,,,,,
1398509,1,Complete,1398509,1398509,41.27130386,-72.88999394,3877761,New Haven,93,93,New Haven,5/30/2026,2026,5,May,30,7,Saturday,15:07:00,15,26020177,A,2,,Motor Vehicle In Motion,"Injury of any type (Serious, Minor, Possible)",B,Suspected Minor Injury (B),0,0,4,Local,0.49,74,BURR ST,BURR ST,,FORT HALE RD NO 2,100,Feet,N,41.27130386,-72.88999394,14,Motor Vehicle in Operation,1,Front to rear,1,On Roadway,1,Clear,88,Not Applicable,1,Daylight,1,Dry,0,None,88,Not Applicable,88,Not Applicable,0,None,88,Not Applicable,88,Not Applicable,1,Non-Junction,1,Not at Intersection,1,No,1,No,88,Not Applicable,88,Not Applicable,88,Not Applicable,88,Not Applicable,TRUE,1,Public Road,1,"Trafficway, On Road",CT0009300,New Haven PD,46622,29:00.0,C,Closed,01:56.0,,,,,,,
1398513,1,Complete,1398513,1398513,41.29731003,-72.9502771,3877765,New Haven,93,93,New Haven,5/30/2026,2026,5,May,30,7,Saturday,20:31:00,20,26020210,A,3,,Motor Vehicle In Motion,"Injury of any type (Serious, Minor, Possible)",C,Possible Injury (C),0,0,2,USRoute,46.57,1,1-N,1-N,,10-N,300,Feet,W,41.29731003,-72.9502771,14,Motor Vehicle in Operation,1,Front to rear,1,On Roadway,1,Clear,88,Not Applicable,5,Dark-Not Lighted,1,Dry,0,None,88,Not Applicable,88,Not Applicable,3,Backup Due to Regular Congestion,88,Not Applicable,88,Not Applicable,1,Non-Junction,1,Not at Intersection,1,No,1,No,88,Not Applicable,88,Not Applicable,88,Not Applicable,88,Not Applicable,TRUE,1,Public Road,1,"Trafficway, On Road",CT0009300,New Haven PD,45394,11:05.0,C,Closed,02:09.0,,,,,,,
1398514,1,Complete,1398514,1398514,41.316618,-72.942383,3877766,New Haven,93,93,New Haven,5/30/2026,2026,5,May,30,7,Saturday,22:12:00,22,26020215,A,2,,Motor Vehicle In Motion,"Injury of any type (Serious, Minor, Possible)",A,Suspected Serious Injury (A),0,0,4,Local,0.77,556,SHERMAN AV,SHERMAN AV,WHALLEY AVE,,,,,41.316618,-72.942383,14,Motor Vehicle in Operation,3,Angle,1,On Roadway,1,Clear,88,Not Applicable,4,Dark-Lighted,1,Dry,0,None,88,Not Applicable,88,Not Applicable,99,Unknown,88,Not Applicable,88,Not Applicable,2,Intersection,2,Four-Way Intersection,1,No,1,No,88,Not Applicable,88,Not Applicable,88,Not Applicable,88,Not Applicable,FALSE,1,Public Road,1,"Trafficway, On Road",CT0009300,New Haven PD,48655,29:40.0,C,Closed,02:22.0,26-020215,,,,,,
1398515,1,Complete,1398515,1398515,41.323117,-72.886293,3877767,New Haven,93,93,New Haven,5/30/2026,2026,5,May,30,7,Saturday,22:38:00,22,26020222,A,2,,Motor Vehicle In Motion,"Injury of any type (Serious, Minor, Possible)",A,Suspected Serious Injury (A),0,0,4,Local,0.06,411,MIDDLETOWN AV,MIDDLETOWN AV,,Dump Rd,390,Feet,S,41.323117,-72.886293,14,Motor Vehicle in Operation,3,Angle,1,On Roadway,1,Clear,88,Not Applicable,5,Dark-Not Lighted,1,Dry,0,None,88,Not Applicable,88,Not Applicable,0,None,88,Not Applicable,88,Not Applicable,1,Non-Junction,1,Not at Intersection,1,No,1,No,88,Not Applicable,88,Not Applicable,88,Not Applicable,88,Not Applicable,FALSE,1,Public Road,1,"Trafficway, On Road",CT0009300,New Haven PD,48654,03:53.0,C,Closed,02:27.0,,,,,,,
1398521,1,Complete,1398521,1398521,41.32408,-72.881758,3877773,New Haven,93,93,New Haven,5/31/2026,2026,5,May,31,1,Sunday,11:23:00,11,26020255,A,2,,Motor Vehicle In Motion,"Injury of any type (Serious, Minor, Possible)",C,Possible Injury (C),0,0,3,State,0.23,17,17-S,17-S,,FOXON BLVD,19,Feet,N,41.32408,-72.881758,14,Motor Vehicle in Operation,1,Front to rear,1,On Roadway,1,Clear,88,Not Applicable,1,Daylight,1,Dry,0,None,88,Not Applicable,88,Not Applicable,0,None,88,Not Applicable,88,Not Applicable,2,Intersection,2,Four-Way Intersection,1,No,1,No,88,Not Applicable,88,Not Applicable,88,Not Applicable,88,Not Applicable,TRUE,1,Public Road,1,"Trafficway, On Road",CT0009300,New Haven PD,42049,08:23.0,C,Closed,02:20.0,,,,,,,
1398523,1,Complete,1398523,1398523,41.30249,-72.902294,3877775,New Haven,93,93,New Haven,5/31/2026,2026,5,May,31,1,Sunday,18:12:00,18,26020296,A,4,,Motor Vehicle In Motion,"Injury of any type (Serious, Minor, Possible)",C,Possible Injury (C),0,0,4,Local,0.96,327,JAMES ST,JAMES ST,,RIVER ST,90,Feet,S,41.30249,-72.902294,14,Motor Vehicle in Operation,1,Front to rear,1,On Roadway,1,Clear,88,Not Applicable,1,Daylight,1,Dry,0,None,88,Not Applicable,88,Not Applicable,0,None,88,Not Applicable,88,Not Applicable,1,Non-Junction,1,Not at Intersection,1,No,1,No,88,Not Applicable,88,Not Applicable,88,Not Applicable,88,Not Applicable,TRUE,1,Public Road,1,"Trafficway, On Road",CT0009300,New Haven PD,40788,33:30.0,O,Open,02:28.0,,,,,,,
1398524,1,Complete,1398524,1398524,41.317468,-72.901462,3877776,New Haven,93,93,New Haven,5/31/2026,2026,5,May,31,1,Sunday,21:43:00,21,26020309,A,2,,Motor Vehicle In Motion,"Injury of any type (Serious, Minor, Possible)",C,Possible Injury (C),0,0,2,USRoute,0.17,5,5-N,5-N,willow st ,,,,,41.317468,-72.901462,14,Motor Vehicle in Operation,3,Angle,1,On Roadway,4,Rain,88,Not Applicable,4,Dark-Lighted,2,Wet,0,None,88,Not Applicable,88,Not Applicable,0,None,88,Not Applicable,88,Not Applicable,2,Intersection,2,Four-Way Intersection,1,No,1,No,88,Not Applicable,88,Not Applicable,88,Not Applicable,88,Not Applicable,FALSE,1,Public Road,1,"Trafficway, On Road",CT0009300,New Haven PD,45700,46:05.0,C,Closed,02:31.0,,,,,,,
1399272,1,Complete,1399272,1399272,41.30064048,-72.93788893,3878520,New Haven,93,93,New Haven,5/28/2026,2026,5,May,28,5,Thursday,8:23:00,8,26019827,A,2,,Motor Vehicle In Motion,"Injury of any type (Serious, Minor, Possible)",C,Possible Injury (C),0,0,4,Local,0.55,123,CONGRESS AV,CONGRESS AV,,DAGGETT ST,40,Feet,W,41.30064048,-72.93788893,14,Motor Vehicle in Operation,1,Front to rear,1,On Roadway,1,Clear,88,Not Applicable,1,Daylight,1,Dry,0,None,88,Not Applicable,88,Not Applicable,0,None,88,Not Applicable,88,Not Applicable,1,Non-Junction,1,Not at Intersection,1,No,1,No,88,Not Applicable,88,Not Applicable,88,Not Applicable,88,Not Applicable,TRUE,1,Public Road,1,"Trafficway, On Road",CT0009300,New Haven PD,301,08:59.0,C,Closed,01:48.0,,,,,,,
1399279,1,Complete,1399279,1399279,41.32795736,-72.9273354,3878527,New Haven,93,93,New Haven,6/1/2026,2026,6,June,1,2,Monday,8:11:00,8,26020340,A,2,,Parked Vehicle,"Injury of any type (Serious, Minor, Possible)",C,Possible Injury (C),0,0,4,Local,0.02,720,HAZEL ST,HAZEL ST,,WINCHESTER AVE,100,Feet,W,41.32795736,-72.9273354,14,Motor Vehicle in Operation,4,"Sideswipe, same direction",1,On Roadway,1,Clear,88,Not Applicable,1,Daylight,1,Dry,0,None,88,Not Applicable,88,Not Applicable,0,None,88,Not Applicable,88,Not Applicable,1,Non-Junction,1,Not at Intersection,1,No,1,No,88,Not Applicable,88,Not Applicable,88,Not Applicable,88,Not Applicable,FALSE,1,Public Road,1,"Trafficway, On Road",CT0009300,New Haven PD,40799,21:21.0,C,Closed,01:50.0,,,,,,,
1399283,1,Complete,1399283,1399283,41.329389,-72.958063,3878531,New Haven,93,93,New Haven,6/1/2026,2026,6,June,1,2,Monday,12:36:00,12,26020410,A,1,,Pedestrian,"Injury of any type (Serious, Minor, Possible)",C,Possible Injury (C),1,1,4,Local,0.06,581,STONE ST,STONE ST,,Hard St,135,Feet,S,41.329389,-72.958063,9,Pedestrian,88,Not Applicable,1,On Roadway,1,Clear,88,Not Applicable,1,Daylight,1,Dry,0,None,88,Not Applicable,88,Not Applicable,0,None,88,Not Applicable,88,Not Applicable,1,Non-Junction,1,Not at Intersection,1,No,1,No,88,Not Applicable,88,Not Applicable,88,Not Applicable,88,Not Applicable,FALSE,1,Public Road,1,"Trafficway, On Road",CT0009300,New Haven PD,62,45:01.0,C,Closed,01:51.0,,,,,,,
1399580,1,Complete,1399580,1399580,41.301586,-72.936809,3878828,New Haven,93,93,New Haven,5/17/2026,2026,5,May,17,1,Sunday,21:29:00,21,26018335,A,1,,Pedestrian,"Injury of any type (Serious, Minor, Possible)",A,Suspected Serious Injury (A),2,0,4,Local,0.04,614,VERNON ST,VERNON ST,,CONGRESS AVENUE,190,Feet,N,41.301586,-72.936809,9,Pedestrian,88,Not Applicable,1,On Roadway,1,Clear,88,Not Applicable,5,Dark-Not Lighted,1,Dry,0,None,88,Not Applicable,88,Not Applicable,0,None,88,Not Applicable,88,Not Applicable,1,Non-Junction,1,Not at Intersection,1,No,1,No,88,Not Applicable,88,Not Applicable,88,Not Applicable,88,Not Applicable,TRUE,1,Public Road,1,"Trafficway, On Road",CT0009300,New Haven PD,47007,35:49.0,C,Closed,00:38.0,,,,,,,
1399919,1,Complete,1399919,1399919,41.330008,-72.868375,3879166,New Haven,93,93,New Haven,6/3/2026,2026,6,June,3,4,Wednesday,18:48:00,18,26020837,A,2,,Motor Vehicle In Motion,"Injury of any type (Serious, Minor, Possible)",A,Suspected Serious Injury (A),0,1,3,State,0.69,103,103-N,103-N,FIORE ST,,,,,41.330008,-72.868375,14,Motor Vehicle in Operation,3,Angle,1,On Roadway,1,Clear,88,Not Applicable,1,Daylight,1,Dry,0,None,88,Not Applicable,88,Not Applicable,0,None,88,Not Applicable,88,Not Applicable,2,Intersection,3,T-Intersection,1,No,1,No,88,Not Applicable,88,Not Applicable,88,Not Applicable,88,Not Applicable,FALSE,1,Public Road,1,"Trafficway, On Road",CT0009300,New Haven PD,42049,09:52.0,C,Closed,01:20.0,,,,,,,
1400193,1,Complete,1400193,1400193,41.289031,-72.894875,3879440,New Haven,93,93,New Haven,5/28/2026,2026,5,May,28,5,Thursday,11:30:00,11,26019864,A,2,,Motor Vehicle In Motion,"Injury of any type (Serious, Minor, Possible)",C,Possible Injury (C),0,0,1,Interstate,0.38,95,95-N-346,95-N-346 (Exit 50 off ramp) ,,WOODWARD AVE,30,Feet,W,41.289031,-72.894875,14,Motor Vehicle in Operation,3,Angle,1,On Roadway,1,Clear,88,Not Applicable,1,Daylight,1,Dry,0,None,88,Not Applicable,88,Not Applicable,0,None,88,Not Applicable,88,Not Applicable,3,Intersection-Related,2,Four-Way Intersection,1,No,1,No,88,Not Applicable,88,Not Applicable,88,Not Applicable,88,Not Applicable,FALSE,1,Public Road,1,"Trafficway, On Road",CT0009300,New Haven PD,47741,36:15.0,C,Closed,00:48.0,,,,,,,
1400194,1,Complete,1400194,1400194,41.3318302,-72.9320342,3879441,New Haven,93,93,New Haven,5/28/2026,2026,5,May,28,5,Thursday,5:47:00,5,26019883,A,2,,Motor Vehicle In Motion,"Injury of any type (Serious, Minor, Possible)",C,Possible Injury (C),0,0,4,Local,0.37,42,BASSETT ST,BASSETT ST,,SHELTON AV,110,Feet,W,41.3318302,-72.9320342,14,Motor Vehicle in Operation,4,"Sideswipe, same direction",1,On Roadway,1,Clear,88,Not Applicable,1,Daylight,1,Dry,0,None,88,Not Applicable,88,Not Applicable,0,None,88,Not Applicable,88,Not Applicable,1,Non-Junction,1,Not at Intersection,1,No,1,No,88,Not Applicable,88,Not Applicable,88,Not Applicable,88,Not Applicable,FALSE,1,Public Road,1,"Trafficway, On Road",CT0009300,New Haven PD,46621,27:53.0,C,Closed,00:53.0,,,,,,,
1400195,1,Complete,1400195,1400195,41.320392,-72.934331,3879442,New Haven,93,93,New Haven,5/30/2026,2026,5,May,30,7,Saturday,2:11:00,2,26020057,A,2,,Motor Vehicle In Motion,"Injury of any type (Serious, Minor, Possible)",C,Possible Injury (C),0,0,4,Local,0.53,152,DIXWELL AV,DIXWELL AV,,HENRY ST,125,Feet,S,41.320392,-72.934331,14,Motor Vehicle in Operation,3,Angle,1,On Roadway,1,Clear,88,Not Applicable,6,Dark-Unknown Lighting,1,Dry,0,None,88,Not Applicable,88,Not Applicable,0,None,88,Not Applicable,88,Not Applicable,1,Non-Junction,1,Not at Intersection,1,No,1,No,88,Not Applicable,88,Not Applicable,88,Not Applicable,88,Not Applicable,TRUE,1,Public Road,1,"Trafficway, On Road",CT0009300,New Haven PD,45393,57:45.0,C,Closed,00:52.0,,,,,,,
1400197,1,Complete,1400197,1400197,41.275117,-72.89984,3879444,New Haven,93,93,New Haven,6/2/2026,2026,6,June,2,3,Tuesday,6:29:00,6,26020536,A,1,,Tree (standing),"Injury of any type (Serious, Minor, Possible)",B,Suspected Minor Injury (B),0,0,4,Local,0.36,678,WOODWARD AV,WOODWARD AV,,HERVEY ST,170,Feet,N,41.275117,-72.89984,32,Tree (standing),88,Not Applicable,4,Roadside,1,Clear,88,Not Applicable,1,Daylight,1,Dry,0,None,88,Not Applicable,88,Not Applicable,0,None,88,Not Applicable,88,Not Applicable,1,Non-Junction,1,Not at Intersection,1,No,1,No,88,Not Applicable,88,Not Applicable,88,Not Applicable,88,Not Applicable,FALSE,1,Public Road,1,"Trafficway, On Road",CT0009300,New Haven PD,47738,05:03.0,C,Closed,00:35.0,,,,,,,
1400202,1,Complete,1400202,1400202,41.301838,-72.92701,3879449,New Haven,93,93,New Haven,6/4/2026,2026,6,June,4,5,Thursday,19:44:00,19,26020852,A,1,,Pedalcycle/Pedalcyclist,"Injury of any type (Serious, Minor, Possible)",B,Suspected Minor Injury (B),1,0,4,Local,0.01,809,REV DR MLK JR BLVD,REV DR MLK JR BLVD,S ORANGE STRREET,,,,,41.301838,-72.92701,10,Pedalcycle/Pedalcyclist,97,Other,1,On Roadway,1,Clear,88,Not Applicable,1,Daylight,1,Dry,0,None,88,Not Applicable,88,Not Applicable,0,None,88,Not Applicable,88,Not Applicable,2,Intersection,2,Four-Way Intersection,1,No,1,No,88,Not Applicable,88,Not Applicable,88,Not Applicable,88,Not Applicable,FALSE,1,Public Road,1,"Trafficway, On Road",CT0009300,New Haven PD,47737,58:48.0,C,Closed,00:55.0,,,,,,,
1400205,1,Complete,1400205,1400205,41.310023,-72.930545,3879452,New Haven,93,93,New Haven,6/4/2026,2026,6,June,4,5,Thursday,16:27:00,16,26020976,A,2,,Motor Vehicle In Motion,"Injury of any type (Serious, Minor, Possible)",C,Possible Injury (C),0,0,4,Local,0.57,766,YORK ST,YORK ST,,ELM ST,250,Feet,S,41.310023,-72.930545,14,Motor Vehicle in Operation,3,Angle,1,On Roadway,1,Clear,1,Clear,1,Daylight,1,Dry,0,None,88,Not Applicable,88,Not Applicable,0,None,88,Not Applicable,88,Not Applicable,1,Non-Junction,1,Not at Intersection,1,No,1,No,88,Not Applicable,88,Not Applicable,88,Not Applicable,88,Not Applicable,TRUE,1,Public Road,1,"Trafficway, On Road",CT0009300,New Haven PD,44049,39:54.0,C,Closed,00:44.0,,,,,,,
1400208,1,Complete,1400208,1400208,41.2979645,-72.93376166,3879455,New Haven,93,93,New Haven,6/4/2026,2026,6,June,4,5,Thursday,16:45:00,16,26020992,A,2,,Motor Vehicle In Motion,"Injury of any type (Serious, Minor, Possible)",C,Possible Injury (C),0,0,2,USRoute,47.43,1,1-N,1-N,,HOWARD AV,80,Feet,E,41.2979645,-72.93376166,14,Motor Vehicle in Operation,1,Front to rear,1,On Roadway,1,Clear,88,Not Applicable,1,Daylight,1,Dry,0,None,88,Not Applicable,88,Not Applicable,0,None,88,Not Applicable,88,Not Applicable,1,Non-Junction,1,Not at Intersection,1,No,1,No,88,Not Applicable,88,Not Applicable,88,Not Applicable,88,Not Applicable,TRUE,1,Public Road,1,"Trafficway, On Road",CT0009300,New Haven PD,45389,32:12.0,C,Closed,00:47.0,,,,,,,
1400582,1,Complete,1400582,1400582,41.327635,-72.932947,3879827,New Haven,93,93,New Haven,5/29/2026,2026,5,May,29,6,Friday,18:52:00,18,26020085,A,2,,Motor Vehicle In Motion,"Injury of any type (Serious, Minor, Possible)",C,Possible Injury (C),0,0,4,Local,0.38,552,SHELTON AV,SHELTON AV,THOMPSON ST,,,,,41.327635,-72.932947,14,Motor Vehicle in Operation,3,Angle,1,On Roadway,1,Clear,88,Not Applicable,1,Daylight,1,Dry,0,None,88,Not Applicable,88,Not Applicable,0,None,88,Not Applicable,88,Not Applicable,2,Intersection,2,Four-Way Intersection,1,No,1,No,88,Not Applicable,88,Not Applicable,88,Not Applicable,88,Not Applicable,FALSE,1,Public Road,1,"Trafficway, On Road",CT0009300,New Haven PD,40799,35:48.0,C,Closed,02:22.0,,,,,,,
1400588,1,Complete,1400588,1400588,41.327165,-72.968015,3879833,New Haven,93,93,New Haven,6/1/2026,2026,6,June,1,2,Monday,11:10:00,11,26020380,A,2,,Motor Vehicle In Motion,"Injury of any type (Serious, Minor, Possible)",B,Suspected Minor Injury (B),0,0,3,State,6.23,243,243-E,243-E,,FOREST RD,5,Feet,E,41.327165,-72.968015,14,Motor Vehicle in Operation,1,Front to rear,1,On Roadway,1,Clear,88,Not Applicable,1,Daylight,1,Dry,0,None,88,Not Applicable,88,Not Applicable,0,None,88,Not Applicable,88,Not Applicable,1,Non-Junction,1,Not at Intersection,1,No,1,No,88,Not Applicable,88,Not Applicable,88,Not Applicable,88,Not Applicable,FALSE,1,Public Road,1,"Trafficway, On Road",CT0009300,New Haven PD,503,05:51.0,C,Closed,01:32.0,,,,,,,
1400592,1,Complete,1400592,1400592,41.300895,-72.918591,3879837,New Haven,93,93,New Haven,6/4/2026,2026,6,June,4,5,Thursday,7:41:00,7,26020892,A,2,,Motor Vehicle In Motion,"Injury of any type (Serious, Minor, Possible)",C,Possible Injury (C),0,0,2,USRoute,48.56,1,1-N,1-N,,BREWERY ST,25,Feet,S,41.300895,-72.918591,14,Motor Vehicle in Operation,1,Front to rear,1,On Roadway,1,Clear,88,Not Applicable,1,Daylight,1,Dry,0,None,88,Not Applicable,88,Not Applicable,0,None,88,Not Applicable,88,Not Applicable,3,Intersection-Related,2,Four-Way Intersection,2,"Yes, School Bus Directly Involved",1,No,88,Not Applicable,88,Not Applicable,88,Not Applicable,88,Not Applicable,TRUE,1,Public Road,1,"Trafficway, On Road",CT0009300,New Haven PD,980,04:11.0,C,Closed,01:37.0,,,,,,,
1400595,1,Complete,1400595,1400595,41.30382,-72.931837,3879840,New Haven,93,93,New Haven,6/4/2026,2026,6,June,4,5,Thursday,16:17:00,16,26020979,A,3,,Motor Vehicle In Motion,"Injury of any type (Serious, Minor, Possible)",C,Possible Injury (C),0,0,4,Local,0.32,564,SOUTH FRONTAGE RD,SOUTH FRONTAGE RD,,COLLEGE ST,100,Feet,W,41.30382,-72.931837,14,Motor Vehicle in Operation,1,Front to rear,1,On Roadway,1,Clear,88,Not Applicable,1,Daylight,1,Dry,0,None,88,Not Applicable,88,Not Applicable,0,None,88,Not Applicable,88,Not Applicable,3,Intersection-Related,2,Four-Way Intersection,1,No,1,No,88,Not Applicable,88,Not Applicable,88,Not Applicable,88,Not Applicable,FALSE,1,Public Road,1,"Trafficway, On Road",CT0009300,New Haven PD,46898,12:06.0,C,Closed,02:20.0,,,,,,,