CrashId,Fatal Case Status,Fatal Case Status Text Format,CrashId,CrashId,Latitude,Longitude,DOT Case Number,Town Name,Town Number,Town Number,Town Number Text Format,Date Of Crash,Year,Month,Month Text Format,Day,Day of the Week,Day of the Week Text Format,Time of Crash,Hour of the Day,Case Identifier,Crash Severity,Number Of Motor Vehicles,Motor vehicle action,Most harmful event,Crash Severity Text Format,Most Severe Injury,Most Severe Injury Text Format,Number Of Non-Motorist,Number Of Witnesses,Route Class,Route Class Text Format,Milemarker,Road Number,Road Description,Roadway Name,Intersecting Roadway Name,Landmark Description,Distance From Nearest Landmark,Unit Of Measure From Nearest Landmark,Direction From Nearest Landmark,Latitude,Longitude,First Harmful Event,First Harmful Event Text Format,Manner of Crash / Collision Impact,Manner of Crash / Collision Impact Text Format,Location of First Harmful Event,Location of First Harmful Event Text Format,Weather Condition,Weather Condition Text Format,Weather 2,Weather 2 Text Format,Light Condition,Light Condition Text Format,Road Surface Condition,Road Surface Condition Text Format,"Contributing Circumstances, Environment","Contributing Circumstances, Environment Text Format",Environment 2,Environment 2 Text Format,Environment 3,Environment 3 Text Format,"Contributing Circumstances, Road","Contributing Circumstances, Road Text Format",Road 2,Road 2 Text Format,Road 3,Road 3 Text Format,Crash Specific Location,Crash Specific Location Text Format,Type of Intersection,Type of Intersection Text Format,School Bus Related,School Bus Related Text Format,Work Zone Related,Work Zone Related Text Format,Location Of Crash Relative To Work Zone,Location Of Crash Relative To Work Zone Text Format,Type of Work Zone,Type of Work Zone Text Format,Worker Presence,Worker Presence Text Format,Law Enforcement Presence,Law Enforcement Presence Text Format,Were Vehicles Moved Prior To Police Arrival,Trafficway Ownership,Trafficway Ownership Text Format,Trafficway Class,Trafficway Class Text Format,Police Agency,Police Agency Text Format,Badge Number,Approval Date,Police Case Status,Police Case Status Text Format,Crash Report Submission Date,Related Case Identifiers,No. of Through Lanes (Log Dir.),Average Daily Traffic,Functional Classification,Functional Classification Text Format,Rural or Urban,Rural or Urban Text Format
1400599,1,Complete,1400599,1400599,41.3185631,-72.94754931,3879844,New Haven,93,93,New Haven,6/4/2026,2026,6,June,4,5,Thursday,21:19:00,21,26021030,A,3,,Motor Vehicle In Motion,"Injury of any type (Serious, Minor, Possible)",B,Suspected Minor Injury (B),0,0,4,Local,0.08,653,WHALLEY AV,WHALLEY AV,ELLSWORTH AV,,,,,41.3185631,-72.94754931,14,Motor Vehicle in Operation,3,Angle,1,On Roadway,1,Clear,88,Not Applicable,4,Dark-Lighted,1,Dry,0,None,88,Not Applicable,88,Not Applicable,0,None,88,Not Applicable,88,Not Applicable,2,Intersection,2,Four-Way Intersection,1,No,1,No,88,Not Applicable,88,Not Applicable,88,Not Applicable,88,Not Applicable,FALSE,1,Public Road,1,"Trafficway, On Road",CT0009300,New Haven PD,46627,48:56.0,C,Closed,01:55.0,,,,,,,
1400602,1,Complete,1400602,1400602,41.3089112,-72.90944854,3879847,New Haven,93,93,New Haven,6/5/2026,2026,6,June,5,6,Friday,10:41:00,10,26021077,A,2,,Motor Vehicle In Motion,"Injury of any type (Serious, Minor, Possible)",B,Suspected Minor Injury (B),0,0,4,Local,1.24,264,GRAND AV,GRAND AV,,EAST ST,50,Feet,E,41.3089112,-72.90944854,14,Motor Vehicle in Operation,1,Front to rear,1,On Roadway,1,Clear,88,Not Applicable,1,Daylight,1,Dry,0,None,88,Not Applicable,88,Not Applicable,0,None,88,Not Applicable,88,Not Applicable,1,Non-Junction,1,Not at Intersection,1,No,1,No,88,Not Applicable,88,Not Applicable,88,Not Applicable,88,Not Applicable,FALSE,1,Public Road,1,"Trafficway, On Road",CT0009300,New Haven PD,42057,04:51.0,C,Closed,01:30.0,,,,,,,
1400606,1,Complete,1400606,1400606,41.297075,-72.892664,3879851,New Haven,93,93,New Haven,6/5/2026,2026,6,June,5,6,Friday,11:20:00,11,26021086,A,1,,"Other Post, Pole, or Support","Injury of any type (Serious, Minor, Possible)",C,Possible Injury (C),0,0,4,Local,0.19,210,FARREN AV,FARREN AV,FULTON ST,,,,,41.297075,-72.892664,25,Curb,88,Not Applicable,1,On Roadway,1,Clear,88,Not Applicable,1,Daylight,1,Dry,0,None,88,Not Applicable,88,Not Applicable,0,None,88,Not Applicable,88,Not Applicable,2,Intersection,2,Four-Way Intersection,1,No,1,No,88,Not Applicable,88,Not Applicable,88,Not Applicable,88,Not Applicable,FALSE,1,Public Road,1,"Trafficway, On Road",CT0009300,New Haven PD,40807,27:40.0,C,Closed,01:38.0,,,,,,,
1400609,1,Complete,1400609,1400609,41.289994,-72.940286,3879854,New Haven,93,93,New Haven,6/5/2026,2026,6,June,5,6,Friday,13:36:00,13,26021114,A,2,,Motor Vehicle In Motion,"Injury of any type (Serious, Minor, Possible)",C,Possible Injury (C),0,0,3,State,0.79,10,10-N,10-N,LAMBERTON ST,,,,,41.289994,-72.940286,14,Motor Vehicle in Operation,1,Front to rear,1,On Roadway,1,Clear,88,Not Applicable,1,Daylight,1,Dry,0,None,88,Not Applicable,88,Not Applicable,0,None,88,Not Applicable,88,Not Applicable,1,Non-Junction,1,Not at Intersection,1,No,1,No,88,Not Applicable,88,Not Applicable,88,Not Applicable,88,Not Applicable,TRUE,1,Public Road,1,"Trafficway, On Road",CT0009300,New Haven PD,45393,50:38.0,C,Closed,01:50.0,,,,,,,
1400613,1,Complete,1400613,1400613,41.317292,-72.897564,3879858,New Haven,93,93,New Haven,6/5/2026,2026,6,June,5,6,Friday,17:00:00,17,26021124,A,1,,Fell/Jumped From Vehicle,"Injury of any type (Serious, Minor, Possible)",B,Suspected Minor Injury (B),0,1,4,Local,0.17,213,FERRY ST,FERRY ST,,FOX ST,15,Feet,N,41.317292,-72.897564,39,"Other Fixed Object (wall, building, tunnel, etc.)",88,Not Applicable,1,On Roadway,1,Clear,88,Not Applicable,1,Daylight,1,Dry,0,None,88,Not Applicable,88,Not Applicable,7,"Rut, Holes, Bumps",88,Not Applicable,88,Not Applicable,1,Non-Junction,1,Not at Intersection,1,No,1,No,88,Not Applicable,88,Not Applicable,88,Not Applicable,88,Not Applicable,TRUE,1,Public Road,1,"Trafficway, On Road",CT0009300,New Haven PD,44951,56:42.0,C,Closed,01:42.0,,,,,,,
1400616,1,Complete,1400616,1400616,41.314592,-72.900657,3879861,New Haven,93,93,New Haven,6/5/2026,2026,6,June,5,6,Friday,20:48:00,20,26021147,A,2,,Motor Vehicle In Motion,"Injury of any type (Serious, Minor, Possible)",A,Suspected Serious Injury (A),0,0,4,Local,0.81,57,BLATCHLEY AV,BLATCHLEY AV,Lombard Street,,,,,41.314592,-72.900657,14,Motor Vehicle in Operation,3,Angle,1,On Roadway,1,Clear,88,Not Applicable,4,Dark-Lighted,1,Dry,0,None,88,Not Applicable,88,Not Applicable,0,None,88,Not Applicable,88,Not Applicable,2,Intersection,2,Four-Way Intersection,1,No,1,No,88,Not Applicable,88,Not Applicable,88,Not Applicable,88,Not Applicable,FALSE,1,Public Road,1,"Trafficway, On Road",CT0009300,New Haven PD,45390,14:47.0,C,Closed,01:43.0,,,,,,,
1400617,1,Complete,1400617,1400617,41.322297,-72.953344,3879862,New Haven,93,93,New Haven,6/5/2026,2026,6,June,5,6,Friday,20:36:00,20,26021148,A,1,,Pedalcycle/Pedalcyclist,"Injury of any type (Serious, Minor, Possible)",C,Possible Injury (C),1,0,4,Local,0.01,454,OSBORN AV,OSBORN AV,10-N (Whalley Ave) ,,,,,41.322297,-72.953344,10,Pedalcycle/Pedalcyclist,3,Angle,1,On Roadway,1,Clear,88,Not Applicable,2,Dawn,1,Dry,0,None,88,Not Applicable,88,Not Applicable,0,None,88,Not Applicable,88,Not Applicable,2,Intersection,3,T-Intersection,1,No,1,No,88,Not Applicable,88,Not Applicable,88,Not Applicable,88,Not Applicable,TRUE,1,Public Road,1,"Trafficway, On Road",CT0009300,New Haven PD,46627,44:37.0,C,Closed,01:54.0,,,,,,,
1400618,1,Complete,1400618,1400618,41.301058,-72.935287,3879863,New Haven,93,93,New Haven,6/6/2026,2026,6,June,6,7,Saturday,2:44:00,2,26021181,A,1,,"Other Fixed Object (wall, building, tunnel, etc.)","Injury of any type (Serious, Minor, Possible)",C,Possible Injury (C),0,0,4,Local,0.37,308,HOWARD AV,HOWARD AV,,CONGRESS AVE,55,Feet,S,41.301058,-72.935287,25,Curb,88,Not Applicable,2,Shoulder,1,Clear,88,Not Applicable,4,Dark-Lighted,1,Dry,0,None,88,Not Applicable,88,Not Applicable,0,None,88,Not Applicable,88,Not Applicable,1,Non-Junction,1,Not at Intersection,1,No,1,No,88,Not Applicable,88,Not Applicable,88,Not Applicable,88,Not Applicable,FALSE,1,Public Road,1,"Trafficway, On Road",CT0009300,New Haven PD,44953,08:38.0,C,Closed,01:57.0,,,,,,,
1400622,1,Complete,1400622,1400622,41.30024965,-72.89016455,3879867,New Haven,93,93,New Haven,6/6/2026,2026,6,June,6,7,Saturday,9:59:00,9,26021204,A,1,,Curb,"Injury of any type (Serious, Minor, Possible)",B,Suspected Minor Injury (B),0,1,4,Local,0.53,498,QUINNIPIAC AV,QUINNIPIAC AV,,E FERRY ST,15,Feet,N,41.30024965,-72.89016455,25,Curb,88,Not Applicable,4,Roadside,1,Clear,88,Not Applicable,1,Daylight,1,Dry,0,None,88,Not Applicable,88,Not Applicable,0,None,88,Not Applicable,88,Not Applicable,3,Intersection-Related,7,Roundabout,1,No,1,No,88,Not Applicable,88,Not Applicable,88,Not Applicable,88,Not Applicable,FALSE,1,Public Road,1,"Trafficway, On Road",CT0009300,New Haven PD,40807,58:20.0,C,Closed,02:04.0,,,,,,,
1400626,1,Complete,1400626,1400626,41.331918,-72.97419,3879871,New Haven,93,93,New Haven,6/6/2026,2026,6,June,6,7,Saturday,17:29:00,17,26021244,A,2,,Motor Vehicle In Motion,"Injury of any type (Serious, Minor, Possible)",B,Suspected Minor Injury (B),0,1,3,State,1.06,63,63-N,63-N,ANTHONY ST,,,,,41.331918,-72.97419,14,Motor Vehicle in Operation,3,Angle,1,On Roadway,1,Clear,88,Not Applicable,1,Daylight,1,Dry,0,None,88,Not Applicable,88,Not Applicable,0,None,88,Not Applicable,88,Not Applicable,2,Intersection,3,T-Intersection,1,No,1,No,88,Not Applicable,88,Not Applicable,88,Not Applicable,88,Not Applicable,TRUE,1,Public Road,1,"Trafficway, On Road",CT0009300,New Haven PD,48656,27:57.0,C,Closed,02:18.0,26-021244,,,,,,
1400628,1,Complete,1400628,1400628,41.31702,-72.970926,3879873,New Haven,93,93,New Haven,6/6/2026,2026,6,June,6,7,Saturday,19:32:00,19,26021256,A,2,,Motor Vehicle In Motion,"Injury of any type (Serious, Minor, Possible)",C,Possible Injury (C),0,0,3,State,2.64,122,122-N,122-N,,CHAPEL ST,50,Feet,S,41.31702,-72.970926,14,Motor Vehicle in Operation,5,"Sideswipe, opposite direction",1,On Roadway,1,Clear,88,Not Applicable,1,Daylight,1,Dry,0,None,88,Not Applicable,88,Not Applicable,0,None,88,Not Applicable,88,Not Applicable,1,Non-Junction,1,Not at Intersection,1,No,1,No,88,Not Applicable,88,Not Applicable,88,Not Applicable,88,Not Applicable,FALSE,1,Public Road,1,"Trafficway, On Road",CT0009300,New Haven PD,45700,05:23.0,C,Closed,02:05.0,,,,,,,
1400629,1,Complete,1400629,1400629,41.315957,-72.940223,3879874,New Haven,93,93,New Haven,6/6/2026,2026,6,June,6,7,Saturday,20:50:00,20,26021262,A,2,,Motor Vehicle In Motion,"Injury of any type (Serious, Minor, Possible)",C,Possible Injury (C),0,0,4,Local,0.51,653,WHALLEY AV,WHALLEY AV,COUNTY ST NO 1,,,,,41.315957,-72.940223,14,Motor Vehicle in Operation,3,Angle,1,On Roadway,4,Rain,88,Not Applicable,4,Dark-Lighted,2,Wet,0,None,88,Not Applicable,88,Not Applicable,0,None,88,Not Applicable,88,Not Applicable,3,Intersection-Related,3,T-Intersection,1,No,1,No,88,Not Applicable,88,Not Applicable,88,Not Applicable,88,Not Applicable,FALSE,1,Public Road,1,"Trafficway, On Road",CT0009300,New Haven PD,32,35:14.0,C,Closed,02:14.0,,,,,,,
1400630,1,Complete,1400630,1400630,41.314346,-72.935744,3879875,New Haven,93,93,New Haven,6/6/2026,2026,6,June,6,7,Saturday,22:13:00,22,26021269,A,2,,Motor Vehicle In Motion,"Injury of any type (Serious, Minor, Possible)",B,Suspected Minor Injury (B),0,1,4,Local,0.76,653,WHALLEY AV,WHALLEY AV,Sperry Street,,,,,41.314346,-72.935744,14,Motor Vehicle in Operation,3,Angle,1,On Roadway,4,Rain,88,Not Applicable,6,Dark-Unknown Lighting,2,Wet,0,None,88,Not Applicable,88,Not Applicable,0,None,88,Not Applicable,88,Not Applicable,2,Intersection,3,T-Intersection,1,No,1,No,88,Not Applicable,88,Not Applicable,88,Not Applicable,88,Not Applicable,FALSE,1,Public Road,1,"Trafficway, On Road",CT0009300,New Haven PD,46898,59:42.0,C,Closed,02:19.0,,,,,,,
1400635,1,Complete,1400635,1400635,41.320441,-72.951109,3879880,New Haven,93,93,New Haven,6/7/2026,2026,6,June,7,1,Sunday,14:35:00,14,26021334,A,1,,Motor Vehicle In Motion,"Injury of any type (Serious, Minor, Possible)",B,Suspected Minor Injury (B),1,0,3,State,3.17,10,10-N,10-N ,,HOBART ST,25,Feet,W,41.320441,-72.951109,14,Motor Vehicle in Operation,3,Angle,1,On Roadway,1,Clear,88,Not Applicable,1,Daylight,1,Dry,0,None,88,Not Applicable,88,Not Applicable,0,None,88,Not Applicable,88,Not Applicable,3,Intersection-Related,3,T-Intersection,1,No,1,No,88,Not Applicable,88,Not Applicable,88,Not Applicable,88,Not Applicable,FALSE,1,Public Road,1,"Trafficway, On Road",CT0009300,New Haven PD,45700,23:47.0,C,Closed,02:28.0,,,,,,,
1401196,1,Complete,1401196,1401196,41.338772,-72.976688,3880441,New Haven,93,93,New Haven,6/8/2026,2026,6,June,8,2,Monday,5:40:00,5,26021405,A,2,,Motor Vehicle In Motion,"Injury of any type (Serious, Minor, Possible)",C,Possible Injury (C),0,0,3,State,0.3,69,69-N,69-N,,POND LILY AVE,15,Feet,S,41.338772,-72.976688,14,Motor Vehicle in Operation,1,Front to rear,1,On Roadway,1,Clear,88,Not Applicable,1,Daylight,1,Dry,0,None,88,Not Applicable,88,Not Applicable,0,None,88,Not Applicable,88,Not Applicable,3,Intersection-Related,3,T-Intersection,1,No,1,No,88,Not Applicable,88,Not Applicable,88,Not Applicable,88,Not Applicable,TRUE,1,Public Road,1,"Trafficway, On Road",CT0009300,New Haven PD,48507,41:38.0,C,Closed,01:57.0,,,,,,,
1401197,1,Complete,1401197,1401197,41.304031,-72.94541,3880442,New Haven,93,93,New Haven,6/8/2026,2026,6,June,8,2,Monday,7:03:00,7,26021407,A,1,,Pedestrian,"Injury of any type (Serious, Minor, Possible)",B,Suspected Minor Injury (B),1,0,4,Local,0.26,672,WINTHROP AV NO 1,WINTHROP AV NO 1,SYLVAN AV,,,,,41.304031,-72.94541,9,Pedestrian,88,Not Applicable,1,On Roadway,1,Clear,88,Not Applicable,1,Daylight,1,Dry,0,None,88,Not Applicable,88,Not Applicable,0,None,88,Not Applicable,88,Not Applicable,2,Intersection,2,Four-Way Intersection,2,"Yes, School Bus Directly Involved",1,No,88,Not Applicable,88,Not Applicable,88,Not Applicable,88,Not Applicable,FALSE,1,Public Road,1,"Trafficway, On Road",CT0009300,New Haven PD,40810,25:06.0,C,Closed,02:02.0,,,,,,,
1401198,1,Complete,1401198,1401198,41.308305,-72.938015,3880443,New Haven,93,93,New Haven,6/8/2026,2026,6,June,8,2,Monday,7:35:00,7,26021408,A,2,,Motor Vehicle In Motion,"Injury of any type (Serious, Minor, Possible)",C,Possible Injury (C),0,0,4,Local,0.64,248,GEORGE ST,GEORGE ST,DWIGHT ST,,,,,41.308305,-72.938015,14,Motor Vehicle in Operation,3,Angle,1,On Roadway,1,Clear,1,Clear,1,Daylight,1,Dry,0,None,88,Not Applicable,88,Not Applicable,0,None,88,Not Applicable,88,Not Applicable,2,Intersection,2,Four-Way Intersection,1,No,1,No,88,Not Applicable,88,Not Applicable,88,Not Applicable,88,Not Applicable,FALSE,1,Public Road,1,"Trafficway, On Road",CT0009300,New Haven PD,11107,17:14.0,C,Closed,01:56.0,,,,,,,
1401199,1,Complete,1401199,1401199,41.289046,-72.894833,3880444,New Haven,93,93,New Haven,6/7/2026,2026,6,June,7,1,Sunday,21:35:00,21,26021435,A,2,,Motor Vehicle In Motion,"Injury of any type (Serious, Minor, Possible)",C,Possible Injury (C),0,0,1,Interstate,0.38,95,95-N-346,95-N-346,,WOODWARD AVE,50,Feet,W,41.289046,-72.894833,14,Motor Vehicle in Operation,1,Front to rear,1,On Roadway,1,Clear,88,Not Applicable,4,Dark-Lighted,1,Dry,0,None,88,Not Applicable,88,Not Applicable,0,None,88,Not Applicable,88,Not Applicable,3,Intersection-Related,2,Four-Way Intersection,1,No,1,No,88,Not Applicable,88,Not Applicable,88,Not Applicable,88,Not Applicable,FALSE,1,Public Road,1,"Trafficway, On Road",CT0009300,New Haven PD,48656,29:50.0,C,Closed,02:00.0,26-021435,,,,,,
1401203,1,Complete,1401203,1401203,41.311526,-72.916197,3880448,New Haven,93,93,New Haven,6/8/2026,2026,6,June,8,2,Monday,16:25:00,16,26021519,A,2,,Motor Vehicle In Motion,"Injury of any type (Serious, Minor, Possible)",A,Suspected Serious Injury (A),0,1,4,Local,0.75,575,STATE ST,STATE ST,BRADLEY ST,,,,,41.311526,-72.916197,14,Motor Vehicle in Operation,3,Angle,1,On Roadway,1,Clear,88,Not Applicable,1,Daylight,1,Dry,0,None,88,Not Applicable,88,Not Applicable,0,None,88,Not Applicable,88,Not Applicable,2,Intersection,3,T-Intersection,1,No,1,No,88,Not Applicable,88,Not Applicable,88,Not Applicable,88,Not Applicable,FALSE,1,Public Road,1,"Trafficway, On Road",CT0009300,New Haven PD,48658,45:09.0,C,Closed,02:08.0,,,,,,,
1401475,1,Complete,1401475,1401475,41.31374,-72.946075,3880719,New Haven,93,93,New Haven,5/13/2026,2026,5,May,13,4,Wednesday,23:57:00,23,26017797,A,1,,Utility Pole,"Injury of any type (Serious, Minor, Possible)",C,Possible Injury (C),0,0,4,Local,1.32,179,EDGEWOOD AV,EDGEWOOD AV,WINTHROP AV NO 2,,,,,41.31374,-72.946075,33,Utility Pole/Light Support,88,Not Applicable,2,Shoulder,4,Rain,88,Not Applicable,4,Dark-Lighted,2,Wet,97,Other,88,Not Applicable,88,Not Applicable,0,None,88,Not Applicable,88,Not Applicable,2,Intersection,3,T-Intersection,1,No,1,No,88,Not Applicable,88,Not Applicable,88,Not Applicable,88,Not Applicable,FALSE,1,Public Road,1,"Trafficway, On Road",CT0009300,New Haven PD,46615,52:12.0,C,Closed,00:59.0,,,,,,,
1401478,1,Complete,1401478,1401478,41.2871926,-72.9256096,3880722,New Haven,93,93,New Haven,6/5/2026,2026,6,June,5,6,Friday,20:22:00,20,26021146,A,4,,Motor Vehicle In Motion,"Injury of any type (Serious, Minor, Possible)",C,Possible Injury (C),0,0,4,Local,0.01,513,LONG WHARF DR,LONG WHARF DR,,Sargent Dr ,5,Feet,E,41.2871926,-72.9256096,14,Motor Vehicle in Operation,97,Other,1,On Roadway,1,Clear,88,Not Applicable,3,Dusk,1,Dry,0,None,88,Not Applicable,88,Not Applicable,0,None,88,Not Applicable,88,Not Applicable,3,Intersection-Related,2,Four-Way Intersection,1,No,1,No,88,Not Applicable,88,Not Applicable,88,Not Applicable,88,Not Applicable,FALSE,1,Public Road,1,"Trafficway, On Road",CT0009300,New Haven PD,45625,23:29.0,C,Closed,01:02.0,,,,,,,
1401480,1,Complete,1401480,1401480,41.316248,-72.941383,3880724,New Haven,93,93,New Haven,6/6/2026,2026,6,June,6,7,Saturday,20:50:00,20,26021270,A,1,,Pedestrian,"Injury of any type (Serious, Minor, Possible)",A,Suspected Serious Injury (A),1,0,4,Local,0.44,653,WHALLEY AV,WHALLEY AV,HUDSON STREET,,,,,41.316248,-72.941383,9,Pedestrian,88,Not Applicable,1,On Roadway,4,Rain,88,Not Applicable,4,Dark-Lighted,2,Wet,0,None,88,Not Applicable,88,Not Applicable,0,None,88,Not Applicable,88,Not Applicable,2,Intersection,3,T-Intersection,1,No,1,No,88,Not Applicable,88,Not Applicable,88,Not Applicable,88,Not Applicable,FALSE,1,Public Road,1,"Trafficway, On Road",CT0009300,New Haven PD,32,33:02.0,C,Closed,01:01.0,,,,,,,
1401481,1,Complete,1401481,1401481,41.299446,-72.949786,3880725,New Haven,93,93,New Haven,6/7/2026,2026,6,June,7,1,Sunday,16:00:00,16,26021341,A,3,,Motor Vehicle In Motion,"Injury of any type (Serious, Minor, Possible)",C,Possible Injury (C),0,0,3,State,1.61,10,10-N,10-N,,COLUMBUS AVE,694,Feet,N,41.299446,-72.949786,14,Motor Vehicle in Operation,3,Angle,1,On Roadway,1,Clear,88,Not Applicable,1,Daylight,1,Dry,0,None,88,Not Applicable,88,Not Applicable,0,None,88,Not Applicable,88,Not Applicable,9,Driveway Access-Related,1,Not at Intersection,1,No,1,No,88,Not Applicable,88,Not Applicable,88,Not Applicable,88,Not Applicable,FALSE,1,Public Road,1,"Trafficway, On Road",CT0009300,New Haven PD,42056,26:05.0,C,Closed,01:11.0,,,,,,,
1401483,1,Complete,1401483,1401483,41.303642,-72.93141,3880727,New Haven,93,93,New Haven,6/8/2026,2026,6,June,8,2,Monday,13:12:00,13,26021463,A,2,,Motor Vehicle In Motion,"Injury of any type (Serious, Minor, Possible)",C,Possible Injury (C),0,0,4,Local,0.64,117,COLLEGE ST,COLLEGE ST,S FRONTAGE RD,,,,,41.303642,-72.93141,14,Motor Vehicle in Operation,3,Angle,1,On Roadway,1,Clear,88,Not Applicable,1,Daylight,1,Dry,0,None,88,Not Applicable,88,Not Applicable,0,None,88,Not Applicable,88,Not Applicable,2,Intersection,2,Four-Way Intersection,1,No,1,No,88,Not Applicable,88,Not Applicable,88,Not Applicable,88,Not Applicable,FALSE,1,Public Road,1,"Trafficway, On Road",CT0009300,New Haven PD,42056,23:54.0,C,Closed,01:10.0,,,,,,,
1401489,1,Complete,1401489,1401489,41.296804,-72.892751,3880733,New Haven,93,93,New Haven,6/9/2026,2026,6,June,9,3,Tuesday,16:07:00,16,26021706,A,2,,Motor Vehicle In Motion,"Injury of any type (Serious, Minor, Possible)",C,Possible Injury (C),0,0,4,Local,0.17,210,FARREN AV,FARREN AV,,FULTON ST,20,Feet,S,41.296804,-72.892751,14,Motor Vehicle in Operation,1,Front to rear,1,On Roadway,1,Clear,88,Not Applicable,1,Daylight,1,Dry,0,None,88,Not Applicable,88,Not Applicable,0,None,88,Not Applicable,88,Not Applicable,3,Intersection-Related,2,Four-Way Intersection,1,No,1,No,88,Not Applicable,88,Not Applicable,88,Not Applicable,88,Not Applicable,FALSE,1,Public Road,1,"Trafficway, On Road",CT0009300,New Haven PD,31269,10:23.0,C,Closed,01:15.0,,,,,,,
1401774,1,Complete,1401774,1401774,41.300016,-72.95019,3881018,New Haven,93,93,New Haven,6/6/2026,2026,6,June,6,7,Saturday,17:36:00,17,26021247,A,1,,Pedalcycle/Pedalcyclist,"Injury of any type (Serious, Minor, Possible)",C,Possible Injury (C),1,0,3,State,1.66,10,10-N,10-N,,COLUMBUS AVE,925,Feet,N,41.300016,-72.95019,10,Pedalcycle/Pedalcyclist,3,Angle,1,On Roadway,1,Clear,88,Not Applicable,1,Daylight,1,Dry,0,None,88,Not Applicable,88,Not Applicable,0,None,88,Not Applicable,88,Not Applicable,9,Driveway Access-Related,1,Not at Intersection,1,No,1,No,88,Not Applicable,88,Not Applicable,88,Not Applicable,88,Not Applicable,FALSE,1,Public Road,1,"Trafficway, On Road",CT0009300,New Haven PD,48653,48:45.0,C,Closed,00:15.0,,,,,,,
1402045,1,Complete,1402045,1402045,41.32657171,-72.877946,3881288,New Haven,93,93,New Haven,6/10/2026,2026,6,June,10,4,Wednesday,18:30:00,18,26021851,A,2,,Motor Vehicle In Motion,"Injury of any type (Serious, Minor, Possible)",C,Possible Injury (C),0,0,,,,,,40 DONNA DR Parking Lot,,FLINT ST,310,Feet,S,41.32657171,-72.877946,14,Motor Vehicle in Operation,3,Angle,7,In Parking Lane or Zone,1,Clear,88,Not Applicable,1,Daylight,1,Dry,0,None,88,Not Applicable,88,Not Applicable,0,None,88,Not Applicable,88,Not Applicable,97,Other,1,Not at Intersection,1,No,1,No,88,Not Applicable,88,Not Applicable,88,Not Applicable,88,Not Applicable,FALSE,88,Not Applicable,4,Parking Lot,CT0009300,New Haven PD,65,03:33.0,C,Closed,01:12.0,,,,,,,
1402047,1,Complete,1402047,1402047,41.329047,-72.969151,3881290,New Haven,93,93,New Haven,6/10/2026,2026,6,June,10,4,Wednesday,13:20:00,13,26021890,A,1,,Pedestrian,"Injury of any type (Serious, Minor, Possible)",B,Suspected Minor Injury (B),1,1,,,,,,1168 WHALLEY AVE (Private) ,,Fairfield St,135,Feet,N,41.329047,-72.969151,9,Pedestrian,88,Not Applicable,7,In Parking Lane or Zone,1,Clear,88,Not Applicable,1,Daylight,1,Dry,99,Unknown,88,Not Applicable,88,Not Applicable,99,Unknown,88,Not Applicable,88,Not Applicable,97,Other,1,Not at Intersection,1,No,1,No,88,Not Applicable,88,Not Applicable,88,Not Applicable,88,Not Applicable,TRUE,88,Not Applicable,4,Parking Lot,CT0009300,New Haven PD,47001,10:43.0,C,Closed,01:07.0,,,,,,,
1402049,1,Complete,1402049,1402049,41.325666,-72.92775,3881292,New Haven,93,93,New Haven,6/11/2026,2026,6,June,11,5,Thursday,8:50:00,8,26021915,A,2,,Motor Vehicle In Motion,"Injury of any type (Serious, Minor, Possible)",C,Possible Injury (C),0,0,4,Local,0.69,669,WINCHESTER AV,WINCHESTER AV,DIVISION ST,,,,,41.325666,-72.92775,14,Motor Vehicle in Operation,3,Angle,1,On Roadway,1,Clear,88,Not Applicable,1,Daylight,1,Dry,0,None,88,Not Applicable,88,Not Applicable,0,None,88,Not Applicable,88,Not Applicable,2,Intersection,2,Four-Way Intersection,1,No,1,No,88,Not Applicable,88,Not Applicable,88,Not Applicable,88,Not Applicable,FALSE,1,Public Road,1,"Trafficway, On Road",CT0009300,New Haven PD,87,08:17.0,C,Closed,01:26.0,,,,,,,
1402050,1,Complete,1402050,1402050,41.317725,-72.945329,3881293,New Haven,93,93,New Haven,6/11/2026,2026,6,June,11,5,Thursday,11:01:00,11,26021942,A,2,,Motor Vehicle In Motion,"Injury of any type (Serious, Minor, Possible)",A,Suspected Serious Injury (A),0,0,4,Local,0.21,653,WHALLEY AV,WHALLEY AV,,NORTON ST,145,Feet,W,41.317725,-72.945329,14,Motor Vehicle in Operation,3,Angle,1,On Roadway,1,Clear,88,Not Applicable,1,Daylight,1,Dry,0,None,88,Not Applicable,88,Not Applicable,0,None,88,Not Applicable,88,Not Applicable,9,Driveway Access-Related,1,Not at Intersection,1,No,1,No,88,Not Applicable,88,Not Applicable,88,Not Applicable,88,Not Applicable,FALSE,1,Public Road,1,"Trafficway, On Road",CT0009300,New Haven PD,44062,29:50.0,C,Closed,01:16.0,,,,,,,
1402056,1,Complete,1402056,1402056,41.295374,-72.946648,3881299,New Haven,93,93,New Haven,6/11/2026,2026,6,June,11,5,Thursday,17:11:00,17,26022002,A,2,,Motor Vehicle In Motion,"Injury of any type (Serious, Minor, Possible)",C,Possible Injury (C),0,0,3,State,1.28,10,10-N,10-N,PRINTERS LN,,,,,41.295374,-72.946648,14,Motor Vehicle in Operation,3,Angle,1,On Roadway,2,Cloudy,4,Rain,1,Daylight,2,Wet,1,Weather Conditions,88,Not Applicable,88,Not Applicable,0,None,88,Not Applicable,88,Not Applicable,2,Intersection,3,T-Intersection,1,No,1,No,88,Not Applicable,88,Not Applicable,88,Not Applicable,88,Not Applicable,TRUE,1,Public Road,1,"Trafficway, On Road",CT0009300,New Haven PD,44339,47:11.0,C,Closed,01:17.0,,,,,,,